#GRID CA_State4k -684000. -564000. 4000. 4000. 321 291 1 LAMBERT METERS 30. 60. -120.5 -120.5 37.
808;0SC0060300SC;238;44;0.00164698
808;0SC0060300SC;237;45;0.00204767
808;0SC0060300SC;238;45;0.01359772
808;0SC0060300SC;235;46;0.00020887
808;0SC0060300SC;236;46;0.00972043
808;0SC0060300SC;237;46;0.01691387
808;0SC0060300SC;238;46;0.00116129
808;0SC0060300SC;239;46;0.00009728
808;0SC0060300SC;234;47;0.00021945
808;0SC0060300SC;235;47;0.00132400
808;0SC0060300SC;236;47;0.01761143
808;0SC0060300SC;237;47;0.00045421
808;0SC0060300SC;238;47;0.00009661
808;0SC0060300SC;239;47;0.00003411
808;0SC0060300SC;233;48;0.00039187
808;0SC0060300SC;234;48;0.00121859
808;0SC0060300SC;235;48;0.00112414
808;0SC0060300SC;236;48;0.01888534
808;0SC0060300SC;237;48;0.00104897
808;0SC0060300SC;238;48;0.00095250
808;0SC0060300SC;239;48;0.00042098
808;0SC0060300SC;232;49;0.00082572
808;0SC0060300SC;233;49;0.00057203
808;0SC0060300SC;234;49;0.00094812
808;0SC0060300SC;235;49;0.00614992
808;0SC0060300SC;236;49;0.01888018
808;0SC0060300SC;237;49;0.00212603
808;0SC0060300SC;238;49;0.00023154
808;0SC0060300SC;239;49;0.00048578
808;0SC0060300SC;230;50;0.00133602
808;0SC0060300SC;231;50;0.00222069
808;0SC0060300SC;232;50;0.00169577
808;0SC0060300SC;233;50;0.00488137
808;0SC0060300SC;234;50;0.00545761
808;0SC0060300SC;235;50;0.01460628
808;0SC0060300SC;236;50;0.01524945
808;0SC0060300SC;237;50;0.00183041
808;0SC0060300SC;238;50;0.00010530
808;0SC0060300SC;239;50;0.00010121
808;0SC0060300SC;240;50;0.00037865
808;0SC0060300SC;241;50;0.00022159
808;0SC0060300SC;228;51;0.00024533
808;0SC0060300SC;229;51;0.00197207
808;0SC0060300SC;230;51;0.00371813
808;0SC0060300SC;231;51;0.00462362
808;0SC0060300SC;232;51;0.01066578
808;0SC0060300SC;233;51;0.00129731
808;0SC0060300SC;234;51;0.01872675
808;0SC0060300SC;235;51;0.02142549
808;0SC0060300SC;236;51;0.00256444
808;0SC0060300SC;237;51;0.00297203
808;0SC0060300SC;238;51;0.00166576
808;0SC0060300SC;241;51;0.00004367
808;0SC0060300SC;227;52;0.00025117
808;0SC0060300SC;228;52;0.00163046
808;0SC0060300SC;229;52;0.00302668
808;0SC0060300SC;230;52;0.01802101
808;0SC0060300SC;231;52;0.02630365
808;0SC0060300SC;232;52;0.02158489
808;0SC0060300SC;233;52;0.01288152
808;0SC0060300SC;234;52;0.02504541
808;0SC0060300SC;235;52;0.00265090
808;0SC0060300SC;236;52;0.00666794
808;0SC0060300SC;237;52;0.00149743
808;0SC0060300SC;238;52;0.00015494
808;0SC0060300SC;226;53;0.00032657
808;0SC0060300SC;227;53;0.00137773
808;0SC0060300SC;228;53;0.00431240
808;0SC0060300SC;229;53;0.02678714
808;0SC0060300SC;230;53;0.00960332
808;0SC0060300SC;231;53;0.00658567
808;0SC0060300SC;232;53;0.01746017
808;0SC0060300SC;233;53;0.02258553
808;0SC0060300SC;234;53;0.00778665
808;0SC0060300SC;235;53;0.00705344
808;0SC0060300SC;236;53;0.00020678
808;0SC0060300SC;237;53;0.00012947
808;0SC0060300SC;226;54;0.00506687
808;0SC0060300SC;227;54;0.02487431
808;0SC0060300SC;228;54;0.03162343
808;0SC0060300SC;229;54;0.01060503
808;0SC0060300SC;230;54;0.01087695
808;0SC0060300SC;231;54;0.01021291
808;0SC0060300SC;232;54;0.03125642
808;0SC0060300SC;233;54;0.00493453
808;0SC0060300SC;234;54;0.00282453
808;0SC0060300SC;235;54;0.00538465
808;0SC0060300SC;236;54;0.00024464
808;0SC0060300SC;237;54;0.00004053
808;0SC0060300SC;226;55;0.00618243
808;0SC0060300SC;227;55;0.00469204
808;0SC0060300SC;228;55;0.00622895
808;0SC0060300SC;229;55;0.00412082
808;0SC0060300SC;230;55;0.00449683
808;0SC0060300SC;231;55;0.03798342
808;0SC0060300SC;232;55;0.01443048
808;0SC0060300SC;233;55;0.00144052
808;0SC0060300SC;234;55;0.00732302
808;0SC0060300SC;235;55;0.00189093
808;0SC0060300SC;227;56;0.00187183
808;0SC0060300SC;228;56;0.00563228
808;0SC0060300SC;229;56;0.01030076
808;0SC0060300SC;230;56;0.02237750
808;0SC0060300SC;231;56;0.01478502
808;0SC0060300SC;232;56;0.01326517
808;0SC0060300SC;233;56;0.00170966
808;0SC0060300SC;234;56;0.00045450
808;0SC0060300SC;235;56;0.00580168
808;0SC0060300SC;227;57;0.00178627
808;0SC0060300SC;228;57;0.02612727
808;0SC0060300SC;229;57;0.03072330
808;0SC0060300SC;230;57;0.02000361
808;0SC0060300SC;231;57;0.02825865
808;0SC0060300SC;232;57;0.02025859
808;0SC0060300SC;233;57;0.01789490
808;0SC0060300SC;234;57;0.01514579
808;0SC0060300SC;235;57;0.02257432
808;0SC0060300SC;236;57;0.00501527
808;0SC0060300SC;228;58;0.00032908
808;0SC0060300SC;229;58;0.00382289
808;0SC0060300SC;230;58;0.00547305
808;0SC0060300SC;231;58;0.01416598
808;0SC0060300SC;232;58;0.00356431
808;0SC0060300SC;233;58;0.00142664
808;0SC0060300SC;234;58;0.00062909
808;0SC0060300SC;235;58;0.00003978
808;0SC0060300SC;229;59;0.00253670
808;0SC0060300SC;230;59;0.00352705
808;0SC0060300SC;231;59;0.00969534
808;0SC0060300SC;232;59;0.00196932
808;0SC0060300SC;233;59;0.00076890
808;0SV006052TEH;136;218;0.04129260
808;0SV006052TEH;136;219;0.04434213
808;0SV006052TEH;136;220;0.04434217
808;0SV006052TEH;138;220;0.00248781
808;0SV006052TEH;139;220;0.00020395
808;0SV006052TEH;140;220;0.00497137
808;0SV006052TEH;141;220;0.02451333
808;0SV006052TEH;136;221;0.04675105
808;0SV006052TEH;137;221;0.00752266
808;0SV006052TEH;138;221;0.00161378
808;0SV006052TEH;139;221;0.00626815
808;0SV006052TEH;140;221;0.02117526
808;0SV006052TEH;136;222;0.04710267
808;0SV006052TEH;137;222;0.00368283
808;0SV006052TEH;139;222;0.01697504
808;0SV006052TEH;136;223;0.04569861
808;0SV006052TEH;137;223;0.00604035
808;0SV006052TEH;138;223;0.00203472
808;0SV006052TEH;139;223;0.01404270
808;0SV006052TEH;136;224;0.04131270
808;0SV006052TEH;138;224;0.02189558
808;0SV006052TEH;149;224;0.00077988
808;0SV006052TEH;136;225;0.04131270
808;0SV006052TEH;137;225;0.00265002
808;0SV006052TEH;138;225;0.00909896
808;0SV006052TEH;149;225;0.00070592
808;0SV006052TEH;136;226;0.04353617
808;0SV006052TEH;137;226;0.00633552
808;0SV006052TEH;138;226;0.01019391
808;0SV006052TEH;149;226;0.00145712
808;0SV006052TEH;136;227;0.04971868
808;0SV006052TEH;137;227;0.00269275
808;0SV006052TEH;138;227;0.00832997
808;0SV006052TEH;149;227;0.00120105
808;0SV006052TEH;150;227;0.00056351
808;0SV006052TEH;135;228;0.00002440
808;0SV006052TEH;136;228;0.06634386
808;0SV006052TEH;137;228;0.00950285
808;0SV006052TEH;150;228;0.00135911
808;0SV006052TEH;151;228;0.00059187
808;0SV006052TEH;131;229;0.00016330
808;0SV006052TEH;132;229;0.00019809
808;0SV006052TEH;133;229;0.00019809
808;0SV006052TEH;134;229;0.00020531
808;0SV006052TEH;135;229;0.03701751
808;0SV006052TEH;136;229;0.02083449
808;0SV006052TEH;137;229;0.00036218
808;0SV006052TEH;151;229;0.00133075
808;0SV006052TEH;152;229;0.00062023
808;0SV006052TEH;129;230;0.00005314
808;0SV006052TEH;130;230;0.00024358
808;0SV006052TEH;131;230;0.00006253
808;0SV006052TEH;135;230;0.05523856
808;0SV006052TEH;136;230;0.00254652
808;0SV006052TEH;137;230;0.00003197
808;0SV006052TEH;138;230;0.00033978
808;0SV006052TEH;152;230;0.00130239
808;0SV006052TEH;153;230;0.00279421
808;0SV006052TEH;154;230;0.00115278
808;0SV006052TEH;126;231;0.00005566
808;0SV006052TEH;127;231;0.00020849
808;0SV006052TEH;128;231;0.00020849
808;0SV006052TEH;129;231;0.00015655
808;0SV006052TEH;135;231;0.05350360
808;0SV006052TEH;138;231;0.00019861
808;0SV006052TEH;139;231;0.00031153
808;0SV006052TEH;140;231;0.00031004
808;0SV006052TEH;141;231;0.00031004
808;0SV006052TEH;142;231;0.00002304
808;0SV006052TEH;152;231;0.00101406
808;0SV006052TEH;153;231;0.00024128
808;0SV006052TEH;123;232;0.00005939
808;0SV006052TEH;124;232;0.00020849
808;0SV006052TEH;125;232;0.00020849
808;0SV006052TEH;126;232;0.00015283
808;0SV006052TEH;135;232;0.05242974
808;0SV006052TEH;136;232;0.00028925
808;0SV006052TEH;142;232;0.00028700
808;0SV006052TEH;143;232;0.00031004
808;0SV006052TEH;144;232;0.00031004
808;0SV006052TEH;145;232;0.00031004
808;0SV006052TEH;146;232;0.00030805
808;0SV006052TEH;147;232;0.00030607
808;0SV006052TEH;148;232;0.00030607
808;0SV006052TEH;149;232;0.00031956
808;0SV006052TEH;150;232;0.00030604
808;0SV006052TEH;151;232;0.00141449
808;0SV006052TEH;152;232;0.00020407
808;0SV006052TEH;123;233;0.00069620
808;0SV006052TEH;135;233;0.05265665
808;0SV006052TEH;136;233;0.00296650
808;0SV006052TEH;150;233;0.00101165
808;0SV006052TEH;151;233;0.00012356
808;0SV006052TEH;150;234;0.00077002
808;0SV006052TEH;150;235;0.00214121
808;0SV006006COL;133;194;0.00065562
808;0SV006006COL;140;194;0.03746166
808;0SV006006COL;133;195;0.00155626
808;0SV006006COL;139;195;0.04041399
808;0SV006006COL;140;195;0.03135646
808;0SV006006COL;131;196;0.00051443
808;0SV006006COL;132;196;0.00672072
808;0SV006006COL;133;196;0.00185183
808;0SV006006COL;139;196;0.07429208
808;0SV006006COL;140;196;0.00012160
808;0SV006006COL;133;197;0.00529392
808;0SV006006COL;138;197;0.03627078
808;0SV006006COL;139;197;0.03246556
808;0SV006006COL;140;197;0.00106299
808;0SV006006COL;141;197;0.00059594
808;0SV006006COL;142;197;0.00017578
808;0SV006006COL;133;198;0.00529392
808;0SV006006COL;138;198;0.06720636
808;0SV006006COL;142;198;0.00079534
808;0SV006006COL;133;199;0.00506599
808;0SV006006COL;134;199;0.00278914
808;0SV006006COL;137;199;0.02770495
808;0SV006006COL;138;199;0.03897981
808;0SV006006COL;141;199;0.00048403
808;0SV006006COL;142;199;0.00021457
808;0SV006006COL;134;200;0.00379920
808;0SV006006COL;135;200;0.00547559
808;0SV006006COL;136;200;0.00524678
808;0SV006006COL;137;200;0.07041509
808;0SV006006COL;140;200;0.00012598
808;0SV006006COL;141;200;0.01071505
808;0SV006006COL;142;200;0.00841883
808;0SV006006COL;136;201;0.01155848
808;0SV006006COL;137;201;0.06515405
808;0SV006006COL;138;201;0.00829750
808;0SV006006COL;139;201;0.00738069
808;0SV006006COL;140;201;0.00801982
808;0SV006006COL;136;202;0.06446836
808;0SV006006COL;140;202;0.01020264
808;0SV006006COL;136;203;0.06749412
808;0SV006006COL;137;203;0.00687068
808;0SV006006COL;138;203;0.00687068
808;0SV006006COL;139;203;0.01062849
808;0SV006006COL;140;203;0.00544303
808;0SV006006COL;136;204;0.06463289
808;0SV006006COL;139;204;0.00308220
808;0SV006006COL;140;204;0.00157513
808;0SV006006COL;136;205;0.06343352
808;0SV006006COL;140;205;0.00484756
808;0SV006006COL;141;205;0.00049220
808;0SV006006COL;136;206;0.05860397
808;0SV006006COL;140;206;0.00415960
808;0SV006006COL;141;206;0.00023070
808;0SV006006COL;142;206;0.00044663
808;0SV006006COL;140;207;0.00256679
808;SCC0060420SB;194;70;0.00958189
808;SCC0060420SB;195;70;0.00252620
808;SCC0060420SB;185;71;0.00000516
808;SCC0060420SB;186;71;0.01371241
808;SCC0060420SB;187;71;0.00321379
808;SCC0060420SB;188;71;0.00114764
808;SCC0060420SB;189;71;0.04177104
808;SCC0060420SB;190;71;0.04868712
808;SCC0060420SB;191;71;0.03241738
808;SCC0060420SB;192;71;0.02558295
808;SCC0060420SB;193;71;0.02726203
808;SCC0060420SB;194;71;0.01891886
808;SCC0060420SB;195;71;0.00093611
808;SCC0060420SB;175;72;0.00001934
808;SCC0060420SB;180;72;0.00029778
808;SCC0060420SB;181;72;0.00737111
808;SCC0060420SB;182;72;0.00823917
808;SCC0060420SB;183;72;0.00870291
808;SCC0060420SB;184;72;0.00972931
808;SCC0060420SB;185;72;0.01200946
808;SCC0060420SB;186;72;0.03603243
808;SCC0060420SB;187;72;0.05996503
808;SCC0060420SB;188;72;0.07135284
808;SCC0060420SB;189;72;0.04703425
808;SCC0060420SB;190;72;0.00960890
808;SCC0060420SB;191;72;0.00387895
808;SCC0060420SB;192;72;0.00089784
808;SCC0060420SB;193;72;0.00006293
808;SCC0060420SB;175;73;0.00003786
808;SCC0060420SB;176;73;0.00013846
808;SCC0060420SB;177;73;0.00011118
808;SCC0060420SB;178;73;0.01331091
808;SCC0060420SB;179;73;0.00775469
808;SCC0060420SB;180;73;0.00791666
808;SCC0060420SB;181;73;0.00149006
808;SCC0060420SB;183;73;0.00000642
808;SCC0060420SB;184;73;0.00000614
808;SCC0060420SB;186;73;0.00000112
808;SCC0060420SB;187;73;0.00283871
808;SCC0060420SB;188;73;0.00518912
808;SCC0060420SB;189;73;0.00000002
808;SCC0060420SB;190;73;0.00000199
808;SCC0060420SB;191;73;0.00000001
808;SCC0060420SB;173;74;0.00011735
808;SCC0060420SB;174;74;0.00010154
808;SCC0060420SB;175;74;0.00358621
808;SCC0060420SB;176;74;0.00403940
808;SCC0060420SB;177;74;0.00399862
808;SCC0060420SB;178;74;0.00678153
808;SCC0060420SB;179;74;0.00010471
808;SCC0060420SB;181;74;0.00031745
808;SCC0060420SB;182;74;0.00016097
808;SCC0060420SB;183;74;0.00000273
808;SCC0060420SB;184;74;0.00000265
808;SCC0060420SB;185;74;0.00000126
808;SCC0060420SB;186;74;0.00291945
808;SCC0060420SB;187;74;0.00451319
808;SCC0060420SB;188;74;0.00006117
808;SCC0060420SB;189;74;0.00000009
808;SCC0060420SB;171;75;0.00000007
808;SCC0060420SB;172;75;0.00000004
808;SCC0060420SB;173;75;0.00001696
808;SCC0060420SB;174;75;0.00128172
808;SCC0060420SB;175;75;0.00304396
808;SCC0060420SB;178;75;0.00426283
808;SCC0060420SB;179;75;0.00011876
808;SCC0060420SB;180;75;0.00014847
808;SCC0060420SB;181;75;0.00054879
808;SCC0060420SB;183;75;0.00018226
808;SCC0060420SB;184;75;0.00419279
808;SCC0060420SB;185;75;0.00450796
808;SCC0060420SB;186;75;0.00164406
808;SCC0060420SB;187;75;0.00001094
808;SCC0060420SB;188;75;0.00000010
808;SCC0060420SB;189;75;0.00000004
808;SCC0060420SB;171;76;0.00000038
808;SCC0060420SB;172;76;0.00038721
808;SCC0060420SB;173;76;0.00245533
808;SCC0060420SB;174;76;0.00438378
808;SCC0060420SB;175;76;0.00004750
808;SCC0060420SB;176;76;0.00005564
808;SCC0060420SB;177;76;0.00006738
808;SCC0060420SB;178;76;0.00445490
808;SCC0060420SB;179;76;0.00538664
808;SCC0060420SB;180;76;0.00500952
808;SCC0060420SB;181;76;0.00262529
808;SCC0060420SB;182;76;0.00487504
808;SCC0060420SB;183;76;0.00385072
808;SCC0060420SB;171;77;0.00006541
808;SCC0060420SB;172;77;0.00621955
808;SCC0060420SB;173;77;0.00967309
808;SCC0060420SB;174;77;0.00005388
808;SCC0060420SB;175;77;0.00000709
808;SCC0060420SB;176;77;0.00298947
808;SCC0060420SB;177;77;0.00399339
808;SCC0060420SB;178;77;0.00680127
808;SCC0060420SB;179;77;0.00269401
808;SCC0060420SB;180;77;0.00090591
808;SCC0060420SB;181;77;0.00555910
808;SCC0060420SB;182;77;0.00017205
808;SCC0060420SB;183;77;0.00008358
808;SCC0060420SB;184;77;0.00001418
808;SCC0060420SB;170;78;0.00000001
808;SCC0060420SB;171;78;0.00010225
808;SCC0060420SB;172;78;0.01370730
808;SCC0060420SB;173;78;0.00616901
808;SCC0060420SB;174;78;0.00381003
808;SCC0060420SB;175;78;0.00397512
808;SCC0060420SB;176;78;0.00150471
808;SCC0060420SB;178;78;0.00000383
808;SCC0060420SB;179;78;0.00645040
808;SCC0060420SB;180;78;0.00595548
808;SCC0060420SB;181;78;0.00114260
808;SCC0060420SB;182;78;0.00005489
808;SCC0060420SB;184;78;0.00000232
808;SCC0060420SB;185;78;0.00000073
808;SCC0060420SB;170;79;0.00000050
808;SCC0060420SB;171;79;0.00059294
808;SCC0060420SB;172;79;0.01136536
808;SCC0060420SB;173;79;0.00183367
808;SCC0060420SB;176;79;0.00008619
808;SCC0060420SB;177;79;0.00003838
808;SCC0060420SB;178;79;0.00404709
808;SCC0060420SB;179;79;0.00884870
808;SCC0060420SB;180;79;0.00023011
808;SCC0060420SB;184;79;0.00000021
808;SCC0060420SB;185;79;0.00000198
808;SCC0060420SB;170;80;0.00000057
808;SCC0060420SB;171;80;0.00842036
808;SCC0060420SB;172;80;0.00186161
808;SCC0060420SB;173;80;0.00152852
808;SCC0060420SB;174;80;0.00008266
808;SCC0060420SB;175;80;0.00009786
808;SCC0060420SB;176;80;0.00478184
808;SCC0060420SB;177;80;0.00903134
808;SCC0060420SB;178;80;0.00454635
808;SCC0060420SB;179;80;0.00004547
808;SCC0060420SB;180;80;0.00015371
808;SCC0060420SB;181;80;0.00003293
808;SCC0060420SB;182;80;0.00001037
808;SCC0060420SB;183;80;0.00000037
808;SCC0060420SB;184;80;0.00000160
808;SCC0060420SB;185;80;0.00000054
808;SCC0060420SB;170;81;0.00004533
808;SCC0060420SB;171;81;0.00452934
808;SCC0060420SB;172;81;0.00807393
808;SCC0060420SB;173;81;0.00223012
808;SCC0060420SB;174;81;0.00003776
808;SCC0060420SB;175;81;0.00372794
808;SCC0060420SB;176;81;0.00760994
808;SCC0060420SB;177;81;0.00002716
808;SCC0060420SB;179;81;0.00011903
808;SCC0060420SB;180;81;0.00004154
808;SCC0060420SB;195;81;0.00005967
808;SCC0060420SB;171;82;0.00010706
808;SCC0060420SB;173;82;0.00803960
808;SCC0060420SB;174;82;0.00015988
808;SCC0060420SB;175;82;0.00995356
808;SCC0060420SB;176;82;0.00000066
808;SCC0060420SB;177;82;0.00003690
808;SCC0060420SB;178;82;0.00002861
808;SCC0060420SB;179;82;0.00000341
808;SCC0060420SB;193;82;0.00000001
808;SCC0060420SB;195;82;0.00003723
808;SCC0060420SB;171;83;0.00018153
808;SCC0060420SB;172;83;0.00046486
808;SCC0060420SB;173;83;0.01215801
808;SCC0060420SB;174;83;0.01189198
808;SCC0060420SB;175;83;0.00019264
808;SCC0060420SB;176;83;0.00017751
808;SCC0060420SB;177;83;0.00021276
808;SCC0060420SB;193;83;0.00000002
808;SCC0060420SB;194;83;0.00005875
808;SCC0060420SB;195;83;0.00001140
808;SCC0060420SB;171;84;0.00145797
808;SCC0060420SB;172;84;0.00276949
808;SCC0060420SB;173;84;0.03058290
808;SCC0060420SB;174;84;0.00461074
808;SCC0060420SB;175;84;0.00020795
808;SCC0060420SB;176;84;0.00059036
808;SCC0060420SB;177;84;0.00039744
808;SCC0060420SB;178;84;0.00001563
808;SCC0060420SB;190;84;0.00000031
808;SCC0060420SB;191;84;0.00000176
808;SCC0060420SB;192;84;0.00005123
808;SCC0060420SB;194;84;0.00008202
808;SCC0060420SB;170;85;0.00150144
808;SCC0060420SB;171;85;0.00058527
808;SCC0060420SB;172;85;0.00449377
808;SCC0060420SB;173;85;0.04931570
808;SCC0060420SB;174;85;0.00083788
808;SCC0060420SB;175;85;0.00045573
808;SCC0060420SB;176;85;0.00002464
808;SCC0060420SB;178;85;0.00000429
808;SCC0060420SB;190;85;0.00005797
808;SCC0060420SB;191;85;0.00018697
808;SCC0060420SB;192;85;0.00020312
808;SCC0060420SB;170;86;0.00497577
808;SCC0060420SB;171;86;0.00370571
808;SCC0060420SB;172;86;0.00367522
808;SCC0060420SB;173;86;0.04834771
808;SCC0060420SB;174;86;0.00107293
808;SCC0060420SB;178;86;0.00002365
808;SCC0060420SB;186;86;0.00000129
808;SCC0060420SB;188;86;0.00010413
808;SCC0060420SB;189;86;0.00044685
808;SCC0060420SB;190;86;0.00037623
808;SCC0060420SB;191;86;0.00013033
808;SCC0060420SB;171;87;0.00000068
808;SCC0060420SB;173;87;0.00659667
808;SCC0060420SB;178;87;0.00001556
808;SCC0060420SB;186;87;0.00014374
808;SCC0060420SB;187;87;0.00028818
808;SCC0060420SB;188;87;0.00018103
808;SCC0060420SB;177;88;0.00002967
808;SCC0060420SB;178;88;0.00039691
808;SCC0060420SB;179;88;0.00010682
808;SCC0060420SB;185;88;0.00008566
808;SCC0060420SB;186;88;0.00018068
808;SCC0060420SB;179;89;0.00032634
808;SCC0060420SB;179;90;0.00001024
808;SCC0060420SB;180;90;0.00025997
808;SCC0060420SB;181;90;0.00007786
808;GBV006026GBU;212;155;0.02839947
808;GBV006026GBU;213;155;0.00396462
808;GBV006026GBU;218;155;0.00162844
808;GBV006026GBU;227;155;0.00015596
808;GBV006026GBU;228;155;0.00030649
808;GBV006026GBU;229;155;0.00007072
808;GBV006026GBU;212;156;0.03416128
808;GBV006026GBU;217;156;0.00180240
808;GBV006026GBU;218;156;0.00017827
808;GBV006026GBU;227;156;0.00015511
808;GBV006026GBU;228;156;0.00002034
808;GBV006026GBU;210;157;0.01220926
808;GBV006026GBU;211;157;0.02818421
808;GBV006026GBU;212;157;0.00461137
808;GBV006026GBU;217;157;0.00198067
808;GBV006026GBU;207;158;0.00389988
808;GBV006026GBU;208;158;0.02073410
808;GBV006026GBU;209;158;0.02073410
808;GBV006026GBU;210;158;0.00852484
808;GBV006026GBU;217;158;0.00198067
808;GBV006026GBU;204;159;0.00002675
808;GBV006026GBU;205;159;0.01133377
808;GBV006026GBU;206;159;0.02073410
808;GBV006026GBU;207;159;0.01683423
808;GBV006026GBU;216;159;0.00145295
808;GBV006026GBU;217;159;0.00052772
808;GBV006026GBU;205;160;0.01494747
808;GBV006026GBU;216;160;0.00198067
808;GBV006026GBU;204;161;0.01663505
808;GBV006026GBU;205;161;0.00648730
808;GBV006026GBU;216;161;0.00198067
808;GBV006026GBU;203;162;0.00591522
808;GBV006026GBU;204;162;0.01878463
808;GBV006026GBU;215;162;0.00110350
808;GBV006026GBU;216;162;0.00087717
808;GBV006026GBU;203;163;0.02469985
808;GBV006026GBU;213;163;0.00257533
808;GBV006026GBU;214;163;0.00008719
808;GBV006026GBU;215;163;0.00198067
808;GBV006026GBU;202;164;0.01773651
808;GBV006026GBU;203;164;0.00480460
808;GBV006026GBU;212;164;0.00245472
808;GBV006026GBU;213;164;0.00245404
808;GBV006026GBU;214;164;0.00429489
808;GBV006026GBU;215;164;0.00418401
808;GBV006026GBU;202;165;0.02178668
808;GBV006026GBU;211;165;0.00198982
808;GBV006026GBU;212;165;0.00291893
808;GBV006026GBU;215;165;0.00570763
808;GBV006026GBU;198;166;0.00055047
808;GBV006026GBU;201;166;0.00609772
808;GBV006026GBU;202;166;0.02086669
808;GBV006026GBU;203;166;0.00365399
808;GBV006026GBU;204;166;0.00365399
808;GBV006026GBU;205;166;0.00365399
808;GBV006026GBU;206;166;0.00365399
808;GBV006026GBU;207;166;0.00012564
808;GBV006026GBU;210;166;0.00152493
808;GBV006026GBU;211;166;0.00338383
808;GBV006026GBU;215;166;0.00638412
808;GBV006026GBU;216;166;0.00056727
808;GBV006026GBU;198;167;0.00072441
808;GBV006026GBU;199;167;0.00256027
808;GBV006026GBU;200;167;0.00256027
808;GBV006026GBU;201;167;0.02653692
808;GBV006026GBU;207;167;0.00352835
808;GBV006026GBU;208;167;0.00365399
808;GBV006026GBU;209;167;0.00365399
808;GBV006026GBU;210;167;0.00325409
808;GBV006026GBU;216;167;0.00008081
808;GBV006026GBU;201;168;0.01698062
808;GBV006026GBU;200;169;0.00949399
808;GBV006026GBU;201;169;0.00741181
808;GBV006026GBU;200;170;0.01644130
808;GBV006026GBU;201;170;0.00011844
808;GBV006026GBU;200;171;0.01586632
808;GBV006026GBU;201;171;0.00005386
808;GBV006026GBU;202;171;0.00017229
808;GBV006026GBU;203;171;0.00017024
808;GBV006026GBU;199;172;0.00479197
808;GBV006026GBU;200;172;0.01107044
808;GBV006026GBU;203;172;0.00000205
808;GBV006026GBU;204;172;0.00017229
808;GBV006026GBU;205;172;0.00017229
808;GBV006026GBU;206;172;0.00004975
808;GBV006026GBU;199;173;0.01586241
808;GBV006026GBU;206;173;0.00012254
808;GBV006026GBU;207;173;0.00017229
808;GBV006026GBU;208;173;0.00003766
808;GBV006026GBU;199;174;0.01583916
808;GBV006026GBU;199;175;0.01589150
808;GBV006026GBU;197;176;0.00889801
808;GBV006026GBU;198;176;0.01905753
808;GBV006026GBU;199;176;0.00702467
808;GBV006026GBU;197;177;0.01844433
808;GBV006026GBU;199;177;0.00081940
808;GBV006026GBU;190;178;0.00780967
808;GBV006026GBU;191;178;0.01161837
808;GBV006026GBU;192;178;0.01162776
808;GBV006026GBU;193;178;0.01163979
808;GBV006026GBU;194;178;0.02131069
808;GBV006026GBU;195;178;0.01655722
808;GBV006026GBU;196;178;0.01762567
808;GBV006026GBU;197;178;0.00998299
808;GBV006026GBU;199;178;0.00081940
808;GBV006026GBU;193;179;0.00082686
808;GBV006026GBU;194;179;0.01952996
808;GBV006026GBU;199;179;0.00027609
808;GBV006026GBU;200;179;0.00054331
808;GBV006026GBU;193;180;0.02035682
808;GBV006026GBU;200;180;0.00052397
808;GBV006026GBU;193;181;0.02043017
808;GBV006026GBU;193;182;0.02051184
808;GBV006026GBU;193;183;0.02051184
808;GBV006026GBU;192;184;0.01133358
808;GBV006026GBU;193;184;0.00917826
808;GBV006026GBU;192;185;0.02051184
808;GBV006026GBU;191;186;0.00077131
808;GBV006026GBU;192;186;0.03222055
808;GBV006026GBU;191;187;0.02022880
808;GBV006026GBU;192;187;0.01644815
808;NCC006027MBU;162;109;0.00000496
808;NCC006027MBU;166;109;0.00147018
808;NCC006027MBU;151;110;0.00011870
808;NCC006027MBU;152;110;0.00024025
808;NCC006027MBU;165;110;0.00367823
808;NCC006027MBU;166;110;0.00428322
808;NCC006027MBU;169;110;0.00000029
808;NCC006027MBU;170;110;0.00000019
808;NCC006027MBU;150;111;0.00016757
808;NCC006027MBU;151;111;0.00031883
808;NCC006027MBU;162;111;0.00014570
808;NCC006027MBU;163;111;0.00026424
808;NCC006027MBU;164;111;0.00529683
808;NCC006027MBU;165;111;0.00143500
808;NCC006027MBU;166;111;0.00012157
808;NCC006027MBU;170;111;0.00000185
808;NCC006027MBU;173;111;0.00003566
808;NCC006027MBU;150;112;0.00040099
808;NCC006027MBU;159;112;0.00001240
808;NCC006027MBU;160;112;0.00005808
808;NCC006027MBU;161;112;0.00005291
808;NCC006027MBU;162;112;0.00002276
808;NCC006027MBU;163;112;0.00170731
808;NCC006027MBU;164;112;0.00407382
808;NCC006027MBU;166;112;0.00003283
808;NCC006027MBU;167;112;0.00012830
808;NCC006027MBU;168;112;0.00000717
808;NCC006027MBU;170;112;0.00000064
808;NCC006027MBU;171;112;0.00004143
808;NCC006027MBU;172;112;0.00014797
808;NCC006027MBU;173;112;0.00006224
808;NCC006027MBU;150;113;0.00039254
808;NCC006027MBU;154;113;0.00002409
808;NCC006027MBU;157;113;0.00005468
808;NCC006027MBU;158;113;0.00010444
808;NCC006027MBU;159;113;0.00006237
808;NCC006027MBU;163;113;0.00534832
808;NCC006027MBU;168;113;0.00004008
808;NCC006027MBU;169;113;0.00000457
808;NCC006027MBU;170;113;0.00003999
808;NCC006027MBU;171;113;0.00013733
808;NCC006027MBU;149;114;0.00006763
808;NCC006027MBU;150;114;0.00054106
808;NCC006027MBU;152;114;0.00002937
808;NCC006027MBU;153;114;0.00004922
808;NCC006027MBU;154;114;0.00001454
808;NCC006027MBU;155;114;0.00006284
808;NCC006027MBU;156;114;0.00002035
808;NCC006027MBU;157;114;0.00003938
808;NCC006027MBU;159;114;0.00002616
808;NCC006027MBU;160;114;0.00002006
808;NCC006027MBU;161;114;0.00001692
808;NCC006027MBU;162;114;0.00161258
808;NCC006027MBU;163;114;0.00361570
808;NCC006027MBU;168;114;0.00000035
808;NCC006027MBU;169;114;0.00003650
808;NCC006027MBU;170;114;0.00017194
808;NCC006027MBU;148;115;0.00049085
808;NCC006027MBU;149;115;0.00021506
808;NCC006027MBU;150;115;0.00002017
808;NCC006027MBU;151;115;0.00007116
808;NCC006027MBU;152;115;0.00002986
808;NCC006027MBU;154;115;0.00000085
808;NCC006027MBU;155;115;0.00001899
808;NCC006027MBU;156;115;0.00000189
808;NCC006027MBU;157;115;0.00003668
808;NCC006027MBU;159;115;0.00002267
808;NCC006027MBU;161;115;0.00018496
808;NCC006027MBU;162;115;0.00653016
808;NCC006027MBU;163;115;0.00028663
808;NCC006027MBU;168;115;0.00000037
808;NCC006027MBU;169;115;0.00014474
808;NCC006027MBU;170;115;0.00006012
808;NCC006027MBU;147;116;0.00004490
808;NCC006027MBU;148;116;0.00036409
808;NCC006027MBU;152;116;0.00000043
808;NCC006027MBU;153;116;0.00001740
808;NCC006027MBU;154;116;0.00008493
808;NCC006027MBU;155;116;0.00000296
808;NCC006027MBU;156;116;0.00020334
808;NCC006027MBU;157;116;0.00009166
808;NCC006027MBU;159;116;0.00002037
808;NCC006027MBU;160;116;0.00009993
808;NCC006027MBU;161;116;0.00692837
808;NCC006027MBU;162;116;0.00001256
808;NCC006027MBU;168;116;0.00009696
808;NCC006027MBU;169;116;0.00006068
808;NCC006027MBU;147;117;0.00059549
808;NCC006027MBU;150;117;0.00000030
808;NCC006027MBU;151;117;0.00000186
808;NCC006027MBU;152;117;0.00000126
808;NCC006027MBU;154;117;0.00001824
808;NCC006027MBU;155;117;0.00015751
808;NCC006027MBU;157;117;0.00033980
808;NCC006027MBU;158;117;0.00010408
808;NCC006027MBU;159;117;0.00004722
808;NCC006027MBU;160;117;0.00642016
808;NCC006027MBU;161;117;0.00010803
808;NCC006027MBU;162;117;0.00002384
808;NCC006027MBU;163;117;0.00000562
808;NCC006027MBU;167;117;0.00012379
808;NCC006027MBU;168;117;0.00006734
808;NCC006027MBU;146;118;0.00042669
808;NCC006027MBU;147;118;0.00029198
808;NCC006027MBU;150;118;0.00000325
808;NCC006027MBU;154;118;0.00000009
808;NCC006027MBU;155;118;0.00006299
808;NCC006027MBU;156;118;0.00008111
808;NCC006027MBU;158;118;0.00025059
808;NCC006027MBU;160;118;0.00701463
808;NCC006027MBU;161;118;0.00021529
808;NCC006027MBU;162;118;0.00034332
808;NCC006027MBU;163;118;0.00000464
808;NCC006027MBU;166;118;0.00016193
808;NCC006027MBU;167;118;0.00000016
808;NCC006027MBU;145;119;0.00027241
808;NCC006027MBU;146;119;0.00048016
808;NCC006027MBU;147;119;0.00045005
808;NCC006027MBU;150;119;0.00000220
808;NCC006027MBU;154;119;0.00000025
808;NCC006027MBU;156;119;0.00001068
808;NCC006027MBU;157;119;0.00040481
808;NCC006027MBU;158;119;0.00034704
808;NCC006027MBU;159;119;0.00598718
808;NCC006027MBU;160;119;0.00065581
808;NCC006027MBU;161;119;0.00033946
808;NCC006027MBU;162;119;0.00015460
808;NCC006027MBU;163;119;0.00051113
808;NCC006027MBU;164;119;0.00066554
808;NCC006027MBU;165;119;0.00023177
808;NCC006027MBU;166;119;0.00009021
808;NCC006027MBU;167;119;0.00006892
808;NCC006027MBU;144;120;0.00038106
808;NCC006027MBU;145;120;0.00113296
808;NCC006027MBU;146;120;0.00071359
808;NCC006027MBU;150;120;0.00000342
808;NCC006027MBU;154;120;0.00000025
808;NCC006027MBU;157;120;0.01029221
808;NCC006027MBU;158;120;0.00801070
808;NCC006027MBU;159;120;0.00259401
808;NCC006027MBU;163;120;0.00007739
808;NCC006027MBU;164;120;0.00018362
808;NCC006027MBU;165;120;0.00034865
808;NCC006027MBU;166;120;0.00035405
808;NCC006027MBU;167;120;0.00017978
808;NCC006027MBU;143;121;0.00044098
808;NCC006027MBU;144;121;0.00162472
808;NCC006027MBU;145;121;0.00021700
808;NCC006027MBU;150;121;0.00000240
808;NCC006027MBU;151;121;0.00016544
808;NCC006027MBU;154;121;0.00000023
808;NCC006027MBU;157;121;0.00797348
808;NCC006027MBU;158;121;0.00044883
808;NCC006027MBU;159;121;0.00007452
808;NCC006027MBU;160;121;0.00003803
808;NCC006027MBU;161;121;0.00000521
808;NCC006027MBU;162;121;0.00007027
808;NCC006027MBU;163;121;0.00010990
808;NCC006027MBU;142;122;0.00100586
808;NCC006027MBU;143;122;0.00114777
808;NCC006027MBU;150;122;0.00001215
808;NCC006027MBU;151;122;0.00008030
808;NCC006027MBU;152;122;0.00024315
808;NCC006027MBU;153;122;0.00027581
808;NCC006027MBU;154;122;0.00020514
808;NCC006027MBU;155;122;0.00023543
808;NCC006027MBU;156;122;0.00722615
808;NCC006027MBU;157;122;0.00317465
808;NCC006027MBU;159;122;0.00010025
808;NCC006027MBU;161;122;0.00000319
808;NCC006027MBU;162;122;0.00015546
808;NCC006027MBU;163;122;0.00001715
808;NCC006027MBU;164;122;0.00000737
808;NCC006027MBU;141;123;0.00116367
808;NCC006027MBU;142;123;0.00032036
808;NCC006027MBU;150;123;0.00003542
808;NCC006027MBU;154;123;0.00016114
808;NCC006027MBU;155;123;0.00933547
808;NCC006027MBU;156;123;0.00399377
808;NCC006027MBU;157;123;0.00021140
808;NCC006027MBU;159;123;0.00000618
808;NCC006027MBU;160;123;0.00002022
808;NCC006027MBU;162;123;0.00001330
808;NCC006027MBU;163;123;0.00000403
808;NCC006027MBU;141;124;0.00149572
808;NCC006027MBU;148;124;0.00000750
808;NCC006027MBU;149;124;0.00004046
808;NCC006027MBU;150;124;0.00000833
808;NCC006027MBU;153;124;0.00002974
808;NCC006027MBU;154;124;0.00311262
808;NCC006027MBU;155;124;0.00936094
808;NCC006027MBU;156;124;0.00038079
808;NCC006027MBU;141;125;0.00124626
808;NCC006027MBU;148;125;0.00006391
808;NCC006027MBU;152;125;0.00000486
808;NCC006027MBU;153;125;0.00065113
808;NCC006027MBU;154;125;0.01203606
808;NCC006027MBU;155;125;0.00002466
808;NCC006027MBU;140;126;0.00021334
808;NCC006027MBU;141;126;0.00155195
808;NCC006027MBU;143;126;0.00004391
808;NCC006027MBU;144;126;0.00000481
808;NCC006027MBU;147;126;0.00031669
808;NCC006027MBU;148;126;0.00006434
808;NCC006027MBU;151;126;0.00002371
808;NCC006027MBU;152;126;0.00005434
808;NCC006027MBU;153;126;0.01204298
808;NCC006027MBU;154;126;0.00404876
808;NCC006027MBU;155;126;0.00012076
808;NCC006027MBU;156;126;0.00003415
808;NCC006027MBU;140;127;0.00164797
808;NCC006027MBU;143;127;0.00006581
808;NCC006027MBU;145;127;0.00090529
808;NCC006027MBU;146;127;0.00059731
808;NCC006027MBU;147;127;0.00002687
808;NCC006027MBU;150;127;0.00007518
808;NCC006027MBU;151;127;0.00009007
808;NCC006027MBU;152;127;0.01292423
808;NCC006027MBU;153;127;0.00432316
808;NCC006027MBU;156;127;0.00004417
808;NCC006027MBU;140;128;0.00172040
808;NCC006027MBU;143;128;0.00008401
808;NCC006027MBU;144;128;0.00515802
808;NCC006027MBU;145;128;0.00051753
808;NCC006027MBU;149;128;0.00000308
808;NCC006027MBU;150;128;0.00013040
808;NCC006027MBU;151;128;0.01329088
808;NCC006027MBU;152;128;0.00110584
808;NCC006027MBU;156;128;0.00000810
808;NCC006027MBU;140;129;0.00152967
808;NCC006027MBU;141;129;0.00815804
808;NCC006027MBU;142;129;0.00467491
808;NCC006027MBU;143;129;0.00346895
808;NCC006027MBU;144;129;0.00454399
808;NCC006027MBU;146;129;0.00023933
808;NCC006027MBU;149;129;0.00000926
808;NCC006027MBU;150;129;0.01517781
808;NCC006027MBU;151;129;0.00715147
808;NCC006027MBU;152;129;0.00011004
808;NCC006027MBU;140;130;0.00298894
808;NCC006027MBU;141;130;0.02760440
808;NCC006027MBU;142;130;0.00761011
808;NCC006027MBU;143;130;0.01056642
808;NCC006027MBU;144;130;0.01167674
808;NCC006027MBU;145;130;0.00783329
808;NCC006027MBU;146;130;0.00004476
808;NCC006027MBU;147;130;0.00016244
808;NCC006027MBU;148;130;0.00013210
808;NCC006027MBU;149;130;0.01417809
808;NCC006027MBU;150;130;0.00325164
808;NCC006027MBU;151;130;0.00000756
808;NCC006027MBU;152;130;0.00004101
808;NCC006027MBU;140;131;0.00599420
808;NCC006027MBU;141;131;0.02657547
808;NCC006027MBU;142;131;0.04084981
808;NCC006027MBU;143;131;0.00197672
808;NCC006027MBU;145;131;0.00718945
808;NCC006027MBU;146;131;0.00692141
808;NCC006027MBU;147;131;0.00160824
808;NCC006027MBU;148;131;0.01258101
808;NCC006027MBU;149;131;0.00728422
808;NCC006027MBU;150;131;0.00003234
808;NCC006027MBU;140;132;0.00030059
808;NCC006027MBU;141;132;0.00028618
808;NCC006027MBU;142;132;0.01363700
808;NCC006027MBU;143;132;0.02447864
808;NCC006027MBU;144;132;0.00282273
808;NCC006027MBU;145;132;0.00585261
808;NCC006027MBU;146;132;0.01633334
808;NCC006027MBU;147;132;0.01858261
808;NCC006027MBU;148;132;0.00745370
808;NCC006027MBU;149;132;0.00024102
808;NCC006027MBU;143;133;0.02970434
808;NCC006027MBU;144;133;0.01100450
808;NCC006027MBU;145;133;0.00915776
808;NCC006027MBU;146;133;0.04529581
808;NCC006027MBU;147;133;0.04001614
808;NCC006027MBU;148;133;0.00204069
808;NCC006027MBU;149;133;0.00011394
808;NCC006027MBU;143;134;0.01800538
808;NCC006027MBU;144;134;0.00370460
808;NCC006027MBU;145;134;0.00642902
808;NCC006027MBU;146;134;0.03338158
808;NCC006027MBU;147;134;0.00657863
808;NCC006027MBU;148;134;0.00057767
808;NCC006027MBU;144;135;0.02829017
808;NCC006027MBU;145;135;0.00668140
808;NCC006027MBU;146;135;0.02501470
808;NCC006027MBU;147;135;0.00134062
808;NCC006027MBU;148;135;0.00013610
808;NCC006027MBU;143;136;0.00002009
808;NCC006027MBU;144;136;0.01520449
808;NCC006027MBU;145;136;0.01013500
808;NCC006027MBU;146;136;0.03594774
808;NCC006027MBU;147;136;0.00436586
808;NCC006027MBU;148;136;0.00029917
808;NCC006027MBU;144;137;0.01396014
808;NCC006027MBU;145;137;0.00048727
808;NCC006027MBU;146;137;0.00810496
808;NCC006027MBU;147;137;0.02387391
808;NCC006027MBU;148;137;0.00007222
808;NCC006027MBU;143;138;0.00000472
808;NCC006027MBU;144;138;0.01906700
808;NCC006027MBU;145;138;0.00754036
808;NCC006027MBU;146;138;0.00670783
808;NCC006027MBU;147;138;0.00860980
808;NCC006027MBU;144;139;0.00472482
808;NCC006027MBU;145;139;0.00304019
808;NCC006027MBU;146;139;0.00325875
808;NCC006027MBU;147;139;0.00008956
808;0SV006031PLA;153;188;0.00268882
808;0SV006031PLA;154;188;0.00291347
808;0SV006031PLA;155;188;0.04775667
808;0SV006031PLA;156;188;0.01500283
808;0SV006031PLA;157;188;0.01067543
808;0SV006031PLA;151;189;0.00366647
808;0SV006031PLA;152;189;0.00455730
808;0SV006031PLA;153;189;0.02103702
808;0SV006031PLA;154;189;0.02390574
808;0SV006031PLA;155;189;0.10765278
808;0SV006031PLA;156;189;0.07734062
808;0SV006031PLA;157;189;0.02048025
808;0SV006031PLA;158;189;0.00241205
808;0SV006031PLA;151;190;0.00006128
808;0SV006031PLA;153;190;0.00904654
808;0SV006031PLA;154;190;0.02140107
808;0SV006031PLA;155;190;0.09098146
808;0SV006031PLA;156;190;0.07075655
808;0SV006031PLA;157;190;0.02662305
808;0SV006031PLA;158;190;0.00387855
808;0SV006031PLA;151;191;0.00074464
808;0SV006031PLA;152;191;0.00037464
808;0SV006031PLA;153;191;0.00034084
808;0SV006031PLA;154;191;0.01007593
808;0SV006031PLA;155;191;0.04460697
808;0SV006031PLA;156;191;0.00902620
808;0SV006031PLA;157;191;0.04864857
808;0SV006031PLA;158;191;0.01340607
808;0SV006031PLA;159;191;0.00049362
808;0SV006031PLA;151;192;0.00023706
808;0SV006031PLA;152;192;0.00101424
808;0SV006031PLA;153;192;0.00172651
808;0SV006031PLA;154;192;0.01039204
808;0SV006031PLA;155;192;0.03255510
808;0SV006031PLA;156;192;0.00672002
808;0SV006031PLA;157;192;0.00360201
808;0SV006031PLA;158;192;0.04880993
808;0SV006031PLA;159;192;0.01356622
808;0SV006031PLA;151;193;0.00014103
808;0SV006031PLA;152;193;0.00037251
808;0SV006031PLA;153;193;0.00834012
808;0SV006031PLA;154;193;0.00837786
808;0SV006031PLA;155;193;0.00974599
808;0SV006031PLA;156;193;0.00453430
808;0SV006031PLA;157;193;0.00287273
808;0SV006031PLA;158;193;0.00007917
808;0SV006031PLA;159;193;0.04532473
808;0SV006031PLA;160;193;0.01228861
808;0SV006031PLA;153;194;0.00731217
808;0SV006031PLA;154;194;0.00347935
808;0SV006031PLA;155;194;0.00154530
808;0SV006031PLA;156;194;0.00066306
808;0SV006031PLA;157;194;0.00181081
808;0SV006031PLA;158;194;0.00228329
808;0SV006031PLA;159;194;0.02087842
808;0SV006031PLA;160;194;0.02248551
808;0SV006031PLA;152;195;0.00019388
808;0SV006031PLA;153;195;0.01316494
808;0SV006031PLA;154;195;0.00005368
808;0SV006031PLA;155;195;0.00056045
808;0SV006031PLA;158;195;0.00063519
808;0SV006031PLA;159;195;0.01164528
808;0SV006031PLA;160;195;0.00417933
808;0SV006031PLA;152;196;0.00115612
808;0SV006031PLA;153;196;0.00274510
808;0SV006031PLA;154;196;0.00026878
808;0SV006031PLA;155;196;0.00038087
808;0SV006031PLA;159;196;0.00310645
808;0SV006031PLA;154;197;0.00006787
808;0SV006031PLA;155;197;0.00012853
808;0MC006003AMA;161;175;0.00005236
808;0MC006003AMA;160;176;0.00032072
808;0MC006003AMA;161;176;0.02852136
808;0MC006003AMA;161;177;0.03001789
808;0MC006003AMA;162;177;0.05692756
808;0MC006003AMA;163;177;0.00506157
808;0MC006003AMA;166;177;0.00101951
808;0MC006003AMA;167;177;0.01459633
808;0MC006003AMA;162;178;0.03413101
808;0MC006003AMA;163;178;0.02238354
808;0MC006003AMA;164;178;0.02541971
808;0MC006003AMA;165;178;0.03512442
808;0MC006003AMA;166;178;0.05464587
808;0MC006003AMA;160;179;0.00197930
808;0MC006003AMA;161;179;0.01107114
808;0MC006003AMA;162;179;0.00056553
808;0MC006003AMA;163;179;0.01827563
808;0MC006003AMA;165;179;0.05236481
808;0MC006003AMA;166;179;0.00233471
808;0MC006003AMA;167;179;0.02876942
808;0MC006003AMA;168;179;0.01101830
808;0MC006003AMA;169;179;0.00401971
808;0MC006003AMA;163;180;0.01637163
808;0MC006003AMA;164;180;0.01768936
808;0MC006003AMA;165;180;0.02814944
808;0MC006003AMA;168;180;0.02466869
808;0MC006003AMA;169;180;0.01925129
808;0MC006003AMA;170;180;0.00960963
808;0MC006003AMA;171;180;0.00027589
808;0MC006003AMA;161;181;0.04344982
808;0MC006003AMA;162;181;0.04137221
808;0MC006003AMA;163;181;0.06589794
808;0MC006003AMA;164;181;0.06394135
808;0MC006003AMA;170;181;0.00170892
808;0MC006003AMA;171;181;0.00739239
808;0MC006003AMA;160;182;0.00935282
808;0MC006003AMA;161;182;0.01399448
808;0MC006003AMA;162;182;0.02803030
808;0MC006003AMA;163;182;0.00174834
808;0MC006003AMA;164;182;0.02711788
808;0MC006003AMA;165;182;0.00467312
808;0MC006003AMA;171;182;0.00068444
808;0MC006003AMA;172;182;0.00816695
808;0MC006003AMA;162;183;0.02137556
808;0MC006003AMA;164;183;0.01890721
808;0MC006003AMA;165;183;0.00794852
808;0MC006003AMA;166;183;0.00881385
808;0MC006003AMA;172;183;0.00116031
808;0MC006003AMA;173;183;0.00765512
808;0MC006003AMA;174;183;0.00985769
808;0MC006003AMA;175;183;0.00548209
808;0MC006003AMA;164;184;0.00055769
808;0MC006003AMA;176;184;0.00778501
808;0MC006003AMA;177;184;0.00760913
808;0MC006003AMA;177;185;0.00424889
808;0MC006003AMA;178;186;0.00741385
808;0MC006003AMA;179;186;0.00626499
808;0MC006003AMA;179;187;0.00149971
808;0MC006003AMA;180;187;0.00482372
808;0MC006003AMA;180;188;0.00642933
808;0MC006005CAL;169;166;0.00109535
808;0MC006005CAL;170;166;0.00873854
808;0MC006005CAL;166;167;0.02426090
808;0MC006005CAL;167;167;0.01262115
808;0MC006005CAL;169;167;0.01180921
808;0MC006005CAL;167;168;0.01673601
808;0MC006005CAL;168;168;0.03480723
808;0MC006005CAL;169;168;0.00682171
808;0MC006005CAL;168;169;0.01705011
808;0MC006005CAL;171;169;0.02683912
808;0MC006005CAL;172;169;0.00178313
808;0MC006005CAL;168;170;0.00869934
808;0MC006005CAL;169;170;0.03551334
808;0MC006005CAL;170;170;0.00396604
808;0MC006005CAL;171;170;0.03776900
808;0MC006005CAL;162;171;0.05744176
808;0MC006005CAL;163;171;0.02946362
808;0MC006005CAL;169;171;0.00488678
808;0MC006005CAL;170;171;0.06979344
808;0MC006005CAL;171;171;0.01581597
808;0MC006005CAL;172;171;0.01159130
808;0MC006005CAL;163;172;0.04003070
808;0MC006005CAL;164;172;0.00061603
808;0MC006005CAL;168;172;0.00046411
808;0MC006005CAL;169;172;0.04244612
808;0MC006005CAL;172;172;0.00413100
808;0MC006005CAL;173;172;0.01031343
808;0MC006005CAL;164;173;0.02967175
808;0MC006005CAL;168;173;0.03664920
808;0MC006005CAL;173;173;0.01573389
808;0MC006005CAL;174;173;0.00103726
808;0MC006005CAL;161;174;0.04873055
808;0MC006005CAL;162;174;0.02411998
808;0MC006005CAL;163;174;0.02134299
808;0MC006005CAL;164;174;0.02596552
808;0MC006005CAL;165;174;0.03421291
808;0MC006005CAL;166;174;0.03324116
808;0MC006005CAL;167;174;0.03748880
808;0MC006005CAL;168;174;0.02350564
808;0MC006005CAL;174;174;0.01677115
808;0MC006005CAL;166;175;0.00895689
808;0MC006005CAL;167;175;0.01343916
808;0MC006005CAL;174;175;0.00760128
808;0MC006005CAL;175;175;0.00516817
808;0MC006005CAL;167;176;0.02239605
808;0MC006005CAL;175;176;0.00180370
808;0MC006005CAL;176;176;0.00068958
808;0MC006005CAL;167;177;0.02554121
808;0MC006005CAL;168;177;0.00231540
808;0MC006005CAL;176;177;0.00154439
808;0MC006005CAL;177;177;0.00085112
808;0MC006005CAL;168;178;0.00021396
808;0MC006005CAL;169;178;0.00252936
808;0MC006005CAL;170;178;0.00102313
808;0MC006005CAL;177;178;0.00138285
808;0MC006005CAL;178;178;0.00145552
808;0MC006005CAL;170;179;0.00150623
808;0MC006005CAL;171;179;0.00299208
808;0MC006005CAL;178;179;0.00240892
808;0MC006005CAL;179;179;0.00213410
808;0MC006005CAL;171;180;0.00325953
808;0MC006005CAL;179;180;0.00222335
808;0MC006005CAL;180;180;0.00231967
808;0MC006005CAL;180;181;0.00203779
808;0MC006005CAL;181;181;0.00023136
808;0SS006013IMP;273;25;0.00176162
808;0SS006013IMP;273;26;0.01179135
808;0SS006013IMP;274;26;0.00445994
808;0SS006013IMP;278;26;0.00000903
808;0SS006013IMP;279;26;0.00003028
808;0SS006013IMP;273;27;0.00095768
808;0SS006013IMP;274;27;0.01373871
808;0SS006013IMP;278;27;0.00000303
808;0SS006013IMP;279;27;0.00000149
808;0SS006013IMP;280;27;0.00003082
808;0SS006013IMP;281;27;0.00003082
808;0SS006013IMP;282;27;0.00003073
808;0SS006013IMP;283;27;0.00002610
808;0SS006013IMP;284;27;0.00021463
808;0SS006013IMP;285;27;0.00041089
808;0SS006013IMP;286;27;0.00081902
808;0SS006013IMP;287;27;0.00574365
808;0SS006013IMP;288;27;0.00175108
808;0SS006013IMP;289;27;0.00030756
808;0SS006013IMP;290;27;0.00018433
808;0SS006013IMP;274;28;0.00468408
808;0SS006013IMP;275;28;0.01299069
808;0SS006013IMP;276;28;0.01391441
808;0SS006013IMP;277;28;0.01299550
808;0SS006013IMP;278;28;0.00030540
808;0SS006013IMP;283;28;0.00007328
808;0SS006013IMP;284;28;0.00062941
808;0SS006013IMP;285;28;0.00047630
808;0SS006013IMP;286;28;0.00241777
808;0SS006013IMP;287;28;0.00656185
808;0SS006013IMP;288;28;0.00145792
808;0SS006013IMP;289;28;0.00153672
808;0SS006013IMP;290;28;0.00136915
808;0SS006013IMP;291;28;0.00099898
808;0SS006013IMP;292;28;0.00097925
808;0SS006013IMP;293;28;0.00094419
808;0SS006013IMP;294;28;0.00088737
808;0SS006013IMP;295;28;0.00040800
808;0SS006013IMP;277;29;0.00000461
808;0SS006013IMP;278;29;0.01273789
808;0SS006013IMP;279;29;0.01314154
808;0SS006013IMP;280;29;0.01327638
808;0SS006013IMP;281;29;0.01281216
808;0SS006013IMP;282;29;0.01274836
808;0SS006013IMP;283;29;0.01021570
808;0SS006013IMP;284;29;0.00105601
808;0SS006013IMP;285;29;0.00072934
808;0SS006013IMP;286;29;0.00616245
808;0SS006013IMP;287;29;0.00515008
808;0SS006013IMP;288;29;0.00032075
808;0SS006013IMP;289;29;0.00026480
808;0SS006013IMP;290;29;0.00055663
808;0SS006013IMP;291;29;0.00012469
808;0SS006013IMP;292;29;0.00000820
808;0SS006013IMP;294;29;0.01576178
808;0SS006013IMP;295;29;0.01788459
808;0SS006013IMP;296;29;0.01832610
808;0SS006013IMP;297;29;0.01783308
808;0SS006013IMP;298;29;0.01761882
808;0SS006013IMP;299;29;0.01763600
808;0SS006013IMP;300;29;0.01896234
808;0SS006013IMP;301;29;0.01041389
808;0SS006013IMP;282;30;0.00026208
808;0SS006013IMP;283;30;0.00297592
808;0SS006013IMP;284;30;0.01612818
808;0SS006013IMP;285;30;0.02057780
808;0SS006013IMP;286;30;0.02598348
808;0SS006013IMP;287;30;0.02363730
808;0SS006013IMP;288;30;0.01736596
808;0SS006013IMP;289;30;0.01716480
808;0SS006013IMP;290;30;0.01697313
808;0SS006013IMP;291;30;0.01660221
808;0SS006013IMP;292;30;0.01800253
808;0SS006013IMP;293;30;0.01727762
808;0SS006013IMP;294;30;0.00164083
808;0SS006013IMP;301;30;0.01417511
808;0SS006013IMP;302;30;0.01949396
808;0SS006013IMP;303;30;0.01778776
808;0SS006013IMP;304;30;0.01781403
808;0SS006013IMP;305;30;0.01833578
808;0SS006013IMP;306;30;0.01826170
808;0SS006013IMP;307;30;0.01813212
808;0SS006013IMP;282;31;0.00013055
808;0SS006013IMP;283;31;0.00056301
808;0SS006013IMP;284;31;0.00414361
808;0SS006013IMP;285;31;0.00708501
808;0SS006013IMP;286;31;0.00235351
808;0SS006013IMP;287;31;0.00751515
808;0SS006013IMP;288;31;0.00166554
808;0SS006013IMP;289;31;0.00216041
808;0SS006013IMP;290;31;0.00163985
808;0SS006013IMP;291;31;0.00074396
808;0SS006013IMP;292;31;0.00005644
808;0SS006013IMP;302;31;0.00006116
808;0SS006013IMP;304;31;0.00009960
808;0SS006013IMP;307;31;0.00108570
808;0SS006013IMP;308;31;0.00198243
808;0SS006013IMP;309;31;0.00006165
808;0SS006013IMP;282;32;0.00005159
808;0SS006013IMP;283;32;0.00009065
808;0SS006013IMP;284;32;0.00309458
808;0SS006013IMP;285;32;0.00630303
808;0SS006013IMP;286;32;0.00198128
808;0SS006013IMP;287;32;0.00693862
808;0SS006013IMP;288;32;0.00020769
808;0SS006013IMP;289;32;0.00050348
808;0SS006013IMP;290;32;0.00037249
808;0SS006013IMP;291;32;0.00024678
808;0SS006013IMP;302;32;0.00006135
808;0SS006013IMP;309;32;0.00003065
808;0SS006013IMP;284;33;0.00284085
808;0SS006013IMP;285;33;0.00435909
808;0SS006013IMP;286;33;0.00193084
808;0SS006013IMP;287;33;0.00597245
808;0SS006013IMP;288;33;0.00004608
808;0SS006013IMP;289;33;0.00031903
808;0SS006013IMP;290;33;0.00027474
808;0SS006013IMP;291;33;0.00023201
808;0SS006013IMP;302;33;0.00006125
808;0SS006013IMP;284;34;0.00291669
808;0SS006013IMP;285;34;0.00447949
808;0SS006013IMP;286;34;0.00328792
808;0SS006013IMP;287;34;0.00430280
808;0SS006013IMP;288;34;0.00014915
808;0SS006013IMP;289;34;0.00060269
808;0SS006013IMP;290;34;0.00008459
808;0SS006013IMP;291;34;0.00017717
808;0SS006013IMP;302;34;0.00006132
808;0SS006013IMP;284;35;0.00283882
808;0SS006013IMP;285;35;0.00538945
808;0SS006013IMP;286;35;0.01057855
808;0SS006013IMP;287;35;0.00368331
808;0SS006013IMP;288;35;0.00104881
808;0SS006013IMP;289;35;0.00086640
808;0SS006013IMP;290;35;0.00060203
808;0SS006013IMP;291;35;0.00034620
808;0SS006013IMP;292;35;0.00026244
808;0SS006013IMP;293;35;0.00001557
808;0SS006013IMP;301;35;0.00005885
808;0SS006013IMP;302;35;0.00005282
808;0SS006013IMP;284;36;0.00950929
808;0SS006013IMP;285;36;0.00710630
808;0SS006013IMP;286;36;0.00781440
808;0SS006013IMP;287;36;0.00261184
808;0SS006013IMP;288;36;0.00017141
808;0SS006013IMP;290;36;0.00027482
808;0SS006013IMP;291;36;0.00017977
808;0SS006013IMP;293;36;0.00024504
808;0SS006013IMP;294;36;0.00028865
808;0SS006013IMP;295;36;0.00030066
808;0SS006013IMP;296;36;0.00027919
808;0SS006013IMP;300;36;0.00000084
808;0SS006013IMP;301;36;0.00006079
808;0SS006013IMP;281;37;0.00792708
808;0SS006013IMP;282;37;0.01271427
808;0SS006013IMP;283;37;0.01136934
808;0SS006013IMP;284;37;0.00911292
808;0SS006013IMP;285;37;0.00050848
808;0SS006013IMP;286;37;0.00122424
808;0SS006013IMP;287;37;0.00049612
808;0SS006013IMP;288;37;0.00023804
808;0SS006013IMP;289;37;0.00017634
808;0SS006013IMP;290;37;0.00014972
808;0SS006013IMP;296;37;0.00001465
808;0SS006013IMP;297;37;0.00030426
808;0SS006013IMP;298;37;0.00027557
808;0SS006013IMP;299;37;0.00008744
808;0SS006013IMP;300;37;0.00006251
808;0SS006013IMP;279;38;0.01067797
808;0SS006013IMP;280;38;0.01284217
808;0SS006013IMP;281;38;0.00771190
808;0SS006013IMP;284;38;0.00128027
808;0SS006013IMP;285;38;0.00009260
808;0SS006013IMP;286;38;0.00098614
808;0SS006013IMP;288;38;0.00013796
808;0SS006013IMP;289;38;0.00006220
808;0SS006013IMP;299;38;0.00028506
808;0SS006013IMP;300;38;0.00006780
808;0SS006013IMP;278;39;0.01223329
808;0SS006013IMP;279;39;0.00121727
808;0SS006013IMP;284;39;0.00079931
808;0SS006013IMP;285;39;0.00037941
808;0SS006013IMP;286;39;0.00106681
808;0SS006013IMP;287;39;0.00012514
808;0SS006013IMP;288;39;0.00026140
808;0SS006013IMP;289;39;0.00008120
808;0SS006013IMP;299;39;0.00018366
808;0SS006013IMP;300;39;0.00031442
808;0SS006013IMP;277;40;0.00642309
808;0SS006013IMP;278;40;0.00934839
808;0SS006013IMP;284;40;0.00001496
808;0SS006013IMP;285;40;0.00003087
808;0SS006013IMP;286;40;0.00090326
808;0SS006013IMP;287;40;0.00006925
808;0SS006013IMP;288;40;0.00023182
808;0SS006013IMP;289;40;0.00015443
808;0SS006013IMP;290;40;0.00008938
808;0SS006013IMP;300;40;0.00030099
808;0SS006013IMP;301;40;0.00008300
808;0SS006013IMP;277;41;0.01250240
808;0SS006013IMP;284;41;0.00000853
808;0SS006013IMP;285;41;0.00007189
808;0SS006013IMP;286;41;0.00085549
808;0SS006013IMP;287;41;0.00011529
808;0SS006013IMP;301;41;0.00036614
808;0SS006013IMP;276;42;0.01286454
808;0SS006013IMP;277;42;0.00128940
808;0SS006013IMP;284;42;0.00005481
808;0SS006013IMP;285;42;0.00017239
808;0SS006013IMP;286;42;0.00099525
808;0SS006013IMP;287;42;0.00008712
808;0SS006013IMP;301;42;0.00035893
808;0SS006013IMP;275;43;0.00786329
808;0SS006013IMP;276;43;0.00599102
808;0SS006013IMP;284;43;0.00022348
808;0SS006013IMP;285;43;0.00077966
808;0SS006013IMP;286;43;0.00023947
808;0SS006013IMP;301;43;0.00040136
808;0SS006013IMP;274;44;0.00205440
808;0SS006013IMP;275;44;0.01253617
808;0SS006013IMP;276;44;0.00030418
808;0SS006013IMP;284;44;0.00092575
808;0SS006013IMP;301;44;0.00003301
808;0SS006013IMP;302;44;0.00042558
808;0SS006013IMP;274;45;0.01300444
808;0SS006013IMP;280;45;0.00047017
808;0SS006013IMP;281;45;0.00038329
808;0SS006013IMP;282;45;0.00012161
808;0SS006013IMP;283;45;0.00077943
808;0SS006013IMP;284;45;0.00016811
808;0SS006013IMP;302;45;0.00007933
808;0SS006013IMP;303;45;0.00045025
808;0SS006013IMP;273;46;0.00588199
808;0SS006013IMP;274;46;0.00783939
808;0SS006013IMP;279;46;0.00070151
808;0SS006013IMP;280;46;0.00048424
808;0SS006013IMP;281;46;0.00049892
808;0SS006013IMP;282;46;0.00058384
808;0SS006013IMP;283;46;0.00030314
808;0SS006013IMP;303;46;0.00005040
808;0SS006013IMP;304;46;0.00031594
808;0SS006013IMP;273;47;0.00533916
808;0SS006013IMP;278;47;0.00027936
808;0SS006013IMP;279;47;0.00049748
808;0SS006013IMP;282;47;0.00003473
808;0SS006013IMP;304;47;0.00038130
808;0SS006013IMP;303;48;0.00009905
808;0SS006013IMP;304;48;0.00027896
808;0SS006013IMP;303;49;0.00015229
808;NEP006047SIS;135;255;0.03475053
808;NEP006047SIS;136;255;0.00001272
808;NEP006047SIS;146;255;0.00297817
808;NEP006047SIS;147;255;0.00319735
808;NEP006047SIS;135;256;0.00484547
808;NEP006047SIS;136;256;0.02783388
808;NEP006047SIS;145;256;0.00472547
808;NEP006047SIS;146;256;0.00308503
808;NEP006047SIS;135;257;0.01268155
808;NEP006047SIS;136;257;0.03087031
808;NEP006047SIS;137;257;0.00512673
808;NEP006047SIS;138;257;0.00506699
808;NEP006047SIS;139;257;0.00337639
808;NEP006047SIS;140;257;0.00337639
808;NEP006047SIS;141;257;0.00337639
808;NEP006047SIS;142;257;0.00337639
808;NEP006047SIS;143;257;0.00337639
808;NEP006047SIS;144;257;0.00386115
808;NEP006047SIS;145;257;0.00133773
808;NEP006047SIS;125;258;0.00000597
808;NEP006047SIS;126;258;0.00040910
808;NEP006047SIS;127;258;0.00017991
808;NEP006047SIS;135;258;0.04074363
808;NEP006047SIS;136;258;0.00149435
808;NEP006047SIS;125;259;0.00052090
808;NEP006047SIS;134;259;0.02839322
808;NEP006047SIS;135;259;0.01153009
808;NEP006047SIS;124;260;0.00034356
808;NEP006047SIS;125;260;0.00001789
808;NEP006047SIS;134;260;0.03852488
808;NEP006047SIS;111;261;0.00010904
808;NEP006047SIS;124;261;0.00036144
808;NEP006047SIS;133;261;0.01168379
808;NEP006047SIS;134;261;0.02749836
808;NEP006047SIS;111;262;0.00016109
808;NEP006047SIS;124;262;0.00036144
808;NEP006047SIS;132;262;0.01548768
808;NEP006047SIS;133;262;0.02171379
808;NEP006047SIS;134;262;0.00666754
808;NEP006047SIS;111;263;0.00016109
808;NEP006047SIS;123;263;0.00029362
808;NEP006047SIS;124;263;0.00012200
808;NEP006047SIS;125;263;0.00000119
808;NEP006047SIS;132;263;0.02606411
808;NEP006047SIS;134;263;0.00825203
808;NEP006047SIS;135;263;0.00261625
808;NEP006047SIS;111;264;0.00016098
808;NEP006047SIS;123;264;0.00031936
808;NEP006047SIS;132;264;0.02586469
808;NEP006047SIS;135;264;0.00912058
808;NEP006047SIS;136;264;0.01118698
808;NEP006047SIS;111;265;0.00016057
808;NEP006047SIS;123;265;0.00037081
808;NEP006047SIS;131;265;0.02274834
808;NEP006047SIS;132;265;0.00307323
808;NEP006047SIS;134;265;0.00009917
808;NEP006047SIS;135;265;0.00092222
808;NEP006047SIS;136;265;0.00182437
808;NEP006047SIS;137;265;0.00964484
808;NEP006047SIS;111;266;0.00016057
808;NEP006047SIS;122;266;0.00019298
808;NEP006047SIS;123;266;0.00002510
808;NEP006047SIS;124;266;0.00041352
808;NEP006047SIS;131;266;0.02575509
808;NEP006047SIS;133;266;0.00073843
808;NEP006047SIS;134;266;0.00082305
808;NEP006047SIS;137;266;0.01092911
808;NEP006047SIS;111;267;0.00015765
808;NEP006047SIS;119;267;0.00009317
808;NEP006047SIS;120;267;0.00016118
808;NEP006047SIS;122;267;0.00043169
808;NEP006047SIS;124;267;0.00232715
808;NEP006047SIS;125;267;0.00289671
808;NEP006047SIS;126;267;0.00256751
808;NEP006047SIS;131;267;0.02662223
808;NEP006047SIS;132;267;0.00092222
808;NEP006047SIS;133;267;0.00018379
808;NEP006047SIS;137;267;0.00542218
808;NEP006047SIS;138;267;0.01125219
808;NEP006047SIS;139;267;0.00114758
808;NEP006047SIS;111;268;0.00006542
808;NEP006047SIS;112;268;0.00006083
808;NEP006047SIS;119;268;0.00040226
808;NEP006047SIS;120;268;0.00015963
808;NEP006047SIS;121;268;0.00031163
808;NEP006047SIS;122;268;0.00002988
808;NEP006047SIS;126;268;0.00116583
808;NEP006047SIS;127;268;0.00329576
808;NEP006047SIS;128;268;0.00093744
808;NEP006047SIS;129;268;0.02483192
808;NEP006047SIS;130;268;0.02662400
808;NEP006047SIS;131;268;0.00178616
808;NEP006047SIS;139;268;0.01010461
808;NEP006047SIS;140;268;0.01125219
808;NEP006047SIS;141;268;0.00139241
808;NEP006047SIS;112;269;0.00012625
808;NEP006047SIS;119;269;0.00006151
808;NEP006047SIS;120;269;0.00037852
808;NEP006047SIS;128;269;0.00746861
808;NEP006047SIS;129;269;0.02207077
808;NEP006047SIS;131;269;0.00102475
808;NEP006047SIS;140;269;0.00884435
808;NEP006047SIS;141;269;0.00167861
808;NEP006047SIS;112;270;0.00001192
808;NEP006047SIS;113;270;0.00011433
808;NEP006047SIS;120;270;0.00003353
808;NEP006047SIS;121;270;0.00039680
808;NEP006047SIS;129;270;0.02495373
808;NEP006047SIS;130;270;0.00014290
808;NEP006047SIS;131;270;0.00179765
808;NEP006047SIS;140;270;0.01043957
808;NEP006047SIS;113;271;0.00008466
808;NEP006047SIS;114;271;0.00004159
808;NEP006047SIS;120;271;0.00001279
808;NEP006047SIS;121;271;0.00038692
808;NEP006047SIS;129;271;0.02523255
808;NEP006047SIS;131;271;0.00082745
808;NEP006047SIS;140;271;0.00565115
808;NEP006047SIS;141;271;0.00455398
808;NEP006047SIS;114;272;0.00013171
808;NEP006047SIS;119;272;0.00011139
808;NEP006047SIS;120;272;0.00018154
808;NEP006047SIS;121;272;0.00053679
808;NEP006047SIS;122;272;0.00004261
808;NEP006047SIS;129;272;0.00988676
808;NEP006047SIS;130;272;0.01539718
808;NEP006047SIS;141;272;0.01020513
808;NEP006047SIS;114;273;0.00001194
808;NEP006047SIS;115;273;0.00012255
808;NEP006047SIS;117;273;0.00011535
808;NEP006047SIS;118;273;0.00011930
808;NEP006047SIS;119;273;0.00000791
808;NEP006047SIS;122;273;0.00039863
808;NEP006047SIS;123;273;0.00042308
808;NEP006047SIS;124;273;0.00045182
808;NEP006047SIS;125;273;0.00032479
808;NEP006047SIS;126;273;0.00042414
808;NEP006047SIS;127;273;0.00046399
808;NEP006047SIS;128;273;0.00046399
808;NEP006047SIS;129;273;0.00046399
808;NEP006047SIS;130;273;0.02486778
808;NEP006047SIS;141;273;0.00345470
808;NEP006047SIS;142;273;0.00675043
808;NEP006047SIS;115;274;0.00005262
808;NEP006047SIS;116;274;0.00012294
808;NEP006047SIS;117;274;0.00000395
808;NEP006047SIS;125;274;0.00026736
808;NEP006047SIS;126;274;0.00003985
808;NEP006047SIS;130;274;0.02433017
808;NEP006047SIS;131;274;0.00003686
808;NEP006047SIS;142;274;0.01020513
808;NEP006047SIS;130;275;0.02432983
808;NEP006047SIS;142;275;0.00125826
808;NEP006047SIS;143;275;0.00905377
808;NEP006047SIS;152;275;0.00073885
808;NEP006047SIS;129;276;0.00790396
808;NEP006047SIS;130;276;0.01689913
808;NEP006047SIS;143;276;0.00949078
808;NEP006047SIS;144;276;0.00127773
808;NEP006047SIS;151;276;0.00036048
808;NEP006047SIS;152;276;0.00069539
808;NEP006047SIS;129;277;0.01619980
808;NEP006047SIS;144;277;0.00529726
808;NEP006047SIS;145;277;0.00323472
808;NEP006047SIS;146;277;0.00323472
808;NEP006047SIS;147;277;0.00323472
808;NEP006047SIS;148;277;0.00323472
808;NEP006047SIS;149;277;0.00323469
808;NEP006047SIS;150;277;0.00116904
808;NEP006047SIS;151;277;0.00028863
808;0SF0060490BA;129;172;0.01421089
808;0SF0060490BA;129;173;0.02396881
808;0SF0060490BA;130;173;0.03974476
808;0SF0060490BA;131;173;0.01284143
808;0SF0060490BA;125;174;0.00004539
808;0SF0060490BA;126;174;0.00020924
808;0SF0060490BA;127;174;0.02300596
808;0SF0060490BA;128;174;0.00357512
808;0SF0060490BA;129;174;0.00519762
808;0SF0060490BA;130;174;0.00603573
808;0SF0060490BA;126;175;0.00320907
808;0SF0060490BA;127;175;0.07624041
808;0SF0060490BA;128;175;0.00852187
808;0SF0060490BA;130;175;0.00603573
808;0SF0060490BA;122;176;0.00003190
808;0SF0060490BA;123;176;0.00068440
808;0SF0060490BA;124;176;0.00299792
808;0SF0060490BA;125;176;0.00420600
808;0SF0060490BA;126;176;0.10149333
808;0SF0060490BA;127;176;0.01270444
808;0SF0060490BA;128;176;0.00564977
808;0SF0060490BA;129;176;0.01047052
808;0SF0060490BA;130;176;0.01570028
808;0SF0060490BA;131;176;0.01212946
808;0SF0060490BA;132;176;0.00090684
808;0SF0060490BA;122;177;0.00026054
808;0SF0060490BA;123;177;0.00041427
808;0SF0060490BA;124;177;0.00019248
808;0SF0060490BA;125;177;0.07707003
808;0SF0060490BA;126;177;0.01020029
808;0SF0060490BA;127;177;0.00074373
808;0SF0060490BA;129;177;0.00167312
808;0SF0060490BA;130;177;0.00384746
808;0SF0060490BA;120;178;0.00122139
808;0SF0060490BA;121;178;0.00068969
808;0SF0060490BA;122;178;0.00026333
808;0SF0060490BA;124;178;0.00648431
808;0SF0060490BA;125;178;0.06780741
808;0SF0060490BA;126;178;0.00173497
808;0SF0060490BA;129;178;0.00319494
808;0SF0060490BA;120;179;0.00157689
808;0SF0060490BA;121;179;0.00008055
808;0SF0060490BA;123;179;0.00452250
808;0SF0060490BA;124;179;0.00717770
808;0SF0060490BA;125;179;0.06110795
808;0SF0060490BA;126;179;0.00114305
808;0SF0060490BA;127;179;0.00035258
808;0SF0060490BA;128;179;0.00180116
808;0SF0060490BA;129;179;0.00661915
808;0SF0060490BA;120;180;0.00004804
808;0SF0060490BA;121;180;0.00232751
808;0SF0060490BA;122;180;0.00544957
808;0SF0060490BA;123;180;0.00260264
808;0SF0060490BA;124;180;0.00363472
808;0SF0060490BA;125;180;0.05508060
808;0SF0060490BA;126;180;0.00170527
808;0SF0060490BA;127;180;0.00144857
808;0SF0060490BA;128;180;0.01016489
808;0SF0060490BA;129;180;0.00978150
808;0SF0060490BA;130;180;0.00347231
808;0SF0060490BA;120;181;0.00021762
808;0SF0060490BA;121;181;0.00054869
808;0SF0060490BA;122;181;0.00376988
808;0SF0060490BA;123;181;0.00512831
808;0SF0060490BA;124;181;0.02819746
808;0SF0060490BA;125;181;0.05432753
808;0SF0060490BA;126;181;0.00044758
808;0SF0060490BA;127;181;0.01311973
808;0SF0060490BA;128;181;0.00617649
808;0SF0060490BA;121;182;0.00000812
808;0SF0060490BA;122;182;0.00192364
808;0SF0060490BA;123;182;0.00191985
808;0SF0060490BA;124;182;0.04292948
808;0SF0060490BA;125;182;0.01117731
808;0SF0060490BA;126;182;0.01656395
808;0SF0060490BA;122;183;0.00027899
808;0SF0060490BA;123;183;0.01680446
808;0SF0060490BA;124;183;0.01959264
808;0SF0060490BA;125;183;0.00101897
808;0SF0060490BA;126;183;0.00362261
808;0SF0060490BA;122;184;0.00364475
808;0SF0060490BA;123;184;0.01007471
808;0SF0060490BA;125;184;0.00293208
808;0SF0060490BA;126;184;0.00698689
808;0SF0060490BA;122;185;0.00156306
808;0SF0060490BA;126;185;0.00096680
808;0SF0060490BA;127;185;0.00034633
808;0SF0060430BA;149;140;0.00000053
808;0SF0060430BA;150;140;0.00000007
808;0SF0060430BA;148;141;0.00000050
808;0SF0060430BA;149;141;0.00000097
808;0SF0060430BA;150;141;0.00000534
808;0SF0060430BA;151;141;0.00000741
808;0SF0060430BA;152;141;0.00001249
808;0SF0060430BA;145;142;0.00001311
808;0SF0060430BA;147;142;0.00001071
808;0SF0060430BA;148;142;0.00233978
808;0SF0060430BA;149;142;0.00112565
808;0SF0060430BA;150;142;0.00000308
808;0SF0060430BA;152;142;0.00000050
808;0SF0060430BA;153;142;0.00000063
808;0SF0060430BA;143;143;0.00000002
808;0SF0060430BA;144;143;0.00000003
808;0SF0060430BA;146;143;0.00004441
808;0SF0060430BA;147;143;0.00000031
808;0SF0060430BA;148;143;0.00463004
808;0SF0060430BA;149;143;0.00040406
808;0SF0060430BA;156;143;0.00000001
808;0SF0060430BA;142;144;0.00002043
808;0SF0060430BA;143;144;0.00000560
808;0SF0060430BA;145;144;0.00000058
808;0SF0060430BA;146;144;0.00009620
808;0SF0060430BA;147;144;0.00084059
808;0SF0060430BA;148;144;0.00481303
808;0SF0060430BA;140;145;0.00000012
808;0SF0060430BA;141;145;0.00003413
808;0SF0060430BA;145;145;0.00000274
808;0SF0060430BA;146;145;0.00020708
808;0SF0060430BA;147;145;0.00883356
808;0SF0060430BA;148;145;0.00000805
808;0SF0060430BA;139;146;0.00015477
808;0SF0060430BA;144;146;0.00000125
808;0SF0060430BA;145;146;0.00000109
808;0SF0060430BA;146;146;0.00944032
808;0SF0060430BA;147;146;0.00437262
808;0SF0060430BA;138;147;0.00000157
808;0SF0060430BA;139;147;0.00013712
808;0SF0060430BA;142;147;0.00006103
808;0SF0060430BA;143;147;0.00003072
808;0SF0060430BA;144;147;0.00007280
808;0SF0060430BA;145;147;0.00751143
808;0SF0060430BA;146;147;0.00454604
808;0SF0060430BA;137;148;0.00031627
808;0SF0060430BA;138;148;0.00005861
808;0SF0060430BA;139;148;0.00045338
808;0SF0060430BA;140;148;0.00210162
808;0SF0060430BA;141;148;0.00063293
808;0SF0060430BA;142;148;0.00277004
808;0SF0060430BA;143;148;0.00099877
808;0SF0060430BA;144;148;0.01162858
808;0SF0060430BA;145;148;0.00639181
808;0SF0060430BA;146;148;0.00017383
808;0SF0060430BA;136;149;0.00009541
808;0SF0060430BA;137;149;0.00000397
808;0SF0060430BA;138;149;0.00019662
808;0SF0060430BA;139;149;0.00152263
808;0SF0060430BA;140;149;0.00760050
808;0SF0060430BA;141;149;0.00256590
808;0SF0060430BA;142;149;0.00668472
808;0SF0060430BA;143;149;0.01474307
808;0SF0060430BA;144;149;0.00525169
808;0SF0060430BA;145;149;0.00007056
808;0SF0060430BA;146;149;0.00002887
808;0SF0060430BA;135;150;0.00000454
808;0SF0060430BA;136;150;0.00000094
808;0SF0060430BA;137;150;0.00002909
808;0SF0060430BA;138;150;0.00067118
808;0SF0060430BA;139;150;0.00921735
808;0SF0060430BA;140;150;0.03537302
808;0SF0060430BA;141;150;0.01733129
808;0SF0060430BA;142;150;0.00986769
808;0SF0060430BA;143;150;0.02073636
808;0SF0060430BA;144;150;0.00091356
808;0SF0060430BA;135;151;0.00006390
808;0SF0060430BA;137;151;0.02093757
808;0SF0060430BA;138;151;0.02845255
808;0SF0060430BA;139;151;0.02477696
808;0SF0060430BA;140;151;0.00987381
808;0SF0060430BA;141;151;0.02968267
808;0SF0060430BA;142;151;0.02802760
808;0SF0060430BA;143;151;0.01832338
808;0SF0060430BA;144;151;0.00014259
808;0SF0060430BA;135;152;0.00001648
808;0SF0060430BA;136;152;0.02563038
808;0SF0060430BA;137;152;0.01604097
808;0SF0060430BA;138;152;0.01366758
808;0SF0060430BA;139;152;0.02537128
808;0SF0060430BA;140;152;0.05031030
808;0SF0060430BA;141;152;0.05119102
808;0SF0060430BA;142;152;0.02534619
808;0SF0060430BA;143;152;0.00345996
808;0SF0060430BA;135;153;0.01894348
808;0SF0060430BA;136;153;0.01316398
808;0SF0060430BA;137;153;0.03463981
808;0SF0060430BA;138;153;0.05565925
808;0SF0060430BA;139;153;0.04272107
808;0SF0060430BA;140;153;0.03183208
808;0SF0060430BA;141;153;0.07139458
808;0SF0060430BA;142;153;0.03089229
808;0SF0060430BA;135;154;0.00262480
808;0SF0060430BA;136;154;0.01372614
808;0SF0060430BA;137;154;0.03660216
808;0SF0060430BA;140;154;0.00008608
808;0SF0060430BA;141;154;0.04580729
808;0SF0060430BA;142;154;0.02236446
808;0SV0060570YS;147;177;0.00022679
808;0SV0060570YS;148;177;0.00015997
808;0SV0060570YS;148;178;0.00178113
808;0SV0060570YS;149;178;0.00034393
808;0SV0060570YS;150;178;0.00000354
808;0SV0060570YS;148;179;0.00002575
808;0SV0060570YS;149;179;0.00124637
808;0SV0060570YS;150;179;0.00012442
808;0SV0060570YS;148;180;0.00005611
808;0SV0060570YS;149;180;0.00181976
808;0SV0060570YS;150;180;0.00142196
808;0SV0060570YS;149;181;0.00129631
808;0SV0060570YS;150;181;0.00222440
808;0SV0060570YS;139;182;0.00050838
808;0SV0060570YS;149;182;0.00167529
808;0SV0060570YS;150;182;0.00019285
808;0SV0060570YS;138;183;0.00074421
808;0SV0060570YS;139;183;0.00066242
808;0SV0060570YS;140;183;0.00229857
808;0SV0060570YS;141;183;0.01241446
808;0SV0060570YS;144;183;0.00028387
808;0SV0060570YS;145;183;0.03527815
808;0SV0060570YS;146;183;0.00304061
808;0SV0060570YS;149;183;0.00632799
808;0SV0060570YS;150;183;0.00005540
808;0SV0060570YS;140;184;0.00015232
808;0SV0060570YS;141;184;0.00825743
808;0SV0060570YS;142;184;0.00423278
808;0SV0060570YS;143;184;0.00425323
808;0SV0060570YS;144;184;0.00733851
808;0SV0060570YS;145;184;0.04350421
808;0SV0060570YS;146;184;0.08077771
808;0SV0060570YS;147;184;0.07560150
808;0SV0060570YS;148;184;0.07565982
808;0SV0060570YS;149;184;0.10309957
808;0SV0060570YS;150;184;0.07922702
808;0SV0060570YS;140;185;0.00045257
808;0SV0060570YS;141;185;0.00781767
808;0SV0060570YS;142;185;0.00056816
808;0SV0060570YS;143;185;0.00057067
808;0SV0060570YS;144;185;0.00146655
808;0SV0060570YS;145;185;0.01713335
808;0SV0060570YS;146;185;0.00186714
808;0SV0060570YS;149;185;0.03056528
808;0SV0060570YS;150;185;0.00747366
808;0SV0060570YS;140;186;0.00036387
808;0SV0060570YS;141;186;0.00776626
808;0SV0060570YS;142;186;0.00111675
808;0SV0060570YS;143;186;0.00140654
808;0SV0060570YS;144;186;0.00520264
808;0SV0060570YS;145;186;0.01763208
808;0SV0060570YS;146;186;0.00297026
808;0SV0060570YS;148;186;0.00050678
808;0SV0060570YS;149;186;0.00052092
808;0SV0060570YS;140;187;0.00436044
808;0SV0060570YS;141;187;0.01103968
808;0SV0060570YS;142;187;0.00441037
808;0SV0060570YS;143;187;0.00543089
808;0SV0060570YS;144;187;0.01150919
808;0SV0060570YS;145;187;0.04954138
808;0SV0060570YS;146;187;0.04455415
808;0SV0060570YS;147;187;0.04030205
808;0SV0060570YS;148;187;0.01053911
808;0SV0060570YS;137;188;0.00217420
808;0SV0060570YS;138;188;0.00285799
808;0SV0060570YS;139;188;0.00392789
808;0SV0060570YS;140;188;0.00183183
808;0SV0060570YS;141;188;0.00350883
808;0SV0060570YS;143;188;0.00013246
808;0SV0060570YS;144;188;0.01307110
808;0SV0060570YS;145;188;0.01525047
808;0SV0060570YS;146;188;0.00203633
808;0SV0060570YS;136;189;0.00010860
808;0SV0060570YS;137;189;0.00116805
808;0SV0060570YS;139;189;0.00010028
808;0SV0060570YS;140;189;0.00028835
808;0SV0060570YS;141;189;0.00354715
808;0SV0060570YS;143;189;0.00681511
808;0SV0060570YS;144;189;0.00704437
808;0SV0060570YS;145;189;0.00314629
808;0SV0060570YS;146;189;0.00198162
808;0SV0060570YS;136;190;0.00112587
808;0SV0060570YS;139;190;0.00011321
808;0SV0060570YS;140;190;0.00048806
808;0SV0060570YS;141;190;0.00405634
808;0SV0060570YS;142;190;0.00380535
808;0SV0060570YS;143;190;0.01206874
808;0SV0060570YS;144;190;0.00142569
808;0SV0060570YS;145;190;0.00451338
808;0SV0060570YS;146;190;0.00356491
808;0SV0060570YS;136;191;0.00069845
808;0SV0060570YS;139;191;0.00004716
808;0SV0060570YS;141;191;0.00277972
808;0SV0060570YS;142;191;0.01353629
808;0SV0060570YS;145;191;0.00009139
808;0SV0060570YS;146;191;0.00003311
808;0SV0060570YS;135;192;0.00016336
808;0SV0060570YS;136;192;0.00019448
808;0SV0060570YS;139;192;0.00009871
808;0SV0060570YS;141;192;0.01650440
808;0SV0060570YS;142;192;0.00020176
808;0SV0060570YS;144;192;0.00010987
808;0SV0060570YS;145;192;0.00009914
808;0SV0060570YS;134;193;0.00006600
808;0SV0060570YS;135;193;0.00036541
808;0SV0060570YS;139;193;0.00011396
808;0SV0060570YS;140;193;0.01086357
808;0SV0060570YS;141;193;0.00409456
808;0SV0060570YS;143;193;0.00010899
808;0SV0060570YS;144;193;0.00004236
808;0SV0060570YS;133;194;0.00015737
808;0SV0060570YS;134;194;0.00034695
808;0SV0060570YS;140;194;0.00568961
808;0SV0060570YS;143;194;0.00003576
808;0NC006023MEN;108;190;0.00026438
808;0NC006023MEN;107;191;0.00052290
808;0NC006023MEN;108;191;0.00051453
808;0NC006023MEN;106;192;0.00094615
808;0NC006023MEN;107;192;0.00021064
808;0NC006023MEN;105;193;0.00042457
808;0NC006023MEN;106;193;0.00037021
808;0NC006023MEN;118;193;0.02630364
808;0NC006023MEN;104;194;0.00004070
808;0NC006023MEN;105;194;0.00021357
808;0NC006023MEN;113;194;0.00121980
808;0NC006023MEN;114;194;0.00164144
808;0NC006023MEN;115;194;0.00164144
808;0NC006023MEN;116;194;0.00133529
808;0NC006023MEN;118;194;0.02533212
808;0NC006023MEN;104;195;0.00024221
808;0NC006023MEN;107;195;0.00027246
808;0NC006023MEN;108;195;0.00080333
808;0NC006023MEN;112;195;0.00091934
808;0NC006023MEN;113;195;0.00092220
808;0NC006023MEN;117;195;0.02365326
808;0NC006023MEN;118;195;0.01177895
808;0NC006023MEN;104;196;0.00087370
808;0NC006023MEN;105;196;0.00167100
808;0NC006023MEN;108;196;0.00238112
808;0NC006023MEN;109;196;0.00318445
808;0NC006023MEN;110;196;0.00150204
808;0NC006023MEN;112;196;0.00184154
808;0NC006023MEN;117;196;0.03854531
808;0NC006023MEN;118;196;0.01225821
808;0NC006023MEN;119;196;0.01097466
808;0NC006023MEN;105;197;0.00301656
808;0NC006023MEN;110;197;0.00168241
808;0NC006023MEN;111;197;0.00916959
808;0NC006023MEN;112;197;0.00586523
808;0NC006023MEN;113;197;0.00367861
808;0NC006023MEN;116;197;0.02313401
808;0NC006023MEN;117;197;0.00313770
808;0NC006023MEN;105;198;0.00303464
808;0NC006023MEN;110;198;0.00618873
808;0NC006023MEN;111;198;0.00260318
808;0NC006023MEN;113;198;0.00184066
808;0NC006023MEN;114;198;0.00534960
808;0NC006023MEN;116;198;0.02611874
808;0NC006023MEN;104;199;0.00119746
808;0NC006023MEN;105;199;0.00193889
808;0NC006023MEN;109;199;0.00576677
808;0NC006023MEN;110;199;0.00278636
808;0NC006023MEN;114;199;0.00259842
808;0NC006023MEN;115;199;0.02860836
808;0NC006023MEN;116;199;0.00090409
808;0NC006023MEN;104;200;0.00315023
808;0NC006023MEN;108;200;0.00389347
808;0NC006023MEN;109;200;0.00401607
808;0NC006023MEN;115;200;0.03043245
808;0NC006023MEN;116;200;0.00043513
808;0NC006023MEN;104;201;0.00264978
808;0NC006023MEN;105;201;0.00013118
808;0NC006023MEN;106;201;0.00050790
808;0NC006023MEN;107;201;0.00098133
808;0NC006023MEN;108;201;0.00560433
808;0NC006023MEN;115;201;0.05792217
808;0NC006023MEN;103;202;0.00161380
808;0NC006023MEN;104;202;0.00119471
808;0NC006023MEN;105;202;0.00041699
808;0NC006023MEN;107;202;0.00061161
808;0NC006023MEN;115;202;0.03354874
808;0NC006023MEN;117;202;0.00152944
808;0NC006023MEN;118;202;0.01030115
808;0NC006023MEN;103;203;0.00507012
808;0NC006023MEN;107;203;0.00058568
808;0NC006023MEN;115;203;0.03763722
808;0NC006023MEN;116;203;0.01208090
808;0NC006023MEN;117;203;0.01293843
808;0NC006023MEN;103;204;0.00862246
808;0NC006023MEN;104;204;0.00013248
808;0NC006023MEN;105;204;0.00029689
808;0NC006023MEN;106;204;0.00062479
808;0NC006023MEN;107;204;0.00052744
808;0NC006023MEN;113;204;0.00061179
808;0NC006023MEN;114;204;0.02358107
808;0NC006023MEN;115;204;0.00634723
808;0NC006023MEN;117;204;0.00653599
808;0NC006023MEN;103;205;0.00849942
808;0NC006023MEN;104;205;0.00048333
808;0NC006023MEN;105;205;0.00033416
808;0NC006023MEN;106;205;0.00029647
808;0NC006023MEN;113;205;0.02224351
808;0NC006023MEN;117;205;0.00383865
808;0NC006023MEN;102;206;0.00040405
808;0NC006023MEN;103;206;0.00489589
808;0NC006023MEN;106;206;0.00057432
808;0NC006023MEN;107;206;0.00478341
808;0NC006023MEN;108;206;0.00478341
808;0NC006023MEN;109;206;0.00241032
808;0NC006023MEN;113;206;0.02204358
808;0NC006023MEN;102;207;0.00918071
808;0NC006023MEN;105;207;0.00491220
808;0NC006023MEN;106;207;0.00460663
808;0NC006023MEN;109;207;0.00398540
808;0NC006023MEN;110;207;0.00280925
808;0NC006023MEN;112;207;0.01495149
808;0NC006023MEN;113;207;0.00851418
808;0NC006023MEN;102;208;0.00216273
808;0NC006023MEN;103;208;0.01339401
808;0NC006023MEN;104;208;0.00535598
808;0NC006023MEN;105;208;0.00158499
808;0NC006023MEN;110;208;0.00221367
808;0NC006023MEN;111;208;0.00375299
808;0NC006023MEN;112;208;0.02007456
808;0NC006023MEN;103;209;0.01155383
808;0NC006023MEN;112;209;0.02042020
808;0NC006023MEN;103;210;0.00807791
808;0NC006023MEN;111;210;0.00094307
808;0NC006023MEN;112;210;0.01494417
808;0NC006023MEN;103;211;0.00064305
808;0NC006023MEN;104;211;0.00124943
808;0NC006023MEN;111;211;0.01352214
808;0NC006023MEN;103;212;0.00024628
808;0NC006023MEN;104;212;0.00145224
808;0NC006023MEN;110;212;0.00596548
808;0NC006023MEN;111;212;0.00915262
808;0NC006023MEN;103;213;0.00187861
808;0NC006023MEN;110;213;0.01021342
808;0NC006023MEN;111;213;0.00127231
808;0NC006023MEN;112;213;0.00417970
808;0NC006023MEN;103;214;0.00138352
808;0NC006023MEN;107;214;0.00004546
808;0NC006023MEN;108;214;0.00009111
808;0NC006023MEN;109;214;0.00002228
808;0NC006023MEN;110;214;0.01021410
808;0NC006023MEN;112;214;0.00411079
808;0NC006023MEN;103;215;0.00200215
808;0NC006023MEN;104;215;0.00006315
808;0NC006023MEN;105;215;0.00006315
808;0NC006023MEN;106;215;0.00007177
808;0NC006023MEN;107;215;0.00003450
808;0NC006023MEN;109;215;0.00166376
808;0NC006023MEN;110;215;0.01027422
808;0NC006023MEN;112;215;0.00389372
808;0NC006023MEN;103;216;0.00167096
808;0NC006023MEN;109;216;0.00811317
808;0NC006023MEN;110;216;0.00016897
808;0NC006023MEN;112;216;0.00160032
808;0NC006023MEN;103;217;0.00173544
808;0NC006023MEN;109;217;0.00783835
808;0NC006023MEN;102;218;0.00080670
808;0NC006023MEN;103;218;0.00094428
808;0NC006023MEN;108;218;0.00447267
808;0NC006023MEN;109;218;0.00268963
808;0NC006023MEN;102;219;0.00039477
808;0NC006023MEN;103;219;0.00055878
808;0NC006023MEN;104;219;0.00002610
808;0NC006023MEN;106;219;0.00755861
808;0NC006023MEN;107;219;0.00716567
808;0NC006023MEN;108;219;0.00923659
808;0NC006023MEN;104;220;0.00060590
808;0NC006023MEN;105;220;0.00945900
808;0NC006023MEN;106;220;0.00028330
808;0NC006023MEN;104;221;0.00698236
808;0NC006023MEN;105;221;0.00447585
808;0NC006023MEN;104;222;0.00891965
808;0NC006023MEN;103;223;0.00484013
808;0NC006023MEN;104;223;0.00426881
808;0NC006023MEN;103;224;0.00324830
808;0NC006023MEN;104;224;0.00324003
808;0SV006034SAC;147;172;0.00079392
808;0SV006034SAC;148;172;0.00060944
808;0SV006034SAC;149;172;0.00003037
808;0SV006034SAC;146;173;0.00061555
808;0SV006034SAC;147;173;0.00079928
808;0SV006034SAC;148;173;0.00092918
808;0SV006034SAC;148;174;0.00025293
808;0SV006034SAC;149;174;0.00058447
808;0SV006034SAC;148;175;0.00004077
808;0SV006034SAC;149;175;0.00083723
808;0SV006034SAC;150;175;0.00091600
808;0SV006034SAC;152;175;0.00028616
808;0SV006034SAC;153;175;0.00061554
808;0SV006034SAC;154;175;0.00044189
808;0SV006034SAC;155;175;0.00077309
808;0SV006034SAC;148;176;0.00003756
808;0SV006034SAC;149;176;0.00008153
808;0SV006034SAC;150;176;0.00135555
808;0SV006034SAC;151;176;0.00770361
808;0SV006034SAC;152;176;0.00000293
808;0SV006034SAC;154;176;0.00498001
808;0SV006034SAC;155;176;0.00275253
808;0SV006034SAC;156;176;0.00014953
808;0SV006034SAC;149;177;0.00016018
808;0SV006034SAC;150;177;0.00015101
808;0SV006034SAC;151;177;0.00494735
808;0SV006034SAC;152;177;0.00030128
808;0SV006034SAC;153;177;0.00018075
808;0SV006034SAC;154;177;0.00727929
808;0SV006034SAC;155;177;0.00031086
808;0SV006034SAC;156;177;0.00041593
808;0SV006034SAC;157;177;0.00008392
808;0SV006034SAC;149;178;0.00022260
808;0SV006034SAC;150;178;0.00013201
808;0SV006034SAC;151;178;0.00483188
808;0SV006034SAC;152;178;0.00016795
808;0SV006034SAC;153;178;0.00001299
808;0SV006034SAC;154;178;0.00737231
808;0SV006034SAC;155;178;0.00021791
808;0SV006034SAC;156;178;0.00024030
808;0SV006034SAC;157;178;0.00015627
808;0SV006034SAC;158;178;0.00005105
808;0SV006034SAC;159;178;0.00001722
808;0SV006034SAC;150;179;0.00022445
808;0SV006034SAC;151;179;0.00632637
808;0SV006034SAC;152;179;0.00151522
808;0SV006034SAC;153;179;0.00913304
808;0SV006034SAC;154;179;0.00108878
808;0SV006034SAC;155;179;0.00018463
808;0SV006034SAC;156;179;0.00017754
808;0SV006034SAC;157;179;0.00006300
808;0SV006034SAC;159;179;0.00000354
808;0SV006034SAC;160;179;0.00001703
808;0SV006034SAC;150;180;0.00003547
808;0SV006034SAC;151;180;0.01261603
808;0SV006034SAC;152;180;0.01087013
808;0SV006034SAC;153;180;0.01400460
808;0SV006034SAC;154;180;0.00281150
808;0SV006034SAC;155;180;0.00109085
808;0SV006034SAC;156;180;0.00036452
808;0SV006034SAC;157;180;0.00012007
808;0SV006034SAC;150;181;0.00699795
808;0SV006034SAC;151;181;0.00636017
808;0SV006034SAC;152;181;0.02149422
808;0SV006034SAC;153;181;0.00652273
808;0SV006034SAC;154;181;0.00306191
808;0SV006034SAC;155;181;0.00294499
808;0SV006034SAC;156;181;0.00004886
808;0SV006034SAC;157;181;0.00023999
808;0SV006034SAC;149;182;0.00024039
808;0SV006034SAC;150;182;0.01612298
808;0SV006034SAC;151;182;0.01583274
808;0SV006034SAC;152;182;0.02184061
808;0SV006034SAC;153;182;0.00557321
808;0SV006034SAC;154;182;0.00285719
808;0SV006034SAC;155;182;0.00133783
808;0SV006034SAC;156;182;0.00388715
808;0SV006034SAC;157;182;0.00161107
808;0SV006034SAC;158;182;0.00118797
808;0SV006034SAC;159;182;0.00139808
808;0SV006034SAC;160;182;0.00296278
808;0SV006034SAC;149;183;0.00015296
808;0SV006034SAC;150;183;0.01763663
808;0SV006034SAC;151;183;0.02821200
808;0SV006034SAC;152;183;0.01172359
808;0SV006034SAC;153;183;0.00830343
808;0SV006034SAC;154;183;0.00546111
808;0SV006034SAC;155;183;0.00193457
808;0SV006034SAC;156;183;0.00174994
808;0SV006034SAC;157;183;0.00134317
808;0SV006034SAC;159;183;0.00022451
808;0SV006034SAC;160;183;0.00002115
808;0SV006034SAC;150;184;0.02932349
808;0SV006034SAC;151;184;0.05036455
808;0SV006034SAC;152;184;0.03047291
808;0SV006034SAC;153;184;0.03058076
808;0SV006034SAC;154;184;0.02550594
808;0SV006034SAC;155;184;0.00759200
808;0SV006034SAC;156;184;0.00221441
808;0SV006034SAC;157;184;0.00152748
808;0SV006034SAC;158;184;0.00021303
808;0SV006034SAC;159;184;0.00003373
808;0SV006034SAC;149;185;0.00246369
808;0SV006034SAC;150;185;0.02639699
808;0SV006034SAC;151;185;0.01802089
808;0SV006034SAC;152;185;0.03028800
808;0SV006034SAC;153;185;0.01159873
808;0SV006034SAC;154;185;0.00553668
808;0SV006034SAC;155;185;0.02833914
808;0SV006034SAC;156;185;0.00777698
808;0SV006034SAC;157;185;0.00182747
808;0SV006034SAC;158;185;0.00195088
808;0SV006034SAC;159;185;0.00012853
808;0SV006034SAC;148;186;0.00000825
808;0SV006034SAC;149;186;0.00023463
808;0SV006034SAC;150;186;0.03143981
808;0SV006034SAC;151;186;0.01909193
808;0SV006034SAC;152;186;0.02589684
808;0SV006034SAC;153;186;0.03333861
808;0SV006034SAC;154;186;0.01016757
808;0SV006034SAC;155;186;0.01210091
808;0SV006034SAC;156;186;0.01675997
808;0SV006034SAC;157;186;0.01572709
808;0SV006034SAC;158;186;0.01316523
808;0SV006034SAC;159;186;0.00931741
808;0SV006034SAC;148;187;0.00615247
808;0SV006034SAC;149;187;0.00883217
808;0SV006034SAC;150;187;0.01034048
808;0SV006034SAC;151;187;0.00346350
808;0SV006034SAC;152;187;0.00385704
808;0SV006034SAC;153;187;0.01834240
808;0SV006034SAC;154;187;0.03387768
808;0SV006034SAC;155;187;0.01742630
808;0SV006034SAC;156;187;0.01047986
808;0SV006034SAC;157;187;0.00931383
808;0SV006034SAC;158;187;0.00788940
808;0SV006034SAC;159;187;0.00045512
808;0SV006034SAC;148;188;0.00001810
808;0SV006034SAC;149;188;0.00001565
808;0SV006034SAC;150;188;0.00493441
808;0SV006034SAC;151;188;0.00195371
808;0SV006034SAC;152;188;0.00232186
808;0SV006034SAC;153;188;0.00632484
808;0SV006034SAC;154;188;0.01602233
808;0SV006034SAC;155;188;0.01545602
808;0SV006034SAC;156;188;0.00448395
808;0SV006034SAC;157;188;0.00316291
808;0SV006034SAC;158;188;0.00162105
808;0SV006034SAC;159;188;0.00036696
808;0SV006034SAC;148;189;0.00000034
808;0SV006034SAC;150;189;0.00065257
808;0SV006034SAC;151;189;0.00005556
808;0SV006034SAC;152;189;0.00000017
808;SJV006020SJU;175;137;0.00009920
808;SJV006020SJU;176;137;0.00090446
808;SJV006020SJU;177;137;0.00090564
808;SJV006020SJU;178;137;0.00111300
808;SJV006020SJU;179;137;0.00111305
808;SJV006020SJU;180;137;0.00156505
808;SJV006020SJU;181;137;0.00515718
808;SJV006020SJU;182;137;0.00196209
808;SJV006020SJU;183;137;0.00009715
808;SJV006020SJU;184;137;0.01394445
808;SJV006020SJU;173;138;0.00355453
808;SJV006020SJU;174;138;0.00453948
808;SJV006020SJU;175;138;0.00288261
808;SJV006020SJU;176;138;0.00103439
808;SJV006020SJU;180;138;0.00096169
808;SJV006020SJU;181;138;0.00474461
808;SJV006020SJU;182;138;0.00013020
808;SJV006020SJU;183;138;0.05030710
808;SJV006020SJU;184;138;0.01690122
808;SJV006020SJU;185;138;0.01077396
808;SJV006020SJU;186;138;0.01053669
808;SJV006020SJU;187;138;0.00888993
808;SJV006020SJU;174;139;0.00136893
808;SJV006020SJU;176;139;0.00160191
808;SJV006020SJU;177;139;0.00203400
808;SJV006020SJU;178;139;0.00183994
808;SJV006020SJU;179;139;0.00194213
808;SJV006020SJU;180;139;0.00334243
808;SJV006020SJU;181;139;0.00766069
808;SJV006020SJU;182;139;0.04221614
808;SJV006020SJU;183;139;0.01576871
808;SJV006020SJU;184;139;0.00373768
808;SJV006020SJU;185;139;0.00604468
808;SJV006020SJU;186;139;0.00586269
808;SJV006020SJU;187;139;0.02637849
808;SJV006020SJU;174;140;0.00157250
808;SJV006020SJU;175;140;0.00035312
808;SJV006020SJU;176;140;0.00038900
808;SJV006020SJU;177;140;0.00090438
808;SJV006020SJU;178;140;0.00063222
808;SJV006020SJU;179;140;0.00123068
808;SJV006020SJU;180;140;0.00899070
808;SJV006020SJU;181;140;0.05825525
808;SJV006020SJU;182;140;0.02656219
808;SJV006020SJU;183;140;0.00001225
808;SJV006020SJU;185;140;0.00180457
808;SJV006020SJU;187;140;0.01242153
808;SJV006020SJU;174;141;0.00126127
808;SJV006020SJU;177;141;0.00077339
808;SJV006020SJU;178;141;0.00040342
808;SJV006020SJU;179;141;0.00046853
808;SJV006020SJU;180;141;0.03063796
808;SJV006020SJU;181;141;0.05507872
808;SJV006020SJU;182;141;0.01090156
808;SJV006020SJU;183;141;0.00349460
808;SJV006020SJU;184;141;0.00159856
808;SJV006020SJU;185;141;0.00262521
808;SJV006020SJU;186;141;0.00207125
808;SJV006020SJU;187;141;0.01214495
808;SJV006020SJU;188;141;0.00134388
808;SJV006020SJU;189;141;0.00006406
808;SJV006020SJU;172;142;0.00023097
808;SJV006020SJU;173;142;0.00024129
808;SJV006020SJU;174;142;0.00178482
808;SJV006020SJU;175;142;0.00109226
808;SJV006020SJU;176;142;0.00057766
808;SJV006020SJU;177;142;0.00153420
808;SJV006020SJU;178;142;0.00107275
808;SJV006020SJU;179;142;0.02015088
808;SJV006020SJU;180;142;0.02644702
808;SJV006020SJU;181;142;0.00442388
808;SJV006020SJU;182;142;0.00134687
808;SJV006020SJU;183;142;0.00441241
808;SJV006020SJU;184;142;0.00546167
808;SJV006020SJU;185;142;0.00545565
808;SJV006020SJU;186;142;0.00559983
808;SJV006020SJU;187;142;0.02010178
808;SJV006020SJU;188;142;0.00716086
808;SJV006020SJU;189;142;0.00017040
808;SJV006020SJU;172;143;0.00029040
808;SJV006020SJU;174;143;0.00090163
808;SJV006020SJU;175;143;0.00086413
808;SJV006020SJU;176;143;0.00065871
808;SJV006020SJU;177;143;0.00134498
808;SJV006020SJU;178;143;0.01775019
808;SJV006020SJU;179;143;0.02698998
808;SJV006020SJU;180;143;0.00059414
808;SJV006020SJU;181;143;0.00192448
808;SJV006020SJU;182;143;0.00102890
808;SJV006020SJU;183;143;0.00057648
808;SJV006020SJU;184;143;0.00052365
808;SJV006020SJU;187;143;0.01494173
808;SJV006020SJU;172;144;0.00854402
808;SJV006020SJU;173;144;0.00881542
808;SJV006020SJU;174;144;0.00955099
808;SJV006020SJU;175;144;0.00846407
808;SJV006020SJU;176;144;0.01074600
808;SJV006020SJU;177;144;0.01562777
808;SJV006020SJU;178;144;0.03153622
808;SJV006020SJU;179;144;0.00087896
808;SJV006020SJU;181;144;0.00076648
808;SJV006020SJU;183;144;0.00072782
808;SJV006020SJU;184;144;0.00042427
808;SJV006020SJU;185;144;0.00099067
808;SJV006020SJU;186;144;0.00014162
808;SJV006020SJU;187;144;0.00325927
808;SJV006020SJU;188;144;0.01263365
808;SJV006020SJU;174;145;0.00039150
808;SJV006020SJU;175;145;0.00036112
808;SJV006020SJU;176;145;0.01077978
808;SJV006020SJU;177;145;0.03087155
808;SJV006020SJU;178;145;0.00161682
808;SJV006020SJU;179;145;0.00118538
808;SJV006020SJU;180;145;0.00091450
808;SJV006020SJU;181;145;0.00104526
808;SJV006020SJU;182;145;0.00070068
808;SJV006020SJU;183;145;0.00051009
808;SJV006020SJU;184;145;0.00135024
808;SJV006020SJU;185;145;0.00095487
808;SJV006020SJU;186;145;0.00016189
808;SJV006020SJU;188;145;0.01505693
808;SJV006020SJU;189;145;0.00339891
808;SJV006020SJU;176;146;0.00393474
808;SJV006020SJU;178;146;0.00012200
808;SJV006020SJU;179;146;0.00012616
808;SJV006020SJU;184;146;0.00071692
808;SJV006020SJU;185;146;0.00002823
808;SJV006020SJU;186;146;0.00105234
808;SJV006020SJU;187;146;0.00067298
808;SJV006020SJU;188;146;0.01297063
808;SJV006020SJU;189;146;0.00059657
808;SJV006020SJU;190;146;0.00213759
808;SJV006020SJU;193;146;0.00057117
808;SJV006020SJU;184;147;0.00059886
808;SJV006020SJU;186;147;0.00033078
808;SJV006020SJU;187;147;0.00358085
808;SJV006020SJU;188;147;0.00790866
808;SJV006020SJU;189;147;0.00433477
808;SJV006020SJU;190;147;0.00038900
808;SJV006020SJU;191;147;0.00188225
808;SJV006020SJU;192;147;0.00191848
808;SJV006020SJU;193;147;0.00120157
808;SJV006020SJU;194;147;0.00005541
808;SJV006020SJU;184;148;0.00048797
808;SJV006020SJU;185;148;0.00032590
808;SJV006020SJU;186;148;0.00095331
808;SJV006020SJU;187;148;0.00232940
808;SJV006020SJU;188;148;0.00393892
808;SJV006020SJU;189;148;0.00842238
808;SJV006020SJU;192;148;0.00086617
808;SJV006020SJU;193;148;0.00248159
808;SJV006020SJU;183;149;0.00009018
808;SJV006020SJU;184;149;0.00015998
808;SJV006020SJU;185;149;0.00003634
808;SJV006020SJU;186;149;0.00007568
808;SJV006020SJU;187;149;0.00002233
808;SJV006020SJU;188;149;0.00106065
808;SJV006020SJU;189;149;0.01528031
808;SJV006020SJU;190;149;0.00499999
808;SJV006020SJU;191;149;0.00037206
808;SJV006020SJU;192;149;0.00026513
808;SJV006020SJU;193;149;0.00121315
808;SJV006020SJU;187;150;0.00053636
808;SJV006020SJU;190;150;0.01499633
808;SJV006020SJU;191;150;0.00111403
808;SJV006020SJU;192;150;0.00200580
808;SJV006020SJU;193;150;0.00039226
808;SJV006020SJU;187;151;0.00043092
808;SJV006020SJU;188;151;0.00282321
808;SJV006020SJU;189;151;0.00536344
808;SJV006020SJU;190;151;0.01278214
808;SJV006020SJU;191;151;0.00235070
808;SJV006020SJU;192;151;0.00043316
808;SJV006020SJU;188;152;0.00274348
808;SJV006020SJU;190;152;0.00386718
808;SJV006020SJU;188;153;0.00100412
808;SJV006020SJU;190;153;0.00312262
808;SJV006020SJU;190;154;0.00154971
808;0SV0060580FR;150;195;0.01530221
808;0SV0060580FR;149;196;0.00311574
808;0SV0060580FR;150;196;0.03423491
808;0SV0060580FR;151;196;0.00417123
808;0SV0060580FR;152;196;0.04910131
808;0SV0060580FR;153;196;0.00175758
808;0SV0060580FR;149;197;0.00595174
808;0SV0060580FR;150;197;0.04659552
808;0SV0060580FR;151;197;0.04686924
808;0SV0060580FR;152;197;0.00180604
808;0SV0060580FR;153;197;0.00889767
808;0SV0060580FR;154;197;0.00295113
808;0SV0060580FR;149;198;0.01565070
808;0SV0060580FR;150;198;0.08644682
808;0SV0060580FR;151;198;0.00143720
808;0SV0060580FR;152;198;0.00076386
808;0SV0060580FR;153;198;0.00009964
808;0SV0060580FR;154;198;0.00756263
808;0SV0060580FR;149;199;0.15593950
808;0SV0060580FR;150;199;0.04788819
808;0SV0060580FR;151;199;0.01037117
808;0SV0060580FR;152;199;0.00813039
808;0SV0060580FR;154;199;0.00759230
808;0SV0060580FR;148;200;0.03016931
808;0SV0060580FR;149;200;0.13321741
808;0SV0060580FR;150;200;0.00430094
808;0SV0060580FR;151;200;0.00885525
808;0SV0060580FR;152;200;0.00894943
808;0SV0060580FR;153;200;0.00027759
808;0SV0060580FR;154;200;0.00431248
808;0SV0060580FR;149;201;0.02369246
808;0SV0060580FR;150;201;0.02240636
808;0SV0060580FR;153;201;0.00812714
808;0SV0060580FR;154;201;0.00810326
808;0SV0060580FR;155;201;0.01025938
808;0SV0060580FR;148;202;0.01275301
808;0SV0060580FR;149;202;0.00884097
808;0SV0060580FR;150;202;0.01029535
808;0SV0060580FR;151;202;0.01040033
808;0SV0060580FR;152;202;0.00617691
808;0SV0060580FR;153;202;0.00282455
808;0SV0060580FR;154;202;0.00226946
808;0SV0060580FR;149;203;0.02147093
808;0SV0060580FR;150;203;0.00150861
808;0SV0060580FR;151;203;0.00915204
808;0SV0060580FR;152;203;0.00598288
808;0SV0060580FR;153;203;0.00758700
808;0SV0060580FR;149;204;0.01276992
808;0SV0060580FR;150;204;0.00045380
808;0SV0060580FR;151;204;0.00313383
808;0SV0060580FR;152;204;0.00692412
808;0SV0060580FR;153;204;0.01083457
808;0SV0060580FR;154;204;0.00297179
808;0SV0060580FR;151;205;0.00054150
808;0SV0060580FR;152;205;0.00046656
808;0SV0060580FR;153;205;0.00195600
808;0SV0060580FR;154;205;0.01027129
808;0SV0060580FR;155;205;0.00217797
808;0SV0060580FR;156;205;0.00037905
808;0SV0060580FR;157;205;0.00034643
808;0SV0060580FR;158;205;0.00020399
808;0SV0060580FR;154;206;0.00736877
808;0SV0060580FR;155;206;0.00038890
808;0SV0060580FR;156;206;0.00215423
808;0SV0060580FR;157;206;0.00305097
808;0SV0060580FR;158;206;0.00370421
808;0SV0060580FR;155;207;0.00225403
808;0SV0060580FR;158;207;0.00095847
808;0SV0060580FR;159;207;0.00077325
808;0SV0060580FR;159;208;0.00003244
808;0SV0060580FR;160;208;0.00088506
808;0SV0060580FR;160;209;0.00042912
808;SJV006054SJU;194;109;0.00011178
808;SJV006054SJU;196;109;0.00002360
808;SJV006054SJU;197;109;0.00019836
808;SJV006054SJU;198;109;0.00013735
808;SJV006054SJU;199;109;0.00668143
808;SJV006054SJU;200;109;0.00051042
808;SJV006054SJU;201;109;0.00050804
808;SJV006054SJU;202;109;0.00133414
808;SJV006054SJU;203;109;0.00142918
808;SJV006054SJU;208;109;0.00003616
808;SJV006054SJU;209;109;0.00047076
808;SJV006054SJU;194;110;0.00015108
808;SJV006054SJU;196;110;0.00036768
808;SJV006054SJU;197;110;0.00058383
808;SJV006054SJU;198;110;0.00067613
808;SJV006054SJU;199;110;0.01185816
808;SJV006054SJU;200;110;0.00104620
808;SJV006054SJU;201;110;0.00125762
808;SJV006054SJU;202;110;0.00152305
808;SJV006054SJU;203;110;0.00339986
808;SJV006054SJU;208;110;0.00027380
808;SJV006054SJU;209;110;0.00016669
808;SJV006054SJU;193;111;0.00020473
808;SJV006054SJU;194;111;0.00068549
808;SJV006054SJU;195;111;0.00018197
808;SJV006054SJU;196;111;0.00043212
808;SJV006054SJU;198;111;0.00007362
808;SJV006054SJU;199;111;0.01166277
808;SJV006054SJU;200;111;0.00037926
808;SJV006054SJU;201;111;0.00053757
808;SJV006054SJU;202;111;0.00039539
808;SJV006054SJU;203;111;0.00347876
808;SJV006054SJU;207;111;0.00043238
808;SJV006054SJU;208;111;0.00017596
808;SJV006054SJU;209;111;0.00046302
808;SJV006054SJU;210;111;0.00055433
808;SJV006054SJU;211;111;0.00055467
808;SJV006054SJU;193;112;0.00001382
808;SJV006054SJU;194;112;0.00011964
808;SJV006054SJU;195;112;0.00107695
808;SJV006054SJU;196;112;0.00100299
808;SJV006054SJU;197;112;0.00102864
808;SJV006054SJU;198;112;0.01316640
808;SJV006054SJU;199;112;0.00343761
808;SJV006054SJU;200;112;0.00088917
808;SJV006054SJU;201;112;0.00127039
808;SJV006054SJU;202;112;0.00106320
808;SJV006054SJU;203;112;0.00421601
808;SJV006054SJU;204;112;0.00140079
808;SJV006054SJU;205;112;0.00058200
808;SJV006054SJU;206;112;0.00065150
808;SJV006054SJU;207;112;0.00047098
808;SJV006054SJU;208;112;0.00032838
808;SJV006054SJU;209;112;0.00027331
808;SJV006054SJU;210;112;0.00055214
808;SJV006054SJU;211;112;0.00056293
808;SJV006054SJU;193;113;0.00001687
808;SJV006054SJU;194;113;0.00015300
808;SJV006054SJU;195;113;0.00034379
808;SJV006054SJU;196;113;0.00000325
808;SJV006054SJU;198;113;0.01451438
808;SJV006054SJU;199;113;0.00006536
808;SJV006054SJU;201;113;0.00042809
808;SJV006054SJU;202;113;0.00022072
808;SJV006054SJU;203;113;0.00346899
808;SJV006054SJU;204;113;0.00084120
808;SJV006054SJU;206;113;0.00015166
808;SJV006054SJU;208;113;0.00036364
808;SJV006054SJU;209;113;0.00042891
808;SJV006054SJU;194;114;0.00051995
808;SJV006054SJU;196;114;0.00000282
808;SJV006054SJU;197;114;0.00016752
808;SJV006054SJU;198;114;0.01587638
808;SJV006054SJU;199;114;0.00090961
808;SJV006054SJU;200;114;0.00070097
808;SJV006054SJU;201;114;0.00114461
808;SJV006054SJU;202;114;0.00109356
808;SJV006054SJU;203;114;0.00494415
808;SJV006054SJU;204;114;0.00186701
808;SJV006054SJU;205;114;0.00066071
808;SJV006054SJU;206;114;0.00002907
808;SJV006054SJU;207;114;0.00055284
808;SJV006054SJU;208;114;0.00025223
808;SJV006054SJU;193;115;0.00021508
808;SJV006054SJU;194;115;0.00046519
808;SJV006054SJU;195;115;0.00031543
808;SJV006054SJU;196;115;0.00065177
808;SJV006054SJU;197;115;0.00095032
808;SJV006054SJU;198;115;0.01596481
808;SJV006054SJU;199;115;0.00130163
808;SJV006054SJU;200;115;0.00094839
808;SJV006054SJU;201;115;0.00130048
808;SJV006054SJU;202;115;0.00188286
808;SJV006054SJU;203;115;0.00084003
808;SJV006054SJU;204;115;0.00670280
808;SJV006054SJU;205;115;0.00026080
808;SJV006054SJU;206;115;0.00074207
808;SJV006054SJU;207;115;0.00042569
808;SJV006054SJU;208;115;0.00072086
808;SJV006054SJU;209;115;0.00039960
808;SJV006054SJU;193;116;0.00155503
808;SJV006054SJU;194;116;0.00119293
808;SJV006054SJU;195;116;0.00134593
808;SJV006054SJU;196;116;0.00136095
808;SJV006054SJU;197;116;0.00234513
808;SJV006054SJU;198;116;0.01924292
808;SJV006054SJU;199;116;0.00316477
808;SJV006054SJU;200;116;0.00293948
808;SJV006054SJU;201;116;0.00331469
808;SJV006054SJU;202;116;0.00325672
808;SJV006054SJU;203;116;0.00565537
808;SJV006054SJU;204;116;0.01908131
808;SJV006054SJU;205;116;0.00458610
808;SJV006054SJU;206;116;0.00346877
808;SJV006054SJU;207;116;0.00039793
808;SJV006054SJU;208;116;0.00024105
808;SJV006054SJU;193;117;0.00016494
808;SJV006054SJU;197;117;0.01416025
808;SJV006054SJU;198;117;0.00295812
808;SJV006054SJU;199;117;0.00050948
808;SJV006054SJU;200;117;0.00039163
808;SJV006054SJU;201;117;0.00099592
808;SJV006054SJU;202;117;0.00080142
808;SJV006054SJU;203;117;0.00444652
808;SJV006054SJU;204;117;0.01709449
808;SJV006054SJU;205;117;0.00079788
808;SJV006054SJU;206;117;0.00009544
808;SJV006054SJU;207;117;0.00194122
808;SJV006054SJU;208;117;0.00034816
808;SJV006054SJU;193;118;0.00097280
808;SJV006054SJU;194;118;0.00088486
808;SJV006054SJU;195;118;0.00133719
808;SJV006054SJU;196;118;0.00144330
808;SJV006054SJU;197;118;0.01941366
808;SJV006054SJU;198;118;0.00065823
808;SJV006054SJU;199;118;0.00082386
808;SJV006054SJU;201;118;0.00081438
808;SJV006054SJU;202;118;0.00006290
808;SJV006054SJU;203;118;0.01335037
808;SJV006054SJU;204;118;0.00041592
808;SJV006054SJU;205;118;0.00026802
808;SJV006054SJU;206;118;0.00033425
808;SJV006054SJU;207;118;0.00038708
808;SJV006054SJU;208;118;0.00037455
808;SJV006054SJU;209;118;0.00031283
808;SJV006054SJU;193;119;0.00005971
808;SJV006054SJU;194;119;0.00037066
808;SJV006054SJU;196;119;0.00004668
808;SJV006054SJU;197;119;0.02025828
808;SJV006054SJU;198;119;0.00049650
808;SJV006054SJU;199;119;0.00134060
808;SJV006054SJU;200;119;0.00071314
808;SJV006054SJU;201;119;0.00139618
808;SJV006054SJU;202;119;0.00200790
808;SJV006054SJU;203;119;0.01186664
808;SJV006054SJU;204;119;0.00052225
808;SJV006054SJU;205;119;0.00029980
808;SJV006054SJU;206;119;0.00000558
808;SJV006054SJU;209;119;0.00024396
808;SJV006054SJU;210;119;0.00002006
808;SJV006054SJU;193;120;0.00036789
808;SJV006054SJU;194;120;0.00184001
808;SJV006054SJU;195;120;0.00196133
808;SJV006054SJU;196;120;0.00259464
808;SJV006054SJU;197;120;0.03230558
808;SJV006054SJU;198;120;0.00693458
808;SJV006054SJU;199;120;0.00587948
808;SJV006054SJU;200;120;0.00481983
808;SJV006054SJU;201;120;0.00737221
808;SJV006054SJU;202;120;0.01569668
808;SJV006054SJU;203;120;0.00157655
808;SJV006054SJU;204;120;0.00009521
808;SJV006054SJU;209;120;0.00016695
808;SJV006054SJU;195;121;0.00082360
808;SJV006054SJU;196;121;0.00286298
808;SJV006054SJU;197;121;0.03145606
808;SJV006054SJU;198;121;0.00811634
808;SJV006054SJU;199;121;0.00278869
808;SJV006054SJU;200;121;0.00194421
808;SJV006054SJU;201;121;0.00426606
808;SJV006054SJU;202;121;0.00435143
808;SJV006054SJU;203;121;0.00023496
808;SJV006054SJU;206;121;0.00000224
808;SJV006054SJU;207;121;0.00016116
808;SJV006054SJU;208;121;0.00012177
808;SJV006054SJU;209;121;0.00002142
808;SJV006054SJU;193;122;0.00035480
808;SJV006054SJU;194;122;0.00015956
808;SJV006054SJU;195;122;0.00133640
808;SJV006054SJU;196;122;0.02205645
808;SJV006054SJU;197;122;0.00934334
808;SJV006054SJU;198;122;0.00783314
808;SJV006054SJU;199;122;0.00378085
808;SJV006054SJU;200;122;0.00063992
808;SJV006054SJU;201;122;0.00484310
808;SJV006054SJU;202;122;0.00302807
808;SJV006054SJU;203;122;0.00007774
808;SJV006054SJU;204;122;0.00009505
808;SJV006054SJU;205;122;0.00011123
808;SJV006054SJU;206;122;0.00010996
808;SJV006054SJU;194;123;0.00266761
808;SJV006054SJU;195;123;0.01075634
808;SJV006054SJU;196;123;0.03396979
808;SJV006054SJU;197;123;0.03958911
808;SJV006054SJU;198;123;0.03255541
808;SJV006054SJU;199;123;0.02285074
808;SJV006054SJU;200;123;0.01653403
808;SJV006054SJU;201;123;0.01766635
808;SJV006054SJU;202;123;0.00577506
808;SJV006054SJU;203;123;0.00042921
808;SJV006054SJU;194;124;0.00042572
808;SJV006054SJU;195;124;0.02070275
808;SJV006054SJU;196;124;0.00855663
808;SJV006054SJU;197;124;0.00936461
808;SJV006054SJU;198;124;0.01261753
808;SJV006054SJU;199;124;0.00330907
808;SJV006054SJU;200;124;0.00208368
808;SJV006054SJU;201;124;0.00223578
808;SJV006054SJU;202;124;0.00120647
808;SJV006054SJU;203;124;0.00215249
808;SJV006054SJU;204;124;0.00014863
808;SJV006054SJU;194;125;0.00647582
808;SJV006054SJU;195;125;0.01093163
808;SJV006054SJU;196;125;0.00478839
808;SJV006054SJU;197;125;0.00144479
808;SJV006054SJU;198;125;0.00572056
808;SJV006054SJU;199;125;0.00287790
808;SJV006054SJU;200;125;0.00239761
808;SJV006054SJU;201;125;0.00243622
808;SJV006054SJU;202;125;0.00143833
808;SJV006054SJU;203;125;0.00004978
808;SJV006054SJU;204;125;0.00167238
808;SJV006054SJU;205;125;0.00227758
808;SJV006054SJU;207;125;0.00031941
808;SJV006054SJU;208;125;0.00024269
808;SJV006054SJU;194;126;0.01760900
808;SJV006054SJU;196;126;0.00429615
808;SJV006054SJU;197;126;0.00056283
808;SJV006054SJU;198;126;0.00465749
808;SJV006054SJU;199;126;0.00102628
808;SJV006054SJU;200;126;0.00035761
808;SJV006054SJU;201;126;0.00090345
808;SJV006054SJU;202;126;0.00321935
808;SJV006054SJU;203;126;0.00067324
808;SJV006054SJU;204;126;0.00129133
808;SJV006054SJU;205;126;0.00032110
808;SJV006054SJU;206;126;0.00227733
808;SJV006054SJU;207;126;0.00033174
808;SJV006054SJU;193;127;0.00678286
808;SJV006054SJU;194;127;0.01187724
808;SJV006054SJU;195;127;0.00032308
808;SJV006054SJU;196;127;0.00458145
808;SJV006054SJU;197;127;0.00068684
808;SJV006054SJU;198;127;0.00436278
808;SJV006054SJU;199;127;0.00030201
808;SJV006054SJU;200;127;0.00027549
808;SJV006054SJU;201;127;0.00050989
808;SJV006054SJU;202;127;0.00093141
808;SJV006054SJU;204;127;0.00020009
808;SJV006054SJU;206;127;0.00053629
808;SJV006054SJU;207;127;0.00058733
808;SJV006054SJU;192;128;0.00238895
808;SJV006054SJU;193;128;0.00990317
808;SJV006054SJU;194;128;0.00555622
808;SJV006054SJU;195;128;0.00157941
808;SJV006054SJU;196;128;0.00549903
808;SJV006054SJU;197;128;0.00054532
808;SJV006054SJU;198;128;0.00442286
808;SJV006054SJU;199;128;0.00157545
808;SJV006054SJU;200;128;0.00093409
808;SJV006054SJU;201;128;0.00054225
808;SJV006054SJU;202;128;0.00007956
808;SJV006054SJU;204;128;0.00019901
808;SJV006054SJU;207;128;0.00002246
808;SJV006054SJU;208;128;0.00022609
808;SJV006054SJU;193;129;0.00101167
808;SJV006054SJU;194;129;0.00583475
808;SJV006054SJU;195;129;0.00518410
808;SJV006054SJU;196;129;0.01002503
808;SJV006054SJU;197;129;0.00388148
808;SJV006054SJU;198;129;0.00692275
808;SJV006054SJU;199;129;0.00100515
808;SJV006054SJU;200;129;0.00018297
808;SJV006054SJU;201;129;0.00008028
808;SJV006054SJU;202;129;0.00001357
808;SJV006054SJU;204;129;0.00022392
808;SJV006054SJU;194;130;0.00064038
808;SJV006054SJU;195;130;0.00110776
808;SJV006054SJU;196;130;0.00437421
808;SJV006054SJU;197;130;0.00162900
808;SJV006054SJU;198;130;0.00165494
808;SJV006054SJU;199;130;0.00000082
808;SJV006054SJU;200;130;0.00026753
808;SJV006054SJU;201;130;0.00051713
808;SJV006054SJU;202;130;0.00004701
808;SJV006054SJU;204;130;0.00024985
808;SJV006054SJU;198;131;0.00088722
808;SJV006054SJU;202;131;0.00045630
808;SJV006054SJU;203;131;0.00043023
808;SJV006054SJU;204;131;0.00035063
808;SJV006054SJU;198;132;0.00025602
808;SJV006054SJU;204;132;0.00037622
808;0SD0060370SD;251;21;0.00000012
808;0SD0060370SD;250;22;0.00016891
808;0SD0060370SD;251;22;0.00302887
808;0SD0060370SD;252;22;0.00480513
808;0SD0060370SD;253;22;0.00366231
808;0SD0060370SD;254;22;0.00268489
808;0SD0060370SD;255;22;0.00000276
808;0SD0060370SD;249;23;0.00007352
808;0SD0060370SD;250;23;0.00248078
808;0SD0060370SD;251;23;0.00312245
808;0SD0060370SD;252;23;0.00558950
808;0SD0060370SD;253;23;0.00087496
808;0SD0060370SD;254;23;0.00006721
808;0SD0060370SD;260;23;0.00007233
808;0SD0060370SD;261;23;0.00038719
808;0SD0060370SD;263;23;0.00015792
808;0SD0060370SD;264;23;0.00021188
808;0SD0060370SD;249;24;0.00032370
808;0SD0060370SD;250;24;0.00751243
808;0SD0060370SD;251;24;0.00646578
808;0SD0060370SD;252;24;0.00396831
808;0SD0060370SD;253;24;0.00258304
808;0SD0060370SD;254;24;0.00027320
808;0SD0060370SD;255;24;0.00005767
808;0SD0060370SD;256;24;0.00000480
808;0SD0060370SD;258;24;0.00010882
808;0SD0060370SD;259;24;0.00010055
808;0SD0060370SD;260;24;0.00002923
808;0SD0060370SD;261;24;0.00027714
808;0SD0060370SD;262;24;0.00034650
808;0SD0060370SD;263;24;0.00018326
808;0SD0060370SD;264;24;0.00023070
808;0SD0060370SD;265;24;0.00032654
808;0SD0060370SD;267;24;0.00000001
808;0SD0060370SD;271;24;0.00000238
808;0SD0060370SD;247;25;0.00000027
808;0SD0060370SD;248;25;0.00046711
808;0SD0060370SD;249;25;0.00215799
808;0SD0060370SD;250;25;0.01363610
808;0SD0060370SD;251;25;0.01011161
808;0SD0060370SD;252;25;0.00382762
808;0SD0060370SD;253;25;0.00314121
808;0SD0060370SD;254;25;0.00005580
808;0SD0060370SD;256;25;0.00010200
808;0SD0060370SD;257;25;0.00013843
808;0SD0060370SD;258;25;0.00003440
808;0SD0060370SD;259;25;0.00000401
808;0SD0060370SD;264;25;0.00001946
808;0SD0060370SD;265;25;0.00024399
808;0SD0060370SD;266;25;0.00052832
808;0SD0060370SD;267;25;0.00039259
808;0SD0060370SD;268;25;0.00009564
808;0SD0060370SD;270;25;0.00000316
808;0SD0060370SD;271;25;0.00132293
808;0SD0060370SD;272;25;0.00255233
808;0SD0060370SD;273;25;0.00199043
808;0SD0060370SD;246;26;0.00000023
808;0SD0060370SD;247;26;0.00043856
808;0SD0060370SD;248;26;0.00156322
808;0SD0060370SD;249;26;0.01673443
808;0SD0060370SD;250;26;0.02115653
808;0SD0060370SD;251;26;0.00179154
808;0SD0060370SD;252;26;0.00466172
808;0SD0060370SD;253;26;0.00012067
808;0SD0060370SD;254;26;0.00000017
808;0SD0060370SD;255;26;0.00004475
808;0SD0060370SD;256;26;0.00006637
808;0SD0060370SD;257;26;0.00000054
808;0SD0060370SD;258;26;0.00000553
808;0SD0060370SD;259;26;0.00000216
808;0SD0060370SD;264;26;0.00003669
808;0SD0060370SD;266;26;0.00000014
808;0SD0060370SD;267;26;0.00000029
808;0SD0060370SD;268;26;0.00086473
808;0SD0060370SD;269;26;0.00272808
808;0SD0060370SD;270;26;0.00242980
808;0SD0060370SD;271;26;0.00135650
808;0SD0060370SD;273;26;0.00097692
808;0SD0060370SD;247;27;0.00227381
808;0SD0060370SD;248;27;0.01570155
808;0SD0060370SD;249;27;0.00881686
808;0SD0060370SD;250;27;0.01583259
808;0SD0060370SD;251;27;0.00455542
808;0SD0060370SD;252;27;0.00743304
808;0SD0060370SD;253;27;0.00148466
808;0SD0060370SD;254;27;0.00060056
808;0SD0060370SD;255;27;0.00014099
808;0SD0060370SD;256;27;0.00003257
808;0SD0060370SD;257;27;0.00001974
808;0SD0060370SD;258;27;0.00000498
808;0SD0060370SD;259;27;0.00000152
808;0SD0060370SD;260;27;0.00000171
808;0SD0060370SD;264;27;0.00078917
808;0SD0060370SD;265;27;0.00227032
808;0SD0060370SD;266;27;0.00207111
808;0SD0060370SD;267;27;0.00219949
808;0SD0060370SD;268;27;0.00166380
808;0SD0060370SD;269;27;0.00000011
808;0SD0060370SD;270;27;0.00000001
808;0SD0060370SD;246;28;0.00004503
808;0SD0060370SD;247;28;0.00270872
808;0SD0060370SD;248;28;0.00775869
808;0SD0060370SD;249;28;0.02200942
808;0SD0060370SD;250;28;0.01664864
808;0SD0060370SD;251;28;0.00587999
808;0SD0060370SD;252;28;0.00893424
808;0SD0060370SD;253;28;0.00454413
808;0SD0060370SD;254;28;0.00039286
808;0SD0060370SD;255;28;0.00015639
808;0SD0060370SD;256;28;0.00008360
808;0SD0060370SD;257;28;0.00000081
808;0SD0060370SD;258;28;0.00000216
808;0SD0060370SD;259;28;0.00000261
808;0SD0060370SD;260;28;0.00000261
808;0SD0060370SD;264;28;0.00213574
808;0SD0060370SD;265;28;0.00000009
808;0SD0060370SD;269;28;0.00000001
808;0SD0060370SD;246;29;0.00030184
808;0SD0060370SD;247;29;0.01161239
808;0SD0060370SD;248;29;0.00472013
808;0SD0060370SD;249;29;0.01845851
808;0SD0060370SD;250;29;0.01025423
808;0SD0060370SD;251;29;0.00034310
808;0SD0060370SD;252;29;0.00228677
808;0SD0060370SD;253;29;0.00843081
808;0SD0060370SD;254;29;0.00496496
808;0SD0060370SD;255;29;0.00051622
808;0SD0060370SD;256;29;0.00005792
808;0SD0060370SD;257;29;0.00001903
808;0SD0060370SD;258;29;0.00000658
808;0SD0060370SD;259;29;0.00000102
808;0SD0060370SD;260;29;0.00000178
808;0SD0060370SD;261;29;0.00000221
808;0SD0060370SD;263;29;0.00022905
808;0SD0060370SD;264;29;0.00242049
808;0SD0060370SD;265;29;0.00000002
808;0SD0060370SD;246;30;0.00072086
808;0SD0060370SD;247;30;0.01098225
808;0SD0060370SD;248;30;0.02058116
808;0SD0060370SD;249;30;0.01068667
808;0SD0060370SD;250;30;0.02183268
808;0SD0060370SD;251;30;0.00761018
808;0SD0060370SD;252;30;0.00843624
808;0SD0060370SD;253;30;0.00567280
808;0SD0060370SD;254;30;0.00166516
808;0SD0060370SD;255;30;0.00364673
808;0SD0060370SD;256;30;0.00280991
808;0SD0060370SD;257;30;0.00301404
808;0SD0060370SD;258;30;0.00230226
808;0SD0060370SD;259;30;0.00221421
808;0SD0060370SD;260;30;0.00206908
808;0SD0060370SD;261;30;0.00231701
808;0SD0060370SD;262;30;0.00206957
808;0SD0060370SD;263;30;0.00188462
808;0SD0060370SD;264;30;0.00000264
808;0SD0060370SD;265;30;0.00000043
808;0SD0060370SD;271;30;0.00000001
808;0SD0060370SD;272;30;0.00000001
808;0SD0060370SD;273;30;0.00000001
808;0SD0060370SD;247;31;0.02034723
808;0SD0060370SD;248;31;0.01013093
808;0SD0060370SD;249;31;0.00391343
808;0SD0060370SD;250;31;0.01807373
808;0SD0060370SD;251;31;0.00000218
808;0SD0060370SD;253;31;0.00001720
808;0SD0060370SD;254;31;0.00134003
808;0SD0060370SD;255;31;0.00021746
808;0SD0060370SD;256;31;0.00000291
808;0SD0060370SD;260;31;0.00000018
808;0SD0060370SD;261;31;0.00000398
808;0SD0060370SD;262;31;0.00011406
808;0SD0060370SD;264;31;0.00000078
808;0SD0060370SD;265;31;0.00000175
808;0SD0060370SD;266;31;0.00000092
808;0SD0060370SD;271;31;0.00000001
808;0SD0060370SD;246;32;0.00050025
808;0SD0060370SD;247;32;0.02274293
808;0SD0060370SD;248;32;0.00048762
808;0SD0060370SD;249;32;0.00144448
808;0SD0060370SD;250;32;0.01726904
808;0SD0060370SD;251;32;0.00249280
808;0SD0060370SD;252;32;0.00037574
808;0SD0060370SD;253;32;0.00105182
808;0SD0060370SD;254;32;0.00020146
808;0SD0060370SD;255;32;0.00034646
808;0SD0060370SD;260;32;0.00000016
808;0SD0060370SD;261;32;0.00000001
808;0SD0060370SD;262;32;0.00009819
808;0SD0060370SD;264;32;0.00000004
808;0SD0060370SD;265;32;0.00000025
808;0SD0060370SD;270;32;0.00000001
808;0SD0060370SD;246;33;0.01483450
808;0SD0060370SD;247;33;0.00460095
808;0SD0060370SD;248;33;0.00287794
808;0SD0060370SD;249;33;0.00284347
808;0SD0060370SD;250;33;0.01837612
808;0SD0060370SD;251;33;0.00195961
808;0SD0060370SD;252;33;0.00105332
808;0SD0060370SD;253;33;0.00118391
808;0SD0060370SD;255;33;0.00006241
808;0SD0060370SD;256;33;0.00018291
808;0SD0060370SD;260;33;0.00000001
808;0SD0060370SD;261;33;0.00000001
808;0SD0060370SD;262;33;0.00011353
808;0SD0060370SD;263;33;0.00000002
808;0SD0060370SD;264;33;0.00000020
808;0SD0060370SD;269;33;0.00000001
808;0SD0060370SD;245;34;0.00000181
808;0SD0060370SD;246;34;0.02008201
808;0SD0060370SD;247;34;0.00065190
808;0SD0060370SD;248;34;0.00068020
808;0SD0060370SD;249;34;0.00070493
808;0SD0060370SD;250;34;0.01621967
808;0SD0060370SD;251;34;0.00050783
808;0SD0060370SD;252;34;0.00017221
808;0SD0060370SD;253;34;0.00075589
808;0SD0060370SD;254;34;0.00028845
808;0SD0060370SD;255;34;0.00008205
808;0SD0060370SD;256;34;0.00032175
808;0SD0060370SD;257;34;0.00002525
808;0SD0060370SD;260;34;0.00000001
808;0SD0060370SD;261;34;0.00000012
808;0SD0060370SD;262;34;0.00013727
808;0SD0060370SD;263;34;0.00000022
808;0SD0060370SD;265;34;0.00000033
808;0SD0060370SD;268;34;0.00000001
808;0SD0060370SD;245;35;0.00931501
808;0SD0060370SD;246;35;0.00953958
808;0SD0060370SD;247;35;0.00048294
808;0SD0060370SD;248;35;0.00043268
808;0SD0060370SD;249;35;0.00058747
808;0SD0060370SD;250;35;0.01428556
808;0SD0060370SD;251;35;0.00048563
808;0SD0060370SD;252;35;0.00000790
808;0SD0060370SD;253;35;0.00015788
808;0SD0060370SD;254;35;0.00028745
808;0SD0060370SD;255;35;0.00039566
808;0SD0060370SD;256;35;0.00006762
808;0SD0060370SD;257;35;0.00001086
808;0SD0060370SD;260;35;0.00000053
808;0SD0060370SD;261;35;0.00000153
808;0SD0060370SD;262;35;0.00009558
808;0SD0060370SD;263;35;0.00000001
808;0SD0060370SD;265;35;0.00000115
808;0SD0060370SD;266;35;0.00000003
808;0SD0060370SD;245;36;0.01724898
808;0SD0060370SD;246;36;0.00202936
808;0SD0060370SD;247;36;0.00056646
808;0SD0060370SD;248;36;0.00026689
808;0SD0060370SD;249;36;0.00044592
808;0SD0060370SD;250;36;0.01502806
808;0SD0060370SD;251;36;0.00060830
808;0SD0060370SD;252;36;0.00031703
808;0SD0060370SD;253;36;0.00004890
808;0SD0060370SD;254;36;0.00021462
808;0SD0060370SD;255;36;0.00031472
808;0SD0060370SD;256;36;0.00015569
808;0SD0060370SD;257;36;0.00006575
808;0SD0060370SD;258;36;0.00008659
808;0SD0060370SD;260;36;0.00000030
808;0SD0060370SD;261;36;0.00003196
808;0SD0060370SD;262;36;0.00011425
808;0SD0060370SD;265;36;0.00000034
808;0SD0060370SD;266;36;0.00000040
808;0SD0060370SD;244;37;0.00407171
808;0SD0060370SD;245;37;0.01507358
808;0SD0060370SD;246;37;0.00343714
808;0SD0060370SD;247;37;0.00152740
808;0SD0060370SD;248;37;0.00036079
808;0SD0060370SD;249;37;0.00216567
808;0SD0060370SD;250;37;0.01572835
808;0SD0060370SD;251;37;0.00075815
808;0SD0060370SD;252;37;0.00034630
808;0SD0060370SD;253;37;0.00031840
808;0SD0060370SD;254;37;0.00020745
808;0SD0060370SD;255;37;0.00000129
808;0SD0060370SD;256;37;0.00000011
808;0SD0060370SD;257;37;0.00003044
808;0SD0060370SD;258;37;0.00000110
808;0SD0060370SD;259;37;0.00010173
808;0SD0060370SD;260;37;0.00013600
808;0SD0060370SD;261;37;0.00010537
808;0SD0060370SD;262;37;0.00003874
808;0SD0060370SD;263;37;0.00003538
808;0SD0060370SD;264;37;0.00003647
808;0SD0060370SD;265;37;0.00000296
808;0SD0060370SD;244;38;0.01416895
808;0SD0060370SD;245;38;0.00199174
808;0SD0060370SD;246;38;0.00222389
808;0SD0060370SD;247;38;0.00790545
808;0SD0060370SD;248;38;0.00884720
808;0SD0060370SD;249;38;0.00842238
808;0SD0060370SD;250;38;0.00597007
808;0SD0060370SD;251;38;0.00080562
808;0SD0060370SD;252;38;0.00000022
808;0SD0060370SD;256;38;0.00000004
808;0SD0060370SD;257;38;0.00000013
808;0SD0060370SD;259;38;0.00003734
808;0SD0060370SD;263;38;0.00000116
808;0SD0060370SD;264;38;0.00000042
808;0SD0060370SD;265;38;0.00005175
808;0SD0060370SD;266;38;0.00002505
808;0SD0060370SD;267;38;0.00001091
808;0SD0060370SD;268;38;0.00000668
808;0SD0060370SD;243;39;0.00952523
808;0SD0060370SD;244;39;0.01356035
808;0SD0060370SD;245;39;0.00642762
808;0SD0060370SD;246;39;0.00652650
808;0SD0060370SD;247;39;0.00397715
808;0SD0060370SD;248;39;0.00079795
808;0SD0060370SD;249;39;0.00570616
808;0SD0060370SD;250;39;0.00005452
808;0SD0060370SD;251;39;0.00038602
808;0SD0060370SD;252;39;0.00034709
808;0SD0060370SD;253;39;0.00005347
808;0SD0060370SD;257;39;0.00000002
808;0SD0060370SD;258;39;0.00000005
808;0SD0060370SD;259;39;0.00004321
808;0SD0060370SD;262;39;0.00000117
808;0SD0060370SD;263;39;0.00000004
808;0SD0060370SD;266;39;0.00001121
808;0SD0060370SD;267;39;0.00002519
808;0SD0060370SD;268;39;0.00001219
808;0SD0060370SD;269;39;0.00002151
808;0SD0060370SD;270;39;0.00001993
808;0SD0060370SD;271;39;0.00001995
808;0SD0060370SD;272;39;0.00001152
808;0SD0060370SD;242;40;0.00482070
808;0SD0060370SD;243;40;0.01141078
808;0SD0060370SD;244;40;0.00173415
808;0SD0060370SD;245;40;0.00128471
808;0SD0060370SD;246;40;0.00126540
808;0SD0060370SD;247;40;0.00031498
808;0SD0060370SD;248;40;0.00168057
808;0SD0060370SD;249;40;0.00404611
808;0SD0060370SD;250;40;0.00000185
808;0SD0060370SD;251;40;0.00039078
808;0SD0060370SD;252;40;0.00017293
808;0SD0060370SD;253;40;0.00014765
808;0SD0060370SD;257;40;0.00000087
808;0SD0060370SD;258;40;0.00005306
808;0SD0060370SD;259;40;0.00002834
808;0SD0060370SD;261;40;0.00000374
808;0SD0060370SD;262;40;0.00000889
808;0SD0060370SD;263;40;0.00000785
808;0SD0060370SD;264;40;0.00000422
808;0SD0060370SD;265;40;0.00000305
808;0SD0060370SD;267;40;0.00001766
808;0SD0060370SD;268;40;0.00000518
808;0SD0060370SD;269;40;0.00000202
808;0SD0060370SD;241;41;0.00207371
808;0SD0060370SD;242;41;0.01188443
808;0SD0060370SD;243;41;0.00172336
808;0SD0060370SD;244;41;0.00011081
808;0SD0060370SD;245;41;0.00170635
808;0SD0060370SD;246;41;0.00167349
808;0SD0060370SD;247;41;0.00082352
808;0SD0060370SD;248;41;0.00549097
808;0SD0060370SD;249;41;0.00018920
808;0SD0060370SD;250;41;0.00016277
808;0SD0060370SD;251;41;0.00022570
808;0SD0060370SD;252;41;0.00000524
808;0SD0060370SD;253;41;0.00017575
808;0SD0060370SD;256;41;0.00001499
808;0SD0060370SD;257;41;0.00005323
808;0SD0060370SD;259;41;0.00005207
808;0SD0060370SD;260;41;0.00001201
808;0SD0060370SD;261;41;0.00000942
808;0SD0060370SD;262;41;0.00000163
808;0SD0060370SD;264;41;0.00000772
808;0SD0060370SD;265;41;0.00001378
808;0SD0060370SD;266;41;0.00001963
808;0SD0060370SD;267;41;0.00002046
808;0SD0060370SD;241;42;0.01369064
808;0SD0060370SD;242;42;0.00007140
808;0SD0060370SD;243;42;0.00069097
808;0SD0060370SD;244;42;0.00108603
808;0SD0060370SD;245;42;0.00106629
808;0SD0060370SD;246;42;0.00023775
808;0SD0060370SD;247;42;0.00094184
808;0SD0060370SD;248;42;0.00456342
808;0SD0060370SD;249;42;0.00000585
808;0SD0060370SD;250;42;0.00002788
808;0SD0060370SD;251;42;0.00019014
808;0SD0060370SD;252;42;0.00003013
808;0SD0060370SD;253;42;0.00011439
808;0SD0060370SD;254;42;0.00006668
808;0SD0060370SD;255;42;0.00004817
808;0SD0060370SD;256;42;0.00002817
808;0SD0060370SD;257;42;0.00000667
808;0SD0060370SD;259;42;0.00001052
808;0SD0060370SD;260;42;0.00002120
808;0SD0060370SD;261;42;0.00000012
808;0SD0060370SD;265;42;0.00000180
808;0SD0060370SD;266;42;0.00002194
808;0SD0060370SD;267;42;0.00000496
808;0SD0060370SD;268;42;0.00000003
808;0SD0060370SD;239;43;0.00190221
808;0SD0060370SD;240;43;0.01317819
808;0SD0060370SD;241;43;0.00155086
808;0SD0060370SD;242;43;0.00023639
808;0SD0060370SD;243;43;0.00021275
808;0SD0060370SD;244;43;0.00042480
808;0SD0060370SD;245;43;0.00067477
808;0SD0060370SD;246;43;0.00065373
808;0SD0060370SD;247;43;0.00055318
808;0SD0060370SD;248;43;0.00512994
808;0SD0060370SD;249;43;0.00018963
808;0SD0060370SD;250;43;0.00000125
808;0SD0060370SD;251;43;0.00006045
808;0SD0060370SD;252;43;0.00012724
808;0SD0060370SD;253;43;0.00000531
808;0SD0060370SD;254;43;0.00000022
808;0SD0060370SD;255;43;0.00000086
808;0SD0060370SD;258;43;0.00000249
808;0SD0060370SD;259;43;0.00001346
808;0SD0060370SD;266;43;0.00000065
808;0SD0060370SD;267;43;0.00000027
808;0SD0060370SD;238;44;0.00675671
808;0SD0060370SD;239;44;0.01171816
808;0SD0060370SD;240;44;0.00051892
808;0SD0060370SD;241;44;0.00018630
808;0SD0060370SD;242;44;0.00003451
808;0SD0060370SD;245;44;0.00025756
808;0SD0060370SD;246;44;0.00105169
808;0SD0060370SD;247;44;0.00011024
808;0SD0060370SD;248;44;0.00455396
808;0SD0060370SD;249;44;0.00021746
808;0SD0060370SD;250;44;0.00017720
808;0SD0060370SD;251;44;0.00013140
808;0SD0060370SD;252;44;0.00000063
808;0SD0060370SD;254;44;0.00000009
808;0SD0060370SD;255;44;0.00000032
808;0SD0060370SD;257;44;0.00000370
808;0SD0060370SD;258;44;0.00001365
808;0SD0060370SD;266;44;0.00000003
808;0SD0060370SD;238;45;0.00032934
808;0SD0060370SD;239;45;0.00054848
808;0SD0060370SD;240;45;0.00012397
808;0SD0060370SD;244;45;0.00003272
808;0SD0060370SD;245;45;0.00008287
808;0SD0060370SD;246;45;0.00014998
808;0SD0060370SD;247;45;0.00065506
808;0SD0060370SD;248;45;0.00426457
808;0SD0060370SD;249;45;0.00000005
808;0SD0060370SD;250;45;0.00000598
808;0SD0060370SD;256;45;0.00000006
808;0SD0060370SD;257;45;0.00000164
808;0SD0060370SD;258;45;0.00000382
808;0SD0060370SD;259;45;0.00000075
808;0SD0060370SD;239;46;0.00006307
808;0SD0060370SD;240;46;0.00005468
808;0SD0060370SD;241;46;0.00005165
808;0SD0060370SD;242;46;0.00002525
808;0SD0060370SD;243;46;0.00006001
808;0SD0060370SD;244;46;0.00010772
808;0SD0060370SD;246;46;0.00000125
808;0SD0060370SD;248;46;0.00152215
808;0SD0060370SD;250;46;0.00000089
808;0SD0060370SD;242;47;0.00003389
808;0SD0060370SD;243;47;0.00000026
808;0SD0060370SD;244;47;0.00003074
808;0MC006032NSI;168;214;0.00025522
808;0MC006032NSI;168;215;0.00198848
808;0MC006032NSI;170;215;0.00812224
808;0MC006032NSI;171;215;0.00539195
808;0MC006032NSI;173;215;0.00022798
808;0MC006032NSI;174;215;0.00936421
808;0MC006032NSI;177;215;0.03680072
808;0MC006032NSI;178;215;0.00443304
808;0MC006032NSI;168;216;0.00048861
808;0MC006032NSI;169;216;0.01054192
808;0MC006032NSI;170;216;0.00729396
808;0MC006032NSI;174;216;0.01098234
808;0MC006032NSI;178;216;0.05673424
808;0MC006032NSI;169;217;0.02348874
808;0MC006032NSI;170;217;0.00744468
808;0MC006032NSI;171;217;0.00744468
808;0MC006032NSI;172;217;0.00273855
808;0MC006032NSI;173;217;0.00010827
808;0MC006032NSI;174;217;0.01057232
808;0MC006032NSI;177;217;0.00139290
808;0MC006032NSI;178;217;0.07027771
808;0MC006032NSI;179;217;0.05807111
808;0MC006032NSI;180;217;0.00641429
808;0MC006032NSI;168;218;0.02119453
808;0MC006032NSI;169;218;0.00088818
808;0MC006032NSI;173;218;0.00066072
808;0MC006032NSI;174;218;0.00524746
808;0MC006032NSI;175;218;0.00242833
808;0MC006032NSI;176;218;0.00242833
808;0MC006032NSI;177;218;0.00103544
808;0MC006032NSI;153;219;0.00943503
808;0MC006032NSI;166;219;0.00934337
808;0MC006032NSI;167;219;0.01899027
808;0MC006032NSI;168;219;0.00882900
808;0MC006032NSI;153;220;0.00216702
808;0MC006032NSI;154;220;0.01848672
808;0MC006032NSI;165;220;0.01355905
808;0MC006032NSI;166;220;0.01363318
808;0MC006032NSI;154;221;0.01312995
808;0MC006032NSI;155;221;0.00752379
808;0MC006032NSI;162;221;0.02080419
808;0MC006032NSI;163;221;0.01797341
808;0MC006032NSI;164;221;0.01851349
808;0MC006032NSI;165;221;0.01028629
808;0MC006032NSI;155;222;0.02065374
808;0MC006032NSI;162;222;0.02722953
808;0MC006032NSI;155;223;0.00343914
808;0MC006032NSI;156;223;0.00208977
808;0MC006032NSI;157;223;0.00180726
808;0MC006032NSI;158;223;0.00180726
808;0MC006032NSI;159;223;0.00180726
808;0MC006032NSI;160;223;0.00173596
808;0MC006032NSI;162;223;0.02933831
808;0MC006032NSI;160;224;0.00007130
808;0MC006032NSI;161;224;0.00180726
808;0MC006032NSI;162;224;0.02722420
808;0MC006032NSI;162;225;0.02647387
808;0MC006032NSI;162;226;0.02647387
808;0MC006032NSI;159;227;0.00376470
808;0MC006032NSI;160;227;0.02859201
808;0MC006032NSI;161;227;0.02640025
808;0MC006032NSI;162;227;0.01947981
808;0MC006032NSI;158;228;0.00737993
808;0MC006032NSI;159;228;0.01212040
808;0MC006032NSI;160;228;0.01318037
808;0MC006032NSI;157;229;0.01120578
808;0MC006032NSI;158;229;0.00829455
808;0MC006032NSI;160;229;0.01318037
808;0MC006032NSI;154;230;0.01074697
808;0MC006032NSI;155;230;0.01922953
808;0MC006032NSI;156;230;0.01836172
808;0MC006032NSI;157;230;0.00446870
808;0MC006032NSI;160;230;0.01318037
808;0MC006032NSI;156;231;0.00176571
808;0MC006032NSI;157;231;0.01472882
808;0MC006032NSI;158;231;0.01782002
808;0MC006032NSI;159;231;0.01550981
808;0MC006032NSI;160;231;0.01149554
808;NCC006035MBU;161;122;0.00013907
808;NCC006035MBU;162;122;0.00002243
808;NCC006035MBU;163;122;0.00001538
808;NCC006035MBU;160;123;0.00025037
808;NCC006035MBU;162;123;0.00084408
808;NCC006035MBU;160;124;0.00032709
808;NCC006035MBU;161;124;0.00082298
808;NCC006035MBU;162;124;0.00024871
808;NCC006035MBU;163;124;0.00000944
808;NCC006035MBU;164;124;0.00002218
808;NCC006035MBU;165;124;0.00001717
808;NCC006035MBU;166;124;0.00001790
808;NCC006035MBU;160;125;0.00038329
808;NCC006035MBU;161;125;0.00088800
808;NCC006035MBU;162;125;0.00002223
808;NCC006035MBU;163;125;0.00000873
808;NCC006035MBU;166;125;0.00000442
808;NCC006035MBU;167;125;0.00003607
808;NCC006035MBU;168;125;0.00001357
808;NCC006035MBU;160;126;0.00118047
808;NCC006035MBU;161;126;0.00025721
808;NCC006035MBU;167;126;0.00000179
808;NCC006035MBU;168;126;0.00002813
808;NCC006035MBU;156;127;0.00007808
808;NCC006035MBU;157;127;0.00001607
808;NCC006035MBU;159;127;0.00107442
808;NCC006035MBU;160;127;0.00011476
808;NCC006035MBU;165;127;0.00008175
808;NCC006035MBU;166;127;0.00011065
808;NCC006035MBU;167;127;0.00001813
808;NCC006035MBU;168;127;0.00000789
808;NCC006035MBU;156;128;0.00009566
808;NCC006035MBU;157;128;0.00009991
808;NCC006035MBU;158;128;0.00116018
808;NCC006035MBU;159;128;0.00090116
808;NCC006035MBU;160;128;0.00003418
808;NCC006035MBU;164;128;0.00007719
808;NCC006035MBU;165;128;0.00014524
808;NCC006035MBU;157;129;0.00138414
808;NCC006035MBU;158;129;0.00018460
808;NCC006035MBU;164;129;0.00007212
808;NCC006035MBU;156;130;0.00075291
808;NCC006035MBU;157;130;0.00119164
808;NCC006035MBU;164;130;0.00005105
808;NCC006035MBU;165;130;0.00003550
808;NCC006035MBU;156;131;0.00201589
808;NCC006035MBU;160;131;0.00008613
808;NCC006035MBU;161;131;0.00028989
808;NCC006035MBU;162;131;0.00027724
808;NCC006035MBU;163;131;0.00029863
808;NCC006035MBU;164;131;0.00006439
808;NCC006035MBU;155;132;0.00119343
808;NCC006035MBU;156;132;0.00071034
808;NCC006035MBU;157;132;0.00023208
808;NCC006035MBU;158;132;0.00031879
808;NCC006035MBU;159;132;0.00034283
808;NCC006035MBU;160;132;0.00029903
808;NCC006035MBU;163;132;0.00010174
808;NCC006035MBU;154;133;0.00007546
808;NCC006035MBU;155;133;0.00212534
808;NCC006035MBU;156;133;0.00034137
808;NCC006035MBU;157;133;0.00011552
808;NCC006035MBU;153;134;0.00031525
808;NCC006035MBU;154;134;0.00017895
808;NCC006035MBU;155;134;0.00229033
808;NCC006035MBU;156;134;0.00023904
808;NCC006035MBU;157;134;0.00000258
808;NCC006035MBU;150;135;0.00013180
808;NCC006035MBU;152;135;0.00116400
808;NCC006035MBU;153;135;0.00012583
808;NCC006035MBU;154;135;0.00321891
808;NCC006035MBU;155;135;0.00028883
808;NCC006035MBU;156;135;0.00032051
808;NCC006035MBU;157;135;0.00017266
808;NCC006035MBU;150;136;0.00033461
808;NCC006035MBU;151;136;0.00009604
808;NCC006035MBU;152;136;0.00277762
808;NCC006035MBU;153;136;0.00775733
808;NCC006035MBU;154;136;0.00435513
808;NCC006035MBU;155;136;0.00040601
808;NCC006035MBU;148;137;0.00100701
808;NCC006035MBU;149;137;0.05725776
808;NCC006035MBU;150;137;0.06130492
808;NCC006035MBU;151;137;0.03173459
808;NCC006035MBU;152;137;0.06175893
808;NCC006035MBU;153;137;0.01205086
808;NCC006035MBU;154;137;0.00023456
808;NCC006035MBU;155;137;0.00001060
808;NCC006035MBU;147;138;0.08008621
808;NCC006035MBU;148;138;0.18151335
808;NCC006035MBU;149;138;0.01925703
808;NCC006035MBU;150;138;0.00064319
808;NCC006035MBU;151;138;0.05696080
808;NCC006035MBU;152;138;0.08656132
808;NCC006035MBU;153;138;0.00335388
808;NCC006035MBU;154;138;0.00002623
808;NCC006035MBU;147;139;0.00245789
808;NCC006035MBU;148;139;0.03021667
808;NCC006035MBU;149;139;0.07052680
808;NCC006035MBU;151;139;0.06045205
808;NCC006035MBU;152;139;0.03532752
808;NCC006035MBU;153;139;0.00333645
808;NCC006035MBU;154;139;0.00002412
808;NCC006035MBU;155;139;0.00001592
808;NCC006035MBU;150;140;0.04919998
808;NCC006035MBU;151;140;0.01603811
808;NCC006035MBU;152;140;0.03012635
808;NCC006035MBU;153;140;0.00064639
808;NCC006035MBU;154;140;0.00022915
808;NCC006035MBU;151;141;0.00036480
808;NCC006035MBU;152;141;0.00096509
808;0SV006045SHA;120;233;0.00001372
808;0SV006045SHA;121;233;0.00010148
808;0SV006045SHA;122;233;0.00014165
808;0SV006045SHA;123;233;0.00017315
808;0SV006045SHA;134;233;0.00009714
808;0SV006045SHA;135;233;0.01158562
808;0SV006045SHA;120;234;0.00004005
808;0SV006045SHA;123;234;0.00003501
808;0SV006045SHA;124;234;0.00009021
808;0SV006045SHA;125;234;0.00005932
808;0SV006045SHA;130;234;0.00025302
808;0SV006045SHA;131;234;0.00020749
808;0SV006045SHA;132;234;0.00106350
808;0SV006045SHA;133;234;0.00105395
808;0SV006045SHA;134;234;0.00229785
808;0SV006045SHA;135;234;0.02860860
808;0SV006045SHA;136;234;0.00116682
808;0SV006045SHA;137;234;0.00012866
808;0SV006045SHA;141;234;0.00000847
808;0SV006045SHA;125;235;0.00008346
808;0SV006045SHA;126;235;0.00015703
808;0SV006045SHA;127;235;0.00032928
808;0SV006045SHA;128;235;0.00020195
808;0SV006045SHA;130;235;0.00051057
808;0SV006045SHA;131;235;0.00003610
808;0SV006045SHA;132;235;0.00289625
808;0SV006045SHA;133;235;0.00101891
808;0SV006045SHA;134;235;0.00292604
808;0SV006045SHA;135;235;0.04015794
808;0SV006045SHA;136;235;0.00134819
808;0SV006045SHA;137;235;0.00006449
808;0SV006045SHA;138;235;0.00015205
808;0SV006045SHA;139;235;0.00014678
808;0SV006045SHA;140;235;0.00009672
808;0SV006045SHA;141;235;0.00017410
808;0SV006045SHA;142;235;0.00008717
808;0SV006045SHA;143;235;0.00050214
808;0SV006045SHA;144;235;0.00033135
808;0SV006045SHA;145;235;0.00028685
808;0SV006045SHA;146;235;0.00000086
808;0SV006045SHA;150;235;0.00007338
808;0SV006045SHA;151;235;0.00018684
808;0SV006045SHA;152;235;0.00021214
808;0SV006045SHA;128;236;0.00118831
808;0SV006045SHA;129;236;0.00187950
808;0SV006045SHA;130;236;0.00195162
808;0SV006045SHA;131;236;0.00105323
808;0SV006045SHA;132;236;0.00162372
808;0SV006045SHA;133;236;0.01073075
808;0SV006045SHA;134;236;0.04445018
808;0SV006045SHA;135;236;0.01338352
808;0SV006045SHA;136;236;0.00306646
808;0SV006045SHA;137;236;0.00158969
808;0SV006045SHA;138;236;0.00111192
808;0SV006045SHA;139;236;0.00110451
808;0SV006045SHA;140;236;0.00062544
808;0SV006045SHA;141;236;0.00336677
808;0SV006045SHA;142;236;0.00169493
808;0SV006045SHA;143;236;0.00422504
808;0SV006045SHA;144;236;0.00179994
808;0SV006045SHA;146;236;0.00007270
808;0SV006045SHA;151;236;0.00008221
808;0SV006045SHA;152;236;0.00015670
808;0SV006045SHA;153;236;0.00004455
808;0SV006045SHA;130;237;0.00221820
808;0SV006045SHA;131;237;0.00227236
808;0SV006045SHA;132;237;0.00151963
808;0SV006045SHA;133;237;0.02657735
808;0SV006045SHA;134;237;0.04593910
808;0SV006045SHA;135;237;0.00602161
808;0SV006045SHA;136;237;0.00155704
808;0SV006045SHA;137;237;0.00078659
808;0SV006045SHA;138;237;0.00513160
808;0SV006045SHA;139;237;0.00494941
808;0SV006045SHA;140;237;0.00470424
808;0SV006045SHA;141;237;0.00154900
808;0SV006045SHA;142;237;0.00315212
808;0SV006045SHA;144;237;0.00067121
808;0SV006045SHA;145;237;0.00184244
808;0SV006045SHA;146;237;0.00171762
808;0SV006045SHA;147;237;0.00066317
808;0SV006045SHA;148;237;0.00046305
808;0SV006045SHA;149;237;0.00057835
808;0SV006045SHA;150;237;0.00011284
808;0SV006045SHA;151;237;0.00010718
808;0SV006045SHA;152;237;0.00007457
808;0SV006045SHA;131;238;0.00173619
808;0SV006045SHA;132;238;0.00589316
808;0SV006045SHA;133;238;0.05642634
808;0SV006045SHA;134;238;0.05585467
808;0SV006045SHA;135;238;0.02053736
808;0SV006045SHA;136;238;0.01329638
808;0SV006045SHA;137;238;0.00790865
808;0SV006045SHA;138;238;0.00113506
808;0SV006045SHA;139;238;0.00023694
808;0SV006045SHA;142;238;0.00000109
808;0SV006045SHA;143;238;0.00003198
808;0SV006045SHA;149;238;0.00025806
808;0SV006045SHA;150;238;0.00042858
808;0SV006045SHA;151;238;0.00012029
808;0SV006045SHA;130;239;0.00016786
808;0SV006045SHA;131;239;0.00348178
808;0SV006045SHA;132;239;0.01205937
808;0SV006045SHA;133;239;0.11597045
808;0SV006045SHA;134;239;0.03597130
808;0SV006045SHA;135;239;0.00472425
808;0SV006045SHA;136;239;0.00271312
808;0SV006045SHA;137;239;0.00056575
808;0SV006045SHA;138;239;0.00031938
808;0SV006045SHA;139;239;0.00103137
808;0SV006045SHA;140;239;0.00068368
808;0SV006045SHA;142;239;0.00006805
808;0SV006045SHA;143;239;0.00015931
808;0SV006045SHA;144;239;0.00017926
808;0SV006045SHA;150;239;0.00042668
808;0SV006045SHA;151;239;0.00048496
808;0SV006045SHA;126;240;0.00007872
808;0SV006045SHA;129;240;0.00074528
808;0SV006045SHA;130;240;0.00124167
808;0SV006045SHA;131;240;0.00095157
808;0SV006045SHA;132;240;0.00228648
808;0SV006045SHA;133;240;0.05139033
808;0SV006045SHA;134;240;0.02454476
808;0SV006045SHA;135;240;0.01353017
808;0SV006045SHA;136;240;0.01248012
808;0SV006045SHA;138;240;0.00036456
808;0SV006045SHA;139;240;0.00068586
808;0SV006045SHA;140;240;0.00044023
808;0SV006045SHA;141;240;0.00104210
808;0SV006045SHA;142;240;0.00110347
808;0SV006045SHA;143;240;0.00067730
808;0SV006045SHA;144;240;0.00009347
808;0SV006045SHA;145;240;0.00001584
808;0SV006045SHA;151;240;0.00011016
808;0SV006045SHA;152;240;0.00045775
808;0SV006045SHA;154;240;0.00007699
808;0SV006045SHA;155;240;0.00006401
808;0SV006045SHA;126;241;0.00075345
808;0SV006045SHA;127;241;0.00109721
808;0SV006045SHA;128;241;0.00159412
808;0SV006045SHA;129;241;0.00074569
808;0SV006045SHA;131;241;0.00000778
808;0SV006045SHA;132;241;0.00000527
808;0SV006045SHA;133;241;0.00878391
808;0SV006045SHA;134;241;0.01707795
808;0SV006045SHA;135;241;0.00077874
808;0SV006045SHA;136;241;0.00344514
808;0SV006045SHA;137;241;0.00918975
808;0SV006045SHA;138;241;0.00509702
808;0SV006045SHA;139;241;0.00011384
808;0SV006045SHA;140;241;0.00026875
808;0SV006045SHA;142;241;0.00019303
808;0SV006045SHA;143;241;0.00018844
808;0SV006045SHA;145;241;0.00003004
808;0SV006045SHA;146;241;0.00005695
808;0SV006045SHA;152;241;0.00029694
808;0SV006045SHA;153;241;0.00067516
808;0SV006045SHA;154;241;0.00035877
808;0SV006045SHA;128;242;0.00053475
808;0SV006045SHA;132;242;0.00000352
808;0SV006045SHA;133;242;0.00067624
808;0SV006045SHA;134;242;0.00676163
808;0SV006045SHA;135;242;0.00036595
808;0SV006045SHA;136;242;0.00051332
808;0SV006045SHA;138;242;0.00291663
808;0SV006045SHA;139;242;0.00923212
808;0SV006045SHA;140;242;0.00010786
808;0SV006045SHA;141;242;0.00002526
808;0SV006045SHA;142;242;0.00004670
808;0SV006045SHA;143;242;0.00001459
808;0SV006045SHA;146;242;0.00001380
808;0SV006045SHA;147;242;0.00004127
808;0SV006045SHA;152;242;0.00013525
808;0SV006045SHA;153;242;0.00064000
808;0SV006045SHA;154;242;0.00001370
808;0SV006045SHA;128;243;0.00024174
808;0SV006045SHA;134;243;0.00509455
808;0SV006045SHA;136;243;0.00008053
808;0SV006045SHA;139;243;0.00416108
808;0SV006045SHA;140;243;0.00839100
808;0SV006045SHA;141;243;0.00225885
808;0SV006045SHA;147;243;0.00005857
808;0SV006045SHA;151;243;0.00040044
808;0SV006045SHA;152;243;0.00042840
808;0SV006045SHA;154;243;0.00001755
808;0SV006045SHA;128;244;0.00001969
808;0SV006045SHA;134;244;0.00412408
808;0SV006045SHA;135;244;0.00108255
808;0SV006045SHA;141;244;0.00873345
808;0SV006045SHA;142;244;0.00567182
808;0SV006045SHA;147;244;0.00004658
808;0SV006045SHA;151;244;0.00051726
808;0SV006045SHA;153;244;0.00000027
808;0SV006045SHA;154;244;0.00001731
808;0SV006045SHA;127;245;0.00000140
808;0SV006045SHA;128;245;0.00001424
808;0SV006045SHA;134;245;0.00446910
808;0SV006045SHA;141;245;0.00023078
808;0SV006045SHA;142;245;0.00660964
808;0SV006045SHA;143;245;0.00007740
808;0SV006045SHA;147;245;0.00004432
808;0SV006045SHA;151;245;0.00071892
808;0SV006045SHA;152;245;0.00007151
808;0SV006045SHA;153;245;0.00003994
808;0SV006045SHA;127;246;0.00000153
808;0SV006045SHA;128;246;0.00000917
808;0SV006045SHA;133;246;0.00009226
808;0SV006045SHA;134;246;0.00572709
808;0SV006045SHA;135;246;0.00013071
808;0SV006045SHA;138;246;0.00000162
808;0SV006045SHA;139;246;0.00000080
808;0SV006045SHA;140;246;0.00016230
808;0SV006045SHA;141;246;0.00004524
808;0SV006045SHA;143;246;0.01150991
808;0SV006045SHA;144;246;0.00598271
808;0SV006045SHA;145;246;0.00612113
808;0SV006045SHA;146;246;0.00884089
808;0SV006045SHA;147;246;0.00586791
808;0SV006045SHA;148;246;0.00103967
808;0SV006045SHA;149;246;0.00034082
808;0SV006045SHA;150;246;0.00083703
808;0SV006045SHA;151;246;0.00017623
808;0SV006045SHA;153;246;0.00004084
808;0SV006045SHA;128;247;0.00000598
808;0SV006045SHA;129;247;0.00000356
808;0SV006045SHA;133;247;0.00454496
808;0SV006045SHA;135;247;0.00006766
808;0SV006045SHA;136;247;0.00010199
808;0SV006045SHA;137;247;0.00000450
808;0SV006045SHA;138;247;0.00006911
808;0SV006045SHA;139;247;0.00002177
808;0SV006045SHA;140;247;0.00015049
808;0SV006045SHA;143;247;0.00034102
808;0SV006045SHA;148;247;0.00478186
808;0SV006045SHA;149;247;0.00072199
808;0SV006045SHA;150;247;0.00036857
808;0SV006045SHA;152;247;0.00002795
808;0SV006045SHA;153;247;0.00000429
808;0SV006045SHA;129;248;0.00005464
808;0SV006045SHA;130;248;0.00015931
808;0SV006045SHA;131;248;0.00010848
808;0SV006045SHA;132;248;0.00132436
808;0SV006045SHA;133;248;0.00417662
808;0SV006045SHA;136;248;0.00012448
808;0SV006045SHA;137;248;0.00005899
808;0SV006045SHA;139;248;0.00008739
808;0SV006045SHA;142;248;0.00020311
808;0SV006045SHA;143;248;0.00018391
808;0SV006045SHA;149;248;0.00313312
808;0SV006045SHA;150;248;0.00038599
808;0SV006045SHA;152;248;0.00003274
808;0SV006045SHA;129;249;0.00003687
808;0SV006045SHA;130;249;0.00004071
808;0SV006045SHA;131;249;0.00000400
808;0SV006045SHA;132;249;0.00375540
808;0SV006045SHA;133;249;0.00000223
808;0SV006045SHA;142;249;0.00024581
808;0SV006045SHA;149;249;0.00096516
808;0SV006045SHA;150;249;0.00220838
808;0SV006045SHA;151;249;0.00090419
808;0SV006045SHA;152;249;0.00001417
808;0SV006045SHA;153;249;0.00009059
808;0SV006045SHA;132;250;0.00165826
808;0SV006045SHA;133;250;0.00211788
808;0SV006045SHA;142;250;0.00000434
808;0SV006045SHA;143;250;0.00023037
808;0SV006045SHA;145;250;0.00001082
808;0SV006045SHA;146;250;0.00001611
808;0SV006045SHA;147;250;0.00001565
808;0SV006045SHA;148;250;0.00046310
808;0SV006045SHA;149;250;0.00035708
808;0SV006045SHA;151;250;0.00136642
808;0SV006045SHA;152;250;0.00222575
808;0SV006045SHA;153;250;0.00072879
808;0SV006045SHA;133;251;0.00431791
808;0SV006045SHA;142;251;0.00008623
808;0SV006045SHA;143;251;0.00005990
808;0SV006045SHA;144;251;0.00004388
808;0SV006045SHA;145;251;0.00000814
808;0SV006045SHA;148;251;0.00024785
808;0SV006045SHA;149;251;0.00019176
808;0SV006045SHA;151;251;0.00047070
808;0SV006045SHA;152;251;0.00052569
808;0SV006045SHA;153;251;0.00140641
808;0SV006045SHA;154;251;0.00073127
808;0SV006045SHA;155;251;0.00002117
808;0SV006045SHA;133;252;0.00056947
808;0SV006045SHA;134;252;0.00360896
808;0SV006045SHA;135;252;0.00000270
808;0SV006045SHA;141;252;0.00001845
808;0SV006045SHA;142;252;0.00007393
808;0SV006045SHA;148;252;0.00039920
808;0SV006045SHA;150;252;0.00013704
808;0SV006045SHA;151;252;0.00039413
808;0SV006045SHA;154;252;0.00011860
808;0SV006045SHA;155;252;0.00006745
808;0SV006045SHA;134;253;0.00351693
808;0SV006045SHA;135;253;0.00052874
808;0SV006045SHA;140;253;0.00009976
808;0SV006045SHA;141;253;0.00006758
808;0SV006045SHA;142;253;0.00001260
808;0SV006045SHA;148;253;0.00033062
808;0SV006045SHA;149;253;0.00015744
808;0SV006045SHA;150;253;0.00012697
808;0SV006045SHA;135;254;0.00454418
808;0SV006045SHA;139;254;0.00006803
808;0SV006045SHA;140;254;0.00002634
808;0SV006045SHA;147;254;0.00015631
808;0SV006045SHA;148;254;0.00057343
808;0SV006045SHA;149;254;0.00002878
808;0SV006045SHA;135;255;0.00175427
808;0SV006045SHA;138;255;0.00003634
808;0SV006045SHA;139;255;0.00004473
808;0SV006045SHA;147;255;0.00019498
808;SJV006050SJU;153;147;0.00000056
808;SJV006050SJU;156;147;0.00000457
808;SJV006050SJU;157;147;0.00000218
808;SJV006050SJU;152;148;0.00000045
808;SJV006050SJU;153;148;0.00000202
808;SJV006050SJU;154;148;0.00000248
808;SJV006050SJU;155;148;0.00000347
808;SJV006050SJU;156;148;0.00000034
808;SJV006050SJU;157;148;0.00000285
808;SJV006050SJU;158;148;0.00000859
808;SJV006050SJU;159;148;0.00286721
808;SJV006050SJU;155;149;0.00000016
808;SJV006050SJU;156;149;0.00000075
808;SJV006050SJU;158;149;0.00000012
808;SJV006050SJU;159;149;0.01028478
808;SJV006050SJU;160;149;0.00003179
808;SJV006050SJU;156;150;0.00000005
808;SJV006050SJU;157;150;0.00000080
808;SJV006050SJU;158;150;0.00887241
808;SJV006050SJU;159;150;0.00253911
808;SJV006050SJU;160;150;0.00432164
808;SJV006050SJU;161;150;0.00092938
808;SJV006050SJU;158;151;0.01139314
808;SJV006050SJU;159;151;0.00057295
808;SJV006050SJU;160;151;0.00524988
808;SJV006050SJU;161;151;0.00238869
808;SJV006050SJU;153;152;0.00000144
808;SJV006050SJU;154;152;0.00001888
808;SJV006050SJU;155;152;0.00026581
808;SJV006050SJU;157;152;0.00000008
808;SJV006050SJU;158;152;0.01344871
808;SJV006050SJU;159;152;0.00390517
808;SJV006050SJU;160;152;0.00232945
808;SJV006050SJU;161;152;0.00215366
808;SJV006050SJU;155;153;0.00044926
808;SJV006050SJU;156;153;0.00113474
808;SJV006050SJU;157;153;0.00923274
808;SJV006050SJU;158;153;0.00555268
808;SJV006050SJU;159;153;0.00417475
808;SJV006050SJU;160;153;0.00404966
808;SJV006050SJU;161;153;0.00182483
808;SJV006050SJU;162;153;0.00201334
808;SJV006050SJU;163;153;0.00008907
808;SJV006050SJU;153;154;0.00020835
808;SJV006050SJU;154;154;0.00084600
808;SJV006050SJU;155;154;0.00117243
808;SJV006050SJU;156;154;0.00064408
808;SJV006050SJU;157;154;0.01864825
808;SJV006050SJU;158;154;0.00776692
808;SJV006050SJU;159;154;0.00073727
808;SJV006050SJU;160;154;0.00042331
808;SJV006050SJU;161;154;0.00169977
808;SJV006050SJU;162;154;0.00161049
808;SJV006050SJU;163;154;0.00203135
808;SJV006050SJU;164;154;0.02043880
808;SJV006050SJU;165;154;0.00313158
808;SJV006050SJU;153;155;0.00000814
808;SJV006050SJU;154;155;0.00000364
808;SJV006050SJU;156;155;0.01700118
808;SJV006050SJU;157;155;0.00351155
808;SJV006050SJU;158;155;0.00444529
808;SJV006050SJU;159;155;0.00618699
808;SJV006050SJU;160;155;0.00343337
808;SJV006050SJU;161;155;0.00370284
808;SJV006050SJU;162;155;0.00315233
808;SJV006050SJU;163;155;0.01752051
808;SJV006050SJU;164;155;0.02875623
808;SJV006050SJU;165;155;0.00303816
808;SJV006050SJU;166;155;0.00291459
808;SJV006050SJU;154;156;0.00001751
808;SJV006050SJU;155;156;0.01677292
808;SJV006050SJU;156;156;0.00600253
808;SJV006050SJU;157;156;0.00512861
808;SJV006050SJU;158;156;0.00134963
808;SJV006050SJU;159;156;0.00168446
808;SJV006050SJU;160;156;0.00314261
808;SJV006050SJU;161;156;0.00272513
808;SJV006050SJU;162;156;0.00281345
808;SJV006050SJU;163;156;0.04083710
808;SJV006050SJU;164;156;0.00776688
808;SJV006050SJU;165;156;0.00512712
808;SJV006050SJU;166;156;0.00121522
808;SJV006050SJU;167;156;0.00243470
808;SJV006050SJU;168;156;0.00054860
808;SJV006050SJU;169;156;0.00014449
808;SJV006050SJU;154;157;0.01618982
808;SJV006050SJU;155;157;0.00564330
808;SJV006050SJU;156;157;0.00446504
808;SJV006050SJU;157;157;0.00398466
808;SJV006050SJU;158;157;0.00321112
808;SJV006050SJU;159;157;0.00277040
808;SJV006050SJU;160;157;0.00339720
808;SJV006050SJU;161;157;0.00429216
808;SJV006050SJU;162;157;0.03790736
808;SJV006050SJU;163;157;0.00773326
808;SJV006050SJU;164;157;0.00544096
808;SJV006050SJU;165;157;0.00045175
808;SJV006050SJU;166;157;0.00131934
808;SJV006050SJU;167;157;0.00157451
808;SJV006050SJU;168;157;0.00003469
808;SJV006050SJU;171;157;0.00006224
808;SJV006050SJU;154;158;0.00289026
808;SJV006050SJU;155;158;0.00325981
808;SJV006050SJU;156;158;0.00265798
808;SJV006050SJU;157;158;0.00004087
808;SJV006050SJU;158;158;0.00164119
808;SJV006050SJU;159;158;0.00120322
808;SJV006050SJU;160;158;0.00627185
808;SJV006050SJU;161;158;0.03917658
808;SJV006050SJU;162;158;0.02776205
808;SJV006050SJU;163;158;0.00512081
808;SJV006050SJU;164;158;0.00419638
808;SJV006050SJU;165;158;0.00033100
808;SJV006050SJU;166;158;0.00321110
808;SJV006050SJU;167;158;0.00006964
808;SJV006050SJU;168;158;0.00008384
808;SJV006050SJU;169;158;0.00018276
808;SJV006050SJU;170;158;0.00016242
808;SJV006050SJU;171;158;0.00027153
808;SJV006050SJU;172;158;0.00076913
808;SJV006050SJU;173;158;0.00007351
808;SJV006050SJU;155;159;0.00443418
808;SJV006050SJU;156;159;0.00523327
808;SJV006050SJU;157;159;0.00487137
808;SJV006050SJU;158;159;0.00393760
808;SJV006050SJU;159;159;0.00430490
808;SJV006050SJU;160;159;0.02743473
808;SJV006050SJU;161;159;0.04367587
808;SJV006050SJU;162;159;0.02143038
808;SJV006050SJU;163;159;0.00493810
808;SJV006050SJU;164;159;0.00447604
808;SJV006050SJU;165;159;0.00338139
808;SJV006050SJU;166;159;0.00485076
808;SJV006050SJU;167;159;0.00090472
808;SJV006050SJU;168;159;0.00088357
808;SJV006050SJU;169;159;0.00087076
808;SJV006050SJU;170;159;0.00069979
808;SJV006050SJU;171;159;0.00063983
808;SJV006050SJU;172;159;0.00246602
808;SJV006050SJU;173;159;0.00108015
808;SJV006050SJU;174;159;0.00032969
808;SJV006050SJU;157;160;0.00022228
808;SJV006050SJU;158;160;0.00106129
808;SJV006050SJU;159;160;0.01388808
808;SJV006050SJU;160;160;0.04695470
808;SJV006050SJU;161;160;0.02898923
808;SJV006050SJU;162;160;0.02361950
808;SJV006050SJU;163;160;0.00251452
808;SJV006050SJU;164;160;0.00169544
808;SJV006050SJU;165;160;0.00332212
808;SJV006050SJU;166;160;0.00025906
808;SJV006050SJU;167;160;0.00022438
808;SJV006050SJU;169;160;0.00002470
808;SJV006050SJU;172;160;0.00160571
808;SJV006050SJU;158;161;0.00338435
808;SJV006050SJU;159;161;0.04544736
808;SJV006050SJU;160;161;0.01265347
808;SJV006050SJU;161;161;0.02074120
808;SJV006050SJU;162;161;0.01733788
808;SJV006050SJU;163;161;0.00549271
808;SJV006050SJU;164;161;0.00286175
808;SJV006050SJU;165;161;0.00188570
808;SJV006050SJU;166;161;0.00032599
808;SJV006050SJU;167;161;0.00026766
808;SJV006050SJU;168;161;0.00046506
808;SJV006050SJU;169;161;0.00043805
808;SJV006050SJU;170;161;0.00032935
808;SJV006050SJU;171;161;0.00125339
808;SJV006050SJU;172;161;0.00021216
808;SJV006050SJU;160;162;0.00004162
808;SJV006050SJU;161;162;0.00455705
808;SJV006050SJU;162;162;0.00150526
808;SJV006050SJU;163;162;0.00459364
808;SJV006050SJU;164;162;0.00984014
808;SJV006050SJU;165;162;0.00317971
808;SJV006050SJU;166;162;0.00049463
808;SJV006050SJU;167;162;0.00044021
808;SJV006050SJU;168;162;0.00005506
808;SJV006050SJU;169;162;0.00061564
808;SJV006050SJU;170;162;0.00094358
808;SJV006050SJU;171;162;0.00023885
808;SJV006050SJU;162;163;0.00028339
808;SJV006050SJU;163;163;0.00349481
808;SJV006050SJU;164;163;0.00478391
808;SJV006050SJU;165;163;0.00174581
808;SJV006050SJU;166;163;0.00243393
808;SJV006050SJU;167;163;0.00281096
808;SJV006050SJU;168;163;0.00150982
808;SJV006050SJU;169;163;0.00062405
808;SJV006050SJU;162;164;0.00032442
808;SJV006050SJU;163;164;0.00274901
808;SJV006050SJU;164;164;0.00140595
808;SJV006050SJU;165;164;0.00000193
808;SJV006050SJU;166;164;0.00000028
808;SJV006050SJU;167;164;0.00117228
808;SJV006050SJU;168;164;0.00259711
808;SJV006050SJU;162;165;0.00006647
808;SJV006050SJU;163;165;0.00279848
808;SJV006050SJU;164;165;0.00015089
808;SJV006050SJU;165;165;0.00129983
808;SJV006050SJU;166;165;0.00126106
808;SJV006050SJU;167;165;0.00036458
808;SJV006050SJU;163;166;0.00081899
808;SJV006050SJU;164;166;0.00446294
808;SJV006050SJU;165;166;0.00004743
808;SJV006050SJU;162;167;0.00024370
808;SJV006050SJU;163;167;0.00267434
808;SJV006050SJU;164;167;0.00563328
808;SJV006050SJU;165;167;0.00021891
808;SJV006050SJU;164;168;0.00047306
808;0MC006022MPA;179;148;0.11541212
808;0MC006022MPA;180;148;0.01738675
808;0MC006022MPA;177;151;0.00201909
808;0MC006022MPA;178;151;0.03367850
808;0MC006022MPA;178;152;0.01878983
808;0MC006022MPA;179;152;0.04207693
808;0MC006022MPA;179;153;0.01039140
808;0MC006022MPA;180;153;0.03986226
808;0MC006022MPA;181;153;0.00333950
808;0MC006022MPA;188;153;0.03168437
808;0MC006022MPA;176;154;0.03522689
808;0MC006022MPA;181;154;0.01369833
808;0MC006022MPA;182;154;0.01703783
808;0MC006022MPA;183;154;0.00397345
808;0MC006022MPA;184;154;0.00756783
808;0MC006022MPA;185;154;0.00789439
808;0MC006022MPA;186;154;0.01269060
808;0MC006022MPA;187;154;0.01407384
808;0MC006022MPA;188;154;0.00357780
808;0MC006022MPA;190;154;0.15255046
808;0MC006022MPA;176;155;0.07725392
808;0MC006022MPA;182;155;0.00876723
808;0MC006022MPA;183;155;0.02534993
808;0MC006022MPA;190;155;0.01514439
808;0MC006022MPA;175;156;0.03345321
808;0MC006022MPA;176;156;0.01613519
808;0MC006022MPA;180;156;0.00210405
808;0MC006022MPA;181;156;0.01468790
808;0MC006022MPA;182;156;0.00592066
808;0MC006022MPA;183;156;0.00013080
808;0MC006022MPA;184;156;0.00862614
808;0MC006022MPA;189;156;0.00821153
808;0MC006022MPA;190;156;0.00818168
808;0MC006022MPA;180;157;0.01386632
808;0MC006022MPA;183;157;0.00592848
808;0MC006022MPA;184;157;0.00180928
808;0MC006022MPA;189;157;0.01472909
808;0MC006022MPA;179;158;0.00657202
808;0MC006022MPA;180;158;0.00020667
808;0MC006022MPA;183;158;0.00762210
808;0MC006022MPA;189;158;0.00259717
808;0MC006022MPA;174;159;0.00465119
808;0MC006022MPA;179;159;0.00717701
808;0MC006022MPA;183;159;0.00140319
808;0MC006022MPA;184;159;0.00619605
808;0MC006022MPA;189;159;0.00259717
808;0MC006022MPA;174;160;0.00548688
808;0MC006022MPA;178;160;0.00417616
808;0MC006022MPA;179;160;0.00349691
808;0MC006022MPA;184;160;0.00473347
808;0MC006022MPA;185;160;0.00688463
808;0MC006022MPA;186;160;0.00688463
808;0MC006022MPA;187;160;0.00688463
808;0MC006022MPA;188;160;0.00203567
808;0MC006022MPA;189;160;0.00259717
808;0MC006022MPA;175;161;0.00663699
808;0MC006022MPA;176;161;0.00552561
808;0MC006022MPA;177;161;0.00794437
808;0MC006022MPA;178;161;0.01295152
808;0MC006022MPA;187;161;0.00045796
808;0MC006022MPA;188;161;0.00351269
808;0MC006022MPA;189;161;0.00257517
808;0MC006022MPA;177;162;0.00578569
808;0MC006022MPA;186;162;0.00128086
808;0MC006022MPA;187;162;0.00469090
808;0MC006022MPA;180;164;0.00074650
808;0MC006022MPA;181;164;0.00216664
808;0MC006022MPA;190;164;0.00119449
808;0MC006022MPA;191;164;0.00443188
808;0MC006022MPA;192;164;0.00443188
808;0MC006022MPA;193;164;0.00459504
808;0MC006022MPA;190;165;0.00147173
808;0MC006022MPA;193;165;0.00145376
808;0MC006022MPA;194;165;0.00271157
808;SJV006010SJU;177;116;0.00010025
808;SJV006010SJU;178;116;0.00039398
808;SJV006010SJU;180;116;0.00071169
808;SJV006010SJU;171;117;0.00016715
808;SJV006010SJU;172;117;0.00041497
808;SJV006010SJU;173;117;0.00040516
808;SJV006010SJU;174;117;0.00022608
808;SJV006010SJU;175;117;0.00000248
808;SJV006010SJU;177;117;0.00047888
808;SJV006010SJU;179;117;0.00037122
808;SJV006010SJU;180;117;0.00404352
808;SJV006010SJU;174;118;0.00034712
808;SJV006010SJU;175;118;0.00141206
808;SJV006010SJU;176;118;0.00082349
808;SJV006010SJU;177;118;0.00092868
808;SJV006010SJU;178;118;0.00063612
808;SJV006010SJU;179;118;0.00464700
808;SJV006010SJU;180;118;0.00071542
808;SJV006010SJU;181;118;0.00021337
808;SJV006010SJU;182;118;0.00005639
808;SJV006010SJU;174;119;0.00007242
808;SJV006010SJU;175;119;0.00161637
808;SJV006010SJU;176;119;0.00022617
808;SJV006010SJU;177;119;0.00008840
808;SJV006010SJU;178;119;0.00308563
808;SJV006010SJU;179;119;0.00140175
808;SJV006010SJU;180;119;0.00067109
808;SJV006010SJU;181;119;0.00000488
808;SJV006010SJU;183;119;0.00000943
808;SJV006010SJU;175;120;0.00099533
808;SJV006010SJU;176;120;0.00152537
808;SJV006010SJU;177;120;0.00001853
808;SJV006010SJU;178;120;0.00409071
808;SJV006010SJU;180;120;0.00081903
808;SJV006010SJU;181;120;0.00000739
808;SJV006010SJU;169;121;0.00000266
808;SJV006010SJU;176;121;0.00172754
808;SJV006010SJU;177;121;0.00453498
808;SJV006010SJU;178;121;0.00062947
808;SJV006010SJU;179;121;0.00043694
808;SJV006010SJU;180;121;0.00124749
808;SJV006010SJU;181;121;0.00037757
808;SJV006010SJU;182;121;0.00025062
808;SJV006010SJU;168;122;0.00000362
808;SJV006010SJU;169;122;0.00000131
808;SJV006010SJU;176;122;0.00211142
808;SJV006010SJU;177;122;0.00508528
808;SJV006010SJU;178;122;0.00017740
808;SJV006010SJU;180;122;0.00075082
808;SJV006010SJU;176;123;0.00495629
808;SJV006010SJU;177;123;0.00168189
808;SJV006010SJU;178;123;0.00055223
808;SJV006010SJU;180;123;0.00075476
808;SJV006010SJU;175;124;0.00327794
808;SJV006010SJU;176;124;0.00169445
808;SJV006010SJU;178;124;0.00196561
808;SJV006010SJU;179;124;0.00025943
808;SJV006010SJU;180;124;0.00076033
808;SJV006010SJU;181;124;0.00006840
808;SJV006010SJU;182;124;0.00002829
808;SJV006010SJU;183;124;0.00002282
808;SJV006010SJU;174;125;0.00135627
808;SJV006010SJU;175;125;0.00362648
808;SJV006010SJU;179;125;0.00197023
808;SJV006010SJU;180;125;0.00106663
808;SJV006010SJU;183;125;0.00061586
808;SJV006010SJU;184;125;0.00011590
808;SJV006010SJU;185;125;0.00000557
808;SJV006010SJU;186;125;0.00006068
808;SJV006010SJU;187;125;0.00027933
808;SJV006010SJU;174;126;0.00503597
808;SJV006010SJU;175;126;0.00009597
808;SJV006010SJU;176;126;0.00006662
808;SJV006010SJU;177;126;0.00006662
808;SJV006010SJU;178;126;0.00008959
808;SJV006010SJU;179;126;0.00013912
808;SJV006010SJU;180;126;0.00291480
808;SJV006010SJU;181;126;0.00065034
808;SJV006010SJU;182;126;0.00068888
808;SJV006010SJU;183;126;0.00075827
808;SJV006010SJU;184;126;0.00078386
808;SJV006010SJU;185;126;0.00079407
808;SJV006010SJU;186;126;0.00142127
808;SJV006010SJU;187;126;0.00233019
808;SJV006010SJU;188;126;0.00036752
808;SJV006010SJU;189;126;0.00064257
808;SJV006010SJU;190;126;0.00010120
808;SJV006010SJU;173;127;0.00415083
808;SJV006010SJU;174;127;0.00089347
808;SJV006010SJU;180;127;0.00211363
808;SJV006010SJU;183;127;0.00002712
808;SJV006010SJU;186;127;0.00038141
808;SJV006010SJU;187;127;0.00240197
808;SJV006010SJU;188;127;0.00032924
808;SJV006010SJU;189;127;0.00097034
808;SJV006010SJU;190;127;0.00098292
808;SJV006010SJU;172;128;0.00289410
808;SJV006010SJU;173;128;0.00191045
808;SJV006010SJU;174;128;0.00046430
808;SJV006010SJU;175;128;0.00007542
808;SJV006010SJU;176;128;0.00002252
808;SJV006010SJU;180;128;0.00207995
808;SJV006010SJU;183;128;0.00000765
808;SJV006010SJU;186;128;0.00051257
808;SJV006010SJU;187;128;0.00324830
808;SJV006010SJU;188;128;0.00069022
808;SJV006010SJU;189;128;0.00104442
808;SJV006010SJU;190;128;0.00072251
808;SJV006010SJU;191;128;0.00136427
808;SJV006010SJU;192;128;0.00302586
808;SJV006010SJU;171;129;0.00267153
808;SJV006010SJU;172;129;0.00268246
808;SJV006010SJU;173;129;0.00002855
808;SJV006010SJU;174;129;0.00041327
808;SJV006010SJU;176;129;0.00012434
808;SJV006010SJU;177;129;0.00008369
808;SJV006010SJU;178;129;0.00010292
808;SJV006010SJU;179;129;0.00018367
808;SJV006010SJU;180;129;0.00251362
808;SJV006010SJU;181;129;0.00018254
808;SJV006010SJU;182;129;0.00016520
808;SJV006010SJU;183;129;0.00024880
808;SJV006010SJU;184;129;0.00027717
808;SJV006010SJU;185;129;0.00027454
808;SJV006010SJU;186;129;0.00133382
808;SJV006010SJU;187;129;0.00376178
808;SJV006010SJU;188;129;0.00063442
808;SJV006010SJU;189;129;0.00105276
808;SJV006010SJU;190;129;0.00054438
808;SJV006010SJU;191;129;0.00899458
808;SJV006010SJU;192;129;0.01126813
808;SJV006010SJU;193;129;0.00077591
808;SJV006010SJU;170;130;0.00298851
808;SJV006010SJU;171;130;0.00241931
808;SJV006010SJU;174;130;0.00040296
808;SJV006010SJU;176;130;0.00003680
808;SJV006010SJU;178;130;0.00000534
808;SJV006010SJU;179;130;0.00033794
808;SJV006010SJU;180;130;0.00092773
808;SJV006010SJU;181;130;0.00196294
808;SJV006010SJU;183;130;0.00015347
808;SJV006010SJU;185;130;0.00028009
808;SJV006010SJU;186;130;0.00052874
808;SJV006010SJU;187;130;0.00362161
808;SJV006010SJU;188;130;0.00048938
808;SJV006010SJU;189;130;0.00088492
808;SJV006010SJU;190;130;0.00815963
808;SJV006010SJU;191;130;0.01269458
808;SJV006010SJU;192;130;0.00229103
808;SJV006010SJU;193;130;0.00121791
808;SJV006010SJU;194;130;0.00231641
808;SJV006010SJU;195;130;0.00051569
808;SJV006010SJU;196;130;0.00024763
808;SJV006010SJU;198;130;0.00006860
808;SJV006010SJU;169;131;0.00304885
808;SJV006010SJU;170;131;0.00223014
808;SJV006010SJU;171;131;0.00010989
808;SJV006010SJU;172;131;0.00010942
808;SJV006010SJU;173;131;0.00014015
808;SJV006010SJU;174;131;0.00051800
808;SJV006010SJU;175;131;0.00018462
808;SJV006010SJU;176;131;0.00023330
808;SJV006010SJU;177;131;0.00022135
808;SJV006010SJU;178;131;0.00085163
808;SJV006010SJU;179;131;0.00074742
808;SJV006010SJU;180;131;0.00042697
808;SJV006010SJU;181;131;0.00174214
808;SJV006010SJU;182;131;0.00207422
808;SJV006010SJU;183;131;0.00077833
808;SJV006010SJU;184;131;0.00065207
808;SJV006010SJU;185;131;0.00072144
808;SJV006010SJU;186;131;0.00116894
808;SJV006010SJU;187;131;0.00449357
808;SJV006010SJU;188;131;0.00105669
808;SJV006010SJU;189;131;0.00800112
808;SJV006010SJU;190;131;0.02042641
808;SJV006010SJU;191;131;0.00569374
808;SJV006010SJU;192;131;0.00676426
808;SJV006010SJU;193;131;0.00496513
808;SJV006010SJU;194;131;0.00616390
808;SJV006010SJU;195;131;0.00206973
808;SJV006010SJU;196;131;0.00153229
808;SJV006010SJU;197;131;0.00109966
808;SJV006010SJU;198;131;0.00034687
808;SJV006010SJU;168;132;0.00118320
808;SJV006010SJU;169;132;0.00351818
808;SJV006010SJU;170;132;0.00022231
808;SJV006010SJU;173;132;0.00002941
808;SJV006010SJU;174;132;0.00034787
808;SJV006010SJU;175;132;0.00021797
808;SJV006010SJU;176;132;0.00030925
808;SJV006010SJU;177;132;0.00067282
808;SJV006010SJU;178;132;0.00016602
808;SJV006010SJU;179;132;0.00066511
808;SJV006010SJU;180;132;0.00057225
808;SJV006010SJU;181;132;0.00104783
808;SJV006010SJU;182;132;0.00082136
808;SJV006010SJU;183;132;0.00177357
808;SJV006010SJU;184;132;0.00023220
808;SJV006010SJU;185;132;0.00046455
808;SJV006010SJU;186;132;0.00113797
808;SJV006010SJU;187;132;0.00508449
808;SJV006010SJU;188;132;0.00499313
808;SJV006010SJU;189;132;0.02300042
808;SJV006010SJU;190;132;0.00147840
808;SJV006010SJU;191;132;0.00097286
808;SJV006010SJU;192;132;0.00226137
808;SJV006010SJU;193;132;0.00019886
808;SJV006010SJU;194;132;0.00205870
808;SJV006010SJU;195;132;0.00077058
808;SJV006010SJU;196;132;0.00132394
808;SJV006010SJU;197;132;0.00151753
808;SJV006010SJU;198;132;0.00011420
808;SJV006010SJU;164;133;0.00039970
808;SJV006010SJU;168;133;0.00455022
808;SJV006010SJU;170;133;0.00006688
808;SJV006010SJU;171;133;0.00022128
808;SJV006010SJU;172;133;0.00013446
808;SJV006010SJU;173;133;0.00005618
808;SJV006010SJU;174;133;0.00034377
808;SJV006010SJU;175;133;0.00030975
808;SJV006010SJU;177;133;0.00016373
808;SJV006010SJU;178;133;0.00013358
808;SJV006010SJU;181;133;0.00113950
808;SJV006010SJU;183;133;0.00172077
808;SJV006010SJU;185;133;0.00008870
808;SJV006010SJU;186;133;0.00076949
808;SJV006010SJU;187;133;0.00793010
808;SJV006010SJU;188;133;0.02426946
808;SJV006010SJU;189;133;0.00304247
808;SJV006010SJU;190;133;0.00141230
808;SJV006010SJU;191;133;0.00191933
808;SJV006010SJU;192;133;0.00334404
808;SJV006010SJU;193;133;0.00081105
808;SJV006010SJU;194;133;0.00204558
808;SJV006010SJU;195;133;0.00007414
808;SJV006010SJU;196;133;0.00049727
808;SJV006010SJU;197;133;0.00097072
808;SJV006010SJU;198;133;0.00007447
808;SJV006010SJU;199;133;0.00009917
808;SJV006010SJU;200;133;0.00002797
808;SJV006010SJU;201;133;0.00001690
808;SJV006010SJU;204;133;0.00000938
808;SJV006010SJU;163;134;0.00056107
808;SJV006010SJU;164;134;0.00047023
808;SJV006010SJU;167;134;0.00253269
808;SJV006010SJU;168;134;0.00186625
808;SJV006010SJU;170;134;0.00007317
808;SJV006010SJU;172;134;0.00013749
808;SJV006010SJU;173;134;0.00022883
808;SJV006010SJU;174;134;0.00107072
808;SJV006010SJU;175;134;0.00207103
808;SJV006010SJU;176;134;0.00177502
808;SJV006010SJU;177;134;0.00178876
808;SJV006010SJU;178;134;0.00220490
808;SJV006010SJU;179;134;0.00210019
808;SJV006010SJU;180;134;0.00232724
808;SJV006010SJU;181;134;0.00381285
808;SJV006010SJU;182;134;0.00475335
808;SJV006010SJU;183;134;0.00646930
808;SJV006010SJU;184;134;0.00614422
808;SJV006010SJU;185;134;0.00620508
808;SJV006010SJU;186;134;0.00770629
808;SJV006010SJU;187;134;0.03890418
808;SJV006010SJU;188;134;0.00908034
808;SJV006010SJU;189;134;0.00889270
808;SJV006010SJU;190;134;0.00957694
808;SJV006010SJU;191;134;0.01165876
808;SJV006010SJU;192;134;0.00693137
808;SJV006010SJU;193;134;0.00423440
808;SJV006010SJU;194;134;0.00499685
808;SJV006010SJU;195;134;0.00217064
808;SJV006010SJU;196;134;0.00197064
808;SJV006010SJU;197;134;0.00139971
808;SJV006010SJU;198;134;0.00084428
808;SJV006010SJU;199;134;0.00073123
808;SJV006010SJU;200;134;0.00045249
808;SJV006010SJU;201;134;0.00045928
808;SJV006010SJU;202;134;0.00000786
808;SJV006010SJU;203;134;0.00001347
808;SJV006010SJU;204;134;0.00004054
808;SJV006010SJU;163;135;0.00014688
808;SJV006010SJU;164;135;0.00138744
808;SJV006010SJU;166;135;0.00004496
808;SJV006010SJU;167;135;0.00438081
808;SJV006010SJU;168;135;0.00028649
808;SJV006010SJU;169;135;0.00000641
808;SJV006010SJU;170;135;0.00013730
808;SJV006010SJU;171;135;0.00008609
808;SJV006010SJU;172;135;0.00013643
808;SJV006010SJU;173;135;0.00019946
808;SJV006010SJU;174;135;0.00252961
808;SJV006010SJU;179;135;0.00003274
808;SJV006010SJU;180;135;0.00059696
808;SJV006010SJU;181;135;0.00157894
808;SJV006010SJU;182;135;0.00042510
808;SJV006010SJU;183;135;0.00051058
808;SJV006010SJU;184;135;0.00079756
808;SJV006010SJU;185;135;0.00274277
808;SJV006010SJU;186;135;0.02499672
808;SJV006010SJU;187;135;0.04363595
808;SJV006010SJU;188;135;0.02855868
808;SJV006010SJU;189;135;0.01763370
808;SJV006010SJU;190;135;0.00506099
808;SJV006010SJU;191;135;0.00081800
808;SJV006010SJU;192;135;0.00096125
808;SJV006010SJU;193;135;0.00006705
808;SJV006010SJU;194;135;0.00035881
808;SJV006010SJU;195;135;0.00017212
808;SJV006010SJU;198;135;0.00019384
808;SJV006010SJU;199;135;0.00042936
808;SJV006010SJU;200;135;0.00037015
808;SJV006010SJU;201;135;0.00031899
808;SJV006010SJU;202;135;0.00029917
808;SJV006010SJU;203;135;0.00036305
808;SJV006010SJU;204;135;0.00000804
808;SJV006010SJU;164;136;0.00007755
808;SJV006010SJU;165;136;0.00106578
808;SJV006010SJU;166;136;0.00486209
808;SJV006010SJU;167;136;0.00098816
808;SJV006010SJU;168;136;0.00031845
808;SJV006010SJU;170;136;0.00010363
808;SJV006010SJU;173;136;0.00126354
808;SJV006010SJU;174;136;0.00041862
808;SJV006010SJU;179;136;0.00000118
808;SJV006010SJU;180;136;0.00009980
808;SJV006010SJU;181;136;0.00171359
808;SJV006010SJU;182;136;0.00182200
808;SJV006010SJU;183;136;0.00221293
808;SJV006010SJU;184;136;0.00325547
808;SJV006010SJU;185;136;0.01849800
808;SJV006010SJU;186;136;0.01719195
808;SJV006010SJU;187;136;0.03388022
808;SJV006010SJU;188;136;0.02733292
808;SJV006010SJU;189;136;0.01289436
808;SJV006010SJU;190;136;0.00491233
808;SJV006010SJU;191;136;0.00144035
808;SJV006010SJU;192;136;0.00096240
808;SJV006010SJU;193;136;0.00003146
808;SJV006010SJU;195;136;0.00005778
808;SJV006010SJU;196;136;0.00000093
808;SJV006010SJU;197;136;0.00000237
808;SJV006010SJU;198;136;0.00000096
808;SJV006010SJU;166;137;0.00503848
808;SJV006010SJU;167;137;0.00020619
808;SJV006010SJU;168;137;0.00062757
808;SJV006010SJU;169;137;0.00046700
808;SJV006010SJU;170;137;0.00060289
808;SJV006010SJU;171;137;0.00056805
808;SJV006010SJU;172;137;0.00046307
808;SJV006010SJU;173;137;0.00149022
808;SJV006010SJU;181;137;0.00018894
808;SJV006010SJU;184;137;0.00778599
808;SJV006010SJU;185;137;0.00910975
808;SJV006010SJU;186;137;0.01058436
808;SJV006010SJU;187;137;0.03193696
808;SJV006010SJU;188;137;0.01902550
808;SJV006010SJU;189;137;0.01583986
808;SJV006010SJU;190;137;0.00374322
808;SJV006010SJU;191;137;0.00033585
808;SJV006010SJU;192;137;0.00066131
808;SJV006010SJU;193;137;0.00000105
808;SJV006010SJU;194;137;0.00000243
808;SJV006010SJU;195;137;0.00000006
808;SJV006010SJU;196;137;0.00000691
808;SJV006010SJU;197;137;0.00000156
808;SJV006010SJU;165;138;0.00018696
808;SJV006010SJU;166;138;0.00017395
808;SJV006010SJU;168;138;0.00008584
808;SJV006010SJU;170;138;0.00003186
808;SJV006010SJU;171;138;0.00001375
808;SJV006010SJU;172;138;0.00075069
808;SJV006010SJU;173;138;0.00008360
808;SJV006010SJU;187;138;0.01378944
808;SJV006010SJU;188;138;0.00764981
808;SJV006010SJU;189;138;0.00433582
808;SJV006010SJU;190;138;0.00179999
808;SJV006010SJU;191;138;0.00076321
808;SJV006010SJU;192;138;0.00099389
808;SJV006010SJU;194;138;0.00000335
808;SJV006010SJU;196;138;0.00000087
808;SJV006010SJU;197;138;0.00000249
808;SJV006010SJU;198;138;0.00000149
808;SJV006010SJU;168;139;0.00009207
808;SJV006010SJU;170;139;0.00024811
808;SJV006010SJU;171;139;0.00027681
808;SJV006010SJU;172;139;0.00000485
808;SJV006010SJU;187;139;0.00104419
808;SJV006010SJU;188;139;0.00356412
808;SJV006010SJU;189;139;0.00169682
808;SJV006010SJU;192;139;0.00014171
808;SJV006010SJU;193;139;0.00052047
808;SJV006010SJU;194;139;0.00011922
808;SJV006010SJU;195;139;0.00000165
808;SJV006010SJU;197;139;0.00000108
808;SJV006010SJU;198;139;0.00000196
808;SJV006010SJU;168;140;0.00009279
808;SJV006010SJU;169;140;0.00027511
808;SJV006010SJU;170;140;0.00008236
808;SJV006010SJU;188;140;0.00150008
808;SJV006010SJU;189;140;0.00238621
808;SJV006010SJU;190;140;0.00146552
808;SJV006010SJU;193;140;0.00045908
808;SJV006010SJU;194;140;0.00001272
808;SJV006010SJU;195;140;0.00000046
808;SJV006010SJU;196;140;0.00000412
808;SJV006010SJU;197;140;0.00000132
808;SJV006010SJU;188;141;0.00104550
808;SJV006010SJU;189;141;0.00084349
808;SJV006010SJU;190;141;0.00174933
808;SJV006010SJU;191;141;0.00176911
808;SJV006010SJU;192;141;0.00041845
808;SJV006010SJU;193;141;0.00044868
808;SJV006010SJU;194;141;0.00046098
808;SJV006010SJU;195;141;0.00041202
808;SJV006010SJU;196;141;0.00003977
808;SJV006010SJU;191;142;0.00064958
808;SJV006010SJU;192;142;0.00117385
808;SJV006010SJU;193;142;0.00012536
808;SJV006010SJU;194;142;0.00004381
808;SJV006010SJU;195;142;0.00036372
808;SJV006010SJU;196;142;0.00010979
808;SJV006010SJU;202;142;0.00014071
808;SJV006010SJU;203;142;0.00011494
808;SJV006010SJU;204;142;0.00000306
808;SJV006010SJU;193;143;0.00129281
808;SJV006010SJU;194;143;0.00131943
808;SJV006010SJU;195;143;0.00115765
808;SJV006010SJU;196;143;0.00092416
808;SJV006010SJU;200;143;0.00005455
808;SJV006010SJU;201;143;0.00018528
808;SJV006010SJU;202;143;0.00000317
808;SJV006010SJU;193;144;0.00033666
808;SJV006010SJU;194;144;0.00002712
808;SJV006010SJU;196;144;0.00026458
808;SJV006010SJU;197;144;0.00119140
808;SJV006010SJU;198;144;0.00009735
808;SJV006010SJU;199;144;0.00009992
808;SJV006010SJU;200;144;0.00009154
808;SJV006010SJU;201;144;0.00002027
808;SJV006010SJU;193;145;0.00034078
808;SJV006010SJU;197;145;0.00036632
808;SJV006010SJU;193;146;0.00005770
808;SJV006010SJU;197;146;0.00016933
808;SJV006010SJU;198;146;0.00039889
808;SJV006010SJU;199;146;0.00040051
808;SJV006010SJU;200;146;0.00004076
808;SJV006010SJU;199;147;0.00023461
808;SJV006010SJU;200;147;0.00010439
808;SJV006010SJU;200;148;0.00049500
808;SJV006010SJU;200;149;0.00003635
808;GBV006002GBU;190;178;0.00381257
808;GBV006002GBU;181;181;0.00590986
808;GBV006002GBU;181;182;0.00096131
808;GBV006002GBU;182;182;0.00685122
808;GBV006002GBU;183;182;0.00674403
808;GBV006002GBU;183;183;0.00002732
808;GBV006002GBU;184;183;0.00677135
808;GBV006002GBU;185;183;0.00677135
808;GBV006002GBU;186;183;0.00153555
808;GBV006002GBU;186;184;0.01393704
808;GBV006002GBU;186;185;0.00196221
808;GBV006002GBU;187;185;0.01197484
808;GBV006002GBU;187;186;0.00703470
808;GBV006002GBU;188;186;0.00690235
808;GBV006002GBU;182;187;0.00842869
808;GBV006002GBU;187;187;0.08257293
808;GBV006002GBU;188;187;0.07712110
808;GBV006002GBU;189;187;0.06687720
808;GBV006002GBU;190;187;0.06687720
808;GBV006002GBU;191;187;0.00553606
808;GBV006002GBU;181;188;0.01688626
808;GBV006002GBU;182;188;0.00934622
808;GBV006002GBU;183;188;0.01432940
808;GBV006002GBU;186;188;0.05351031
808;GBV006002GBU;187;188;0.02682387
808;GBV006002GBU;183;189;0.01399806
808;GBV006002GBU;184;189;0.00361525
808;GBV006002GBU;186;189;0.08026138
808;GBV006002GBU;183;190;0.07279645
808;GBV006002GBU;184;190;0.12797824
808;GBV006002GBU;185;190;0.09379710
808;GBV006002GBU;186;190;0.06270795
808;GBV006002GBU;187;190;0.00651101
808;GBV006002GBU;187;191;0.02707098
808;GBV006002GBU;187;192;0.00175863
808;0SF0060210BA;129;164;0.01493635
808;0SF0060210BA;127;165;0.00002338
808;0SF0060210BA;129;165;0.08166861
808;0SF0060210BA;126;166;0.00009714
808;0SF0060210BA;127;166;0.00012101
808;0SF0060210BA;128;166;0.04961419
808;0SF0060210BA;129;166;0.02605558
808;0SF0060210BA;124;167;0.00005037
808;0SF0060210BA;125;167;0.00038567
808;0SF0060210BA;126;167;0.00004173
808;0SF0060210BA;127;167;0.00000633
808;0SF0060210BA;128;167;0.06924463
808;0SF0060210BA;129;167;0.00944141
808;0SF0060210BA;130;167;0.01465327
808;0SF0060210BA;124;168;0.00022346
808;0SF0060210BA;125;168;0.00023207
808;0SF0060210BA;126;168;0.00036611
808;0SF0060210BA;127;168;0.00005140
808;0SF0060210BA;128;168;0.05673640
808;0SF0060210BA;129;168;0.07312156
808;0SF0060210BA;130;168;0.00168601
808;0SF0060210BA;123;169;0.00006966
808;0SF0060210BA;124;169;0.00008921
808;0SF0060210BA;126;169;0.00045262
808;0SF0060210BA;127;169;0.00223718
808;0SF0060210BA;128;169;0.10747422
808;0SF0060210BA;129;169;0.00020713
808;0SF0060210BA;130;169;0.00000411
808;0SF0060210BA;123;170;0.00041680
808;0SF0060210BA;124;170;0.00026338
808;0SF0060210BA;125;170;0.00086611
808;0SF0060210BA;126;170;0.00038191
808;0SF0060210BA;127;170;0.00018101
808;0SF0060210BA;128;170;0.10011808
808;0SF0060210BA;122;171;0.00008220
808;0SF0060210BA;123;171;0.00116057
808;0SF0060210BA;124;171;0.00033537
808;0SF0060210BA;125;171;0.00051922
808;0SF0060210BA;127;171;0.00003579
808;0SF0060210BA;128;171;0.11220756
808;0SF0060210BA;121;172;0.00000677
808;0SF0060210BA;122;172;0.00004753
808;0SF0060210BA;124;172;0.00140225
808;0SF0060210BA;125;172;0.00005456
808;0SF0060210BA;126;172;0.00019529
808;0SF0060210BA;127;172;0.01076952
808;0SF0060210BA;128;172;0.08995521
808;0SF0060210BA;129;172;0.01920361
808;0SF0060210BA;121;173;0.00004560
808;0SF0060210BA;122;173;0.00000005
808;0SF0060210BA;124;173;0.00069577
808;0SF0060210BA;125;173;0.00108801
808;0SF0060210BA;126;173;0.00007112
808;0SF0060210BA;127;173;0.07382843
808;0SF0060210BA;128;173;0.00475153
808;0SF0060210BA;120;174;0.00002194
808;0SF0060210BA;121;174;0.00002119
808;0SF0060210BA;122;174;0.00000004
808;0SF0060210BA;123;174;0.00042480
808;0SF0060210BA;124;174;0.00055526
808;0SF0060210BA;125;174;0.00122114
808;0SF0060210BA;127;174;0.06713461
808;0SF0060210BA;128;174;0.00002584
808;0SF0060210BA;120;175;0.00003781
808;0SF0060210BA;120;176;0.00060229
808;0SF0060210BA;121;176;0.00040467
808;0SF0060210BA;122;176;0.00032357
808;0SF0060210BA;120;177;0.00030156
808;0SF0060210BA;121;177;0.00062794
808;0SF0060210BA;121;178;0.00032331
808;0SV006011GLE;136;206;0.00527628
808;0SV006011GLE;136;207;0.07111804
808;0SV006011GLE;140;207;0.00150733
808;0SV006011GLE;136;208;0.07111804
808;0SV006011GLE;140;208;0.00667516
808;0SV006011GLE;141;208;0.00436051
808;0SV006011GLE;142;208;0.00639224
808;0SV006011GLE;143;208;0.01890132
808;0SV006011GLE;136;209;0.07193631
808;0SV006011GLE;140;209;0.00431171
808;0SV006011GLE;142;209;0.00162436
808;0SV006011GLE;134;210;0.00515022
808;0SV006011GLE;135;210;0.01277291
808;0SV006011GLE;136;210;0.08905484
808;0SV006011GLE;137;210;0.00752875
808;0SV006011GLE;138;210;0.00752875
808;0SV006011GLE;139;210;0.00658018
808;0SV006011GLE;140;210;0.00750578
808;0SV006011GLE;142;210;0.00213033
808;0SV006011GLE;136;211;0.07427994
808;0SV006011GLE;140;211;0.00531336
808;0SV006011GLE;136;212;0.07447061
808;0SV006011GLE;140;212;0.00529059
808;0SV006011GLE;136;213;0.07447061
808;0SV006011GLE;140;213;0.00487842
808;0SV006011GLE;136;214;0.07447061
808;0SV006011GLE;140;214;0.00105204
808;0SV006011GLE;136;215;0.07447061
808;0SV006011GLE;140;215;0.00078965
808;0SV006011GLE;136;216;0.07841111
808;0SV006011GLE;137;216;0.01229531
808;0SV006011GLE;138;216;0.01337376
808;0SV006011GLE;139;216;0.01337376
808;0SV006011GLE;140;216;0.01482341
808;0SV006011GLE;136;217;0.07182116
808;0SV006011GLE;136;218;0.00494198
808;NEP006018LAS;181;215;0.02540195
808;NEP006018LAS;181;216;0.03670617
808;NEP006018LAS;180;217;0.02603351
808;NEP006018LAS;181;217;0.03306905
808;NEP006018LAS;181;218;0.01483671
808;NEP006018LAS;181;219;0.01483671
808;NEP006018LAS;181;220;0.01483671
808;NEP006018LAS;181;221;0.01687866
808;NEP006018LAS;180;222;0.00629876
808;NEP006018LAS;181;222;0.01232167
808;NEP006018LAS;179;223;0.00050835
808;NEP006018LAS;180;223;0.01811207
808;NEP006018LAS;179;224;0.01862043
808;NEP006018LAS;178;225;0.01774732
808;NEP006018LAS;179;225;0.00528205
808;NEP006018LAS;176;226;0.00954001
808;NEP006018LAS;177;226;0.01810469
808;NEP006018LAS;178;226;0.00185342
808;NEP006018LAS;174;227;0.01189696
808;NEP006018LAS;175;227;0.01625999
808;NEP006018LAS;176;227;0.00855059
808;NEP006018LAS;173;228;0.01119010
808;NEP006018LAS;174;228;0.00880357
808;NEP006018LAS;172;229;0.00676225
808;NEP006018LAS;173;229;0.01302130
808;NEP006018LAS;181;229;0.00005375
808;NEP006018LAS;182;229;0.00010469
808;NEP006018LAS;171;230;0.00136130
808;NEP006018LAS;172;230;0.01839506
808;NEP006018LAS;180;230;0.00029126
808;NEP006018LAS;181;230;0.00025642
808;NEP006018LAS;160;231;0.01090342
808;NEP006018LAS;161;231;0.01774754
808;NEP006018LAS;162;231;0.00769555
808;NEP006018LAS;170;231;0.00098086
808;NEP006018LAS;171;231;0.01984831
808;NEP006018LAS;172;231;0.00043851
808;NEP006018LAS;173;231;0.00036927
808;NEP006018LAS;178;231;0.00085924
808;NEP006018LAS;179;231;0.00047622
808;NEP006018LAS;180;231;0.00001891
808;NEP006018LAS;161;232;0.00391339
808;NEP006018LAS;162;232;0.00856394
808;NEP006018LAS;163;232;0.01625948
808;NEP006018LAS;164;232;0.00710039
808;NEP006018LAS;170;232;0.01702957
808;NEP006018LAS;173;232;0.00060635
808;NEP006018LAS;176;232;0.00057158
808;NEP006018LAS;177;232;0.00122040
808;NEP006018LAS;178;232;0.00036116
808;NEP006018LAS;161;233;0.00189158
808;NEP006018LAS;164;233;0.00923150
808;NEP006018LAS;165;233;0.01635937
808;NEP006018LAS;166;233;0.00567609
808;NEP006018LAS;169;233;0.01306322
808;NEP006018LAS;170;233;0.00952100
808;NEP006018LAS;171;233;0.00012977
808;NEP006018LAS;172;233;0.00012977
808;NEP006018LAS;173;233;0.00012522
808;NEP006018LAS;174;233;0.00055826
808;NEP006018LAS;175;233;0.00133999
808;NEP006018LAS;176;233;0.00064882
808;NEP006018LAS;161;234;0.00189158
808;NEP006018LAS;165;234;0.01059237
808;NEP006018LAS;166;234;0.02316783
808;NEP006018LAS;167;234;0.02682526
808;NEP006018LAS;168;234;0.03328616
808;NEP006018LAS;169;234;0.01041749
808;NEP006018LAS;175;234;0.00012832
808;NEP006018LAS;176;234;0.00098447
808;NEP006018LAS;160;235;0.00183898
808;NEP006018LAS;161;235;0.00005260
808;NEP006018LAS;162;235;0.00297062
808;NEP006018LAS;163;235;0.01424652
808;NEP006018LAS;164;235;0.01183625
808;NEP006018LAS;165;235;0.00246997
808;NEP006018LAS;169;235;0.00274778
808;NEP006018LAS;170;235;0.00263903
808;NEP006018LAS;176;235;0.00111279
808;NEP006018LAS;160;236;0.00189158
808;NEP006018LAS;161;236;0.00252542
808;NEP006018LAS;162;236;0.01378173
808;NEP006018LAS;170;236;0.00550127
808;NEP006018LAS;171;236;0.00065600
808;NEP006018LAS;176;236;0.00111279
808;NEP006018LAS;160;237;0.00305233
808;NEP006018LAS;161;237;0.01489697
808;NEP006018LAS;169;237;0.00412368
808;NEP006018LAS;170;237;0.00264113
808;NEP006018LAS;176;237;0.00111279
808;NEP006018LAS;159;238;0.00162798
808;NEP006018LAS;160;238;0.01632132
808;NEP006018LAS;169;238;0.00569774
808;NEP006018LAS;176;238;0.00111279
808;NEP006018LAS;158;239;0.00310433
808;NEP006018LAS;159;239;0.01782223
808;NEP006018LAS;160;239;0.00020392
808;NEP006018LAS;168;239;0.00415932
808;NEP006018LAS;169;239;0.00103314
808;NEP006018LAS;176;239;0.00060921
808;NEP006018LAS;177;239;0.00050359
808;NEP006018LAS;155;240;0.04066689
808;NEP006018LAS;156;240;0.01364466
808;NEP006018LAS;157;240;0.01473021
808;NEP006018LAS;158;240;0.01342424
808;NEP006018LAS;168;240;0.00519246
808;NEP006018LAS;176;240;0.00057117
808;NEP006018LAS;177;240;0.00069382
808;NEP006018LAS;168;241;0.00519246
808;NEP006018LAS;175;241;0.00005913
808;NEP006018LAS;176;241;0.00129511
808;NEP006018LAS;168;242;0.00547327
808;NEP006018LAS;175;242;0.00135424
808;NEP006018LAS;167;243;0.00468047
808;NEP006018LAS;168;243;0.00093342
808;NEP006018LAS;174;243;0.00090132
808;NEP006018LAS;175;243;0.00045292
808;NEP006018LAS;167;244;0.00551162
808;NEP006018LAS;173;244;0.00038928
808;NEP006018LAS;174;244;0.00096496
808;NEP006018LAS;167;245;0.00525268
808;NEP006018LAS;173;245;0.00135424
808;NEP006018LAS;167;246;0.00525268
808;NEP006018LAS;172;246;0.00196883
808;NEP006018LAS;173;246;0.00012276
808;NEP006018LAS;166;247;0.00336611
808;NEP006018LAS;167;247;0.00066067
808;NEP006018LAS;172;247;0.00258819
808;NEP006018LAS;166;248;0.00130453
808;NEP006018LAS;172;248;0.00258819
808;NEP006018LAS;165;249;0.00116541
808;NEP006018LAS;166;249;0.00013912
808;NEP006018LAS;172;249;0.00258819
808;NEP006018LAS;164;250;0.00044831
808;NEP006018LAS;165;250;0.00085622
808;NEP006018LAS;172;250;0.00258266
808;NEP006018LAS;157;251;0.00146816
808;NEP006018LAS;164;251;0.00124532
808;NEP006018LAS;172;251;0.00257805
808;NEP006018LAS;155;252;0.00240280
808;NEP006018LAS;156;252;0.00271960
808;NEP006018LAS;157;252;0.00222098
808;NEP006018LAS;158;252;0.00176875
808;NEP006018LAS;163;252;0.00048111
808;NEP006018LAS;164;252;0.00070568
808;NEP006018LAS;172;252;0.00257805
808;NEP006018LAS;158;253;0.00246057
808;NEP006018LAS;159;253;0.00312204
808;NEP006018LAS;160;253;0.00070019
808;NEP006018LAS;163;253;0.00118680
808;NEP006018LAS;171;253;0.00082620
808;NEP006018LAS;172;253;0.00175185
808;NEP006018LAS;159;254;0.00039326
808;NEP006018LAS;160;254;0.00205678
808;NEP006018LAS;161;254;0.00311700
808;NEP006018LAS;162;254;0.00124051
808;NEP006018LAS;163;254;0.00117930
808;NEP006018LAS;171;254;0.00257803
808;NEP006018LAS;159;255;0.00004038
808;NEP006018LAS;162;255;0.00043075
808;NEP006018LAS;171;255;0.00010397
808;0NC006008NCU;100;264;0.04893301
808;0NC006008NCU;100;265;0.05912773
808;0NC006008NCU;101;265;0.01076328
808;0NC006008NCU;100;266;0.06136012
808;0NC006008NCU;99;267;0.05500410
808;0NC006008NCU;100;267;0.00202646
808;0NC006008NCU;99;268;0.05246865
808;0NC006008NCU;99;269;0.05092973
808;0NC006008NCU;99;270;0.05513912
808;0NC006008NCU;97;271;0.00005691
808;0NC006008NCU;98;271;0.06513580
808;0NC006008NCU;99;271;0.00790458
808;0NC006008NCU;97;272;0.03516112
808;0NC006008NCU;98;272;0.04499522
808;0NC006008NCU;100;272;0.00147079
808;0NC006008NCU;98;273;0.06168194
808;0NC006008NCU;99;273;0.02027767
808;0NC006008NCU;100;273;0.02874900
808;0NC006008NCU;101;273;0.01015643
808;0NC006008NCU;98;274;0.00072756
808;0NC006008NCU;99;274;0.03032934
808;0NC006008NCU;101;274;0.01837219
808;0NC006008NCU;102;274;0.02040329
808;0NC006008NCU;103;274;0.02235198
808;0NC006008NCU;104;274;0.02249838
808;0NC006008NCU;105;274;0.00326913
808;0NC006008NCU;99;275;0.03506046
808;0NC006008NCU;105;275;0.01922924
808;0NC006008NCU;106;275;0.02125350
808;0NC006008NCU;98;276;0.00995841
808;0NC006008NCU;99;276;0.02858709
808;0NC006008NCU;106;276;0.01438456
808;0NC006008NCU;107;276;0.00793591
808;0NC006008NCU;97;277;0.01908113
808;0NC006008NCU;98;277;0.01893984
808;0NC006008NCU;107;277;0.02232047
808;0NC006008NCU;97;278;0.00964759
808;0NC006008NCU;107;278;0.00430828
808;0SF0060280BA;131;173;0.00963329
808;0SF0060280BA;134;173;0.02753937
808;0SF0060280BA;135;173;0.03676588
808;0SF0060280BA;134;174;0.06718487
808;0SF0060280BA;135;174;0.00468877
808;0SF0060280BA;134;175;0.10419173
808;0SF0060280BA;135;175;0.02646441
808;0SF0060280BA;132;176;0.02610774
808;0SF0060280BA;133;176;0.09933202
808;0SF0060280BA;134;176;0.07412052
808;0SF0060280BA;132;177;0.00004260
808;0SF0060280BA;133;177;0.06767084
808;0SF0060280BA;134;177;0.02079329
808;0SF0060280BA;137;177;0.00000011
808;0SF0060280BA;132;178;0.01590739
808;0SF0060280BA;133;178;0.06995605
808;0SF0060280BA;134;178;0.00693140
808;0SF0060280BA;135;178;0.00000671
808;0SF0060280BA;136;178;0.00003039
808;0SF0060280BA;137;178;0.00005900
808;0SF0060280BA;131;179;0.01690857
808;0SF0060280BA;132;179;0.04043838
808;0SF0060280BA;133;179;0.01401261
808;0SF0060280BA;135;179;0.00014215
808;0SF0060280BA;136;179;0.00008188
808;0SF0060280BA;130;180;0.02402511
808;0SF0060280BA;131;180;0.03675059
808;0SF0060280BA;132;180;0.02880301
808;0SF0060280BA;135;180;0.00014384
808;0SF0060280BA;131;181;0.03642299
808;0SF0060280BA;132;181;0.00092927
808;0SF0060280BA;135;181;0.00008082
808;0SF0060280BA;136;181;0.00008066
808;0SF0060280BA;130;182;0.01426440
808;0SF0060280BA;131;182;0.00889826
808;0SF0060280BA;134;182;0.00002507
808;0SF0060280BA;135;182;0.00017411
808;0SF0060280BA;129;183;0.00846693
808;0SF0060280BA;130;183;0.02194810
808;0SF0060280BA;135;183;0.00022830
808;0SF0060280BA;137;183;0.01622344
808;0SF0060280BA;138;183;0.00681054
808;0SF0060280BA;128;184;0.01029147
808;0SF0060280BA;129;184;0.01556161
808;0SF0060280BA;130;184;0.00683639
808;0SF0060280BA;135;184;0.00016191
808;0SF0060280BA;126;185;0.00141330
808;0SF0060280BA;127;185;0.02281315
808;0SF0060280BA;128;185;0.00755423
808;0SF0060280BA;130;185;0.00025245
808;0SF0060280BA;131;185;0.00011302
808;0SF0060280BA;134;185;0.00016039
808;0SF0060280BA;135;185;0.00001269
808;0SF0060280BA;126;186;0.00018363
808;0SF0060280BA;131;186;0.00038582
808;0SF0060280BA;132;186;0.00032243
808;0SF0060280BA;133;186;0.00042968
808;0SF0060280BA;134;186;0.00012928
808;0SF0060280BA;132;187;0.00009313
808;SCC006040SLO;194;84;0.00002307
808;SCC006040SLO;192;85;0.00048143
808;SCC006040SLO;193;85;0.00071827
808;SCC006040SLO;194;85;0.00057765
808;SCC006040SLO;170;86;0.00007176
808;SCC006040SLO;174;86;0.00008747
808;SCC006040SLO;194;86;0.00072705
808;SCC006040SLO;170;87;0.00238768
808;SCC006040SLO;171;87;0.00072752
808;SCC006040SLO;172;87;0.00309573
808;SCC006040SLO;173;87;0.01666661
808;SCC006040SLO;174;87;0.00090683
808;SCC006040SLO;175;87;0.00048069
808;SCC006040SLO;193;87;0.00000083
808;SCC006040SLO;194;87;0.00005060
808;SCC006040SLO;169;88;0.00009657
808;SCC006040SLO;170;88;0.00322071
808;SCC006040SLO;171;88;0.00396228
808;SCC006040SLO;172;88;0.02702162
808;SCC006040SLO;173;88;0.00009082
808;SCC006040SLO;175;88;0.00075393
808;SCC006040SLO;176;88;0.00104977
808;SCC006040SLO;177;88;0.00077822
808;SCC006040SLO;178;88;0.00012017
808;SCC006040SLO;179;88;0.00004717
808;SCC006040SLO;185;88;0.00018418
808;SCC006040SLO;192;88;0.00001500
808;SCC006040SLO;193;88;0.00005354
808;SCC006040SLO;169;89;0.00097591
808;SCC006040SLO;170;89;0.00424135
808;SCC006040SLO;171;89;0.02027826
808;SCC006040SLO;172;89;0.00156851
808;SCC006040SLO;176;89;0.00012120
808;SCC006040SLO;177;89;0.00004953
808;SCC006040SLO;179;89;0.00006778
808;SCC006040SLO;182;89;0.00023053
808;SCC006040SLO;183;89;0.00045126
808;SCC006040SLO;184;89;0.00041055
808;SCC006040SLO;185;89;0.00014270
808;SCC006040SLO;190;89;0.00003740
808;SCC006040SLO;191;89;0.00004448
808;SCC006040SLO;192;89;0.00003307
808;SCC006040SLO;169;90;0.02027731
808;SCC006040SLO;170;90;0.02659243
808;SCC006040SLO;171;90;0.00424209
808;SCC006040SLO;172;90;0.00004077
808;SCC006040SLO;173;90;0.00001582
808;SCC006040SLO;174;90;0.00000242
808;SCC006040SLO;180;90;0.00010947
808;SCC006040SLO;181;90;0.00034082
808;SCC006040SLO;182;90;0.00019901
808;SCC006040SLO;183;90;0.00001500
808;SCC006040SLO;188;90;0.00001530
808;SCC006040SLO;189;90;0.00005665
808;SCC006040SLO;190;90;0.00001023
808;SCC006040SLO;167;91;0.00164349
808;SCC006040SLO;168;91;0.03444684
808;SCC006040SLO;169;91;0.03365521
808;SCC006040SLO;170;91;0.00378828
808;SCC006040SLO;171;91;0.00082581
808;SCC006040SLO;172;91;0.00021178
808;SCC006040SLO;173;91;0.00007412
808;SCC006040SLO;174;91;0.00000644
808;SCC006040SLO;175;91;0.00000800
808;SCC006040SLO;183;91;0.00001275
808;SCC006040SLO;187;91;0.00004182
808;SCC006040SLO;188;91;0.00004947
808;SCC006040SLO;164;92;0.00081185
808;SCC006040SLO;165;92;0.00188307
808;SCC006040SLO;166;92;0.00310268
808;SCC006040SLO;167;92;0.03420223
808;SCC006040SLO;168;92;0.00010929
808;SCC006040SLO;169;92;0.00286887
808;SCC006040SLO;170;92;0.00220847
808;SCC006040SLO;171;92;0.00071937
808;SCC006040SLO;172;92;0.00027293
808;SCC006040SLO;173;92;0.00014039
808;SCC006040SLO;175;92;0.00000162
808;SCC006040SLO;176;92;0.00000778
808;SCC006040SLO;177;92;0.00000897
808;SCC006040SLO;178;92;0.00000368
808;SCC006040SLO;183;92;0.00000462
808;SCC006040SLO;184;92;0.00000507
808;SCC006040SLO;186;92;0.00005028
808;SCC006040SLO;187;92;0.00001048
808;SCC006040SLO;188;92;0.00000376
808;SCC006040SLO;163;93;0.00016911
808;SCC006040SLO;164;93;0.00087967
808;SCC006040SLO;166;93;0.00013946
808;SCC006040SLO;167;93;0.02929377
808;SCC006040SLO;168;93;0.00024495
808;SCC006040SLO;169;93;0.00612750
808;SCC006040SLO;170;93;0.00052460
808;SCC006040SLO;173;93;0.00006809
808;SCC006040SLO;174;93;0.00021673
808;SCC006040SLO;184;93;0.00000878
808;SCC006040SLO;185;93;0.00004920
808;SCC006040SLO;186;93;0.00002534
808;SCC006040SLO;163;94;0.00032259
808;SCC006040SLO;165;94;0.00000169
808;SCC006040SLO;166;94;0.00016706
808;SCC006040SLO;167;94;0.01699617
808;SCC006040SLO;168;94;0.04076106
808;SCC006040SLO;169;94;0.00238830
808;SCC006040SLO;170;94;0.00002265
808;SCC006040SLO;174;94;0.00008615
808;SCC006040SLO;184;94;0.00004911
808;SCC006040SLO;185;94;0.00002385
808;SCC006040SLO;163;95;0.00031150
808;SCC006040SLO;164;95;0.00071172
808;SCC006040SLO;165;95;0.00337118
808;SCC006040SLO;166;95;0.00357215
808;SCC006040SLO;167;95;0.00485832
808;SCC006040SLO;168;95;0.07243361
808;SCC006040SLO;169;95;0.01298537
808;SCC006040SLO;171;95;0.00000014
808;SCC006040SLO;172;95;0.00002645
808;SCC006040SLO;173;95;0.00002390
808;SCC006040SLO;174;95;0.00004257
808;SCC006040SLO;175;95;0.00000226
808;SCC006040SLO;183;95;0.00003772
808;SCC006040SLO;184;95;0.00003423
808;SCC006040SLO;164;96;0.00714695
808;SCC006040SLO;165;96;0.00002045
808;SCC006040SLO;166;96;0.01092112
808;SCC006040SLO;167;96;0.01110793
808;SCC006040SLO;168;96;0.00001058
808;SCC006040SLO;169;96;0.02897412
808;SCC006040SLO;171;96;0.00002504
808;SCC006040SLO;175;96;0.00001158
808;SCC006040SLO;177;96;0.00000354
808;SCC006040SLO;178;96;0.00003062
808;SCC006040SLO;182;96;0.00000454
808;SCC006040SLO;183;96;0.00043534
808;SCC006040SLO;184;96;0.00018030
808;SCC006040SLO;185;96;0.00004602
808;SCC006040SLO;186;96;0.00004572
808;SCC006040SLO;164;97;0.01436172
808;SCC006040SLO;165;97;0.01016546
808;SCC006040SLO;166;97;0.00077968
808;SCC006040SLO;168;97;0.02082585
808;SCC006040SLO;169;97;0.01024906
808;SCC006040SLO;170;97;0.00026843
808;SCC006040SLO;171;97;0.00029754
808;SCC006040SLO;172;97;0.00032009
808;SCC006040SLO;173;97;0.00011111
808;SCC006040SLO;175;97;0.00001515
808;SCC006040SLO;176;97;0.00004122
808;SCC006040SLO;177;97;0.00004500
808;SCC006040SLO;180;97;0.00024285
808;SCC006040SLO;181;97;0.00033433
808;SCC006040SLO;182;97;0.00045639
808;SCC006040SLO;183;97;0.00005627
808;SCC006040SLO;184;97;0.00003765
808;SCC006040SLO;185;97;0.00000032
808;SCC006040SLO;186;97;0.00001194
808;SCC006040SLO;187;97;0.00000147
808;SCC006040SLO;163;98;0.00377485
808;SCC006040SLO;164;98;0.00285684
808;SCC006040SLO;165;98;0.00011094
808;SCC006040SLO;169;98;0.02935384
808;SCC006040SLO;170;98;0.00153434
808;SCC006040SLO;172;98;0.00001740
808;SCC006040SLO;173;98;0.00001810
808;SCC006040SLO;176;98;0.00035820
808;SCC006040SLO;177;98;0.00033219
808;SCC006040SLO;178;98;0.00035672
808;SCC006040SLO;179;98;0.00039007
808;SCC006040SLO;180;98;0.00013908
808;SCC006040SLO;181;98;0.00006296
808;SCC006040SLO;161;99;0.00007247
808;SCC006040SLO;162;99;0.00163360
808;SCC006040SLO;163;99;0.00403631
808;SCC006040SLO;164;99;0.00013209
808;SCC006040SLO;165;99;0.00012942
808;SCC006040SLO;166;99;0.00022378
808;SCC006040SLO;167;99;0.00041769
808;SCC006040SLO;168;99;0.01826801
808;SCC006040SLO;169;99;0.01024783
808;SCC006040SLO;170;99;0.00042465
808;SCC006040SLO;171;99;0.00119514
808;SCC006040SLO;172;99;0.00094801
808;SCC006040SLO;174;99;0.00012569
808;SCC006040SLO;175;99;0.00010895
808;SCC006040SLO;176;99;0.00061636
808;SCC006040SLO;177;99;0.00012196
808;SCC006040SLO;178;99;0.00015267
808;SCC006040SLO;181;99;0.00006344
808;SCC006040SLO;182;99;0.00003460
808;SCC006040SLO;160;100;0.00045005
808;SCC006040SLO;161;100;0.00186809
808;SCC006040SLO;162;100;0.00006380
808;SCC006040SLO;163;100;0.00005613
808;SCC006040SLO;164;100;0.00008421
808;SCC006040SLO;165;100;0.00002305
808;SCC006040SLO;166;100;0.00032233
808;SCC006040SLO;167;100;0.00246124
808;SCC006040SLO;168;100;0.04233423
808;SCC006040SLO;169;100;0.00039115
808;SCC006040SLO;170;100;0.00007587
808;SCC006040SLO;171;100;0.00014333
808;SCC006040SLO;172;100;0.00017003
808;SCC006040SLO;173;100;0.00054912
808;SCC006040SLO;174;100;0.00048842
808;SCC006040SLO;175;100;0.00049031
808;SCC006040SLO;178;100;0.00003500
808;SCC006040SLO;181;100;0.00011145
808;SCC006040SLO;182;100;0.00005358
808;SCC006040SLO;159;101;0.00026740
808;SCC006040SLO;160;101;0.00185680
808;SCC006040SLO;162;101;0.00000518
808;SCC006040SLO;164;101;0.00010235
808;SCC006040SLO;165;101;0.00000886
808;SCC006040SLO;166;101;0.00017459
808;SCC006040SLO;167;101;0.02530628
808;SCC006040SLO;168;101;0.00803597
808;SCC006040SLO;169;101;0.00132650
808;SCC006040SLO;170;101;0.00071707
808;SCC006040SLO;171;101;0.00048148
808;SCC006040SLO;172;101;0.00058920
808;SCC006040SLO;173;101;0.00001995
808;SCC006040SLO;175;101;0.00005982
808;SCC006040SLO;178;101;0.00002734
808;SCC006040SLO;181;101;0.00005062
808;SCC006040SLO;158;102;0.00131067
808;SCC006040SLO;159;102;0.00447415
808;SCC006040SLO;160;102;0.00085992
808;SCC006040SLO;161;102;0.00087194
808;SCC006040SLO;162;102;0.00083447
808;SCC006040SLO;163;102;0.00084273
808;SCC006040SLO;164;102;0.00102564
808;SCC006040SLO;165;102;0.00163181
808;SCC006040SLO;166;102;0.00238998
808;SCC006040SLO;167;102;0.02577907
808;SCC006040SLO;168;102;0.00042504
808;SCC006040SLO;169;102;0.00183893
808;SCC006040SLO;170;102;0.00046588
808;SCC006040SLO;171;102;0.00133037
808;SCC006040SLO;172;102;0.00016502
808;SCC006040SLO;175;102;0.00005760
808;SCC006040SLO;177;102;0.00000683
808;SCC006040SLO;178;102;0.00000351
808;SCC006040SLO;180;102;0.00003279
808;SCC006040SLO;181;102;0.00001962
808;SCC006040SLO;158;103;0.00382894
808;SCC006040SLO;159;103;0.00051120
808;SCC006040SLO;160;103;0.00028939
808;SCC006040SLO;161;103;0.00006050
808;SCC006040SLO;162;103;0.00015015
808;SCC006040SLO;164;103;0.00034133
808;SCC006040SLO;165;103;0.00051816
808;SCC006040SLO;166;103;0.00042517
808;SCC006040SLO;167;103;0.02175210
808;SCC006040SLO;168;103;0.00140118
808;SCC006040SLO;169;103;0.00131477
808;SCC006040SLO;170;103;0.00216142
808;SCC006040SLO;171;103;0.00010282
808;SCC006040SLO;172;103;0.00013021
808;SCC006040SLO;173;103;0.00006880
808;SCC006040SLO;175;103;0.00006942
808;SCC006040SLO;176;103;0.00000848
808;SCC006040SLO;177;103;0.00000181
808;SCC006040SLO;179;103;0.00002212
808;SCC006040SLO;180;103;0.00003253
808;SCC006040SLO;157;104;0.00167206
808;SCC006040SLO;158;104;0.00018558
808;SCC006040SLO;159;104;0.00001305
808;SCC006040SLO;162;104;0.00005299
808;SCC006040SLO;163;104;0.00006418
808;SCC006040SLO;164;104;0.00058613
808;SCC006040SLO;166;104;0.00005307
808;SCC006040SLO;167;104;0.02525662
808;SCC006040SLO;168;104;0.01407294
808;SCC006040SLO;169;104;0.00040775
808;SCC006040SLO;170;104;0.00113423
808;SCC006040SLO;171;104;0.00017483
808;SCC006040SLO;173;104;0.00000392
808;SCC006040SLO;174;104;0.00014088
808;SCC006040SLO;175;104;0.00004736
808;SCC006040SLO;178;104;0.00001315
808;SCC006040SLO;179;104;0.00001944
808;SCC006040SLO;154;105;0.00033465
808;SCC006040SLO;155;105;0.00114846
808;SCC006040SLO;156;105;0.00121199
808;SCC006040SLO;157;105;0.00030975
808;SCC006040SLO;159;105;0.00000621
808;SCC006040SLO;160;105;0.00001160
808;SCC006040SLO;161;105;0.00001488
808;SCC006040SLO;162;105;0.00048144
808;SCC006040SLO;163;105;0.00072794
808;SCC006040SLO;164;105;0.00020479
808;SCC006040SLO;165;105;0.00004237
808;SCC006040SLO;166;105;0.00086967
808;SCC006040SLO;167;105;0.01520524
808;SCC006040SLO;168;105;0.01145039
808;SCC006040SLO;169;105;0.00820920
808;SCC006040SLO;170;105;0.00556303
808;SCC006040SLO;171;105;0.00504603
808;SCC006040SLO;172;105;0.00451170
808;SCC006040SLO;173;105;0.00440890
808;SCC006040SLO;174;105;0.00454186
808;SCC006040SLO;175;105;0.00216049
808;SCC006040SLO;177;105;0.00001895
808;SCC006040SLO;178;105;0.00003891
808;SCC006040SLO;154;106;0.00119850
808;SCC006040SLO;156;106;0.00008808
808;SCC006040SLO;157;106;0.00001134
808;SCC006040SLO;161;106;0.00046026
808;SCC006040SLO;162;106;0.00039988
808;SCC006040SLO;164;106;0.00118783
808;SCC006040SLO;165;106;0.00292315
808;SCC006040SLO;166;106;0.00246585
808;SCC006040SLO;167;106;0.00699683
808;SCC006040SLO;168;106;0.00023690
808;SCC006040SLO;169;106;0.00063564
808;SCC006040SLO;170;106;0.00006530
808;SCC006040SLO;171;106;0.00002027
808;SCC006040SLO;172;106;0.00025939
808;SCC006040SLO;175;106;0.00426151
808;SCC006040SLO;176;106;0.00127540
808;SCC006040SLO;177;106;0.00004169
808;SCC006040SLO;153;107;0.00009910
808;SCC006040SLO;154;107;0.00083282
808;SCC006040SLO;160;107;0.00008070
808;SCC006040SLO;161;107;0.00018542
808;SCC006040SLO;163;107;0.00215588
808;SCC006040SLO;164;107;0.00165132
808;SCC006040SLO;166;107;0.00000020
808;SCC006040SLO;167;107;0.00717328
808;SCC006040SLO;168;107;0.00010825
808;SCC006040SLO;169;107;0.00018577
808;SCC006040SLO;170;107;0.00032288
808;SCC006040SLO;172;107;0.00001721
808;SCC006040SLO;176;107;0.00474843
808;SCC006040SLO;177;107;0.00232393
808;SCC006040SLO;178;107;0.00194480
808;SCC006040SLO;153;108;0.00083894
808;SCC006040SLO;154;108;0.00024569
808;SCC006040SLO;160;108;0.00003567
808;SCC006040SLO;161;108;0.00012290
808;SCC006040SLO;162;108;0.00026865
808;SCC006040SLO;163;108;0.00129360
808;SCC006040SLO;166;108;0.00038203
808;SCC006040SLO;167;108;0.00939098
808;SCC006040SLO;168;108;0.00000744
808;SCC006040SLO;169;108;0.00011464
808;SCC006040SLO;176;108;0.00000124
808;SCC006040SLO;177;108;0.00259810
808;SCC006040SLO;178;108;0.00184640
808;SCC006040SLO;153;109;0.00048288
808;SCC006040SLO;161;109;0.00013350
808;SCC006040SLO;162;109;0.00032123
808;SCC006040SLO;163;109;0.00013735
808;SCC006040SLO;166;109;0.00128004
808;0SF0060410BA;136;148;0.00010176
808;0SF0060410BA;130;149;0.00000190
808;0SF0060410BA;131;149;0.00000055
808;0SF0060410BA;130;150;0.00000154
808;0SF0060410BA;132;150;0.00000064
808;0SF0060410BA;133;150;0.00013317
808;0SF0060410BA;134;150;0.00010635
808;0SF0060410BA;135;150;0.00011449
808;0SF0060410BA;136;150;0.00000226
808;0SF0060410BA;130;151;0.00000014
808;0SF0060410BA;131;151;0.00000432
808;0SF0060410BA;132;151;0.00000092
808;0SF0060410BA;133;151;0.00034440
808;0SF0060410BA;135;151;0.00001437
808;0SF0060410BA;130;152;0.00000201
808;0SF0060410BA;131;152;0.00000111
808;0SF0060410BA;133;152;0.00022809
808;0SF0060410BA;134;152;0.00011769
808;0SF0060410BA;135;152;0.00000312
808;0SF0060410BA;130;153;0.00000329
808;0SF0060410BA;132;153;0.00000021
808;0SF0060410BA;133;153;0.00004510
808;0SF0060410BA;134;153;0.01410241
808;0SF0060410BA;135;153;0.02429868
808;0SF0060410BA;130;154;0.00057718
808;0SF0060410BA;132;154;0.00000390
808;0SF0060410BA;133;154;0.02505856
808;0SF0060410BA;134;154;0.03286369
808;0SF0060410BA;135;154;0.00449387
808;0SF0060410BA;136;154;0.03190340
808;0SF0060410BA;137;154;0.00000151
808;0SF0060410BA;129;155;0.00014531
808;0SF0060410BA;130;155;0.00227551
808;0SF0060410BA;131;155;0.00270919
808;0SF0060410BA;132;155;0.01481785
808;0SF0060410BA;133;155;0.03178321
808;0SF0060410BA;134;155;0.03177092
808;0SF0060410BA;135;155;0.06084785
808;0SF0060410BA;136;155;0.03740096
808;0SF0060410BA;137;155;0.00102712
808;0SF0060410BA;128;156;0.00045770
808;0SF0060410BA;129;156;0.00064852
808;0SF0060410BA;131;156;0.00457166
808;0SF0060410BA;132;156;0.04437722
808;0SF0060410BA;133;156;0.02522476
808;0SF0060410BA;134;156;0.05131724
808;0SF0060410BA;135;156;0.00060940
808;0SF0060410BA;137;156;0.00047078
808;0SF0060410BA;128;157;0.00091232
808;0SF0060410BA;131;157;0.03977351
808;0SF0060410BA;132;157;0.00801168
808;0SF0060410BA;133;157;0.07613473
808;0SF0060410BA;134;157;0.00586602
808;0SF0060410BA;128;158;0.00078581
808;0SF0060410BA;129;158;0.00056146
808;0SF0060410BA;130;158;0.02230146
808;0SF0060410BA;131;158;0.05826161
808;0SF0060410BA;132;158;0.05592214
808;0SF0060410BA;133;158;0.00001179
808;0SF0060410BA;134;158;0.01999484
808;0SF0060410BA;135;158;0.01248038
808;0SF0060410BA;129;159;0.00228253
808;0SF0060410BA;130;159;0.03947780
808;0SF0060410BA;131;159;0.06182086
808;0SF0060410BA;129;160;0.01282176
808;0SF0060410BA;130;160;0.00647900
808;0SF0060410BA;131;160;0.07266489
808;0SF0060410BA;129;161;0.01126689
808;0SF0060410BA;130;161;0.00011111
808;0SF0060410BA;131;161;0.04707159
808;0MC006029NSI;159;196;0.00754952
808;0MC006029NSI;159;197;0.01817055
808;0MC006029NSI;160;197;0.00054427
808;0MC006029NSI;161;197;0.00028529
808;0MC006029NSI;159;198;0.01192682
808;0MC006029NSI;161;198;0.00038008
808;0MC006029NSI;159;199;0.01269802
808;0MC006029NSI;160;199;0.00122679
808;0MC006029NSI;161;199;0.00222095
808;0MC006029NSI;162;199;0.00240492
808;0MC006029NSI;157;200;0.00045285
808;0MC006029NSI;158;200;0.00108204
808;0MC006029NSI;160;200;0.01807633
808;0MC006029NSI;161;200;0.00008719
808;0MC006029NSI;162;200;0.00709544
808;0MC006029NSI;155;201;0.00656376
808;0MC006029NSI;156;201;0.01246431
808;0MC006029NSI;157;201;0.01282903
808;0MC006029NSI;158;201;0.01105514
808;0MC006029NSI;159;201;0.01105615
808;0MC006029NSI;160;201;0.02210350
808;0MC006029NSI;161;201;0.00757347
808;0MC006029NSI;162;201;0.00223150
808;0MC006029NSI;158;202;0.00185361
808;0MC006029NSI;159;202;0.00245871
808;0MC006029NSI;160;202;0.02783640
808;0MC006029NSI;161;202;0.00472684
808;0MC006029NSI;159;203;0.00296009
808;0MC006029NSI;160;203;0.00362177
808;0MC006029NSI;161;203;0.01433227
808;0MC006029NSI;162;203;0.00339993
808;0MC006029NSI;159;204;0.00282531
808;0MC006029NSI;162;204;0.00077545
808;0MC006029NSI;163;204;0.00483321
808;0MC006029NSI;164;204;0.00404052
808;0MC006029NSI;165;204;0.00401899
808;0MC006029NSI;166;204;0.00470744
808;0MC006029NSI;167;204;0.00536687
808;0MC006029NSI;168;204;0.00192934
808;0MC006029NSI;169;204;0.02962516
808;0MC006029NSI;170;204;0.03373313
808;0MC006029NSI;173;204;0.03497636
808;0MC006029NSI;174;204;0.03203019
808;0MC006029NSI;177;204;0.03543043
808;0MC006029NSI;178;204;0.03180497
808;0MC006029NSI;179;204;0.00081801
808;0MC006029NSI;158;205;0.00024584
808;0MC006029NSI;159;205;0.00146841
808;0MC006029NSI;170;205;0.02065735
808;0MC006029NSI;174;205;0.03382899
808;0MC006029NSI;175;205;0.06064969
808;0MC006029NSI;176;205;0.05930547
808;0MC006029NSI;177;205;0.02378471
808;0MC006029NSI;178;205;0.05269046
808;0MC006029NSI;179;205;0.04767072
808;0MC006029NSI;180;205;0.00000438
808;0MC006029NSI;159;206;0.00200270
808;0MC006029NSI;178;206;0.01292904
808;0MC006029NSI;179;206;0.00923656
808;0MC006029NSI;180;206;0.05553516
808;0MC006029NSI;181;206;0.07863165
808;0MC006029NSI;178;207;0.01255408
808;0MC006029NSI;181;207;0.05401936
808;0MC006029NSI;177;208;0.00114899
808;0MC006029NSI;178;208;0.00135427
808;0MC006029NSI;181;208;0.00072297
808;0MC006029NSI;182;208;0.01337625
808;SJV006039SJU;153;158;0.00840148
808;SJV006039SJU;154;158;0.00134291
808;SJV006039SJU;149;159;0.00018562
808;SJV006039SJU;150;159;0.00049300
808;SJV006039SJU;151;159;0.00079909
808;SJV006039SJU;152;159;0.00952398
808;SJV006039SJU;153;159;0.00563319
808;SJV006039SJU;154;159;0.00341673
808;SJV006039SJU;155;159;0.00164478
808;SJV006039SJU;150;160;0.00309156
808;SJV006039SJU;151;160;0.01023441
808;SJV006039SJU;152;160;0.00264343
808;SJV006039SJU;153;160;0.00509556
808;SJV006039SJU;154;160;0.00172154
808;SJV006039SJU;155;160;0.00222062
808;SJV006039SJU;156;160;0.00019164
808;SJV006039SJU;149;161;0.00544884
808;SJV006039SJU;150;161;0.00753945
808;SJV006039SJU;151;161;0.00642075
808;SJV006039SJU;152;161;0.00396094
808;SJV006039SJU;153;161;0.00383811
808;SJV006039SJU;154;161;0.00108762
808;SJV006039SJU;155;161;0.00015634
808;SJV006039SJU;156;161;0.00083856
808;SJV006039SJU;157;161;0.00000336
808;SJV006039SJU;158;161;0.00258991
808;SJV006039SJU;149;162;0.02228706
808;SJV006039SJU;150;162;0.04688080
808;SJV006039SJU;151;162;0.02572646
808;SJV006039SJU;152;162;0.02006566
808;SJV006039SJU;153;162;0.02087541
808;SJV006039SJU;154;162;0.00782933
808;SJV006039SJU;155;162;0.00051095
808;SJV006039SJU;156;162;0.00134413
808;SJV006039SJU;157;162;0.01140524
808;SJV006039SJU;158;162;0.02213358
808;SJV006039SJU;159;162;0.00148556
808;SJV006039SJU;160;162;0.00162487
808;SJV006039SJU;161;162;0.00161023
808;SJV006039SJU;162;162;0.00197878
808;SJV006039SJU;149;163;0.00189294
808;SJV006039SJU;150;163;0.00102620
808;SJV006039SJU;151;163;0.00184787
808;SJV006039SJU;152;163;0.00036710
808;SJV006039SJU;153;163;0.00119672
808;SJV006039SJU;154;163;0.02326718
808;SJV006039SJU;155;163;0.01170930
808;SJV006039SJU;156;163;0.01113849
808;SJV006039SJU;157;163;0.02153737
808;SJV006039SJU;158;163;0.00379396
808;SJV006039SJU;159;163;0.00290600
808;SJV006039SJU;160;163;0.00279397
808;SJV006039SJU;161;163;0.00523871
808;SJV006039SJU;162;163;0.00142570
808;SJV006039SJU;151;164;0.00136807
808;SJV006039SJU;153;164;0.00059268
808;SJV006039SJU;154;164;0.00303020
808;SJV006039SJU;155;164;0.01735471
808;SJV006039SJU;156;164;0.01924912
808;SJV006039SJU;157;164;0.00258440
808;SJV006039SJU;158;164;0.00340768
808;SJV006039SJU;159;164;0.00058509
808;SJV006039SJU;160;164;0.00165064
808;SJV006039SJU;161;164;0.00244971
808;SJV006039SJU;162;164;0.00088398
808;SJV006039SJU;151;165;0.00133098
808;SJV006039SJU;152;165;0.00121116
808;SJV006039SJU;153;165;0.00069713
808;SJV006039SJU;154;165;0.00078621
808;SJV006039SJU;155;165;0.01899545
808;SJV006039SJU;156;165;0.01537375
808;SJV006039SJU;157;165;0.00121660
808;SJV006039SJU;158;165;0.00113763
808;SJV006039SJU;159;165;0.00152528
808;SJV006039SJU;160;165;0.00193074
808;SJV006039SJU;161;165;0.00139059
808;SJV006039SJU;162;165;0.00121040
808;SJV006039SJU;149;166;0.00276812
808;SJV006039SJU;150;166;0.00289788
808;SJV006039SJU;151;166;0.00332092
808;SJV006039SJU;152;166;0.00003101
808;SJV006039SJU;153;166;0.00064149
808;SJV006039SJU;154;166;0.00111636
808;SJV006039SJU;155;166;0.02371514
808;SJV006039SJU;156;166;0.01583091
808;SJV006039SJU;157;166;0.00241776
808;SJV006039SJU;158;166;0.00287231
808;SJV006039SJU;159;166;0.00066630
808;SJV006039SJU;160;166;0.00035318
808;SJV006039SJU;161;166;0.00104699
808;SJV006039SJU;162;166;0.00090933
808;SJV006039SJU;150;167;0.00001561
808;SJV006039SJU;151;167;0.00038546
808;SJV006039SJU;152;167;0.00243682
808;SJV006039SJU;153;167;0.00275461
808;SJV006039SJU;154;167;0.01929093
808;SJV006039SJU;155;167;0.02483361
808;SJV006039SJU;156;167;0.01937090
808;SJV006039SJU;157;167;0.00259003
808;SJV006039SJU;158;167;0.00232084
808;SJV006039SJU;159;167;0.00155389
808;SJV006039SJU;160;167;0.00202519
808;SJV006039SJU;161;167;0.00234463
808;SJV006039SJU;162;167;0.00175150
808;SJV006039SJU;153;168;0.00391882
808;SJV006039SJU;154;168;0.02893899
808;SJV006039SJU;155;168;0.02106468
808;SJV006039SJU;156;168;0.01282263
808;SJV006039SJU;157;168;0.00208463
808;SJV006039SJU;158;168;0.00157773
808;SJV006039SJU;159;168;0.00114777
808;SJV006039SJU;160;168;0.00169989
808;SJV006039SJU;161;168;0.00119335
808;SJV006039SJU;162;168;0.00073146
808;SJV006039SJU;153;169;0.01400384
808;SJV006039SJU;154;169;0.01378827
808;SJV006039SJU;155;169;0.02299589
808;SJV006039SJU;156;169;0.00265031
808;SJV006039SJU;157;169;0.00138256
808;SJV006039SJU;158;169;0.00211634
808;SJV006039SJU;159;169;0.00155175
808;SJV006039SJU;160;169;0.00090466
808;SJV006039SJU;161;169;0.00034407
808;SJV006039SJU;162;169;0.00026167
808;SJV006039SJU;150;170;0.00000029
808;SJV006039SJU;151;170;0.00000417
808;SJV006039SJU;152;170;0.00008124
808;SJV006039SJU;153;170;0.01323190
808;SJV006039SJU;154;170;0.00723091
808;SJV006039SJU;155;170;0.01594393
808;SJV006039SJU;156;170;0.00180452
808;SJV006039SJU;157;170;0.00203842
808;SJV006039SJU;158;170;0.00162087
808;SJV006039SJU;159;170;0.00138298
808;SJV006039SJU;160;170;0.00128248
808;SJV006039SJU;161;170;0.00074033
808;SJV006039SJU;162;170;0.00003131
808;SJV006039SJU;153;171;0.01140838
808;SJV006039SJU;154;171;0.00324679
808;SJV006039SJU;155;171;0.01260122
808;SJV006039SJU;156;171;0.00080679
808;SJV006039SJU;157;171;0.00145021
808;SJV006039SJU;158;171;0.00109092
808;SJV006039SJU;159;171;0.00090141
808;SJV006039SJU;161;171;0.00043436
808;SJV006039SJU;162;171;0.01411994
808;SJV006039SJU;149;172;0.00006744
808;SJV006039SJU;150;172;0.00189602
808;SJV006039SJU;151;172;0.00475667
808;SJV006039SJU;152;172;0.01275070
808;SJV006039SJU;153;172;0.00334654
808;SJV006039SJU;154;172;0.00513451
808;SJV006039SJU;155;172;0.01771211
808;SJV006039SJU;156;172;0.00224091
808;SJV006039SJU;157;172;0.00286758
808;SJV006039SJU;158;172;0.00106201
808;SJV006039SJU;159;172;0.00086765
808;SJV006039SJU;152;173;0.00776335
808;SJV006039SJU;153;173;0.00116035
808;SJV006039SJU;154;173;0.00244811
808;SJV006039SJU;155;173;0.00940420
808;SJV006039SJU;156;173;0.00137806
808;SJV006039SJU;157;173;0.00091364
808;SJV006039SJU;158;173;0.00298415
808;SJV006039SJU;159;173;0.00071537
808;SJV006039SJU;160;173;0.00002579
808;SJV006039SJU;152;174;0.00905632
808;SJV006039SJU;153;174;0.00106059
808;SJV006039SJU;154;174;0.00084179
808;SJV006039SJU;155;174;0.00882924
808;SJV006039SJU;156;174;0.00153904
808;SJV006039SJU;157;174;0.00169884
808;SJV006039SJU;158;174;0.00047570
808;SJV006039SJU;159;174;0.00348047
808;SJV006039SJU;160;174;0.00676829
808;SJV006039SJU;161;174;0.00638867
808;SJV006039SJU;150;175;0.00149535
808;SJV006039SJU;151;175;0.00225011
808;SJV006039SJU;152;175;0.00943679
808;SJV006039SJU;155;175;0.00877609
808;SJV006039SJU;156;175;0.00068080
808;SJV006039SJU;157;175;0.00064667
808;SJV006039SJU;158;175;0.00025249
808;SJV006039SJU;159;175;0.00048019
808;SJV006039SJU;160;175;0.00195823
808;SJV006039SJU;161;175;0.00014923
808;SJV006039SJU;151;176;0.00063998
808;SJV006039SJU;152;176;0.00027578
808;SJV006039SJU;157;176;0.00004710
808;SJV006039SJU;160;176;0.01573983
808;SJV006039SJU;161;176;0.00625768
808;0SC0060360SC;233;59;0.00028005
808;0SC0060360SC;234;59;0.00000636
808;0SC0060360SC;235;59;0.00001482
808;0SC0060360SC;236;59;0.00368467
808;0SC0060360SC;237;59;0.00045540
808;0SC0060360SC;233;60;0.00021882
808;0SC0060360SC;234;60;0.00210357
808;0SC0060360SC;235;60;0.00720365
808;0SC0060360SC;236;60;0.00418729
808;0SC0060360SC;237;60;0.00204803
808;0SC0060360SC;238;60;0.00000047
808;0SC0060360SC;233;61;0.00079428
808;0SC0060360SC;234;61;0.00777974
808;0SC0060360SC;235;61;0.00997586
808;0SC0060360SC;236;61;0.00614859
808;0SC0060360SC;237;61;0.00349211
808;0SC0060360SC;238;61;0.00189285
808;0SC0060360SC;247;61;0.00004914
808;0SC0060360SC;248;61;0.00003236
808;0SC0060360SC;234;62;0.00423164
808;0SC0060360SC;235;62;0.02791217
808;0SC0060360SC;236;62;0.02947881
808;0SC0060360SC;237;62;0.03350175
808;0SC0060360SC;238;62;0.03429433
808;0SC0060360SC;239;62;0.00554950
808;0SC0060360SC;240;62;0.00089190
808;0SC0060360SC;241;62;0.00083819
808;0SC0060360SC;242;62;0.00177616
808;0SC0060360SC;243;62;0.00781276
808;0SC0060360SC;244;62;0.00643157
808;0SC0060360SC;245;62;0.00036189
808;0SC0060360SC;246;62;0.00057293
808;0SC0060360SC;247;62;0.00445858
808;0SC0060360SC;248;62;0.01617216
808;0SC0060360SC;249;62;0.01701014
808;0SC0060360SC;250;62;0.00117116
808;0SC0060360SC;251;62;0.00016228
808;0SC0060360SC;252;62;0.00001638
808;0SC0060360SC;235;63;0.02808311
808;0SC0060360SC;236;63;0.03606927
808;0SC0060360SC;237;63;0.04277775
808;0SC0060360SC;238;63;0.05615344
808;0SC0060360SC;239;63;0.02617574
808;0SC0060360SC;240;63;0.02172262
808;0SC0060360SC;241;63;0.01947884
808;0SC0060360SC;242;63;0.01901977
808;0SC0060360SC;243;63;0.01657113
808;0SC0060360SC;244;63;0.02934854
808;0SC0060360SC;245;63;0.01986104
808;0SC0060360SC;246;63;0.02024412
808;0SC0060360SC;247;63;0.01837731
808;0SC0060360SC;248;63;0.00097444
808;0SC0060360SC;249;63;0.00039693
808;0SC0060360SC;250;63;0.00065119
808;0SC0060360SC;251;63;0.00004256
808;0SC0060360SC;235;64;0.00899941
808;0SC0060360SC;236;64;0.00470727
808;0SC0060360SC;237;64;0.00394978
808;0SC0060360SC;238;64;0.00830129
808;0SC0060360SC;239;64;0.02131130
808;0SC0060360SC;240;64;0.00537030
808;0SC0060360SC;241;64;0.00378518
808;0SC0060360SC;242;64;0.00316085
808;0SC0060360SC;243;64;0.00315344
808;0SC0060360SC;244;64;0.01510190
808;0SC0060360SC;245;64;0.00306147
808;0SC0060360SC;246;64;0.00692840
808;0SC0060360SC;247;64;0.00088704
808;0SC0060360SC;248;64;0.00030910
808;0SC0060360SC;249;64;0.00021495
808;0SC0060360SC;250;64;0.00041486
808;0SC0060360SC;251;64;0.00032935
808;0SC0060360SC;252;64;0.00018025
808;0SC0060360SC;235;65;0.00294221
808;0SC0060360SC;236;65;0.01702040
808;0SC0060360SC;237;65;0.01723426
808;0SC0060360SC;238;65;0.01674813
808;0SC0060360SC;239;65;0.02031066
808;0SC0060360SC;240;65;0.03046167
808;0SC0060360SC;241;65;0.01179744
808;0SC0060360SC;242;65;0.01089747
808;0SC0060360SC;243;65;0.01476164
808;0SC0060360SC;244;65;0.01729783
808;0SC0060360SC;245;65;0.00924048
808;0SC0060360SC;246;65;0.00780670
808;0SC0060360SC;247;65;0.00020326
808;0SC0060360SC;251;65;0.00026513
808;0SC0060360SC;240;66;0.00794009
808;0SC0060360SC;241;66;0.01923881
808;0SC0060360SC;242;66;0.00147981
808;0SC0060360SC;243;66;0.00892484
808;0SC0060360SC;244;66;0.00184151
808;0SC0060360SC;245;66;0.00028856
808;0SC0060360SC;246;66;0.00005473
808;0SC0060360SC;247;66;0.00192964
808;0SC0060360SC;251;66;0.00011715
808;0SC0060360SC;252;66;0.00025207
808;0SC0060360SC;253;66;0.00026963
808;0SC0060360SC;254;66;0.00013193
808;0SC0060360SC;255;66;0.00013185
808;0SC0060360SC;256;66;0.00011683
808;0SC0060360SC;257;66;0.00002821
808;0SC0060360SC;239;67;0.00000960
808;0SC0060360SC;240;67;0.00021447
808;0SC0060360SC;241;67;0.02396063
808;0SC0060360SC;242;67;0.00706517
808;0SC0060360SC;243;67;0.00010323
808;0SC0060360SC;244;67;0.00155092
808;0SC0060360SC;245;67;0.00043579
808;0SC0060360SC;247;67;0.00115174
808;0SC0060360SC;248;67;0.00080006
808;0SC0060360SC;249;67;0.00043289
808;0SC0060360SC;250;67;0.00002860
808;0SC0060360SC;256;67;0.00002649
808;0SC0060360SC;257;67;0.00014277
808;0SC0060360SC;239;68;0.00004475
808;0SC0060360SC;240;68;0.01431750
808;0SC0060360SC;241;68;0.01836370
808;0SC0060360SC;242;68;0.00000124
808;0SC0060360SC;244;68;0.00064613
808;0SC0060360SC;245;68;0.00024070
808;0SC0060360SC;246;68;0.00051824
808;0SC0060360SC;247;68;0.00016844
808;0SC0060360SC;248;68;0.00002917
808;0SC0060360SC;249;68;0.00014815
808;0SC0060360SC;250;68;0.00074722
808;0SC0060360SC;251;68;0.00049963
808;0SC0060360SC;252;68;0.00044827
808;0SC0060360SC;253;68;0.00044821
808;0SC0060360SC;254;68;0.00005886
808;0SC0060360SC;255;68;0.00033016
808;0SC0060360SC;256;68;0.00014287
808;0SC0060360SC;240;69;0.01667441
808;0SC0060360SC;243;69;0.00020380
808;0SC0060360SC;244;69;0.00006886
808;0SC0060360SC;246;69;0.00025122
808;0SC0060360SC;247;69;0.00003972
808;0SC0060360SC;253;69;0.00011853
808;0SC0060360SC;254;69;0.00032640
808;0SC0060360SC;255;69;0.00023453
808;0SC0060360SC;256;69;0.00004653
808;0SC0060360SC;255;70;0.00010112
808;0SV0060510FR;148;189;0.00002711
808;0SV0060510FR;149;189;0.00009840
808;0SV0060510FR;150;189;0.06058631
808;0SV0060510FR;151;189;0.00828516
808;0SV0060510FR;146;190;0.00000298
808;0SV0060510FR;148;190;0.00015557
808;0SV0060510FR;149;190;0.00011148
808;0SV0060510FR;150;190;0.04989720
808;0SV0060510FR;151;190;0.00613799
808;0SV0060510FR;146;191;0.01295789
808;0SV0060510FR;147;191;0.00000146
808;0SV0060510FR;148;191;0.00002277
808;0SV0060510FR;149;191;0.00006804
808;0SV0060510FR;150;191;0.04732119
808;0SV0060510FR;151;191;0.00590533
808;0SV0060510FR;146;192;0.01246344
808;0SV0060510FR;148;192;0.00002069
808;0SV0060510FR;149;192;0.01616265
808;0SV0060510FR;150;192;0.03605079
808;0SV0060510FR;151;192;0.00352803
808;0SV0060510FR;146;193;0.01279422
808;0SV0060510FR;148;193;0.00642570
808;0SV0060510FR;149;193;0.02318145
808;0SV0060510FR;150;193;0.02613294
808;0SV0060510FR;151;193;0.00319083
808;0SV0060510FR;145;194;0.00132068
808;0SV0060510FR;146;194;0.00257703
808;0SV0060510FR;147;194;0.00862271
808;0SV0060510FR;148;194;0.02201308
808;0SV0060510FR;149;194;0.00194721
808;0SV0060510FR;150;194;0.02449816
808;0SV0060510FR;151;194;0.00215673
808;0SV0060510FR;145;195;0.00084970
808;0SV0060510FR;147;195;0.01047184
808;0SV0060510FR;148;195;0.02290078
808;0SV0060510FR;150;195;0.01900866
808;0SV0060510FR;151;195;0.00694424
808;0SV0060510FR;152;195;0.00312863
808;0SV0060510FR;145;196;0.00073202
808;0SV0060510FR;147;196;0.01034608
808;0SV0060510FR;148;196;0.02733470
808;0SV0060510FR;151;196;0.00195337
808;0SV0060510FR;144;197;0.00066364
808;0SV0060510FR;145;197;0.00012453
808;0SV0060510FR;147;197;0.00565234
808;0SV0060510FR;148;197;0.02779726
808;0SV0060510FR;144;198;0.00070272
808;0SV0060510FR;147;198;0.00910045
808;0SV0060510FR;148;198;0.03860585
808;0SV0060510FR;143;199;0.00093329
808;0SV0060510FR;144;199;0.00069062
808;0SV0060510FR;145;199;0.00007946
808;0SV0060510FR;146;199;0.00177775
808;0SV0060510FR;147;199;0.01824323
808;0SV0060510FR;148;199;0.09506996
808;0SV0060510FR;142;200;0.00423904
808;0SV0060510FR;143;200;0.00673818
808;0SV0060510FR;144;200;0.00672017
808;0SV0060510FR;145;200;0.00893474
808;0SV0060510FR;146;200;0.01673447
808;0SV0060510FR;147;200;0.03186916
808;0SV0060510FR;148;200;0.11936610
808;0SV0060510FR;146;201;0.00040959
808;0SV0060510FR;147;201;0.00491719
808;0SV0060510FR;148;201;0.02810777
808;0SV0060510FR;147;202;0.01278260
808;0SV0060510FR;148;202;0.02008721
808;0SV0060510FR;145;203;0.00046113
808;0SV0060510FR;146;203;0.00081100
808;0SV0060510FR;147;203;0.03004921
808;0SV0060510FR;148;203;0.00002469
808;0SV0060510FR;147;204;0.00997137
808;0SC0060330SC;247;46;0.00000167
808;0SC0060330SC;248;46;0.00739800
808;0SC0060330SC;249;46;0.00007550
808;0SC0060330SC;250;46;0.00000186
808;0SC0060330SC;254;46;0.00017045
808;0SC0060330SC;255;46;0.00014012
808;0SC0060330SC;247;47;0.00016464
808;0SC0060330SC;248;47;0.01101386
808;0SC0060330SC;249;47;0.00231166
808;0SC0060330SC;250;47;0.00069799
808;0SC0060330SC;251;47;0.00037366
808;0SC0060330SC;252;47;0.00035122
808;0SC0060330SC;253;47;0.00039246
808;0SC0060330SC;254;47;0.00022435
808;0SC0060330SC;255;47;0.00037586
808;0SC0060330SC;247;48;0.00109508
808;0SC0060330SC;248;48;0.01704423
808;0SC0060330SC;249;48;0.00125049
808;0SC0060330SC;250;48;0.00043849
808;0SC0060330SC;251;48;0.00009054
808;0SC0060330SC;254;48;0.00000239
808;0SC0060330SC;255;48;0.00016087
808;0SC0060330SC;256;48;0.00042294
808;0SC0060330SC;260;48;0.00010726
808;0SC0060330SC;245;49;0.00016918
808;0SC0060330SC;246;49;0.00019487
808;0SC0060330SC;247;49;0.01855337
808;0SC0060330SC;248;49;0.00464615
808;0SC0060330SC;249;49;0.00113065
808;0SC0060330SC;250;49;0.00030442
808;0SC0060330SC;251;49;0.00012037
808;0SC0060330SC;252;49;0.00003747
808;0SC0060330SC;253;49;0.00000189
808;0SC0060330SC;254;49;0.00002098
808;0SC0060330SC;256;49;0.00009176
808;0SC0060330SC;257;49;0.00041109
808;0SC0060330SC;258;49;0.00017402
808;0SC0060330SC;259;49;0.00002651
808;0SC0060330SC;260;49;0.00013131
808;0SC0060330SC;241;50;0.00038172
808;0SC0060330SC;242;50;0.00011349
808;0SC0060330SC;243;50;0.00000810
808;0SC0060330SC;245;50;0.00033948
808;0SC0060330SC;246;50;0.01605861
808;0SC0060330SC;247;50;0.00624319
808;0SC0060330SC;248;50;0.00082272
808;0SC0060330SC;249;50;0.00071359
808;0SC0060330SC;250;50;0.00010890
808;0SC0060330SC;251;50;0.00002219
808;0SC0060330SC;252;50;0.00007359
808;0SC0060330SC;253;50;0.00001545
808;0SC0060330SC;257;50;0.00003989
808;0SC0060330SC;258;50;0.00021279
808;0SC0060330SC;259;50;0.00039821
808;0SC0060330SC;260;50;0.00044312
808;0SC0060330SC;261;50;0.00044016
808;0SC0060330SC;262;50;0.00039443
808;0SC0060330SC;242;51;0.00064561
808;0SC0060330SC;243;51;0.00071092
808;0SC0060330SC;244;51;0.00038168
808;0SC0060330SC;245;51;0.01481245
808;0SC0060330SC;246;51;0.00184831
808;0SC0060330SC;247;51;0.00504319
808;0SC0060330SC;248;51;0.00038720
808;0SC0060330SC;249;51;0.00110666
808;0SC0060330SC;252;51;0.00010239
808;0SC0060330SC;253;51;0.00000729
808;0SC0060330SC;256;51;0.00001990
808;0SC0060330SC;257;51;0.00026095
808;0SC0060330SC;258;51;0.00006017
808;0SC0060330SC;260;51;0.00010151
808;0SC0060330SC;261;51;0.00000213
808;0SC0060330SC;242;52;0.00091886
808;0SC0060330SC;243;52;0.00124779
808;0SC0060330SC;244;52;0.01229877
808;0SC0060330SC;245;52;0.00890681
808;0SC0060330SC;246;52;0.00102956
808;0SC0060330SC;247;52;0.00491226
808;0SC0060330SC;248;52;0.00084639
808;0SC0060330SC;249;52;0.00090881
808;0SC0060330SC;252;52;0.00014674
808;0SC0060330SC;253;52;0.00000664
808;0SC0060330SC;255;52;0.00008289
808;0SC0060330SC;256;52;0.00016353
808;0SC0060330SC;258;52;0.00001181
808;0SC0060330SC;259;52;0.00007240
808;0SC0060330SC;260;52;0.00003131
808;0SC0060330SC;242;53;0.00027816
808;0SC0060330SC;243;53;0.01330247
808;0SC0060330SC;244;53;0.00736704
808;0SC0060330SC;245;53;0.00051699
808;0SC0060330SC;246;53;0.00081053
808;0SC0060330SC;247;53;0.00704308
808;0SC0060330SC;248;53;0.00152202
808;0SC0060330SC;249;53;0.00156514
808;0SC0060330SC;250;53;0.00096466
808;0SC0060330SC;251;53;0.00017540
808;0SC0060330SC;252;53;0.00042114
808;0SC0060330SC;253;53;0.00013042
808;0SC0060330SC;254;53;0.00001286
808;0SC0060330SC;255;53;0.00016586
808;0SC0060330SC;257;53;0.00002173
808;0SC0060330SC;258;53;0.00007710
808;0SC0060330SC;259;53;0.00005265
808;0SC0060330SC;240;54;0.00002165
808;0SC0060330SC;241;54;0.01578795
808;0SC0060330SC;242;54;0.01448427
808;0SC0060330SC;243;54;0.00648105
808;0SC0060330SC;244;54;0.00009810
808;0SC0060330SC;245;54;0.00126882
808;0SC0060330SC;246;54;0.00049861
808;0SC0060330SC;247;54;0.00630735
808;0SC0060330SC;248;54;0.00158665
808;0SC0060330SC;249;54;0.00135380
808;0SC0060330SC;250;54;0.00155328
808;0SC0060330SC;251;54;0.00203972
808;0SC0060330SC;252;54;0.00058489
808;0SC0060330SC;253;54;0.00017428
808;0SC0060330SC;254;54;0.00026995
808;0SC0060330SC;255;54;0.00004134
808;0SC0060330SC;256;54;0.00008940
808;0SC0060330SC;257;54;0.00013370
808;0SC0060330SC;258;54;0.00014884
808;0SC0060330SC;240;55;0.01875262
808;0SC0060330SC;241;55;0.00062529
808;0SC0060330SC;242;55;0.00017223
808;0SC0060330SC;243;55;0.00030253
808;0SC0060330SC;244;55;0.00024819
808;0SC0060330SC;245;55;0.00132403
808;0SC0060330SC;246;55;0.00595745
808;0SC0060330SC;247;55;0.00629763
808;0SC0060330SC;248;55;0.00018245
808;0SC0060330SC;249;55;0.00005796
808;0SC0060330SC;250;55;0.00022413
808;0SC0060330SC;251;55;0.00170117
808;0SC0060330SC;252;55;0.00161322
808;0SC0060330SC;253;55;0.00077380
808;0SC0060330SC;254;55;0.00022617
808;0SC0060330SC;255;55;0.00002558
808;0SC0060330SC;257;55;0.00026737
808;0SC0060330SC;258;55;0.00002950
808;0SC0060330SC;238;56;0.00028880
808;0SC0060330SC;239;56;0.01170273
808;0SC0060330SC;240;56;0.00797982
808;0SC0060330SC;241;56;0.00054545
808;0SC0060330SC;242;56;0.00043365
808;0SC0060330SC;243;56;0.00011831
808;0SC0060330SC;244;56;0.00019074
808;0SC0060330SC;245;56;0.00037785
808;0SC0060330SC;246;56;0.00948137
808;0SC0060330SC;247;56;0.00029456
808;0SC0060330SC;248;56;0.00025114
808;0SC0060330SC;249;56;0.00010856
808;0SC0060330SC;250;56;0.00012451
808;0SC0060330SC;251;56;0.00107294
808;0SC0060330SC;252;56;0.00184661
808;0SC0060330SC;253;56;0.00025649
808;0SC0060330SC;256;56;0.00018752
808;0SC0060330SC;257;56;0.00042055
808;0SC0060330SC;236;57;0.00883935
808;0SC0060330SC;237;57;0.00196396
808;0SC0060330SC;238;57;0.00250761
808;0SC0060330SC;239;57;0.01818126
808;0SC0060330SC;241;57;0.00035076
808;0SC0060330SC;242;57;0.00028700
808;0SC0060330SC;243;57;0.00056640
808;0SC0060330SC;244;57;0.00073228
808;0SC0060330SC;245;57;0.00818354
808;0SC0060330SC;246;57;0.00438672
808;0SC0060330SC;247;57;0.00068622
808;0SC0060330SC;248;57;0.00007172
808;0SC0060330SC;249;57;0.00007438
808;0SC0060330SC;250;57;0.00002268
808;0SC0060330SC;251;57;0.00236434
808;0SC0060330SC;252;57;0.00038316
808;0SC0060330SC;255;57;0.00011755
808;0SC0060330SC;256;57;0.00021731
808;0SC0060330SC;236;58;0.01631293
808;0SC0060330SC;237;58;0.02632924
808;0SC0060330SC;238;58;0.03716094
808;0SC0060330SC;239;58;0.02394637
808;0SC0060330SC;240;58;0.01558156
808;0SC0060330SC;241;58;0.00340289
808;0SC0060330SC;242;58;0.00211457
808;0SC0060330SC;243;58;0.00214505
808;0SC0060330SC;244;58;0.00267246
808;0SC0060330SC;245;58;0.00964088
808;0SC0060330SC;246;58;0.00320086
808;0SC0060330SC;247;58;0.00078428
808;0SC0060330SC;248;58;0.00007410
808;0SC0060330SC;249;58;0.00044327
808;0SC0060330SC;250;58;0.00081440
808;0SC0060330SC;251;58;0.00259029
808;0SC0060330SC;254;58;0.00006122
808;0SC0060330SC;255;58;0.00028961
808;0SC0060330SC;236;59;0.00124700
808;0SC0060330SC;237;59;0.00066843
808;0SC0060330SC;238;59;0.01694355
808;0SC0060330SC;239;59;0.00096821
808;0SC0060330SC;240;59;0.00161409
808;0SC0060330SC;241;59;0.01579494
808;0SC0060330SC;242;59;0.00767347
808;0SC0060330SC;243;59;0.00197257
808;0SC0060330SC;244;59;0.00801155
808;0SC0060330SC;245;59;0.00776117
808;0SC0060330SC;246;59;0.00182042
808;0SC0060330SC;247;59;0.00368155
808;0SC0060330SC;248;59;0.00182107
808;0SC0060330SC;249;59;0.00238688
808;0SC0060330SC;250;59;0.00047466
808;0SC0060330SC;251;59;0.00157561
808;0SC0060330SC;252;59;0.00072773
808;0SC0060330SC;253;59;0.00011143
808;0SC0060330SC;254;59;0.00072785
808;0SC0060330SC;255;59;0.00076759
808;0SC0060330SC;256;59;0.01134944
808;0SC0060330SC;237;60;0.00065142
808;0SC0060330SC;238;60;0.01645326
808;0SC0060330SC;239;60;0.00233796
808;0SC0060330SC;240;60;0.00301321
808;0SC0060330SC;241;60;0.00278312
808;0SC0060330SC;242;60;0.01497406
808;0SC0060330SC;243;60;0.00952460
808;0SC0060330SC;244;60;0.02401903
808;0SC0060330SC;245;60;0.01076772
808;0SC0060330SC;246;60;0.00982680
808;0SC0060330SC;247;60;0.01011019
808;0SC0060330SC;248;60;0.00806937
808;0SC0060330SC;249;60;0.00771967
808;0SC0060330SC;250;60;0.01171906
808;0SC0060330SC;251;60;0.02386967
808;0SC0060330SC;252;60;0.01923831
808;0SC0060330SC;253;60;0.01860744
808;0SC0060330SC;254;60;0.01847739
808;0SC0060330SC;255;60;0.01900555
808;0SC0060330SC;256;60;0.00631530
808;0SC0060330SC;257;60;0.01511260
808;0SC0060330SC;238;61;0.01567808
808;0SC0060330SC;239;61;0.00710131
808;0SC0060330SC;240;61;0.00400608
808;0SC0060330SC;241;61;0.01334546
808;0SC0060330SC;242;61;0.01459279
808;0SC0060330SC;243;61;0.03045958
808;0SC0060330SC;244;61;0.00056198
808;0SC0060330SC;245;61;0.00059928
808;0SC0060330SC;246;61;0.00064585
808;0SC0060330SC;247;61;0.00065494
808;0SC0060330SC;248;61;0.00014911
808;0SC0060330SC;249;61;0.00176834
808;0SC0060330SC;250;61;0.01530213
808;0SC0060330SC;251;61;0.00031412
808;0SC0060330SC;252;61;0.00010760
808;0SC0060330SC;253;61;0.00005503
808;0SC0060330SC;255;61;0.00023369
808;0SC0060330SC;238;62;0.01072657
808;0SC0060330SC;239;62;0.01206115
808;0SC0060330SC;240;62;0.01136635
808;0SC0060330SC;241;62;0.00114227
808;0SC0060330SC;242;62;0.00151494
808;0SC0060330SC;243;62;0.00255641
808;0SC0060330SC;244;62;0.00017583
808;0SC0060330SC;245;62;0.00015767
808;0SC0060330SC;249;62;0.00039905
808;0SC0060330SC;250;62;0.00008099
808;0SC0060330SC;252;62;0.00000929
808;0NC006053NCU;112;234;0.00130970
808;0NC006053NCU;113;234;0.00265226
808;0NC006053NCU;114;234;0.00254016
808;0NC006053NCU;115;234;0.00254016
808;0NC006053NCU;116;234;0.00073031
808;0NC006053NCU;117;234;0.00115984
808;0NC006053NCU;118;234;0.00119965
808;0NC006053NCU;119;234;0.00122560
808;0NC006053NCU;120;234;0.00038598
808;0NC006053NCU;110;235;0.00028065
808;0NC006053NCU;111;235;0.00288544
808;0NC006053NCU;112;235;0.00134402
808;0NC006053NCU;116;235;0.00214867
808;0NC006053NCU;117;235;0.00063179
808;0NC006053NCU;109;236;0.00070218
808;0NC006053NCU;110;236;0.00266449
808;0NC006053NCU;117;236;0.00133485
808;0NC006053NCU;109;237;0.00038781
808;0NC006053NCU;117;237;0.00110345
808;0NC006053NCU;117;238;0.00155403
808;0NC006053NCU;118;238;0.00042743
808;0NC006053NCU;118;239;0.00574203
808;0NC006053NCU;119;239;0.01392791
808;0NC006053NCU;120;239;0.01262622
808;0NC006053NCU;120;240;0.00628425
808;0NC006053NCU;121;240;0.01264474
808;0NC006053NCU;126;240;0.08444981
808;0NC006053NCU;121;241;0.00669629
808;0NC006053NCU;122;241;0.05769104
808;0NC006053NCU;123;241;0.03359841
808;0NC006053NCU;124;241;0.04301182
808;0NC006053NCU;125;241;0.07154564
808;0NC006053NCU;126;241;0.00027365
808;0NC006053NCU;122;242;0.03395920
808;0NC006053NCU;123;242;0.00329381
808;0NC006053NCU;124;242;0.01896730
808;0NC006053NCU;117;243;0.02427362
808;0NC006053NCU;118;243;0.03570381
808;0NC006053NCU;119;243;0.03570381
808;0NC006053NCU;120;243;0.03570381
808;0NC006053NCU;121;243;0.03570381
808;0NC006053NCU;122;243;0.03183656
808;0NC006053NCU;113;244;0.00378714
808;0NC006053NCU;114;244;0.03052388
808;0NC006053NCU;115;244;0.03052388
808;0NC006053NCU;116;244;0.03257586
808;0NC006053NCU;117;244;0.01143020
808;0NC006053NCU;122;244;0.00272656
808;0NC006053NCU;123;244;0.00018436
808;0NC006053NCU;111;245;0.01694942
808;0NC006053NCU;112;245;0.03052388
808;0NC006053NCU;113;245;0.02673673
808;0NC006053NCU;123;245;0.00316844
808;0NC006053NCU;111;246;0.03851244
808;0NC006053NCU;123;246;0.00107069
808;0NC006053NCU;124;246;0.00235571
808;0NC006053NCU;109;247;0.01275648
808;0NC006053NCU;110;247;0.04041875
808;0NC006053NCU;111;247;0.00667516
808;0NC006053NCU;124;247;0.00158212
808;0NC006053NCU;125;247;0.00180764
808;0NC006053NCU;108;248;0.01901368
808;0NC006053NCU;109;248;0.02336700
808;0NC006053NCU;125;248;0.00289381
808;0NC006053NCU;108;249;0.00162574
808;0NC006053NCU;125;249;0.00029257
808;0NC006053NCU;126;249;0.00260123
808;0NC006053NCU;126;250;0.00289381
808;0NC006053NCU;126;251;0.00022837
808;0NC006053NCU;127;251;0.00262292
808;0NC006053NCU;127;252;0.00264813
808;0NC006053NCU;127;253;0.00264813
808;0NC006053NCU;127;254;0.00141025
808;0NC006053NCU;128;254;0.00123788
808;0NC006053NCU;128;255;0.00264813
808;0NC006053NCU;128;256;0.00268688
808;0NC006053NCU;127;257;0.00161642
808;0NC006053NCU;128;257;0.00194682
808;0NC006053NCU;127;258;0.00046288
808;0SF0060070BA;141;161;0.00741040
808;0SF0060070BA;140;162;0.05753522
808;0SF0060070BA;141;162;0.01515943
808;0SF0060070BA;142;162;0.00003863
808;0SF0060070BA;144;162;0.00000330
808;0SF0060070BA;139;163;0.00022793
808;0SF0060070BA;140;163;0.05293056
808;0SF0060070BA;141;163;0.00396903
808;0SF0060070BA;142;163;0.00005486
808;0SF0060070BA;144;163;0.00002425
808;0SF0060070BA;145;163;0.00264496
808;0SF0060070BA;136;164;0.00067293
808;0SF0060070BA;137;164;0.00035331
808;0SF0060070BA;139;164;0.02081481
808;0SF0060070BA;140;164;0.02971633
808;0SF0060070BA;141;164;0.00059451
808;0SF0060070BA;143;164;0.00003443
808;0SF0060070BA;144;164;0.00000845
808;0SF0060070BA;145;164;0.00157717
808;0SF0060070BA;146;164;0.00170741
808;0SF0060070BA;148;164;0.00039172
808;0SF0060070BA;135;165;0.01293711
808;0SF0060070BA;136;165;0.00030278
808;0SF0060070BA;137;165;0.00167918
808;0SF0060070BA;138;165;0.00147821
808;0SF0060070BA;139;165;0.04551944
808;0SF0060070BA;140;165;0.00005852
808;0SF0060070BA;142;165;0.00003160
808;0SF0060070BA;143;165;0.00017173
808;0SF0060070BA;145;165;0.00011004
808;0SF0060070BA;146;165;0.00366796
808;0SF0060070BA;147;165;0.00045345
808;0SF0060070BA;148;165;0.00014258
808;0SF0060070BA;133;166;0.01738666
808;0SF0060070BA;134;166;0.00032740
808;0SF0060070BA;135;166;0.00734246
808;0SF0060070BA;136;166;0.02844474
808;0SF0060070BA;137;166;0.02650992
808;0SF0060070BA;138;166;0.06691211
808;0SF0060070BA;139;166;0.00021187
808;0SF0060070BA;142;166;0.00017853
808;0SF0060070BA;143;166;0.00007957
808;0SF0060070BA;144;166;0.00011433
808;0SF0060070BA;145;166;0.00141458
808;0SF0060070BA;146;166;0.00330620
808;0SF0060070BA;147;166;0.00093492
808;0SF0060070BA;130;167;0.00284814
808;0SF0060070BA;131;167;0.01254984
808;0SF0060070BA;132;167;0.02638307
808;0SF0060070BA;133;167;0.05073369
808;0SF0060070BA;134;167;0.00037900
808;0SF0060070BA;135;167;0.00020567
808;0SF0060070BA;136;167;0.00017350
808;0SF0060070BA;137;167;0.00173117
808;0SF0060070BA;138;167;0.05747195
808;0SF0060070BA;139;167;0.00517072
808;0SF0060070BA;140;167;0.00144426
808;0SF0060070BA;141;167;0.00021554
808;0SF0060070BA;142;167;0.00003552
808;0SF0060070BA;144;167;0.00004137
808;0SF0060070BA;145;167;0.00466581
808;0SF0060070BA;146;167;0.00210983
808;0SF0060070BA;147;167;0.00013187
808;0SF0060070BA;131;168;0.00008326
808;0SF0060070BA;132;168;0.02373636
808;0SF0060070BA;133;168;0.02728078
808;0SF0060070BA;134;168;0.00024729
808;0SF0060070BA;135;168;0.00012855
808;0SF0060070BA;136;168;0.00001884
808;0SF0060070BA;137;168;0.00148139
808;0SF0060070BA;138;168;0.04788508
808;0SF0060070BA;139;168;0.01004422
808;0SF0060070BA;140;168;0.00225946
808;0SF0060070BA;141;168;0.00138752
808;0SF0060070BA;142;168;0.00038785
808;0SF0060070BA;143;168;0.00018195
808;0SF0060070BA;144;168;0.00037340
808;0SF0060070BA;145;168;0.00661212
808;0SF0060070BA;146;168;0.00019447
808;0SF0060070BA;147;168;0.00007188
808;0SF0060070BA;132;169;0.00223773
808;0SF0060070BA;133;169;0.04545372
808;0SF0060070BA;134;169;0.02152414
808;0SF0060070BA;135;169;0.00368941
808;0SF0060070BA;136;169;0.00397371
808;0SF0060070BA;137;169;0.01608191
808;0SF0060070BA;138;169;0.03561096
808;0SF0060070BA;139;169;0.02437131
808;0SF0060070BA;140;169;0.01359564
808;0SF0060070BA;141;169;0.01474128
808;0SF0060070BA;142;169;0.01614065
808;0SF0060070BA;143;169;0.01369141
808;0SF0060070BA;144;169;0.00919927
808;0SF0060070BA;145;169;0.00300763
808;0SF0060070BA;146;169;0.00020899
808;0SF0060070BA;147;169;0.00006314
808;0SF0060070BA;134;170;0.03523688
808;0SF0060070BA;135;170;0.01044498
808;0SF0060070BA;136;170;0.00001724
808;0SF0060070BA;137;170;0.01481414
808;0SF0060070BA;138;170;0.00045764
808;0SF0060070BA;139;170;0.00003834
808;0SF0060070BA;140;170;0.00306042
808;0SF0060070BA;141;170;0.00007913
808;0SF0060070BA;142;170;0.00019150
808;0SF0060070BA;135;171;0.00781795
808;SCC006056VEN;206;61;0.00019449
808;SCC006056VEN;207;61;0.00102575
808;SCC006056VEN;204;62;0.00183038
808;SCC006056VEN;205;62;0.00416904
808;SCC006056VEN;206;62;0.00379244
808;SCC006056VEN;203;63;0.00132513
808;SCC006056VEN;204;63;0.00399153
808;SCC006056VEN;207;63;0.00000657
808;SCC006056VEN;208;63;0.00001599
808;SCC006056VEN;200;64;0.00016196
808;SCC006056VEN;201;64;0.00377013
808;SCC006056VEN;202;64;0.00409709
808;SCC006056VEN;203;64;0.00592136
808;SCC006056VEN;204;64;0.00223122
808;SCC006056VEN;205;64;0.00131449
808;SCC006056VEN;206;64;0.00103881
808;SCC006056VEN;207;64;0.00021237
808;SCC006056VEN;208;64;0.00022721
808;SCC006056VEN;209;64;0.00813728
808;SCC006056VEN;210;64;0.00642451
808;SCC006056VEN;200;65;0.00145094
808;SCC006056VEN;201;65;0.00817592
808;SCC006056VEN;202;65;0.01264626
808;SCC006056VEN;203;65;0.00256015
808;SCC006056VEN;204;65;0.00178614
808;SCC006056VEN;205;65;0.00025547
808;SCC006056VEN;206;65;0.00092657
808;SCC006056VEN;207;65;0.04275722
808;SCC006056VEN;208;65;0.04339431
808;SCC006056VEN;209;65;0.04302952
808;SCC006056VEN;210;65;0.00129127
808;SCC006056VEN;211;65;0.00051754
808;SCC006056VEN;212;65;0.00005257
808;SCC006056VEN;213;65;0.00016987
808;SCC006056VEN;200;66;0.00203898
808;SCC006056VEN;201;66;0.01525367
808;SCC006056VEN;202;66;0.04311598
808;SCC006056VEN;203;66;0.03488582
808;SCC006056VEN;204;66;0.03619768
808;SCC006056VEN;205;66;0.03875174
808;SCC006056VEN;206;66;0.03757890
808;SCC006056VEN;207;66;0.00091154
808;SCC006056VEN;208;66;0.00232620
808;SCC006056VEN;209;66;0.00868720
808;SCC006056VEN;210;66;0.00016360
808;SCC006056VEN;213;66;0.00005448
808;SCC006056VEN;199;67;0.01864606
808;SCC006056VEN;200;67;0.03505088
808;SCC006056VEN;201;67;0.03715681
808;SCC006056VEN;202;67;0.00555686
808;SCC006056VEN;203;67;0.00158712
808;SCC006056VEN;204;67;0.00114960
808;SCC006056VEN;205;67;0.00302263
808;SCC006056VEN;206;67;0.00255566
808;SCC006056VEN;207;67;0.00105308
808;SCC006056VEN;208;67;0.00195586
808;SCC006056VEN;209;67;0.01028560
808;SCC006056VEN;210;67;0.00292426
808;SCC006056VEN;211;67;0.00140729
808;SCC006056VEN;212;67;0.00013867
808;SCC006056VEN;213;67;0.00058386
808;SCC006056VEN;214;67;0.00002767
808;SCC006056VEN;197;68;0.00426413
808;SCC006056VEN;198;68;0.02345159
808;SCC006056VEN;199;68;0.01577993
808;SCC006056VEN;200;68;0.00100137
808;SCC006056VEN;201;68;0.00255951
808;SCC006056VEN;202;68;0.00861135
808;SCC006056VEN;203;68;0.00070099
808;SCC006056VEN;204;68;0.00037571
808;SCC006056VEN;205;68;0.00047943
808;SCC006056VEN;206;68;0.00061788
808;SCC006056VEN;207;68;0.00179863
808;SCC006056VEN;208;68;0.00749948
808;SCC006056VEN;209;68;0.01150324
808;SCC006056VEN;210;68;0.01340632
808;SCC006056VEN;211;68;0.01560988
808;SCC006056VEN;212;68;0.01833944
808;SCC006056VEN;213;68;0.01941439
808;SCC006056VEN;214;68;0.00348650
808;SCC006056VEN;196;69;0.01602552
808;SCC006056VEN;197;69;0.01393060
808;SCC006056VEN;199;69;0.00756182
808;SCC006056VEN;202;69;0.00013402
808;SCC006056VEN;203;69;0.00695366
808;SCC006056VEN;204;69;0.00185518
808;SCC006056VEN;206;69;0.00079664
808;SCC006056VEN;207;69;0.00060443
808;SCC006056VEN;208;69;0.00177541
808;SCC006056VEN;212;69;0.00024722
808;SCC006056VEN;195;70;0.01756033
808;SCC006056VEN;196;70;0.00514942
808;SCC006056VEN;198;70;0.00707082
808;SCC006056VEN;199;70;0.00118899
808;SCC006056VEN;200;70;0.00075440
808;SCC006056VEN;202;70;0.00005952
808;SCC006056VEN;203;70;0.00007796
808;SCC006056VEN;204;70;0.00741702
808;SCC006056VEN;205;70;0.00685452
808;SCC006056VEN;206;70;0.00286242
808;SCC006056VEN;207;70;0.00234273
808;SCC006056VEN;208;70;0.00013695
808;SCC006056VEN;195;71;0.00080531
808;SCC006056VEN;197;71;0.00003772
808;SCC006056VEN;198;71;0.00405643
808;SCC006056VEN;199;71;0.00336891
808;SCC006056VEN;203;71;0.00087069
808;SCC006056VEN;204;71;0.00122032
808;SCC006056VEN;206;71;0.00494713
808;SCC006056VEN;207;71;0.00710011
808;SCC006056VEN;208;71;0.00699105
808;SCC006056VEN;209;71;0.00700514
808;SCC006056VEN;210;71;0.00782751
808;SCC006056VEN;211;71;0.00717588
808;SCC006056VEN;212;71;0.00577504
808;SCC006056VEN;198;72;0.00043567
808;SCC006056VEN;199;72;0.00844087
808;SCC006056VEN;200;72;0.00275140
808;SCC006056VEN;201;72;0.00299875
808;SCC006056VEN;202;72;0.00202568
808;SCC006056VEN;203;72;0.00215772
808;SCC006056VEN;210;72;0.00014648
808;SCC006056VEN;211;72;0.00015416
808;SCC006056VEN;198;73;0.00215367
808;SCC006056VEN;199;73;0.00651939
808;SCC006056VEN;200;73;0.00002300
808;SCC006056VEN;201;73;0.00016374
808;SCC006056VEN;198;74;0.00107691
808;SCC006056VEN;199;74;0.01553560
808;SCC006056VEN;200;74;0.00092713
808;SCC006056VEN;199;75;0.00572501
808;SCC006056VEN;200;75;0.01250663
808;SCC006056VEN;197;76;0.00175939
808;SCC006056VEN;198;76;0.00758932
808;SCC006056VEN;199;76;0.00986570
808;SCC006056VEN;197;77;0.00858311
808;SCC006056VEN;197;78;0.01658410
808;SCC006056VEN;197;79;0.00985358
808;SCC006056VEN;198;79;0.00011096
808;SCC006056VEN;199;79;0.00009431
808;SCC006056VEN;196;80;0.00834389
808;SCC006056VEN;197;80;0.00164435
808;SCC006056VEN;199;80;0.00003447
808;SCC006056VEN;200;80;0.00012740
808;SCC006056VEN;201;80;0.00012479
808;SCC006056VEN;202;80;0.00011925
808;SCC006056VEN;203;80;0.00013169
808;SCC006056VEN;195;81;0.00297238
808;SCC006056VEN;196;81;0.00664157
808;SCC006056VEN;203;81;0.00002072
808;SCC006056VEN;204;81;0.00004406
808;SCC006056VEN;198;84;0.00159073
808;SCC006056VEN;199;84;0.00061268
808;0MC006055TUO;174;159;0.00776053
808;0MC006055TUO;174;160;0.00066814
808;0MC006055TUO;175;160;0.00553708
808;0MC006055TUO;175;161;0.00149149
808;0MC006055TUO;176;162;0.00016622
808;0MC006055TUO;177;162;0.00433100
808;0MC006055TUO;186;162;0.00321422
808;0MC006055TUO;187;162;0.00053198
808;0MC006055TUO;176;163;0.00736858
808;0MC006055TUO;185;163;0.00187546
808;0MC006055TUO;186;163;0.00129953
808;0MC006055TUO;187;163;0.00202822
808;0MC006055TUO;188;163;0.00159951
808;0MC006055TUO;168;164;0.00857996
808;0MC006055TUO;169;164;0.03881136
808;0MC006055TUO;170;164;0.00390549
808;0MC006055TUO;171;164;0.04400903
808;0MC006055TUO;174;164;0.00314483
808;0MC006055TUO;175;164;0.00624642
808;0MC006055TUO;176;164;0.00919388
808;0MC006055TUO;177;164;0.01355955
808;0MC006055TUO;178;164;0.00233978
808;0MC006055TUO;179;164;0.00233770
808;0MC006055TUO;180;164;0.00194885
808;0MC006055TUO;181;164;0.00121605
808;0MC006055TUO;182;164;0.00231163
808;0MC006055TUO;183;164;0.00231163
808;0MC006055TUO;184;164;0.00231163
808;0MC006055TUO;185;164;0.00124141
808;0MC006055TUO;188;164;0.00102890
808;0MC006055TUO;189;164;0.00259884
808;0MC006055TUO;169;165;0.02469305
808;0MC006055TUO;170;165;0.04702151
808;0MC006055TUO;171;165;0.04658685
808;0MC006055TUO;172;165;0.00550046
808;0MC006055TUO;173;165;0.00865474
808;0MC006055TUO;174;165;0.00382043
808;0MC006055TUO;176;165;0.00991972
808;0MC006055TUO;189;165;0.00002957
808;0MC006055TUO;190;165;0.00097909
808;0MC006055TUO;194;165;0.00120906
808;0MC006055TUO;195;165;0.00159452
808;0MC006055TUO;170;166;0.00234593
808;0MC006055TUO;171;166;0.00633958
808;0MC006055TUO;172;166;0.05506239
808;0MC006055TUO;173;166;0.01012846
808;0MC006055TUO;176;166;0.00970920
808;0MC006055TUO;195;166;0.00058649
808;0MC006055TUO;196;166;0.00223626
808;0MC006055TUO;197;166;0.00226870
808;0MC006055TUO;198;166;0.00113943
808;0MC006055TUO;173;167;0.06487076
808;0MC006055TUO;176;167;0.01662484
808;0MC006055TUO;172;168;0.00495578
808;0MC006055TUO;173;168;0.01907124
808;0MC006055TUO;174;168;0.05536780
808;0MC006055TUO;175;168;0.04752811
808;0MC006055TUO;176;168;0.03744178
808;0MC006055TUO;177;168;0.02055804
808;0MC006055TUO;172;169;0.01281973
808;0MC006055TUO;173;169;0.01588056
808;0MC006055TUO;174;169;0.01807056
808;0MC006055TUO;176;169;0.00605127
808;0MC006055TUO;177;169;0.02335263
808;0MC006055TUO;174;170;0.01922807
808;0MC006055TUO;175;170;0.00397197
808;0MC006055TUO;176;170;0.00426169
808;0MC006055TUO;177;170;0.00601620
808;0MC006055TUO;178;170;0.01697395
808;0MC006055TUO;178;171;0.00347020
808;0MC006055TUO;179;171;0.01931731
808;0MC006055TUO;179;172;0.00069736
808;0MC006055TUO;180;172;0.02001467
808;0MC006055TUO;181;172;0.00207548
808;0MC006055TUO;181;173;0.01793919
808;0MC006055TUO;182;173;0.00484833
808;0MC006055TUO;182;174;0.01281022
808;0MC006055TUO;182;175;0.01021248
808;0MC006055TUO;182;176;0.00803030
808;0MC006055TUO;183;176;0.00371270
808;0MC006055TUO;183;177;0.01163898
808;0MC006055TUO;184;177;0.00178686
808;0MC006055TUO;184;178;0.01210912
808;0MC006055TUO;185;178;0.01033357
808;0MC006055TUO;186;178;0.01033357
808;0MC006055TUO;187;178;0.01026251
808;0MC006055TUO;188;178;0.01011408
808;0MC006055TUO;189;178;0.01011408
808;0MC006055TUO;190;178;0.00233972
808;0SV006004BUT;144;204;0.00001684
808;0SV006004BUT;145;204;0.00005620
808;0SV006004BUT;147;204;0.00135216
808;0SV006004BUT;149;204;0.00138151
808;0SV006004BUT;150;204;0.00002651
808;0SV006004BUT;151;204;0.00000758
808;0SV006004BUT;144;205;0.00002159
808;0SV006004BUT;145;205;0.00031208
808;0SV006004BUT;146;205;0.00062011
808;0SV006004BUT;147;205;0.00528431
808;0SV006004BUT;148;205;0.00074401
808;0SV006004BUT;149;205;0.00271872
808;0SV006004BUT;150;205;0.00042977
808;0SV006004BUT;151;205;0.00011067
808;0SV006004BUT;152;205;0.00002548
808;0SV006004BUT;142;206;0.00000552
808;0SV006004BUT;143;206;0.00008033
808;0SV006004BUT;144;206;0.00010575
808;0SV006004BUT;145;206;0.00009344
808;0SV006004BUT;146;206;0.00229231
808;0SV006004BUT;147;206;0.01106250
808;0SV006004BUT;148;206;0.00612617
808;0SV006004BUT;149;206;0.00024940
808;0SV006004BUT;150;206;0.00042293
808;0SV006004BUT;152;206;0.00062067
808;0SV006004BUT;153;206;0.00011010
808;0SV006004BUT;143;207;0.00001249
808;0SV006004BUT;144;207;0.00006302
808;0SV006004BUT;145;207;0.00004953
808;0SV006004BUT;146;207;0.00146158
808;0SV006004BUT;147;207;0.00730617
808;0SV006004BUT;148;207;0.00469230
808;0SV006004BUT;149;207;0.00146439
808;0SV006004BUT;150;207;0.00114150
808;0SV006004BUT;151;207;0.00015705
808;0SV006004BUT;152;207;0.00487511
808;0SV006004BUT;153;207;0.00006322
808;0SV006004BUT;154;207;0.00003644
808;0SV006004BUT;143;208;0.00015344
808;0SV006004BUT;144;208;0.00029111
808;0SV006004BUT;145;208;0.00029050
808;0SV006004BUT;146;208;0.00065266
808;0SV006004BUT;147;208;0.00732509
808;0SV006004BUT;148;208;0.00095137
808;0SV006004BUT;149;208;0.01315234
808;0SV006004BUT;150;208;0.01277537
808;0SV006004BUT;151;208;0.00463748
808;0SV006004BUT;152;208;0.00470066
808;0SV006004BUT;153;208;0.00013968
808;0SV006004BUT;154;208;0.00015348
808;0SV006004BUT;145;209;0.00099702
808;0SV006004BUT;146;209;0.00226868
808;0SV006004BUT;147;209;0.00829027
808;0SV006004BUT;148;209;0.00317491
808;0SV006004BUT;149;209;0.02295619
808;0SV006004BUT;150;209;0.02599084
808;0SV006004BUT;151;209;0.00895134
808;0SV006004BUT;152;209;0.00324250
808;0SV006004BUT;153;209;0.00200446
808;0SV006004BUT;154;209;0.00223866
808;0SV006004BUT;155;209;0.00000744
808;0SV006004BUT;142;210;0.00006533
808;0SV006004BUT;145;210;0.00085563
808;0SV006004BUT;146;210;0.00011574
808;0SV006004BUT;147;210;0.00579810
808;0SV006004BUT;148;210;0.00049345
808;0SV006004BUT;149;210;0.03773926
808;0SV006004BUT;150;210;0.01388305
808;0SV006004BUT;151;210;0.00783278
808;0SV006004BUT;152;210;0.00435656
808;0SV006004BUT;153;210;0.00000208
808;0SV006004BUT;154;210;0.00056465
808;0SV006004BUT;155;210;0.00034127
808;0SV006004BUT;156;210;0.00013493
808;0SV006004BUT;142;211;0.00007959
808;0SV006004BUT;143;211;0.00012360
808;0SV006004BUT;144;211;0.00012368
808;0SV006004BUT;145;211;0.00097146
808;0SV006004BUT;146;211;0.00008443
808;0SV006004BUT;147;211;0.00577101
808;0SV006004BUT;148;211;0.01776830
808;0SV006004BUT;149;211;0.01652827
808;0SV006004BUT;150;211;0.00097449
808;0SV006004BUT;152;211;0.00297012
808;0SV006004BUT;154;211;0.00034802
808;0SV006004BUT;155;211;0.00024059
808;0SV006004BUT;141;212;0.00000170
808;0SV006004BUT;142;212;0.00004151
808;0SV006004BUT;143;212;0.00001271
808;0SV006004BUT;144;212;0.00004165
808;0SV006004BUT;145;212;0.00086043
808;0SV006004BUT;146;212;0.00000996
808;0SV006004BUT;147;212;0.02624865
808;0SV006004BUT;148;212;0.02816791
808;0SV006004BUT;149;212;0.00069077
808;0SV006004BUT;150;212;0.00067767
808;0SV006004BUT;152;212;0.00258552
808;0SV006004BUT;153;212;0.00059482
808;0SV006004BUT;154;212;0.00012348
808;0SV006004BUT;155;212;0.00017009
808;0SV006004BUT;156;212;0.00053408
808;0SV006004BUT;157;212;0.00002360
808;0SV006004BUT;141;213;0.00096714
808;0SV006004BUT;142;213;0.00069719
808;0SV006004BUT;143;213;0.00084737
808;0SV006004BUT;144;213;0.00182944
808;0SV006004BUT;145;213;0.00306577
808;0SV006004BUT;146;213;0.03196304
808;0SV006004BUT;147;213;0.02446748
808;0SV006004BUT;148;213;0.01351659
808;0SV006004BUT;149;213;0.00567796
808;0SV006004BUT;150;213;0.00107558
808;0SV006004BUT;152;213;0.00256375
808;0SV006004BUT;153;213;0.00115108
808;0SV006004BUT;154;213;0.00003131
808;0SV006004BUT;156;213;0.00037518
808;0SV006004BUT;157;213;0.00045814
808;0SV006004BUT;141;214;0.00001942
808;0SV006004BUT;142;214;0.00016087
808;0SV006004BUT;143;214;0.00122258
808;0SV006004BUT;144;214;0.00280136
808;0SV006004BUT;145;214;0.02796788
808;0SV006004BUT;146;214;0.02564047
808;0SV006004BUT;147;214;0.00004772
808;0SV006004BUT;148;214;0.00491151
808;0SV006004BUT;149;214;0.00303308
808;0SV006004BUT;150;214;0.00255548
808;0SV006004BUT;153;214;0.00031364
808;0SV006004BUT;154;214;0.00051356
808;0SV006004BUT;141;215;0.00000039
808;0SV006004BUT;142;215;0.00016961
808;0SV006004BUT;143;215;0.00222573
808;0SV006004BUT;144;215;0.04793747
808;0SV006004BUT;145;215;0.06159099
808;0SV006004BUT;146;215;0.01934179
808;0SV006004BUT;147;215;0.00847291
808;0SV006004BUT;148;215;0.00512525
808;0SV006004BUT;149;215;0.00268394
808;0SV006004BUT;150;215;0.00225636
808;0SV006004BUT;151;215;0.00105771
808;0SV006004BUT;152;215;0.00051631
808;0SV006004BUT;153;215;0.00194830
808;0SV006004BUT;154;215;0.00074728
808;0SV006004BUT;155;215;0.00030518
808;0SV006004BUT;140;216;0.00004248
808;0SV006004BUT;141;216;0.00172439
808;0SV006004BUT;142;216;0.00229533
808;0SV006004BUT;143;216;0.03247822
808;0SV006004BUT;144;216;0.09788128
808;0SV006004BUT;145;216;0.01515357
808;0SV006004BUT;146;216;0.00199903
808;0SV006004BUT;147;216;0.01329464
808;0SV006004BUT;148;216;0.02729025
808;0SV006004BUT;149;216;0.01396300
808;0SV006004BUT;150;216;0.00145477
808;0SV006004BUT;151;216;0.00114404
808;0SV006004BUT;155;216;0.00004188
808;0SV006004BUT;141;217;0.00019096
808;0SV006004BUT;142;217;0.00189678
808;0SV006004BUT;143;217;0.01726827
808;0SV006004BUT;144;217;0.00902774
808;0SV006004BUT;145;217;0.00003056
808;0SV006004BUT;146;217;0.00372118
808;0SV006004BUT;147;217;0.00005554
808;0SV006004BUT;148;217;0.00354107
808;0SV006004BUT;149;217;0.02018811
808;0SV006004BUT;150;217;0.00011201
808;0SV006004BUT;151;217;0.00150360
808;0SV006004BUT;152;217;0.00064235
808;0SV006004BUT;155;217;0.00002127
808;0SV006004BUT;140;218;0.00001616
808;0SV006004BUT;141;218;0.00006526
808;0SV006004BUT;142;218;0.00486610
808;0SV006004BUT;143;218;0.00167336
808;0SV006004BUT;144;218;0.00192423
808;0SV006004BUT;145;218;0.00006526
808;0SV006004BUT;146;218;0.00247435
808;0SV006004BUT;147;218;0.00237366
808;0SV006004BUT;148;218;0.00034574
808;0SV006004BUT;149;218;0.01580925
808;0SV006004BUT;152;218;0.00034200
808;0SV006004BUT;153;218;0.00046958
808;0SV006004BUT;140;219;0.00003847
808;0SV006004BUT;141;219;0.00285017
808;0SV006004BUT;142;219;0.00178818
808;0SV006004BUT;143;219;0.00009445
808;0SV006004BUT;144;219;0.00106014
808;0SV006004BUT;145;219;0.00109134
808;0SV006004BUT;147;219;0.00349567
808;0SV006004BUT;148;219;0.00030418
808;0SV006004BUT;149;219;0.00366564
808;0SV006004BUT;150;219;0.00002151
808;0SV006004BUT;153;219;0.00030894
808;0SV006004BUT;141;220;0.00102922
808;0SV006004BUT;142;220;0.00001990
808;0SV006004BUT;143;220;0.00001125
808;0SV006004BUT;145;220;0.00033067
808;0SV006004BUT;146;220;0.00076978
808;0SV006004BUT;147;220;0.00096430
808;0SV006004BUT;148;220;0.00055015
808;0SV006004BUT;149;220;0.00087686
808;0SV006004BUT;150;220;0.00071894
808;0SV006004BUT;146;221;0.00088626
808;0SV006004BUT;148;221;0.00122115
808;0SV006004BUT;150;221;0.00054130
808;0SV006004BUT;146;222;0.00000601
808;0SV006004BUT;147;222;0.00001019
808;0SV006004BUT;148;222;0.00143086
808;0SV006004BUT;150;222;0.00087654
808;0SV006004BUT;151;222;0.00051801
808;0SV006004BUT;148;223;0.00126309
808;0SV006004BUT;150;223;0.00086815
808;0SV006004BUT;148;224;0.00051011
808;0SV006004BUT;149;224;0.00062041
808;0SV006004BUT;150;224;0.00033591
808;0SV006004BUT;149;225;0.00045683
808;0SV006004BUT;150;225;0.00092838
808;0MC006046NSI;177;208;0.06706850
808;0MC006046NSI;182;208;0.16665640
808;0MC006046NSI;160;209;0.00052725
808;0MC006046NSI;161;209;0.00662579
808;0MC006046NSI;162;209;0.00076502
808;0MC006046NSI;176;209;0.03441863
808;0MC006046NSI;177;209;0.05160473
808;0MC006046NSI;178;209;0.00021877
808;0MC006046NSI;179;209;0.00003169
808;0MC006046NSI;162;210;0.00586077
808;0MC006046NSI;163;210;0.00662579
808;0MC006046NSI;164;210;0.00637979
808;0MC006046NSI;165;210;0.00031120
808;0MC006046NSI;175;210;0.02391246
808;0MC006046NSI;176;210;0.06863860
808;0MC006046NSI;179;210;0.00018708
808;0MC006046NSI;180;210;0.00021877
808;0MC006046NSI;181;210;0.00021877
808;0MC006046NSI;182;210;0.00007556
808;0MC006046NSI;165;211;0.00588836
808;0MC006046NSI;166;211;0.00619956
808;0MC006046NSI;167;211;0.00619956
808;0MC006046NSI;168;211;0.00619956
808;0MC006046NSI;169;211;0.00478880
808;0MC006046NSI;174;211;0.01570040
808;0MC006046NSI;175;211;0.06204412
808;0MC006046NSI;169;212;0.00239717
808;0MC006046NSI;170;212;0.00085275
808;0MC006046NSI;171;212;0.00050543
808;0MC006046NSI;172;212;0.00265904
808;0MC006046NSI;173;212;0.01409618
808;0MC006046NSI;174;212;0.03732356
808;0MC006046NSI;175;212;0.03353057
808;0MC006046NSI;169;213;0.00165026
808;0MC006046NSI;170;213;0.00034464
808;0MC006046NSI;171;213;0.00042662
808;0MC006046NSI;172;213;0.00357318
808;0MC006046NSI;173;213;0.02190356
808;0MC006046NSI;174;213;0.05135289
808;0MC006046NSI;175;213;0.00031952
808;0MC006046NSI;168;214;0.00038247
808;0MC006046NSI;169;214;0.00133648
808;0MC006046NSI;171;214;0.00207884
808;0MC006046NSI;172;214;0.01081846
808;0MC006046NSI;173;214;0.01880931
808;0MC006046NSI;175;214;0.05761907
808;0MC006046NSI;176;214;0.04574111
808;0MC006046NSI;177;214;0.06306677
808;0MC006046NSI;181;214;0.00313582
808;0MC006046NSI;182;214;0.03028889
808;0MC006046NSI;171;215;0.00500748
808;0MC006046NSI;173;215;0.00247268
808;0MC006046NSI;177;215;0.01245341
808;0MC006046NSI;181;215;0.02848794
808;0LC006017LAK;127;188;0.03944491
808;0LC006017LAK;127;189;0.03995742
808;0LC006017LAK;125;190;0.00063852
808;0LC006017LAK;126;190;0.00803370
808;0LC006017LAK;127;190;0.02739430
808;0LC006017LAK;128;190;0.01675392
808;0LC006017LAK;125;191;0.00584555
808;0LC006017LAK;128;191;0.02815125
808;0LC006017LAK;125;192;0.00688077
808;0LC006017LAK;127;192;0.03107782
808;0LC006017LAK;128;192;0.00730728
808;0LC006017LAK;124;193;0.00536717
808;0LC006017LAK;125;193;0.00869975
808;0LC006017LAK;127;193;0.03157546
808;0LC006017LAK;124;194;0.01755990
808;0LC006017LAK;125;194;0.01178659
808;0LC006017LAK;126;194;0.01113948
808;0LC006017LAK;127;194;0.04327629
808;0LC006017LAK;123;195;0.03375035
808;0LC006017LAK;124;195;0.00551257
808;0LC006017LAK;125;195;0.00168247
808;0LC006017LAK;127;195;0.04486115
808;0LC006017LAK;119;196;0.00682594
808;0LC006017LAK;120;196;0.03949617
808;0LC006017LAK;121;196;0.01772272
808;0LC006017LAK;122;196;0.01458125
808;0LC006017LAK;123;196;0.00410539
808;0LC006017LAK;127;196;0.03016353
808;0LC006017LAK;128;196;0.01223678
808;0LC006017LAK;129;196;0.02943358
808;0LC006017LAK;131;196;0.00669077
808;0LC006017LAK;121;197;0.04029165
808;0LC006017LAK;124;197;0.01256308
808;0LC006017LAK;125;197;0.01647334
808;0LC006017LAK;126;197;0.03320820
808;0LC006017LAK;127;197;0.02042370
808;0LC006017LAK;128;197;0.01820746
808;0LC006017LAK;129;197;0.00093692
808;0LC006017LAK;130;197;0.02566872
808;0LC006017LAK;131;197;0.01528344
808;0LC006017LAK;120;198;0.00925320
808;0LC006017LAK;121;198;0.02069670
808;0LC006017LAK;124;198;0.02621806
808;0LC006017LAK;120;199;0.00813929
808;0LC006017LAK;121;199;0.02345571
808;0LC006017LAK;123;199;0.02154849
808;0LC006017LAK;124;199;0.00255740
808;0LC006017LAK;119;200;0.00696672
808;0LC006017LAK;120;200;0.00022921
808;0LC006017LAK;121;200;0.01107089
808;0LC006017LAK;122;200;0.02894559
808;0LC006017LAK;123;200;0.00284274
808;0LC006017LAK;119;201;0.02930340
808;0LC006017LAK;120;201;0.01748627
808;0LC006017LAK;121;201;0.01518893
808;0LC006017LAK;118;202;0.00486305
808;0LC006017LAK;119;202;0.00022508
808;NEP006025MOD;159;255;0.00169617
808;NEP006025MOD;162;255;0.00930467
808;NEP006025MOD;163;255;0.01171327
808;NEP006025MOD;171;255;0.01190048
808;NEP006025MOD;159;256;0.00189024
808;NEP006025MOD;163;256;0.01925944
808;NEP006025MOD;171;256;0.01240077
808;NEP006025MOD;159;257;0.00189024
808;NEP006025MOD;163;257;0.01309350
808;NEP006025MOD;164;257;0.00623708
808;NEP006025MOD;171;257;0.01240077
808;NEP006025MOD;159;258;0.00174060
808;NEP006025MOD;163;258;0.01826633
808;NEP006025MOD;164;258;0.00172239
808;NEP006025MOD;171;258;0.01240077
808;NEP006025MOD;158;259;0.00088888
808;NEP006025MOD;159;259;0.00001882
808;NEP006025MOD;162;259;0.00084390
808;NEP006025MOD;163;259;0.01914483
808;NEP006025MOD;171;259;0.01242301
808;NEP006025MOD;157;260;0.00012913
808;NEP006025MOD;158;260;0.00064130
808;NEP006025MOD;162;260;0.00675682
808;NEP006025MOD;163;260;0.01599513
808;NEP006025MOD;171;260;0.01243604
808;NEP006025MOD;158;261;0.00071735
808;NEP006025MOD;163;261;0.01096429
808;NEP006025MOD;164;261;0.01284817
808;NEP006025MOD;166;261;0.01358247
808;NEP006025MOD;167;261;0.01448627
808;NEP006025MOD;168;261;0.01457730
808;NEP006025MOD;169;261;0.01663722
808;NEP006025MOD;171;261;0.01243607
808;NEP006025MOD;158;262;0.00071735
808;NEP006025MOD;162;262;0.00043466
808;NEP006025MOD;163;262;0.00620391
808;NEP006025MOD;164;262;0.00907615
808;NEP006025MOD;165;262;0.01443443
808;NEP006025MOD;166;262;0.01443443
808;NEP006025MOD;167;262;0.01443443
808;NEP006025MOD;168;262;0.00431430
808;NEP006025MOD;169;262;0.00025734
808;NEP006025MOD;170;262;0.01892146
808;NEP006025MOD;171;262;0.01243359
808;NEP006025MOD;158;263;0.00071735
808;NEP006025MOD;160;263;0.00252023
808;NEP006025MOD;161;263;0.00510375
808;NEP006025MOD;162;263;0.00531661
808;NEP006025MOD;168;263;0.01012012
808;NEP006025MOD;169;263;0.01439962
808;NEP006025MOD;170;263;0.01509799
808;NEP006025MOD;171;263;0.08723122
808;NEP006025MOD;172;263;0.00895046
808;NEP006025MOD;178;263;0.00433073
808;NEP006025MOD;158;264;0.00415454
808;NEP006025MOD;159;264;0.00510375
808;NEP006025MOD;160;264;0.00258352
808;NEP006025MOD;171;264;0.03749738
808;NEP006025MOD;172;264;0.02275589
808;NEP006025MOD;173;264;0.01093809
808;NEP006025MOD;174;264;0.01093809
808;NEP006025MOD;175;264;0.00007800
808;NEP006025MOD;176;264;0.00816245
808;NEP006025MOD;177;264;0.01128038
808;NEP006025MOD;178;264;0.01015886
808;NEP006025MOD;179;264;0.00063067
808;NEP006025MOD;180;264;0.00063070
808;NEP006025MOD;181;264;0.00063071
808;NEP006025MOD;182;264;0.00000456
808;NEP006025MOD;158;265;0.00644903
808;NEP006025MOD;172;265;0.00094783
808;NEP006025MOD;173;265;0.00998764
808;NEP006025MOD;175;265;0.01091791
808;NEP006025MOD;176;265;0.00311869
808;NEP006025MOD;178;265;0.00124626
808;NEP006025MOD;157;266;0.00582625
808;NEP006025MOD;158;266;0.00062278
808;NEP006025MOD;173;266;0.01093547
808;NEP006025MOD;177;266;0.00014856
808;NEP006025MOD;178;266;0.00126884
808;NEP006025MOD;156;267;0.00035364
808;NEP006025MOD;157;267;0.00601565
808;NEP006025MOD;173;267;0.01093547
808;NEP006025MOD;177;267;0.00133310
808;NEP006025MOD;156;268;0.00625003
808;NEP006025MOD;173;268;0.00468909
808;NEP006025MOD;174;268;0.00624638
808;NEP006025MOD;177;268;0.00125380
808;NEP006025MOD;156;269;0.00625003
808;NEP006025MOD;173;269;0.00037585
808;NEP006025MOD;174;269;0.01096268
808;NEP006025MOD;177;269;0.00032039
808;NEP006025MOD;178;269;0.00093341
808;NEP006025MOD;155;270;0.00576286
808;NEP006025MOD;156;270;0.00018182
808;NEP006025MOD;172;270;0.00036684
808;NEP006025MOD;173;270;0.00042565
808;NEP006025MOD;174;270;0.01012146
808;NEP006025MOD;178;270;0.00125380
808;NEP006025MOD;155;271;0.00563014
808;NEP006025MOD;172;271;0.00062974
808;NEP006025MOD;174;271;0.01012146
808;NEP006025MOD;178;271;0.00125380
808;NEP006025MOD;155;272;0.01171876
808;NEP006025MOD;172;272;0.00062974
808;NEP006025MOD;174;272;0.00360870
808;NEP006025MOD;175;272;0.00651276
808;NEP006025MOD;178;272;0.00132540
808;NEP006025MOD;154;273;0.01436768
808;NEP006025MOD;155;273;0.03345224
808;NEP006025MOD;172;273;0.00062974
808;NEP006025MOD;175;273;0.01012146
808;NEP006025MOD;178;273;0.00032624
808;NEP006025MOD;179;273;0.00113731
808;NEP006025MOD;153;274;0.01949614
808;NEP006025MOD;154;274;0.01281023
808;NEP006025MOD;155;274;0.01551355
808;NEP006025MOD;172;274;0.00062974
808;NEP006025MOD;175;274;0.01012146
808;NEP006025MOD;179;274;0.00116089
808;NEP006025MOD;180;274;0.00030266
808;NEP006025MOD;152;275;0.00494691
808;NEP006025MOD;153;275;0.00935821
808;NEP006025MOD;155;275;0.00011899
808;NEP006025MOD;171;275;0.00053865
808;NEP006025MOD;172;275;0.00009109
808;NEP006025MOD;175;275;0.01012146
808;NEP006025MOD;180;275;0.00146355
808;NEP006025MOD;171;276;0.00049887
808;NEP006025MOD;175;276;0.00663883
808;NEP006025MOD;176;276;0.00148802
808;NEP006025MOD;180;276;0.00053199
808;NEP006025MOD;181;276;0.00076095
808;0MC0060090ED;160;183;0.00054380
808;0MC0060090ED;161;183;0.00013425
808;0MC0060090ED;162;183;0.00134158
808;0MC0060090ED;166;183;0.00256616
808;0MC0060090ED;167;183;0.00008739
808;0MC0060090ED;171;183;0.00019112
808;0MC0060090ED;172;183;0.00027664
808;0MC0060090ED;173;183;0.00014918
808;0MC0060090ED;160;184;0.00008157
808;0MC0060090ED;161;184;0.00396189
808;0MC0060090ED;162;184;0.00049305
808;0MC0060090ED;164;184;0.00470195
808;0MC0060090ED;166;184;0.00005516
808;0MC0060090ED;167;184;0.00075219
808;0MC0060090ED;168;184;0.00079927
808;0MC0060090ED;169;184;0.00072702
808;0MC0060090ED;170;184;0.00041706
808;0MC0060090ED;171;184;0.00010116
808;0MC0060090ED;160;185;0.00401956
808;0MC0060090ED;161;185;0.00148373
808;0MC0060090ED;162;185;0.00110226
808;0MC0060090ED;163;185;0.00000129
808;0MC0060090ED;164;185;0.00243317
808;0MC0060090ED;165;185;0.00120949
808;0MC0060090ED;166;185;0.00101750
808;0MC0060090ED;167;185;0.00208577
808;0MC0060090ED;168;185;0.00142409
808;0MC0060090ED;169;185;0.00104629
808;0MC0060090ED;170;185;0.00066742
808;0MC0060090ED;159;186;0.05577330
808;0MC0060090ED;160;186;0.10219339
808;0MC0060090ED;161;186;0.07204105
808;0MC0060090ED;162;186;0.03445154
808;0MC0060090ED;163;186;0.00140164
808;0MC0060090ED;164;186;0.00187361
808;0MC0060090ED;166;186;0.00046632
808;0MC0060090ED;167;186;0.00548465
808;0MC0060090ED;168;186;0.00347944
808;0MC0060090ED;169;186;0.00108061
808;0MC0060090ED;170;186;0.00082357
808;0MC0060090ED;171;186;0.00096067
808;0MC0060090ED;159;187;0.01995897
808;0MC0060090ED;160;187;0.01686659
808;0MC0060090ED;161;187;0.02263662
808;0MC0060090ED;162;187;0.04688880
808;0MC0060090ED;163;187;0.06369657
808;0MC0060090ED;164;187;0.01471312
808;0MC0060090ED;165;187;0.01091160
808;0MC0060090ED;166;187;0.00995298
808;0MC0060090ED;167;187;0.00812186
808;0MC0060090ED;168;187;0.00342705
808;0MC0060090ED;169;187;0.00043323
808;0MC0060090ED;170;187;0.00000353
808;0MC0060090ED;171;187;0.00001024
808;0MC0060090ED;178;187;0.00004280
808;0MC0060090ED;159;188;0.03132526
808;0MC0060090ED;160;188;0.01148944
808;0MC0060090ED;161;188;0.01018731
808;0MC0060090ED;162;188;0.01110159
808;0MC0060090ED;163;188;0.00565221
808;0MC0060090ED;164;188;0.06124960
808;0MC0060090ED;165;188;0.05163339
808;0MC0060090ED;166;188;0.02730587
808;0MC0060090ED;167;188;0.00469326
808;0MC0060090ED;168;188;0.00979972
808;0MC0060090ED;169;188;0.00206488
808;0MC0060090ED;170;188;0.00019315
808;0MC0060090ED;171;188;0.00000037
808;0MC0060090ED;177;188;0.00007012
808;0MC0060090ED;178;188;0.00002177
808;0MC0060090ED;160;189;0.00362556
808;0MC0060090ED;161;189;0.00001611
808;0MC0060090ED;162;189;0.00539916
808;0MC0060090ED;163;189;0.00334433
808;0MC0060090ED;164;189;0.00591605
808;0MC0060090ED;165;189;0.00952529
808;0MC0060090ED;166;189;0.00723971
808;0MC0060090ED;167;189;0.01759777
808;0MC0060090ED;168;189;0.01460558
808;0MC0060090ED;169;189;0.01138852
808;0MC0060090ED;170;189;0.01214608
808;0MC0060090ED;171;189;0.00587273
808;0MC0060090ED;172;189;0.00423197
808;0MC0060090ED;173;189;0.00294579
808;0MC0060090ED;174;189;0.00372058
808;0MC0060090ED;175;189;0.00487650
808;0MC0060090ED;176;189;0.00140556
808;0MC0060090ED;177;189;0.00003997
808;0MC0060090ED;160;190;0.00187532
808;0MC0060090ED;161;190;0.00109824
808;0MC0060090ED;163;190;0.01031178
808;0MC0060090ED;164;190;0.00206224
808;0MC0060090ED;165;190;0.00508619
808;0MC0060090ED;166;190;0.00211917
808;0MC0060090ED;167;190;0.00110798
808;0MC0060090ED;172;190;0.00222807
808;0MC0060090ED;173;190;0.00285311
808;0MC0060090ED;174;190;0.00289488
808;0MC0060090ED;175;190;0.00018734
808;0MC0060090ED;176;190;0.00349809
808;0MC0060090ED;177;190;0.00480529
808;0MC0060090ED;178;190;0.00469764
808;0MC0060090ED;179;190;0.00545610
808;0MC0060090ED;160;191;0.00016754
808;0MC0060090ED;161;191;0.00823391
808;0MC0060090ED;162;191;0.00577467
808;0MC0060090ED;163;191;0.00925768
808;0MC0060090ED;164;191;0.00078981
808;0MC0060090ED;165;191;0.00266928
808;0MC0060090ED;167;191;0.00015595
808;0MC0060090ED;168;191;0.00013616
808;0MC0060090ED;179;191;0.00067025
808;0MC0060090ED;161;192;0.00799862
808;0MC0060090ED;164;192;0.00245256
808;0MC0060090ED;165;192;0.00177214
808;0MC0060090ED;168;192;0.00000714
808;0MC0060090ED;169;192;0.00000682
808;0MC0060090ED;160;193;0.00729205
808;0MC0060090ED;161;193;0.01676991
808;0MC0060090ED;162;193;0.00376069
808;0MC0060090ED;163;193;0.00418320
808;0MC0060090ED;164;193;0.00420036
808;0MC0060090ED;165;193;0.00092854
808;0MC0060090ED;168;193;0.00001063
808;0MC0060090ED;169;193;0.00000787
808;0MC0060090ED;165;194;0.00012053
808;0MC0060090ED;166;194;0.00009162
808;0MC0060090ED;167;194;0.00000986
808;0MC0060090ED;168;194;0.00000078
808;0MD0060190AV;226;71;0.00416851
808;0MD0060190AV;233;71;0.00007258
808;0MD0060190AV;234;71;0.00077754
808;0MD0060190AV;235;71;0.00182841
808;0MD0060190AV;236;71;0.00041953
808;0MD0060190AV;226;72;0.00442045
808;0MD0060190AV;230;72;0.00005979
808;0MD0060190AV;231;72;0.00002765
808;0MD0060190AV;232;72;0.00066208
808;0MD0060190AV;233;72;0.00145199
808;0MD0060190AV;234;72;0.00152306
808;0MD0060190AV;224;73;0.00020985
808;0MD0060190AV;225;73;0.00214775
808;0MD0060190AV;226;73;0.00229914
808;0MD0060190AV;230;73;0.00042959
808;0MD0060190AV;231;73;0.00150258
808;0MD0060190AV;232;73;0.00115699
808;0MD0060190AV;233;73;0.00006412
808;0MD0060190AV;235;73;0.00384195
808;0MD0060190AV;236;73;0.00003275
808;0MD0060190AV;224;74;0.05205537
808;0MD0060190AV;225;74;0.06407462
808;0MD0060190AV;226;74;0.00073007
808;0MD0060190AV;227;74;0.00046745
808;0MD0060190AV;228;74;0.00015899
808;0MD0060190AV;229;74;0.00168771
808;0MD0060190AV;230;74;0.00122356
808;0MD0060190AV;231;74;0.00000126
808;0MD0060190AV;232;74;0.00457584
808;0MD0060190AV;233;74;0.00926311
808;0MD0060190AV;234;74;0.01069993
808;0MD0060190AV;235;74;0.00641295
808;0MD0060190AV;225;75;0.06459034
808;0MD0060190AV;226;75;0.00690795
808;0MD0060190AV;227;75;0.00483332
808;0MD0060190AV;228;75;0.00568096
808;0MD0060190AV;229;75;0.00334333
808;0MD0060190AV;230;75;0.00817141
808;0MD0060190AV;231;75;0.00973374
808;0MD0060190AV;232;75;0.00517124
808;0MD0060190AV;233;75;0.00011460
808;0MD0060190AV;234;75;0.00007349
808;0MD0060190AV;235;75;0.00042803
808;0MD0060190AV;221;76;0.00017825
808;0MD0060190AV;223;76;0.00003925
808;0MD0060190AV;224;76;0.00067474
808;0MD0060190AV;225;76;0.06034151
808;0MD0060190AV;226;76;0.00934112
808;0MD0060190AV;227;76;0.00545739
808;0MD0060190AV;228;76;0.00162476
808;0MD0060190AV;229;76;0.00089796
808;0MD0060190AV;230;76;0.02314556
808;0MD0060190AV;231;76;0.00049286
808;0MD0060190AV;232;76;0.00682416
808;0MD0060190AV;233;76;0.01214297
808;0MD0060190AV;234;76;0.02871921
808;0MD0060190AV;235;76;0.01345399
808;0MD0060190AV;221;77;0.00067517
808;0MD0060190AV;222;77;0.00229116
808;0MD0060190AV;223;77;0.00263693
808;0MD0060190AV;224;77;0.03381536
808;0MD0060190AV;225;77;0.03416478
808;0MD0060190AV;226;77;0.04284044
808;0MD0060190AV;227;77;0.03612540
808;0MD0060190AV;228;77;0.00787823
808;0MD0060190AV;229;77;0.00816588
808;0MD0060190AV;230;77;0.04556052
808;0MD0060190AV;231;77;0.00015362
808;0MD0060190AV;232;77;0.00050714
808;0MD0060190AV;233;77;0.00029669
808;0MD0060190AV;234;77;0.00044798
808;0MD0060190AV;235;77;0.00010865
808;0MD0060190AV;219;78;0.00087935
808;0MD0060190AV;220;78;0.00092639
808;0MD0060190AV;221;78;0.00007641
808;0MD0060190AV;222;78;0.00129275
808;0MD0060190AV;223;78;0.00166450
808;0MD0060190AV;224;78;0.04295242
808;0MD0060190AV;225;78;0.00513216
808;0MD0060190AV;226;78;0.00052559
808;0MD0060190AV;227;78;0.00121498
808;0MD0060190AV;228;78;0.00127678
808;0MD0060190AV;229;78;0.00057066
808;0MD0060190AV;230;78;0.00086266
808;0MD0060190AV;231;78;0.00122324
808;0MD0060190AV;232;78;0.00024191
808;0MD0060190AV;233;78;0.00014618
808;0MD0060190AV;234;78;0.00006535
808;0MD0060190AV;216;79;0.00008605
808;0MD0060190AV;217;79;0.00013910
808;0MD0060190AV;218;79;0.00013132
808;0MD0060190AV;219;79;0.00052368
808;0MD0060190AV;220;79;0.00054435
808;0MD0060190AV;221;79;0.00128573
808;0MD0060190AV;222;79;0.00193876
808;0MD0060190AV;223;79;0.00411505
808;0MD0060190AV;224;79;0.04821658
808;0MD0060190AV;225;79;0.01041788
808;0MD0060190AV;226;79;0.00306283
808;0MD0060190AV;227;79;0.00100032
808;0MD0060190AV;228;79;0.00033166
808;0MD0060190AV;229;79;0.00024984
808;0MD0060190AV;231;79;0.00022961
808;0MD0060190AV;232;79;0.00012492
808;0MD0060190AV;233;79;0.00006335
808;0MD0060190AV;234;79;0.00004245
808;0MD0060190AV;213;80;0.00019067
808;0MD0060190AV;214;80;0.00026645
808;0MD0060190AV;215;80;0.00014001
808;0MD0060190AV;216;80;0.00004818
808;0MD0060190AV;219;80;0.00013338
808;0MD0060190AV;220;80;0.00021780
808;0MD0060190AV;221;80;0.00052012
808;0MD0060190AV;222;80;0.00067232
808;0MD0060190AV;223;80;0.00219044
808;0MD0060190AV;224;80;0.03110218
808;0MD0060190AV;225;80;0.00490911
808;0MD0060190AV;226;80;0.00201209
808;0MD0060190AV;227;80;0.00048027
808;0MD0060190AV;228;80;0.00028068
808;0MD0060190AV;229;80;0.00055528
808;0MD0060190AV;230;80;0.00045245
808;0MD0060190AV;231;80;0.00043872
808;0MD0060190AV;232;80;0.00033017
808;0MD0060190AV;233;80;0.00039076
808;0MD0060190AV;234;80;0.00002354
808;0MD0060190AV;211;81;0.00092688
808;0MD0060190AV;212;81;0.00867452
808;0MD0060190AV;213;81;0.00006726
808;0MD0060190AV;214;81;0.00516394
808;0MD0060190AV;215;81;0.00791696
808;0MD0060190AV;216;81;0.00579018
808;0MD0060190AV;217;81;0.00063059
808;0MD0060190AV;221;81;0.00026322
808;0MD0060190AV;222;81;0.00041248
808;0MD0060190AV;223;81;0.00079666
808;0MD0060190AV;224;81;0.02407710
808;0MD0060190AV;225;81;0.00054631
808;0MD0060190AV;226;81;0.00021970
808;0MD0060190AV;227;81;0.00023942
808;0MD0060190AV;228;81;0.00007139
808;0MD0060190AV;229;81;0.00005108
808;0MD0060190AV;230;81;0.00031242
808;0MD0060190AV;231;81;0.00033606
808;0MD0060190AV;232;81;0.00029142
808;0MD0060190AV;233;81;0.00071144
808;0MD0060190AV;234;81;0.00048926
808;0MD0060190AV;235;81;0.00028546
808;0MD0060190AV;211;82;0.00061498
808;0MD0060190AV;212;82;0.00021452
808;0MD0060190AV;213;82;0.00820546
808;0MD0060190AV;214;82;0.00357229
808;0MD0060190AV;215;82;0.00010691
808;0MD0060190AV;216;82;0.00205623
808;0MD0060190AV;217;82;0.00720807
808;0MD0060190AV;218;82;0.00783089
808;0MD0060190AV;219;82;0.00783684
808;0MD0060190AV;220;82;0.00796505
808;0MD0060190AV;221;82;0.00803237
808;0MD0060190AV;222;82;0.00795549
808;0MD0060190AV;223;82;0.00861961
808;0MD0060190AV;224;82;0.01915084
808;0MD0060190AV;227;82;0.00001239
808;0MD0060190AV;228;82;0.00015131
808;0MD0060190AV;229;82;0.00017262
808;0MD0060190AV;230;82;0.00014476
808;0MD0060190AV;213;83;0.00000142
808;0MD0060190AV;218;83;0.00001010
808;0MD0060190AV;219;83;0.00001395
808;0MD0060190AV;221;83;0.00000244
808;0MD0060190AV;222;83;0.00000023
808;0MD0060190AV;223;83;0.00000204
808;0MD0060190AV;224;83;0.00843877
808;0SF0060010BA;141;154;0.02250553
808;0SF0060010BA;140;155;0.01671151
808;0SF0060010BA;141;155;0.07005176
808;0SF0060010BA;137;156;0.00341153
808;0SF0060010BA;138;156;0.00182804
808;0SF0060010BA;139;156;0.01728919
808;0SF0060010BA;140;156;0.03518998
808;0SF0060010BA;141;156;0.04461089
808;0SF0060010BA;138;157;0.01410617
808;0SF0060010BA;139;157;0.01285973
808;0SF0060010BA;140;157;0.00233360
808;0SF0060010BA;141;157;0.04436846
808;0SF0060010BA;142;157;0.02442850
808;0SF0060010BA;135;158;0.00499379
808;0SF0060010BA;136;158;0.00245232
808;0SF0060010BA;137;158;0.00032925
808;0SF0060010BA;138;158;0.02476768
808;0SF0060010BA;139;158;0.00128457
808;0SF0060010BA;140;158;0.00030774
808;0SF0060010BA;141;158;0.00035706
808;0SF0060010BA;142;158;0.04665560
808;0SF0060010BA;143;158;0.00610062
808;0SF0060010BA;136;159;0.00930965
808;0SF0060010BA;137;159;0.02870022
808;0SF0060010BA;138;159;0.00989004
808;0SF0060010BA;139;159;0.00003832
808;0SF0060010BA;140;159;0.00002541
808;0SF0060010BA;141;159;0.00061870
808;0SF0060010BA;142;159;0.04300488
808;0SF0060010BA;143;159;0.00603634
808;0SF0060010BA;144;159;0.00449746
808;0SF0060010BA;149;159;0.00639963
808;0SF0060010BA;136;160;0.00160328
808;0SF0060010BA;137;160;0.03659562
808;0SF0060010BA;138;160;0.00312666
808;0SF0060010BA;139;160;0.00002008
808;0SF0060010BA;140;160;0.00000533
808;0SF0060010BA;141;160;0.03242545
808;0SF0060010BA;142;160;0.00609352
808;0SF0060010BA;143;160;0.00343770
808;0SF0060010BA;144;160;0.00343954
808;0SF0060010BA;145;160;0.00106366
808;0SF0060010BA;146;160;0.00003066
808;0SF0060010BA;135;161;0.00204435
808;0SF0060010BA;136;161;0.04388718
808;0SF0060010BA;137;161;0.00552236
808;0SF0060010BA;138;161;0.00564952
808;0SF0060010BA;139;161;0.00549688
808;0SF0060010BA;140;161;0.00497337
808;0SF0060010BA;141;161;0.03384251
808;0SF0060010BA;142;161;0.00596539
808;0SF0060010BA;143;161;0.00269336
808;0SF0060010BA;144;161;0.00277324
808;0SF0060010BA;145;161;0.00238093
808;0SF0060010BA;146;161;0.00016165
808;0SF0060010BA;147;161;0.00015160
808;0SF0060010BA;148;161;0.00000526
808;0SF0060010BA;149;161;0.00143778
808;0SF0060010BA;134;162;0.00148173
808;0SF0060010BA;135;162;0.04174251
808;0SF0060010BA;136;162;0.00154334
808;0SF0060010BA;137;162;0.00021989
808;0SF0060010BA;138;162;0.00016818
808;0SF0060010BA;139;162;0.00045632
808;0SF0060010BA;141;162;0.00008134
808;0SF0060010BA;142;162;0.00000772
808;0SF0060010BA;144;162;0.00001354
808;0SF0060010BA;145;162;0.00128664
808;0SF0060010BA;148;162;0.00023243
808;0SF0060010BA;149;162;0.00656867
808;0SF0060010BA;133;163;0.00045604
808;0SF0060010BA;134;163;0.03900649
808;0SF0060010BA;135;163;0.01775759
808;0SF0060010BA;136;163;0.00123213
808;0SF0060010BA;137;163;0.00037521
808;0SF0060010BA;139;163;0.00018352
808;0SF0060010BA;145;163;0.00025502
808;0SF0060010BA;148;163;0.00016711
808;0SF0060010BA;149;163;0.00373082
808;0SF0060010BA;132;164;0.01615638
808;0SF0060010BA;133;164;0.04814419
808;0SF0060010BA;134;164;0.02627591
808;0SF0060010BA;135;164;0.00217112
808;0SF0060010BA;136;164;0.00005242
808;0SF0060010BA;137;164;0.00003240
808;0SF0060010BA;148;164;0.00003450
808;0SF0060010BA;133;165;0.02833964
808;0SF0060010BA;134;165;0.02096403
808;0SF0060010BA;135;165;0.00632106
808;0SF0060010BA;133;166;0.02216442
808;0SF0060010BA;134;166;0.00208210
808;0SF0060010BA;135;166;0.00000452
808;GBV006014GBU;229;110;0.01067547
808;GBV006014GBU;229;111;0.01599232
808;GBV006014GBU;229;112;0.01599232
808;GBV006014GBU;229;113;0.01599232
808;GBV006014GBU;228;114;0.01424576
808;GBV006014GBU;229;114;0.00174656
808;GBV006014GBU;228;115;0.01599232
808;GBV006014GBU;228;116;0.01599232
808;GBV006014GBU;264;116;0.00049768
808;GBV006014GBU;265;116;0.00354726
808;GBV006014GBU;227;117;0.00080259
808;GBV006014GBU;228;117;0.01518973
808;GBV006014GBU;264;117;0.00595466
808;GBV006014GBU;265;117;0.00203300
808;GBV006014GBU;227;118;0.01599232
808;GBV006014GBU;264;118;0.00595466
808;GBV006014GBU;265;118;0.00107120
808;GBV006014GBU;266;118;0.00096180
808;GBV006014GBU;227;119;0.01599232
808;GBV006014GBU;263;119;0.00125391
808;GBV006014GBU;264;119;0.00470075
808;GBV006014GBU;266;119;0.00203300
808;GBV006014GBU;227;120;0.01599232
808;GBV006014GBU;263;120;0.00595466
808;GBV006014GBU;266;120;0.00185224
808;GBV006014GBU;267;120;0.00018075
808;GBV006014GBU;226;121;0.00289619
808;GBV006014GBU;227;121;0.01302213
808;GBV006014GBU;263;121;0.00595466
808;GBV006014GBU;267;121;0.00247802
808;GBV006014GBU;268;121;0.00085438
808;GBV006014GBU;226;122;0.01591159
808;GBV006014GBU;262;122;0.00221445
808;GBV006014GBU;263;122;0.00393408
808;GBV006014GBU;226;123;0.01545697
808;GBV006014GBU;227;123;0.00012005
808;GBV006014GBU;262;123;0.00652054
808;GBV006014GBU;226;124;0.01497404
808;GBV006014GBU;227;124;0.00032936
808;GBV006014GBU;228;124;0.00010652
808;GBV006014GBU;233;124;0.00019755
808;GBV006014GBU;261;124;0.00411247
808;GBV006014GBU;262;124;0.00240807
808;GBV006014GBU;226;125;0.01497404
808;GBV006014GBU;228;125;0.00034290
808;GBV006014GBU;229;125;0.00009298
808;GBV006014GBU;232;125;0.00062471
808;GBV006014GBU;233;125;0.00034605
808;GBV006014GBU;234;125;0.00051560
808;GBV006014GBU;235;125;0.00035323
808;GBV006014GBU;236;125;0.00034147
808;GBV006014GBU;237;125;0.00047000
808;GBV006014GBU;238;125;0.00047000
808;GBV006014GBU;239;125;0.00047000
808;GBV006014GBU;240;125;0.00047000
808;GBV006014GBU;241;125;0.00047000
808;GBV006014GBU;242;125;0.00011585
808;GBV006014GBU;259;125;0.00036301
808;GBV006014GBU;260;125;0.00049265
808;GBV006014GBU;261;125;0.00648557
808;GBV006014GBU;226;126;0.01497702
808;GBV006014GBU;229;126;0.00035643
808;GBV006014GBU;230;126;0.00014570
808;GBV006014GBU;231;126;0.00063063
808;GBV006014GBU;232;126;0.00000591
808;GBV006014GBU;235;126;0.00015006
808;GBV006014GBU;236;126;0.00012853
808;GBV006014GBU;242;126;0.00051412
808;GBV006014GBU;256;126;0.00043792
808;GBV006014GBU;257;126;0.00049265
808;GBV006014GBU;258;126;0.00049265
808;GBV006014GBU;259;126;0.00012964
808;GBV006014GBU;261;126;0.00614943
808;GBV006014GBU;225;127;0.01261474
808;GBV006014GBU;226;127;0.00236608
808;GBV006014GBU;229;127;0.00006539
808;GBV006014GBU;230;127;0.00049376
808;GBV006014GBU;242;127;0.00051224
808;GBV006014GBU;243;127;0.00000189
808;GBV006014GBU;252;127;0.00000379
808;GBV006014GBU;253;127;0.00049451
808;GBV006014GBU;254;127;0.00049265
808;GBV006014GBU;255;127;0.00049265
808;GBV006014GBU;256;127;0.00005473
808;GBV006014GBU;261;127;0.00614943
808;GBV006014GBU;225;128;0.01498082
808;GBV006014GBU;228;128;0.00012138
808;GBV006014GBU;229;128;0.00013312
808;GBV006014GBU;243;128;0.00051412
808;GBV006014GBU;252;128;0.00059075
808;GBV006014GBU;261;128;0.00120171
808;GBV006014GBU;225;129;0.01498082
808;GBV006014GBU;227;129;0.00017738
808;GBV006014GBU;228;129;0.00007712
808;GBV006014GBU;243;129;0.00051412
808;GBV006014GBU;251;129;0.00041218
808;GBV006014GBU;252;129;0.00017857
808;GBV006014GBU;225;130;0.01501569
808;GBV006014GBU;226;130;0.00019851
808;GBV006014GBU;227;130;0.00002113
808;GBV006014GBU;243;130;0.00011896
808;GBV006014GBU;244;130;0.00039517
808;GBV006014GBU;250;130;0.00022982
808;GBV006014GBU;251;130;0.00036094
808;GBV006014GBU;225;131;0.01605550
808;GBV006014GBU;244;131;0.00051412
808;GBV006014GBU;249;131;0.00004746
808;GBV006014GBU;250;131;0.00054330
808;GBV006014GBU;224;132;0.01686458
808;GBV006014GBU;225;132;0.00100863
808;GBV006014GBU;244;132;0.00023980
808;GBV006014GBU;245;132;0.00035799
808;GBV006014GBU;248;132;0.00011050
808;GBV006014GBU;249;132;0.00060731
808;GBV006014GBU;223;133;0.00518224
808;GBV006014GBU;224;133;0.01287927
808;GBV006014GBU;245;133;0.00027022
808;GBV006014GBU;246;133;0.00051052
808;GBV006014GBU;247;133;0.00053843
808;GBV006014GBU;248;133;0.00045999
808;GBV006014GBU;223;134;0.01788560
808;GBV006014GBU;222;135;0.01075921
808;GBV006014GBU;223;135;0.00704965
808;GBV006014GBU;222;136;0.01780886
808;GBV006014GBU;221;137;0.01581941
808;GBV006014GBU;222;137;0.00198945
808;GBV006014GBU;221;138;0.01633740
808;GBV006014GBU;220;139;0.00122101
808;GBV006014GBU;221;139;0.01441267
808;GBV006014GBU;220;140;0.01544206
808;GBV006014GBU;220;141;0.01544206
808;GBV006014GBU;220;142;0.01544206
808;GBV006014GBU;220;143;0.01544206
808;GBV006014GBU;220;144;0.01544206
808;GBV006014GBU;220;145;0.01593952
808;GBV006014GBU;219;146;0.00299132
808;GBV006014GBU;220;146;0.01403730
808;GBV006014GBU;219;147;0.01980474
808;GBV006014GBU;220;147;0.00019141
808;GBV006014GBU;218;148;0.01595185
808;GBV006014GBU;219;148;0.00537381
808;GBV006014GBU;220;148;0.00024273
808;GBV006014GBU;221;148;0.00021081
808;GBV006014GBU;217;149;0.00187035
808;GBV006014GBU;218;149;0.01658082
808;GBV006014GBU;221;149;0.00022333
808;GBV006014GBU;222;149;0.00022621
808;GBV006014GBU;217;150;0.01716072
808;GBV006014GBU;222;150;0.00022303
808;GBV006014GBU;223;150;0.00020812
808;GBV006014GBU;217;151;0.02451739
808;GBV006014GBU;223;151;0.00024610
808;GBV006014GBU;224;151;0.00019121
808;GBV006014GBU;215;152;0.03218725
808;GBV006014GBU;216;152;0.02893592
808;GBV006014GBU;217;152;0.03028717
808;GBV006014GBU;224;152;0.00025723
808;GBV006014GBU;225;152;0.00018182
808;GBV006014GBU;213;153;0.01388919
808;GBV006014GBU;214;153;0.04351012
808;GBV006014GBU;215;153;0.00892704
808;GBV006014GBU;217;153;0.00189639
808;GBV006014GBU;218;153;0.00154995
808;GBV006014GBU;225;153;0.00026663
808;GBV006014GBU;226;153;0.00017242
808;GBV006014GBU;213;154;0.03624157
808;GBV006014GBU;218;154;0.00188175
808;GBV006014GBU;226;154;0.00030574
808;GBV006014GBU;227;154;0.00009671
808;GBV006014GBU;213;155;0.00195398
808;GBV006014GBU;218;155;0.00032534
808;GBV006014GBU;227;155;0.00020141
808;0SF0060380BA;129;161;0.01092528
808;0SF0060380BA;130;161;0.00570166
808;0SF0060380BA;131;161;0.05411451
808;0SF0060380BA;128;162;0.00011309
808;0SF0060380BA;129;162;0.02769730
808;0SF0060380BA;130;162;0.03881855
808;0SF0060380BA;131;162;0.21881445
808;0SF0060380BA;128;163;0.00018681
808;0SF0060380BA;129;163;0.02581702
808;0SF0060380BA;130;163;0.08265376
808;0SF0060380BA;131;163;0.29915701
808;0SF0060380BA;129;164;0.06174611
808;0SF0060380BA;130;164;0.05510232
808;0SF0060380BA;131;164;0.06572625
808;0SF0060380BA;132;164;0.05342589
808;NCC006044MBU;143;138;0.00005948
808;NCC006044MBU;142;139;0.00006944
808;NCC006044MBU;143;139;0.00279559
808;NCC006044MBU;144;139;0.06608485
808;NCC006044MBU;145;139;0.00404636
808;NCC006044MBU;146;139;0.00619713
808;NCC006044MBU;147;139;0.00898870
808;NCC006044MBU;148;139;0.00132839
808;NCC006044MBU;142;140;0.03393271
808;NCC006044MBU;143;140;0.06746321
808;NCC006044MBU;144;140;0.03240940
808;NCC006044MBU;145;140;0.00900168
808;NCC006044MBU;146;140;0.00207552
808;NCC006044MBU;136;141;0.00379231
808;NCC006044MBU;137;141;0.00444447
808;NCC006044MBU;138;141;0.05866380
808;NCC006044MBU;139;141;0.09506915
808;NCC006044MBU;140;141;0.08669914
808;NCC006044MBU;141;141;0.07229077
808;NCC006044MBU;142;141;0.05311298
808;NCC006044MBU;143;141;0.00411419
808;NCC006044MBU;144;141;0.00284392
808;NCC006044MBU;145;141;0.00681489
808;NCC006044MBU;134;142;0.00019484
808;NCC006044MBU;135;142;0.00489605
808;NCC006044MBU;136;142;0.00091518
808;NCC006044MBU;137;142;0.00380865
808;NCC006044MBU;138;142;0.03783054
808;NCC006044MBU;139;142;0.05112735
808;NCC006044MBU;140;142;0.00844282
808;NCC006044MBU;141;142;0.00027423
808;NCC006044MBU;142;142;0.00064287
808;NCC006044MBU;143;142;0.00116263
808;NCC006044MBU;144;142;0.00005039
808;NCC006044MBU;145;142;0.00078640
808;NCC006044MBU;134;143;0.00343459
808;NCC006044MBU;135;143;0.00014834
808;NCC006044MBU;136;143;0.00152458
808;NCC006044MBU;137;143;0.01126251
808;NCC006044MBU;138;143;0.03024222
808;NCC006044MBU;139;143;0.05122148
808;NCC006044MBU;140;143;0.00313445
808;NCC006044MBU;142;143;0.00004785
808;NCC006044MBU;143;143;0.00024719
808;NCC006044MBU;144;143;0.00011001
808;NCC006044MBU;145;143;0.00008535
808;NCC006044MBU;133;144;0.00236927
808;NCC006044MBU;134;144;0.00098983
808;NCC006044MBU;136;144;0.00241793
808;NCC006044MBU;137;144;0.01420391
808;NCC006044MBU;138;144;0.00285734
808;NCC006044MBU;139;144;0.03353567
808;NCC006044MBU;140;144;0.02224016
808;NCC006044MBU;141;144;0.00002458
808;NCC006044MBU;142;144;0.00017280
808;NCC006044MBU;143;144;0.00010689
808;NCC006044MBU;133;145;0.00021289
808;NCC006044MBU;134;145;0.00001233
808;NCC006044MBU;135;145;0.00006835
808;NCC006044MBU;136;145;0.00590875
808;NCC006044MBU;137;145;0.00695167
808;NCC006044MBU;138;145;0.00032182
808;NCC006044MBU;139;145;0.00844327
808;NCC006044MBU;140;145;0.03922362
808;NCC006044MBU;141;145;0.00027635
808;NCC006044MBU;142;145;0.00000906
808;NCC006044MBU;132;146;0.00000076
808;NCC006044MBU;133;146;0.00000019
808;NCC006044MBU;134;146;0.00000350
808;NCC006044MBU;135;146;0.00048059
808;NCC006044MBU;136;146;0.00530937
808;NCC006044MBU;137;146;0.00077257
808;NCC006044MBU;138;146;0.00027726
808;NCC006044MBU;139;146;0.00739820
808;NCC006044MBU;140;146;0.00024850
808;NCC006044MBU;134;147;0.00000037
808;NCC006044MBU;135;147;0.00019443
808;NCC006044MBU;136;147;0.00293555
808;NCC006044MBU;137;147;0.00001575
808;NCC006044MBU;138;147;0.00033262
808;NCC006044MBU;139;147;0.00001315
808;NCC006044MBU;136;148;0.00414911
808;NCC006044MBU;137;148;0.00034841
808;NCC006044MBU;138;148;0.00010801
808;NCC006044MBU;136;149;0.00316709
808;NCC006044MBU;137;149;0.00000941
808;SJV006016SJU;180;109;0.00421420
808;SJV006016SJU;181;109;0.00001285
808;SJV006016SJU;182;109;0.00057749
808;SJV006016SJU;183;109;0.00235691
808;SJV006016SJU;185;109;0.00018213
808;SJV006016SJU;187;109;0.02674136
808;SJV006016SJU;192;109;0.00128289
808;SJV006016SJU;180;110;0.00089154
808;SJV006016SJU;181;110;0.00369250
808;SJV006016SJU;182;110;0.00252891
808;SJV006016SJU;183;110;0.00009872
808;SJV006016SJU;184;110;0.00030248
808;SJV006016SJU;185;110;0.00002936
808;SJV006016SJU;186;110;0.01467476
808;SJV006016SJU;187;110;0.01718574
808;SJV006016SJU;192;110;0.00159407
808;SJV006016SJU;181;111;0.00564238
808;SJV006016SJU;182;111;0.00274823
808;SJV006016SJU;184;111;0.00021048
808;SJV006016SJU;185;111;0.00499093
808;SJV006016SJU;186;111;0.02776345
808;SJV006016SJU;192;111;0.00165623
808;SJV006016SJU;193;111;0.00001639
808;SJV006016SJU;178;112;0.00000685
808;SJV006016SJU;179;112;0.00000882
808;SJV006016SJU;181;112;0.00414232
808;SJV006016SJU;182;112;0.00375307
808;SJV006016SJU;184;112;0.00029663
808;SJV006016SJU;185;112;0.03348781
808;SJV006016SJU;192;112;0.00170116
808;SJV006016SJU;193;112;0.00000762
808;SJV006016SJU;179;113;0.00001361
808;SJV006016SJU;180;113;0.00343208
808;SJV006016SJU;181;113;0.00195712
808;SJV006016SJU;182;113;0.00315149
808;SJV006016SJU;183;113;0.00338816
808;SJV006016SJU;184;113;0.03263913
808;SJV006016SJU;185;113;0.00246065
808;SJV006016SJU;186;113;0.00096778
808;SJV006016SJU;187;113;0.00085064
808;SJV006016SJU;188;113;0.00083142
808;SJV006016SJU;189;113;0.00081434
808;SJV006016SJU;190;113;0.00106127
808;SJV006016SJU;191;113;0.00071894
808;SJV006016SJU;192;113;0.00230513
808;SJV006016SJU;193;113;0.00002107
808;SJV006016SJU;179;114;0.00037733
808;SJV006016SJU;180;114;0.00596548
808;SJV006016SJU;182;114;0.00000010
808;SJV006016SJU;183;114;0.02967842
808;SJV006016SJU;184;114;0.00793071
808;SJV006016SJU;190;114;0.00019565
808;SJV006016SJU;192;114;0.00221356
808;SJV006016SJU;179;115;0.00242994
808;SJV006016SJU;180;115;0.00555386
808;SJV006016SJU;182;115;0.02660702
808;SJV006016SJU;183;115;0.01868064
808;SJV006016SJU;184;115;0.00001236
808;SJV006016SJU;190;115;0.00037671
808;SJV006016SJU;191;115;0.00011535
808;SJV006016SJU;192;115;0.00238569
808;SJV006016SJU;193;115;0.00012184
808;SJV006016SJU;180;116;0.00998269
808;SJV006016SJU;181;116;0.02830853
808;SJV006016SJU;182;116;0.00181176
808;SJV006016SJU;184;116;0.00877199
808;SJV006016SJU;190;116;0.00037110
808;SJV006016SJU;191;116;0.00000063
808;SJV006016SJU;192;116;0.00417768
808;SJV006016SJU;193;116;0.00086419
808;SJV006016SJU;181;117;0.00331997
808;SJV006016SJU;182;117;0.00095225
808;SJV006016SJU;183;117;0.00018934
808;SJV006016SJU;184;117;0.00454169
808;SJV006016SJU;185;117;0.00394583
808;SJV006016SJU;189;117;0.00000914
808;SJV006016SJU;190;117;0.00070034
808;SJV006016SJU;191;117;0.00100251
808;SJV006016SJU;192;117;0.01459371
808;SJV006016SJU;193;117;0.00213749
808;SJV006016SJU;182;118;0.00518270
808;SJV006016SJU;183;118;0.00084841
808;SJV006016SJU;184;118;0.00008528
808;SJV006016SJU;185;118;0.00938004
808;SJV006016SJU;186;118;0.00008677
808;SJV006016SJU;188;118;0.00010985
808;SJV006016SJU;189;118;0.00044781
808;SJV006016SJU;190;118;0.00137929
808;SJV006016SJU;191;118;0.00176317
808;SJV006016SJU;192;118;0.01254785
808;SJV006016SJU;193;118;0.00113716
808;SJV006016SJU;183;119;0.00483322
808;SJV006016SJU;184;119;0.00084338
808;SJV006016SJU;186;119;0.00935389
808;SJV006016SJU;187;119;0.00010767
808;SJV006016SJU;188;119;0.00010478
808;SJV006016SJU;189;119;0.00034363
808;SJV006016SJU;190;119;0.00073442
808;SJV006016SJU;191;119;0.00988023
808;SJV006016SJU;192;119;0.00185275
808;SJV006016SJU;193;119;0.00003207
808;SJV006016SJU;184;120;0.00467099
808;SJV006016SJU;185;120;0.00145886
808;SJV006016SJU;186;120;0.00790540
808;SJV006016SJU;187;120;0.00612756
808;SJV006016SJU;188;120;0.00421997
808;SJV006016SJU;189;120;0.00358218
808;SJV006016SJU;190;120;0.00410577
808;SJV006016SJU;191;120;0.01200110
808;SJV006016SJU;192;120;0.00448473
808;SJV006016SJU;193;120;0.00255586
808;SJV006016SJU;183;121;0.00095868
808;SJV006016SJU;184;121;0.00426181
808;SJV006016SJU;185;121;0.01554161
808;SJV006016SJU;186;121;0.00889871
808;SJV006016SJU;187;121;0.00940198
808;SJV006016SJU;188;121;0.00370968
808;SJV006016SJU;189;121;0.00145384
808;SJV006016SJU;190;121;0.00158400
808;SJV006016SJU;191;121;0.00903255
808;SJV006016SJU;192;121;0.00168512
808;SJV006016SJU;193;121;0.00014212
808;SJV006016SJU;185;122;0.00069869
808;SJV006016SJU;186;122;0.01601540
808;SJV006016SJU;187;122;0.03624051
808;SJV006016SJU;188;122;0.00714106
808;SJV006016SJU;189;122;0.00190496
808;SJV006016SJU;190;122;0.00529052
808;SJV006016SJU;191;122;0.01005805
808;SJV006016SJU;192;122;0.00085183
808;SJV006016SJU;193;122;0.00071579
808;SJV006016SJU;194;122;0.00135605
808;SJV006016SJU;185;123;0.00002006
808;SJV006016SJU;186;123;0.00026653
808;SJV006016SJU;187;123;0.02484748
808;SJV006016SJU;188;123;0.02267637
808;SJV006016SJU;189;123;0.03450385
808;SJV006016SJU;190;123;0.05433985
808;SJV006016SJU;191;123;0.02488117
808;SJV006016SJU;192;123;0.01841538
808;SJV006016SJU;193;123;0.01740095
808;SJV006016SJU;194;123;0.01396356
808;SJV006016SJU;184;124;0.00054852
808;SJV006016SJU;185;124;0.00243650
808;SJV006016SJU;186;124;0.00335786
808;SJV006016SJU;187;124;0.01205641
808;SJV006016SJU;188;124;0.00231122
808;SJV006016SJU;189;124;0.00480991
808;SJV006016SJU;190;124;0.03433370
808;SJV006016SJU;191;124;0.01306575
808;SJV006016SJU;192;124;0.00346904
808;SJV006016SJU;193;124;0.00105610
808;SJV006016SJU;194;124;0.00065842
808;SJV006016SJU;183;125;0.00026732
808;SJV006016SJU;184;125;0.00165355
808;SJV006016SJU;185;125;0.00046816
808;SJV006016SJU;186;125;0.00038993
808;SJV006016SJU;187;125;0.00990506
808;SJV006016SJU;188;125;0.00342569
808;SJV006016SJU;189;125;0.00447857
808;SJV006016SJU;190;125;0.01464634
808;SJV006016SJU;191;125;0.00141163
808;SJV006016SJU;192;125;0.00222414
808;SJV006016SJU;193;125;0.00021688
808;SJV006016SJU;189;126;0.00151814
808;SJV006016SJU;190;126;0.00909345
808;SJV006016SJU;191;126;0.00001828
808;SJV006016SJU;192;126;0.00228945
808;SJV006016SJU;193;126;0.00016985
808;SJV006016SJU;192;127;0.00196950
808;SJV006016SJU;193;127;0.00008115
808;SJV006016SJU;192;128;0.00150784
808;SJV006016SJU;193;128;0.00000004
808;0NC006012NCU;104;224;0.00279290
808;0NC006012NCU;104;225;0.00671430
808;0NC006012NCU;104;226;0.00678601
808;0NC006012NCU;103;227;0.00078947
808;0NC006012NCU;104;227;0.00541656
808;0NC006012NCU;103;228;0.00376225
808;0NC006012NCU;104;228;0.00270929
808;0NC006012NCU;104;229;0.00678046
808;0NC006012NCU;103;230;0.00710688
808;0NC006012NCU;104;230;0.00472963
808;0NC006012NCU;102;231;0.00450205
808;0NC006012NCU;103;231;0.00781711
808;0NC006012NCU;102;232;0.00861041
808;0NC006012NCU;101;233;0.00912563
808;0NC006012NCU;102;233;0.00010656
808;0NC006012NCU;101;234;0.00916886
808;0NC006012NCU;100;235;0.00446279
808;0NC006012NCU;101;235;0.00895123
808;0NC006012NCU;99;236;0.00828870
808;0NC006012NCU;100;236;0.00847834
808;0NC006012NCU;106;236;0.00075761
808;0NC006012NCU;107;236;0.00049334
808;0NC006012NCU;98;237;0.01160293
808;0NC006012NCU;99;237;0.00204357
808;0NC006012NCU;101;237;0.00025079
808;0NC006012NCU;102;237;0.00067309
808;0NC006012NCU;103;237;0.00066470
808;0NC006012NCU;104;237;0.00065804
808;0NC006012NCU;105;237;0.00071433
808;0NC006012NCU;106;237;0.00018710
808;0NC006012NCU;107;237;0.00052253
808;0NC006012NCU;108;237;0.00066591
808;0NC006012NCU;109;237;0.00043039
808;0NC006012NCU;97;238;0.01220993
808;0NC006012NCU;98;238;0.00665089
808;0NC006012NCU;99;238;0.00029801
808;0NC006012NCU;100;238;0.00071376
808;0NC006012NCU;101;238;0.00045093
808;0NC006012NCU;97;239;0.01484552
808;0NC006012NCU;98;239;0.00038118
808;0NC006012NCU;99;239;0.00042678
808;0NC006012NCU;94;240;0.00025120
808;0NC006012NCU;95;240;0.00788598
808;0NC006012NCU;97;240;0.01655239
808;0NC006012NCU;95;241;0.00326017
808;0NC006012NCU;96;241;0.03877062
808;0NC006012NCU;97;241;0.00153206
808;0NC006012NCU;96;242;0.02657977
808;0NC006012NCU;96;243;0.02718666
808;0NC006012NCU;96;244;0.03118863
808;0NC006012NCU;96;245;0.03867427
808;0NC006012NCU;97;245;0.01315962
808;0NC006012NCU;98;245;0.00285609
808;0NC006012NCU;99;245;0.00069040
808;0NC006012NCU;96;246;0.00544777
808;0NC006012NCU;97;246;0.05427860
808;0NC006012NCU;98;246;0.04303070
808;0NC006012NCU;99;246;0.00302690
808;0NC006012NCU;98;247;0.00660332
808;0NC006012NCU;99;247;0.04495974
808;0NC006012NCU;99;248;0.04559476
808;0NC006012NCU;100;248;0.00706763
808;0NC006012NCU;101;248;0.00898102
808;0NC006012NCU;102;248;0.00442793
808;0NC006012NCU;105;248;0.00037491
808;0NC006012NCU;106;248;0.00772211
808;0NC006012NCU;108;248;0.00199097
808;0NC006012NCU;98;249;0.02879222
808;0NC006012NCU;99;249;0.02170464
808;0NC006012NCU;100;249;0.00509333
808;0NC006012NCU;102;249;0.01010726
808;0NC006012NCU;103;249;0.00782572
808;0NC006012NCU;104;249;0.00996177
808;0NC006012NCU;105;249;0.00867959
808;0NC006012NCU;106;249;0.00210783
808;0NC006012NCU;107;249;0.01157802
808;0NC006012NCU;108;249;0.00998297
808;0NC006012NCU;98;250;0.02537612
808;0NC006012NCU;102;250;0.00275379
808;0NC006012NCU;103;250;0.00245856
808;0NC006012NCU;108;250;0.00058448
808;0NC006012NCU;98;251;0.02164830
808;0NC006012NCU;107;251;0.00000360
808;0NC006012NCU;108;251;0.00011059
808;0NC006012NCU;98;252;0.02463072
808;0NC006012NCU;107;252;0.00001691
808;0NC006012NCU;97;253;0.00099481
808;0NC006012NCU;98;253;0.02072184
808;0NC006012NCU;107;253;0.00001684
808;0NC006012NCU;97;254;0.01308299
808;0NC006012NCU;98;254;0.00008962
808;0NC006012NCU;107;254;0.00001634
808;0NC006012NCU;97;255;0.00501546
808;0NC006012NCU;98;255;0.01234776
808;0NC006012NCU;102;255;0.00003822
808;0NC006012NCU;103;255;0.00040118
808;0NC006012NCU;104;255;0.00039844
808;0NC006012NCU;107;255;0.00001661
808;0NC006012NCU;98;256;0.01433746
808;0NC006012NCU;99;256;0.00033659
808;0NC006012NCU;102;256;0.00039489
808;0NC006012NCU;104;256;0.00021854
808;0NC006012NCU;105;256;0.00038967
808;0NC006012NCU;106;256;0.00038260
808;0NC006012NCU;107;256;0.00044858
808;0NC006012NCU;108;256;0.00000024
808;0NC006012NCU;98;257;0.00880368
808;0NC006012NCU;99;257;0.00795046
808;0NC006012NCU;101;257;0.00017516
808;0NC006012NCU;102;257;0.00019828
808;0NC006012NCU;108;257;0.00035894
808;0NC006012NCU;99;258;0.01304138
808;0NC006012NCU;101;258;0.00037345
808;0NC006012NCU;108;258;0.00028770
808;0NC006012NCU;109;258;0.00039926
808;0NC006012NCU;110;258;0.00000454
808;0NC006012NCU;99;259;0.01272798
808;0NC006012NCU;100;259;0.00955127
808;0NC006012NCU;101;259;0.00015671
808;0NC006012NCU;110;259;0.00050845
808;0NC006012NCU;100;260;0.01421511
808;0NC006012NCU;110;260;0.00001911
808;0NC006012NCU;111;260;0.00035329
808;0NC006012NCU;100;261;0.00431716
808;0NC006012NCU;101;261;0.01661503
808;0NC006012NCU;111;261;0.00014305
808;0NC006012NCU;101;262;0.01350900
808;0NC006012NCU;100;263;0.00594222
808;0NC006012NCU;101;263;0.00969354
808;0NC006012NCU;100;264;0.00275511
808;0SF0060480BA;136;170;0.00569997
808;0SF0060480BA;137;170;0.03833377
808;0SF0060480BA;134;171;0.00467323
808;0SF0060480BA;135;171;0.08688139
808;0SF0060480BA;136;171;0.03024210
808;0SF0060480BA;137;171;0.02458251
808;0SF0060480BA;133;172;0.03399027
808;0SF0060480BA;134;172;0.04589907
808;0SF0060480BA;135;172;0.07181464
808;0SF0060480BA;136;172;0.00000201
808;0SF0060480BA;137;172;0.02446579
808;0SF0060480BA;131;173;0.02162676
808;0SF0060480BA;132;173;0.04650136
808;0SF0060480BA;133;173;0.01286103
808;0SF0060480BA;134;173;0.05313931
808;0SF0060480BA;135;173;0.05825219
808;0SF0060480BA;137;173;0.02446579
808;0SF0060480BA;135;174;0.00992236
808;0SF0060480BA;136;174;0.05427334
808;0SF0060480BA;137;174;0.02672778
808;0SF0060480BA;142;174;0.00028220
808;0SF0060480BA;143;174;0.00032468
808;0SF0060480BA;135;175;0.00340795
808;0SF0060480BA;136;175;0.02909259
808;0SF0060480BA;137;175;0.10547458
808;0SF0060480BA;138;175;0.03209259
808;0SF0060480BA;139;175;0.00153007
808;0SF0060480BA;140;175;0.00206450
808;0SF0060480BA;141;175;0.00062058
808;0SF0060480BA;142;175;0.00061579
808;0SF0060480BA;136;176;0.00134745
808;0SF0060480BA;137;176;0.00017451
808;0SF0060480BA;138;176;0.06086841
808;0SF0060480BA;139;176;0.03623485
808;0SF0060480BA;140;176;0.01177744
808;0SF0060480BA;141;176;0.00191173
808;0SF0060480BA;137;177;0.00004045
808;0SF0060480BA;138;177;0.00000152
808;0SF0060480BA;139;177;0.03337242
808;0SF0060480BA;140;177;0.00015883
808;0SF0060480BA;141;177;0.00011903
808;0SF0060480BA;139;178;0.00413316
808;SJV006024SJU;165;138;0.01047047
808;SJV006024SJU;164;139;0.00391663
808;SJV006024SJU;165;139;0.00727263
808;SJV006024SJU;166;139;0.00009133
808;SJV006024SJU;163;140;0.00287721
808;SJV006024SJU;164;140;0.01035711
808;SJV006024SJU;168;140;0.00007845
808;SJV006024SJU;169;140;0.00004664
808;SJV006024SJU;162;141;0.00008370
808;SJV006024SJU;163;141;0.01043752
808;SJV006024SJU;164;141;0.00092951
808;SJV006024SJU;167;141;0.00027105
808;SJV006024SJU;168;141;0.00073917
808;SJV006024SJU;169;141;0.00190848
808;SJV006024SJU;162;142;0.01038221
808;SJV006024SJU;163;142;0.00002276
808;SJV006024SJU;164;142;0.00099122
808;SJV006024SJU;166;142;0.00055224
808;SJV006024SJU;167;142;0.00009097
808;SJV006024SJU;168;142;0.00003158
808;SJV006024SJU;169;142;0.00318771
808;SJV006024SJU;156;143;0.00029830
808;SJV006024SJU;159;143;0.00239277
808;SJV006024SJU;160;143;0.00460172
808;SJV006024SJU;161;143;0.01080736
808;SJV006024SJU;162;143;0.00764650
808;SJV006024SJU;163;143;0.00477039
808;SJV006024SJU;164;143;0.01054944
808;SJV006024SJU;165;143;0.00663626
808;SJV006024SJU;166;143;0.00536309
808;SJV006024SJU;167;143;0.00646164
808;SJV006024SJU;168;143;0.00631357
808;SJV006024SJU;169;143;0.00698986
808;SJV006024SJU;170;143;0.00644373
808;SJV006024SJU;171;143;0.00499032
808;SJV006024SJU;156;144;0.00233811
808;SJV006024SJU;157;144;0.00470421
808;SJV006024SJU;158;144;0.00540705
808;SJV006024SJU;159;144;0.00252449
808;SJV006024SJU;160;144;0.00581884
808;SJV006024SJU;161;144;0.00993168
808;SJV006024SJU;162;144;0.00327776
808;SJV006024SJU;163;144;0.00501440
808;SJV006024SJU;164;144;0.00621334
808;SJV006024SJU;165;144;0.00196444
808;SJV006024SJU;166;144;0.00195695
808;SJV006024SJU;167;144;0.00226942
808;SJV006024SJU;168;144;0.00011584
808;SJV006024SJU;169;144;0.00000694
808;SJV006024SJU;171;144;0.00221007
808;SJV006024SJU;172;144;0.00582457
808;SJV006024SJU;160;145;0.01351679
808;SJV006024SJU;161;145;0.00021611
808;SJV006024SJU;162;145;0.00131267
808;SJV006024SJU;164;145;0.00335591
808;SJV006024SJU;167;145;0.00078398
808;SJV006024SJU;170;145;0.00003737
808;SJV006024SJU;171;145;0.00009459
808;SJV006024SJU;172;145;0.00657960
808;SJV006024SJU;173;145;0.00020026
808;SJV006024SJU;174;145;0.00021860
808;SJV006024SJU;159;146;0.00527402
808;SJV006024SJU;160;146;0.00772965
808;SJV006024SJU;161;146;0.00111016
808;SJV006024SJU;164;146;0.00340413
808;SJV006024SJU;167;146;0.00079238
808;SJV006024SJU;168;146;0.00029574
808;SJV006024SJU;172;146;0.00651649
808;SJV006024SJU;174;146;0.00030295
808;SJV006024SJU;175;146;0.01141957
808;SJV006024SJU;176;146;0.02857696
808;SJV006024SJU;177;146;0.00000132
808;SJV006024SJU;178;146;0.00034195
808;SJV006024SJU;159;147;0.01030474
808;SJV006024SJU;160;147;0.00215627
808;SJV006024SJU;161;147;0.00196060
808;SJV006024SJU;164;147;0.00336584
808;SJV006024SJU;168;147;0.00077386
808;SJV006024SJU;169;147;0.00080273
808;SJV006024SJU;170;147;0.00099451
808;SJV006024SJU;171;147;0.00043944
808;SJV006024SJU;172;147;0.00711072
808;SJV006024SJU;173;147;0.00346308
808;SJV006024SJU;174;147;0.01265840
808;SJV006024SJU;175;147;0.02754220
808;SJV006024SJU;176;147;0.00103157
808;SJV006024SJU;177;147;0.00048820
808;SJV006024SJU;178;147;0.00105371
808;SJV006024SJU;159;148;0.00809128
808;SJV006024SJU;160;148;0.00351959
808;SJV006024SJU;161;148;0.00287373
808;SJV006024SJU;164;148;0.00324819
808;SJV006024SJU;170;148;0.00043506
808;SJV006024SJU;172;148;0.00474135
808;SJV006024SJU;173;148;0.01021949
808;SJV006024SJU;174;148;0.02707647
808;SJV006024SJU;175;148;0.00205265
808;SJV006024SJU;176;148;0.00233710
808;SJV006024SJU;177;148;0.00180883
808;SJV006024SJU;178;148;0.00012243
808;SJV006024SJU;179;148;0.00018474
808;SJV006024SJU;180;148;0.00003979
808;SJV006024SJU;160;149;0.00104237
808;SJV006024SJU;161;149;0.00660217
808;SJV006024SJU;162;149;0.00351954
808;SJV006024SJU;164;149;0.00325204
808;SJV006024SJU;170;149;0.00114356
808;SJV006024SJU;171;149;0.00235545
808;SJV006024SJU;172;149;0.01756141
808;SJV006024SJU;173;149;0.02754514
808;SJV006024SJU;174;149;0.00334637
808;SJV006024SJU;175;149;0.00192752
808;SJV006024SJU;176;149;0.00150845
808;SJV006024SJU;177;149;0.00009341
808;SJV006024SJU;160;150;0.00121644
808;SJV006024SJU;161;150;0.00032166
808;SJV006024SJU;162;150;0.00337177
808;SJV006024SJU;163;150;0.00409270
808;SJV006024SJU;164;150;0.00779890
808;SJV006024SJU;165;150;0.00465253
808;SJV006024SJU;166;150;0.00460356
808;SJV006024SJU;167;150;0.00480669
808;SJV006024SJU;168;150;0.00421870
808;SJV006024SJU;169;150;0.00508596
808;SJV006024SJU;170;150;0.01952728
808;SJV006024SJU;171;150;0.03904264
808;SJV006024SJU;172;150;0.03964160
808;SJV006024SJU;173;150;0.00783498
808;SJV006024SJU;174;150;0.00425905
808;SJV006024SJU;175;150;0.00332524
808;SJV006024SJU;176;150;0.00239644
808;SJV006024SJU;177;150;0.00132714
808;SJV006024SJU;161;151;0.00141950
808;SJV006024SJU;162;151;0.00323074
808;SJV006024SJU;163;151;0.00238806
808;SJV006024SJU;164;151;0.00619458
808;SJV006024SJU;165;151;0.00237866
808;SJV006024SJU;166;151;0.00235068
808;SJV006024SJU;167;151;0.00303422
808;SJV006024SJU;168;151;0.01885677
808;SJV006024SJU;169;151;0.03246341
808;SJV006024SJU;170;151;0.02479103
808;SJV006024SJU;171;151;0.00994500
808;SJV006024SJU;172;151;0.00718124
808;SJV006024SJU;173;151;0.00303933
808;SJV006024SJU;174;151;0.00000832
808;SJV006024SJU;177;151;0.00115065
808;SJV006024SJU;178;151;0.00002386
808;SJV006024SJU;162;152;0.00218492
808;SJV006024SJU;163;152;0.00020615
808;SJV006024SJU;164;152;0.00490153
808;SJV006024SJU;165;152;0.00096282
808;SJV006024SJU;166;152;0.01544625
808;SJV006024SJU;167;152;0.02853822
808;SJV006024SJU;168;152;0.01118616
808;SJV006024SJU;169;152;0.01030147
808;SJV006024SJU;170;152;0.00122919
808;SJV006024SJU;171;152;0.00364747
808;SJV006024SJU;172;152;0.00290422
808;SJV006024SJU;173;152;0.00051997
808;SJV006024SJU;162;153;0.00121878
808;SJV006024SJU;163;153;0.00209997
808;SJV006024SJU;164;153;0.00702522
808;SJV006024SJU;165;153;0.00910131
808;SJV006024SJU;166;153;0.02546441
808;SJV006024SJU;167;153;0.00154118
808;SJV006024SJU;168;153;0.00709692
808;SJV006024SJU;169;153;0.00208839
808;SJV006024SJU;170;153;0.00210887
808;SJV006024SJU;171;153;0.00429137
808;SJV006024SJU;172;153;0.00009489
808;SJV006024SJU;173;153;0.00145100
808;SJV006024SJU;174;153;0.00017007
808;SJV006024SJU;175;153;0.00008507
808;SJV006024SJU;164;154;0.00279241
808;SJV006024SJU;165;154;0.02588279
808;SJV006024SJU;166;154;0.00440427
808;SJV006024SJU;167;154;0.00511910
808;SJV006024SJU;168;154;0.00080276
808;SJV006024SJU;169;154;0.00430590
808;SJV006024SJU;170;154;0.00043902
808;SJV006024SJU;171;154;0.00137207
808;SJV006024SJU;172;154;0.00013736
808;SJV006024SJU;173;154;0.00138922
808;SJV006024SJU;175;154;0.00008500
808;SJV006024SJU;176;154;0.00011145
808;SJV006024SJU;166;155;0.00170097
808;SJV006024SJU;167;155;0.00139161
808;SJV006024SJU;168;155;0.00420778
808;SJV006024SJU;169;155;0.00029520
808;SJV006024SJU;170;155;0.00042732
808;SJV006024SJU;171;155;0.00101608
808;SJV006024SJU;172;155;0.00119409
808;SJV006024SJU;173;155;0.00137933
808;SJV006024SJU;168;156;0.00030528
808;SJV006024SJU;169;156;0.00021278
808;SJV006024SJU;170;156;0.00035403
808;SJV006024SJU;171;156;0.00051762
808;SJV006024SJU;172;156;0.00040469
808;SJV006024SJU;173;156;0.00284746
808;SJV006024SJU;174;156;0.00025738
808;SJV006024SJU;175;156;0.00022402
808;SJV006024SJU;171;157;0.00026451
808;SJV006024SJU;173;157;0.00181183
808;SJV006024SJU;173;158;0.00104463
808;0NC0060490NS;117;178;0.00020912
808;0NC0060490NS;118;178;0.00363045
808;0NC0060490NS;119;178;0.00501459
808;0NC0060490NS;120;178;0.00343592
808;0NC0060490NS;117;179;0.00334092
808;0NC0060490NS;119;179;0.00954997
808;0NC0060490NS;120;179;0.00677484
808;0NC0060490NS;117;180;0.00292909
808;0NC0060490NS;120;180;0.00041390
808;0NC0060490NS;116;181;0.00627288
808;0NC0060490NS;117;181;0.00348661
808;0NC0060490NS;119;181;0.00858262
808;0NC0060490NS;120;181;0.00615417
808;0NC0060490NS;121;181;0.00351575
808;0NC0060490NS;115;182;0.00492190
808;0NC0060490NS;116;182;0.01287221
808;0NC0060490NS;117;182;0.01071148
808;0NC0060490NS;118;182;0.01723351
808;0NC0060490NS;119;182;0.00640086
808;0NC0060490NS;120;182;0.00813734
808;0NC0060490NS;121;182;0.01651397
808;0NC0060490NS;114;183;0.01190042
808;0NC0060490NS;115;183;0.00901995
808;0NC0060490NS;118;183;0.00208249
808;0NC0060490NS;119;183;0.01286179
808;0NC0060490NS;120;183;0.01027499
808;0NC0060490NS;121;183;0.02517791
808;0NC0060490NS;122;183;0.00397818
808;0NC0060490NS;113;184;0.00580851
808;0NC0060490NS;114;184;0.00177916
808;0NC0060490NS;121;184;0.00131306
808;0NC0060490NS;122;184;0.00264567
808;0NC0060490NS;121;185;0.00131306
808;0NC0060490NS;122;185;0.19532013
808;0NC0060490NS;121;186;0.08034644
808;0NC0060490NS;122;186;0.09465018
808;0NC0060490NS;124;186;0.00744872
808;0NC0060490NS;125;186;0.02664120
808;0NC0060490NS;126;186;0.01832560
808;0NC0060490NS;121;187;0.06786728
808;0NC0060490NS;122;187;0.01441689
808;0NC0060490NS;123;187;0.02611035
808;0NC0060490NS;124;187;0.01919249
808;0NC0060490NS;121;188;0.07526976
808;0NC0060490NS;120;189;0.04126965
808;0NC0060490NS;121;189;0.00920963
808;0NC0060490NS;119;190;0.04241251
808;0NC0060490NS;120;190;0.01101523
808;0NC0060490NS;118;191;0.00897870
808;0NC0060490NS;119;191;0.02961385
808;0NC0060490NS;118;192;0.00365413
808;0LT006031PLA;179;197;0.00181041
808;0LT006031PLA;178;198;0.00011474
808;0LT006031PLA;179;198;0.09808400
808;0LT006031PLA;178;199;0.00075948
808;0LT006031PLA;179;199;0.08592061
808;0LT006031PLA;177;200;0.00010284
808;0LT006031PLA;178;200;0.04226112
808;0LT006031PLA;179;200;0.16211267
808;0LT006031PLA;178;201;0.00717010
808;0LT006031PLA;179;201;0.04044073
808;0LT006031PLA;180;201;0.13529169
808;0LT006031PLA;180;202;0.07372906
808;0LT006031PLA;181;202;0.20962475
808;0LT006031PLA;182;202;0.08358166
808;0LT006031PLA;180;203;0.00348157
808;0LT006031PLA;181;203;0.05551459
808;0MC006031PLA;160;194;0.00087696
808;0MC006031PLA;161;194;0.01781072
808;0MC006031PLA;162;194;0.00935253
808;0MC006031PLA;160;195;0.00717019
808;0MC006031PLA;161;195;0.10351362
808;0MC006031PLA;162;195;0.01995941
808;0MC006031PLA;163;195;0.00220626
808;0MC006031PLA;161;196;0.10747537
808;0MC006031PLA;162;196;0.00750052
808;0MC006031PLA;163;196;0.01493083
808;0MC006031PLA;164;196;0.01671064
808;0MC006031PLA;165;196;0.01058329
808;0MC006031PLA;161;197;0.00275969
808;0MC006031PLA;162;197;0.07601383
808;0MC006031PLA;165;197;0.00345449
808;0MC006031PLA;166;197;0.00657634
808;0MC006031PLA;162;198;0.07231573
808;0MC006031PLA;166;198;0.00210351
808;0MC006031PLA;167;198;0.00156712
808;0MC006031PLA;162;199;0.06926266
808;0MC006031PLA;163;199;0.00760442
808;0MC006031PLA;167;199;0.00037534
808;0MC006031PLA;168;199;0.00001263
808;0MC006031PLA;163;200;0.04879650
808;0MC006031PLA;164;200;0.03826608
808;0MC006031PLA;168;200;0.00005268
808;0MC006031PLA;169;200;0.00003637
808;0MC006031PLA;170;200;0.00004618
808;0MC006031PLA;171;200;0.00004618
808;0MC006031PLA;172;200;0.00004351
808;0MC006031PLA;164;201;0.02913601
808;0MC006031PLA;165;201;0.05904698
808;0MC006031PLA;166;201;0.00746326
808;0MC006031PLA;169;201;0.00001375
808;0MC006031PLA;166;202;0.06668615
808;0MC006031PLA;166;203;0.00098982
808;0MC006031PLA;167;203;0.07155327
808;0MC006031PLA;168;203;0.00811540
808;0MC006031PLA;168;204;0.05721292
808;0MC006031PLA;169;204;0.02171107
808;0MC006031PLA;170;204;0.01608952
808;0MC006031PLA;171;204;0.01455824
808;0LT0060090ED;182;190;0.01305234
808;0LT0060090ED;183;190;0.00761232
808;0LT0060090ED;181;191;0.02390617
808;0LT0060090ED;182;191;0.01518110
808;0LT0060090ED;181;192;0.01327995
808;0LT0060090ED;182;192;0.08424125
808;0LT0060090ED;181;193;0.01236908
808;0LT0060090ED;182;193;0.12994875
808;0LT0060090ED;183;193;0.06327378
808;0LT0060090ED;180;194;0.05159947
808;0LT0060090ED;181;194;0.04372930
808;0LT0060090ED;182;194;0.13947438
808;0LT0060090ED;183;194;0.27515453
808;0LT0060090ED;180;195;0.03355870
808;0LT0060090ED;183;195;0.02297016
808;0LT0060090ED;179;196;0.01445497
808;0LT0060090ED;180;196;0.01941332
808;0LT0060090ED;179;197;0.02294809
808;0LT0060090ED;180;197;0.01383234
808;0SV0060480YS;146;173;0.00001607
808;0SV0060480YS;143;174;0.00000655
808;0SV0060480YS;144;174;0.00001358
808;0SV0060480YS;145;174;0.00001322
808;0SV0060480YS;146;174;0.00000347
808;0SV0060480YS;144;175;0.00000139
808;0SV0060480YS;144;176;0.00000139
808;0SV0060480YS;140;177;0.00000013
808;0SV0060480YS;141;177;0.00000024
808;0SV0060480YS;143;177;0.00000145
808;0SV0060480YS;144;177;0.00000046
808;0SV0060480YS;139;178;0.00041046
808;0SV0060480YS;140;178;0.00053860
808;0SV0060480YS;141;178;0.00000716
808;0SV0060480YS;142;178;0.00000037
808;0SV0060480YS;143;178;0.00000126
808;0SV0060480YS;139;179;0.00000269
808;0SV0060480YS;140;179;0.07976181
808;0SV0060480YS;141;179;0.02878800
808;0SV0060480YS;142;179;0.00000004
808;0SV0060480YS;143;179;0.00000065
808;0SV0060480YS;140;180;0.02821496
808;0SV0060480YS;141;180;0.16055386
808;0SV0060480YS;142;180;0.07254360
808;0SV0060480YS;143;180;0.00002651
808;0SV0060480YS;140;181;0.00712307
808;0SV0060480YS;141;181;0.02109178
808;0SV0060480YS;142;181;0.11663597
808;0SV0060480YS;143;181;0.11637200
808;0SV0060480YS;141;182;0.01979761
808;0SV0060480YS;143;182;0.07377153
808;0SV0060480YS;144;182;0.11508834
808;0SV0060480YS;138;183;0.00014233
808;0SV0060480YS;140;183;0.00067403
808;0SV0060480YS;141;183;0.01278027
808;0SV0060480YS;144;183;0.02659542
808;0SV0060480YS;145;183;0.11901973
808;SJV006015SJU;205;82;0.00032923
808;SJV006015SJU;206;82;0.00013687
808;SJV006015SJU;207;82;0.00066242
808;SJV006015SJU;208;82;0.00184533
808;SJV006015SJU;200;83;0.00000955
808;SJV006015SJU;201;83;0.00027665
808;SJV006015SJU;202;83;0.00029130
808;SJV006015SJU;203;83;0.00046093
808;SJV006015SJU;204;83;0.00046048
808;SJV006015SJU;205;83;0.00033509
808;SJV006015SJU;206;83;0.00055535
808;SJV006015SJU;207;83;0.00050258
808;SJV006015SJU;208;83;0.01295417
808;SJV006015SJU;197;84;0.00016233
808;SJV006015SJU;198;84;0.00000274
808;SJV006015SJU;199;84;0.00009316
808;SJV006015SJU;200;84;0.00015375
808;SJV006015SJU;207;84;0.00762635
808;SJV006015SJU;208;84;0.00710221
808;SJV006015SJU;196;85;0.00024041
808;SJV006015SJU;197;85;0.00004838
808;SJV006015SJU;207;85;0.01235052
808;SJV006015SJU;194;86;0.00000868
808;SJV006015SJU;195;86;0.00075376
808;SJV006015SJU;196;86;0.00010964
808;SJV006015SJU;206;86;0.00368056
808;SJV006015SJU;207;86;0.00752977
808;SJV006015SJU;194;87;0.00000080
808;SJV006015SJU;195;87;0.00031899
808;SJV006015SJU;196;87;0.00045237
808;SJV006015SJU;206;87;0.01244000
808;SJV006015SJU;207;87;0.00127699
808;SJV006015SJU;208;87;0.00020597
808;SJV006015SJU;196;88;0.00051556
808;SJV006015SJU;205;88;0.00020734
808;SJV006015SJU;206;88;0.01180263
808;SJV006015SJU;207;88;0.00041130
808;SJV006015SJU;208;88;0.00017308
808;SJV006015SJU;196;89;0.00083587
808;SJV006015SJU;197;89;0.00028003
808;SJV006015SJU;198;89;0.00028003
808;SJV006015SJU;199;89;0.00033850
808;SJV006015SJU;200;89;0.00046711
808;SJV006015SJU;201;89;0.00046711
808;SJV006015SJU;202;89;0.00055587
808;SJV006015SJU;203;89;0.00021158
808;SJV006015SJU;204;89;0.00038577
808;SJV006015SJU;205;89;0.00656066
808;SJV006015SJU;206;89;0.00594095
808;SJV006015SJU;207;89;0.00070165
808;SJV006015SJU;208;89;0.00024280
808;SJV006015SJU;195;90;0.00034413
808;SJV006015SJU;196;90;0.00105612
808;SJV006015SJU;197;90;0.00025434
808;SJV006015SJU;198;90;0.00029885
808;SJV006015SJU;199;90;0.00025079
808;SJV006015SJU;200;90;0.00025080
808;SJV006015SJU;201;90;0.00025083
808;SJV006015SJU;202;90;0.00043236
808;SJV006015SJU;203;90;0.00049573
808;SJV006015SJU;204;90;0.00581854
808;SJV006015SJU;205;90;0.00524931
808;SJV006015SJU;206;90;0.00176465
808;SJV006015SJU;207;90;0.00097076
808;SJV006015SJU;208;90;0.00065404
808;SJV006015SJU;194;91;0.00032782
808;SJV006015SJU;195;91;0.00265256
808;SJV006015SJU;196;91;0.00017422
808;SJV006015SJU;197;91;0.00008436
808;SJV006015SJU;198;91;0.00007795
808;SJV006015SJU;199;91;0.00002129
808;SJV006015SJU;200;91;0.00001017
808;SJV006015SJU;202;91;0.00000113
808;SJV006015SJU;203;91;0.00546601
808;SJV006015SJU;204;91;0.00098305
808;SJV006015SJU;205;91;0.00627758
808;SJV006015SJU;206;91;0.00010978
808;SJV006015SJU;207;91;0.00065926
808;SJV006015SJU;208;91;0.00047415
808;SJV006015SJU;193;92;0.00049337
808;SJV006015SJU;194;92;0.00044150
808;SJV006015SJU;195;92;0.00288201
808;SJV006015SJU;200;92;0.00000338
808;SJV006015SJU;201;92;0.00000509
808;SJV006015SJU;202;92;0.00490560
808;SJV006015SJU;203;92;0.00138821
808;SJV006015SJU;204;92;0.00006052
808;SJV006015SJU;205;92;0.00630509
808;SJV006015SJU;207;92;0.00069199
808;SJV006015SJU;208;92;0.00050211
808;SJV006015SJU;209;92;0.00001130
808;SJV006015SJU;192;93;0.00033666
808;SJV006015SJU;193;93;0.00029763
808;SJV006015SJU;195;93;0.00094103
808;SJV006015SJU;196;93;0.00230832
808;SJV006015SJU;197;93;0.00006398
808;SJV006015SJU;200;93;0.00001725
808;SJV006015SJU;201;93;0.00403558
808;SJV006015SJU;202;93;0.00243559
808;SJV006015SJU;203;93;0.00025925
808;SJV006015SJU;204;93;0.00031958
808;SJV006015SJU;205;93;0.00820902
808;SJV006015SJU;206;93;0.00158568
808;SJV006015SJU;207;93;0.00219452
808;SJV006015SJU;208;93;0.00284032
808;SJV006015SJU;209;93;0.00126253
808;SJV006015SJU;210;93;0.00051865
808;SJV006015SJU;211;93;0.00036373
808;SJV006015SJU;191;94;0.00008781
808;SJV006015SJU;192;94;0.00016438
808;SJV006015SJU;195;94;0.00059811
808;SJV006015SJU;197;94;0.00223182
808;SJV006015SJU;198;94;0.00092429
808;SJV006015SJU;200;94;0.00338798
808;SJV006015SJU;201;94;0.00240941
808;SJV006015SJU;202;94;0.00064632
808;SJV006015SJU;203;94;0.00037904
808;SJV006015SJU;204;94;0.00345447
808;SJV006015SJU;205;94;0.00740878
808;SJV006015SJU;206;94;0.00215413
808;SJV006015SJU;207;94;0.00277488
808;SJV006015SJU;208;94;0.00312621
808;SJV006015SJU;209;94;0.00105327
808;SJV006015SJU;210;94;0.00001949
808;SJV006015SJU;211;94;0.00018795
808;SJV006015SJU;212;94;0.00054155
808;SJV006015SJU;214;94;0.00126923
808;SJV006015SJU;190;95;0.00002582
808;SJV006015SJU;191;95;0.00023897
808;SJV006015SJU;194;95;0.00016754
808;SJV006015SJU;195;95;0.00033649
808;SJV006015SJU;198;95;0.00128562
808;SJV006015SJU;199;95;0.00620891
808;SJV006015SJU;200;95;0.00458791
808;SJV006015SJU;201;95;0.00159496
808;SJV006015SJU;202;95;0.00302729
808;SJV006015SJU;203;95;0.00535244
808;SJV006015SJU;204;95;0.02140300
808;SJV006015SJU;205;95;0.00403446
808;SJV006015SJU;206;95;0.00209515
808;SJV006015SJU;207;95;0.00212066
808;SJV006015SJU;208;95;0.00209354
808;SJV006015SJU;209;95;0.00036579
808;SJV006015SJU;210;95;0.00048792
808;SJV006015SJU;211;95;0.00303462
808;SJV006015SJU;212;95;0.00295869
808;SJV006015SJU;213;95;0.00339410
808;SJV006015SJU;214;95;0.00059416
808;SJV006015SJU;187;96;0.00001467
808;SJV006015SJU;188;96;0.00002441
808;SJV006015SJU;189;96;0.00002352
808;SJV006015SJU;190;96;0.00000014
808;SJV006015SJU;191;96;0.00023390
808;SJV006015SJU;194;96;0.00018247
808;SJV006015SJU;195;96;0.00034825
808;SJV006015SJU;198;96;0.00343613
808;SJV006015SJU;199;96;0.00468530
808;SJV006015SJU;201;96;0.00001648
808;SJV006015SJU;202;96;0.00677923
808;SJV006015SJU;203;96;0.01315028
808;SJV006015SJU;204;96;0.03136871
808;SJV006015SJU;205;96;0.00447705
808;SJV006015SJU;206;96;0.00063725
808;SJV006015SJU;207;96;0.00232682
808;SJV006015SJU;208;96;0.00195832
808;SJV006015SJU;209;96;0.00179869
808;SJV006015SJU;210;96;0.00326664
808;SJV006015SJU;213;96;0.00004466
808;SJV006015SJU;214;96;0.00005634
808;SJV006015SJU;186;97;0.00000398
808;SJV006015SJU;187;97;0.00000521
808;SJV006015SJU;190;97;0.00005808
808;SJV006015SJU;191;97;0.00012209
808;SJV006015SJU;192;97;0.00007731
808;SJV006015SJU;194;97;0.00054464
808;SJV006015SJU;196;97;0.00000527
808;SJV006015SJU;197;97;0.00555331
808;SJV006015SJU;198;97;0.00340400
808;SJV006015SJU;199;97;0.00244261
808;SJV006015SJU;200;97;0.00192152
808;SJV006015SJU;201;97;0.00372841
808;SJV006015SJU;202;97;0.02000334
808;SJV006015SJU;203;97;0.02889313
808;SJV006015SJU;204;97;0.04942123
808;SJV006015SJU;205;97;0.02063224
808;SJV006015SJU;206;97;0.01577097
808;SJV006015SJU;207;97;0.00877450
808;SJV006015SJU;208;97;0.00470915
808;SJV006015SJU;209;97;0.00158018
808;SJV006015SJU;190;98;0.00024494
808;SJV006015SJU;191;98;0.00008368
808;SJV006015SJU;192;98;0.00011337
808;SJV006015SJU;193;98;0.00034184
808;SJV006015SJU;194;98;0.00082321
808;SJV006015SJU;195;98;0.00069793
808;SJV006015SJU;196;98;0.00735466
808;SJV006015SJU;197;98;0.00200490
808;SJV006015SJU;198;98;0.00063171
808;SJV006015SJU;199;98;0.00204951
808;SJV006015SJU;200;98;0.00089485
808;SJV006015SJU;201;98;0.00289400
808;SJV006015SJU;202;98;0.01169577
808;SJV006015SJU;203;98;0.01775288
808;SJV006015SJU;204;98;0.04103541
808;SJV006015SJU;205;98;0.02503782
808;SJV006015SJU;206;98;0.01661314
808;SJV006015SJU;207;98;0.00628950
808;SJV006015SJU;208;98;0.00165741
808;SJV006015SJU;209;98;0.00000103
808;SJV006015SJU;189;99;0.00010627
808;SJV006015SJU;190;99;0.00015269
808;SJV006015SJU;194;99;0.00100445
808;SJV006015SJU;195;99;0.00699900
808;SJV006015SJU;196;99;0.00117288
808;SJV006015SJU;197;99;0.00058007
808;SJV006015SJU;198;99;0.00057732
808;SJV006015SJU;199;99;0.00197722
808;SJV006015SJU;200;99;0.00246849
808;SJV006015SJU;201;99;0.00695044
808;SJV006015SJU;202;99;0.00918812
808;SJV006015SJU;203;99;0.02627195
808;SJV006015SJU;204;99;0.01441949
808;SJV006015SJU;205;99;0.00277961
808;SJV006015SJU;206;99;0.00130971
808;SJV006015SJU;207;99;0.00087406
808;SJV006015SJU;208;99;0.00148678
808;SJV006015SJU;209;99;0.00056629
808;SJV006015SJU;189;100;0.00029037
808;SJV006015SJU;193;100;0.00161799
808;SJV006015SJU;194;100;0.00683892
808;SJV006015SJU;197;100;0.00031740
808;SJV006015SJU;198;100;0.00005935
808;SJV006015SJU;199;100;0.00216127
808;SJV006015SJU;200;100;0.00228234
808;SJV006015SJU;201;100;0.00077531
808;SJV006015SJU;202;100;0.01312883
808;SJV006015SJU;203;100;0.00549509
808;SJV006015SJU;204;100;0.00080830
808;SJV006015SJU;206;100;0.00007851
808;SJV006015SJU;207;100;0.00007593
808;SJV006015SJU;209;100;0.00016405
808;SJV006015SJU;210;100;0.00062900
808;SJV006015SJU;211;100;0.00024094
808;SJV006015SJU;188;101;0.00021616
808;SJV006015SJU;189;101;0.00043878
808;SJV006015SJU;190;101;0.00019287
808;SJV006015SJU;191;101;0.00019472
808;SJV006015SJU;192;101;0.00177432
808;SJV006015SJU;193;101;0.00648629
808;SJV006015SJU;194;101;0.00056054
808;SJV006015SJU;195;101;0.00035232
808;SJV006015SJU;196;101;0.00047068
808;SJV006015SJU;197;101;0.00087185
808;SJV006015SJU;198;101;0.00136231
808;SJV006015SJU;199;101;0.00509922
808;SJV006015SJU;200;101;0.00227067
808;SJV006015SJU;201;101;0.01506757
808;SJV006015SJU;202;101;0.00232806
808;SJV006015SJU;203;101;0.00125188
808;SJV006015SJU;204;101;0.00000819
808;SJV006015SJU;205;101;0.00022896
808;SJV006015SJU;209;101;0.00006463
808;SJV006015SJU;210;101;0.00021008
808;SJV006015SJU;211;101;0.00054032
808;SJV006015SJU;212;101;0.00019571
808;SJV006015SJU;181;102;0.00000181
808;SJV006015SJU;182;102;0.00000200
808;SJV006015SJU;187;102;0.00009037
808;SJV006015SJU;188;102;0.00006859
808;SJV006015SJU;189;102;0.00018511
808;SJV006015SJU;191;102;0.00076080
808;SJV006015SJU;192;102;0.00682445
808;SJV006015SJU;194;102;0.00023464
808;SJV006015SJU;197;102;0.00138663
808;SJV006015SJU;198;102;0.00201891
808;SJV006015SJU;199;102;0.00054088
808;SJV006015SJU;200;102;0.00634353
808;SJV006015SJU;201;102;0.00445171
808;SJV006015SJU;202;102;0.00008608
808;SJV006015SJU;203;102;0.00105691
808;SJV006015SJU;205;102;0.00008073
808;SJV006015SJU;206;102;0.00011884
808;SJV006015SJU;210;102;0.00001045
808;SJV006015SJU;211;102;0.00010286
808;SJV006015SJU;212;102;0.00049808
808;SJV006015SJU;213;102;0.00046867
808;SJV006015SJU;182;103;0.00000438
808;SJV006015SJU;183;103;0.00000648
808;SJV006015SJU;184;103;0.00000271
808;SJV006015SJU;186;103;0.00009335
808;SJV006015SJU;187;103;0.00006684
808;SJV006015SJU;189;103;0.00018513
808;SJV006015SJU;191;103;0.00732152
808;SJV006015SJU;194;103;0.00021918
808;SJV006015SJU;196;103;0.00000771
808;SJV006015SJU;197;103;0.00294769
808;SJV006015SJU;198;103;0.00022206
808;SJV006015SJU;199;103;0.00125456
808;SJV006015SJU;200;103;0.01151284
808;SJV006015SJU;201;103;0.00000091
808;SJV006015SJU;203;103;0.00090865
808;SJV006015SJU;206;103;0.00014999
808;SJV006015SJU;212;103;0.00010438
808;SJV006015SJU;213;103;0.00024652
808;SJV006015SJU;214;103;0.00023034
808;SJV006015SJU;178;104;0.00000622
808;SJV006015SJU;179;104;0.00001148
808;SJV006015SJU;182;104;0.00025799
808;SJV006015SJU;183;104;0.00111641
808;SJV006015SJU;184;104;0.00108658
808;SJV006015SJU;185;104;0.00114714
808;SJV006015SJU;186;104;0.00112117
808;SJV006015SJU;187;104;0.00105647
808;SJV006015SJU;188;104;0.00140317
808;SJV006015SJU;189;104;0.00193245
808;SJV006015SJU;190;104;0.00690637
808;SJV006015SJU;191;104;0.00146287
808;SJV006015SJU;192;104;0.00085205
808;SJV006015SJU;193;104;0.00059815
808;SJV006015SJU;194;104;0.00067153
808;SJV006015SJU;195;104;0.00083983
808;SJV006015SJU;196;104;0.00094970
808;SJV006015SJU;197;104;0.00226129
808;SJV006015SJU;198;104;0.00121860
808;SJV006015SJU;199;104;0.00121081
808;SJV006015SJU;200;104;0.01059187
808;SJV006015SJU;201;104;0.00007262
808;SJV006015SJU;202;104;0.00001438
808;SJV006015SJU;203;104;0.00089178
808;SJV006015SJU;204;104;0.00003281
808;SJV006015SJU;205;104;0.00004506
808;SJV006015SJU;206;104;0.00019562
808;SJV006015SJU;207;104;0.00009129
808;SJV006015SJU;208;104;0.00008864
808;SJV006015SJU;212;104;0.00004482
808;SJV006015SJU;213;104;0.00008476
808;SJV006015SJU;181;105;0.00106417
808;SJV006015SJU;182;105;0.00089671
808;SJV006015SJU;185;105;0.00010836
808;SJV006015SJU;189;105;0.00159478
808;SJV006015SJU;190;105;0.00357583
808;SJV006015SJU;192;105;0.00020045
808;SJV006015SJU;195;105;0.00011717
808;SJV006015SJU;197;105;0.00079528
808;SJV006015SJU;198;105;0.00001832
808;SJV006015SJU;199;105;0.00001832
808;SJV006015SJU;200;105;0.00987838
808;SJV006015SJU;202;105;0.00002708
808;SJV006015SJU;203;105;0.00070845
808;SJV006015SJU;204;105;0.00000930
808;SJV006015SJU;206;105;0.00009274
808;SJV006015SJU;207;105;0.00000772
808;SJV006015SJU;208;105;0.00002391
808;SJV006015SJU;209;105;0.00010717
808;SJV006015SJU;210;105;0.00005021
808;SJV006015SJU;213;105;0.00003076
808;SJV006015SJU;214;105;0.00005723
808;SJV006015SJU;179;106;0.00069400
808;SJV006015SJU;180;106;0.00111096
808;SJV006015SJU;181;106;0.00008433
808;SJV006015SJU;182;106;0.00000202
808;SJV006015SJU;184;106;0.00008736
808;SJV006015SJU;185;106;0.00002002
808;SJV006015SJU;189;106;0.00517132
808;SJV006015SJU;192;106;0.00020087
808;SJV006015SJU;195;106;0.00012122
808;SJV006015SJU;197;106;0.00068537
808;SJV006015SJU;198;106;0.00033021
808;SJV006015SJU;199;106;0.00038088
808;SJV006015SJU;200;106;0.01028515
808;SJV006015SJU;201;106;0.00069882
808;SJV006015SJU;202;106;0.00006068
808;SJV006015SJU;203;106;0.00054018
808;SJV006015SJU;207;106;0.00010102
808;SJV006015SJU;208;106;0.00004082
808;SJV006015SJU;210;106;0.00005406
808;SJV006015SJU;211;106;0.00002061
808;SJV006015SJU;214;106;0.00000649
808;SJV006015SJU;178;107;0.00025985
808;SJV006015SJU;179;107;0.00044688
808;SJV006015SJU;182;107;0.00000516
808;SJV006015SJU;183;107;0.00002354
808;SJV006015SJU;184;107;0.00026889
808;SJV006015SJU;185;107;0.00015574
808;SJV006015SJU;186;107;0.00017539
808;SJV006015SJU;187;107;0.00020084
808;SJV006015SJU;188;107;0.00370187
808;SJV006015SJU;189;107;0.00159850
808;SJV006015SJU;192;107;0.00020091
808;SJV006015SJU;195;107;0.00010071
808;SJV006015SJU;197;107;0.00052597
808;SJV006015SJU;198;107;0.00054977
808;SJV006015SJU;199;107;0.00957914
808;SJV006015SJU;200;107;0.00080363
808;SJV006015SJU;201;107;0.00064513
808;SJV006015SJU;203;107;0.00054099
808;SJV006015SJU;208;107;0.00011626
808;SJV006015SJU;209;107;0.00004734
808;SJV006015SJU;210;107;0.00004309
808;SJV006015SJU;211;107;0.00014582
808;SJV006015SJU;212;107;0.00005209
808;SJV006015SJU;178;108;0.00000005
808;SJV006015SJU;180;108;0.00085741
808;SJV006015SJU;183;108;0.00020188
808;SJV006015SJU;185;108;0.00003606
808;SJV006015SJU;187;108;0.00037172
808;SJV006015SJU;188;108;0.00467305
808;SJV006015SJU;192;108;0.00025018
808;SJV006015SJU;193;108;0.00024525
808;SJV006015SJU;194;108;0.00024525
808;SJV006015SJU;195;108;0.00033552
808;SJV006015SJU;196;108;0.00033510
808;SJV006015SJU;197;108;0.00098403
808;SJV006015SJU;198;108;0.00115978
808;SJV006015SJU;199;108;0.01207407
808;SJV006015SJU;200;108;0.00159595
808;SJV006015SJU;201;108;0.00069377
808;SJV006015SJU;202;108;0.00088947
808;SJV006015SJU;203;108;0.00072993
808;SJV006015SJU;204;108;0.00006264
808;SJV006015SJU;205;108;0.00006526
808;SJV006015SJU;206;108;0.00006686
808;SJV006015SJU;207;108;0.00006509
808;SJV006015SJU;208;108;0.00002010
808;SJV006015SJU;211;108;0.00003032
808;SJV006015SJU;212;108;0.00004152
808;SJV006015SJU;213;108;0.00009380
808;SJV006015SJU;214;108;0.00001926
808;SJV006015SJU;180;109;0.00015540
808;SJV006015SJU;187;109;0.00088502
808;SJV006015SJU;192;109;0.00000539
808;SJV006015SJU;197;109;0.00012928
808;SJV006015SJU;198;109;0.00011059
808;SJV006015SJU;199;109;0.00348875
808;SJV006015SJU;200;109;0.00046155
808;SJV006015SJU;201;109;0.00031964
808;SJV006015SJU;202;109;0.00033468
808;SJV006015SJU;203;109;0.00028706
808;SJV006015SJU;209;109;0.00052691
808;0SC0060190SC;222;52;0.00004764
808;0SC0060190SC;219;53;0.00004957
808;0SC0060190SC;220;53;0.00005104
808;0SC0060190SC;221;53;0.00019696
808;0SC0060190SC;222;53;0.00078141
808;0SC0060190SC;223;53;0.00090179
808;0SC0060190SC;224;53;0.00021880
808;0SC0060190SC;219;54;0.00009285
808;0SC0060190SC;220;54;0.00028197
808;0SC0060190SC;221;54;0.00032282
808;0SC0060190SC;222;54;0.00353602
808;0SC0060190SC;223;54;0.00376535
808;0SC0060190SC;224;54;0.00424372
808;0SC0060190SC;225;54;0.00114052
808;0SC0060190SC;226;54;0.00143646
808;0SC0060190SC;219;55;0.00003552
808;0SC0060190SC;220;55;0.00068431
808;0SC0060190SC;221;55;0.00142508
808;0SC0060190SC;222;55;0.00407517
808;0SC0060190SC;223;55;0.00285462
808;0SC0060190SC;224;55;0.00749354
808;0SC0060190SC;225;55;0.00699700
808;0SC0060190SC;226;55;0.00524499
808;0SC0060190SC;227;55;0.00039703
808;0SC0060190SC;219;56;0.00016323
808;0SC0060190SC;220;56;0.00131860
808;0SC0060190SC;221;56;0.00242954
808;0SC0060190SC;222;56;0.00843425
808;0SC0060190SC;223;56;0.00759898
808;0SC0060190SC;224;56;0.00841229
808;0SC0060190SC;225;56;0.00094403
808;0SC0060190SC;226;56;0.00216631
808;0SC0060190SC;227;56;0.00103219
808;0SC0060190SC;219;57;0.00044873
808;0SC0060190SC;220;57;0.00465737
808;0SC0060190SC;221;57;0.00707637
808;0SC0060190SC;222;57;0.00996451
808;0SC0060190SC;223;57;0.00573969
808;0SC0060190SC;224;57;0.01051046
808;0SC0060190SC;225;57;0.00597065
808;0SC0060190SC;226;57;0.00768705
808;0SC0060190SC;227;57;0.00461410
808;0SC0060190SC;228;57;0.00313063
808;0SC0060190SC;218;58;0.00002582
808;0SC0060190SC;219;58;0.00131948
808;0SC0060190SC;220;58;0.00752417
808;0SC0060190SC;221;58;0.00553005
808;0SC0060190SC;222;58;0.00778814
808;0SC0060190SC;223;58;0.00243775
808;0SC0060190SC;224;58;0.00971119
808;0SC0060190SC;225;58;0.00452102
808;0SC0060190SC;226;58;0.00740359
808;0SC0060190SC;227;58;0.00832465
808;0SC0060190SC;228;58;0.00258331
808;0SC0060190SC;229;58;0.00034026
808;0SC0060190SC;218;59;0.00033367
808;0SC0060190SC;219;59;0.00365263
808;0SC0060190SC;220;59;0.00984499
808;0SC0060190SC;221;59;0.00161425
808;0SC0060190SC;222;59;0.00647110
808;0SC0060190SC;223;59;0.00483094
808;0SC0060190SC;224;59;0.00640090
808;0SC0060190SC;225;59;0.00200264
808;0SC0060190SC;226;59;0.01216556
808;0SC0060190SC;227;59;0.00269740
808;0SC0060190SC;228;59;0.00168425
808;0SC0060190SC;229;59;0.00031809
808;0SC0060190SC;230;59;0.00011162
808;0SC0060190SC;231;59;0.00072420
808;0SC0060190SC;210;60;0.00000187
808;0SC0060190SC;217;60;0.00034671
808;0SC0060190SC;218;60;0.00194019
808;0SC0060190SC;219;60;0.00647980
808;0SC0060190SC;220;60;0.00444929
808;0SC0060190SC;221;60;0.00236265
808;0SC0060190SC;222;60;0.00679788
808;0SC0060190SC;223;60;0.00388202
808;0SC0060190SC;224;60;0.00739370
808;0SC0060190SC;225;60;0.00861365
808;0SC0060190SC;226;60;0.00596184
808;0SC0060190SC;227;60;0.00413394
808;0SC0060190SC;228;60;0.00076764
808;0SC0060190SC;229;60;0.00066595
808;0SC0060190SC;230;60;0.00102347
808;0SC0060190SC;231;60;0.00102775
808;0SC0060190SC;232;60;0.00256563
808;0SC0060190SC;207;61;0.00029740
808;0SC0060190SC;208;61;0.00039909
808;0SC0060190SC;209;61;0.00047942
808;0SC0060190SC;210;61;0.00052702
808;0SC0060190SC;211;61;0.00049754
808;0SC0060190SC;212;61;0.00053410
808;0SC0060190SC;213;61;0.00059354
808;0SC0060190SC;214;61;0.00056910
808;0SC0060190SC;215;61;0.00065844
808;0SC0060190SC;216;61;0.00091421
808;0SC0060190SC;217;61;0.00323388
808;0SC0060190SC;218;61;0.00607024
808;0SC0060190SC;219;61;0.00712507
808;0SC0060190SC;220;61;0.00521065
808;0SC0060190SC;221;61;0.00555987
808;0SC0060190SC;222;61;0.01232669
808;0SC0060190SC;223;61;0.01229047
808;0SC0060190SC;224;61;0.01593683
808;0SC0060190SC;225;61;0.00859547
808;0SC0060190SC;226;61;0.00283333
808;0SC0060190SC;227;61;0.00668776
808;0SC0060190SC;228;61;0.00432615
808;0SC0060190SC;229;61;0.00602110
808;0SC0060190SC;230;61;0.00572903
808;0SC0060190SC;231;61;0.00499458
808;0SC0060190SC;232;61;0.00766048
808;0SC0060190SC;233;61;0.00260901
808;0SC0060190SC;234;61;0.00275968
808;0SC0060190SC;208;62;0.00002413
808;0SC0060190SC;209;62;0.00000539
808;0SC0060190SC;210;62;0.00005610
808;0SC0060190SC;211;62;0.00001200
808;0SC0060190SC;212;62;0.00012525
808;0SC0060190SC;213;62;0.00002758
808;0SC0060190SC;214;62;0.00009554
808;0SC0060190SC;215;62;0.00014353
808;0SC0060190SC;216;62;0.00017620
808;0SC0060190SC;217;62;0.00060242
808;0SC0060190SC;218;62;0.00710894
808;0SC0060190SC;219;62;0.00334798
808;0SC0060190SC;220;62;0.00534042
808;0SC0060190SC;221;62;0.00514084
808;0SC0060190SC;222;62;0.01399288
808;0SC0060190SC;223;62;0.01859797
808;0SC0060190SC;224;62;0.00955323
808;0SC0060190SC;225;62;0.00469376
808;0SC0060190SC;226;62;0.00403478
808;0SC0060190SC;227;62;0.00642929
808;0SC0060190SC;228;62;0.01013022
808;0SC0060190SC;229;62;0.00199595
808;0SC0060190SC;230;62;0.00103523
808;0SC0060190SC;231;62;0.00053427
808;0SC0060190SC;232;62;0.00111098
808;0SC0060190SC;233;62;0.00575731
808;0SC0060190SC;234;62;0.00274385
808;0SC0060190SC;235;62;0.00000065
808;0SC0060190SC;208;63;0.00000651
808;0SC0060190SC;209;63;0.00005221
808;0SC0060190SC;210;63;0.00011448
808;0SC0060190SC;211;63;0.00019299
808;0SC0060190SC;212;63;0.00025317
808;0SC0060190SC;213;63;0.00017067
808;0SC0060190SC;214;63;0.00006230
808;0SC0060190SC;215;63;0.00007472
808;0SC0060190SC;217;63;0.00346038
808;0SC0060190SC;218;63;0.00020547
808;0SC0060190SC;219;63;0.00067138
808;0SC0060190SC;220;63;0.00292998
808;0SC0060190SC;221;63;0.00682340
808;0SC0060190SC;222;63;0.00843054
808;0SC0060190SC;223;63;0.00856250
808;0SC0060190SC;224;63;0.00138951
808;0SC0060190SC;225;63;0.00408955
808;0SC0060190SC;226;63;0.00464057
808;0SC0060190SC;227;63;0.00377738
808;0SC0060190SC;228;63;0.00401580
808;0SC0060190SC;229;63;0.00527944
808;0SC0060190SC;230;63;0.00558806
808;0SC0060190SC;231;63;0.00523703
808;0SC0060190SC;232;63;0.00640990
808;0SC0060190SC;233;63;0.00634284
808;0SC0060190SC;234;63;0.00647743
808;0SC0060190SC;235;63;0.00153220
808;0SC0060190SC;209;64;0.00002357
808;0SC0060190SC;210;64;0.00354534
808;0SC0060190SC;211;64;0.00428690
808;0SC0060190SC;212;64;0.00464808
808;0SC0060190SC;213;64;0.00418243
808;0SC0060190SC;214;64;0.00028849
808;0SC0060190SC;215;64;0.00007182
808;0SC0060190SC;216;64;0.00001059
808;0SC0060190SC;217;64;0.00400254
808;0SC0060190SC;218;64;0.00066011
808;0SC0060190SC;219;64;0.00071908
808;0SC0060190SC;220;64;0.00488737
808;0SC0060190SC;221;64;0.00048393
808;0SC0060190SC;222;64;0.00899984
808;0SC0060190SC;223;64;0.00532547
808;0SC0060190SC;224;64;0.00360260
808;0SC0060190SC;225;64;0.00201380
808;0SC0060190SC;226;64;0.00145388
808;0SC0060190SC;227;64;0.00114212
808;0SC0060190SC;228;64;0.00542232
808;0SC0060190SC;229;64;0.00913764
808;0SC0060190SC;230;64;0.00713420
808;0SC0060190SC;231;64;0.00636756
808;0SC0060190SC;232;64;0.00683888
808;0SC0060190SC;233;64;0.00463995
808;0SC0060190SC;234;64;0.00417913
808;0SC0060190SC;235;64;0.00250489
808;0SC0060190SC;210;65;0.00003407
808;0SC0060190SC;211;65;0.00002533
808;0SC0060190SC;212;65;0.00000706
808;0SC0060190SC;213;65;0.00042214
808;0SC0060190SC;214;65;0.00575751
808;0SC0060190SC;215;65;0.00627924
808;0SC0060190SC;216;65;0.00632494
808;0SC0060190SC;217;65;0.00941811
808;0SC0060190SC;218;65;0.00651628
808;0SC0060190SC;219;65;0.00736198
808;0SC0060190SC;220;65;0.00597900
808;0SC0060190SC;221;65;0.01105641
808;0SC0060190SC;222;65;0.00694026
808;0SC0060190SC;223;65;0.00374793
808;0SC0060190SC;224;65;0.00319472
808;0SC0060190SC;225;65;0.00824885
808;0SC0060190SC;226;65;0.00673885
808;0SC0060190SC;227;65;0.00573030
808;0SC0060190SC;228;65;0.00124995
808;0SC0060190SC;229;65;0.00007158
808;0SC0060190SC;230;65;0.00012790
808;0SC0060190SC;231;65;0.00008456
808;0SC0060190SC;232;65;0.00004775
808;0SC0060190SC;233;65;0.00000389
808;0SC0060190SC;234;65;0.00000570
808;0SC0060190SC;235;65;0.00000658
808;0SC0060190SC;213;66;0.00014378
808;0SC0060190SC;214;66;0.00102447
808;0SC0060190SC;215;66;0.00159432
808;0SC0060190SC;216;66;0.00152913
808;0SC0060190SC;217;66;0.00413393
808;0SC0060190SC;218;66;0.00229583
808;0SC0060190SC;219;66;0.00301971
808;0SC0060190SC;220;66;0.00718819
808;0SC0060190SC;221;66;0.00242756
808;0SC0060190SC;222;66;0.00003086
808;0SC0060190SC;223;66;0.00429530
808;0SC0060190SC;224;66;0.00318645
808;0SC0060190SC;225;66;0.00019003
808;0SC0060190SC;226;66;0.00005137
808;0SC0060190SC;231;66;0.00001551
808;0SC0060190SC;213;67;0.00002705
808;0SC0060190SC;214;67;0.00075890
808;0SC0060190SC;215;67;0.00194841
808;0SC0060190SC;216;67;0.00152388
808;0SC0060190SC;217;67;0.00330908
808;0SC0060190SC;218;67;0.00433394
808;0SC0060190SC;219;67;0.00671291
808;0SC0060190SC;220;67;0.00124324
808;0SC0060190SC;221;67;0.00402547
808;0SC0060190SC;222;67;0.00378305
808;0SC0060190SC;223;67;0.00022041
808;0SC0060190SC;224;67;0.00021096
808;0SC0060190SC;225;67;0.00000258
808;0SC0060190SC;226;67;0.00000447
808;0SC0060190SC;231;67;0.00001444
808;0SC0060190SC;232;67;0.00000114
808;0SC0060190SC;214;68;0.00165501
808;0SC0060190SC;215;68;0.00251019
808;0SC0060190SC;216;68;0.00269102
808;0SC0060190SC;217;68;0.00635068
808;0SC0060190SC;218;68;0.00609497
808;0SC0060190SC;219;68;0.00429838
808;0SC0060190SC;220;68;0.00354796
808;0SC0060190SC;221;68;0.00051906
808;0SC0060190SC;222;68;0.00000954
808;0SC0060190SC;223;68;0.00000684
808;0SC0060190SC;224;68;0.00036222
808;0SC0060190SC;225;68;0.00004400
808;0SC0060190SC;226;68;0.00002469
808;0SC0060190SC;227;68;0.00001717
808;0SC0060190SC;228;68;0.00001314
808;0SC0060190SC;231;68;0.00000383
808;0SC0060190SC;216;69;0.00019816
808;0SC0060190SC;217;69;0.00991001
808;0SC0060190SC;218;69;0.00324986
808;0SC0060190SC;219;69;0.00024613
808;0SC0060190SC;220;69;0.00001798
808;0SC0060190SC;222;69;0.00000698
808;0SC0060190SC;223;69;0.00000139
808;0SC0060190SC;224;69;0.00008203
808;0SC0060190SC;225;69;0.00017639
808;0SC0060190SC;228;69;0.00002671
808;0SC0060190SC;215;70;0.00260767
808;0SC0060190SC;216;70;0.00593771
808;0SC0060190SC;217;70;0.00220689
808;0SC0060190SC;225;70;0.00027274
808;0SC0060190SC;226;70;0.00000017
808;0SC0060190SC;228;70;0.00001719
808;0SC0060190SC;229;70;0.00002503
808;0SC0060190SC;230;70;0.00002249
808;0SC0060190SC;231;70;0.00000833
808;0SC0060190SC;232;70;0.00001859
808;0SC0060190SC;212;71;0.00018658
808;0SC0060190SC;213;71;0.00029132
808;0SC0060190SC;214;71;0.00024930
808;0SC0060190SC;215;71;0.00533939
808;0SC0060190SC;216;71;0.00089514
808;0SC0060190SC;217;71;0.00293698
808;0SC0060190SC;218;71;0.00080523
808;0SC0060190SC;219;71;0.00000738
808;0SC0060190SC;226;71;0.00013763
808;0SC0060190SC;231;71;0.00001415
808;0SC0060190SC;232;71;0.00001606
808;0SC0060190SC;233;71;0.00002138
808;0SC0060190SC;212;72;0.00000174
808;0SC0060190SC;213;72;0.00095323
808;0SC0060190SC;214;72;0.00279667
808;0SC0060190SC;215;72;0.00412337
808;0SC0060190SC;216;72;0.00076451
808;0SC0060190SC;217;72;0.00052444
808;0SC0060190SC;218;72;0.00220953
808;0SC0060190SC;219;72;0.00211161
808;0SC0060190SC;220;72;0.00037268
808;0SC0060190SC;221;72;0.00004696
808;0SC0060190SC;222;72;0.00004383
808;0SC0060190SC;223;72;0.00001911
808;0SC0060190SC;213;73;0.00013190
808;0SC0060190SC;214;73;0.00327741
808;0SC0060190SC;215;73;0.00011087
808;0SC0060190SC;216;73;0.00012892
808;0SC0060190SC;217;73;0.00014999
808;0SC0060190SC;218;73;0.00011115
808;0SC0060190SC;219;73;0.00008693
808;0SC0060190SC;220;73;0.00230521
808;0SC0060190SC;221;73;0.00114737
808;0SC0060190SC;223;73;0.00005351
808;0SC0060190SC;224;73;0.00000700
808;0SC0060190SC;213;74;0.00086156
808;0SC0060190SC;214;74;0.00260660
808;0SC0060190SC;215;74;0.00000291
808;0SC0060190SC;216;74;0.00002560
808;0SC0060190SC;217;74;0.00002560
808;0SC0060190SC;218;74;0.00003701
808;0SC0060190SC;219;74;0.00005477
808;0SC0060190SC;220;74;0.00009080
808;0SC0060190SC;221;74;0.00143767
808;0SC0060190SC;222;74;0.00214685
808;0SC0060190SC;223;74;0.00221491
808;0SC0060190SC;224;74;0.00048086
808;0SC0060190SC;213;75;0.00369463
808;0SC0060190SC;215;75;0.00001078
808;0SC0060190SC;216;75;0.00004661
808;0SC0060190SC;217;75;0.00000036
808;0SC0060190SC;218;75;0.00007502
808;0SC0060190SC;220;75;0.00000224
808;0SC0060190SC;221;75;0.00001827
808;0SC0060190SC;222;75;0.00001531
808;0SC0060190SC;212;76;0.00375482
808;0SC0060190SC;213;76;0.00008927
808;0SC0060190SC;216;76;0.00000266
808;0SC0060190SC;217;76;0.00005347
808;0SC0060190SC;218;76;0.00001000
808;0SC0060190SC;219;76;0.00006783
808;0SC0060190SC;220;76;0.00004872
808;0SC0060190SC;221;76;0.00001713
808;0SC0060190SC;211;77;0.00078256
808;0SC0060190SC;212;77;0.00240359
808;0SC0060190SC;217;77;0.00000594
808;0SC0060190SC;218;77;0.00005127
808;0SC0060190SC;219;77;0.00000258
808;0SC0060190SC;220;77;0.00000255
808;0SC0060190SC;210;78;0.00019078
808;0SC0060190SC;211;78;0.00380271
808;0SC0060190SC;212;78;0.00000478
808;0SC0060190SC;219;78;0.00003396
808;0SC0060190SC;210;79;0.00356080
808;0SC0060190SC;211;79;0.00000375
808;0SC0060190SC;212;79;0.00000296
808;0SC0060190SC;210;80;0.00283535
808;0SC0060190SC;213;80;0.00000055
808;0SC0060190SC;209;81;0.00103912
808;0SC0060190SC;210;81;0.00276937
808;0SC0060190SC;211;81;0.00038943
808;0SC0060190SC;212;81;0.00001367
808;0SC0060190SC;208;82;0.00255019
808;0SC0060190SC;209;82;0.00248800
808;0SC0060190SC;210;82;0.00000093
808;0SC0060190SC;211;82;0.00001742
808;0MD006015KER;218;83;0.00034413
808;0MD006015KER;219;83;0.00000141
808;0MD006015KER;220;83;0.00004059
808;0MD006015KER;221;83;0.00205042
808;0MD006015KER;222;83;0.00062789
808;0MD006015KER;223;83;0.00077379
808;0MD006015KER;224;83;0.01409674
808;0MD006015KER;218;84;0.00030325
808;0MD006015KER;219;84;0.00006445
808;0MD006015KER;220;84;0.00001254
808;0MD006015KER;221;84;0.00296621
808;0MD006015KER;222;84;0.00283638
808;0MD006015KER;223;84;0.00687069
808;0MD006015KER;224;84;0.03141822
808;0MD006015KER;225;84;0.00584564
808;0MD006015KER;226;84;0.00584446
808;0MD006015KER;227;84;0.00590277
808;0MD006015KER;228;84;0.00167356
808;0MD006015KER;221;85;0.00227797
808;0MD006015KER;222;85;0.00009097
808;0MD006015KER;223;85;0.00050395
808;0MD006015KER;224;85;0.01465903
808;0MD006015KER;228;85;0.00537457
808;0MD006015KER;229;85;0.00440261
808;0MD006015KER;221;86;0.00348560
808;0MD006015KER;222;86;0.00212597
808;0MD006015KER;223;86;0.00203147
808;0MD006015KER;224;86;0.01438433
808;0MD006015KER;229;86;0.00234435
808;0MD006015KER;230;86;0.00387205
808;0MD006015KER;220;87;0.00213344
808;0MD006015KER;221;87;0.00264115
808;0MD006015KER;223;87;0.00063916
808;0MD006015KER;224;87;0.01372360
808;0MD006015KER;230;87;0.00482825
808;0MD006015KER;219;88;0.00029353
808;0MD006015KER;220;88;0.00428222
808;0MD006015KER;223;88;0.00021810
808;0MD006015KER;224;88;0.01362497
808;0MD006015KER;227;88;0.00750126
808;0MD006015KER;228;88;0.00888465
808;0MD006015KER;229;88;0.01075668
808;0MD006015KER;230;88;0.01678614
808;0MD006015KER;231;88;0.01184633
808;0MD006015KER;232;88;0.01150288
808;0MD006015KER;233;88;0.01150239
808;0MD006015KER;234;88;0.01161462
808;0MD006015KER;235;88;0.00970579
808;0MD006015KER;236;88;0.00000165
808;0MD006015KER;219;89;0.00682398
808;0MD006015KER;220;89;0.00109639
808;0MD006015KER;221;89;0.00108102
808;0MD006015KER;222;89;0.00132564
808;0MD006015KER;223;89;0.00809829
808;0MD006015KER;224;89;0.01103109
808;0MD006015KER;225;89;0.01171348
808;0MD006015KER;226;89;0.00898326
808;0MD006015KER;227;89;0.00141527
808;0MD006015KER;229;89;0.00433821
808;0MD006015KER;231;89;0.00019624
808;0MD006015KER;233;89;0.00032895
808;0MD006015KER;234;89;0.00036558
808;0MD006015KER;235;89;0.00145252
808;0MD006015KER;236;89;0.00042622
808;0MD006015KER;212;90;0.00081661
808;0MD006015KER;213;90;0.00206391
808;0MD006015KER;214;90;0.00393711
808;0MD006015KER;215;90;0.00451313
808;0MD006015KER;216;90;0.00053403
808;0MD006015KER;217;90;0.00004781
808;0MD006015KER;218;90;0.00448019
808;0MD006015KER;219;90;0.00028449
808;0MD006015KER;220;90;0.00253359
808;0MD006015KER;221;90;0.00527549
808;0MD006015KER;223;90;0.00759537
808;0MD006015KER;224;90;0.00887336
808;0MD006015KER;225;90;0.00700451
808;0MD006015KER;229;90;0.00432874
808;0MD006015KER;231;90;0.00001471
808;0MD006015KER;232;90;0.00004151
808;0MD006015KER;212;91;0.00005588
808;0MD006015KER;214;91;0.00485542
808;0MD006015KER;215;91;0.00907300
808;0MD006015KER;216;91;0.01323835
808;0MD006015KER;217;91;0.03063150
808;0MD006015KER;218;91;0.02693043
808;0MD006015KER;219;91;0.01579306
808;0MD006015KER;220;91;0.01488147
808;0MD006015KER;221;91;0.01019584
808;0MD006015KER;222;91;0.01652999
808;0MD006015KER;223;91;0.01718112
808;0MD006015KER;224;91;0.01448409
808;0MD006015KER;225;91;0.00677290
808;0MD006015KER;226;91;0.00571736
808;0MD006015KER;227;91;0.00595459
808;0MD006015KER;228;91;0.00759623
808;0MD006015KER;229;91;0.00534777
808;0MD006015KER;213;92;0.00450241
808;0MD006015KER;214;92;0.00813838
808;0MD006015KER;216;92;0.00405579
808;0MD006015KER;217;92;0.01988541
808;0MD006015KER;218;92;0.00002895
808;0MD006015KER;225;92;0.00468618
808;0MD006015KER;228;92;0.00189517
808;0MD006015KER;229;92;0.00179291
808;0MD006015KER;230;92;0.00047603
808;0MD006015KER;215;93;0.01343142
808;0MD006015KER;216;93;0.02071276
808;0MD006015KER;225;93;0.00211374
808;0MD006015KER;226;93;0.00255070
808;0MD006015KER;228;93;0.00142427
808;0MD006015KER;230;93;0.00134347
808;0MD006015KER;231;93;0.00005728
808;0MD006015KER;214;94;0.01251276
808;0MD006015KER;215;94;0.01122506
808;0MD006015KER;226;94;0.00420645
808;0MD006015KER;227;94;0.00086096
808;0MD006015KER;228;94;0.00056352
808;0MD006015KER;230;94;0.00004738
808;0MD006015KER;231;94;0.00120324
808;0MD006015KER;232;94;0.00029052
808;0MD006015KER;226;95;0.00387122
808;0MD006015KER;227;95;0.00173501
808;0MD006015KER;232;95;0.00089713
808;0MD006015KER;233;95;0.00060917
808;0MD006015KER;214;96;0.00089013
808;0MD006015KER;215;96;0.00032357
808;0MD006015KER;216;96;0.00032564
808;0MD006015KER;217;96;0.00036298
808;0MD006015KER;218;96;0.00025597
808;0MD006015KER;225;96;0.00001302
808;0MD006015KER;226;96;0.00000894
808;0MD006015KER;227;96;0.00667909
808;0MD006015KER;233;96;0.00057873
808;0MD006015KER;234;96;0.00094102
808;0MD006015KER;214;97;0.00076473
808;0MD006015KER;215;97;0.00018431
808;0MD006015KER;218;97;0.00015249
808;0MD006015KER;219;97;0.00007869
808;0MD006015KER;225;97;0.00003192
808;0MD006015KER;226;97;0.00001366
808;0MD006015KER;227;97;0.00062261
808;0MD006015KER;228;97;0.00570527
808;0MD006015KER;229;97;0.00085245
808;0MD006015KER;234;97;0.00023754
808;0MD006015KER;235;97;0.00110293
808;0MD006015KER;215;98;0.00092468
808;0MD006015KER;217;98;0.00010121
808;0MD006015KER;218;98;0.00018966
808;0MD006015KER;219;98;0.00004380
808;0MD006015KER;220;98;0.00000302
808;0MD006015KER;221;98;0.00000775
808;0MD006015KER;222;98;0.00001142
808;0MD006015KER;223;98;0.00002414
808;0MD006015KER;224;98;0.00002697
808;0MD006015KER;225;98;0.00001077
808;0MD006015KER;227;98;0.00168038
808;0MD006015KER;228;98;0.00097338
808;0MD006015KER;229;98;0.00242419
808;0MD006015KER;230;98;0.00301357
808;0MD006015KER;231;98;0.00018891
808;0MD006015KER;234;98;0.00003932
808;0MD006015KER;235;98;0.00207045
808;0MD006015KER;215;99;0.00045009
808;0MD006015KER;216;99;0.00014595
808;0MD006015KER;217;99;0.00004960
808;0MD006015KER;218;99;0.00001747
808;0MD006015KER;220;99;0.00000564
808;0MD006015KER;227;99;0.00243822
808;0MD006015KER;231;99;0.00265295
808;0MD006015KER;232;99;0.00279453
808;0MD006015KER;233;99;0.00020894
808;0MD006015KER;234;99;0.00100897
808;0MD006015KER;235;99;0.00435230
808;0MD006015KER;215;100;0.00037570
808;0MD006015KER;218;100;0.00000910
808;0MD006015KER;219;100;0.00002069
808;0MD006015KER;220;100;0.00001647
808;0MD006015KER;221;100;0.00002041
808;0MD006015KER;222;100;0.00000290
808;0MD006015KER;227;100;0.00086898
808;0MD006015KER;228;100;0.00160311
808;0MD006015KER;232;100;0.00085583
808;0MD006015KER;233;100;0.00258895
808;0MD006015KER;234;100;0.00740211
808;0MD006015KER;235;100;0.00123724
808;0MD006015KER;215;101;0.00033544
808;0MD006015KER;222;101;0.00002929
808;0MD006015KER;228;101;0.00251065
808;0MD006015KER;235;101;0.00723341
808;0MD006015KER;215;102;0.00009287
808;0MD006015KER;216;102;0.00026547
808;0MD006015KER;222;102;0.00080021
808;0MD006015KER;228;102;0.00251120
808;0MD006015KER;234;102;0.00711728
808;0MD006015KER;235;102;0.00060382
808;0MD006015KER;214;103;0.00247638
808;0MD006015KER;215;103;0.00146138
808;0MD006015KER;216;103;0.00044275
808;0MD006015KER;221;103;0.00064678
808;0MD006015KER;222;103;0.00193043
808;0MD006015KER;228;103;0.00103802
808;0MD006015KER;229;103;0.00147211
808;0MD006015KER;233;103;0.00487440
808;0MD006015KER;234;103;0.00623545
808;0MD006015KER;215;104;0.00186365
808;0MD006015KER;216;104;0.00641547
808;0MD006015KER;221;104;0.00116710
808;0MD006015KER;222;104;0.00050499
808;0MD006015KER;229;104;0.00349178
808;0MD006015KER;232;104;0.00099889
808;0MD006015KER;233;104;0.00685382
808;0MD006015KER;234;104;0.00395345
808;0MD006015KER;235;104;0.00022361
808;0MD006015KER;214;105;0.00000002
808;0MD006015KER;216;105;0.00730501
808;0MD006015KER;217;105;0.00348970
808;0MD006015KER;218;105;0.00436371
808;0MD006015KER;219;105;0.00129243
808;0MD006015KER;221;105;0.00184053
808;0MD006015KER;227;105;0.00080350
808;0MD006015KER;228;105;0.00205713
808;0MD006015KER;229;105;0.00376887
808;0MD006015KER;230;105;0.00001890
808;0MD006015KER;231;105;0.00007011
808;0MD006015KER;232;105;0.00412913
808;0MD006015KER;233;105;0.00252439
808;0MD006015KER;234;105;0.01972388
808;0MD006015KER;235;105;0.00321191
808;0MD006015KER;214;106;0.00042891
808;0MD006015KER;215;106;0.00000017
808;0MD006015KER;216;106;0.00422940
808;0MD006015KER;217;106;0.00260372
808;0MD006015KER;218;106;0.00084833
808;0MD006015KER;219;106;0.00173604
808;0MD006015KER;220;106;0.00335119
808;0MD006015KER;221;106;0.00253405
808;0MD006015KER;226;106;0.00204822
808;0MD006015KER;227;106;0.00115874
808;0MD006015KER;229;106;0.00045014
808;0MD006015KER;230;106;0.00345485
808;0MD006015KER;231;106;0.01109525
808;0MD006015KER;232;106;0.00634629
808;0MD006015KER;233;106;0.00693998
808;0MD006015KER;234;106;0.01219290
808;0MD006015KER;235;106;0.00123857
808;0MD006015KER;214;107;0.00038433
808;0MD006015KER;215;107;0.00093706
808;0MD006015KER;216;107;0.00161728
808;0MD006015KER;217;107;0.00366501
808;0MD006015KER;218;107;0.00034465
808;0MD006015KER;221;107;0.00004976
808;0MD006015KER;222;107;0.00188580
808;0MD006015KER;223;107;0.00155432
808;0MD006015KER;225;107;0.00119849
808;0MD006015KER;226;107;0.00077165
808;0MD006015KER;230;107;0.00646450
808;0MD006015KER;231;107;0.00005633
808;0MD006015KER;214;108;0.00093334
808;0MD006015KER;215;108;0.00047361
808;0MD006015KER;217;108;0.00126080
808;0MD006015KER;218;108;0.00081528
808;0MD006015KER;223;108;0.00115001
808;0MD006015KER;224;108;0.00215376
808;0MD006015KER;225;108;0.00202188
808;0MD006015KER;230;108;0.00429920
808;0MD006015KER;217;109;0.00009875
808;0MD006015KER;230;109;0.00298288
808;0MD006036MOJ;260;63;0.00105637
808;0MD006036MOJ;261;63;0.00015469
808;0MD006036MOJ;260;64;0.00004548
808;0MD006036MOJ;261;64;0.00146656
808;0MD006036MOJ;262;64;0.00036739
808;0MD006036MOJ;273;64;0.00001753
808;0MD006036MOJ;262;65;0.00109835
808;0MD006036MOJ;263;65;0.00128525
808;0MD006036MOJ;264;65;0.00077547
808;0MD006036MOJ;265;65;0.00012374
808;0MD006036MOJ;266;65;0.00013590
808;0MD006036MOJ;267;65;0.00000203
808;0MD006036MOJ;273;65;0.00001873
808;0MD006036MOJ;283;65;0.00000209
808;0MD006036MOJ;284;65;0.00000139
808;0MD006036MOJ;263;66;0.00008788
808;0MD006036MOJ;264;66;0.00107648
808;0MD006036MOJ;265;66;0.00054960
808;0MD006036MOJ;266;66;0.00056128
808;0MD006036MOJ;267;66;0.00041512
808;0MD006036MOJ;268;66;0.00041914
808;0MD006036MOJ;269;66;0.00040963
808;0MD006036MOJ;270;66;0.00040036
808;0MD006036MOJ;271;66;0.00041538
808;0MD006036MOJ;272;66;0.00023814
808;0MD006036MOJ;273;66;0.00015676
808;0MD006036MOJ;274;66;0.00005965
808;0MD006036MOJ;275;66;0.00000615
808;0MD006036MOJ;281;66;0.00000314
808;0MD006036MOJ;282;66;0.00000334
808;0MD006036MOJ;283;66;0.00000172
808;0MD006036MOJ;284;66;0.00000465
808;0MD006036MOJ;285;66;0.00000334
808;0MD006036MOJ;286;66;0.00000341
808;0MD006036MOJ;287;66;0.00000305
808;0MD006036MOJ;293;66;0.00005234
808;0MD006036MOJ;294;66;0.00009430
808;0MD006036MOJ;295;66;0.00002013
808;0MD006036MOJ;300;66;0.00004279
808;0MD006036MOJ;257;67;0.00006154
808;0MD006036MOJ;263;67;0.00021093
808;0MD006036MOJ;264;67;0.00047190
808;0MD006036MOJ;265;67;0.00018430
808;0MD006036MOJ;266;67;0.00005134
808;0MD006036MOJ;267;67;0.00006218
808;0MD006036MOJ;268;67;0.00002299
808;0MD006036MOJ;270;67;0.00006983
808;0MD006036MOJ;271;67;0.00000924
808;0MD006036MOJ;272;67;0.00018186
808;0MD006036MOJ;274;67;0.00007198
808;0MD006036MOJ;275;67;0.00001811
808;0MD006036MOJ;276;67;0.00001322
808;0MD006036MOJ;277;67;0.00001322
808;0MD006036MOJ;278;67;0.00001322
808;0MD006036MOJ;279;67;0.00000915
808;0MD006036MOJ;295;67;0.00007416
808;0MD006036MOJ;296;67;0.00011639
808;0MD006036MOJ;297;67;0.00013282
808;0MD006036MOJ;298;67;0.00012579
808;0MD006036MOJ;299;67;0.00012202
808;0MD006036MOJ;300;67;0.00006460
808;0MD006036MOJ;301;67;0.00011043
808;0MD006036MOJ;302;67;0.00012896
808;0MD006036MOJ;303;67;0.00007907
808;0MD006036MOJ;308;67;0.00002400
808;0MD006036MOJ;263;68;0.00053458
808;0MD006036MOJ;264;68;0.00002849
808;0MD006036MOJ;265;68;0.00003837
808;0MD006036MOJ;266;68;0.00002202
808;0MD006036MOJ;267;68;0.00002467
808;0MD006036MOJ;268;68;0.00004352
808;0MD006036MOJ;269;68;0.00004100
808;0MD006036MOJ;270;68;0.00007128
808;0MD006036MOJ;271;68;0.00001446
808;0MD006036MOJ;272;68;0.00008435
808;0MD006036MOJ;273;68;0.00000225
808;0MD006036MOJ;279;68;0.00001012
808;0MD006036MOJ;280;68;0.00000417
808;0MD006036MOJ;296;68;0.00000408
808;0MD006036MOJ;297;68;0.00001383
808;0MD006036MOJ;303;68;0.00009064
808;0MD006036MOJ;304;68;0.00006096
808;0MD006036MOJ;307;68;0.00005861
808;0MD006036MOJ;308;68;0.00000183
808;0MD006036MOJ;238;69;0.00000522
808;0MD006036MOJ;239;69;0.00017992
808;0MD006036MOJ;240;69;0.00888675
808;0MD006036MOJ;243;69;0.00003736
808;0MD006036MOJ;246;69;0.00000698
808;0MD006036MOJ;263;69;0.00056543
808;0MD006036MOJ;264;69;0.00010697
808;0MD006036MOJ;265;69;0.00002708
808;0MD006036MOJ;266;69;0.00003345
808;0MD006036MOJ;268;69;0.00001820
808;0MD006036MOJ;269;69;0.00000488
808;0MD006036MOJ;270;69;0.00002440
808;0MD006036MOJ;271;69;0.00000158
808;0MD006036MOJ;272;69;0.00002115
808;0MD006036MOJ;279;69;0.00000238
808;0MD006036MOJ;280;69;0.00001092
808;0MD006036MOJ;295;69;0.00000446
808;0MD006036MOJ;296;69;0.00001478
808;0MD006036MOJ;304;69;0.00011342
808;0MD006036MOJ;305;69;0.00004836
808;0MD006036MOJ;306;69;0.00004779
808;0MD006036MOJ;307;69;0.00001038
808;0MD006036MOJ;310;69;0.00001009
808;0MD006036MOJ;237;70;0.00022593
808;0MD006036MOJ;238;70;0.00021240
808;0MD006036MOJ;239;70;0.00211242
808;0MD006036MOJ;240;70;0.02479285
808;0MD006036MOJ;241;70;0.00014729
808;0MD006036MOJ;242;70;0.00014920
808;0MD006036MOJ;243;70;0.00008610
808;0MD006036MOJ;244;70;0.00003955
808;0MD006036MOJ;245;70;0.00003404
808;0MD006036MOJ;246;70;0.00004441
808;0MD006036MOJ;255;70;0.00011166
808;0MD006036MOJ;262;70;0.00004201
808;0MD006036MOJ;263;70;0.00057115
808;0MD006036MOJ;266;70;0.00001030
808;0MD006036MOJ;269;70;0.00002395
808;0MD006036MOJ;270;70;0.00004412
808;0MD006036MOJ;271;70;0.00001871
808;0MD006036MOJ;279;70;0.00000672
808;0MD006036MOJ;280;70;0.00000684
808;0MD006036MOJ;294;70;0.00001184
808;0MD006036MOJ;295;70;0.00001178
808;0MD006036MOJ;304;70;0.00003839
808;0MD006036MOJ;305;70;0.00025836
808;0MD006036MOJ;306;70;0.00003903
808;0MD006036MOJ;307;70;0.00001999
808;0MD006036MOJ;308;70;0.00001995
808;0MD006036MOJ;309;70;0.00002041
808;0MD006036MOJ;310;70;0.00001755
808;0MD006036MOJ;236;71;0.00023191
808;0MD006036MOJ;237;71;0.00013270
808;0MD006036MOJ;238;71;0.00193292
808;0MD006036MOJ;239;71;0.00042873
808;0MD006036MOJ;240;71;0.00585460
808;0MD006036MOJ;241;71;0.01622637
808;0MD006036MOJ;242;71;0.00021245
808;0MD006036MOJ;243;71;0.00018029
808;0MD006036MOJ;245;71;0.00007207
808;0MD006036MOJ;254;71;0.00014583
808;0MD006036MOJ;255;71;0.00001232
808;0MD006036MOJ;261;71;0.00014066
808;0MD006036MOJ;262;71;0.00073506
808;0MD006036MOJ;280;71;0.00001353
808;0MD006036MOJ;291;71;0.00000589
808;0MD006036MOJ;292;71;0.00001362
808;0MD006036MOJ;293;71;0.00001563
808;0MD006036MOJ;294;71;0.00000392
808;0MD006036MOJ;304;71;0.00016798
808;0MD006036MOJ;237;72;0.00207908
808;0MD006036MOJ;238;72;0.00019985
808;0MD006036MOJ;240;72;0.00000610
808;0MD006036MOJ;241;72;0.01385947
808;0MD006036MOJ;242;72;0.00485809
808;0MD006036MOJ;243;72;0.00066732
808;0MD006036MOJ;244;72;0.00034727
808;0MD006036MOJ;245;72;0.00011011
808;0MD006036MOJ;246;72;0.00003431
808;0MD006036MOJ;251;72;0.00000055
808;0MD006036MOJ;252;72;0.00000103
808;0MD006036MOJ;253;72;0.00007218
808;0MD006036MOJ;254;72;0.00006697
808;0MD006036MOJ;258;72;0.00053955
808;0MD006036MOJ;259;72;0.00054247
808;0MD006036MOJ;260;72;0.00054456
808;0MD006036MOJ;261;72;0.00053931
808;0MD006036MOJ;280;72;0.00001353
808;0MD006036MOJ;289;72;0.00000612
808;0MD006036MOJ;290;72;0.00001067
808;0MD006036MOJ;291;72;0.00001012
808;0MD006036MOJ;304;72;0.00014508
808;0MD006036MOJ;236;73;0.00150873
808;0MD006036MOJ;237;73;0.00083401
808;0MD006036MOJ;238;73;0.00028951
808;0MD006036MOJ;239;73;0.00025387
808;0MD006036MOJ;240;73;0.00038788
808;0MD006036MOJ;241;73;0.00173378
808;0MD006036MOJ;242;73;0.01642857
808;0MD006036MOJ;243;73;0.00087760
808;0MD006036MOJ;244;73;0.00072098
808;0MD006036MOJ;245;73;0.00041228
808;0MD006036MOJ;246;73;0.00017719
808;0MD006036MOJ;247;73;0.00007028
808;0MD006036MOJ;248;73;0.00004197
808;0MD006036MOJ;249;73;0.00000910
808;0MD006036MOJ;251;73;0.00000974
808;0MD006036MOJ;252;73;0.00034318
808;0MD006036MOJ;253;73;0.00005096
808;0MD006036MOJ;254;73;0.00003859
808;0MD006036MOJ;255;73;0.00042586
808;0MD006036MOJ;256;73;0.00055524
808;0MD006036MOJ;257;73;0.00061978
808;0MD006036MOJ;258;73;0.00015749
808;0MD006036MOJ;280;73;0.00001332
808;0MD006036MOJ;289;73;0.00002059
808;0MD006036MOJ;290;73;0.00001435
808;0MD006036MOJ;303;73;0.00011175
808;0MD006036MOJ;304;73;0.00003046
808;0MD006036MOJ;236;74;0.00025001
808;0MD006036MOJ;237;74;0.00030635
808;0MD006036MOJ;238;74;0.00013415
808;0MD006036MOJ;239;74;0.00005697
808;0MD006036MOJ;240;74;0.00021495
808;0MD006036MOJ;241;74;0.00170748
808;0MD006036MOJ;242;74;0.00760970
808;0MD006036MOJ;243;74;0.01174344
808;0MD006036MOJ;244;74;0.00204923
808;0MD006036MOJ;245;74;0.00121852
808;0MD006036MOJ;246;74;0.00086156
808;0MD006036MOJ;247;74;0.00038950
808;0MD006036MOJ;248;74;0.00050302
808;0MD006036MOJ;249;74;0.00051497
808;0MD006036MOJ;250;74;0.00048686
808;0MD006036MOJ;251;74;0.00049703
808;0MD006036MOJ;252;74;0.00094814
808;0MD006036MOJ;253;74;0.00054518
808;0MD006036MOJ;254;74;0.00059787
808;0MD006036MOJ;255;74;0.00013789
808;0MD006036MOJ;279;74;0.00000297
808;0MD006036MOJ;280;74;0.00001157
808;0MD006036MOJ;288;74;0.00001263
808;0MD006036MOJ;289;74;0.00001083
808;0MD006036MOJ;303;74;0.00014221
808;0MD006036MOJ;235;75;0.00000707
808;0MD006036MOJ;236;75;0.00013676
808;0MD006036MOJ;237;75;0.00023284
808;0MD006036MOJ;238;75;0.00014567
808;0MD006036MOJ;239;75;0.00013510
808;0MD006036MOJ;240;75;0.00021467
808;0MD006036MOJ;241;75;0.00173296
808;0MD006036MOJ;242;75;0.00059132
808;0MD006036MOJ;243;75;0.01196713
808;0MD006036MOJ;244;75;0.00077727
808;0MD006036MOJ;245;75;0.00065508
808;0MD006036MOJ;246;75;0.00064474
808;0MD006036MOJ;247;75;0.00051456
808;0MD006036MOJ;252;75;0.00044541
808;0MD006036MOJ;253;75;0.00002499
808;0MD006036MOJ;254;75;0.00002044
808;0MD006036MOJ;279;75;0.00001747
808;0MD006036MOJ;286;75;0.00000944
808;0MD006036MOJ;287;75;0.00001506
808;0MD006036MOJ;288;75;0.00000243
808;0MD006036MOJ;303;75;0.00014199
808;0MD006036MOJ;235;76;0.00344468
808;0MD006036MOJ;236;76;0.00511826
808;0MD006036MOJ;237;76;0.00505066
808;0MD006036MOJ;238;76;0.00000404
808;0MD006036MOJ;239;76;0.00077633
808;0MD006036MOJ;240;76;0.00028022
808;0MD006036MOJ;241;76;0.00180727
808;0MD006036MOJ;242;76;0.00049934
808;0MD006036MOJ;243;76;0.00941901
808;0MD006036MOJ;244;76;0.00639636
808;0MD006036MOJ;245;76;0.00089741
808;0MD006036MOJ;246;76;0.00044025
808;0MD006036MOJ;247;76;0.00038674
808;0MD006036MOJ;251;76;0.00017478
808;0MD006036MOJ;252;76;0.00019600
808;0MD006036MOJ;279;76;0.00001330
808;0MD006036MOJ;285;76;0.00001296
808;0MD006036MOJ;286;76;0.00000650
808;0MD006036MOJ;303;76;0.00014153
808;0MD006036MOJ;235;77;0.00000814
808;0MD006036MOJ;236;77;0.00078765
808;0MD006036MOJ;237;77;0.00007252
808;0MD006036MOJ;238;77;0.00003966
808;0MD006036MOJ;239;77;0.00859775
808;0MD006036MOJ;240;77;0.00416848
808;0MD006036MOJ;241;77;0.00688822
808;0MD006036MOJ;242;77;0.00195824
808;0MD006036MOJ;243;77;0.00204706
808;0MD006036MOJ;244;77;0.01752516
808;0MD006036MOJ;245;77;0.00070048
808;0MD006036MOJ;246;77;0.00042062
808;0MD006036MOJ;247;77;0.00004016
808;0MD006036MOJ;251;77;0.00043019
808;0MD006036MOJ;278;77;0.00000191
808;0MD006036MOJ;279;77;0.00001129
808;0MD006036MOJ;284;77;0.00000954
808;0MD006036MOJ;285;77;0.00000685
808;0MD006036MOJ;303;77;0.00014155
808;0MD006036MOJ;237;78;0.00003155
808;0MD006036MOJ;239;78;0.00001200
808;0MD006036MOJ;240;78;0.00041980
808;0MD006036MOJ;241;78;0.00122069
808;0MD006036MOJ;242;78;0.00010189
808;0MD006036MOJ;243;78;0.00005490
808;0MD006036MOJ;244;78;0.00170729
808;0MD006036MOJ;245;78;0.01220207
808;0MD006036MOJ;246;78;0.00016223
808;0MD006036MOJ;251;78;0.00042002
808;0MD006036MOJ;278;78;0.00001494
808;0MD006036MOJ;279;78;0.00001326
808;0MD006036MOJ;280;78;0.00001326
808;0MD006036MOJ;281;78;0.00001704
808;0MD006036MOJ;282;78;0.00000811
808;0MD006036MOJ;283;78;0.00001137
808;0MD006036MOJ;284;78;0.00001006
808;0MD006036MOJ;303;78;0.00014154
808;0MD006036MOJ;240;79;0.00136897
808;0MD006036MOJ;241;79;0.00002460
808;0MD006036MOJ;242;79;0.00017791
808;0MD006036MOJ;245;79;0.01284525
808;0MD006036MOJ;251;79;0.00042756
808;0MD006036MOJ;280;79;0.00000694
808;0MD006036MOJ;281;79;0.00002796
808;0MD006036MOJ;282;79;0.00000514
808;0MD006036MOJ;283;79;0.00000696
808;0MD006036MOJ;303;79;0.00014031
808;0MD006036MOJ;240;80;0.00136845
808;0MD006036MOJ;242;80;0.00017383
808;0MD006036MOJ;243;80;0.00001962
808;0MD006036MOJ;245;80;0.01242846
808;0MD006036MOJ;251;80;0.00042792
808;0MD006036MOJ;280;80;0.00003685
808;0MD006036MOJ;303;80;0.00013870
808;0MD006036MOJ;235;81;0.00004092
808;0MD006036MOJ;236;81;0.00006688
808;0MD006036MOJ;237;81;0.00007006
808;0MD006036MOJ;238;81;0.00006726
808;0MD006036MOJ;239;81;0.00006825
808;0MD006036MOJ;240;81;0.00068100
808;0MD006036MOJ;241;81;0.00003078
808;0MD006036MOJ;242;81;0.00009795
808;0MD006036MOJ;243;81;0.00018860
808;0MD006036MOJ;245;81;0.00092032
808;0MD006036MOJ;246;81;0.01262719
808;0MD006036MOJ;250;81;0.00029242
808;0MD006036MOJ;251;81;0.00012512
808;0MD006036MOJ;271;81;0.00000116
808;0MD006036MOJ;272;81;0.00001358
808;0MD006036MOJ;280;81;0.00003324
808;0MD006036MOJ;303;81;0.00015550
808;0MD006036MOJ;239;82;0.00002421
808;0MD006036MOJ;242;82;0.00002917
808;0MD006036MOJ;243;82;0.00004773
808;0MD006036MOJ;244;82;0.00007558
808;0MD006036MOJ;245;82;0.00016471
808;0MD006036MOJ;246;82;0.01001179
808;0MD006036MOJ;247;82;0.00565879
808;0MD006036MOJ;250;82;0.00040519
808;0MD006036MOJ;265;82;0.00123525
808;0MD006036MOJ;266;82;0.00493254
808;0MD006036MOJ;267;82;0.00484632
808;0MD006036MOJ;268;82;0.00484952
808;0MD006036MOJ;269;82;0.00486839
808;0MD006036MOJ;270;82;0.00484661
808;0MD006036MOJ;271;82;0.00509237
808;0MD006036MOJ;272;82;0.00506264
808;0MD006036MOJ;273;82;0.00491654
808;0MD006036MOJ;274;82;0.00210674
808;0MD006036MOJ;277;82;0.00010826
808;0MD006036MOJ;278;82;0.00118886
808;0MD006036MOJ;280;82;0.00003305
808;0MD006036MOJ;303;82;0.00014475
808;0MD006036MOJ;239;83;0.00002413
808;0MD006036MOJ;244;83;0.00002061
808;0MD006036MOJ;245;83;0.00008116
808;0MD006036MOJ;246;83;0.00000281
808;0MD006036MOJ;247;83;0.01162594
808;0MD006036MOJ;248;83;0.00433561
808;0MD006036MOJ;249;83;0.00013175
808;0MD006036MOJ;250;83;0.00024617
808;0MD006036MOJ;263;83;0.00201170
808;0MD006036MOJ;264;83;0.00530358
808;0MD006036MOJ;265;83;0.00449502
808;0MD006036MOJ;269;83;0.00002002
808;0MD006036MOJ;274;83;0.00284241
808;0MD006036MOJ;275;83;0.00504265
808;0MD006036MOJ;276;83;0.00488706
808;0MD006036MOJ;277;83;0.00480880
808;0MD006036MOJ;278;83;0.00365029
808;0MD006036MOJ;279;83;0.00487740
808;0MD006036MOJ;280;83;0.00492377
808;0MD006036MOJ;281;83;0.00493494
808;0MD006036MOJ;282;83;0.00498839
808;0MD006036MOJ;283;83;0.00199117
808;0MD006036MOJ;303;83;0.00015597
808;0MD006036MOJ;304;83;0.00005937
808;0MD006036MOJ;239;84;0.00002385
808;0MD006036MOJ;245;84;0.00000798
808;0MD006036MOJ;246;84;0.00007965
808;0MD006036MOJ;247;84;0.00000052
808;0MD006036MOJ;248;84;0.01202080
808;0MD006036MOJ;249;84;0.00042493
808;0MD006036MOJ;250;84;0.00005555
808;0MD006036MOJ;256;84;0.00146642
808;0MD006036MOJ;257;84;0.00494148
808;0MD006036MOJ;258;84;0.00491412
808;0MD006036MOJ;259;84;0.00490597
808;0MD006036MOJ;260;84;0.00490588
808;0MD006036MOJ;261;84;0.00496661
808;0MD006036MOJ;262;84;0.00485706
808;0MD006036MOJ;263;84;0.00289355
808;0MD006036MOJ;268;84;0.00000690
808;0MD006036MOJ;269;84;0.00001309
808;0MD006036MOJ;280;84;0.00001713
808;0MD006036MOJ;281;84;0.00002284
808;0MD006036MOJ;283;84;0.00347143
808;0MD006036MOJ;284;84;0.00574768
808;0MD006036MOJ;285;84;0.00018634
808;0MD006036MOJ;304;84;0.00013638
808;0MD006036MOJ;305;84;0.00169595
808;0MD006036MOJ;306;84;0.00408919
808;0MD006036MOJ;238;85;0.00001685
808;0MD006036MOJ;239;85;0.00000698
808;0MD006036MOJ;245;85;0.00001331
808;0MD006036MOJ;246;85;0.00001490
808;0MD006036MOJ;247;85;0.00016743
808;0MD006036MOJ;248;85;0.01363728
808;0MD006036MOJ;249;85;0.00039398
808;0MD006036MOJ;250;85;0.00024954
808;0MD006036MOJ;251;85;0.00507390
808;0MD006036MOJ;252;85;0.00502110
808;0MD006036MOJ;253;85;0.00499731
808;0MD006036MOJ;254;85;0.00495081
808;0MD006036MOJ;255;85;0.00494356
808;0MD006036MOJ;256;85;0.00346093
808;0MD006036MOJ;257;85;0.00008248
808;0MD006036MOJ;268;85;0.00002079
808;0MD006036MOJ;281;85;0.00003854
808;0MD006036MOJ;285;85;0.00535020
808;0MD006036MOJ;286;85;0.00514728
808;0MD006036MOJ;287;85;0.00482206
808;0MD006036MOJ;288;85;0.00312065
808;0MD006036MOJ;304;85;0.00139406
808;0MD006036MOJ;305;85;0.00498833
808;0MD006036MOJ;238;86;0.00002392
808;0MD006036MOJ;242;86;0.00002633
808;0MD006036MOJ;243;86;0.00004630
808;0MD006036MOJ;244;86;0.00002202
808;0MD006036MOJ;245;86;0.00000236
808;0MD006036MOJ;246;86;0.00014173
808;0MD006036MOJ;247;86;0.00022063
808;0MD006036MOJ;248;86;0.00163041
808;0MD006036MOJ;249;86;0.01195673
808;0MD006036MOJ;250;86;0.01318608
808;0MD006036MOJ;251;86;0.00707793
808;0MD006036MOJ;252;86;0.00656246
808;0MD006036MOJ;253;86;0.00661773
808;0MD006036MOJ;254;86;0.00020102
808;0MD006036MOJ;257;86;0.00007331
808;0MD006036MOJ;258;86;0.00000964
808;0MD006036MOJ;268;86;0.00002080
808;0MD006036MOJ;280;86;0.00000702
808;0MD006036MOJ;281;86;0.00003017
808;0MD006036MOJ;288;86;0.00175362
808;0MD006036MOJ;289;86;0.00488179
808;0MD006036MOJ;290;86;0.00489573
808;0MD006036MOJ;291;86;0.00493808
808;0MD006036MOJ;292;86;0.00493942
808;0MD006036MOJ;293;86;0.00320425
808;0MD006036MOJ;303;86;0.00001952
808;0MD006036MOJ;304;86;0.00541821
808;0MD006036MOJ;238;87;0.00002419
808;0MD006036MOJ;240;87;0.00004956
808;0MD006036MOJ;241;87;0.00004903
808;0MD006036MOJ;242;87;0.00002166
808;0MD006036MOJ;246;87;0.00034651
808;0MD006036MOJ;247;87;0.00018143
808;0MD006036MOJ;248;87;0.00000412
808;0MD006036MOJ;249;87;0.00002915
808;0MD006036MOJ;252;87;0.00009454
808;0MD006036MOJ;254;87;0.00641105
808;0MD006036MOJ;255;87;0.00675466
808;0MD006036MOJ;256;87;0.00723185
808;0MD006036MOJ;257;87;0.00067151
808;0MD006036MOJ;268;87;0.00002011
808;0MD006036MOJ;280;87;0.00003578
808;0MD006036MOJ;293;87;0.00176858
808;0MD006036MOJ;294;87;0.00501914
808;0MD006036MOJ;295;87;0.00523467
808;0MD006036MOJ;296;87;0.00351613
808;0MD006036MOJ;303;87;0.00101893
808;0MD006036MOJ;304;87;0.00470766
808;0MD006036MOJ;237;88;0.00000900
808;0MD006036MOJ;238;88;0.00002285
808;0MD006036MOJ;239;88;0.00005273
808;0MD006036MOJ;240;88;0.00000278
808;0MD006036MOJ;245;88;0.00005647
808;0MD006036MOJ;246;88;0.00014787
808;0MD006036MOJ;249;88;0.00001569
808;0MD006036MOJ;250;88;0.00001820
808;0MD006036MOJ;251;88;0.00005204
808;0MD006036MOJ;252;88;0.00005239
808;0MD006036MOJ;257;88;0.00690039
808;0MD006036MOJ;258;88;0.00562491
808;0MD006036MOJ;268;88;0.00002074
808;0MD006036MOJ;280;88;0.00002990
808;0MD006036MOJ;293;88;0.00001336
808;0MD006036MOJ;296;88;0.00163753
808;0MD006036MOJ;297;88;0.00494148
808;0MD006036MOJ;298;88;0.00529801
808;0MD006036MOJ;299;88;0.00522850
808;0MD006036MOJ;300;88;0.00468110
808;0MD006036MOJ;302;88;0.00215961
808;0MD006036MOJ;303;88;0.00560703
808;0MD006036MOJ;237;89;0.00099999
808;0MD006036MOJ;245;89;0.00020839
808;0MD006036MOJ;250;89;0.00001447
808;0MD006036MOJ;251;89;0.00008084
808;0MD006036MOJ;252;89;0.00010318
808;0MD006036MOJ;258;89;0.00190595
808;0MD006036MOJ;259;89;0.00753203
808;0MD006036MOJ;260;89;0.00361298
808;0MD006036MOJ;267;89;0.00000354
808;0MD006036MOJ;268;89;0.00001345
808;0MD006036MOJ;280;89;0.00003034
808;0MD006036MOJ;293;89;0.00001503
808;0MD006036MOJ;300;89;0.00032737
808;0MD006036MOJ;301;89;0.00514662
808;0MD006036MOJ;302;89;0.00336908
808;0MD006036MOJ;237;90;0.00140298
808;0MD006036MOJ;252;90;0.00014901
808;0MD006036MOJ;260;90;0.00362520
808;0MD006036MOJ;261;90;0.00725987
808;0MD006036MOJ;262;90;0.00235879
808;0MD006036MOJ;280;90;0.00003109
808;0MD006036MOJ;292;90;0.00000574
808;0MD006036MOJ;293;90;0.00000726
808;0MD006036MOJ;237;91;0.00142005
808;0MD006036MOJ;252;91;0.00001848
808;0MD006036MOJ;253;91;0.00013693
808;0MD006036MOJ;262;91;0.00627539
808;0MD006036MOJ;263;91;0.00347036
808;0MD006036MOJ;280;91;0.00002812
808;0MD006036MOJ;292;91;0.00001181
808;0MD006036MOJ;236;92;0.00030475
808;0MD006036MOJ;237;92;0.00109023
808;0MD006036MOJ;253;92;0.00004745
808;0MD006036MOJ;254;92;0.00010790
808;0MD006036MOJ;263;92;0.00425456
808;0MD006036MOJ;264;92;0.00658505
808;0MD006036MOJ;265;92;0.00701791
808;0MD006036MOJ;266;92;0.00475278
808;0MD006036MOJ;280;92;0.00000018
808;0MD006036MOJ;281;92;0.00002528
808;0MD006036MOJ;291;92;0.00001324
808;0MD006036MOJ;292;92;0.00000108
808;0MD006036MOJ;236;93;0.00139499
808;0MD006036MOJ;254;93;0.00007652
808;0MD006036MOJ;255;93;0.00007243
808;0MD006036MOJ;266;93;0.00268390
808;0MD006036MOJ;267;93;0.00691727
808;0MD006036MOJ;281;93;0.00000708
808;0MD006036MOJ;282;93;0.00001734
808;0MD006036MOJ;290;93;0.00000696
808;0MD006036MOJ;291;93;0.00000357
808;0MD006036MOJ;236;94;0.00139498
808;0MD006036MOJ;255;94;0.00012071
808;0MD006036MOJ;267;94;0.00284191
808;0MD006036MOJ;268;94;0.00495842
808;0MD006036MOJ;282;94;0.00002105
808;0MD006036MOJ;290;94;0.00001037
808;0MD006036MOJ;236;95;0.00137172
808;0MD006036MOJ;255;95;0.00010787
808;0MD006036MOJ;256;95;0.00004228
808;0MD006036MOJ;268;95;0.00529911
808;0MD006036MOJ;269;95;0.00564904
808;0MD006036MOJ;282;95;0.00000926
808;0MD006036MOJ;283;95;0.00003730
808;0MD006036MOJ;290;95;0.00001034
808;0MD006036MOJ;236;96;0.00136387
808;0MD006036MOJ;256;96;0.00016434
808;0MD006036MOJ;269;96;0.00581061
808;0MD006036MOJ;270;96;0.00118645
808;0MD006036MOJ;283;96;0.00000730
808;0MD006036MOJ;289;96;0.00000164
808;0MD006036MOJ;290;96;0.00000856
808;0MD006036MOJ;236;97;0.00148403
808;0MD006036MOJ;270;97;0.00864682
808;0MD006036MOJ;271;97;0.00045233
808;0MD006036MOJ;274;97;0.00000266
808;0MD006036MOJ;283;97;0.00000721
808;0MD006036MOJ;289;97;0.00001024
808;0MD006036MOJ;235;98;0.00039624
808;0MD006036MOJ;236;98;0.00105731
808;0MD006036MOJ;271;98;0.00850083
808;0MD006036MOJ;272;98;0.00114990
808;0MD006036MOJ;274;98;0.00000342
808;0MD006036MOJ;283;98;0.00000663
808;0MD006036MOJ;288;98;0.00000187
808;0MD006036MOJ;289;98;0.00001202
808;0MD006036MOJ;236;99;0.00037614
808;0MD006036MOJ;272;99;0.00741268
808;0MD006036MOJ;273;99;0.00248017
808;0MD006036MOJ;274;99;0.00000204
808;0MD006036MOJ;283;99;0.00000563
808;0MD006036MOJ;284;99;0.00000480
808;0MD006036MOJ;288;99;0.00000476
808;0MD006036MOJ;289;99;0.00000848
808;0MD006036MOJ;236;100;0.00033199
808;0MD006036MOJ;273;100;0.00593877
808;0MD006036MOJ;274;100;0.00676631
808;0MD006036MOJ;284;100;0.00000721
808;0MD006036MOJ;286;100;0.00000187
808;0MD006036MOJ;287;100;0.00001254
808;0MD006036MOJ;288;100;0.00001155
808;0MD006036MOJ;289;100;0.00000017
808;0MD006036MOJ;236;101;0.00033858
808;0MD006036MOJ;274;101;0.00033214
808;0MD006036MOJ;275;101;0.00702604
808;0MD006036MOJ;276;101;0.00709380
808;0MD006036MOJ;277;101;0.00185291
808;0MD006036MOJ;284;101;0.00000153
808;0MD006036MOJ;285;101;0.00000621
808;0MD006036MOJ;286;101;0.00001267
808;0MD006036MOJ;236;102;0.00032784
808;0MD006036MOJ;277;102;0.00541145
808;0MD006036MOJ;278;102;0.00726914
808;0MD006036MOJ;279;102;0.00166928
808;0MD006036MOJ;285;102;0.00001939
808;0MD006036MOJ;286;102;0.00000131
808;0MD006036MOJ;236;103;0.00035117
808;0MD006036MOJ;278;103;0.00034385
808;0MD006036MOJ;279;103;0.00537113
808;0MD006036MOJ;280;103;0.00691996
808;0MD006036MOJ;281;103;0.00632664
808;0MD006036MOJ;282;103;0.00637477
808;0MD006036MOJ;283;103;0.00720620
808;0MD006036MOJ;284;103;0.00006240
808;0MD006036MOJ;285;103;0.00002226
808;0MD006036MOJ;236;104;0.00002779
808;0MD006036MOJ;237;104;0.00037037
808;0MD006036MOJ;278;104;0.00025573
808;0MD006036MOJ;283;104;0.00000828
808;0MD006036MOJ;284;104;0.00648194
808;0MD006036MOJ;237;105;0.00027890
808;0MD006036MOJ;238;105;0.00008068
808;0MD006036MOJ;277;105;0.00011720
808;0MD006036MOJ;278;105;0.00024621
808;0MD006036MOJ;284;105;0.00646789
808;0MD006036MOJ;238;106;0.00043394
808;0MD006036MOJ;239;106;0.00035735
808;0MD006036MOJ;284;106;0.00651029
808;0MD006036MOJ;239;107;0.00003431
808;0MD006036MOJ;240;107;0.00051000
808;0MD006036MOJ;284;107;0.00351985
808;0MD006036MOJ;285;107;0.00131686
808;0MD006036MOJ;240;108;0.00035561
808;0MD006036MOJ;240;109;0.00032028
808;0MD006036MOJ;241;109;0.00013182
808;0MD006036MOJ;240;110;0.00004307
808;0MD006036MOJ;241;110;0.00002753
808;0SS0060330SC;272;47;0.00034012
808;0SS0060330SC;273;47;0.00435534
808;0SS0060330SC;278;47;0.00015445
808;0SS0060330SC;272;48;0.00544057
808;0SS0060330SC;273;48;0.00004847
808;0SS0060330SC;277;48;0.00031479
808;0SS0060330SC;278;48;0.00032505
808;0SS0060330SC;280;48;0.00000431
808;0SS0060330SC;281;48;0.00001329
808;0SS0060330SC;282;48;0.00000037
808;0SS0060330SC;271;49;0.00017917
808;0SS0060330SC;272;49;0.00553593
808;0SS0060330SC;276;49;0.00032869
808;0SS0060330SC;277;49;0.00029994
808;0SS0060330SC;278;49;0.00005663
808;0SS0060330SC;280;49;0.00000971
808;0SS0060330SC;262;50;0.00009615
808;0SS0060330SC;263;50;0.00077270
808;0SS0060330SC;270;50;0.00012409
808;0SS0060330SC;271;50;0.00060751
808;0SS0060330SC;272;50;0.00535704
808;0SS0060330SC;273;50;0.00084665
808;0SS0060330SC;274;50;0.00060748
808;0SS0060330SC;275;50;0.00051066
808;0SS0060330SC;276;50;0.00036269
808;0SS0060330SC;277;50;0.00009359
808;0SS0060330SC;278;50;0.00012547
808;0SS0060330SC;279;50;0.00002492
808;0SS0060330SC;280;50;0.00000125
808;0SS0060330SC;263;51;0.00032555
808;0SS0060330SC;264;51;0.00114955
808;0SS0060330SC;265;51;0.00073195
808;0SS0060330SC;269;51;0.00035953
808;0SS0060330SC;270;51;0.00057116
808;0SS0060330SC;271;51;0.00010969
808;0SS0060330SC;272;51;0.00734254
808;0SS0060330SC;273;51;0.00025399
808;0SS0060330SC;274;51;0.00001664
808;0SS0060330SC;275;51;0.00002639
808;0SS0060330SC;276;51;0.00000821
808;0SS0060330SC;265;52;0.00129196
808;0SS0060330SC;268;52;0.00009244
808;0SS0060330SC;269;52;0.00054905
808;0SS0060330SC;270;52;0.00032284
808;0SS0060330SC;271;52;0.00417844
808;0SS0060330SC;272;52;0.00461925
808;0SS0060330SC;275;52;0.00000283
808;0SS0060330SC;276;52;0.00002709
808;0SS0060330SC;265;53;0.00191955
808;0SS0060330SC;267;53;0.00050118
808;0SS0060330SC;268;53;0.00087110
808;0SS0060330SC;269;53;0.00152195
808;0SS0060330SC;270;53;0.00233776
808;0SS0060330SC;271;53;0.00997060
808;0SS0060330SC;272;53;0.00008601
808;0SS0060330SC;276;53;0.00000496
808;0SS0060330SC;277;53;0.00002361
808;0SS0060330SC;278;53;0.00002270
808;0SS0060330SC;279;53;0.00000349
808;0SS0060330SC;258;54;0.00000688
808;0SS0060330SC;265;54;0.00238021
808;0SS0060330SC;266;54;0.00028441
808;0SS0060330SC;267;54;0.00201874
808;0SS0060330SC;268;54;0.00407115
808;0SS0060330SC;269;54;0.00365101
808;0SS0060330SC;270;54;0.01309165
808;0SS0060330SC;271;54;0.02792478
808;0SS0060330SC;272;54;0.02170120
808;0SS0060330SC;273;54;0.02267483
808;0SS0060330SC;274;54;0.02174153
808;0SS0060330SC;275;54;0.02161976
808;0SS0060330SC;276;54;0.02164543
808;0SS0060330SC;277;54;0.02144499
808;0SS0060330SC;278;54;0.02142082
808;0SS0060330SC;279;54;0.02153326
808;0SS0060330SC;280;54;0.02152398
808;0SS0060330SC;281;54;0.02202990
808;0SS0060330SC;282;54;0.02168951
808;0SS0060330SC;283;54;0.02168986
808;0SS0060330SC;284;54;0.01240293
808;0SS0060330SC;258;55;0.00011744
808;0SS0060330SC;262;55;0.00000391
808;0SS0060330SC;264;55;0.00122172
808;0SS0060330SC;265;55;0.00555156
808;0SS0060330SC;266;55;0.00460590
808;0SS0060330SC;267;55;0.00495227
808;0SS0060330SC;268;55;0.03453776
808;0SS0060330SC;269;55;0.04110683
808;0SS0060330SC;270;55;0.02408777
808;0SS0060330SC;271;55;0.00103737
808;0SS0060330SC;272;55;0.00000813
808;0SS0060330SC;273;55;0.00000771
808;0SS0060330SC;274;55;0.00000158
808;0SS0060330SC;278;55;0.00005418
808;0SS0060330SC;279;55;0.00001582
808;0SS0060330SC;261;56;0.00016169
808;0SS0060330SC;262;56;0.00067302
808;0SS0060330SC;263;56;0.00387778
808;0SS0060330SC;264;56;0.00247773
808;0SS0060330SC;265;56;0.00410765
808;0SS0060330SC;266;56;0.03992058
808;0SS0060330SC;267;56;0.03722862
808;0SS0060330SC;268;56;0.00436836
808;0SS0060330SC;269;56;0.00054388
808;0SS0060330SC;270;56;0.00006153
808;0SS0060330SC;271;56;0.00016643
808;0SS0060330SC;272;56;0.00000080
808;0SS0060330SC;278;56;0.00003980
808;0SS0060330SC;261;57;0.00122469
808;0SS0060330SC;262;57;0.00537156
808;0SS0060330SC;263;57;0.00500038
808;0SS0060330SC;264;57;0.01910137
808;0SS0060330SC;265;57;0.04525699
808;0SS0060330SC;266;57;0.00306088
808;0SS0060330SC;267;57;0.00007302
808;0SS0060330SC;269;57;0.00003853
808;0SS0060330SC;270;57;0.00003804
808;0SS0060330SC;261;58;0.00463925
808;0SS0060330SC;262;58;0.00504558
808;0SS0060330SC;263;58;0.04222749
808;0SS0060330SC;264;58;0.02469667
808;0SS0060330SC;267;58;0.00008124
808;0SS0060330SC;268;58;0.00006328
808;0SS0060330SC;269;58;0.00003648
808;0SS0060330SC;258;59;0.00000010
808;0SS0060330SC;259;59;0.00304360
808;0SS0060330SC;260;59;0.01062708
808;0SS0060330SC;261;59;0.03770590
808;0SS0060330SC;262;59;0.04819777
808;0SS0060330SC;263;59;0.00325257
808;0SS0060330SC;266;59;0.00010688
808;0SS0060330SC;267;59;0.00011151
808;0SS0060330SC;268;59;0.00000443
808;0SS0060330SC;257;60;0.00515605
808;0SS0060330SC;258;60;0.03973791
808;0SS0060330SC;259;60;0.03964598
808;0SS0060330SC;260;60;0.03461901
808;0SS0060330SC;261;60;0.00159208
808;0SS0060330SC;262;60;0.00204598
808;0SS0060330SC;263;60;0.00083252
808;0SS0060330SC;264;60;0.00034005
808;0SS0060330SC;265;60;0.00032128
808;0SS0060330SC;266;60;0.00001529
808;0SS0060330SC;260;61;0.00311296
808;0SS0060330SC;261;61;0.00172473
808;0SS0060330SC;262;61;0.00208405
808;0SS0060330SC;263;61;0.00059288
808;0SS0060330SC;260;62;0.00260401
808;0SS0060330SC;261;62;0.00157152
808;0SS0060330SC;260;63;0.00133473
808;0MD006033MOJ;303;49;0.00027821
808;0MD006033MOJ;300;50;0.00003163
808;0MD006033MOJ;303;50;0.00047421
808;0MD006033MOJ;304;50;0.00031748
808;0MD006033MOJ;300;51;0.00018695
808;0MD006033MOJ;304;51;0.00062715
808;0MD006033MOJ;305;51;0.00043210
808;0MD006033MOJ;299;52;0.00008346
808;0MD006033MOJ;300;52;0.00012555
808;0MD006033MOJ;304;52;0.00006049
808;0MD006033MOJ;305;52;0.00081109
808;0MD006033MOJ;296;53;0.00005596
808;0MD006033MOJ;297;53;0.08016623
808;0MD006033MOJ;298;53;0.08328041
808;0MD006033MOJ;299;53;0.07510968
808;0MD006033MOJ;305;53;0.00111774
808;0MD006033MOJ;306;53;0.00010636
808;0MD006033MOJ;296;54;0.05347237
808;0MD006033MOJ;297;54;0.00462507
808;0MD006033MOJ;299;54;0.00930243
808;0MD006033MOJ;300;54;0.08377147
808;0MD006033MOJ;301;54;0.08352240
808;0MD006033MOJ;302;54;0.08359280
808;0MD006033MOJ;303;54;0.08400896
808;0MD006033MOJ;304;54;0.08365073
808;0MD006033MOJ;305;54;0.08426707
808;0MD006033MOJ;306;54;0.08654499
808;0MD006033MOJ;307;54;0.08266344
808;0MD006033MOJ;308;54;0.00870758
808;0MD006033MOJ;298;55;0.00017785
808;0MD006033MOJ;299;55;0.00001630
808;0MD006033MOJ;305;55;0.00036351
808;0MD006033MOJ;306;55;0.00004207
808;0MD006033MOJ;307;55;0.00049959
808;0MD006033MOJ;298;56;0.00023674
808;0MD006033MOJ;305;56;0.00009899
808;0MD006033MOJ;306;56;0.00003266
808;0MD006033MOJ;307;56;0.00046759
808;0MD006033MOJ;298;57;0.00018816
808;0MD006033MOJ;306;57;0.00003774
808;0MD006033MOJ;307;57;0.00058453
808;0MD006033MOJ;308;57;0.00025080
808;0MD006033MOJ;297;58;0.00014373
808;0MD006033MOJ;298;58;0.00004520
808;0MD006033MOJ;308;58;0.00050703
808;0MD006033MOJ;297;59;0.00018704
808;0MD006033MOJ;298;59;0.00003501
808;0MD006033MOJ;307;59;0.00040607
808;0MD006033MOJ;308;59;0.00011314
808;0MD006033MOJ;298;60;0.00003427
808;0MD006033MOJ;307;60;0.00051488
808;0MD006033MOJ;307;61;0.00050764
808;0MD006033MOJ;307;62;0.00052415
808;0MD006033MOJ;307;63;0.00047665
808;0MD006033MOJ;307;64;0.00043704
808;0MD006033MOJ;308;64;0.00008120
808;0MD006033MOJ;308;65;0.00043585
808;0MD006033MOJ;300;66;0.00017064
808;0MD006033MOJ;308;66;0.00049699
808;0MD006033MOJ;301;67;0.00016079
808;0MD006033MOJ;308;67;0.00033214
808;0MD0060330SC;295;52;0.00014176
808;0MD0060330SC;294;53;0.00016696
808;0MD0060330SC;295;53;0.00024669
808;0MD0060330SC;296;53;0.00003401
808;0MD0060330SC;284;54;0.02335276
808;0MD0060330SC;292;54;0.00010159
808;0MD0060330SC;293;54;0.04159763
808;0MD0060330SC;294;54;0.08246469
808;0MD0060330SC;295;54;0.08459640
808;0MD0060330SC;296;54;0.03014165
808;0MD0060330SC;284;55;0.01565437
808;0MD0060330SC;285;55;0.08551495
808;0MD0060330SC;286;55;0.08515149
808;0MD0060330SC;287;55;0.07274034
808;0MD0060330SC;289;55;0.05612330
808;0MD0060330SC;290;55;0.08211696
808;0MD0060330SC;291;55;0.08294417
808;0MD0060330SC;292;55;0.08273629
808;0MD0060330SC;293;55;0.04123694
808;0MD0060330SC;278;56;0.00006717
808;0MD0060330SC;287;56;0.01195231
808;0MD0060330SC;288;56;0.08170100
808;0MD0060330SC;289;56;0.02398946
808;0MD0060330SC;278;57;0.00009516
808;0MD0060330SC;279;57;0.00012053
808;0MD0060330SC;288;57;0.00013982
808;0MD0060330SC;289;57;0.00144605
808;0MD0060330SC;279;58;0.00022041
808;0MD0060330SC;289;58;0.00032644
808;0MD0060330SC;290;58;0.00119078
808;0MD0060330SC;278;59;0.00011882
808;0MD0060330SC;279;59;0.00013444
808;0MD0060330SC;290;59;0.00060660
808;0MD0060330SC;291;59;0.00073109
808;0MD0060330SC;276;60;0.00001893
808;0MD0060330SC;277;60;0.00013959
808;0MD0060330SC;278;60;0.00015145
808;0MD0060330SC;291;60;0.00114218
808;0MD0060330SC;274;61;0.00011571
808;0MD0060330SC;275;61;0.00014482
808;0MD0060330SC;276;61;0.00013277
808;0MD0060330SC;277;61;0.00000932
808;0MD0060330SC;291;61;0.00114204
808;0MD0060330SC;273;62;0.00010224
808;0MD0060330SC;274;62;0.00009267
808;0MD0060330SC;291;62;0.00114174
808;0MD0060330SC;273;63;0.00017356
808;0MD0060330SC;291;63;0.00114176
808;0MD0060330SC;273;64;0.00000762
808;0MD0060330SC;291;64;0.00114176
808;0MD0060330SC;291;65;0.00123292
808;0MD0060330SC;292;65;0.00045582
808;0MD0060330SC;292;66;0.00093623
808;0MD0060330SC;293;66;0.00067383
