#GRID CA_State4k -684000. -564000. 4000. 4000. 321 291 1 LAMBERT METERS 30. 60. -120.5 -120.5 37.
815;0SC0060300SC;238;44;0.00040453
815;0SC0060300SC;237;45;0.00074610
815;0SC0060300SC;238;45;0.00399060
815;0SC0060300SC;235;46;0.00041058
815;0SC0060300SC;236;46;0.00475384
815;0SC0060300SC;237;46;0.00696804
815;0SC0060300SC;238;46;0.00195473
815;0SC0060300SC;239;46;0.00018188
815;0SC0060300SC;234;47;0.00058357
815;0SC0060300SC;235;47;0.00319727
815;0SC0060300SC;236;47;0.00853970
815;0SC0060300SC;237;47;0.00115092
815;0SC0060300SC;238;47;0.00044407
815;0SC0060300SC;239;47;0.00006201
815;0SC0060300SC;233;48;0.00073973
815;0SC0060300SC;234;48;0.00223121
815;0SC0060300SC;235;48;0.00244808
815;0SC0060300SC;236;48;0.01036445
815;0SC0060300SC;237;48;0.00249709
815;0SC0060300SC;238;48;0.00131435
815;0SC0060300SC;239;48;0.00110265
815;0SC0060300SC;232;49;0.00155467
815;0SC0060300SC;233;49;0.00110090
815;0SC0060300SC;234;49;0.00158884
815;0SC0060300SC;235;49;0.00648187
815;0SC0060300SC;236;49;0.01378659
815;0SC0060300SC;237;49;0.00465511
815;0SC0060300SC;238;49;0.00049315
815;0SC0060300SC;239;49;0.00126118
815;0SC0060300SC;230;50;0.00249863
815;0SC0060300SC;231;50;0.00350775
815;0SC0060300SC;232;50;0.00253840
815;0SC0060300SC;233;50;0.00125565
815;0SC0060300SC;234;50;0.00288978
815;0SC0060300SC;235;50;0.01439730
815;0SC0060300SC;236;50;0.01363935
815;0SC0060300SC;237;50;0.00429287
815;0SC0060300SC;238;50;0.00035781
815;0SC0060300SC;239;50;0.00024390
815;0SC0060300SC;240;50;0.00091259
815;0SC0060300SC;241;50;0.00053335
815;0SC0060300SC;228;51;0.00049636
815;0SC0060300SC;229;51;0.00386078
815;0SC0060300SC;230;51;0.00567060
815;0SC0060300SC;231;51;0.00646581
815;0SC0060300SC;232;51;0.00868287
815;0SC0060300SC;233;51;0.00280274
815;0SC0060300SC;234;51;0.01839100
815;0SC0060300SC;235;51;0.01989123
815;0SC0060300SC;236;51;0.00620100
815;0SC0060300SC;237;51;0.00540305
815;0SC0060300SC;238;51;0.00304978
815;0SC0060300SC;241;51;0.00010378
815;0SC0060300SC;227;52;0.00052227
815;0SC0060300SC;228;52;0.00311640
815;0SC0060300SC;229;52;0.00615844
815;0SC0060300SC;230;52;0.01704433
815;0SC0060300SC;231;52;0.02517043
815;0SC0060300SC;232;52;0.02115044
815;0SC0060300SC;233;52;0.01610832
815;0SC0060300SC;234;52;0.02138869
815;0SC0060300SC;235;52;0.00377082
815;0SC0060300SC;236;52;0.00735146
815;0SC0060300SC;237;52;0.00280458
815;0SC0060300SC;238;52;0.00052771
815;0SC0060300SC;226;53;0.00063069
815;0SC0060300SC;227;53;0.00258876
815;0SC0060300SC;228;53;0.00608525
815;0SC0060300SC;229;53;0.02394838
815;0SC0060300SC;230;53;0.01129939
815;0SC0060300SC;231;53;0.01038675
815;0SC0060300SC;232;53;0.01738154
815;0SC0060300SC;233;53;0.02067024
815;0SC0060300SC;234;53;0.00990321
815;0SC0060300SC;235;53;0.00535904
815;0SC0060300SC;236;53;0.00030170
815;0SC0060300SC;237;53;0.00055547
815;0SC0060300SC;226;54;0.00461639
815;0SC0060300SC;227;54;0.01985518
815;0SC0060300SC;228;54;0.02608100
815;0SC0060300SC;229;54;0.01614594
815;0SC0060300SC;230;54;0.01600024
815;0SC0060300SC;231;54;0.01334825
815;0SC0060300SC;232;54;0.02998236
815;0SC0060300SC;233;54;0.00742249
815;0SC0060300SC;234;54;0.00310075
815;0SC0060300SC;235;54;0.00436799
815;0SC0060300SC;236;54;0.00083098
815;0SC0060300SC;237;54;0.00006196
815;0SC0060300SC;226;55;0.00503915
815;0SC0060300SC;227;55;0.00645617
815;0SC0060300SC;228;55;0.00840458
815;0SC0060300SC;229;55;0.00955983
815;0SC0060300SC;230;55;0.00927092
815;0SC0060300SC;231;55;0.03719219
815;0SC0060300SC;232;55;0.01709881
815;0SC0060300SC;233;55;0.00394610
815;0SC0060300SC;234;55;0.00637601
815;0SC0060300SC;235;55;0.00129787
815;0SC0060300SC;236;55;0.00000201
815;0SC0060300SC;227;56;0.00399096
815;0SC0060300SC;228;56;0.00978309
815;0SC0060300SC;229;56;0.01423033
815;0SC0060300SC;230;56;0.02206383
815;0SC0060300SC;231;56;0.01613999
815;0SC0060300SC;232;56;0.01523003
815;0SC0060300SC;233;56;0.00382783
815;0SC0060300SC;234;56;0.00107352
815;0SC0060300SC;235;56;0.00371302
815;0SC0060300SC;236;56;0.00000093
815;0SC0060300SC;227;57;0.00161239
815;0SC0060300SC;228;57;0.02096457
815;0SC0060300SC;229;57;0.02402992
815;0SC0060300SC;230;57;0.01673554
815;0SC0060300SC;231;57;0.02477737
815;0SC0060300SC;232;57;0.01406591
815;0SC0060300SC;233;57;0.01621155
815;0SC0060300SC;234;57;0.01272116
815;0SC0060300SC;235;57;0.01537205
815;0SC0060300SC;236;57;0.00339803
815;0SC0060300SC;228;58;0.00047600
815;0SC0060300SC;229;58;0.00551230
815;0SC0060300SC;230;58;0.00908876
815;0SC0060300SC;231;58;0.01753712
815;0SC0060300SC;232;58;0.00512339
815;0SC0060300SC;233;58;0.00262104
815;0SC0060300SC;234;58;0.00114052
815;0SC0060300SC;235;58;0.00009811
815;0SC0060300SC;229;59;0.00420247
815;0SC0060300SC;230;59;0.00503306
815;0SC0060300SC;231;59;0.01212525
815;0SC0060300SC;232;59;0.00221472
815;0SC0060300SC;233;59;0.00110969
815;0SV006052TEH;136;218;0.02279727
815;0SV006052TEH;136;219;0.02448089
815;0SV006052TEH;136;220;0.02448091
815;0SV006052TEH;138;220;0.00613467
815;0SV006052TEH;139;220;0.00050343
815;0SV006052TEH;140;220;0.00787826
815;0SV006052TEH;141;220;0.03884698
815;0SV006052TEH;136;221;0.03502889
815;0SV006052TEH;137;221;0.02698522
815;0SV006052TEH;138;221;0.00383736
815;0SV006052TEH;139;221;0.01340845
815;0SV006052TEH;140;221;0.03358582
815;0SV006052TEH;136;222;0.03706587
815;0SV006052TEH;137;222;0.00838677
815;0SV006052TEH;139;222;0.02384538
815;0SV006052TEH;136;223;0.03308550
815;0SV006052TEH;137;223;0.01541747
815;0SV006052TEH;138;223;0.00375885
815;0SV006052TEH;139;223;0.01972623
815;0SV006052TEH;136;224;0.02075199
815;0SV006052TEH;138;224;0.02558051
815;0SV006052TEH;149;224;0.00145325
815;0SV006052TEH;136;225;0.02075199
815;0SV006052TEH;137;225;0.00770548
815;0SV006052TEH;138;225;0.01246802
815;0SV006052TEH;149;225;0.00131544
815;0SV006052TEH;136;226;0.02721720
815;0SV006052TEH;137;226;0.01842181
815;0SV006052TEH;138;226;0.01396840
815;0SV006052TEH;149;226;0.00244550
815;0SV006052TEH;136;227;0.04512807
815;0SV006052TEH;137;227;0.00368979
815;0SV006052TEH;138;227;0.01141430
815;0SV006052TEH;149;227;0.00201574
815;0SV006052TEH;150;227;0.00094575
815;0SV006052TEH;135;228;0.00003054
815;0SV006052TEH;136;228;0.09200552
815;0SV006052TEH;137;228;0.01294898
815;0SV006052TEH;150;228;0.00228100
815;0SV006052TEH;151;228;0.00099334
815;0SV006052TEH;131;229;0.00020445
815;0SV006052TEH;132;229;0.00024802
815;0SV006052TEH;133;229;0.00024802
815;0SV006052TEH;134;229;0.00025706
815;0SV006052TEH;135;229;0.04248178
815;0SV006052TEH;136;229;0.02360076
815;0SV006052TEH;137;229;0.00036401
815;0SV006052TEH;151;229;0.00223341
815;0SV006052TEH;152;229;0.00104094
815;0SV006052TEH;129;230;0.00006654
815;0SV006052TEH;130;230;0.00030498
815;0SV006052TEH;131;230;0.00007829
815;0SV006052TEH;135;230;0.03621957
815;0SV006052TEH;136;230;0.02709035
815;0SV006052TEH;137;230;0.00003326
815;0SV006052TEH;138;230;0.00035353
815;0SV006052TEH;152;230;0.00218581
815;0SV006052TEH;153;230;0.00318850
815;0SV006052TEH;154;230;0.00132412
815;0SV006052TEH;126;231;0.00006969
815;0SV006052TEH;127;231;0.00026105
815;0SV006052TEH;128;231;0.00026105
815;0SV006052TEH;129;231;0.00019601
815;0SV006052TEH;135;231;0.03163679
815;0SV006052TEH;138;231;0.00020665
815;0SV006052TEH;139;231;0.00032414
815;0SV006052TEH;140;231;0.00032258
815;0SV006052TEH;141;231;0.00032258
815;0SV006052TEH;142;231;0.00002397
815;0SV006052TEH;152;231;0.00063538
815;0SV006052TEH;153;231;0.00015118
815;0SV006052TEH;123;232;0.00007435
815;0SV006052TEH;124;232;0.00026105
815;0SV006052TEH;125;232;0.00026105
815;0SV006052TEH;126;232;0.00019135
815;0SV006052TEH;135;232;0.03100181
815;0SV006052TEH;136;232;0.00246147
815;0SV006052TEH;142;232;0.00029861
815;0SV006052TEH;143;232;0.00032258
815;0SV006052TEH;144;232;0.00032258
815;0SV006052TEH;145;232;0.00032258
815;0SV006052TEH;146;232;0.00032051
815;0SV006052TEH;147;232;0.00031846
815;0SV006052TEH;148;232;0.00031846
815;0SV006052TEH;149;232;0.00033249
815;0SV006052TEH;150;232;0.00024138
815;0SV006052TEH;151;232;0.00088628
815;0SV006052TEH;152;232;0.00012786
815;0SV006052TEH;123;233;0.00087167
815;0SV006052TEH;135;233;0.05509910
815;0SV006052TEH;136;233;0.02524404
815;0SV006052TEH;150;233;0.00057791
815;0SV006052TEH;151;233;0.00007742
815;0SV006052TEH;150;234;0.00035594
815;0SV006052TEH;150;235;0.00098976
815;0SV006006COL;133;194;0.00278613
815;0SV006006COL;140;194;0.03099316
815;0SV006006COL;133;195;0.00661352
815;0SV006006COL;139;195;0.03343572
815;0SV006006COL;140;195;0.02594216
815;0SV006006COL;131;196;0.00083561
815;0SV006006COL;132;196;0.01091671
815;0SV006006COL;133;196;0.00664233
815;0SV006006COL;139;196;0.06867557
815;0SV006006COL;140;196;0.00034179
815;0SV006006COL;133;197;0.00462112
815;0SV006006COL;138;197;0.03123354
815;0SV006006COL;139;197;0.02795679
815;0SV006006COL;140;197;0.00298779
815;0SV006006COL;141;197;0.00167503
815;0SV006006COL;142;197;0.00049406
815;0SV006006COL;133;198;0.00462112
815;0SV006006COL;138;198;0.05787283
815;0SV006006COL;142;198;0.00223549
815;0SV006006COL;133;199;0.00442216
815;0SV006006COL;134;199;0.00243467
815;0SV006006COL;137;199;0.02385732
815;0SV006006COL;138;199;0.03356634
815;0SV006006COL;141;199;0.00136048
815;0SV006006COL;142;199;0.00060311
815;0SV006006COL;134;200;0.00331637
815;0SV006006COL;135;200;0.00477970
815;0SV006006COL;136;200;0.00459776
815;0SV006006COL;137;200;0.06996337
815;0SV006006COL;140;200;0.00040523
815;0SV006006COL;141;200;0.03406742
815;0SV006006COL;142;200;0.02680761
815;0SV006006COL;136;201;0.00836964
815;0SV006006COL;137;201;0.06334646
815;0SV006006COL;138;201;0.03449230
815;0SV006006COL;139;201;0.03068116
815;0SV006006COL;140;201;0.02455611
815;0SV006006COL;136;202;0.04668236
815;0SV006006COL;140;202;0.01715011
815;0SV006006COL;136;203;0.05444372
815;0SV006006COL;137;203;0.01284788
815;0SV006006COL;138;203;0.01284788
815;0SV006006COL;139;203;0.01908391
815;0SV006006COL;140;203;0.00934638
815;0SV006006COL;136;204;0.04035981
815;0SV006006COL;139;204;0.00298054
815;0SV006006COL;140;204;0.00188191
815;0SV006006COL;136;205;0.03961087
815;0SV006006COL;140;205;0.00518350
815;0SV006006COL;141;205;0.00083071
815;0SV006006COL;136;206;0.03659508
815;0SV006006COL;140;206;0.00402240
815;0SV006006COL;141;206;0.00038935
815;0SV006006COL;142;206;0.00075379
815;0SV006006COL;140;207;0.00248213
815;SCC0060420SB;194;70;0.01134918
815;SCC0060420SB;195;70;0.00341492
815;SCC0060420SB;185;71;0.00000683
815;SCC0060420SB;186;71;0.01391692
815;SCC0060420SB;187;71;0.00366622
815;SCC0060420SB;188;71;0.00125323
815;SCC0060420SB;189;71;0.03984728
815;SCC0060420SB;190;71;0.04842221
815;SCC0060420SB;191;71;0.03560766
815;SCC0060420SB;192;71;0.02968451
815;SCC0060420SB;193;71;0.03168313
815;SCC0060420SB;194;71;0.02183846
815;SCC0060420SB;195;71;0.00125049
815;SCC0060420SB;175;72;0.00002404
815;SCC0060420SB;180;72;0.00023559
815;SCC0060420SB;181;72;0.00673942
815;SCC0060420SB;182;72;0.00763941
815;SCC0060420SB;183;72;0.00808056
815;SCC0060420SB;184;72;0.00906004
815;SCC0060420SB;185;72;0.01182230
815;SCC0060420SB;186;72;0.03570728
815;SCC0060420SB;187;72;0.06120978
815;SCC0060420SB;188;72;0.06760212
815;SCC0060420SB;189;72;0.04559848
815;SCC0060420SB;190;72;0.00874309
815;SCC0060420SB;191;72;0.00394106
815;SCC0060420SB;192;72;0.00106164
815;SCC0060420SB;193;72;0.00007465
815;SCC0060420SB;175;73;0.00004988
815;SCC0060420SB;176;73;0.00018673
815;SCC0060420SB;177;73;0.00014983
815;SCC0060420SB;178;73;0.01235929
815;SCC0060420SB;179;73;0.00720755
815;SCC0060420SB;180;73;0.00740474
815;SCC0060420SB;181;73;0.00142384
815;SCC0060420SB;183;73;0.00000663
815;SCC0060420SB;184;73;0.00000634
815;SCC0060420SB;186;73;0.00000127
815;SCC0060420SB;187;73;0.00292979
815;SCC0060420SB;188;73;0.00461258
815;SCC0060420SB;189;73;0.00000002
815;SCC0060420SB;190;73;0.00000376
815;SCC0060420SB;191;73;0.00000001
815;SCC0060420SB;173;74;0.00011423
815;SCC0060420SB;174;74;0.00009875
815;SCC0060420SB;175;74;0.00339966
815;SCC0060420SB;176;74;0.00384562
815;SCC0060420SB;177;74;0.00381022
815;SCC0060420SB;178;74;0.00627217
815;SCC0060420SB;179;74;0.00013519
815;SCC0060420SB;181;74;0.00036388
815;SCC0060420SB;182;74;0.00021748
815;SCC0060420SB;183;74;0.00000324
815;SCC0060420SB;184;74;0.00000331
815;SCC0060420SB;185;74;0.00000146
815;SCC0060420SB;186;74;0.00274263
815;SCC0060420SB;187;74;0.00428850
815;SCC0060420SB;188;74;0.00006533
815;SCC0060420SB;189;74;0.00000009
815;SCC0060420SB;171;75;0.00000006
815;SCC0060420SB;172;75;0.00000003
815;SCC0060420SB;173;75;0.00001646
815;SCC0060420SB;174;75;0.00121435
815;SCC0060420SB;175;75;0.00287972
815;SCC0060420SB;178;75;0.00387855
815;SCC0060420SB;179;75;0.00015399
815;SCC0060420SB;180;75;0.00018709
815;SCC0060420SB;181;75;0.00073743
815;SCC0060420SB;183;75;0.00017416
815;SCC0060420SB;184;75;0.00398413
815;SCC0060420SB;185;75;0.00424636
815;SCC0060420SB;186;75;0.00154258
815;SCC0060420SB;187;75;0.00000829
815;SCC0060420SB;188;75;0.00000015
815;SCC0060420SB;189;75;0.00000007
815;SCC0060420SB;171;76;0.00000034
815;SCC0060420SB;172;76;0.00034410
815;SCC0060420SB;173;76;0.00232365
815;SCC0060420SB;174;76;0.00414942
815;SCC0060420SB;175;76;0.00009313
815;SCC0060420SB;176;76;0.00010868
815;SCC0060420SB;177;76;0.00009389
815;SCC0060420SB;178;76;0.00409579
815;SCC0060420SB;179;76;0.00636180
815;SCC0060420SB;180;76;0.00574546
815;SCC0060420SB;181;76;0.00288890
815;SCC0060420SB;182;76;0.00483698
815;SCC0060420SB;183;76;0.00367957
815;SCC0060420SB;171;77;0.00006302
815;SCC0060420SB;172;77;0.00662513
815;SCC0060420SB;173;77;0.01055464
815;SCC0060420SB;174;77;0.00010563
815;SCC0060420SB;175;77;0.00001390
815;SCC0060420SB;176;77;0.00418326
815;SCC0060420SB;177;77;0.00498393
815;SCC0060420SB;178;77;0.00761885
815;SCC0060420SB;179;77;0.00216848
815;SCC0060420SB;180;77;0.00092834
815;SCC0060420SB;181;77;0.00525504
815;SCC0060420SB;182;77;0.00017813
815;SCC0060420SB;183;77;0.00011118
815;SCC0060420SB;184;77;0.00001869
815;SCC0060420SB;170;78;0.00000001
815;SCC0060420SB;171;78;0.00008096
815;SCC0060420SB;172;78;0.01325242
815;SCC0060420SB;173;78;0.00725404
815;SCC0060420SB;174;78;0.00482444
815;SCC0060420SB;175;78;0.00502377
815;SCC0060420SB;176;78;0.00187739
815;SCC0060420SB;178;78;0.00000333
815;SCC0060420SB;179;78;0.00517954
815;SCC0060420SB;180;78;0.00532643
815;SCC0060420SB;181;78;0.00102935
815;SCC0060420SB;182;78;0.00005188
815;SCC0060420SB;184;78;0.00000214
815;SCC0060420SB;185;78;0.00000072
815;SCC0060420SB;170;79;0.00000060
815;SCC0060420SB;171;79;0.00043584
815;SCC0060420SB;172;79;0.00892865
815;SCC0060420SB;173;79;0.00294505
815;SCC0060420SB;176;79;0.00007473
815;SCC0060420SB;177;79;0.00003137
815;SCC0060420SB;178;79;0.00331928
815;SCC0060420SB;179;79;0.00734148
815;SCC0060420SB;180;79;0.00019573
815;SCC0060420SB;184;79;0.00000017
815;SCC0060420SB;185;79;0.00000141
815;SCC0060420SB;170;80;0.00000067
815;SCC0060420SB;171;80;0.00642246
815;SCC0060420SB;172;80;0.00137955
815;SCC0060420SB;173;80;0.00296995
815;SCC0060420SB;174;80;0.00009105
815;SCC0060420SB;175;80;0.00009228
815;SCC0060420SB;176;80;0.00401178
815;SCC0060420SB;177;80;0.00766548
815;SCC0060420SB;178;80;0.00393110
815;SCC0060420SB;179;80;0.00008340
815;SCC0060420SB;180;80;0.00011936
815;SCC0060420SB;181;80;0.00002523
815;SCC0060420SB;182;80;0.00000723
815;SCC0060420SB;183;80;0.00000029
815;SCC0060420SB;184;80;0.00000106
815;SCC0060420SB;185;80;0.00000036
815;SCC0060420SB;170;81;0.00004147
815;SCC0060420SB;171;81;0.00345473
815;SCC0060420SB;172;81;0.00607809
815;SCC0060420SB;173;81;0.00294074
815;SCC0060420SB;174;81;0.00004481
815;SCC0060420SB;175;81;0.00309289
815;SCC0060420SB;176;81;0.00636613
815;SCC0060420SB;177;81;0.00003332
815;SCC0060420SB;179;81;0.00018547
815;SCC0060420SB;180;81;0.00004786
815;SCC0060420SB;195;81;0.00013806
815;SCC0060420SB;171;82;0.00009521
815;SCC0060420SB;173;82;0.00709205
815;SCC0060420SB;174;82;0.00012145
815;SCC0060420SB;175;82;0.00830985
815;SCC0060420SB;176;82;0.00000192
815;SCC0060420SB;177;82;0.00005231
815;SCC0060420SB;178;82;0.00001899
815;SCC0060420SB;179;82;0.00000304
815;SCC0060420SB;193;82;0.00000001
815;SCC0060420SB;195;82;0.00008614
815;SCC0060420SB;171;83;0.00016186
815;SCC0060420SB;172;83;0.00038243
815;SCC0060420SB;173;83;0.01142674
815;SCC0060420SB;174;83;0.01049730
815;SCC0060420SB;175;83;0.00029008
815;SCC0060420SB;176;83;0.00028415
815;SCC0060420SB;177;83;0.00037498
815;SCC0060420SB;193;83;0.00000002
815;SCC0060420SB;194;83;0.00008812
815;SCC0060420SB;195;83;0.00002637
815;SCC0060420SB;171;84;0.00124268
815;SCC0060420SB;172;84;0.00233102
815;SCC0060420SB;173;84;0.03026392
815;SCC0060420SB;174;84;0.00423547
815;SCC0060420SB;175;84;0.00035798
815;SCC0060420SB;176;84;0.00078170
815;SCC0060420SB;177;84;0.00055041
815;SCC0060420SB;178;84;0.00002136
815;SCC0060420SB;190;84;0.00000027
815;SCC0060420SB;191;84;0.00000154
815;SCC0060420SB;192;84;0.00006086
815;SCC0060420SB;193;84;0.00000001
815;SCC0060420SB;194;84;0.00011794
815;SCC0060420SB;170;85;0.00125785
815;SCC0060420SB;171;85;0.00049545
815;SCC0060420SB;172;85;0.00411790
815;SCC0060420SB;173;85;0.05061025
815;SCC0060420SB;174;85;0.00093515
815;SCC0060420SB;175;85;0.00051338
815;SCC0060420SB;176;85;0.00002752
815;SCC0060420SB;178;85;0.00000595
815;SCC0060420SB;190;85;0.00006917
815;SCC0060420SB;191;85;0.00021516
815;SCC0060420SB;192;85;0.00024696
815;SCC0060420SB;170;86;0.00517079
815;SCC0060420SB;171;86;0.00388574
815;SCC0060420SB;172;86;0.00376652
815;SCC0060420SB;173;86;0.05255564
815;SCC0060420SB;174;86;0.00153336
815;SCC0060420SB;178;86;0.00003555
815;SCC0060420SB;186;86;0.00000168
815;SCC0060420SB;188;86;0.00010927
815;SCC0060420SB;189;86;0.00050394
815;SCC0060420SB;190;86;0.00042160
815;SCC0060420SB;191;86;0.00014998
815;SCC0060420SB;171;87;0.00000079
815;SCC0060420SB;173;87;0.00778855
815;SCC0060420SB;178;87;0.00001437
815;SCC0060420SB;186;87;0.00014938
815;SCC0060420SB;187;87;0.00030242
815;SCC0060420SB;188;87;0.00018997
815;SCC0060420SB;177;88;0.00005103
815;SCC0060420SB;178;88;0.00039785
815;SCC0060420SB;179;88;0.00010732
815;SCC0060420SB;185;88;0.00008705
815;SCC0060420SB;186;88;0.00018362
815;SCC0060420SB;179;89;0.00032774
815;SCC0060420SB;179;90;0.00001029
815;SCC0060420SB;180;90;0.00026108
815;SCC0060420SB;181;90;0.00007819
815;GBV006026GBU;212;155;0.03102323
815;GBV006026GBU;213;155;0.00433090
815;GBV006026GBU;218;155;0.00157087
815;GBV006026GBU;227;155;0.00095149
815;GBV006026GBU;228;155;0.00124754
815;GBV006026GBU;229;155;0.00028788
815;GBV006026GBU;212;156;0.03731736
815;GBV006026GBU;217;156;0.00173868
815;GBV006026GBU;218;156;0.00017196
815;GBV006026GBU;227;156;0.00139183
815;GBV006026GBU;228;156;0.00008278
815;GBV006026GBU;210;157;0.01836351
815;GBV006026GBU;211;157;0.03795442
815;GBV006026GBU;212;157;0.00503740
815;GBV006026GBU;217;157;0.00191065
815;GBV006026GBU;226;157;0.00074556
815;GBV006026GBU;227;157;0.00002993
815;GBV006026GBU;207;158;0.00586566
815;GBV006026GBU;208;158;0.03118541
815;GBV006026GBU;209;158;0.03118541
815;GBV006026GBU;210;158;0.01282190
815;GBV006026GBU;217;158;0.00191065
815;GBV006026GBU;226;158;0.00031575
815;GBV006026GBU;204;159;0.00009937
815;GBV006026GBU;205;159;0.02687294
815;GBV006026GBU;206;159;0.03118541
815;GBV006026GBU;207;159;0.02531975
815;GBV006026GBU;216;159;0.00140158
815;GBV006026GBU;217;159;0.00050906
815;GBV006026GBU;205;160;0.00511417
815;GBV006026GBU;216;160;0.00191065
815;GBV006026GBU;204;161;0.01930319
815;GBV006026GBU;205;161;0.00542463
815;GBV006026GBU;216;161;0.00191065
815;GBV006026GBU;203;162;0.00686399
815;GBV006026GBU;204;162;0.02179755
815;GBV006026GBU;215;162;0.00106449
815;GBV006026GBU;216;162;0.00084616
815;GBV006026GBU;203;163;0.02866154
815;GBV006026GBU;213;163;0.00162952
815;GBV006026GBU;214;163;0.00006755
815;GBV006026GBU;215;163;0.00191065
815;GBV006026GBU;202;164;0.02058132
815;GBV006026GBU;203;164;0.00557522
815;GBV006026GBU;212;164;0.00104971
815;GBV006026GBU;213;164;0.00104942
815;GBV006026GBU;214;164;0.00332774
815;GBV006026GBU;215;164;0.00361392
815;GBV006026GBU;202;165;0.02528111
815;GBV006026GBU;211;165;0.00085091
815;GBV006026GBU;212;165;0.00124823
815;GBV006026GBU;215;165;0.00478353
815;GBV006026GBU;198;166;0.00103207
815;GBV006026GBU;201;166;0.00624749
815;GBV006026GBU;202;166;0.02061216
815;GBV006026GBU;203;166;0.00156256
815;GBV006026GBU;204;166;0.00156256
815;GBV006026GBU;205;166;0.00156256
815;GBV006026GBU;206;166;0.00156256
815;GBV006026GBU;207;166;0.00005373
815;GBV006026GBU;210;166;0.00065211
815;GBV006026GBU;211;166;0.00144703
815;GBV006026GBU;215;166;0.00535049
815;GBV006026GBU;216;166;0.00047542
815;GBV006026GBU;198;167;0.00135820
815;GBV006026GBU;199;167;0.00480025
815;GBV006026GBU;200;167;0.00480025
815;GBV006026GBU;201;167;0.02851386
815;GBV006026GBU;207;167;0.00150883
815;GBV006026GBU;208;167;0.00156256
815;GBV006026GBU;209;167;0.00156256
815;GBV006026GBU;210;167;0.00139155
815;GBV006026GBU;216;167;0.00006772
815;GBV006026GBU;201;168;0.01553824
815;GBV006026GBU;200;169;0.00866887
815;GBV006026GBU;201;169;0.00676766
815;GBV006026GBU;200;170;0.01512347
815;GBV006026GBU;201;170;0.00053729
815;GBV006026GBU;200;171;0.01414649
815;GBV006026GBU;201;171;0.00024431
815;GBV006026GBU;202;171;0.00078161
815;GBV006026GBU;203;171;0.00077230
815;GBV006026GBU;199;172;0.00427254
815;GBV006026GBU;200;172;0.00987046
815;GBV006026GBU;203;172;0.00000930
815;GBV006026GBU;204;172;0.00078161
815;GBV006026GBU;205;172;0.00078161
815;GBV006026GBU;206;172;0.00022570
815;GBV006026GBU;199;173;0.01414300
815;GBV006026GBU;206;173;0.00055590
815;GBV006026GBU;207;173;0.00078161
815;GBV006026GBU;208;173;0.00017085
815;GBV006026GBU;199;174;0.01412227
815;GBV006026GBU;199;175;0.01420427
815;GBV006026GBU;197;176;0.00810504
815;GBV006026GBU;198;176;0.01735917
815;GBV006026GBU;199;176;0.00720262
815;GBV006026GBU;197;177;0.01680062
815;GBV006026GBU;199;177;0.00178595
815;GBV006026GBU;190;178;0.00822524
815;GBV006026GBU;191;178;0.01223661
815;GBV006026GBU;192;178;0.01224650
815;GBV006026GBU;193;178;0.01225918
815;GBV006026GBU;194;178;0.01738227
815;GBV006026GBU;195;178;0.01508168
815;GBV006026GBU;196;178;0.01605491
815;GBV006026GBU;197;178;0.00909333
815;GBV006026GBU;199;178;0.00178595
815;GBV006026GBU;193;179;0.00041726
815;GBV006026GBU;194;179;0.00985537
815;GBV006026GBU;199;179;0.00060176
815;GBV006026GBU;200;179;0.00118418
815;GBV006026GBU;193;180;0.01027262
815;GBV006026GBU;200;180;0.00114205
815;GBV006026GBU;193;181;0.01098697
815;GBV006026GBU;193;182;0.01178243
815;GBV006026GBU;193;183;0.01178243
815;GBV006026GBU;192;184;0.00651024
815;GBV006026GBU;193;184;0.00527219
815;GBV006026GBU;192;185;0.01178243
815;GBV006026GBU;191;186;0.00097219
815;GBV006026GBU;192;186;0.03084893
815;GBV006026GBU;191;187;0.02549714
815;GBV006026GBU;192;187;0.01859215
815;NCC006027MBU;162;109;0.00000568
815;NCC006027MBU;166;109;0.00183031
815;NCC006027MBU;151;110;0.00040792
815;NCC006027MBU;152;110;0.00082563
815;NCC006027MBU;165;110;0.00459180
815;NCC006027MBU;166;110;0.00533091
815;NCC006027MBU;169;110;0.00000016
815;NCC006027MBU;170;110;0.00000011
815;NCC006027MBU;150;111;0.00057589
815;NCC006027MBU;151;111;0.00109569
815;NCC006027MBU;162;111;0.00015090
815;NCC006027MBU;163;111;0.00027238
815;NCC006027MBU;164;111;0.00649438
815;NCC006027MBU;165;111;0.00173344
815;NCC006027MBU;166;111;0.00010439
815;NCC006027MBU;170;111;0.00000105
815;NCC006027MBU;173;111;0.00003292
815;NCC006027MBU;150;112;0.00137806
815;NCC006027MBU;159;112;0.00001423
815;NCC006027MBU;160;112;0.00006663
815;NCC006027MBU;161;112;0.00006069
815;NCC006027MBU;162;112;0.00002611
815;NCC006027MBU;163;112;0.00211610
815;NCC006027MBU;164;112;0.00499970
815;NCC006027MBU;166;112;0.00002817
815;NCC006027MBU;167;112;0.00010965
815;NCC006027MBU;168;112;0.00000563
815;NCC006027MBU;170;112;0.00000037
815;NCC006027MBU;171;112;0.00003772
815;NCC006027MBU;172;112;0.00013662
815;NCC006027MBU;173;112;0.00005746
815;NCC006027MBU;150;113;0.00134900
815;NCC006027MBU;154;113;0.00005942
815;NCC006027MBU;157;113;0.00006328
815;NCC006027MBU;158;113;0.00011218
815;NCC006027MBU;159;113;0.00006610
815;NCC006027MBU;163;113;0.00658471
815;NCC006027MBU;168;113;0.00003150
815;NCC006027MBU;169;113;0.00000360
815;NCC006027MBU;170;113;0.00003709
815;NCC006027MBU;171;113;0.00012735
815;NCC006027MBU;149;114;0.00021765
815;NCC006027MBU;150;114;0.00169038
815;NCC006027MBU;152;114;0.00006268
815;NCC006027MBU;153;114;0.00010997
815;NCC006027MBU;154;114;0.00003587
815;NCC006027MBU;155;114;0.00015861
815;NCC006027MBU;156;114;0.00004134
815;NCC006027MBU;157;114;0.00003606
815;NCC006027MBU;159;114;0.00002463
815;NCC006027MBU;160;114;0.00001752
815;NCC006027MBU;161;114;0.00001478
815;NCC006027MBU;162;114;0.00199798
815;NCC006027MBU;163;114;0.00443768
815;NCC006027MBU;168;114;0.00000024
815;NCC006027MBU;169;114;0.00002873
815;NCC006027MBU;170;114;0.00015945
815;NCC006027MBU;148;115;0.00139637
815;NCC006027MBU;149;115;0.00061182
815;NCC006027MBU;150;115;0.00004304
815;NCC006027MBU;151;115;0.00015185
815;NCC006027MBU;152;115;0.00006373
815;NCC006027MBU;154;115;0.00000066
815;NCC006027MBU;155;115;0.00005679
815;NCC006027MBU;156;115;0.00000574
815;NCC006027MBU;157;115;0.00003108
815;NCC006027MBU;159;115;0.00002165
815;NCC006027MBU;161;115;0.00023911
815;NCC006027MBU;162;115;0.00792007
815;NCC006027MBU;163;115;0.00029591
815;NCC006027MBU;168;115;0.00000025
815;NCC006027MBU;169;115;0.00013767
815;NCC006027MBU;170;115;0.00005575
815;NCC006027MBU;147;116;0.00012774
815;NCC006027MBU;148;116;0.00103576
815;NCC006027MBU;152;116;0.00000028
815;NCC006027MBU;153;116;0.00001506
815;NCC006027MBU;154;116;0.00007505
815;NCC006027MBU;155;116;0.00000219
815;NCC006027MBU;156;116;0.00025297
815;NCC006027MBU;157;116;0.00009735
815;NCC006027MBU;159;116;0.00001945
815;NCC006027MBU;160;116;0.00012386
815;NCC006027MBU;161;116;0.00843552
815;NCC006027MBU;162;116;0.00001490
815;NCC006027MBU;168;116;0.00009365
815;NCC006027MBU;169;116;0.00005869
815;NCC006027MBU;147;117;0.00169405
815;NCC006027MBU;150;117;0.00000020
815;NCC006027MBU;151;117;0.00000122
815;NCC006027MBU;152;117;0.00000082
815;NCC006027MBU;154;117;0.00001614
815;NCC006027MBU;155;117;0.00014004
815;NCC006027MBU;157;117;0.00036158
815;NCC006027MBU;158;117;0.00011234
815;NCC006027MBU;159;117;0.00005300
815;NCC006027MBU;160;117;0.00782129
815;NCC006027MBU;161;117;0.00012293
815;NCC006027MBU;162;117;0.00002900
815;NCC006027MBU;163;117;0.00000546
815;NCC006027MBU;167;117;0.00011960
815;NCC006027MBU;168;117;0.00006507
815;NCC006027MBU;146;118;0.00121386
815;NCC006027MBU;147;118;0.00083064
815;NCC006027MBU;150;118;0.00000213
815;NCC006027MBU;154;118;0.00000006
815;NCC006027MBU;155;118;0.00005605
815;NCC006027MBU;156;118;0.00007224
815;NCC006027MBU;158;118;0.00026984
815;NCC006027MBU;160;118;0.00834695
815;NCC006027MBU;161;118;0.00027839
815;NCC006027MBU;162;118;0.00044412
815;NCC006027MBU;163;118;0.00000451
815;NCC006027MBU;166;118;0.00015822
815;NCC006027MBU;167;118;0.00000016
815;NCC006027MBU;145;119;0.00077494
815;NCC006027MBU;146;119;0.00118403
815;NCC006027MBU;147;119;0.00065721
815;NCC006027MBU;150;119;0.00000144
815;NCC006027MBU;154;119;0.00000016
815;NCC006027MBU;156;119;0.00000951
815;NCC006027MBU;157;119;0.00038222
815;NCC006027MBU;158;119;0.00040265
815;NCC006027MBU;159;119;0.00707414
815;NCC006027MBU;160;119;0.00075623
815;NCC006027MBU;161;119;0.00043914
815;NCC006027MBU;162;119;0.00020000
815;NCC006027MBU;163;119;0.00066046
815;NCC006027MBU;164;119;0.00086134
815;NCC006027MBU;165;119;0.00023272
815;NCC006027MBU;166;119;0.00009408
815;NCC006027MBU;167;119;0.00007492
815;NCC006027MBU;144;120;0.00108405
815;NCC006027MBU;145;120;0.00233024
815;NCC006027MBU;146;120;0.00104205
815;NCC006027MBU;150;120;0.00000224
815;NCC006027MBU;154;120;0.00000016
815;NCC006027MBU;157;120;0.01129209
815;NCC006027MBU;158;120;0.00911977
815;NCC006027MBU;159;120;0.00302355
815;NCC006027MBU;163;120;0.00016896
815;NCC006027MBU;164;120;0.00035966
815;NCC006027MBU;165;120;0.00037901
815;NCC006027MBU;166;120;0.00038488
815;NCC006027MBU;167;120;0.00019544
815;NCC006027MBU;143;121;0.00095336
815;NCC006027MBU;144;121;0.00290893
815;NCC006027MBU;145;121;0.00031688
815;NCC006027MBU;150;121;0.00000157
815;NCC006027MBU;151;121;0.00015689
815;NCC006027MBU;154;121;0.00000014
815;NCC006027MBU;157;121;0.00874987
815;NCC006027MBU;158;121;0.00050844
815;NCC006027MBU;159;121;0.00008013
815;NCC006027MBU;160;121;0.00003417
815;NCC006027MBU;161;121;0.00000472
815;NCC006027MBU;162;121;0.00015573
815;NCC006027MBU;163;121;0.00024329
815;NCC006027MBU;142;122;0.00227219
815;NCC006027MBU;143;122;0.00258329
815;NCC006027MBU;150;122;0.00000963
815;NCC006027MBU;151;122;0.00007335
815;NCC006027MBU;152;122;0.00024025
815;NCC006027MBU;153;122;0.00027273
815;NCC006027MBU;154;122;0.00021144
815;NCC006027MBU;155;122;0.00025734
815;NCC006027MBU;156;122;0.00794368
815;NCC006027MBU;157;122;0.00344850
815;NCC006027MBU;159;122;0.00013271
815;NCC006027MBU;161;122;0.00000289
815;NCC006027MBU;162;122;0.00033234
815;NCC006027MBU;163;122;0.00001523
815;NCC006027MBU;164;122;0.00000654
815;NCC006027MBU;141;123;0.00262867
815;NCC006027MBU;142;123;0.00072367
815;NCC006027MBU;150;123;0.00002806
815;NCC006027MBU;154;123;0.00015595
815;NCC006027MBU;155;123;0.00987963
815;NCC006027MBU;156;123;0.00434368
815;NCC006027MBU;157;123;0.00020336
815;NCC006027MBU;159;123;0.00000844
815;NCC006027MBU;160;123;0.00002762
815;NCC006027MBU;162;123;0.00001907
815;NCC006027MBU;163;123;0.00000358
815;NCC006027MBU;141;124;0.00337874
815;NCC006027MBU;148;124;0.00000512
815;NCC006027MBU;149;124;0.00002764
815;NCC006027MBU;150;124;0.00000646
815;NCC006027MBU;153;124;0.00003050
815;NCC006027MBU;154;124;0.00327060
815;NCC006027MBU;155;124;0.00977073
815;NCC006027MBU;156;124;0.00040817
815;NCC006027MBU;141;125;0.00279538
815;NCC006027MBU;148;125;0.00005393
815;NCC006027MBU;152;125;0.00000618
815;NCC006027MBU;153;125;0.00068840
815;NCC006027MBU;154;125;0.01256434
815;NCC006027MBU;155;125;0.00002884
815;NCC006027MBU;140;126;0.00043610
815;NCC006027MBU;141;126;0.00317237
815;NCC006027MBU;143;126;0.00004570
815;NCC006027MBU;144;126;0.00000501
815;NCC006027MBU;147;126;0.00030510
815;NCC006027MBU;148;126;0.00006326
815;NCC006027MBU;151;126;0.00002474
815;NCC006027MBU;152;126;0.00005602
815;NCC006027MBU;153;126;0.01219075
815;NCC006027MBU;154;126;0.00419741
815;NCC006027MBU;155;126;0.00019701
815;NCC006027MBU;156;126;0.00005383
815;NCC006027MBU;140;127;0.00336864
815;NCC006027MBU;143;127;0.00006850
815;NCC006027MBU;145;127;0.00087946
815;NCC006027MBU;146;127;0.00056306
815;NCC006027MBU;147;127;0.00002533
815;NCC006027MBU;150;127;0.00008010
815;NCC006027MBU;151;127;0.00009730
815;NCC006027MBU;152;127;0.01300609
815;NCC006027MBU;153;127;0.00432087
815;NCC006027MBU;156;127;0.00006855
815;NCC006027MBU;140;128;0.00349906
815;NCC006027MBU;143;128;0.00008745
815;NCC006027MBU;144;128;0.00522874
815;NCC006027MBU;145;128;0.00052614
815;NCC006027MBU;149;128;0.00000286
815;NCC006027MBU;150;128;0.00013422
815;NCC006027MBU;151;128;0.01327653
815;NCC006027MBU;152;128;0.00110231
815;NCC006027MBU;156;128;0.00001270
815;NCC006027MBU;140;129;0.00278698
815;NCC006027MBU;141;129;0.01017630
815;NCC006027MBU;142;129;0.00522368
815;NCC006027MBU;143;129;0.00380251
815;NCC006027MBU;144;129;0.00427128
815;NCC006027MBU;146;129;0.00022048
815;NCC006027MBU;149;129;0.00000860
815;NCC006027MBU;150;129;0.01473350
815;NCC006027MBU;151;129;0.00698934
815;NCC006027MBU;152;129;0.00012658
815;NCC006027MBU;140;130;0.00366213
815;NCC006027MBU;141;130;0.02902376
815;NCC006027MBU;142;130;0.00720796
815;NCC006027MBU;143;130;0.00928210
815;NCC006027MBU;144;130;0.00995854
815;NCC006027MBU;145;130;0.00658277
815;NCC006027MBU;146;130;0.00004124
815;NCC006027MBU;147;130;0.00015988
815;NCC006027MBU;148;130;0.00010266
815;NCC006027MBU;149;130;0.01373715
815;NCC006027MBU;150;130;0.00311913
815;NCC006027MBU;151;130;0.00001023
815;NCC006027MBU;152;130;0.00004614
815;NCC006027MBU;140;131;0.00689587
815;NCC006027MBU;141;131;0.02902168
815;NCC006027MBU;142;131;0.04027854
815;NCC006027MBU;143;131;0.00227614
815;NCC006027MBU;145;131;0.00600431
815;NCC006027MBU;146;131;0.00601472
815;NCC006027MBU;147;131;0.00152372
815;NCC006027MBU;148;131;0.01231378
815;NCC006027MBU;149;131;0.00703021
815;NCC006027MBU;150;131;0.00003417
815;NCC006027MBU;140;132;0.00035797
815;NCC006027MBU;141;132;0.00033239
815;NCC006027MBU;142;132;0.01230107
815;NCC006027MBU;143;132;0.02260483
815;NCC006027MBU;144;132;0.00288023
815;NCC006027MBU;145;132;0.00553649
815;NCC006027MBU;146;132;0.01415808
815;NCC006027MBU;147;132;0.01803883
815;NCC006027MBU;148;132;0.00731257
815;NCC006027MBU;149;132;0.00027043
815;NCC006027MBU;143;133;0.02640961
815;NCC006027MBU;144;133;0.00864627
815;NCC006027MBU;145;133;0.00733226
815;NCC006027MBU;146;133;0.04269057
815;NCC006027MBU;147;133;0.04002611
815;NCC006027MBU;148;133;0.00212288
815;NCC006027MBU;149;133;0.00011599
815;NCC006027MBU;143;134;0.01594223
815;NCC006027MBU;144;134;0.00328100
815;NCC006027MBU;145;134;0.00538675
815;NCC006027MBU;146;134;0.03167883
815;NCC006027MBU;147;134;0.00672090
815;NCC006027MBU;148;134;0.00065970
815;NCC006027MBU;144;135;0.02424490
815;NCC006027MBU;145;135;0.00545495
815;NCC006027MBU;146;135;0.02176563
815;NCC006027MBU;147;135;0.00148613
815;NCC006027MBU;148;135;0.00015639
815;NCC006027MBU;143;136;0.00002509
815;NCC006027MBU;144;136;0.01288512
815;NCC006027MBU;145;136;0.00920866
815;NCC006027MBU;146;136;0.03096875
815;NCC006027MBU;147;136;0.00397391
815;NCC006027MBU;148;136;0.00039738
815;NCC006027MBU;144;137;0.01141403
815;NCC006027MBU;145;137;0.00046379
815;NCC006027MBU;146;137;0.00753957
815;NCC006027MBU;147;137;0.01999353
815;NCC006027MBU;148;137;0.00010550
815;NCC006027MBU;143;138;0.00001103
815;NCC006027MBU;144;138;0.01620887
815;NCC006027MBU;145;138;0.00629140
815;NCC006027MBU;146;138;0.00548042
815;NCC006027MBU;147;138;0.00706454
815;NCC006027MBU;144;139;0.00424252
815;NCC006027MBU;145;139;0.00300957
815;NCC006027MBU;146;139;0.00322375
815;NCC006027MBU;147;139;0.00009466
815;0SV006031PLA;153;188;0.00252039
815;0SV006031PLA;154;188;0.00286614
815;0SV006031PLA;155;188;0.04747561
815;0SV006031PLA;156;188;0.01495722
815;0SV006031PLA;157;188;0.01098344
815;0SV006031PLA;151;189;0.00340309
815;0SV006031PLA;152;189;0.00424593
815;0SV006031PLA;153;189;0.02003943
815;0SV006031PLA;154;189;0.02403254
815;0SV006031PLA;155;189;0.10856212
815;0SV006031PLA;156;189;0.07841699
815;0SV006031PLA;157;189;0.01991546
815;0SV006031PLA;158;189;0.00226015
815;0SV006031PLA;151;190;0.00007014
815;0SV006031PLA;153;190;0.00833407
815;0SV006031PLA;154;190;0.02161987
815;0SV006031PLA;155;190;0.09173509
815;0SV006031PLA;156;190;0.07072431
815;0SV006031PLA;157;190;0.02602875
815;0SV006031PLA;158;190;0.00374961
815;0SV006031PLA;151;191;0.00046785
815;0SV006031PLA;152;191;0.00042473
815;0SV006031PLA;153;191;0.00040391
815;0SV006031PLA;154;191;0.00996584
815;0SV006031PLA;155;191;0.04486305
815;0SV006031PLA;156;191;0.00891042
815;0SV006031PLA;157;191;0.04805806
815;0SV006031PLA;158;191;0.01338124
815;0SV006031PLA;159;191;0.00048325
815;0SV006031PLA;151;192;0.00018326
815;0SV006031PLA;152;192;0.00066841
815;0SV006031PLA;153;192;0.00118595
815;0SV006031PLA;154;192;0.00997889
815;0SV006031PLA;155;192;0.03242561
815;0SV006031PLA;156;192;0.00650867
815;0SV006031PLA;157;192;0.00353046
815;0SV006031PLA;158;192;0.04812359
815;0SV006031PLA;159;192;0.01354834
815;0SV006031PLA;151;193;0.00019449
815;0SV006031PLA;152;193;0.00050324
815;0SV006031PLA;153;193;0.00793296
815;0SV006031PLA;154;193;0.00796662
815;0SV006031PLA;155;193;0.00963089
815;0SV006031PLA;156;193;0.00456964
815;0SV006031PLA;157;193;0.00272424
815;0SV006031PLA;158;193;0.00005178
815;0SV006031PLA;159;193;0.04580392
815;0SV006031PLA;160;193;0.01270528
815;0SV006031PLA;153;194;0.00680975
815;0SV006031PLA;154;194;0.00301852
815;0SV006031PLA;155;194;0.00146562
815;0SV006031PLA;156;194;0.00059438
815;0SV006031PLA;157;194;0.00176673
815;0SV006031PLA;158;194;0.00259215
815;0SV006031PLA;159;194;0.02183547
815;0SV006031PLA;160;194;0.02361145
815;0SV006031PLA;152;195;0.00012659
815;0SV006031PLA;153;195;0.01198780
815;0SV006031PLA;154;195;0.00003883
815;0SV006031PLA;155;195;0.00047551
815;0SV006031PLA;158;195;0.00082055
815;0SV006031PLA;159;195;0.01419433
815;0SV006031PLA;160;195;0.00528671
815;0SV006031PLA;152;196;0.00108460
815;0SV006031PLA;153;196;0.00258628
815;0SV006031PLA;154;196;0.00025438
815;0SV006031PLA;155;196;0.00028481
815;0SV006031PLA;159;196;0.00388458
815;0SV006031PLA;154;197;0.00005168
815;0SV006031PLA;155;197;0.00009434
815;0MC006003AMA;161;175;0.00000871
815;0MC006003AMA;160;176;0.00025916
815;0MC006003AMA;161;176;0.02304745
815;0MC006003AMA;161;177;0.02425676
815;0MC006003AMA;162;177;0.05027611
815;0MC006003AMA;163;177;0.00486180
815;0MC006003AMA;166;177;0.00102444
815;0MC006003AMA;167;177;0.01568541
815;0MC006003AMA;162;178;0.02191162
815;0MC006003AMA;163;178;0.02051551
815;0MC006003AMA;164;178;0.02453262
815;0MC006003AMA;165;178;0.04484174
815;0MC006003AMA;166;178;0.07487645
815;0MC006003AMA;160;179;0.00108689
815;0MC006003AMA;161;179;0.00607946
815;0MC006003AMA;162;179;0.00031055
815;0MC006003AMA;163;179;0.00693723
815;0MC006003AMA;165;179;0.07006318
815;0MC006003AMA;166;179;0.00422474
815;0MC006003AMA;167;179;0.05341706
815;0MC006003AMA;168;179;0.02114333
815;0MC006003AMA;169;179;0.00766296
815;0MC006003AMA;163;180;0.00621449
815;0MC006003AMA;164;180;0.01174729
815;0MC006003AMA;165;180;0.03500123
815;0MC006003AMA;168;180;0.04733745
815;0MC006003AMA;169;180;0.03795882
815;0MC006003AMA;170;180;0.01959224
815;0MC006003AMA;171;180;0.00089228
815;0MC006003AMA;161;181;0.03205897
815;0MC006003AMA;162;181;0.03205813
815;0MC006003AMA;163;181;0.04910710
815;0MC006003AMA;164;181;0.04661354
815;0MC006003AMA;170;181;0.00096767
815;0MC006003AMA;171;181;0.00554071
815;0MC006003AMA;160;182;0.00690087
815;0MC006003AMA;161;182;0.01032567
815;0MC006003AMA;162;182;0.02406636
815;0MC006003AMA;163;182;0.00150110
815;0MC006003AMA;164;182;0.03533858
815;0MC006003AMA;165;182;0.00721410
815;0MC006003AMA;171;182;0.00056168
815;0MC006003AMA;172;182;0.00670208
815;0MC006003AMA;162;183;0.00917301
815;0MC006003AMA;164;183;0.02510591
815;0MC006003AMA;165;183;0.01227048
815;0MC006003AMA;166;183;0.01360371
815;0MC006003AMA;172;183;0.00095219
815;0MC006003AMA;173;183;0.00405602
815;0MC006003AMA;174;183;0.00633972
815;0MC006003AMA;175;183;0.00368414
815;0MC006003AMA;176;183;0.00001019
815;0MC006003AMA;164;184;0.00074053
815;0MC006003AMA;176;184;0.00502727
815;0MC006003AMA;177;184;0.00494406
815;0MC006003AMA;177;185;0.00280953
815;0MC006003AMA;178;185;0.00006796
815;0MC006003AMA;178;186;0.00468479
815;0MC006003AMA;179;186;0.00388956
815;0MC006003AMA;179;187;0.00093108
815;0MC006003AMA;180;187;0.00299476
815;0MC006003AMA;180;188;0.00399159
815;0MC006005CAL;169;166;0.00090621
815;0MC006005CAL;170;166;0.00722960
815;0MC006005CAL;166;167;0.01197533
815;0MC006005CAL;167;167;0.00622988
815;0MC006005CAL;169;167;0.00977003
815;0MC006005CAL;167;168;0.00826100
815;0MC006005CAL;168;168;0.01649592
815;0MC006005CAL;169;168;0.00519729
815;0MC006005CAL;168;169;0.00688157
815;0MC006005CAL;171;169;0.02370958
815;0MC006005CAL;172;169;0.00157521
815;0MC006005CAL;168;170;0.00613086
815;0MC006005CAL;169;170;0.05442638
815;0MC006005CAL;170;170;0.00607820
815;0MC006005CAL;171;170;0.03336528
815;0MC006005CAL;162;171;0.07293427
815;0MC006005CAL;163;171;0.03741020
815;0MC006005CAL;169;171;0.00449674
815;0MC006005CAL;170;171;0.08230774
815;0MC006005CAL;171;171;0.01400950
815;0MC006005CAL;172;171;0.01031151
815;0MC006005CAL;163;172;0.04979959
815;0MC006005CAL;164;172;0.00070157
815;0MC006005CAL;168;172;0.00042707
815;0MC006005CAL;169;172;0.03905829
815;0MC006005CAL;172;172;0.00367490
815;0MC006005CAL;173;172;0.01716272
815;0MC006005CAL;164;173;0.03303642
815;0MC006005CAL;168;173;0.03372406
815;0MC006005CAL;173;173;0.03124229
815;0MC006005CAL;174;173;0.00205965
815;0MC006005CAL;161;174;0.03789333
815;0MC006005CAL;162;174;0.01875592
815;0MC006005CAL;163;174;0.01659651
815;0MC006005CAL;164;174;0.01889961
815;0MC006005CAL;165;174;0.03184992
815;0MC006005CAL;166;174;0.03470120
815;0MC006005CAL;167;174;0.03498307
815;0MC006005CAL;168;174;0.02100778
815;0MC006005CAL;174;174;0.03330194
815;0MC006005CAL;166;175;0.00861832
815;0MC006005CAL;167;175;0.00612596
815;0MC006005CAL;174;175;0.01256834
815;0MC006005CAL;175;175;0.00814395
815;0MC006005CAL;167;176;0.01474428
815;0MC006005CAL;175;176;0.00120890
815;0MC006005CAL;176;176;0.00041720
815;0MC006005CAL;167;177;0.02310328
815;0MC006005CAL;168;177;0.00631556
815;0MC006005CAL;176;177;0.00093436
815;0MC006005CAL;177;177;0.00051493
815;0MC006005CAL;168;178;0.00058359
815;0MC006005CAL;169;178;0.00689915
815;0MC006005CAL;170;178;0.00279072
815;0MC006005CAL;177;178;0.00083663
815;0MC006005CAL;178;178;0.00088993
815;0MC006005CAL;170;179;0.00410844
815;0MC006005CAL;171;179;0.00764622
815;0MC006005CAL;178;179;0.00148141
815;0MC006005CAL;179;179;0.00131241
815;0MC006005CAL;171;180;0.00798899
815;0MC006005CAL;179;180;0.00136729
815;0MC006005CAL;180;180;0.00142653
815;0MC006005CAL;180;181;0.00125318
815;0MC006005CAL;181;181;0.00014228
815;0SS006013IMP;273;25;0.00097550
815;0SS006013IMP;273;26;0.00653713
815;0SS006013IMP;274;26;0.00247484
815;0SS006013IMP;278;26;0.00020973
815;0SS006013IMP;279;26;0.00047078
815;0SS006013IMP;273;27;0.00053328
815;0SS006013IMP;274;27;0.00763703
815;0SS006013IMP;277;27;0.00044173
815;0SS006013IMP;278;27;0.00027936
815;0SS006013IMP;279;27;0.00002338
815;0SS006013IMP;280;27;0.00048272
815;0SS006013IMP;281;27;0.00048275
815;0SS006013IMP;282;27;0.00048131
815;0SS006013IMP;283;27;0.00048824
815;0SS006013IMP;284;27;0.00091960
815;0SS006013IMP;285;27;0.00147992
815;0SS006013IMP;286;27;0.00321278
815;0SS006013IMP;287;27;0.02399820
815;0SS006013IMP;288;27;0.00864993
815;0SS006013IMP;289;27;0.00139436
815;0SS006013IMP;290;27;0.00315049
815;0SS006013IMP;274;28;0.00260753
815;0SS006013IMP;275;28;0.00767104
815;0SS006013IMP;276;28;0.01228043
815;0SS006013IMP;277;28;0.00969675
815;0SS006013IMP;278;28;0.00023321
815;0SS006013IMP;283;28;0.00030801
815;0SS006013IMP;284;28;0.00165063
815;0SS006013IMP;285;28;0.00098148
815;0SS006013IMP;286;28;0.00645109
815;0SS006013IMP;287;28;0.02757464
815;0SS006013IMP;288;28;0.00579929
815;0SS006013IMP;289;28;0.00476144
815;0SS006013IMP;290;28;0.00674679
815;0SS006013IMP;291;28;0.00130419
815;0SS006013IMP;292;28;0.00075309
815;0SS006013IMP;293;28;0.00072613
815;0SS006013IMP;294;28;0.00068244
815;0SS006013IMP;295;28;0.00031377
815;0SS006013IMP;277;29;0.00000325
815;0SS006013IMP;278;29;0.00934550
815;0SS006013IMP;279;29;0.00965082
815;0SS006013IMP;280;29;0.00973648
815;0SS006013IMP;281;29;0.00928420
815;0SS006013IMP;282;29;0.00923758
815;0SS006013IMP;283;29;0.00743248
815;0SS006013IMP;284;29;0.00197590
815;0SS006013IMP;285;29;0.00215138
815;0SS006013IMP;286;29;0.01869173
815;0SS006013IMP;287;29;0.02193074
815;0SS006013IMP;288;29;0.00152512
815;0SS006013IMP;289;29;0.00094634
815;0SS006013IMP;290;29;0.00509116
815;0SS006013IMP;291;29;0.00039876
815;0SS006013IMP;292;29;0.00001249
815;0SS006013IMP;294;29;0.00324975
815;0SS006013IMP;295;29;0.00396474
815;0SS006013IMP;296;29;0.00428548
815;0SS006013IMP;297;29;0.00420241
815;0SS006013IMP;298;29;0.00414062
815;0SS006013IMP;299;29;0.00414607
815;0SS006013IMP;300;29;0.00445841
815;0SS006013IMP;301;29;0.00244369
815;0SS006013IMP;305;29;0.00027231
815;0SS006013IMP;280;30;0.00009301
815;0SS006013IMP;281;30;0.00012399
815;0SS006013IMP;282;30;0.00074769
815;0SS006013IMP;283;30;0.00290669
815;0SS006013IMP;284;30;0.01460399
815;0SS006013IMP;285;30;0.03479578
815;0SS006013IMP;286;30;0.04473360
815;0SS006013IMP;287;30;0.03203616
815;0SS006013IMP;288;30;0.00988658
815;0SS006013IMP;289;30;0.00956691
815;0SS006013IMP;290;30;0.00731998
815;0SS006013IMP;291;30;0.00422691
815;0SS006013IMP;292;30;0.00419597
815;0SS006013IMP;293;30;0.00357856
815;0SS006013IMP;294;30;0.00034588
815;0SS006013IMP;301;30;0.00333271
815;0SS006013IMP;302;30;0.00459935
815;0SS006013IMP;303;30;0.00424999
815;0SS006013IMP;304;30;0.00437824
815;0SS006013IMP;305;30;0.00622115
815;0SS006013IMP;306;30;0.00478682
815;0SS006013IMP;307;30;0.00988722
815;0SS006013IMP;282;31;0.00017972
815;0SS006013IMP;283;31;0.00114016
815;0SS006013IMP;284;31;0.00628860
815;0SS006013IMP;285;31;0.02155763
815;0SS006013IMP;286;31;0.00628653
815;0SS006013IMP;287;31;0.01611748
815;0SS006013IMP;288;31;0.00565185
815;0SS006013IMP;289;31;0.00688423
815;0SS006013IMP;290;31;0.00468767
815;0SS006013IMP;291;31;0.00076510
815;0SS006013IMP;292;31;0.00000820
815;0SS006013IMP;302;31;0.00008565
815;0SS006013IMP;304;31;0.00018589
815;0SS006013IMP;307;31;0.00195679
815;0SS006013IMP;308;31;0.00899497
815;0SS006013IMP;309;31;0.00023607
815;0SS006013IMP;282;32;0.00005678
815;0SS006013IMP;283;32;0.00026202
815;0SS006013IMP;284;32;0.00329790
815;0SS006013IMP;285;32;0.01754325
815;0SS006013IMP;286;32;0.00600089
815;0SS006013IMP;287;32;0.01414820
815;0SS006013IMP;288;32;0.00074348
815;0SS006013IMP;289;32;0.00109519
815;0SS006013IMP;290;32;0.00083405
815;0SS006013IMP;291;32;0.00027230
815;0SS006013IMP;302;32;0.00008592
815;0SS006013IMP;309;32;0.00011735
815;0SS006013IMP;284;33;0.00263492
815;0SS006013IMP;285;33;0.01020405
815;0SS006013IMP;286;33;0.00387624
815;0SS006013IMP;287;33;0.01197975
815;0SS006013IMP;288;33;0.00012614
815;0SS006013IMP;289;33;0.00048781
815;0SS006013IMP;290;33;0.00042591
815;0SS006013IMP;291;33;0.00021573
815;0SS006013IMP;302;33;0.00008577
815;0SS006013IMP;283;34;0.00000446
815;0SS006013IMP;284;34;0.00264677
815;0SS006013IMP;285;34;0.01077809
815;0SS006013IMP;286;34;0.00742867
815;0SS006013IMP;287;34;0.00852509
815;0SS006013IMP;288;34;0.00023309
815;0SS006013IMP;289;34;0.00088315
815;0SS006013IMP;290;34;0.00013750
815;0SS006013IMP;291;34;0.00009102
815;0SS006013IMP;302;34;0.00008588
815;0SS006013IMP;283;35;0.00000960
815;0SS006013IMP;284;35;0.00248586
815;0SS006013IMP;285;35;0.00800341
815;0SS006013IMP;286;35;0.02677793
815;0SS006013IMP;287;35;0.00605035
815;0SS006013IMP;288;35;0.00148519
815;0SS006013IMP;289;35;0.00130126
815;0SS006013IMP;290;35;0.00060413
815;0SS006013IMP;291;35;0.00018404
815;0SS006013IMP;292;35;0.00022900
815;0SS006013IMP;293;35;0.00001359
815;0SS006013IMP;301;35;0.00008241
815;0SS006013IMP;302;35;0.00007396
815;0SS006013IMP;283;36;0.00020455
815;0SS006013IMP;284;36;0.00940416
815;0SS006013IMP;285;36;0.00866386
815;0SS006013IMP;286;36;0.01568914
815;0SS006013IMP;287;36;0.00508599
815;0SS006013IMP;288;36;0.00079485
815;0SS006013IMP;289;36;0.00004615
815;0SS006013IMP;290;36;0.00044474
815;0SS006013IMP;291;36;0.00015687
815;0SS006013IMP;293;36;0.00021381
815;0SS006013IMP;294;36;0.00024672
815;0SS006013IMP;295;36;0.00024777
815;0SS006013IMP;296;36;0.00023008
815;0SS006013IMP;300;36;0.00000118
815;0SS006013IMP;301;36;0.00008513
815;0SS006013IMP;281;37;0.00668317
815;0SS006013IMP;282;37;0.01068732
815;0SS006013IMP;283;37;0.00960648
815;0SS006013IMP;284;37;0.00910488
815;0SS006013IMP;285;37;0.00097593
815;0SS006013IMP;286;37;0.00396036
815;0SS006013IMP;287;37;0.00085826
815;0SS006013IMP;288;37;0.00078919
815;0SS006013IMP;289;37;0.00024550
815;0SS006013IMP;290;37;0.00020555
815;0SS006013IMP;296;37;0.00001268
815;0SS006013IMP;297;37;0.00026549
815;0SS006013IMP;298;37;0.00024046
815;0SS006013IMP;299;37;0.00007630
815;0SS006013IMP;300;37;0.00008754
815;0SS006013IMP;279;38;0.00897095
815;0SS006013IMP;280;38;0.01076702
815;0SS006013IMP;281;38;0.00666220
815;0SS006013IMP;284;38;0.00150547
815;0SS006013IMP;285;38;0.00010957
815;0SS006013IMP;286;38;0.00389575
815;0SS006013IMP;288;38;0.00072760
815;0SS006013IMP;289;38;0.00002422
815;0SS006013IMP;299;38;0.00024873
815;0SS006013IMP;300;38;0.00009494
815;0SS006013IMP;273;39;0.00016509
815;0SS006013IMP;274;39;0.00035113
815;0SS006013IMP;275;39;0.00035019
815;0SS006013IMP;276;39;0.00035020
815;0SS006013IMP;277;39;0.00035022
815;0SS006013IMP;278;39;0.01037563
815;0SS006013IMP;279;39;0.00099671
815;0SS006013IMP;284;39;0.00113921
815;0SS006013IMP;285;39;0.00107751
815;0SS006013IMP;286;39;0.00379993
815;0SS006013IMP;287;39;0.00055682
815;0SS006013IMP;288;39;0.00095985
815;0SS006013IMP;289;39;0.00003296
815;0SS006013IMP;299;39;0.00016026
815;0SS006013IMP;300;39;0.00029813
815;0SS006013IMP;277;40;0.00527054
815;0SS006013IMP;278;40;0.00762803
815;0SS006013IMP;284;40;0.00004812
815;0SS006013IMP;285;40;0.00020564
815;0SS006013IMP;286;40;0.00268292
815;0SS006013IMP;287;40;0.00017987
815;0SS006013IMP;288;40;0.00060782
815;0SS006013IMP;289;40;0.00026913
815;0SS006013IMP;290;40;0.00015577
815;0SS006013IMP;300;40;0.00026743
815;0SS006013IMP;301;40;0.00007374
815;0SS006013IMP;277;41;0.01022408
815;0SS006013IMP;284;41;0.00002744
815;0SS006013IMP;285;41;0.00024154
815;0SS006013IMP;286;41;0.00253867
815;0SS006013IMP;287;41;0.00056645
815;0SS006013IMP;301;41;0.00032531
815;0SS006013IMP;274;42;0.00011156
815;0SS006013IMP;275;42;0.00011593
815;0SS006013IMP;276;42;0.01054059
815;0SS006013IMP;277;42;0.00103602
815;0SS006013IMP;284;42;0.00028594
815;0SS006013IMP;285;42;0.00101280
815;0SS006013IMP;286;42;0.00302583
815;0SS006013IMP;287;42;0.00060454
815;0SS006013IMP;288;42;0.00000003
815;0SS006013IMP;301;42;0.00031891
815;0SS006013IMP;273;43;0.00034877
815;0SS006013IMP;274;43;0.00040821
815;0SS006013IMP;275;43;0.00706816
815;0SS006013IMP;276;43;0.00512891
815;0SS006013IMP;284;43;0.00031823
815;0SS006013IMP;285;43;0.00118624
815;0SS006013IMP;286;43;0.00034600
815;0SS006013IMP;301;43;0.00035660
815;0SS006013IMP;274;44;0.00208462
815;0SS006013IMP;275;44;0.01453150
815;0SS006013IMP;276;44;0.00280159
815;0SS006013IMP;284;44;0.00142992
815;0SS006013IMP;301;44;0.00002933
815;0SS006013IMP;302;44;0.00039323
815;0SS006013IMP;274;45;0.01295718
815;0SS006013IMP;280;45;0.00054281
815;0SS006013IMP;281;45;0.00078258
815;0SS006013IMP;282;45;0.00069987
815;0SS006013IMP;283;45;0.00126808
815;0SS006013IMP;284;45;0.00026085
815;0SS006013IMP;302;45;0.00007368
815;0SS006013IMP;303;45;0.00040151
815;0SS006013IMP;273;46;0.00593644
815;0SS006013IMP;274;46;0.00773558
815;0SS006013IMP;279;46;0.00080989
815;0SS006013IMP;280;46;0.00055906
815;0SS006013IMP;281;46;0.00052042
815;0SS006013IMP;282;46;0.00055394
815;0SS006013IMP;283;46;0.00054245
815;0SS006013IMP;303;46;0.00004455
815;0SS006013IMP;304;46;0.00034250
815;0SS006013IMP;273;47;0.00531761
815;0SS006013IMP;278;47;0.00032222
815;0SS006013IMP;279;47;0.00057434
815;0SS006013IMP;282;47;0.00029662
815;0SS006013IMP;304;47;0.00071680
815;0SS006013IMP;303;48;0.00017378
815;0SS006013IMP;304;48;0.00048942
815;0SS006013IMP;303;49;0.00030318
815;NEP006047SIS;135;255;0.01579869
815;NEP006047SIS;136;255;0.00005366
815;NEP006047SIS;146;255;0.00086433
815;NEP006047SIS;147;255;0.00092794
815;NEP006047SIS;135;256;0.00209823
815;NEP006047SIS;136;256;0.01671024
815;NEP006047SIS;145;256;0.00137143
815;NEP006047SIS;146;256;0.00089534
815;NEP006047SIS;135;257;0.00998680
815;NEP006047SIS;136;257;0.02758278
815;NEP006047SIS;137;257;0.00865572
815;NEP006047SIS;138;257;0.00839375
815;NEP006047SIS;139;257;0.00097990
815;NEP006047SIS;140;257;0.00097990
815;NEP006047SIS;141;257;0.00097990
815;NEP006047SIS;142;257;0.00097990
815;NEP006047SIS;143;257;0.00097990
815;NEP006047SIS;144;257;0.00112059
815;NEP006047SIS;145;257;0.00038824
815;NEP006047SIS;125;258;0.00001059
815;NEP006047SIS;126;258;0.00072605
815;NEP006047SIS;127;258;0.00031930
815;NEP006047SIS;135;258;0.03315921
815;NEP006047SIS;136;258;0.00252298
815;NEP006047SIS;125;259;0.00092447
815;NEP006047SIS;134;259;0.03263626
815;NEP006047SIS;135;259;0.01398310
815;NEP006047SIS;124;260;0.00060973
815;NEP006047SIS;125;260;0.00003174
815;NEP006047SIS;134;260;0.04779963
815;NEP006047SIS;111;261;0.00019474
815;NEP006047SIS;124;261;0.00064147
815;NEP006047SIS;133;261;0.00988561
815;NEP006047SIS;134;261;0.03388442
815;NEP006047SIS;111;262;0.00028771
815;NEP006047SIS;124;262;0.00064147
815;NEP006047SIS;132;262;0.00692698
815;NEP006047SIS;133;262;0.01026325
815;NEP006047SIS;134;262;0.00438772
815;NEP006047SIS;111;263;0.00028771
815;NEP006047SIS;123;263;0.00049668
815;NEP006047SIS;124;263;0.00023577
815;NEP006047SIS;125;263;0.00000443
815;NEP006047SIS;132;263;0.01885113
815;NEP006047SIS;134;263;0.00665286
815;NEP006047SIS;135;263;0.00210924
815;NEP006047SIS;111;264;0.00028750
815;NEP006047SIS;123;264;0.00054022
815;NEP006047SIS;132;264;0.01835710
815;NEP006047SIS;135;264;0.00735309
815;NEP006047SIS;136;264;0.00998820
815;NEP006047SIS;111;265;0.00028678
815;NEP006047SIS;123;265;0.00062725
815;NEP006047SIS;131;265;0.01614531
815;NEP006047SIS;132;265;0.00218118
815;NEP006047SIS;134;265;0.00030852
815;NEP006047SIS;135;265;0.00286916
815;NEP006047SIS;136;265;0.00294728
815;NEP006047SIS;137;265;0.00951478
815;NEP006047SIS;111;266;0.00028678
815;NEP006047SIS;122;266;0.00017558
815;NEP006047SIS;123;266;0.00004245
815;NEP006047SIS;124;266;0.00069949
815;NEP006047SIS;131;266;0.01827931
815;NEP006047SIS;133;266;0.00229737
815;NEP006047SIS;134;266;0.00256064
815;NEP006047SIS;137;266;0.01078174
815;NEP006047SIS;111;267;0.00028186
815;NEP006047SIS;119;267;0.00008477
815;NEP006047SIS;120;267;0.00014664
815;NEP006047SIS;122;267;0.00039276
815;NEP006047SIS;124;267;0.01665971
815;NEP006047SIS;125;267;0.01929613
815;NEP006047SIS;126;267;0.01710325
815;NEP006047SIS;131;267;0.02012966
815;NEP006047SIS;132;267;0.00286916
815;NEP006047SIS;133;267;0.00057179
815;NEP006047SIS;137;267;0.00534906
815;NEP006047SIS;138;267;0.01110046
815;NEP006047SIS;139;267;0.00113211
815;NEP006047SIS;111;268;0.00011867
815;NEP006047SIS;112;268;0.00011033
815;NEP006047SIS;119;268;0.00036599
815;NEP006047SIS;120;268;0.00014523
815;NEP006047SIS;121;268;0.00028353
815;NEP006047SIS;122;268;0.00002719
815;NEP006047SIS;126;268;0.00776609
815;NEP006047SIS;127;268;0.02195435
815;NEP006047SIS;128;268;0.00624468
815;NEP006047SIS;129;268;0.01867489
815;NEP006047SIS;130;268;0.02002263
815;NEP006047SIS;131;268;0.00306902
815;NEP006047SIS;139;268;0.00996835
815;NEP006047SIS;140;268;0.01110046
815;NEP006047SIS;141;268;0.00137364
815;NEP006047SIS;112;269;0.00022900
815;NEP006047SIS;119;269;0.00005596
815;NEP006047SIS;120;269;0.00034438
815;NEP006047SIS;128;269;0.02326882
815;NEP006047SIS;129;269;0.01784478
815;NEP006047SIS;131;269;0.00774306
815;NEP006047SIS;140;269;0.00872509
815;NEP006047SIS;141;269;0.00165598
815;NEP006047SIS;112;270;0.00002161
815;NEP006047SIS;113;270;0.00020738
815;NEP006047SIS;120;270;0.00003051
815;NEP006047SIS;121;270;0.00053862
815;NEP006047SIS;129;270;0.01904438
815;NEP006047SIS;130;270;0.00013505
815;NEP006047SIS;131;270;0.01637945
815;NEP006047SIS;140;270;0.00991678
815;NEP006047SIS;113;271;0.00015356
815;NEP006047SIS;114;271;0.00007544
815;NEP006047SIS;120;271;0.00003529
815;NEP006047SIS;121;271;0.00106743
815;NEP006047SIS;129;271;0.02058264
815;NEP006047SIS;131;271;0.00758333
815;NEP006047SIS;140;271;0.00476868
815;NEP006047SIS;141;271;0.00384285
815;NEP006047SIS;114;272;0.00037232
815;NEP006047SIS;119;272;0.00022067
815;NEP006047SIS;120;272;0.00040304
815;NEP006047SIS;121;272;0.00131584
815;NEP006047SIS;122;272;0.00010445
815;NEP006047SIS;129;272;0.00820261
815;NEP006047SIS;130;272;0.01242124
815;NEP006047SIS;141;272;0.00861153
815;NEP006047SIS;113;273;0.00010970
815;NEP006047SIS;114;273;0.00009266
815;NEP006047SIS;115;273;0.00024278
815;NEP006047SIS;117;273;0.00022851
815;NEP006047SIS;118;273;0.00023633
815;NEP006047SIS;119;273;0.00001566
815;NEP006047SIS;122;273;0.00097718
815;NEP006047SIS;123;273;0.00103712
815;NEP006047SIS;124;273;0.00110757
815;NEP006047SIS;125;273;0.00079618
815;NEP006047SIS;126;273;0.00103971
815;NEP006047SIS;127;273;0.00113740
815;NEP006047SIS;128;273;0.00113740
815;NEP006047SIS;129;273;0.00113740
815;NEP006047SIS;130;273;0.02047551
815;NEP006047SIS;141;273;0.00291523
815;NEP006047SIS;142;273;0.00569630
815;NEP006047SIS;113;274;0.00017871
815;NEP006047SIS;115;274;0.00010425
815;NEP006047SIS;116;274;0.00024354
815;NEP006047SIS;117;274;0.00000782
815;NEP006047SIS;125;274;0.00065538
815;NEP006047SIS;126;274;0.00009768
815;NEP006047SIS;130;274;0.02111225
815;NEP006047SIS;131;274;0.00164012
815;NEP006047SIS;142;274;0.00861153
815;NEP006047SIS;112;275;0.00010297
815;NEP006047SIS;113;275;0.00014639
815;NEP006047SIS;130;275;0.02234322
815;NEP006047SIS;142;275;0.00106177
815;NEP006047SIS;143;275;0.00802570
815;NEP006047SIS;152;275;0.00222892
815;NEP006047SIS;111;276;0.00007337
815;NEP006047SIS;112;276;0.00026856
815;NEP006047SIS;129;276;0.00725858
815;NEP006047SIS;130;276;0.01551927
815;NEP006047SIS;143;276;0.00989311
815;NEP006047SIS;144;276;0.00133190
815;NEP006047SIS;151;276;0.00169936
815;NEP006047SIS;152;276;0.00327820
815;NEP006047SIS;111;277;0.00018395
815;NEP006047SIS;129;277;0.01487703
815;NEP006047SIS;144;277;0.00672781
815;NEP006047SIS;145;277;0.00490039
815;NEP006047SIS;146;277;0.00490039
815;NEP006047SIS;147;277;0.00490039
815;NEP006047SIS;148;277;0.00490038
815;NEP006047SIS;149;277;0.00490034
815;NEP006047SIS;150;277;0.00177102
815;NEP006047SIS;151;277;0.00067761
815;0SF0060490BA;129;172;0.00720444
815;0SF0060490BA;129;173;0.01161901
815;0SF0060490BA;130;173;0.01984151
815;0SF0060490BA;131;173;0.00568192
815;0SF0060490BA;125;174;0.00003140
815;0SF0060490BA;126;174;0.00014474
815;0SF0060490BA;127;174;0.00911719
815;0SF0060490BA;128;174;0.00152444
815;0SF0060490BA;129;174;0.00221628
815;0SF0060490BA;130;174;0.00506179
815;0SF0060490BA;126;175;0.00505702
815;0SF0060490BA;127;175;0.03136301
815;0SF0060490BA;128;175;0.00634391
815;0SF0060490BA;130;175;0.00506179
815;0SF0060490BA;122;176;0.00002972
815;0SF0060490BA;123;176;0.00082110
815;0SF0060490BA;124;176;0.00464754
815;0SF0060490BA;125;176;0.00669749
815;0SF0060490BA;126;176;0.06234988
815;0SF0060490BA;127;176;0.01677058
815;0SF0060490BA;128;176;0.00422693
815;0SF0060490BA;129;176;0.01283667
815;0SF0060490BA;130;176;0.01379856
815;0SF0060490BA;131;176;0.01203679
815;0SF0060490BA;132;176;0.00087778
815;0SF0060490BA;122;177;0.00037156
815;0SF0060490BA;123;177;0.00059079
815;0SF0060490BA;124;177;0.00028927
815;0SF0060490BA;125;177;0.04188368
815;0SF0060490BA;126;177;0.01263162
815;0SF0060490BA;127;177;0.00094417
815;0SF0060490BA;129;177;0.00402271
815;0SF0060490BA;130;177;0.01003306
815;0SF0060490BA;120;178;0.00124521
815;0SF0060490BA;121;178;0.00088094
815;0SF0060490BA;122;178;0.00037553
815;0SF0060490BA;124;178;0.00766797
815;0SF0060490BA;125;178;0.04503545
815;0SF0060490BA;126;178;0.00394661
815;0SF0060490BA;129;178;0.00847685
815;0SF0060490BA;120;179;0.00254004
815;0SF0060490BA;121;179;0.00014108
815;0SF0060490BA;123;179;0.00771361
815;0SF0060490BA;124;179;0.01500015
815;0SF0060490BA;125;179;0.05177227
815;0SF0060490BA;126;179;0.00233355
815;0SF0060490BA;127;179;0.00056335
815;0SF0060490BA;128;179;0.00287787
815;0SF0060490BA;129;179;0.00641975
815;0SF0060490BA;120;180;0.00029783
815;0SF0060490BA;121;180;0.00538197
815;0SF0060490BA;122;180;0.01188045
815;0SF0060490BA;123;180;0.00906009
815;0SF0060490BA;124;180;0.01090562
815;0SF0060490BA;125;180;0.04274453
815;0SF0060490BA;126;180;0.00276082
815;0SF0060490BA;127;180;0.00231452
815;0SF0060490BA;128;180;0.00500177
815;0SF0060490BA;129;180;0.00346239
815;0SF0060490BA;130;180;0.00096620
815;0SF0060490BA;120;181;0.00095711
815;0SF0060490BA;121;181;0.00219172
815;0SF0060490BA;122;181;0.01019884
815;0SF0060490BA;123;181;0.01718746
815;0SF0060490BA;124;181;0.06474948
815;0SF0060490BA;125;181;0.08954168
815;0SF0060490BA;126;181;0.00211303
815;0SF0060490BA;127;181;0.00799798
815;0SF0060490BA;128;181;0.00304407
815;0SF0060490BA;121;182;0.00002940
815;0SF0060490BA;122;182;0.00529764
815;0SF0060490BA;123;182;0.00873137
815;0SF0060490BA;124;182;0.07268662
815;0SF0060490BA;125;182;0.02926374
815;0SF0060490BA;126;182;0.02062021
815;0SF0060490BA;122;183;0.00127820
815;0SF0060490BA;123;183;0.02565634
815;0SF0060490BA;124;183;0.02544413
815;0SF0060490BA;125;183;0.00061166
815;0SF0060490BA;126;183;0.00440234
815;0SF0060490BA;122;184;0.00792385
815;0SF0060490BA;123;184;0.02004667
815;0SF0060490BA;125;184;0.00176412
815;0SF0060490BA;126;184;0.00709709
815;0SF0060490BA;122;185;0.00195562
815;0SF0060490BA;126;185;0.00096809
815;0SF0060490BA;127;185;0.00034679
815;0SF0060430BA;149;139;0.00040894
815;0SF0060430BA;149;140;0.00486787
815;0SF0060430BA;150;140;0.00006654
815;0SF0060430BA;148;141;0.00086358
815;0SF0060430BA;149;141;0.00552791
815;0SF0060430BA;150;141;0.00410091
815;0SF0060430BA;151;141;0.00231426
815;0SF0060430BA;152;141;0.00418897
815;0SF0060430BA;145;142;0.00016124
815;0SF0060430BA;146;142;0.00054404
815;0SF0060430BA;147;142;0.00047750
815;0SF0060430BA;148;142;0.00831535
815;0SF0060430BA;149;142;0.00608039
815;0SF0060430BA;150;142;0.00099425
815;0SF0060430BA;152;142;0.00017488
815;0SF0060430BA;153;142;0.00326776
815;0SF0060430BA;154;142;0.00122049
815;0SF0060430BA;146;143;0.00046352
815;0SF0060430BA;147;143;0.00002438
815;0SF0060430BA;148;143;0.00719326
815;0SF0060430BA;149;143;0.00055662
815;0SF0060430BA;154;143;0.00187428
815;0SF0060430BA;155;143;0.00283436
815;0SF0060430BA;156;143;0.00121463
815;0SF0060430BA;142;144;0.00000005
815;0SF0060430BA;143;144;0.00000002
815;0SF0060430BA;145;144;0.00000315
815;0SF0060430BA;146;144;0.00033577
815;0SF0060430BA;147;144;0.00167567
815;0SF0060430BA;148;144;0.00652929
815;0SF0060430BA;141;145;0.00000009
815;0SF0060430BA;145;145;0.00001489
815;0SF0060430BA;146;145;0.00055114
815;0SF0060430BA;147;145;0.01146348
815;0SF0060430BA;148;145;0.00009902
815;0SF0060430BA;139;146;0.00408154
815;0SF0060430BA;144;146;0.00000677
815;0SF0060430BA;145;146;0.00000593
815;0SF0060430BA;146;146;0.00778077
815;0SF0060430BA;147;146;0.00417920
815;0SF0060430BA;138;147;0.00001099
815;0SF0060430BA;139;147;0.00502517
815;0SF0060430BA;142;147;0.00053235
815;0SF0060430BA;143;147;0.00011042
815;0SF0060430BA;144;147;0.00012037
815;0SF0060430BA;145;147;0.00598168
815;0SF0060430BA;146;147;0.00346561
815;0SF0060430BA;137;148;0.00002222
815;0SF0060430BA;138;148;0.00000994
815;0SF0060430BA;139;148;0.00285109
815;0SF0060430BA;140;148;0.00794975
815;0SF0060430BA;141;148;0.00310259
815;0SF0060430BA;142;148;0.00971793
815;0SF0060430BA;143;148;0.00725210
815;0SF0060430BA;144;148;0.01080334
815;0SF0060430BA;145;148;0.00502164
815;0SF0060430BA;146;148;0.00021713
815;0SF0060430BA;136;149;0.00006570
815;0SF0060430BA;137;149;0.00027874
815;0SF0060430BA;138;149;0.00069930
815;0SF0060430BA;139;149;0.01027660
815;0SF0060430BA;140;149;0.02659282
815;0SF0060430BA;141;149;0.01640817
815;0SF0060430BA;142;149;0.02864148
815;0SF0060430BA;143;149;0.01957792
815;0SF0060430BA;144;149;0.00386451
815;0SF0060430BA;145;149;0.00008020
815;0SF0060430BA;146;149;0.00003281
815;0SF0060430BA;135;150;0.00003019
815;0SF0060430BA;136;150;0.00001788
815;0SF0060430BA;137;150;0.00000158
815;0SF0060430BA;138;150;0.00750510
815;0SF0060430BA;139;150;0.01768182
815;0SF0060430BA;140;150;0.04137476
815;0SF0060430BA;141;150;0.02872309
815;0SF0060430BA;142;150;0.02135027
815;0SF0060430BA;143;150;0.02723358
815;0SF0060430BA;144;150;0.00353680
815;0SF0060430BA;146;150;0.00000001
815;0SF0060430BA;135;151;0.00028817
815;0SF0060430BA;137;151;0.01111821
815;0SF0060430BA;138;151;0.02763505
815;0SF0060430BA;139;151;0.02701757
815;0SF0060430BA;140;151;0.02313774
815;0SF0060430BA;141;151;0.03629187
815;0SF0060430BA;142;151;0.04035145
815;0SF0060430BA;143;151;0.02652630
815;0SF0060430BA;144;151;0.00138768
815;0SF0060430BA;145;151;0.00000037
815;0SF0060430BA;146;151;0.00000044
815;0SF0060430BA;147;151;0.00000022
815;0SF0060430BA;135;152;0.00008858
815;0SF0060430BA;136;152;0.01213306
815;0SF0060430BA;137;152;0.01431375
815;0SF0060430BA;138;152;0.02353450
815;0SF0060430BA;139;152;0.02421820
815;0SF0060430BA;140;152;0.03770283
815;0SF0060430BA;141;152;0.03823650
815;0SF0060430BA;142;152;0.02628247
815;0SF0060430BA;143;152;0.00740234
815;0SF0060430BA;144;152;0.00000035
815;0SF0060430BA;145;152;0.00000002
815;0SF0060430BA;135;153;0.00840251
815;0SF0060430BA;136;153;0.01289694
815;0SF0060430BA;137;153;0.02158341
815;0SF0060430BA;138;153;0.02216825
815;0SF0060430BA;139;153;0.01932686
815;0SF0060430BA;140;153;0.01618309
815;0SF0060430BA;141;153;0.03811646
815;0SF0060430BA;142;153;0.01841171
815;0SF0060430BA;143;153;0.00001237
815;0SF0060430BA;135;154;0.00225904
815;0SF0060430BA;136;154;0.01320048
815;0SF0060430BA;137;154;0.01261468
815;0SF0060430BA;140;154;0.00006325
815;0SF0060430BA;141;154;0.01873186
815;0SF0060430BA;142;154;0.00773105
815;0SV0060570YS;147;177;0.00027868
815;0SV0060570YS;148;177;0.00019651
815;0SV0060570YS;148;178;0.00208763
815;0SV0060570YS;149;178;0.00027722
815;0SV0060570YS;150;178;0.00000399
815;0SV0060570YS;148;179;0.00002090
815;0SV0060570YS;149;179;0.00129609
815;0SV0060570YS;150;179;0.00010640
815;0SV0060570YS;148;180;0.00004823
815;0SV0060570YS;149;180;0.00185801
815;0SV0060570YS;150;180;0.00134984
815;0SV0060570YS;149;181;0.00123496
815;0SV0060570YS;150;181;0.00211195
815;0SV0060570YS;139;182;0.00092917
815;0SV0060570YS;149;182;0.00154791
815;0SV0060570YS;150;182;0.00015783
815;0SV0060570YS;138;183;0.00135642
815;0SV0060570YS;139;183;0.00121072
815;0SV0060570YS;140;183;0.00276615
815;0SV0060570YS;141;183;0.01970380
815;0SV0060570YS;144;183;0.00005836
815;0SV0060570YS;145;183;0.03626691
815;0SV0060570YS;146;183;0.00365433
815;0SV0060570YS;149;183;0.00651011
815;0SV0060570YS;150;183;0.00002674
815;0SV0060570YS;140;184;0.00013928
815;0SV0060570YS;141;184;0.01050055
815;0SV0060570YS;142;184;0.00590148
815;0SV0060570YS;143;184;0.00565821
815;0SV0060570YS;144;184;0.00791002
815;0SV0060570YS;145;184;0.04342869
815;0SV0060570YS;146;184;0.08190964
815;0SV0060570YS;147;184;0.07613579
815;0SV0060570YS;148;184;0.07615340
815;0SV0060570YS;149;184;0.10116471
815;0SV0060570YS;150;184;0.07914714
815;0SV0060570YS;140;185;0.00038443
815;0SV0060570YS;141;185;0.00962342
815;0SV0060570YS;142;185;0.00040950
815;0SV0060570YS;143;185;0.00043790
815;0SV0060570YS;144;185;0.00106356
815;0SV0060570YS;145;185;0.01605659
815;0SV0060570YS;146;185;0.00186751
815;0SV0060570YS;149;185;0.02926654
815;0SV0060570YS;150;185;0.00823691
815;0SV0060570YS;140;186;0.00028162
815;0SV0060570YS;141;186;0.00947737
815;0SV0060570YS;142;186;0.00139294
815;0SV0060570YS;143;186;0.00168349
815;0SV0060570YS;144;186;0.00438137
815;0SV0060570YS;145;186;0.01705344
815;0SV0060570YS;146;186;0.00299015
815;0SV0060570YS;148;186;0.00020048
815;0SV0060570YS;149;186;0.00020806
815;0SV0060570YS;140;187;0.00379951
815;0SV0060570YS;141;187;0.01260783
815;0SV0060570YS;142;187;0.00552470
815;0SV0060570YS;143;187;0.00664464
815;0SV0060570YS;144;187;0.01240208
815;0SV0060570YS;145;187;0.04772231
815;0SV0060570YS;146;187;0.04026715
815;0SV0060570YS;147;187;0.03620092
815;0SV0060570YS;148;187;0.00918431
815;0SV0060570YS;137;188;0.00192770
815;0SV0060570YS;138;188;0.00250062
815;0SV0060570YS;139;188;0.00344391
815;0SV0060570YS;140;188;0.00161632
815;0SV0060570YS;141;188;0.00346711
815;0SV0060570YS;143;188;0.00016663
815;0SV0060570YS;144;188;0.01245325
815;0SV0060570YS;145;188;0.01405285
815;0SV0060570YS;146;188;0.00174771
815;0SV0060570YS;136;189;0.00011010
815;0SV0060570YS;137;189;0.00118414
815;0SV0060570YS;139;189;0.00007187
815;0SV0060570YS;140;189;0.00022821
815;0SV0060570YS;141;189;0.00350485
815;0SV0060570YS;143;189;0.00651397
815;0SV0060570YS;144;189;0.00678229
815;0SV0060570YS;145;189;0.00235174
815;0SV0060570YS;146;189;0.00168218
815;0SV0060570YS;136;190;0.00115260
815;0SV0060570YS;139;190;0.00008558
815;0SV0060570YS;140;190;0.00035577
815;0SV0060570YS;141;190;0.00390460
815;0SV0060570YS;142;190;0.00376468
815;0SV0060570YS;143;190;0.01166017
815;0SV0060570YS;144;190;0.00145532
815;0SV0060570YS;145;190;0.00361556
815;0SV0060570YS;146;190;0.00299433
815;0SV0060570YS;136;191;0.00076096
815;0SV0060570YS;139;191;0.00003976
815;0SV0060570YS;141;191;0.00252061
815;0SV0060570YS;142;191;0.01286809
815;0SV0060570YS;145;191;0.00021956
815;0SV0060570YS;146;191;0.00007955
815;0SV0060570YS;135;192;0.00022510
815;0SV0060570YS;136;192;0.00026797
815;0SV0060570YS;139;192;0.00009701
815;0SV0060570YS;141;192;0.01552305
815;0SV0060570YS;142;192;0.00021265
815;0SV0060570YS;144;192;0.00026398
815;0SV0060570YS;145;192;0.00023819
815;0SV0060570YS;134;193;0.00009094
815;0SV0060570YS;135;193;0.00050350
815;0SV0060570YS;139;193;0.00010416
815;0SV0060570YS;140;193;0.01024990
815;0SV0060570YS;141;193;0.00390757
815;0SV0060570YS;143;193;0.00026185
815;0SV0060570YS;144;193;0.00010177
815;0SV0060570YS;133;194;0.00021685
815;0SV0060570YS;134;194;0.00047807
815;0SV0060570YS;140;194;0.00541241
815;0SV0060570YS;143;194;0.00008591
815;0NC006023MEN;108;190;0.00010788
815;0NC006023MEN;107;191;0.00021336
815;0NC006023MEN;108;191;0.00020994
815;0NC006023MEN;106;192;0.00038606
815;0NC006023MEN;107;192;0.00008595
815;0NC006023MEN;105;193;0.00014162
815;0NC006023MEN;106;193;0.00015106
815;0NC006023MEN;118;193;0.01534910
815;0NC006023MEN;104;194;0.00000066
815;0NC006023MEN;105;194;0.00000347
815;0NC006023MEN;113;194;0.00236701
815;0NC006023MEN;114;194;0.00318520
815;0NC006023MEN;115;194;0.00318520
815;0NC006023MEN;116;194;0.00259111
815;0NC006023MEN;118;194;0.01478218
815;0NC006023MEN;104;195;0.00000394
815;0NC006023MEN;107;195;0.00018124
815;0NC006023MEN;108;195;0.00053439
815;0NC006023MEN;112;195;0.00178398
815;0NC006023MEN;113;195;0.00178951
815;0NC006023MEN;117;195;0.01380251
815;0NC006023MEN;118;195;0.00687343
815;0NC006023MEN;104;196;0.00069752
815;0NC006023MEN;105;196;0.00140043
815;0NC006023MEN;108;196;0.00158396
815;0NC006023MEN;109;196;0.00211835
815;0NC006023MEN;110;196;0.00099918
815;0NC006023MEN;112;196;0.00357349
815;0NC006023MEN;117;196;0.03052573
815;0NC006023MEN;118;196;0.00977064
815;0NC006023MEN;119;196;0.00874757
815;0NC006023MEN;105;197;0.00252811
815;0NC006023MEN;110;197;0.00111917
815;0NC006023MEN;111;197;0.00722016
815;0NC006023MEN;112;197;0.00334507
815;0NC006023MEN;113;197;0.00177719
815;0NC006023MEN;116;197;0.02102908
815;0NC006023MEN;117;197;0.00285221
815;0NC006023MEN;105;198;0.00254326
815;0NC006023MEN;110;198;0.00507457
815;0NC006023MEN;111;198;0.00213453
815;0NC006023MEN;113;198;0.00088925
815;0NC006023MEN;114;198;0.00258446
815;0NC006023MEN;116;198;0.02374223
815;0NC006023MEN;104;199;0.00100356
815;0NC006023MEN;105;199;0.00162493
815;0NC006023MEN;109;199;0.00472857
815;0NC006023MEN;110;199;0.00228473
815;0NC006023MEN;114;199;0.00125533
815;0NC006023MEN;115;199;0.02439754
815;0NC006023MEN;116;199;0.00082183
815;0NC006023MEN;104;200;0.00264013
815;0NC006023MEN;108;200;0.00319252
815;0NC006023MEN;109;200;0.00329305
815;0NC006023MEN;115;200;0.02814651
815;0NC006023MEN;116;200;0.00031911
815;0NC006023MEN;104;201;0.00217783
815;0NC006023MEN;105;201;0.00024699
815;0NC006023MEN;106;201;0.00095631
815;0NC006023MEN;107;201;0.00168298
815;0NC006023MEN;108;201;0.00467990
815;0NC006023MEN;115;201;0.10036702
815;0NC006023MEN;103;202;0.00119184
815;0NC006023MEN;104;202;0.00136577
815;0NC006023MEN;105;202;0.00078513
815;0NC006023MEN;107;202;0.00094714
815;0NC006023MEN;115;202;0.05520432
815;0NC006023MEN;117;202;0.00132581
815;0NC006023MEN;118;202;0.00892967
815;0NC006023MEN;103;203;0.00667584
815;0NC006023MEN;107;203;0.00090698
815;0NC006023MEN;115;203;0.05594433
815;0NC006023MEN;116;203;0.01582238
815;0NC006023MEN;117;203;0.01329595
815;0NC006023MEN;103;204;0.01184432
815;0NC006023MEN;104;204;0.00020516
815;0NC006023MEN;105;204;0.00045977
815;0NC006023MEN;106;204;0.00096755
815;0NC006023MEN;107;204;0.00081680
815;0NC006023MEN;113;204;0.00074079
815;0NC006023MEN;114;204;0.02855326
815;0NC006023MEN;115;204;0.00750455
815;0NC006023MEN;117;204;0.01044076
815;0NC006023MEN;103;205;0.01144293
815;0NC006023MEN;104;205;0.00074848
815;0NC006023MEN;105;205;0.00051748
815;0NC006023MEN;106;205;0.00045911
815;0NC006023MEN;113;205;0.02693368
815;0NC006023MEN;117;205;0.00613195
815;0NC006023MEN;102;206;0.00033666
815;0NC006023MEN;103;206;0.00407929
815;0NC006023MEN;106;206;0.00027515
815;0NC006023MEN;107;206;0.00229167
815;0NC006023MEN;108;206;0.00229167
815;0NC006023MEN;109;206;0.00115475
815;0NC006023MEN;113;206;0.02669159
815;0NC006023MEN;102;207;0.01637890
815;0NC006023MEN;105;207;0.00235337
815;0NC006023MEN;106;207;0.00220698
815;0NC006023MEN;109;207;0.00190936
815;0NC006023MEN;110;207;0.00134588
815;0NC006023MEN;112;207;0.01603821
815;0NC006023MEN;113;207;0.01030944
815;0NC006023MEN;102;208;0.00417184
815;0NC006023MEN;103;208;0.01891895
815;0NC006023MEN;104;208;0.00256598
815;0NC006023MEN;105;208;0.00075935
815;0NC006023MEN;110;208;0.00091486
815;0NC006023MEN;111;208;0.00153725
815;0NC006023MEN;112;208;0.03198584
815;0NC006023MEN;103;209;0.01996239
815;0NC006023MEN;112;209;0.04219940
815;0NC006023MEN;103;210;0.01181465
815;0NC006023MEN;111;210;0.00061893
815;0NC006023MEN;112;210;0.01968147
815;0NC006023MEN;103;211;0.00022371
815;0NC006023MEN;104;211;0.00043467
815;0NC006023MEN;111;211;0.00887445
815;0NC006023MEN;103;212;0.00008568
815;0NC006023MEN;104;212;0.00050523
815;0NC006023MEN;110;212;0.00296487
815;0NC006023MEN;111;212;0.00943963
815;0NC006023MEN;103;213;0.00065356
815;0NC006023MEN;110;213;0.00507611
815;0NC006023MEN;111;213;0.00199271
815;0NC006023MEN;112;213;0.00654630
815;0NC006023MEN;103;214;0.00048132
815;0NC006023MEN;107;214;0.00000412
815;0NC006023MEN;108;214;0.00000826
815;0NC006023MEN;109;214;0.00000202
815;0NC006023MEN;110;214;0.00507645
815;0NC006023MEN;112;214;0.00643836
815;0NC006023MEN;103;215;0.00070320
815;0NC006023MEN;104;215;0.00000572
815;0NC006023MEN;105;215;0.00000572
815;0NC006023MEN;106;215;0.00000650
815;0NC006023MEN;107;215;0.00000313
815;0NC006023MEN;109;215;0.00155255
815;0NC006023MEN;110;215;0.00506607
815;0NC006023MEN;112;215;0.00609839
815;0NC006023MEN;103;216;0.00059768
815;0NC006023MEN;109;216;0.00261852
815;0NC006023MEN;110;216;0.00005454
815;0NC006023MEN;112;216;0.00250644
815;0NC006023MEN;103;217;0.00062075
815;0NC006023MEN;109;217;0.00252982
815;0NC006023MEN;102;218;0.00028776
815;0NC006023MEN;103;218;0.00033886
815;0NC006023MEN;108;218;0.00144355
815;0NC006023MEN;109;218;0.00086808
815;0NC006023MEN;102;219;0.00014019
815;0NC006023MEN;103;219;0.00020361
815;0NC006023MEN;104;219;0.00000951
815;0NC006023MEN;106;219;0.00243953
815;0NC006023MEN;107;219;0.00231271
815;0NC006023MEN;108;219;0.00298110
815;0NC006023MEN;104;220;0.00022078
815;0NC006023MEN;105;220;0.00329773
815;0NC006023MEN;106;220;0.00009143
815;0NC006023MEN;104;221;0.00260647
815;0NC006023MEN;105;221;0.00167080
815;0NC006023MEN;104;222;0.00332964
815;0NC006023MEN;103;223;0.00180679
815;0NC006023MEN;104;223;0.00159352
815;0NC006023MEN;103;224;0.00121257
815;0NC006023MEN;104;224;0.00120948
815;0SV006034SAC;147;172;0.00090237
815;0SV006034SAC;148;172;0.00058751
815;0SV006034SAC;149;172;0.00002853
815;0SV006034SAC;146;173;0.00070097
815;0SV006034SAC;147;173;0.00074453
815;0SV006034SAC;148;173;0.00102147
815;0SV006034SAC;148;174;0.00028985
815;0SV006034SAC;149;174;0.00065733
815;0SV006034SAC;148;175;0.00004465
815;0SV006034SAC;149;175;0.00092064
815;0SV006034SAC;150;175;0.00093094
815;0SV006034SAC;152;175;0.00031146
815;0SV006034SAC;153;175;0.00067246
815;0SV006034SAC;154;175;0.00049133
815;0SV006034SAC;155;175;0.00097358
815;0SV006034SAC;148;176;0.00004531
815;0SV006034SAC;149;176;0.00006247
815;0SV006034SAC;150;176;0.00139099
815;0SV006034SAC;151;176;0.00772975
815;0SV006034SAC;152;176;0.00000565
815;0SV006034SAC;154;176;0.00559696
815;0SV006034SAC;155;176;0.00323626
815;0SV006034SAC;156;176;0.00014143
815;0SV006034SAC;149;177;0.00014393
815;0SV006034SAC;150;177;0.00013182
815;0SV006034SAC;151;177;0.00517900
815;0SV006034SAC;152;177;0.00039107
815;0SV006034SAC;153;177;0.00031799
815;0SV006034SAC;154;177;0.00812940
815;0SV006034SAC;155;177;0.00028328
815;0SV006034SAC;156;177;0.00038322
815;0SV006034SAC;157;177;0.00007545
815;0SV006034SAC;149;178;0.00021440
815;0SV006034SAC;150;178;0.00012815
815;0SV006034SAC;151;178;0.00508169
815;0SV006034SAC;152;178;0.00012492
815;0SV006034SAC;153;178;0.00001281
815;0SV006034SAC;154;178;0.00803134
815;0SV006034SAC;155;178;0.00011631
815;0SV006034SAC;156;178;0.00018102
815;0SV006034SAC;157;178;0.00013874
815;0SV006034SAC;158;178;0.00005265
815;0SV006034SAC;159;178;0.00002225
815;0SV006034SAC;150;179;0.00021499
815;0SV006034SAC;151;179;0.00647657
815;0SV006034SAC;152;179;0.00165113
815;0SV006034SAC;153;179;0.00988663
815;0SV006034SAC;154;179;0.00108636
815;0SV006034SAC;155;179;0.00021323
815;0SV006034SAC;156;179;0.00024726
815;0SV006034SAC;157;179;0.00005412
815;0SV006034SAC;159;179;0.00000457
815;0SV006034SAC;160;179;0.00002201
815;0SV006034SAC;150;180;0.00002368
815;0SV006034SAC;151;180;0.01254383
815;0SV006034SAC;152;180;0.01155227
815;0SV006034SAC;153;180;0.01406206
815;0SV006034SAC;154;180;0.00264395
815;0SV006034SAC;155;180;0.00109358
815;0SV006034SAC;156;180;0.00034703
815;0SV006034SAC;157;180;0.00010281
815;0SV006034SAC;150;181;0.00703444
815;0SV006034SAC;151;181;0.00592181
815;0SV006034SAC;152;181;0.02169361
815;0SV006034SAC;153;181;0.00653773
815;0SV006034SAC;154;181;0.00294276
815;0SV006034SAC;155;181;0.00271864
815;0SV006034SAC;156;181;0.00004374
815;0SV006034SAC;157;181;0.00020853
815;0SV006034SAC;149;182;0.00015227
815;0SV006034SAC;150;182;0.01618554
815;0SV006034SAC;151;182;0.01626774
815;0SV006034SAC;152;182;0.02192694
815;0SV006034SAC;153;182;0.00564614
815;0SV006034SAC;154;182;0.00275638
815;0SV006034SAC;155;182;0.00132881
815;0SV006034SAC;156;182;0.00367955
815;0SV006034SAC;157;182;0.00170807
815;0SV006034SAC;158;182;0.00131694
815;0SV006034SAC;159;182;0.00158367
815;0SV006034SAC;160;182;0.00394812
815;0SV006034SAC;149;183;0.00012532
815;0SV006034SAC;150;183;0.01752962
815;0SV006034SAC;151;183;0.02835471
815;0SV006034SAC;152;183;0.01204640
815;0SV006034SAC;153;183;0.00827499
815;0SV006034SAC;154;183;0.00535496
815;0SV006034SAC;155;183;0.00195073
815;0SV006034SAC;156;183;0.00166068
815;0SV006034SAC;157;183;0.00113287
815;0SV006034SAC;159;183;0.00024001
815;0SV006034SAC;160;183;0.00001219
815;0SV006034SAC;150;184;0.02869426
815;0SV006034SAC;151;184;0.05096992
815;0SV006034SAC;152;184;0.03009185
815;0SV006034SAC;153;184;0.02964652
815;0SV006034SAC;154;184;0.02427353
815;0SV006034SAC;155;184;0.00780579
815;0SV006034SAC;156;184;0.00224750
815;0SV006034SAC;157;184;0.00133327
815;0SV006034SAC;158;184;0.00024223
815;0SV006034SAC;159;184;0.00003835
815;0SV006034SAC;149;185;0.00242345
815;0SV006034SAC;150;185;0.02616122
815;0SV006034SAC;151;185;0.01882605
815;0SV006034SAC;152;185;0.03122628
815;0SV006034SAC;153;185;0.01231349
815;0SV006034SAC;154;185;0.00565999
815;0SV006034SAC;155;185;0.02773418
815;0SV006034SAC;156;185;0.00737412
815;0SV006034SAC;157;185;0.00158769
815;0SV006034SAC;158;185;0.00180904
815;0SV006034SAC;159;185;0.00012960
815;0SV006034SAC;148;186;0.00000605
815;0SV006034SAC;149;186;0.00018488
815;0SV006034SAC;150;186;0.03005504
815;0SV006034SAC;151;186;0.01888056
815;0SV006034SAC;152;186;0.02520745
815;0SV006034SAC;153;186;0.03332757
815;0SV006034SAC;154;186;0.01058659
815;0SV006034SAC;155;186;0.01239241
815;0SV006034SAC;156;186;0.01650787
815;0SV006034SAC;157;186;0.01521365
815;0SV006034SAC;158;186;0.01302857
815;0SV006034SAC;159;186;0.00913340
815;0SV006034SAC;148;187;0.00585756
815;0SV006034SAC;149;187;0.00826822
815;0SV006034SAC;150;187;0.00937664
815;0SV006034SAC;151;187;0.00343198
815;0SV006034SAC;152;187;0.00369651
815;0SV006034SAC;153;187;0.01845948
815;0SV006034SAC;154;187;0.03385200
815;0SV006034SAC;155;187;0.01757280
815;0SV006034SAC;156;187;0.01055011
815;0SV006034SAC;157;187;0.00964709
815;0SV006034SAC;158;187;0.00810122
815;0SV006034SAC;159;187;0.00044241
815;0SV006034SAC;148;188;0.00001755
815;0SV006034SAC;149;188;0.00001681
815;0SV006034SAC;150;188;0.00444525
815;0SV006034SAC;151;188;0.00183406
815;0SV006034SAC;152;188;0.00227583
815;0SV006034SAC;153;188;0.00635922
815;0SV006034SAC;154;188;0.01587579
815;0SV006034SAC;155;188;0.01540014
815;0SV006034SAC;156;188;0.00451759
815;0SV006034SAC;157;188;0.00320941
815;0SV006034SAC;158;188;0.00155993
815;0SV006034SAC;159;188;0.00035939
815;0SV006034SAC;148;189;0.00000013
815;0SV006034SAC;150;189;0.00057691
815;0SV006034SAC;151;189;0.00004765
815;0SV006034SAC;152;189;0.00000013
815;SJV006020SJU;175;137;0.00010443
815;SJV006020SJU;176;137;0.00095213
815;SJV006020SJU;177;137;0.00095267
815;SJV006020SJU;178;137;0.00104857
815;SJV006020SJU;179;137;0.00104862
815;SJV006020SJU;180;137;0.00141208
815;SJV006020SJU;181;137;0.00494670
815;SJV006020SJU;182;137;0.00178980
815;SJV006020SJU;183;137;0.00009066
815;SJV006020SJU;184;137;0.01432060
815;SJV006020SJU;173;138;0.00334426
815;SJV006020SJU;174;138;0.00423376
815;SJV006020SJU;175;138;0.00249520
815;SJV006020SJU;176;138;0.00081622
815;SJV006020SJU;180;138;0.00086962
815;SJV006020SJU;181;138;0.00467167
815;SJV006020SJU;182;138;0.00012275
815;SJV006020SJU;183;138;0.05024189
815;SJV006020SJU;184;138;0.01286613
815;SJV006020SJU;185;138;0.00760231
815;SJV006020SJU;186;138;0.00761572
815;SJV006020SJU;187;138;0.00779305
815;SJV006020SJU;174;139;0.00137145
815;SJV006020SJU;176;139;0.00124918
815;SJV006020SJU;177;139;0.00154135
815;SJV006020SJU;178;139;0.00135195
815;SJV006020SJU;179;139;0.00144181
815;SJV006020SJU;180;139;0.00295604
815;SJV006020SJU;181;139;0.00721533
815;SJV006020SJU;182;139;0.04157013
815;SJV006020SJU;183;139;0.01574678
815;SJV006020SJU;184;139;0.00350566
815;SJV006020SJU;185;139;0.00618995
815;SJV006020SJU;186;139;0.00673599
815;SJV006020SJU;187;139;0.02515172
815;SJV006020SJU;174;140;0.00152883
815;SJV006020SJU;175;140;0.00031365
815;SJV006020SJU;176;140;0.00028093
815;SJV006020SJU;177;140;0.00075386
815;SJV006020SJU;178;140;0.00048163
815;SJV006020SJU;179;140;0.00116209
815;SJV006020SJU;180;140;0.00841107
815;SJV006020SJU;181;140;0.06559777
815;SJV006020SJU;182;140;0.02742521
815;SJV006020SJU;183;140;0.00001639
815;SJV006020SJU;185;140;0.00194227
815;SJV006020SJU;187;140;0.01000201
815;SJV006020SJU;174;141;0.00120063
815;SJV006020SJU;177;141;0.00066529
815;SJV006020SJU;178;141;0.00031262
815;SJV006020SJU;179;141;0.00038820
815;SJV006020SJU;180;141;0.03598245
815;SJV006020SJU;181;141;0.06655643
815;SJV006020SJU;182;141;0.00986799
815;SJV006020SJU;183;141;0.00313123
815;SJV006020SJU;184;141;0.00141044
815;SJV006020SJU;185;141;0.00245870
815;SJV006020SJU;186;141;0.00189733
815;SJV006020SJU;187;141;0.00972631
815;SJV006020SJU;188;141;0.00143207
815;SJV006020SJU;189;141;0.00006684
815;SJV006020SJU;172;142;0.00019344
815;SJV006020SJU;173;142;0.00019132
815;SJV006020SJU;174;142;0.00160088
815;SJV006020SJU;175;142;0.00086362
815;SJV006020SJU;176;142;0.00043675
815;SJV006020SJU;177;142;0.00127542
815;SJV006020SJU;178;142;0.00096060
815;SJV006020SJU;179;142;0.02206324
815;SJV006020SJU;180;142;0.02929242
815;SJV006020SJU;181;142;0.00448855
815;SJV006020SJU;182;142;0.00111643
815;SJV006020SJU;183;142;0.00379370
815;SJV006020SJU;184;142;0.00486119
815;SJV006020SJU;185;142;0.00502213
815;SJV006020SJU;186;142;0.00526807
815;SJV006020SJU;187;142;0.01694396
815;SJV006020SJU;188;142;0.00699521
815;SJV006020SJU;189;142;0.00016507
815;SJV006020SJU;172;143;0.00025227
815;SJV006020SJU;174;143;0.00090497
815;SJV006020SJU;175;143;0.00073834
815;SJV006020SJU;176;143;0.00056978
815;SJV006020SJU;177;143;0.00118044
815;SJV006020SJU;178;143;0.01939069
815;SJV006020SJU;179;143;0.02952887
815;SJV006020SJU;180;143;0.00044481
815;SJV006020SJU;181;143;0.00145688
815;SJV006020SJU;182;143;0.00066611
815;SJV006020SJU;183;143;0.00037166
815;SJV006020SJU;184;143;0.00030758
815;SJV006020SJU;187;143;0.01185791
815;SJV006020SJU;172;144;0.00827239
815;SJV006020SJU;173;144;0.00880412
815;SJV006020SJU;174;144;0.00950819
815;SJV006020SJU;175;144;0.00840502
815;SJV006020SJU;176;144;0.01050644
815;SJV006020SJU;177;144;0.01684126
815;SJV006020SJU;178;144;0.03500353
815;SJV006020SJU;179;144;0.00107644
815;SJV006020SJU;181;144;0.00056782
815;SJV006020SJU;183;144;0.00046924
815;SJV006020SJU;184;144;0.00026401
815;SJV006020SJU;185;144;0.00060512
815;SJV006020SJU;186;144;0.00014451
815;SJV006020SJU;187;144;0.00265281
815;SJV006020SJU;188;144;0.01005776
815;SJV006020SJU;174;145;0.00040552
815;SJV006020SJU;175;145;0.00033282
815;SJV006020SJU;176;145;0.01339411
815;SJV006020SJU;177;145;0.03665893
815;SJV006020SJU;178;145;0.00130279
815;SJV006020SJU;179;145;0.00090405
815;SJV006020SJU;180;145;0.00061201
815;SJV006020SJU;181;145;0.00068789
815;SJV006020SJU;182;145;0.00040174
815;SJV006020SJU;183;145;0.00027003
815;SJV006020SJU;184;145;0.00080347
815;SJV006020SJU;185;145;0.00059000
815;SJV006020SJU;186;145;0.00009922
815;SJV006020SJU;188;145;0.01225869
815;SJV006020SJU;189;145;0.00312908
815;SJV006020SJU;176;146;0.00499188
815;SJV006020SJU;178;146;0.00012263
815;SJV006020SJU;179;146;0.00011170
815;SJV006020SJU;184;146;0.00042758
815;SJV006020SJU;185;146;0.00001726
815;SJV006020SJU;186;146;0.00064268
815;SJV006020SJU;187;146;0.00045252
815;SJV006020SJU;188;146;0.01112201
815;SJV006020SJU;189;146;0.00054679
815;SJV006020SJU;190;146;0.00163787
815;SJV006020SJU;193;146;0.00046726
815;SJV006020SJU;184;147;0.00039464
815;SJV006020SJU;186;147;0.00019475
815;SJV006020SJU;187;147;0.00314407
815;SJV006020SJU;188;147;0.00735577
815;SJV006020SJU;189;147;0.00441602
815;SJV006020SJU;190;147;0.00029806
815;SJV006020SJU;191;147;0.00144221
815;SJV006020SJU;192;147;0.00153000
815;SJV006020SJU;193;147;0.00105116
815;SJV006020SJU;194;147;0.00005755
815;SJV006020SJU;184;148;0.00041700
815;SJV006020SJU;185;148;0.00022472
815;SJV006020SJU;186;148;0.00096307
815;SJV006020SJU;187;148;0.00231872
815;SJV006020SJU;188;148;0.00434311
815;SJV006020SJU;189;148;0.00805835
815;SJV006020SJU;192;148;0.00070632
815;SJV006020SJU;193;148;0.00264296
815;SJV006020SJU;183;149;0.00008780
815;SJV006020SJU;184;149;0.00015577
815;SJV006020SJU;185;149;0.00001956
815;SJV006020SJU;186;149;0.00004074
815;SJV006020SJU;187;149;0.00001504
815;SJV006020SJU;188;149;0.00131285
815;SJV006020SJU;189;149;0.01566649
815;SJV006020SJU;190;149;0.00505665
815;SJV006020SJU;191;149;0.00035978
815;SJV006020SJU;192;149;0.00025679
815;SJV006020SJU;193;149;0.00131360
815;SJV006020SJU;187;150;0.00057235
815;SJV006020SJU;190;150;0.01549317
815;SJV006020SJU;191;150;0.00108983
815;SJV006020SJU;192;150;0.00210441
815;SJV006020SJU;193;150;0.00041748
815;SJV006020SJU;187;151;0.00045963
815;SJV006020SJU;188;151;0.00308310
815;SJV006020SJU;189;151;0.00586248
815;SJV006020SJU;190;151;0.01438442
815;SJV006020SJU;191;151;0.00228575
815;SJV006020SJU;192;151;0.00041971
815;SJV006020SJU;188;152;0.00304599
815;SJV006020SJU;190;152;0.00398168
815;SJV006020SJU;188;153;0.00111537
815;SJV006020SJU;190;153;0.00317718
815;SJV006020SJU;190;154;0.00151398
815;0SV0060580FR;150;195;0.01396190
815;0SV0060580FR;149;196;0.00274653
815;0SV0060580FR;150;196;0.03077818
815;0SV0060580FR;151;196;0.00268539
815;0SV0060580FR;152;196;0.04454187
815;0SV0060580FR;153;196;0.00191999
815;0SV0060580FR;149;197;0.00492855
815;0SV0060580FR;150;197;0.04155854
815;0SV0060580FR;151;197;0.04088521
815;0SV0060580FR;152;197;0.00158012
815;0SV0060580FR;153;197;0.00976217
815;0SV0060580FR;154;197;0.00268240
815;0SV0060580FR;149;198;0.01537035
815;0SV0060580FR;150;198;0.07843289
815;0SV0060580FR;151;198;0.00127558
815;0SV0060580FR;152;198;0.00077894
815;0SV0060580FR;153;198;0.00012592
815;0SV0060580FR;154;198;0.00802996
815;0SV0060580FR;149;199;0.14978675
815;0SV0060580FR;150;199;0.04465290
815;0SV0060580FR;151;199;0.00773583
815;0SV0060580FR;152;199;0.00603142
815;0SV0060580FR;154;199;0.00812129
815;0SV0060580FR;148;200;0.03059851
815;0SV0060580FR;149;200;0.13843763
815;0SV0060580FR;150;200;0.00540746
815;0SV0060580FR;151;200;0.01117526
815;0SV0060580FR;152;200;0.01082192
815;0SV0060580FR;153;200;0.00035227
815;0SV0060580FR;154;200;0.00553513
815;0SV0060580FR;149;201;0.03186389
815;0SV0060580FR;150;201;0.02133273
815;0SV0060580FR;153;201;0.01031374
815;0SV0060580FR;154;201;0.01036991
815;0SV0060580FR;155;201;0.01297371
815;0SV0060580FR;148;202;0.01697615
815;0SV0060580FR;149;202;0.01185087
815;0SV0060580FR;150;202;0.01098147
815;0SV0060580FR;151;202;0.00988256
815;0SV0060580FR;152;202;0.00586093
815;0SV0060580FR;153;202;0.00266098
815;0SV0060580FR;154;202;0.00214284
815;0SV0060580FR;149;203;0.02820741
815;0SV0060580FR;150;203;0.00129800
815;0SV0060580FR;151;203;0.00857307
815;0SV0060580FR;152;203;0.00574336
815;0SV0060580FR;153;203;0.00722123
815;0SV0060580FR;149;204;0.01850687
815;0SV0060580FR;150;204;0.00040454
815;0SV0060580FR;151;204;0.00291546
815;0SV0060580FR;152;204;0.00654261
815;0SV0060580FR;153;204;0.01030836
815;0SV0060580FR;154;204;0.00282188
815;0SV0060580FR;151;205;0.00053429
815;0SV0060580FR;152;205;0.00045928
815;0SV0060580FR;153;205;0.00178291
815;0SV0060580FR;154;205;0.00968650
815;0SV0060580FR;155;205;0.00238074
815;0SV0060580FR;156;205;0.00041434
815;0SV0060580FR;157;205;0.00037869
815;0SV0060580FR;158;205;0.00022298
815;0SV0060580FR;154;206;0.00662093
815;0SV0060580FR;155;206;0.00034773
815;0SV0060580FR;156;206;0.00235479
815;0SV0060580FR;157;206;0.00333502
815;0SV0060580FR;158;206;0.00404909
815;0SV0060580FR;155;207;0.00201539
815;0SV0060580FR;158;207;0.00104771
815;0SV0060580FR;159;207;0.00142559
815;0SV0060580FR;159;208;0.00005999
815;0SV0060580FR;160;208;0.00163693
815;0SV0060580FR;160;209;0.00079366
815;SJV006054SJU;194;109;0.00008722
815;SJV006054SJU;196;109;0.00001819
815;SJV006054SJU;197;109;0.00016690
815;SJV006054SJU;198;109;0.00011505
815;SJV006054SJU;199;109;0.00729655
815;SJV006054SJU;200;109;0.00051445
815;SJV006054SJU;201;109;0.00053549
815;SJV006054SJU;202;109;0.00126535
815;SJV006054SJU;203;109;0.00136130
815;SJV006054SJU;208;109;0.00004514
815;SJV006054SJU;209;109;0.00058772
815;SJV006054SJU;194;110;0.00011788
815;SJV006054SJU;196;110;0.00029652
815;SJV006054SJU;197;110;0.00053581
815;SJV006054SJU;198;110;0.00063716
815;SJV006054SJU;199;110;0.01261856
815;SJV006054SJU;200;110;0.00107039
815;SJV006054SJU;201;110;0.00123891
815;SJV006054SJU;202;110;0.00145474
815;SJV006054SJU;203;110;0.00307578
815;SJV006054SJU;208;110;0.00032825
815;SJV006054SJU;209;110;0.00019973
815;SJV006054SJU;193;111;0.00017843
815;SJV006054SJU;194;111;0.00060045
815;SJV006054SJU;195;111;0.00016040
815;SJV006054SJU;196;111;0.00032825
815;SJV006054SJU;198;111;0.00007554
815;SJV006054SJU;199;111;0.01237558
815;SJV006054SJU;200;111;0.00029036
815;SJV006054SJU;201;111;0.00039804
815;SJV006054SJU;202;111;0.00027199
815;SJV006054SJU;203;111;0.00312304
815;SJV006054SJU;207;111;0.00055094
815;SJV006054SJU;208;111;0.00015881
815;SJV006054SJU;209;111;0.00035299
815;SJV006054SJU;210;111;0.00042006
815;SJV006054SJU;211;111;0.00042625
815;SJV006054SJU;193;112;0.00001180
815;SJV006054SJU;194;112;0.00011460
815;SJV006054SJU;195;112;0.00090591
815;SJV006054SJU;196;112;0.00086616
815;SJV006054SJU;197;112;0.00086718
815;SJV006054SJU;198;112;0.01357087
815;SJV006054SJU;199;112;0.00338503
815;SJV006054SJU;200;112;0.00079284
815;SJV006054SJU;201;112;0.00100880
815;SJV006054SJU;202;112;0.00086613
815;SJV006054SJU;203;112;0.00380530
815;SJV006054SJU;204;112;0.00106071
815;SJV006054SJU;205;112;0.00050036
815;SJV006054SJU;206;112;0.00058726
815;SJV006054SJU;207;112;0.00038979
815;SJV006054SJU;208;112;0.00025114
815;SJV006054SJU;209;112;0.00022741
815;SJV006054SJU;210;112;0.00046930
815;SJV006054SJU;211;112;0.00046750
815;SJV006054SJU;193;113;0.00001280
815;SJV006054SJU;194;113;0.00013947
815;SJV006054SJU;195;113;0.00026180
815;SJV006054SJU;196;113;0.00000270
815;SJV006054SJU;198;113;0.01519408
815;SJV006054SJU;199;113;0.00004289
815;SJV006054SJU;201;113;0.00028717
815;SJV006054SJU;202;113;0.00012728
815;SJV006054SJU;203;113;0.00325873
815;SJV006054SJU;204;113;0.00054854
815;SJV006054SJU;206;113;0.00014973
815;SJV006054SJU;208;113;0.00030908
815;SJV006054SJU;209;113;0.00036456
815;SJV006054SJU;194;114;0.00041776
815;SJV006054SJU;196;114;0.00000235
815;SJV006054SJU;197;114;0.00012391
815;SJV006054SJU;198;114;0.01663184
815;SJV006054SJU;199;114;0.00078632
815;SJV006054SJU;200;114;0.00061767
815;SJV006054SJU;201;114;0.00081726
815;SJV006054SJU;202;114;0.00081998
815;SJV006054SJU;203;114;0.00481682
815;SJV006054SJU;204;114;0.00157864
815;SJV006054SJU;205;114;0.00053149
815;SJV006054SJU;206;114;0.00002356
815;SJV006054SJU;207;114;0.00046975
815;SJV006054SJU;208;114;0.00021436
815;SJV006054SJU;193;115;0.00016400
815;SJV006054SJU;194;115;0.00036716
815;SJV006054SJU;195;115;0.00025664
815;SJV006054SJU;196;115;0.00044117
815;SJV006054SJU;197;115;0.00072381
815;SJV006054SJU;198;115;0.01640757
815;SJV006054SJU;199;115;0.00126132
815;SJV006054SJU;200;115;0.00090003
815;SJV006054SJU;201;115;0.00108170
815;SJV006054SJU;202;115;0.00127795
815;SJV006054SJU;203;115;0.00060995
815;SJV006054SJU;204;115;0.00619761
815;SJV006054SJU;205;115;0.00020539
815;SJV006054SJU;206;115;0.00060851
815;SJV006054SJU;207;115;0.00035655
815;SJV006054SJU;208;115;0.00061601
815;SJV006054SJU;209;115;0.00034148
815;SJV006054SJU;193;116;0.00120193
815;SJV006054SJU;194;116;0.00090098
815;SJV006054SJU;195;116;0.00099187
815;SJV006054SJU;196;116;0.00100134
815;SJV006054SJU;197;116;0.00177907
815;SJV006054SJU;198;116;0.01916653
815;SJV006054SJU;199;116;0.00265072
815;SJV006054SJU;200;116;0.00246529
815;SJV006054SJU;201;116;0.00276855
815;SJV006054SJU;202;116;0.00279113
815;SJV006054SJU;203;116;0.00494598
815;SJV006054SJU;204;116;0.01905827
815;SJV006054SJU;205;116;0.00436374
815;SJV006054SJU;206;116;0.00313737
815;SJV006054SJU;207;116;0.00033330
815;SJV006054SJU;208;116;0.00020418
815;SJV006054SJU;193;117;0.00014643
815;SJV006054SJU;197;117;0.01434925
815;SJV006054SJU;198;117;0.00303742
815;SJV006054SJU;199;117;0.00045798
815;SJV006054SJU;200;117;0.00039433
815;SJV006054SJU;201;117;0.00084710
815;SJV006054SJU;202;117;0.00073540
815;SJV006054SJU;203;117;0.00462659
815;SJV006054SJU;204;117;0.01765278
815;SJV006054SJU;205;117;0.00076599
815;SJV006054SJU;206;117;0.00008938
815;SJV006054SJU;207;117;0.00183620
815;SJV006054SJU;208;117;0.00032458
815;SJV006054SJU;193;118;0.00101595
815;SJV006054SJU;194;118;0.00077988
815;SJV006054SJU;195;118;0.00104954
815;SJV006054SJU;196;118;0.00111707
815;SJV006054SJU;197;118;0.01915314
815;SJV006054SJU;198;118;0.00061142
815;SJV006054SJU;199;118;0.00074852
815;SJV006054SJU;201;118;0.00065490
815;SJV006054SJU;202;118;0.00006035
815;SJV006054SJU;203;118;0.01325761
815;SJV006054SJU;204;118;0.00036965
815;SJV006054SJU;205;118;0.00023747
815;SJV006054SJU;206;118;0.00029399
815;SJV006054SJU;207;118;0.00034150
815;SJV006054SJU;208;118;0.00035582
815;SJV006054SJU;209;118;0.00030445
815;SJV006054SJU;193;119;0.00007187
815;SJV006054SJU;194;119;0.00048069
815;SJV006054SJU;196;119;0.00003631
815;SJV006054SJU;197;119;0.02023662
815;SJV006054SJU;198;119;0.00043605
815;SJV006054SJU;199;119;0.00105246
815;SJV006054SJU;200;119;0.00058338
815;SJV006054SJU;201;119;0.00113928
815;SJV006054SJU;202;119;0.00187645
815;SJV006054SJU;203;119;0.01161629
815;SJV006054SJU;204;119;0.00044928
815;SJV006054SJU;205;119;0.00026398
815;SJV006054SJU;206;119;0.00000455
815;SJV006054SJU;209;119;0.00022727
815;SJV006054SJU;210;119;0.00001961
815;SJV006054SJU;193;120;0.00035820
815;SJV006054SJU;194;120;0.00195456
815;SJV006054SJU;195;120;0.00201089
815;SJV006054SJU;196;120;0.00252095
815;SJV006054SJU;197;120;0.03356546
815;SJV006054SJU;198;120;0.00674035
815;SJV006054SJU;199;120;0.00559633
815;SJV006054SJU;200;120;0.00483913
815;SJV006054SJU;201;120;0.00753564
815;SJV006054SJU;202;120;0.01556696
815;SJV006054SJU;203;120;0.00153946
815;SJV006054SJU;204;120;0.00007409
815;SJV006054SJU;209;120;0.00015287
815;SJV006054SJU;195;121;0.00089359
815;SJV006054SJU;196;121;0.00286397
815;SJV006054SJU;197;121;0.03373854
815;SJV006054SJU;198;121;0.00828380
815;SJV006054SJU;199;121;0.00261563
815;SJV006054SJU;200;121;0.00196607
815;SJV006054SJU;201;121;0.00474214
815;SJV006054SJU;202;121;0.00344973
815;SJV006054SJU;203;121;0.00022268
815;SJV006054SJU;206;121;0.00000192
815;SJV006054SJU;207;121;0.00013812
815;SJV006054SJU;208;121;0.00010539
815;SJV006054SJU;209;121;0.00001961
815;SJV006054SJU;193;122;0.00027123
815;SJV006054SJU;194;122;0.00015075
815;SJV006054SJU;195;122;0.00127131
815;SJV006054SJU;196;122;0.02334731
815;SJV006054SJU;197;122;0.00986868
815;SJV006054SJU;198;122;0.00794276
815;SJV006054SJU;199;122;0.00358705
815;SJV006054SJU;200;122;0.00048492
815;SJV006054SJU;201;122;0.00528877
815;SJV006054SJU;202;122;0.00223301
815;SJV006054SJU;203;122;0.00006633
815;SJV006054SJU;204;122;0.00008136
815;SJV006054SJU;205;122;0.00009467
815;SJV006054SJU;206;122;0.00009424
815;SJV006054SJU;194;123;0.00245601
815;SJV006054SJU;195;123;0.01146164
815;SJV006054SJU;196;123;0.03643499
815;SJV006054SJU;197;123;0.04332016
815;SJV006054SJU;198;123;0.03462953
815;SJV006054SJU;199;123;0.02323033
815;SJV006054SJU;200;123;0.01653453
815;SJV006054SJU;201;123;0.01814417
815;SJV006054SJU;202;123;0.00477905
815;SJV006054SJU;203;123;0.00039826
815;SJV006054SJU;194;124;0.00042907
815;SJV006054SJU;195;124;0.02076493
815;SJV006054SJU;196;124;0.00873538
815;SJV006054SJU;197;124;0.00970181
815;SJV006054SJU;198;124;0.01411026
815;SJV006054SJU;199;124;0.00338378
815;SJV006054SJU;200;124;0.00196696
815;SJV006054SJU;201;124;0.00228357
815;SJV006054SJU;202;124;0.00121590
815;SJV006054SJU;203;124;0.00207570
815;SJV006054SJU;204;124;0.00014408
815;SJV006054SJU;194;125;0.00654203
815;SJV006054SJU;195;125;0.01077853
815;SJV006054SJU;196;125;0.00484417
815;SJV006054SJU;197;125;0.00124206
815;SJV006054SJU;198;125;0.00588875
815;SJV006054SJU;199;125;0.00266602
815;SJV006054SJU;200;125;0.00228913
815;SJV006054SJU;201;125;0.00247140
815;SJV006054SJU;202;125;0.00145859
815;SJV006054SJU;203;125;0.00004662
815;SJV006054SJU;204;125;0.00159150
815;SJV006054SJU;205;125;0.00220418
815;SJV006054SJU;207;125;0.00029600
815;SJV006054SJU;208;125;0.00022491
815;SJV006054SJU;194;126;0.01756983
815;SJV006054SJU;196;126;0.00447116
815;SJV006054SJU;197;126;0.00052495
815;SJV006054SJU;198;126;0.00489366
815;SJV006054SJU;199;126;0.00087076
815;SJV006054SJU;200;126;0.00027444
815;SJV006054SJU;201;126;0.00087651
815;SJV006054SJU;202;126;0.00317786
815;SJV006054SJU;203;126;0.00067139
815;SJV006054SJU;204;126;0.00123953
815;SJV006054SJU;205;126;0.00031036
815;SJV006054SJU;206;126;0.00217912
815;SJV006054SJU;207;126;0.00031208
815;SJV006054SJU;193;127;0.00656176
815;SJV006054SJU;194;127;0.01209361
815;SJV006054SJU;195;127;0.00031036
815;SJV006054SJU;196;127;0.00477889
815;SJV006054SJU;197;127;0.00064103
815;SJV006054SJU;198;127;0.00467770
815;SJV006054SJU;199;127;0.00027853
815;SJV006054SJU;200;127;0.00022237
815;SJV006054SJU;201;127;0.00041982
815;SJV006054SJU;202;127;0.00077509
815;SJV006054SJU;204;127;0.00018615
815;SJV006054SJU;206;127;0.00049749
815;SJV006054SJU;207;127;0.00053765
815;SJV006054SJU;192;128;0.00248727
815;SJV006054SJU;193;128;0.00951171
815;SJV006054SJU;194;128;0.00610279
815;SJV006054SJU;195;128;0.00128765
815;SJV006054SJU;196;128;0.00547390
815;SJV006054SJU;197;128;0.00048393
815;SJV006054SJU;198;128;0.00468473
815;SJV006054SJU;199;128;0.00132909
815;SJV006054SJU;200;128;0.00077695
815;SJV006054SJU;201;128;0.00044775
815;SJV006054SJU;202;128;0.00007061
815;SJV006054SJU;204;128;0.00018514
815;SJV006054SJU;207;128;0.00002074
815;SJV006054SJU;208;128;0.00020878
815;SJV006054SJU;193;129;0.00093206
815;SJV006054SJU;194;129;0.00597552
815;SJV006054SJU;195;129;0.00503585
815;SJV006054SJU;196;129;0.00991425
815;SJV006054SJU;197;129;0.00354989
815;SJV006054SJU;198;129;0.00671497
815;SJV006054SJU;199;129;0.00081730
815;SJV006054SJU;200;129;0.00014487
815;SJV006054SJU;201;129;0.00007124
815;SJV006054SJU;202;129;0.00001204
815;SJV006054SJU;204;129;0.00020831
815;SJV006054SJU;194;130;0.00082513
815;SJV006054SJU;195;130;0.00142696
815;SJV006054SJU;196;130;0.00455348
815;SJV006054SJU;197;130;0.00185839
815;SJV006054SJU;198;130;0.00156640
815;SJV006054SJU;199;130;0.00000057
815;SJV006054SJU;200;130;0.00020876
815;SJV006054SJU;201;130;0.00040203
815;SJV006054SJU;202;130;0.00003919
815;SJV006054SJU;204;130;0.00023244
815;SJV006054SJU;198;131;0.00081832
815;SJV006054SJU;202;131;0.00035826
815;SJV006054SJU;203;131;0.00033118
815;SJV006054SJU;204;131;0.00029467
815;SJV006054SJU;198;132;0.00026506
815;SJV006054SJU;204;132;0.00033453
815;0SD0060370SD;250;21;0.00000220
815;0SD0060370SD;251;21;0.00000161
815;0SD0060370SD;252;21;0.00002897
815;0SD0060370SD;250;22;0.00077219
815;0SD0060370SD;251;22;0.00582655
815;0SD0060370SD;252;22;0.00782658
815;0SD0060370SD;253;22;0.00383164
815;0SD0060370SD;254;22;0.00332219
815;0SD0060370SD;255;22;0.00021061
815;0SD0060370SD;249;23;0.00008742
815;0SD0060370SD;250;23;0.00355134
815;0SD0060370SD;251;23;0.00680152
815;0SD0060370SD;252;23;0.00925369
815;0SD0060370SD;253;23;0.00263351
815;0SD0060370SD;254;23;0.00028608
815;0SD0060370SD;255;23;0.00000006
815;0SD0060370SD;260;23;0.00020421
815;0SD0060370SD;261;23;0.00023451
815;0SD0060370SD;263;23;0.00003041
815;0SD0060370SD;264;23;0.00004080
815;0SD0060370SD;249;24;0.00039799
815;0SD0060370SD;250;24;0.00841636
815;0SD0060370SD;251;24;0.01065392
815;0SD0060370SD;252;24;0.00755658
815;0SD0060370SD;253;24;0.00633931
815;0SD0060370SD;254;24;0.00119405
815;0SD0060370SD;255;24;0.00022589
815;0SD0060370SD;256;24;0.00001839
815;0SD0060370SD;258;24;0.00035306
815;0SD0060370SD;259;24;0.00030893
815;0SD0060370SD;260;24;0.00008591
815;0SD0060370SD;261;24;0.00010706
815;0SD0060370SD;262;24;0.00010177
815;0SD0060370SD;263;24;0.00003743
815;0SD0060370SD;264;24;0.00004695
815;0SD0060370SD;265;24;0.00004725
815;0SD0060370SD;267;24;0.00000055
815;0SD0060370SD;268;24;0.00000020
815;0SD0060370SD;271;24;0.00003923
815;0SD0060370SD;247;25;0.00000607
815;0SD0060370SD;248;25;0.00052556
815;0SD0060370SD;249;25;0.00256498
815;0SD0060370SD;250;25;0.01406773
815;0SD0060370SD;251;25;0.01340220
815;0SD0060370SD;252;25;0.00537626
815;0SD0060370SD;253;25;0.00225870
815;0SD0060370SD;254;25;0.00033640
815;0SD0060370SD;256;25;0.00040583
815;0SD0060370SD;257;25;0.00053744
815;0SD0060370SD;258;25;0.00015594
815;0SD0060370SD;259;25;0.00004415
815;0SD0060370SD;264;25;0.00008086
815;0SD0060370SD;265;25;0.00004842
815;0SD0060370SD;266;25;0.00007305
815;0SD0060370SD;267;25;0.00005628
815;0SD0060370SD;268;25;0.00002238
815;0SD0060370SD;270;25;0.00005299
815;0SD0060370SD;271;25;0.00023394
815;0SD0060370SD;272;25;0.00038018
815;0SD0060370SD;273;25;0.00027087
815;0SD0060370SD;246;26;0.00000235
815;0SD0060370SD;247;26;0.00145685
815;0SD0060370SD;248;26;0.00319511
815;0SD0060370SD;249;26;0.02158175
815;0SD0060370SD;250;26;0.02355611
815;0SD0060370SD;251;26;0.00446046
815;0SD0060370SD;252;26;0.00674129
815;0SD0060370SD;253;26;0.00054664
815;0SD0060370SD;254;26;0.00000388
815;0SD0060370SD;255;26;0.00021303
815;0SD0060370SD;256;26;0.00030454
815;0SD0060370SD;257;26;0.00000257
815;0SD0060370SD;258;26;0.00003372
815;0SD0060370SD;259;26;0.00001148
815;0SD0060370SD;264;26;0.00013044
815;0SD0060370SD;266;26;0.00000479
815;0SD0060370SD;267;26;0.00000124
815;0SD0060370SD;268;26;0.00023507
815;0SD0060370SD;269;26;0.00050358
815;0SD0060370SD;270;26;0.00039145
815;0SD0060370SD;271;26;0.00019979
815;0SD0060370SD;273;26;0.00023558
815;0SD0060370SD;247;27;0.00678553
815;0SD0060370SD;248;27;0.02079240
815;0SD0060370SD;249;27;0.01377860
815;0SD0060370SD;250;27;0.01632172
815;0SD0060370SD;251;27;0.00898524
815;0SD0060370SD;252;27;0.01217975
815;0SD0060370SD;253;27;0.00411570
815;0SD0060370SD;254;27;0.00245984
815;0SD0060370SD;255;27;0.00080387
815;0SD0060370SD;256;27;0.00019909
815;0SD0060370SD;257;27;0.00012231
815;0SD0060370SD;258;27;0.00002332
815;0SD0060370SD;259;27;0.00000800
815;0SD0060370SD;260;27;0.00000902
815;0SD0060370SD;264;27;0.00028937
815;0SD0060370SD;265;27;0.00049078
815;0SD0060370SD;266;27;0.00043294
815;0SD0060370SD;267;27;0.00046009
815;0SD0060370SD;268;27;0.00030339
815;0SD0060370SD;269;27;0.00000399
815;0SD0060370SD;270;27;0.00000371
815;0SD0060370SD;246;28;0.00021209
815;0SD0060370SD;247;28;0.00421708
815;0SD0060370SD;248;28;0.00865820
815;0SD0060370SD;249;28;0.02667269
815;0SD0060370SD;250;28;0.02184915
815;0SD0060370SD;251;28;0.01036809
815;0SD0060370SD;252;28;0.01513848
815;0SD0060370SD;253;28;0.00782438
815;0SD0060370SD;254;28;0.00229360
815;0SD0060370SD;255;28;0.00049444
815;0SD0060370SD;256;28;0.00020960
815;0SD0060370SD;257;28;0.00000757
815;0SD0060370SD;258;28;0.00002073
815;0SD0060370SD;259;28;0.00002626
815;0SD0060370SD;260;28;0.00001311
815;0SD0060370SD;262;28;0.00000085
815;0SD0060370SD;264;28;0.00060244
815;0SD0060370SD;265;28;0.00001204
815;0SD0060370SD;269;28;0.00000481
815;0SD0060370SD;246;29;0.00118775
815;0SD0060370SD;247;29;0.01144972
815;0SD0060370SD;248;29;0.00662652
815;0SD0060370SD;249;29;0.01865282
815;0SD0060370SD;250;29;0.00968472
815;0SD0060370SD;251;29;0.00132160
815;0SD0060370SD;252;29;0.00399248
815;0SD0060370SD;253;29;0.01090944
815;0SD0060370SD;254;29;0.00738530
815;0SD0060370SD;255;29;0.00084597
815;0SD0060370SD;256;29;0.00026897
815;0SD0060370SD;257;29;0.00014039
815;0SD0060370SD;258;29;0.00007332
815;0SD0060370SD;259;29;0.00001126
815;0SD0060370SD;260;29;0.00001079
815;0SD0060370SD;261;29;0.00002103
815;0SD0060370SD;262;29;0.00000076
815;0SD0060370SD;263;29;0.00006900
815;0SD0060370SD;264;29;0.00066504
815;0SD0060370SD;265;29;0.00000243
815;0SD0060370SD;269;29;0.00000050
815;0SD0060370SD;273;29;0.00000002
815;0SD0060370SD;246;30;0.00151920
815;0SD0060370SD;247;30;0.01295687
815;0SD0060370SD;248;30;0.01538748
815;0SD0060370SD;249;30;0.00782247
815;0SD0060370SD;250;30;0.01427247
815;0SD0060370SD;251;30;0.00418024
815;0SD0060370SD;252;30;0.00613128
815;0SD0060370SD;253;30;0.00683361
815;0SD0060370SD;254;30;0.00337990
815;0SD0060370SD;255;30;0.00343042
815;0SD0060370SD;256;30;0.00218013
815;0SD0060370SD;257;30;0.00233655
815;0SD0060370SD;258;30;0.00135050
815;0SD0060370SD;259;30;0.00109777
815;0SD0060370SD;260;30;0.00092902
815;0SD0060370SD;261;30;0.00109028
815;0SD0060370SD;262;30;0.00070876
815;0SD0060370SD;263;30;0.00066624
815;0SD0060370SD;264;30;0.00003033
815;0SD0060370SD;265;30;0.00000511
815;0SD0060370SD;271;30;0.00000007
815;0SD0060370SD;272;30;0.00000012
815;0SD0060370SD;273;30;0.00000005
815;0SD0060370SD;247;31;0.01612619
815;0SD0060370SD;248;31;0.00935075
815;0SD0060370SD;249;31;0.00453136
815;0SD0060370SD;250;31;0.01340540
815;0SD0060370SD;251;31;0.00001326
815;0SD0060370SD;253;31;0.00008746
815;0SD0060370SD;254;31;0.00165191
815;0SD0060370SD;255;31;0.00044769
815;0SD0060370SD;256;31;0.00003608
815;0SD0060370SD;259;31;0.00000003
815;0SD0060370SD;260;31;0.00000851
815;0SD0060370SD;261;31;0.00003701
815;0SD0060370SD;262;31;0.00020975
815;0SD0060370SD;263;31;0.00000017
815;0SD0060370SD;264;31;0.00000915
815;0SD0060370SD;265;31;0.00002090
815;0SD0060370SD;266;31;0.00001380
815;0SD0060370SD;270;31;0.00000004
815;0SD0060370SD;271;31;0.00000009
815;0SD0060370SD;246;32;0.00096931
815;0SD0060370SD;247;32;0.01575855
815;0SD0060370SD;248;32;0.00088125
815;0SD0060370SD;249;32;0.00420393
815;0SD0060370SD;250;32;0.01319085
815;0SD0060370SD;251;32;0.00290723
815;0SD0060370SD;252;32;0.00042424
815;0SD0060370SD;253;32;0.00089063
815;0SD0060370SD;254;32;0.00016891
815;0SD0060370SD;255;32;0.00064107
815;0SD0060370SD;260;32;0.00000892
815;0SD0060370SD;261;32;0.00000073
815;0SD0060370SD;262;32;0.00014144
815;0SD0060370SD;264;32;0.00000124
815;0SD0060370SD;265;32;0.00000855
815;0SD0060370SD;270;32;0.00000013
815;0SD0060370SD;246;33;0.00739318
815;0SD0060370SD;247;33;0.00413855
815;0SD0060370SD;248;33;0.00469350
815;0SD0060370SD;249;33;0.00564188
815;0SD0060370SD;250;33;0.01498617
815;0SD0060370SD;251;33;0.00394593
815;0SD0060370SD;252;33;0.00150192
815;0SD0060370SD;253;33;0.00116892
815;0SD0060370SD;255;33;0.00012801
815;0SD0060370SD;256;33;0.00037836
815;0SD0060370SD;257;33;0.00000161
815;0SD0060370SD;260;33;0.00000119
815;0SD0060370SD;261;33;0.00000013
815;0SD0060370SD;262;33;0.00014814
815;0SD0060370SD;263;33;0.00000086
815;0SD0060370SD;264;33;0.00000687
815;0SD0060370SD;269;33;0.00000013
815;0SD0060370SD;270;33;0.00000004
815;0SD0060370SD;245;34;0.00000260
815;0SD0060370SD;246;34;0.00963348
815;0SD0060370SD;247;34;0.00129648
815;0SD0060370SD;248;34;0.00121500
815;0SD0060370SD;249;34;0.00167277
815;0SD0060370SD;250;34;0.01337561
815;0SD0060370SD;251;34;0.00157893
815;0SD0060370SD;252;34;0.00048320
815;0SD0060370SD;253;34;0.00151208
815;0SD0060370SD;254;34;0.00059821
815;0SD0060370SD;255;34;0.00022865
815;0SD0060370SD;256;34;0.00078413
815;0SD0060370SD;257;34;0.00012810
815;0SD0060370SD;258;34;0.00000233
815;0SD0060370SD;260;34;0.00000234
815;0SD0060370SD;261;34;0.00000112
815;0SD0060370SD;262;34;0.00017584
815;0SD0060370SD;263;34;0.00000718
815;0SD0060370SD;265;34;0.00000614
815;0SD0060370SD;268;34;0.00000004
815;0SD0060370SD;269;34;0.00000001
815;0SD0060370SD;245;35;0.00443870
815;0SD0060370SD;246;35;0.00635985
815;0SD0060370SD;247;35;0.00122505
815;0SD0060370SD;248;35;0.00085625
815;0SD0060370SD;249;35;0.00125882
815;0SD0060370SD;250;35;0.01058264
815;0SD0060370SD;251;35;0.00148782
815;0SD0060370SD;252;35;0.00002143
815;0SD0060370SD;253;35;0.00019923
815;0SD0060370SD;254;35;0.00046790
815;0SD0060370SD;255;35;0.00123976
815;0SD0060370SD;256;35;0.00033200
815;0SD0060370SD;257;35;0.00006258
815;0SD0060370SD;260;35;0.00000991
815;0SD0060370SD;261;35;0.00001636
815;0SD0060370SD;262;35;0.00012119
815;0SD0060370SD;263;35;0.00000016
815;0SD0060370SD;265;35;0.00002180
815;0SD0060370SD;266;35;0.00000053
815;0SD0060370SD;245;36;0.00816205
815;0SD0060370SD;246;36;0.00392588
815;0SD0060370SD;247;36;0.00122089
815;0SD0060370SD;248;36;0.00037343
815;0SD0060370SD;249;36;0.00084640
815;0SD0060370SD;250;36;0.01033273
815;0SD0060370SD;251;36;0.00136866
815;0SD0060370SD;252;36;0.00045288
815;0SD0060370SD;253;36;0.00006139
815;0SD0060370SD;254;36;0.00035206
815;0SD0060370SD;255;36;0.00070955
815;0SD0060370SD;256;36;0.00053522
815;0SD0060370SD;257;36;0.00022285
815;0SD0060370SD;258;36;0.00029346
815;0SD0060370SD;259;36;0.00000001
815;0SD0060370SD;260;36;0.00000528
815;0SD0060370SD;261;36;0.00007315
815;0SD0060370SD;262;36;0.00018718
815;0SD0060370SD;265;36;0.00001955
815;0SD0060370SD;266;36;0.00001059
815;0SD0060370SD;244;37;0.00238977
815;0SD0060370SD;245;37;0.00888606
815;0SD0060370SD;246;37;0.00498641
815;0SD0060370SD;247;37;0.00339765
815;0SD0060370SD;248;37;0.00150379
815;0SD0060370SD;249;37;0.00252828
815;0SD0060370SD;250;37;0.01368088
815;0SD0060370SD;251;37;0.00198583
815;0SD0060370SD;252;37;0.00066087
815;0SD0060370SD;253;37;0.00054961
815;0SD0060370SD;254;37;0.00033536
815;0SD0060370SD;255;37;0.00002010
815;0SD0060370SD;256;37;0.00000433
815;0SD0060370SD;257;37;0.00010935
815;0SD0060370SD;258;37;0.00000365
815;0SD0060370SD;259;37;0.00033501
815;0SD0060370SD;260;37;0.00035998
815;0SD0060370SD;261;37;0.00038397
815;0SD0060370SD;262;37;0.00017371
815;0SD0060370SD;263;37;0.00015582
815;0SD0060370SD;264;37;0.00014864
815;0SD0060370SD;265;37;0.00005422
815;0SD0060370SD;244;38;0.00845786
815;0SD0060370SD;245;38;0.00413153
815;0SD0060370SD;246;38;0.00361397
815;0SD0060370SD;247;38;0.00817333
815;0SD0060370SD;248;38;0.00946853
815;0SD0060370SD;249;38;0.00829379
815;0SD0060370SD;250;38;0.00986756
815;0SD0060370SD;251;38;0.00260572
815;0SD0060370SD;252;38;0.00000262
815;0SD0060370SD;256;38;0.00000152
815;0SD0060370SD;257;38;0.00000567
815;0SD0060370SD;259;38;0.00016028
815;0SD0060370SD;263;38;0.00000312
815;0SD0060370SD;264;38;0.00000107
815;0SD0060370SD;265;38;0.00013319
815;0SD0060370SD;266;38;0.00006502
815;0SD0060370SD;267;38;0.00003229
815;0SD0060370SD;268;38;0.00001977
815;0SD0060370SD;243;39;0.00502774
815;0SD0060370SD;244;39;0.01070743
815;0SD0060370SD;245;39;0.00819897
815;0SD0060370SD;246;39;0.00849968
815;0SD0060370SD;247;39;0.00490008
815;0SD0060370SD;248;39;0.00105854
815;0SD0060370SD;249;39;0.00599451
815;0SD0060370SD;250;39;0.00021703
815;0SD0060370SD;251;39;0.00110647
815;0SD0060370SD;252;39;0.00068125
815;0SD0060370SD;253;39;0.00011816
815;0SD0060370SD;257;39;0.00000067
815;0SD0060370SD;258;39;0.00000152
815;0SD0060370SD;259;39;0.00018263
815;0SD0060370SD;262;39;0.00000347
815;0SD0060370SD;263;39;0.00000013
815;0SD0060370SD;266;39;0.00002730
815;0SD0060370SD;267;39;0.00005730
815;0SD0060370SD;268;39;0.00003609
815;0SD0060370SD;269;39;0.00007799
815;0SD0060370SD;270;39;0.00007865
815;0SD0060370SD;271;39;0.00007871
815;0SD0060370SD;272;39;0.00005792
815;0SD0060370SD;273;39;0.00001449
815;0SD0060370SD;242;40;0.00159545
815;0SD0060370SD;243;40;0.00472498
815;0SD0060370SD;244;40;0.00314619
815;0SD0060370SD;245;40;0.00362692
815;0SD0060370SD;246;40;0.00389096
815;0SD0060370SD;247;40;0.00117075
815;0SD0060370SD;248;40;0.00164968
815;0SD0060370SD;249;40;0.00417337
815;0SD0060370SD;250;40;0.00001672
815;0SD0060370SD;251;40;0.00114075
815;0SD0060370SD;252;40;0.00042098
815;0SD0060370SD;253;40;0.00034608
815;0SD0060370SD;257;40;0.00000424
815;0SD0060370SD;258;40;0.00017337
815;0SD0060370SD;259;40;0.00012484
815;0SD0060370SD;261;40;0.00001920
815;0SD0060370SD;262;40;0.00004117
815;0SD0060370SD;263;40;0.00003651
815;0SD0060370SD;264;40;0.00001345
815;0SD0060370SD;265;40;0.00000946
815;0SD0060370SD;267;40;0.00004232
815;0SD0060370SD;268;40;0.00004278
815;0SD0060370SD;269;40;0.00001643
815;0SD0060370SD;241;41;0.00068626
815;0SD0060370SD;242;41;0.00391828
815;0SD0060370SD;243;41;0.00107292
815;0SD0060370SD;244;41;0.00021316
815;0SD0060370SD;245;41;0.00254231
815;0SD0060370SD;246;41;0.00283895
815;0SD0060370SD;247;41;0.00103252
815;0SD0060370SD;248;41;0.00571915
815;0SD0060370SD;249;41;0.00039452
815;0SD0060370SD;250;41;0.00030219
815;0SD0060370SD;251;41;0.00056698
815;0SD0060370SD;252;41;0.00004444
815;0SD0060370SD;253;41;0.00042431
815;0SD0060370SD;256;41;0.00005414
815;0SD0060370SD;257;41;0.00019746
815;0SD0060370SD;259;41;0.00024081
815;0SD0060370SD;260;41;0.00005647
815;0SD0060370SD;261;41;0.00004444
815;0SD0060370SD;262;41;0.00000754
815;0SD0060370SD;264;41;0.00002390
815;0SD0060370SD;265;41;0.00004265
815;0SD0060370SD;266;41;0.00009239
815;0SD0060370SD;267;41;0.00008080
815;0SD0060370SD;241;42;0.00459751
815;0SD0060370SD;242;42;0.00000020
815;0SD0060370SD;243;42;0.00043018
815;0SD0060370SD;244;42;0.00099846
815;0SD0060370SD;245;42;0.00100562
815;0SD0060370SD;246;42;0.00029625
815;0SD0060370SD;247;42;0.00184997
815;0SD0060370SD;248;42;0.00462215
815;0SD0060370SD;249;42;0.00002515
815;0SD0060370SD;250;42;0.00006787
815;0SD0060370SD;251;42;0.00037921
815;0SD0060370SD;252;42;0.00012314
815;0SD0060370SD;253;42;0.00045512
815;0SD0060370SD;254;42;0.00025508
815;0SD0060370SD;255;42;0.00016704
815;0SD0060370SD;256;42;0.00010302
815;0SD0060370SD;257;42;0.00004067
815;0SD0060370SD;259;42;0.00008681
815;0SD0060370SD;260;42;0.00017972
815;0SD0060370SD;261;42;0.00000212
815;0SD0060370SD;265;42;0.00000787
815;0SD0060370SD;266;42;0.00015803
815;0SD0060370SD;267;42;0.00002264
815;0SD0060370SD;268;42;0.00000184
815;0SD0060370SD;239;43;0.00065230
815;0SD0060370SD;240;43;0.00451585
815;0SD0060370SD;241;43;0.00053090
815;0SD0060370SD;242;43;0.00001165
815;0SD0060370SD;243;43;0.00003610
815;0SD0060370SD;244;43;0.00036971
815;0SD0060370SD;245;43;0.00066226
815;0SD0060370SD;246;43;0.00092585
815;0SD0060370SD;247;43;0.00067815
815;0SD0060370SD;248;43;0.00565738
815;0SD0060370SD;249;43;0.00033354
815;0SD0060370SD;250;43;0.00001984
815;0SD0060370SD;251;43;0.00012452
815;0SD0060370SD;252;43;0.00035389
815;0SD0060370SD;253;43;0.00002002
815;0SD0060370SD;254;43;0.00000512
815;0SD0060370SD;255;43;0.00002175
815;0SD0060370SD;258;43;0.00002043
815;0SD0060370SD;259;43;0.00011040
815;0SD0060370SD;266;43;0.00001436
815;0SD0060370SD;267;43;0.00000299
815;0SD0060370SD;268;43;0.00000100
815;0SD0060370SD;269;43;0.00000089
815;0SD0060370SD;270;43;0.00000092
815;0SD0060370SD;271;43;0.00000095
815;0SD0060370SD;272;43;0.00000089
815;0SD0060370SD;273;43;0.00000024
815;0SD0060370SD;238;44;0.00234662
815;0SD0060370SD;239;44;0.00382067
815;0SD0060370SD;240;44;0.00038139
815;0SD0060370SD;241;44;0.00014686
815;0SD0060370SD;242;44;0.00001357
815;0SD0060370SD;245;44;0.00024203
815;0SD0060370SD;246;44;0.00194220
815;0SD0060370SD;247;44;0.00032948
815;0SD0060370SD;248;44;0.00499284
815;0SD0060370SD;249;44;0.00037829
815;0SD0060370SD;250;44;0.00038437
815;0SD0060370SD;251;44;0.00022081
815;0SD0060370SD;252;44;0.00000421
815;0SD0060370SD;254;44;0.00000240
815;0SD0060370SD;255;44;0.00000837
815;0SD0060370SD;257;44;0.00003274
815;0SD0060370SD;258;44;0.00011419
815;0SD0060370SD;266;44;0.00000177
815;0SD0060370SD;238;45;0.00009175
815;0SD0060370SD;239;45;0.00015520
815;0SD0060370SD;240;45;0.00003492
815;0SD0060370SD;244;45;0.00004871
815;0SD0060370SD;245;45;0.00012338
815;0SD0060370SD;246;45;0.00022381
815;0SD0060370SD;247;45;0.00063443
815;0SD0060370SD;248;45;0.00488438
815;0SD0060370SD;249;45;0.00000032
815;0SD0060370SD;250;45;0.00012527
815;0SD0060370SD;256;45;0.00004842
815;0SD0060370SD;257;45;0.00007163
815;0SD0060370SD;258;45;0.00002767
815;0SD0060370SD;259;45;0.00000625
815;0SD0060370SD;239;46;0.00002319
815;0SD0060370SD;240;46;0.00002010
815;0SD0060370SD;241;46;0.00001899
815;0SD0060370SD;242;46;0.00000928
815;0SD0060370SD;243;46;0.00002207
815;0SD0060370SD;244;46;0.00014673
815;0SD0060370SD;246;46;0.00000616
815;0SD0060370SD;248;46;0.00173319
815;0SD0060370SD;250;46;0.00003205
815;0SD0060370SD;255;46;0.00001401
815;0SD0060370SD;256;46;0.00002123
815;0SD0060370SD;242;47;0.00001246
815;0SD0060370SD;243;47;0.00000052
815;0SD0060370SD;244;47;0.00006018
815;0MC006032NSI;168;214;0.00005395
815;0MC006032NSI;168;215;0.00042030
815;0MC006032NSI;170;215;0.00296922
815;0MC006032NSI;171;215;0.00197111
815;0MC006032NSI;173;215;0.00025546
815;0MC006032NSI;174;215;0.01049312
815;0MC006032NSI;177;215;0.03233310
815;0MC006032NSI;178;215;0.00389487
815;0MC006032NSI;168;216;0.00010328
815;0MC006032NSI;169;216;0.00340227
815;0MC006032NSI;170;216;0.00266643
815;0MC006032NSI;174;216;0.01230633
815;0MC006032NSI;178;216;0.04984669
815;0MC006032NSI;169;217;0.02162607
815;0MC006032NSI;170;217;0.01244777
815;0MC006032NSI;171;217;0.01244777
815;0MC006032NSI;172;217;0.00845744
815;0MC006032NSI;173;217;0.00095563
815;0MC006032NSI;174;217;0.01184687
815;0MC006032NSI;177;217;0.01031574
815;0MC006032NSI;178;217;0.07774515
815;0MC006032NSI;179;217;0.06733861
815;0MC006032NSI;180;217;0.00743794
815;0MC006032NSI;168;218;0.01915494
815;0MC006032NSI;169;218;0.00080271
815;0MC006032NSI;173;218;0.00583183
815;0MC006032NSI;174;218;0.01895926
815;0MC006032NSI;175;218;0.01798413
815;0MC006032NSI;176;218;0.01798413
815;0MC006032NSI;177;218;0.00766839
815;0MC006032NSI;153;219;0.00748768
815;0MC006032NSI;166;219;0.00844424
815;0MC006032NSI;167;219;0.01716280
815;0MC006032NSI;168;219;0.00797937
815;0MC006032NSI;153;220;0.00171976
815;0MC006032NSI;154;220;0.01467114
815;0MC006032NSI;165;220;0.01225424
815;0MC006032NSI;166;220;0.01232123
815;0MC006032NSI;154;221;0.01041999
815;0MC006032NSI;155;221;0.00597091
815;0MC006032NSI;162;221;0.01830116
815;0MC006032NSI;163;221;0.01624380
815;0MC006032NSI;164;221;0.01673190
815;0MC006032NSI;165;221;0.00929642
815;0MC006032NSI;155;222;0.01639090
815;0MC006032NSI;162;222;0.02379671
815;0MC006032NSI;155;223;0.00272932
815;0MC006032NSI;156;223;0.00624413
815;0MC006032NSI;157;223;0.00606381
815;0MC006032NSI;158;223;0.00606381
815;0MC006032NSI;159;223;0.00606381
815;0MC006032NSI;160;223;0.00582458
815;0MC006032NSI;162;223;0.02563964
815;0MC006032NSI;160;224;0.00023923
815;0MC006032NSI;161;224;0.00606381
815;0MC006032NSI;162;224;0.02282726
815;0MC006032NSI;162;225;0.02131806
815;0MC006032NSI;162;226;0.02131806
815;0MC006032NSI;159;227;0.00349922
815;0MC006032NSI;160;227;0.01597427
815;0MC006032NSI;161;227;0.01547369
815;0MC006032NSI;162;227;0.01179219
815;0MC006032NSI;158;228;0.00717138
815;0MC006032NSI;159;228;0.01177788
815;0MC006032NSI;160;228;0.00301030
815;0MC006032NSI;157;229;0.01088911
815;0MC006032NSI;158;229;0.00806015
815;0MC006032NSI;160;229;0.00301030
815;0MC006032NSI;154;230;0.00673490
815;0MC006032NSI;155;230;0.01205074
815;0MC006032NSI;156;230;0.01587740
815;0MC006032NSI;157;230;0.00434242
815;0MC006032NSI;160;230;0.00301030
815;0MC006032NSI;156;231;0.00328877
815;0MC006032NSI;157;231;0.02506184
815;0MC006032NSI;158;231;0.03027992
815;0MC006032NSI;159;231;0.02635438
815;0MC006032NSI;160;231;0.01303266
815;NCC006035MBU;161;122;0.00014635
815;NCC006035MBU;162;122;0.00002360
815;NCC006035MBU;163;122;0.00001584
815;NCC006035MBU;160;123;0.00039688
815;NCC006035MBU;162;123;0.00212838
815;NCC006035MBU;160;124;0.00053497
815;NCC006035MBU;161;124;0.00211746
815;NCC006035MBU;162;124;0.00063991
815;NCC006035MBU;163;124;0.00000755
815;NCC006035MBU;164;124;0.00001773
815;NCC006035MBU;165;124;0.00001443
815;NCC006035MBU;166;124;0.00001676
815;NCC006035MBU;160;125;0.00081301
815;NCC006035MBU;161;125;0.00209719
815;NCC006035MBU;162;125;0.00001776
815;NCC006035MBU;163;125;0.00000698
815;NCC006035MBU;166;125;0.00000414
815;NCC006035MBU;167;125;0.00003379
815;NCC006035MBU;168;125;0.00001271
815;NCC006035MBU;160;126;0.00282999
815;NCC006035MBU;161;126;0.00061500
815;NCC006035MBU;167;126;0.00000167
815;NCC006035MBU;168;126;0.00002635
815;NCC006035MBU;156;127;0.00014053
815;NCC006035MBU;157;127;0.00002165
815;NCC006035MBU;159;127;0.00257575
815;NCC006035MBU;160;127;0.00025949
815;NCC006035MBU;165;127;0.00009342
815;NCC006035MBU;166;127;0.00012472
815;NCC006035MBU;167;127;0.00001698
815;NCC006035MBU;168;127;0.00000739
815;NCC006035MBU;156;128;0.00017413
815;NCC006035MBU;157;128;0.00013460
815;NCC006035MBU;158;128;0.00264646
815;NCC006035MBU;159;128;0.00209630
815;NCC006035MBU;160;128;0.00003682
815;NCC006035MBU;164;128;0.00008310
815;NCC006035MBU;165;128;0.00016596
815;NCC006035MBU;157;129;0.00294425
815;NCC006035MBU;158;129;0.00041303
815;NCC006035MBU;164;129;0.00005946
815;NCC006035MBU;156;130;0.00139688
815;NCC006035MBU;157;130;0.00221087
815;NCC006035MBU;164;130;0.00004209
815;NCC006035MBU;165;130;0.00002927
815;NCC006035MBU;156;131;0.00374010
815;NCC006035MBU;160;131;0.00007573
815;NCC006035MBU;161;131;0.00025490
815;NCC006035MBU;162;131;0.00024378
815;NCC006035MBU;163;131;0.00027305
815;NCC006035MBU;164;131;0.00005308
815;NCC006035MBU;155;132;0.00209005
815;NCC006035MBU;156;132;0.00129412
815;NCC006035MBU;157;132;0.00020406
815;NCC006035MBU;158;132;0.00028031
815;NCC006035MBU;159;132;0.00030145
815;NCC006035MBU;160;132;0.00026293
815;NCC006035MBU;163;132;0.00010378
815;NCC006035MBU;154;133;0.00009502
815;NCC006035MBU;155;133;0.00366642
815;NCC006035MBU;156;133;0.00030017
815;NCC006035MBU;157;133;0.00010158
815;NCC006035MBU;153;134;0.00037452
815;NCC006035MBU;154;134;0.00028312
815;NCC006035MBU;155;134;0.00354996
815;NCC006035MBU;156;134;0.00029810
815;NCC006035MBU;157;134;0.00000411
815;NCC006035MBU;150;135;0.00013541
815;NCC006035MBU;152;135;0.00117230
815;NCC006035MBU;153;135;0.00012669
815;NCC006035MBU;154;135;0.00495091
815;NCC006035MBU;155;135;0.00044328
815;NCC006035MBU;156;135;0.00030961
815;NCC006035MBU;157;135;0.00020376
815;NCC006035MBU;150;136;0.00037433
815;NCC006035MBU;151;136;0.00009867
815;NCC006035MBU;152;136;0.00451532
815;NCC006035MBU;153;136;0.00985569
815;NCC006035MBU;154;136;0.00574261
815;NCC006035MBU;155;136;0.00039323
815;NCC006035MBU;148;137;0.00168561
815;NCC006035MBU;149;137;0.05161114
815;NCC006035MBU;150;137;0.05367985
815;NCC006035MBU;151;137;0.02820112
815;NCC006035MBU;152;137;0.06924562
815;NCC006035MBU;153;137;0.01434247
815;NCC006035MBU;154;137;0.00027085
815;NCC006035MBU;155;137;0.00001151
815;NCC006035MBU;147;138;0.07597870
815;NCC006035MBU;148;138;0.17741971
815;NCC006035MBU;149;138;0.01898796
815;NCC006035MBU;150;138;0.00026524
815;NCC006035MBU;151;138;0.04956853
815;NCC006035MBU;152;138;0.08712607
815;NCC006035MBU;153;138;0.00388220
815;NCC006035MBU;154;138;0.00002714
815;NCC006035MBU;147;139;0.00342463
815;NCC006035MBU;148;139;0.03473862
815;NCC006035MBU;149;139;0.07561627
815;NCC006035MBU;151;139;0.04802121
815;NCC006035MBU;152;139;0.04004066
815;NCC006035MBU;153;139;0.00396527
815;NCC006035MBU;154;139;0.00003310
815;NCC006035MBU;155;139;0.00002184
815;NCC006035MBU;150;140;0.03638926
815;NCC006035MBU;151;140;0.01308855
815;NCC006035MBU;152;140;0.03536075
815;NCC006035MBU;153;140;0.00074866
815;NCC006035MBU;154;140;0.00027622
815;NCC006035MBU;151;141;0.00043878
815;NCC006035MBU;152;141;0.00116870
815;0SV006045SHA;120;233;0.00001307
815;0SV006045SHA;121;233;0.00009214
815;0SV006045SHA;122;233;0.00011709
815;0SV006045SHA;123;233;0.00009374
815;0SV006045SHA;134;233;0.00011043
815;0SV006045SHA;135;233;0.01273591
815;0SV006045SHA;120;234;0.00003816
815;0SV006045SHA;123;234;0.00000910
815;0SV006045SHA;124;234;0.00002344
815;0SV006045SHA;125;234;0.00001542
815;0SV006045SHA;130;234;0.00018082
815;0SV006045SHA;131;234;0.00014829
815;0SV006045SHA;132;234;0.00089262
815;0SV006045SHA;133;234;0.00113602
815;0SV006045SHA;134;234;0.00252102
815;0SV006045SHA;135;234;0.02983641
815;0SV006045SHA;136;234;0.00118880
815;0SV006045SHA;137;234;0.00014153
815;0SV006045SHA;141;234;0.00000673
815;0SV006045SHA;125;235;0.00005126
815;0SV006045SHA;126;235;0.00011638
815;0SV006045SHA;127;235;0.00024558
815;0SV006045SHA;128;235;0.00015102
815;0SV006045SHA;130;235;0.00049824
815;0SV006045SHA;131;235;0.00003036
815;0SV006045SHA;132;235;0.00263036
815;0SV006045SHA;133;235;0.00122767
815;0SV006045SHA;134;235;0.00379962
815;0SV006045SHA;135;235;0.04364796
815;0SV006045SHA;136;235;0.00186856
815;0SV006045SHA;137;235;0.00007230
815;0SV006045SHA;138;235;0.00016737
815;0SV006045SHA;139;235;0.00013401
815;0SV006045SHA;140;235;0.00009161
815;0SV006045SHA;141;235;0.00009683
815;0SV006045SHA;142;235;0.00006528
815;0SV006045SHA;143;235;0.00044429
815;0SV006045SHA;144;235;0.00023305
815;0SV006045SHA;145;235;0.00023120
815;0SV006045SHA;146;235;0.00000233
815;0SV006045SHA;150;235;0.00007769
815;0SV006045SHA;151;235;0.00019782
815;0SV006045SHA;152;235;0.00022461
815;0SV006045SHA;128;236;0.00101219
815;0SV006045SHA;129;236;0.00169686
815;0SV006045SHA;130;236;0.00209253
815;0SV006045SHA;131;236;0.00121540
815;0SV006045SHA;132;236;0.00182223
815;0SV006045SHA;133;236;0.01147158
815;0SV006045SHA;134;236;0.04310030
815;0SV006045SHA;135;236;0.01487453
815;0SV006045SHA;136;236;0.00323173
815;0SV006045SHA;137;236;0.00148007
815;0SV006045SHA;138;236;0.00105953
815;0SV006045SHA;139;236;0.00105982
815;0SV006045SHA;140;236;0.00057330
815;0SV006045SHA;141;236;0.00230334
815;0SV006045SHA;142;236;0.00114430
815;0SV006045SHA;143;236;0.00316394
815;0SV006045SHA;144;236;0.00145585
815;0SV006045SHA;146;236;0.00019628
815;0SV006045SHA;151;236;0.00008704
815;0SV006045SHA;152;236;0.00016591
815;0SV006045SHA;153;236;0.00004717
815;0SV006045SHA;130;237;0.00198966
815;0SV006045SHA;131;237;0.00202545
815;0SV006045SHA;132;237;0.00139080
815;0SV006045SHA;133;237;0.02876442
815;0SV006045SHA;134;237;0.04469161
815;0SV006045SHA;135;237;0.00693564
815;0SV006045SHA;136;237;0.00153431
815;0SV006045SHA;137;237;0.00075284
815;0SV006045SHA;138;237;0.00379393
815;0SV006045SHA;139;237;0.00332823
815;0SV006045SHA;140;237;0.00323491
815;0SV006045SHA;141;237;0.00106824
815;0SV006045SHA;142;237;0.00215642
815;0SV006045SHA;144;237;0.00053691
815;0SV006045SHA;145;237;0.00148610
815;0SV006045SHA;146;237;0.00141028
815;0SV006045SHA;147;237;0.00050283
815;0SV006045SHA;148;237;0.00032550
815;0SV006045SHA;149;237;0.00040732
815;0SV006045SHA;150;237;0.00011947
815;0SV006045SHA;151;237;0.00011348
815;0SV006045SHA;152;237;0.00007895
815;0SV006045SHA;131;238;0.00162803
815;0SV006045SHA;132;238;0.00671530
815;0SV006045SHA;133;238;0.06318056
815;0SV006045SHA;134;238;0.06286908
815;0SV006045SHA;135;238;0.02018506
815;0SV006045SHA;136;238;0.01189725
815;0SV006045SHA;137;238;0.00633102
815;0SV006045SHA;138;238;0.00073707
815;0SV006045SHA;139;238;0.00015386
815;0SV006045SHA;142;238;0.00000173
815;0SV006045SHA;143;238;0.00005079
815;0SV006045SHA;149;238;0.00017984
815;0SV006045SHA;150;238;0.00033750
815;0SV006045SHA;151;238;0.00012736
815;0SV006045SHA;130;239;0.00015995
815;0SV006045SHA;131;239;0.00376763
815;0SV006045SHA;132;239;0.01428656
815;0SV006045SHA;133;239;0.12822333
815;0SV006045SHA;134;239;0.04395596
815;0SV006045SHA;135;239;0.00465023
815;0SV006045SHA;136;239;0.00225816
815;0SV006045SHA;137;239;0.00067386
815;0SV006045SHA;138;239;0.00038041
815;0SV006045SHA;139;239;0.00066974
815;0SV006045SHA;140;239;0.00044396
815;0SV006045SHA;142;239;0.00004506
815;0SV006045SHA;143;239;0.00012941
815;0SV006045SHA;144;239;0.00015242
815;0SV006045SHA;150;239;0.00029735
815;0SV006045SHA;151;239;0.00033796
815;0SV006045SHA;126;240;0.00007900
815;0SV006045SHA;129;240;0.00070696
815;0SV006045SHA;130;240;0.00119408
815;0SV006045SHA;131;240;0.00121605
815;0SV006045SHA;132;240;0.00312958
815;0SV006045SHA;133;240;0.05629671
815;0SV006045SHA;134;240;0.02249821
815;0SV006045SHA;135;240;0.01047032
815;0SV006045SHA;136;240;0.00905880
815;0SV006045SHA;138;240;0.00043423
815;0SV006045SHA;139;240;0.00081586
815;0SV006045SHA;140;240;0.00028587
815;0SV006045SHA;141;240;0.00067430
815;0SV006045SHA;142;240;0.00073349
815;0SV006045SHA;143;240;0.00059849
815;0SV006045SHA;144;240;0.00008270
815;0SV006045SHA;145;240;0.00001509
815;0SV006045SHA;151;240;0.00008623
815;0SV006045SHA;152;240;0.00040487
815;0SV006045SHA;154;240;0.00008035
815;0SV006045SHA;155;240;0.00006681
815;0SV006045SHA;126;241;0.00075614
815;0SV006045SHA;127;241;0.00109829
815;0SV006045SHA;128;241;0.00149309
815;0SV006045SHA;129;241;0.00069234
815;0SV006045SHA;131;241;0.00000371
815;0SV006045SHA;132;241;0.00000580
815;0SV006045SHA;133;241;0.01034355
815;0SV006045SHA;134;241;0.01977135
815;0SV006045SHA;135;241;0.00093357
815;0SV006045SHA;136;241;0.00260161
815;0SV006045SHA;137;241;0.00596157
815;0SV006045SHA;138;241;0.00325835
815;0SV006045SHA;139;241;0.00011451
815;0SV006045SHA;140;241;0.00028753
815;0SV006045SHA;142;241;0.00010597
815;0SV006045SHA;143;241;0.00021209
815;0SV006045SHA;145;241;0.00002862
815;0SV006045SHA;146;241;0.00005426
815;0SV006045SHA;152;241;0.00037922
815;0SV006045SHA;153;241;0.00075282
815;0SV006045SHA;154;241;0.00037442
815;0SV006045SHA;128;242;0.00045611
815;0SV006045SHA;132;242;0.00000419
815;0SV006045SHA;133;242;0.00089827
815;0SV006045SHA;134;242;0.00724301
815;0SV006045SHA;135;242;0.00037131
815;0SV006045SHA;136;242;0.00047736
815;0SV006045SHA;138;242;0.00186450
815;0SV006045SHA;139;242;0.00590177
815;0SV006045SHA;140;242;0.00014673
815;0SV006045SHA;141;242;0.00003209
815;0SV006045SHA;142;242;0.00002362
815;0SV006045SHA;143;242;0.00000696
815;0SV006045SHA;146;242;0.00001315
815;0SV006045SHA;147;242;0.00003933
815;0SV006045SHA;152;242;0.00015768
815;0SV006045SHA;153;242;0.00073593
815;0SV006045SHA;154;242;0.00000653
815;0SV006045SHA;128;243;0.00018332
815;0SV006045SHA;134;243;0.00543127
815;0SV006045SHA;136;243;0.00008384
815;0SV006045SHA;139;243;0.00266003
815;0SV006045SHA;140;243;0.00540104
815;0SV006045SHA;141;243;0.00150083
815;0SV006045SHA;147;243;0.00005581
815;0SV006045SHA;151;243;0.00046575
815;0SV006045SHA;152;243;0.00049826
815;0SV006045SHA;154;243;0.00000836
815;0SV006045SHA;128;244;0.00001552
815;0SV006045SHA;134;244;0.00425403
815;0SV006045SHA;135;244;0.00135418
815;0SV006045SHA;141;244;0.00551718
815;0SV006045SHA;142;244;0.00357027
815;0SV006045SHA;147;244;0.00004438
815;0SV006045SHA;151;244;0.00060161
815;0SV006045SHA;153;244;0.00000051
815;0SV006045SHA;154;244;0.00003084
815;0SV006045SHA;127;245;0.00000134
815;0SV006045SHA;128;245;0.00001357
815;0SV006045SHA;134;245;0.00478598
815;0SV006045SHA;141;245;0.00018518
815;0SV006045SHA;142;245;0.00424013
815;0SV006045SHA;143;245;0.00004746
815;0SV006045SHA;147;245;0.00004224
815;0SV006045SHA;151;245;0.00071119
815;0SV006045SHA;152;245;0.00005096
815;0SV006045SHA;153;245;0.00004485
815;0SV006045SHA;127;246;0.00000145
815;0SV006045SHA;128;246;0.00000874
815;0SV006045SHA;133;246;0.00009045
815;0SV006045SHA;134;246;0.00617964
815;0SV006045SHA;135;246;0.00006228
815;0SV006045SHA;138;246;0.00000926
815;0SV006045SHA;139;246;0.00000458
815;0SV006045SHA;140;246;0.00013024
815;0SV006045SHA;141;246;0.00003630
815;0SV006045SHA;143;246;0.00705947
815;0SV006045SHA;144;246;0.00362162
815;0SV006045SHA;145;246;0.00370541
815;0SV006045SHA;146;246;0.00535181
815;0SV006045SHA;147;246;0.00362907
815;0SV006045SHA;148;246;0.00072595
815;0SV006045SHA;149;246;0.00031448
815;0SV006045SHA;150;246;0.00077725
815;0SV006045SHA;151;246;0.00016262
815;0SV006045SHA;153;246;0.00004816
815;0SV006045SHA;128;247;0.00000570
815;0SV006045SHA;129;247;0.00000340
815;0SV006045SHA;133;247;0.00504847
815;0SV006045SHA;135;247;0.00003224
815;0SV006045SHA;136;247;0.00004859
815;0SV006045SHA;137;247;0.00000215
815;0SV006045SHA;138;247;0.00003572
815;0SV006045SHA;139;247;0.00005510
815;0SV006045SHA;140;247;0.00012075
815;0SV006045SHA;143;247;0.00027079
815;0SV006045SHA;148;247;0.00427616
815;0SV006045SHA;149;247;0.00066772
815;0SV006045SHA;150;247;0.00036778
815;0SV006045SHA;152;247;0.00003995
815;0SV006045SHA;153;247;0.00000614
815;0SV006045SHA;129;248;0.00006842
815;0SV006045SHA;130;248;0.00023900
815;0SV006045SHA;131;248;0.00015227
815;0SV006045SHA;132;248;0.00156546
815;0SV006045SHA;133;248;0.00492257
815;0SV006045SHA;136;248;0.00005931
815;0SV006045SHA;137;248;0.00002811
815;0SV006045SHA;139;248;0.00008646
815;0SV006045SHA;142;248;0.00016017
815;0SV006045SHA;143;248;0.00014576
815;0SV006045SHA;149;248;0.00269780
815;0SV006045SHA;150;248;0.00023990
815;0SV006045SHA;152;248;0.00004679
815;0SV006045SHA;129;249;0.00004805
815;0SV006045SHA;130;249;0.00005691
815;0SV006045SHA;131;249;0.00000610
815;0SV006045SHA;132;249;0.00442598
815;0SV006045SHA;133;249;0.00000425
815;0SV006045SHA;142;249;0.00019384
815;0SV006045SHA;149;249;0.00091973
815;0SV006045SHA;150;249;0.00174543
815;0SV006045SHA;151;249;0.00073794
815;0SV006045SHA;152;249;0.00002205
815;0SV006045SHA;153;249;0.00015836
815;0SV006045SHA;132;250;0.00194612
815;0SV006045SHA;133;250;0.00250459
815;0SV006045SHA;142;250;0.00000343
815;0SV006045SHA;143;250;0.00019445
815;0SV006045SHA;145;250;0.00002578
815;0SV006045SHA;146;250;0.00003839
815;0SV006045SHA;147;250;0.00003729
815;0SV006045SHA;148;250;0.00048099
815;0SV006045SHA;149;250;0.00034047
815;0SV006045SHA;151;250;0.00111517
815;0SV006045SHA;152;250;0.00198711
815;0SV006045SHA;153;250;0.00079895
815;0SV006045SHA;133;251;0.00507558
815;0SV006045SHA;142;251;0.00011074
815;0SV006045SHA;143;251;0.00007434
815;0SV006045SHA;144;251;0.00003102
815;0SV006045SHA;145;251;0.00001940
815;0SV006045SHA;148;251;0.00022305
815;0SV006045SHA;149;251;0.00017258
815;0SV006045SHA;151;251;0.00055001
815;0SV006045SHA;152;251;0.00069361
815;0SV006045SHA;153;251;0.00166591
815;0SV006045SHA;154;251;0.00106484
815;0SV006045SHA;155;251;0.00003771
815;0SV006045SHA;133;252;0.00066544
815;0SV006045SHA;134;252;0.00422366
815;0SV006045SHA;141;252;0.00002285
815;0SV006045SHA;142;252;0.00009158
815;0SV006045SHA;148;252;0.00036007
815;0SV006045SHA;150;252;0.00014993
815;0SV006045SHA;151;252;0.00046325
815;0SV006045SHA;154;252;0.00015730
815;0SV006045SHA;155;252;0.00008947
815;0SV006045SHA;134;253;0.00411011
815;0SV006045SHA;135;253;0.00062711
815;0SV006045SHA;140;253;0.00012357
815;0SV006045SHA;141;253;0.00008371
815;0SV006045SHA;142;253;0.00001561
815;0SV006045SHA;148;253;0.00033372
815;0SV006045SHA;149;253;0.00016581
815;0SV006045SHA;150;253;0.00013750
815;0SV006045SHA;135;254;0.00543734
815;0SV006045SHA;139;254;0.00008427
815;0SV006045SHA;140;254;0.00003262
815;0SV006045SHA;147;254;0.00015616
815;0SV006045SHA;148;254;0.00057633
815;0SV006045SHA;149;254;0.00003031
815;0SV006045SHA;135;255;0.00207642
815;0SV006045SHA;138;255;0.00004502
815;0SV006045SHA;139;255;0.00005541
815;0SV006045SHA;147;255;0.00019478
815;SJV006050SJU;153;147;0.00000085
815;SJV006050SJU;156;147;0.00000703
815;SJV006050SJU;157;147;0.00000335
815;SJV006050SJU;152;148;0.00000070
815;SJV006050SJU;153;148;0.00000310
815;SJV006050SJU;154;148;0.00000379
815;SJV006050SJU;155;148;0.00000531
815;SJV006050SJU;156;148;0.00000052
815;SJV006050SJU;157;148;0.00000438
815;SJV006050SJU;158;148;0.00001276
815;SJV006050SJU;159;148;0.00313594
815;SJV006050SJU;155;149;0.00000024
815;SJV006050SJU;156;149;0.00000114
815;SJV006050SJU;158;149;0.00000018
815;SJV006050SJU;159;149;0.01118875
815;SJV006050SJU;160;149;0.00002376
815;SJV006050SJU;156;150;0.00000008
815;SJV006050SJU;157;150;0.00000122
815;SJV006050SJU;158;150;0.00928441
815;SJV006050SJU;159;150;0.00225035
815;SJV006050SJU;160;150;0.00381413
815;SJV006050SJU;161;150;0.00064171
815;SJV006050SJU;158;151;0.01147792
815;SJV006050SJU;159;151;0.00003678
815;SJV006050SJU;160;151;0.00526146
815;SJV006050SJU;161;151;0.00184260
815;SJV006050SJU;153;152;0.00000163
815;SJV006050SJU;154;152;0.00002060
815;SJV006050SJU;155;152;0.00025314
815;SJV006050SJU;157;152;0.00000008
815;SJV006050SJU;158;152;0.01379600
815;SJV006050SJU;159;152;0.00397954
815;SJV006050SJU;160;152;0.00146309
815;SJV006050SJU;161;152;0.00162963
815;SJV006050SJU;155;153;0.00041247
815;SJV006050SJU;156;153;0.00104320
815;SJV006050SJU;157;153;0.00959855
815;SJV006050SJU;158;153;0.00566425
815;SJV006050SJU;159;153;0.00385994
815;SJV006050SJU;160;153;0.00345618
815;SJV006050SJU;161;153;0.00125543
815;SJV006050SJU;162;153;0.00125310
815;SJV006050SJU;163;153;0.00003379
815;SJV006050SJU;153;154;0.00019229
815;SJV006050SJU;154;154;0.00079014
815;SJV006050SJU;155;154;0.00111100
815;SJV006050SJU;156;154;0.00060962
815;SJV006050SJU;157;154;0.01912279
815;SJV006050SJU;158;154;0.00791322
815;SJV006050SJU;159;154;0.00022669
815;SJV006050SJU;160;154;0.00033056
815;SJV006050SJU;161;154;0.00129846
815;SJV006050SJU;162;154;0.00110033
815;SJV006050SJU;163;154;0.00097867
815;SJV006050SJU;164;154;0.02148278
815;SJV006050SJU;165;154;0.00278286
815;SJV006050SJU;153;155;0.00000992
815;SJV006050SJU;154;155;0.00000451
815;SJV006050SJU;156;155;0.01746730
815;SJV006050SJU;157;155;0.00386997
815;SJV006050SJU;158;155;0.00406750
815;SJV006050SJU;159;155;0.00580277
815;SJV006050SJU;160;155;0.00385274
815;SJV006050SJU;161;155;0.00365865
815;SJV006050SJU;162;155;0.00314356
815;SJV006050SJU;163;155;0.01795153
815;SJV006050SJU;164;155;0.03054010
815;SJV006050SJU;165;155;0.00196598
815;SJV006050SJU;166;155;0.00230682
815;SJV006050SJU;154;156;0.00002229
815;SJV006050SJU;155;156;0.01658843
815;SJV006050SJU;156;156;0.00524893
815;SJV006050SJU;157;156;0.00466552
815;SJV006050SJU;158;156;0.00012590
815;SJV006050SJU;159;156;0.00038348
815;SJV006050SJU;160;156;0.00259102
815;SJV006050SJU;161;156;0.00171916
815;SJV006050SJU;162;156;0.00168793
815;SJV006050SJU;163;156;0.04467832
815;SJV006050SJU;164;156;0.00860520
815;SJV006050SJU;165;156;0.00483192
815;SJV006050SJU;166;156;0.00084459
815;SJV006050SJU;167;156;0.00227395
815;SJV006050SJU;168;156;0.00050012
815;SJV006050SJU;169;156;0.00012281
815;SJV006050SJU;154;157;0.01643576
815;SJV006050SJU;155;157;0.00487123
815;SJV006050SJU;156;157;0.00378997
815;SJV006050SJU;157;157;0.00170624
815;SJV006050SJU;158;157;0.00171833
815;SJV006050SJU;159;157;0.00145346
815;SJV006050SJU;160;157;0.00278075
815;SJV006050SJU;161;157;0.00365831
815;SJV006050SJU;162;157;0.04131888
815;SJV006050SJU;163;157;0.00823964
815;SJV006050SJU;164;157;0.00499390
815;SJV006050SJU;165;157;0.00041958
815;SJV006050SJU;166;157;0.00119560
815;SJV006050SJU;167;157;0.00163202
815;SJV006050SJU;168;157;0.00004199
815;SJV006050SJU;171;157;0.00000891
815;SJV006050SJU;154;158;0.00247071
815;SJV006050SJU;155;158;0.00247578
815;SJV006050SJU;156;158;0.00125776
815;SJV006050SJU;157;158;0.00003892
815;SJV006050SJU;158;158;0.00133191
815;SJV006050SJU;159;158;0.00098048
815;SJV006050SJU;160;158;0.00559587
815;SJV006050SJU;161;158;0.04230231
815;SJV006050SJU;162;158;0.03028868
815;SJV006050SJU;163;158;0.00485312
815;SJV006050SJU;164;158;0.00377532
815;SJV006050SJU;165;158;0.00025521
815;SJV006050SJU;166;158;0.00307244
815;SJV006050SJU;167;158;0.00007451
815;SJV006050SJU;168;158;0.00009403
815;SJV006050SJU;169;158;0.00008145
815;SJV006050SJU;170;158;0.00003928
815;SJV006050SJU;171;158;0.00005733
815;SJV006050SJU;172;158;0.00028336
815;SJV006050SJU;173;158;0.00002708
815;SJV006050SJU;155;159;0.00366994
815;SJV006050SJU;156;159;0.00496541
815;SJV006050SJU;157;159;0.00488788
815;SJV006050SJU;158;159;0.00417404
815;SJV006050SJU;159;159;0.00464613
815;SJV006050SJU;160;159;0.03025497
815;SJV006050SJU;161;159;0.04861889
815;SJV006050SJU;162;159;0.02324142
815;SJV006050SJU;163;159;0.00532639
815;SJV006050SJU;164;159;0.00454948
815;SJV006050SJU;165;159;0.00385558
815;SJV006050SJU;166;159;0.00499888
815;SJV006050SJU;167;159;0.00071632
815;SJV006050SJU;168;159;0.00063093
815;SJV006050SJU;169;159;0.00066013
815;SJV006050SJU;170;159;0.00055991
815;SJV006050SJU;171;159;0.00057341
815;SJV006050SJU;172;159;0.00119360
815;SJV006050SJU;173;159;0.00046123
815;SJV006050SJU;174;159;0.00014078
815;SJV006050SJU;157;160;0.00015609
815;SJV006050SJU;158;160;0.00085240
815;SJV006050SJU;159;160;0.01447443
815;SJV006050SJU;160;160;0.05362732
815;SJV006050SJU;161;160;0.03396382
815;SJV006050SJU;162;160;0.02544140
815;SJV006050SJU;163;160;0.00221809
815;SJV006050SJU;164;160;0.00135049
815;SJV006050SJU;165;160;0.00361148
815;SJV006050SJU;166;160;0.00008421
815;SJV006050SJU;167;160;0.00003388
815;SJV006050SJU;169;160;0.00002950
815;SJV006050SJU;172;160;0.00099620
815;SJV006050SJU;158;161;0.00343674
815;SJV006050SJU;159;161;0.04636620
815;SJV006050SJU;160;161;0.01443683
815;SJV006050SJU;161;161;0.02200098
815;SJV006050SJU;162;161;0.01836878
815;SJV006050SJU;163;161;0.00575577
815;SJV006050SJU;164;161;0.00272989
815;SJV006050SJU;165;161;0.00168728
815;SJV006050SJU;166;161;0.00007240
815;SJV006050SJU;167;161;0.00004434
815;SJV006050SJU;168;161;0.00049592
815;SJV006050SJU;169;161;0.00045555
815;SJV006050SJU;170;161;0.00021869
815;SJV006050SJU;171;161;0.00081720
815;SJV006050SJU;172;161;0.00013820
815;SJV006050SJU;160;162;0.00004621
815;SJV006050SJU;161;162;0.00387581
815;SJV006050SJU;162;162;0.00137743
815;SJV006050SJU;163;162;0.00496125
815;SJV006050SJU;164;162;0.01012173
815;SJV006050SJU;165;162;0.00287056
815;SJV006050SJU;166;162;0.00054215
815;SJV006050SJU;167;162;0.00047039
815;SJV006050SJU;168;162;0.00005865
815;SJV006050SJU;169;162;0.00028467
815;SJV006050SJU;170;162;0.00059211
815;SJV006050SJU;171;162;0.00015573
815;SJV006050SJU;162;163;0.00015074
815;SJV006050SJU;163;163;0.00286457
815;SJV006050SJU;164;163;0.00438862
815;SJV006050SJU;165;163;0.00135842
815;SJV006050SJU;166;163;0.00186174
815;SJV006050SJU;167;163;0.00205615
815;SJV006050SJU;168;163;0.00100992
815;SJV006050SJU;169;163;0.00029551
815;SJV006050SJU;162;164;0.00020981
815;SJV006050SJU;163;164;0.00202511
815;SJV006050SJU;164;164;0.00116293
815;SJV006050SJU;165;164;0.00000188
815;SJV006050SJU;166;164;0.00000029
815;SJV006050SJU;167;164;0.00068232
815;SJV006050SJU;168;164;0.00165811
815;SJV006050SJU;162;165;0.00000904
815;SJV006050SJU;163;165;0.00140575
815;SJV006050SJU;164;165;0.00000329
815;SJV006050SJU;165;165;0.00070552
815;SJV006050SJU;166;165;0.00068956
815;SJV006050SJU;167;165;0.00019976
815;SJV006050SJU;163;166;0.00048195
815;SJV006050SJU;164;166;0.00257012
815;SJV006050SJU;165;166;0.00002574
815;SJV006050SJU;162;167;0.00027402
815;SJV006050SJU;163;167;0.00300673
815;SJV006050SJU;164;167;0.00501171
815;SJV006050SJU;165;167;0.00012047
815;SJV006050SJU;164;168;0.00061052
815;0MC006022MPA;179;148;0.01876797
815;0MC006022MPA;180;148;0.00326191
815;0MC006022MPA;177;151;0.00418815
815;0MC006022MPA;178;151;0.06985844
815;0MC006022MPA;178;152;0.03897526
815;0MC006022MPA;179;152;0.08727910
815;0MC006022MPA;179;153;0.02155461
815;0MC006022MPA;180;153;0.07850406
815;0MC006022MPA;181;153;0.00462366
815;0MC006022MPA;188;153;0.04054960
815;0MC006022MPA;176;154;0.00558636
815;0MC006022MPA;181;154;0.01896584
815;0MC006022MPA;182;154;0.02358950
815;0MC006022MPA;183;154;0.00533544
815;0MC006022MPA;184;154;0.00727948
815;0MC006022MPA;185;154;0.00785077
815;0MC006022MPA;186;154;0.01624141
815;0MC006022MPA;187;154;0.01801168
815;0MC006022MPA;188;154;0.00457886
815;0MC006022MPA;190;154;0.05298940
815;0MC006022MPA;176;155;0.01324393
815;0MC006022MPA;182;155;0.01355632
815;0MC006022MPA;183;155;0.03115587
815;0MC006022MPA;190;155;0.03527908
815;0MC006022MPA;175;156;0.00573501
815;0MC006022MPA;176;156;0.00276612
815;0MC006022MPA;180;156;0.00325338
815;0MC006022MPA;181;156;0.02271113
815;0MC006022MPA;182;156;0.00915481
815;0MC006022MPA;183;156;0.00012036
815;0MC006022MPA;184;156;0.00793768
815;0MC006022MPA;189;156;0.01912887
815;0MC006022MPA;190;156;0.01905935
815;0MC006022MPA;180;157;0.01956287
815;0MC006022MPA;183;157;0.00545532
815;0MC006022MPA;184;157;0.00166487
815;0MC006022MPA;189;157;0.03425323
815;0MC006022MPA;179;158;0.00688263
815;0MC006022MPA;180;158;0.00021644
815;0MC006022MPA;183;158;0.00701377
815;0MC006022MPA;189;158;0.00556602
815;0MC006022MPA;174;159;0.00684068
815;0MC006022MPA;179;159;0.00751622
815;0MC006022MPA;183;159;0.00129120
815;0MC006022MPA;184;159;0.00570154
815;0MC006022MPA;189;159;0.00556602
815;0MC006022MPA;174;160;0.00806976
815;0MC006022MPA;178;160;0.00437353
815;0MC006022MPA;179;160;0.00366218
815;0MC006022MPA;184;160;0.00435569
815;0MC006022MPA;185;160;0.00633515
815;0MC006022MPA;186;160;0.00633515
815;0MC006022MPA;187;160;0.00633515
815;0MC006022MPA;188;160;0.00256836
815;0MC006022MPA;189;160;0.00556602
815;0MC006022MPA;175;161;0.01130162
815;0MC006022MPA;176;161;0.00841139
815;0MC006022MPA;177;161;0.01174279
815;0MC006022MPA;178;161;0.01750175
815;0MC006022MPA;187;161;0.00105377
815;0MC006022MPA;188;161;0.00816565
815;0MC006022MPA;189;161;0.00551888
815;0MC006022MPA;177;162;0.00796874
815;0MC006022MPA;186;162;0.00279475
815;0MC006022MPA;187;162;0.01051222
815;0MC006022MPA;180;164;0.00174654
815;0MC006022MPA;181;164;0.00506917
815;0MC006022MPA;190;164;0.00247180
815;0MC006022MPA;191;164;0.00917104
815;0MC006022MPA;192;164;0.00917104
815;0MC006022MPA;193;164;0.00950868
815;0MC006022MPA;190;165;0.00304550
815;0MC006022MPA;193;165;0.00300831
815;0MC006022MPA;194;165;0.00561115
815;SJV006010SJU;177;116;0.00012150
815;SJV006010SJU;178;116;0.00047748
815;SJV006010SJU;180;116;0.00075191
815;SJV006010SJU;171;117;0.00012795
815;SJV006010SJU;172;117;0.00032027
815;SJV006010SJU;173;117;0.00032001
815;SJV006010SJU;174;117;0.00017857
815;SJV006010SJU;175;117;0.00000212
815;SJV006010SJU;177;117;0.00058040
815;SJV006010SJU;179;117;0.00038143
815;SJV006010SJU;180;117;0.00432461
815;SJV006010SJU;174;118;0.00030189
815;SJV006010SJU;175;118;0.00132605
815;SJV006010SJU;176;118;0.00079450
815;SJV006010SJU;177;118;0.00100662
815;SJV006010SJU;178;118;0.00067094
815;SJV006010SJU;179;118;0.00483138
815;SJV006010SJU;180;118;0.00075530
815;SJV006010SJU;181;118;0.00018589
815;SJV006010SJU;182;118;0.00005006
815;SJV006010SJU;174;119;0.00005858
815;SJV006010SJU;175;119;0.00148765
815;SJV006010SJU;176;119;0.00026361
815;SJV006010SJU;177;119;0.00010212
815;SJV006010SJU;178;119;0.00331881
815;SJV006010SJU;179;119;0.00143995
815;SJV006010SJU;180;119;0.00075915
815;SJV006010SJU;181;119;0.00000370
815;SJV006010SJU;183;119;0.00000507
815;SJV006010SJU;175;120;0.00091435
815;SJV006010SJU;176;120;0.00155313
815;SJV006010SJU;177;120;0.00001514
815;SJV006010SJU;178;120;0.00432129
815;SJV006010SJU;180;120;0.00088671
815;SJV006010SJU;181;120;0.00000576
815;SJV006010SJU;169;121;0.00000191
815;SJV006010SJU;176;121;0.00171987
815;SJV006010SJU;177;121;0.00479500
815;SJV006010SJU;178;121;0.00067916
815;SJV006010SJU;179;121;0.00044681
815;SJV006010SJU;180;121;0.00130954
815;SJV006010SJU;181;121;0.00039547
815;SJV006010SJU;182;121;0.00026473
815;SJV006010SJU;168;122;0.00000260
815;SJV006010SJU;169;122;0.00000094
815;SJV006010SJU;176;122;0.00197636
815;SJV006010SJU;177;122;0.00528064
815;SJV006010SJU;178;122;0.00021190
815;SJV006010SJU;180;122;0.00081844
815;SJV006010SJU;176;123;0.00503750
815;SJV006010SJU;177;123;0.00174450
815;SJV006010SJU;178;123;0.00059892
815;SJV006010SJU;180;123;0.00082019
815;SJV006010SJU;175;124;0.00331983
815;SJV006010SJU;176;124;0.00173725
815;SJV006010SJU;178;124;0.00208525
815;SJV006010SJU;179;124;0.00026412
815;SJV006010SJU;180;124;0.00082272
815;SJV006010SJU;181;124;0.00006064
815;SJV006010SJU;182;124;0.00002175
815;SJV006010SJU;183;124;0.00001754
815;SJV006010SJU;174;125;0.00136911
815;SJV006010SJU;175;125;0.00369627
815;SJV006010SJU;179;125;0.00209699
815;SJV006010SJU;180;125;0.00115595
815;SJV006010SJU;183;125;0.00048360
815;SJV006010SJU;184;125;0.00004504
815;SJV006010SJU;185;125;0.00000638
815;SJV006010SJU;186;125;0.00005735
815;SJV006010SJU;187;125;0.00025479
815;SJV006010SJU;174;126;0.00510560
815;SJV006010SJU;175;126;0.00007421
815;SJV006010SJU;176;126;0.00005152
815;SJV006010SJU;177;126;0.00005153
815;SJV006010SJU;178;126;0.00006907
815;SJV006010SJU;179;126;0.00010676
815;SJV006010SJU;180;126;0.00305081
815;SJV006010SJU;181;126;0.00057615
815;SJV006010SJU;182;126;0.00061124
815;SJV006010SJU;183;126;0.00066865
815;SJV006010SJU;184;126;0.00069469
815;SJV006010SJU;185;126;0.00072275
815;SJV006010SJU;186;126;0.00128925
815;SJV006010SJU;187;126;0.00235076
815;SJV006010SJU;188;126;0.00032900
815;SJV006010SJU;189;126;0.00057769
815;SJV006010SJU;190;126;0.00009868
815;SJV006010SJU;173;127;0.00425218
815;SJV006010SJU;174;127;0.00085952
815;SJV006010SJU;180;127;0.00227681
815;SJV006010SJU;183;127;0.00002036
815;SJV006010SJU;186;127;0.00031188
815;SJV006010SJU;187;127;0.00242991
815;SJV006010SJU;188;127;0.00027751
815;SJV006010SJU;189;127;0.00088626
815;SJV006010SJU;190;127;0.00107736
815;SJV006010SJU;172;128;0.00296711
815;SJV006010SJU;173;128;0.00198463
815;SJV006010SJU;174;128;0.00039756
815;SJV006010SJU;175;128;0.00006119
815;SJV006010SJU;176;128;0.00001782
815;SJV006010SJU;180;128;0.00224585
815;SJV006010SJU;183;128;0.00000592
815;SJV006010SJU;186;128;0.00041952
815;SJV006010SJU;187;128;0.00314777
815;SJV006010SJU;188;128;0.00057129
815;SJV006010SJU;189;128;0.00092065
815;SJV006010SJU;190;128;0.00071444
815;SJV006010SJU;191;128;0.00140098
815;SJV006010SJU;192;128;0.00296659
815;SJV006010SJU;171;129;0.00273799
815;SJV006010SJU;172;129;0.00275219
815;SJV006010SJU;173;129;0.00002195
815;SJV006010SJU;174;129;0.00035422
815;SJV006010SJU;176;129;0.00010365
815;SJV006010SJU;177;129;0.00006971
815;SJV006010SJU;178;129;0.00008410
815;SJV006010SJU;179;129;0.00014512
815;SJV006010SJU;180;129;0.00259181
815;SJV006010SJU;181;129;0.00015224
815;SJV006010SJU;182;129;0.00013893
815;SJV006010SJU;183;129;0.00020258
815;SJV006010SJU;184;129;0.00022894
815;SJV006010SJU;185;129;0.00022700
815;SJV006010SJU;186;129;0.00116946
815;SJV006010SJU;187;129;0.00357738
815;SJV006010SJU;188;129;0.00053218
815;SJV006010SJU;189;129;0.00088802
815;SJV006010SJU;190;129;0.00046825
815;SJV006010SJU;191;129;0.00910203
815;SJV006010SJU;192;129;0.01113730
815;SJV006010SJU;193;129;0.00073291
815;SJV006010SJU;170;130;0.00306392
815;SJV006010SJU;171;130;0.00249474
815;SJV006010SJU;174;130;0.00034641
815;SJV006010SJU;176;130;0.00003159
815;SJV006010SJU;178;130;0.00000538
815;SJV006010SJU;179;130;0.00030881
815;SJV006010SJU;180;130;0.00096547
815;SJV006010SJU;181;130;0.00208516
815;SJV006010SJU;183;130;0.00011900
815;SJV006010SJU;185;130;0.00021796
815;SJV006010SJU;186;130;0.00042656
815;SJV006010SJU;187;130;0.00346087
815;SJV006010SJU;188;130;0.00042881
815;SJV006010SJU;189;130;0.00079645
815;SJV006010SJU;190;130;0.00878959
815;SJV006010SJU;191;130;0.01296713
815;SJV006010SJU;192;130;0.00205263
815;SJV006010SJU;193;130;0.00108652
815;SJV006010SJU;194;130;0.00210997
815;SJV006010SJU;195;130;0.00050980
815;SJV006010SJU;196;130;0.00019942
815;SJV006010SJU;198;130;0.00005429
815;SJV006010SJU;169;131;0.00310812
815;SJV006010SJU;170;131;0.00228676
815;SJV006010SJU;171;131;0.00009355
815;SJV006010SJU;172;131;0.00009321
815;SJV006010SJU;173;131;0.00011718
815;SJV006010SJU;174;131;0.00044363
815;SJV006010SJU;175;131;0.00015281
815;SJV006010SJU;176;131;0.00019253
815;SJV006010SJU;177;131;0.00022183
815;SJV006010SJU;178;131;0.00079739
815;SJV006010SJU;179;131;0.00069775
815;SJV006010SJU;180;131;0.00036666
815;SJV006010SJU;181;131;0.00173728
815;SJV006010SJU;182;131;0.00202865
815;SJV006010SJU;183;131;0.00063067
815;SJV006010SJU;184;131;0.00053756
815;SJV006010SJU;185;131;0.00060070
815;SJV006010SJU;186;131;0.00096310
815;SJV006010SJU;187;131;0.00418335
815;SJV006010SJU;188;131;0.00090911
815;SJV006010SJU;189;131;0.00865397
815;SJV006010SJU;190;131;0.02105603
815;SJV006010SJU;191;131;0.00594969
815;SJV006010SJU;192;131;0.00699247
815;SJV006010SJU;193;131;0.00526490
815;SJV006010SJU;194;131;0.00629417
815;SJV006010SJU;195;131;0.00206250
815;SJV006010SJU;196;131;0.00138975
815;SJV006010SJU;197;131;0.00105804
815;SJV006010SJU;198;131;0.00028834
815;SJV006010SJU;168;132;0.00120230
815;SJV006010SJU;169;132;0.00361292
815;SJV006010SJU;170;132;0.00020351
815;SJV006010SJU;173;132;0.00002306
815;SJV006010SJU;174;132;0.00030240
815;SJV006010SJU;175;132;0.00018736
815;SJV006010SJU;176;132;0.00026490
815;SJV006010SJU;177;132;0.00057897
815;SJV006010SJU;178;132;0.00016873
815;SJV006010SJU;179;132;0.00070160
815;SJV006010SJU;180;132;0.00057529
815;SJV006010SJU;181;132;0.00108082
815;SJV006010SJU;182;132;0.00082272
815;SJV006010SJU;183;132;0.00172633
815;SJV006010SJU;184;132;0.00018973
815;SJV006010SJU;185;132;0.00038889
815;SJV006010SJU;186;132;0.00092721
815;SJV006010SJU;187;132;0.00475532
815;SJV006010SJU;188;132;0.00541745
815;SJV006010SJU;189;132;0.02339066
815;SJV006010SJU;190;132;0.00127515
815;SJV006010SJU;191;132;0.00090207
815;SJV006010SJU;192;132;0.00205129
815;SJV006010SJU;193;132;0.00020656
815;SJV006010SJU;194;132;0.00164730
815;SJV006010SJU;195;132;0.00071185
815;SJV006010SJU;196;132;0.00117116
815;SJV006010SJU;197;132;0.00132212
815;SJV006010SJU;198;132;0.00009195
815;SJV006010SJU;164;133;0.00025527
815;SJV006010SJU;168;133;0.00464617
815;SJV006010SJU;170;133;0.00005185
815;SJV006010SJU;171;133;0.00020717
815;SJV006010SJU;172;133;0.00012797
815;SJV006010SJU;173;133;0.00004521
815;SJV006010SJU;174;133;0.00029980
815;SJV006010SJU;175;133;0.00026873
815;SJV006010SJU;177;133;0.00013823
815;SJV006010SJU;178;133;0.00011259
815;SJV006010SJU;181;133;0.00119174
815;SJV006010SJU;183;133;0.00171510
815;SJV006010SJU;185;133;0.00007691
815;SJV006010SJU;186;133;0.00059789
815;SJV006010SJU;187;133;0.00814312
815;SJV006010SJU;188;133;0.02507898
815;SJV006010SJU;189;133;0.00280704
815;SJV006010SJU;190;133;0.00108245
815;SJV006010SJU;191;133;0.00167202
815;SJV006010SJU;192;133;0.00306190
815;SJV006010SJU;193;133;0.00072174
815;SJV006010SJU;194;133;0.00164398
815;SJV006010SJU;195;133;0.00007678
815;SJV006010SJU;196;133;0.00036867
815;SJV006010SJU;197;133;0.00078777
815;SJV006010SJU;198;133;0.00006363
815;SJV006010SJU;199;133;0.00008398
815;SJV006010SJU;200;133;0.00002322
815;SJV006010SJU;201;133;0.00001403
815;SJV006010SJU;204;133;0.00000855
815;SJV006010SJU;163;134;0.00035833
815;SJV006010SJU;164;134;0.00030031
815;SJV006010SJU;167;134;0.00260124
815;SJV006010SJU;168;134;0.00188974
815;SJV006010SJU;170;134;0.00005711
815;SJV006010SJU;172;134;0.00013086
815;SJV006010SJU;173;134;0.00020818
815;SJV006010SJU;174;134;0.00097101
815;SJV006010SJU;175;134;0.00192647
815;SJV006010SJU;176;134;0.00166576
815;SJV006010SJU;177;134;0.00167696
815;SJV006010SJU;178;134;0.00202732
815;SJV006010SJU;179;134;0.00193842
815;SJV006010SJU;180;134;0.00211308
815;SJV006010SJU;181;134;0.00381030
815;SJV006010SJU;182;134;0.00476918
815;SJV006010SJU;183;134;0.00648789
815;SJV006010SJU;184;134;0.00614008
815;SJV006010SJU;185;134;0.00619650
815;SJV006010SJU;186;134;0.00722089
815;SJV006010SJU;187;134;0.04040924
815;SJV006010SJU;188;134;0.00866684
815;SJV006010SJU;189;134;0.00865797
815;SJV006010SJU;190;134;0.00822803
815;SJV006010SJU;191;134;0.01046971
815;SJV006010SJU;192;134;0.00601766
815;SJV006010SJU;193;134;0.00340255
815;SJV006010SJU;194;134;0.00399409
815;SJV006010SJU;195;134;0.00171908
815;SJV006010SJU;196;134;0.00157728
815;SJV006010SJU;197;134;0.00114256
815;SJV006010SJU;198;134;0.00069574
815;SJV006010SJU;199;134;0.00059786
815;SJV006010SJU;200;134;0.00036329
815;SJV006010SJU;201;134;0.00037260
815;SJV006010SJU;202;134;0.00000834
815;SJV006010SJU;203;134;0.00001430
815;SJV006010SJU;204;134;0.00003441
815;SJV006010SJU;163;135;0.00009380
815;SJV006010SJU;164;135;0.00088608
815;SJV006010SJU;166;135;0.00002884
815;SJV006010SJU;167;135;0.00446224
815;SJV006010SJU;168;135;0.00023079
815;SJV006010SJU;169;135;0.00000479
815;SJV006010SJU;170;135;0.00010711
815;SJV006010SJU;171;135;0.00006831
815;SJV006010SJU;172;135;0.00011013
815;SJV006010SJU;173;135;0.00015972
815;SJV006010SJU;174;135;0.00236392
815;SJV006010SJU;179;135;0.00002686
815;SJV006010SJU;180;135;0.00051952
815;SJV006010SJU;181;135;0.00143939
815;SJV006010SJU;182;135;0.00027361
815;SJV006010SJU;183;135;0.00031720
815;SJV006010SJU;184;135;0.00063879
815;SJV006010SJU;185;135;0.00245513
815;SJV006010SJU;186;135;0.02421354
815;SJV006010SJU;187;135;0.04748674
815;SJV006010SJU;188;135;0.02790016
815;SJV006010SJU;189;135;0.01681222
815;SJV006010SJU;190;135;0.00402382
815;SJV006010SJU;191;135;0.00069799
815;SJV006010SJU;192;135;0.00078635
815;SJV006010SJU;193;135;0.00005303
815;SJV006010SJU;194;135;0.00027939
815;SJV006010SJU;195;135;0.00014535
815;SJV006010SJU;198;135;0.00015930
815;SJV006010SJU;199;135;0.00035602
815;SJV006010SJU;200;135;0.00030771
815;SJV006010SJU;201;135;0.00026307
815;SJV006010SJU;202;135;0.00024407
815;SJV006010SJU;203;135;0.00029548
815;SJV006010SJU;204;135;0.00000604
815;SJV006010SJU;164;136;0.00004953
815;SJV006010SJU;165;136;0.00068066
815;SJV006010SJU;166;136;0.00429910
815;SJV006010SJU;167;136;0.00096059
815;SJV006010SJU;168;136;0.00025875
815;SJV006010SJU;170;136;0.00007997
815;SJV006010SJU;173;136;0.00116937
815;SJV006010SJU;174;136;0.00038908
815;SJV006010SJU;179;136;0.00000094
815;SJV006010SJU;180;136;0.00007904
815;SJV006010SJU;181;136;0.00184907
815;SJV006010SJU;182;136;0.00177848
815;SJV006010SJU;183;136;0.00211429
815;SJV006010SJU;184;136;0.00292889
815;SJV006010SJU;185;136;0.01879045
815;SJV006010SJU;186;136;0.01776087
815;SJV006010SJU;187;136;0.03965590
815;SJV006010SJU;188;136;0.02838361
815;SJV006010SJU;189;136;0.01405837
815;SJV006010SJU;190;136;0.00440347
815;SJV006010SJU;191;136;0.00132777
815;SJV006010SJU;192;136;0.00078389
815;SJV006010SJU;193;136;0.00002593
815;SJV006010SJU;195;136;0.00004308
815;SJV006010SJU;196;136;0.00000069
815;SJV006010SJU;197;136;0.00000179
815;SJV006010SJU;198;136;0.00000069
815;SJV006010SJU;166;137;0.00478533
815;SJV006010SJU;167;137;0.00018301
815;SJV006010SJU;168;137;0.00052605
815;SJV006010SJU;169;137;0.00039771
815;SJV006010SJU;170;137;0.00050493
815;SJV006010SJU;171;137;0.00048202
815;SJV006010SJU;172;137;0.00039675
815;SJV006010SJU;173;137;0.00139011
815;SJV006010SJU;181;137;0.00024259
815;SJV006010SJU;184;137;0.00745417
815;SJV006010SJU;185;137;0.00911668
815;SJV006010SJU;186;137;0.01203624
815;SJV006010SJU;187;137;0.03715043
815;SJV006010SJU;188;137;0.02038901
815;SJV006010SJU;189;137;0.01552434
815;SJV006010SJU;190;137;0.00334171
815;SJV006010SJU;191;137;0.00029076
815;SJV006010SJU;192;137;0.00052574
815;SJV006010SJU;193;137;0.00000077
815;SJV006010SJU;194;137;0.00000178
815;SJV006010SJU;195;137;0.00000004
815;SJV006010SJU;196;137;0.00000524
815;SJV006010SJU;197;137;0.00000118
815;SJV006010SJU;165;138;0.00016532
815;SJV006010SJU;166;138;0.00017986
815;SJV006010SJU;168;138;0.00006849
815;SJV006010SJU;170;138;0.00002335
815;SJV006010SJU;171;138;0.00001191
815;SJV006010SJU;172;138;0.00067152
815;SJV006010SJU;173;138;0.00008058
815;SJV006010SJU;187;138;0.01461028
815;SJV006010SJU;188;138;0.00737414
815;SJV006010SJU;189;138;0.00372647
815;SJV006010SJU;190;138;0.00148537
815;SJV006010SJU;191;138;0.00058768
815;SJV006010SJU;192;138;0.00078455
815;SJV006010SJU;194;138;0.00000245
815;SJV006010SJU;196;138;0.00000068
815;SJV006010SJU;197;138;0.00000193
815;SJV006010SJU;198;138;0.00000116
815;SJV006010SJU;168;139;0.00007306
815;SJV006010SJU;170;139;0.00021020
815;SJV006010SJU;171;139;0.00023999
815;SJV006010SJU;172;139;0.00000388
815;SJV006010SJU;187;139;0.00115723
815;SJV006010SJU;188;139;0.00365825
815;SJV006010SJU;189;139;0.00162610
815;SJV006010SJU;192;139;0.00011285
815;SJV006010SJU;193;139;0.00041270
815;SJV006010SJU;194;139;0.00008939
815;SJV006010SJU;195;139;0.00000116
815;SJV006010SJU;197;139;0.00000084
815;SJV006010SJU;198;139;0.00000152
815;SJV006010SJU;168;140;0.00007364
815;SJV006010SJU;169;140;0.00023260
815;SJV006010SJU;170;140;0.00007025
815;SJV006010SJU;188;140;0.00179284
815;SJV006010SJU;189;140;0.00229718
815;SJV006010SJU;190;140;0.00141158
815;SJV006010SJU;193;140;0.00036930
815;SJV006010SJU;194;140;0.00000956
815;SJV006010SJU;195;140;0.00000032
815;SJV006010SJU;196;140;0.00000300
815;SJV006010SJU;197;140;0.00000103
815;SJV006010SJU;188;141;0.00124985
815;SJV006010SJU;189;141;0.00102273
815;SJV006010SJU;190;141;0.00177641
815;SJV006010SJU;191;141;0.00170589
815;SJV006010SJU;192;141;0.00036536
815;SJV006010SJU;193;141;0.00038177
815;SJV006010SJU;194;141;0.00037106
815;SJV006010SJU;195;141;0.00032956
815;SJV006010SJU;196;141;0.00003089
815;SJV006010SJU;191;142;0.00065167
815;SJV006010SJU;192;142;0.00118855
815;SJV006010SJU;193;142;0.00012581
815;SJV006010SJU;194;142;0.00003718
815;SJV006010SJU;195;142;0.00030507
815;SJV006010SJU;196;142;0.00009079
815;SJV006010SJU;202;142;0.00011629
815;SJV006010SJU;203;142;0.00009500
815;SJV006010SJU;204;142;0.00000253
815;SJV006010SJU;193;143;0.00131333
815;SJV006010SJU;194;143;0.00129809
815;SJV006010SJU;195;143;0.00115806
815;SJV006010SJU;196;143;0.00088407
815;SJV006010SJU;200;143;0.00004508
815;SJV006010SJU;201;143;0.00015313
815;SJV006010SJU;202;143;0.00000262
815;SJV006010SJU;193;144;0.00036612
815;SJV006010SJU;194;144;0.00002528
815;SJV006010SJU;196;144;0.00026283
815;SJV006010SJU;197;144;0.00118369
815;SJV006010SJU;198;144;0.00008045
815;SJV006010SJU;199;144;0.00008258
815;SJV006010SJU;200;144;0.00007566
815;SJV006010SJU;201;144;0.00001675
815;SJV006010SJU;193;145;0.00038107
815;SJV006010SJU;197;145;0.00036045
815;SJV006010SJU;193;146;0.00006452
815;SJV006010SJU;197;146;0.00016306
815;SJV006010SJU;198;146;0.00038414
815;SJV006010SJU;199;146;0.00038570
815;SJV006010SJU;200;146;0.00003925
815;SJV006010SJU;199;147;0.00022593
815;SJV006010SJU;200;147;0.00010053
815;SJV006010SJU;200;148;0.00047670
815;SJV006010SJU;200;149;0.00003501
815;GBV006002GBU;190;178;0.00260817
815;GBV006002GBU;181;181;0.00596026
815;GBV006002GBU;181;182;0.00096951
815;GBV006002GBU;182;182;0.00690965
815;GBV006002GBU;183;182;0.00680154
815;GBV006002GBU;183;183;0.00002755
815;GBV006002GBU;184;183;0.00682909
815;GBV006002GBU;185;183;0.00682909
815;GBV006002GBU;186;183;0.00141465
815;GBV006002GBU;186;184;0.01124442
815;GBV006002GBU;186;185;0.00158311
815;GBV006002GBU;187;185;0.00966131
815;GBV006002GBU;187;186;0.00567560
815;GBV006002GBU;188;186;0.00556882
815;GBV006002GBU;182;187;0.00650357
815;GBV006002GBU;187;187;0.06057963
815;GBV006002GBU;188;187;0.06013927
815;GBV006002GBU;189;187;0.05475207
815;GBV006002GBU;190;187;0.05475207
815;GBV006002GBU;191;187;0.00453235
815;GBV006002GBU;181;188;0.01302943
815;GBV006002GBU;182;188;0.00721154
815;GBV006002GBU;183;188;0.01105656
815;GBV006002GBU;186;188;0.03925785
815;GBV006002GBU;187;188;0.01967934
815;GBV006002GBU;183;189;0.01080089
815;GBV006002GBU;184;189;0.00278952
815;GBV006002GBU;186;189;0.05888376
815;GBV006002GBU;183;190;0.09119875
815;GBV006002GBU;184;190;0.15233677
815;GBV006002GBU;185;190;0.10888781
815;GBV006002GBU;186;190;0.09517018
815;GBV006002GBU;187;190;0.01406750
815;GBV006002GBU;187;191;0.05848874
815;GBV006002GBU;187;192;0.00379964
815;0SF0060210BA;129;164;0.01385171
815;0SF0060210BA;127;165;0.00011452
815;0SF0060210BA;129;165;0.07590330
815;0SF0060210BA;126;166;0.00056835
815;0SF0060210BA;127;166;0.00060356
815;0SF0060210BA;128;166;0.05931183
815;0SF0060210BA;129;166;0.03987280
815;0SF0060210BA;124;167;0.00023992
815;0SF0060210BA;125;167;0.00199206
815;0SF0060210BA;126;167;0.00025968
815;0SF0060210BA;127;167;0.00015834
815;0SF0060210BA;128;167;0.08924733
815;0SF0060210BA;129;167;0.01140402
815;0SF0060210BA;130;167;0.03681993
815;0SF0060210BA;124;168;0.00065774
815;0SF0060210BA;125;168;0.00149081
815;0SF0060210BA;126;168;0.00245273
815;0SF0060210BA;127;168;0.00042718
815;0SF0060210BA;128;168;0.10320952
815;0SF0060210BA;129;168;0.10396115
815;0SF0060210BA;130;168;0.00410199
815;0SF0060210BA;123;169;0.00010991
815;0SF0060210BA;124;169;0.00014077
815;0SF0060210BA;126;169;0.00332755
815;0SF0060210BA;127;169;0.02213548
815;0SF0060210BA;128;169;0.10007760
815;0SF0060210BA;129;169;0.00173772
815;0SF0060210BA;130;169;0.00006111
815;0SF0060210BA;123;170;0.00070892
815;0SF0060210BA;124;170;0.00109844
815;0SF0060210BA;125;170;0.00222807
815;0SF0060210BA;126;170;0.00223330
815;0SF0060210BA;127;170;0.00078443
815;0SF0060210BA;128;170;0.07318762
815;0SF0060210BA;122;171;0.00084655
815;0SF0060210BA;123;171;0.00210243
815;0SF0060210BA;124;171;0.00047036
815;0SF0060210BA;125;171;0.00106742
815;0SF0060210BA;127;171;0.00039534
815;0SF0060210BA;128;171;0.07474060
815;0SF0060210BA;121;172;0.00000608
815;0SF0060210BA;122;172;0.00004272
815;0SF0060210BA;124;172;0.00150781
815;0SF0060210BA;125;172;0.00012768
815;0SF0060210BA;126;172;0.00045703
815;0SF0060210BA;127;172;0.01986454
815;0SF0060210BA;128;172;0.05820350
815;0SF0060210BA;129;172;0.01123350
815;0SF0060210BA;121;173;0.00004097
815;0SF0060210BA;124;173;0.00066202
815;0SF0060210BA;125;173;0.00131002
815;0SF0060210BA;126;173;0.00016645
815;0SF0060210BA;127;173;0.03242937
815;0SF0060210BA;128;173;0.00320913
815;0SF0060210BA;120;174;0.00001968
815;0SF0060210BA;121;174;0.00001898
815;0SF0060210BA;123;174;0.00072409
815;0SF0060210BA;124;174;0.00094648
815;0SF0060210BA;125;174;0.00096608
815;0SF0060210BA;127;174;0.03122042
815;0SF0060210BA;128;174;0.00002638
815;0SF0060210BA;120;175;0.00003391
815;0SF0060210BA;120;176;0.00061821
815;0SF0060210BA;121;176;0.00043119
815;0SF0060210BA;122;176;0.00034478
815;0SF0060210BA;120;177;0.00030977
815;0SF0060210BA;121;177;0.00064502
815;0SF0060210BA;121;178;0.00033210
815;0SV006011GLE;136;206;0.00342686
815;0SV006011GLE;136;207;0.04619005
815;0SV006011GLE;140;207;0.00129945
815;0SV006011GLE;136;208;0.04619005
815;0SV006011GLE;140;208;0.00532426
815;0SV006011GLE;141;208;0.00342958
815;0SV006011GLE;142;208;0.00614901
815;0SV006011GLE;143;208;0.01801997
815;0SV006011GLE;136;209;0.04672151
815;0SV006011GLE;140;209;0.00351776
815;0SV006011GLE;142;209;0.00203690
815;0SV006011GLE;134;210;0.01962728
815;0SV006011GLE;135;210;0.04492145
815;0SV006011GLE;136;210;0.08470410
815;0SV006011GLE;137;210;0.00846044
815;0SV006011GLE;138;210;0.00846044
815;0SV006011GLE;139;210;0.00632177
815;0SV006011GLE;140;210;0.00622213
815;0SV006011GLE;142;210;0.00267136
815;0SV006011GLE;136;211;0.05591337
815;0SV006011GLE;140;211;0.00448373
815;0SV006011GLE;136;212;0.05711303
815;0SV006011GLE;140;212;0.00446452
815;0SV006011GLE;136;213;0.05711303
815;0SV006011GLE;140;213;0.00402228
815;0SV006011GLE;136;214;0.05711303
815;0SV006011GLE;140;214;0.00066926
815;0SV006011GLE;136;215;0.05711303
815;0SV006011GLE;140;215;0.00058027
815;0SV006011GLE;136;216;0.06761069
815;0SV006011GLE;137;216;0.04488756
815;0SV006011GLE;138;216;0.05256962
815;0SV006011GLE;139;216;0.05256962
815;0SV006011GLE;140;216;0.06173659
815;0SV006011GLE;136;217;0.05458971
815;0SV006011GLE;136;218;0.00375629
815;NEP006018LAS;181;215;0.03979131
815;NEP006018LAS;181;216;0.05749900
815;NEP006018LAS;180;217;0.04579099
815;NEP006018LAS;181;217;0.04614878
815;NEP006018LAS;181;218;0.01359409
815;NEP006018LAS;181;219;0.01359409
815;NEP006018LAS;181;220;0.01359409
815;NEP006018LAS;181;221;0.01546502
815;NEP006018LAS;180;222;0.00577122
815;NEP006018LAS;181;222;0.01128969
815;NEP006018LAS;179;223;0.00046578
815;NEP006018LAS;180;223;0.01659513
815;NEP006018LAS;179;224;0.01706091
815;NEP006018LAS;178;225;0.01830834
815;NEP006018LAS;179;225;0.00483966
815;NEP006018LAS;176;226;0.01037466
815;NEP006018LAS;177;226;0.01968866
815;NEP006018LAS;178;226;0.00201557
815;NEP006018LAS;174;227;0.01293782
815;NEP006018LAS;175;227;0.01768257
815;NEP006018LAS;176;227;0.00929868
815;NEP006018LAS;173;228;0.01216912
815;NEP006018LAS;174;228;0.00957379
815;NEP006018LAS;172;229;0.00735388
815;NEP006018LAS;173;229;0.01416053
815;NEP006018LAS;181;229;0.00013595
815;NEP006018LAS;182;229;0.00026482
815;NEP006018LAS;171;230;0.00161765
815;NEP006018LAS;172;230;0.02000546
815;NEP006018LAS;180;230;0.00073676
815;NEP006018LAS;181;230;0.00064863
815;NEP006018LAS;160;231;0.01235566
815;NEP006018LAS;161;231;0.03109006
815;NEP006018LAS;162;231;0.01164631
815;NEP006018LAS;170;231;0.00087360
815;NEP006018LAS;171;231;0.01904574
815;NEP006018LAS;172;231;0.00042111
815;NEP006018LAS;173;231;0.00035461
815;NEP006018LAS;178;231;0.00049088
815;NEP006018LAS;179;231;0.00076864
815;NEP006018LAS;180;231;0.00004783
815;NEP006018LAS;161;232;0.00679981
815;NEP006018LAS;162;232;0.01296051
815;NEP006018LAS;163;232;0.02460682
815;NEP006018LAS;164;232;0.01074561
815;NEP006018LAS;170;232;0.01516731
815;NEP006018LAS;173;232;0.00091232
815;NEP006018LAS;176;232;0.00032654
815;NEP006018LAS;177;232;0.00069721
815;NEP006018LAS;178;232;0.00020633
815;NEP006018LAS;161;233;0.00026589
815;NEP006018LAS;164;233;0.01397079
815;NEP006018LAS;165;233;0.02475799
815;NEP006018LAS;166;233;0.00859010
815;NEP006018LAS;169;233;0.01209501
815;NEP006018LAS;170;233;0.00899489
815;NEP006018LAS;171;233;0.00062668
815;NEP006018LAS;172;233;0.00062668
815;NEP006018LAS;173;233;0.00029373
815;NEP006018LAS;174;233;0.00104121
815;NEP006018LAS;175;233;0.00146264
815;NEP006018LAS;176;233;0.00037067
815;NEP006018LAS;161;234;0.00026589
815;NEP006018LAS;165;234;0.00130351
815;NEP006018LAS;166;234;0.01708172
815;NEP006018LAS;167;234;0.02396074
815;NEP006018LAS;168;234;0.08574448
815;NEP006018LAS;169;234;0.01920510
815;NEP006018LAS;175;234;0.00008682
815;NEP006018LAS;176;234;0.00066605
815;NEP006018LAS;160;235;0.00025850
815;NEP006018LAS;161;235;0.00000739
815;NEP006018LAS;162;235;0.00036557
815;NEP006018LAS;163;235;0.00175320
815;NEP006018LAS;164;235;0.00145659
815;NEP006018LAS;165;235;0.00030396
815;NEP006018LAS;169;235;0.00244418
815;NEP006018LAS;170;235;0.00234744
815;NEP006018LAS;176;235;0.00075287
815;NEP006018LAS;160;236;0.00026589
815;NEP006018LAS;161;236;0.00039068
815;NEP006018LAS;162;236;0.00202764
815;NEP006018LAS;170;236;0.00484252
815;NEP006018LAS;171;236;0.00057887
815;NEP006018LAS;176;236;0.00075287
815;NEP006018LAS;160;237;0.00044546
815;NEP006018LAS;161;237;0.00230453
815;NEP006018LAS;169;237;0.00362674
815;NEP006018LAS;170;237;0.00232285
815;NEP006018LAS;176;237;0.00075287
815;NEP006018LAS;159;238;0.00022884
815;NEP006018LAS;160;238;0.00252115
815;NEP006018LAS;169;238;0.00501112
815;NEP006018LAS;176;238;0.00075287
815;NEP006018LAS;158;239;0.00047442
815;NEP006018LAS;159;239;0.00272661
815;NEP006018LAS;160;239;0.00003155
815;NEP006018LAS;168;239;0.00365809
815;NEP006018LAS;169;239;0.00090864
815;NEP006018LAS;176;239;0.00041217
815;NEP006018LAS;177;239;0.00034071
815;NEP006018LAS;155;240;0.00621493
815;NEP006018LAS;156;240;0.00208525
815;NEP006018LAS;157;240;0.00225115
815;NEP006018LAS;158;240;0.00205157
815;NEP006018LAS;168;240;0.00456673
815;NEP006018LAS;176;240;0.00038643
815;NEP006018LAS;177;240;0.00046941
815;NEP006018LAS;168;241;0.00456673
815;NEP006018LAS;175;241;0.00004000
815;NEP006018LAS;176;241;0.00087622
815;NEP006018LAS;168;242;0.00481370
815;NEP006018LAS;175;242;0.00091622
815;NEP006018LAS;167;243;0.00411643
815;NEP006018LAS;168;243;0.00082093
815;NEP006018LAS;174;243;0.00060980
815;NEP006018LAS;175;243;0.00030642
815;NEP006018LAS;167;244;0.00484743
815;NEP006018LAS;173;244;0.00026337
815;NEP006018LAS;174;244;0.00065285
815;NEP006018LAS;167;245;0.00461969
815;NEP006018LAS;173;245;0.00091622
815;NEP006018LAS;167;246;0.00461969
815;NEP006018LAS;170;246;0.00002865
815;NEP006018LAS;171;246;0.00003027
815;NEP006018LAS;172;246;0.00123415
815;NEP006018LAS;173;246;0.00008306
815;NEP006018LAS;166;247;0.00345247
815;NEP006018LAS;167;247;0.00061132
815;NEP006018LAS;168;247;0.00003027
815;NEP006018LAS;169;247;0.00003027
815;NEP006018LAS;170;247;0.00000162
815;NEP006018LAS;172;247;0.00154807
815;NEP006018LAS;166;248;0.00272354
815;NEP006018LAS;172;248;0.00154807
815;NEP006018LAS;165;249;0.00243310
815;NEP006018LAS;166;249;0.00029044
815;NEP006018LAS;172;249;0.00154807
815;NEP006018LAS;164;250;0.00093596
815;NEP006018LAS;165;250;0.00178758
815;NEP006018LAS;172;250;0.00154476
815;NEP006018LAS;157;251;0.00248901
815;NEP006018LAS;164;251;0.00259993
815;NEP006018LAS;172;251;0.00154201
815;NEP006018LAS;155;252;0.00407353
815;NEP006018LAS;156;252;0.00461061
815;NEP006018LAS;157;252;0.00376529
815;NEP006018LAS;158;252;0.00299862
815;NEP006018LAS;163;252;0.00100445
815;NEP006018LAS;164;252;0.00147330
815;NEP006018LAS;172;252;0.00154201
815;NEP006018LAS;158;253;0.00417147
815;NEP006018LAS;159;253;0.00437526
815;NEP006018LAS;160;253;0.00075513
815;NEP006018LAS;163;253;0.00247774
815;NEP006018LAS;171;253;0.00049417
815;NEP006018LAS;172;253;0.00104783
815;NEP006018LAS;159;254;0.00249762
815;NEP006018LAS;160;254;0.00221817
815;NEP006018LAS;161;254;0.00336158
815;NEP006018LAS;162;254;0.00134542
815;NEP006018LAS;163;254;0.00246210
815;NEP006018LAS;171;254;0.00154199
815;NEP006018LAS;181;254;0.00080805
815;NEP006018LAS;182;254;0.00008358
815;NEP006018LAS;159;255;0.00025643
815;NEP006018LAS;162;255;0.00054874
815;NEP006018LAS;171;255;0.00006219
815;NEP006018LAS;181;255;0.00005405
815;0NC006008NCU;100;264;0.01924192
815;0NC006008NCU;100;265;0.02897429
815;0NC006008NCU;101;265;0.01401441
815;0NC006008NCU;100;266;0.03883419
815;0NC006008NCU;99;267;0.03481153
815;0NC006008NCU;100;267;0.00128253
815;0NC006008NCU;99;268;0.03320687
815;0NC006008NCU;99;269;0.03223290
815;0NC006008NCU;99;270;0.03489698
815;0NC006008NCU;97;271;0.00119725
815;0NC006008NCU;98;271;0.04122377
815;0NC006008NCU;99;271;0.00500273
815;0NC006008NCU;97;272;0.09386777
815;0NC006008NCU;98;272;0.07815271
815;0NC006008NCU;100;272;0.00102199
815;0NC006008NCU;98;273;0.10806645
815;0NC006008NCU;99;273;0.01415620
815;0NC006008NCU;100;273;0.01997644
815;0NC006008NCU;101;273;0.00705727
815;0NC006008NCU;98;274;0.00106417
815;0NC006008NCU;99;274;0.04436140
815;0NC006008NCU;101;274;0.01276605
815;0NC006008NCU;102;274;0.01417737
815;0NC006008NCU;103;274;0.01729535
815;0NC006008NCU;104;274;0.01752960
815;0NC006008NCU;105;274;0.00254714
815;0NC006008NCU;99;275;0.06093271
815;0NC006008NCU;105;275;0.01498246
815;0NC006008NCU;106;275;0.01655965
815;0NC006008NCU;98;276;0.01648846
815;0NC006008NCU;99;276;0.05038659
815;0NC006008NCU;106;276;0.01120773
815;0NC006008NCU;107;276;0.00618326
815;0NC006008NCU;97;277;0.03558863
815;0NC006008NCU;98;277;0.03135932
815;0NC006008NCU;107;277;0.01739099
815;0NC006008NCU;110;277;0.00010818
815;0NC006008NCU;111;277;0.00028229
815;0NC006008NCU;97;278;0.01806828
815;0NC006008NCU;107;278;0.00335680
815;0NC006008NCU;110;278;0.00014537
815;0SF0060280BA;131;173;0.00454440
815;0SF0060280BA;134;173;0.02736778
815;0SF0060280BA;135;173;0.04387857
815;0SF0060280BA;134;174;0.04185518
815;0SF0060280BA;135;174;0.00598210
815;0SF0060280BA;134;175;0.09570363
815;0SF0060280BA;135;175;0.03695746
815;0SF0060280BA;132;176;0.02753307
815;0SF0060280BA;133;176;0.09526070
815;0SF0060280BA;134;176;0.07761222
815;0SF0060280BA;132;177;0.00101721
815;0SF0060280BA;133;177;0.11233120
815;0SF0060280BA;134;177;0.04808040
815;0SF0060280BA;137;177;0.00000053
815;0SF0060280BA;132;178;0.00397527
815;0SF0060280BA;133;178;0.07710876
815;0SF0060280BA;134;178;0.02236570
815;0SF0060280BA;135;178;0.00004937
815;0SF0060280BA;136;178;0.00014481
815;0SF0060280BA;137;178;0.00028110
815;0SF0060280BA;131;179;0.00411591
815;0SF0060280BA;132;179;0.02165619
815;0SF0060280BA;133;179;0.01611963
815;0SF0060280BA;135;179;0.00094129
815;0SF0060280BA;136;179;0.00039011
815;0SF0060280BA;130;180;0.00712741
815;0SF0060280BA;131;180;0.01108495
815;0SF0060280BA;132;180;0.02385302
815;0SF0060280BA;135;180;0.00079411
815;0SF0060280BA;131;181;0.02621618
815;0SF0060280BA;132;181;0.00071735
815;0SF0060280BA;135;181;0.00042488
815;0SF0060280BA;136;181;0.00070645
815;0SF0060280BA;137;181;0.00004888
815;0SF0060280BA;130;182;0.01414307
815;0SF0060280BA;131;182;0.00881397
815;0SF0060280BA;132;182;0.00001159
815;0SF0060280BA;133;182;0.00001159
815;0SF0060280BA;134;182;0.00014389
815;0SF0060280BA;135;182;0.00090853
815;0SF0060280BA;137;182;0.00019183
815;0SF0060280BA;129;183;0.00684743
815;0SF0060280BA;130;183;0.02590456
815;0SF0060280BA;131;183;0.00000329
815;0SF0060280BA;133;183;0.00001136
815;0SF0060280BA;134;183;0.00000853
815;0SF0060280BA;135;183;0.00116156
815;0SF0060280BA;137;183;0.00029591
815;0SF0060280BA;138;183;0.00012797
815;0SF0060280BA;128;184;0.00847796
815;0SF0060280BA;129;184;0.01261451
815;0SF0060280BA;130;184;0.01110315
815;0SF0060280BA;132;184;0.00000947
815;0SF0060280BA;133;184;0.00000441
815;0SF0060280BA;135;184;0.00082380
815;0SF0060280BA;126;185;0.00063619
815;0SF0060280BA;127;185;0.02537744
815;0SF0060280BA;128;185;0.00766311
815;0SF0060280BA;129;185;0.00002123
815;0SF0060280BA;130;185;0.00127266
815;0SF0060280BA;131;185;0.00057737
815;0SF0060280BA;132;185;0.00000630
815;0SF0060280BA;134;185;0.00081603
815;0SF0060280BA;135;185;0.00006457
815;0SF0060280BA;126;186;0.00008266
815;0SF0060280BA;127;186;0.01460150
815;0SF0060280BA;131;186;0.00193998
815;0SF0060280BA;132;186;0.00161582
815;0SF0060280BA;133;186;0.00215329
815;0SF0060280BA;134;186;0.00065129
815;0SF0060280BA;127;187;0.01418967
815;0SF0060280BA;132;187;0.00046673
815;SCC006040SLO;194;84;0.00002291
815;SCC006040SLO;192;85;0.00049435
815;SCC006040SLO;193;85;0.00073755
815;SCC006040SLO;194;85;0.00058068
815;SCC006040SLO;170;86;0.00008659
815;SCC006040SLO;174;86;0.00009342
815;SCC006040SLO;194;86;0.00073979
815;SCC006040SLO;170;87;0.00285863
815;SCC006040SLO;171;87;0.00072725
815;SCC006040SLO;172;87;0.00375740
815;SCC006040SLO;173;87;0.02101544
815;SCC006040SLO;174;87;0.00094123
815;SCC006040SLO;175;87;0.00048735
815;SCC006040SLO;193;87;0.00000071
815;SCC006040SLO;194;87;0.00004346
815;SCC006040SLO;169;88;0.00009321
815;SCC006040SLO;170;88;0.00377159
815;SCC006040SLO;171;88;0.00369882
815;SCC006040SLO;172;88;0.03243649
815;SCC006040SLO;173;88;0.00007154
815;SCC006040SLO;175;88;0.00076611
815;SCC006040SLO;176;88;0.00106634
815;SCC006040SLO;177;88;0.00080566
815;SCC006040SLO;178;88;0.00010583
815;SCC006040SLO;179;88;0.00002862
815;SCC006040SLO;185;88;0.00011162
815;SCC006040SLO;192;88;0.00001288
815;SCC006040SLO;193;88;0.00004598
815;SCC006040SLO;169;89;0.00100152
815;SCC006040SLO;170;89;0.00478500
815;SCC006040SLO;171;89;0.02443273
815;SCC006040SLO;172;89;0.00165805
815;SCC006040SLO;175;89;0.00000019
815;SCC006040SLO;176;89;0.00010674
815;SCC006040SLO;177;89;0.00004481
815;SCC006040SLO;178;89;0.00000066
815;SCC006040SLO;179;89;0.00004096
815;SCC006040SLO;182;89;0.00013932
815;SCC006040SLO;183;89;0.00027921
815;SCC006040SLO;184;89;0.00024812
815;SCC006040SLO;185;89;0.00009103
815;SCC006040SLO;190;89;0.00003211
815;SCC006040SLO;191;89;0.00003820
815;SCC006040SLO;192;89;0.00002840
815;SCC006040SLO;169;90;0.02174513
815;SCC006040SLO;170;90;0.03059312
815;SCC006040SLO;171;90;0.00498406
815;SCC006040SLO;172;90;0.00003452
815;SCC006040SLO;173;90;0.00001339
815;SCC006040SLO;174;90;0.00000283
815;SCC006040SLO;175;90;0.00000085
815;SCC006040SLO;176;90;0.00000069
815;SCC006040SLO;180;90;0.00006616
815;SCC006040SLO;181;90;0.00020973
815;SCC006040SLO;182;90;0.00012028
815;SCC006040SLO;183;90;0.00002387
815;SCC006040SLO;188;90;0.00001314
815;SCC006040SLO;189;90;0.00004865
815;SCC006040SLO;190;90;0.00000878
815;SCC006040SLO;167;91;0.00185947
815;SCC006040SLO;168;91;0.03608133
815;SCC006040SLO;169;91;0.03619644
815;SCC006040SLO;170;91;0.00356215
815;SCC006040SLO;171;91;0.00075446
815;SCC006040SLO;172;91;0.00021814
815;SCC006040SLO;173;91;0.00007446
815;SCC006040SLO;174;91;0.00000606
815;SCC006040SLO;175;91;0.00000821
815;SCC006040SLO;183;91;0.00002550
815;SCC006040SLO;187;91;0.00003556
815;SCC006040SLO;188;91;0.00004251
815;SCC006040SLO;164;92;0.00085423
815;SCC006040SLO;165;92;0.00198139
815;SCC006040SLO;166;92;0.00331087
815;SCC006040SLO;167;92;0.03604222
815;SCC006040SLO;168;92;0.00011055
815;SCC006040SLO;169;92;0.00259849
815;SCC006040SLO;170;92;0.00178274
815;SCC006040SLO;171;92;0.00062007
815;SCC006040SLO;172;92;0.00028040
815;SCC006040SLO;173;92;0.00013877
815;SCC006040SLO;175;92;0.00000166
815;SCC006040SLO;176;92;0.00000799
815;SCC006040SLO;177;92;0.00000906
815;SCC006040SLO;178;92;0.00000359
815;SCC006040SLO;183;92;0.00000961
815;SCC006040SLO;184;92;0.00001053
815;SCC006040SLO;186;92;0.00004276
815;SCC006040SLO;187;92;0.00000891
815;SCC006040SLO;188;92;0.00000347
815;SCC006040SLO;163;93;0.00020688
815;SCC006040SLO;164;93;0.00094188
815;SCC006040SLO;166;93;0.00012833
815;SCC006040SLO;167;93;0.03079244
815;SCC006040SLO;168;93;0.00029018
815;SCC006040SLO;169;93;0.00564814
815;SCC006040SLO;170;93;0.00046482
815;SCC006040SLO;173;93;0.00006131
815;SCC006040SLO;174;93;0.00019514
815;SCC006040SLO;177;93;0.00000026
815;SCC006040SLO;178;93;0.00000073
815;SCC006040SLO;184;93;0.00001825
815;SCC006040SLO;185;93;0.00004183
815;SCC006040SLO;186;93;0.00002155
815;SCC006040SLO;163;94;0.00039465
815;SCC006040SLO;165;94;0.00000208
815;SCC006040SLO;166;94;0.00015324
815;SCC006040SLO;167;94;0.01926275
815;SCC006040SLO;168;94;0.04622314
815;SCC006040SLO;169;94;0.00228762
815;SCC006040SLO;170;94;0.00002092
815;SCC006040SLO;174;94;0.00007173
815;SCC006040SLO;176;94;0.00000042
815;SCC006040SLO;177;94;0.00000078
815;SCC006040SLO;184;94;0.00005551
815;SCC006040SLO;185;94;0.00002028
815;SCC006040SLO;163;95;0.00038087
815;SCC006040SLO;164;95;0.00080521
815;SCC006040SLO;165;95;0.00406163
815;SCC006040SLO;166;95;0.00426728
815;SCC006040SLO;167;95;0.00489485
815;SCC006040SLO;168;95;0.06878361
815;SCC006040SLO;169;95;0.01103764
815;SCC006040SLO;171;95;0.00000010
815;SCC006040SLO;172;95;0.00001900
815;SCC006040SLO;173;95;0.00001717
815;SCC006040SLO;174;95;0.00003293
815;SCC006040SLO;175;95;0.00000232
815;SCC006040SLO;176;95;0.00000070
815;SCC006040SLO;183;95;0.00003263
815;SCC006040SLO;184;95;0.00004252
815;SCC006040SLO;185;95;0.00000087
815;SCC006040SLO;164;96;0.00678295
815;SCC006040SLO;165;96;0.00001772
815;SCC006040SLO;166;96;0.00870539
815;SCC006040SLO;167;96;0.01080166
815;SCC006040SLO;168;96;0.00001222
815;SCC006040SLO;169;96;0.02453986
815;SCC006040SLO;171;96;0.00001799
815;SCC006040SLO;175;96;0.00001017
815;SCC006040SLO;176;96;0.00000106
815;SCC006040SLO;177;96;0.00000327
815;SCC006040SLO;178;96;0.00002828
815;SCC006040SLO;182;96;0.00000390
815;SCC006040SLO;183;96;0.00037382
815;SCC006040SLO;184;96;0.00015489
815;SCC006040SLO;185;96;0.00004651
815;SCC006040SLO;186;96;0.00004420
815;SCC006040SLO;164;97;0.01277756
815;SCC006040SLO;165;97;0.00755275
815;SCC006040SLO;166;97;0.00060580
815;SCC006040SLO;168;97;0.01744894
815;SCC006040SLO;169;97;0.00883703
815;SCC006040SLO;170;97;0.00023330
815;SCC006040SLO;171;97;0.00026060
815;SCC006040SLO;172;97;0.00028204
815;SCC006040SLO;173;97;0.00009759
815;SCC006040SLO;175;97;0.00001306
815;SCC006040SLO;176;97;0.00003822
815;SCC006040SLO;177;97;0.00004304
815;SCC006040SLO;180;97;0.00020810
815;SCC006040SLO;181;97;0.00029148
815;SCC006040SLO;182;97;0.00039926
815;SCC006040SLO;183;97;0.00005427
815;SCC006040SLO;184;97;0.00003839
815;SCC006040SLO;185;97;0.00000033
815;SCC006040SLO;186;97;0.00001161
815;SCC006040SLO;187;97;0.00000143
815;SCC006040SLO;163;98;0.00380017
815;SCC006040SLO;164;98;0.00289112
815;SCC006040SLO;165;98;0.00010560
815;SCC006040SLO;169;98;0.02478945
815;SCC006040SLO;170;98;0.00130733
815;SCC006040SLO;172;98;0.00001461
815;SCC006040SLO;173;98;0.00001520
815;SCC006040SLO;176;98;0.00031576
815;SCC006040SLO;177;98;0.00028455
815;SCC006040SLO;178;98;0.00030568
815;SCC006040SLO;179;98;0.00033426
815;SCC006040SLO;180;98;0.00011918
815;SCC006040SLO;181;98;0.00005013
815;SCC006040SLO;183;98;0.00000073
815;SCC006040SLO;161;99;0.00007686
815;SCC006040SLO;162;99;0.00172897
815;SCC006040SLO;163;99;0.00421765
815;SCC006040SLO;164;99;0.00011620
815;SCC006040SLO;165;99;0.00012170
815;SCC006040SLO;166;99;0.00021301
815;SCC006040SLO;167;99;0.00039081
815;SCC006040SLO;168;99;0.01552136
815;SCC006040SLO;169;99;0.00890181
815;SCC006040SLO;170;99;0.00034451
815;SCC006040SLO;171;99;0.00104053
815;SCC006040SLO;172;99;0.00083524
815;SCC006040SLO;174;99;0.00011372
815;SCC006040SLO;175;99;0.00009496
815;SCC006040SLO;176;99;0.00053721
815;SCC006040SLO;177;99;0.00010447
815;SCC006040SLO;178;99;0.00013128
815;SCC006040SLO;181;99;0.00005051
815;SCC006040SLO;182;99;0.00002649
815;SCC006040SLO;183;99;0.00000024
815;SCC006040SLO;160;100;0.00047729
815;SCC006040SLO;161;100;0.00198114
815;SCC006040SLO;162;100;0.00006093
815;SCC006040SLO;163;100;0.00006284
815;SCC006040SLO;164;100;0.00009846
815;SCC006040SLO;165;100;0.00001774
815;SCC006040SLO;166;100;0.00029473
815;SCC006040SLO;167;100;0.00226842
815;SCC006040SLO;168;100;0.03927070
815;SCC006040SLO;169;100;0.00041411
815;SCC006040SLO;170;100;0.00009498
815;SCC006040SLO;171;100;0.00010535
815;SCC006040SLO;172;100;0.00015221
815;SCC006040SLO;173;100;0.00048364
815;SCC006040SLO;174;100;0.00042884
815;SCC006040SLO;175;100;0.00043588
815;SCC006040SLO;178;100;0.00003067
815;SCC006040SLO;181;100;0.00008722
815;SCC006040SLO;182;100;0.00004054
815;SCC006040SLO;159;101;0.00028971
815;SCC006040SLO;160;101;0.00201083
815;SCC006040SLO;162;101;0.00000505
815;SCC006040SLO;164;101;0.00012423
815;SCC006040SLO;165;101;0.00000818
815;SCC006040SLO;166;101;0.00016310
815;SCC006040SLO;167;101;0.02438897
815;SCC006040SLO;168;101;0.00742320
815;SCC006040SLO;169;101;0.00119173
815;SCC006040SLO;170;101;0.00065193
815;SCC006040SLO;171;101;0.00042209
815;SCC006040SLO;172;101;0.00050342
815;SCC006040SLO;173;101;0.00001639
815;SCC006040SLO;175;101;0.00005667
815;SCC006040SLO;178;101;0.00002381
815;SCC006040SLO;181;101;0.00003773
815;SCC006040SLO;158;102;0.00140027
815;SCC006040SLO;159;102;0.00460653
815;SCC006040SLO;160;102;0.00076670
815;SCC006040SLO;161;102;0.00077213
815;SCC006040SLO;162;102;0.00074025
815;SCC006040SLO;163;102;0.00075138
815;SCC006040SLO;164;102;0.00092924
815;SCC006040SLO;165;102;0.00146887
815;SCC006040SLO;166;102;0.00220271
815;SCC006040SLO;167;102;0.02526649
815;SCC006040SLO;168;102;0.00036340
815;SCC006040SLO;169;102;0.00154667
815;SCC006040SLO;170;102;0.00043143
815;SCC006040SLO;171;102;0.00116484
815;SCC006040SLO;172;102;0.00013780
815;SCC006040SLO;175;102;0.00005456
815;SCC006040SLO;177;102;0.00000561
815;SCC006040SLO;178;102;0.00000288
815;SCC006040SLO;180;102;0.00002444
815;SCC006040SLO;181;102;0.00001462
815;SCC006040SLO;158;103;0.00402837
815;SCC006040SLO;159;103;0.00041392
815;SCC006040SLO;160;103;0.00021266
815;SCC006040SLO;161;103;0.00004175
815;SCC006040SLO;162;103;0.00010361
815;SCC006040SLO;164;103;0.00034977
815;SCC006040SLO;165;103;0.00052160
815;SCC006040SLO;166;103;0.00041677
815;SCC006040SLO;167;103;0.02224958
815;SCC006040SLO;168;103;0.00134907
815;SCC006040SLO;169;103;0.00112954
815;SCC006040SLO;170;103;0.00187924
815;SCC006040SLO;171;103;0.00008270
815;SCC006040SLO;172;103;0.00010861
815;SCC006040SLO;173;103;0.00005737
815;SCC006040SLO;175;103;0.00006174
815;SCC006040SLO;176;103;0.00000696
815;SCC006040SLO;177;103;0.00000148
815;SCC006040SLO;179;103;0.00001649
815;SCC006040SLO;180;103;0.00002424
815;SCC006040SLO;157;104;0.00185405
815;SCC006040SLO;158;104;0.00019212
815;SCC006040SLO;159;104;0.00001406
815;SCC006040SLO;162;104;0.00003651
815;SCC006040SLO;163;104;0.00004435
815;SCC006040SLO;164;104;0.00059827
815;SCC006040SLO;165;104;0.00000007
815;SCC006040SLO;166;104;0.00003901
815;SCC006040SLO;167;104;0.02526285
815;SCC006040SLO;168;104;0.01355276
815;SCC006040SLO;169;104;0.00041492
815;SCC006040SLO;170;104;0.00102800
815;SCC006040SLO;171;104;0.00015584
815;SCC006040SLO;173;104;0.00000327
815;SCC006040SLO;174;104;0.00012423
815;SCC006040SLO;175;104;0.00004105
815;SCC006040SLO;178;104;0.00000980
815;SCC006040SLO;179;104;0.00001449
815;SCC006040SLO;154;105;0.00041011
815;SCC006040SLO;155;105;0.00140768
815;SCC006040SLO;156;105;0.00142785
815;SCC006040SLO;157;105;0.00036552
815;SCC006040SLO;159;105;0.00000669
815;SCC006040SLO;160;105;0.00001250
815;SCC006040SLO;161;105;0.00001469
815;SCC006040SLO;162;105;0.00041761
815;SCC006040SLO;163;105;0.00063171
815;SCC006040SLO;164;105;0.00023732
815;SCC006040SLO;165;105;0.00006428
815;SCC006040SLO;166;105;0.00081900
815;SCC006040SLO;167;105;0.01504441
815;SCC006040SLO;168;105;0.01130428
815;SCC006040SLO;169;105;0.00822236
815;SCC006040SLO;170;105;0.00573390
815;SCC006040SLO;171;105;0.00529949
815;SCC006040SLO;172;105;0.00479523
815;SCC006040SLO;173;105;0.00469960
815;SCC006040SLO;174;105;0.00480439
815;SCC006040SLO;175;105;0.00229905
815;SCC006040SLO;177;105;0.00001413
815;SCC006040SLO;178;105;0.00002901
815;SCC006040SLO;154;106;0.00146872
815;SCC006040SLO;156;106;0.00006497
815;SCC006040SLO;157;106;0.00000837
815;SCC006040SLO;161;106;0.00040032
815;SCC006040SLO;162;106;0.00034647
815;SCC006040SLO;164;106;0.00109209
815;SCC006040SLO;165;106;0.00267853
815;SCC006040SLO;166;106;0.00226855
815;SCC006040SLO;167;106;0.00701709
815;SCC006040SLO;168;106;0.00025526
815;SCC006040SLO;169;106;0.00054921
815;SCC006040SLO;170;106;0.00005577
815;SCC006040SLO;171;106;0.00001742
815;SCC006040SLO;172;106;0.00023800
815;SCC006040SLO;175;106;0.00455027
815;SCC006040SLO;176;106;0.00135098
815;SCC006040SLO;177;106;0.00003107
815;SCC006040SLO;153;107;0.00012790
815;SCC006040SLO;154;107;0.00107066
815;SCC006040SLO;160;107;0.00006979
815;SCC006040SLO;161;107;0.00016034
815;SCC006040SLO;163;107;0.00208456
815;SCC006040SLO;164;107;0.00152443
815;SCC006040SLO;166;107;0.00000019
815;SCC006040SLO;167;107;0.00709477
815;SCC006040SLO;168;107;0.00010184
815;SCC006040SLO;169;107;0.00015599
815;SCC006040SLO;170;107;0.00028371
815;SCC006040SLO;172;107;0.00001579
815;SCC006040SLO;176;107;0.00509309
815;SCC006040SLO;177;107;0.00235894
815;SCC006040SLO;178;107;0.00193655
815;SCC006040SLO;153;108;0.00108281
815;SCC006040SLO;154;108;0.00031711
815;SCC006040SLO;160;108;0.00002855
815;SCC006040SLO;161;108;0.00011132
815;SCC006040SLO;162;108;0.00024412
815;SCC006040SLO;163;108;0.00130034
815;SCC006040SLO;166;108;0.00032399
815;SCC006040SLO;167;108;0.00888775
815;SCC006040SLO;168;108;0.00000611
815;SCC006040SLO;169;108;0.00009477
815;SCC006040SLO;176;108;0.00000089
815;SCC006040SLO;177;108;0.00295421
815;SCC006040SLO;178;108;0.00209948
815;SCC006040SLO;153;109;0.00062325
815;SCC006040SLO;161;109;0.00012197
815;SCC006040SLO;162;109;0.00029349
815;SCC006040SLO;163;109;0.00014792
815;SCC006040SLO;166;109;0.00121527
815;0SF0060410BA;132;145;0.00033215
815;0SF0060410BA;133;145;0.00033851
815;0SF0060410BA;131;146;0.00036070
815;0SF0060410BA;132;146;0.00092133
815;0SF0060410BA;130;147;0.00001795
815;0SF0060410BA;131;147;0.00119280
815;0SF0060410BA;130;148;0.00091272
815;0SF0060410BA;136;148;0.00000040
815;0SF0060410BA;130;149;0.00056112
815;0SF0060410BA;131;149;0.00092753
815;0SF0060410BA;132;149;0.00056843
815;0SF0060410BA;130;150;0.00006167
815;0SF0060410BA;132;150;0.00038436
815;0SF0060410BA;133;150;0.00160614
815;0SF0060410BA;134;150;0.00090872
815;0SF0060410BA;135;150;0.00104056
815;0SF0060410BA;136;150;0.00008219
815;0SF0060410BA;130;151;0.00000563
815;0SF0060410BA;131;151;0.00006491
815;0SF0060410BA;132;151;0.00000048
815;0SF0060410BA;133;151;0.00194706
815;0SF0060410BA;134;151;0.00000046
815;0SF0060410BA;135;151;0.00012427
815;0SF0060410BA;130;152;0.00004200
815;0SF0060410BA;131;152;0.00002310
815;0SF0060410BA;133;152;0.00129173
815;0SF0060410BA;134;152;0.00069213
815;0SF0060410BA;135;152;0.00003826
815;0SF0060410BA;130;153;0.00006853
815;0SF0060410BA;132;153;0.00000102
815;0SF0060410BA;133;153;0.00025441
815;0SF0060410BA;134;153;0.01206695
815;0SF0060410BA;135;153;0.02225663
815;0SF0060410BA;130;154;0.00154953
815;0SF0060410BA;132;154;0.00001888
815;0SF0060410BA;133;154;0.01421176
815;0SF0060410BA;134;154;0.03115492
815;0SF0060410BA;135;154;0.01717131
815;0SF0060410BA;136;154;0.02568113
815;0SF0060410BA;137;154;0.00005157
815;0SF0060410BA;129;155;0.00054900
815;0SF0060410BA;130;155;0.00648448
815;0SF0060410BA;131;155;0.00683343
815;0SF0060410BA;132;155;0.00911416
815;0SF0060410BA;133;155;0.02025037
815;0SF0060410BA;134;155;0.04167148
815;0SF0060410BA;135;155;0.04825636
815;0SF0060410BA;136;155;0.03985481
815;0SF0060410BA;137;155;0.00313956
815;0SF0060410BA;128;156;0.00169096
815;0SF0060410BA;129;156;0.00252817
815;0SF0060410BA;131;156;0.00215280
815;0SF0060410BA;132;156;0.03815040
815;0SF0060410BA;133;156;0.03434923
815;0SF0060410BA;134;156;0.04055879
815;0SF0060410BA;135;156;0.00110403
815;0SF0060410BA;137;156;0.00157629
815;0SF0060410BA;128;157;0.00316333
815;0SF0060410BA;131;157;0.01960824
815;0SF0060410BA;132;157;0.02266578
815;0SF0060410BA;133;157;0.08500882
815;0SF0060410BA;134;157;0.00920505
815;0SF0060410BA;128;158;0.00278165
815;0SF0060410BA;129;158;0.00513388
815;0SF0060410BA;130;158;0.01190673
815;0SF0060410BA;131;158;0.04522708
815;0SF0060410BA;132;158;0.04385125
815;0SF0060410BA;133;158;0.00030983
815;0SF0060410BA;134;158;0.02223982
815;0SF0060410BA;135;158;0.01397367
815;0SF0060410BA;129;159;0.01433553
815;0SF0060410BA;130;159;0.04601624
815;0SF0060410BA;131;159;0.04052739
815;0SF0060410BA;129;160;0.04256634
815;0SF0060410BA;130;160;0.02413685
815;0SF0060410BA;131;160;0.03967764
815;0SF0060410BA;129;161;0.04119397
815;0SF0060410BA;130;161;0.00266897
815;0SF0060410BA;131;161;0.02660368
815;0MC006029NSI;159;196;0.01747743
815;0MC006029NSI;159;197;0.04549174
815;0MC006029NSI;160;197;0.00367125
815;0MC006029NSI;161;197;0.00171325
815;0MC006029NSI;159;198;0.02459174
815;0MC006029NSI;161;198;0.00120223
815;0MC006029NSI;159;199;0.02537538
815;0MC006029NSI;160;199;0.00229283
815;0MC006029NSI;161;199;0.00518965
815;0MC006029NSI;162;199;0.00392709
815;0MC006029NSI;157;200;0.00114505
815;0MC006029NSI;158;200;0.00273600
815;0MC006029NSI;160;200;0.04459791
815;0MC006029NSI;161;200;0.00019714
815;0MC006029NSI;162;200;0.01079943
815;0MC006029NSI;155;201;0.00776617
815;0MC006029NSI;156;201;0.01474764
815;0MC006029NSI;157;201;0.02088305
815;0MC006029NSI;158;201;0.01819729
815;0MC006029NSI;159;201;0.01819894
815;0MC006029NSI;160;201;0.04967907
815;0MC006029NSI;161;201;0.01622080
815;0MC006029NSI;162;201;0.00310052
815;0MC006029NSI;158;202;0.01181335
815;0MC006029NSI;159;202;0.01566974
815;0MC006029NSI;160;202;0.07031315
815;0MC006029NSI;161;202;0.01157032
815;0MC006029NSI;159;203;0.00755925
815;0MC006029NSI;160;203;0.00924899
815;0MC006029NSI;161;203;0.03173008
815;0MC006029NSI;162;203;0.00351327
815;0MC006029NSI;159;204;0.00668501
815;0MC006029NSI;162;204;0.00080131
815;0MC006029NSI;163;204;0.00499434
815;0MC006029NSI;164;204;0.00417522
815;0MC006029NSI;165;204;0.00415298
815;0MC006029NSI;166;204;0.00486437
815;0MC006029NSI;167;204;0.00554579
815;0MC006029NSI;168;204;0.00199366
815;0MC006029NSI;169;204;0.01672319
815;0MC006029NSI;170;204;0.01823136
815;0MC006029NSI;173;204;0.01890328
815;0MC006029NSI;174;204;0.02201396
815;0MC006029NSI;177;204;0.02176698
815;0MC006029NSI;178;204;0.02805448
815;0MC006029NSI;179;204;0.00211540
815;0MC006029NSI;158;205;0.00049982
815;0MC006029NSI;159;205;0.00301245
815;0MC006029NSI;170;205;0.01116445
815;0MC006029NSI;174;205;0.02078313
815;0MC006029NSI;175;205;0.03726065
815;0MC006029NSI;176;205;0.03643482
815;0MC006029NSI;177;205;0.01476872
815;0MC006029NSI;178;205;0.04362735
815;0MC006029NSI;179;205;0.02610024
815;0MC006029NSI;180;205;0.00009748
815;0MC006029NSI;159;206;0.00390821
815;0MC006029NSI;178;206;0.01123804
815;0MC006029NSI;179;206;0.00505712
815;0MC006029NSI;180;206;0.03062739
815;0MC006029NSI;181;206;0.04342134
815;0MC006029NSI;178;207;0.01062350
815;0MC006029NSI;181;207;0.02983013
815;0MC006029NSI;177;208;0.00097230
815;0MC006029NSI;178;208;0.00114601
815;0MC006029NSI;181;208;0.00039924
815;0MC006029NSI;182;208;0.00738652
815;SJV006039SJU;153;158;0.00950681
815;SJV006039SJU;154;158;0.00128599
815;SJV006039SJU;149;159;0.00023530
815;SJV006039SJU;150;159;0.00059183
815;SJV006039SJU;151;159;0.00100590
815;SJV006039SJU;152;159;0.01125273
815;SJV006039SJU;153;159;0.00619107
815;SJV006039SJU;154;159;0.00363104
815;SJV006039SJU;155;159;0.00171003
815;SJV006039SJU;150;160;0.00391723
815;SJV006039SJU;151;160;0.01191700
815;SJV006039SJU;152;160;0.00204347
815;SJV006039SJU;153;160;0.00392133
815;SJV006039SJU;154;160;0.00123423
815;SJV006039SJU;155;160;0.00119203
815;SJV006039SJU;156;160;0.00012462
815;SJV006039SJU;149;161;0.00701187
815;SJV006039SJU;150;161;0.00892464
815;SJV006039SJU;151;161;0.00550538
815;SJV006039SJU;152;161;0.00286617
815;SJV006039SJU;153;161;0.00346768
815;SJV006039SJU;154;161;0.00071991
815;SJV006039SJU;155;161;0.00011671
815;SJV006039SJU;156;161;0.00045590
815;SJV006039SJU;157;161;0.00000367
815;SJV006039SJU;158;161;0.00233836
815;SJV006039SJU;149;162;0.01722146
815;SJV006039SJU;150;162;0.02614779
815;SJV006039SJU;151;162;0.01992332
815;SJV006039SJU;152;162;0.01839189
815;SJV006039SJU;153;162;0.02061425
815;SJV006039SJU;154;162;0.00811521
815;SJV006039SJU;155;162;0.00030760
815;SJV006039SJU;156;162;0.00091045
815;SJV006039SJU;157;162;0.01243359
815;SJV006039SJU;158;162;0.02396696
815;SJV006039SJU;159;162;0.00122707
815;SJV006039SJU;160;162;0.00100459
815;SJV006039SJU;161;162;0.00143696
815;SJV006039SJU;162;162;0.00182189
815;SJV006039SJU;149;163;0.00206685
815;SJV006039SJU;150;163;0.00074583
815;SJV006039SJU;151;163;0.00157081
815;SJV006039SJU;152;163;0.00021001
815;SJV006039SJU;153;163;0.00064456
815;SJV006039SJU;154;163;0.02377236
815;SJV006039SJU;155;163;0.01142046
815;SJV006039SJU;156;163;0.01119274
815;SJV006039SJU;157;163;0.02341156
815;SJV006039SJU;158;163;0.00374391
815;SJV006039SJU;159;163;0.00321046
815;SJV006039SJU;160;163;0.00293519
815;SJV006039SJU;161;163;0.00525853
815;SJV006039SJU;162;163;0.00127970
815;SJV006039SJU;151;164;0.00121250
815;SJV006039SJU;153;164;0.00038397
815;SJV006039SJU;154;164;0.00307782
815;SJV006039SJU;155;164;0.01838084
815;SJV006039SJU;156;164;0.02049937
815;SJV006039SJU;157;164;0.00182360
815;SJV006039SJU;158;164;0.00240674
815;SJV006039SJU;159;164;0.00005524
815;SJV006039SJU;160;164;0.00082879
815;SJV006039SJU;161;164;0.00254033
815;SJV006039SJU;162;164;0.00063149
815;SJV006039SJU;151;165;0.00116632
815;SJV006039SJU;152;165;0.00016617
815;SJV006039SJU;153;165;0.00015776
815;SJV006039SJU;154;165;0.00016399
815;SJV006039SJU;155;165;0.02010828
815;SJV006039SJU;156;165;0.01706045
815;SJV006039SJU;157;165;0.00102312
815;SJV006039SJU;158;165;0.00089339
815;SJV006039SJU;159;165;0.00135591
815;SJV006039SJU;160;165;0.00165004
815;SJV006039SJU;161;165;0.00125624
815;SJV006039SJU;162;165;0.00095259
815;SJV006039SJU;149;166;0.00195256
815;SJV006039SJU;150;166;0.00204418
815;SJV006039SJU;151;166;0.00279555
815;SJV006039SJU;152;166;0.00005447
815;SJV006039SJU;153;166;0.00001734
815;SJV006039SJU;154;166;0.00072953
815;SJV006039SJU;155;166;0.02585776
815;SJV006039SJU;156;166;0.01729341
815;SJV006039SJU;157;166;0.00233213
815;SJV006039SJU;158;166;0.00272772
815;SJV006039SJU;159;166;0.00076615
815;SJV006039SJU;160;166;0.00020625
815;SJV006039SJU;161;166;0.00105306
815;SJV006039SJU;162;166;0.00095033
815;SJV006039SJU;150;167;0.00001648
815;SJV006039SJU;151;167;0.00032594
815;SJV006039SJU;152;167;0.00208505
815;SJV006039SJU;153;167;0.00206711
815;SJV006039SJU;154;167;0.02137661
815;SJV006039SJU;155;167;0.02703443
815;SJV006039SJU;156;167;0.02189265
815;SJV006039SJU;157;167;0.00234689
815;SJV006039SJU;158;167;0.00230406
815;SJV006039SJU;159;167;0.00168737
815;SJV006039SJU;160;167;0.00229036
815;SJV006039SJU;161;167;0.00269745
815;SJV006039SJU;162;167;0.00242952
815;SJV006039SJU;153;168;0.00443409
815;SJV006039SJU;154;168;0.03188184
815;SJV006039SJU;155;168;0.02343841
815;SJV006039SJU;156;168;0.01464848
815;SJV006039SJU;157;168;0.00194890
815;SJV006039SJU;158;168;0.00148801
815;SJV006039SJU;159;168;0.00074737
815;SJV006039SJU;160;168;0.00121983
815;SJV006039SJU;161;168;0.00065929
815;SJV006039SJU;162;168;0.00044013
815;SJV006039SJU;153;169;0.01568676
815;SJV006039SJU;154;169;0.01517165
815;SJV006039SJU;155;169;0.02596680
815;SJV006039SJU;156;169;0.00298020
815;SJV006039SJU;157;169;0.00126904
815;SJV006039SJU;158;169;0.00219404
815;SJV006039SJU;159;169;0.00103895
815;SJV006039SJU;160;169;0.00071240
815;SJV006039SJU;161;169;0.00008968
815;SJV006039SJU;162;169;0.00002933
815;SJV006039SJU;150;170;0.00000032
815;SJV006039SJU;151;170;0.00000450
815;SJV006039SJU;152;170;0.00011675
815;SJV006039SJU;153;170;0.01475834
815;SJV006039SJU;154;170;0.00785058
815;SJV006039SJU;155;170;0.01819849
815;SJV006039SJU;156;170;0.00162833
815;SJV006039SJU;157;170;0.00192093
815;SJV006039SJU;158;170;0.00135101
815;SJV006039SJU;159;170;0.00092856
815;SJV006039SJU;160;170;0.00070462
815;SJV006039SJU;161;170;0.00038357
815;SJV006039SJU;162;170;0.00003173
815;SJV006039SJU;153;171;0.01243465
815;SJV006039SJU;154;171;0.00358923
815;SJV006039SJU;155;171;0.01444642
815;SJV006039SJU;156;171;0.00068746
815;SJV006039SJU;157;171;0.00170979
815;SJV006039SJU;158;171;0.00095550
815;SJV006039SJU;159;171;0.00065334
815;SJV006039SJU;161;171;0.00025357
815;SJV006039SJU;162;171;0.00847330
815;SJV006039SJU;149;172;0.00008279
815;SJV006039SJU;150;172;0.00109469
815;SJV006039SJU;151;172;0.00293513
815;SJV006039SJU;152;172;0.01197605
815;SJV006039SJU;153;172;0.00337989
815;SJV006039SJU;154;172;0.00520905
815;SJV006039SJU;155;172;0.02112878
815;SJV006039SJU;156;172;0.00255214
815;SJV006039SJU;157;172;0.00338611
815;SJV006039SJU;158;172;0.00092414
815;SJV006039SJU;159;172;0.00063237
815;SJV006039SJU;152;173;0.00891019
815;SJV006039SJU;153;173;0.00037503
815;SJV006039SJU;154;173;0.00179773
815;SJV006039SJU;155;173;0.01127238
815;SJV006039SJU;156;173;0.00138861
815;SJV006039SJU;157;173;0.00108239
815;SJV006039SJU;158;173;0.00383142
815;SJV006039SJU;159;173;0.00061498
815;SJV006039SJU;160;173;0.00003014
815;SJV006039SJU;152;174;0.01031599
815;SJV006039SJU;153;174;0.00069113
815;SJV006039SJU;154;174;0.00063370
815;SJV006039SJU;155;174;0.01031456
815;SJV006039SJU;156;174;0.00122735
815;SJV006039SJU;157;174;0.00160775
815;SJV006039SJU;158;174;0.00043257
815;SJV006039SJU;159;174;0.00425176
815;SJV006039SJU;160;174;0.00724404
815;SJV006039SJU;161;174;0.00683661
815;SJV006039SJU;150;175;0.00203986
815;SJV006039SJU;151;175;0.00250814
815;SJV006039SJU;152;175;0.01151602
815;SJV006039SJU;155;175;0.00952068
815;SJV006039SJU;156;175;0.00036490
815;SJV006039SJU;157;175;0.00046974
815;SJV006039SJU;158;175;0.00026805
815;SJV006039SJU;159;175;0.00055639
815;SJV006039SJU;160;175;0.00253079
815;SJV006039SJU;161;175;0.00030220
815;SJV006039SJU;151;176;0.00068881
815;SJV006039SJU;152;176;0.00043740
815;SJV006039SJU;157;176;0.00004517
815;SJV006039SJU;160;176;0.01730167
815;SJV006039SJU;161;176;0.00687828
815;0SC0060360SC;233;59;0.00052235
815;0SC0060360SC;234;59;0.00001263
815;0SC0060360SC;235;59;0.00007232
815;0SC0060360SC;236;59;0.00482062
815;0SC0060360SC;237;59;0.00101927
815;0SC0060360SC;233;60;0.00040770
815;0SC0060360SC;234;60;0.00509089
815;0SC0060360SC;235;60;0.01180251
815;0SC0060360SC;236;60;0.00694493
815;0SC0060360SC;237;60;0.00467733
815;0SC0060360SC;238;60;0.00000343
815;0SC0060360SC;233;61;0.00198289
815;0SC0060360SC;234;61;0.01216574
815;0SC0060360SC;235;61;0.01246101
815;0SC0060360SC;236;61;0.00886275
815;0SC0060360SC;237;61;0.00580716
815;0SC0060360SC;238;61;0.00495116
815;0SC0060360SC;247;61;0.00013661
815;0SC0060360SC;248;61;0.00008673
815;0SC0060360SC;234;62;0.00334334
815;0SC0060360SC;235;62;0.02534005
815;0SC0060360SC;236;62;0.02613669
815;0SC0060360SC;237;62;0.02517968
815;0SC0060360SC;238;62;0.02847530
815;0SC0060360SC;239;62;0.00398022
815;0SC0060360SC;240;62;0.00290309
815;0SC0060360SC;241;62;0.00195864
815;0SC0060360SC;242;62;0.00292864
815;0SC0060360SC;243;62;0.01196813
815;0SC0060360SC;244;62;0.01053167
815;0SC0060360SC;245;62;0.00098949
815;0SC0060360SC;246;62;0.00141157
815;0SC0060360SC;247;62;0.00503055
815;0SC0060360SC;248;62;0.01191581
815;0SC0060360SC;249;62;0.01310979
815;0SC0060360SC;250;62;0.00297811
815;0SC0060360SC;251;62;0.00090777
815;0SC0060360SC;252;62;0.00010990
815;0SC0060360SC;235;63;0.02240442
815;0SC0060360SC;236;63;0.02844182
815;0SC0060360SC;237;63;0.03016343
815;0SC0060360SC;238;63;0.04098468
815;0SC0060360SC;239;63;0.01801976
815;0SC0060360SC;240;63;0.01919201
815;0SC0060360SC;241;63;0.02045832
815;0SC0060360SC;242;63;0.02074668
815;0SC0060360SC;243;63;0.01761558
815;0SC0060360SC;244;63;0.03250152
815;0SC0060360SC;245;63;0.02191492
815;0SC0060360SC;246;63;0.02094017
815;0SC0060360SC;247;63;0.01756581
815;0SC0060360SC;248;63;0.00246552
815;0SC0060360SC;249;63;0.00111304
815;0SC0060360SC;250;63;0.00207308
815;0SC0060360SC;251;63;0.00013669
815;0SC0060360SC;235;64;0.00946191
815;0SC0060360SC;236;64;0.01122214
815;0SC0060360SC;237;64;0.00970224
815;0SC0060360SC;238;64;0.01468693
815;0SC0060360SC;239;64;0.02366200
815;0SC0060360SC;240;64;0.00949844
815;0SC0060360SC;241;64;0.01042330
815;0SC0060360SC;242;64;0.00903598
815;0SC0060360SC;243;64;0.00816904
815;0SC0060360SC;244;64;0.01904709
815;0SC0060360SC;245;64;0.00612846
815;0SC0060360SC;246;64;0.00873766
815;0SC0060360SC;247;64;0.00346807
815;0SC0060360SC;248;64;0.00079809
815;0SC0060360SC;249;64;0.00056927
815;0SC0060360SC;250;64;0.00082200
815;0SC0060360SC;251;64;0.00057606
815;0SC0060360SC;252;64;0.00037705
815;0SC0060360SC;235;65;0.00203909
815;0SC0060360SC;236;65;0.01257509
815;0SC0060360SC;237;65;0.01383372
815;0SC0060360SC;238;65;0.01340191
815;0SC0060360SC;239;65;0.01446889
815;0SC0060360SC;240;65;0.02233685
815;0SC0060360SC;241;65;0.01296850
815;0SC0060360SC;242;65;0.01280118
815;0SC0060360SC;243;65;0.01653945
815;0SC0060360SC;244;65;0.02339043
815;0SC0060360SC;245;65;0.01255256
815;0SC0060360SC;246;65;0.00982679
815;0SC0060360SC;247;65;0.00090105
815;0SC0060360SC;251;65;0.00035634
815;0SC0060360SC;235;66;0.00000045
815;0SC0060360SC;240;66;0.00440975
815;0SC0060360SC;241;66;0.01089938
815;0SC0060360SC;242;66;0.00146294
815;0SC0060360SC;243;66;0.00924034
815;0SC0060360SC;244;66;0.00494751
815;0SC0060360SC;245;66;0.00086263
815;0SC0060360SC;246;66;0.00012550
815;0SC0060360SC;247;66;0.00312619
815;0SC0060360SC;251;66;0.00015745
815;0SC0060360SC;252;66;0.00033879
815;0SC0060360SC;253;66;0.00043335
815;0SC0060360SC;254;66;0.00024736
815;0SC0060360SC;255;66;0.00024721
815;0SC0060360SC;256;66;0.00021905
815;0SC0060360SC;257;66;0.00005289
815;0SC0060360SC;239;67;0.00003375
815;0SC0060360SC;240;67;0.00075422
815;0SC0060360SC;241;67;0.01244371
815;0SC0060360SC;242;67;0.00648928
815;0SC0060360SC;243;67;0.00023071
815;0SC0060360SC;244;67;0.00428568
815;0SC0060360SC;245;67;0.00097560
815;0SC0060360SC;247;67;0.00187699
815;0SC0060360SC;248;67;0.00139110
815;0SC0060360SC;249;67;0.00067539
815;0SC0060360SC;250;67;0.00004465
815;0SC0060360SC;256;67;0.00004972
815;0SC0060360SC;257;67;0.00027039
815;0SC0060360SC;239;68;0.00015739
815;0SC0060360SC;240;68;0.00711873
815;0SC0060360SC;241;68;0.01018553
815;0SC0060360SC;242;68;0.00000356
815;0SC0060360SC;244;68;0.00196139
815;0SC0060360SC;245;68;0.00111849
815;0SC0060360SC;246;68;0.00150836
815;0SC0060360SC;247;68;0.00066357
815;0SC0060360SC;248;68;0.00011330
815;0SC0060360SC;249;68;0.00023125
815;0SC0060360SC;250;68;0.00116607
815;0SC0060360SC;251;68;0.00079115
815;0SC0060360SC;252;68;0.00074444
815;0SC0060360SC;253;68;0.00103066
815;0SC0060360SC;254;68;0.00005553
815;0SC0060360SC;255;68;0.00077090
815;0SC0060360SC;256;68;0.00027155
815;0SC0060360SC;240;69;0.00903266
815;0SC0060360SC;243;69;0.00063072
815;0SC0060360SC;244;69;0.00024448
815;0SC0060360SC;246;69;0.00096192
815;0SC0060360SC;247;69;0.00015307
815;0SC0060360SC;248;69;0.00000672
815;0SC0060360SC;252;69;0.00007733
815;0SC0060360SC;253;69;0.00035887
815;0SC0060360SC;254;69;0.00107444
815;0SC0060360SC;255;69;0.00079293
815;0SC0060360SC;256;69;0.00015278
815;0SC0060360SC;255;70;0.00018871
815;0SV0060510FR;148;189;0.00000936
815;0SV0060510FR;149;189;0.00009337
815;0SV0060510FR;150;189;0.05442936
815;0SV0060510FR;151;189;0.00640220
815;0SV0060510FR;146;190;0.00000247
815;0SV0060510FR;148;190;0.00008038
815;0SV0060510FR;149;190;0.00006348
815;0SV0060510FR;150;190;0.04562432
815;0SV0060510FR;151;190;0.00301747
815;0SV0060510FR;146;191;0.01072253
815;0SV0060510FR;148;191;0.00001134
815;0SV0060510FR;149;191;0.00007492
815;0SV0060510FR;150;191;0.04425350
815;0SV0060510FR;151;191;0.00362208
815;0SV0060510FR;146;192;0.01031247
815;0SV0060510FR;149;192;0.01485453
815;0SV0060510FR;150;192;0.03382336
815;0SV0060510FR;151;192;0.00257969
815;0SV0060510FR;146;193;0.01059904
815;0SV0060510FR;148;193;0.00586988
815;0SV0060510FR;149;193;0.02124569
815;0SV0060510FR;150;193;0.02485589
815;0SV0060510FR;151;193;0.00236421
815;0SV0060510FR;145;194;0.00122600
815;0SV0060510FR;146;194;0.00215104
815;0SV0060510FR;147;194;0.00701079
815;0SV0060510FR;148;194;0.02014207
815;0SV0060510FR;149;194;0.00182160
815;0SV0060510FR;150;194;0.02335138
815;0SV0060510FR;151;194;0.00069474
815;0SV0060510FR;145;195;0.00082300
815;0SV0060510FR;147;195;0.00851423
815;0SV0060510FR;148;195;0.02100793
815;0SV0060510FR;150;195;0.01739043
815;0SV0060510FR;151;195;0.00420970
815;0SV0060510FR;152;195;0.00208934
815;0SV0060510FR;145;196;0.00071797
815;0SV0060510FR;147;196;0.00841048
815;0SV0060510FR;148;196;0.02442193
815;0SV0060510FR;151;196;0.00152385
815;0SV0060510FR;144;197;0.00065091
815;0SV0060510FR;145;197;0.00012214
815;0SV0060510FR;147;197;0.00498750
815;0SV0060510FR;148;197;0.02498003
815;0SV0060510FR;144;198;0.00068924
815;0SV0060510FR;147;198;0.00887127
815;0SV0060510FR;148;198;0.03622628
815;0SV0060510FR;143;199;0.00104640
815;0SV0060510FR;144;199;0.00067737
815;0SV0060510FR;145;199;0.00011371
815;0SV0060510FR;146;199;0.00161534
815;0SV0060510FR;147;199;0.01898932
815;0SV0060510FR;148;199;0.09984044
815;0SV0060510FR;142;200;0.00684943
815;0SV0060510FR;143;200;0.01071387
815;0SV0060510FR;144;200;0.01074830
815;0SV0060510FR;145;200;0.01266154
815;0SV0060510FR;146;200;0.01979852
815;0SV0060510FR;147;200;0.03547188
815;0SV0060510FR;148;200;0.13154180
815;0SV0060510FR;146;201;0.00040026
815;0SV0060510FR;147;201;0.00603692
815;0SV0060510FR;148;201;0.03316106
815;0SV0060510FR;147;202;0.01743328
815;0SV0060510FR;148;202;0.02304117
815;0SV0060510FR;145;203;0.00047886
815;0SV0060510FR;146;203;0.00084219
815;0SV0060510FR;147;203;0.03665526
815;0SV0060510FR;148;203;0.00001917
815;0SV0060510FR;147;204;0.01491850
815;0SC0060330SC;246;46;0.00003170
815;0SC0060330SC;247;46;0.00000980
815;0SC0060330SC;248;46;0.00481486
815;0SC0060330SC;249;46;0.00051073
815;0SC0060330SC;250;46;0.00015484
815;0SC0060330SC;254;46;0.00025290
815;0SC0060330SC;255;46;0.00029269
815;0SC0060330SC;245;47;0.00007487
815;0SC0060330SC;246;47;0.00024347
815;0SC0060330SC;247;47;0.00052064
815;0SC0060330SC;248;47;0.00824915
815;0SC0060330SC;249;47;0.00491418
815;0SC0060330SC;250;47;0.00168148
815;0SC0060330SC;251;47;0.00057323
815;0SC0060330SC;252;47;0.00053531
815;0SC0060330SC;253;47;0.00062902
815;0SC0060330SC;254;47;0.00033580
815;0SC0060330SC;255;47;0.00064869
815;0SC0060330SC;243;48;0.00003493
815;0SC0060330SC;244;48;0.00008599
815;0SC0060330SC;245;48;0.00007909
815;0SC0060330SC;246;48;0.00011848
815;0SC0060330SC;247;48;0.00154869
815;0SC0060330SC;248;48;0.01717836
815;0SC0060330SC;249;48;0.00414396
815;0SC0060330SC;250;48;0.00127904
815;0SC0060330SC;251;48;0.00038789
815;0SC0060330SC;254;48;0.00002187
815;0SC0060330SC;255;48;0.00035737
815;0SC0060330SC;256;48;0.00079161
815;0SC0060330SC;260;48;0.00030404
815;0SC0060330SC;245;49;0.00047644
815;0SC0060330SC;246;49;0.00107475
815;0SC0060330SC;247;49;0.01654604
815;0SC0060330SC;248;49;0.00799821
815;0SC0060330SC;249;49;0.00322304
815;0SC0060330SC;250;49;0.00073045
815;0SC0060330SC;251;49;0.00044215
815;0SC0060330SC;252;49;0.00015919
815;0SC0060330SC;253;49;0.00000995
815;0SC0060330SC;254;49;0.00012144
815;0SC0060330SC;256;49;0.00018266
815;0SC0060330SC;257;49;0.00063943
815;0SC0060330SC;258;49;0.00026015
815;0SC0060330SC;259;49;0.00007522
815;0SC0060330SC;260;49;0.00037236
815;0SC0060330SC;241;50;0.00092943
815;0SC0060330SC;242;50;0.00027383
815;0SC0060330SC;243;50;0.00002378
815;0SC0060330SC;245;50;0.00136815
815;0SC0060330SC;246;50;0.01125229
815;0SC0060330SC;247;50;0.00998177
815;0SC0060330SC;248;50;0.00351668
815;0SC0060330SC;249;50;0.00234854
815;0SC0060330SC;250;50;0.00027382
815;0SC0060330SC;251;50;0.00009012
815;0SC0060330SC;252;50;0.00037163
815;0SC0060330SC;253;50;0.00010282
815;0SC0060330SC;257;50;0.00008103
815;0SC0060330SC;258;50;0.00038363
815;0SC0060330SC;259;50;0.00070495
815;0SC0060330SC;260;50;0.00066879
815;0SC0060330SC;261;50;0.00074091
815;0SC0060330SC;262;50;0.00064274
815;0SC0060330SC;242;51;0.00159525
815;0SC0060330SC;243;51;0.00213588
815;0SC0060330SC;244;51;0.00150463
815;0SC0060330SC;245;51;0.01007908
815;0SC0060330SC;246;51;0.00306616
815;0SC0060330SC;247;51;0.00726990
815;0SC0060330SC;248;51;0.00151905
815;0SC0060330SC;249;51;0.00343322
815;0SC0060330SC;252;51;0.00040912
815;0SC0060330SC;253;51;0.00006407
815;0SC0060330SC;256;51;0.00003546
815;0SC0060330SC;257;51;0.00048727
815;0SC0060330SC;258;51;0.00013069
815;0SC0060330SC;260;51;0.00022539
815;0SC0060330SC;261;51;0.00000474
815;0SC0060330SC;242;52;0.00245705
815;0SC0060330SC;243;52;0.00324889
815;0SC0060330SC;244;52;0.00865871
815;0SC0060330SC;245;52;0.00827241
815;0SC0060330SC;246;52;0.00246439
815;0SC0060330SC;247;52;0.00752337
815;0SC0060330SC;248;52;0.00289661
815;0SC0060330SC;249;52;0.00237622
815;0SC0060330SC;252;52;0.00034943
815;0SC0060330SC;253;52;0.00004662
815;0SC0060330SC;255;52;0.00014782
815;0SC0060330SC;256;52;0.00029144
815;0SC0060330SC;258;52;0.00002290
815;0SC0060330SC;259;52;0.00016075
815;0SC0060330SC;260;52;0.00006952
815;0SC0060330SC;242;53;0.00080322
815;0SC0060330SC;243;53;0.00823524
815;0SC0060330SC;244;53;0.00606931
815;0SC0060330SC;245;53;0.00168386
815;0SC0060330SC;246;53;0.00245395
815;0SC0060330SC;247;53;0.01064621
815;0SC0060330SC;248;53;0.00300816
815;0SC0060330SC;249;53;0.00312524
815;0SC0060330SC;250;53;0.00199571
815;0SC0060330SC;251;53;0.00051249
815;0SC0060330SC;252;53;0.00125817
815;0SC0060330SC;253;53;0.00046205
815;0SC0060330SC;254;53;0.00002291
815;0SC0060330SC;255;53;0.00029554
815;0SC0060330SC;257;53;0.00006287
815;0SC0060330SC;258;53;0.00017120
815;0SC0060330SC;259;53;0.00011690
815;0SC0060330SC;240;54;0.00005114
815;0SC0060330SC;241;54;0.00817269
815;0SC0060330SC;242;54;0.00717215
815;0SC0060330SC;243;54;0.00298565
815;0SC0060330SC;244;54;0.00020639
815;0SC0060330SC;245;54;0.00216543
815;0SC0060330SC;246;54;0.00136269
815;0SC0060330SC;247;54;0.00863162
815;0SC0060330SC;248;54;0.00315939
815;0SC0060330SC;249;54;0.00257875
815;0SC0060330SC;250;54;0.00270789
815;0SC0060330SC;251;54;0.00475262
815;0SC0060330SC;252;54;0.00226476
815;0SC0060330SC;253;54;0.00066805
815;0SC0060330SC;254;54;0.00064224
815;0SC0060330SC;255;54;0.00011962
815;0SC0060330SC;256;54;0.00025872
815;0SC0060330SC;257;54;0.00037219
815;0SC0060330SC;258;54;0.00031115
815;0SC0060330SC;240;55;0.01100457
815;0SC0060330SC;241;55;0.00029968
815;0SC0060330SC;242;55;0.00034825
815;0SC0060330SC;243;55;0.00069204
815;0SC0060330SC;244;55;0.00068592
815;0SC0060330SC;245;55;0.00274504
815;0SC0060330SC;246;55;0.00869407
815;0SC0060330SC;247;55;0.00738565
815;0SC0060330SC;248;55;0.00058207
815;0SC0060330SC;249;55;0.00023811
815;0SC0060330SC;250;55;0.00076960
815;0SC0060330SC;251;55;0.00440914
815;0SC0060330SC;252;55;0.00473306
815;0SC0060330SC;253;55;0.00277974
815;0SC0060330SC;254;55;0.00072453
815;0SC0060330SC;255;55;0.00007402
815;0SC0060330SC;257;55;0.00044892
815;0SC0060330SC;258;55;0.00006079
815;0SC0060330SC;238;56;0.00060173
815;0SC0060330SC;239;56;0.00766449
815;0SC0060330SC;240;56;0.00627762
815;0SC0060330SC;241;56;0.00148812
815;0SC0060330SC;242;56;0.00118256
815;0SC0060330SC;243;56;0.00033672
815;0SC0060330SC;244;56;0.00040595
815;0SC0060330SC;245;56;0.00101679
815;0SC0060330SC;246;56;0.01193259
815;0SC0060330SC;247;56;0.00131281
815;0SC0060330SC;248;56;0.00092333
815;0SC0060330SC;249;56;0.00050372
815;0SC0060330SC;250;56;0.00033089
815;0SC0060330SC;251;56;0.00265404
815;0SC0060330SC;252;56;0.00420654
815;0SC0060330SC;253;56;0.00065825
815;0SC0060330SC;256;56;0.00028279
815;0SC0060330SC;257;56;0.00063423
815;0SC0060330SC;236;57;0.00679417
815;0SC0060330SC;237;57;0.00299799
815;0SC0060330SC;238;57;0.00644853
815;0SC0060330SC;239;57;0.01295886
815;0SC0060330SC;241;57;0.00110341
815;0SC0060330SC;242;57;0.00085240
815;0SC0060330SC;243;57;0.00167290
815;0SC0060330SC;244;57;0.00201042
815;0SC0060330SC;245;57;0.01006367
815;0SC0060330SC;246;57;0.00767729
815;0SC0060330SC;247;57;0.00185301
815;0SC0060330SC;248;57;0.00023184
815;0SC0060330SC;249;57;0.00014741
815;0SC0060330SC;250;57;0.00005455
815;0SC0060330SC;251;57;0.00409284
815;0SC0060330SC;252;57;0.00074474
815;0SC0060330SC;255;57;0.00017728
815;0SC0060330SC;256;57;0.00032773
815;0SC0060330SC;236;58;0.01351561
815;0SC0060330SC;237;58;0.01973325
815;0SC0060330SC;238;58;0.02961726
815;0SC0060330SC;239;58;0.02156480
815;0SC0060330SC;240;58;0.01739217
815;0SC0060330SC;241;58;0.00464735
815;0SC0060330SC;242;58;0.00348149
815;0SC0060330SC;243;58;0.00374645
815;0SC0060330SC;244;58;0.00496467
815;0SC0060330SC;245;58;0.01003901
815;0SC0060330SC;246;58;0.00644983
815;0SC0060330SC;247;58;0.00213226
815;0SC0060330SC;248;58;0.00023953
815;0SC0060330SC;249;58;0.00050878
815;0SC0060330SC;250;58;0.00129930
815;0SC0060330SC;251;58;0.00427532
815;0SC0060330SC;254;58;0.00009232
815;0SC0060330SC;255;58;0.00043676
815;0SC0060330SC;236;59;0.00138810
815;0SC0060330SC;237;59;0.00125887
815;0SC0060330SC;238;59;0.01474010
815;0SC0060330SC;239;59;0.00201311
815;0SC0060330SC;240;59;0.00501304
815;0SC0060330SC;241;59;0.01814049
815;0SC0060330SC;242;59;0.00942510
815;0SC0060330SC;243;59;0.00420423
815;0SC0060330SC;244;59;0.00954648
815;0SC0060330SC;245;59;0.01223035
815;0SC0060330SC;246;59;0.00616281
815;0SC0060330SC;247;59;0.00644888
815;0SC0060330SC;248;59;0.00173767
815;0SC0060330SC;249;59;0.00174596
815;0SC0060330SC;250;59;0.00056670
815;0SC0060330SC;251;59;0.00263324
815;0SC0060330SC;252;59;0.00139830
815;0SC0060330SC;253;59;0.00032816
815;0SC0060330SC;254;59;0.00110776
815;0SC0060330SC;255;59;0.00047056
815;0SC0060330SC;256;59;0.00469274
815;0SC0060330SC;237;60;0.00147118
815;0SC0060330SC;238;60;0.01545253
815;0SC0060330SC;239;60;0.00412289
815;0SC0060330SC;240;60;0.00626078
815;0SC0060330SC;241;60;0.00587868
815;0SC0060330SC;242;60;0.01884896
815;0SC0060330SC;243;60;0.01245379
815;0SC0060330SC;244;60;0.01925389
815;0SC0060330SC;245;60;0.00997379
815;0SC0060330SC;246;60;0.00736877
815;0SC0060330SC;247;60;0.00725327
815;0SC0060330SC;248;60;0.00450713
815;0SC0060330SC;249;60;0.00430214
815;0SC0060330SC;250;60;0.00684059
815;0SC0060330SC;251;60;0.01336137
815;0SC0060330SC;252;60;0.01059899
815;0SC0060330SC;253;60;0.00906175
815;0SC0060330SC;254;60;0.00911055
815;0SC0060330SC;255;60;0.00906647
815;0SC0060330SC;256;60;0.00238909
815;0SC0060330SC;257;60;0.00565528
815;0SC0060330SC;238;61;0.01136519
815;0SC0060330SC;239;61;0.00816822
815;0SC0060330SC;240;61;0.00626052
815;0SC0060330SC;241;61;0.01382450
815;0SC0060330SC;242;61;0.01564863
815;0SC0060330SC;243;61;0.02955077
815;0SC0060330SC;244;61;0.00170864
815;0SC0060330SC;245;61;0.00206101
815;0SC0060330SC;246;61;0.00178214
815;0SC0060330SC;247;61;0.00164956
815;0SC0060330SC;248;61;0.00034999
815;0SC0060330SC;249;61;0.00105171
815;0SC0060330SC;250;61;0.00905473
815;0SC0060330SC;251;61;0.00114316
815;0SC0060330SC;252;61;0.00053099
815;0SC0060330SC;253;61;0.00031853
815;0SC0060330SC;255;61;0.00147062
815;0SC0060330SC;238;62;0.00820726
815;0SC0060330SC;239;62;0.00953471
815;0SC0060330SC;240;62;0.00836821
815;0SC0060330SC;241;62;0.00176271
815;0SC0060330SC;242;62;0.00198145
815;0SC0060330SC;243;62;0.00358301
815;0SC0060330SC;244;62;0.00050151
815;0SC0060330SC;245;62;0.00039964
815;0SC0060330SC;249;62;0.00023823
815;0SC0060330SC;250;62;0.00019100
815;0SC0060330SC;252;62;0.00005193
815;0NC006053NCU;112;234;0.00177305
815;0NC006053NCU;113;234;0.00359058
815;0NC006053NCU;114;234;0.00343881
815;0NC006053NCU;115;234;0.00343881
815;0NC006053NCU;116;234;0.00098868
815;0NC006053NCU;117;234;0.00123507
815;0NC006053NCU;118;234;0.00127745
815;0NC006053NCU;119;234;0.00130509
815;0NC006053NCU;120;234;0.00041101
815;0NC006053NCU;110;235;0.00037822
815;0NC006053NCU;111;235;0.00389722
815;0NC006053NCU;112;235;0.00181951
815;0NC006053NCU;116;235;0.00299450
815;0NC006053NCU;117;235;0.00100607
815;0NC006053NCU;109;236;0.00094628
815;0NC006053NCU;110;236;0.00359076
815;0NC006053NCU;117;236;0.00214070
815;0NC006053NCU;109;237;0.00052263
815;0NC006053NCU;117;237;0.00127255
815;0NC006053NCU;117;238;0.00121760
815;0NC006053NCU;118;238;0.00033489
815;0NC006053NCU;118;239;0.01097918
815;0NC006053NCU;119;239;0.02712245
815;0NC006053NCU;120;239;0.02458762
815;0NC006053NCU;120;240;0.01223761
815;0NC006053NCU;121;240;0.02462368
815;0NC006053NCU;126;240;0.10672699
815;0NC006053NCU;121;241;0.01303999
815;0NC006053NCU;122;241;0.04356500
815;0NC006053NCU;123;241;0.02089182
815;0NC006053NCU;124;241;0.03845916
815;0NC006053NCU;125;241;0.09102919
815;0NC006053NCU;126;241;0.00034584
815;0NC006053NCU;122;242;0.03193190
815;0NC006053NCU;123;242;0.00204812
815;0NC006053NCU;124;242;0.04258509
815;0NC006053NCU;117;243;0.02897501
815;0NC006053NCU;118;243;0.04261905
815;0NC006053NCU;119;243;0.04261905
815;0NC006053NCU;120;243;0.04261905
815;0NC006053NCU;121;243;0.04261905
815;0NC006053NCU;122;243;0.03716328
815;0NC006053NCU;113;244;0.00177085
815;0NC006053NCU;114;244;0.01427280
815;0NC006053NCU;115;244;0.01427280
815;0NC006053NCU;116;244;0.02363933
815;0NC006053NCU;117;244;0.01364404
815;0NC006053NCU;122;244;0.00304116
815;0NC006053NCU;123;244;0.00020563
815;0NC006053NCU;111;245;0.01100539
815;0NC006053NCU;112;245;0.01427280
815;0NC006053NCU;113;245;0.01250196
815;0NC006053NCU;123;245;0.00353402
815;0NC006053NCU;111;246;0.02264267
815;0NC006053NCU;123;246;0.00119423
815;0NC006053NCU;124;246;0.00262751
815;0NC006053NCU;109;247;0.00749993
815;0NC006053NCU;110;247;0.02376345
815;0NC006053NCU;111;247;0.00392454
815;0NC006053NCU;124;247;0.00176467
815;0NC006053NCU;125;247;0.00201620
815;0NC006053NCU;108;248;0.01117873
815;0NC006053NCU;109;248;0.01373819
815;0NC006053NCU;125;248;0.00322770
815;0NC006053NCU;108;249;0.00095582
815;0NC006053NCU;125;249;0.00032633
815;0NC006053NCU;126;249;0.00290137
815;0NC006053NCU;126;250;0.00322770
815;0NC006053NCU;126;251;0.00025472
815;0NC006053NCU;127;251;0.00292555
815;0NC006053NCU;127;252;0.00295368
815;0NC006053NCU;127;253;0.00295368
815;0NC006053NCU;127;254;0.00157297
815;0NC006053NCU;128;254;0.00138071
815;0NC006053NCU;128;255;0.00295368
815;0NC006053NCU;128;256;0.00299689
815;0NC006053NCU;127;257;0.00180293
815;0NC006053NCU;128;257;0.00217145
815;0NC006053NCU;127;258;0.00051629
815;0SF0060070BA;141;161;0.00341509
815;0SF0060070BA;140;162;0.02380471
815;0SF0060070BA;141;162;0.01054024
815;0SF0060070BA;142;162;0.00060195
815;0SF0060070BA;144;162;0.00012649
815;0SF0060070BA;139;163;0.00048854
815;0SF0060070BA;140;163;0.03096169
815;0SF0060070BA;141;163;0.00747594
815;0SF0060070BA;142;163;0.00072706
815;0SF0060070BA;144;163;0.00084884
815;0SF0060070BA;145;163;0.00350933
815;0SF0060070BA;136;164;0.00183145
815;0SF0060070BA;137;164;0.00081885
815;0SF0060070BA;139;164;0.01193906
815;0SF0060070BA;140;164;0.01956649
815;0SF0060070BA;141;164;0.00285459
815;0SF0060070BA;143;164;0.00015938
815;0SF0060070BA;144;164;0.00008257
815;0SF0060070BA;145;164;0.00209258
815;0SF0060070BA;146;164;0.00226539
815;0SF0060070BA;148;164;0.00332371
815;0SF0060070BA;135;165;0.01631843
815;0SF0060070BA;136;165;0.00175841
815;0SF0060070BA;137;165;0.00375403
815;0SF0060070BA;138;165;0.00162500
815;0SF0060070BA;139;165;0.03025664
815;0SF0060070BA;140;165;0.00013485
815;0SF0060070BA;142;165;0.00014631
815;0SF0060070BA;143;165;0.00079504
815;0SF0060070BA;145;165;0.00026147
815;0SF0060070BA;146;165;0.00487560
815;0SF0060070BA;147;165;0.00257537
815;0SF0060070BA;148;165;0.00120977
815;0SF0060070BA;133;166;0.01229867
815;0SF0060070BA;134;166;0.00175683
815;0SF0060070BA;135;166;0.01169613
815;0SF0060070BA;136;166;0.03294625
815;0SF0060070BA;137;166;0.03349630
815;0SF0060070BA;138;166;0.05989221
815;0SF0060070BA;139;166;0.00095064
815;0SF0060070BA;142;166;0.00078563
815;0SF0060070BA;143;166;0.00026526
815;0SF0060070BA;144;166;0.00040296
815;0SF0060070BA;145;166;0.00296798
815;0SF0060070BA;146;166;0.00563802
815;0SF0060070BA;147;166;0.00513002
815;0SF0060070BA;148;166;0.00235858
815;0SF0060070BA;149;166;0.00001192
815;0SF0060070BA;130;167;0.00363991
815;0SF0060070BA;131;167;0.01615708
815;0SF0060070BA;132;167;0.02432080
815;0SF0060070BA;133;167;0.03221321
815;0SF0060070BA;134;167;0.00130717
815;0SF0060070BA;135;167;0.00077532
815;0SF0060070BA;136;167;0.00091692
815;0SF0060070BA;137;167;0.00248357
815;0SF0060070BA;138;167;0.05070775
815;0SF0060070BA;139;167;0.01522503
815;0SF0060070BA;140;167;0.00452061
815;0SF0060070BA;141;167;0.00156860
815;0SF0060070BA;142;167;0.00016429
815;0SF0060070BA;144;167;0.00017040
815;0SF0060070BA;145;167;0.00731953
815;0SF0060070BA;146;167;0.00488356
815;0SF0060070BA;147;167;0.00176655
815;0SF0060070BA;131;168;0.00019282
815;0SF0060070BA;132;168;0.02397934
815;0SF0060070BA;133;168;0.02216730
815;0SF0060070BA;134;168;0.00138881
815;0SF0060070BA;135;168;0.00124167
815;0SF0060070BA;136;168;0.00061061
815;0SF0060070BA;137;168;0.00296645
815;0SF0060070BA;138;168;0.04445904
815;0SF0060070BA;139;168;0.02301318
815;0SF0060070BA;140;168;0.01053799
815;0SF0060070BA;141;168;0.00365931
815;0SF0060070BA;142;168;0.00097732
815;0SF0060070BA;143;168;0.00145355
815;0SF0060070BA;144;168;0.00351022
815;0SF0060070BA;145;168;0.01363159
815;0SF0060070BA;146;168;0.00302631
815;0SF0060070BA;147;168;0.00061252
815;0SF0060070BA;132;169;0.00532380
815;0SF0060070BA;133;169;0.03116801
815;0SF0060070BA;134;169;0.01745763
815;0SF0060070BA;135;169;0.00688941
815;0SF0060070BA;136;169;0.00767210
815;0SF0060070BA;137;169;0.01719586
815;0SF0060070BA;138;169;0.03123235
815;0SF0060070BA;139;169;0.03210208
815;0SF0060070BA;140;169;0.01979561
815;0SF0060070BA;141;169;0.01928102
815;0SF0060070BA;142;169;0.02491077
815;0SF0060070BA;143;169;0.02622645
815;0SF0060070BA;144;169;0.01802453
815;0SF0060070BA;145;169;0.00744734
815;0SF0060070BA;146;169;0.00164275
815;0SF0060070BA;147;169;0.00120984
815;0SF0060070BA;134;170;0.01706954
815;0SF0060070BA;135;170;0.00593691
815;0SF0060070BA;136;170;0.00008844
815;0SF0060070BA;137;170;0.01143701
815;0SF0060070BA;138;170;0.00050068
815;0SF0060070BA;139;170;0.00012612
815;0SF0060070BA;140;170;0.00441041
815;0SF0060070BA;141;170;0.00166804
815;0SF0060070BA;142;170;0.00084893
815;0SF0060070BA;135;171;0.00302381
815;SCC006056VEN;206;61;0.00015856
815;SCC006056VEN;207;61;0.00083726
815;SCC006056VEN;204;62;0.00152300
815;SCC006056VEN;205;62;0.00346892
815;SCC006056VEN;206;62;0.00330456
815;SCC006056VEN;207;62;0.00000109
815;SCC006056VEN;203;63;0.00200729
815;SCC006056VEN;204;63;0.00333559
815;SCC006056VEN;207;63;0.00035069
815;SCC006056VEN;208;63;0.00013075
815;SCC006056VEN;200;64;0.00064542
815;SCC006056VEN;201;64;0.00543655
815;SCC006056VEN;202;64;0.00631086
815;SCC006056VEN;203;64;0.00724156
815;SCC006056VEN;204;64;0.00393096
815;SCC006056VEN;205;64;0.00321838
815;SCC006056VEN;206;64;0.00264352
815;SCC006056VEN;207;64;0.00113289
815;SCC006056VEN;208;64;0.00136891
815;SCC006056VEN;209;64;0.01032125
815;SCC006056VEN;210;64;0.00480204
815;SCC006056VEN;200;65;0.00576849
815;SCC006056VEN;201;65;0.01936435
815;SCC006056VEN;202;65;0.01836195
815;SCC006056VEN;203;65;0.00505525
815;SCC006056VEN;204;65;0.00424787
815;SCC006056VEN;205;65;0.00089366
815;SCC006056VEN;206;65;0.00229038
815;SCC006056VEN;207;65;0.03574855
815;SCC006056VEN;208;65;0.03534479
815;SCC006056VEN;209;65;0.04003697
815;SCC006056VEN;210;65;0.00434707
815;SCC006056VEN;211;65;0.00257506
815;SCC006056VEN;212;65;0.00015600
815;SCC006056VEN;213;65;0.00023086
815;SCC006056VEN;200;66;0.00656735
815;SCC006056VEN;201;66;0.02325229
815;SCC006056VEN;202;66;0.03673896
815;SCC006056VEN;203;66;0.02721065
815;SCC006056VEN;204;66;0.03199424
815;SCC006056VEN;205;66;0.03222553
815;SCC006056VEN;206;66;0.02745613
815;SCC006056VEN;207;66;0.00128433
815;SCC006056VEN;208;66;0.01010169
815;SCC006056VEN;209;66;0.02019043
815;SCC006056VEN;210;66;0.00083813
815;SCC006056VEN;213;66;0.00023621
815;SCC006056VEN;199;67;0.01386505
815;SCC006056VEN;200;67;0.02885894
815;SCC006056VEN;201;67;0.03938571
815;SCC006056VEN;202;67;0.00920482
815;SCC006056VEN;203;67;0.00438665
815;SCC006056VEN;204;67;0.00324116
815;SCC006056VEN;205;67;0.00707731
815;SCC006056VEN;206;67;0.00578991
815;SCC006056VEN;207;67;0.00302931
815;SCC006056VEN;208;67;0.00693630
815;SCC006056VEN;209;67;0.02254293
815;SCC006056VEN;210;67;0.01037362
815;SCC006056VEN;211;67;0.00427075
815;SCC006056VEN;212;67;0.00041385
815;SCC006056VEN;213;67;0.00283655
815;SCC006056VEN;214;67;0.00011989
815;SCC006056VEN;197;68;0.00231815
815;SCC006056VEN;198;68;0.01379598
815;SCC006056VEN;199;68;0.01457905
815;SCC006056VEN;200;68;0.00271589
815;SCC006056VEN;201;68;0.00705178
815;SCC006056VEN;202;68;0.01417641
815;SCC006056VEN;203;68;0.00108358
815;SCC006056VEN;204;68;0.00052743
815;SCC006056VEN;205;68;0.00113973
815;SCC006056VEN;206;68;0.00133379
815;SCC006056VEN;207;68;0.00409036
815;SCC006056VEN;208;68;0.01338484
815;SCC006056VEN;209;68;0.01775782
815;SCC006056VEN;210;68;0.02285075
815;SCC006056VEN;211;68;0.02897786
815;SCC006056VEN;212;68;0.03296838
815;SCC006056VEN;213;68;0.03429209
815;SCC006056VEN;214;68;0.00598084
815;SCC006056VEN;196;69;0.00869192
815;SCC006056VEN;197;69;0.00752152
815;SCC006056VEN;199;69;0.00576341
815;SCC006056VEN;202;69;0.00032482
815;SCC006056VEN;203;69;0.01086880
815;SCC006056VEN;204;69;0.00280578
815;SCC006056VEN;206;69;0.00223696
815;SCC006056VEN;207;69;0.00148549
815;SCC006056VEN;208;69;0.00568785
815;SCC006056VEN;211;69;0.00001124
815;SCC006056VEN;212;69;0.00038850
815;SCC006056VEN;195;70;0.00907054
815;SCC006056VEN;196;70;0.00324180
815;SCC006056VEN;197;70;0.00025497
815;SCC006056VEN;198;70;0.00464300
815;SCC006056VEN;199;70;0.00089553
815;SCC006056VEN;200;70;0.00112686
815;SCC006056VEN;202;70;0.00015360
815;SCC006056VEN;203;70;0.00018142
815;SCC006056VEN;204;70;0.00899935
815;SCC006056VEN;205;70;0.00655509
815;SCC006056VEN;206;70;0.00394559
815;SCC006056VEN;207;70;0.00732340
815;SCC006056VEN;208;70;0.00045627
815;SCC006056VEN;195;71;0.00024828
815;SCC006056VEN;196;71;0.00032929
815;SCC006056VEN;197;71;0.00110115
815;SCC006056VEN;198;71;0.00262119
815;SCC006056VEN;199;71;0.00388331
815;SCC006056VEN;203;71;0.00048869
815;SCC006056VEN;204;71;0.00070783
815;SCC006056VEN;206;71;0.00384126
815;SCC006056VEN;207;71;0.00667126
815;SCC006056VEN;208;71;0.00603268
815;SCC006056VEN;209;71;0.00593699
815;SCC006056VEN;210;71;0.00720343
815;SCC006056VEN;211;71;0.00584298
815;SCC006056VEN;212;71;0.00469566
815;SCC006056VEN;198;72;0.00030413
815;SCC006056VEN;199;72;0.00343898
815;SCC006056VEN;200;72;0.00421247
815;SCC006056VEN;201;72;0.00157747
815;SCC006056VEN;202;72;0.00119615
815;SCC006056VEN;203;72;0.00123811
815;SCC006056VEN;210;72;0.00055632
815;SCC006056VEN;211;72;0.00062816
815;SCC006056VEN;198;73;0.00011428
815;SCC006056VEN;199;73;0.00043862
815;SCC006056VEN;200;73;0.00012987
815;SCC006056VEN;201;73;0.00067497
815;SCC006056VEN;198;74;0.00005714
815;SCC006056VEN;199;74;0.00082437
815;SCC006056VEN;200;74;0.00004920
815;SCC006056VEN;199;75;0.00030379
815;SCC006056VEN;200;75;0.00066365
815;SCC006056VEN;197;76;0.00009336
815;SCC006056VEN;198;76;0.00040272
815;SCC006056VEN;199;76;0.00052351
815;SCC006056VEN;197;77;0.00045545
815;SCC006056VEN;197;78;0.00088001
815;SCC006056VEN;197;79;0.00024698
815;SCC006056VEN;198;79;0.00031956
815;SCC006056VEN;199;79;0.00027163
815;SCC006056VEN;196;80;0.00006753
815;SCC006056VEN;197;80;0.00001331
815;SCC006056VEN;199;80;0.00009929
815;SCC006056VEN;200;80;0.00036690
815;SCC006056VEN;201;80;0.00035941
815;SCC006056VEN;202;80;0.00034343
815;SCC006056VEN;203;80;0.00038079
815;SCC006056VEN;195;81;0.00002406
815;SCC006056VEN;196;81;0.00005375
815;SCC006056VEN;203;81;0.00004993
815;SCC006056VEN;204;81;0.00020325
815;SCC006056VEN;204;82;0.00004534
815;SCC006056VEN;205;82;0.00004220
815;SCC006056VEN;198;84;0.00004873
815;SCC006056VEN;199;84;0.00001877
815;0MC006055TUO;174;159;0.00701133
815;0MC006055TUO;174;160;0.00061020
815;0MC006055TUO;175;160;0.00593938
815;0MC006055TUO;175;161;0.00159986
815;0MC006055TUO;176;162;0.00014063
815;0MC006055TUO;177;162;0.00366435
815;0MC006055TUO;186;162;0.00429047
815;0MC006055TUO;187;162;0.00066475
815;0MC006055TUO;176;163;0.00623437
815;0MC006055TUO;185;163;0.00269546
815;0MC006055TUO;186;163;0.00186772
815;0MC006055TUO;187;163;0.00253442
815;0MC006055TUO;188;163;0.00199871
815;0MC006055TUO;168;164;0.00510495
815;0MC006055TUO;169;164;0.02309217
815;0MC006055TUO;170;164;0.00232371
815;0MC006055TUO;171;164;0.02609899
815;0MC006055TUO;174;164;0.00698035
815;0MC006055TUO;175;164;0.01386473
815;0MC006055TUO;176;164;0.01423707
815;0MC006055TUO;177;164;0.02176385
815;0MC006055TUO;178;164;0.00304245
815;0MC006055TUO;179;164;0.00326409
815;0MC006055TUO;180;164;0.00280094
815;0MC006055TUO;181;164;0.00174773
815;0MC006055TUO;182;164;0.00332233
815;0MC006055TUO;183;164;0.00332233
815;0MC006055TUO;184;164;0.00332233
815;0MC006055TUO;185;164;0.00178418
815;0MC006055TUO;188;164;0.00128568
815;0MC006055TUO;189;164;0.00324744
815;0MC006055TUO;169;165;0.01469199
815;0MC006055TUO;170;165;0.02797708
815;0MC006055TUO;171;165;0.02710180
815;0MC006055TUO;172;165;0.00468459
815;0MC006055TUO;173;165;0.01092431
815;0MC006055TUO;174;165;0.00517516
815;0MC006055TUO;176;165;0.01144455
815;0MC006055TUO;189;165;0.00003695
815;0MC006055TUO;190;165;0.00123201
815;0MC006055TUO;194;165;0.00153693
815;0MC006055TUO;195;165;0.00202692
815;0MC006055TUO;170;166;0.00332238
815;0MC006055TUO;171;166;0.00815657
815;0MC006055TUO;172;166;0.03413475
815;0MC006055TUO;173;166;0.00934438
815;0MC006055TUO;176;166;0.01120167
815;0MC006055TUO;195;166;0.00074553
815;0MC006055TUO;196;166;0.00284268
815;0MC006055TUO;197;166;0.00288392
815;0MC006055TUO;198;166;0.00144841
815;0MC006055TUO;173;167;0.05392208
815;0MC006055TUO;176;167;0.01354683
815;0MC006055TUO;172;168;0.00749423
815;0MC006055TUO;173;168;0.02117601
815;0MC006055TUO;174;168;0.06011010
815;0MC006055TUO;175;168;0.05024640
815;0MC006055TUO;176;168;0.03802792
815;0MC006055TUO;177;168;0.01805658
815;0MC006055TUO;172;169;0.01938627
815;0MC006055TUO;173;169;0.02295472
815;0MC006055TUO;174;169;0.03267971
815;0MC006055TUO;176;169;0.02439514
815;0MC006055TUO;177;169;0.03461107
815;0MC006055TUO;174;170;0.04411095
815;0MC006055TUO;175;170;0.00989064
815;0MC006055TUO;176;170;0.01257132
815;0MC006055TUO;177;170;0.01047314
815;0MC006055TUO;178;170;0.01619361
815;0MC006055TUO;178;171;0.00339492
815;0MC006055TUO;179;171;0.01889825
815;0MC006055TUO;179;172;0.00068223
815;0MC006055TUO;180;172;0.01958048
815;0MC006055TUO;181;172;0.00203046
815;0MC006055TUO;181;173;0.01755002
815;0MC006055TUO;182;173;0.00474315
815;0MC006055TUO;182;174;0.01039130
815;0MC006055TUO;182;175;0.00729247
815;0MC006055TUO;182;176;0.00573423
815;0MC006055TUO;183;176;0.00265115
815;0MC006055TUO;183;177;0.00831109
815;0MC006055TUO;184;177;0.00127595
815;0MC006055TUO;184;178;0.00864681
815;0MC006055TUO;185;178;0.00737893
815;0MC006055TUO;186;178;0.00737893
815;0MC006055TUO;187;178;0.00732819
815;0MC006055TUO;188;178;0.00722220
815;0MC006055TUO;189;178;0.00722220
815;0MC006055TUO;190;178;0.00167073
815;0SV006004BUT;144;204;0.00008781
815;0SV006004BUT;145;204;0.00006975
815;0SV006004BUT;147;204;0.00478035
815;0SV006004BUT;149;204;0.00295494
815;0SV006004BUT;150;204;0.00003981
815;0SV006004BUT;151;204;0.00000811
815;0SV006004BUT;144;205;0.00010249
815;0SV006004BUT;145;205;0.00053681
815;0SV006004BUT;146;205;0.00089717
815;0SV006004BUT;147;205;0.01410992
815;0SV006004BUT;148;205;0.00156784
815;0SV006004BUT;149;205;0.00566086
815;0SV006004BUT;150;205;0.00050869
815;0SV006004BUT;151;205;0.00014042
815;0SV006004BUT;152;205;0.00008568
815;0SV006004BUT;142;206;0.00002813
815;0SV006004BUT;143;206;0.00040904
815;0SV006004BUT;144;206;0.00045251
815;0SV006004BUT;145;206;0.00049927
815;0SV006004BUT;146;206;0.00334697
815;0SV006004BUT;147;206;0.01615166
815;0SV006004BUT;148;206;0.01491643
815;0SV006004BUT;149;206;0.00032178
815;0SV006004BUT;150;206;0.00047777
815;0SV006004BUT;152;206;0.00075170
815;0SV006004BUT;153;206;0.00022121
815;0SV006004BUT;143;207;0.00006016
815;0SV006004BUT;144;207;0.00011753
815;0SV006004BUT;145;207;0.00027190
815;0SV006004BUT;146;207;0.00231223
815;0SV006004BUT;147;207;0.00980046
815;0SV006004BUT;148;207;0.01137746
815;0SV006004BUT;149;207;0.00156828
815;0SV006004BUT;150;207;0.00124097
815;0SV006004BUT;151;207;0.00016590
815;0SV006004BUT;152;207;0.00510039
815;0SV006004BUT;153;207;0.00015607
815;0SV006004BUT;154;207;0.00008997
815;0SV006004BUT;143;208;0.00046448
815;0SV006004BUT;144;208;0.00087864
815;0SV006004BUT;145;208;0.00087679
815;0SV006004BUT;146;208;0.00092092
815;0SV006004BUT;147;208;0.00930940
815;0SV006004BUT;148;208;0.00229022
815;0SV006004BUT;149;208;0.01731347
815;0SV006004BUT;150;208;0.01043356
815;0SV006004BUT;151;208;0.00482504
815;0SV006004BUT;152;208;0.00483190
815;0SV006004BUT;153;208;0.00012049
815;0SV006004BUT;154;208;0.00017900
815;0SV006004BUT;145;209;0.00104785
815;0SV006004BUT;146;209;0.00305354
815;0SV006004BUT;147;209;0.00979775
815;0SV006004BUT;148;209;0.00311409
815;0SV006004BUT;149;209;0.02704625
815;0SV006004BUT;150;209;0.02733611
815;0SV006004BUT;151;209;0.00882235
815;0SV006004BUT;152;209;0.00331620
815;0SV006004BUT;153;209;0.00154784
815;0SV006004BUT;154;209;0.00183521
815;0SV006004BUT;155;209;0.00001693
815;0SV006004BUT;142;210;0.00004885
815;0SV006004BUT;145;210;0.00094774
815;0SV006004BUT;146;210;0.00010482
815;0SV006004BUT;147;210;0.00848649
815;0SV006004BUT;148;210;0.00044077
815;0SV006004BUT;149;210;0.02757915
815;0SV006004BUT;150;210;0.01438255
815;0SV006004BUT;151;210;0.00772846
815;0SV006004BUT;152;210;0.00487052
815;0SV006004BUT;153;210;0.00000237
815;0SV006004BUT;154;210;0.00059932
815;0SV006004BUT;155;210;0.00077665
815;0SV006004BUT;156;210;0.00030707
815;0SV006004BUT;142;211;0.00008099
815;0SV006004BUT;143;211;0.00004675
815;0SV006004BUT;144;211;0.00004679
815;0SV006004BUT;145;211;0.00109369
815;0SV006004BUT;146;211;0.00007736
815;0SV006004BUT;147;211;0.00844212
815;0SV006004BUT;148;211;0.01077664
815;0SV006004BUT;149;211;0.00985081
815;0SV006004BUT;150;211;0.00104885
815;0SV006004BUT;152;211;0.00367799
815;0SV006004BUT;154;211;0.00036939
815;0SV006004BUT;155;211;0.00025536
815;0SV006004BUT;141;212;0.00000209
815;0SV006004BUT;142;212;0.00009145
815;0SV006004BUT;143;212;0.00001034
815;0SV006004BUT;144;212;0.00004356
815;0SV006004BUT;145;212;0.00106617
815;0SV006004BUT;146;212;0.00000953
815;0SV006004BUT;147;212;0.01998008
815;0SV006004BUT;148;212;0.01692090
815;0SV006004BUT;149;212;0.00057212
815;0SV006004BUT;150;212;0.00071467
815;0SV006004BUT;152;212;0.00328128
815;0SV006004BUT;153;212;0.00062712
815;0SV006004BUT;154;212;0.00013411
815;0SV006004BUT;155;212;0.00018054
815;0SV006004BUT;156;212;0.00056686
815;0SV006004BUT;157;212;0.00002505
815;0SV006004BUT;141;213;0.00268445
815;0SV006004BUT;142;213;0.00129685
815;0SV006004BUT;143;213;0.00129883
815;0SV006004BUT;144;213;0.00196181
815;0SV006004BUT;145;213;0.00291480
815;0SV006004BUT;146;213;0.02160079
815;0SV006004BUT;147;213;0.01610290
815;0SV006004BUT;148;213;0.00739714
815;0SV006004BUT;149;213;0.00530734
815;0SV006004BUT;150;213;0.00100777
815;0SV006004BUT;152;213;0.00326144
815;0SV006004BUT;153;213;0.00154801
815;0SV006004BUT;154;213;0.00003382
815;0SV006004BUT;156;213;0.00039822
815;0SV006004BUT;157;213;0.00048626
815;0SV006004BUT;141;214;0.00009607
815;0SV006004BUT;142;214;0.00079589
815;0SV006004BUT;143;214;0.00206307
815;0SV006004BUT;144;214;0.00320088
815;0SV006004BUT;145;214;0.01918509
815;0SV006004BUT;146;214;0.01704160
815;0SV006004BUT;147;214;0.00005037
815;0SV006004BUT;148;214;0.00382145
815;0SV006004BUT;149;214;0.00354028
815;0SV006004BUT;150;214;0.00242467
815;0SV006004BUT;153;214;0.00066054
815;0SV006004BUT;154;214;0.00107880
815;0SV006004BUT;141;215;0.00000279
815;0SV006004BUT;142;215;0.00073746
815;0SV006004BUT;143;215;0.00329777
815;0SV006004BUT;144;215;0.04286619
815;0SV006004BUT;145;215;0.04411714
815;0SV006004BUT;146;215;0.01418069
815;0SV006004BUT;147;215;0.00611139
815;0SV006004BUT;148;215;0.00405788
815;0SV006004BUT;149;215;0.00324749
815;0SV006004BUT;150;215;0.00216300
815;0SV006004BUT;151;215;0.00045616
815;0SV006004BUT;152;215;0.00007404
815;0SV006004BUT;153;215;0.00135120
815;0SV006004BUT;154;215;0.00147203
815;0SV006004BUT;155;215;0.00064622
815;0SV006004BUT;140;216;0.00019198
815;0SV006004BUT;141;216;0.00779856
815;0SV006004BUT;142;216;0.00744059
815;0SV006004BUT;143;216;0.03961492
815;0SV006004BUT;144;216;0.09601882
815;0SV006004BUT;145;216;0.01604720
815;0SV006004BUT;146;216;0.00192808
815;0SV006004BUT;147;216;0.00931902
815;0SV006004BUT;148;216;0.02480678
815;0SV006004BUT;149;216;0.01631946
815;0SV006004BUT;150;216;0.00155229
815;0SV006004BUT;151;216;0.00115379
815;0SV006004BUT;155;216;0.00020435
815;0SV006004BUT;141;217;0.00086696
815;0SV006004BUT;142;217;0.00374918
815;0SV006004BUT;143;217;0.02422359
815;0SV006004BUT;144;217;0.00886633
815;0SV006004BUT;145;217;0.00007102
815;0SV006004BUT;146;217;0.00356147
815;0SV006004BUT;147;217;0.00006047
815;0SV006004BUT;148;217;0.00372566
815;0SV006004BUT;149;217;0.02273919
815;0SV006004BUT;150;217;0.00011945
815;0SV006004BUT;151;217;0.00162647
815;0SV006004BUT;152;217;0.00096284
815;0SV006004BUT;155;217;0.00010378
815;0SV006004BUT;140;218;0.00001834
815;0SV006004BUT;141;218;0.00010090
815;0SV006004BUT;142;218;0.00967261
815;0SV006004BUT;143;218;0.00180117
815;0SV006004BUT;144;218;0.00208178
815;0SV006004BUT;145;218;0.00007701
815;0SV006004BUT;146;218;0.00236038
815;0SV006004BUT;147;218;0.00234025
815;0SV006004BUT;148;218;0.00037135
815;0SV006004BUT;149;218;0.01712480
815;0SV006004BUT;152;218;0.00051263
815;0SV006004BUT;153;218;0.00070387
815;0SV006004BUT;140;219;0.00004366
815;0SV006004BUT;141;219;0.00589913
815;0SV006004BUT;142;219;0.00348842
815;0SV006004BUT;143;219;0.00010518
815;0SV006004BUT;144;219;0.00118808
815;0SV006004BUT;145;219;0.00122862
815;0SV006004BUT;147;219;0.00349305
815;0SV006004BUT;148;219;0.00037532
815;0SV006004BUT;149;219;0.00401950
815;0SV006004BUT;150;219;0.00002362
815;0SV006004BUT;153;219;0.00046308
815;0SV006004BUT;141;220;0.00223576
815;0SV006004BUT;142;220;0.00002321
815;0SV006004BUT;143;220;0.00001312
815;0SV006004BUT;145;220;0.00036963
815;0SV006004BUT;146;220;0.00086048
815;0SV006004BUT;147;220;0.00091398
815;0SV006004BUT;148;220;0.00056181
815;0SV006004BUT;149;220;0.00104788
815;0SV006004BUT;150;220;0.00087382
815;0SV006004BUT;146;221;0.00100927
815;0SV006004BUT;147;221;0.00000080
815;0SV006004BUT;148;221;0.00099791
815;0SV006004BUT;150;221;0.00065791
815;0SV006004BUT;146;222;0.00002914
815;0SV006004BUT;147;222;0.00004932
815;0SV006004BUT;148;222;0.00116387
815;0SV006004BUT;150;222;0.00100871
815;0SV006004BUT;151;222;0.00051610
815;0SV006004BUT;148;223;0.00102741
815;0SV006004BUT;150;223;0.00073131
815;0SV006004BUT;148;224;0.00041917
815;0SV006004BUT;149;224;0.00051654
815;0SV006004BUT;150;224;0.00017296
815;0SV006004BUT;149;225;0.00038034
815;0SV006004BUT;150;225;0.00077351
815;0SV006004BUT;151;225;0.00000160
815;0SV006004BUT;151;226;0.00000280
815;0SV006004BUT;152;226;0.00000220
815;0MC006046NSI;177;208;0.07482837
815;0MC006046NSI;182;208;0.12133692
815;0MC006046NSI;160;209;0.00056540
815;0MC006046NSI;161;209;0.00710515
815;0MC006046NSI;162;209;0.00082037
815;0MC006046NSI;176;209;0.03827217
815;0MC006046NSI;177;209;0.05841856
815;0MC006046NSI;178;209;0.00108720
815;0MC006046NSI;179;209;0.00015748
815;0MC006046NSI;162;210;0.00628479
815;0MC006046NSI;163;210;0.00710515
815;0MC006046NSI;164;210;0.00684136
815;0MC006046NSI;165;210;0.00033372
815;0MC006046NSI;175;210;0.02461351
815;0MC006046NSI;176;210;0.07590083
815;0MC006046NSI;179;210;0.00092972
815;0MC006046NSI;180;210;0.00108720
815;0MC006046NSI;181;210;0.00108720
815;0MC006046NSI;182;210;0.00037550
815;0MC006046NSI;165;211;0.00631437
815;0MC006046NSI;166;211;0.00664809
815;0MC006046NSI;167;211;0.00664809
815;0MC006046NSI;168;211;0.00664809
815;0MC006046NSI;169;211;0.00558035
815;0MC006046NSI;174;211;0.01368357
815;0MC006046NSI;175;211;0.05407411
815;0MC006046NSI;169;212;0.00314646
815;0MC006046NSI;170;212;0.00307257
815;0MC006046NSI;171;212;0.00223189
815;0MC006046NSI;172;212;0.00503723
815;0MC006046NSI;173;212;0.01462672
815;0MC006046NSI;174;212;0.03773193
815;0MC006046NSI;175;212;0.03483893
815;0MC006046NSI;169;213;0.00041250
815;0MC006046NSI;170;213;0.00152189
815;0MC006046NSI;171;213;0.00188388
815;0MC006046NSI;172;213;0.00553033
815;0MC006046NSI;173;213;0.02060180
815;0MC006046NSI;174;213;0.05335667
815;0MC006046NSI;175;213;0.00033198
815;0MC006046NSI;168;214;0.00009560
815;0MC006046NSI;169;214;0.00033407
815;0MC006046NSI;171;214;0.00089871
815;0MC006046NSI;172;214;0.00467696
815;0MC006046NSI;173;214;0.01600898
815;0MC006046NSI;175;214;0.05986736
815;0MC006046NSI;176;214;0.04752592
815;0MC006046NSI;177;214;0.06552762
815;0MC006046NSI;181;214;0.00382968
815;0MC006046NSI;182;214;0.03699082
815;0MC006046NSI;171;215;0.00216480
815;0MC006046NSI;173;215;0.00327669
815;0MC006046NSI;177;215;0.01293934
815;0MC006046NSI;181;215;0.03479139
815;0LC006017LAK;127;188;0.02975592
815;0LC006017LAK;127;189;0.02680423
815;0LC006017LAK;125;190;0.00041388
815;0LC006017LAK;126;190;0.00619925
815;0LC006017LAK;127;190;0.02235068
815;0LC006017LAK;128;190;0.01224227
815;0LC006017LAK;125;191;0.00378894
815;0LC006017LAK;128;191;0.02636963
815;0LC006017LAK;125;192;0.00616719
815;0LC006017LAK;127;192;0.02975012
815;0LC006017LAK;128;192;0.00699510
815;0LC006017LAK;124;193;0.00610215
815;0LC006017LAK;125;193;0.00989109
815;0LC006017LAK;127;193;0.03022650
815;0LC006017LAK;124;194;0.02191261
815;0LC006017LAK;125;194;0.02220495
815;0LC006017LAK;126;194;0.02098584
815;0LC006017LAK;127;194;0.05965822
815;0LC006017LAK;123;195;0.06831044
815;0LC006017LAK;124;195;0.00795500
815;0LC006017LAK;125;195;0.00525053
815;0LC006017LAK;127;195;0.07195757
815;0LC006017LAK;119;196;0.00314268
815;0LC006017LAK;120;196;0.01818412
815;0LC006017LAK;121;196;0.01536901
815;0LC006017LAK;122;196;0.02812558
815;0LC006017LAK;123;196;0.00909149
815;0LC006017LAK;127;196;0.02423545
815;0LC006017LAK;128;196;0.00487695
815;0LC006017LAK;129;196;0.01173071
815;0LC006017LAK;131;196;0.00266659
815;0LC006017LAK;121;197;0.05427926
815;0LC006017LAK;124;197;0.00966243
815;0LC006017LAK;125;197;0.01266987
815;0LC006017LAK;126;197;0.03085669
815;0LC006017LAK;127;197;0.01606296
815;0LC006017LAK;128;197;0.00725656
815;0LC006017LAK;129;197;0.00037341
815;0LC006017LAK;130;197;0.01023023
815;0LC006017LAK;131;197;0.00609119
815;0LC006017LAK;120;198;0.00470751
815;0LC006017LAK;121;198;0.04119388
815;0LC006017LAK;124;198;0.02307921
815;0LC006017LAK;120;199;0.00390125
815;0LC006017LAK;121;199;0.04698622
815;0LC006017LAK;123;199;0.01685678
815;0LC006017LAK;124;199;0.00228430
815;0LC006017LAK;119;200;0.00333922
815;0LC006017LAK;120;200;0.00010986
815;0LC006017LAK;121;200;0.02107070
815;0LC006017LAK;122;200;0.04081040
815;0LC006017LAK;123;200;0.00178066
815;0LC006017LAK;119;201;0.01466669
815;0LC006017LAK;120;201;0.00890629
815;0LC006017LAK;121;201;0.00756204
815;0LC006017LAK;118;202;0.00243500
815;0LC006017LAK;119;202;0.00011270
815;NEP006025MOD;159;255;0.00500012
815;NEP006025MOD;162;255;0.00511662
815;NEP006025MOD;163;255;0.00708778
815;NEP006025MOD;171;255;0.00330387
815;NEP006025MOD;180;255;0.00026020
815;NEP006025MOD;181;255;0.00131360
815;NEP006025MOD;159;256;0.00557224
815;NEP006025MOD;163;256;0.01093347
815;NEP006025MOD;171;256;0.00344276
815;NEP006025MOD;180;256;0.00169453
815;NEP006025MOD;159;257;0.00557224
815;NEP006025MOD;163;257;0.00743310
815;NEP006025MOD;164;257;0.00354076
815;NEP006025MOD;171;257;0.00344276
815;NEP006025MOD;180;257;0.00169453
815;NEP006025MOD;159;258;0.00518675
815;NEP006025MOD;163;258;0.01036969
815;NEP006025MOD;164;258;0.00097779
815;NEP006025MOD;171;258;0.00344276
815;NEP006025MOD;180;258;0.00169453
815;NEP006025MOD;158;259;0.00297819
815;NEP006025MOD;159;259;0.00006305
815;NEP006025MOD;162;259;0.00047907
815;NEP006025MOD;163;259;0.01086840
815;NEP006025MOD;171;259;0.00344894
815;NEP006025MOD;179;259;0.00159136
815;NEP006025MOD;180;259;0.00010317
815;NEP006025MOD;157;260;0.00043264
815;NEP006025MOD;158;260;0.00214866
815;NEP006025MOD;162;260;0.00383580
815;NEP006025MOD;163;260;0.00908034
815;NEP006025MOD;171;260;0.00345255
815;NEP006025MOD;179;260;0.00169453
815;NEP006025MOD;158;261;0.00240348
815;NEP006025MOD;163;261;0.00622436
815;NEP006025MOD;164;261;0.00854316
815;NEP006025MOD;166;261;0.01251576
815;NEP006025MOD;167;261;0.01334859
815;NEP006025MOD;168;261;0.01343246
815;NEP006025MOD;169;261;0.01533061
815;NEP006025MOD;171;261;0.00345256
815;NEP006025MOD;179;261;0.00169453
815;NEP006025MOD;158;262;0.00240348
815;NEP006025MOD;162;262;0.00053098
815;NEP006025MOD;163;262;0.00757869
815;NEP006025MOD;164;262;0.00795359
815;NEP006025MOD;165;262;0.01188549
815;NEP006025MOD;166;262;0.01188549
815;NEP006025MOD;167;262;0.01188549
815;NEP006025MOD;168;262;0.00355245
815;NEP006025MOD;169;262;0.00023713
815;NEP006025MOD;170;262;0.01733495
815;NEP006025MOD;171;262;0.00345188
815;NEP006025MOD;178;262;0.00122799
815;NEP006025MOD;179;262;0.00046655
815;NEP006025MOD;158;263;0.00240348
815;NEP006025MOD;160;263;0.00307871
815;NEP006025MOD;161;263;0.00623474
815;NEP006025MOD;162;263;0.00649477
815;NEP006025MOD;168;263;0.00833304
815;NEP006025MOD;169;263;0.01185683
815;NEP006025MOD;170;263;0.01164631
815;NEP006025MOD;171;263;0.09019542
815;NEP006025MOD;172;263;0.01337940
815;NEP006025MOD;178;263;0.00931824
815;NEP006025MOD;158;264;0.00669332
815;NEP006025MOD;159;264;0.00623474
815;NEP006025MOD;160;264;0.00315603
815;NEP006025MOD;171;264;0.03277868
815;NEP006025MOD;172;264;0.03393122
815;NEP006025MOD;173;264;0.02007572
815;NEP006025MOD;174;264;0.02007572
815;NEP006025MOD;175;264;0.00014316
815;NEP006025MOD;176;264;0.01498131
815;NEP006025MOD;177;264;0.02070395
815;NEP006025MOD;178;264;0.01918433
815;NEP006025MOD;179;264;0.00354082
815;NEP006025MOD;180;264;0.00354098
815;NEP006025MOD;181;264;0.00354105
815;NEP006025MOD;182;264;0.00002559
815;NEP006025MOD;158;265;0.00958782
815;NEP006025MOD;172;265;0.00127567
815;NEP006025MOD;173;265;0.01344221
815;NEP006025MOD;175;265;0.02003867
815;NEP006025MOD;176;265;0.00572402
815;NEP006025MOD;178;265;0.00116770
815;NEP006025MOD;157;266;0.00866193
815;NEP006025MOD;158;266;0.00092589
815;NEP006025MOD;173;266;0.01471788
815;NEP006025MOD;177;266;0.00021121
815;NEP006025MOD;178;266;0.00180395
815;NEP006025MOD;156;267;0.00052577
815;NEP006025MOD;157;267;0.00894351
815;NEP006025MOD;173;267;0.01471788
815;NEP006025MOD;177;267;0.00189530
815;NEP006025MOD;156;268;0.00929197
815;NEP006025MOD;173;268;0.00631097
815;NEP006025MOD;174;268;0.00840691
815;NEP006025MOD;177;268;0.00178256
815;NEP006025MOD;156;269;0.00929197
815;NEP006025MOD;173;269;0.00092749
815;NEP006025MOD;174;269;0.01484073
815;NEP006025MOD;177;269;0.00045550
815;NEP006025MOD;178;269;0.00132706
815;NEP006025MOD;155;270;0.00856769
815;NEP006025MOD;156;270;0.00027031
815;NEP006025MOD;172;270;0.00090528
815;NEP006025MOD;173;270;0.00105040
815;NEP006025MOD;174;270;0.01291264
815;NEP006025MOD;178;270;0.00178256
815;NEP006025MOD;155;271;0.00837036
815;NEP006025MOD;172;271;0.00155403
815;NEP006025MOD;174;271;0.01291264
815;NEP006025MOD;178;271;0.00178256
815;NEP006025MOD;155;272;0.01106425
815;NEP006025MOD;172;272;0.00155403
815;NEP006025MOD;174;272;0.00460387
815;NEP006025MOD;175;272;0.00830877
815;NEP006025MOD;178;272;0.00188436
815;NEP006025MOD;154;273;0.00919202
815;NEP006025MOD;155;273;0.01784505
815;NEP006025MOD;172;273;0.00155403
815;NEP006025MOD;175;273;0.01291264
815;NEP006025MOD;178;273;0.00046382
815;NEP006025MOD;179;273;0.00161695
815;NEP006025MOD;153;274;0.01247306
815;NEP006025MOD;154;274;0.00819562
815;NEP006025MOD;155;274;0.00636840
815;NEP006025MOD;172;274;0.00155403
815;NEP006025MOD;175;274;0.01291264
815;NEP006025MOD;179;274;0.00165047
815;NEP006025MOD;180;274;0.00043030
815;NEP006025MOD;152;275;0.00316489
815;NEP006025MOD;153;275;0.00598711
815;NEP006025MOD;155;275;0.00190275
815;NEP006025MOD;171;275;0.00132925
815;NEP006025MOD;172;275;0.00022478
815;NEP006025MOD;175;275;0.01291264
815;NEP006025MOD;180;275;0.00208077
815;NEP006025MOD;154;276;0.00086518
815;NEP006025MOD;155;276;0.00098386
815;NEP006025MOD;171;276;0.00123107
815;NEP006025MOD;175;276;0.00846961
815;NEP006025MOD;176;276;0.00189836
815;NEP006025MOD;180;276;0.00075634
815;NEP006025MOD;181;276;0.00108187
815;0MC0060090ED;160;183;0.00046371
815;0MC0060090ED;161;183;0.00019392
815;0MC0060090ED;162;183;0.00195338
815;0MC0060090ED;166;183;0.00234864
815;0MC0060090ED;167;183;0.00007998
815;0MC0060090ED;171;183;0.00041193
815;0MC0060090ED;172;183;0.00059627
815;0MC0060090ED;173;183;0.00032686
815;0MC0060090ED;174;183;0.00000608
815;0MC0060090ED;175;183;0.00000405
815;0MC0060090ED;176;183;0.00000326
815;0MC0060090ED;160;184;0.00006955
815;0MC0060090ED;161;184;0.00462289
815;0MC0060090ED;162;184;0.00042065
815;0MC0060090ED;164;184;0.00551297
815;0MC0060090ED;166;184;0.00005195
815;0MC0060090ED;167;184;0.00071808
815;0MC0060090ED;168;184;0.00095976
815;0MC0060090ED;169;184;0.00097887
815;0MC0060090ED;170;184;0.00080187
815;0MC0060090ED;171;184;0.00021805
815;0MC0060090ED;176;184;0.00000549
815;0MC0060090ED;177;184;0.00000038
815;0MC0060090ED;160;185;0.00466160
815;0MC0060090ED;161;185;0.00174360
815;0MC0060090ED;162;185;0.00097778
815;0MC0060090ED;163;185;0.00000039
815;0MC0060090ED;164;185;0.00260859
815;0MC0060090ED;165;185;0.00115327
815;0MC0060090ED;166;185;0.00097020
815;0MC0060090ED;167;185;0.00205405
815;0MC0060090ED;168;185;0.00143795
815;0MC0060090ED;169;185;0.00098637
815;0MC0060090ED;170;185;0.00065583
815;0MC0060090ED;177;185;0.00000687
815;0MC0060090ED;159;186;0.05425831
815;0MC0060090ED;160;186;0.09685011
815;0MC0060090ED;161;186;0.06689798
815;0MC0060090ED;162;186;0.03513247
815;0MC0060090ED;163;186;0.00139004
815;0MC0060090ED;164;186;0.00204450
815;0MC0060090ED;166;186;0.00043454
815;0MC0060090ED;167;186;0.00521235
815;0MC0060090ED;168;186;0.00316521
815;0MC0060090ED;169;186;0.00099162
815;0MC0060090ED;170;186;0.00081105
815;0MC0060090ED;171;186;0.00094213
815;0MC0060090ED;177;186;0.00002017
815;0MC0060090ED;178;186;0.00000067
815;0MC0060090ED;159;187;0.01999830
815;0MC0060090ED;160;187;0.01656916
815;0MC0060090ED;161;187;0.02290621
815;0MC0060090ED;162;187;0.04064039
815;0MC0060090ED;163;187;0.05968839
815;0MC0060090ED;164;187;0.01484255
815;0MC0060090ED;165;187;0.01053331
815;0MC0060090ED;166;187;0.00952751
815;0MC0060090ED;167;187;0.00775423
815;0MC0060090ED;168;187;0.00309582
815;0MC0060090ED;169;187;0.00039140
815;0MC0060090ED;170;187;0.00000951
815;0MC0060090ED;171;187;0.00001659
815;0MC0060090ED;174;187;0.00000313
815;0MC0060090ED;175;187;0.00000777
815;0MC0060090ED;176;187;0.00000810
815;0MC0060090ED;177;187;0.00000458
815;0MC0060090ED;178;187;0.00004283
815;0MC0060090ED;159;188;0.03037120
815;0MC0060090ED;160;188;0.01088181
815;0MC0060090ED;161;188;0.00991801
815;0MC0060090ED;162;188;0.01023532
815;0MC0060090ED;163;188;0.00531360
815;0MC0060090ED;164;188;0.05752307
815;0MC0060090ED;165;188;0.05163888
815;0MC0060090ED;166;188;0.02778221
815;0MC0060090ED;167;188;0.00434131
815;0MC0060090ED;168;188;0.00959433
815;0MC0060090ED;169;188;0.00194466
815;0MC0060090ED;170;188;0.00014793
815;0MC0060090ED;171;188;0.00000007
815;0MC0060090ED;172;188;0.00000991
815;0MC0060090ED;173;188;0.00000765
815;0MC0060090ED;174;188;0.00000416
815;0MC0060090ED;177;188;0.00006297
815;0MC0060090ED;178;188;0.00001955
815;0MC0060090ED;160;189;0.00371625
815;0MC0060090ED;161;189;0.00000965
815;0MC0060090ED;162;189;0.00492879
815;0MC0060090ED;163;189;0.00310775
815;0MC0060090ED;164;189;0.00533246
815;0MC0060090ED;165;189;0.00909298
815;0MC0060090ED;166;189;0.00706715
815;0MC0060090ED;167;189;0.01902978
815;0MC0060090ED;168;189;0.01579955
815;0MC0060090ED;169;189;0.01376081
815;0MC0060090ED;170;189;0.01509119
815;0MC0060090ED;171;189;0.00884589
815;0MC0060090ED;172;189;0.00656185
815;0MC0060090ED;173;189;0.00463768
815;0MC0060090ED;174;189;0.00602656
815;0MC0060090ED;175;189;0.00798497
815;0MC0060090ED;176;189;0.00225438
815;0MC0060090ED;177;189;0.00003590
815;0MC0060090ED;160;190;0.00193128
815;0MC0060090ED;161;190;0.00113101
815;0MC0060090ED;163;190;0.00922740
815;0MC0060090ED;164;190;0.00179301
815;0MC0060090ED;165;190;0.00497148
815;0MC0060090ED;166;190;0.00192665
815;0MC0060090ED;167;190;0.00095896
815;0MC0060090ED;172;190;0.00348107
815;0MC0060090ED;173;190;0.00423382
815;0MC0060090ED;174;190;0.00354267
815;0MC0060090ED;175;190;0.00015654
815;0MC0060090ED;176;190;0.00574689
815;0MC0060090ED;177;190;0.00789944
815;0MC0060090ED;178;190;0.00772248
815;0MC0060090ED;179;190;0.00924776
815;0MC0060090ED;160;191;0.00017399
815;0MC0060090ED;161;191;0.00743517
815;0MC0060090ED;162;191;0.00502118
815;0MC0060090ED;163;191;0.00848525
815;0MC0060090ED;164;191;0.00072680
815;0MC0060090ED;165;191;0.00261375
815;0MC0060090ED;167;191;0.00011777
815;0MC0060090ED;168;191;0.00009819
815;0MC0060090ED;179;191;0.00114419
815;0MC0060090ED;161;192;0.00739475
815;0MC0060090ED;164;192;0.00230058
815;0MC0060090ED;165;192;0.00171478
815;0MC0060090ED;160;193;0.00683245
815;0MC0060090ED;161;193;0.01527002
815;0MC0060090ED;162;193;0.00304766
815;0MC0060090ED;163;193;0.00339006
815;0MC0060090ED;164;193;0.00385128
815;0MC0060090ED;165;193;0.00089576
815;0MC0060090ED;165;194;0.00014009
815;0MC0060090ED;166;194;0.00009964
815;0MD0060190AV;226;71;0.00911343
815;0MD0060190AV;233;71;0.00021138
815;0MD0060190AV;234;71;0.00124306
815;0MD0060190AV;235;71;0.00175546
815;0MD0060190AV;236;71;0.00036166
815;0MD0060190AV;225;72;0.00008528
815;0MD0060190AV;226;72;0.00971161
815;0MD0060190AV;230;72;0.00012776
815;0MD0060190AV;231;72;0.00005361
815;0MD0060190AV;232;72;0.00037504
815;0MD0060190AV;233;72;0.00094004
815;0MD0060190AV;234;72;0.00098627
815;0MD0060190AV;224;73;0.00035815
815;0MD0060190AV;225;73;0.00305650
815;0MD0060190AV;226;73;0.00723516
815;0MD0060190AV;229;73;0.00002503
815;0MD0060190AV;230;73;0.00038566
815;0MD0060190AV;231;73;0.00077493
815;0MD0060190AV;232;73;0.00093658
815;0MD0060190AV;233;73;0.00015803
815;0MD0060190AV;235;73;0.00257644
815;0MD0060190AV;236;73;0.00002636
815;0MD0060190AV;224;74;0.02675595
815;0MD0060190AV;225;74;0.03609637
815;0MD0060190AV;226;74;0.00379586
815;0MD0060190AV;227;74;0.00237720
815;0MD0060190AV;228;74;0.00080782
815;0MD0060190AV;229;74;0.00200004
815;0MD0060190AV;230;74;0.00135901
815;0MD0060190AV;231;74;0.00000601
815;0MD0060190AV;232;74;0.00426321
815;0MD0060190AV;233;74;0.00862133
815;0MD0060190AV;234;74;0.00950430
815;0MD0060190AV;235;74;0.00496069
815;0MD0060190AV;225;75;0.03111052
815;0MD0060190AV;226;75;0.01484616
815;0MD0060190AV;227;75;0.01225996
815;0MD0060190AV;228;75;0.01130988
815;0MD0060190AV;229;75;0.00799108
815;0MD0060190AV;230;75;0.00699549
815;0MD0060190AV;231;75;0.00826308
815;0MD0060190AV;232;75;0.00452454
815;0MD0060190AV;233;75;0.00044959
815;0MD0060190AV;234;75;0.00033724
815;0MD0060190AV;235;75;0.00162789
815;0MD0060190AV;221;76;0.00071547
815;0MD0060190AV;223;76;0.00026525
815;0MD0060190AV;224;76;0.00309264
815;0MD0060190AV;225;76;0.04778232
815;0MD0060190AV;226;76;0.03009718
815;0MD0060190AV;227;76;0.02304093
815;0MD0060190AV;228;76;0.00547752
815;0MD0060190AV;229;76;0.00255416
815;0MD0060190AV;230;76;0.01273328
815;0MD0060190AV;231;76;0.00084483
815;0MD0060190AV;232;76;0.00389267
815;0MD0060190AV;233;76;0.00362427
815;0MD0060190AV;234;76;0.00788525
815;0MD0060190AV;235;76;0.00309145
815;0MD0060190AV;221;77;0.00223225
815;0MD0060190AV;222;77;0.00824300
815;0MD0060190AV;223;77;0.00963536
815;0MD0060190AV;224;77;0.04573427
815;0MD0060190AV;225;77;0.03312353
815;0MD0060190AV;226;77;0.02303275
815;0MD0060190AV;227;77;0.02083042
815;0MD0060190AV;228;77;0.00639657
815;0MD0060190AV;229;77;0.00955875
815;0MD0060190AV;230;77;0.02161404
815;0MD0060190AV;231;77;0.00049886
815;0MD0060190AV;232;77;0.00253920
815;0MD0060190AV;233;77;0.00184712
815;0MD0060190AV;234;77;0.00237956
815;0MD0060190AV;235;77;0.00133488
815;0MD0060190AV;219;78;0.00264691
815;0MD0060190AV;220;78;0.00272350
815;0MD0060190AV;221;78;0.00020350
815;0MD0060190AV;222;78;0.00537154
815;0MD0060190AV;223;78;0.00712856
815;0MD0060190AV;224;78;0.03802063
815;0MD0060190AV;225;78;0.01160167
815;0MD0060190AV;226;78;0.00113852
815;0MD0060190AV;227;78;0.00268626
815;0MD0060190AV;228;78;0.00412433
815;0MD0060190AV;229;78;0.00328155
815;0MD0060190AV;230;78;0.00420236
815;0MD0060190AV;231;78;0.00490857
815;0MD0060190AV;232;78;0.00124184
815;0MD0060190AV;233;78;0.00130977
815;0MD0060190AV;234;78;0.00096902
815;0MD0060190AV;216;79;0.00032814
815;0MD0060190AV;217;79;0.00053046
815;0MD0060190AV;218;79;0.00050079
815;0MD0060190AV;219;79;0.00168327
815;0MD0060190AV;220;79;0.00163163
815;0MD0060190AV;221;79;0.00502972
815;0MD0060190AV;222;79;0.00908644
815;0MD0060190AV;223;79;0.01794142
815;0MD0060190AV;224;79;0.05599426
815;0MD0060190AV;225;79;0.02562167
815;0MD0060190AV;226;79;0.00993867
815;0MD0060190AV;227;79;0.00305979
815;0MD0060190AV;228;79;0.00128290
815;0MD0060190AV;229;79;0.00094865
815;0MD0060190AV;230;79;0.00006187
815;0MD0060190AV;231;79;0.00052057
815;0MD0060190AV;232;79;0.00000764
815;0MD0060190AV;233;79;0.00030654
815;0MD0060190AV;234;79;0.00031016
815;0MD0060190AV;213;80;0.00050736
815;0MD0060190AV;214;80;0.00078575
815;0MD0060190AV;215;80;0.00053391
815;0MD0060190AV;216;80;0.00018375
815;0MD0060190AV;218;80;0.00006742
815;0MD0060190AV;219;80;0.00064648
815;0MD0060190AV;220;80;0.00143411
815;0MD0060190AV;221;80;0.00218269
815;0MD0060190AV;222;80;0.00286456
815;0MD0060190AV;223;80;0.00467306
815;0MD0060190AV;224;80;0.02981081
815;0MD0060190AV;225;80;0.01430961
815;0MD0060190AV;226;80;0.00604367
815;0MD0060190AV;227;80;0.00115652
815;0MD0060190AV;228;80;0.00129173
815;0MD0060190AV;229;80;0.00193784
815;0MD0060190AV;230;80;0.00121876
815;0MD0060190AV;231;80;0.00103384
815;0MD0060190AV;232;80;0.00102038
815;0MD0060190AV;233;80;0.00149325
815;0MD0060190AV;234;80;0.00018883
815;0MD0060190AV;211;81;0.00049202
815;0MD0060190AV;212;81;0.00505533
815;0MD0060190AV;213;81;0.00016798
815;0MD0060190AV;214;81;0.00320575
815;0MD0060190AV;215;81;0.00435726
815;0MD0060190AV;216;81;0.00343525
815;0MD0060190AV;217;81;0.00066980
815;0MD0060190AV;218;81;0.00007941
815;0MD0060190AV;220;81;0.00020013
815;0MD0060190AV;221;81;0.00098341
815;0MD0060190AV;222;81;0.00222180
815;0MD0060190AV;223;81;0.00297768
815;0MD0060190AV;224;81;0.01710000
815;0MD0060190AV;225;81;0.00204910
815;0MD0060190AV;226;81;0.00130991
815;0MD0060190AV;227;81;0.00157174
815;0MD0060190AV;228;81;0.00140637
815;0MD0060190AV;229;81;0.00177169
815;0MD0060190AV;230;81;0.00111683
815;0MD0060190AV;231;81;0.00124328
815;0MD0060190AV;232;81;0.00086772
815;0MD0060190AV;233;81;0.00210214
815;0MD0060190AV;234;81;0.00141166
815;0MD0060190AV;235;81;0.00081363
815;0MD0060190AV;211;82;0.00091144
815;0MD0060190AV;212;82;0.00008455
815;0MD0060190AV;213;82;0.00450609
815;0MD0060190AV;214;82;0.00192942
815;0MD0060190AV;215;82;0.00036608
815;0MD0060190AV;216;82;0.00081616
815;0MD0060190AV;217;82;0.00359042
815;0MD0060190AV;218;82;0.00413134
815;0MD0060190AV;219;82;0.00413841
815;0MD0060190AV;220;82;0.00460412
815;0MD0060190AV;221;82;0.00491332
815;0MD0060190AV;222;82;0.00558864
815;0MD0060190AV;223;82;0.00670989
815;0MD0060190AV;224;82;0.01403683
815;0MD0060190AV;225;82;0.00001954
815;0MD0060190AV;226;82;0.00001955
815;0MD0060190AV;227;82;0.00021687
815;0MD0060190AV;228;82;0.00077299
815;0MD0060190AV;229;82;0.00241245
815;0MD0060190AV;230;82;0.00063878
815;0MD0060190AV;233;82;0.00005157
815;0MD0060190AV;234;82;0.00006136
815;0MD0060190AV;213;83;0.00000640
815;0MD0060190AV;214;83;0.00000185
815;0MD0060190AV;215;83;0.00000445
815;0MD0060190AV;216;83;0.00000006
815;0MD0060190AV;217;83;0.00000855
815;0MD0060190AV;218;83;0.00001744
815;0MD0060190AV;219;83;0.00001665
815;0MD0060190AV;221;83;0.00011035
815;0MD0060190AV;222;83;0.00023639
815;0MD0060190AV;223;83;0.00016762
815;0MD0060190AV;224;83;0.00641633
815;0MD0060190AV;229;83;0.00118146
815;0MD0060190AV;230;83;0.00008083
815;0MD0060190AV;231;83;0.00000489
815;0MD0060190AV;232;83;0.00000489
815;0MD0060190AV;233;83;0.00002624
815;0SF0060010BA;141;154;0.01114980
815;0SF0060010BA;140;155;0.01322635
815;0SF0060010BA;141;155;0.02869418
815;0SF0060010BA;137;156;0.00749966
815;0SF0060010BA;138;156;0.00359981
815;0SF0060010BA;139;156;0.01741211
815;0SF0060010BA;140;156;0.02582360
815;0SF0060010BA;141;156;0.01456345
815;0SF0060010BA;138;157;0.01974255
815;0SF0060010BA;139;157;0.01853274
815;0SF0060010BA;140;157;0.00859495
815;0SF0060010BA;141;157;0.01411050
815;0SF0060010BA;142;157;0.00727332
815;0SF0060010BA;135;158;0.00384344
815;0SF0060010BA;136;158;0.00195878
815;0SF0060010BA;137;158;0.00065290
815;0SF0060010BA;138;158;0.02773267
815;0SF0060010BA;139;158;0.00746488
815;0SF0060010BA;140;158;0.00074072
815;0SF0060010BA;141;158;0.00064708
815;0SF0060010BA;142;158;0.01407133
815;0SF0060010BA;143;158;0.00261683
815;0SF0060010BA;136;159;0.00707964
815;0SF0060010BA;137;159;0.02932480
815;0SF0060010BA;138;159;0.01704386
815;0SF0060010BA;139;159;0.00042778
815;0SF0060010BA;140;159;0.00004204
815;0SF0060010BA;141;159;0.00014068
815;0SF0060010BA;142;159;0.01255464
815;0SF0060010BA;143;159;0.00344477
815;0SF0060010BA;144;159;0.00211079
815;0SF0060010BA;149;159;0.00003955
815;0SF0060010BA;136;160;0.00281143
815;0SF0060010BA;137;160;0.03522911
815;0SF0060010BA;138;160;0.01196432
815;0SF0060010BA;139;160;0.00003322
815;0SF0060010BA;140;160;0.00000881
815;0SF0060010BA;141;160;0.01357992
815;0SF0060010BA;142;160;0.00858663
815;0SF0060010BA;143;160;0.00538546
815;0SF0060010BA;144;160;0.00754927
815;0SF0060010BA;145;160;0.00301651
815;0SF0060010BA;146;160;0.00031886
815;0SF0060010BA;135;161;0.00351209
815;0SF0060010BA;136;161;0.02985570
815;0SF0060010BA;137;161;0.02805481
815;0SF0060010BA;138;161;0.01777245
815;0SF0060010BA;139;161;0.01587643
815;0SF0060010BA;140;161;0.01432872
815;0SF0060010BA;141;161;0.03274232
815;0SF0060010BA;142;161;0.02227120
815;0SF0060010BA;143;161;0.01481244
815;0SF0060010BA;144;161;0.01727977
815;0SF0060010BA;145;161;0.01824768
815;0SF0060010BA;146;161;0.01271300
815;0SF0060010BA;147;161;0.01247344
815;0SF0060010BA;148;161;0.00110731
815;0SF0060010BA;149;161;0.00000852
815;0SF0060010BA;134;162;0.00361999
815;0SF0060010BA;135;162;0.02481800
815;0SF0060010BA;136;162;0.01997457
815;0SF0060010BA;137;162;0.00017869
815;0SF0060010BA;138;162;0.00013611
815;0SF0060010BA;139;162;0.00138709
815;0SF0060010BA;141;162;0.00008868
815;0SF0060010BA;142;162;0.00016966
815;0SF0060010BA;144;162;0.00073749
815;0SF0060010BA;145;162;0.00242627
815;0SF0060010BA;148;162;0.01349978
815;0SF0060010BA;149;162;0.00429508
815;0SF0060010BA;133;163;0.00250514
815;0SF0060010BA;134;163;0.02812495
815;0SF0060010BA;135;163;0.02608080
815;0SF0060010BA;136;163;0.01585650
815;0SF0060010BA;137;163;0.00039431
815;0SF0060010BA;139;163;0.00055784
815;0SF0060010BA;145;163;0.00048090
815;0SF0060010BA;148;163;0.00229782
815;0SF0060010BA;149;163;0.00012083
815;0SF0060010BA;132;164;0.01240392
815;0SF0060010BA;133;164;0.03730088
815;0SF0060010BA;134;164;0.04112518
815;0SF0060010BA;135;164;0.01512976
815;0SF0060010BA;136;164;0.00057318
815;0SF0060010BA;137;164;0.00007367
815;0SF0060010BA;148;164;0.00049812
815;0SF0060010BA;149;164;0.00005742
815;0SF0060010BA;133;165;0.02666148
815;0SF0060010BA;134;165;0.02695115
815;0SF0060010BA;135;165;0.01314176
815;0SF0060010BA;133;166;0.02144800
815;0SF0060010BA;134;166;0.00515310
815;0SF0060010BA;135;166;0.00003229
815;GBV006014GBU;229;110;0.01240091
815;GBV006014GBU;229;111;0.01857711
815;GBV006014GBU;229;112;0.01857711
815;GBV006014GBU;229;113;0.01857711
815;GBV006014GBU;228;114;0.01654826
815;GBV006014GBU;229;114;0.00202886
815;GBV006014GBU;228;115;0.01857711
815;GBV006014GBU;228;116;0.01857711
815;GBV006014GBU;264;116;0.00023111
815;GBV006014GBU;265;116;0.00316287
815;GBV006014GBU;227;117;0.00093231
815;GBV006014GBU;228;117;0.01764480
815;GBV006014GBU;264;117;0.00276524
815;GBV006014GBU;265;117;0.00393695
815;GBV006014GBU;227;118;0.01857711
815;GBV006014GBU;264;118;0.00276524
815;GBV006014GBU;265;118;0.00207440
815;GBV006014GBU;266;118;0.00186255
815;GBV006014GBU;227;119;0.01857711
815;GBV006014GBU;263;119;0.00058229
815;GBV006014GBU;264;119;0.00218295
815;GBV006014GBU;266;119;0.00393695
815;GBV006014GBU;227;120;0.01857711
815;GBV006014GBU;263;120;0.00276524
815;GBV006014GBU;266;120;0.00358691
815;GBV006014GBU;267;120;0.00035003
815;GBV006014GBU;226;121;0.00336429
815;GBV006014GBU;227;121;0.01512686
815;GBV006014GBU;263;121;0.00276524
815;GBV006014GBU;267;121;0.00479874
815;GBV006014GBU;268;121;0.00165453
815;GBV006014GBU;226;122;0.01848333
815;GBV006014GBU;262;122;0.00102835
815;GBV006014GBU;263;122;0.00182692
815;GBV006014GBU;226;123;0.01318422
815;GBV006014GBU;227;123;0.00037526
815;GBV006014GBU;262;123;0.00302803
815;GBV006014GBU;226;124;0.00973771
815;GBV006014GBU;227;124;0.00102954
815;GBV006014GBU;228;124;0.00033295
815;GBV006014GBU;233;124;0.00050478
815;GBV006014GBU;261;124;0.00190976
815;GBV006014GBU;262;124;0.00111827
815;GBV006014GBU;226;125;0.00973771
815;GBV006014GBU;228;125;0.00107185
815;GBV006014GBU;229;125;0.00029064
815;GBV006014GBU;232;125;0.00159624
815;GBV006014GBU;233;125;0.00088422
815;GBV006014GBU;234;125;0.00131743
815;GBV006014GBU;235;125;0.00090256
815;GBV006014GBU;236;125;0.00087250
815;GBV006014GBU;237;125;0.00120091
815;GBV006014GBU;238;125;0.00120091
815;GBV006014GBU;239;125;0.00120091
815;GBV006014GBU;240;125;0.00120091
815;GBV006014GBU;241;125;0.00120091
815;GBV006014GBU;242;125;0.00029601
815;GBV006014GBU;259;125;0.00020879
815;GBV006014GBU;260;125;0.00028336
815;GBV006014GBU;261;125;0.00291470
815;GBV006014GBU;262;125;0.00022621
815;GBV006014GBU;226;126;0.00973965
815;GBV006014GBU;229;126;0.00111416
815;GBV006014GBU;230;126;0.00041763
815;GBV006014GBU;231;126;0.00161134
815;GBV006014GBU;232;126;0.00001511
815;GBV006014GBU;235;126;0.00038344
815;GBV006014GBU;236;126;0.00032841
815;GBV006014GBU;242;126;0.00131367
815;GBV006014GBU;256;126;0.00025188
815;GBV006014GBU;257;126;0.00028336
815;GBV006014GBU;258;126;0.00028336
815;GBV006014GBU;259;126;0.00007457
815;GBV006014GBU;261;126;0.00227325
815;GBV006014GBU;262;126;0.00028983
815;GBV006014GBU;263;126;0.00007036
815;GBV006014GBU;225;127;0.00820344
815;GBV006014GBU;226;127;0.00153868
815;GBV006014GBU;229;127;0.00003234
815;GBV006014GBU;230;127;0.00113834
815;GBV006014GBU;242;127;0.00130884
815;GBV006014GBU;243;127;0.00000483
815;GBV006014GBU;252;127;0.00000218
815;GBV006014GBU;253;127;0.00028443
815;GBV006014GBU;254;127;0.00028336
815;GBV006014GBU;255;127;0.00028336
815;GBV006014GBU;256;127;0.00003148
815;GBV006014GBU;261;127;0.00227325
815;GBV006014GBU;225;128;0.00974212
815;GBV006014GBU;228;128;0.00006003
815;GBV006014GBU;229;128;0.00006583
815;GBV006014GBU;243;128;0.00131367
815;GBV006014GBU;252;128;0.00033979
815;GBV006014GBU;261;128;0.00044424
815;GBV006014GBU;225;129;0.00974212
815;GBV006014GBU;227;129;0.00008772
815;GBV006014GBU;228;129;0.00003814
815;GBV006014GBU;243;129;0.00131367
815;GBV006014GBU;251;129;0.00023708
815;GBV006014GBU;252;129;0.00010271
815;GBV006014GBU;225;130;0.00975937
815;GBV006014GBU;226;130;0.00009817
815;GBV006014GBU;227;130;0.00001045
815;GBV006014GBU;243;130;0.00030395
815;GBV006014GBU;244;130;0.00100971
815;GBV006014GBU;250;130;0.00013219
815;GBV006014GBU;251;130;0.00020760
815;GBV006014GBU;225;131;0.01075111
815;GBV006014GBU;244;131;0.00131367
815;GBV006014GBU;249;131;0.00002730
815;GBV006014GBU;250;131;0.00031249
815;GBV006014GBU;224;132;0.01463258
815;GBV006014GBU;225;132;0.00087514
815;GBV006014GBU;244;132;0.00061273
815;GBV006014GBU;245;132;0.00091472
815;GBV006014GBU;248;132;0.00006356
815;GBV006014GBU;249;132;0.00034931
815;GBV006014GBU;223;133;0.00449638
815;GBV006014GBU;224;133;0.01117473
815;GBV006014GBU;245;133;0.00069047
815;GBV006014GBU;246;133;0.00130445
815;GBV006014GBU;247;133;0.00104400
815;GBV006014GBU;248;133;0.00026457
815;GBV006014GBU;223;134;0.01551848
815;GBV006014GBU;246;134;0.00035060
815;GBV006014GBU;247;134;0.00099159
815;GBV006014GBU;222;135;0.00933525
815;GBV006014GBU;223;135;0.00611664
815;GBV006014GBU;245;135;0.00016600
815;GBV006014GBU;246;135;0.00053849
815;GBV006014GBU;247;135;0.00010745
815;GBV006014GBU;248;135;0.00051977
815;GBV006014GBU;222;136;0.01545189
815;GBV006014GBU;245;136;0.00070449
815;GBV006014GBU;248;136;0.00059108
815;GBV006014GBU;249;136;0.00003614
815;GBV006014GBU;221;137;0.01372574
815;GBV006014GBU;222;137;0.00172615
815;GBV006014GBU;244;137;0.00068589
815;GBV006014GBU;245;137;0.00001860
815;GBV006014GBU;249;137;0.00062722
815;GBV006014GBU;221;138;0.01417518
815;GBV006014GBU;243;138;0.00050129
815;GBV006014GBU;244;138;0.00020320
815;GBV006014GBU;249;138;0.00005741
815;GBV006014GBU;220;139;0.00105941
815;GBV006014GBU;221;139;0.01250518
815;GBV006014GBU;242;139;0.00032472
815;GBV006014GBU;243;139;0.00038781
815;GBV006014GBU;220;140;0.01339833
815;GBV006014GBU;241;140;0.00026977
815;GBV006014GBU;242;140;0.00049615
815;GBV006014GBU;220;141;0.01339833
815;GBV006014GBU;240;141;0.00023788
815;GBV006014GBU;241;141;0.00052803
815;GBV006014GBU;220;142;0.01339833
815;GBV006014GBU;239;142;0.00020599
815;GBV006014GBU;240;142;0.00055992
815;GBV006014GBU;220;143;0.01339833
815;GBV006014GBU;238;143;0.00017411
815;GBV006014GBU;239;143;0.00059181
815;GBV006014GBU;220;144;0.01339833
815;GBV006014GBU;238;144;0.00055796
815;GBV006014GBU;239;144;0.00013428
815;GBV006014GBU;220;145;0.01382996
815;GBV006014GBU;239;145;0.00067356
815;GBV006014GBU;219;146;0.00259542
815;GBV006014GBU;220;146;0.01217949
815;GBV006014GBU;239;146;0.00016935
815;GBV006014GBU;240;146;0.00005445
815;GBV006014GBU;219;147;0.02232501
815;GBV006014GBU;220;147;0.00096307
815;GBV006014GBU;218;148;0.02068484
815;GBV006014GBU;219;148;0.00696825
815;GBV006014GBU;220;148;0.00122128
815;GBV006014GBU;221;148;0.00106069
815;GBV006014GBU;217;149;0.00242530
815;GBV006014GBU;218;149;0.02150043
815;GBV006014GBU;221;149;0.00112366
815;GBV006014GBU;222;149;0.00113816
815;GBV006014GBU;217;150;0.02237981
815;GBV006014GBU;222;150;0.00112219
815;GBV006014GBU;223;150;0.00104712
815;GBV006014GBU;217;151;0.03063106
815;GBV006014GBU;223;151;0.00123823
815;GBV006014GBU;224;151;0.00096207
815;GBV006014GBU;215;152;0.03571201
815;GBV006014GBU;216;152;0.02864815
815;GBV006014GBU;217;152;0.03219045
815;GBV006014GBU;224;152;0.00129426
815;GBV006014GBU;225;152;0.00091480
815;GBV006014GBU;213;153;0.01251309
815;GBV006014GBU;214;153;0.04843934
815;GBV006014GBU;215;153;0.00998687
815;GBV006014GBU;217;153;0.00131843
815;GBV006014GBU;218;153;0.00118077
815;GBV006014GBU;225;153;0.00134153
815;GBV006014GBU;226;153;0.00086754
815;GBV006014GBU;213;154;0.03265088
815;GBV006014GBU;218;154;0.00149707
815;GBV006014GBU;226;154;0.00153830
815;GBV006014GBU;227;154;0.00048661
815;GBV006014GBU;213;155;0.00176039
815;GBV006014GBU;218;155;0.00025884
815;GBV006014GBU;227;155;0.00101339
815;0SF0060380BA;129;161;0.02627002
815;0SF0060380BA;130;161;0.02894110
815;0SF0060380BA;131;161;0.02472467
815;0SF0060380BA;128;162;0.00143699
815;0SF0060380BA;129;162;0.07259204
815;0SF0060380BA;130;162;0.12944832
815;0SF0060380BA;131;162;0.14242388
815;0SF0060380BA;128;163;0.00296913
815;0SF0060380BA;129;163;0.06747434
815;0SF0060380BA;130;163;0.13990734
815;0SF0060380BA;131;163;0.19198140
815;0SF0060380BA;129;164;0.04459709
815;0SF0060380BA;130;164;0.03518092
815;0SF0060380BA;131;164;0.04875356
815;0SF0060380BA;132;164;0.04329920
815;NCC006044MBU;143;138;0.00008056
815;NCC006044MBU;142;139;0.00018030
815;NCC006044MBU;143;139;0.00525070
815;NCC006044MBU;144;139;0.06624609
815;NCC006044MBU;145;139;0.00442282
815;NCC006044MBU;146;139;0.00681147
815;NCC006044MBU;147;139;0.00987242
815;NCC006044MBU;148;139;0.00145922
815;NCC006044MBU;142;140;0.03408939
815;NCC006044MBU;143;140;0.06534601
815;NCC006044MBU;144;140;0.03440002
815;NCC006044MBU;145;140;0.00974761
815;NCC006044MBU;146;140;0.00228035
815;NCC006044MBU;136;141;0.00626367
815;NCC006044MBU;137;141;0.00733657
815;NCC006044MBU;138;141;0.06989160
815;NCC006044MBU;139;141;0.10166910
815;NCC006044MBU;140;141;0.08621137
815;NCC006044MBU;141;141;0.07094698
815;NCC006044MBU;142;141;0.05120223
815;NCC006044MBU;143;141;0.00462704
815;NCC006044MBU;144;141;0.00316686
815;NCC006044MBU;145;141;0.00705944
815;NCC006044MBU;134;142;0.00036932
815;NCC006044MBU;135;142;0.00830269
815;NCC006044MBU;136;142;0.00145099
815;NCC006044MBU;137;142;0.00378721
815;NCC006044MBU;138;142;0.03534091
815;NCC006044MBU;139;142;0.04533846
815;NCC006044MBU;140;142;0.00970935
815;NCC006044MBU;141;142;0.00034441
815;NCC006044MBU;142;142;0.00074158
815;NCC006044MBU;143;142;0.00124740
815;NCC006044MBU;144;142;0.00005925
815;NCC006044MBU;145;142;0.00083578
815;NCC006044MBU;134;143;0.00658090
815;NCC006044MBU;135;143;0.00019821
815;NCC006044MBU;136;143;0.00174909
815;NCC006044MBU;137;143;0.01102048
815;NCC006044MBU;138;143;0.02881629
815;NCC006044MBU;139;143;0.04623766
815;NCC006044MBU;140;143;0.00351830
815;NCC006044MBU;142;143;0.00005164
815;NCC006044MBU;143;143;0.00028501
815;NCC006044MBU;144;143;0.00012005
815;NCC006044MBU;145;143;0.00009311
815;NCC006044MBU;133;144;0.00443884
815;NCC006044MBU;134;144;0.00182493
815;NCC006044MBU;136;144;0.00271336
815;NCC006044MBU;137;144;0.01291997
815;NCC006044MBU;138;144;0.00278275
815;NCC006044MBU;139;144;0.02866760
815;NCC006044MBU;140;144;0.01870359
815;NCC006044MBU;141;144;0.00002191
815;NCC006044MBU;142;144;0.00015296
815;NCC006044MBU;143;144;0.00010074
815;NCC006044MBU;133;145;0.00042366
815;NCC006044MBU;134;145;0.00002317
815;NCC006044MBU;135;145;0.00006166
815;NCC006044MBU;136;145;0.00550802
815;NCC006044MBU;137;145;0.00637633
815;NCC006044MBU;138;145;0.00032578
815;NCC006044MBU;139;145;0.00755274
815;NCC006044MBU;140;145;0.03219262
815;NCC006044MBU;141;145;0.00020193
815;NCC006044MBU;142;145;0.00000530
815;NCC006044MBU;132;146;0.00000147
815;NCC006044MBU;133;146;0.00000038
815;NCC006044MBU;134;146;0.00000600
815;NCC006044MBU;135;146;0.00045292
815;NCC006044MBU;136;146;0.00430103
815;NCC006044MBU;137;146;0.00087448
815;NCC006044MBU;138;146;0.00032476
815;NCC006044MBU;139;146;0.00665400
815;NCC006044MBU;140;146;0.00018305
815;NCC006044MBU;134;147;0.00000035
815;NCC006044MBU;135;147;0.00020442
815;NCC006044MBU;136;147;0.00192197
815;NCC006044MBU;137;147;0.00001967
815;NCC006044MBU;138;147;0.00066390
815;NCC006044MBU;139;147;0.00003020
815;NCC006044MBU;136;148;0.00203210
815;NCC006044MBU;137;148;0.00078075
815;NCC006044MBU;138;148;0.00024767
815;NCC006044MBU;136;149;0.00152219
815;NCC006044MBU;137;149;0.00002091
815;SJV006016SJU;180;109;0.00575034
815;SJV006016SJU;181;109;0.00001840
815;SJV006016SJU;182;109;0.00071431
815;SJV006016SJU;183;109;0.00274681
815;SJV006016SJU;185;109;0.00009498
815;SJV006016SJU;187;109;0.02969042
815;SJV006016SJU;192;109;0.00130004
815;SJV006016SJU;180;110;0.00121706
815;SJV006016SJU;181;110;0.00504310
815;SJV006016SJU;182;110;0.00311929
815;SJV006016SJU;183;110;0.00003908
815;SJV006016SJU;184;110;0.00013626
815;SJV006016SJU;185;110;0.00001534
815;SJV006016SJU;186;110;0.01634509
815;SJV006016SJU;187;110;0.01902413
815;SJV006016SJU;192;110;0.00162341
815;SJV006016SJU;181;111;0.00763721
815;SJV006016SJU;182;111;0.00349252
815;SJV006016SJU;184;111;0.00010056
815;SJV006016SJU;185;111;0.00559742
815;SJV006016SJU;186;111;0.03075156
815;SJV006016SJU;192;111;0.00167939
815;SJV006016SJU;193;111;0.00001365
815;SJV006016SJU;178;112;0.00001006
815;SJV006016SJU;179;112;0.00001295
815;SJV006016SJU;181;112;0.00510965
815;SJV006016SJU;182;112;0.00527874
815;SJV006016SJU;184;112;0.00021276
815;SJV006016SJU;185;112;0.03715693
815;SJV006016SJU;192;112;0.00171902
815;SJV006016SJU;193;112;0.00000635
815;SJV006016SJU;179;113;0.00001998
815;SJV006016SJU;180;113;0.00406793
815;SJV006016SJU;181;113;0.00218426
815;SJV006016SJU;182;113;0.00403304
815;SJV006016SJU;183;113;0.00450853
815;SJV006016SJU;184;113;0.03635773
815;SJV006016SJU;185;113;0.00231992
815;SJV006016SJU;186;113;0.00070923
815;SJV006016SJU;187;113;0.00064851
815;SJV006016SJU;188;113;0.00063855
815;SJV006016SJU;189;113;0.00063355
815;SJV006016SJU;190;113;0.00087539
815;SJV006016SJU;191;113;0.00055920
815;SJV006016SJU;192;113;0.00216765
815;SJV006016SJU;193;113;0.00001558
815;SJV006016SJU;179;114;0.00032307
815;SJV006016SJU;180;114;0.00686330
815;SJV006016SJU;182;114;0.00000012
815;SJV006016SJU;183;114;0.03427610
815;SJV006016SJU;184;114;0.00879915
815;SJV006016SJU;190;114;0.00022310
815;SJV006016SJU;192;114;0.00209105
815;SJV006016SJU;179;115;0.00185014
815;SJV006016SJU;180;115;0.00598931
815;SJV006016SJU;182;115;0.03027009
815;SJV006016SJU;183;115;0.02151402
815;SJV006016SJU;184;115;0.00001321
815;SJV006016SJU;190;115;0.00041470
815;SJV006016SJU;191;115;0.00009838
815;SJV006016SJU;192;115;0.00226090
815;SJV006016SJU;193;115;0.00009712
815;SJV006016SJU;180;116;0.01100140
815;SJV006016SJU;181;116;0.03188082
815;SJV006016SJU;182;116;0.00168572
815;SJV006016SJU;184;116;0.01085933
815;SJV006016SJU;190;116;0.00042040
815;SJV006016SJU;191;116;0.00000084
815;SJV006016SJU;192;116;0.00372614
815;SJV006016SJU;193;116;0.00048309
815;SJV006016SJU;181;117;0.00211168
815;SJV006016SJU;182;117;0.00065271
815;SJV006016SJU;183;117;0.00016019
815;SJV006016SJU;184;117;0.00556188
815;SJV006016SJU;185;117;0.00486495
815;SJV006016SJU;189;117;0.00001108
815;SJV006016SJU;190;117;0.00077571
815;SJV006016SJU;191;117;0.00096981
815;SJV006016SJU;192;117;0.01315260
815;SJV006016SJU;193;117;0.00177516
815;SJV006016SJU;182;118;0.00375919
815;SJV006016SJU;183;118;0.00063492
815;SJV006016SJU;184;118;0.00007414
815;SJV006016SJU;185;118;0.01154971
815;SJV006016SJU;186;118;0.00010692
815;SJV006016SJU;188;118;0.00012989
815;SJV006016SJU;189;118;0.00043225
815;SJV006016SJU;190;118;0.00145021
815;SJV006016SJU;191;118;0.00155397
815;SJV006016SJU;192;118;0.01041246
815;SJV006016SJU;193;118;0.00083431
815;SJV006016SJU;183;119;0.00353717
815;SJV006016SJU;184;119;0.00061719
815;SJV006016SJU;186;119;0.01150850
815;SJV006016SJU;187;119;0.00013681
815;SJV006016SJU;188;119;0.00012723
815;SJV006016SJU;189;119;0.00032913
815;SJV006016SJU;190;119;0.00084165
815;SJV006016SJU;191;119;0.00870003
815;SJV006016SJU;192;119;0.00117909
815;SJV006016SJU;193;119;0.00003123
815;SJV006016SJU;184;120;0.00341205
815;SJV006016SJU;185;120;0.00118942
815;SJV006016SJU;186;120;0.00896031
815;SJV006016SJU;187;120;0.00660849
815;SJV006016SJU;188;120;0.00385180
815;SJV006016SJU;189;120;0.00308953
815;SJV006016SJU;190;120;0.00373468
815;SJV006016SJU;191;120;0.01029536
815;SJV006016SJU;192;120;0.00297664
815;SJV006016SJU;193;120;0.00166632
815;SJV006016SJU;183;121;0.00080909
815;SJV006016SJU;184;121;0.00359702
815;SJV006016SJU;185;121;0.01226522
815;SJV006016SJU;186;121;0.00943106
815;SJV006016SJU;187;121;0.01154537
815;SJV006016SJU;188;121;0.00388508
815;SJV006016SJU;189;121;0.00138214
815;SJV006016SJU;190;121;0.00181221
815;SJV006016SJU;191;121;0.00786855
815;SJV006016SJU;192;121;0.00125112
815;SJV006016SJU;193;121;0.00014351
815;SJV006016SJU;185;122;0.00077637
815;SJV006016SJU;186;122;0.01214451
815;SJV006016SJU;187;122;0.03382141
815;SJV006016SJU;188;122;0.00609078
815;SJV006016SJU;189;122;0.00181930
815;SJV006016SJU;190;122;0.00529892
815;SJV006016SJU;191;122;0.00866105
815;SJV006016SJU;192;122;0.00067833
815;SJV006016SJU;193;122;0.00053897
815;SJV006016SJU;194;122;0.00101718
815;SJV006016SJU;185;123;0.00002288
815;SJV006016SJU;186;123;0.00032521
815;SJV006016SJU;187;123;0.02691138
815;SJV006016SJU;188;123;0.02083544
815;SJV006016SJU;189;123;0.03116258
815;SJV006016SJU;190;123;0.05996196
815;SJV006016SJU;191;123;0.02284133
815;SJV006016SJU;192;123;0.01530351
815;SJV006016SJU;193;123;0.01454736
815;SJV006016SJU;194;123;0.01127396
815;SJV006016SJU;184;124;0.00023151
815;SJV006016SJU;185;124;0.00163734
815;SJV006016SJU;186;124;0.00274173
815;SJV006016SJU;187;124;0.01237021
815;SJV006016SJU;188;124;0.00200104
815;SJV006016SJU;189;124;0.00412645
815;SJV006016SJU;190;124;0.03393410
815;SJV006016SJU;191;124;0.01191408
815;SJV006016SJU;192;124;0.00251040
815;SJV006016SJU;193;124;0.00094514
815;SJV006016SJU;194;124;0.00052660
815;SJV006016SJU;183;125;0.00013047
815;SJV006016SJU;184;125;0.00081429
815;SJV006016SJU;185;125;0.00034231
815;SJV006016SJU;186;125;0.00048998
815;SJV006016SJU;187;125;0.01061849
815;SJV006016SJU;188;125;0.00306405
815;SJV006016SJU;189;125;0.00388742
815;SJV006016SJU;190;125;0.01161063
815;SJV006016SJU;191;125;0.00101979
815;SJV006016SJU;192;125;0.00153520
815;SJV006016SJU;193;125;0.00015267
815;SJV006016SJU;189;126;0.00108434
815;SJV006016SJU;190;126;0.00628512
815;SJV006016SJU;191;126;0.00001254
815;SJV006016SJU;192;126;0.00150230
815;SJV006016SJU;193;126;0.00011051
815;SJV006016SJU;192;127;0.00116758
815;SJV006016SJU;193;127;0.00005136
815;SJV006016SJU;192;128;0.00085584
815;SJV006016SJU;193;128;0.00000002
815;0NC006012NCU;104;224;0.00081874
815;0NC006012NCU;104;225;0.00196829
815;0NC006012NCU;104;226;0.00198931
815;0NC006012NCU;103;227;0.00018407
815;0NC006012NCU;104;227;0.00134245
815;0NC006012NCU;103;228;0.00087717
815;0NC006012NCU;104;228;0.00063167
815;0NC006012NCU;104;229;0.00158097
815;0NC006012NCU;103;230;0.00214541
815;0NC006012NCU;104;230;0.00277485
815;0NC006012NCU;102;231;0.00134474
815;0NC006012NCU;103;231;0.00233493
815;0NC006012NCU;102;232;0.00257189
815;0NC006012NCU;101;233;0.00272578
815;0NC006012NCU;102;233;0.00003183
815;0NC006012NCU;101;234;0.00366329
815;0NC006012NCU;100;235;0.00200678
815;0NC006012NCU;101;235;0.00402508
815;0NC006012NCU;99;236;0.00335289
815;0NC006012NCU;100;236;0.00365937
815;0NC006012NCU;106;236;0.00053006
815;0NC006012NCU;107;236;0.00034517
815;0NC006012NCU;98;237;0.00469354
815;0NC006012NCU;99;237;0.00082665
815;0NC006012NCU;101;237;0.00013612
815;0NC006012NCU;102;237;0.00036535
815;0NC006012NCU;103;237;0.00036080
815;0NC006012NCU;104;237;0.00051187
815;0NC006012NCU;105;237;0.00049978
815;0NC006012NCU;106;237;0.00013090
815;0NC006012NCU;107;237;0.00036559
815;0NC006012NCU;108;237;0.00046591
815;0NC006012NCU;109;237;0.00030112
815;0NC006012NCU;97;238;0.01700210
815;0NC006012NCU;98;238;0.00648037
815;0NC006012NCU;99;238;0.00016176
815;0NC006012NCU;100;238;0.00038743
815;0NC006012NCU;101;238;0.00024476
815;0NC006012NCU;103;238;0.00005619
815;0NC006012NCU;104;238;0.00004760
815;0NC006012NCU;97;239;0.02045453
815;0NC006012NCU;98;239;0.00014658
815;0NC006012NCU;99;239;0.00023165
815;0NC006012NCU;103;239;0.00011067
815;0NC006012NCU;94;240;0.00023961
815;0NC006012NCU;95;240;0.00752233
815;0NC006012NCU;97;240;0.02054629
815;0NC006012NCU;103;240;0.00010848
815;0NC006012NCU;95;241;0.00310293
815;0NC006012NCU;96;241;0.05190545
815;0NC006012NCU;97;241;0.00322014
815;0NC006012NCU;102;241;0.00010202
815;0NC006012NCU;103;241;0.00007880
815;0NC006012NCU;96;242;0.03385791
815;0NC006012NCU;101;242;0.00006330
815;0NC006012NCU;102;242;0.00004123
815;0NC006012NCU;96;243;0.03510331
815;0NC006012NCU;101;243;0.00010534
815;0NC006012NCU;96;244;0.04127195
815;0NC006012NCU;100;244;0.00001337
815;0NC006012NCU;101;244;0.00012845
815;0NC006012NCU;96;245;0.05970394
815;0NC006012NCU;97;245;0.03130998
815;0NC006012NCU;98;245;0.00756270
815;0NC006012NCU;99;245;0.00196121
815;0NC006012NCU;100;245;0.00012288
815;0NC006012NCU;96;246;0.00662382
815;0NC006012NCU;97;246;0.08141894
815;0NC006012NCU;98;246;0.07224135
815;0NC006012NCU;99;246;0.00742270
815;0NC006012NCU;100;246;0.00003115
815;0NC006012NCU;98;247;0.01076958
815;0NC006012NCU;99;247;0.08282867
815;0NC006012NCU;99;248;0.09158543
815;0NC006012NCU;100;248;0.00181074
815;0NC006012NCU;101;248;0.00254920
815;0NC006012NCU;102;248;0.00125684
815;0NC006012NCU;105;248;0.00010642
815;0NC006012NCU;106;248;0.00219187
815;0NC006012NCU;108;248;0.00060771
815;0NC006012NCU;98;249;0.05249276
815;0NC006012NCU;99;249;0.02720200
815;0NC006012NCU;100;249;0.00476979
815;0NC006012NCU;102;249;0.00286888
815;0NC006012NCU;103;249;0.00222128
815;0NC006012NCU;104;249;0.00282758
815;0NC006012NCU;105;249;0.00246364
815;0NC006012NCU;106;249;0.00059829
815;0NC006012NCU;107;249;0.00328634
815;0NC006012NCU;108;249;0.00308256
815;0NC006012NCU;98;250;0.02790211
815;0NC006012NCU;102;250;0.00078164
815;0NC006012NCU;103;250;0.00069785
815;0NC006012NCU;108;250;0.00048438
815;0NC006012NCU;98;251;0.01289813
815;0NC006012NCU;107;251;0.00001830
815;0NC006012NCU;108;251;0.00013601
815;0NC006012NCU;98;252;0.01406413
815;0NC006012NCU;107;252;0.00008605
815;0NC006012NCU;97;253;0.00071624
815;0NC006012NCU;98;253;0.01203543
815;0NC006012NCU;107;253;0.00008569
815;0NC006012NCU;97;254;0.00566640
815;0NC006012NCU;98;254;0.00003880
815;0NC006012NCU;107;254;0.00008312
815;0NC006012NCU;97;255;0.00217222
815;0NC006012NCU;98;255;0.00534788
815;0NC006012NCU;102;255;0.00001426
815;0NC006012NCU;103;255;0.00014971
815;0NC006012NCU;104;255;0.00014869
815;0NC006012NCU;107;255;0.00008452
815;0NC006012NCU;98;256;0.00620963
815;0NC006012NCU;99;256;0.00014578
815;0NC006012NCU;102;256;0.00014737
815;0NC006012NCU;104;256;0.00008156
815;0NC006012NCU;105;256;0.00014542
815;0NC006012NCU;106;256;0.00014278
815;0NC006012NCU;107;256;0.00028430
815;0NC006012NCU;108;256;0.00000014
815;0NC006012NCU;98;257;0.00381292
815;0NC006012NCU;99;257;0.00344339
815;0NC006012NCU;101;257;0.00006537
815;0NC006012NCU;102;257;0.00007400
815;0NC006012NCU;108;257;0.00020917
815;0NC006012NCU;99;258;0.00564829
815;0NC006012NCU;101;258;0.00013937
815;0NC006012NCU;108;258;0.00016765
815;0NC006012NCU;109;258;0.00023267
815;0NC006012NCU;110;258;0.00000264
815;0NC006012NCU;99;259;0.00551255
815;0NC006012NCU;100;259;0.00411413
815;0NC006012NCU;101;259;0.00005848
815;0NC006012NCU;110;259;0.00029629
815;0NC006012NCU;100;260;0.00613555
815;0NC006012NCU;110;260;0.00001113
815;0NC006012NCU;111;260;0.00020588
815;0NC006012NCU;100;261;0.00186338
815;0NC006012NCU;101;261;0.00717140
815;0NC006012NCU;111;261;0.00008336
815;0NC006012NCU;101;262;0.00583077
815;0NC006012NCU;100;263;0.00256479
815;0NC006012NCU;101;263;0.00418394
815;0NC006012NCU;100;264;0.00118917
815;0SF0060480BA;136;170;0.00720318
815;0SF0060480BA;137;170;0.03780927
815;0SF0060480BA;134;171;0.00282463
815;0SF0060480BA;135;171;0.07494825
815;0SF0060480BA;136;171;0.03928465
815;0SF0060480BA;137;171;0.02424715
815;0SF0060480BA;133;172;0.01143807
815;0SF0060480BA;134;172;0.03844098
815;0SF0060480BA;135;172;0.07519941
815;0SF0060480BA;136;172;0.00071017
815;0SF0060480BA;137;172;0.02416932
815;0SF0060480BA;131;173;0.00713057
815;0SF0060480BA;132;173;0.01533198
815;0SF0060480BA;133;173;0.00424041
815;0SF0060480BA;134;173;0.03600510
815;0SF0060480BA;135;173;0.04759415
815;0SF0060480BA;137;173;0.02416932
815;0SF0060480BA;135;174;0.00795642
815;0SF0060480BA;136;174;0.04587537
815;0SF0060480BA;137;174;0.02694664
815;0SF0060480BA;142;174;0.00198668
815;0SF0060480BA;143;174;0.00228575
815;0SF0060480BA;135;175;0.00335109
815;0SF0060480BA;136;175;0.02647838
815;0SF0060480BA;137;175;0.09630742
815;0SF0060480BA;138;175;0.03454633
815;0SF0060480BA;139;175;0.00527717
815;0SF0060480BA;140;175;0.00549492
815;0SF0060480BA;141;175;0.00436894
815;0SF0060480BA;142;175;0.00433522
815;0SF0060480BA;136;176;0.00334701
815;0SF0060480BA;137;176;0.00557872
815;0SF0060480BA;138;176;0.07898349
815;0SF0060480BA;139;176;0.07767528
815;0SF0060480BA;140;176;0.01659934
815;0SF0060480BA;141;176;0.00183449
815;0SF0060480BA;137;177;0.00015624
815;0SF0060480BA;138;177;0.00019098
815;0SF0060480BA;139;177;0.06346286
815;0SF0060480BA;140;177;0.00454422
815;0SF0060480BA;141;177;0.00420917
815;0SF0060480BA;139;178;0.00746127
815;SJV006024SJU;165;138;0.01423920
815;SJV006024SJU;164;139;0.00527661
815;SJV006024SJU;165;139;0.00983219
815;SJV006024SJU;166;139;0.00008298
815;SJV006024SJU;163;140;0.00400911
815;SJV006024SJU;164;140;0.01350836
815;SJV006024SJU;168;140;0.00007779
815;SJV006024SJU;169;140;0.00006485
815;SJV006024SJU;162;141;0.00010252
815;SJV006024SJU;163;141;0.01460208
815;SJV006024SJU;164;141;0.00070063
815;SJV006024SJU;167;141;0.00028170
815;SJV006024SJU;168;141;0.00069069
815;SJV006024SJU;169;141;0.00162709
815;SJV006024SJU;162;142;0.01452092
815;SJV006024SJU;163;142;0.00001931
815;SJV006024SJU;164;142;0.00077719
815;SJV006024SJU;166;142;0.00058899
815;SJV006024SJU;167;142;0.00009431
815;SJV006024SJU;168;142;0.00002763
815;SJV006024SJU;169;142;0.00266312
815;SJV006024SJU;156;143;0.00033959
815;SJV006024SJU;159;143;0.00272397
815;SJV006024SJU;160;143;0.00527188
815;SJV006024SJU;161;143;0.01338847
815;SJV006024SJU;162;143;0.00861513
815;SJV006024SJU;163;143;0.00432907
815;SJV006024SJU;164;143;0.01062366
815;SJV006024SJU;165;143;0.00706436
815;SJV006024SJU;166;143;0.00573633
815;SJV006024SJU;167;143;0.00632799
815;SJV006024SJU;168;143;0.00621074
815;SJV006024SJU;169;143;0.00671434
815;SJV006024SJU;170;143;0.00628184
815;SJV006024SJU;171;143;0.00484602
815;SJV006024SJU;156;144;0.00266175
815;SJV006024SJU;157;144;0.00535535
815;SJV006024SJU;158;144;0.00615548
815;SJV006024SJU;159;144;0.00287392
815;SJV006024SJU;160;144;0.00684221
815;SJV006024SJU;161;144;0.01171086
815;SJV006024SJU;162;144;0.00273822
815;SJV006024SJU;163;144;0.00424466
815;SJV006024SJU;164;144;0.00494236
815;SJV006024SJU;165;144;0.00146220
815;SJV006024SJU;166;144;0.00145032
815;SJV006024SJU;167;144;0.00158221
815;SJV006024SJU;168;144;0.00010571
815;SJV006024SJU;169;144;0.00000642
815;SJV006024SJU;171;144;0.00215720
815;SJV006024SJU;172;144;0.00477811
815;SJV006024SJU;160;145;0.01595235
815;SJV006024SJU;161;145;0.00015728
815;SJV006024SJU;162;145;0.00096018
815;SJV006024SJU;164;145;0.00264914
815;SJV006024SJU;167;145;0.00068070
815;SJV006024SJU;170;145;0.00002900
815;SJV006024SJU;171;145;0.00007342
815;SJV006024SJU;172;145;0.00547259
815;SJV006024SJU;173;145;0.00021972
815;SJV006024SJU;174;145;0.00017148
815;SJV006024SJU;159;146;0.00634812
815;SJV006024SJU;160;146;0.00905134
815;SJV006024SJU;161;146;0.00081045
815;SJV006024SJU;164;146;0.00268710
815;SJV006024SJU;167;146;0.00068744
815;SJV006024SJU;168;146;0.00025618
815;SJV006024SJU;172;146;0.00543023
815;SJV006024SJU;174;146;0.00024322
815;SJV006024SJU;175;146;0.01330516
815;SJV006024SJU;176;146;0.03328131
815;SJV006024SJU;177;146;0.00000128
815;SJV006024SJU;178;146;0.00027258
815;SJV006024SJU;159;147;0.01240465
815;SJV006024SJU;160;147;0.00204416
815;SJV006024SJU;161;147;0.00174136
815;SJV006024SJU;164;147;0.00265574
815;SJV006024SJU;168;147;0.00067035
815;SJV006024SJU;169;147;0.00070171
815;SJV006024SJU;170;147;0.00083501
815;SJV006024SJU;171;147;0.00046028
815;SJV006024SJU;172;147;0.00622163
815;SJV006024SJU;173;147;0.00409744
815;SJV006024SJU;174;147;0.01489418
815;SJV006024SJU;175;147;0.03198629
815;SJV006024SJU;176;147;0.00103185
815;SJV006024SJU;177;147;0.00039689
815;SJV006024SJU;178;147;0.00084750
815;SJV006024SJU;159;148;0.00868474
815;SJV006024SJU;160;148;0.00202808
815;SJV006024SJU;161;148;0.00218900
815;SJV006024SJU;164;148;0.00256192
815;SJV006024SJU;170;148;0.00029722
815;SJV006024SJU;172;148;0.00320181
815;SJV006024SJU;173;148;0.01161188
815;SJV006024SJU;174;148;0.03083514
815;SJV006024SJU;175;148;0.00211793
815;SJV006024SJU;176;148;0.00229767
815;SJV006024SJU;177;148;0.00157982
815;SJV006024SJU;178;148;0.00011132
815;SJV006024SJU;179;148;0.00016639
815;SJV006024SJU;180;148;0.00003888
815;SJV006024SJU;160;149;0.00078649
815;SJV006024SJU;161;149;0.00550159
815;SJV006024SJU;162;149;0.00264877
815;SJV006024SJU;164;149;0.00256430
815;SJV006024SJU;170;149;0.00054571
815;SJV006024SJU;171;149;0.00161713
815;SJV006024SJU;172;149;0.01752447
815;SJV006024SJU;173;149;0.03077647
815;SJV006024SJU;174;149;0.00351660
815;SJV006024SJU;175;149;0.00155294
815;SJV006024SJU;176;149;0.00127448
815;SJV006024SJU;177;149;0.00007678
815;SJV006024SJU;160;150;0.00110660
815;SJV006024SJU;161;150;0.00017233
815;SJV006024SJU;162;150;0.00254765
815;SJV006024SJU;163;150;0.00311956
815;SJV006024SJU;164;150;0.00597283
815;SJV006024SJU;165;150;0.00295232
815;SJV006024SJU;166;150;0.00291992
815;SJV006024SJU;167;150;0.00309273
815;SJV006024SJU;168;150;0.00275923
815;SJV006024SJU;169;150;0.00349742
815;SJV006024SJU;170;150;0.01926779
815;SJV006024SJU;171;150;0.04238453
815;SJV006024SJU;172;150;0.04369561
815;SJV006024SJU;173;150;0.00726272
815;SJV006024SJU;174;150;0.00351860
815;SJV006024SJU;175;150;0.00271064
815;SJV006024SJU;176;150;0.00144363
815;SJV006024SJU;177;150;0.00079803
815;SJV006024SJU;161;151;0.00105581
815;SJV006024SJU;162;151;0.00248512
815;SJV006024SJU;163;151;0.00216947
815;SJV006024SJU;164;151;0.00554057
815;SJV006024SJU;165;151;0.00198393
815;SJV006024SJU;166;151;0.00195683
815;SJV006024SJU;167;151;0.00242983
815;SJV006024SJU;168;151;0.01895629
815;SJV006024SJU;169;151;0.03421374
815;SJV006024SJU;170;151;0.02685777
815;SJV006024SJU;171;151;0.00994531
815;SJV006024SJU;172;151;0.00650393
815;SJV006024SJU;173;151;0.00266136
815;SJV006024SJU;174;151;0.00000935
815;SJV006024SJU;177;151;0.00068942
815;SJV006024SJU;178;151;0.00001429
815;SJV006024SJU;162;152;0.00117211
815;SJV006024SJU;163;152;0.00008117
815;SJV006024SJU;164;152;0.00438881
815;SJV006024SJU;165;152;0.00093212
815;SJV006024SJU;166;152;0.01542307
815;SJV006024SJU;167;152;0.02913730
815;SJV006024SJU;168;152;0.01115447
815;SJV006024SJU;169;152;0.00963152
815;SJV006024SJU;170;152;0.00124166
815;SJV006024SJU;171;152;0.00250812
815;SJV006024SJU;172;152;0.00176652
815;SJV006024SJU;173;152;0.00042020
815;SJV006024SJU;162;153;0.00072257
815;SJV006024SJU;163;153;0.00108189
815;SJV006024SJU;164;153;0.00639206
815;SJV006024SJU;165;153;0.00914173
815;SJV006024SJU;166;153;0.02439720
815;SJV006024SJU;167;153;0.00084951
815;SJV006024SJU;168;153;0.00612526
815;SJV006024SJU;169;153;0.00093929
815;SJV006024SJU;170;153;0.00175866
815;SJV006024SJU;171;153;0.00297231
815;SJV006024SJU;172;153;0.00003249
815;SJV006024SJU;173;153;0.00054461
815;SJV006024SJU;174;153;0.00013647
815;SJV006024SJU;175;153;0.00006826
815;SJV006024SJU;164;154;0.00238936
815;SJV006024SJU;165;154;0.02648382
815;SJV006024SJU;166;154;0.00327656
815;SJV006024SJU;167;154;0.00499742
815;SJV006024SJU;168;154;0.00059260
815;SJV006024SJU;169;154;0.00336871
815;SJV006024SJU;170;154;0.00036351
815;SJV006024SJU;171;154;0.00058875
815;SJV006024SJU;172;154;0.00005881
815;SJV006024SJU;173;154;0.00047396
815;SJV006024SJU;175;154;0.00006821
815;SJV006024SJU;176;154;0.00008943
815;SJV006024SJU;166;155;0.00133375
815;SJV006024SJU;167;155;0.00054541
815;SJV006024SJU;168;155;0.00316151
815;SJV006024SJU;169;155;0.00004746
815;SJV006024SJU;170;155;0.00006871
815;SJV006024SJU;171;155;0.00033363
815;SJV006024SJU;172;155;0.00062303
815;SJV006024SJU;173;155;0.00046692
815;SJV006024SJU;168;156;0.00027039
815;SJV006024SJU;169;156;0.00016842
815;SJV006024SJU;170;156;0.00027267
815;SJV006024SJU;171;156;0.00028901
815;SJV006024SJU;172;156;0.00015700
815;SJV006024SJU;173;156;0.00114427
815;SJV006024SJU;174;156;0.00022386
815;SJV006024SJU;175;156;0.00019487
815;SJV006024SJU;171;157;0.00003712
815;SJV006024SJU;173;157;0.00065442
815;SJV006024SJU;173;158;0.00037731
815;0NC0060490NS;117;178;0.00023465
815;0NC0060490NS;118;178;0.00407370
815;0NC0060490NS;119;178;0.00362461
815;0NC0060490NS;120;178;0.00226288
815;0NC0060490NS;117;179;0.00374883
815;0NC0060490NS;119;179;0.00908909
815;0NC0060490NS;120;179;0.00722254
815;0NC0060490NS;117;180;0.00328672
815;0NC0060490NS;120;180;0.00108816
815;0NC0060490NS;116;181;0.00697814
815;0NC0060490NS;117;181;0.00385414
815;0NC0060490NS;119;181;0.01601566
815;0NC0060490NS;120;181;0.01148156
815;0NC0060490NS;121;181;0.00603387
815;0NC0060490NS;115;182;0.00545706
815;0NC0060490NS;116;182;0.01426722
815;0NC0060490NS;117;182;0.01183051
815;0NC0060490NS;118;182;0.02227151
815;0NC0060490NS;119;182;0.01230408
815;0NC0060490NS;120;182;0.00752861
815;0NC0060490NS;121;182;0.02726928
815;0NC0060490NS;114;183;0.01319436
815;0NC0060490NS;115;183;0.01000069
815;0NC0060490NS;118;183;0.00640030
815;0NC0060490NS;119;183;0.02078717
815;0NC0060490NS;120;183;0.01697785
815;0NC0060490NS;121;183;0.03754054
815;0NC0060490NS;122;183;0.00511344
815;0NC0060490NS;112;184;0.00021015
815;0NC0060490NS;113;184;0.01428738
815;0NC0060490NS;114;184;0.00197261
815;0NC0060490NS;121;184;0.00219424
815;0NC0060490NS;122;184;0.00656604
815;0NC0060490NS;112;185;0.01252674
815;0NC0060490NS;121;185;0.00219424
815;0NC0060490NS;122;185;0.11326780
815;0NC0060490NS;111;186;0.01091289
815;0NC0060490NS;112;186;0.00117852
815;0NC0060490NS;121;186;0.06670587
815;0NC0060490NS;122;186;0.07177697
815;0NC0060490NS;124;186;0.00133366
815;0NC0060490NS;125;186;0.00477000
815;0NC0060490NS;126;186;0.00328113
815;0NC0060490NS;110;187;0.00529101
815;0NC0060490NS;111;187;0.00523485
815;0NC0060490NS;121;187;0.05946558
815;0NC0060490NS;122;187;0.00325455
815;0NC0060490NS;123;187;0.00470419
815;0NC0060490NS;124;187;0.00343634
815;0NC0060490NS;110;188;0.01142997
815;0NC0060490NS;121;188;0.06819289
815;0NC0060490NS;109;189;0.00959927
815;0NC0060490NS;110;189;0.00267970
815;0NC0060490NS;120;189;0.05105250
815;0NC0060490NS;121;189;0.01149772
815;0NC0060490NS;108;190;0.00683906
815;0NC0060490NS;109;190;0.00384125
815;0NC0060490NS;119;190;0.05265074
815;0NC0060490NS;120;190;0.01367427
815;0NC0060490NS;118;191;0.01114613
815;0NC0060490NS;119;191;0.03676253
815;0NC0060490NS;117;192;0.00103234
815;0NC0060490NS;118;192;0.03509972
815;0LT006031PLA;179;197;0.00154737
815;0LT006031PLA;178;198;0.00009021
815;0LT006031PLA;179;198;0.09140287
815;0LT006031PLA;178;199;0.00057636
815;0LT006031PLA;179;199;0.07758205
815;0LT006031PLA;177;200;0.00009507
815;0LT006031PLA;178;200;0.08384847
815;0LT006031PLA;179;200;0.17807393
815;0LT006031PLA;178;201;0.01469948
815;0LT006031PLA;179;201;0.04079044
815;0LT006031PLA;180;201;0.13033085
815;0LT006031PLA;180;202;0.06907505
815;0LT006031PLA;181;202;0.18691673
815;0LT006031PLA;182;202;0.07269640
815;0LT006031PLA;180;203;0.00316421
815;0LT006031PLA;181;203;0.04911053
815;0MC006031PLA;160;194;0.00067299
815;0MC006031PLA;161;194;0.01366835
815;0MC006031PLA;162;194;0.00717668
815;0MC006031PLA;160;195;0.00675124
815;0MC006031PLA;161;195;0.09719186
815;0MC006031PLA;162;195;0.01545666
815;0MC006031PLA;163;195;0.00173162
815;0MC006031PLA;161;196;0.10377848
815;0MC006031PLA;162;196;0.00549461
815;0MC006031PLA;163;196;0.01134909
815;0MC006031PLA;164;196;0.01268571
815;0MC006031PLA;165;196;0.00790618
815;0MC006031PLA;161;197;0.00276829
815;0MC006031PLA;162;197;0.07731066
815;0MC006031PLA;165;197;0.00244606
815;0MC006031PLA;166;197;0.00464060
815;0MC006031PLA;162;198;0.07701504
815;0MC006031PLA;166;198;0.00145777
815;0MC006031PLA;167;198;0.00108604
815;0MC006031PLA;162;199;0.07558013
815;0MC006031PLA;163;199;0.00821434
815;0MC006031PLA;167;199;0.00028177
815;0MC006031PLA;168;199;0.00001472
815;0MC006031PLA;163;200;0.05271023
815;0MC006031PLA;164;200;0.04133521
815;0MC006031PLA;168;200;0.00006139
815;0MC006031PLA;169;200;0.00004238
815;0MC006031PLA;170;200;0.00005382
815;0MC006031PLA;171;200;0.00005382
815;0MC006031PLA;172;200;0.00005070
815;0MC006031PLA;164;201;0.03147287
815;0MC006031PLA;165;201;0.06378285
815;0MC006031PLA;166;201;0.00806185
815;0MC006031PLA;169;201;0.00001602
815;0MC006031PLA;166;202;0.07203472
815;0MC006031PLA;166;203;0.00106921
815;0MC006031PLA;167;203;0.07729221
815;0MC006031PLA;168;203;0.00876630
815;0MC006031PLA;168;204;0.06180169
815;0MC006031PLA;169;204;0.02345241
815;0MC006031PLA;170;204;0.01221288
815;0MC006031PLA;171;204;0.01105056
815;0LT0060090ED;182;190;0.01553512
815;0LT0060090ED;183;190;0.00910779
815;0LT0060090ED;181;191;0.05778806
815;0LT0060090ED;182;191;0.01651399
815;0LT0060090ED;181;192;0.01390922
815;0LT0060090ED;182;192;0.10122749
815;0LT0060090ED;181;193;0.00937627
815;0LT0060090ED;182;193;0.11672912
815;0LT0060090ED;183;193;0.06038937
815;0LT0060090ED;180;194;0.06532253
815;0LT0060090ED;181;194;0.05649662
815;0LT0060090ED;182;194;0.11206142
815;0LT0060090ED;183;194;0.21466396
815;0LT0060090ED;180;195;0.04281472
815;0LT0060090ED;183;195;0.01920815
815;0LT0060090ED;179;196;0.01837864
815;0LT0060090ED;180;196;0.02464743
815;0LT0060090ED;179;197;0.02836412
815;0LT0060090ED;180;197;0.01746599
815;0SV0060480YS;146;173;0.00524441
815;0SV0060480YS;143;174;0.00257214
815;0SV0060480YS;144;174;0.00842601
815;0SV0060480YS;145;174;0.00734394
815;0SV0060480YS;146;174;0.00192976
815;0SV0060480YS;144;175;0.00264690
815;0SV0060480YS;144;176;0.00264690
815;0SV0060480YS;140;177;0.00017723
815;0SV0060480YS;141;177;0.00047490
815;0SV0060480YS;143;177;0.00276598
815;0SV0060480YS;144;177;0.00086872
815;0SV0060480YS;139;178;0.04135943
815;0SV0060480YS;140;178;0.07892532
815;0SV0060480YS;141;178;0.01414564
815;0SV0060480YS;142;178;0.00097891
815;0SV0060480YS;143;178;0.00277379
815;0SV0060480YS;139;179;0.00120711
815;0SV0060480YS;140;179;0.07193295
815;0SV0060480YS;141;179;0.07254391
815;0SV0060480YS;142;179;0.00010065
815;0SV0060480YS;143;179;0.00153422
815;0SV0060480YS;139;180;0.00072093
815;0SV0060480YS;140;180;0.01320455
815;0SV0060480YS;141;180;0.08613962
815;0SV0060480YS;142;180;0.08357496
815;0SV0060480YS;143;180;0.00452129
815;0SV0060480YS;139;181;0.00073661
815;0SV0060480YS;140;181;0.00297622
815;0SV0060480YS;141;181;0.01956043
815;0SV0060480YS;142;181;0.06078064
815;0SV0060480YS;143;181;0.10976696
815;0SV0060480YS;139;182;0.00102397
815;0SV0060480YS;141;182;0.01796594
815;0SV0060480YS;142;182;0.00000395
815;0SV0060480YS;143;182;0.03571421
815;0SV0060480YS;144;182;0.09376147
815;0SV0060480YS;138;183;0.00104480
815;0SV0060480YS;139;183;0.00051895
815;0SV0060480YS;140;183;0.00023614
815;0SV0060480YS;141;183;0.01037365
815;0SV0060480YS;142;183;0.00001541
815;0SV0060480YS;144;183;0.02986696
815;0SV0060480YS;145;183;0.10689349
815;SJV006015SJU;205;82;0.00030885
815;SJV006015SJU;206;82;0.00013118
815;SJV006015SJU;207;82;0.00064518
815;SJV006015SJU;208;82;0.00361526
815;SJV006015SJU;200;83;0.00000920
815;SJV006015SJU;201;83;0.00026631
815;SJV006015SJU;202;83;0.00027967
815;SJV006015SJU;203;83;0.00043428
815;SJV006015SJU;204;83;0.00043898
815;SJV006015SJU;205;83;0.00031518
815;SJV006015SJU;206;83;0.00052304
815;SJV006015SJU;207;83;0.00048949
815;SJV006015SJU;208;83;0.01188118
815;SJV006015SJU;197;84;0.00016239
815;SJV006015SJU;198;84;0.00000274
815;SJV006015SJU;199;84;0.00009319
815;SJV006015SJU;200;84;0.00015312
815;SJV006015SJU;207;84;0.00698050
815;SJV006015SJU;208;84;0.00651203
815;SJV006015SJU;196;85;0.00024049
815;SJV006015SJU;197;85;0.00004840
815;SJV006015SJU;207;85;0.01129554
815;SJV006015SJU;194;86;0.00001746
815;SJV006015SJU;195;86;0.00123182
815;SJV006015SJU;196;86;0.00010968
815;SJV006015SJU;206;86;0.00340255
815;SJV006015SJU;207;86;0.00689442
815;SJV006015SJU;194;87;0.00000136
815;SJV006015SJU;195;87;0.00030828
815;SJV006015SJU;196;87;0.00042831
815;SJV006015SJU;206;87;0.01173559
815;SJV006015SJU;207;87;0.00149759
815;SJV006015SJU;208;87;0.00021885
815;SJV006015SJU;196;88;0.00048835
815;SJV006015SJU;205;88;0.00017138
815;SJV006015SJU;206;88;0.01061601
815;SJV006015SJU;207;88;0.00043253
815;SJV006015SJU;208;88;0.00018390
815;SJV006015SJU;196;89;0.00080738
815;SJV006015SJU;197;89;0.00027554
815;SJV006015SJU;198;89;0.00027553
815;SJV006015SJU;199;89;0.00033615
815;SJV006015SJU;200;89;0.00046947
815;SJV006015SJU;201;89;0.00046947
815;SJV006015SJU;202;89;0.00056020
815;SJV006015SJU;203;89;0.00021783
815;SJV006015SJU;204;89;0.00040943
815;SJV006015SJU;205;89;0.00542744
815;SJV006015SJU;206;89;0.00575526
815;SJV006015SJU;207;89;0.00073661
815;SJV006015SJU;208;89;0.00026793
815;SJV006015SJU;195;90;0.00035345
815;SJV006015SJU;196;90;0.00109541
815;SJV006015SJU;197;90;0.00027017
815;SJV006015SJU;198;90;0.00031593
815;SJV006015SJU;199;90;0.00026512
815;SJV006015SJU;200;90;0.00026513
815;SJV006015SJU;201;90;0.00026516
815;SJV006015SJU;202;90;0.00044639
815;SJV006015SJU;203;90;0.00050704
815;SJV006015SJU;204;90;0.00473372
815;SJV006015SJU;205;90;0.00501547
815;SJV006015SJU;206;90;0.00171642
815;SJV006015SJU;207;90;0.00100212
815;SJV006015SJU;208;90;0.00069815
815;SJV006015SJU;194;91;0.00035479
815;SJV006015SJU;195;91;0.00280163
815;SJV006015SJU;196;91;0.00020061
815;SJV006015SJU;197;91;0.00008804
815;SJV006015SJU;198;91;0.00008134
815;SJV006015SJU;199;91;0.00001955
815;SJV006015SJU;200;91;0.00000762
815;SJV006015SJU;202;91;0.00000112
815;SJV006015SJU;203;91;0.00447322
815;SJV006015SJU;204;91;0.00078808
815;SJV006015SJU;205;91;0.00609770
815;SJV006015SJU;206;91;0.00011156
815;SJV006015SJU;207;91;0.00066589
815;SJV006015SJU;208;91;0.00050277
815;SJV006015SJU;193;92;0.00053448
815;SJV006015SJU;194;92;0.00047347
815;SJV006015SJU;195;92;0.00290793
815;SJV006015SJU;200;92;0.00000253
815;SJV006015SJU;201;92;0.00000381
815;SJV006015SJU;202;92;0.00397459
815;SJV006015SJU;203;92;0.00111156
815;SJV006015SJU;204;92;0.00006547
815;SJV006015SJU;205;92;0.00612979
815;SJV006015SJU;207;92;0.00070454
815;SJV006015SJU;208;92;0.00053641
815;SJV006015SJU;209;92;0.00001143
815;SJV006015SJU;192;93;0.00036279
815;SJV006015SJU;193;93;0.00032182
815;SJV006015SJU;195;93;0.00097221
815;SJV006015SJU;196;93;0.00230071
815;SJV006015SJU;197;93;0.00006385
815;SJV006015SJU;200;93;0.00001293
815;SJV006015SJU;201;93;0.00318047
815;SJV006015SJU;202;93;0.00210345
815;SJV006015SJU;203;93;0.00026557
815;SJV006015SJU;204;93;0.00032778
815;SJV006015SJU;205;93;0.00805657
815;SJV006015SJU;206;93;0.00159271
815;SJV006015SJU;207;93;0.00221137
815;SJV006015SJU;208;93;0.00287579
815;SJV006015SJU;209;93;0.00127736
815;SJV006015SJU;210;93;0.00052237
815;SJV006015SJU;211;93;0.00036397
815;SJV006015SJU;191;94;0.00009287
815;SJV006015SJU;192;94;0.00017384
815;SJV006015SJU;195;94;0.00061901
815;SJV006015SJU;197;94;0.00222736
815;SJV006015SJU;198;94;0.00092244
815;SJV006015SJU;200;94;0.00267260
815;SJV006015SJU;201;94;0.00189959
815;SJV006015SJU;202;94;0.00071027
815;SJV006015SJU;203;94;0.00034364
815;SJV006015SJU;204;94;0.00338398
815;SJV006015SJU;205;94;0.00737492
815;SJV006015SJU;206;94;0.00224374
815;SJV006015SJU;207;94;0.00291269
815;SJV006015SJU;208;94;0.00323032
815;SJV006015SJU;209;94;0.00107755
815;SJV006015SJU;210;94;0.00002312
815;SJV006015SJU;211;94;0.00018833
815;SJV006015SJU;212;94;0.00054264
815;SJV006015SJU;214;94;0.00124194
815;SJV006015SJU;190;95;0.00002527
815;SJV006015SJU;191;95;0.00025122
815;SJV006015SJU;194;95;0.00017274
815;SJV006015SJU;195;95;0.00034693
815;SJV006015SJU;198;95;0.00128688
815;SJV006015SJU;199;95;0.00562834
815;SJV006015SJU;200;95;0.00397209
815;SJV006015SJU;201;95;0.00161799
815;SJV006015SJU;202;95;0.00307999
815;SJV006015SJU;203;95;0.00522849
815;SJV006015SJU;204;95;0.02138528
815;SJV006015SJU;205;95;0.00417017
815;SJV006015SJU;206;95;0.00211259
815;SJV006015SJU;207;95;0.00218747
815;SJV006015SJU;208;95;0.00213337
815;SJV006015SJU;209;95;0.00037524
815;SJV006015SJU;210;95;0.00048074
815;SJV006015SJU;211;95;0.00295495
815;SJV006015SJU;212;95;0.00288489
815;SJV006015SJU;213;95;0.00331381
815;SJV006015SJU;214;95;0.00058168
815;SJV006015SJU;187;96;0.00001435
815;SJV006015SJU;188;96;0.00002389
815;SJV006015SJU;189;96;0.00002302
815;SJV006015SJU;190;96;0.00000014
815;SJV006015SJU;191;96;0.00024503
815;SJV006015SJU;194;96;0.00018814
815;SJV006015SJU;195;96;0.00035918
815;SJV006015SJU;198;96;0.00271158
815;SJV006015SJU;199;96;0.00398412
815;SJV006015SJU;201;96;0.00001560
815;SJV006015SJU;202;96;0.00674081
815;SJV006015SJU;203;96;0.01441509
815;SJV006015SJU;204;96;0.03372979
815;SJV006015SJU;205;96;0.00477201
815;SJV006015SJU;206;96;0.00064482
815;SJV006015SJU;207;96;0.00236255
815;SJV006015SJU;208;96;0.00201178
815;SJV006015SJU;209;96;0.00179211
815;SJV006015SJU;210;96;0.00328217
815;SJV006015SJU;213;96;0.00004100
815;SJV006015SJU;214;96;0.00005171
815;SJV006015SJU;186;97;0.00000764
815;SJV006015SJU;187;97;0.00000673
815;SJV006015SJU;190;97;0.00006157
815;SJV006015SJU;191;97;0.00012877
815;SJV006015SJU;192;97;0.00007870
815;SJV006015SJU;194;97;0.00056766
815;SJV006015SJU;196;97;0.00000512
815;SJV006015SJU;197;97;0.00457387
815;SJV006015SJU;198;97;0.00286891
815;SJV006015SJU;199;97;0.00241355
815;SJV006015SJU;200;97;0.00187731
815;SJV006015SJU;201;97;0.00370889
815;SJV006015SJU;202;97;0.02065258
815;SJV006015SJU;203;97;0.03157196
815;SJV006015SJU;204;97;0.05442883
815;SJV006015SJU;205;97;0.02219605
815;SJV006015SJU;206;97;0.01665164
815;SJV006015SJU;207;97;0.00910145
815;SJV006015SJU;208;97;0.00471820
815;SJV006015SJU;209;97;0.00157355
815;SJV006015SJU;190;98;0.00026939
815;SJV006015SJU;191;98;0.00009858
815;SJV006015SJU;192;98;0.00012896
815;SJV006015SJU;193;98;0.00036149
815;SJV006015SJU;194;98;0.00086737
815;SJV006015SJU;195;98;0.00074215
815;SJV006015SJU;196;98;0.00623078
815;SJV006015SJU;197;98;0.00175131
815;SJV006015SJU;198;98;0.00066987
815;SJV006015SJU;199;98;0.00213122
815;SJV006015SJU;200;98;0.00098548
815;SJV006015SJU;201;98;0.00283535
815;SJV006015SJU;202;98;0.01190485
815;SJV006015SJU;203;98;0.01968314
815;SJV006015SJU;204;98;0.04446422
815;SJV006015SJU;205;98;0.02649511
815;SJV006015SJU;206;98;0.01699361
815;SJV006015SJU;207;98;0.00580668
815;SJV006015SJU;208;98;0.00155613
815;SJV006015SJU;209;98;0.00000106
815;SJV006015SJU;189;99;0.00011733
815;SJV006015SJU;190;99;0.00016845
815;SJV006015SJU;194;99;0.00091217
815;SJV006015SJU;195;99;0.00569374
815;SJV006015SJU;196;99;0.00116089
815;SJV006015SJU;197;99;0.00064370
815;SJV006015SJU;198;99;0.00062017
815;SJV006015SJU;199;99;0.00203255
815;SJV006015SJU;200;99;0.00253051
815;SJV006015SJU;201;99;0.00710133
815;SJV006015SJU;202;99;0.00925027
815;SJV006015SJU;203;99;0.02782002
815;SJV006015SJU;204;99;0.01551563
815;SJV006015SJU;205;99;0.00294224
815;SJV006015SJU;206;99;0.00133100
815;SJV006015SJU;207;99;0.00080310
815;SJV006015SJU;208;99;0.00140437
815;SJV006015SJU;209;99;0.00053486
815;SJV006015SJU;189;100;0.00032116
815;SJV006015SJU;193;100;0.00132504
815;SJV006015SJU;194;100;0.00561476
815;SJV006015SJU;197;100;0.00035998
815;SJV006015SJU;198;100;0.00005857
815;SJV006015SJU;199;100;0.00227282
815;SJV006015SJU;200;100;0.00232575
815;SJV006015SJU;201;100;0.00079268
815;SJV006015SJU;202;100;0.01314973
815;SJV006015SJU;203;100;0.00561704
815;SJV006015SJU;204;100;0.00090266
815;SJV006015SJU;206;100;0.00006918
815;SJV006015SJU;207;100;0.00006826
815;SJV006015SJU;209;100;0.00015209
815;SJV006015SJU;210;100;0.00059796
815;SJV006015SJU;211;100;0.00022905
815;SJV006015SJU;188;101;0.00023848
815;SJV006015SJU;189;101;0.00050112
815;SJV006015SJU;190;101;0.00020396
815;SJV006015SJU;191;101;0.00020539
815;SJV006015SJU;192;101;0.00151495
815;SJV006015SJU;193;101;0.00541550
815;SJV006015SJU;194;101;0.00060690
815;SJV006015SJU;195;101;0.00038958
815;SJV006015SJU;196;101;0.00050226
815;SJV006015SJU;197;101;0.00096075
815;SJV006015SJU;198;101;0.00143794
815;SJV006015SJU;199;101;0.00547489
815;SJV006015SJU;200;101;0.00244997
815;SJV006015SJU;201;101;0.01507867
815;SJV006015SJU;202;101;0.00238729
815;SJV006015SJU;203;101;0.00130652
815;SJV006015SJU;204;101;0.00000769
815;SJV006015SJU;205;101;0.00021633
815;SJV006015SJU;209;101;0.00005798
815;SJV006015SJU;210;101;0.00019567
815;SJV006015SJU;211;101;0.00051366
815;SJV006015SJU;212;101;0.00018606
815;SJV006015SJU;181;102;0.00000181
815;SJV006015SJU;182;102;0.00000200
815;SJV006015SJU;187;102;0.00009747
815;SJV006015SJU;188;102;0.00007398
815;SJV006015SJU;189;102;0.00021727
815;SJV006015SJU;191;102;0.00063236
815;SJV006015SJU;192;102;0.00565052
815;SJV006015SJU;194;102;0.00024235
815;SJV006015SJU;197;102;0.00147021
815;SJV006015SJU;198;102;0.00206667
815;SJV006015SJU;199;102;0.00059270
815;SJV006015SJU;200;102;0.00618661
815;SJV006015SJU;201;102;0.00435873
815;SJV006015SJU;202;102;0.00009701
815;SJV006015SJU;203;102;0.00108499
815;SJV006015SJU;205;102;0.00007695
815;SJV006015SJU;206;102;0.00011354
815;SJV006015SJU;210;102;0.00000937
815;SJV006015SJU;211;102;0.00009228
815;SJV006015SJU;212;102;0.00047267
815;SJV006015SJU;213;102;0.00044553
815;SJV006015SJU;182;103;0.00000439
815;SJV006015SJU;183;103;0.00000649
815;SJV006015SJU;184;103;0.00000272
815;SJV006015SJU;186;103;0.00010069
815;SJV006015SJU;187;103;0.00007209
815;SJV006015SJU;189;103;0.00021729
815;SJV006015SJU;191;103;0.00606438
815;SJV006015SJU;194;103;0.00022642
815;SJV006015SJU;196;103;0.00000833
815;SJV006015SJU;197;103;0.00304906
815;SJV006015SJU;198;103;0.00021535
815;SJV006015SJU;199;103;0.00126917
815;SJV006015SJU;200;103;0.01135818
815;SJV006015SJU;201;103;0.00000110
815;SJV006015SJU;203;103;0.00090119
815;SJV006015SJU;206;103;0.00014328
815;SJV006015SJU;212;103;0.00009364
815;SJV006015SJU;213;103;0.00023435
815;SJV006015SJU;214;103;0.00021897
815;SJV006015SJU;178;104;0.00000917
815;SJV006015SJU;179;104;0.00001692
815;SJV006015SJU;182;104;0.00022188
815;SJV006015SJU;183;104;0.00096062
815;SJV006015SJU;184;104;0.00094976
815;SJV006015SJU;185;104;0.00103592
815;SJV006015SJU;186;104;0.00100984
815;SJV006015SJU;187;104;0.00094005
815;SJV006015SJU;188;104;0.00132554
815;SJV006015SJU;189;104;0.00191409
815;SJV006015SJU;190;104;0.00594270
815;SJV006015SJU;191;104;0.00138017
815;SJV006015SJU;192;104;0.00091249
815;SJV006015SJU;193;104;0.00063398
815;SJV006015SJU;194;104;0.00071036
815;SJV006015SJU;195;104;0.00088800
815;SJV006015SJU;196;104;0.00106225
815;SJV006015SJU;197;104;0.00240859
815;SJV006015SJU;198;104;0.00128995
815;SJV006015SJU;199;104;0.00127948
815;SJV006015SJU;200;104;0.01047567
815;SJV006015SJU;201;104;0.00007789
815;SJV006015SJU;202;104;0.00001349
815;SJV006015SJU;203;104;0.00087441
815;SJV006015SJU;204;104;0.00003213
815;SJV006015SJU;205;104;0.00004419
815;SJV006015SJU;206;104;0.00018759
815;SJV006015SJU;207;104;0.00008871
815;SJV006015SJU;208;104;0.00008614
815;SJV006015SJU;212;104;0.00004021
815;SJV006015SJU;213;104;0.00007604
815;SJV006015SJU;181;105;0.00091630
815;SJV006015SJU;182;105;0.00077117
815;SJV006015SJU;185;105;0.00012312
815;SJV006015SJU;189;105;0.00129541
815;SJV006015SJU;190;105;0.00290108
815;SJV006015SJU;192;105;0.00021350
815;SJV006015SJU;195;105;0.00011667
815;SJV006015SJU;197;105;0.00081907
815;SJV006015SJU;198;105;0.00001573
815;SJV006015SJU;199;105;0.00001573
815;SJV006015SJU;200;105;0.00973955
815;SJV006015SJU;202;105;0.00002670
815;SJV006015SJU;203;105;0.00068769
815;SJV006015SJU;204;105;0.00000919
815;SJV006015SJU;206;105;0.00008741
815;SJV006015SJU;207;105;0.00000727
815;SJV006015SJU;208;105;0.00002323
815;SJV006015SJU;209;105;0.00010599
815;SJV006015SJU;210;105;0.00005087
815;SJV006015SJU;213;105;0.00002760
815;SJV006015SJU;214;105;0.00005134
815;SJV006015SJU;179;106;0.00059965
815;SJV006015SJU;180;106;0.00095910
815;SJV006015SJU;181;106;0.00007317
815;SJV006015SJU;182;106;0.00000210
815;SJV006015SJU;184;106;0.00009926
815;SJV006015SJU;185;106;0.00002274
815;SJV006015SJU;189;106;0.00419706
815;SJV006015SJU;192;106;0.00021391
815;SJV006015SJU;195;106;0.00012047
815;SJV006015SJU;197;106;0.00070450
815;SJV006015SJU;198;106;0.00034152
815;SJV006015SJU;199;106;0.00039619
815;SJV006015SJU;200;106;0.01025482
815;SJV006015SJU;201;106;0.00072473
815;SJV006015SJU;202;106;0.00005972
815;SJV006015SJU;203;106;0.00051969
815;SJV006015SJU;207;106;0.00009521
815;SJV006015SJU;208;106;0.00003847
815;SJV006015SJU;210;106;0.00005477
815;SJV006015SJU;211;106;0.00002088
815;SJV006015SJU;214;106;0.00000582
815;SJV006015SJU;178;107;0.00022445
815;SJV006015SJU;179;107;0.00038497
815;SJV006015SJU;182;107;0.00000537
815;SJV006015SJU;183;107;0.00002495
815;SJV006015SJU;184;107;0.00029344
815;SJV006015SJU;185;107;0.00016588
815;SJV006015SJU;186;107;0.00018712
815;SJV006015SJU;187;107;0.00021660
815;SJV006015SJU;188;107;0.00304309
815;SJV006015SJU;189;107;0.00129627
815;SJV006015SJU;192;107;0.00021395
815;SJV006015SJU;195;107;0.00010118
815;SJV006015SJU;197;107;0.00054053
815;SJV006015SJU;198;107;0.00055668
815;SJV006015SJU;199;107;0.00961669
815;SJV006015SJU;200;107;0.00083290
815;SJV006015SJU;201;107;0.00067946
815;SJV006015SJU;203;107;0.00052094
815;SJV006015SJU;208;107;0.00011445
815;SJV006015SJU;209;107;0.00004757
815;SJV006015SJU;210;107;0.00004329
815;SJV006015SJU;211;107;0.00014520
815;SJV006015SJU;212;107;0.00005107
815;SJV006015SJU;178;108;0.00000012
815;SJV006015SJU;180;108;0.00155585
815;SJV006015SJU;183;108;0.00022013
815;SJV006015SJU;185;108;0.00003900
815;SJV006015SJU;187;108;0.00030052
815;SJV006015SJU;188;108;0.00376700
815;SJV006015SJU;192;108;0.00026301
815;SJV006015SJU;193;108;0.00025591
815;SJV006015SJU;194;108;0.00025591
815;SJV006015SJU;195;108;0.00034753
815;SJV006015SJU;196;108;0.00034745
815;SJV006015SJU;197;108;0.00100877
815;SJV006015SJU;198;108;0.00130547
815;SJV006015SJU;199;108;0.01265714
815;SJV006015SJU;200;108;0.00173778
815;SJV006015SJU;201;108;0.00075610
815;SJV006015SJU;202;108;0.00095169
815;SJV006015SJU;203;108;0.00073652
815;SJV006015SJU;204;108;0.00006177
815;SJV006015SJU;205;108;0.00006436
815;SJV006015SJU;206;108;0.00006593
815;SJV006015SJU;207;108;0.00006419
815;SJV006015SJU;208;108;0.00001982
815;SJV006015SJU;211;108;0.00002996
815;SJV006015SJU;212;108;0.00004108
815;SJV006015SJU;213;108;0.00009279
815;SJV006015SJU;214;108;0.00001905
815;SJV006015SJU;180;109;0.00028198
815;SJV006015SJU;187;109;0.00071356
815;SJV006015SJU;192;109;0.00000676
815;SJV006015SJU;197;109;0.00012798
815;SJV006015SJU;198;109;0.00012129
815;SJV006015SJU;199;109;0.00362015
815;SJV006015SJU;200;109;0.00049068
815;SJV006015SJU;201;109;0.00035644
815;SJV006015SJU;202;109;0.00037213
815;SJV006015SJU;203;109;0.00029238
815;SJV006015SJU;209;109;0.00085297
815;0SC0060190SC;222;52;0.00006080
815;0SC0060190SC;219;53;0.00009540
815;0SC0060190SC;220;53;0.00015840
815;0SC0060190SC;221;53;0.00058883
815;0SC0060190SC;222;53;0.00095382
815;0SC0060190SC;223;53;0.00003074
815;0SC0060190SC;219;54;0.00026405
815;0SC0060190SC;220;54;0.00075884
815;0SC0060190SC;221;54;0.00088940
815;0SC0060190SC;222;54;0.00261882
815;0SC0060190SC;223;54;0.00107259
815;0SC0060190SC;224;54;0.00200653
815;0SC0060190SC;225;54;0.00170233
815;0SC0060190SC;226;54;0.00213940
815;0SC0060190SC;219;55;0.00016393
815;0SC0060190SC;220;55;0.00168566
815;0SC0060190SC;221;55;0.00254384
815;0SC0060190SC;222;55;0.00423227
815;0SC0060190SC;223;55;0.00211966
815;0SC0060190SC;224;55;0.00546149
815;0SC0060190SC;225;55;0.00692432
815;0SC0060190SC;226;55;0.00541412
815;0SC0060190SC;227;55;0.00052340
815;0SC0060190SC;219;56;0.00028258
815;0SC0060190SC;220;56;0.00286755
815;0SC0060190SC;221;56;0.00304686
815;0SC0060190SC;222;56;0.00743270
815;0SC0060190SC;223;56;0.00589047
815;0SC0060190SC;224;56;0.00652674
815;0SC0060190SC;225;56;0.00212775
815;0SC0060190SC;226;56;0.00432949
815;0SC0060190SC;227;56;0.00213854
815;0SC0060190SC;219;57;0.00106138
815;0SC0060190SC;220;57;0.00540215
815;0SC0060190SC;221;57;0.00704242
815;0SC0060190SC;222;57;0.00886122
815;0SC0060190SC;223;57;0.00478971
815;0SC0060190SC;224;57;0.00812192
815;0SC0060190SC;225;57;0.00616745
815;0SC0060190SC;226;57;0.00880123
815;0SC0060190SC;227;57;0.00517938
815;0SC0060190SC;228;57;0.00253176
815;0SC0060190SC;218;58;0.00007824
815;0SC0060190SC;219;58;0.00169866
815;0SC0060190SC;220;58;0.00757167
815;0SC0060190SC;221;58;0.00591879
815;0SC0060190SC;222;58;0.00815396
815;0SC0060190SC;223;58;0.00318569
815;0SC0060190SC;224;58;0.00827457
815;0SC0060190SC;225;58;0.00601277
815;0SC0060190SC;226;58;0.00874439
815;0SC0060190SC;227;58;0.00751570
815;0SC0060190SC;228;58;0.00347522
815;0SC0060190SC;229;58;0.00053497
815;0SC0060190SC;218;59;0.00067686
815;0SC0060190SC;219;59;0.00273790
815;0SC0060190SC;220;59;0.00992678
815;0SC0060190SC;221;59;0.00363874
815;0SC0060190SC;222;59;0.00865427
815;0SC0060190SC;223;59;0.00634903
815;0SC0060190SC;224;59;0.00550245
815;0SC0060190SC;225;59;0.00366327
815;0SC0060190SC;226;59;0.01065533
815;0SC0060190SC;227;59;0.00324260
815;0SC0060190SC;228;59;0.00345377
815;0SC0060190SC;229;59;0.00086382
815;0SC0060190SC;230;59;0.00028082
815;0SC0060190SC;231;59;0.00116438
815;0SC0060190SC;217;60;0.00036609
815;0SC0060190SC;218;60;0.00300070
815;0SC0060190SC;219;60;0.00778676
815;0SC0060190SC;220;60;0.00582895
815;0SC0060190SC;221;60;0.00409127
815;0SC0060190SC;222;60;0.00852810
815;0SC0060190SC;223;60;0.00446194
815;0SC0060190SC;224;60;0.00604104
815;0SC0060190SC;225;60;0.00682806
815;0SC0060190SC;226;60;0.00615121
815;0SC0060190SC;227;60;0.00511675
815;0SC0060190SC;228;60;0.00157696
815;0SC0060190SC;229;60;0.00140631
815;0SC0060190SC;230;60;0.00180079
815;0SC0060190SC;231;60;0.00197446
815;0SC0060190SC;232;60;0.00423921
815;0SC0060190SC;207;61;0.00019763
815;0SC0060190SC;208;61;0.00028264
815;0SC0060190SC;209;61;0.00030994
815;0SC0060190SC;210;61;0.00041282
815;0SC0060190SC;211;61;0.00041817
815;0SC0060190SC;212;61;0.00048086
815;0SC0060190SC;213;61;0.00049427
815;0SC0060190SC;214;61;0.00045488
815;0SC0060190SC;215;61;0.00068145
815;0SC0060190SC;216;61;0.00117453
815;0SC0060190SC;217;61;0.00317124
815;0SC0060190SC;218;61;0.00742180
815;0SC0060190SC;219;61;0.00951667
815;0SC0060190SC;220;61;0.00757628
815;0SC0060190SC;221;61;0.00844809
815;0SC0060190SC;222;61;0.01334873
815;0SC0060190SC;223;61;0.01020203
815;0SC0060190SC;224;61;0.01194863
815;0SC0060190SC;225;61;0.00774789
815;0SC0060190SC;226;61;0.00399856
815;0SC0060190SC;227;61;0.00667571
815;0SC0060190SC;228;61;0.00374571
815;0SC0060190SC;229;61;0.00540809
815;0SC0060190SC;230;61;0.00532224
815;0SC0060190SC;231;61;0.00455177
815;0SC0060190SC;232;61;0.00759349
815;0SC0060190SC;233;61;0.00231295
815;0SC0060190SC;234;61;0.00195840
815;0SC0060190SC;208;62;0.00008167
815;0SC0060190SC;209;62;0.00001286
815;0SC0060190SC;210;62;0.00012236
815;0SC0060190SC;211;62;0.00004642
815;0SC0060190SC;212;62;0.00027372
815;0SC0060190SC;213;62;0.00006515
815;0SC0060190SC;214;62;0.00012109
815;0SC0060190SC;215;62;0.00045057
815;0SC0060190SC;216;62;0.00039917
815;0SC0060190SC;217;62;0.00145490
815;0SC0060190SC;218;62;0.00894227
815;0SC0060190SC;219;62;0.00419760
815;0SC0060190SC;220;62;0.00678627
815;0SC0060190SC;221;62;0.00677463
815;0SC0060190SC;222;62;0.01286195
815;0SC0060190SC;223;62;0.01406594
815;0SC0060190SC;224;62;0.00844315
815;0SC0060190SC;225;62;0.00563692
815;0SC0060190SC;226;62;0.00478196
815;0SC0060190SC;227;62;0.00676395
815;0SC0060190SC;228;62;0.00918704
815;0SC0060190SC;229;62;0.00295144
815;0SC0060190SC;230;62;0.00227868
815;0SC0060190SC;231;62;0.00115883
815;0SC0060190SC;232;62;0.00173248
815;0SC0060190SC;233;62;0.00604836
815;0SC0060190SC;234;62;0.00330807
815;0SC0060190SC;235;62;0.00000131
815;0SC0060190SC;208;63;0.00002594
815;0SC0060190SC;209;63;0.00019396
815;0SC0060190SC;210;63;0.00020849
815;0SC0060190SC;211;63;0.00033350
815;0SC0060190SC;212;63;0.00043924
815;0SC0060190SC;213;63;0.00028926
815;0SC0060190SC;214;63;0.00018721
815;0SC0060190SC;215;63;0.00021812
815;0SC0060190SC;217;63;0.00490369
815;0SC0060190SC;218;63;0.00102371
815;0SC0060190SC;219;63;0.00145111
815;0SC0060190SC;220;63;0.00442974
815;0SC0060190SC;221;63;0.00861419
815;0SC0060190SC;222;63;0.00834676
815;0SC0060190SC;223;63;0.00786409
815;0SC0060190SC;224;63;0.00337538
815;0SC0060190SC;225;63;0.00559155
815;0SC0060190SC;226;63;0.00632329
815;0SC0060190SC;227;63;0.00466866
815;0SC0060190SC;228;63;0.00408817
815;0SC0060190SC;229;63;0.00541525
815;0SC0060190SC;230;63;0.00571377
815;0SC0060190SC;231;63;0.00507943
815;0SC0060190SC;232;63;0.00524308
815;0SC0060190SC;233;63;0.00511617
815;0SC0060190SC;234;63;0.00561552
815;0SC0060190SC;235;63;0.00131616
815;0SC0060190SC;209;64;0.00008322
815;0SC0060190SC;210;64;0.00259685
815;0SC0060190SC;211;64;0.00315412
815;0SC0060190SC;212;64;0.00321407
815;0SC0060190SC;213;64;0.00303945
815;0SC0060190SC;214;64;0.00079961
815;0SC0060190SC;215;64;0.00022243
815;0SC0060190SC;216;64;0.00005432
815;0SC0060190SC;217;64;0.00572182
815;0SC0060190SC;218;64;0.00181454
815;0SC0060190SC;219;64;0.00177197
815;0SC0060190SC;220;64;0.00706887
815;0SC0060190SC;221;64;0.00088122
815;0SC0060190SC;222;64;0.00612040
815;0SC0060190SC;223;64;0.00648259
815;0SC0060190SC;224;64;0.00515149
815;0SC0060190SC;225;64;0.00451586
815;0SC0060190SC;226;64;0.00310006
815;0SC0060190SC;227;64;0.00282165
815;0SC0060190SC;228;64;0.00488840
815;0SC0060190SC;229;64;0.00684671
815;0SC0060190SC;230;64;0.00559021
815;0SC0060190SC;231;64;0.00491943
815;0SC0060190SC;232;64;0.00513327
815;0SC0060190SC;233;64;0.00391927
815;0SC0060190SC;234;64;0.00358458
815;0SC0060190SC;235;64;0.00211744
815;0SC0060190SC;210;65;0.00006877
815;0SC0060190SC;211;65;0.00011171
815;0SC0060190SC;212;65;0.00001038
815;0SC0060190SC;213;65;0.00056167
815;0SC0060190SC;214;65;0.00493942
815;0SC0060190SC;215;65;0.00531069
815;0SC0060190SC;216;65;0.00592023
815;0SC0060190SC;217;65;0.00960637
815;0SC0060190SC;218;65;0.00688030
815;0SC0060190SC;219;65;0.00899993
815;0SC0060190SC;220;65;0.00648454
815;0SC0060190SC;221;65;0.00840512
815;0SC0060190SC;222;65;0.00612545
815;0SC0060190SC;223;65;0.00468941
815;0SC0060190SC;224;65;0.00287578
815;0SC0060190SC;225;65;0.00698389
815;0SC0060190SC;226;65;0.00585854
815;0SC0060190SC;227;65;0.00442321
815;0SC0060190SC;228;65;0.00121613
815;0SC0060190SC;229;65;0.00010873
815;0SC0060190SC;230;65;0.00021577
815;0SC0060190SC;231;65;0.00019754
815;0SC0060190SC;232;65;0.00011895
815;0SC0060190SC;233;65;0.00001802
815;0SC0060190SC;234;65;0.00001613
815;0SC0060190SC;235;65;0.00002354
815;0SC0060190SC;213;66;0.00038302
815;0SC0060190SC;214;66;0.00177684
815;0SC0060190SC;215;66;0.00264107
815;0SC0060190SC;216;66;0.00307147
815;0SC0060190SC;217;66;0.00618428
815;0SC0060190SC;218;66;0.00332470
815;0SC0060190SC;219;66;0.00526539
815;0SC0060190SC;220;66;0.00518177
815;0SC0060190SC;221;66;0.00167302
815;0SC0060190SC;222;66;0.00012904
815;0SC0060190SC;223;66;0.00454096
815;0SC0060190SC;224;66;0.00302715
815;0SC0060190SC;225;66;0.00039611
815;0SC0060190SC;226;66;0.00011032
815;0SC0060190SC;231;66;0.00002873
815;0SC0060190SC;235;66;0.00000010
815;0SC0060190SC;213;67;0.00010103
815;0SC0060190SC;214;67;0.00091396
815;0SC0060190SC;215;67;0.00238154
815;0SC0060190SC;216;67;0.00272083
815;0SC0060190SC;217;67;0.00596706
815;0SC0060190SC;218;67;0.00514268
815;0SC0060190SC;219;67;0.00552673
815;0SC0060190SC;220;67;0.00148762
815;0SC0060190SC;221;67;0.00289318
815;0SC0060190SC;222;67;0.00322091
815;0SC0060190SC;223;67;0.00034266
815;0SC0060190SC;224;67;0.00037068
815;0SC0060190SC;225;67;0.00000207
815;0SC0060190SC;226;67;0.00000359
815;0SC0060190SC;231;67;0.00002675
815;0SC0060190SC;232;67;0.00000211
815;0SC0060190SC;214;68;0.00240926
815;0SC0060190SC;215;68;0.00361267
815;0SC0060190SC;216;68;0.00407844
815;0SC0060190SC;217;68;0.00758052
815;0SC0060190SC;218;68;0.00600535
815;0SC0060190SC;219;68;0.00353130
815;0SC0060190SC;220;68;0.00251136
815;0SC0060190SC;221;68;0.00084760
815;0SC0060190SC;222;68;0.00005192
815;0SC0060190SC;223;68;0.00013691
815;0SC0060190SC;224;68;0.00071238
815;0SC0060190SC;225;68;0.00008259
815;0SC0060190SC;226;68;0.00004979
815;0SC0060190SC;227;68;0.00003826
815;0SC0060190SC;228;68;0.00002858
815;0SC0060190SC;231;68;0.00000709
815;0SC0060190SC;216;69;0.00058322
815;0SC0060190SC;217;69;0.00693552
815;0SC0060190SC;218;69;0.00221641
815;0SC0060190SC;219;69;0.00025491
815;0SC0060190SC;220;69;0.00013690
815;0SC0060190SC;222;69;0.00013980
815;0SC0060190SC;223;69;0.00002781
815;0SC0060190SC;224;69;0.00025892
815;0SC0060190SC;225;69;0.00045449
815;0SC0060190SC;226;69;0.00000061
815;0SC0060190SC;227;69;0.00000033
815;0SC0060190SC;228;69;0.00005811
815;0SC0060190SC;215;70;0.00140721
815;0SC0060190SC;216;70;0.00364416
815;0SC0060190SC;217;70;0.00193296
815;0SC0060190SC;219;70;0.00009956
815;0SC0060190SC;220;70;0.00011932
815;0SC0060190SC;225;70;0.00045989
815;0SC0060190SC;226;70;0.00000028
815;0SC0060190SC;228;70;0.00003741
815;0SC0060190SC;229;70;0.00005447
815;0SC0060190SC;230;70;0.00004894
815;0SC0060190SC;231;70;0.00001812
815;0SC0060190SC;232;70;0.00004049
815;0SC0060190SC;212;71;0.00012686
815;0SC0060190SC;213;71;0.00019414
815;0SC0060190SC;214;71;0.00053252
815;0SC0060190SC;215;71;0.00341349
815;0SC0060190SC;216;71;0.00125583
815;0SC0060190SC;217;71;0.00305909
815;0SC0060190SC;218;71;0.00068528
815;0SC0060190SC;219;71;0.00011279
815;0SC0060190SC;226;71;0.00022506
815;0SC0060190SC;231;71;0.00003081
815;0SC0060190SC;232;71;0.00003497
815;0SC0060190SC;233;71;0.00004657
815;0SC0060190SC;212;72;0.00000139
815;0SC0060190SC;213;72;0.00065772
815;0SC0060190SC;214;72;0.00118675
815;0SC0060190SC;215;72;0.00248742
815;0SC0060190SC;216;72;0.00171711
815;0SC0060190SC;217;72;0.00123721
815;0SC0060190SC;218;72;0.00203805
815;0SC0060190SC;219;72;0.00144224
815;0SC0060190SC;220;72;0.00021309
815;0SC0060190SC;221;72;0.00000529
815;0SC0060190SC;222;72;0.00001015
815;0SC0060190SC;223;72;0.00000260
815;0SC0060190SC;213;73;0.00010520
815;0SC0060190SC;214;73;0.00095093
815;0SC0060190SC;215;73;0.00029783
815;0SC0060190SC;216;73;0.00050390
815;0SC0060190SC;217;73;0.00051036
815;0SC0060190SC;218;73;0.00015320
815;0SC0060190SC;219;73;0.00009766
815;0SC0060190SC;220;73;0.00148259
815;0SC0060190SC;221;73;0.00072223
815;0SC0060190SC;223;73;0.00003793
815;0SC0060190SC;224;73;0.00000653
815;0SC0060190SC;213;74;0.00018515
815;0SC0060190SC;214;74;0.00056023
815;0SC0060190SC;215;74;0.00000476
815;0SC0060190SC;216;74;0.00010646
815;0SC0060190SC;217;74;0.00006955
815;0SC0060190SC;218;74;0.00010054
815;0SC0060190SC;219;74;0.00004789
815;0SC0060190SC;220;74;0.00009110
815;0SC0060190SC;221;74;0.00091566
815;0SC0060190SC;222;74;0.00135011
815;0SC0060190SC;223;74;0.00139664
815;0SC0060190SC;224;74;0.00018149
815;0SC0060190SC;213;75;0.00063500
815;0SC0060190SC;215;75;0.00001767
815;0SC0060190SC;216;75;0.00017067
815;0SC0060190SC;217;75;0.00000125
815;0SC0060190SC;218;75;0.00020094
815;0SC0060190SC;220;75;0.00000329
815;0SC0060190SC;221;75;0.00003739
815;0SC0060190SC;222;75;0.00003221
815;0SC0060190SC;212;76;0.00063024
815;0SC0060190SC;213;76;0.00001641
815;0SC0060190SC;216;76;0.00000437
815;0SC0060190SC;217;76;0.00018556
815;0SC0060190SC;218;76;0.00003015
815;0SC0060190SC;219;76;0.00020584
815;0SC0060190SC;220;76;0.00014727
815;0SC0060190SC;221;76;0.00005142
815;0SC0060190SC;211;77;0.00013072
815;0SC0060190SC;212;77;0.00040497
815;0SC0060190SC;217;77;0.00002060
815;0SC0060190SC;218;77;0.00017917
815;0SC0060190SC;219;77;0.00002234
815;0SC0060190SC;220;77;0.00000756
815;0SC0060190SC;210;78;0.00003180
815;0SC0060190SC;211;78;0.00063832
815;0SC0060190SC;212;78;0.00000176
815;0SC0060190SC;219;78;0.00011399
815;0SC0060190SC;210;79;0.00059520
815;0SC0060190SC;211;79;0.00000606
815;0SC0060190SC;212;79;0.00000259
815;0SC0060190SC;210;80;0.00047401
815;0SC0060190SC;211;80;0.00000101
815;0SC0060190SC;212;80;0.00000451
815;0SC0060190SC;213;80;0.00000110
815;0SC0060190SC;209;81;0.00017835
815;0SC0060190SC;210;81;0.00068066
815;0SC0060190SC;211;81;0.00029664
815;0SC0060190SC;212;81;0.00003037
815;0SC0060190SC;208;82;0.00045082
815;0SC0060190SC;209;82;0.00044342
815;0SC0060190SC;210;82;0.00000242
815;0SC0060190SC;211;82;0.00001931
815;0MD006015KER;214;83;0.00004433
815;0MD006015KER;215;83;0.00002423
815;0MD006015KER;216;83;0.00005907
815;0MD006015KER;217;83;0.00004833
815;0MD006015KER;218;83;0.00034711
815;0MD006015KER;219;83;0.00000120
815;0MD006015KER;220;83;0.00003456
815;0MD006015KER;221;83;0.00202295
815;0MD006015KER;222;83;0.00068996
815;0MD006015KER;223;83;0.00078202
815;0MD006015KER;224;83;0.01544604
815;0MD006015KER;229;83;0.00002774
815;0MD006015KER;218;84;0.00032433
815;0MD006015KER;219;84;0.00006518
815;0MD006015KER;220;84;0.00001230
815;0MD006015KER;221;84;0.00285988
815;0MD006015KER;222;84;0.00280084
815;0MD006015KER;223;84;0.00661846
815;0MD006015KER;224;84;0.03412079
815;0MD006015KER;225;84;0.00725287
815;0MD006015KER;226;84;0.00725167
815;0MD006015KER;227;84;0.00732343
815;0MD006015KER;228;84;0.00207649
815;0MD006015KER;221;85;0.00224015
815;0MD006015KER;222;85;0.00008621
815;0MD006015KER;223;85;0.00044736
815;0MD006015KER;224;85;0.01516077
815;0MD006015KER;228;85;0.00666856
815;0MD006015KER;229;85;0.00538065
815;0MD006015KER;221;86;0.00350516
815;0MD006015KER;222;86;0.00213458
815;0MD006015KER;223;86;0.00200605
815;0MD006015KER;224;86;0.01489304
815;0MD006015KER;229;86;0.00254382
815;0MD006015KER;230;86;0.00420151
815;0MD006015KER;220;87;0.00215721
815;0MD006015KER;221;87;0.00267058
815;0MD006015KER;223;87;0.00063517
815;0MD006015KER;224;87;0.01419637
815;0MD006015KER;230;87;0.00523907
815;0MD006015KER;219;88;0.00029593
815;0MD006015KER;220;88;0.00432249
815;0MD006015KER;223;88;0.00021554
815;0MD006015KER;224;88;0.01412500
815;0MD006015KER;227;88;0.00710280
815;0MD006015KER;228;88;0.00846368
815;0MD006015KER;229;88;0.01037761
815;0MD006015KER;230;88;0.01684753
815;0MD006015KER;231;88;0.01159403
815;0MD006015KER;232;88;0.01128844
815;0MD006015KER;233;88;0.01127311
815;0MD006015KER;234;88;0.01146281
815;0MD006015KER;235;88;0.00944903
815;0MD006015KER;236;88;0.00000147
815;0MD006015KER;219;89;0.00688140
815;0MD006015KER;220;89;0.00110646
815;0MD006015KER;221;89;0.00112000
815;0MD006015KER;222;89;0.00140103
815;0MD006015KER;223;89;0.00850288
815;0MD006015KER;224;89;0.01158803
815;0MD006015KER;225;89;0.01128011
815;0MD006015KER;226;89;0.00855709
815;0MD006015KER;227;89;0.00139147
815;0MD006015KER;229;89;0.00444147
815;0MD006015KER;231;89;0.00017298
815;0MD006015KER;233;89;0.00034756
815;0MD006015KER;234;89;0.00042066
815;0MD006015KER;235;89;0.00156162
815;0MD006015KER;236;89;0.00041357
815;0MD006015KER;212;90;0.00079486
815;0MD006015KER;213;90;0.00198917
815;0MD006015KER;214;90;0.00368131
815;0MD006015KER;215;90;0.00417606
815;0MD006015KER;216;90;0.00049428
815;0MD006015KER;217;90;0.00004326
815;0MD006015KER;218;90;0.00451496
815;0MD006015KER;219;90;0.00028691
815;0MD006015KER;220;90;0.00249392
815;0MD006015KER;221;90;0.00522992
815;0MD006015KER;223;90;0.00795604
815;0MD006015KER;224;90;0.00863776
815;0MD006015KER;225;90;0.00668260
815;0MD006015KER;229;90;0.00443185
815;0MD006015KER;231;90;0.00001297
815;0MD006015KER;232;90;0.00003659
815;0MD006015KER;212;91;0.00005439
815;0MD006015KER;214;91;0.00469981
815;0MD006015KER;215;91;0.00928182
815;0MD006015KER;216;91;0.01315828
815;0MD006015KER;217;91;0.03124206
815;0MD006015KER;218;91;0.02731913
815;0MD006015KER;219;91;0.01572257
815;0MD006015KER;220;91;0.01483345
815;0MD006015KER;221;91;0.01017298
815;0MD006015KER;222;91;0.01645379
815;0MD006015KER;223;91;0.01720018
815;0MD006015KER;224;91;0.01403887
815;0MD006015KER;225;91;0.00676888
815;0MD006015KER;226;91;0.00578906
815;0MD006015KER;227;91;0.00608799
815;0MD006015KER;228;91;0.00763798
815;0MD006015KER;229;91;0.00546477
815;0MD006015KER;213;92;0.00428303
815;0MD006015KER;214;92;0.00774183
815;0MD006015KER;216;92;0.00383118
815;0MD006015KER;217;92;0.01937665
815;0MD006015KER;218;92;0.00002800
815;0MD006015KER;225;92;0.00439945
815;0MD006015KER;228;92;0.00186002
815;0MD006015KER;229;92;0.00201234
815;0MD006015KER;230;92;0.00059042
815;0MD006015KER;215;93;0.01295296
815;0MD006015KER;216;93;0.02007721
815;0MD006015KER;225;93;0.00199851
815;0MD006015KER;226;93;0.00238844
815;0MD006015KER;228;93;0.00141381
815;0MD006015KER;230;93;0.00143214
815;0MD006015KER;231;93;0.00007625
815;0MD006015KER;214;94;0.01208203
815;0MD006015KER;215;94;0.01085680
815;0MD006015KER;226;94;0.00395465
815;0MD006015KER;227;94;0.00085464
815;0MD006015KER;228;94;0.00055938
815;0MD006015KER;230;94;0.00005008
815;0MD006015KER;231;94;0.00127179
815;0MD006015KER;232;94;0.00030707
815;0MD006015KER;226;95;0.00364623
815;0MD006015KER;227;95;0.00168948
815;0MD006015KER;232;95;0.00094824
815;0MD006015KER;233;95;0.00064387
815;0MD006015KER;214;96;0.00080616
815;0MD006015KER;215;96;0.00028942
815;0MD006015KER;216;96;0.00029127
815;0MD006015KER;217;96;0.00032467
815;0MD006015KER;218;96;0.00022693
815;0MD006015KER;225;96;0.00001161
815;0MD006015KER;226;96;0.00000797
815;0MD006015KER;227;96;0.00635347
815;0MD006015KER;233;96;0.00061170
815;0MD006015KER;234;96;0.00099463
815;0MD006015KER;214;97;0.00069513
815;0MD006015KER;215;97;0.00016754
815;0MD006015KER;218;97;0.00013488
815;0MD006015KER;219;97;0.00006960
815;0MD006015KER;225;97;0.00002846
815;0MD006015KER;226;97;0.00001218
815;0MD006015KER;227;97;0.00056985
815;0MD006015KER;228;97;0.00551705
815;0MD006015KER;229;97;0.00088134
815;0MD006015KER;234;97;0.00025108
815;0MD006015KER;235;97;0.00116577
815;0MD006015KER;215;98;0.00090535
815;0MD006015KER;217;98;0.00009983
815;0MD006015KER;218;98;0.00018559
815;0MD006015KER;219;98;0.00003951
815;0MD006015KER;220;98;0.00000246
815;0MD006015KER;221;98;0.00000631
815;0MD006015KER;222;98;0.00000978
815;0MD006015KER;223;98;0.00002152
815;0MD006015KER;224;98;0.00002404
815;0MD006015KER;225;98;0.00000960
815;0MD006015KER;227;98;0.00146361
815;0MD006015KER;228;98;0.00084257
815;0MD006015KER;229;98;0.00250636
815;0MD006015KER;230;98;0.00311571
815;0MD006015KER;231;98;0.00019531
815;0MD006015KER;234;98;0.00003671
815;0MD006015KER;235;98;0.00212198
815;0MD006015KER;215;99;0.00042923
815;0MD006015KER;216;99;0.00014396
815;0MD006015KER;217;99;0.00004893
815;0MD006015KER;218;99;0.00001481
815;0MD006015KER;220;99;0.00000460
815;0MD006015KER;227;99;0.00212594
815;0MD006015KER;231;99;0.00274287
815;0MD006015KER;232;99;0.00288987
815;0MD006015KER;233;99;0.00019504
815;0MD006015KER;234;99;0.00090625
815;0MD006015KER;235;99;0.00387880
815;0MD006015KER;215;100;0.00034721
815;0MD006015KER;218;100;0.00000772
815;0MD006015KER;219;100;0.00001753
815;0MD006015KER;220;100;0.00001378
815;0MD006015KER;221;100;0.00001709
815;0MD006015KER;222;100;0.00000243
815;0MD006015KER;227;100;0.00075952
815;0MD006015KER;228;100;0.00139589
815;0MD006015KER;232;100;0.00089201
815;0MD006015KER;233;100;0.00269839
815;0MD006015KER;234;100;0.00708112
815;0MD006015KER;235;100;0.00116972
815;0MD006015KER;215;101;0.00030917
815;0MD006015KER;222;101;0.00002453
815;0MD006015KER;228;101;0.00218911
815;0MD006015KER;235;101;0.00683839
815;0MD006015KER;215;102;0.00008477
815;0MD006015KER;216;102;0.00024231
815;0MD006015KER;222;102;0.00076128
815;0MD006015KER;228;102;0.00218959
815;0MD006015KER;234;102;0.00672818
815;0MD006015KER;235;102;0.00057081
815;0MD006015KER;214;103;0.00231828
815;0MD006015KER;215;103;0.00136808
815;0MD006015KER;216;103;0.00040412
815;0MD006015KER;221;103;0.00061609
815;0MD006015KER;222;103;0.00183884
815;0MD006015KER;228;103;0.00090508
815;0MD006015KER;229;103;0.00128358
815;0MD006015KER;233;103;0.00459738
815;0MD006015KER;234;103;0.00589456
815;0MD006015KER;215;104;0.00174467
815;0MD006015KER;216;104;0.00610058
815;0MD006015KER;221;104;0.00111173
815;0MD006015KER;222;104;0.00048103
815;0MD006015KER;229;104;0.00321256
815;0MD006015KER;232;104;0.00074514
815;0MD006015KER;233;104;0.00638741
815;0MD006015KER;234;104;0.00406753
815;0MD006015KER;235;104;0.00019881
815;0MD006015KER;214;105;0.00000002
815;0MD006015KER;216;105;0.00720559
815;0MD006015KER;217;105;0.00335469
815;0MD006015KER;218;105;0.00417244
815;0MD006015KER;219;105;0.00122022
815;0MD006015KER;221;105;0.00175320
815;0MD006015KER;227;105;0.00083719
815;0MD006015KER;228;105;0.00214338
815;0MD006015KER;229;105;0.00358657
815;0MD006015KER;230;105;0.00002022
815;0MD006015KER;231;105;0.00005192
815;0MD006015KER;232;105;0.00305786
815;0MD006015KER;233;105;0.00247146
815;0MD006015KER;234;105;0.02071723
815;0MD006015KER;235;105;0.00347272
815;0MD006015KER;214;106;0.00037892
815;0MD006015KER;215;106;0.00000013
815;0MD006015KER;216;106;0.00421745
815;0MD006015KER;217;106;0.00250094
815;0MD006015KER;218;106;0.00083643
815;0MD006015KER;219;106;0.00166882
815;0MD006015KER;220;106;0.00324194
815;0MD006015KER;221;106;0.00253532
815;0MD006015KER;226;106;0.00213408
815;0MD006015KER;227;106;0.00120732
815;0MD006015KER;229;106;0.00036434
815;0MD006015KER;230;106;0.00337821
815;0MD006015KER;231;106;0.01031663
815;0MD006015KER;232;106;0.00669720
815;0MD006015KER;233;106;0.00723191
815;0MD006015KER;234;106;0.01414790
815;0MD006015KER;235;106;0.00150219
815;0MD006015KER;214;107;0.00033955
815;0MD006015KER;215;107;0.00084204
815;0MD006015KER;216;107;0.00150725
815;0MD006015KER;217;107;0.00374852
815;0MD006015KER;218;107;0.00034613
815;0MD006015KER;221;107;0.00005011
815;0MD006015KER;222;107;0.00189902
815;0MD006015KER;223;107;0.00156522
815;0MD006015KER;225;107;0.00124873
815;0MD006015KER;226;107;0.00080400
815;0MD006015KER;230;107;0.00523753
815;0MD006015KER;231;107;0.00004682
815;0MD006015KER;214;108;0.00088166
815;0MD006015KER;215;108;0.00042607
815;0MD006015KER;217;108;0.00131454
815;0MD006015KER;218;108;0.00081884
815;0MD006015KER;223;108;0.00115808
815;0MD006015KER;224;108;0.00220255
815;0MD006015KER;225;108;0.00210665
815;0MD006015KER;230;108;0.00343078
815;0MD006015KER;217;109;0.00010707
815;0MD006015KER;230;109;0.00238035
815;0MD006036MOJ;260;63;0.00322868
815;0MD006036MOJ;261;63;0.00049518
815;0MD006036MOJ;260;64;0.00034752
815;0MD006036MOJ;261;64;0.00469469
815;0MD006036MOJ;262;64;0.00117607
815;0MD006036MOJ;268;64;0.00005578
815;0MD006036MOJ;273;64;0.00003210
815;0MD006036MOJ;262;65;0.00351599
815;0MD006036MOJ;263;65;0.00472573
815;0MD006036MOJ;264;65;0.00518531
815;0MD006036MOJ;265;65;0.00063105
815;0MD006036MOJ;266;65;0.00104641
815;0MD006036MOJ;267;65;0.00013327
815;0MD006036MOJ;268;65;0.00005586
815;0MD006036MOJ;273;65;0.00003474
815;0MD006036MOJ;283;65;0.00000842
815;0MD006036MOJ;284;65;0.00000561
815;0MD006036MOJ;260;66;0.00000265
815;0MD006036MOJ;262;66;0.00000963
815;0MD006036MOJ;263;66;0.00000967
815;0MD006036MOJ;264;66;0.00506529
815;0MD006036MOJ;265;66;0.00336277
815;0MD006036MOJ;266;66;0.00341768
815;0MD006036MOJ;267;66;0.00196472
815;0MD006036MOJ;268;66;0.00197523
815;0MD006036MOJ;269;66;0.00168448
815;0MD006036MOJ;270;66;0.00160064
815;0MD006036MOJ;271;66;0.00164125
815;0MD006036MOJ;272;66;0.00093033
815;0MD006036MOJ;273;66;0.00110428
815;0MD006036MOJ;274;66;0.00040452
815;0MD006036MOJ;275;66;0.00001863
815;0MD006036MOJ;276;66;0.00001198
815;0MD006036MOJ;277;66;0.00001116
815;0MD006036MOJ;278;66;0.00001116
815;0MD006036MOJ;279;66;0.00001120
815;0MD006036MOJ;280;66;0.00001138
815;0MD006036MOJ;281;66;0.00001420
815;0MD006036MOJ;282;66;0.00001345
815;0MD006036MOJ;283;66;0.00000695
815;0MD006036MOJ;284;66;0.00001875
815;0MD006036MOJ;285;66;0.00001346
815;0MD006036MOJ;286;66;0.00001373
815;0MD006036MOJ;287;66;0.00001365
815;0MD006036MOJ;288;66;0.00001584
815;0MD006036MOJ;289;66;0.00000682
815;0MD006036MOJ;293;66;0.00006413
815;0MD006036MOJ;294;66;0.00011553
815;0MD006036MOJ;295;66;0.00002467
815;0MD006036MOJ;299;66;0.00000002
815;0MD006036MOJ;300;66;0.00003800
815;0MD006036MOJ;257;67;0.00026721
815;0MD006036MOJ;258;67;0.00001969
815;0MD006036MOJ;259;67;0.00000968
815;0MD006036MOJ;260;67;0.00000833
815;0MD006036MOJ;261;67;0.00001204
815;0MD006036MOJ;262;67;0.00000081
815;0MD006036MOJ;263;67;0.00027746
815;0MD006036MOJ;264;67;0.00141809
815;0MD006036MOJ;265;67;0.00209018
815;0MD006036MOJ;266;67;0.00064258
815;0MD006036MOJ;267;67;0.00076808
815;0MD006036MOJ;268;67;0.00050921
815;0MD006036MOJ;270;67;0.00074978
815;0MD006036MOJ;271;67;0.00011918
815;0MD006036MOJ;272;67;0.00123084
815;0MD006036MOJ;273;67;0.00002797
815;0MD006036MOJ;274;67;0.00068923
815;0MD006036MOJ;275;67;0.00005610
815;0MD006036MOJ;276;67;0.00005110
815;0MD006036MOJ;277;67;0.00005110
815;0MD006036MOJ;278;67;0.00005110
815;0MD006036MOJ;279;67;0.00003544
815;0MD006036MOJ;280;67;0.00000337
815;0MD006036MOJ;295;67;0.00009086
815;0MD006036MOJ;296;67;0.00010899
815;0MD006036MOJ;297;67;0.00011352
815;0MD006036MOJ;298;67;0.00011516
815;0MD006036MOJ;299;67;0.00010921
815;0MD006036MOJ;300;67;0.00005736
815;0MD006036MOJ;301;67;0.00009805
815;0MD006036MOJ;302;67;0.00011451
815;0MD006036MOJ;303;67;0.00007021
815;0MD006036MOJ;308;67;0.00005302
815;0MD006036MOJ;262;68;0.00000009
815;0MD006036MOJ;263;68;0.00069421
815;0MD006036MOJ;264;68;0.00027007
815;0MD006036MOJ;265;68;0.00038788
815;0MD006036MOJ;266;68;0.00036177
815;0MD006036MOJ;267;68;0.00030947
815;0MD006036MOJ;268;68;0.00078800
815;0MD006036MOJ;269;68;0.00049527
815;0MD006036MOJ;270;68;0.00094961
815;0MD006036MOJ;271;68;0.00044450
815;0MD006036MOJ;272;68;0.00033466
815;0MD006036MOJ;273;68;0.00011129
815;0MD006036MOJ;274;68;0.00011172
815;0MD006036MOJ;279;68;0.00004136
815;0MD006036MOJ;280;68;0.00001692
815;0MD006036MOJ;296;68;0.00000676
815;0MD006036MOJ;297;68;0.00002291
815;0MD006036MOJ;303;68;0.00008049
815;0MD006036MOJ;304;68;0.00005413
815;0MD006036MOJ;307;68;0.00012947
815;0MD006036MOJ;308;68;0.00000404
815;0MD006036MOJ;238;69;0.00001426
815;0MD006036MOJ;239;69;0.00049137
815;0MD006036MOJ;240;69;0.01240787
815;0MD006036MOJ;243;69;0.00021267
815;0MD006036MOJ;246;69;0.00010785
815;0MD006036MOJ;263;69;0.00083736
815;0MD006036MOJ;264;69;0.00093794
815;0MD006036MOJ;265;69;0.00026284
815;0MD006036MOJ;266;69;0.00031675
815;0MD006036MOJ;267;69;0.00009361
815;0MD006036MOJ;268;69;0.00064972
815;0MD006036MOJ;269;69;0.00013944
815;0MD006036MOJ;270;69;0.00016191
815;0MD006036MOJ;271;69;0.00003521
815;0MD006036MOJ;272;69;0.00018165
815;0MD006036MOJ;279;69;0.00000966
815;0MD006036MOJ;280;69;0.00004436
815;0MD006036MOJ;295;69;0.00000738
815;0MD006036MOJ;296;69;0.00002449
815;0MD006036MOJ;304;69;0.00010071
815;0MD006036MOJ;305;69;0.00004294
815;0MD006036MOJ;306;69;0.00010509
815;0MD006036MOJ;307;69;0.00002290
815;0MD006036MOJ;310;69;0.00030175
815;0MD006036MOJ;311;69;0.00042024
815;0MD006036MOJ;237;70;0.00061753
815;0MD006036MOJ;238;70;0.00058015
815;0MD006036MOJ;239;70;0.00493540
815;0MD006036MOJ;240;70;0.03446666
815;0MD006036MOJ;241;70;0.00043786
815;0MD006036MOJ;242;70;0.00097145
815;0MD006036MOJ;243;70;0.00052126
815;0MD006036MOJ;244;70;0.00021292
815;0MD006036MOJ;245;70;0.00046334
815;0MD006036MOJ;246;70;0.00066307
815;0MD006036MOJ;255;70;0.00056279
815;0MD006036MOJ;262;70;0.00006964
815;0MD006036MOJ;263;70;0.00094686
815;0MD006036MOJ;266;70;0.00010019
815;0MD006036MOJ;269;70;0.00068406
815;0MD006036MOJ;270;70;0.00064846
815;0MD006036MOJ;271;70;0.00023469
815;0MD006036MOJ;279;70;0.00002729
815;0MD006036MOJ;280;70;0.00002779
815;0MD006036MOJ;294;70;0.00001962
815;0MD006036MOJ;295;70;0.00001952
815;0MD006036MOJ;304;70;0.00018363
815;0MD006036MOJ;305;70;0.00087204
815;0MD006036MOJ;306;70;0.00069246
815;0MD006036MOJ;307;70;0.00063424
815;0MD006036MOJ;308;70;0.00063303
815;0MD006036MOJ;309;70;0.00064751
815;0MD006036MOJ;310;70;0.00059776
815;0MD006036MOJ;311;70;0.00029288
815;0MD006036MOJ;312;70;0.00032488
815;0MD006036MOJ;313;70;0.00008742
815;0MD006036MOJ;236;71;0.00072047
815;0MD006036MOJ;237;71;0.00086596
815;0MD006036MOJ;238;71;0.00448574
815;0MD006036MOJ;239;71;0.00097836
815;0MD006036MOJ;240;71;0.00563375
815;0MD006036MOJ;241;71;0.02188506
815;0MD006036MOJ;242;71;0.00145334
815;0MD006036MOJ;243;71;0.00127164
815;0MD006036MOJ;245;71;0.00083072
815;0MD006036MOJ;254;71;0.00076997
815;0MD006036MOJ;255;71;0.00006503
815;0MD006036MOJ;261;71;0.00023319
815;0MD006036MOJ;262;71;0.00121860
815;0MD006036MOJ;280;71;0.00005493
815;0MD006036MOJ;291;71;0.00000976
815;0MD006036MOJ;292;71;0.00002256
815;0MD006036MOJ;293;71;0.00002590
815;0MD006036MOJ;294;71;0.00000650
815;0MD006036MOJ;304;71;0.00080358
815;0MD006036MOJ;313;71;0.00010343
815;0MD006036MOJ;314;71;0.00004908
815;0MD006036MOJ;237;72;0.00523119
815;0MD006036MOJ;238;72;0.00165264
815;0MD006036MOJ;240;72;0.00011388
815;0MD006036MOJ;241;72;0.01868920
815;0MD006036MOJ;242;72;0.01132704
815;0MD006036MOJ;243;72;0.00753637
815;0MD006036MOJ;244;72;0.00404018
815;0MD006036MOJ;245;72;0.00116991
815;0MD006036MOJ;246;72;0.00032829
815;0MD006036MOJ;253;72;0.00037699
815;0MD006036MOJ;254;72;0.00029483
815;0MD006036MOJ;258;72;0.00068915
815;0MD006036MOJ;259;72;0.00069225
815;0MD006036MOJ;260;72;0.00076793
815;0MD006036MOJ;261;72;0.00089255
815;0MD006036MOJ;280;72;0.00005493
815;0MD006036MOJ;289;72;0.00000835
815;0MD006036MOJ;290;72;0.00001769
815;0MD006036MOJ;291;72;0.00001676
815;0MD006036MOJ;304;72;0.00069403
815;0MD006036MOJ;314;72;0.00015319
815;0MD006036MOJ;236;73;0.00348719
815;0MD006036MOJ;237;73;0.00238840
815;0MD006036MOJ;238;73;0.00196529
815;0MD006036MOJ;239;73;0.00248439
815;0MD006036MOJ;240;73;0.00327931
815;0MD006036MOJ;241;73;0.00629843
815;0MD006036MOJ;242;73;0.02315471
815;0MD006036MOJ;243;73;0.00871500
815;0MD006036MOJ;244;73;0.00687122
815;0MD006036MOJ;245;73;0.00501462
815;0MD006036MOJ;246;73;0.00204864
815;0MD006036MOJ;247;73;0.00070586
815;0MD006036MOJ;248;73;0.00034900
815;0MD006036MOJ;249;73;0.00009011
815;0MD006036MOJ;252;73;0.00135288
815;0MD006036MOJ;253;73;0.00026616
815;0MD006036MOJ;254;73;0.00007438
815;0MD006036MOJ;255;73;0.00054064
815;0MD006036MOJ;256;73;0.00070489
815;0MD006036MOJ;257;73;0.00078943
815;0MD006036MOJ;258;73;0.00020116
815;0MD006036MOJ;261;73;0.00000703
815;0MD006036MOJ;280;73;0.00005407
815;0MD006036MOJ;289;73;0.00002589
815;0MD006036MOJ;290;73;0.00001956
815;0MD006036MOJ;303;73;0.00053458
815;0MD006036MOJ;304;73;0.00014574
815;0MD006036MOJ;314;73;0.00001287
815;0MD006036MOJ;315;73;0.00018611
815;0MD006036MOJ;236;74;0.00066219
815;0MD006036MOJ;237;74;0.00084074
815;0MD006036MOJ;238;74;0.00118729
815;0MD006036MOJ;239;74;0.00096930
815;0MD006036MOJ;240;74;0.00197865
815;0MD006036MOJ;241;74;0.00537892
815;0MD006036MOJ;242;74;0.01725065
815;0MD006036MOJ;243;74;0.02499173
815;0MD006036MOJ;244;74;0.01336534
815;0MD006036MOJ;245;74;0.00811969
815;0MD006036MOJ;246;74;0.00443798
815;0MD006036MOJ;247;74;0.00161310
815;0MD006036MOJ;248;74;0.00170661
815;0MD006036MOJ;249;74;0.00175718
815;0MD006036MOJ;250;74;0.00172118
815;0MD006036MOJ;251;74;0.00172207
815;0MD006036MOJ;252;74;0.00148862
815;0MD006036MOJ;253;74;0.00069512
815;0MD006036MOJ;254;74;0.00083277
815;0MD006036MOJ;255;74;0.00017506
815;0MD006036MOJ;261;74;0.00000270
815;0MD006036MOJ;262;74;0.00000623
815;0MD006036MOJ;279;74;0.00001207
815;0MD006036MOJ;280;74;0.00004699
815;0MD006036MOJ;288;74;0.00001395
815;0MD006036MOJ;289;74;0.00001196
815;0MD006036MOJ;303;74;0.00068031
815;0MD006036MOJ;315;74;0.00000998
815;0MD006036MOJ;235;75;0.00006736
815;0MD006036MOJ;236;75;0.00130893
815;0MD006036MOJ;237;75;0.00183007
815;0MD006036MOJ;238;75;0.00161132
815;0MD006036MOJ;239;75;0.00155919
815;0MD006036MOJ;240;75;0.00249667
815;0MD006036MOJ;241;75;0.00704188
815;0MD006036MOJ;242;75;0.00698279
815;0MD006036MOJ;243;75;0.02079229
815;0MD006036MOJ;244;75;0.00779692
815;0MD006036MOJ;245;75;0.00710937
815;0MD006036MOJ;246;75;0.00569161
815;0MD006036MOJ;247;75;0.00218660
815;0MD006036MOJ;252;75;0.00064113
815;0MD006036MOJ;253;75;0.00007187
815;0MD006036MOJ;254;75;0.00011377
815;0MD006036MOJ;255;75;0.00000352
815;0MD006036MOJ;261;75;0.00000421
815;0MD006036MOJ;262;75;0.00000599
815;0MD006036MOJ;279;75;0.00007092
815;0MD006036MOJ;286;75;0.00001043
815;0MD006036MOJ;287;75;0.00001663
815;0MD006036MOJ;288;75;0.00000269
815;0MD006036MOJ;303;75;0.00067928
815;0MD006036MOJ;235;76;0.00243113
815;0MD006036MOJ;236;76;0.00375067
815;0MD006036MOJ;237;76;0.00449710
815;0MD006036MOJ;238;76;0.00000821
815;0MD006036MOJ;239;76;0.00049742
815;0MD006036MOJ;240;76;0.00170768
815;0MD006036MOJ;241;76;0.00649715
815;0MD006036MOJ;242;76;0.00384605
815;0MD006036MOJ;243;76;0.01439688
815;0MD006036MOJ;244;76;0.01371285
815;0MD006036MOJ;245;76;0.00559382
815;0MD006036MOJ;246;76;0.00314491
815;0MD006036MOJ;247;76;0.00145773
815;0MD006036MOJ;251;76;0.00012539
815;0MD006036MOJ;252;76;0.00014925
815;0MD006036MOJ;253;76;0.00001164
815;0MD006036MOJ;255;76;0.00003174
815;0MD006036MOJ;256;76;0.00003738
815;0MD006036MOJ;257;76;0.00000452
815;0MD006036MOJ;259;76;0.00003241
815;0MD006036MOJ;261;76;0.00000093
815;0MD006036MOJ;262;76;0.00000512
815;0MD006036MOJ;279;76;0.00005401
815;0MD006036MOJ;285;76;0.00001431
815;0MD006036MOJ;286;76;0.00000718
815;0MD006036MOJ;303;76;0.00067706
815;0MD006036MOJ;235;77;0.00025778
815;0MD006036MOJ;236;77;0.00126632
815;0MD006036MOJ;237;77;0.00109370
815;0MD006036MOJ;238;77;0.00089423
815;0MD006036MOJ;239;77;0.00758774
815;0MD006036MOJ;240;77;0.00429054
815;0MD006036MOJ;241;77;0.00885804
815;0MD006036MOJ;242;77;0.00294766
815;0MD006036MOJ;243;77;0.00406500
815;0MD006036MOJ;244;77;0.01429674
815;0MD006036MOJ;245;77;0.00127736
815;0MD006036MOJ;246;77;0.00188351
815;0MD006036MOJ;247;77;0.00009835
815;0MD006036MOJ;251;77;0.00030972
815;0MD006036MOJ;257;77;0.00004837
815;0MD006036MOJ;258;77;0.00001055
815;0MD006036MOJ;259;77;0.00004408
815;0MD006036MOJ;260;77;0.00000582
815;0MD006036MOJ;261;77;0.00000604
815;0MD006036MOJ;278;77;0.00000775
815;0MD006036MOJ;279;77;0.00004585
815;0MD006036MOJ;284;77;0.00001053
815;0MD006036MOJ;285;77;0.00000756
815;0MD006036MOJ;303;77;0.00067713
815;0MD006036MOJ;237;78;0.00009777
815;0MD006036MOJ;239;78;0.00004875
815;0MD006036MOJ;240;78;0.00186661
815;0MD006036MOJ;241;78;0.00211912
815;0MD006036MOJ;242;78;0.00063833
815;0MD006036MOJ;243;78;0.00032002
815;0MD006036MOJ;244;78;0.00106658
815;0MD006036MOJ;245;78;0.00792192
815;0MD006036MOJ;246;78;0.00102910
815;0MD006036MOJ;251;78;0.00030240
815;0MD006036MOJ;258;78;0.00004786
815;0MD006036MOJ;259;78;0.00001363
815;0MD006036MOJ;276;78;0.00000205
815;0MD006036MOJ;277;78;0.00002892
815;0MD006036MOJ;278;78;0.00007216
815;0MD006036MOJ;279;78;0.00002928
815;0MD006036MOJ;280;78;0.00002929
815;0MD006036MOJ;281;78;0.00002561
815;0MD006036MOJ;282;78;0.00000949
815;0MD006036MOJ;283;78;0.00001256
815;0MD006036MOJ;284;78;0.00001111
815;0MD006036MOJ;303;78;0.00067709
815;0MD006036MOJ;240;79;0.00171872
815;0MD006036MOJ;241;79;0.00007489
815;0MD006036MOJ;242;79;0.00103393
815;0MD006036MOJ;245;79;0.00874140
815;0MD006036MOJ;246;79;0.00000619
815;0MD006036MOJ;247;79;0.00001747
815;0MD006036MOJ;248;79;0.00000479
815;0MD006036MOJ;251;79;0.00030783
815;0MD006036MOJ;259;79;0.00000711
815;0MD006036MOJ;260;79;0.00000159
815;0MD006036MOJ;273;79;0.00001423
815;0MD006036MOJ;274;79;0.00002958
815;0MD006036MOJ;275;79;0.00002900
815;0MD006036MOJ;276;79;0.00002683
815;0MD006036MOJ;280;79;0.00000532
815;0MD006036MOJ;281;79;0.00002810
815;0MD006036MOJ;282;79;0.00001241
815;0MD006036MOJ;283;79;0.00001207
815;0MD006036MOJ;284;79;0.00000529
815;0MD006036MOJ;285;79;0.00000313
815;0MD006036MOJ;303;79;0.00067643
815;0MD006036MOJ;240;80;0.00171806
815;0MD006036MOJ;242;80;0.00095929
815;0MD006036MOJ;243;80;0.00011866
815;0MD006036MOJ;245;80;0.00841426
815;0MD006036MOJ;248;80;0.00001784
815;0MD006036MOJ;251;80;0.00030295
815;0MD006036MOJ;260;80;0.00000624
815;0MD006036MOJ;261;80;0.00000408
815;0MD006036MOJ;272;80;0.00001771
815;0MD006036MOJ;273;80;0.00002053
815;0MD006036MOJ;280;80;0.00002825
815;0MD006036MOJ;285;80;0.00000348
815;0MD006036MOJ;286;80;0.00000325
815;0MD006036MOJ;303;80;0.00067888
815;0MD006036MOJ;235;81;0.00037410
815;0MD006036MOJ;236;81;0.00061143
815;0MD006036MOJ;237;81;0.00064047
815;0MD006036MOJ;238;81;0.00061491
815;0MD006036MOJ;239;81;0.00072318
815;0MD006036MOJ;240;81;0.00187957
815;0MD006036MOJ;241;81;0.00034077
815;0MD006036MOJ;242;81;0.00066457
815;0MD006036MOJ;243;81;0.00138437
815;0MD006036MOJ;245;81;0.00063101
815;0MD006036MOJ;246;81;0.00854064
815;0MD006036MOJ;247;81;0.00000243
815;0MD006036MOJ;248;81;0.00002414
815;0MD006036MOJ;249;81;0.00000217
815;0MD006036MOJ;250;81;0.00020681
815;0MD006036MOJ;251;81;0.00008849
815;0MD006036MOJ;261;81;0.00000461
815;0MD006036MOJ;262;81;0.00000477
815;0MD006036MOJ;271;81;0.00000785
815;0MD006036MOJ;272;81;0.00007354
815;0MD006036MOJ;280;81;0.00002548
815;0MD006036MOJ;286;81;0.00000337
815;0MD006036MOJ;287;81;0.00000336
815;0MD006036MOJ;303;81;0.00076114
815;0MD006036MOJ;239;82;0.00151639
815;0MD006036MOJ;242;82;0.00024422
815;0MD006036MOJ;243;82;0.00082094
815;0MD006036MOJ;244;82;0.00101877
815;0MD006036MOJ;245;82;0.00093298
815;0MD006036MOJ;246;82;0.00743925
815;0MD006036MOJ;247;82;0.00351481
815;0MD006036MOJ;248;82;0.00000450
815;0MD006036MOJ;249;82;0.00001352
815;0MD006036MOJ;250;82;0.00028954
815;0MD006036MOJ;262;82;0.00000455
815;0MD006036MOJ;263;82;0.00000425
815;0MD006036MOJ;265;82;0.00019781
815;0MD006036MOJ;266;82;0.00078552
815;0MD006036MOJ;267;82;0.00077171
815;0MD006036MOJ;268;82;0.00077222
815;0MD006036MOJ;269;82;0.00078075
815;0MD006036MOJ;270;82;0.00077429
815;0MD006036MOJ;271;82;0.00080451
815;0MD006036MOJ;272;82;0.00075909
815;0MD006036MOJ;273;82;0.00073721
815;0MD006036MOJ;274;82;0.00034273
815;0MD006036MOJ;277;82;0.00001855
815;0MD006036MOJ;278;82;0.00020214
815;0MD006036MOJ;280;82;0.00002534
815;0MD006036MOJ;287;82;0.00000325
815;0MD006036MOJ;288;82;0.00000347
815;0MD006036MOJ;303;82;0.00071396
815;0MD006036MOJ;239;83;0.00151132
815;0MD006036MOJ;243;83;0.00006170
815;0MD006036MOJ;244;83;0.00029674
815;0MD006036MOJ;245;83;0.00067998
815;0MD006036MOJ;246;83;0.00001692
815;0MD006036MOJ;247;83;0.00716114
815;0MD006036MOJ;248;83;0.00267626
815;0MD006036MOJ;249;83;0.00011180
815;0MD006036MOJ;250;83;0.00017710
815;0MD006036MOJ;259;83;0.00000216
815;0MD006036MOJ;263;83;0.00033094
815;0MD006036MOJ;264;83;0.00084632
815;0MD006036MOJ;265;83;0.00071456
815;0MD006036MOJ;269;83;0.00002189
815;0MD006036MOJ;274;83;0.00040010
815;0MD006036MOJ;275;83;0.00075521
815;0MD006036MOJ;276;83;0.00073291
815;0MD006036MOJ;277;83;0.00071886
815;0MD006036MOJ;278;83;0.00052354
815;0MD006036MOJ;279;83;0.00073147
815;0MD006036MOJ;280;83;0.00075560
815;0MD006036MOJ;281;83;0.00071869
815;0MD006036MOJ;282;83;0.00072647
815;0MD006036MOJ;283;83;0.00029235
815;0MD006036MOJ;288;83;0.00000314
815;0MD006036MOJ;289;83;0.00000361
815;0MD006036MOJ;303;83;0.00111718
815;0MD006036MOJ;304;83;0.00013560
815;0MD006036MOJ;239;84;0.00149366
815;0MD006036MOJ;242;84;0.00001583
815;0MD006036MOJ;243;84;0.00003296
815;0MD006036MOJ;245;84;0.00003537
815;0MD006036MOJ;246;84;0.00072826
815;0MD006036MOJ;247;84;0.00000613
815;0MD006036MOJ;248;84;0.00740878
815;0MD006036MOJ;249;84;0.00056025
815;0MD006036MOJ;250;84;0.00031769
815;0MD006036MOJ;256;84;0.00029806
815;0MD006036MOJ;257;84;0.00100529
815;0MD006036MOJ;258;84;0.00085134
815;0MD006036MOJ;259;84;0.00078829
815;0MD006036MOJ;260;84;0.00078381
815;0MD006036MOJ;261;84;0.00079350
815;0MD006036MOJ;262;84;0.00077634
815;0MD006036MOJ;263;84;0.00046014
815;0MD006036MOJ;268;84;0.00000748
815;0MD006036MOJ;269;84;0.00001418
815;0MD006036MOJ;280;84;0.00001870
815;0MD006036MOJ;281;84;0.00002493
815;0MD006036MOJ;283;84;0.00050323
815;0MD006036MOJ;284;84;0.00083713
815;0MD006036MOJ;285;84;0.00002969
815;0MD006036MOJ;289;84;0.00000304
815;0MD006036MOJ;290;84;0.00000348
815;0MD006036MOJ;304;84;0.00021566
815;0MD006036MOJ;305;84;0.00026538
815;0MD006036MOJ;306;84;0.00059457
815;0MD006036MOJ;238;85;0.00105540
815;0MD006036MOJ;239;85;0.00043717
815;0MD006036MOJ;242;85;0.00004880
815;0MD006036MOJ;245;85;0.00005904
815;0MD006036MOJ;246;85;0.00006607
815;0MD006036MOJ;247;85;0.00092961
815;0MD006036MOJ;248;85;0.01021417
815;0MD006036MOJ;249;85;0.00203240
815;0MD006036MOJ;250;85;0.00089838
815;0MD006036MOJ;251;85;0.00101277
815;0MD006036MOJ;252;85;0.00098559
815;0MD006036MOJ;253;85;0.00098301
815;0MD006036MOJ;254;85;0.00097390
815;0MD006036MOJ;255;85;0.00097309
815;0MD006036MOJ;256;85;0.00067184
815;0MD006036MOJ;257;85;0.00019377
815;0MD006036MOJ;268;85;0.00002252
815;0MD006036MOJ;281;85;0.00004206
815;0MD006036MOJ;285;85;0.00077664
815;0MD006036MOJ;286;85;0.00074975
815;0MD006036MOJ;287;85;0.00070234
815;0MD006036MOJ;288;85;0.00046278
815;0MD006036MOJ;290;85;0.00000502
815;0MD006036MOJ;304;85;0.00037019
815;0MD006036MOJ;305;85;0.00069237
815;0MD006036MOJ;238;86;0.00149807
815;0MD006036MOJ;242;86;0.00025938
815;0MD006036MOJ;243;86;0.00037476
815;0MD006036MOJ;244;86;0.00017820
815;0MD006036MOJ;245;86;0.00002235
815;0MD006036MOJ;246;86;0.00104992
815;0MD006036MOJ;247;86;0.00119507
815;0MD006036MOJ;248;86;0.00335060
815;0MD006036MOJ;249;86;0.01047700
815;0MD006036MOJ;250;86;0.00731484
815;0MD006036MOJ;251;86;0.00509947
815;0MD006036MOJ;252;86;0.00473031
815;0MD006036MOJ;253;86;0.00472730
815;0MD006036MOJ;254;86;0.00015865
815;0MD006036MOJ;255;86;0.00035832
815;0MD006036MOJ;256;86;0.00029512
815;0MD006036MOJ;257;86;0.00047074
815;0MD006036MOJ;258;86;0.00005186
815;0MD006036MOJ;268;86;0.00002252
815;0MD006036MOJ;280;86;0.00000767
815;0MD006036MOJ;281;86;0.00003293
815;0MD006036MOJ;286;86;0.00000196
815;0MD006036MOJ;287;86;0.00000405
815;0MD006036MOJ;288;86;0.00025043
815;0MD006036MOJ;289;86;0.00071409
815;0MD006036MOJ;290;86;0.00071866
815;0MD006036MOJ;291;86;0.00072627
815;0MD006036MOJ;292;86;0.00072631
815;0MD006036MOJ;293;86;0.00047604
815;0MD006036MOJ;303;86;0.00004866
815;0MD006036MOJ;304;86;0.00088860
815;0MD006036MOJ;238;87;0.00151542
815;0MD006036MOJ;240;87;0.00040280
815;0MD006036MOJ;241;87;0.00039627
815;0MD006036MOJ;242;87;0.00017365
815;0MD006036MOJ;246;87;0.00119834
815;0MD006036MOJ;247;87;0.00113921
815;0MD006036MOJ;248;87;0.00005687
815;0MD006036MOJ;249;87;0.00065261
815;0MD006036MOJ;250;87;0.00007548
815;0MD006036MOJ;252;87;0.00031988
815;0MD006036MOJ;253;87;0.00017599
815;0MD006036MOJ;254;87;0.00468256
815;0MD006036MOJ;255;87;0.00485548
815;0MD006036MOJ;256;87;0.00496869
815;0MD006036MOJ;257;87;0.00047581
815;0MD006036MOJ;258;87;0.00001504
815;0MD006036MOJ;268;87;0.00002178
815;0MD006036MOJ;280;87;0.00003906
815;0MD006036MOJ;285;87;0.00000101
815;0MD006036MOJ;286;87;0.00000327
815;0MD006036MOJ;293;87;0.00029426
815;0MD006036MOJ;294;87;0.00078730
815;0MD006036MOJ;295;87;0.00081854
815;0MD006036MOJ;296;87;0.00055193
815;0MD006036MOJ;303;87;0.00038397
815;0MD006036MOJ;304;87;0.00081150
815;0MD006036MOJ;236;88;0.00168534
815;0MD006036MOJ;237;88;0.00181671
815;0MD006036MOJ;238;88;0.00145294
815;0MD006036MOJ;239;88;0.00042618
815;0MD006036MOJ;240;88;0.00002010
815;0MD006036MOJ;245;88;0.00017918
815;0MD006036MOJ;246;88;0.00046923
815;0MD006036MOJ;249;88;0.00033150
815;0MD006036MOJ;250;88;0.00038454
815;0MD006036MOJ;251;88;0.00017559
815;0MD006036MOJ;252;88;0.00017677
815;0MD006036MOJ;257;88;0.00473497
815;0MD006036MOJ;258;88;0.00389272
815;0MD006036MOJ;268;88;0.00002245
815;0MD006036MOJ;280;88;0.00004122
815;0MD006036MOJ;281;88;0.00000361
815;0MD006036MOJ;282;88;0.00000360
815;0MD006036MOJ;283;88;0.00000345
815;0MD006036MOJ;284;88;0.00000344
815;0MD006036MOJ;285;88;0.00000443
815;0MD006036MOJ;293;88;0.00004688
815;0MD006036MOJ;296;88;0.00025390
815;0MD006036MOJ;297;88;0.00077232
815;0MD006036MOJ;298;88;0.00082776
815;0MD006036MOJ;299;88;0.00081768
815;0MD006036MOJ;300;88;0.00077071
815;0MD006036MOJ;302;88;0.00073309
815;0MD006036MOJ;303;88;0.00208284
815;0MD006036MOJ;237;89;0.00033986
815;0MD006036MOJ;238;89;0.00000014
815;0MD006036MOJ;245;89;0.00064824
815;0MD006036MOJ;250;89;0.00030586
815;0MD006036MOJ;251;89;0.00076720
815;0MD006036MOJ;252;89;0.00075566
815;0MD006036MOJ;258;89;0.00130680
815;0MD006036MOJ;259;89;0.00519200
815;0MD006036MOJ;260;89;0.00249748
815;0MD006036MOJ;267;89;0.00002045
815;0MD006036MOJ;268;89;0.00003753
815;0MD006036MOJ;280;89;0.00004074
815;0MD006036MOJ;293;89;0.00005269
815;0MD006036MOJ;299;89;0.00000213
815;0MD006036MOJ;300;89;0.00011909
815;0MD006036MOJ;301;89;0.00087169
815;0MD006036MOJ;302;89;0.00103040
815;0MD006036MOJ;303;89;0.00007360
815;0MD006036MOJ;237;90;0.00047561
815;0MD006036MOJ;252;90;0.00109130
815;0MD006036MOJ;260;90;0.00249184
815;0MD006036MOJ;261;90;0.00500390
815;0MD006036MOJ;262;90;0.00163194
815;0MD006036MOJ;268;90;0.00002194
815;0MD006036MOJ;280;90;0.00004174
815;0MD006036MOJ;292;90;0.00002711
815;0MD006036MOJ;293;90;0.00002621
815;0MD006036MOJ;298;90;0.00004264
815;0MD006036MOJ;299;90;0.00006868
815;0MD006036MOJ;302;90;0.00071665
815;0MD006036MOJ;237;91;0.00048140
815;0MD006036MOJ;252;91;0.00013534
815;0MD006036MOJ;253;91;0.00100283
815;0MD006036MOJ;262;91;0.00431963
815;0MD006036MOJ;263;91;0.00239834
815;0MD006036MOJ;266;91;0.00000851
815;0MD006036MOJ;267;91;0.00001050
815;0MD006036MOJ;268;91;0.00002313
815;0MD006036MOJ;269;91;0.00000159
815;0MD006036MOJ;279;91;0.00000483
815;0MD006036MOJ;280;91;0.00005504
815;0MD006036MOJ;292;91;0.00005578
815;0MD006036MOJ;298;91;0.00006245
815;0MD006036MOJ;302;91;0.00120575
815;0MD006036MOJ;236;92;0.00010331
815;0MD006036MOJ;237;92;0.00036959
815;0MD006036MOJ;253;92;0.00034749
815;0MD006036MOJ;254;92;0.00079026
815;0MD006036MOJ;263;92;0.00292891
815;0MD006036MOJ;264;92;0.00454152
815;0MD006036MOJ;265;92;0.00483995
815;0MD006036MOJ;266;92;0.00328838
815;0MD006036MOJ;269;92;0.00001021
815;0MD006036MOJ;279;92;0.00000959
815;0MD006036MOJ;280;92;0.00000036
815;0MD006036MOJ;281;92;0.00004927
815;0MD006036MOJ;291;92;0.00006252
815;0MD006036MOJ;292;92;0.00000508
815;0MD006036MOJ;298;92;0.00006311
815;0MD006036MOJ;301;92;0.00009284
815;0MD006036MOJ;302;92;0.00120326
815;0MD006036MOJ;236;93;0.00047290
815;0MD006036MOJ;254;93;0.00056058
815;0MD006036MOJ;255;93;0.00053061
815;0MD006036MOJ;266;93;0.00183948
815;0MD006036MOJ;267;93;0.00476826
815;0MD006036MOJ;268;93;0.00000778
815;0MD006036MOJ;269;93;0.00000448
815;0MD006036MOJ;279;93;0.00000981
815;0MD006036MOJ;281;93;0.00001380
815;0MD006036MOJ;282;93;0.00003380
815;0MD006036MOJ;290;93;0.00003284
815;0MD006036MOJ;291;93;0.00001684
815;0MD006036MOJ;298;93;0.00006326
815;0MD006036MOJ;301;93;0.00053335
815;0MD006036MOJ;236;94;0.00047290
815;0MD006036MOJ;255;94;0.00088492
815;0MD006036MOJ;267;94;0.00195190
815;0MD006036MOJ;268;94;0.00342634
815;0MD006036MOJ;276;94;0.00000291
815;0MD006036MOJ;277;94;0.00000953
815;0MD006036MOJ;278;94;0.00001138
815;0MD006036MOJ;279;94;0.00000624
815;0MD006036MOJ;282;94;0.00004103
815;0MD006036MOJ;290;94;0.00004894
815;0MD006036MOJ;298;94;0.00006191
815;0MD006036MOJ;236;95;0.00046400
815;0MD006036MOJ;255;95;0.00079121
815;0MD006036MOJ;256;95;0.00030995
815;0MD006036MOJ;268;95;0.00364672
815;0MD006036MOJ;269;95;0.00390147
815;0MD006036MOJ;275;95;0.00001196
815;0MD006036MOJ;276;95;0.00000705
815;0MD006036MOJ;282;95;0.00001804
815;0MD006036MOJ;283;95;0.00012583
815;0MD006036MOJ;290;95;0.00004883
815;0MD006036MOJ;298;95;0.00006274
815;0MD006036MOJ;236;96;0.00046123
815;0MD006036MOJ;256;96;0.00120588
815;0MD006036MOJ;269;96;0.00399983
815;0MD006036MOJ;270;96;0.00082679
815;0MD006036MOJ;274;96;0.00000750
815;0MD006036MOJ;275;96;0.00000258
815;0MD006036MOJ;283;96;0.00010260
815;0MD006036MOJ;289;96;0.00000776
815;0MD006036MOJ;290;96;0.00004040
815;0MD006036MOJ;297;96;0.00002307
815;0MD006036MOJ;298;96;0.00003483
815;0MD006036MOJ;236;97;0.00050186
815;0MD006036MOJ;270;97;0.00599919
815;0MD006036MOJ;271;97;0.00031811
815;0MD006036MOJ;272;97;0.00000431
815;0MD006036MOJ;273;97;0.00000432
815;0MD006036MOJ;274;97;0.00000852
815;0MD006036MOJ;282;97;0.00000074
815;0MD006036MOJ;283;97;0.00010417
815;0MD006036MOJ;289;97;0.00004833
815;0MD006036MOJ;235;98;0.00013704
815;0MD006036MOJ;236;98;0.00035256
815;0MD006036MOJ;270;98;0.00011739
815;0MD006036MOJ;271;98;0.00586802
815;0MD006036MOJ;272;98;0.00079981
815;0MD006036MOJ;274;98;0.00000445
815;0MD006036MOJ;282;98;0.00000918
815;0MD006036MOJ;283;98;0.00008750
815;0MD006036MOJ;288;98;0.00000881
815;0MD006036MOJ;289;98;0.00005674
815;0MD006036MOJ;236;99;0.00010714
815;0MD006036MOJ;269;99;0.00002971
815;0MD006036MOJ;270;99;0.00010156
815;0MD006036MOJ;272;99;0.00511407
815;0MD006036MOJ;273;99;0.00171959
815;0MD006036MOJ;274;99;0.00000265
815;0MD006036MOJ;281;99;0.00000369
815;0MD006036MOJ;282;99;0.00000624
815;0MD006036MOJ;283;99;0.00007419
815;0MD006036MOJ;284;99;0.00006335
815;0MD006036MOJ;288;99;0.00002247
815;0MD006036MOJ;289;99;0.00004002
815;0MD006036MOJ;236;100;0.00009456
815;0MD006036MOJ;269;100;0.00014368
815;0MD006036MOJ;273;100;0.00409746
815;0MD006036MOJ;274;100;0.00468213
815;0MD006036MOJ;280;100;0.00000029
815;0MD006036MOJ;281;100;0.00001066
815;0MD006036MOJ;284;100;0.00009509
815;0MD006036MOJ;286;100;0.00000883
815;0MD006036MOJ;287;100;0.00005921
815;0MD006036MOJ;288;100;0.00005455
815;0MD006036MOJ;289;100;0.00000079
815;0MD006036MOJ;236;101;0.00009644
815;0MD006036MOJ;268;101;0.00008794
815;0MD006036MOJ;269;101;0.00004286
815;0MD006036MOJ;274;101;0.00022149
815;0MD006036MOJ;275;101;0.00485137
815;0MD006036MOJ;276;101;0.00490045
815;0MD006036MOJ;277;101;0.00128804
815;0MD006036MOJ;279;101;0.00000106
815;0MD006036MOJ;280;101;0.00001087
815;0MD006036MOJ;284;101;0.00002018
815;0MD006036MOJ;285;101;0.00008192
815;0MD006036MOJ;286;101;0.00005983
815;0MD006036MOJ;236;102;0.00009338
815;0MD006036MOJ;268;102;0.00012557
815;0MD006036MOJ;277;102;0.00373299
815;0MD006036MOJ;278;102;0.00502299
815;0MD006036MOJ;279;102;0.00116623
815;0MD006036MOJ;285;102;0.00013888
815;0MD006036MOJ;286;102;0.00000619
815;0MD006036MOJ;236;103;0.00010002
815;0MD006036MOJ;267;103;0.00003321
815;0MD006036MOJ;268;103;0.00008277
815;0MD006036MOJ;278;103;0.00032906
815;0MD006036MOJ;279;103;0.00365325
815;0MD006036MOJ;280;103;0.00471639
815;0MD006036MOJ;281;103;0.00431063
815;0MD006036MOJ;282;103;0.00434517
815;0MD006036MOJ;283;103;0.00490736
815;0MD006036MOJ;284;103;0.00008288
815;0MD006036MOJ;285;103;0.00016856
815;0MD006036MOJ;286;103;0.00008792
815;0MD006036MOJ;287;103;0.00006153
815;0MD006036MOJ;236;104;0.00000792
815;0MD006036MOJ;237;104;0.00010549
815;0MD006036MOJ;267;104;0.00011937
815;0MD006036MOJ;278;104;0.00024470
815;0MD006036MOJ;283;104;0.00000608
815;0MD006036MOJ;284;104;0.00445374
815;0MD006036MOJ;287;104;0.00003221
815;0MD006036MOJ;288;104;0.00008750
815;0MD006036MOJ;235;105;0.00009283
815;0MD006036MOJ;236;105;0.00011716
815;0MD006036MOJ;237;105;0.00007944
815;0MD006036MOJ;238;105;0.00002298
815;0MD006036MOJ;266;105;0.00004362
815;0MD006036MOJ;267;105;0.00010763
815;0MD006036MOJ;277;105;0.00011353
815;0MD006036MOJ;278;105;0.00023605
815;0MD006036MOJ;284;105;0.00444371
815;0MD006036MOJ;236;106;0.00006578
815;0MD006036MOJ;237;106;0.00016458
815;0MD006036MOJ;238;106;0.00028386
815;0MD006036MOJ;239;106;0.00027393
815;0MD006036MOJ;265;106;0.00008525
815;0MD006036MOJ;266;106;0.00011545
815;0MD006036MOJ;277;106;0.00000329
815;0MD006036MOJ;278;106;0.00000039
815;0MD006036MOJ;284;106;0.00447713
815;0MD006036MOJ;239;107;0.00002630
815;0MD006036MOJ;240;107;0.00039055
815;0MD006036MOJ;264;107;0.00001076
815;0MD006036MOJ;265;107;0.00011193
815;0MD006036MOJ;277;107;0.00000363
815;0MD006036MOJ;284;107;0.00240632
815;0MD006036MOJ;285;107;0.00091756
815;0MD006036MOJ;240;108;0.00027243
815;0MD006036MOJ;264;108;0.00011610
815;0MD006036MOJ;277;108;0.00000353
815;0MD006036MOJ;240;109;0.00025192
815;0MD006036MOJ;241;109;0.00010170
815;0MD006036MOJ;264;109;0.00011609
815;0MD006036MOJ;277;109;0.00000166
815;0MD006036MOJ;278;109;0.00000196
815;0MD006036MOJ;240;110;0.00003860
815;0MD006036MOJ;241;110;0.00001505
815;0MD006036MOJ;264;110;0.00012278
815;0MD006036MOJ;278;110;0.00000432
815;0MD006036MOJ;263;111;0.00002990
815;0MD006036MOJ;264;111;0.00005507
815;0MD006036MOJ;278;111;0.00000125
815;0MD006036MOJ;279;111;0.00000284
815;0MD006036MOJ;279;112;0.00000140
815;0SS0060330SC;272;47;0.00036005
815;0SS0060330SC;273;47;0.00424769
815;0SS0060330SC;278;47;0.00015702
815;0SS0060330SC;282;47;0.00001900
815;0SS0060330SC;272;48;0.00587715
815;0SS0060330SC;273;48;0.00015263
815;0SS0060330SC;277;48;0.00032001
815;0SS0060330SC;278;48;0.00033045
815;0SS0060330SC;280;48;0.00007439
815;0SS0060330SC;281;48;0.00014372
815;0SS0060330SC;282;48;0.00001846
815;0SS0060330SC;271;49;0.00104655
815;0SS0060330SC;272;49;0.00597037
815;0SS0060330SC;276;49;0.00033415
815;0SS0060330SC;277;49;0.00073081
815;0SS0060330SC;278;49;0.00062300
815;0SS0060330SC;279;49;0.00001284
815;0SS0060330SC;280;49;0.00015299
815;0SS0060330SC;262;50;0.00029508
815;0SS0060330SC;263;50;0.00237131
815;0SS0060330SC;270;50;0.00082039
815;0SS0060330SC;271;50;0.00295932
815;0SS0060330SC;272;50;0.00535084
815;0SS0060330SC;273;50;0.00258233
815;0SS0060330SC;274;50;0.00185000
815;0SS0060330SC;275;50;0.00149343
815;0SS0060330SC;276;50;0.00165476
815;0SS0060330SC;277;50;0.00088180
815;0SS0060330SC;278;50;0.00118825
815;0SS0060330SC;279;50;0.00024635
815;0SS0060330SC;280;50;0.00001082
815;0SS0060330SC;263;51;0.00098796
815;0SS0060330SC;264;51;0.00352963
815;0SS0060330SC;265;51;0.00226001
815;0SS0060330SC;269;51;0.00132677
815;0SS0060330SC;270;51;0.00287669
815;0SS0060330SC;271;51;0.00016657
815;0SS0060330SC;272;51;0.01125917
815;0SS0060330SC;273;51;0.00069706
815;0SS0060330SC;274;51;0.00009876
815;0SS0060330SC;275;51;0.00011079
815;0SS0060330SC;276;51;0.00003446
815;0SS0060330SC;265;52;0.00400128
815;0SS0060330SC;268;52;0.00052392
815;0SS0060330SC;269;52;0.00199842
815;0SS0060330SC;270;52;0.00205879
815;0SS0060330SC;271;52;0.00638787
815;0SS0060330SC;272;52;0.00744376
815;0SS0060330SC;275;52;0.00001188
815;0SS0060330SC;276;52;0.00011375
815;0SS0060330SC;265;53;0.00601909
815;0SS0060330SC;267;53;0.00357694
815;0SS0060330SC;268;53;0.00655872
815;0SS0060330SC;269;53;0.00880992
815;0SS0060330SC;270;53;0.01148072
815;0SS0060330SC;271;53;0.01828455
815;0SS0060330SC;272;53;0.00082449
815;0SS0060330SC;276;53;0.00002082
815;0SS0060330SC;277;53;0.00009913
815;0SS0060330SC;278;53;0.00009533
815;0SS0060330SC;279;53;0.00001465
815;0SS0060330SC;258;54;0.00002752
815;0SS0060330SC;265;54;0.01099684
815;0SS0060330SC;266;54;0.00259369
815;0SS0060330SC;267;54;0.01237181
815;0SS0060330SC;268;54;0.02239948
815;0SS0060330SC;269;54;0.01571214
815;0SS0060330SC;270;54;0.02907578
815;0SS0060330SC;271;54;0.00995996
815;0SS0060330SC;272;54;0.00392788
815;0SS0060330SC;273;54;0.00356643
815;0SS0060330SC;274;54;0.00362384
815;0SS0060330SC;275;54;0.00358777
815;0SS0060330SC;276;54;0.00357725
815;0SS0060330SC;277;54;0.00353703
815;0SS0060330SC;278;54;0.00353306
815;0SS0060330SC;279;54;0.00365412
815;0SS0060330SC;280;54;0.00360822
815;0SS0060330SC;281;54;0.00369331
815;0SS0060330SC;282;54;0.00363625
815;0SS0060330SC;283;54;0.00363687
815;0SS0060330SC;284;54;0.00207828
815;0SS0060330SC;258;55;0.00046873
815;0SS0060330SC;262;55;0.00001913
815;0SS0060330SC;264;55;0.00628772
815;0SS0060330SC;265;55;0.02367553
815;0SS0060330SC;266;55;0.02276277
815;0SS0060330SC;267;55;0.02480895
815;0SS0060330SC;268;55;0.03903041
815;0SS0060330SC;269;55;0.04073734
815;0SS0060330SC;270;55;0.01268836
815;0SS0060330SC;271;55;0.00084207
815;0SS0060330SC;272;55;0.00018867
815;0SS0060330SC;273;55;0.00017894
815;0SS0060330SC;274;55;0.00003658
815;0SS0060330SC;278;55;0.00005038
815;0SS0060330SC;279;55;0.00001471
815;0SS0060330SC;261;56;0.00091749
815;0SS0060330SC;262;56;0.00331876
815;0SS0060330SC;263;56;0.01433952
815;0SS0060330SC;264;56;0.01276339
815;0SS0060330SC;265;56;0.01881950
815;0SS0060330SC;266;56;0.03815033
815;0SS0060330SC;267;56;0.03455531
815;0SS0060330SC;268;56;0.00468242
815;0SS0060330SC;269;56;0.00191362
815;0SS0060330SC;270;56;0.00019377
815;0SS0060330SC;271;56;0.00055823
815;0SS0060330SC;272;56;0.00001852
815;0SS0060330SC;278;56;0.00004310
815;0SS0060330SC;261;57;0.00478194
815;0SS0060330SC;262;57;0.01701077
815;0SS0060330SC;263;57;0.01936708
815;0SS0060330SC;264;57;0.02148557
815;0SS0060330SC;265;57;0.04042352
815;0SS0060330SC;266;57;0.00264276
815;0SS0060330SC;267;57;0.00053707
815;0SS0060330SC;269;57;0.00012134
815;0SS0060330SC;270;57;0.00011980
815;0SS0060330SC;261;58;0.01276645
815;0SS0060330SC;262;58;0.01570937
815;0SS0060330SC;263;58;0.03251560
815;0SS0060330SC;264;58;0.01701885
815;0SS0060330SC;267;58;0.00085003
815;0SS0060330SC;268;58;0.00019926
815;0SS0060330SC;269;58;0.00011486
815;0SS0060330SC;258;59;0.00000018
815;0SS0060330SC;259;59;0.00508335
815;0SS0060330SC;260;59;0.01049685
815;0SS0060330SC;261;59;0.02333141
815;0SS0060330SC;262;59;0.03196226
815;0SS0060330SC;263;59;0.00582407
815;0SS0060330SC;266;59;0.00092436
815;0SS0060330SC;267;59;0.00079933
815;0SS0060330SC;268;59;0.00001396
815;0SS0060330SC;257;60;0.00374763
815;0SS0060330SC;258;60;0.02845483
815;0SS0060330SC;259;60;0.02426395
815;0SS0060330SC;260;60;0.02577700
815;0SS0060330SC;261;60;0.00459125
815;0SS0060330SC;262;60;0.01015455
815;0SS0060330SC;263;60;0.00529820
815;0SS0060330SC;264;60;0.00188251
815;0SS0060330SC;265;60;0.00204681
815;0SS0060330SC;266;60;0.00013222
815;0SS0060330SC;260;61;0.00685189
815;0SS0060330SC;261;61;0.00495822
815;0SS0060330SC;262;61;0.00897436
815;0SS0060330SC;263;61;0.00218584
815;0SS0060330SC;260;62;0.00544400
815;0SS0060330SC;261;62;0.00350343
815;0SS0060330SC;260;63;0.00282362
815;0MD006033MOJ;303;49;0.00255928
815;0MD006033MOJ;303;50;0.00436230
815;0MD006033MOJ;304;50;0.00303121
815;0MD006033MOJ;304;51;0.00588863
815;0MD006033MOJ;305;51;0.00297217
815;0MD006033MOJ;304;52;0.00496484
815;0MD006033MOJ;305;52;0.00772316
815;0MD006033MOJ;296;53;0.00324653
815;0MD006033MOJ;297;53;0.06493498
815;0MD006033MOJ;298;53;0.06696239
815;0MD006033MOJ;299;53;0.05949038
815;0MD006033MOJ;305;53;0.01863680
815;0MD006033MOJ;306;53;0.00513473
815;0MD006033MOJ;296;54;0.04011061
815;0MD006033MOJ;297;54;0.00379183
815;0MD006033MOJ;299;54;0.01184344
815;0MD006033MOJ;300;54;0.06722312
815;0MD006033MOJ;301;54;0.06702328
815;0MD006033MOJ;302;54;0.06707992
815;0MD006033MOJ;303;54;0.06735181
815;0MD006033MOJ;304;54;0.06697981
815;0MD006033MOJ;305;54;0.07660896
815;0MD006033MOJ;306;54;0.11389197
815;0MD006033MOJ;307;54;0.07421063
815;0MD006033MOJ;308;54;0.00729733
815;0MD006033MOJ;298;55;0.00257337
815;0MD006033MOJ;299;55;0.00023584
815;0MD006033MOJ;306;55;0.00085894
815;0MD006033MOJ;307;55;0.00547570
815;0MD006033MOJ;298;56;0.00342544
815;0MD006033MOJ;305;56;0.00000504
815;0MD006033MOJ;306;56;0.00089058
815;0MD006033MOJ;307;56;0.00542719
815;0MD006033MOJ;298;57;0.00272256
815;0MD006033MOJ;304;57;0.00000671
815;0MD006033MOJ;305;57;0.00001239
815;0MD006033MOJ;306;57;0.00045046
815;0MD006033MOJ;307;57;0.00697615
815;0MD006033MOJ;308;57;0.00299315
815;0MD006033MOJ;297;58;0.00207963
815;0MD006033MOJ;298;58;0.00065401
815;0MD006033MOJ;303;58;0.00000552
815;0MD006033MOJ;304;58;0.00001176
815;0MD006033MOJ;308;58;0.00605122
815;0MD006033MOJ;297;59;0.00280723
815;0MD006033MOJ;298;59;0.00053615
815;0MD006033MOJ;302;59;0.00000469
815;0MD006033MOJ;303;59;0.00001352
815;0MD006033MOJ;307;59;0.00484628
815;0MD006033MOJ;308;59;0.00135031
815;0MD006033MOJ;297;60;0.00015167
815;0MD006033MOJ;298;60;0.00052492
815;0MD006033MOJ;301;60;0.00000342
815;0MD006033MOJ;302;60;0.00001412
815;0MD006033MOJ;307;60;0.00614486
815;0MD006033MOJ;296;61;0.00002579
815;0MD006033MOJ;297;61;0.00014132
815;0MD006033MOJ;301;61;0.00001531
815;0MD006033MOJ;307;61;0.00605842
815;0MD006033MOJ;296;62;0.00011330
815;0MD006033MOJ;300;62;0.00001345
815;0MD006033MOJ;301;62;0.00000436
815;0MD006033MOJ;307;62;0.00625556
815;0MD006033MOJ;299;63;0.00001036
815;0MD006033MOJ;300;63;0.00000514
815;0MD006033MOJ;307;63;0.00423422
815;0MD006033MOJ;299;64;0.00001401
815;0MD006033MOJ;307;64;0.00331774
815;0MD006033MOJ;308;64;0.00061643
815;0MD006033MOJ;299;65;0.00001322
815;0MD006033MOJ;308;65;0.00330871
815;0MD006033MOJ;299;66;0.00001252
815;0MD006033MOJ;300;66;0.00032920
815;0MD006033MOJ;308;66;0.00303373
815;0MD006033MOJ;301;67;0.00031019
815;0MD006033MOJ;308;67;0.00159409
815;0MD0060330SC;295;52;0.00542173
815;0MD0060330SC;294;53;0.00392465
815;0MD0060330SC;295;53;0.01207284
815;0MD0060330SC;296;53;0.00231783
815;0MD0060330SC;284;54;0.02138416
815;0MD0060330SC;292;54;0.00234967
815;0MD0060330SC;293;54;0.04085904
815;0MD0060330SC;294;54;0.07345423
815;0MD0060330SC;295;54;0.07453289
815;0MD0060330SC;296;54;0.02655550
815;0MD0060330SC;284;55;0.01528780
815;0MD0060330SC;285;55;0.08195806
815;0MD0060330SC;286;55;0.08160610
815;0MD0060330SC;287;55;0.06887294
815;0MD0060330SC;289;55;0.05111055
815;0MD0060330SC;290;55;0.07634029
815;0MD0060330SC;291;55;0.07749103
815;0MD0060330SC;292;55;0.07520062
815;0MD0060330SC;293;55;0.03668325
815;0MD0060330SC;278;56;0.00043994
815;0MD0060330SC;287;56;0.01225112
815;0MD0060330SC;288;56;0.07935530
815;0MD0060330SC;289;56;0.02336873
815;0MD0060330SC;278;57;0.00062322
815;0MD0060330SC;279;57;0.00078939
815;0MD0060330SC;288;57;0.00041043
815;0MD0060330SC;289;57;0.00424844
815;0MD0060330SC;279;58;0.00144355
815;0MD0060330SC;289;58;0.00099925
815;0MD0060330SC;290;58;0.00364499
815;0MD0060330SC;278;59;0.00077821
815;0MD0060330SC;279;59;0.00088047
815;0MD0060330SC;290;59;0.00185681
815;0MD0060330SC;291;59;0.00223789
815;0MD0060330SC;276;60;0.00016534
815;0MD0060330SC;277;60;0.00120525
815;0MD0060330SC;278;60;0.00099186
815;0MD0060330SC;291;60;0.00349624
815;0MD0060330SC;274;61;0.00101046
815;0MD0060330SC;275;61;0.00126462
815;0MD0060330SC;276;61;0.00115942
815;0MD0060330SC;277;61;0.00008138
815;0MD0060330SC;291;61;0.00366971
815;0MD0060330SC;292;61;0.00016171
815;0MD0060330SC;293;61;0.00016174
815;0MD0060330SC;294;61;0.00019146
815;0MD0060330SC;295;61;0.00001136
815;0MD0060330SC;273;62;0.00089277
815;0MD0060330SC;274;62;0.00080926
815;0MD0060330SC;291;62;0.00365507
815;0MD0060330SC;294;62;0.00001200
815;0MD0060330SC;295;62;0.00017789
815;0MD0060330SC;296;62;0.00002978
815;0MD0060330SC;273;63;0.00118362
815;0MD0060330SC;291;63;0.00365512
815;0MD0060330SC;273;64;0.00003588
815;0MD0060330SC;291;64;0.00365513
815;0MD0060330SC;289;65;0.00022110
815;0MD0060330SC;290;65;0.00054286
815;0MD0060330SC;291;65;0.00425992
815;0MD0060330SC;292;65;0.00142517
815;0MD0060330SC;289;66;0.00008894
815;0MD0060330SC;292;66;0.00292722
815;0MD0060330SC;293;66;0.00210680
