#GRID CA_State4k -684000. -564000. 4000. 4000. 321 291 1 LAMBERT METERS 30. 60. -120.5 -120.5 37.
808;0SC0060300SC;238;44;0.00040102
808;0SC0060300SC;237;45;0.00072305
808;0SC0060300SC;238;45;0.00395587
808;0SC0060300SC;235;46;0.00039065
808;0SC0060300SC;236;46;0.00459439
808;0SC0060300SC;237;46;0.00685726
808;0SC0060300SC;238;46;0.00177854
808;0SC0060300SC;239;46;0.00021122
808;0SC0060300SC;234;47;0.00055624
808;0SC0060300SC;235;47;0.00290366
808;0SC0060300SC;236;47;0.00837902
808;0SC0060300SC;237;47;0.00113725
808;0SC0060300SC;238;47;0.00050509
808;0SC0060300SC;239;47;0.00006998
808;0SC0060300SC;233;48;0.00075019
808;0SC0060300SC;234;48;0.00214598
808;0SC0060300SC;235;48;0.00216461
808;0SC0060300SC;236;48;0.01021650
808;0SC0060300SC;237;48;0.00259762
808;0SC0060300SC;238;48;0.00142189
808;0SC0060300SC;239;48;0.00108540
808;0SC0060300SC;232;49;0.00158102
808;0SC0060300SC;233;49;0.00111732
808;0SC0060300SC;234;49;0.00150178
808;0SC0060300SC;235;49;0.00600125
808;0SC0060300SC;236;49;0.01363471
808;0SC0060300SC;237;49;0.00458649
808;0SC0060300SC;238;49;0.00049824
808;0SC0060300SC;239;49;0.00127071
808;0SC0060300SC;230;50;0.00227668
808;0SC0060300SC;231;50;0.00330812
808;0SC0060300SC;232;50;0.00238083
808;0SC0060300SC;233;50;0.00104696
808;0SC0060300SC;234;50;0.00261994
808;0SC0060300SC;235;50;0.01436514
808;0SC0060300SC;236;50;0.01400726
808;0SC0060300SC;237;50;0.00403027
808;0SC0060300SC;238;50;0.00035865
808;0SC0060300SC;239;50;0.00024839
808;0SC0060300SC;240;50;0.00092933
808;0SC0060300SC;241;50;0.00054265
808;0SC0060300SC;228;51;0.00049243
808;0SC0060300SC;229;51;0.00351670
808;0SC0060300SC;230;51;0.00547679
808;0SC0060300SC;231;51;0.00636473
808;0SC0060300SC;232;51;0.00835118
808;0SC0060300SC;233;51;0.00281661
808;0SC0060300SC;234;51;0.01911492
808;0SC0060300SC;235;51;0.02038412
808;0SC0060300SC;236;51;0.00597227
808;0SC0060300SC;237;51;0.00509150
808;0SC0060300SC;238;51;0.00268596
808;0SC0060300SC;241;51;0.00010431
808;0SC0060300SC;227;52;0.00052859
808;0SC0060300SC;228;52;0.00294631
808;0SC0060300SC;229;52;0.00547138
808;0SC0060300SC;230;52;0.01743945
808;0SC0060300SC;231;52;0.02582382
808;0SC0060300SC;232;52;0.02161109
808;0SC0060300SC;233;52;0.01651670
808;0SC0060300SC;234;52;0.02166682
808;0SC0060300SC;235;52;0.00399178
808;0SC0060300SC;236;52;0.00667421
808;0SC0060300SC;237;52;0.00272610
808;0SC0060300SC;238;52;0.00048676
808;0SC0060300SC;226;53;0.00061548
808;0SC0060300SC;227;53;0.00250763
808;0SC0060300SC;228;53;0.00554655
808;0SC0060300SC;229;53;0.02461003
808;0SC0060300SC;230;53;0.01088347
808;0SC0060300SC;231;53;0.00985251
808;0SC0060300SC;232;53;0.01759863
808;0SC0060300SC;233;53;0.02136471
808;0SC0060300SC;234;53;0.01024716
808;0SC0060300SC;235;53;0.00485266
808;0SC0060300SC;236;53;0.00030905
808;0SC0060300SC;237;53;0.00063506
808;0SC0060300SC;226;54;0.00466397
808;0SC0060300SC;227;54;0.02067157
808;0SC0060300SC;228;54;0.02644133
808;0SC0060300SC;229;54;0.01538217
808;0SC0060300SC;230;54;0.01570632
808;0SC0060300SC;231;54;0.01330793
808;0SC0060300SC;232;54;0.03168015
808;0SC0060300SC;233;54;0.00751811
808;0SC0060300SC;234;54;0.00321335
808;0SC0060300SC;235;54;0.00413959
808;0SC0060300SC;236;54;0.00093365
808;0SC0060300SC;237;54;0.00005973
808;0SC0060300SC;226;55;0.00531677
808;0SC0060300SC;227;55;0.00593914
808;0SC0060300SC;228;55;0.00768868
808;0SC0060300SC;229;55;0.00870912
808;0SC0060300SC;230;55;0.00820768
808;0SC0060300SC;231;55;0.03823965
808;0SC0060300SC;232;55;0.01734448
808;0SC0060300SC;233;55;0.00373851
808;0SC0060300SC;234;55;0.00634690
808;0SC0060300SC;235;55;0.00129619
808;0SC0060300SC;236;55;0.00000156
808;0SC0060300SC;227;56;0.00350784
808;0SC0060300SC;228;56;0.00873400
808;0SC0060300SC;229;56;0.01345586
808;0SC0060300SC;230;56;0.02219254
808;0SC0060300SC;231;56;0.01616986
808;0SC0060300SC;232;56;0.01520543
808;0SC0060300SC;233;56;0.00392082
808;0SC0060300SC;234;56;0.00101097
808;0SC0060300SC;235;56;0.00373465
808;0SC0060300SC;236;56;0.00000069
808;0SC0060300SC;227;57;0.00155818
808;0SC0060300SC;228;57;0.02133496
808;0SC0060300SC;229;57;0.02422150
808;0SC0060300SC;230;57;0.01651104
808;0SC0060300SC;231;57;0.02515320
808;0SC0060300SC;232;57;0.01464142
808;0SC0060300SC;233;57;0.01751658
808;0SC0060300SC;234;57;0.01388013
808;0SC0060300SC;235;57;0.01664884
808;0SC0060300SC;236;57;0.00391334
808;0SC0060300SC;228;58;0.00047043
808;0SC0060300SC;229;58;0.00528281
808;0SC0060300SC;230;58;0.00885951
808;0SC0060300SC;231;58;0.01772141
808;0SC0060300SC;232;58;0.00496567
808;0SC0060300SC;233;58;0.00251914
808;0SC0060300SC;234;58;0.00106700
808;0SC0060300SC;235;58;0.00009857
808;0SC0060300SC;229;59;0.00403656
808;0SC0060300SC;230;59;0.00489057
808;0SC0060300SC;231;59;0.01246105
808;0SC0060300SC;232;59;0.00222010
808;0SC0060300SC;233;59;0.00112016
808;0SV006052TEH;136;218;0.02507052
808;0SV006052TEH;136;219;0.02692202
808;0SV006052TEH;136;220;0.02692204
808;0SV006052TEH;138;220;0.00610199
808;0SV006052TEH;139;220;0.00050143
808;0SV006052TEH;140;220;0.00811338
808;0SV006052TEH;141;220;0.04000631
808;0SV006052TEH;136;221;0.03454563
808;0SV006052TEH;137;221;0.02249883
808;0SV006052TEH;138;221;0.00362881
808;0SV006052TEH;139;221;0.01348277
808;0SV006052TEH;140;221;0.03459335
808;0SV006052TEH;136;222;0.03523489
808;0SV006052TEH;137;222;0.00833072
808;0SV006052TEH;139;222;0.02486776
808;0SV006052TEH;136;223;0.03225339
808;0SV006052TEH;137;223;0.01287799
808;0SV006052TEH;138;223;0.00328391
808;0SV006052TEH;139;223;0.02057200
808;0SV006052TEH;136;224;0.02300722
808;0SV006052TEH;138;224;0.02500498
808;0SV006052TEH;149;224;0.00192919
808;0SV006052TEH;136;225;0.02300722
808;0SV006052TEH;137;225;0.00662093
808;0SV006052TEH;138;225;0.01278328
808;0SV006052TEH;149;225;0.00174625
808;0SV006052TEH;136;226;0.02856244
808;0SV006052TEH;137;226;0.01582891
808;0SV006052TEH;138;226;0.01432160
808;0SV006052TEH;149;226;0.00310669
808;0SV006052TEH;136;227;0.04396342
808;0SV006052TEH;137;227;0.00378309
808;0SV006052TEH;138;227;0.01170292
808;0SV006052TEH;149;227;0.00256073
808;0SV006052TEH;150;227;0.00120145
808;0SV006052TEH;135;228;0.00005310
808;0SV006052TEH;136;228;0.08286336
808;0SV006052TEH;137;228;0.01328122
808;0SV006052TEH;150;228;0.00289772
808;0SV006052TEH;151;228;0.00126192
808;0SV006052TEH;131;229;0.00035542
808;0SV006052TEH;132;229;0.00043116
808;0SV006052TEH;133;229;0.00043116
808;0SV006052TEH;134;229;0.00044686
808;0SV006052TEH;135;229;0.04023612
808;0SV006052TEH;136;229;0.02228825
808;0SV006052TEH;137;229;0.00032221
808;0SV006052TEH;151;229;0.00283726
808;0SV006052TEH;152;229;0.00132238
808;0SV006052TEH;129;230;0.00012225
808;0SV006052TEH;130;230;0.00053336
808;0SV006052TEH;131;230;0.00013610
808;0SV006052TEH;135;230;0.03827377
808;0SV006052TEH;136;230;0.02184682
808;0SV006052TEH;137;230;0.00002891
808;0SV006052TEH;138;230;0.00030724
808;0SV006052TEH;152;230;0.00277679
808;0SV006052TEH;153;230;0.00393502
808;0SV006052TEH;154;230;0.00164317
808;0SV006052TEH;126;231;0.00012816
808;0SV006052TEH;127;231;0.00048001
808;0SV006052TEH;128;231;0.00048001
808;0SV006052TEH;129;231;0.00036042
808;0SV006052TEH;130;231;0.00002432
808;0SV006052TEH;131;231;0.00002752
808;0SV006052TEH;132;231;0.00000632
808;0SV006052TEH;135;231;0.03434995
808;0SV006052TEH;138;231;0.00017959
808;0SV006052TEH;139;231;0.00028170
808;0SV006052TEH;140;231;0.00028035
808;0SV006052TEH;141;231;0.00028035
808;0SV006052TEH;142;231;0.00002083
808;0SV006052TEH;152;231;0.00064361
808;0SV006052TEH;153;231;0.00015314
808;0SV006052TEH;123;232;0.00013672
808;0SV006052TEH;124;232;0.00048001
808;0SV006052TEH;125;232;0.00048001
808;0SV006052TEH;126;232;0.00035186
808;0SV006052TEH;132;232;0.00002120
808;0SV006052TEH;133;232;0.00002752
808;0SV006052TEH;134;232;0.00000944
808;0SV006052TEH;135;232;0.03366052
808;0SV006052TEH;136;232;0.00231908
808;0SV006052TEH;142;232;0.00025952
808;0SV006052TEH;143;232;0.00028035
808;0SV006052TEH;144;232;0.00028035
808;0SV006052TEH;145;232;0.00028035
808;0SV006052TEH;146;232;0.00027855
808;0SV006052TEH;147;232;0.00027676
808;0SV006052TEH;148;232;0.00027676
808;0SV006052TEH;149;232;0.00028896
808;0SV006052TEH;150;232;0.00022655
808;0SV006052TEH;151;232;0.00089775
808;0SV006052TEH;152;232;0.00012952
808;0SV006052TEH;123;233;0.00160283
808;0SV006052TEH;134;233;0.00001808
808;0SV006052TEH;135;233;0.05614749
808;0SV006052TEH;136;233;0.02378368
808;0SV006052TEH;150;233;0.00060563
808;0SV006052TEH;151;233;0.00007842
808;0SV006052TEH;150;234;0.00040631
808;0SV006052TEH;150;235;0.00112983
808;0SV006006COL;133;194;0.00332843
808;0SV006006COL;140;194;0.03297205
808;0SV006006COL;133;195;0.00790078
808;0SV006006COL;139;195;0.03557056
808;0SV006006COL;140;195;0.02759854
808;0SV006006COL;131;196;0.00099043
808;0SV006006COL;132;196;0.01293931
808;0SV006006COL;133;196;0.00792809
808;0SV006006COL;139;196;0.07010993
808;0SV006006COL;140;196;0.00030758
808;0SV006006COL;133;197;0.00541699
808;0SV006006COL;138;197;0.03236886
808;0SV006006COL;139;197;0.02897299
808;0SV006006COL;140;197;0.00268877
808;0SV006006COL;141;197;0.00150739
808;0SV006006COL;142;197;0.00044462
808;0SV006006COL;133;198;0.00541699
808;0SV006006COL;138;198;0.05997646
808;0SV006006COL;142;198;0.00201176
808;0SV006006COL;133;199;0.00518377
808;0SV006006COL;134;199;0.00285398
808;0SV006006COL;137;199;0.02472452
808;0SV006006COL;138;199;0.03478645
808;0SV006006COL;141;199;0.00122432
808;0SV006006COL;142;199;0.00054275
808;0SV006006COL;134;200;0.00388753
808;0SV006006COL;135;200;0.00560289
808;0SV006006COL;136;200;0.00539469
808;0SV006006COL;137;200;0.06874797
808;0SV006006COL;140;200;0.00037785
808;0SV006006COL;141;200;0.03167651
808;0SV006006COL;142;200;0.02493550
808;0SV006006COL;136;201;0.00871105
808;0SV006006COL;137;201;0.06051658
808;0SV006006COL;138;201;0.02636118
808;0SV006006COL;139;201;0.02344846
808;0SV006006COL;140;201;0.02299182
808;0SV006006COL;136;202;0.04858659
808;0SV006006COL;140;202;0.01515406
808;0SV006006COL;136;203;0.05452576
808;0SV006006COL;137;203;0.01031937
808;0SV006006COL;138;203;0.01031937
808;0SV006006COL;139;203;0.01542249
808;0SV006006COL;140;203;0.00786688
808;0SV006006COL;136;204;0.04487024
808;0SV006006COL;139;204;0.00274280
808;0SV006006COL;140;204;0.00188982
808;0SV006006COL;136;205;0.04403760
808;0SV006006COL;140;205;0.00498846
808;0SV006006COL;141;205;0.00092071
808;0SV006006COL;136;206;0.04068477
808;0SV006006COL;140;206;0.00370156
808;0SV006006COL;141;206;0.00043154
808;0SV006006COL;142;206;0.00083546
808;0SV006006COL;140;207;0.00228415
808;SCC0060420SB;194;70;0.00958188
808;SCC0060420SB;195;70;0.00252619
808;SCC0060420SB;185;71;0.00000516
808;SCC0060420SB;186;71;0.01371239
808;SCC0060420SB;187;71;0.00321378
808;SCC0060420SB;188;71;0.00114764
808;SCC0060420SB;189;71;0.04177097
808;SCC0060420SB;190;71;0.04868704
808;SCC0060420SB;191;71;0.03241733
808;SCC0060420SB;192;71;0.02558290
808;SCC0060420SB;193;71;0.02726199
808;SCC0060420SB;194;71;0.01891883
808;SCC0060420SB;195;71;0.00093778
808;SCC0060420SB;175;72;0.00001934
808;SCC0060420SB;180;72;0.00029778
808;SCC0060420SB;181;72;0.00737109
808;SCC0060420SB;182;72;0.00823916
808;SCC0060420SB;183;72;0.00870290
808;SCC0060420SB;184;72;0.00972930
808;SCC0060420SB;185;72;0.01200944
808;SCC0060420SB;186;72;0.03603237
808;SCC0060420SB;187;72;0.05996493
808;SCC0060420SB;188;72;0.07135272
808;SCC0060420SB;189;72;0.04703417
808;SCC0060420SB;190;72;0.00960888
808;SCC0060420SB;191;72;0.00387894
808;SCC0060420SB;192;72;0.00089784
808;SCC0060420SB;193;72;0.00006293
808;SCC0060420SB;175;73;0.00003786
808;SCC0060420SB;176;73;0.00013846
808;SCC0060420SB;177;73;0.00011117
808;SCC0060420SB;178;73;0.01331089
808;SCC0060420SB;179;73;0.00775468
808;SCC0060420SB;180;73;0.00791665
808;SCC0060420SB;181;73;0.00149006
808;SCC0060420SB;183;73;0.00000642
808;SCC0060420SB;184;73;0.00000614
808;SCC0060420SB;186;73;0.00000112
808;SCC0060420SB;187;73;0.00283871
808;SCC0060420SB;188;73;0.00518912
808;SCC0060420SB;189;73;0.00000002
808;SCC0060420SB;190;73;0.00000199
808;SCC0060420SB;191;73;0.00000001
808;SCC0060420SB;173;74;0.00011735
808;SCC0060420SB;174;74;0.00010154
808;SCC0060420SB;175;74;0.00358620
808;SCC0060420SB;176;74;0.00403939
808;SCC0060420SB;177;74;0.00399862
808;SCC0060420SB;178;74;0.00678152
808;SCC0060420SB;179;74;0.00010471
808;SCC0060420SB;181;74;0.00031745
808;SCC0060420SB;182;74;0.00016097
808;SCC0060420SB;183;74;0.00000273
808;SCC0060420SB;184;74;0.00000265
808;SCC0060420SB;185;74;0.00000126
808;SCC0060420SB;186;74;0.00291944
808;SCC0060420SB;187;74;0.00451318
808;SCC0060420SB;188;74;0.00006117
808;SCC0060420SB;189;74;0.00000009
808;SCC0060420SB;171;75;0.00000007
808;SCC0060420SB;172;75;0.00000004
808;SCC0060420SB;173;75;0.00001696
808;SCC0060420SB;174;75;0.00128171
808;SCC0060420SB;175;75;0.00304395
808;SCC0060420SB;178;75;0.00426283
808;SCC0060420SB;179;75;0.00011876
808;SCC0060420SB;180;75;0.00014847
808;SCC0060420SB;181;75;0.00054879
808;SCC0060420SB;183;75;0.00018226
808;SCC0060420SB;184;75;0.00419279
808;SCC0060420SB;185;75;0.00450795
808;SCC0060420SB;186;75;0.00164406
808;SCC0060420SB;187;75;0.00001094
808;SCC0060420SB;188;75;0.00000010
808;SCC0060420SB;189;75;0.00000004
808;SCC0060420SB;171;76;0.00000038
808;SCC0060420SB;172;76;0.00038721
808;SCC0060420SB;173;76;0.00245533
808;SCC0060420SB;174;76;0.00438377
808;SCC0060420SB;175;76;0.00004750
808;SCC0060420SB;176;76;0.00005564
808;SCC0060420SB;177;76;0.00006738
808;SCC0060420SB;178;76;0.00445490
808;SCC0060420SB;179;76;0.00538663
808;SCC0060420SB;180;76;0.00500951
808;SCC0060420SB;181;76;0.00262529
808;SCC0060420SB;182;76;0.00487503
808;SCC0060420SB;183;76;0.00385071
808;SCC0060420SB;171;77;0.00006541
808;SCC0060420SB;172;77;0.00621954
808;SCC0060420SB;173;77;0.00967307
808;SCC0060420SB;174;77;0.00005388
808;SCC0060420SB;175;77;0.00000709
808;SCC0060420SB;176;77;0.00298946
808;SCC0060420SB;177;77;0.00399338
808;SCC0060420SB;178;77;0.00680126
808;SCC0060420SB;179;77;0.00269401
808;SCC0060420SB;180;77;0.00090591
808;SCC0060420SB;181;77;0.00555909
808;SCC0060420SB;182;77;0.00017205
808;SCC0060420SB;183;77;0.00008358
808;SCC0060420SB;184;77;0.00001418
808;SCC0060420SB;170;78;0.00000001
808;SCC0060420SB;171;78;0.00010225
808;SCC0060420SB;172;78;0.01370727
808;SCC0060420SB;173;78;0.00616900
808;SCC0060420SB;174;78;0.00381003
808;SCC0060420SB;175;78;0.00397511
808;SCC0060420SB;176;78;0.00150471
808;SCC0060420SB;178;78;0.00000383
808;SCC0060420SB;179;78;0.00645039
808;SCC0060420SB;180;78;0.00595547
808;SCC0060420SB;181;78;0.00114260
808;SCC0060420SB;182;78;0.00005489
808;SCC0060420SB;184;78;0.00000232
808;SCC0060420SB;185;78;0.00000073
808;SCC0060420SB;170;79;0.00000050
808;SCC0060420SB;171;79;0.00059294
808;SCC0060420SB;172;79;0.01136534
808;SCC0060420SB;173;79;0.00183366
808;SCC0060420SB;176;79;0.00008619
808;SCC0060420SB;177;79;0.00003838
808;SCC0060420SB;178;79;0.00404708
808;SCC0060420SB;179;79;0.00884868
808;SCC0060420SB;180;79;0.00023011
808;SCC0060420SB;184;79;0.00000021
808;SCC0060420SB;185;79;0.00000198
808;SCC0060420SB;170;80;0.00000057
808;SCC0060420SB;171;80;0.00842034
808;SCC0060420SB;172;80;0.00186161
808;SCC0060420SB;173;80;0.00152851
808;SCC0060420SB;174;80;0.00008266
808;SCC0060420SB;175;80;0.00009786
808;SCC0060420SB;176;80;0.00478184
808;SCC0060420SB;177;80;0.00903133
808;SCC0060420SB;178;80;0.00454634
808;SCC0060420SB;179;80;0.00004547
808;SCC0060420SB;180;80;0.00015371
808;SCC0060420SB;181;80;0.00003293
808;SCC0060420SB;182;80;0.00001037
808;SCC0060420SB;183;80;0.00000037
808;SCC0060420SB;184;80;0.00000160
808;SCC0060420SB;185;80;0.00000054
808;SCC0060420SB;170;81;0.00004533
808;SCC0060420SB;171;81;0.00452933
808;SCC0060420SB;172;81;0.00807392
808;SCC0060420SB;173;81;0.00223011
808;SCC0060420SB;174;81;0.00003776
808;SCC0060420SB;175;81;0.00372793
808;SCC0060420SB;176;81;0.00760992
808;SCC0060420SB;177;81;0.00002716
808;SCC0060420SB;179;81;0.00011903
808;SCC0060420SB;180;81;0.00004154
808;SCC0060420SB;195;81;0.00005967
808;SCC0060420SB;171;82;0.00010706
808;SCC0060420SB;173;82;0.00803958
808;SCC0060420SB;174;82;0.00015988
808;SCC0060420SB;175;82;0.00995354
808;SCC0060420SB;176;82;0.00000066
808;SCC0060420SB;177;82;0.00003690
808;SCC0060420SB;178;82;0.00002861
808;SCC0060420SB;179;82;0.00000341
808;SCC0060420SB;193;82;0.00000001
808;SCC0060420SB;195;82;0.00003723
808;SCC0060420SB;171;83;0.00018153
808;SCC0060420SB;172;83;0.00046486
808;SCC0060420SB;173;83;0.01215799
808;SCC0060420SB;174;83;0.01189196
808;SCC0060420SB;175;83;0.00019264
808;SCC0060420SB;176;83;0.00017751
808;SCC0060420SB;177;83;0.00021276
808;SCC0060420SB;193;83;0.00000002
808;SCC0060420SB;194;83;0.00005875
808;SCC0060420SB;195;83;0.00001140
808;SCC0060420SB;171;84;0.00145797
808;SCC0060420SB;172;84;0.00276949
808;SCC0060420SB;173;84;0.03058285
808;SCC0060420SB;174;84;0.00461073
808;SCC0060420SB;175;84;0.00020795
808;SCC0060420SB;176;84;0.00059036
808;SCC0060420SB;177;84;0.00039744
808;SCC0060420SB;178;84;0.00001563
808;SCC0060420SB;190;84;0.00000031
808;SCC0060420SB;191;84;0.00000176
808;SCC0060420SB;192;84;0.00005123
808;SCC0060420SB;194;84;0.00008202
808;SCC0060420SB;170;85;0.00150144
808;SCC0060420SB;171;85;0.00058527
808;SCC0060420SB;172;85;0.00449376
808;SCC0060420SB;173;85;0.04931562
808;SCC0060420SB;174;85;0.00083788
808;SCC0060420SB;175;85;0.00045573
808;SCC0060420SB;176;85;0.00002464
808;SCC0060420SB;178;85;0.00000429
808;SCC0060420SB;190;85;0.00005797
808;SCC0060420SB;191;85;0.00018697
808;SCC0060420SB;192;85;0.00020312
808;SCC0060420SB;170;86;0.00497577
808;SCC0060420SB;171;86;0.00370571
808;SCC0060420SB;172;86;0.00367522
808;SCC0060420SB;173;86;0.04834763
808;SCC0060420SB;174;86;0.00107293
808;SCC0060420SB;178;86;0.00002365
808;SCC0060420SB;186;86;0.00000129
808;SCC0060420SB;188;86;0.00010413
808;SCC0060420SB;189;86;0.00044685
808;SCC0060420SB;190;86;0.00037622
808;SCC0060420SB;191;86;0.00013033
808;SCC0060420SB;171;87;0.00000068
808;SCC0060420SB;173;87;0.00659666
808;SCC0060420SB;178;87;0.00001556
808;SCC0060420SB;186;87;0.00014374
808;SCC0060420SB;187;87;0.00028818
808;SCC0060420SB;188;87;0.00018103
808;SCC0060420SB;177;88;0.00002967
808;SCC0060420SB;178;88;0.00039691
808;SCC0060420SB;179;88;0.00010682
808;SCC0060420SB;185;88;0.00008566
808;SCC0060420SB;186;88;0.00018068
808;SCC0060420SB;179;89;0.00032634
808;SCC0060420SB;179;90;0.00001024
808;SCC0060420SB;180;90;0.00025997
808;SCC0060420SB;181;90;0.00007786
808;GBV006026GBU;212;155;0.03010239
808;GBV006026GBU;213;155;0.00420235
808;GBV006026GBU;218;155;0.00088430
808;GBV006026GBU;227;155;0.00033383
808;GBV006026GBU;228;155;0.00027234
808;GBV006026GBU;229;155;0.00006285
808;GBV006026GBU;212;156;0.03620970
808;GBV006026GBU;217;156;0.00097876
808;GBV006026GBU;218;156;0.00009680
808;GBV006026GBU;227;156;0.00060673
808;GBV006026GBU;228;156;0.00001807
808;GBV006026GBU;210;157;0.01804169
808;GBV006026GBU;211;157;0.03714615
808;GBV006026GBU;212;157;0.00488788
808;GBV006026GBU;217;157;0.00107557
808;GBV006026GBU;226;157;0.00045970
808;GBV006026GBU;227;157;0.00001845
808;GBV006026GBU;207;158;0.00576287
808;GBV006026GBU;208;158;0.03063889
808;GBV006026GBU;209;158;0.03063889
808;GBV006026GBU;210;158;0.01259720
808;GBV006026GBU;217;158;0.00107557
808;GBV006026GBU;226;158;0.00019469
808;GBV006026GBU;204;159;0.00009341
808;GBV006026GBU;205;159;0.02570112
808;GBV006026GBU;206;159;0.03063889
808;GBV006026GBU;207;159;0.02487602
808;GBV006026GBU;216;159;0.00078900
808;GBV006026GBU;217;159;0.00028657
808;GBV006026GBU;205;160;0.00626333
808;GBV006026GBU;216;160;0.00107557
808;GBV006026GBU;204;161;0.02104373
808;GBV006026GBU;205;161;0.00603207
808;GBV006026GBU;216;161;0.00107557
808;GBV006026GBU;203;162;0.00748290
808;GBV006026GBU;204;162;0.02376300
808;GBV006026GBU;215;162;0.00059923
808;GBV006026GBU;216;162;0.00047633
808;GBV006026GBU;203;163;0.03124590
808;GBV006026GBU;213;163;0.00104334
808;GBV006026GBU;214;163;0.00004099
808;GBV006026GBU;215;163;0.00107557
808;GBV006026GBU;202;164;0.02243711
808;GBV006026GBU;203;164;0.00607793
808;GBV006026GBU;212;164;0.00076407
808;GBV006026GBU;213;164;0.00076386
808;GBV006026GBU;214;164;0.00201923
808;GBV006026GBU;215;164;0.00210996
808;GBV006026GBU;202;165;0.02756067
808;GBV006026GBU;211;165;0.00061936
808;GBV006026GBU;212;165;0.00090856
808;GBV006026GBU;215;165;0.00282209
808;GBV006026GBU;198;166;0.00107571
808;GBV006026GBU;201;166;0.00678164
808;GBV006026GBU;202;166;0.02192389
808;GBV006026GBU;203;166;0.00113736
808;GBV006026GBU;204;166;0.00113736
808;GBV006026GBU;205;166;0.00113736
808;GBV006026GBU;206;166;0.00113736
808;GBV006026GBU;207;166;0.00003911
808;GBV006026GBU;210;166;0.00047466
808;GBV006026GBU;211;166;0.00105327
808;GBV006026GBU;215;166;0.00315658
808;GBV006026GBU;216;166;0.00028048
808;GBV006026GBU;198;167;0.00141563
808;GBV006026GBU;199;167;0.00500322
808;GBV006026GBU;200;167;0.00500322
808;GBV006026GBU;201;167;0.03082551
808;GBV006026GBU;207;167;0.00109825
808;GBV006026GBU;208;167;0.00113736
808;GBV006026GBU;209;167;0.00113736
808;GBV006026GBU;210;167;0.00101288
808;GBV006026GBU;216;167;0.00003995
808;GBV006026GBU;201;168;0.01758317
808;GBV006026GBU;200;169;0.00981434
808;GBV006026GBU;201;169;0.00766191
808;GBV006026GBU;200;170;0.01713647
808;GBV006026GBU;201;170;0.00021049
808;GBV006026GBU;200;171;0.01656965
808;GBV006026GBU;201;171;0.00009571
808;GBV006026GBU;202;171;0.00030620
808;GBV006026GBU;203;171;0.00030256
808;GBV006026GBU;199;172;0.00500439
808;GBV006026GBU;200;172;0.01156118
808;GBV006026GBU;203;172;0.00000364
808;GBV006026GBU;204;172;0.00030620
808;GBV006026GBU;205;172;0.00030620
808;GBV006026GBU;206;172;0.00008842
808;GBV006026GBU;199;173;0.01656556
808;GBV006026GBU;206;173;0.00021778
808;GBV006026GBU;207;173;0.00030620
808;GBV006026GBU;208;173;0.00006693
808;GBV006026GBU;199;174;0.01654128
808;GBV006026GBU;199;175;0.01661184
808;GBV006026GBU;197;176;0.00908866
808;GBV006026GBU;198;176;0.01946587
808;GBV006026GBU;199;176;0.00772687
808;GBV006026GBU;197;177;0.01883953
808;GBV006026GBU;199;177;0.00137838
808;GBV006026GBU;190;178;0.00771688
808;GBV006026GBU;191;178;0.01148033
808;GBV006026GBU;192;178;0.01148961
808;GBV006026GBU;193;178;0.01150150
808;GBV006026GBU;194;178;0.01856261
808;GBV006026GBU;195;178;0.01691198
808;GBV006026GBU;196;178;0.01800332
808;GBV006026GBU;197;178;0.01019689
808;GBV006026GBU;199;178;0.00137838
808;GBV006026GBU;193;179;0.00042997
808;GBV006026GBU;194;179;0.01015567
808;GBV006026GBU;199;179;0.00046444
808;GBV006026GBU;200;179;0.00091395
808;GBV006026GBU;193;180;0.01058564
808;GBV006026GBU;200;180;0.00088142
808;GBV006026GBU;193;181;0.01118500
808;GBV006026GBU;193;182;0.01185241
808;GBV006026GBU;193;183;0.01185241
808;GBV006026GBU;192;184;0.00654891
808;GBV006026GBU;193;184;0.00530350
808;GBV006026GBU;192;185;0.01185241
808;GBV006026GBU;191;186;0.00087337
808;GBV006026GBU;192;186;0.02726320
808;GBV006026GBU;191;187;0.02290565
808;GBV006026GBU;192;187;0.01393192
808;NCC006027MBU;162;109;0.00000496
808;NCC006027MBU;166;109;0.00147018
808;NCC006027MBU;151;110;0.00011870
808;NCC006027MBU;152;110;0.00024025
808;NCC006027MBU;165;110;0.00367823
808;NCC006027MBU;166;110;0.00428322
808;NCC006027MBU;169;110;0.00000029
808;NCC006027MBU;170;110;0.00000019
808;NCC006027MBU;150;111;0.00016757
808;NCC006027MBU;151;111;0.00031883
808;NCC006027MBU;162;111;0.00014570
808;NCC006027MBU;163;111;0.00026424
808;NCC006027MBU;164;111;0.00529683
808;NCC006027MBU;165;111;0.00143500
808;NCC006027MBU;166;111;0.00012157
808;NCC006027MBU;170;111;0.00000185
808;NCC006027MBU;173;111;0.00003566
808;NCC006027MBU;150;112;0.00040099
808;NCC006027MBU;159;112;0.00001240
808;NCC006027MBU;160;112;0.00005808
808;NCC006027MBU;161;112;0.00005291
808;NCC006027MBU;162;112;0.00002276
808;NCC006027MBU;163;112;0.00170731
808;NCC006027MBU;164;112;0.00407382
808;NCC006027MBU;166;112;0.00003283
808;NCC006027MBU;167;112;0.00012830
808;NCC006027MBU;168;112;0.00000717
808;NCC006027MBU;170;112;0.00000064
808;NCC006027MBU;171;112;0.00004143
808;NCC006027MBU;172;112;0.00014797
808;NCC006027MBU;173;112;0.00006224
808;NCC006027MBU;150;113;0.00039254
808;NCC006027MBU;154;113;0.00002409
808;NCC006027MBU;157;113;0.00005468
808;NCC006027MBU;158;113;0.00010444
808;NCC006027MBU;159;113;0.00006237
808;NCC006027MBU;163;113;0.00534832
808;NCC006027MBU;168;113;0.00004008
808;NCC006027MBU;169;113;0.00000457
808;NCC006027MBU;170;113;0.00003999
808;NCC006027MBU;171;113;0.00013733
808;NCC006027MBU;149;114;0.00006763
808;NCC006027MBU;150;114;0.00054106
808;NCC006027MBU;152;114;0.00002937
808;NCC006027MBU;153;114;0.00004922
808;NCC006027MBU;154;114;0.00001454
808;NCC006027MBU;155;114;0.00006284
808;NCC006027MBU;156;114;0.00002035
808;NCC006027MBU;157;114;0.00003938
808;NCC006027MBU;159;114;0.00002616
808;NCC006027MBU;160;114;0.00002006
808;NCC006027MBU;161;114;0.00001692
808;NCC006027MBU;162;114;0.00161258
808;NCC006027MBU;163;114;0.00361570
808;NCC006027MBU;168;114;0.00000035
808;NCC006027MBU;169;114;0.00003650
808;NCC006027MBU;170;114;0.00017194
808;NCC006027MBU;148;115;0.00049085
808;NCC006027MBU;149;115;0.00021506
808;NCC006027MBU;150;115;0.00002017
808;NCC006027MBU;151;115;0.00007116
808;NCC006027MBU;152;115;0.00002986
808;NCC006027MBU;154;115;0.00000085
808;NCC006027MBU;155;115;0.00001899
808;NCC006027MBU;156;115;0.00000189
808;NCC006027MBU;157;115;0.00003668
808;NCC006027MBU;159;115;0.00002267
808;NCC006027MBU;161;115;0.00018496
808;NCC006027MBU;162;115;0.00653016
808;NCC006027MBU;163;115;0.00028663
808;NCC006027MBU;168;115;0.00000037
808;NCC006027MBU;169;115;0.00014474
808;NCC006027MBU;170;115;0.00006012
808;NCC006027MBU;147;116;0.00004490
808;NCC006027MBU;148;116;0.00036409
808;NCC006027MBU;152;116;0.00000043
808;NCC006027MBU;153;116;0.00001740
808;NCC006027MBU;154;116;0.00008493
808;NCC006027MBU;155;116;0.00000296
808;NCC006027MBU;156;116;0.00020334
808;NCC006027MBU;157;116;0.00009166
808;NCC006027MBU;159;116;0.00002037
808;NCC006027MBU;160;116;0.00009993
808;NCC006027MBU;161;116;0.00692837
808;NCC006027MBU;162;116;0.00001256
808;NCC006027MBU;168;116;0.00009696
808;NCC006027MBU;169;116;0.00006068
808;NCC006027MBU;147;117;0.00059549
808;NCC006027MBU;150;117;0.00000030
808;NCC006027MBU;151;117;0.00000186
808;NCC006027MBU;152;117;0.00000126
808;NCC006027MBU;154;117;0.00001824
808;NCC006027MBU;155;117;0.00015751
808;NCC006027MBU;157;117;0.00033980
808;NCC006027MBU;158;117;0.00010408
808;NCC006027MBU;159;117;0.00004722
808;NCC006027MBU;160;117;0.00642016
808;NCC006027MBU;161;117;0.00010803
808;NCC006027MBU;162;117;0.00002384
808;NCC006027MBU;163;117;0.00000562
808;NCC006027MBU;167;117;0.00012379
808;NCC006027MBU;168;117;0.00006734
808;NCC006027MBU;146;118;0.00042669
808;NCC006027MBU;147;118;0.00029198
808;NCC006027MBU;150;118;0.00000325
808;NCC006027MBU;154;118;0.00000009
808;NCC006027MBU;155;118;0.00006299
808;NCC006027MBU;156;118;0.00008111
808;NCC006027MBU;158;118;0.00025059
808;NCC006027MBU;160;118;0.00701463
808;NCC006027MBU;161;118;0.00021529
808;NCC006027MBU;162;118;0.00034332
808;NCC006027MBU;163;118;0.00000464
808;NCC006027MBU;166;118;0.00016193
808;NCC006027MBU;167;118;0.00000016
808;NCC006027MBU;145;119;0.00027241
808;NCC006027MBU;146;119;0.00048016
808;NCC006027MBU;147;119;0.00045005
808;NCC006027MBU;150;119;0.00000220
808;NCC006027MBU;154;119;0.00000025
808;NCC006027MBU;156;119;0.00001068
808;NCC006027MBU;157;119;0.00040481
808;NCC006027MBU;158;119;0.00034704
808;NCC006027MBU;159;119;0.00598718
808;NCC006027MBU;160;119;0.00065581
808;NCC006027MBU;161;119;0.00033946
808;NCC006027MBU;162;119;0.00015460
808;NCC006027MBU;163;119;0.00051113
808;NCC006027MBU;164;119;0.00066554
808;NCC006027MBU;165;119;0.00023177
808;NCC006027MBU;166;119;0.00009021
808;NCC006027MBU;167;119;0.00006892
808;NCC006027MBU;144;120;0.00038106
808;NCC006027MBU;145;120;0.00113296
808;NCC006027MBU;146;120;0.00071359
808;NCC006027MBU;150;120;0.00000342
808;NCC006027MBU;154;120;0.00000025
808;NCC006027MBU;157;120;0.01029221
808;NCC006027MBU;158;120;0.00801070
808;NCC006027MBU;159;120;0.00259401
808;NCC006027MBU;163;120;0.00007739
808;NCC006027MBU;164;120;0.00018362
808;NCC006027MBU;165;120;0.00034865
808;NCC006027MBU;166;120;0.00035405
808;NCC006027MBU;167;120;0.00017978
808;NCC006027MBU;143;121;0.00044098
808;NCC006027MBU;144;121;0.00162472
808;NCC006027MBU;145;121;0.00021700
808;NCC006027MBU;150;121;0.00000240
808;NCC006027MBU;151;121;0.00016544
808;NCC006027MBU;154;121;0.00000023
808;NCC006027MBU;157;121;0.00797348
808;NCC006027MBU;158;121;0.00044883
808;NCC006027MBU;159;121;0.00007452
808;NCC006027MBU;160;121;0.00003803
808;NCC006027MBU;161;121;0.00000521
808;NCC006027MBU;162;121;0.00007027
808;NCC006027MBU;163;121;0.00010990
808;NCC006027MBU;142;122;0.00100586
808;NCC006027MBU;143;122;0.00114777
808;NCC006027MBU;150;122;0.00001215
808;NCC006027MBU;151;122;0.00008030
808;NCC006027MBU;152;122;0.00024315
808;NCC006027MBU;153;122;0.00027581
808;NCC006027MBU;154;122;0.00020514
808;NCC006027MBU;155;122;0.00023543
808;NCC006027MBU;156;122;0.00722615
808;NCC006027MBU;157;122;0.00317465
808;NCC006027MBU;159;122;0.00010025
808;NCC006027MBU;161;122;0.00000319
808;NCC006027MBU;162;122;0.00015546
808;NCC006027MBU;163;122;0.00001715
808;NCC006027MBU;164;122;0.00000737
808;NCC006027MBU;141;123;0.00116367
808;NCC006027MBU;142;123;0.00032036
808;NCC006027MBU;150;123;0.00003542
808;NCC006027MBU;154;123;0.00016114
808;NCC006027MBU;155;123;0.00933547
808;NCC006027MBU;156;123;0.00399377
808;NCC006027MBU;157;123;0.00021140
808;NCC006027MBU;159;123;0.00000618
808;NCC006027MBU;160;123;0.00002022
808;NCC006027MBU;162;123;0.00001330
808;NCC006027MBU;163;123;0.00000403
808;NCC006027MBU;141;124;0.00149572
808;NCC006027MBU;148;124;0.00000750
808;NCC006027MBU;149;124;0.00004046
808;NCC006027MBU;150;124;0.00000833
808;NCC006027MBU;153;124;0.00002974
808;NCC006027MBU;154;124;0.00311262
808;NCC006027MBU;155;124;0.00936094
808;NCC006027MBU;156;124;0.00038079
808;NCC006027MBU;141;125;0.00124626
808;NCC006027MBU;148;125;0.00006391
808;NCC006027MBU;152;125;0.00000486
808;NCC006027MBU;153;125;0.00065113
808;NCC006027MBU;154;125;0.01203606
808;NCC006027MBU;155;125;0.00002466
808;NCC006027MBU;140;126;0.00021334
808;NCC006027MBU;141;126;0.00155195
808;NCC006027MBU;143;126;0.00004391
808;NCC006027MBU;144;126;0.00000481
808;NCC006027MBU;147;126;0.00031669
808;NCC006027MBU;148;126;0.00006434
808;NCC006027MBU;151;126;0.00002371
808;NCC006027MBU;152;126;0.00005434
808;NCC006027MBU;153;126;0.01204298
808;NCC006027MBU;154;126;0.00404876
808;NCC006027MBU;155;126;0.00012076
808;NCC006027MBU;156;126;0.00003415
808;NCC006027MBU;140;127;0.00164797
808;NCC006027MBU;143;127;0.00006581
808;NCC006027MBU;145;127;0.00090529
808;NCC006027MBU;146;127;0.00059731
808;NCC006027MBU;147;127;0.00002687
808;NCC006027MBU;150;127;0.00007518
808;NCC006027MBU;151;127;0.00009007
808;NCC006027MBU;152;127;0.01292423
808;NCC006027MBU;153;127;0.00432316
808;NCC006027MBU;156;127;0.00004417
808;NCC006027MBU;140;128;0.00172040
808;NCC006027MBU;143;128;0.00008401
808;NCC006027MBU;144;128;0.00515802
808;NCC006027MBU;145;128;0.00051753
808;NCC006027MBU;149;128;0.00000308
808;NCC006027MBU;150;128;0.00013040
808;NCC006027MBU;151;128;0.01329088
808;NCC006027MBU;152;128;0.00110584
808;NCC006027MBU;156;128;0.00000810
808;NCC006027MBU;140;129;0.00152967
808;NCC006027MBU;141;129;0.00815804
808;NCC006027MBU;142;129;0.00467491
808;NCC006027MBU;143;129;0.00346895
808;NCC006027MBU;144;129;0.00454399
808;NCC006027MBU;146;129;0.00023933
808;NCC006027MBU;149;129;0.00000926
808;NCC006027MBU;150;129;0.01517781
808;NCC006027MBU;151;129;0.00715147
808;NCC006027MBU;152;129;0.00011004
808;NCC006027MBU;140;130;0.00298894
808;NCC006027MBU;141;130;0.02760440
808;NCC006027MBU;142;130;0.00761011
808;NCC006027MBU;143;130;0.01056642
808;NCC006027MBU;144;130;0.01167674
808;NCC006027MBU;145;130;0.00783329
808;NCC006027MBU;146;130;0.00004476
808;NCC006027MBU;147;130;0.00016244
808;NCC006027MBU;148;130;0.00013210
808;NCC006027MBU;149;130;0.01417809
808;NCC006027MBU;150;130;0.00325164
808;NCC006027MBU;151;130;0.00000756
808;NCC006027MBU;152;130;0.00004101
808;NCC006027MBU;140;131;0.00599420
808;NCC006027MBU;141;131;0.02657547
808;NCC006027MBU;142;131;0.04084981
808;NCC006027MBU;143;131;0.00197672
808;NCC006027MBU;145;131;0.00718945
808;NCC006027MBU;146;131;0.00692141
808;NCC006027MBU;147;131;0.00160824
808;NCC006027MBU;148;131;0.01258101
808;NCC006027MBU;149;131;0.00728422
808;NCC006027MBU;150;131;0.00003234
808;NCC006027MBU;140;132;0.00030059
808;NCC006027MBU;141;132;0.00028618
808;NCC006027MBU;142;132;0.01363700
808;NCC006027MBU;143;132;0.02447864
808;NCC006027MBU;144;132;0.00282273
808;NCC006027MBU;145;132;0.00585261
808;NCC006027MBU;146;132;0.01633334
808;NCC006027MBU;147;132;0.01858261
808;NCC006027MBU;148;132;0.00745370
808;NCC006027MBU;149;132;0.00024102
808;NCC006027MBU;143;133;0.02970434
808;NCC006027MBU;144;133;0.01100450
808;NCC006027MBU;145;133;0.00915776
808;NCC006027MBU;146;133;0.04529581
808;NCC006027MBU;147;133;0.04001614
808;NCC006027MBU;148;133;0.00204069
808;NCC006027MBU;149;133;0.00011394
808;NCC006027MBU;143;134;0.01800538
808;NCC006027MBU;144;134;0.00370460
808;NCC006027MBU;145;134;0.00642902
808;NCC006027MBU;146;134;0.03338158
808;NCC006027MBU;147;134;0.00657863
808;NCC006027MBU;148;134;0.00057767
808;NCC006027MBU;144;135;0.02829017
808;NCC006027MBU;145;135;0.00668140
808;NCC006027MBU;146;135;0.02501470
808;NCC006027MBU;147;135;0.00134062
808;NCC006027MBU;148;135;0.00013610
808;NCC006027MBU;143;136;0.00002009
808;NCC006027MBU;144;136;0.01520449
808;NCC006027MBU;145;136;0.01013500
808;NCC006027MBU;146;136;0.03594774
808;NCC006027MBU;147;136;0.00436586
808;NCC006027MBU;148;136;0.00029917
808;NCC006027MBU;144;137;0.01396014
808;NCC006027MBU;145;137;0.00048727
808;NCC006027MBU;146;137;0.00810496
808;NCC006027MBU;147;137;0.02387391
808;NCC006027MBU;148;137;0.00007222
808;NCC006027MBU;143;138;0.00000472
808;NCC006027MBU;144;138;0.01906700
808;NCC006027MBU;145;138;0.00754036
808;NCC006027MBU;146;138;0.00670783
808;NCC006027MBU;147;138;0.00860980
808;NCC006027MBU;144;139;0.00472482
808;NCC006027MBU;145;139;0.00304019
808;NCC006027MBU;146;139;0.00325875
808;NCC006027MBU;147;139;0.00008956
808;0SV006031PLA;153;188;0.00268882
808;0SV006031PLA;154;188;0.00291347
808;0SV006031PLA;155;188;0.04775667
808;0SV006031PLA;156;188;0.01500283
808;0SV006031PLA;157;188;0.01067543
808;0SV006031PLA;151;189;0.00366647
808;0SV006031PLA;152;189;0.00455730
808;0SV006031PLA;153;189;0.02103702
808;0SV006031PLA;154;189;0.02390574
808;0SV006031PLA;155;189;0.10765278
808;0SV006031PLA;156;189;0.07734062
808;0SV006031PLA;157;189;0.02048025
808;0SV006031PLA;158;189;0.00241205
808;0SV006031PLA;151;190;0.00006128
808;0SV006031PLA;153;190;0.00904654
808;0SV006031PLA;154;190;0.02140107
808;0SV006031PLA;155;190;0.09098146
808;0SV006031PLA;156;190;0.07075655
808;0SV006031PLA;157;190;0.02662305
808;0SV006031PLA;158;190;0.00387855
808;0SV006031PLA;151;191;0.00074464
808;0SV006031PLA;152;191;0.00037464
808;0SV006031PLA;153;191;0.00034084
808;0SV006031PLA;154;191;0.01007593
808;0SV006031PLA;155;191;0.04460697
808;0SV006031PLA;156;191;0.00902620
808;0SV006031PLA;157;191;0.04864857
808;0SV006031PLA;158;191;0.01340607
808;0SV006031PLA;159;191;0.00049362
808;0SV006031PLA;151;192;0.00023706
808;0SV006031PLA;152;192;0.00101424
808;0SV006031PLA;153;192;0.00172651
808;0SV006031PLA;154;192;0.01039204
808;0SV006031PLA;155;192;0.03255510
808;0SV006031PLA;156;192;0.00672002
808;0SV006031PLA;157;192;0.00360201
808;0SV006031PLA;158;192;0.04880993
808;0SV006031PLA;159;192;0.01356622
808;0SV006031PLA;151;193;0.00014103
808;0SV006031PLA;152;193;0.00037251
808;0SV006031PLA;153;193;0.00834012
808;0SV006031PLA;154;193;0.00837786
808;0SV006031PLA;155;193;0.00974599
808;0SV006031PLA;156;193;0.00453430
808;0SV006031PLA;157;193;0.00287273
808;0SV006031PLA;158;193;0.00007917
808;0SV006031PLA;159;193;0.04532473
808;0SV006031PLA;160;193;0.01228861
808;0SV006031PLA;153;194;0.00731217
808;0SV006031PLA;154;194;0.00347935
808;0SV006031PLA;155;194;0.00154530
808;0SV006031PLA;156;194;0.00066306
808;0SV006031PLA;157;194;0.00181081
808;0SV006031PLA;158;194;0.00228329
808;0SV006031PLA;159;194;0.02087842
808;0SV006031PLA;160;194;0.02248551
808;0SV006031PLA;152;195;0.00019388
808;0SV006031PLA;153;195;0.01316494
808;0SV006031PLA;154;195;0.00005368
808;0SV006031PLA;155;195;0.00056045
808;0SV006031PLA;158;195;0.00063519
808;0SV006031PLA;159;195;0.01164528
808;0SV006031PLA;160;195;0.00417933
808;0SV006031PLA;152;196;0.00115612
808;0SV006031PLA;153;196;0.00274510
808;0SV006031PLA;154;196;0.00026878
808;0SV006031PLA;155;196;0.00038087
808;0SV006031PLA;159;196;0.00310645
808;0SV006031PLA;154;197;0.00006787
808;0SV006031PLA;155;197;0.00012853
808;0MC006003AMA;161;175;0.00000481
808;0MC006003AMA;160;176;0.00028466
808;0MC006003AMA;161;176;0.02531449
808;0MC006003AMA;161;177;0.02664275
808;0MC006003AMA;162;177;0.05054984
808;0MC006003AMA;163;177;0.00513664
808;0MC006003AMA;166;177;0.00101561
808;0MC006003AMA;167;177;0.01548634
808;0MC006003AMA;162;178;0.02146460
808;0MC006003AMA;163;178;0.02179628
808;0MC006003AMA;164;178;0.02594316
808;0MC006003AMA;165;178;0.04323915
808;0MC006003AMA;166;178;0.07667650
808;0MC006003AMA;160;179;0.00107826
808;0MC006003AMA;161;179;0.00603121
808;0MC006003AMA;162;179;0.00030809
808;0MC006003AMA;163;179;0.00821754
808;0MC006003AMA;165;179;0.06267221
808;0MC006003AMA;166;179;0.00447689
808;0MC006003AMA;167;179;0.05582203
808;0MC006003AMA;168;179;0.02170996
808;0MC006003AMA;169;179;0.00773806
808;0MC006003AMA;163;180;0.00736141
808;0MC006003AMA;164;180;0.01290945
808;0MC006003AMA;165;180;0.03186082
808;0MC006003AMA;168;180;0.04860608
808;0MC006003AMA;169;180;0.03705390
808;0MC006003AMA;170;180;0.01824478
808;0MC006003AMA;171;180;0.00082639
808;0MC006003AMA;161;181;0.03090951
808;0MC006003AMA;162;181;0.03168648
808;0MC006003AMA;163;181;0.05103608
808;0MC006003AMA;164;181;0.04888159
808;0MC006003AMA;170;181;0.00091584
808;0MC006003AMA;171;181;0.00563871
808;0MC006003AMA;160;182;0.00665344
808;0MC006003AMA;161;182;0.00995545
808;0MC006003AMA;162;182;0.02498743
808;0MC006003AMA;163;182;0.00155855
808;0MC006003AMA;164;182;0.03362030
808;0MC006003AMA;165;182;0.00698898
808;0MC006003AMA;171;182;0.00058233
808;0MC006003AMA;172;182;0.00694848
808;0MC006003AMA;162;183;0.00835524
808;0MC006003AMA;164;183;0.02398054
808;0MC006003AMA;165;183;0.01188757
808;0MC006003AMA;166;183;0.01317919
808;0MC006003AMA;172;183;0.00098720
808;0MC006003AMA;173;183;0.00350353
808;0MC006003AMA;174;183;0.00618999
808;0MC006003AMA;175;183;0.00344240
808;0MC006003AMA;164;184;0.00070733
808;0MC006003AMA;176;184;0.00488849
808;0MC006003AMA;177;184;0.00477805
808;0MC006003AMA;177;185;0.00266803
808;0MC006003AMA;178;186;0.00465542
808;0MC006003AMA;179;186;0.00393401
808;0MC006003AMA;179;187;0.00094172
808;0MC006003AMA;180;187;0.00302899
808;0MC006003AMA;180;188;0.00403721
808;0MC006005CAL;169;166;0.00089009
808;0MC006005CAL;170;166;0.00710102
808;0MC006005CAL;166;167;0.01295011
808;0MC006005CAL;167;167;0.00673698
808;0MC006005CAL;169;167;0.00959628
808;0MC006005CAL;167;168;0.00893344
808;0MC006005CAL;168;168;0.01802065
808;0MC006005CAL;169;168;0.00513784
808;0MC006005CAL;168;169;0.00795341
808;0MC006005CAL;171;169;0.02404314
808;0MC006005CAL;172;169;0.00159738
808;0MC006005CAL;168;170;0.00596324
808;0MC006005CAL;169;170;0.04572422
808;0MC006005CAL;170;170;0.00510636
808;0MC006005CAL;171;170;0.03388577
808;0MC006005CAL;162;171;0.07891824
808;0MC006005CAL;163;171;0.04047956
808;0MC006005CAL;169;171;0.00445835
808;0MC006005CAL;170;171;0.07420240
808;0MC006005CAL;171;171;0.01494817
808;0MC006005CAL;172;171;0.01148207
808;0MC006005CAL;163;172;0.05370954
808;0MC006005CAL;164;172;0.00074533
808;0MC006005CAL;168;172;0.00042342
808;0MC006005CAL;169;172;0.03872483
808;0MC006005CAL;172;172;0.00409207
808;0MC006005CAL;173;172;0.01725112
808;0MC006005CAL;164;173;0.03515870
808;0MC006005CAL;168;173;0.03343614
808;0MC006005CAL;173;173;0.03077348
808;0MC006005CAL;174;173;0.00202875
808;0MC006005CAL;161;174;0.03929119
808;0MC006005CAL;162;174;0.01944782
808;0MC006005CAL;163;174;0.01720875
808;0MC006005CAL;164;174;0.01989660
808;0MC006005CAL;165;174;0.03046408
808;0MC006005CAL;166;174;0.03240005
808;0MC006005CAL;167;174;0.03282499
808;0MC006005CAL;168;174;0.02045016
808;0MC006005CAL;174;174;0.03280223
808;0MC006005CAL;166;175;0.00864221
808;0MC006005CAL;167;175;0.00658025
808;0MC006005CAL;174;175;0.01057646
808;0MC006005CAL;175;175;0.00650907
808;0MC006005CAL;167;176;0.01522246
808;0MC006005CAL;175;176;0.00122178
808;0MC006005CAL;176;176;0.00043819
808;0MC006005CAL;167;177;0.02301018
808;0MC006005CAL;168;177;0.00685227
808;0MC006005CAL;176;177;0.00098138
808;0MC006005CAL;177;177;0.00054085
808;0MC006005CAL;168;178;0.00063319
808;0MC006005CAL;169;178;0.00748546
808;0MC006005CAL;170;178;0.00302788
808;0MC006005CAL;177;178;0.00087873
808;0MC006005CAL;178;178;0.00096257
808;0MC006005CAL;170;179;0.00445758
808;0MC006005CAL;171;179;0.00760005
808;0MC006005CAL;178;179;0.00162758
808;0MC006005CAL;179;179;0.00144190
808;0MC006005CAL;171;180;0.00744936
808;0MC006005CAL;179;180;0.00150221
808;0MC006005CAL;180;180;0.00156728
808;0MC006005CAL;180;181;0.00137683
808;0MC006005CAL;181;181;0.00015632
808;0SS006013IMP;273;25;0.00089936
808;0SS006013IMP;273;26;0.00602681
808;0SS006013IMP;274;26;0.00228356
808;0SS006013IMP;278;26;0.00020811
808;0SS006013IMP;279;26;0.00046456
808;0SS006013IMP;273;27;0.00049120
808;0SS006013IMP;274;27;0.00704060
808;0SS006013IMP;277;27;0.00040319
808;0SS006013IMP;278;27;0.00025526
808;0SS006013IMP;279;27;0.00002305
808;0SS006013IMP;280;27;0.00047601
808;0SS006013IMP;281;27;0.00047605
808;0SS006013IMP;282;27;0.00047463
808;0SS006013IMP;283;27;0.00048168
808;0SS006013IMP;284;27;0.00092312
808;0SS006013IMP;285;27;0.00138935
808;0SS006013IMP;286;27;0.00292030
808;0SS006013IMP;287;27;0.02447190
808;0SS006013IMP;288;27;0.00889652
808;0SS006013IMP;289;27;0.00138104
808;0SS006013IMP;290;27;0.00344819
808;0SS006013IMP;274;28;0.00240216
808;0SS006013IMP;275;28;0.00711763
808;0SS006013IMP;276;28;0.01172669
808;0SS006013IMP;277;28;0.00919566
808;0SS006013IMP;278;28;0.00018471
808;0SS006013IMP;283;28;0.00047025
808;0SS006013IMP;284;28;0.00221711
808;0SS006013IMP;285;28;0.00097789
808;0SS006013IMP;286;28;0.00550285
808;0SS006013IMP;287;28;0.02893158
808;0SS006013IMP;288;28;0.00547804
808;0SS006013IMP;289;28;0.00470549
808;0SS006013IMP;290;28;0.00730056
808;0SS006013IMP;291;28;0.00131765
808;0SS006013IMP;292;28;0.00083990
808;0SS006013IMP;293;28;0.00081459
808;0SS006013IMP;294;28;0.00076557
808;0SS006013IMP;295;28;0.00035200
808;0SS006013IMP;277;29;0.00000363
808;0SS006013IMP;278;29;0.00890504
808;0SS006013IMP;279;29;0.00915836
808;0SS006013IMP;280;29;0.00923613
808;0SS006013IMP;281;29;0.00880291
808;0SS006013IMP;282;29;0.00875899
808;0SS006013IMP;283;29;0.00708104
808;0SS006013IMP;284;29;0.00260440
808;0SS006013IMP;285;29;0.00224186
808;0SS006013IMP;286;29;0.01707416
808;0SS006013IMP;287;29;0.02352393
808;0SS006013IMP;288;29;0.00097959
808;0SS006013IMP;289;29;0.00072908
808;0SS006013IMP;290;29;0.00551760
808;0SS006013IMP;291;29;0.00033857
808;0SS006013IMP;292;29;0.00000999
808;0SS006013IMP;294;29;0.00256813
808;0SS006013IMP;295;29;0.00324223
808;0SS006013IMP;296;29;0.00359982
808;0SS006013IMP;297;29;0.00353538
808;0SS006013IMP;298;29;0.00348346
808;0SS006013IMP;299;29;0.00348707
808;0SS006013IMP;300;29;0.00375003
808;0SS006013IMP;301;29;0.00206546
808;0SS006013IMP;305;29;0.00021375
808;0SS006013IMP;280;30;0.00009504
808;0SS006013IMP;281;30;0.00012569
808;0SS006013IMP;282;30;0.00075346
808;0SS006013IMP;283;30;0.00301348
808;0SS006013IMP;284;30;0.01433784
808;0SS006013IMP;285;30;0.03394362
808;0SS006013IMP;286;30;0.04098163
808;0SS006013IMP;287;30;0.03240950
808;0SS006013IMP;288;30;0.00938725
808;0SS006013IMP;289;30;0.00911755
808;0SS006013IMP;290;30;0.00672151
808;0SS006013IMP;291;30;0.00338788
808;0SS006013IMP;292;30;0.00332109
808;0SS006013IMP;293;30;0.00281472
808;0SS006013IMP;294;30;0.00026003
808;0SS006013IMP;301;30;0.00280045
808;0SS006013IMP;302;30;0.00389041
808;0SS006013IMP;303;30;0.00362830
808;0SS006013IMP;304;30;0.00374330
808;0SS006013IMP;305;30;0.00488645
808;0SS006013IMP;306;30;0.00342701
808;0SS006013IMP;307;30;0.00938347
808;0SS006013IMP;282;31;0.00017804
808;0SS006013IMP;283;31;0.00111223
808;0SS006013IMP;284;31;0.00622787
808;0SS006013IMP;285;31;0.02067155
808;0SS006013IMP;286;31;0.00558421
808;0SS006013IMP;287;31;0.01690491
808;0SS006013IMP;288;31;0.00540274
808;0SS006013IMP;289;31;0.00664262
808;0SS006013IMP;290;31;0.00450318
808;0SS006013IMP;291;31;0.00066807
808;0SS006013IMP;292;31;0.00000908
808;0SS006013IMP;302;31;0.00012300
808;0SS006013IMP;304;31;0.00016820
808;0SS006013IMP;307;31;0.00212734
808;0SS006013IMP;308;31;0.00992811
808;0SS006013IMP;309;31;0.00026202
808;0SS006013IMP;282;32;0.00005512
808;0SS006013IMP;283;32;0.00021840
808;0SS006013IMP;284;32;0.00332214
808;0SS006013IMP;285;32;0.01796992
808;0SS006013IMP;286;32;0.00573660
808;0SS006013IMP;287;32;0.01482307
808;0SS006013IMP;288;32;0.00070301
808;0SS006013IMP;289;32;0.00110276
808;0SS006013IMP;290;32;0.00080822
808;0SS006013IMP;291;32;0.00022628
808;0SS006013IMP;302;32;0.00012339
808;0SS006013IMP;309;32;0.00013025
808;0SS006013IMP;284;33;0.00273697
808;0SS006013IMP;285;33;0.01054041
808;0SS006013IMP;286;33;0.00329937
808;0SS006013IMP;287;33;0.01263770
808;0SS006013IMP;288;33;0.00016503
808;0SS006013IMP;289;33;0.00053000
808;0SS006013IMP;290;33;0.00041012
808;0SS006013IMP;291;33;0.00018033
808;0SS006013IMP;302;33;0.00012318
808;0SS006013IMP;283;34;0.00000277
808;0SS006013IMP;284;34;0.00273809
808;0SS006013IMP;285;34;0.01097898
808;0SS006013IMP;286;34;0.00729442
808;0SS006013IMP;287;34;0.00901925
808;0SS006013IMP;288;34;0.00019913
808;0SS006013IMP;289;34;0.00087297
808;0SS006013IMP;290;34;0.00012874
808;0SS006013IMP;291;34;0.00008111
808;0SS006013IMP;302;34;0.00012333
808;0SS006013IMP;283;35;0.00000698
808;0SS006013IMP;284;35;0.00259380
808;0SS006013IMP;285;35;0.00806679
808;0SS006013IMP;286;35;0.02668644
808;0SS006013IMP;287;35;0.00650488
808;0SS006013IMP;288;35;0.00153713
808;0SS006013IMP;289;35;0.00134402
808;0SS006013IMP;290;35;0.00059560
808;0SS006013IMP;291;35;0.00018733
808;0SS006013IMP;292;35;0.00027322
808;0SS006013IMP;293;35;0.00001621
808;0SS006013IMP;301;35;0.00011836
808;0SS006013IMP;302;35;0.00010622
808;0SS006013IMP;283;36;0.00016670
808;0SS006013IMP;284;36;0.01009305
808;0SS006013IMP;285;36;0.00933723
808;0SS006013IMP;286;36;0.01641959
808;0SS006013IMP;287;36;0.00500063
808;0SS006013IMP;288;36;0.00078637
808;0SS006013IMP;289;36;0.00005431
808;0SS006013IMP;290;36;0.00046506
808;0SS006013IMP;291;36;0.00018716
808;0SS006013IMP;293;36;0.00025511
808;0SS006013IMP;294;36;0.00029627
808;0SS006013IMP;295;36;0.00030100
808;0SS006013IMP;296;36;0.00027951
808;0SS006013IMP;300;36;0.00000170
808;0SS006013IMP;301;36;0.00012226
808;0SS006013IMP;281;37;0.00742935
808;0SS006013IMP;282;37;0.01186412
808;0SS006013IMP;283;37;0.01065177
808;0SS006013IMP;284;37;0.00969276
808;0SS006013IMP;285;37;0.00091325
808;0SS006013IMP;286;37;0.00424456
808;0SS006013IMP;287;37;0.00080459
808;0SS006013IMP;288;37;0.00080607
808;0SS006013IMP;289;37;0.00028638
808;0SS006013IMP;290;37;0.00022243
808;0SS006013IMP;296;37;0.00001517
808;0SS006013IMP;297;37;0.00031676
808;0SS006013IMP;298;37;0.00028690
808;0SS006013IMP;299;37;0.00009103
808;0SS006013IMP;300;37;0.00012572
808;0SS006013IMP;279;38;0.00998598
808;0SS006013IMP;280;38;0.01197478
808;0SS006013IMP;281;38;0.00732432
808;0SS006013IMP;284;38;0.00131597
808;0SS006013IMP;285;38;0.00005582
808;0SS006013IMP;286;38;0.00423905
808;0SS006013IMP;288;38;0.00071033
808;0SS006013IMP;289;38;0.00002752
808;0SS006013IMP;299;38;0.00029677
808;0SS006013IMP;300;38;0.00013635
808;0SS006013IMP;273;39;0.00017691
808;0SS006013IMP;274;39;0.00037628
808;0SS006013IMP;275;39;0.00037528
808;0SS006013IMP;276;39;0.00037529
808;0SS006013IMP;277;39;0.00037531
808;0SS006013IMP;278;39;0.01158753
808;0SS006013IMP;279;39;0.00109719
808;0SS006013IMP;284;39;0.00095676
808;0SS006013IMP;285;39;0.00090518
808;0SS006013IMP;286;39;0.00404968
808;0SS006013IMP;287;39;0.00047534
808;0SS006013IMP;288;39;0.00091175
808;0SS006013IMP;289;39;0.00003593
808;0SS006013IMP;299;39;0.00019121
808;0SS006013IMP;300;39;0.00038008
808;0SS006013IMP;277;40;0.00591347
808;0SS006013IMP;278;40;0.00853865
808;0SS006013IMP;284;40;0.00004173
808;0SS006013IMP;285;40;0.00017274
808;0SS006013IMP;286;40;0.00292224
808;0SS006013IMP;287;40;0.00019345
808;0SS006013IMP;288;40;0.00053728
808;0SS006013IMP;289;40;0.00019878
808;0SS006013IMP;290;40;0.00011505
808;0SS006013IMP;300;40;0.00034110
808;0SS006013IMP;301;40;0.00009406
808;0SS006013IMP;277;41;0.01145509
808;0SS006013IMP;284;41;0.00002380
808;0SS006013IMP;285;41;0.00020683
808;0SS006013IMP;286;41;0.00276953
808;0SS006013IMP;287;41;0.00061114
808;0SS006013IMP;301;41;0.00041493
808;0SS006013IMP;274;42;0.00012038
808;0SS006013IMP;275;42;0.00012509
808;0SS006013IMP;276;42;0.01181633
808;0SS006013IMP;277;42;0.00115208
808;0SS006013IMP;284;42;0.00025369
808;0SS006013IMP;285;42;0.00090079
808;0SS006013IMP;286;42;0.00320875
808;0SS006013IMP;287;42;0.00065758
808;0SS006013IMP;301;42;0.00040677
808;0SS006013IMP;273;43;0.00037632
808;0SS006013IMP;274;43;0.00044046
808;0SS006013IMP;275;43;0.00771487
808;0SS006013IMP;276;43;0.00575092
808;0SS006013IMP;284;43;0.00031186
808;0SS006013IMP;285;43;0.00135904
808;0SS006013IMP;286;43;0.00039998
808;0SS006013IMP;301;43;0.00045484
808;0SS006013IMP;274;44;0.00216804
808;0SS006013IMP;275;44;0.01521741
808;0SS006013IMP;276;44;0.00290688
808;0SS006013IMP;284;44;0.00158199
808;0SS006013IMP;301;44;0.00003741
808;0SS006013IMP;302;44;0.00049883
808;0SS006013IMP;274;45;0.01372507
808;0SS006013IMP;280;45;0.00056316
808;0SS006013IMP;281;45;0.00080498
808;0SS006013IMP;282;45;0.00078955
808;0SS006013IMP;283;45;0.00140397
808;0SS006013IMP;284;45;0.00028852
808;0SS006013IMP;302;45;0.00009340
808;0SS006013IMP;303;45;0.00051109
808;0SS006013IMP;273;46;0.00620700
808;0SS006013IMP;274;46;0.00827268
808;0SS006013IMP;279;46;0.00084025
808;0SS006013IMP;280;46;0.00058002
808;0SS006013IMP;281;46;0.00052847
808;0SS006013IMP;282;46;0.00057246
808;0SS006013IMP;283;46;0.00059550
808;0SS006013IMP;303;46;0.00005676
808;0SS006013IMP;304;46;0.00043375
808;0SS006013IMP;273;47;0.00563507
808;0SS006013IMP;278;47;0.00033348
808;0SS006013IMP;279;47;0.00059532
808;0SS006013IMP;282;47;0.00028253
808;0SS006013IMP;304;47;0.00072624
808;0SS006013IMP;303;48;0.00017808
808;0SS006013IMP;304;48;0.00050153
808;0SS006013IMP;303;49;0.00031118
808;NEP006047SIS;135;255;0.01648910
808;NEP006047SIS;136;255;0.00007841
808;NEP006047SIS;146;255;0.00084016
808;NEP006047SIS;147;255;0.00090199
808;NEP006047SIS;135;256;0.00214095
808;NEP006047SIS;136;256;0.01720198
808;NEP006047SIS;145;256;0.00133309
808;NEP006047SIS;146;256;0.00087031
808;NEP006047SIS;135;257;0.01033638
808;NEP006047SIS;136;257;0.02874821
808;NEP006047SIS;137;257;0.00924089
808;NEP006047SIS;138;257;0.00895801
808;NEP006047SIS;139;257;0.00095250
808;NEP006047SIS;140;257;0.00095250
808;NEP006047SIS;141;257;0.00095250
808;NEP006047SIS;142;257;0.00095250
808;NEP006047SIS;143;257;0.00095250
808;NEP006047SIS;144;257;0.00108926
808;NEP006047SIS;145;257;0.00037738
808;NEP006047SIS;125;258;0.00001300
808;NEP006047SIS;126;258;0.00089152
808;NEP006047SIS;127;258;0.00039207
808;NEP006047SIS;135;258;0.03434690
808;NEP006047SIS;136;258;0.00269355
808;NEP006047SIS;125;259;0.00113517
808;NEP006047SIS;134;259;0.03366608
808;NEP006047SIS;135;259;0.01442324
808;NEP006047SIS;124;260;0.00074870
808;NEP006047SIS;125;260;0.00003898
808;NEP006047SIS;134;260;0.04930265
808;NEP006047SIS;111;261;0.00023596
808;NEP006047SIS;124;261;0.00078767
808;NEP006047SIS;133;261;0.01002456
808;NEP006047SIS;134;261;0.03494259
808;NEP006047SIS;111;262;0.00034861
808;NEP006047SIS;124;262;0.00078767
808;NEP006047SIS;132;262;0.00665620
808;NEP006047SIS;133;262;0.01000302
808;NEP006047SIS;134;262;0.00457310
808;NEP006047SIS;111;263;0.00034861
808;NEP006047SIS;123;263;0.00058545
808;NEP006047SIS;124;263;0.00030878
808;NEP006047SIS;125;263;0.00000777
808;NEP006047SIS;132;263;0.01956901
808;NEP006047SIS;134;263;0.00713863
808;NEP006047SIS;135;263;0.00226326
808;NEP006047SIS;111;264;0.00034837
808;NEP006047SIS;123;264;0.00063677
808;NEP006047SIS;132;264;0.01901241
808;NEP006047SIS;135;264;0.00788999
808;NEP006047SIS;136;264;0.01050970
808;NEP006047SIS;111;265;0.00034749
808;NEP006047SIS;123;265;0.00073935
808;NEP006047SIS;131;265;0.01672167
808;NEP006047SIS;132;265;0.00225905
808;NEP006047SIS;134;265;0.00028204
808;NEP006047SIS;135;265;0.00262287
808;NEP006047SIS;136;265;0.00284589
808;NEP006047SIS;137;265;0.00983663
808;NEP006047SIS;111;266;0.00034749
808;NEP006047SIS;122;266;0.00016139
808;NEP006047SIS;123;266;0.00005004
808;NEP006047SIS;124;266;0.00082451
808;NEP006047SIS;131;266;0.01893185
808;NEP006047SIS;133;266;0.00210016
808;NEP006047SIS;134;266;0.00234083
808;NEP006047SIS;137;266;0.01114644
808;NEP006047SIS;111;267;0.00034134
808;NEP006047SIS;119;267;0.00007792
808;NEP006047SIS;120;267;0.00013480
808;NEP006047SIS;122;267;0.00036103
808;NEP006047SIS;124;267;0.01757520
808;NEP006047SIS;125;267;0.02041167
808;NEP006047SIS;126;267;0.01809202
808;NEP006047SIS;131;267;0.02067004
808;NEP006047SIS;132;267;0.00262287
808;NEP006047SIS;133;267;0.00052271
808;NEP006047SIS;137;267;0.00553000
808;NEP006047SIS;138;267;0.01147595
808;NEP006047SIS;139;267;0.00117040
808;NEP006047SIS;111;268;0.00014263
808;NEP006047SIS;112;268;0.00013261
808;NEP006047SIS;119;268;0.00033642
808;NEP006047SIS;120;268;0.00013350
808;NEP006047SIS;121;268;0.00026062
808;NEP006047SIS;122;268;0.00002499
808;NEP006047SIS;126;268;0.00821506
808;NEP006047SIS;127;268;0.02322357
808;NEP006047SIS;128;268;0.00660570
808;NEP006047SIS;129;268;0.01887369
808;NEP006047SIS;130;268;0.02023577
808;NEP006047SIS;131;268;0.00332523
808;NEP006047SIS;139;268;0.01030554
808;NEP006047SIS;140;268;0.01147595
808;NEP006047SIS;141;268;0.00142010
808;NEP006047SIS;112;269;0.00027524
808;NEP006047SIS;119;269;0.00005144
808;NEP006047SIS;120;269;0.00031656
808;NEP006047SIS;128;269;0.02448299
808;NEP006047SIS;129;269;0.01770219
808;NEP006047SIS;131;269;0.00855376
808;NEP006047SIS;140;269;0.00902023
808;NEP006047SIS;141;269;0.00171199
808;NEP006047SIS;112;270;0.00002598
808;NEP006047SIS;113;270;0.00024927
808;NEP006047SIS;120;270;0.00002805
808;NEP006047SIS;121;270;0.00057971
808;NEP006047SIS;129;270;0.01558529
808;NEP006047SIS;130;270;0.00021023
808;NEP006047SIS;131;270;0.01804167
808;NEP006047SIS;140;270;0.01014072
808;NEP006047SIS;113;271;0.00018457
808;NEP006047SIS;114;271;0.00009067
808;NEP006047SIS;120;271;0.00004371
808;NEP006047SIS;121;271;0.00132201
808;NEP006047SIS;129;271;0.01670445
808;NEP006047SIS;131;271;0.00835059
808;NEP006047SIS;140;271;0.00469465
808;NEP006047SIS;141;271;0.00378318
808;NEP006047SIS;114;272;0.00033864
808;NEP006047SIS;119;272;0.00021451
808;NEP006047SIS;120;272;0.00043456
808;NEP006047SIS;121;272;0.00154318
808;NEP006047SIS;122;272;0.00012250
808;NEP006047SIS;129;272;0.00678337
808;NEP006047SIS;130;272;0.00995387
808;NEP006047SIS;141;272;0.00847783
808;NEP006047SIS;113;273;0.00006867
808;NEP006047SIS;114;273;0.00006619
808;NEP006047SIS;115;273;0.00023600
808;NEP006047SIS;117;273;0.00022213
808;NEP006047SIS;118;273;0.00022973
808;NEP006047SIS;119;273;0.00001522
808;NEP006047SIS;122;273;0.00114601
808;NEP006047SIS;123;273;0.00121630
808;NEP006047SIS;124;273;0.00129892
808;NEP006047SIS;125;273;0.00093373
808;NEP006047SIS;126;273;0.00121934
808;NEP006047SIS;127;273;0.00133390
808;NEP006047SIS;128;273;0.00133390
808;NEP006047SIS;129;273;0.00133390
808;NEP006047SIS;130;273;0.01645759
808;NEP006047SIS;141;273;0.00286997
808;NEP006047SIS;142;273;0.00560786
808;NEP006047SIS;113;274;0.00011186
808;NEP006047SIS;115;274;0.00010134
808;NEP006047SIS;116;274;0.00023674
808;NEP006047SIS;117;274;0.00000760
808;NEP006047SIS;125;274;0.00076861
808;NEP006047SIS;126;274;0.00011456
808;NEP006047SIS;130;274;0.01692395
808;NEP006047SIS;131;274;0.00133147
808;NEP006047SIS;142;274;0.00847783
808;NEP006047SIS;112;275;0.00005369
808;NEP006047SIS;113;275;0.00008693
808;NEP006047SIS;130;275;0.01790237
808;NEP006047SIS;142;275;0.00104529
808;NEP006047SIS;143;275;0.00791998
808;NEP006047SIS;152;275;0.00243138
808;NEP006047SIS;111;276;0.00003826
808;NEP006047SIS;112;276;0.00014004
808;NEP006047SIS;129;276;0.00581589
808;NEP006047SIS;130;276;0.01243472
808;NEP006047SIS;143;276;0.00983176
808;NEP006047SIS;144;276;0.00132364
808;NEP006047SIS;151;276;0.00188336
808;NEP006047SIS;152;276;0.00363315
808;NEP006047SIS;111;277;0.00009592
808;NEP006047SIS;129;277;0.01192013
808;NEP006047SIS;144;277;0.00706671
808;NEP006047SIS;145;277;0.00535242
808;NEP006047SIS;146;277;0.00535242
808;NEP006047SIS;147;277;0.00535242
808;NEP006047SIS;148;277;0.00535241
808;NEP006047SIS;149;277;0.00535236
808;NEP006047SIS;150;277;0.00193439
808;NEP006047SIS;151;277;0.00074580
808;0SF0060490BA;129;172;0.00780622
808;0SF0060490BA;129;173;0.01409309
808;0SF0060490BA;130;173;0.02265116
808;0SF0060490BA;131;173;0.00644129
808;0SF0060490BA;125;174;0.00004170
808;0SF0060490BA;126;174;0.00019223
808;0SF0060490BA;127;174;0.01051672
808;0SF0060490BA;128;174;0.00218586
808;0SF0060490BA;129;174;0.00317786
808;0SF0060490BA;130;174;0.00591350
808;0SF0060490BA;126;175;0.00571842
808;0SF0060490BA;127;175;0.03437759
808;0SF0060490BA;128;175;0.00742021
808;0SF0060490BA;130;175;0.00591350
808;0SF0060490BA;122;176;0.00003846
808;0SF0060490BA;123;176;0.00096457
808;0SF0060490BA;124;176;0.00492509
808;0SF0060490BA;125;176;0.00699338
808;0SF0060490BA;126;176;0.06505626
808;0SF0060490BA;127;176;0.01661699
808;0SF0060490BA;128;176;0.00529047
808;0SF0060490BA;129;176;0.01398858
808;0SF0060490BA;130;176;0.01528310
808;0SF0060490BA;131;176;0.01328018
808;0SF0060490BA;132;176;0.00096263
808;0SF0060490BA;122;177;0.00041200
808;0SF0060490BA;123;177;0.00065509
808;0SF0060490BA;124;177;0.00017865
808;0SF0060490BA;125;177;0.04399189
808;0SF0060490BA;126;177;0.01342837
808;0SF0060490BA;127;177;0.00113526
808;0SF0060490BA;129;177;0.00419603
808;0SF0060490BA;130;177;0.00992545
808;0SF0060490BA;120;178;0.00146475
808;0SF0060490BA;121;178;0.00099511
808;0SF0060490BA;122;178;0.00041640
808;0SF0060490BA;124;178;0.00707173
808;0SF0060490BA;125;178;0.04616108
808;0SF0060490BA;126;178;0.00461956
808;0SF0060490BA;129;178;0.00869100
808;0SF0060490BA;120;179;0.00287752
808;0SF0060490BA;121;179;0.00015793
808;0SF0060490BA;123;179;0.00766921
808;0SF0060490BA;124;179;0.01271488
808;0SF0060490BA;125;179;0.04994602
808;0SF0060490BA;126;179;0.00280132
808;0SF0060490BA;127;179;0.00067449
808;0SF0060490BA;128;179;0.00344562
808;0SF0060490BA;129;179;0.00737174
808;0SF0060490BA;120;180;0.00035620
808;0SF0060490BA;121;180;0.00568742
808;0SF0060490BA;122;180;0.01171105
808;0SF0060490BA;123;180;0.00758079
808;0SF0060490BA;124;180;0.01009221
808;0SF0060490BA;125;180;0.04103737
808;0SF0060490BA;126;180;0.00331368
808;0SF0060490BA;127;180;0.00277113
808;0SF0060490BA;128;180;0.00592776
808;0SF0060490BA;129;180;0.00450891
808;0SF0060490BA;130;180;0.00136796
808;0SF0060490BA;120;181;0.00104470
808;0SF0060490BA;121;181;0.00232590
808;0SF0060490BA;122;181;0.01002022
808;0SF0060490BA;123;181;0.01641477
808;0SF0060490BA;124;181;0.05866882
808;0SF0060490BA;125;181;0.08013040
808;0SF0060490BA;126;181;0.00212370
808;0SF0060490BA;127;181;0.00871624
808;0SF0060490BA;128;181;0.00361629
808;0SF0060490BA;121;182;0.00003032
808;0SF0060490BA;122;182;0.00562973
808;0SF0060490BA;123;182;0.00815773
808;0SF0060490BA;124;182;0.06636644
808;0SF0060490BA;125;182;0.02575598
808;0SF0060490BA;126;182;0.02042189
808;0SF0060490BA;122;183;0.00128288
808;0SF0060490BA;123;183;0.02531569
808;0SF0060490BA;124;183;0.02374897
808;0SF0060490BA;125;183;0.00074987
808;0SF0060490BA;126;183;0.00484597
808;0SF0060490BA;122;184;0.00771279
808;0SF0060490BA;123;184;0.01833034
808;0SF0060490BA;125;184;0.00208842
808;0SF0060490BA;126;184;0.00792579
808;0SF0060490BA;122;185;0.00190125
808;0SF0060490BA;126;185;0.00108249
808;0SF0060490BA;127;185;0.00038777
808;0SF0060430BA;149;139;0.00039938
808;0SF0060430BA;149;140;0.00472706
808;0SF0060430BA;150;140;0.00006135
808;0SF0060430BA;148;141;0.00073594
808;0SF0060430BA;149;141;0.00534079
808;0SF0060430BA;150;141;0.00395342
808;0SF0060430BA;151;141;0.00253263
808;0SF0060430BA;152;141;0.00430000
808;0SF0060430BA;145;142;0.00015742
808;0SF0060430BA;146;142;0.00053109
808;0SF0060430BA;147;142;0.00044714
808;0SF0060430BA;148;142;0.00770814
808;0SF0060430BA;149;142;0.00599342
808;0SF0060430BA;150;142;0.00107509
808;0SF0060430BA;152;142;0.00017325
808;0SF0060430BA;153;142;0.00319469
808;0SF0060430BA;154;142;0.00119204
808;0SF0060430BA;146;143;0.00045845
808;0SF0060430BA;147;143;0.00001445
808;0SF0060430BA;148;143;0.00735787
808;0SF0060430BA;149;143;0.00061128
808;0SF0060430BA;154;143;0.00183060
808;0SF0060430BA;155;143;0.00276830
808;0SF0060430BA;156;143;0.00118632
808;0SF0060430BA;142;144;0.00000010
808;0SF0060430BA;143;144;0.00000003
808;0SF0060430BA;145;144;0.00000372
808;0SF0060430BA;146;144;0.00034515
808;0SF0060430BA;147;144;0.00149109
808;0SF0060430BA;148;144;0.00679224
808;0SF0060430BA;141;145;0.00000017
808;0SF0060430BA;145;145;0.00001759
808;0SF0060430BA;146;145;0.00052015
808;0SF0060430BA;147;145;0.01170988
808;0SF0060430BA;148;145;0.00007883
808;0SF0060430BA;139;146;0.00402331
808;0SF0060430BA;144;146;0.00000800
808;0SF0060430BA;145;146;0.00000701
808;0SF0060430BA;146;146;0.00829950
808;0SF0060430BA;147;146;0.00466956
808;0SF0060430BA;138;147;0.00000477
808;0SF0060430BA;139;147;0.00498082
808;0SF0060430BA;142;147;0.00052793
808;0SF0060430BA;143;147;0.00012908
808;0SF0060430BA;144;147;0.00014744
808;0SF0060430BA;145;147;0.00641533
808;0SF0060430BA;146;147;0.00401392
808;0SF0060430BA;137;148;0.00000986
808;0SF0060430BA;138;148;0.00000434
808;0SF0060430BA;139;148;0.00270533
808;0SF0060430BA;140;148;0.00781813
808;0SF0060430BA;141;148;0.00267959
808;0SF0060430BA;142;148;0.00878099
808;0SF0060430BA;143;148;0.00730848
808;0SF0060430BA;144;148;0.01130874
808;0SF0060430BA;145;148;0.00562377
808;0SF0060430BA;146;148;0.00021462
808;0SF0060430BA;136;149;0.00008559
808;0SF0060430BA;137;149;0.00029813
808;0SF0060430BA;138;149;0.00070477
808;0SF0060430BA;139;149;0.00999862
808;0SF0060430BA;140;149;0.02591578
808;0SF0060430BA;141;149;0.01561939
808;0SF0060430BA;142;149;0.02669710
808;0SF0060430BA;143;149;0.01920435
808;0SF0060430BA;144;149;0.00407741
808;0SF0060430BA;145;149;0.00010546
808;0SF0060430BA;146;149;0.00004314
808;0SF0060430BA;135;150;0.00003841
808;0SF0060430BA;136;150;0.00002325
808;0SF0060430BA;137;150;0.00003144
808;0SF0060430BA;138;150;0.00766741
808;0SF0060430BA;139;150;0.01738455
808;0SF0060430BA;140;150;0.03915840
808;0SF0060430BA;141;150;0.02633298
808;0SF0060430BA;142;150;0.01988306
808;0SF0060430BA;143;150;0.02558501
808;0SF0060430BA;144;150;0.00337156
808;0SF0060430BA;135;151;0.00036061
808;0SF0060430BA;137;151;0.01202719
808;0SF0060430BA;138;151;0.02787102
808;0SF0060430BA;139;151;0.02557262
808;0SF0060430BA;140;151;0.02009053
808;0SF0060430BA;141;151;0.03535229
808;0SF0060430BA;142;151;0.03955569
808;0SF0060430BA;143;151;0.02673693
808;0SF0060430BA;144;151;0.00133738
808;0SF0060430BA;145;151;0.00000002
808;0SF0060430BA;146;151;0.00000002
808;0SF0060430BA;147;151;0.00000001
808;0SF0060430BA;135;152;0.00010433
808;0SF0060430BA;136;152;0.01342022
808;0SF0060430BA;137;152;0.01477870
808;0SF0060430BA;138;152;0.02247266
808;0SF0060430BA;139;152;0.02372629
808;0SF0060430BA;140;152;0.03843095
808;0SF0060430BA;141;152;0.03949843
808;0SF0060430BA;142;152;0.02709970
808;0SF0060430BA;143;152;0.00713876
808;0SF0060430BA;144;152;0.00000002
808;0SF0060430BA;135;153;0.00904128
808;0SF0060430BA;136;153;0.01308273
808;0SF0060430BA;137;153;0.02170560
808;0SF0060430BA;138;153;0.02375047
808;0SF0060430BA;139;153;0.02064699
808;0SF0060430BA;140;153;0.01655566
808;0SF0060430BA;141;153;0.04071550
808;0SF0060430BA;142;153;0.02019842
808;0SF0060430BA;143;153;0.00001213
808;0SF0060430BA;135;154;0.00224152
808;0SF0060430BA;136;154;0.01287642
808;0SF0060430BA;137;154;0.01349230
808;0SF0060430BA;140;154;0.00005075
808;0SF0060430BA;141;154;0.02171801
808;0SF0060430BA;142;154;0.00872247
808;0SV0060570YS;147;177;0.00022679
808;0SV0060570YS;148;177;0.00015997
808;0SV0060570YS;148;178;0.00178113
808;0SV0060570YS;149;178;0.00034393
808;0SV0060570YS;150;178;0.00000354
808;0SV0060570YS;148;179;0.00002575
808;0SV0060570YS;149;179;0.00124637
808;0SV0060570YS;150;179;0.00012442
808;0SV0060570YS;148;180;0.00005611
808;0SV0060570YS;149;180;0.00181976
808;0SV0060570YS;150;180;0.00142196
808;0SV0060570YS;149;181;0.00129631
808;0SV0060570YS;150;181;0.00222440
808;0SV0060570YS;139;182;0.00050838
808;0SV0060570YS;149;182;0.00167529
808;0SV0060570YS;150;182;0.00019285
808;0SV0060570YS;138;183;0.00074421
808;0SV0060570YS;139;183;0.00066242
808;0SV0060570YS;140;183;0.00229857
808;0SV0060570YS;141;183;0.01241446
808;0SV0060570YS;144;183;0.00028387
808;0SV0060570YS;145;183;0.03527815
808;0SV0060570YS;146;183;0.00304061
808;0SV0060570YS;149;183;0.00632799
808;0SV0060570YS;150;183;0.00005540
808;0SV0060570YS;140;184;0.00015232
808;0SV0060570YS;141;184;0.00825743
808;0SV0060570YS;142;184;0.00423278
808;0SV0060570YS;143;184;0.00425323
808;0SV0060570YS;144;184;0.00733851
808;0SV0060570YS;145;184;0.04350421
808;0SV0060570YS;146;184;0.08077771
808;0SV0060570YS;147;184;0.07560150
808;0SV0060570YS;148;184;0.07565982
808;0SV0060570YS;149;184;0.10309957
808;0SV0060570YS;150;184;0.07922702
808;0SV0060570YS;140;185;0.00045257
808;0SV0060570YS;141;185;0.00781767
808;0SV0060570YS;142;185;0.00056816
808;0SV0060570YS;143;185;0.00057067
808;0SV0060570YS;144;185;0.00146655
808;0SV0060570YS;145;185;0.01713335
808;0SV0060570YS;146;185;0.00186714
808;0SV0060570YS;149;185;0.03056528
808;0SV0060570YS;150;185;0.00747366
808;0SV0060570YS;140;186;0.00036387
808;0SV0060570YS;141;186;0.00776626
808;0SV0060570YS;142;186;0.00111675
808;0SV0060570YS;143;186;0.00140654
808;0SV0060570YS;144;186;0.00520264
808;0SV0060570YS;145;186;0.01763208
808;0SV0060570YS;146;186;0.00297026
808;0SV0060570YS;148;186;0.00050678
808;0SV0060570YS;149;186;0.00052092
808;0SV0060570YS;140;187;0.00436044
808;0SV0060570YS;141;187;0.01103968
808;0SV0060570YS;142;187;0.00441037
808;0SV0060570YS;143;187;0.00543089
808;0SV0060570YS;144;187;0.01150919
808;0SV0060570YS;145;187;0.04954138
808;0SV0060570YS;146;187;0.04455415
808;0SV0060570YS;147;187;0.04030205
808;0SV0060570YS;148;187;0.01053911
808;0SV0060570YS;137;188;0.00217420
808;0SV0060570YS;138;188;0.00285799
808;0SV0060570YS;139;188;0.00392789
808;0SV0060570YS;140;188;0.00183183
808;0SV0060570YS;141;188;0.00350883
808;0SV0060570YS;143;188;0.00013246
808;0SV0060570YS;144;188;0.01307110
808;0SV0060570YS;145;188;0.01525047
808;0SV0060570YS;146;188;0.00203633
808;0SV0060570YS;136;189;0.00010860
808;0SV0060570YS;137;189;0.00116805
808;0SV0060570YS;139;189;0.00010028
808;0SV0060570YS;140;189;0.00028835
808;0SV0060570YS;141;189;0.00354715
808;0SV0060570YS;143;189;0.00681511
808;0SV0060570YS;144;189;0.00704437
808;0SV0060570YS;145;189;0.00314629
808;0SV0060570YS;146;189;0.00198162
808;0SV0060570YS;136;190;0.00112587
808;0SV0060570YS;139;190;0.00011321
808;0SV0060570YS;140;190;0.00048806
808;0SV0060570YS;141;190;0.00405634
808;0SV0060570YS;142;190;0.00380535
808;0SV0060570YS;143;190;0.01206874
808;0SV0060570YS;144;190;0.00142569
808;0SV0060570YS;145;190;0.00451338
808;0SV0060570YS;146;190;0.00356491
808;0SV0060570YS;136;191;0.00069845
808;0SV0060570YS;139;191;0.00004716
808;0SV0060570YS;141;191;0.00277972
808;0SV0060570YS;142;191;0.01353629
808;0SV0060570YS;145;191;0.00009139
808;0SV0060570YS;146;191;0.00003311
808;0SV0060570YS;135;192;0.00016336
808;0SV0060570YS;136;192;0.00019448
808;0SV0060570YS;139;192;0.00009871
808;0SV0060570YS;141;192;0.01650440
808;0SV0060570YS;142;192;0.00020176
808;0SV0060570YS;144;192;0.00010987
808;0SV0060570YS;145;192;0.00009914
808;0SV0060570YS;134;193;0.00006600
808;0SV0060570YS;135;193;0.00036541
808;0SV0060570YS;139;193;0.00011396
808;0SV0060570YS;140;193;0.01086357
808;0SV0060570YS;141;193;0.00409456
808;0SV0060570YS;143;193;0.00010899
808;0SV0060570YS;144;193;0.00004236
808;0SV0060570YS;133;194;0.00015737
808;0SV0060570YS;134;194;0.00034695
808;0SV0060570YS;140;194;0.00568961
808;0SV0060570YS;143;194;0.00003576
808;0NC006023MEN;108;190;0.00015159
808;0NC006023MEN;107;191;0.00029983
808;0NC006023MEN;108;191;0.00029502
808;0NC006023MEN;106;192;0.00054251
808;0NC006023MEN;107;192;0.00012078
808;0NC006023MEN;105;193;0.00019716
808;0NC006023MEN;106;193;0.00021227
808;0NC006023MEN;118;193;0.01777761
808;0NC006023MEN;113;194;0.00276610
808;0NC006023MEN;114;194;0.00372225
808;0NC006023MEN;115;194;0.00372225
808;0NC006023MEN;116;194;0.00302799
808;0NC006023MEN;118;194;0.01712100
808;0NC006023MEN;107;195;0.00018503
808;0NC006023MEN;108;195;0.00054555
808;0NC006023MEN;112;195;0.00208477
808;0NC006023MEN;113;195;0.00209124
808;0NC006023MEN;117;195;0.01598632
808;0NC006023MEN;118;195;0.00796093
808;0NC006023MEN;104;196;0.00064369
808;0NC006023MEN;105;196;0.00129363
808;0NC006023MEN;108;196;0.00161704
808;0NC006023MEN;109;196;0.00216259
808;0NC006023MEN;110;196;0.00102005
808;0NC006023MEN;112;196;0.00417600
808;0NC006023MEN;117;196;0.03210999
808;0NC006023MEN;118;196;0.01005437
808;0NC006023MEN;119;196;0.00900158
808;0NC006023MEN;105;197;0.00233532
808;0NC006023MEN;110;197;0.00114254
808;0NC006023MEN;111;197;0.00783610
808;0NC006023MEN;112;197;0.00354075
808;0NC006023MEN;113;197;0.00183112
808;0NC006023MEN;116;197;0.02158249
808;0NC006023MEN;117;197;0.00292727
808;0NC006023MEN;105;198;0.00234931
808;0NC006023MEN;110;198;0.00557112
808;0NC006023MEN;111;198;0.00234339
808;0NC006023MEN;113;198;0.00091623
808;0NC006023MEN;114;198;0.00266289
808;0NC006023MEN;116;198;0.02436705
808;0NC006023MEN;104;199;0.00092703
808;0NC006023MEN;105;199;0.00150102
808;0NC006023MEN;109;199;0.00519127
808;0NC006023MEN;110;199;0.00250829
808;0NC006023MEN;114;199;0.00129343
808;0NC006023MEN;115;199;0.02504695
808;0NC006023MEN;116;199;0.00084346
808;0NC006023MEN;104;200;0.00243880
808;0NC006023MEN;108;200;0.00350491
808;0NC006023MEN;109;200;0.00361528
808;0NC006023MEN;115;200;0.02788942
808;0NC006023MEN;116;200;0.00034519
808;0NC006023MEN;104;201;0.00200392
808;0NC006023MEN;105;201;0.00028212
808;0NC006023MEN;106;201;0.00109233
808;0NC006023MEN;107;201;0.00205865
808;0NC006023MEN;108;201;0.00515944
808;0NC006023MEN;115;201;0.08525232
808;0NC006023MEN;103;202;0.00112787
808;0NC006023MEN;104;202;0.00144829
808;0NC006023MEN;105;202;0.00089680
808;0NC006023MEN;107;202;0.00125101
808;0NC006023MEN;115;202;0.05082305
808;0NC006023MEN;117;202;0.00139924
808;0NC006023MEN;118;202;0.00942419
808;0NC006023MEN;103;203;0.00604877
808;0NC006023MEN;107;203;0.00119797
808;0NC006023MEN;115;203;0.05300973
808;0NC006023MEN;116;203;0.01494104
808;0NC006023MEN;117;203;0.01326203
808;0NC006023MEN;103;204;0.01060389
808;0NC006023MEN;104;204;0.00027098
808;0NC006023MEN;105;204;0.00060728
808;0NC006023MEN;106;204;0.00127797
808;0NC006023MEN;107;204;0.00107885
808;0NC006023MEN;113;204;0.00078213
808;0NC006023MEN;114;204;0.03014649
808;0NC006023MEN;115;204;0.00796512
808;0NC006023MEN;117;204;0.00918909
808;0NC006023MEN;103;205;0.01031837
808;0NC006023MEN;104;205;0.00098861
808;0NC006023MEN;105;205;0.00068350
808;0NC006023MEN;106;205;0.00060640
808;0NC006023MEN;113;205;0.02843653
808;0NC006023MEN;117;205;0.00539684
808;0NC006023MEN;102;206;0.00032024
808;0NC006023MEN;103;206;0.00388040
808;0NC006023MEN;106;206;0.00030557
808;0NC006023MEN;107;206;0.00254509
808;0NC006023MEN;108;206;0.00254509
808;0NC006023MEN;109;206;0.00128245
808;0NC006023MEN;113;206;0.02818094
808;0NC006023MEN;102;207;0.01488399
808;0NC006023MEN;105;207;0.00261361
808;0NC006023MEN;106;207;0.00245103
808;0NC006023MEN;109;207;0.00212050
808;0NC006023MEN;110;207;0.00149471
808;0NC006023MEN;112;207;0.01734782
808;0NC006023MEN;113;207;0.01088469
808;0NC006023MEN;102;208;0.00377940
808;0NC006023MEN;103;208;0.01758234
808;0NC006023MEN;104;208;0.00284974
808;0NC006023MEN;105;208;0.00084332
808;0NC006023MEN;110;208;0.00101687
808;0NC006023MEN;111;208;0.00170876
808;0NC006023MEN;112;208;0.02913186
808;0NC006023MEN;103;209;0.01742853
808;0NC006023MEN;112;209;0.03681775
808;0NC006023MEN;103;210;0.00996882
808;0NC006023MEN;111;210;0.00071546
808;0NC006023MEN;112;210;0.01864933
808;0NC006023MEN;103;211;0.00024848
808;0NC006023MEN;104;211;0.00048279
808;0NC006023MEN;111;211;0.01025860
808;0NC006023MEN;103;212;0.00009516
808;0NC006023MEN;104;212;0.00056115
808;0NC006023MEN;110;212;0.00346862
808;0NC006023MEN;111;212;0.01020488
808;0NC006023MEN;103;213;0.00072591
808;0NC006023MEN;110;213;0.00593858
808;0NC006023MEN;111;213;0.00207837
808;0NC006023MEN;112;213;0.00682769
808;0NC006023MEN;103;214;0.00053460
808;0NC006023MEN;107;214;0.00001091
808;0NC006023MEN;108;214;0.00002187
808;0NC006023MEN;109;214;0.00000535
808;0NC006023MEN;110;214;0.00593897
808;0NC006023MEN;112;214;0.00671512
808;0NC006023MEN;103;215;0.00077743
808;0NC006023MEN;104;215;0.00001516
808;0NC006023MEN;105;215;0.00001516
808;0NC006023MEN;106;215;0.00001723
808;0NC006023MEN;107;215;0.00000828
808;0NC006023MEN;109;215;0.00168920
808;0NC006023MEN;110;215;0.00593400
808;0NC006023MEN;112;215;0.00636053
808;0NC006023MEN;103;216;0.00065498
808;0NC006023MEN;109;216;0.00331522
808;0NC006023MEN;110;216;0.00006905
808;0NC006023MEN;112;216;0.00261417
808;0NC006023MEN;103;217;0.00068025
808;0NC006023MEN;109;217;0.00320293
808;0NC006023MEN;102;218;0.00031088
808;0NC006023MEN;103;218;0.00037756
808;0NC006023MEN;108;218;0.00182764
808;0NC006023MEN;109;218;0.00109904
808;0NC006023MEN;102;219;0.00014788
808;0NC006023MEN;103;219;0.00024439
808;0NC006023MEN;104;219;0.00001141
808;0NC006023MEN;106;219;0.00308862
808;0NC006023MEN;107;219;0.00292805
808;0NC006023MEN;108;219;0.00377428
808;0NC006023MEN;104;220;0.00026499
808;0NC006023MEN;105;220;0.00410161
808;0NC006023MEN;106;220;0.00011576
808;0NC006023MEN;104;221;0.00319438
808;0NC006023MEN;105;221;0.00204767
808;0NC006023MEN;104;222;0.00408067
808;0NC006023MEN;103;223;0.00221432
808;0NC006023MEN;104;223;0.00195295
808;0NC006023MEN;103;224;0.00148607
808;0NC006023MEN;104;224;0.00148229
808;0SV006034SAC;147;172;0.00079392
808;0SV006034SAC;148;172;0.00060944
808;0SV006034SAC;149;172;0.00003037
808;0SV006034SAC;146;173;0.00061555
808;0SV006034SAC;147;173;0.00079928
808;0SV006034SAC;148;173;0.00092918
808;0SV006034SAC;148;174;0.00025293
808;0SV006034SAC;149;174;0.00058447
808;0SV006034SAC;148;175;0.00004077
808;0SV006034SAC;149;175;0.00083723
808;0SV006034SAC;150;175;0.00091600
808;0SV006034SAC;152;175;0.00028616
808;0SV006034SAC;153;175;0.00061554
808;0SV006034SAC;154;175;0.00044189
808;0SV006034SAC;155;175;0.00077309
808;0SV006034SAC;148;176;0.00003756
808;0SV006034SAC;149;176;0.00008153
808;0SV006034SAC;150;176;0.00135555
808;0SV006034SAC;151;176;0.00770361
808;0SV006034SAC;152;176;0.00000293
808;0SV006034SAC;154;176;0.00498001
808;0SV006034SAC;155;176;0.00275253
808;0SV006034SAC;156;176;0.00014953
808;0SV006034SAC;149;177;0.00016018
808;0SV006034SAC;150;177;0.00015101
808;0SV006034SAC;151;177;0.00494735
808;0SV006034SAC;152;177;0.00030128
808;0SV006034SAC;153;177;0.00018075
808;0SV006034SAC;154;177;0.00727929
808;0SV006034SAC;155;177;0.00031086
808;0SV006034SAC;156;177;0.00041593
808;0SV006034SAC;157;177;0.00008392
808;0SV006034SAC;149;178;0.00022260
808;0SV006034SAC;150;178;0.00013201
808;0SV006034SAC;151;178;0.00483188
808;0SV006034SAC;152;178;0.00016795
808;0SV006034SAC;153;178;0.00001299
808;0SV006034SAC;154;178;0.00737231
808;0SV006034SAC;155;178;0.00021791
808;0SV006034SAC;156;178;0.00024030
808;0SV006034SAC;157;178;0.00015627
808;0SV006034SAC;158;178;0.00005105
808;0SV006034SAC;159;178;0.00001722
808;0SV006034SAC;150;179;0.00022445
808;0SV006034SAC;151;179;0.00632637
808;0SV006034SAC;152;179;0.00151522
808;0SV006034SAC;153;179;0.00913304
808;0SV006034SAC;154;179;0.00108878
808;0SV006034SAC;155;179;0.00018463
808;0SV006034SAC;156;179;0.00017754
808;0SV006034SAC;157;179;0.00006300
808;0SV006034SAC;159;179;0.00000354
808;0SV006034SAC;160;179;0.00001703
808;0SV006034SAC;150;180;0.00003547
808;0SV006034SAC;151;180;0.01261603
808;0SV006034SAC;152;180;0.01087013
808;0SV006034SAC;153;180;0.01400460
808;0SV006034SAC;154;180;0.00281150
808;0SV006034SAC;155;180;0.00109085
808;0SV006034SAC;156;180;0.00036452
808;0SV006034SAC;157;180;0.00012007
808;0SV006034SAC;150;181;0.00699795
808;0SV006034SAC;151;181;0.00636017
808;0SV006034SAC;152;181;0.02149422
808;0SV006034SAC;153;181;0.00652273
808;0SV006034SAC;154;181;0.00306191
808;0SV006034SAC;155;181;0.00294499
808;0SV006034SAC;156;181;0.00004886
808;0SV006034SAC;157;181;0.00023999
808;0SV006034SAC;149;182;0.00024039
808;0SV006034SAC;150;182;0.01612298
808;0SV006034SAC;151;182;0.01583274
808;0SV006034SAC;152;182;0.02184061
808;0SV006034SAC;153;182;0.00557321
808;0SV006034SAC;154;182;0.00285719
808;0SV006034SAC;155;182;0.00133783
808;0SV006034SAC;156;182;0.00388715
808;0SV006034SAC;157;182;0.00161107
808;0SV006034SAC;158;182;0.00118797
808;0SV006034SAC;159;182;0.00139808
808;0SV006034SAC;160;182;0.00296278
808;0SV006034SAC;149;183;0.00015296
808;0SV006034SAC;150;183;0.01763663
808;0SV006034SAC;151;183;0.02821200
808;0SV006034SAC;152;183;0.01172359
808;0SV006034SAC;153;183;0.00830343
808;0SV006034SAC;154;183;0.00546111
808;0SV006034SAC;155;183;0.00193457
808;0SV006034SAC;156;183;0.00174994
808;0SV006034SAC;157;183;0.00134317
808;0SV006034SAC;159;183;0.00022451
808;0SV006034SAC;160;183;0.00002115
808;0SV006034SAC;150;184;0.02932349
808;0SV006034SAC;151;184;0.05036455
808;0SV006034SAC;152;184;0.03047291
808;0SV006034SAC;153;184;0.03058076
808;0SV006034SAC;154;184;0.02550594
808;0SV006034SAC;155;184;0.00759200
808;0SV006034SAC;156;184;0.00221441
808;0SV006034SAC;157;184;0.00152748
808;0SV006034SAC;158;184;0.00021303
808;0SV006034SAC;159;184;0.00003373
808;0SV006034SAC;149;185;0.00246369
808;0SV006034SAC;150;185;0.02639699
808;0SV006034SAC;151;185;0.01802089
808;0SV006034SAC;152;185;0.03028800
808;0SV006034SAC;153;185;0.01159873
808;0SV006034SAC;154;185;0.00553668
808;0SV006034SAC;155;185;0.02833914
808;0SV006034SAC;156;185;0.00777698
808;0SV006034SAC;157;185;0.00182747
808;0SV006034SAC;158;185;0.00195088
808;0SV006034SAC;159;185;0.00012853
808;0SV006034SAC;148;186;0.00000825
808;0SV006034SAC;149;186;0.00023463
808;0SV006034SAC;150;186;0.03143981
808;0SV006034SAC;151;186;0.01909193
808;0SV006034SAC;152;186;0.02589684
808;0SV006034SAC;153;186;0.03333861
808;0SV006034SAC;154;186;0.01016757
808;0SV006034SAC;155;186;0.01210091
808;0SV006034SAC;156;186;0.01675997
808;0SV006034SAC;157;186;0.01572709
808;0SV006034SAC;158;186;0.01316523
808;0SV006034SAC;159;186;0.00931741
808;0SV006034SAC;148;187;0.00615247
808;0SV006034SAC;149;187;0.00883217
808;0SV006034SAC;150;187;0.01034048
808;0SV006034SAC;151;187;0.00346350
808;0SV006034SAC;152;187;0.00385704
808;0SV006034SAC;153;187;0.01834240
808;0SV006034SAC;154;187;0.03387768
808;0SV006034SAC;155;187;0.01742630
808;0SV006034SAC;156;187;0.01047986
808;0SV006034SAC;157;187;0.00931383
808;0SV006034SAC;158;187;0.00788940
808;0SV006034SAC;159;187;0.00045512
808;0SV006034SAC;148;188;0.00001810
808;0SV006034SAC;149;188;0.00001565
808;0SV006034SAC;150;188;0.00493441
808;0SV006034SAC;151;188;0.00195371
808;0SV006034SAC;152;188;0.00232186
808;0SV006034SAC;153;188;0.00632484
808;0SV006034SAC;154;188;0.01602233
808;0SV006034SAC;155;188;0.01545602
808;0SV006034SAC;156;188;0.00448395
808;0SV006034SAC;157;188;0.00316291
808;0SV006034SAC;158;188;0.00162105
808;0SV006034SAC;159;188;0.00036696
808;0SV006034SAC;148;189;0.00000034
808;0SV006034SAC;150;189;0.00065257
808;0SV006034SAC;151;189;0.00005556
808;0SV006034SAC;152;189;0.00000017
808;SJV006020SJU;175;137;0.00009920
808;SJV006020SJU;176;137;0.00090446
808;SJV006020SJU;177;137;0.00090564
808;SJV006020SJU;178;137;0.00111300
808;SJV006020SJU;179;137;0.00111305
808;SJV006020SJU;180;137;0.00156505
808;SJV006020SJU;181;137;0.00515718
808;SJV006020SJU;182;137;0.00196209
808;SJV006020SJU;183;137;0.00009715
808;SJV006020SJU;184;137;0.01394445
808;SJV006020SJU;173;138;0.00355453
808;SJV006020SJU;174;138;0.00453948
808;SJV006020SJU;175;138;0.00288261
808;SJV006020SJU;176;138;0.00103439
808;SJV006020SJU;180;138;0.00096169
808;SJV006020SJU;181;138;0.00474461
808;SJV006020SJU;182;138;0.00013020
808;SJV006020SJU;183;138;0.05030710
808;SJV006020SJU;184;138;0.01690122
808;SJV006020SJU;185;138;0.01077396
808;SJV006020SJU;186;138;0.01053669
808;SJV006020SJU;187;138;0.00888993
808;SJV006020SJU;174;139;0.00136893
808;SJV006020SJU;176;139;0.00160191
808;SJV006020SJU;177;139;0.00203400
808;SJV006020SJU;178;139;0.00183994
808;SJV006020SJU;179;139;0.00194213
808;SJV006020SJU;180;139;0.00334243
808;SJV006020SJU;181;139;0.00766069
808;SJV006020SJU;182;139;0.04221614
808;SJV006020SJU;183;139;0.01576871
808;SJV006020SJU;184;139;0.00373768
808;SJV006020SJU;185;139;0.00604468
808;SJV006020SJU;186;139;0.00586269
808;SJV006020SJU;187;139;0.02637849
808;SJV006020SJU;174;140;0.00157250
808;SJV006020SJU;175;140;0.00035312
808;SJV006020SJU;176;140;0.00038900
808;SJV006020SJU;177;140;0.00090438
808;SJV006020SJU;178;140;0.00063222
808;SJV006020SJU;179;140;0.00123068
808;SJV006020SJU;180;140;0.00899070
808;SJV006020SJU;181;140;0.05825525
808;SJV006020SJU;182;140;0.02656219
808;SJV006020SJU;183;140;0.00001225
808;SJV006020SJU;185;140;0.00180457
808;SJV006020SJU;187;140;0.01242153
808;SJV006020SJU;174;141;0.00126127
808;SJV006020SJU;177;141;0.00077339
808;SJV006020SJU;178;141;0.00040342
808;SJV006020SJU;179;141;0.00046853
808;SJV006020SJU;180;141;0.03063796
808;SJV006020SJU;181;141;0.05507872
808;SJV006020SJU;182;141;0.01090156
808;SJV006020SJU;183;141;0.00349460
808;SJV006020SJU;184;141;0.00159856
808;SJV006020SJU;185;141;0.00262521
808;SJV006020SJU;186;141;0.00207125
808;SJV006020SJU;187;141;0.01214495
808;SJV006020SJU;188;141;0.00134388
808;SJV006020SJU;189;141;0.00006406
808;SJV006020SJU;172;142;0.00023097
808;SJV006020SJU;173;142;0.00024129
808;SJV006020SJU;174;142;0.00178482
808;SJV006020SJU;175;142;0.00109226
808;SJV006020SJU;176;142;0.00057766
808;SJV006020SJU;177;142;0.00153420
808;SJV006020SJU;178;142;0.00107275
808;SJV006020SJU;179;142;0.02015088
808;SJV006020SJU;180;142;0.02644702
808;SJV006020SJU;181;142;0.00442388
808;SJV006020SJU;182;142;0.00134687
808;SJV006020SJU;183;142;0.00441241
808;SJV006020SJU;184;142;0.00546167
808;SJV006020SJU;185;142;0.00545565
808;SJV006020SJU;186;142;0.00559983
808;SJV006020SJU;187;142;0.02010178
808;SJV006020SJU;188;142;0.00716086
808;SJV006020SJU;189;142;0.00017040
808;SJV006020SJU;172;143;0.00029040
808;SJV006020SJU;174;143;0.00090163
808;SJV006020SJU;175;143;0.00086413
808;SJV006020SJU;176;143;0.00065871
808;SJV006020SJU;177;143;0.00134498
808;SJV006020SJU;178;143;0.01775019
808;SJV006020SJU;179;143;0.02698998
808;SJV006020SJU;180;143;0.00059414
808;SJV006020SJU;181;143;0.00192448
808;SJV006020SJU;182;143;0.00102890
808;SJV006020SJU;183;143;0.00057648
808;SJV006020SJU;184;143;0.00052365
808;SJV006020SJU;187;143;0.01494173
808;SJV006020SJU;172;144;0.00854402
808;SJV006020SJU;173;144;0.00881542
808;SJV006020SJU;174;144;0.00955099
808;SJV006020SJU;175;144;0.00846407
808;SJV006020SJU;176;144;0.01074600
808;SJV006020SJU;177;144;0.01562777
808;SJV006020SJU;178;144;0.03153622
808;SJV006020SJU;179;144;0.00087896
808;SJV006020SJU;181;144;0.00076648
808;SJV006020SJU;183;144;0.00072782
808;SJV006020SJU;184;144;0.00042427
808;SJV006020SJU;185;144;0.00099067
808;SJV006020SJU;186;144;0.00014162
808;SJV006020SJU;187;144;0.00325927
808;SJV006020SJU;188;144;0.01263365
808;SJV006020SJU;174;145;0.00039150
808;SJV006020SJU;175;145;0.00036112
808;SJV006020SJU;176;145;0.01077978
808;SJV006020SJU;177;145;0.03087155
808;SJV006020SJU;178;145;0.00161682
808;SJV006020SJU;179;145;0.00118538
808;SJV006020SJU;180;145;0.00091450
808;SJV006020SJU;181;145;0.00104526
808;SJV006020SJU;182;145;0.00070068
808;SJV006020SJU;183;145;0.00051009
808;SJV006020SJU;184;145;0.00135024
808;SJV006020SJU;185;145;0.00095487
808;SJV006020SJU;186;145;0.00016189
808;SJV006020SJU;188;145;0.01505693
808;SJV006020SJU;189;145;0.00339891
808;SJV006020SJU;176;146;0.00393474
808;SJV006020SJU;178;146;0.00012200
808;SJV006020SJU;179;146;0.00012616
808;SJV006020SJU;184;146;0.00071692
808;SJV006020SJU;185;146;0.00002823
808;SJV006020SJU;186;146;0.00105234
808;SJV006020SJU;187;146;0.00067298
808;SJV006020SJU;188;146;0.01297063
808;SJV006020SJU;189;146;0.00059657
808;SJV006020SJU;190;146;0.00213759
808;SJV006020SJU;193;146;0.00057117
808;SJV006020SJU;184;147;0.00059886
808;SJV006020SJU;186;147;0.00033078
808;SJV006020SJU;187;147;0.00358085
808;SJV006020SJU;188;147;0.00790866
808;SJV006020SJU;189;147;0.00433477
808;SJV006020SJU;190;147;0.00038900
808;SJV006020SJU;191;147;0.00188225
808;SJV006020SJU;192;147;0.00191848
808;SJV006020SJU;193;147;0.00120157
808;SJV006020SJU;194;147;0.00005541
808;SJV006020SJU;184;148;0.00048797
808;SJV006020SJU;185;148;0.00032590
808;SJV006020SJU;186;148;0.00095331
808;SJV006020SJU;187;148;0.00232940
808;SJV006020SJU;188;148;0.00393892
808;SJV006020SJU;189;148;0.00842238
808;SJV006020SJU;192;148;0.00086617
808;SJV006020SJU;193;148;0.00248159
808;SJV006020SJU;183;149;0.00009018
808;SJV006020SJU;184;149;0.00015998
808;SJV006020SJU;185;149;0.00003634
808;SJV006020SJU;186;149;0.00007568
808;SJV006020SJU;187;149;0.00002233
808;SJV006020SJU;188;149;0.00106065
808;SJV006020SJU;189;149;0.01528031
808;SJV006020SJU;190;149;0.00499999
808;SJV006020SJU;191;149;0.00037206
808;SJV006020SJU;192;149;0.00026513
808;SJV006020SJU;193;149;0.00121315
808;SJV006020SJU;187;150;0.00053636
808;SJV006020SJU;190;150;0.01499633
808;SJV006020SJU;191;150;0.00111403
808;SJV006020SJU;192;150;0.00200580
808;SJV006020SJU;193;150;0.00039226
808;SJV006020SJU;187;151;0.00043092
808;SJV006020SJU;188;151;0.00282321
808;SJV006020SJU;189;151;0.00536344
808;SJV006020SJU;190;151;0.01278214
808;SJV006020SJU;191;151;0.00235070
808;SJV006020SJU;192;151;0.00043316
808;SJV006020SJU;188;152;0.00274348
808;SJV006020SJU;190;152;0.00386718
808;SJV006020SJU;188;153;0.00100412
808;SJV006020SJU;190;153;0.00312262
808;SJV006020SJU;190;154;0.00154971
808;0SV0060580FR;150;195;0.01530221
808;0SV0060580FR;149;196;0.00311574
808;0SV0060580FR;150;196;0.03423491
808;0SV0060580FR;151;196;0.00417123
808;0SV0060580FR;152;196;0.04910131
808;0SV0060580FR;153;196;0.00175758
808;0SV0060580FR;149;197;0.00595174
808;0SV0060580FR;150;197;0.04659552
808;0SV0060580FR;151;197;0.04686924
808;0SV0060580FR;152;197;0.00180604
808;0SV0060580FR;153;197;0.00889767
808;0SV0060580FR;154;197;0.00295113
808;0SV0060580FR;149;198;0.01565070
808;0SV0060580FR;150;198;0.08644682
808;0SV0060580FR;151;198;0.00143720
808;0SV0060580FR;152;198;0.00076386
808;0SV0060580FR;153;198;0.00009964
808;0SV0060580FR;154;198;0.00756263
808;0SV0060580FR;149;199;0.15593950
808;0SV0060580FR;150;199;0.04788819
808;0SV0060580FR;151;199;0.01037117
808;0SV0060580FR;152;199;0.00813039
808;0SV0060580FR;154;199;0.00759230
808;0SV0060580FR;148;200;0.03016931
808;0SV0060580FR;149;200;0.13321741
808;0SV0060580FR;150;200;0.00430094
808;0SV0060580FR;151;200;0.00885525
808;0SV0060580FR;152;200;0.00894943
808;0SV0060580FR;153;200;0.00027759
808;0SV0060580FR;154;200;0.00431248
808;0SV0060580FR;149;201;0.02369246
808;0SV0060580FR;150;201;0.02240636
808;0SV0060580FR;153;201;0.00812714
808;0SV0060580FR;154;201;0.00810326
808;0SV0060580FR;155;201;0.01025938
808;0SV0060580FR;148;202;0.01275301
808;0SV0060580FR;149;202;0.00884097
808;0SV0060580FR;150;202;0.01029535
808;0SV0060580FR;151;202;0.01040033
808;0SV0060580FR;152;202;0.00617691
808;0SV0060580FR;153;202;0.00282455
808;0SV0060580FR;154;202;0.00226946
808;0SV0060580FR;149;203;0.02147093
808;0SV0060580FR;150;203;0.00150861
808;0SV0060580FR;151;203;0.00915204
808;0SV0060580FR;152;203;0.00598288
808;0SV0060580FR;153;203;0.00758700
808;0SV0060580FR;149;204;0.01276992
808;0SV0060580FR;150;204;0.00045380
808;0SV0060580FR;151;204;0.00313383
808;0SV0060580FR;152;204;0.00692412
808;0SV0060580FR;153;204;0.01083457
808;0SV0060580FR;154;204;0.00297179
808;0SV0060580FR;151;205;0.00054150
808;0SV0060580FR;152;205;0.00046656
808;0SV0060580FR;153;205;0.00195600
808;0SV0060580FR;154;205;0.01027129
808;0SV0060580FR;155;205;0.00217797
808;0SV0060580FR;156;205;0.00037905
808;0SV0060580FR;157;205;0.00034643
808;0SV0060580FR;158;205;0.00020399
808;0SV0060580FR;154;206;0.00736877
808;0SV0060580FR;155;206;0.00038890
808;0SV0060580FR;156;206;0.00215423
808;0SV0060580FR;157;206;0.00305097
808;0SV0060580FR;158;206;0.00370421
808;0SV0060580FR;155;207;0.00225403
808;0SV0060580FR;158;207;0.00095847
808;0SV0060580FR;159;207;0.00077325
808;0SV0060580FR;159;208;0.00003244
808;0SV0060580FR;160;208;0.00088506
808;0SV0060580FR;160;209;0.00042912
808;SJV006054SJU;194;109;0.00011178
808;SJV006054SJU;196;109;0.00002360
808;SJV006054SJU;197;109;0.00019836
808;SJV006054SJU;198;109;0.00013735
808;SJV006054SJU;199;109;0.00668143
808;SJV006054SJU;200;109;0.00051042
808;SJV006054SJU;201;109;0.00050804
808;SJV006054SJU;202;109;0.00133414
808;SJV006054SJU;203;109;0.00142918
808;SJV006054SJU;208;109;0.00003616
808;SJV006054SJU;209;109;0.00047076
808;SJV006054SJU;194;110;0.00015108
808;SJV006054SJU;196;110;0.00036768
808;SJV006054SJU;197;110;0.00058383
808;SJV006054SJU;198;110;0.00067613
808;SJV006054SJU;199;110;0.01185816
808;SJV006054SJU;200;110;0.00104620
808;SJV006054SJU;201;110;0.00125762
808;SJV006054SJU;202;110;0.00152305
808;SJV006054SJU;203;110;0.00339986
808;SJV006054SJU;208;110;0.00027380
808;SJV006054SJU;209;110;0.00016669
808;SJV006054SJU;193;111;0.00020473
808;SJV006054SJU;194;111;0.00068549
808;SJV006054SJU;195;111;0.00018197
808;SJV006054SJU;196;111;0.00043212
808;SJV006054SJU;198;111;0.00007362
808;SJV006054SJU;199;111;0.01166277
808;SJV006054SJU;200;111;0.00037926
808;SJV006054SJU;201;111;0.00053757
808;SJV006054SJU;202;111;0.00039539
808;SJV006054SJU;203;111;0.00347876
808;SJV006054SJU;207;111;0.00043238
808;SJV006054SJU;208;111;0.00017596
808;SJV006054SJU;209;111;0.00046302
808;SJV006054SJU;210;111;0.00055433
808;SJV006054SJU;211;111;0.00055467
808;SJV006054SJU;193;112;0.00001382
808;SJV006054SJU;194;112;0.00011964
808;SJV006054SJU;195;112;0.00107695
808;SJV006054SJU;196;112;0.00100299
808;SJV006054SJU;197;112;0.00102864
808;SJV006054SJU;198;112;0.01316640
808;SJV006054SJU;199;112;0.00343761
808;SJV006054SJU;200;112;0.00088917
808;SJV006054SJU;201;112;0.00127039
808;SJV006054SJU;202;112;0.00106320
808;SJV006054SJU;203;112;0.00421601
808;SJV006054SJU;204;112;0.00140079
808;SJV006054SJU;205;112;0.00058200
808;SJV006054SJU;206;112;0.00065150
808;SJV006054SJU;207;112;0.00047098
808;SJV006054SJU;208;112;0.00032838
808;SJV006054SJU;209;112;0.00027331
808;SJV006054SJU;210;112;0.00055214
808;SJV006054SJU;211;112;0.00056293
808;SJV006054SJU;193;113;0.00001687
808;SJV006054SJU;194;113;0.00015300
808;SJV006054SJU;195;113;0.00034379
808;SJV006054SJU;196;113;0.00000325
808;SJV006054SJU;198;113;0.01451438
808;SJV006054SJU;199;113;0.00006536
808;SJV006054SJU;201;113;0.00042809
808;SJV006054SJU;202;113;0.00022072
808;SJV006054SJU;203;113;0.00346899
808;SJV006054SJU;204;113;0.00084120
808;SJV006054SJU;206;113;0.00015166
808;SJV006054SJU;208;113;0.00036364
808;SJV006054SJU;209;113;0.00042891
808;SJV006054SJU;194;114;0.00051995
808;SJV006054SJU;196;114;0.00000282
808;SJV006054SJU;197;114;0.00016752
808;SJV006054SJU;198;114;0.01587638
808;SJV006054SJU;199;114;0.00090961
808;SJV006054SJU;200;114;0.00070097
808;SJV006054SJU;201;114;0.00114461
808;SJV006054SJU;202;114;0.00109356
808;SJV006054SJU;203;114;0.00494415
808;SJV006054SJU;204;114;0.00186701
808;SJV006054SJU;205;114;0.00066071
808;SJV006054SJU;206;114;0.00002907
808;SJV006054SJU;207;114;0.00055284
808;SJV006054SJU;208;114;0.00025223
808;SJV006054SJU;193;115;0.00021508
808;SJV006054SJU;194;115;0.00046519
808;SJV006054SJU;195;115;0.00031543
808;SJV006054SJU;196;115;0.00065177
808;SJV006054SJU;197;115;0.00095032
808;SJV006054SJU;198;115;0.01596481
808;SJV006054SJU;199;115;0.00130163
808;SJV006054SJU;200;115;0.00094839
808;SJV006054SJU;201;115;0.00130048
808;SJV006054SJU;202;115;0.00188286
808;SJV006054SJU;203;115;0.00084003
808;SJV006054SJU;204;115;0.00670280
808;SJV006054SJU;205;115;0.00026080
808;SJV006054SJU;206;115;0.00074207
808;SJV006054SJU;207;115;0.00042569
808;SJV006054SJU;208;115;0.00072086
808;SJV006054SJU;209;115;0.00039960
808;SJV006054SJU;193;116;0.00155503
808;SJV006054SJU;194;116;0.00119293
808;SJV006054SJU;195;116;0.00134593
808;SJV006054SJU;196;116;0.00136095
808;SJV006054SJU;197;116;0.00234513
808;SJV006054SJU;198;116;0.01924292
808;SJV006054SJU;199;116;0.00316477
808;SJV006054SJU;200;116;0.00293948
808;SJV006054SJU;201;116;0.00331469
808;SJV006054SJU;202;116;0.00325672
808;SJV006054SJU;203;116;0.00565537
808;SJV006054SJU;204;116;0.01908131
808;SJV006054SJU;205;116;0.00458610
808;SJV006054SJU;206;116;0.00346877
808;SJV006054SJU;207;116;0.00039793
808;SJV006054SJU;208;116;0.00024105
808;SJV006054SJU;193;117;0.00016494
808;SJV006054SJU;197;117;0.01416025
808;SJV006054SJU;198;117;0.00295812
808;SJV006054SJU;199;117;0.00050948
808;SJV006054SJU;200;117;0.00039163
808;SJV006054SJU;201;117;0.00099592
808;SJV006054SJU;202;117;0.00080142
808;SJV006054SJU;203;117;0.00444652
808;SJV006054SJU;204;117;0.01709449
808;SJV006054SJU;205;117;0.00079788
808;SJV006054SJU;206;117;0.00009544
808;SJV006054SJU;207;117;0.00194122
808;SJV006054SJU;208;117;0.00034816
808;SJV006054SJU;193;118;0.00097280
808;SJV006054SJU;194;118;0.00088486
808;SJV006054SJU;195;118;0.00133719
808;SJV006054SJU;196;118;0.00144330
808;SJV006054SJU;197;118;0.01941366
808;SJV006054SJU;198;118;0.00065823
808;SJV006054SJU;199;118;0.00082386
808;SJV006054SJU;201;118;0.00081438
808;SJV006054SJU;202;118;0.00006290
808;SJV006054SJU;203;118;0.01335037
808;SJV006054SJU;204;118;0.00041592
808;SJV006054SJU;205;118;0.00026802
808;SJV006054SJU;206;118;0.00033425
808;SJV006054SJU;207;118;0.00038708
808;SJV006054SJU;208;118;0.00037455
808;SJV006054SJU;209;118;0.00031283
808;SJV006054SJU;193;119;0.00005971
808;SJV006054SJU;194;119;0.00037066
808;SJV006054SJU;196;119;0.00004668
808;SJV006054SJU;197;119;0.02025828
808;SJV006054SJU;198;119;0.00049650
808;SJV006054SJU;199;119;0.00134060
808;SJV006054SJU;200;119;0.00071314
808;SJV006054SJU;201;119;0.00139618
808;SJV006054SJU;202;119;0.00200790
808;SJV006054SJU;203;119;0.01186664
808;SJV006054SJU;204;119;0.00052225
808;SJV006054SJU;205;119;0.00029980
808;SJV006054SJU;206;119;0.00000558
808;SJV006054SJU;209;119;0.00024396
808;SJV006054SJU;210;119;0.00002006
808;SJV006054SJU;193;120;0.00036789
808;SJV006054SJU;194;120;0.00184001
808;SJV006054SJU;195;120;0.00196133
808;SJV006054SJU;196;120;0.00259464
808;SJV006054SJU;197;120;0.03230558
808;SJV006054SJU;198;120;0.00693458
808;SJV006054SJU;199;120;0.00587948
808;SJV006054SJU;200;120;0.00481983
808;SJV006054SJU;201;120;0.00737221
808;SJV006054SJU;202;120;0.01569668
808;SJV006054SJU;203;120;0.00157655
808;SJV006054SJU;204;120;0.00009521
808;SJV006054SJU;209;120;0.00016695
808;SJV006054SJU;195;121;0.00082360
808;SJV006054SJU;196;121;0.00286298
808;SJV006054SJU;197;121;0.03145606
808;SJV006054SJU;198;121;0.00811634
808;SJV006054SJU;199;121;0.00278869
808;SJV006054SJU;200;121;0.00194421
808;SJV006054SJU;201;121;0.00426606
808;SJV006054SJU;202;121;0.00435143
808;SJV006054SJU;203;121;0.00023496
808;SJV006054SJU;206;121;0.00000224
808;SJV006054SJU;207;121;0.00016116
808;SJV006054SJU;208;121;0.00012177
808;SJV006054SJU;209;121;0.00002142
808;SJV006054SJU;193;122;0.00035480
808;SJV006054SJU;194;122;0.00015956
808;SJV006054SJU;195;122;0.00133640
808;SJV006054SJU;196;122;0.02205645
808;SJV006054SJU;197;122;0.00934334
808;SJV006054SJU;198;122;0.00783314
808;SJV006054SJU;199;122;0.00378085
808;SJV006054SJU;200;122;0.00063992
808;SJV006054SJU;201;122;0.00484310
808;SJV006054SJU;202;122;0.00302807
808;SJV006054SJU;203;122;0.00007774
808;SJV006054SJU;204;122;0.00009505
808;SJV006054SJU;205;122;0.00011123
808;SJV006054SJU;206;122;0.00010996
808;SJV006054SJU;194;123;0.00266761
808;SJV006054SJU;195;123;0.01075634
808;SJV006054SJU;196;123;0.03396979
808;SJV006054SJU;197;123;0.03958911
808;SJV006054SJU;198;123;0.03255541
808;SJV006054SJU;199;123;0.02285074
808;SJV006054SJU;200;123;0.01653403
808;SJV006054SJU;201;123;0.01766635
808;SJV006054SJU;202;123;0.00577506
808;SJV006054SJU;203;123;0.00042921
808;SJV006054SJU;194;124;0.00042572
808;SJV006054SJU;195;124;0.02070275
808;SJV006054SJU;196;124;0.00855663
808;SJV006054SJU;197;124;0.00936461
808;SJV006054SJU;198;124;0.01261753
808;SJV006054SJU;199;124;0.00330907
808;SJV006054SJU;200;124;0.00208368
808;SJV006054SJU;201;124;0.00223578
808;SJV006054SJU;202;124;0.00120647
808;SJV006054SJU;203;124;0.00215249
808;SJV006054SJU;204;124;0.00014863
808;SJV006054SJU;194;125;0.00647582
808;SJV006054SJU;195;125;0.01093163
808;SJV006054SJU;196;125;0.00478839
808;SJV006054SJU;197;125;0.00144479
808;SJV006054SJU;198;125;0.00572056
808;SJV006054SJU;199;125;0.00287790
808;SJV006054SJU;200;125;0.00239761
808;SJV006054SJU;201;125;0.00243622
808;SJV006054SJU;202;125;0.00143833
808;SJV006054SJU;203;125;0.00004978
808;SJV006054SJU;204;125;0.00167238
808;SJV006054SJU;205;125;0.00227758
808;SJV006054SJU;207;125;0.00031941
808;SJV006054SJU;208;125;0.00024269
808;SJV006054SJU;194;126;0.01760900
808;SJV006054SJU;196;126;0.00429615
808;SJV006054SJU;197;126;0.00056283
808;SJV006054SJU;198;126;0.00465749
808;SJV006054SJU;199;126;0.00102628
808;SJV006054SJU;200;126;0.00035761
808;SJV006054SJU;201;126;0.00090345
808;SJV006054SJU;202;126;0.00321935
808;SJV006054SJU;203;126;0.00067324
808;SJV006054SJU;204;126;0.00129133
808;SJV006054SJU;205;126;0.00032110
808;SJV006054SJU;206;126;0.00227733
808;SJV006054SJU;207;126;0.00033174
808;SJV006054SJU;193;127;0.00678286
808;SJV006054SJU;194;127;0.01187724
808;SJV006054SJU;195;127;0.00032308
808;SJV006054SJU;196;127;0.00458145
808;SJV006054SJU;197;127;0.00068684
808;SJV006054SJU;198;127;0.00436278
808;SJV006054SJU;199;127;0.00030201
808;SJV006054SJU;200;127;0.00027549
808;SJV006054SJU;201;127;0.00050989
808;SJV006054SJU;202;127;0.00093141
808;SJV006054SJU;204;127;0.00020009
808;SJV006054SJU;206;127;0.00053629
808;SJV006054SJU;207;127;0.00058733
808;SJV006054SJU;192;128;0.00238895
808;SJV006054SJU;193;128;0.00990317
808;SJV006054SJU;194;128;0.00555622
808;SJV006054SJU;195;128;0.00157941
808;SJV006054SJU;196;128;0.00549903
808;SJV006054SJU;197;128;0.00054532
808;SJV006054SJU;198;128;0.00442286
808;SJV006054SJU;199;128;0.00157545
808;SJV006054SJU;200;128;0.00093409
808;SJV006054SJU;201;128;0.00054225
808;SJV006054SJU;202;128;0.00007956
808;SJV006054SJU;204;128;0.00019901
808;SJV006054SJU;207;128;0.00002246
808;SJV006054SJU;208;128;0.00022609
808;SJV006054SJU;193;129;0.00101167
808;SJV006054SJU;194;129;0.00583475
808;SJV006054SJU;195;129;0.00518410
808;SJV006054SJU;196;129;0.01002503
808;SJV006054SJU;197;129;0.00388148
808;SJV006054SJU;198;129;0.00692275
808;SJV006054SJU;199;129;0.00100515
808;SJV006054SJU;200;129;0.00018297
808;SJV006054SJU;201;129;0.00008028
808;SJV006054SJU;202;129;0.00001357
808;SJV006054SJU;204;129;0.00022392
808;SJV006054SJU;194;130;0.00064038
808;SJV006054SJU;195;130;0.00110776
808;SJV006054SJU;196;130;0.00437421
808;SJV006054SJU;197;130;0.00162900
808;SJV006054SJU;198;130;0.00165494
808;SJV006054SJU;199;130;0.00000082
808;SJV006054SJU;200;130;0.00026753
808;SJV006054SJU;201;130;0.00051713
808;SJV006054SJU;202;130;0.00004701
808;SJV006054SJU;204;130;0.00024985
808;SJV006054SJU;198;131;0.00088722
808;SJV006054SJU;202;131;0.00045630
808;SJV006054SJU;203;131;0.00043023
808;SJV006054SJU;204;131;0.00035063
808;SJV006054SJU;198;132;0.00025602
808;SJV006054SJU;204;132;0.00037622
808;0SD0060370SD;250;21;0.00000133
808;0SD0060370SD;251;21;0.00000227
808;0SD0060370SD;252;21;0.00001913
808;0SD0060370SD;250;22;0.00078319
808;0SD0060370SD;251;22;0.00557191
808;0SD0060370SD;252;22;0.00663008
808;0SD0060370SD;253;22;0.00331571
808;0SD0060370SD;254;22;0.00284799
808;0SD0060370SD;255;22;0.00028240
808;0SD0060370SD;249;23;0.00016574
808;0SD0060370SD;250;23;0.00342005
808;0SD0060370SD;251;23;0.00637598
808;0SD0060370SD;252;23;0.00800118
808;0SD0060370SD;253;23;0.00251967
808;0SD0060370SD;254;23;0.00020473
808;0SD0060370SD;255;23;0.00000004
808;0SD0060370SD;260;23;0.00027999
808;0SD0060370SD;261;23;0.00032385
808;0SD0060370SD;263;23;0.00002815
808;0SD0060370SD;264;23;0.00003777
808;0SD0060370SD;249;24;0.00071540
808;0SD0060370SD;250;24;0.00795095
808;0SD0060370SD;251;24;0.00942433
808;0SD0060370SD;252;24;0.00680098
808;0SD0060370SD;253;24;0.00579903
808;0SD0060370SD;254;24;0.00129927
808;0SD0060370SD;255;24;0.00027950
808;0SD0060370SD;256;24;0.00002297
808;0SD0060370SD;258;24;0.00046239
808;0SD0060370SD;259;24;0.00041384
808;0SD0060370SD;260;24;0.00011640
808;0SD0060370SD;261;24;0.00009014
808;0SD0060370SD;262;24;0.00009063
808;0SD0060370SD;263;24;0.00003534
808;0SD0060370SD;264;24;0.00004465
808;0SD0060370SD;265;24;0.00004537
808;0SD0060370SD;267;24;0.00000051
808;0SD0060370SD;268;24;0.00000044
808;0SD0060370SD;271;24;0.00003189
808;0SD0060370SD;247;25;0.00000343
808;0SD0060370SD;248;25;0.00065165
808;0SD0060370SD;249;25;0.00257830
808;0SD0060370SD;250;25;0.01392947
808;0SD0060370SD;251;25;0.01256214
808;0SD0060370SD;252;25;0.00561958
808;0SD0060370SD;253;25;0.00283886
808;0SD0060370SD;254;25;0.00037389
808;0SD0060370SD;256;25;0.00048487
808;0SD0060370SD;257;25;0.00064440
808;0SD0060370SD;258;25;0.00016854
808;0SD0060370SD;259;25;0.00004379
808;0SD0060370SD;264;25;0.00008036
808;0SD0060370SD;265;25;0.00004588
808;0SD0060370SD;266;25;0.00007208
808;0SD0060370SD;267;25;0.00005446
808;0SD0060370SD;268;25;0.00002440
808;0SD0060370SD;270;25;0.00004233
808;0SD0060370SD;271;25;0.00022154
808;0SD0060370SD;272;25;0.00036781
808;0SD0060370SD;273;25;0.00026821
808;0SD0060370SD;246;26;0.00000139
808;0SD0060370SD;247;26;0.00125886
808;0SD0060370SD;248;26;0.00264540
808;0SD0060370SD;249;26;0.02078605
808;0SD0060370SD;250;26;0.02243979
808;0SD0060370SD;251;26;0.00490565
808;0SD0060370SD;252;26;0.00675330
808;0SD0060370SD;253;26;0.00059547
808;0SD0060370SD;254;26;0.00000339
808;0SD0060370SD;255;26;0.00021993
808;0SD0060370SD;256;26;0.00032465
808;0SD0060370SD;257;26;0.00000812
808;0SD0060370SD;258;26;0.00004205
808;0SD0060370SD;259;26;0.00002085
808;0SD0060370SD;264;26;0.00014193
808;0SD0060370SD;266;26;0.00000586
808;0SD0060370SD;267;26;0.00000135
808;0SD0060370SD;268;26;0.00021511
808;0SD0060370SD;269;26;0.00047963
808;0SD0060370SD;270;26;0.00037804
808;0SD0060370SD;271;26;0.00019670
808;0SD0060370SD;273;26;0.00014727
808;0SD0060370SD;247;27;0.00648362
808;0SD0060370SD;248;27;0.01909202
808;0SD0060370SD;249;27;0.01366420
808;0SD0060370SD;250;27;0.01620934
808;0SD0060370SD;251;27;0.00870031
808;0SD0060370SD;252;27;0.01166208
808;0SD0060370SD;253;27;0.00401923
808;0SD0060370SD;254;27;0.00243335
808;0SD0060370SD;255;27;0.00083972
808;0SD0060370SD;256;27;0.00024412
808;0SD0060370SD;257;27;0.00016169
808;0SD0060370SD;258;27;0.00003585
808;0SD0060370SD;259;27;0.00001188
808;0SD0060370SD;260;27;0.00001339
808;0SD0060370SD;264;27;0.00029258
808;0SD0060370SD;265;27;0.00047236
808;0SD0060370SD;266;27;0.00042264
808;0SD0060370SD;267;27;0.00045019
808;0SD0060370SD;268;27;0.00029730
808;0SD0060370SD;269;27;0.00000358
808;0SD0060370SD;270;27;0.00000319
808;0SD0060370SD;246;28;0.00020903
808;0SD0060370SD;247;28;0.00420357
808;0SD0060370SD;248;28;0.00886956
808;0SD0060370SD;249;28;0.02528300
808;0SD0060370SD;250;28;0.02149024
808;0SD0060370SD;251;28;0.01025529
808;0SD0060370SD;252;28;0.01424939
808;0SD0060370SD;253;28;0.00754901
808;0SD0060370SD;254;28;0.00226914
808;0SD0060370SD;255;28;0.00055591
808;0SD0060370SD;256;28;0.00022359
808;0SD0060370SD;257;28;0.00000897
808;0SD0060370SD;258;28;0.00002471
808;0SD0060370SD;259;28;0.00002964
808;0SD0060370SD;260;28;0.00001907
808;0SD0060370SD;262;28;0.00000054
808;0SD0060370SD;264;28;0.00060592
808;0SD0060370SD;265;28;0.00000878
808;0SD0060370SD;269;28;0.00000414
808;0SD0060370SD;246;29;0.00136262
808;0SD0060370SD;247;29;0.01153566
808;0SD0060370SD;248;29;0.00678945
808;0SD0060370SD;249;29;0.01807464
808;0SD0060370SD;250;29;0.01012485
808;0SD0060370SD;251;29;0.00155468
808;0SD0060370SD;252;29;0.00396076
808;0SD0060370SD;253;29;0.01008568
808;0SD0060370SD;254;29;0.00687930
808;0SD0060370SD;255;29;0.00079937
808;0SD0060370SD;256;29;0.00030433
808;0SD0060370SD;257;29;0.00016576
808;0SD0060370SD;258;29;0.00007501
808;0SD0060370SD;259;29;0.00001261
808;0SD0060370SD;260;29;0.00001379
808;0SD0060370SD;261;29;0.00002457
808;0SD0060370SD;262;29;0.00000048
808;0SD0060370SD;263;29;0.00006004
808;0SD0060370SD;264;29;0.00065912
808;0SD0060370SD;265;29;0.00000215
808;0SD0060370SD;269;29;0.00000043
808;0SD0060370SD;273;29;0.00000004
808;0SD0060370SD;246;30;0.00155572
808;0SD0060370SD;247;30;0.01321670
808;0SD0060370SD;248;30;0.01518948
808;0SD0060370SD;249;30;0.00803173
808;0SD0060370SD;250;30;0.01514983
808;0SD0060370SD;251;30;0.00455451
808;0SD0060370SD;252;30;0.00649385
808;0SD0060370SD;253;30;0.00641954
808;0SD0060370SD;254;30;0.00354503
808;0SD0060370SD;255;30;0.00323575
808;0SD0060370SD;256;30;0.00210519
808;0SD0060370SD;257;30;0.00226747
808;0SD0060370SD;258;30;0.00124512
808;0SD0060370SD;259;30;0.00102299
808;0SD0060370SD;260;30;0.00089237
808;0SD0060370SD;261;30;0.00105116
808;0SD0060370SD;262;30;0.00068686
808;0SD0060370SD;263;30;0.00066062
808;0SD0060370SD;264;30;0.00003460
808;0SD0060370SD;265;30;0.00000618
808;0SD0060370SD;271;30;0.00000012
808;0SD0060370SD;272;30;0.00000020
808;0SD0060370SD;273;30;0.00000008
808;0SD0060370SD;247;31;0.01577744
808;0SD0060370SD;248;31;0.00880702
808;0SD0060370SD;249;31;0.00506443
808;0SD0060370SD;250;31;0.01381014
808;0SD0060370SD;251;31;0.00001210
808;0SD0060370SD;253;31;0.00010017
808;0SD0060370SD;254;31;0.00194498
808;0SD0060370SD;255;31;0.00047858
808;0SD0060370SD;256;31;0.00003390
808;0SD0060370SD;259;31;0.00000013
808;0SD0060370SD;260;31;0.00000656
808;0SD0060370SD;261;31;0.00003373
808;0SD0060370SD;262;31;0.00021454
808;0SD0060370SD;263;31;0.00000021
808;0SD0060370SD;264;31;0.00001049
808;0SD0060370SD;265;31;0.00002407
808;0SD0060370SD;266;31;0.00001621
808;0SD0060370SD;270;31;0.00000006
808;0SD0060370SD;271;31;0.00000015
808;0SD0060370SD;246;32;0.00148191
808;0SD0060370SD;247;32;0.01572625
808;0SD0060370SD;248;32;0.00134611
808;0SD0060370SD;249;32;0.00488516
808;0SD0060370SD;250;32;0.01320135
808;0SD0060370SD;251;32;0.00288245
808;0SD0060370SD;252;32;0.00045531
808;0SD0060370SD;253;32;0.00114020
808;0SD0060370SD;254;32;0.00023457
808;0SD0060370SD;255;32;0.00069479
808;0SD0060370SD;260;32;0.00000713
808;0SD0060370SD;261;32;0.00000090
808;0SD0060370SD;262;32;0.00015113
808;0SD0060370SD;264;32;0.00000131
808;0SD0060370SD;265;32;0.00000997
808;0SD0060370SD;270;32;0.00000022
808;0SD0060370SD;246;33;0.00779862
808;0SD0060370SD;247;33;0.00495393
808;0SD0060370SD;248;33;0.00466271
808;0SD0060370SD;249;33;0.00605393
808;0SD0060370SD;250;33;0.01488697
808;0SD0060370SD;251;33;0.00397460
808;0SD0060370SD;252;33;0.00185089
808;0SD0060370SD;253;33;0.00145840
808;0SD0060370SD;255;33;0.00016134
808;0SD0060370SD;256;33;0.00047157
808;0SD0060370SD;257;33;0.00000095
808;0SD0060370SD;260;33;0.00000099
808;0SD0060370SD;261;33;0.00000021
808;0SD0060370SD;262;33;0.00016373
808;0SD0060370SD;263;33;0.00000090
808;0SD0060370SD;264;33;0.00000726
808;0SD0060370SD;269;33;0.00000021
808;0SD0060370SD;270;33;0.00000007
808;0SD0060370SD;245;34;0.00000545
808;0SD0060370SD;246;34;0.01020725
808;0SD0060370SD;247;34;0.00174697
808;0SD0060370SD;248;34;0.00155787
808;0SD0060370SD;249;34;0.00185071
808;0SD0060370SD;250;34;0.01306352
808;0SD0060370SD;251;34;0.00164999
808;0SD0060370SD;252;34;0.00063049
808;0SD0060370SD;253;34;0.00144524
808;0SD0060370SD;254;34;0.00057117
808;0SD0060370SD;255;34;0.00028118
808;0SD0060370SD;256;34;0.00090481
808;0SD0060370SD;257;34;0.00012088
808;0SD0060370SD;258;34;0.00000167
808;0SD0060370SD;260;34;0.00000186
808;0SD0060370SD;261;34;0.00000087
808;0SD0060370SD;262;34;0.00019900
808;0SD0060370SD;263;34;0.00000791
808;0SD0060370SD;265;34;0.00000585
808;0SD0060370SD;266;34;0.00000019
808;0SD0060370SD;267;34;0.00000017
808;0SD0060370SD;268;34;0.00000021
808;0SD0060370SD;269;34;0.00000002
808;0SD0060370SD;245;35;0.00476035
808;0SD0060370SD;246;35;0.00641066
808;0SD0060370SD;247;35;0.00154219
808;0SD0060370SD;248;35;0.00095097
808;0SD0060370SD;249;35;0.00132662
808;0SD0060370SD;250;35;0.01093422
808;0SD0060370SD;251;35;0.00161139
808;0SD0060370SD;252;35;0.00002813
808;0SD0060370SD;253;35;0.00036345
808;0SD0060370SD;254;35;0.00054660
808;0SD0060370SD;255;35;0.00124527
808;0SD0060370SD;256;35;0.00037327
808;0SD0060370SD;257;35;0.00006535
808;0SD0060370SD;260;35;0.00001095
808;0SD0060370SD;261;35;0.00001483
808;0SD0060370SD;262;35;0.00014397
808;0SD0060370SD;263;35;0.00000018
808;0SD0060370SD;265;35;0.00002047
808;0SD0060370SD;266;35;0.00000050
808;0SD0060370SD;245;36;0.00845562
808;0SD0060370SD;246;36;0.00372087
808;0SD0060370SD;247;36;0.00134008
808;0SD0060370SD;248;36;0.00040177
808;0SD0060370SD;249;36;0.00093041
808;0SD0060370SD;250;36;0.01053016
808;0SD0060370SD;251;36;0.00140377
808;0SD0060370SD;252;36;0.00073948
808;0SD0060370SD;253;36;0.00012189
808;0SD0060370SD;254;36;0.00037852
808;0SD0060370SD;255;36;0.00070242
808;0SD0060370SD;256;36;0.00049378
808;0SD0060370SD;257;36;0.00020035
808;0SD0060370SD;258;36;0.00026183
808;0SD0060370SD;259;36;0.00000001
808;0SD0060370SD;260;36;0.00000593
808;0SD0060370SD;261;36;0.00007619
808;0SD0060370SD;262;36;0.00021630
808;0SD0060370SD;265;36;0.00001611
808;0SD0060370SD;266;36;0.00000940
808;0SD0060370SD;244;37;0.00240717
808;0SD0060370SD;245;37;0.00840305
808;0SD0060370SD;246;37;0.00452571
808;0SD0060370SD;247;37;0.00341396
808;0SD0060370SD;248;37;0.00144485
808;0SD0060370SD;249;37;0.00243936
808;0SD0060370SD;250;37;0.01350079
808;0SD0060370SD;251;37;0.00207995
808;0SD0060370SD;252;37;0.00084175
808;0SD0060370SD;253;37;0.00057096
808;0SD0060370SD;254;37;0.00036106
808;0SD0060370SD;255;37;0.00001522
808;0SD0060370SD;256;37;0.00000342
808;0SD0060370SD;257;37;0.00009646
808;0SD0060370SD;258;37;0.00000327
808;0SD0060370SD;259;37;0.00030280
808;0SD0060370SD;260;37;0.00041311
808;0SD0060370SD;261;37;0.00040861
808;0SD0060370SD;262;37;0.00018004
808;0SD0060370SD;263;37;0.00016142
808;0SD0060370SD;264;37;0.00015433
808;0SD0060370SD;265;37;0.00004711
808;0SD0060370SD;244;38;0.00852748
808;0SD0060370SD;245;38;0.00401683
808;0SD0060370SD;246;38;0.00347072
808;0SD0060370SD;247;38;0.00765329
808;0SD0060370SD;248;38;0.00918618
808;0SD0060370SD;249;38;0.00818673
808;0SD0060370SD;250;38;0.01002591
808;0SD0060370SD;251;38;0.00254450
808;0SD0060370SD;252;38;0.00000274
808;0SD0060370SD;256;38;0.00000125
808;0SD0060370SD;257;38;0.00000506
808;0SD0060370SD;259;38;0.00015449
808;0SD0060370SD;263;38;0.00000465
808;0SD0060370SD;264;38;0.00000139
808;0SD0060370SD;265;38;0.00015121
808;0SD0060370SD;266;38;0.00007321
808;0SD0060370SD;267;38;0.00003194
808;0SD0060370SD;268;38;0.00001956
808;0SD0060370SD;243;39;0.00510230
808;0SD0060370SD;244;39;0.01014990
808;0SD0060370SD;245;39;0.00752101
808;0SD0060370SD;246;39;0.00805452
808;0SD0060370SD;247;39;0.00472411
808;0SD0060370SD;248;39;0.00123025
808;0SD0060370SD;249;39;0.00643534
808;0SD0060370SD;250;39;0.00024060
808;0SD0060370SD;251;39;0.00103443
808;0SD0060370SD;252;39;0.00063180
808;0SD0060370SD;253;39;0.00011119
808;0SD0060370SD;257;39;0.00000089
808;0SD0060370SD;258;39;0.00000196
808;0SD0060370SD;259;39;0.00017681
808;0SD0060370SD;262;39;0.00000511
808;0SD0060370SD;263;39;0.00000020
808;0SD0060370SD;266;39;0.00003218
808;0SD0060370SD;267;39;0.00007108
808;0SD0060370SD;268;39;0.00003570
808;0SD0060370SD;269;39;0.00007165
808;0SD0060370SD;270;39;0.00006932
808;0SD0060370SD;271;39;0.00006938
808;0SD0060370SD;272;39;0.00005294
808;0SD0060370SD;273;39;0.00001532
808;0SD0060370SD;242;40;0.00177092
808;0SD0060370SD;243;40;0.00499471
808;0SD0060370SD;244;40;0.00318556
808;0SD0060370SD;245;40;0.00349979
808;0SD0060370SD;246;40;0.00381580
808;0SD0060370SD;247;40;0.00115164
808;0SD0060370SD;248;40;0.00187072
808;0SD0060370SD;249;40;0.00455065
808;0SD0060370SD;250;40;0.00000842
808;0SD0060370SD;251;40;0.00115176
808;0SD0060370SD;252;40;0.00042622
808;0SD0060370SD;253;40;0.00032222
808;0SD0060370SD;257;40;0.00000540
808;0SD0060370SD;258;40;0.00017850
808;0SD0060370SD;259;40;0.00012112
808;0SD0060370SD;261;40;0.00002108
808;0SD0060370SD;262;40;0.00004747
808;0SD0060370SD;263;40;0.00003982
808;0SD0060370SD;264;40;0.00001617
808;0SD0060370SD;265;40;0.00001151
808;0SD0060370SD;267;40;0.00005242
808;0SD0060370SD;268;40;0.00003221
808;0SD0060370SD;269;40;0.00001250
808;0SD0060370SD;241;41;0.00076182
808;0SD0060370SD;242;41;0.00437309
808;0SD0060370SD;243;41;0.00101706
808;0SD0060370SD;244;41;0.00022867
808;0SD0060370SD;245;41;0.00257746
808;0SD0060370SD;246;41;0.00293536
808;0SD0060370SD;247;41;0.00102850
808;0SD0060370SD;248;41;0.00619648
808;0SD0060370SD;249;41;0.00044571
808;0SD0060370SD;250;41;0.00037681
808;0SD0060370SD;251;41;0.00063661
808;0SD0060370SD;252;41;0.00005241
808;0SD0060370SD;253;41;0.00038401
808;0SD0060370SD;256;41;0.00005492
808;0SD0060370SD;257;41;0.00019956
808;0SD0060370SD;259;41;0.00023561
808;0SD0060370SD;260;41;0.00006456
808;0SD0060370SD;261;41;0.00005053
808;0SD0060370SD;262;41;0.00000869
808;0SD0060370SD;264;41;0.00002908
808;0SD0060370SD;265;41;0.00005189
808;0SD0060370SD;266;41;0.00008339
808;0SD0060370SD;267;41;0.00008113
808;0SD0060370SD;241;42;0.00509887
808;0SD0060370SD;242;42;0.00011767
808;0SD0060370SD;243;42;0.00040779
808;0SD0060370SD;244;42;0.00092031
808;0SD0060370SD;245;42;0.00100261
808;0SD0060370SD;246;42;0.00042867
808;0SD0060370SD;247;42;0.00193053
808;0SD0060370SD;248;42;0.00515444
808;0SD0060370SD;249;42;0.00002711
808;0SD0060370SD;250;42;0.00007005
808;0SD0060370SD;251;42;0.00037791
808;0SD0060370SD;252;42;0.00011146
808;0SD0060370SD;253;42;0.00040055
808;0SD0060370SD;254;42;0.00024667
808;0SD0060370SD;255;42;0.00016883
808;0SD0060370SD;256;42;0.00010356
808;0SD0060370SD;257;42;0.00003885
808;0SD0060370SD;259;42;0.00009831
808;0SD0060370SD;260;42;0.00019851
808;0SD0060370SD;261;42;0.00000202
808;0SD0060370SD;265;42;0.00000839
808;0SD0060370SD;266;42;0.00013502
808;0SD0060370SD;267;42;0.00002110
808;0SD0060370SD;268;42;0.00000168
808;0SD0060370SD;239;43;0.00067929
808;0SD0060370SD;240;43;0.00471128
808;0SD0060370SD;241;43;0.00055535
808;0SD0060370SD;242;43;0.00035106
808;0SD0060370SD;243;43;0.00021582
808;0SD0060370SD;244;43;0.00037459
808;0SD0060370SD;245;43;0.00079027
808;0SD0060370SD;246;43;0.00111768
808;0SD0060370SD;247;43;0.00090948
808;0SD0060370SD;248;43;0.00634104
808;0SD0060370SD;249;43;0.00037328
808;0SD0060370SD;250;43;0.00002108
808;0SD0060370SD;251;43;0.00013328
808;0SD0060370SD;252;43;0.00036278
808;0SD0060370SD;253;43;0.00001950
808;0SD0060370SD;254;43;0.00000352
808;0SD0060370SD;255;43;0.00001438
808;0SD0060370SD;258;43;0.00002337
808;0SD0060370SD;259;43;0.00012627
808;0SD0060370SD;266;43;0.00000938
808;0SD0060370SD;267;43;0.00000271
808;0SD0060370SD;268;43;0.00000092
808;0SD0060370SD;269;43;0.00000082
808;0SD0060370SD;270;43;0.00000085
808;0SD0060370SD;271;43;0.00000088
808;0SD0060370SD;272;43;0.00000082
808;0SD0060370SD;273;43;0.00000022
808;0SD0060370SD;238;44;0.00241675
808;0SD0060370SD;239;44;0.00418024
808;0SD0060370SD;240;44;0.00058281
808;0SD0060370SD;241;44;0.00022292
808;0SD0060370SD;242;44;0.00002202
808;0SD0060370SD;245;44;0.00032074
808;0SD0060370SD;246;44;0.00210929
808;0SD0060370SD;247;44;0.00045641
808;0SD0060370SD;248;44;0.00551011
808;0SD0060370SD;249;44;0.00042232
808;0SD0060370SD;250;44;0.00042597
808;0SD0060370SD;251;44;0.00024241
808;0SD0060370SD;252;44;0.00000337
808;0SD0060370SD;254;44;0.00000157
808;0SD0060370SD;255;44;0.00000548
808;0SD0060370SD;257;44;0.00003668
808;0SD0060370SD;258;44;0.00012980
808;0SD0060370SD;266;44;0.00000099
808;0SD0060370SD;238;45;0.00024934
808;0SD0060370SD;239;45;0.00040919
808;0SD0060370SD;240;45;0.00009205
808;0SD0060370SD;244;45;0.00005431
808;0SD0060370SD;245;45;0.00013755
808;0SD0060370SD;246;45;0.00023737
808;0SD0060370SD;247;45;0.00070136
808;0SD0060370SD;248;45;0.00531739
808;0SD0060370SD;249;45;0.00000039
808;0SD0060370SD;250;45;0.00014593
808;0SD0060370SD;256;45;0.00005254
808;0SD0060370SD;257;45;0.00007795
808;0SD0060370SD;258;45;0.00002835
808;0SD0060370SD;259;45;0.00000624
808;0SD0060370SD;239;46;0.00005433
808;0SD0060370SD;240;46;0.00004710
808;0SD0060370SD;241;46;0.00004449
808;0SD0060370SD;242;46;0.00002175
808;0SD0060370SD;243;46;0.00005170
808;0SD0060370SD;244;46;0.00016675
808;0SD0060370SD;246;46;0.00000582
808;0SD0060370SD;248;46;0.00189560
808;0SD0060370SD;250;46;0.00003699
808;0SD0060370SD;255;46;0.00001543
808;0SD0060370SD;256;46;0.00002339
808;0SD0060370SD;242;47;0.00002919
808;0SD0060370SD;243;47;0.00000046
808;0SD0060370SD;244;47;0.00005384
808;0MC006032NSI;168;214;0.00010278
808;0MC006032NSI;168;215;0.00080078
808;0MC006032NSI;170;215;0.00262120
808;0MC006032NSI;171;215;0.00174008
808;0MC006032NSI;173;215;0.00031763
808;0MC006032NSI;174;215;0.01304697
808;0MC006032NSI;177;215;0.02738537
808;0MC006032NSI;178;215;0.00329886
808;0MC006032NSI;168;216;0.00019677
808;0MC006032NSI;169;216;0.00363628
808;0MC006032NSI;170;216;0.00235390
808;0MC006032NSI;174;216;0.01530148
808;0MC006032NSI;178;216;0.04221896
808;0MC006032NSI;169;217;0.02143255
808;0MC006032NSI;170;217;0.01286604
808;0MC006032NSI;171;217;0.01286604
808;0MC006032NSI;172;217;0.00816633
808;0MC006032NSI;173;217;0.00087284
808;0MC006032NSI;174;217;0.01473020
808;0MC006032NSI;177;217;0.00905850
808;0MC006032NSI;178;217;0.06641371
808;0MC006032NSI;179;217;0.05761087
808;0MC006032NSI;180;217;0.00636345
808;0MC006032NSI;168;218;0.01873052
808;0MC006032NSI;169;218;0.00078492
808;0MC006032NSI;173;218;0.00532662
808;0MC006032NSI;174;218;0.01801723
808;0MC006032NSI;175;218;0.01579230
808;0MC006032NSI;176;218;0.01579230
808;0MC006032NSI;177;218;0.00673380
808;0MC006032NSI;153;219;0.00847554
808;0MC006032NSI;166;219;0.00825714
808;0MC006032NSI;167;219;0.01678252
808;0MC006032NSI;168;219;0.00780257
808;0MC006032NSI;153;220;0.00194665
808;0MC006032NSI;154;220;0.01660672
808;0MC006032NSI;165;220;0.01198272
808;0MC006032NSI;166;220;0.01204823
808;0MC006032NSI;154;221;0.01179471
808;0MC006032NSI;155;221;0.00675866
808;0MC006032NSI;162;221;0.01923842
808;0MC006032NSI;163;221;0.01588388
808;0MC006032NSI;164;221;0.01636117
808;0MC006032NSI;165;221;0.00909043
808;0MC006032NSI;155;222;0.01855337
808;0MC006032NSI;162;222;0.02544695
808;0MC006032NSI;155;223;0.00308940
808;0MC006032NSI;156;223;0.00671972
808;0MC006032NSI;157;223;0.00651227
808;0MC006032NSI;158;223;0.00651227
808;0MC006032NSI;159;223;0.00651227
808;0MC006032NSI;160;223;0.00625535
808;0MC006032NSI;162;223;0.02741768
808;0MC006032NSI;160;224;0.00025692
808;0MC006032NSI;161;224;0.00651227
808;0MC006032NSI;162;224;0.02455595
808;0MC006032NSI;162;225;0.02297250
808;0MC006032NSI;162;226;0.02297250
808;0MC006032NSI;159;227;0.00362214
808;0MC006032NSI;160;227;0.01681034
808;0MC006032NSI;161;227;0.01625232
808;0MC006032NSI;162;227;0.01242315
808;0MC006032NSI;158;228;0.00741520
808;0MC006032NSI;159;228;0.01217833
808;0MC006032NSI;160;228;0.00335568
808;0MC006032NSI;157;229;0.01125933
808;0MC006032NSI;158;229;0.00833419
808;0MC006032NSI;160;229;0.00335568
808;0MC006032NSI;154;230;0.00921247
808;0MC006032NSI;155;230;0.01648386
808;0MC006032NSI;156;230;0.01888697
808;0MC006032NSI;157;230;0.00449006
808;0MC006032NSI;160;230;0.00335568
808;0MC006032NSI;156;231;0.00448669
808;0MC006032NSI;157;231;0.02552024
808;0MC006032NSI;158;231;0.03066662
808;0MC006032NSI;159;231;0.02669095
808;0MC006032NSI;160;231;0.01330202
808;NCC006035MBU;161;122;0.00013907
808;NCC006035MBU;162;122;0.00002243
808;NCC006035MBU;163;122;0.00001538
808;NCC006035MBU;160;123;0.00025037
808;NCC006035MBU;162;123;0.00084408
808;NCC006035MBU;160;124;0.00032709
808;NCC006035MBU;161;124;0.00082298
808;NCC006035MBU;162;124;0.00024871
808;NCC006035MBU;163;124;0.00000944
808;NCC006035MBU;164;124;0.00002218
808;NCC006035MBU;165;124;0.00001717
808;NCC006035MBU;166;124;0.00001790
808;NCC006035MBU;160;125;0.00038329
808;NCC006035MBU;161;125;0.00088800
808;NCC006035MBU;162;125;0.00002223
808;NCC006035MBU;163;125;0.00000873
808;NCC006035MBU;166;125;0.00000442
808;NCC006035MBU;167;125;0.00003607
808;NCC006035MBU;168;125;0.00001357
808;NCC006035MBU;160;126;0.00118047
808;NCC006035MBU;161;126;0.00025721
808;NCC006035MBU;167;126;0.00000179
808;NCC006035MBU;168;126;0.00002813
808;NCC006035MBU;156;127;0.00007808
808;NCC006035MBU;157;127;0.00001607
808;NCC006035MBU;159;127;0.00107442
808;NCC006035MBU;160;127;0.00011476
808;NCC006035MBU;165;127;0.00008175
808;NCC006035MBU;166;127;0.00011065
808;NCC006035MBU;167;127;0.00001813
808;NCC006035MBU;168;127;0.00000789
808;NCC006035MBU;156;128;0.00009566
808;NCC006035MBU;157;128;0.00009991
808;NCC006035MBU;158;128;0.00116018
808;NCC006035MBU;159;128;0.00090116
808;NCC006035MBU;160;128;0.00003418
808;NCC006035MBU;164;128;0.00007719
808;NCC006035MBU;165;128;0.00014524
808;NCC006035MBU;157;129;0.00138414
808;NCC006035MBU;158;129;0.00018460
808;NCC006035MBU;164;129;0.00007212
808;NCC006035MBU;156;130;0.00075291
808;NCC006035MBU;157;130;0.00119164
808;NCC006035MBU;164;130;0.00005105
808;NCC006035MBU;165;130;0.00003550
808;NCC006035MBU;156;131;0.00201589
808;NCC006035MBU;160;131;0.00008613
808;NCC006035MBU;161;131;0.00028989
808;NCC006035MBU;162;131;0.00027724
808;NCC006035MBU;163;131;0.00029863
808;NCC006035MBU;164;131;0.00006439
808;NCC006035MBU;155;132;0.00119343
808;NCC006035MBU;156;132;0.00071034
808;NCC006035MBU;157;132;0.00023208
808;NCC006035MBU;158;132;0.00031879
808;NCC006035MBU;159;132;0.00034283
808;NCC006035MBU;160;132;0.00029903
808;NCC006035MBU;163;132;0.00010174
808;NCC006035MBU;154;133;0.00007546
808;NCC006035MBU;155;133;0.00212534
808;NCC006035MBU;156;133;0.00034137
808;NCC006035MBU;157;133;0.00011552
808;NCC006035MBU;153;134;0.00031525
808;NCC006035MBU;154;134;0.00017895
808;NCC006035MBU;155;134;0.00229033
808;NCC006035MBU;156;134;0.00023904
808;NCC006035MBU;157;134;0.00000258
808;NCC006035MBU;150;135;0.00013180
808;NCC006035MBU;152;135;0.00116400
808;NCC006035MBU;153;135;0.00012583
808;NCC006035MBU;154;135;0.00321891
808;NCC006035MBU;155;135;0.00028883
808;NCC006035MBU;156;135;0.00032051
808;NCC006035MBU;157;135;0.00017266
808;NCC006035MBU;150;136;0.00033461
808;NCC006035MBU;151;136;0.00009604
808;NCC006035MBU;152;136;0.00277762
808;NCC006035MBU;153;136;0.00775733
808;NCC006035MBU;154;136;0.00435513
808;NCC006035MBU;155;136;0.00040601
808;NCC006035MBU;148;137;0.00100701
808;NCC006035MBU;149;137;0.05725776
808;NCC006035MBU;150;137;0.06130492
808;NCC006035MBU;151;137;0.03173459
808;NCC006035MBU;152;137;0.06175893
808;NCC006035MBU;153;137;0.01205086
808;NCC006035MBU;154;137;0.00023456
808;NCC006035MBU;155;137;0.00001060
808;NCC006035MBU;147;138;0.08008621
808;NCC006035MBU;148;138;0.18151335
808;NCC006035MBU;149;138;0.01925703
808;NCC006035MBU;150;138;0.00064319
808;NCC006035MBU;151;138;0.05696080
808;NCC006035MBU;152;138;0.08656132
808;NCC006035MBU;153;138;0.00335388
808;NCC006035MBU;154;138;0.00002623
808;NCC006035MBU;147;139;0.00245789
808;NCC006035MBU;148;139;0.03021667
808;NCC006035MBU;149;139;0.07052680
808;NCC006035MBU;151;139;0.06045205
808;NCC006035MBU;152;139;0.03532752
808;NCC006035MBU;153;139;0.00333645
808;NCC006035MBU;154;139;0.00002412
808;NCC006035MBU;155;139;0.00001592
808;NCC006035MBU;150;140;0.04919998
808;NCC006035MBU;151;140;0.01603811
808;NCC006035MBU;152;140;0.03012635
808;NCC006035MBU;153;140;0.00064639
808;NCC006035MBU;154;140;0.00022915
808;NCC006035MBU;151;141;0.00036480
808;NCC006035MBU;152;141;0.00096509
808;0SV006045SHA;120;233;0.00001372
808;0SV006045SHA;121;233;0.00010148
808;0SV006045SHA;122;233;0.00014165
808;0SV006045SHA;123;233;0.00017315
808;0SV006045SHA;134;233;0.00009714
808;0SV006045SHA;135;233;0.01158562
808;0SV006045SHA;120;234;0.00004005
808;0SV006045SHA;123;234;0.00003501
808;0SV006045SHA;124;234;0.00009021
808;0SV006045SHA;125;234;0.00005932
808;0SV006045SHA;130;234;0.00025302
808;0SV006045SHA;131;234;0.00020749
808;0SV006045SHA;132;234;0.00106350
808;0SV006045SHA;133;234;0.00105395
808;0SV006045SHA;134;234;0.00229785
808;0SV006045SHA;135;234;0.02860860
808;0SV006045SHA;136;234;0.00116682
808;0SV006045SHA;137;234;0.00012866
808;0SV006045SHA;141;234;0.00000847
808;0SV006045SHA;125;235;0.00008346
808;0SV006045SHA;126;235;0.00015703
808;0SV006045SHA;127;235;0.00032928
808;0SV006045SHA;128;235;0.00020195
808;0SV006045SHA;130;235;0.00051057
808;0SV006045SHA;131;235;0.00003610
808;0SV006045SHA;132;235;0.00289625
808;0SV006045SHA;133;235;0.00101891
808;0SV006045SHA;134;235;0.00292604
808;0SV006045SHA;135;235;0.04015794
808;0SV006045SHA;136;235;0.00134819
808;0SV006045SHA;137;235;0.00006449
808;0SV006045SHA;138;235;0.00015205
808;0SV006045SHA;139;235;0.00014678
808;0SV006045SHA;140;235;0.00009672
808;0SV006045SHA;141;235;0.00017410
808;0SV006045SHA;142;235;0.00008717
808;0SV006045SHA;143;235;0.00050214
808;0SV006045SHA;144;235;0.00033135
808;0SV006045SHA;145;235;0.00028685
808;0SV006045SHA;146;235;0.00000086
808;0SV006045SHA;150;235;0.00007338
808;0SV006045SHA;151;235;0.00018684
808;0SV006045SHA;152;235;0.00021214
808;0SV006045SHA;128;236;0.00118831
808;0SV006045SHA;129;236;0.00187950
808;0SV006045SHA;130;236;0.00195162
808;0SV006045SHA;131;236;0.00105323
808;0SV006045SHA;132;236;0.00162372
808;0SV006045SHA;133;236;0.01073075
808;0SV006045SHA;134;236;0.04445018
808;0SV006045SHA;135;236;0.01338352
808;0SV006045SHA;136;236;0.00306646
808;0SV006045SHA;137;236;0.00158969
808;0SV006045SHA;138;236;0.00111192
808;0SV006045SHA;139;236;0.00110451
808;0SV006045SHA;140;236;0.00062544
808;0SV006045SHA;141;236;0.00336677
808;0SV006045SHA;142;236;0.00169493
808;0SV006045SHA;143;236;0.00422504
808;0SV006045SHA;144;236;0.00179994
808;0SV006045SHA;146;236;0.00007270
808;0SV006045SHA;151;236;0.00008221
808;0SV006045SHA;152;236;0.00015670
808;0SV006045SHA;153;236;0.00004455
808;0SV006045SHA;130;237;0.00221820
808;0SV006045SHA;131;237;0.00227236
808;0SV006045SHA;132;237;0.00151963
808;0SV006045SHA;133;237;0.02657735
808;0SV006045SHA;134;237;0.04593910
808;0SV006045SHA;135;237;0.00602161
808;0SV006045SHA;136;237;0.00155704
808;0SV006045SHA;137;237;0.00078659
808;0SV006045SHA;138;237;0.00513160
808;0SV006045SHA;139;237;0.00494941
808;0SV006045SHA;140;237;0.00470424
808;0SV006045SHA;141;237;0.00154900
808;0SV006045SHA;142;237;0.00315212
808;0SV006045SHA;144;237;0.00067121
808;0SV006045SHA;145;237;0.00184244
808;0SV006045SHA;146;237;0.00171762
808;0SV006045SHA;147;237;0.00066317
808;0SV006045SHA;148;237;0.00046305
808;0SV006045SHA;149;237;0.00057835
808;0SV006045SHA;150;237;0.00011284
808;0SV006045SHA;151;237;0.00010718
808;0SV006045SHA;152;237;0.00007457
808;0SV006045SHA;131;238;0.00173619
808;0SV006045SHA;132;238;0.00589316
808;0SV006045SHA;133;238;0.05642634
808;0SV006045SHA;134;238;0.05585467
808;0SV006045SHA;135;238;0.02053736
808;0SV006045SHA;136;238;0.01329638
808;0SV006045SHA;137;238;0.00790865
808;0SV006045SHA;138;238;0.00113506
808;0SV006045SHA;139;238;0.00023694
808;0SV006045SHA;142;238;0.00000109
808;0SV006045SHA;143;238;0.00003198
808;0SV006045SHA;149;238;0.00025806
808;0SV006045SHA;150;238;0.00042858
808;0SV006045SHA;151;238;0.00012029
808;0SV006045SHA;130;239;0.00016786
808;0SV006045SHA;131;239;0.00348178
808;0SV006045SHA;132;239;0.01205937
808;0SV006045SHA;133;239;0.11597045
808;0SV006045SHA;134;239;0.03597130
808;0SV006045SHA;135;239;0.00472425
808;0SV006045SHA;136;239;0.00271312
808;0SV006045SHA;137;239;0.00056575
808;0SV006045SHA;138;239;0.00031938
808;0SV006045SHA;139;239;0.00103137
808;0SV006045SHA;140;239;0.00068368
808;0SV006045SHA;142;239;0.00006805
808;0SV006045SHA;143;239;0.00015931
808;0SV006045SHA;144;239;0.00017926
808;0SV006045SHA;150;239;0.00042668
808;0SV006045SHA;151;239;0.00048496
808;0SV006045SHA;126;240;0.00007872
808;0SV006045SHA;129;240;0.00074528
808;0SV006045SHA;130;240;0.00124167
808;0SV006045SHA;131;240;0.00095157
808;0SV006045SHA;132;240;0.00228648
808;0SV006045SHA;133;240;0.05139033
808;0SV006045SHA;134;240;0.02454476
808;0SV006045SHA;135;240;0.01353017
808;0SV006045SHA;136;240;0.01248012
808;0SV006045SHA;138;240;0.00036456
808;0SV006045SHA;139;240;0.00068586
808;0SV006045SHA;140;240;0.00044023
808;0SV006045SHA;141;240;0.00104210
808;0SV006045SHA;142;240;0.00110347
808;0SV006045SHA;143;240;0.00067730
808;0SV006045SHA;144;240;0.00009347
808;0SV006045SHA;145;240;0.00001584
808;0SV006045SHA;151;240;0.00011016
808;0SV006045SHA;152;240;0.00045775
808;0SV006045SHA;154;240;0.00007699
808;0SV006045SHA;155;240;0.00006401
808;0SV006045SHA;126;241;0.00075345
808;0SV006045SHA;127;241;0.00109721
808;0SV006045SHA;128;241;0.00159412
808;0SV006045SHA;129;241;0.00074569
808;0SV006045SHA;131;241;0.00000778
808;0SV006045SHA;132;241;0.00000527
808;0SV006045SHA;133;241;0.00878391
808;0SV006045SHA;134;241;0.01707795
808;0SV006045SHA;135;241;0.00077874
808;0SV006045SHA;136;241;0.00344514
808;0SV006045SHA;137;241;0.00918975
808;0SV006045SHA;138;241;0.00509702
808;0SV006045SHA;139;241;0.00011384
808;0SV006045SHA;140;241;0.00026875
808;0SV006045SHA;142;241;0.00019303
808;0SV006045SHA;143;241;0.00018844
808;0SV006045SHA;145;241;0.00003004
808;0SV006045SHA;146;241;0.00005695
808;0SV006045SHA;152;241;0.00029694
808;0SV006045SHA;153;241;0.00067516
808;0SV006045SHA;154;241;0.00035877
808;0SV006045SHA;128;242;0.00053475
808;0SV006045SHA;132;242;0.00000352
808;0SV006045SHA;133;242;0.00067624
808;0SV006045SHA;134;242;0.00676163
808;0SV006045SHA;135;242;0.00036595
808;0SV006045SHA;136;242;0.00051332
808;0SV006045SHA;138;242;0.00291663
808;0SV006045SHA;139;242;0.00923212
808;0SV006045SHA;140;242;0.00010786
808;0SV006045SHA;141;242;0.00002526
808;0SV006045SHA;142;242;0.00004670
808;0SV006045SHA;143;242;0.00001459
808;0SV006045SHA;146;242;0.00001380
808;0SV006045SHA;147;242;0.00004127
808;0SV006045SHA;152;242;0.00013525
808;0SV006045SHA;153;242;0.00064000
808;0SV006045SHA;154;242;0.00001370
808;0SV006045SHA;128;243;0.00024174
808;0SV006045SHA;134;243;0.00509455
808;0SV006045SHA;136;243;0.00008053
808;0SV006045SHA;139;243;0.00416108
808;0SV006045SHA;140;243;0.00839100
808;0SV006045SHA;141;243;0.00225885
808;0SV006045SHA;147;243;0.00005857
808;0SV006045SHA;151;243;0.00040044
808;0SV006045SHA;152;243;0.00042840
808;0SV006045SHA;154;243;0.00001755
808;0SV006045SHA;128;244;0.00001969
808;0SV006045SHA;134;244;0.00412408
808;0SV006045SHA;135;244;0.00108255
808;0SV006045SHA;141;244;0.00873345
808;0SV006045SHA;142;244;0.00567182
808;0SV006045SHA;147;244;0.00004658
808;0SV006045SHA;151;244;0.00051726
808;0SV006045SHA;153;244;0.00000027
808;0SV006045SHA;154;244;0.00001731
808;0SV006045SHA;127;245;0.00000140
808;0SV006045SHA;128;245;0.00001424
808;0SV006045SHA;134;245;0.00446910
808;0SV006045SHA;141;245;0.00023078
808;0SV006045SHA;142;245;0.00660964
808;0SV006045SHA;143;245;0.00007740
808;0SV006045SHA;147;245;0.00004432
808;0SV006045SHA;151;245;0.00071892
808;0SV006045SHA;152;245;0.00007151
808;0SV006045SHA;153;245;0.00003994
808;0SV006045SHA;127;246;0.00000153
808;0SV006045SHA;128;246;0.00000917
808;0SV006045SHA;133;246;0.00009226
808;0SV006045SHA;134;246;0.00572709
808;0SV006045SHA;135;246;0.00013071
808;0SV006045SHA;138;246;0.00000162
808;0SV006045SHA;139;246;0.00000080
808;0SV006045SHA;140;246;0.00016230
808;0SV006045SHA;141;246;0.00004524
808;0SV006045SHA;143;246;0.01150991
808;0SV006045SHA;144;246;0.00598271
808;0SV006045SHA;145;246;0.00612113
808;0SV006045SHA;146;246;0.00884089
808;0SV006045SHA;147;246;0.00586791
808;0SV006045SHA;148;246;0.00103967
808;0SV006045SHA;149;246;0.00034082
808;0SV006045SHA;150;246;0.00083703
808;0SV006045SHA;151;246;0.00017623
808;0SV006045SHA;153;246;0.00004084
808;0SV006045SHA;128;247;0.00000598
808;0SV006045SHA;129;247;0.00000356
808;0SV006045SHA;133;247;0.00454496
808;0SV006045SHA;135;247;0.00006766
808;0SV006045SHA;136;247;0.00010199
808;0SV006045SHA;137;247;0.00000450
808;0SV006045SHA;138;247;0.00006911
808;0SV006045SHA;139;247;0.00002177
808;0SV006045SHA;140;247;0.00015049
808;0SV006045SHA;143;247;0.00034102
808;0SV006045SHA;148;247;0.00478186
808;0SV006045SHA;149;247;0.00072199
808;0SV006045SHA;150;247;0.00036857
808;0SV006045SHA;152;247;0.00002795
808;0SV006045SHA;153;247;0.00000429
808;0SV006045SHA;129;248;0.00005464
808;0SV006045SHA;130;248;0.00015931
808;0SV006045SHA;131;248;0.00010848
808;0SV006045SHA;132;248;0.00132436
808;0SV006045SHA;133;248;0.00417662
808;0SV006045SHA;136;248;0.00012448
808;0SV006045SHA;137;248;0.00005899
808;0SV006045SHA;139;248;0.00008739
808;0SV006045SHA;142;248;0.00020311
808;0SV006045SHA;143;248;0.00018391
808;0SV006045SHA;149;248;0.00313312
808;0SV006045SHA;150;248;0.00038599
808;0SV006045SHA;152;248;0.00003274
808;0SV006045SHA;129;249;0.00003687
808;0SV006045SHA;130;249;0.00004071
808;0SV006045SHA;131;249;0.00000400
808;0SV006045SHA;132;249;0.00375540
808;0SV006045SHA;133;249;0.00000223
808;0SV006045SHA;142;249;0.00024581
808;0SV006045SHA;149;249;0.00096516
808;0SV006045SHA;150;249;0.00220838
808;0SV006045SHA;151;249;0.00090419
808;0SV006045SHA;152;249;0.00001417
808;0SV006045SHA;153;249;0.00009059
808;0SV006045SHA;132;250;0.00165826
808;0SV006045SHA;133;250;0.00211788
808;0SV006045SHA;142;250;0.00000434
808;0SV006045SHA;143;250;0.00023037
808;0SV006045SHA;145;250;0.00001082
808;0SV006045SHA;146;250;0.00001611
808;0SV006045SHA;147;250;0.00001565
808;0SV006045SHA;148;250;0.00046310
808;0SV006045SHA;149;250;0.00035708
808;0SV006045SHA;151;250;0.00136642
808;0SV006045SHA;152;250;0.00222575
808;0SV006045SHA;153;250;0.00072879
808;0SV006045SHA;133;251;0.00431791
808;0SV006045SHA;142;251;0.00008623
808;0SV006045SHA;143;251;0.00005990
808;0SV006045SHA;144;251;0.00004388
808;0SV006045SHA;145;251;0.00000814
808;0SV006045SHA;148;251;0.00024785
808;0SV006045SHA;149;251;0.00019176
808;0SV006045SHA;151;251;0.00047070
808;0SV006045SHA;152;251;0.00052569
808;0SV006045SHA;153;251;0.00140641
808;0SV006045SHA;154;251;0.00073127
808;0SV006045SHA;155;251;0.00002117
808;0SV006045SHA;133;252;0.00056947
808;0SV006045SHA;134;252;0.00360896
808;0SV006045SHA;135;252;0.00000270
808;0SV006045SHA;141;252;0.00001845
808;0SV006045SHA;142;252;0.00007393
808;0SV006045SHA;148;252;0.00039920
808;0SV006045SHA;150;252;0.00013704
808;0SV006045SHA;151;252;0.00039413
808;0SV006045SHA;154;252;0.00011860
808;0SV006045SHA;155;252;0.00006745
808;0SV006045SHA;134;253;0.00351693
808;0SV006045SHA;135;253;0.00052874
808;0SV006045SHA;140;253;0.00009976
808;0SV006045SHA;141;253;0.00006758
808;0SV006045SHA;142;253;0.00001260
808;0SV006045SHA;148;253;0.00033062
808;0SV006045SHA;149;253;0.00015744
808;0SV006045SHA;150;253;0.00012697
808;0SV006045SHA;135;254;0.00454418
808;0SV006045SHA;139;254;0.00006803
808;0SV006045SHA;140;254;0.00002634
808;0SV006045SHA;147;254;0.00015631
808;0SV006045SHA;148;254;0.00057343
808;0SV006045SHA;149;254;0.00002878
808;0SV006045SHA;135;255;0.00175427
808;0SV006045SHA;138;255;0.00003634
808;0SV006045SHA;139;255;0.00004473
808;0SV006045SHA;147;255;0.00019498
808;SJV006050SJU;153;147;0.00000056
808;SJV006050SJU;156;147;0.00000457
808;SJV006050SJU;157;147;0.00000218
808;SJV006050SJU;152;148;0.00000045
808;SJV006050SJU;153;148;0.00000202
808;SJV006050SJU;154;148;0.00000248
808;SJV006050SJU;155;148;0.00000347
808;SJV006050SJU;156;148;0.00000034
808;SJV006050SJU;157;148;0.00000285
808;SJV006050SJU;158;148;0.00000859
808;SJV006050SJU;159;148;0.00286721
808;SJV006050SJU;155;149;0.00000016
808;SJV006050SJU;156;149;0.00000075
808;SJV006050SJU;158;149;0.00000012
808;SJV006050SJU;159;149;0.01028478
808;SJV006050SJU;160;149;0.00003179
808;SJV006050SJU;156;150;0.00000005
808;SJV006050SJU;157;150;0.00000080
808;SJV006050SJU;158;150;0.00887241
808;SJV006050SJU;159;150;0.00253911
808;SJV006050SJU;160;150;0.00432164
808;SJV006050SJU;161;150;0.00092938
808;SJV006050SJU;158;151;0.01139314
808;SJV006050SJU;159;151;0.00057295
808;SJV006050SJU;160;151;0.00524988
808;SJV006050SJU;161;151;0.00238869
808;SJV006050SJU;153;152;0.00000144
808;SJV006050SJU;154;152;0.00001888
808;SJV006050SJU;155;152;0.00026581
808;SJV006050SJU;157;152;0.00000008
808;SJV006050SJU;158;152;0.01344871
808;SJV006050SJU;159;152;0.00390517
808;SJV006050SJU;160;152;0.00232945
808;SJV006050SJU;161;152;0.00215366
808;SJV006050SJU;155;153;0.00044926
808;SJV006050SJU;156;153;0.00113474
808;SJV006050SJU;157;153;0.00923274
808;SJV006050SJU;158;153;0.00555268
808;SJV006050SJU;159;153;0.00417475
808;SJV006050SJU;160;153;0.00404966
808;SJV006050SJU;161;153;0.00182483
808;SJV006050SJU;162;153;0.00201334
808;SJV006050SJU;163;153;0.00008907
808;SJV006050SJU;153;154;0.00020835
808;SJV006050SJU;154;154;0.00084600
808;SJV006050SJU;155;154;0.00117243
808;SJV006050SJU;156;154;0.00064408
808;SJV006050SJU;157;154;0.01864825
808;SJV006050SJU;158;154;0.00776692
808;SJV006050SJU;159;154;0.00073727
808;SJV006050SJU;160;154;0.00042331
808;SJV006050SJU;161;154;0.00169977
808;SJV006050SJU;162;154;0.00161049
808;SJV006050SJU;163;154;0.00203135
808;SJV006050SJU;164;154;0.02043880
808;SJV006050SJU;165;154;0.00313158
808;SJV006050SJU;153;155;0.00000814
808;SJV006050SJU;154;155;0.00000364
808;SJV006050SJU;156;155;0.01700118
808;SJV006050SJU;157;155;0.00351155
808;SJV006050SJU;158;155;0.00444529
808;SJV006050SJU;159;155;0.00618699
808;SJV006050SJU;160;155;0.00343337
808;SJV006050SJU;161;155;0.00370284
808;SJV006050SJU;162;155;0.00315233
808;SJV006050SJU;163;155;0.01752051
808;SJV006050SJU;164;155;0.02875623
808;SJV006050SJU;165;155;0.00303816
808;SJV006050SJU;166;155;0.00291459
808;SJV006050SJU;154;156;0.00001751
808;SJV006050SJU;155;156;0.01677292
808;SJV006050SJU;156;156;0.00600253
808;SJV006050SJU;157;156;0.00512861
808;SJV006050SJU;158;156;0.00134963
808;SJV006050SJU;159;156;0.00168446
808;SJV006050SJU;160;156;0.00314261
808;SJV006050SJU;161;156;0.00272513
808;SJV006050SJU;162;156;0.00281345
808;SJV006050SJU;163;156;0.04083710
808;SJV006050SJU;164;156;0.00776688
808;SJV006050SJU;165;156;0.00512712
808;SJV006050SJU;166;156;0.00121522
808;SJV006050SJU;167;156;0.00243470
808;SJV006050SJU;168;156;0.00054860
808;SJV006050SJU;169;156;0.00014449
808;SJV006050SJU;154;157;0.01618982
808;SJV006050SJU;155;157;0.00564330
808;SJV006050SJU;156;157;0.00446504
808;SJV006050SJU;157;157;0.00398466
808;SJV006050SJU;158;157;0.00321112
808;SJV006050SJU;159;157;0.00277040
808;SJV006050SJU;160;157;0.00339720
808;SJV006050SJU;161;157;0.00429216
808;SJV006050SJU;162;157;0.03790736
808;SJV006050SJU;163;157;0.00773326
808;SJV006050SJU;164;157;0.00544096
808;SJV006050SJU;165;157;0.00045175
808;SJV006050SJU;166;157;0.00131934
808;SJV006050SJU;167;157;0.00157451
808;SJV006050SJU;168;157;0.00003469
808;SJV006050SJU;171;157;0.00006224
808;SJV006050SJU;154;158;0.00289026
808;SJV006050SJU;155;158;0.00325981
808;SJV006050SJU;156;158;0.00265798
808;SJV006050SJU;157;158;0.00004087
808;SJV006050SJU;158;158;0.00164119
808;SJV006050SJU;159;158;0.00120322
808;SJV006050SJU;160;158;0.00627185
808;SJV006050SJU;161;158;0.03917658
808;SJV006050SJU;162;158;0.02776205
808;SJV006050SJU;163;158;0.00512081
808;SJV006050SJU;164;158;0.00419638
808;SJV006050SJU;165;158;0.00033100
808;SJV006050SJU;166;158;0.00321110
808;SJV006050SJU;167;158;0.00006964
808;SJV006050SJU;168;158;0.00008384
808;SJV006050SJU;169;158;0.00018276
808;SJV006050SJU;170;158;0.00016242
808;SJV006050SJU;171;158;0.00027153
808;SJV006050SJU;172;158;0.00076913
808;SJV006050SJU;173;158;0.00007351
808;SJV006050SJU;155;159;0.00443418
808;SJV006050SJU;156;159;0.00523327
808;SJV006050SJU;157;159;0.00487137
808;SJV006050SJU;158;159;0.00393760
808;SJV006050SJU;159;159;0.00430490
808;SJV006050SJU;160;159;0.02743473
808;SJV006050SJU;161;159;0.04367587
808;SJV006050SJU;162;159;0.02143038
808;SJV006050SJU;163;159;0.00493810
808;SJV006050SJU;164;159;0.00447604
808;SJV006050SJU;165;159;0.00338139
808;SJV006050SJU;166;159;0.00485076
808;SJV006050SJU;167;159;0.00090472
808;SJV006050SJU;168;159;0.00088357
808;SJV006050SJU;169;159;0.00087076
808;SJV006050SJU;170;159;0.00069979
808;SJV006050SJU;171;159;0.00063983
808;SJV006050SJU;172;159;0.00246602
808;SJV006050SJU;173;159;0.00108015
808;SJV006050SJU;174;159;0.00032969
808;SJV006050SJU;157;160;0.00022228
808;SJV006050SJU;158;160;0.00106129
808;SJV006050SJU;159;160;0.01388808
808;SJV006050SJU;160;160;0.04695470
808;SJV006050SJU;161;160;0.02898923
808;SJV006050SJU;162;160;0.02361950
808;SJV006050SJU;163;160;0.00251452
808;SJV006050SJU;164;160;0.00169544
808;SJV006050SJU;165;160;0.00332212
808;SJV006050SJU;166;160;0.00025906
808;SJV006050SJU;167;160;0.00022438
808;SJV006050SJU;169;160;0.00002470
808;SJV006050SJU;172;160;0.00160571
808;SJV006050SJU;158;161;0.00338435
808;SJV006050SJU;159;161;0.04544736
808;SJV006050SJU;160;161;0.01265347
808;SJV006050SJU;161;161;0.02074120
808;SJV006050SJU;162;161;0.01733788
808;SJV006050SJU;163;161;0.00549271
808;SJV006050SJU;164;161;0.00286175
808;SJV006050SJU;165;161;0.00188570
808;SJV006050SJU;166;161;0.00032599
808;SJV006050SJU;167;161;0.00026766
808;SJV006050SJU;168;161;0.00046506
808;SJV006050SJU;169;161;0.00043805
808;SJV006050SJU;170;161;0.00032935
808;SJV006050SJU;171;161;0.00125339
808;SJV006050SJU;172;161;0.00021216
808;SJV006050SJU;160;162;0.00004162
808;SJV006050SJU;161;162;0.00455705
808;SJV006050SJU;162;162;0.00150526
808;SJV006050SJU;163;162;0.00459364
808;SJV006050SJU;164;162;0.00984014
808;SJV006050SJU;165;162;0.00317971
808;SJV006050SJU;166;162;0.00049463
808;SJV006050SJU;167;162;0.00044021
808;SJV006050SJU;168;162;0.00005506
808;SJV006050SJU;169;162;0.00061564
808;SJV006050SJU;170;162;0.00094358
808;SJV006050SJU;171;162;0.00023885
808;SJV006050SJU;162;163;0.00028339
808;SJV006050SJU;163;163;0.00349481
808;SJV006050SJU;164;163;0.00478391
808;SJV006050SJU;165;163;0.00174581
808;SJV006050SJU;166;163;0.00243393
808;SJV006050SJU;167;163;0.00281096
808;SJV006050SJU;168;163;0.00150982
808;SJV006050SJU;169;163;0.00062405
808;SJV006050SJU;162;164;0.00032442
808;SJV006050SJU;163;164;0.00274901
808;SJV006050SJU;164;164;0.00140595
808;SJV006050SJU;165;164;0.00000193
808;SJV006050SJU;166;164;0.00000028
808;SJV006050SJU;167;164;0.00117228
808;SJV006050SJU;168;164;0.00259711
808;SJV006050SJU;162;165;0.00006647
808;SJV006050SJU;163;165;0.00279848
808;SJV006050SJU;164;165;0.00015089
808;SJV006050SJU;165;165;0.00129983
808;SJV006050SJU;166;165;0.00126106
808;SJV006050SJU;167;165;0.00036458
808;SJV006050SJU;163;166;0.00081899
808;SJV006050SJU;164;166;0.00446294
808;SJV006050SJU;165;166;0.00004743
808;SJV006050SJU;162;167;0.00024370
808;SJV006050SJU;163;167;0.00267434
808;SJV006050SJU;164;167;0.00563328
808;SJV006050SJU;165;167;0.00021891
808;SJV006050SJU;164;168;0.00047306
808;0MC006022MPA;179;148;0.02024978
808;0MC006022MPA;180;148;0.00305061
808;0MC006022MPA;177;151;0.00406057
808;0MC006022MPA;178;151;0.06773042
808;0MC006022MPA;178;152;0.03778800
808;0MC006022MPA;179;152;0.08462041
808;0MC006022MPA;179;153;0.02089801
808;0MC006022MPA;180;153;0.07550519
808;0MC006022MPA;181;153;0.00414815
808;0MC006022MPA;188;153;0.04390819
808;0MC006022MPA;176;154;0.00618078
808;0MC006022MPA;181;154;0.01701535
808;0MC006022MPA;182;154;0.02116350
808;0MC006022MPA;183;154;0.00493674
808;0MC006022MPA;184;154;0.00942211
808;0MC006022MPA;185;154;0.00994257
808;0MC006022MPA;186;154;0.01758663
808;0MC006022MPA;187;154;0.01950353
808;0MC006022MPA;188;154;0.00495811
808;0MC006022MPA;190;154;0.05011139
808;0MC006022MPA;176;155;0.01355469
808;0MC006022MPA;182;155;0.01277490
808;0MC006022MPA;183;155;0.03059997
808;0MC006022MPA;190;155;0.03461129
808;0MC006022MPA;175;156;0.00586958
808;0MC006022MPA;176;156;0.00283102
808;0MC006022MPA;180;156;0.00306585
808;0MC006022MPA;181;156;0.02140202
808;0MC006022MPA;182;156;0.00862711
808;0MC006022MPA;183;156;0.00012432
808;0MC006022MPA;184;156;0.00819877
808;0MC006022MPA;189;156;0.01876679
808;0MC006022MPA;190;156;0.01869858
808;0MC006022MPA;180;157;0.01882847
808;0MC006022MPA;183;157;0.00563476
808;0MC006022MPA;184;157;0.00171964
808;0MC006022MPA;189;157;0.03372250
808;0MC006022MPA;179;158;0.00717262
808;0MC006022MPA;180;158;0.00022556
808;0MC006022MPA;183;158;0.00724447
808;0MC006022MPA;189;158;0.00643600
808;0MC006022MPA;174;159;0.00711573
808;0MC006022MPA;179;159;0.00783290
808;0MC006022MPA;183;159;0.00133367
808;0MC006022MPA;184;159;0.00588908
808;0MC006022MPA;189;159;0.00643600
808;0MC006022MPA;174;160;0.00839423
808;0MC006022MPA;178;160;0.00455781
808;0MC006022MPA;179;160;0.00381648
808;0MC006022MPA;184;160;0.00449896
808;0MC006022MPA;185;160;0.00654353
808;0MC006022MPA;186;160;0.00654353
808;0MC006022MPA;187;160;0.00654353
808;0MC006022MPA;188;160;0.00270019
808;0MC006022MPA;189;160;0.00643600
808;0MC006022MPA;175;161;0.01143617
808;0MC006022MPA;176;161;0.00830314
808;0MC006022MPA;177;161;0.01166810
808;0MC006022MPA;178;161;0.01765834
808;0MC006022MPA;187;161;0.00119922
808;0MC006022MPA;188;161;0.00927214
808;0MC006022MPA;189;161;0.00638149
808;0MC006022MPA;177;162;0.00804900
808;0MC006022MPA;186;162;0.00291682
808;0MC006022MPA;187;162;0.01147632
808;0MC006022MPA;180;164;0.00184069
808;0MC006022MPA;181;164;0.00534242
808;0MC006022MPA;190;164;0.00252703
808;0MC006022MPA;191;164;0.00937593
808;0MC006022MPA;192;164;0.00937593
808;0MC006022MPA;193;164;0.00972112
808;0MC006022MPA;190;165;0.00311354
808;0MC006022MPA;193;165;0.00307552
808;0MC006022MPA;194;165;0.00573651
808;SJV006010SJU;177;116;0.00010025
808;SJV006010SJU;178;116;0.00039398
808;SJV006010SJU;180;116;0.00071169
808;SJV006010SJU;171;117;0.00016715
808;SJV006010SJU;172;117;0.00041497
808;SJV006010SJU;173;117;0.00040516
808;SJV006010SJU;174;117;0.00022608
808;SJV006010SJU;175;117;0.00000248
808;SJV006010SJU;177;117;0.00047888
808;SJV006010SJU;179;117;0.00037122
808;SJV006010SJU;180;117;0.00404352
808;SJV006010SJU;174;118;0.00034712
808;SJV006010SJU;175;118;0.00141206
808;SJV006010SJU;176;118;0.00082349
808;SJV006010SJU;177;118;0.00092868
808;SJV006010SJU;178;118;0.00063612
808;SJV006010SJU;179;118;0.00464700
808;SJV006010SJU;180;118;0.00071542
808;SJV006010SJU;181;118;0.00021337
808;SJV006010SJU;182;118;0.00005639
808;SJV006010SJU;174;119;0.00007242
808;SJV006010SJU;175;119;0.00161637
808;SJV006010SJU;176;119;0.00022617
808;SJV006010SJU;177;119;0.00008840
808;SJV006010SJU;178;119;0.00308563
808;SJV006010SJU;179;119;0.00140175
808;SJV006010SJU;180;119;0.00067109
808;SJV006010SJU;181;119;0.00000488
808;SJV006010SJU;183;119;0.00000943
808;SJV006010SJU;175;120;0.00099533
808;SJV006010SJU;176;120;0.00152537
808;SJV006010SJU;177;120;0.00001853
808;SJV006010SJU;178;120;0.00409071
808;SJV006010SJU;180;120;0.00081903
808;SJV006010SJU;181;120;0.00000739
808;SJV006010SJU;169;121;0.00000266
808;SJV006010SJU;176;121;0.00172754
808;SJV006010SJU;177;121;0.00453498
808;SJV006010SJU;178;121;0.00062947
808;SJV006010SJU;179;121;0.00043694
808;SJV006010SJU;180;121;0.00124749
808;SJV006010SJU;181;121;0.00037757
808;SJV006010SJU;182;121;0.00025062
808;SJV006010SJU;168;122;0.00000362
808;SJV006010SJU;169;122;0.00000131
808;SJV006010SJU;176;122;0.00211142
808;SJV006010SJU;177;122;0.00508528
808;SJV006010SJU;178;122;0.00017740
808;SJV006010SJU;180;122;0.00075082
808;SJV006010SJU;176;123;0.00495629
808;SJV006010SJU;177;123;0.00168189
808;SJV006010SJU;178;123;0.00055223
808;SJV006010SJU;180;123;0.00075476
808;SJV006010SJU;175;124;0.00327794
808;SJV006010SJU;176;124;0.00169445
808;SJV006010SJU;178;124;0.00196561
808;SJV006010SJU;179;124;0.00025943
808;SJV006010SJU;180;124;0.00076033
808;SJV006010SJU;181;124;0.00006840
808;SJV006010SJU;182;124;0.00002829
808;SJV006010SJU;183;124;0.00002282
808;SJV006010SJU;174;125;0.00135627
808;SJV006010SJU;175;125;0.00362648
808;SJV006010SJU;179;125;0.00197023
808;SJV006010SJU;180;125;0.00106663
808;SJV006010SJU;183;125;0.00061586
808;SJV006010SJU;184;125;0.00011590
808;SJV006010SJU;185;125;0.00000557
808;SJV006010SJU;186;125;0.00006068
808;SJV006010SJU;187;125;0.00027933
808;SJV006010SJU;174;126;0.00503597
808;SJV006010SJU;175;126;0.00009597
808;SJV006010SJU;176;126;0.00006662
808;SJV006010SJU;177;126;0.00006662
808;SJV006010SJU;178;126;0.00008959
808;SJV006010SJU;179;126;0.00013912
808;SJV006010SJU;180;126;0.00291480
808;SJV006010SJU;181;126;0.00065034
808;SJV006010SJU;182;126;0.00068888
808;SJV006010SJU;183;126;0.00075827
808;SJV006010SJU;184;126;0.00078386
808;SJV006010SJU;185;126;0.00079407
808;SJV006010SJU;186;126;0.00142127
808;SJV006010SJU;187;126;0.00233019
808;SJV006010SJU;188;126;0.00036752
808;SJV006010SJU;189;126;0.00064257
808;SJV006010SJU;190;126;0.00010120
808;SJV006010SJU;173;127;0.00415083
808;SJV006010SJU;174;127;0.00089347
808;SJV006010SJU;180;127;0.00211363
808;SJV006010SJU;183;127;0.00002712
808;SJV006010SJU;186;127;0.00038141
808;SJV006010SJU;187;127;0.00240197
808;SJV006010SJU;188;127;0.00032924
808;SJV006010SJU;189;127;0.00097034
808;SJV006010SJU;190;127;0.00098292
808;SJV006010SJU;172;128;0.00289410
808;SJV006010SJU;173;128;0.00191045
808;SJV006010SJU;174;128;0.00046430
808;SJV006010SJU;175;128;0.00007542
808;SJV006010SJU;176;128;0.00002252
808;SJV006010SJU;180;128;0.00207995
808;SJV006010SJU;183;128;0.00000765
808;SJV006010SJU;186;128;0.00051257
808;SJV006010SJU;187;128;0.00324830
808;SJV006010SJU;188;128;0.00069022
808;SJV006010SJU;189;128;0.00104442
808;SJV006010SJU;190;128;0.00072251
808;SJV006010SJU;191;128;0.00136427
808;SJV006010SJU;192;128;0.00302586
808;SJV006010SJU;171;129;0.00267153
808;SJV006010SJU;172;129;0.00268246
808;SJV006010SJU;173;129;0.00002855
808;SJV006010SJU;174;129;0.00041327
808;SJV006010SJU;176;129;0.00012434
808;SJV006010SJU;177;129;0.00008369
808;SJV006010SJU;178;129;0.00010292
808;SJV006010SJU;179;129;0.00018367
808;SJV006010SJU;180;129;0.00251362
808;SJV006010SJU;181;129;0.00018254
808;SJV006010SJU;182;129;0.00016520
808;SJV006010SJU;183;129;0.00024880
808;SJV006010SJU;184;129;0.00027717
808;SJV006010SJU;185;129;0.00027454
808;SJV006010SJU;186;129;0.00133382
808;SJV006010SJU;187;129;0.00376178
808;SJV006010SJU;188;129;0.00063442
808;SJV006010SJU;189;129;0.00105276
808;SJV006010SJU;190;129;0.00054438
808;SJV006010SJU;191;129;0.00899458
808;SJV006010SJU;192;129;0.01126813
808;SJV006010SJU;193;129;0.00077591
808;SJV006010SJU;170;130;0.00298851
808;SJV006010SJU;171;130;0.00241931
808;SJV006010SJU;174;130;0.00040296
808;SJV006010SJU;176;130;0.00003680
808;SJV006010SJU;178;130;0.00000534
808;SJV006010SJU;179;130;0.00033794
808;SJV006010SJU;180;130;0.00092773
808;SJV006010SJU;181;130;0.00196294
808;SJV006010SJU;183;130;0.00015347
808;SJV006010SJU;185;130;0.00028009
808;SJV006010SJU;186;130;0.00052874
808;SJV006010SJU;187;130;0.00362161
808;SJV006010SJU;188;130;0.00048938
808;SJV006010SJU;189;130;0.00088492
808;SJV006010SJU;190;130;0.00815963
808;SJV006010SJU;191;130;0.01269458
808;SJV006010SJU;192;130;0.00229103
808;SJV006010SJU;193;130;0.00121791
808;SJV006010SJU;194;130;0.00231641
808;SJV006010SJU;195;130;0.00051569
808;SJV006010SJU;196;130;0.00024763
808;SJV006010SJU;198;130;0.00006860
808;SJV006010SJU;169;131;0.00304885
808;SJV006010SJU;170;131;0.00223014
808;SJV006010SJU;171;131;0.00010989
808;SJV006010SJU;172;131;0.00010942
808;SJV006010SJU;173;131;0.00014015
808;SJV006010SJU;174;131;0.00051800
808;SJV006010SJU;175;131;0.00018462
808;SJV006010SJU;176;131;0.00023330
808;SJV006010SJU;177;131;0.00022135
808;SJV006010SJU;178;131;0.00085163
808;SJV006010SJU;179;131;0.00074742
808;SJV006010SJU;180;131;0.00042697
808;SJV006010SJU;181;131;0.00174214
808;SJV006010SJU;182;131;0.00207422
808;SJV006010SJU;183;131;0.00077833
808;SJV006010SJU;184;131;0.00065207
808;SJV006010SJU;185;131;0.00072144
808;SJV006010SJU;186;131;0.00116894
808;SJV006010SJU;187;131;0.00449357
808;SJV006010SJU;188;131;0.00105669
808;SJV006010SJU;189;131;0.00800112
808;SJV006010SJU;190;131;0.02042641
808;SJV006010SJU;191;131;0.00569374
808;SJV006010SJU;192;131;0.00676426
808;SJV006010SJU;193;131;0.00496513
808;SJV006010SJU;194;131;0.00616390
808;SJV006010SJU;195;131;0.00206973
808;SJV006010SJU;196;131;0.00153229
808;SJV006010SJU;197;131;0.00109966
808;SJV006010SJU;198;131;0.00034687
808;SJV006010SJU;168;132;0.00118320
808;SJV006010SJU;169;132;0.00351818
808;SJV006010SJU;170;132;0.00022231
808;SJV006010SJU;173;132;0.00002941
808;SJV006010SJU;174;132;0.00034787
808;SJV006010SJU;175;132;0.00021797
808;SJV006010SJU;176;132;0.00030925
808;SJV006010SJU;177;132;0.00067282
808;SJV006010SJU;178;132;0.00016602
808;SJV006010SJU;179;132;0.00066511
808;SJV006010SJU;180;132;0.00057225
808;SJV006010SJU;181;132;0.00104783
808;SJV006010SJU;182;132;0.00082136
808;SJV006010SJU;183;132;0.00177357
808;SJV006010SJU;184;132;0.00023220
808;SJV006010SJU;185;132;0.00046455
808;SJV006010SJU;186;132;0.00113797
808;SJV006010SJU;187;132;0.00508449
808;SJV006010SJU;188;132;0.00499313
808;SJV006010SJU;189;132;0.02300042
808;SJV006010SJU;190;132;0.00147840
808;SJV006010SJU;191;132;0.00097286
808;SJV006010SJU;192;132;0.00226137
808;SJV006010SJU;193;132;0.00019886
808;SJV006010SJU;194;132;0.00205870
808;SJV006010SJU;195;132;0.00077058
808;SJV006010SJU;196;132;0.00132394
808;SJV006010SJU;197;132;0.00151753
808;SJV006010SJU;198;132;0.00011420
808;SJV006010SJU;164;133;0.00039970
808;SJV006010SJU;168;133;0.00455022
808;SJV006010SJU;170;133;0.00006688
808;SJV006010SJU;171;133;0.00022128
808;SJV006010SJU;172;133;0.00013446
808;SJV006010SJU;173;133;0.00005618
808;SJV006010SJU;174;133;0.00034377
808;SJV006010SJU;175;133;0.00030975
808;SJV006010SJU;177;133;0.00016373
808;SJV006010SJU;178;133;0.00013358
808;SJV006010SJU;181;133;0.00113950
808;SJV006010SJU;183;133;0.00172077
808;SJV006010SJU;185;133;0.00008870
808;SJV006010SJU;186;133;0.00076949
808;SJV006010SJU;187;133;0.00793010
808;SJV006010SJU;188;133;0.02426946
808;SJV006010SJU;189;133;0.00304247
808;SJV006010SJU;190;133;0.00141230
808;SJV006010SJU;191;133;0.00191933
808;SJV006010SJU;192;133;0.00334404
808;SJV006010SJU;193;133;0.00081105
808;SJV006010SJU;194;133;0.00204558
808;SJV006010SJU;195;133;0.00007414
808;SJV006010SJU;196;133;0.00049727
808;SJV006010SJU;197;133;0.00097072
808;SJV006010SJU;198;133;0.00007447
808;SJV006010SJU;199;133;0.00009917
808;SJV006010SJU;200;133;0.00002797
808;SJV006010SJU;201;133;0.00001690
808;SJV006010SJU;204;133;0.00000938
808;SJV006010SJU;163;134;0.00056107
808;SJV006010SJU;164;134;0.00047023
808;SJV006010SJU;167;134;0.00253269
808;SJV006010SJU;168;134;0.00186625
808;SJV006010SJU;170;134;0.00007317
808;SJV006010SJU;172;134;0.00013749
808;SJV006010SJU;173;134;0.00022883
808;SJV006010SJU;174;134;0.00107072
808;SJV006010SJU;175;134;0.00207103
808;SJV006010SJU;176;134;0.00177502
808;SJV006010SJU;177;134;0.00178876
808;SJV006010SJU;178;134;0.00220490
808;SJV006010SJU;179;134;0.00210019
808;SJV006010SJU;180;134;0.00232724
808;SJV006010SJU;181;134;0.00381285
808;SJV006010SJU;182;134;0.00475335
808;SJV006010SJU;183;134;0.00646930
808;SJV006010SJU;184;134;0.00614422
808;SJV006010SJU;185;134;0.00620508
808;SJV006010SJU;186;134;0.00770629
808;SJV006010SJU;187;134;0.03890418
808;SJV006010SJU;188;134;0.00908034
808;SJV006010SJU;189;134;0.00889270
808;SJV006010SJU;190;134;0.00957694
808;SJV006010SJU;191;134;0.01165876
808;SJV006010SJU;192;134;0.00693137
808;SJV006010SJU;193;134;0.00423440
808;SJV006010SJU;194;134;0.00499685
808;SJV006010SJU;195;134;0.00217064
808;SJV006010SJU;196;134;0.00197064
808;SJV006010SJU;197;134;0.00139971
808;SJV006010SJU;198;134;0.00084428
808;SJV006010SJU;199;134;0.00073123
808;SJV006010SJU;200;134;0.00045249
808;SJV006010SJU;201;134;0.00045928
808;SJV006010SJU;202;134;0.00000786
808;SJV006010SJU;203;134;0.00001347
808;SJV006010SJU;204;134;0.00004054
808;SJV006010SJU;163;135;0.00014688
808;SJV006010SJU;164;135;0.00138744
808;SJV006010SJU;166;135;0.00004496
808;SJV006010SJU;167;135;0.00438081
808;SJV006010SJU;168;135;0.00028649
808;SJV006010SJU;169;135;0.00000641
808;SJV006010SJU;170;135;0.00013730
808;SJV006010SJU;171;135;0.00008609
808;SJV006010SJU;172;135;0.00013643
808;SJV006010SJU;173;135;0.00019946
808;SJV006010SJU;174;135;0.00252961
808;SJV006010SJU;179;135;0.00003274
808;SJV006010SJU;180;135;0.00059696
808;SJV006010SJU;181;135;0.00157894
808;SJV006010SJU;182;135;0.00042510
808;SJV006010SJU;183;135;0.00051058
808;SJV006010SJU;184;135;0.00079756
808;SJV006010SJU;185;135;0.00274277
808;SJV006010SJU;186;135;0.02499672
808;SJV006010SJU;187;135;0.04363595
808;SJV006010SJU;188;135;0.02855868
808;SJV006010SJU;189;135;0.01763370
808;SJV006010SJU;190;135;0.00506099
808;SJV006010SJU;191;135;0.00081800
808;SJV006010SJU;192;135;0.00096125
808;SJV006010SJU;193;135;0.00006705
808;SJV006010SJU;194;135;0.00035881
808;SJV006010SJU;195;135;0.00017212
808;SJV006010SJU;198;135;0.00019384
808;SJV006010SJU;199;135;0.00042936
808;SJV006010SJU;200;135;0.00037015
808;SJV006010SJU;201;135;0.00031899
808;SJV006010SJU;202;135;0.00029917
808;SJV006010SJU;203;135;0.00036305
808;SJV006010SJU;204;135;0.00000804
808;SJV006010SJU;164;136;0.00007755
808;SJV006010SJU;165;136;0.00106578
808;SJV006010SJU;166;136;0.00486209
808;SJV006010SJU;167;136;0.00098816
808;SJV006010SJU;168;136;0.00031845
808;SJV006010SJU;170;136;0.00010363
808;SJV006010SJU;173;136;0.00126354
808;SJV006010SJU;174;136;0.00041862
808;SJV006010SJU;179;136;0.00000118
808;SJV006010SJU;180;136;0.00009980
808;SJV006010SJU;181;136;0.00171359
808;SJV006010SJU;182;136;0.00182200
808;SJV006010SJU;183;136;0.00221293
808;SJV006010SJU;184;136;0.00325547
808;SJV006010SJU;185;136;0.01849800
808;SJV006010SJU;186;136;0.01719195
808;SJV006010SJU;187;136;0.03388022
808;SJV006010SJU;188;136;0.02733292
808;SJV006010SJU;189;136;0.01289436
808;SJV006010SJU;190;136;0.00491233
808;SJV006010SJU;191;136;0.00144035
808;SJV006010SJU;192;136;0.00096240
808;SJV006010SJU;193;136;0.00003146
808;SJV006010SJU;195;136;0.00005778
808;SJV006010SJU;196;136;0.00000093
808;SJV006010SJU;197;136;0.00000237
808;SJV006010SJU;198;136;0.00000096
808;SJV006010SJU;166;137;0.00503848
808;SJV006010SJU;167;137;0.00020619
808;SJV006010SJU;168;137;0.00062757
808;SJV006010SJU;169;137;0.00046700
808;SJV006010SJU;170;137;0.00060289
808;SJV006010SJU;171;137;0.00056805
808;SJV006010SJU;172;137;0.00046307
808;SJV006010SJU;173;137;0.00149022
808;SJV006010SJU;181;137;0.00018894
808;SJV006010SJU;184;137;0.00778599
808;SJV006010SJU;185;137;0.00910975
808;SJV006010SJU;186;137;0.01058436
808;SJV006010SJU;187;137;0.03193696
808;SJV006010SJU;188;137;0.01902550
808;SJV006010SJU;189;137;0.01583986
808;SJV006010SJU;190;137;0.00374322
808;SJV006010SJU;191;137;0.00033585
808;SJV006010SJU;192;137;0.00066131
808;SJV006010SJU;193;137;0.00000105
808;SJV006010SJU;194;137;0.00000243
808;SJV006010SJU;195;137;0.00000006
808;SJV006010SJU;196;137;0.00000691
808;SJV006010SJU;197;137;0.00000156
808;SJV006010SJU;165;138;0.00018696
808;SJV006010SJU;166;138;0.00017395
808;SJV006010SJU;168;138;0.00008584
808;SJV006010SJU;170;138;0.00003186
808;SJV006010SJU;171;138;0.00001375
808;SJV006010SJU;172;138;0.00075069
808;SJV006010SJU;173;138;0.00008360
808;SJV006010SJU;187;138;0.01378944
808;SJV006010SJU;188;138;0.00764981
808;SJV006010SJU;189;138;0.00433582
808;SJV006010SJU;190;138;0.00179999
808;SJV006010SJU;191;138;0.00076321
808;SJV006010SJU;192;138;0.00099389
808;SJV006010SJU;194;138;0.00000335
808;SJV006010SJU;196;138;0.00000087
808;SJV006010SJU;197;138;0.00000249
808;SJV006010SJU;198;138;0.00000149
808;SJV006010SJU;168;139;0.00009207
808;SJV006010SJU;170;139;0.00024811
808;SJV006010SJU;171;139;0.00027681
808;SJV006010SJU;172;139;0.00000485
808;SJV006010SJU;187;139;0.00104419
808;SJV006010SJU;188;139;0.00356412
808;SJV006010SJU;189;139;0.00169682
808;SJV006010SJU;192;139;0.00014171
808;SJV006010SJU;193;139;0.00052047
808;SJV006010SJU;194;139;0.00011922
808;SJV006010SJU;195;139;0.00000165
808;SJV006010SJU;197;139;0.00000108
808;SJV006010SJU;198;139;0.00000196
808;SJV006010SJU;168;140;0.00009279
808;SJV006010SJU;169;140;0.00027511
808;SJV006010SJU;170;140;0.00008236
808;SJV006010SJU;188;140;0.00150008
808;SJV006010SJU;189;140;0.00238621
808;SJV006010SJU;190;140;0.00146552
808;SJV006010SJU;193;140;0.00045908
808;SJV006010SJU;194;140;0.00001272
808;SJV006010SJU;195;140;0.00000046
808;SJV006010SJU;196;140;0.00000412
808;SJV006010SJU;197;140;0.00000132
808;SJV006010SJU;188;141;0.00104550
808;SJV006010SJU;189;141;0.00084349
808;SJV006010SJU;190;141;0.00174933
808;SJV006010SJU;191;141;0.00176911
808;SJV006010SJU;192;141;0.00041845
808;SJV006010SJU;193;141;0.00044868
808;SJV006010SJU;194;141;0.00046098
808;SJV006010SJU;195;141;0.00041202
808;SJV006010SJU;196;141;0.00003977
808;SJV006010SJU;191;142;0.00064958
808;SJV006010SJU;192;142;0.00117385
808;SJV006010SJU;193;142;0.00012536
808;SJV006010SJU;194;142;0.00004381
808;SJV006010SJU;195;142;0.00036372
808;SJV006010SJU;196;142;0.00010979
808;SJV006010SJU;202;142;0.00014071
808;SJV006010SJU;203;142;0.00011494
808;SJV006010SJU;204;142;0.00000306
808;SJV006010SJU;193;143;0.00129281
808;SJV006010SJU;194;143;0.00131943
808;SJV006010SJU;195;143;0.00115765
808;SJV006010SJU;196;143;0.00092416
808;SJV006010SJU;200;143;0.00005455
808;SJV006010SJU;201;143;0.00018528
808;SJV006010SJU;202;143;0.00000317
808;SJV006010SJU;193;144;0.00033666
808;SJV006010SJU;194;144;0.00002712
808;SJV006010SJU;196;144;0.00026458
808;SJV006010SJU;197;144;0.00119140
808;SJV006010SJU;198;144;0.00009735
808;SJV006010SJU;199;144;0.00009992
808;SJV006010SJU;200;144;0.00009154
808;SJV006010SJU;201;144;0.00002027
808;SJV006010SJU;193;145;0.00034078
808;SJV006010SJU;197;145;0.00036632
808;SJV006010SJU;193;146;0.00005770
808;SJV006010SJU;197;146;0.00016933
808;SJV006010SJU;198;146;0.00039889
808;SJV006010SJU;199;146;0.00040051
808;SJV006010SJU;200;146;0.00004076
808;SJV006010SJU;199;147;0.00023461
808;SJV006010SJU;200;147;0.00010439
808;SJV006010SJU;200;148;0.00049500
808;SJV006010SJU;200;149;0.00003635
808;GBV006002GBU;190;178;0.00285225
808;GBV006002GBU;181;181;0.00699325
808;GBV006002GBU;181;182;0.00113754
808;GBV006002GBU;182;182;0.00810718
808;GBV006002GBU;183;182;0.00798034
808;GBV006002GBU;183;183;0.00003233
808;GBV006002GBU;184;183;0.00801267
808;GBV006002GBU;185;183;0.00801267
808;GBV006002GBU;186;183;0.00160780
808;GBV006002GBU;186;184;0.01210182
808;GBV006002GBU;186;185;0.00170382
808;GBV006002GBU;187;185;0.01039800
808;GBV006002GBU;187;186;0.00610837
808;GBV006002GBU;188;186;0.00599345
808;GBV006002GBU;182;187;0.00707259
808;GBV006002GBU;187;187;0.06428207
808;GBV006002GBU;188;187;0.06334251
808;GBV006002GBU;189;187;0.05733385
808;GBV006002GBU;190;187;0.05733385
808;GBV006002GBU;191;187;0.00474607
808;GBV006002GBU;181;188;0.01416942
808;GBV006002GBU;182;188;0.00784250
808;GBV006002GBU;183;188;0.01202394
808;GBV006002GBU;186;188;0.04165716
808;GBV006002GBU;187;188;0.02088208
808;GBV006002GBU;183;189;0.01174590
808;GBV006002GBU;184;189;0.00303359
808;GBV006002GBU;186;189;0.06248256
808;GBV006002GBU;183;190;0.08624576
808;GBV006002GBU;184;190;0.14511537
808;GBV006002GBU;185;190;0.10395023
808;GBV006002GBU;186;190;0.08785795
808;GBV006002GBU;187;190;0.01249877
808;GBV006002GBU;187;191;0.05196640
808;GBV006002GBU;187;192;0.00337593
808;0SF0060210BA;129;164;0.01720607
808;0SF0060210BA;127;165;0.00013286
808;0SF0060210BA;129;165;0.07696165
808;0SF0060210BA;126;166;0.00066500
808;0SF0060210BA;127;166;0.00070246
808;0SF0060210BA;128;166;0.05814058
808;0SF0060210BA;129;166;0.03752312
808;0SF0060210BA;124;167;0.00026537
808;0SF0060210BA;125;167;0.00225402
808;0SF0060210BA;126;167;0.00030493
808;0SF0060210BA;127;167;0.00019376
808;0SF0060210BA;128;167;0.08514475
808;0SF0060210BA;129;167;0.00624788
808;0SF0060210BA;130;167;0.04001038
808;0SF0060210BA;124;168;0.00073772
808;0SF0060210BA;125;168;0.00161914
808;0SF0060210BA;126;168;0.00261897
808;0SF0060210BA;127;168;0.00043048
808;0SF0060210BA;128;168;0.09466020
808;0SF0060210BA;129;168;0.10533045
808;0SF0060210BA;130;168;0.00482620
808;0SF0060210BA;123;169;0.00012628
808;0SF0060210BA;124;169;0.00016173
808;0SF0060210BA;126;169;0.00355373
808;0SF0060210BA;127;169;0.02041226
808;0SF0060210BA;128;169;0.09670122
808;0SF0060210BA;129;169;0.00154820
808;0SF0060210BA;130;169;0.00003100
808;0SF0060210BA;123;170;0.00080174
808;0SF0060210BA;124;170;0.00132878
808;0SF0060210BA;125;170;0.00252882
808;0SF0060210BA;126;170;0.00221046
808;0SF0060210BA;127;170;0.00067654
808;0SF0060210BA;128;170;0.07418619
808;0SF0060210BA;122;171;0.00070210
808;0SF0060210BA;123;171;0.00237461
808;0SF0060210BA;124;171;0.00054344
808;0SF0060210BA;125;171;0.00105174
808;0SF0060210BA;127;171;0.00038219
808;0SF0060210BA;128;171;0.08004397
808;0SF0060210BA;121;172;0.00000686
808;0SF0060210BA;122;172;0.00004815
808;0SF0060210BA;124;172;0.00176274
808;0SF0060210BA;125;172;0.00016966
808;0SF0060210BA;126;172;0.00060727
808;0SF0060210BA;127;172;0.01914277
808;0SF0060210BA;128;172;0.05825111
808;0SF0060210BA;129;172;0.01203953
808;0SF0060210BA;121;173;0.00004620
808;0SF0060210BA;122;173;0.00000004
808;0SF0060210BA;124;173;0.00085470
808;0SF0060210BA;125;173;0.00171856
808;0SF0060210BA;126;173;0.00022117
808;0SF0060210BA;127;173;0.03875346
808;0SF0060210BA;128;173;0.00109245
808;0SF0060210BA;120;174;0.00002221
808;0SF0060210BA;121;174;0.00002145
808;0SF0060210BA;122;174;0.00000003
808;0SF0060210BA;123;174;0.00094169
808;0SF0060210BA;124;174;0.00123091
808;0SF0060210BA;125;174;0.00125618
808;0SF0060210BA;127;174;0.03312056
808;0SF0060210BA;128;174;0.00006336
808;0SF0060210BA;120;175;0.00003829
808;0SF0060210BA;120;176;0.00073729
808;0SF0060210BA;121;176;0.00054636
808;0SF0060210BA;122;176;0.00043687
808;0SF0060210BA;120;177;0.00036807
808;0SF0060210BA;121;177;0.00076643
808;0SF0060210BA;121;178;0.00039462
808;0SV006011GLE;136;206;0.00382332
808;0SV006011GLE;136;207;0.05153385
808;0SV006011GLE;140;207;0.00123961
808;0SV006011GLE;136;208;0.05153385
808;0SV006011GLE;140;208;0.00536991
808;0SV006011GLE;141;208;0.00366469
808;0SV006011GLE;142;208;0.00608522
808;0SV006011GLE;143;208;0.01786583
808;0SV006011GLE;136;209;0.05212678
808;0SV006011GLE;140;209;0.00326332
808;0SV006011GLE;142;209;0.00188525
808;0SV006011GLE;134;210;0.01661874
808;0SV006011GLE;135;210;0.03598328
808;0SV006011GLE;136;210;0.08391624
808;0SV006011GLE;137;210;0.01007859
808;0SV006011GLE;138;210;0.01007859
808;0SV006011GLE;139;210;0.00801346
808;0SV006011GLE;140;210;0.00755154
808;0SV006011GLE;142;210;0.00247247
808;0SV006011GLE;136;211;0.05787316
808;0SV006011GLE;140;211;0.00590013
808;0SV006011GLE;136;212;0.05874798
808;0SV006011GLE;140;212;0.00587485
808;0SV006011GLE;136;213;0.05874798
808;0SV006011GLE;140;213;0.00581120
808;0SV006011GLE;136;214;0.05874798
808;0SV006011GLE;140;214;0.00103880
808;0SV006011GLE;136;215;0.05874798
808;0SV006011GLE;140;215;0.00086015
808;0SV006011GLE;136;216;0.06820669
808;0SV006011GLE;137;216;0.03954781
808;0SV006011GLE;138;216;0.04631627
808;0SV006011GLE;139;216;0.04631627
808;0SV006011GLE;140;216;0.05379776
808;0SV006011GLE;136;217;0.05647448
808;0SV006011GLE;136;218;0.00388598
808;NEP006018LAS;181;215;0.03516345
808;NEP006018LAS;181;216;0.05081168
808;NEP006018LAS;180;217;0.04064783
808;NEP006018LAS;181;217;0.04204711
808;NEP006018LAS;181;218;0.01327737
808;NEP006018LAS;181;219;0.01327737
808;NEP006018LAS;181;220;0.01327737
808;NEP006018LAS;181;221;0.01510471
808;NEP006018LAS;180;222;0.00563676
808;NEP006018LAS;181;222;0.01102666
808;NEP006018LAS;179;223;0.00045493
808;NEP006018LAS;180;223;0.01620849
808;NEP006018LAS;179;224;0.01666342
808;NEP006018LAS;178;225;0.01900944
808;NEP006018LAS;179;225;0.00472690
808;NEP006018LAS;176;226;0.01103272
808;NEP006018LAS;177;226;0.02093750
808;NEP006018LAS;178;226;0.00214342
808;NEP006018LAS;174;227;0.01375846
808;NEP006018LAS;175;227;0.01880416
808;NEP006018LAS;176;227;0.00988849
808;NEP006018LAS;173;228;0.01294100
808;NEP006018LAS;174;228;0.01018105
808;NEP006018LAS;172;229;0.00782033
808;NEP006018LAS;173;229;0.01505872
808;NEP006018LAS;181;229;0.00013144
808;NEP006018LAS;182;229;0.00025602
808;NEP006018LAS;171;230;0.00175572
808;NEP006018LAS;172;230;0.02127837
808;NEP006018LAS;180;230;0.00071227
808;NEP006018LAS;181;230;0.00062708
808;NEP006018LAS;160;231;0.01307103
808;NEP006018LAS;161;231;0.03260253
808;NEP006018LAS;162;231;0.01302461
808;NEP006018LAS;170;231;0.00091817
808;NEP006018LAS;171;231;0.02020494
808;NEP006018LAS;172;231;0.00022957
808;NEP006018LAS;173;231;0.00019332
808;NEP006018LAS;178;231;0.00048016
808;NEP006018LAS;179;231;0.00074455
808;NEP006018LAS;180;231;0.00004624
808;NEP006018LAS;161;232;0.00678257
808;NEP006018LAS;162;232;0.01449434
808;NEP006018LAS;163;232;0.02751895
808;NEP006018LAS;164;232;0.01201731
808;NEP006018LAS;170;232;0.01594115
808;NEP006018LAS;173;232;0.00066309
808;NEP006018LAS;176;232;0.00031941
808;NEP006018LAS;177;232;0.00068199
808;NEP006018LAS;178;232;0.00020182
808;NEP006018LAS;161;233;0.00031024
808;NEP006018LAS;164;233;0.01562418
808;NEP006018LAS;165;233;0.02768800
808;NEP006018LAS;166;233;0.00960670
808;NEP006018LAS;169;233;0.01264789
808;NEP006018LAS;170;233;0.00938938
808;NEP006018LAS;171;233;0.00059376
808;NEP006018LAS;172;233;0.00059376
808;NEP006018LAS;173;233;0.00024725
808;NEP006018LAS;174;233;0.00082128
808;NEP006018LAS;175;233;0.00102968
808;NEP006018LAS;176;233;0.00036257
808;NEP006018LAS;161;234;0.00031024
808;NEP006018LAS;165;234;0.00115627
808;NEP006018LAS;166;234;0.01873516
808;NEP006018LAS;167;234;0.02645581
808;NEP006018LAS;168;234;0.08805226
808;NEP006018LAS;169;234;0.01838224
808;NEP006018LAS;175;234;0.00004216
808;NEP006018LAS;176;234;0.00032343
808;NEP006018LAS;160;235;0.00030161
808;NEP006018LAS;161;235;0.00000863
808;NEP006018LAS;162;235;0.00032428
808;NEP006018LAS;163;235;0.00155516
808;NEP006018LAS;164;235;0.00129205
808;NEP006018LAS;165;235;0.00026962
808;NEP006018LAS;169;235;0.00220655
808;NEP006018LAS;170;235;0.00211922
808;NEP006018LAS;176;235;0.00036559
808;NEP006018LAS;160;236;0.00031024
808;NEP006018LAS;161;236;0.00034392
808;NEP006018LAS;162;236;0.00178770
808;NEP006018LAS;170;236;0.00505103
808;NEP006018LAS;171;236;0.00058463
808;NEP006018LAS;176;236;0.00036559
808;NEP006018LAS;160;237;0.00046831
808;NEP006018LAS;161;237;0.00202872
808;NEP006018LAS;169;237;0.00382535
808;NEP006018LAS;170;237;0.00245005
808;NEP006018LAS;176;237;0.00036559
808;NEP006018LAS;159;238;0.00026700
808;NEP006018LAS;160;238;0.00223003
808;NEP006018LAS;169;238;0.00528553
808;NEP006018LAS;176;238;0.00036559
808;NEP006018LAS;158;239;0.00043421
808;NEP006018LAS;159;239;0.00248705
808;NEP006018LAS;160;239;0.00002777
808;NEP006018LAS;168;239;0.00385841
808;NEP006018LAS;169;239;0.00095840
808;NEP006018LAS;176;239;0.00020014
808;NEP006018LAS;177;239;0.00016544
808;NEP006018LAS;155;240;0.00568811
808;NEP006018LAS;156;240;0.00190849
808;NEP006018LAS;157;240;0.00206033
808;NEP006018LAS;158;240;0.00187766
808;NEP006018LAS;168;240;0.00481681
808;NEP006018LAS;176;240;0.00018765
808;NEP006018LAS;177;240;0.00022794
808;NEP006018LAS;168;241;0.00481681
808;NEP006018LAS;175;241;0.00001942
808;NEP006018LAS;176;241;0.00042549
808;NEP006018LAS;168;242;0.00507730
808;NEP006018LAS;175;242;0.00044491
808;NEP006018LAS;167;243;0.00434186
808;NEP006018LAS;168;243;0.00086589
808;NEP006018LAS;174;243;0.00029611
808;NEP006018LAS;175;243;0.00014880
808;NEP006018LAS;167;244;0.00511288
808;NEP006018LAS;173;244;0.00012789
808;NEP006018LAS;174;244;0.00031702
808;NEP006018LAS;167;245;0.00487267
808;NEP006018LAS;173;245;0.00044491
808;NEP006018LAS;167;246;0.00487267
808;NEP006018LAS;170;246;0.00003563
808;NEP006018LAS;171;246;0.00003764
808;NEP006018LAS;172;246;0.00072638
808;NEP006018LAS;173;246;0.00004033
808;NEP006018LAS;166;247;0.00353378
808;NEP006018LAS;167;247;0.00065051
808;NEP006018LAS;168;247;0.00003764
808;NEP006018LAS;169;247;0.00003764
808;NEP006018LAS;170;247;0.00000201
808;NEP006018LAS;172;247;0.00093470
808;NEP006018LAS;166;248;0.00252409
808;NEP006018LAS;172;248;0.00093470
808;NEP006018LAS;165;249;0.00225492
808;NEP006018LAS;166;249;0.00026917
808;NEP006018LAS;172;249;0.00093470
808;NEP006018LAS;164;250;0.00086742
808;NEP006018LAS;165;250;0.00165667
808;NEP006018LAS;172;250;0.00093270
808;NEP006018LAS;157;251;0.00268871
808;NEP006018LAS;164;251;0.00240953
808;NEP006018LAS;172;251;0.00093104
808;NEP006018LAS;155;252;0.00440037
808;NEP006018LAS;156;252;0.00498054
808;NEP006018LAS;157;252;0.00406740
808;NEP006018LAS;158;252;0.00323921
808;NEP006018LAS;163;252;0.00093089
808;NEP006018LAS;164;252;0.00136540
808;NEP006018LAS;172;252;0.00093104
808;NEP006018LAS;158;253;0.00450617
808;NEP006018LAS;159;253;0.00497944
808;NEP006018LAS;160;253;0.00092667
808;NEP006018LAS;163;253;0.00229630
808;NEP006018LAS;171;253;0.00029837
808;NEP006018LAS;172;253;0.00063266
808;NEP006018LAS;159;254;0.00229718
808;NEP006018LAS;160;254;0.00272209
808;NEP006018LAS;161;254;0.00412525
808;NEP006018LAS;162;254;0.00164636
808;NEP006018LAS;163;254;0.00228179
808;NEP006018LAS;171;254;0.00093103
808;NEP006018LAS;181;254;0.00058454
808;NEP006018LAS;182;254;0.00006046
808;NEP006018LAS;159;255;0.00023585
808;NEP006018LAS;162;255;0.00062108
808;NEP006018LAS;171;255;0.00003755
808;NEP006018LAS;181;255;0.00003910
808;0NC006008NCU;100;264;0.02130669
808;0NC006008NCU;100;265;0.03227257
808;0NC006008NCU;101;265;0.01688015
808;0NC006008NCU;100;266;0.04274128
808;0NC006008NCU;99;267;0.03831391
808;0NC006008NCU;100;267;0.00141156
808;0NC006008NCU;99;268;0.03654780
808;0NC006008NCU;99;269;0.03547584
808;0NC006008NCU;99;270;0.03840796
808;0NC006008NCU;97;271;0.00163223
808;0NC006008NCU;98;271;0.04537129
808;0NC006008NCU;99;271;0.00550605
808;0NC006008NCU;97;272;0.09620160
808;0NC006008NCU;98;272;0.07926138
808;0NC006008NCU;100;272;0.00097813
808;0NC006008NCU;98;273;0.10932009
808;0NC006008NCU;99;273;0.01354251
808;0NC006008NCU;100;273;0.01911906
808;0NC006008NCU;101;273;0.00675437
808;0NC006008NCU;98;274;0.00099194
808;0NC006008NCU;99;274;0.04135011
808;0NC006008NCU;101;274;0.01221813
808;0NC006008NCU;102;274;0.01356888
808;0NC006008NCU;103;274;0.01634371
808;0NC006008NCU;104;274;0.01655218
808;0NC006008NCU;105;274;0.00240512
808;0NC006008NCU;99;275;0.05880211
808;0NC006008NCU;105;275;0.01414706
808;0NC006008NCU;106;275;0.01563631
808;0NC006008NCU;98;276;0.01362978
808;0NC006008NCU;99;276;0.04757220
808;0NC006008NCU;106;276;0.01058280
808;0NC006008NCU;107;276;0.00583849
808;0NC006008NCU;97;277;0.02887215
808;0NC006008NCU;98;277;0.02592241
808;0NC006008NCU;107;277;0.01642129
808;0NC006008NCU;110;277;0.00005692
808;0NC006008NCU;111;277;0.00014853
808;0NC006008NCU;97;278;0.01464932
808;0NC006008NCU;107;278;0.00316963
808;0NC006008NCU;110;278;0.00007649
808;0SF0060280BA;131;173;0.00481357
808;0SF0060280BA;134;173;0.02706161
808;0SF0060280BA;135;173;0.04387771
808;0SF0060280BA;134;174;0.04686149
808;0SF0060280BA;135;174;0.00675786
808;0SF0060280BA;134;175;0.09724414
808;0SF0060280BA;135;175;0.03684732
808;0SF0060280BA;132;176;0.02806752
808;0SF0060280BA;133;176;0.09915156
808;0SF0060280BA;134;176;0.07677534
808;0SF0060280BA;132;177;0.00097712
808;0SF0060280BA;133;177;0.10161827
808;0SF0060280BA;134;177;0.03992872
808;0SF0060280BA;137;177;0.00000074
808;0SF0060280BA;132;178;0.00549681
808;0SF0060280BA;133;178;0.07314199
808;0SF0060280BA;134;178;0.01847989
808;0SF0060280BA;135;178;0.00007429
808;0SF0060280BA;136;178;0.00020240
808;0SF0060280BA;137;178;0.00039289
808;0SF0060280BA;131;179;0.00567930
808;0SF0060280BA;132;179;0.02315941
808;0SF0060280BA;133;179;0.01504308
808;0SF0060280BA;135;179;0.00140273
808;0SF0060280BA;136;179;0.00054527
808;0SF0060280BA;130;180;0.00942869
808;0SF0060280BA;131;180;0.01461656
808;0SF0060280BA;132;180;0.02439417
808;0SF0060280BA;135;180;0.00116443
808;0SF0060280BA;131;181;0.02831692
808;0SF0060280BA;132;181;0.00075776
808;0SF0060280BA;135;181;0.00063722
808;0SF0060280BA;136;181;0.00087635
808;0SF0060280BA;137;181;0.00004179
808;0SF0060280BA;130;182;0.01444692
808;0SF0060280BA;131;182;0.00900484
808;0SF0060280BA;132;182;0.00001123
808;0SF0060280BA;133;182;0.00001123
808;0SF0060280BA;134;182;0.00020706
808;0SF0060280BA;135;182;0.00136824
808;0SF0060280BA;137;182;0.00016399
808;0SF0060280BA;129;183;0.00757501
808;0SF0060280BA;130;183;0.02666379
808;0SF0060280BA;131;183;0.00000318
808;0SF0060280BA;133;183;0.00000003
808;0SF0060280BA;134;183;0.00000002
808;0SF0060280BA;135;183;0.00178110
808;0SF0060280BA;137;183;0.00015815
808;0SF0060280BA;138;183;0.00006960
808;0SF0060280BA;128;184;0.00925274
808;0SF0060280BA;129;184;0.01394751
808;0SF0060280BA;130;184;0.01110452
808;0SF0060280BA;132;184;0.00000002
808;0SF0060280BA;133;184;0.00000001
808;0SF0060280BA;135;184;0.00126319
808;0SF0060280BA;126;185;0.00069704
808;0SF0060280BA;127;185;0.02583963
808;0SF0060280BA;128;185;0.00772372
808;0SF0060280BA;129;185;0.00001817
808;0SF0060280BA;130;185;0.00126412
808;0SF0060280BA;131;185;0.00056598
808;0SF0060280BA;132;185;0.00000001
808;0SF0060280BA;134;185;0.00125127
808;0SF0060280BA;135;185;0.00009901
808;0SF0060280BA;126;186;0.00009057
808;0SF0060280BA;127;186;0.01250050
808;0SF0060280BA;131;186;0.00193199
808;0SF0060280BA;132;186;0.00161454
808;0SF0060280BA;133;186;0.00215158
808;0SF0060280BA;134;186;0.00077207
808;0SF0060280BA;127;187;0.01214613
808;0SF0060280BA;132;187;0.00046636
808;SCC006040SLO;194;84;0.00002307
808;SCC006040SLO;192;85;0.00048143
808;SCC006040SLO;193;85;0.00071827
808;SCC006040SLO;194;85;0.00057765
808;SCC006040SLO;170;86;0.00007176
808;SCC006040SLO;174;86;0.00008747
808;SCC006040SLO;194;86;0.00072705
808;SCC006040SLO;170;87;0.00238768
808;SCC006040SLO;171;87;0.00072752
808;SCC006040SLO;172;87;0.00309573
808;SCC006040SLO;173;87;0.01666661
808;SCC006040SLO;174;87;0.00090683
808;SCC006040SLO;175;87;0.00048069
808;SCC006040SLO;193;87;0.00000083
808;SCC006040SLO;194;87;0.00005060
808;SCC006040SLO;169;88;0.00009657
808;SCC006040SLO;170;88;0.00322071
808;SCC006040SLO;171;88;0.00396228
808;SCC006040SLO;172;88;0.02702162
808;SCC006040SLO;173;88;0.00009082
808;SCC006040SLO;175;88;0.00075393
808;SCC006040SLO;176;88;0.00104977
808;SCC006040SLO;177;88;0.00077822
808;SCC006040SLO;178;88;0.00012017
808;SCC006040SLO;179;88;0.00004717
808;SCC006040SLO;185;88;0.00018418
808;SCC006040SLO;192;88;0.00001500
808;SCC006040SLO;193;88;0.00005354
808;SCC006040SLO;169;89;0.00097591
808;SCC006040SLO;170;89;0.00424135
808;SCC006040SLO;171;89;0.02027826
808;SCC006040SLO;172;89;0.00156851
808;SCC006040SLO;176;89;0.00012120
808;SCC006040SLO;177;89;0.00004953
808;SCC006040SLO;179;89;0.00006778
808;SCC006040SLO;182;89;0.00023053
808;SCC006040SLO;183;89;0.00045126
808;SCC006040SLO;184;89;0.00041055
808;SCC006040SLO;185;89;0.00014270
808;SCC006040SLO;190;89;0.00003740
808;SCC006040SLO;191;89;0.00004448
808;SCC006040SLO;192;89;0.00003307
808;SCC006040SLO;169;90;0.02027731
808;SCC006040SLO;170;90;0.02659243
808;SCC006040SLO;171;90;0.00424209
808;SCC006040SLO;172;90;0.00004077
808;SCC006040SLO;173;90;0.00001582
808;SCC006040SLO;174;90;0.00000242
808;SCC006040SLO;180;90;0.00010947
808;SCC006040SLO;181;90;0.00034082
808;SCC006040SLO;182;90;0.00019901
808;SCC006040SLO;183;90;0.00001500
808;SCC006040SLO;188;90;0.00001530
808;SCC006040SLO;189;90;0.00005665
808;SCC006040SLO;190;90;0.00001023
808;SCC006040SLO;167;91;0.00164349
808;SCC006040SLO;168;91;0.03444684
808;SCC006040SLO;169;91;0.03365521
808;SCC006040SLO;170;91;0.00378828
808;SCC006040SLO;171;91;0.00082581
808;SCC006040SLO;172;91;0.00021178
808;SCC006040SLO;173;91;0.00007412
808;SCC006040SLO;174;91;0.00000644
808;SCC006040SLO;175;91;0.00000800
808;SCC006040SLO;183;91;0.00001275
808;SCC006040SLO;187;91;0.00004182
808;SCC006040SLO;188;91;0.00004947
808;SCC006040SLO;164;92;0.00081185
808;SCC006040SLO;165;92;0.00188307
808;SCC006040SLO;166;92;0.00310268
808;SCC006040SLO;167;92;0.03420223
808;SCC006040SLO;168;92;0.00010929
808;SCC006040SLO;169;92;0.00286887
808;SCC006040SLO;170;92;0.00220847
808;SCC006040SLO;171;92;0.00071937
808;SCC006040SLO;172;92;0.00027293
808;SCC006040SLO;173;92;0.00014039
808;SCC006040SLO;175;92;0.00000162
808;SCC006040SLO;176;92;0.00000778
808;SCC006040SLO;177;92;0.00000897
808;SCC006040SLO;178;92;0.00000368
808;SCC006040SLO;183;92;0.00000462
808;SCC006040SLO;184;92;0.00000507
808;SCC006040SLO;186;92;0.00005028
808;SCC006040SLO;187;92;0.00001048
808;SCC006040SLO;188;92;0.00000376
808;SCC006040SLO;163;93;0.00016911
808;SCC006040SLO;164;93;0.00087967
808;SCC006040SLO;166;93;0.00013946
808;SCC006040SLO;167;93;0.02929377
808;SCC006040SLO;168;93;0.00024495
808;SCC006040SLO;169;93;0.00612750
808;SCC006040SLO;170;93;0.00052460
808;SCC006040SLO;173;93;0.00006809
808;SCC006040SLO;174;93;0.00021673
808;SCC006040SLO;184;93;0.00000878
808;SCC006040SLO;185;93;0.00004920
808;SCC006040SLO;186;93;0.00002534
808;SCC006040SLO;163;94;0.00032259
808;SCC006040SLO;165;94;0.00000169
808;SCC006040SLO;166;94;0.00016706
808;SCC006040SLO;167;94;0.01699617
808;SCC006040SLO;168;94;0.04076106
808;SCC006040SLO;169;94;0.00238830
808;SCC006040SLO;170;94;0.00002265
808;SCC006040SLO;174;94;0.00008615
808;SCC006040SLO;184;94;0.00004911
808;SCC006040SLO;185;94;0.00002385
808;SCC006040SLO;163;95;0.00031150
808;SCC006040SLO;164;95;0.00071172
808;SCC006040SLO;165;95;0.00337118
808;SCC006040SLO;166;95;0.00357215
808;SCC006040SLO;167;95;0.00485832
808;SCC006040SLO;168;95;0.07243361
808;SCC006040SLO;169;95;0.01298537
808;SCC006040SLO;171;95;0.00000014
808;SCC006040SLO;172;95;0.00002645
808;SCC006040SLO;173;95;0.00002390
808;SCC006040SLO;174;95;0.00004257
808;SCC006040SLO;175;95;0.00000226
808;SCC006040SLO;183;95;0.00003772
808;SCC006040SLO;184;95;0.00003423
808;SCC006040SLO;164;96;0.00714695
808;SCC006040SLO;165;96;0.00002045
808;SCC006040SLO;166;96;0.01092112
808;SCC006040SLO;167;96;0.01110793
808;SCC006040SLO;168;96;0.00001058
808;SCC006040SLO;169;96;0.02897412
808;SCC006040SLO;171;96;0.00002504
808;SCC006040SLO;175;96;0.00001158
808;SCC006040SLO;177;96;0.00000354
808;SCC006040SLO;178;96;0.00003062
808;SCC006040SLO;182;96;0.00000454
808;SCC006040SLO;183;96;0.00043534
808;SCC006040SLO;184;96;0.00018030
808;SCC006040SLO;185;96;0.00004602
808;SCC006040SLO;186;96;0.00004572
808;SCC006040SLO;164;97;0.01436172
808;SCC006040SLO;165;97;0.01016546
808;SCC006040SLO;166;97;0.00077968
808;SCC006040SLO;168;97;0.02082585
808;SCC006040SLO;169;97;0.01024906
808;SCC006040SLO;170;97;0.00026843
808;SCC006040SLO;171;97;0.00029754
808;SCC006040SLO;172;97;0.00032009
808;SCC006040SLO;173;97;0.00011111
808;SCC006040SLO;175;97;0.00001515
808;SCC006040SLO;176;97;0.00004122
808;SCC006040SLO;177;97;0.00004500
808;SCC006040SLO;180;97;0.00024285
808;SCC006040SLO;181;97;0.00033433
808;SCC006040SLO;182;97;0.00045639
808;SCC006040SLO;183;97;0.00005627
808;SCC006040SLO;184;97;0.00003765
808;SCC006040SLO;185;97;0.00000032
808;SCC006040SLO;186;97;0.00001194
808;SCC006040SLO;187;97;0.00000147
808;SCC006040SLO;163;98;0.00377485
808;SCC006040SLO;164;98;0.00285684
808;SCC006040SLO;165;98;0.00011094
808;SCC006040SLO;169;98;0.02935384
808;SCC006040SLO;170;98;0.00153434
808;SCC006040SLO;172;98;0.00001740
808;SCC006040SLO;173;98;0.00001810
808;SCC006040SLO;176;98;0.00035820
808;SCC006040SLO;177;98;0.00033219
808;SCC006040SLO;178;98;0.00035672
808;SCC006040SLO;179;98;0.00039007
808;SCC006040SLO;180;98;0.00013908
808;SCC006040SLO;181;98;0.00006296
808;SCC006040SLO;161;99;0.00007247
808;SCC006040SLO;162;99;0.00163360
808;SCC006040SLO;163;99;0.00403631
808;SCC006040SLO;164;99;0.00013209
808;SCC006040SLO;165;99;0.00012942
808;SCC006040SLO;166;99;0.00022378
808;SCC006040SLO;167;99;0.00041769
808;SCC006040SLO;168;99;0.01826801
808;SCC006040SLO;169;99;0.01024783
808;SCC006040SLO;170;99;0.00042465
808;SCC006040SLO;171;99;0.00119514
808;SCC006040SLO;172;99;0.00094801
808;SCC006040SLO;174;99;0.00012569
808;SCC006040SLO;175;99;0.00010895
808;SCC006040SLO;176;99;0.00061636
808;SCC006040SLO;177;99;0.00012196
808;SCC006040SLO;178;99;0.00015267
808;SCC006040SLO;181;99;0.00006344
808;SCC006040SLO;182;99;0.00003460
808;SCC006040SLO;160;100;0.00045005
808;SCC006040SLO;161;100;0.00186809
808;SCC006040SLO;162;100;0.00006380
808;SCC006040SLO;163;100;0.00005613
808;SCC006040SLO;164;100;0.00008421
808;SCC006040SLO;165;100;0.00002305
808;SCC006040SLO;166;100;0.00032233
808;SCC006040SLO;167;100;0.00246124
808;SCC006040SLO;168;100;0.04233423
808;SCC006040SLO;169;100;0.00039115
808;SCC006040SLO;170;100;0.00007587
808;SCC006040SLO;171;100;0.00014333
808;SCC006040SLO;172;100;0.00017003
808;SCC006040SLO;173;100;0.00054912
808;SCC006040SLO;174;100;0.00048842
808;SCC006040SLO;175;100;0.00049031
808;SCC006040SLO;178;100;0.00003500
808;SCC006040SLO;181;100;0.00011145
808;SCC006040SLO;182;100;0.00005358
808;SCC006040SLO;159;101;0.00026740
808;SCC006040SLO;160;101;0.00185680
808;SCC006040SLO;162;101;0.00000518
808;SCC006040SLO;164;101;0.00010235
808;SCC006040SLO;165;101;0.00000886
808;SCC006040SLO;166;101;0.00017459
808;SCC006040SLO;167;101;0.02530628
808;SCC006040SLO;168;101;0.00803597
808;SCC006040SLO;169;101;0.00132650
808;SCC006040SLO;170;101;0.00071707
808;SCC006040SLO;171;101;0.00048148
808;SCC006040SLO;172;101;0.00058920
808;SCC006040SLO;173;101;0.00001995
808;SCC006040SLO;175;101;0.00005982
808;SCC006040SLO;178;101;0.00002734
808;SCC006040SLO;181;101;0.00005062
808;SCC006040SLO;158;102;0.00131067
808;SCC006040SLO;159;102;0.00447415
808;SCC006040SLO;160;102;0.00085992
808;SCC006040SLO;161;102;0.00087194
808;SCC006040SLO;162;102;0.00083447
808;SCC006040SLO;163;102;0.00084273
808;SCC006040SLO;164;102;0.00102564
808;SCC006040SLO;165;102;0.00163181
808;SCC006040SLO;166;102;0.00238998
808;SCC006040SLO;167;102;0.02577907
808;SCC006040SLO;168;102;0.00042504
808;SCC006040SLO;169;102;0.00183893
808;SCC006040SLO;170;102;0.00046588
808;SCC006040SLO;171;102;0.00133037
808;SCC006040SLO;172;102;0.00016502
808;SCC006040SLO;175;102;0.00005760
808;SCC006040SLO;177;102;0.00000683
808;SCC006040SLO;178;102;0.00000351
808;SCC006040SLO;180;102;0.00003279
808;SCC006040SLO;181;102;0.00001962
808;SCC006040SLO;158;103;0.00382894
808;SCC006040SLO;159;103;0.00051120
808;SCC006040SLO;160;103;0.00028939
808;SCC006040SLO;161;103;0.00006050
808;SCC006040SLO;162;103;0.00015015
808;SCC006040SLO;164;103;0.00034133
808;SCC006040SLO;165;103;0.00051816
808;SCC006040SLO;166;103;0.00042517
808;SCC006040SLO;167;103;0.02175210
808;SCC006040SLO;168;103;0.00140118
808;SCC006040SLO;169;103;0.00131477
808;SCC006040SLO;170;103;0.00216142
808;SCC006040SLO;171;103;0.00010282
808;SCC006040SLO;172;103;0.00013021
808;SCC006040SLO;173;103;0.00006880
808;SCC006040SLO;175;103;0.00006942
808;SCC006040SLO;176;103;0.00000848
808;SCC006040SLO;177;103;0.00000181
808;SCC006040SLO;179;103;0.00002212
808;SCC006040SLO;180;103;0.00003253
808;SCC006040SLO;157;104;0.00167206
808;SCC006040SLO;158;104;0.00018558
808;SCC006040SLO;159;104;0.00001305
808;SCC006040SLO;162;104;0.00005299
808;SCC006040SLO;163;104;0.00006418
808;SCC006040SLO;164;104;0.00058613
808;SCC006040SLO;166;104;0.00005307
808;SCC006040SLO;167;104;0.02525662
808;SCC006040SLO;168;104;0.01407294
808;SCC006040SLO;169;104;0.00040775
808;SCC006040SLO;170;104;0.00113423
808;SCC006040SLO;171;104;0.00017483
808;SCC006040SLO;173;104;0.00000392
808;SCC006040SLO;174;104;0.00014088
808;SCC006040SLO;175;104;0.00004736
808;SCC006040SLO;178;104;0.00001315
808;SCC006040SLO;179;104;0.00001944
808;SCC006040SLO;154;105;0.00033465
808;SCC006040SLO;155;105;0.00114846
808;SCC006040SLO;156;105;0.00121199
808;SCC006040SLO;157;105;0.00030975
808;SCC006040SLO;159;105;0.00000621
808;SCC006040SLO;160;105;0.00001160
808;SCC006040SLO;161;105;0.00001488
808;SCC006040SLO;162;105;0.00048144
808;SCC006040SLO;163;105;0.00072794
808;SCC006040SLO;164;105;0.00020479
808;SCC006040SLO;165;105;0.00004237
808;SCC006040SLO;166;105;0.00086967
808;SCC006040SLO;167;105;0.01520524
808;SCC006040SLO;168;105;0.01145039
808;SCC006040SLO;169;105;0.00820920
808;SCC006040SLO;170;105;0.00556303
808;SCC006040SLO;171;105;0.00504603
808;SCC006040SLO;172;105;0.00451170
808;SCC006040SLO;173;105;0.00440890
808;SCC006040SLO;174;105;0.00454186
808;SCC006040SLO;175;105;0.00216049
808;SCC006040SLO;177;105;0.00001895
808;SCC006040SLO;178;105;0.00003891
808;SCC006040SLO;154;106;0.00119850
808;SCC006040SLO;156;106;0.00008808
808;SCC006040SLO;157;106;0.00001134
808;SCC006040SLO;161;106;0.00046026
808;SCC006040SLO;162;106;0.00039988
808;SCC006040SLO;164;106;0.00118783
808;SCC006040SLO;165;106;0.00292315
808;SCC006040SLO;166;106;0.00246585
808;SCC006040SLO;167;106;0.00699683
808;SCC006040SLO;168;106;0.00023690
808;SCC006040SLO;169;106;0.00063564
808;SCC006040SLO;170;106;0.00006530
808;SCC006040SLO;171;106;0.00002027
808;SCC006040SLO;172;106;0.00025939
808;SCC006040SLO;175;106;0.00426151
808;SCC006040SLO;176;106;0.00127540
808;SCC006040SLO;177;106;0.00004169
808;SCC006040SLO;153;107;0.00009910
808;SCC006040SLO;154;107;0.00083282
808;SCC006040SLO;160;107;0.00008070
808;SCC006040SLO;161;107;0.00018542
808;SCC006040SLO;163;107;0.00215588
808;SCC006040SLO;164;107;0.00165132
808;SCC006040SLO;166;107;0.00000020
808;SCC006040SLO;167;107;0.00717328
808;SCC006040SLO;168;107;0.00010825
808;SCC006040SLO;169;107;0.00018577
808;SCC006040SLO;170;107;0.00032288
808;SCC006040SLO;172;107;0.00001721
808;SCC006040SLO;176;107;0.00474843
808;SCC006040SLO;177;107;0.00232393
808;SCC006040SLO;178;107;0.00194480
808;SCC006040SLO;153;108;0.00083894
808;SCC006040SLO;154;108;0.00024569
808;SCC006040SLO;160;108;0.00003567
808;SCC006040SLO;161;108;0.00012290
808;SCC006040SLO;162;108;0.00026865
808;SCC006040SLO;163;108;0.00129360
808;SCC006040SLO;166;108;0.00038203
808;SCC006040SLO;167;108;0.00939098
808;SCC006040SLO;168;108;0.00000744
808;SCC006040SLO;169;108;0.00011464
808;SCC006040SLO;176;108;0.00000124
808;SCC006040SLO;177;108;0.00259810
808;SCC006040SLO;178;108;0.00184640
808;SCC006040SLO;153;109;0.00048288
808;SCC006040SLO;161;109;0.00013350
808;SCC006040SLO;162;109;0.00032123
808;SCC006040SLO;163;109;0.00013735
808;SCC006040SLO;166;109;0.00128004
808;0SF0060410BA;132;145;0.00030665
808;0SF0060410BA;133;145;0.00031253
808;0SF0060410BA;131;146;0.00033301
808;0SF0060410BA;132;146;0.00085062
808;0SF0060410BA;130;147;0.00001657
808;0SF0060410BA;131;147;0.00110125
808;0SF0060410BA;130;148;0.00084267
808;0SF0060410BA;136;148;0.00000093
808;0SF0060410BA;130;149;0.00052231
808;0SF0060410BA;131;149;0.00086788
808;0SF0060410BA;132;149;0.00053052
808;0SF0060410BA;130;150;0.00005493
808;0SF0060410BA;132;150;0.00036087
808;0SF0060410BA;133;150;0.00161838
808;0SF0060410BA;134;150;0.00112324
808;0SF0060410BA;135;150;0.00128527
808;0SF0060410BA;136;150;0.00010111
808;0SF0060410BA;130;151;0.00000501
808;0SF0060410BA;131;151;0.00006707
808;0SF0060410BA;132;151;0.00000354
808;0SF0060410BA;133;151;0.00204818
808;0SF0060410BA;134;151;0.00000031
808;0SF0060410BA;135;151;0.00014689
808;0SF0060410BA;130;152;0.00004072
808;0SF0060410BA;131;152;0.00002239
808;0SF0060410BA;133;152;0.00135742
808;0SF0060410BA;134;152;0.00074078
808;0SF0060410BA;135;152;0.00003982
808;0SF0060410BA;130;153;0.00006644
808;0SF0060410BA;132;153;0.00000300
808;0SF0060410BA;133;153;0.00027185
808;0SF0060410BA;134;153;0.01251775
808;0SF0060410BA;135;153;0.02203764
808;0SF0060410BA;130;154;0.00162993
808;0SF0060410BA;132;154;0.00005597
808;0SF0060410BA;133;154;0.01509217
808;0SF0060410BA;134;154;0.03074828
808;0SF0060410BA;135;154;0.01538540
808;0SF0060410BA;136;154;0.02638874
808;0SF0060410BA;137;154;0.00001044
808;0SF0060410BA;129;155;0.00061563
808;0SF0060410BA;130;155;0.00689147
808;0SF0060410BA;131;155;0.00719161
808;0SF0060410BA;132;155;0.00980134
808;0SF0060410BA;133;155;0.02110503
808;0SF0060410BA;134;155;0.03841179
808;0SF0060410BA;135;155;0.04950932
808;0SF0060410BA;136;155;0.04424979
808;0SF0060410BA;137;155;0.00288503
808;0SF0060410BA;128;156;0.00197407
808;0SF0060410BA;129;156;0.00283036
808;0SF0060410BA;131;156;0.00243004
808;0SF0060410BA;132;156;0.03801994
808;0SF0060410BA;133;156;0.03153123
808;0SF0060410BA;134;156;0.04185300
808;0SF0060410BA;135;156;0.00100128
808;0SF0060410BA;137;156;0.00245059
808;0SF0060410BA;128;157;0.00381951
808;0SF0060410BA;131;157;0.02090790
808;0SF0060410BA;132;157;0.02007357
808;0SF0060410BA;133;157;0.08263454
808;0SF0060410BA;134;157;0.00903558
808;0SF0060410BA;128;158;0.00329722
808;0SF0060410BA;129;158;0.00532416
808;0SF0060410BA;130;158;0.01246318
808;0SF0060410BA;131;158;0.04583279
808;0SF0060410BA;132;158;0.04485786
808;0SF0060410BA;133;158;0.00020243
808;0SF0060410BA;134;158;0.02398878
808;0SF0060410BA;135;158;0.01474981
808;0SF0060410BA;129;159;0.01414321
808;0SF0060410BA;130;159;0.04469576
808;0SF0060410BA;131;159;0.04243997
808;0SF0060410BA;129;160;0.03879972
808;0SF0060410BA;130;160;0.02158694
808;0SF0060410BA;131;160;0.04155532
808;0SF0060410BA;129;161;0.03788473
808;0SF0060410BA;130;161;0.00238885
808;0SF0060410BA;131;161;0.02765817
808;0MC006029NSI;159;196;0.01831253
808;0MC006029NSI;159;197;0.04719733
808;0MC006029NSI;160;197;0.00363609
808;0MC006029NSI;161;197;0.00171276
808;0MC006029NSI;159;198;0.02562553
808;0MC006029NSI;161;198;0.00129335
808;0MC006029NSI;159;199;0.02534963
808;0MC006029NSI;160;199;0.00231313
808;0MC006029NSI;161;199;0.00532328
808;0MC006029NSI;162;199;0.00467384
808;0MC006029NSI;157;200;0.00116564
808;0MC006029NSI;158;200;0.00278520
808;0MC006029NSI;160;200;0.04402904
808;0MC006029NSI;161;200;0.00019873
808;0MC006029NSI;162;200;0.01336886
808;0MC006029NSI;155;201;0.00908712
808;0MC006029NSI;156;201;0.01725607
808;0MC006029NSI;157;201;0.02234990
808;0MC006029NSI;158;201;0.01922807
808;0MC006029NSI;159;201;0.01922981
808;0MC006029NSI;160;201;0.04974196
808;0MC006029NSI;161;201;0.01776666
808;0MC006029NSI;162;201;0.00406442
808;0MC006029NSI;158;202;0.01047635
808;0MC006029NSI;159;202;0.01389628
808;0MC006029NSI;160;202;0.06303051
808;0MC006029NSI;161;202;0.01107020
808;0MC006029NSI;159;203;0.00824634
808;0MC006029NSI;160;203;0.01008967
808;0MC006029NSI;161;203;0.02996532
808;0MC006029NSI;162;203;0.00354916
808;0MC006029NSI;159;204;0.00737904
808;0MC006029NSI;162;204;0.00080949
808;0MC006029NSI;163;204;0.00504536
808;0MC006029NSI;164;204;0.00421788
808;0MC006029NSI;165;204;0.00419540
808;0MC006029NSI;166;204;0.00491407
808;0MC006029NSI;167;204;0.00560244
808;0MC006029NSI;168;204;0.00201402
808;0MC006029NSI;169;204;0.01671999
808;0MC006029NSI;170;204;0.01820928
808;0MC006029NSI;173;204;0.01888038
808;0MC006029NSI;174;204;0.02233948
808;0MC006029NSI;177;204;0.02195217
808;0MC006029NSI;178;204;0.02621652
808;0MC006029NSI;179;204;0.00182536
808;0MC006029NSI;158;205;0.00055930
808;0MC006029NSI;159;205;0.00337655
808;0MC006029NSI;170;205;0.01115092
808;0MC006029NSI;174;205;0.02095995
808;0MC006029NSI;175;205;0.03757766
808;0MC006029NSI;176;205;0.03674480
808;0MC006029NSI;177;205;0.01489782
808;0MC006029NSI;178;205;0.04141860
808;0MC006029NSI;179;205;0.02559255
808;0MC006029NSI;180;205;0.00005819
808;0MC006029NSI;159;206;0.00433918
808;0MC006029NSI;178;206;0.01074383
808;0MC006029NSI;179;206;0.00495875
808;0MC006029NSI;180;206;0.02994461
808;0MC006029NSI;181;206;0.04243135
808;0MC006029NSI;178;207;0.01011675
808;0MC006029NSI;181;207;0.02915002
808;0MC006029NSI;177;208;0.00092592
808;0MC006029NSI;178;208;0.00109134
808;0MC006029NSI;181;208;0.00039013
808;0MC006029NSI;182;208;0.00721811
808;SJV006039SJU;153;158;0.00840148
808;SJV006039SJU;154;158;0.00134291
808;SJV006039SJU;149;159;0.00018562
808;SJV006039SJU;150;159;0.00049300
808;SJV006039SJU;151;159;0.00079909
808;SJV006039SJU;152;159;0.00952398
808;SJV006039SJU;153;159;0.00563319
808;SJV006039SJU;154;159;0.00341673
808;SJV006039SJU;155;159;0.00164478
808;SJV006039SJU;150;160;0.00309156
808;SJV006039SJU;151;160;0.01023441
808;SJV006039SJU;152;160;0.00264343
808;SJV006039SJU;153;160;0.00509556
808;SJV006039SJU;154;160;0.00172154
808;SJV006039SJU;155;160;0.00222062
808;SJV006039SJU;156;160;0.00019164
808;SJV006039SJU;149;161;0.00544884
808;SJV006039SJU;150;161;0.00753945
808;SJV006039SJU;151;161;0.00642075
808;SJV006039SJU;152;161;0.00396094
808;SJV006039SJU;153;161;0.00383811
808;SJV006039SJU;154;161;0.00108762
808;SJV006039SJU;155;161;0.00015634
808;SJV006039SJU;156;161;0.00083856
808;SJV006039SJU;157;161;0.00000336
808;SJV006039SJU;158;161;0.00258991
808;SJV006039SJU;149;162;0.02228706
808;SJV006039SJU;150;162;0.04688080
808;SJV006039SJU;151;162;0.02572646
808;SJV006039SJU;152;162;0.02006566
808;SJV006039SJU;153;162;0.02087541
808;SJV006039SJU;154;162;0.00782933
808;SJV006039SJU;155;162;0.00051095
808;SJV006039SJU;156;162;0.00134413
808;SJV006039SJU;157;162;0.01140524
808;SJV006039SJU;158;162;0.02213358
808;SJV006039SJU;159;162;0.00148556
808;SJV006039SJU;160;162;0.00162487
808;SJV006039SJU;161;162;0.00161023
808;SJV006039SJU;162;162;0.00197878
808;SJV006039SJU;149;163;0.00189294
808;SJV006039SJU;150;163;0.00102620
808;SJV006039SJU;151;163;0.00184787
808;SJV006039SJU;152;163;0.00036710
808;SJV006039SJU;153;163;0.00119672
808;SJV006039SJU;154;163;0.02326718
808;SJV006039SJU;155;163;0.01170930
808;SJV006039SJU;156;163;0.01113849
808;SJV006039SJU;157;163;0.02153737
808;SJV006039SJU;158;163;0.00379396
808;SJV006039SJU;159;163;0.00290600
808;SJV006039SJU;160;163;0.00279397
808;SJV006039SJU;161;163;0.00523871
808;SJV006039SJU;162;163;0.00142570
808;SJV006039SJU;151;164;0.00136807
808;SJV006039SJU;153;164;0.00059268
808;SJV006039SJU;154;164;0.00303020
808;SJV006039SJU;155;164;0.01735471
808;SJV006039SJU;156;164;0.01924912
808;SJV006039SJU;157;164;0.00258440
808;SJV006039SJU;158;164;0.00340768
808;SJV006039SJU;159;164;0.00058509
808;SJV006039SJU;160;164;0.00165064
808;SJV006039SJU;161;164;0.00244971
808;SJV006039SJU;162;164;0.00088398
808;SJV006039SJU;151;165;0.00133098
808;SJV006039SJU;152;165;0.00121116
808;SJV006039SJU;153;165;0.00069713
808;SJV006039SJU;154;165;0.00078621
808;SJV006039SJU;155;165;0.01899545
808;SJV006039SJU;156;165;0.01537375
808;SJV006039SJU;157;165;0.00121660
808;SJV006039SJU;158;165;0.00113763
808;SJV006039SJU;159;165;0.00152528
808;SJV006039SJU;160;165;0.00193074
808;SJV006039SJU;161;165;0.00139059
808;SJV006039SJU;162;165;0.00121040
808;SJV006039SJU;149;166;0.00276812
808;SJV006039SJU;150;166;0.00289788
808;SJV006039SJU;151;166;0.00332092
808;SJV006039SJU;152;166;0.00003101
808;SJV006039SJU;153;166;0.00064149
808;SJV006039SJU;154;166;0.00111636
808;SJV006039SJU;155;166;0.02371514
808;SJV006039SJU;156;166;0.01583091
808;SJV006039SJU;157;166;0.00241776
808;SJV006039SJU;158;166;0.00287231
808;SJV006039SJU;159;166;0.00066630
808;SJV006039SJU;160;166;0.00035318
808;SJV006039SJU;161;166;0.00104699
808;SJV006039SJU;162;166;0.00090933
808;SJV006039SJU;150;167;0.00001561
808;SJV006039SJU;151;167;0.00038546
808;SJV006039SJU;152;167;0.00243682
808;SJV006039SJU;153;167;0.00275461
808;SJV006039SJU;154;167;0.01929093
808;SJV006039SJU;155;167;0.02483361
808;SJV006039SJU;156;167;0.01937090
808;SJV006039SJU;157;167;0.00259003
808;SJV006039SJU;158;167;0.00232084
808;SJV006039SJU;159;167;0.00155389
808;SJV006039SJU;160;167;0.00202519
808;SJV006039SJU;161;167;0.00234463
808;SJV006039SJU;162;167;0.00175150
808;SJV006039SJU;153;168;0.00391882
808;SJV006039SJU;154;168;0.02893899
808;SJV006039SJU;155;168;0.02106468
808;SJV006039SJU;156;168;0.01282263
808;SJV006039SJU;157;168;0.00208463
808;SJV006039SJU;158;168;0.00157773
808;SJV006039SJU;159;168;0.00114777
808;SJV006039SJU;160;168;0.00169989
808;SJV006039SJU;161;168;0.00119335
808;SJV006039SJU;162;168;0.00073146
808;SJV006039SJU;153;169;0.01400384
808;SJV006039SJU;154;169;0.01378827
808;SJV006039SJU;155;169;0.02299589
808;SJV006039SJU;156;169;0.00265031
808;SJV006039SJU;157;169;0.00138256
808;SJV006039SJU;158;169;0.00211634
808;SJV006039SJU;159;169;0.00155175
808;SJV006039SJU;160;169;0.00090466
808;SJV006039SJU;161;169;0.00034407
808;SJV006039SJU;162;169;0.00026167
808;SJV006039SJU;150;170;0.00000029
808;SJV006039SJU;151;170;0.00000417
808;SJV006039SJU;152;170;0.00008124
808;SJV006039SJU;153;170;0.01323190
808;SJV006039SJU;154;170;0.00723091
808;SJV006039SJU;155;170;0.01594393
808;SJV006039SJU;156;170;0.00180452
808;SJV006039SJU;157;170;0.00203842
808;SJV006039SJU;158;170;0.00162087
808;SJV006039SJU;159;170;0.00138298
808;SJV006039SJU;160;170;0.00128248
808;SJV006039SJU;161;170;0.00074033
808;SJV006039SJU;162;170;0.00003131
808;SJV006039SJU;153;171;0.01140838
808;SJV006039SJU;154;171;0.00324679
808;SJV006039SJU;155;171;0.01260122
808;SJV006039SJU;156;171;0.00080679
808;SJV006039SJU;157;171;0.00145021
808;SJV006039SJU;158;171;0.00109092
808;SJV006039SJU;159;171;0.00090141
808;SJV006039SJU;161;171;0.00043436
808;SJV006039SJU;162;171;0.01411994
808;SJV006039SJU;149;172;0.00006744
808;SJV006039SJU;150;172;0.00189602
808;SJV006039SJU;151;172;0.00475667
808;SJV006039SJU;152;172;0.01275070
808;SJV006039SJU;153;172;0.00334654
808;SJV006039SJU;154;172;0.00513451
808;SJV006039SJU;155;172;0.01771211
808;SJV006039SJU;156;172;0.00224091
808;SJV006039SJU;157;172;0.00286758
808;SJV006039SJU;158;172;0.00106201
808;SJV006039SJU;159;172;0.00086765
808;SJV006039SJU;152;173;0.00776335
808;SJV006039SJU;153;173;0.00116035
808;SJV006039SJU;154;173;0.00244811
808;SJV006039SJU;155;173;0.00940420
808;SJV006039SJU;156;173;0.00137806
808;SJV006039SJU;157;173;0.00091364
808;SJV006039SJU;158;173;0.00298415
808;SJV006039SJU;159;173;0.00071537
808;SJV006039SJU;160;173;0.00002579
808;SJV006039SJU;152;174;0.00905632
808;SJV006039SJU;153;174;0.00106059
808;SJV006039SJU;154;174;0.00084179
808;SJV006039SJU;155;174;0.00882924
808;SJV006039SJU;156;174;0.00153904
808;SJV006039SJU;157;174;0.00169884
808;SJV006039SJU;158;174;0.00047570
808;SJV006039SJU;159;174;0.00348047
808;SJV006039SJU;160;174;0.00676829
808;SJV006039SJU;161;174;0.00638867
808;SJV006039SJU;150;175;0.00149535
808;SJV006039SJU;151;175;0.00225011
808;SJV006039SJU;152;175;0.00943679
808;SJV006039SJU;155;175;0.00877609
808;SJV006039SJU;156;175;0.00068080
808;SJV006039SJU;157;175;0.00064667
808;SJV006039SJU;158;175;0.00025249
808;SJV006039SJU;159;175;0.00048019
808;SJV006039SJU;160;175;0.00195823
808;SJV006039SJU;161;175;0.00014923
808;SJV006039SJU;151;176;0.00063998
808;SJV006039SJU;152;176;0.00027578
808;SJV006039SJU;157;176;0.00004710
808;SJV006039SJU;160;176;0.01573984
808;SJV006039SJU;161;176;0.00625768
808;0SC0060360SC;233;59;0.00051997
808;0SC0060360SC;234;59;0.00001250
808;0SC0060360SC;235;59;0.00007444
808;0SC0060360SC;236;59;0.00509742
808;0SC0060360SC;237;59;0.00102475
808;0SC0060360SC;233;60;0.00040592
808;0SC0060360SC;234;60;0.00502812
808;0SC0060360SC;235;60;0.01181190
808;0SC0060360SC;236;60;0.00672895
808;0SC0060360SC;237;60;0.00427203
808;0SC0060360SC;238;60;0.00000283
808;0SC0060360SC;233;61;0.00194736
808;0SC0060360SC;234;61;0.01153432
808;0SC0060360SC;235;61;0.01143245
808;0SC0060360SC;236;61;0.00836762
808;0SC0060360SC;237;61;0.00520983
808;0SC0060360SC;238;61;0.00436413
808;0SC0060360SC;247;61;0.00014115
808;0SC0060360SC;248;61;0.00010345
808;0SC0060360SC;234;62;0.00350861
808;0SC0060360SC;235;62;0.02502076
808;0SC0060360SC;236;62;0.02648716
808;0SC0060360SC;237;62;0.02556431
808;0SC0060360SC;238;62;0.02910308
808;0SC0060360SC;239;62;0.00370594
808;0SC0060360SC;240;62;0.00284876
808;0SC0060360SC;241;62;0.00188160
808;0SC0060360SC;242;62;0.00255708
808;0SC0060360SC;243;62;0.01173781
808;0SC0060360SC;244;62;0.01029369
808;0SC0060360SC;245;62;0.00093832
808;0SC0060360SC;246;62;0.00141604
808;0SC0060360SC;247;62;0.00499120
808;0SC0060360SC;248;62;0.01163358
808;0SC0060360SC;249;62;0.01328620
808;0SC0060360SC;250;62;0.00276590
808;0SC0060360SC;251;62;0.00070010
808;0SC0060360SC;252;62;0.00008181
808;0SC0060360SC;235;63;0.02239450
808;0SC0060360SC;236;63;0.02866487
808;0SC0060360SC;237;63;0.03058771
808;0SC0060360SC;238;63;0.04172500
808;0SC0060360SC;239;63;0.01839089
808;0SC0060360SC;240;63;0.01970362
808;0SC0060360SC;241;63;0.02041184
808;0SC0060360SC;242;63;0.02033660
808;0SC0060360SC;243;63;0.01727910
808;0SC0060360SC;244;63;0.03213648
808;0SC0060360SC;245;63;0.02149267
808;0SC0060360SC;246;63;0.02034837
808;0SC0060360SC;247;63;0.01752064
808;0SC0060360SC;248;63;0.00294802
808;0SC0060360SC;249;63;0.00118469
808;0SC0060360SC;250;63;0.00220924
808;0SC0060360SC;251;63;0.00022804
808;0SC0060360SC;235;64;0.00895685
808;0SC0060360SC;236;64;0.01072978
808;0SC0060360SC;237;64;0.00919017
808;0SC0060360SC;238;64;0.01382306
808;0SC0060360SC;239;64;0.02393989
808;0SC0060360SC;240;64;0.00920296
808;0SC0060360SC;241;64;0.00965073
808;0SC0060360SC;242;64;0.00830024
808;0SC0060360SC;243;64;0.00777761
808;0SC0060360SC;244;64;0.01806828
808;0SC0060360SC;245;64;0.00562723
808;0SC0060360SC;246;64;0.00837751
808;0SC0060360SC;247;64;0.00336802
808;0SC0060360SC;248;64;0.00083387
808;0SC0060360SC;249;64;0.00056914
808;0SC0060360SC;250;64;0.00087592
808;0SC0060360SC;251;64;0.00060011
808;0SC0060360SC;252;64;0.00037620
808;0SC0060360SC;235;65;0.00205124
808;0SC0060360SC;236;65;0.01248682
808;0SC0060360SC;237;65;0.01382660
808;0SC0060360SC;238;65;0.01383841
808;0SC0060360SC;239;65;0.01511593
808;0SC0060360SC;240;65;0.02308438
808;0SC0060360SC;241;65;0.01304658
808;0SC0060360SC;242;65;0.01279659
808;0SC0060360SC;243;65;0.01671426
808;0SC0060360SC;244;65;0.02320514
808;0SC0060360SC;245;65;0.01225142
808;0SC0060360SC;246;65;0.00967677
808;0SC0060360SC;247;65;0.00088639
808;0SC0060360SC;251;65;0.00040245
808;0SC0060360SC;235;66;0.00000037
808;0SC0060360SC;240;66;0.00475565
808;0SC0060360SC;241;66;0.01142289
808;0SC0060360SC;242;66;0.00160983
808;0SC0060360SC;243;66;0.01000855
808;0SC0060360SC;244;66;0.00481401
808;0SC0060360SC;245;66;0.00086816
808;0SC0060360SC;246;66;0.00012593
808;0SC0060360SC;247;66;0.00343247
808;0SC0060360SC;251;66;0.00017783
808;0SC0060360SC;252;66;0.00038263
808;0SC0060360SC;253;66;0.00047017
808;0SC0060360SC;254;66;0.00025327
808;0SC0060360SC;255;66;0.00025312
808;0SC0060360SC;256;66;0.00022429
808;0SC0060360SC;257;66;0.00005415
808;0SC0060360SC;239;67;0.00002911
808;0SC0060360SC;240;67;0.00065062
808;0SC0060360SC;241;67;0.01427477
808;0SC0060360SC;242;67;0.00710071
808;0SC0060360SC;243;67;0.00025736
808;0SC0060360SC;244;67;0.00428799
808;0SC0060360SC;245;67;0.00116107
808;0SC0060360SC;247;67;0.00205963
808;0SC0060360SC;248;67;0.00147000
808;0SC0060360SC;249;67;0.00075683
808;0SC0060360SC;250;67;0.00005008
808;0SC0060360SC;256;67;0.00005085
808;0SC0060360SC;257;67;0.00027418
808;0SC0060360SC;239;68;0.00013577
808;0SC0060360SC;240;68;0.00838286
808;0SC0060360SC;241;68;0.01107959
808;0SC0060360SC;242;68;0.00000361
808;0SC0060360SC;244;68;0.00187350
808;0SC0060360SC;245;68;0.00115603
808;0SC0060360SC;246;68;0.00144157
808;0SC0060360SC;247;68;0.00064356
808;0SC0060360SC;248;68;0.00011009
808;0SC0060360SC;249;68;0.00025937
808;0SC0060360SC;250;68;0.00130752
808;0SC0060360SC;251;68;0.00088394
808;0SC0060360SC;252;68;0.00078561
808;0SC0060360SC;253;68;0.00096850
808;0SC0060360SC;254;68;0.00004112
808;0SC0060360SC;255;68;0.00071848
808;0SC0060360SC;256;68;0.00027426
808;0SC0060360SC;240;69;0.01021102
808;0SC0060360SC;243;69;0.00063812
808;0SC0060360SC;244;69;0.00023639
808;0SC0060360SC;246;69;0.00095984
808;0SC0060360SC;247;69;0.00015180
808;0SC0060360SC;248;69;0.00000437
808;0SC0060360SC;252;69;0.00007000
808;0SC0060360SC;253;69;0.00036067
808;0SC0060360SC;254;69;0.00104284
808;0SC0060360SC;255;69;0.00079150
808;0SC0060360SC;256;69;0.00014276
808;0SC0060360SC;255;70;0.00023485
808;0SV0060510FR;148;189;0.00002711
808;0SV0060510FR;149;189;0.00009840
808;0SV0060510FR;150;189;0.06058631
808;0SV0060510FR;151;189;0.00828516
808;0SV0060510FR;146;190;0.00000298
808;0SV0060510FR;148;190;0.00015557
808;0SV0060510FR;149;190;0.00011148
808;0SV0060510FR;150;190;0.04989720
808;0SV0060510FR;151;190;0.00613799
808;0SV0060510FR;146;191;0.01295789
808;0SV0060510FR;147;191;0.00000146
808;0SV0060510FR;148;191;0.00002277
808;0SV0060510FR;149;191;0.00006804
808;0SV0060510FR;150;191;0.04732119
808;0SV0060510FR;151;191;0.00590533
808;0SV0060510FR;146;192;0.01246344
808;0SV0060510FR;148;192;0.00002069
808;0SV0060510FR;149;192;0.01616265
808;0SV0060510FR;150;192;0.03605079
808;0SV0060510FR;151;192;0.00352803
808;0SV0060510FR;146;193;0.01279422
808;0SV0060510FR;148;193;0.00642570
808;0SV0060510FR;149;193;0.02318145
808;0SV0060510FR;150;193;0.02613294
808;0SV0060510FR;151;193;0.00319083
808;0SV0060510FR;145;194;0.00132068
808;0SV0060510FR;146;194;0.00257703
808;0SV0060510FR;147;194;0.00862271
808;0SV0060510FR;148;194;0.02201308
808;0SV0060510FR;149;194;0.00194721
808;0SV0060510FR;150;194;0.02449816
808;0SV0060510FR;151;194;0.00215673
808;0SV0060510FR;145;195;0.00084970
808;0SV0060510FR;147;195;0.01047184
808;0SV0060510FR;148;195;0.02290078
808;0SV0060510FR;150;195;0.01900866
808;0SV0060510FR;151;195;0.00694424
808;0SV0060510FR;152;195;0.00312863
808;0SV0060510FR;145;196;0.00073202
808;0SV0060510FR;147;196;0.01034608
808;0SV0060510FR;148;196;0.02733470
808;0SV0060510FR;151;196;0.00195337
808;0SV0060510FR;144;197;0.00066364
808;0SV0060510FR;145;197;0.00012453
808;0SV0060510FR;147;197;0.00565234
808;0SV0060510FR;148;197;0.02779726
808;0SV0060510FR;144;198;0.00070272
808;0SV0060510FR;147;198;0.00910045
808;0SV0060510FR;148;198;0.03860585
808;0SV0060510FR;143;199;0.00093329
808;0SV0060510FR;144;199;0.00069062
808;0SV0060510FR;145;199;0.00007946
808;0SV0060510FR;146;199;0.00177775
808;0SV0060510FR;147;199;0.01824323
808;0SV0060510FR;148;199;0.09506996
808;0SV0060510FR;142;200;0.00423904
808;0SV0060510FR;143;200;0.00673818
808;0SV0060510FR;144;200;0.00672017
808;0SV0060510FR;145;200;0.00893474
808;0SV0060510FR;146;200;0.01673447
808;0SV0060510FR;147;200;0.03186916
808;0SV0060510FR;148;200;0.11936610
808;0SV0060510FR;146;201;0.00040959
808;0SV0060510FR;147;201;0.00491719
808;0SV0060510FR;148;201;0.02810777
808;0SV0060510FR;147;202;0.01278260
808;0SV0060510FR;148;202;0.02008721
808;0SV0060510FR;145;203;0.00046113
808;0SV0060510FR;146;203;0.00081100
808;0SV0060510FR;147;203;0.03004921
808;0SV0060510FR;148;203;0.00002469
808;0SV0060510FR;147;204;0.00997137
808;0SC0060330SC;246;46;0.00003396
808;0SC0060330SC;247;46;0.00000892
808;0SC0060330SC;248;46;0.00472072
808;0SC0060330SC;249;46;0.00031169
808;0SC0060330SC;250;46;0.00006309
808;0SC0060330SC;254;46;0.00026240
808;0SC0060330SC;255;46;0.00030543
808;0SC0060330SC;245;47;0.00001229
808;0SC0060330SC;246;47;0.00012990
808;0SC0060330SC;247;47;0.00044948
808;0SC0060330SC;248;47;0.00791054
808;0SC0060330SC;249;47;0.00459921
808;0SC0060330SC;250;47;0.00159247
808;0SC0060330SC;251;47;0.00059730
808;0SC0060330SC;252;47;0.00055796
808;0SC0060330SC;253;47;0.00065656
808;0SC0060330SC;254;47;0.00034802
808;0SC0060330SC;255;47;0.00067553
808;0SC0060330SC;243;48;0.00003729
808;0SC0060330SC;244;48;0.00009180
808;0SC0060330SC;245;48;0.00007391
808;0SC0060330SC;246;48;0.00001787
808;0SC0060330SC;247;48;0.00133997
808;0SC0060330SC;248;48;0.01579381
808;0SC0060330SC;249;48;0.00383700
808;0SC0060330SC;250;48;0.00119416
808;0SC0060330SC;251;48;0.00037103
808;0SC0060330SC;254;48;0.00001944
808;0SC0060330SC;255;48;0.00035502
808;0SC0060330SC;256;48;0.00081170
808;0SC0060330SC;260;48;0.00031675
808;0SC0060330SC;245;49;0.00041917
808;0SC0060330SC;246;49;0.00091629
808;0SC0060330SC;247;49;0.01518986
808;0SC0060330SC;248;49;0.00747572
808;0SC0060330SC;249;49;0.00299779
808;0SC0060330SC;250;49;0.00069747
808;0SC0060330SC;251;49;0.00043084
808;0SC0060330SC;252;49;0.00015350
808;0SC0060330SC;253;49;0.00000890
808;0SC0060330SC;254;49;0.00010810
808;0SC0060330SC;256;49;0.00018595
808;0SC0060330SC;257;49;0.00066000
808;0SC0060330SC;258;49;0.00026923
808;0SC0060330SC;259;49;0.00007829
808;0SC0060330SC;260;49;0.00038788
808;0SC0060330SC;241;50;0.00093729
808;0SC0060330SC;242;50;0.00027615
808;0SC0060330SC;243;50;0.00002323
808;0SC0060330SC;245;50;0.00132948
808;0SC0060330SC;246;50;0.01081375
808;0SC0060330SC;247;50;0.00953694
808;0SC0060330SC;248;50;0.00338292
808;0SC0060330SC;249;50;0.00208399
808;0SC0060330SC;250;50;0.00024880
808;0SC0060330SC;251;50;0.00008130
808;0SC0060330SC;252;50;0.00035449
808;0SC0060330SC;253;50;0.00009237
808;0SC0060330SC;257;50;0.00008224
808;0SC0060330SC;258;50;0.00040205
808;0SC0060330SC;259;50;0.00073571
808;0SC0060330SC;260;50;0.00068503
808;0SC0060330SC;261;50;0.00075184
808;0SC0060330SC;262;50;0.00065517
808;0SC0060330SC;242;51;0.00160064
808;0SC0060330SC;243;51;0.00209444
808;0SC0060330SC;244;51;0.00142193
808;0SC0060330SC;245;51;0.00972661
808;0SC0060330SC;246;51;0.00306147
808;0SC0060330SC;247;51;0.00695074
808;0SC0060330SC;248;51;0.00144337
808;0SC0060330SC;249;51;0.00343119
808;0SC0060330SC;252;51;0.00038946
808;0SC0060330SC;253;51;0.00005453
808;0SC0060330SC;256;51;0.00003954
808;0SC0060330SC;257;51;0.00053392
808;0SC0060330SC;258;51;0.00014021
808;0SC0060330SC;260;51;0.00021826
808;0SC0060330SC;261;51;0.00000459
808;0SC0060330SC;242;52;0.00239165
808;0SC0060330SC;243;52;0.00312240
808;0SC0060330SC;244;52;0.00846664
808;0SC0060330SC;245;52;0.00799460
808;0SC0060330SC;246;52;0.00236942
808;0SC0060330SC;247;52;0.00757649
808;0SC0060330SC;248;52;0.00287777
808;0SC0060330SC;249;52;0.00232008
808;0SC0060330SC;252;52;0.00032527
808;0SC0060330SC;253;52;0.00003889
808;0SC0060330SC;255;52;0.00016469
808;0SC0060330SC;256;52;0.00032490
808;0SC0060330SC;258;52;0.00002485
808;0SC0060330SC;259;52;0.00015567
808;0SC0060330SC;260;52;0.00006732
808;0SC0060330SC;242;53;0.00077239
808;0SC0060330SC;243;53;0.00841627
808;0SC0060330SC;244;53;0.00625530
808;0SC0060330SC;245;53;0.00154734
808;0SC0060330SC;246;53;0.00235710
808;0SC0060330SC;247;53;0.01052981
808;0SC0060330SC;248;53;0.00313855
808;0SC0060330SC;249;53;0.00311997
808;0SC0060330SC;250;53;0.00202369
808;0SC0060330SC;251;53;0.00052062
808;0SC0060330SC;252;53;0.00117374
808;0SC0060330SC;253;53;0.00042994
808;0SC0060330SC;254;53;0.00002554
808;0SC0060330SC;255;53;0.00032952
808;0SC0060330SC;257;53;0.00006396
808;0SC0060330SC;258;53;0.00016578
808;0SC0060330SC;259;53;0.00011321
808;0SC0060330SC;240;54;0.00004685
808;0SC0060330SC;241;54;0.00852656
808;0SC0060330SC;242;54;0.00747875
808;0SC0060330SC;243;54;0.00319520
808;0SC0060330SC;244;54;0.00020257
808;0SC0060330SC;245;54;0.00222897
808;0SC0060330SC;246;54;0.00132395
808;0SC0060330SC;247;54;0.00849416
808;0SC0060330SC;248;54;0.00324976
808;0SC0060330SC;249;54;0.00265828
808;0SC0060330SC;250;54;0.00269553
808;0SC0060330SC;251;54;0.00439919
808;0SC0060330SC;252;54;0.00211182
808;0SC0060330SC;253;54;0.00069627
808;0SC0060330SC;254;54;0.00066436
808;0SC0060330SC;255;54;0.00012169
808;0SC0060330SC;256;54;0.00026319
808;0SC0060330SC;257;54;0.00037956
808;0SC0060330SC;258;54;0.00031998
808;0SC0060330SC;240;55;0.01139890
808;0SC0060330SC;241;55;0.00038899
808;0SC0060330SC;242;55;0.00035154
808;0SC0060330SC;243;55;0.00068218
808;0SC0060330SC;244;55;0.00067114
808;0SC0060330SC;245;55;0.00280199
808;0SC0060330SC;246;55;0.00877253
808;0SC0060330SC;247;55;0.00752748
808;0SC0060330SC;248;55;0.00056390
808;0SC0060330SC;249;55;0.00026108
808;0SC0060330SC;250;55;0.00068322
808;0SC0060330SC;251;55;0.00408659
808;0SC0060330SC;252;55;0.00419429
808;0SC0060330SC;253;55;0.00265694
808;0SC0060330SC;254;55;0.00070898
808;0SC0060330SC;255;55;0.00007530
808;0SC0060330SC;257;55;0.00043885
808;0SC0060330SC;258;55;0.00006346
808;0SC0060330SC;238;56;0.00066601
808;0SC0060330SC;239;56;0.00793326
808;0SC0060330SC;240;56;0.00639276
808;0SC0060330SC;241;56;0.00147073
808;0SC0060330SC;242;56;0.00118025
808;0SC0060330SC;243;56;0.00033006
808;0SC0060330SC;244;56;0.00041736
808;0SC0060330SC;245;56;0.00105561
808;0SC0060330SC;246;56;0.01217451
808;0SC0060330SC;247;56;0.00123350
808;0SC0060330SC;248;56;0.00086978
808;0SC0060330SC;249;56;0.00050499
808;0SC0060330SC;250;56;0.00030805
808;0SC0060330SC;251;56;0.00275122
808;0SC0060330SC;252;56;0.00427741
808;0SC0060330SC;253;56;0.00067726
808;0SC0060330SC;256;56;0.00026537
808;0SC0060330SC;257;56;0.00059515
808;0SC0060330SC;236;57;0.00716717
808;0SC0060330SC;237;57;0.00295759
808;0SC0060330SC;238;57;0.00586017
808;0SC0060330SC;239;57;0.01306735
808;0SC0060330SC;241;57;0.00097592
808;0SC0060330SC;242;57;0.00082348
808;0SC0060330SC;243;57;0.00167507
808;0SC0060330SC;244;57;0.00209859
808;0SC0060330SC;245;57;0.01022530
808;0SC0060330SC;246;57;0.00768549
808;0SC0060330SC;247;57;0.00195275
808;0SC0060330SC;248;57;0.00020468
808;0SC0060330SC;249;57;0.00013720
808;0SC0060330SC;250;57;0.00004795
808;0SC0060330SC;251;57;0.00431155
808;0SC0060330SC;252;57;0.00076043
808;0SC0060330SC;255;57;0.00016635
808;0SC0060330SC;256;57;0.00030754
808;0SC0060330SC;236;58;0.01470217
808;0SC0060330SC;237;58;0.02163567
808;0SC0060330SC;238;58;0.03108707
808;0SC0060330SC;239;58;0.02211834
808;0SC0060330SC;240;58;0.01741151
808;0SC0060330SC;241;58;0.00467142
808;0SC0060330SC;242;58;0.00363200
808;0SC0060330SC;243;58;0.00383765
808;0SC0060330SC;244;58;0.00489473
808;0SC0060330SC;245;58;0.01036673
808;0SC0060330SC;246;58;0.00623844
808;0SC0060330SC;247;58;0.00228868
808;0SC0060330SC;248;58;0.00021147
808;0SC0060330SC;249;58;0.00049404
808;0SC0060330SC;250;58;0.00128901
808;0SC0060330SC;251;58;0.00457493
808;0SC0060330SC;254;58;0.00008663
808;0SC0060330SC;255;58;0.00040985
808;0SC0060330SC;236;59;0.00147054
808;0SC0060330SC;237;59;0.00116192
808;0SC0060330SC;238;59;0.01440592
808;0SC0060330SC;239;59;0.00190006
808;0SC0060330SC;240;59;0.00471830
808;0SC0060330SC;241;59;0.01810450
808;0SC0060330SC;242;59;0.00922949
808;0SC0060330SC;243;59;0.00428933
808;0SC0060330SC;244;59;0.00965708
808;0SC0060330SC;245;59;0.01158068
808;0SC0060330SC;246;59;0.00584431
808;0SC0060330SC;247;59;0.00586337
808;0SC0060330SC;248;59;0.00173707
808;0SC0060330SC;249;59;0.00172854
808;0SC0060330SC;250;59;0.00044404
808;0SC0060330SC;251;59;0.00282177
808;0SC0060330SC;252;59;0.00137662
808;0SC0060330SC;253;59;0.00026860
808;0SC0060330SC;254;59;0.00102434
808;0SC0060330SC;255;59;0.00044622
808;0SC0060330SC;256;59;0.00507133
808;0SC0060330SC;237;60;0.00146035
808;0SC0060330SC;238;60;0.01506291
808;0SC0060330SC;239;60;0.00402385
808;0SC0060330SC;240;60;0.00631984
808;0SC0060330SC;241;60;0.00584950
808;0SC0060330SC;242;60;0.01838233
808;0SC0060330SC;243;60;0.01235876
808;0SC0060330SC;244;60;0.01934751
808;0SC0060330SC;245;60;0.00989681
808;0SC0060330SC;246;60;0.00758484
808;0SC0060330SC;247;60;0.00748530
808;0SC0060330SC;248;60;0.00483889
808;0SC0060330SC;249;60;0.00458539
808;0SC0060330SC;250;60;0.00710725
808;0SC0060330SC;251;60;0.01374469
808;0SC0060330SC;252;60;0.01093499
808;0SC0060330SC;253;60;0.00954480
808;0SC0060330SC;254;60;0.00947121
808;0SC0060330SC;255;60;0.00954335
808;0SC0060330SC;256;60;0.00270042
808;0SC0060330SC;257;60;0.00631397
808;0SC0060330SC;238;61;0.01151840
808;0SC0060330SC;239;61;0.00776810
808;0SC0060330SC;240;61;0.00615744
808;0SC0060330SC;241;61;0.01427437
808;0SC0060330SC;242;61;0.01555670
808;0SC0060330SC;243;61;0.02962342
808;0SC0060330SC;244;61;0.00165697
808;0SC0060330SC;245;61;0.00199676
808;0SC0060330SC;246;61;0.00172164
808;0SC0060330SC;247;61;0.00174357
808;0SC0060330SC;248;61;0.00034343
808;0SC0060330SC;249;61;0.00100868
808;0SC0060330SC;250;61;0.00905864
808;0SC0060330SC;251;61;0.00111128
808;0SC0060330SC;252;61;0.00043344
808;0SC0060330SC;253;61;0.00029856
808;0SC0060330SC;255;61;0.00117071
808;0SC0060330SC;238;62;0.00861968
808;0SC0060330SC;239;62;0.01003244
808;0SC0060330SC;240;62;0.00886174
808;0SC0060330SC;241;62;0.00173339
808;0SC0060330SC;242;62;0.00175983
808;0SC0060330SC;243;62;0.00347444
808;0SC0060330SC;244;62;0.00046434
808;0SC0060330SC;245;62;0.00037887
808;0SC0060330SC;249;62;0.00023088
808;0SC0060330SC;250;62;0.00013911
808;0SC0060330SC;252;62;0.00003872
808;0NC006053NCU;112;234;0.00219222
808;0NC006053NCU;113;234;0.00443944
808;0NC006053NCU;114;234;0.00425180
808;0NC006053NCU;115;234;0.00425180
808;0NC006053NCU;116;234;0.00122241
808;0NC006053NCU;117;234;0.00210829
808;0NC006053NCU;118;234;0.00218065
808;0NC006053NCU;119;234;0.00222782
808;0NC006053NCU;120;234;0.00070161
808;0NC006053NCU;110;235;0.00042406
808;0NC006053NCU;111;235;0.00459055
808;0NC006053NCU;112;235;0.00224967
808;0NC006053NCU;116;235;0.00355385
808;0NC006053NCU;117;235;0.00098243
808;0NC006053NCU;109;236;0.00106098
808;0NC006053NCU;110;236;0.00402601
808;0NC006053NCU;117;236;0.00206816
808;0NC006053NCU;109;237;0.00058598
808;0NC006053NCU;117;237;0.00126982
808;0NC006053NCU;117;238;0.00127994
808;0NC006053NCU;118;238;0.00035204
808;0NC006053NCU;118;239;0.00977860
808;0NC006053NCU;119;239;0.02410184
808;0NC006053NCU;120;239;0.02184931
808;0NC006053NCU;120;240;0.01087471
808;0NC006053NCU;121;240;0.02188136
808;0NC006053NCU;126;240;0.10755163
808;0NC006053NCU;121;241;0.01158773
808;0NC006053NCU;122;241;0.04692838
808;0NC006053NCU;123;241;0.02375396
808;0NC006053NCU;124;241;0.04074700
808;0NC006053NCU;125;241;0.09165612
808;0NC006053NCU;126;241;0.00034851
808;0NC006053NCU;122;242;0.03269802
808;0NC006053NCU;123;242;0.00232871
808;0NC006053NCU;124;242;0.04058344
808;0NC006053NCU;117;243;0.02641863
808;0NC006053NCU;118;243;0.03885889
808;0NC006053NCU;119;243;0.03885889
808;0NC006053NCU;120;243;0.03885889
808;0NC006053NCU;121;243;0.03885889
808;0NC006053NCU;122;243;0.03501706
808;0NC006053NCU;113;244;0.00212870
808;0NC006053NCU;114;244;0.01715701
808;0NC006053NCU;115;244;0.01715701
808;0NC006053NCU;116;244;0.02440398
808;0NC006053NCU;117;244;0.01244026
808;0NC006053NCU;122;244;0.00269266
808;0NC006053NCU;123;244;0.00018207
808;0NC006053NCU;111;245;0.01169114
808;0NC006053NCU;112;245;0.01715701
808;0NC006053NCU;113;245;0.01502832
808;0NC006053NCU;123;245;0.00312905
808;0NC006053NCU;111;246;0.02490368
808;0NC006053NCU;123;246;0.00105738
808;0NC006053NCU;124;246;0.00232642
808;0NC006053NCU;109;247;0.00824884
808;0NC006053NCU;110;247;0.02613637
808;0NC006053NCU;111;247;0.00431643
808;0NC006053NCU;124;247;0.00156245
808;0NC006053NCU;125;247;0.00178516
808;0NC006053NCU;108;248;0.01229500
808;0NC006053NCU;109;248;0.01511003
808;0NC006053NCU;125;248;0.00285783
808;0NC006053NCU;108;249;0.00105127
808;0NC006053NCU;125;249;0.00028894
808;0NC006053NCU;126;249;0.00256889
808;0NC006053NCU;126;250;0.00285783
808;0NC006053NCU;126;251;0.00022553
808;0NC006053NCU;127;251;0.00259030
808;0NC006053NCU;127;252;0.00261521
808;0NC006053NCU;127;253;0.00261521
808;0NC006053NCU;127;254;0.00139272
808;0NC006053NCU;128;254;0.00122249
808;0NC006053NCU;128;255;0.00261521
808;0NC006053NCU;128;256;0.00265347
808;0NC006053NCU;127;257;0.00159633
808;0NC006053NCU;128;257;0.00192262
808;0NC006053NCU;127;258;0.00045712
808;0SF0060070BA;141;161;0.00331168
808;0SF0060070BA;140;162;0.02411051
808;0SF0060070BA;141;162;0.00992806
808;0SF0060070BA;142;162;0.00058029
808;0SF0060070BA;144;162;0.00012752
808;0SF0060070BA;139;163;0.00053592
808;0SF0060070BA;140;163;0.02982682
808;0SF0060070BA;141;163;0.00707431
808;0SF0060070BA;142;163;0.00077080
808;0SF0060070BA;144;163;0.00088613
808;0SF0060070BA;145;163;0.00382414
808;0SF0060070BA;136;164;0.00184680
808;0SF0060070BA;137;164;0.00082082
808;0SF0060070BA;139;164;0.01269495
808;0SF0060070BA;140;164;0.01943144
808;0SF0060070BA;141;164;0.00306327
808;0SF0060070BA;143;164;0.00019947
808;0SF0060070BA;144;164;0.00015819
808;0SF0060070BA;145;164;0.00228030
808;0SF0060070BA;146;164;0.00246861
808;0SF0060070BA;148;164;0.00380908
808;0SF0060070BA;135;165;0.01644518
808;0SF0060070BA;136;165;0.00164050
808;0SF0060070BA;137;165;0.00337132
808;0SF0060070BA;138;165;0.00142803
808;0SF0060070BA;139;165;0.03100244
808;0SF0060070BA;140;165;0.00017803
808;0SF0060070BA;142;165;0.00018311
808;0SF0060070BA;143;165;0.00099504
808;0SF0060070BA;145;165;0.00036259
808;0SF0060070BA;146;165;0.00544844
808;0SF0060070BA;147;165;0.00291965
808;0SF0060070BA;148;165;0.00138643
808;0SF0060070BA;133;166;0.01237300
808;0SF0060070BA;134;166;0.00195962
808;0SF0060070BA;135;166;0.01298897
808;0SF0060070BA;136;166;0.03526316
808;0SF0060070BA;137;166;0.03434091
808;0SF0060070BA;138;166;0.05862424
808;0SF0060070BA;139;166;0.00081867
808;0SF0060070BA;142;166;0.00098975
808;0SF0060070BA;143;166;0.00033037
808;0SF0060070BA;144;166;0.00048708
808;0SF0060070BA;145;166;0.00338615
808;0SF0060070BA;146;166;0.00555078
808;0SF0060070BA;147;166;0.00504266
808;0SF0060070BA;148;166;0.00211868
808;0SF0060070BA;149;166;0.00001070
808;0SF0060070BA;130;167;0.00402477
808;0SF0060070BA;131;167;0.01663262
808;0SF0060070BA;132;167;0.02510909
808;0SF0060070BA;133;167;0.03017734
808;0SF0060070BA;134;167;0.00145430
808;0SF0060070BA;135;167;0.00087008
808;0SF0060070BA;136;167;0.00102169
808;0SF0060070BA;137;167;0.00294130
808;0SF0060070BA;138;167;0.04870822
808;0SF0060070BA;139;167;0.01480347
808;0SF0060070BA;140;167;0.00474178
808;0SF0060070BA;141;167;0.00164467
808;0SF0060070BA;142;167;0.00021384
808;0SF0060070BA;144;167;0.00018568
808;0SF0060070BA;145;167;0.00730021
808;0SF0060070BA;146;167;0.00399422
808;0SF0060070BA;147;167;0.00191839
808;0SF0060070BA;131;168;0.00019415
808;0SF0060070BA;132;168;0.02474087
808;0SF0060070BA;133;168;0.01975159
808;0SF0060070BA;134;168;0.00155863
808;0SF0060070BA;135;168;0.00132874
808;0SF0060070BA;136;168;0.00060170
808;0SF0060070BA;137;168;0.00301149
808;0SF0060070BA;138;168;0.04249979
808;0SF0060070BA;139;168;0.02011735
808;0SF0060070BA;140;168;0.01052257
808;0SF0060070BA;141;168;0.00439007
808;0SF0060070BA;142;168;0.00120020
808;0SF0060070BA;143;168;0.00145032
808;0SF0060070BA;144;168;0.00297207
808;0SF0060070BA;145;168;0.01232104
808;0SF0060070BA;146;168;0.00248747
808;0SF0060070BA;147;168;0.00106369
808;0SF0060070BA;132;169;0.00499260
808;0SF0060070BA;133;169;0.03238918
808;0SF0060070BA;134;169;0.01807930
808;0SF0060070BA;135;169;0.00745107
808;0SF0060070BA;136;169;0.00824301
808;0SF0060070BA;137;169;0.01783707
808;0SF0060070BA;138;169;0.03246136
808;0SF0060070BA;139;169;0.03143707
808;0SF0060070BA;140;169;0.01822945
808;0SF0060070BA;141;169;0.01952794
808;0SF0060070BA;142;169;0.02447800
808;0SF0060070BA;143;169;0.02430433
808;0SF0060070BA;144;169;0.01656533
808;0SF0060070BA;145;169;0.00705818
808;0SF0060070BA;146;169;0.00150156
808;0SF0060070BA;147;169;0.00120248
808;0SF0060070BA;134;170;0.01909740
808;0SF0060070BA;135;170;0.00612830
808;0SF0060070BA;136;170;0.00008213
808;0SF0060070BA;137;170;0.01168211
808;0SF0060070BA;138;170;0.00049362
808;0SF0060070BA;139;170;0.00035960
808;0SF0060070BA;140;170;0.00660616
808;0SF0060070BA;141;170;0.00132983
808;0SF0060070BA;142;170;0.00068507
808;0SF0060070BA;135;171;0.00442983
808;SCC006056VEN;206;61;0.00016087
808;SCC006056VEN;207;61;0.00084943
808;SCC006056VEN;204;62;0.00154198
808;SCC006056VEN;205;62;0.00351216
808;SCC006056VEN;206;62;0.00332820
808;SCC006056VEN;207;62;0.00000097
808;SCC006056VEN;203;63;0.00212497
808;SCC006056VEN;204;63;0.00338095
808;SCC006056VEN;207;63;0.00031283
808;SCC006056VEN;208;63;0.00011641
808;SCC006056VEN;200;64;0.00059743
808;SCC006056VEN;201;64;0.00526216
808;SCC006056VEN;202;64;0.00654917
808;SCC006056VEN;203;64;0.00739892
808;SCC006056VEN;204;64;0.00374440
808;SCC006056VEN;205;64;0.00293769
808;SCC006056VEN;206;64;0.00239957
808;SCC006056VEN;207;64;0.00095005
808;SCC006056VEN;208;64;0.00116682
808;SCC006056VEN;209;64;0.01028327
808;SCC006056VEN;210;64;0.00493631
808;SCC006056VEN;200;65;0.00516266
808;SCC006056VEN;201;65;0.01908124
808;SCC006056VEN;202;65;0.01857891
808;SCC006056VEN;203;65;0.00511929
808;SCC006056VEN;204;65;0.00393107
808;SCC006056VEN;205;65;0.00069813
808;SCC006056VEN;206;65;0.00224193
808;SCC006056VEN;207;65;0.03620378
808;SCC006056VEN;208;65;0.03516747
808;SCC006056VEN;209;65;0.04088198
808;SCC006056VEN;210;65;0.00409282
808;SCC006056VEN;211;65;0.00256108
808;SCC006056VEN;212;65;0.00013425
808;SCC006056VEN;213;65;0.00020959
808;SCC006056VEN;200;66;0.00576052
808;SCC006056VEN;201;66;0.02265332
808;SCC006056VEN;202;66;0.03555522
808;SCC006056VEN;203;66;0.02720626
808;SCC006056VEN;204;66;0.03178086
808;SCC006056VEN;205;66;0.03270448
808;SCC006056VEN;206;66;0.02835425
808;SCC006056VEN;207;66;0.00104833
808;SCC006056VEN;208;66;0.00965114
808;SCC006056VEN;209;66;0.01981172
808;SCC006056VEN;210;66;0.00076991
808;SCC006056VEN;213;66;0.00022603
808;SCC006056VEN;199;67;0.01306652
808;SCC006056VEN;200;67;0.02740908
808;SCC006056VEN;201;67;0.03823081
808;SCC006056VEN;202;67;0.00891712
808;SCC006056VEN;203;67;0.00489021
808;SCC006056VEN;204;67;0.00334046
808;SCC006056VEN;205;67;0.00730004
808;SCC006056VEN;206;67;0.00617159
808;SCC006056VEN;207;67;0.00329765
808;SCC006056VEN;208;67;0.00714223
808;SCC006056VEN;209;67;0.02169049
808;SCC006056VEN;210;67;0.01096022
808;SCC006056VEN;211;67;0.00411407
808;SCC006056VEN;212;67;0.00040988
808;SCC006056VEN;213;67;0.00270547
808;SCC006056VEN;214;67;0.00013630
808;SCC006056VEN;197;68;0.00208529
808;SCC006056VEN;198;68;0.01295493
808;SCC006056VEN;199;68;0.01387209
808;SCC006056VEN;200;68;0.00253357
808;SCC006056VEN;201;68;0.00698096
808;SCC006056VEN;202;68;0.01431058
808;SCC006056VEN;203;68;0.00109523
808;SCC006056VEN;204;68;0.00065190
808;SCC006056VEN;205;68;0.00105341
808;SCC006056VEN;206;68;0.00120483
808;SCC006056VEN;207;68;0.00430075
808;SCC006056VEN;208;68;0.01396675
808;SCC006056VEN;209;68;0.01761273
808;SCC006056VEN;210;68;0.02327937
808;SCC006056VEN;211;68;0.02956961
808;SCC006056VEN;212;68;0.03412340
808;SCC006056VEN;213;68;0.03613966
808;SCC006056VEN;214;68;0.00635362
808;SCC006056VEN;196;69;0.00786110
808;SCC006056VEN;197;69;0.00683472
808;SCC006056VEN;199;69;0.00590057
808;SCC006056VEN;202;69;0.00029937
808;SCC006056VEN;203;69;0.01089568
808;SCC006056VEN;204;69;0.00282991
808;SCC006056VEN;206;69;0.00211538
808;SCC006056VEN;207;69;0.00135476
808;SCC006056VEN;208;69;0.00594629
808;SCC006056VEN;211;69;0.00000981
808;SCC006056VEN;212;69;0.00038131
808;SCC006056VEN;195;70;0.00821543
808;SCC006056VEN;196;70;0.00299466
808;SCC006056VEN;197;70;0.00026607
808;SCC006056VEN;198;70;0.00470259
808;SCC006056VEN;199;70;0.00092229
808;SCC006056VEN;200;70;0.00112456
808;SCC006056VEN;202;70;0.00014557
808;SCC006056VEN;203;70;0.00017265
808;SCC006056VEN;204;70;0.00928399
808;SCC006056VEN;205;70;0.00700318
808;SCC006056VEN;206;70;0.00411791
808;SCC006056VEN;207;70;0.00765170
808;SCC006056VEN;208;70;0.00046994
808;SCC006056VEN;195;71;0.00025971
808;SCC006056VEN;196;71;0.00034363
808;SCC006056VEN;197;71;0.00113747
808;SCC006056VEN;198;71;0.00241230
808;SCC006056VEN;199;71;0.00412606
808;SCC006056VEN;203;71;0.00052991
808;SCC006056VEN;204;71;0.00076811
808;SCC006056VEN;206;71;0.00414799
808;SCC006056VEN;207;71;0.00726553
808;SCC006056VEN;208;71;0.00670775
808;SCC006056VEN;209;71;0.00668826
808;SCC006056VEN;210;71;0.00802839
808;SCC006056VEN;211;71;0.00662513
808;SCC006056VEN;212;71;0.00532422
808;SCC006056VEN;198;72;0.00028166
808;SCC006056VEN;199;72;0.00335354
808;SCC006056VEN;200;72;0.00415813
808;SCC006056VEN;201;72;0.00171288
808;SCC006056VEN;202;72;0.00128330
808;SCC006056VEN;203;72;0.00134128
808;SCC006056VEN;210;72;0.00055971
808;SCC006056VEN;211;72;0.00065470
808;SCC006056VEN;198;73;0.00010278
808;SCC006056VEN;199;73;0.00038964
808;SCC006056VEN;200;73;0.00013669
808;SCC006056VEN;201;73;0.00062303
808;SCC006056VEN;198;74;0.00005139
808;SCC006056VEN;199;74;0.00074142
808;SCC006056VEN;200;74;0.00004425
808;SCC006056VEN;199;75;0.00027322
808;SCC006056VEN;200;75;0.00059686
808;SCC006056VEN;197;76;0.00008396
808;SCC006056VEN;198;76;0.00036219
808;SCC006056VEN;199;76;0.00047083
808;SCC006056VEN;197;77;0.00040962
808;SCC006056VEN;197;78;0.00079146
808;SCC006056VEN;197;79;0.00020787
808;SCC006056VEN;198;79;0.00030070
808;SCC006056VEN;199;79;0.00025560
808;SCC006056VEN;196;80;0.00004225
808;SCC006056VEN;197;80;0.00000833
808;SCC006056VEN;199;80;0.00009343
808;SCC006056VEN;200;80;0.00034526
808;SCC006056VEN;201;80;0.00033820
808;SCC006056VEN;202;80;0.00032317
808;SCC006056VEN;203;80;0.00035691
808;SCC006056VEN;195;81;0.00001505
808;SCC006056VEN;196;81;0.00003363
808;SCC006056VEN;203;81;0.00005033
808;SCC006056VEN;204;81;0.00016549
808;SCC006056VEN;204;82;0.00002733
808;SCC006056VEN;205;82;0.00002543
808;SCC006056VEN;198;84;0.00008153
808;SCC006056VEN;199;84;0.00003140
808;0MC006055TUO;174;159;0.00807579
808;0MC006055TUO;174;160;0.00070178
808;0MC006055TUO;175;160;0.00668905
808;0MC006055TUO;175;161;0.00180179
808;0MC006055TUO;176;162;0.00015729
808;0MC006055TUO;177;162;0.00409839
808;0MC006055TUO;186;162;0.00495756
808;0MC006055TUO;187;162;0.00076139
808;0MC006055TUO;176;163;0.00697284
808;0MC006055TUO;185;163;0.00314556
808;0MC006055TUO;186;163;0.00217960
808;0MC006055TUO;187;163;0.00290286
808;0MC006055TUO;188;163;0.00228928
808;0MC006055TUO;168;164;0.00562386
808;0MC006055TUO;169;164;0.02543948
808;0MC006055TUO;170;164;0.00255991
808;0MC006055TUO;171;164;0.02874690
808;0MC006055TUO;174;164;0.00712842
808;0MC006055TUO;175;164;0.01415885
808;0MC006055TUO;176;164;0.01498659
808;0MC006055TUO;177;164;0.02269895
808;0MC006055TUO;178;164;0.00346760
808;0MC006055TUO;179;164;0.00378437
808;0MC006055TUO;180;164;0.00326866
808;0MC006055TUO;181;164;0.00203958
808;0MC006055TUO;182;164;0.00387711
808;0MC006055TUO;183;164;0.00387711
808;0MC006055TUO;184;164;0.00387711
808;0MC006055TUO;185;164;0.00208211
808;0MC006055TUO;188;164;0.00147260
808;0MC006055TUO;189;164;0.00371955
808;0MC006055TUO;169;165;0.01618543
808;0MC006055TUO;170;165;0.03082095
808;0MC006055TUO;171;165;0.02980004
808;0MC006055TUO;172;165;0.00531593
808;0MC006055TUO;173;165;0.01028023
808;0MC006055TUO;174;165;0.00498861
808;0MC006055TUO;176;165;0.01242385
808;0MC006055TUO;189;165;0.00004233
808;0MC006055TUO;190;165;0.00140439
808;0MC006055TUO;194;165;0.00173986
808;0MC006055TUO;195;165;0.00229454
808;0MC006055TUO;170;166;0.00324726
808;0MC006055TUO;171;166;0.00798977
808;0MC006055TUO;172;166;0.03688410
808;0MC006055TUO;173;166;0.00858158
808;0MC006055TUO;176;166;0.01216020
808;0MC006055TUO;195;166;0.00084396
808;0MC006055TUO;196;166;0.00321802
808;0MC006055TUO;197;166;0.00326470
808;0MC006055TUO;198;166;0.00163965
808;0MC006055TUO;173;167;0.05097290
808;0MC006055TUO;176;167;0.01397441
808;0MC006055TUO;172;168;0.00756233
808;0MC006055TUO;173;168;0.02108338
808;0MC006055TUO;174;168;0.05550496
808;0MC006055TUO;175;168;0.04653094
808;0MC006055TUO;176;168;0.03595920
808;0MC006055TUO;177;168;0.01615915
808;0MC006055TUO;172;169;0.01956243
808;0MC006055TUO;173;169;0.02171021
808;0MC006055TUO;174;169;0.02849965
808;0MC006055TUO;176;169;0.01968390
808;0MC006055TUO;177;169;0.03198635
808;0MC006055TUO;174;170;0.03815780
808;0MC006055TUO;175;170;0.00994030
808;0MC006055TUO;176;170;0.01221898
808;0MC006055TUO;177;170;0.01035074
808;0MC006055TUO;178;170;0.01669284
808;0MC006055TUO;178;171;0.00348609
808;0MC006055TUO;179;171;0.01940575
808;0MC006055TUO;179;172;0.00070055
808;0MC006055TUO;180;172;0.02010631
808;0MC006055TUO;181;172;0.00208499
808;0MC006055TUO;181;173;0.01802132
808;0MC006055TUO;182;173;0.00487052
808;0MC006055TUO;182;174;0.01062481
808;0MC006055TUO;182;175;0.00743090
808;0MC006055TUO;182;176;0.00584309
808;0MC006055TUO;183;176;0.00270147
808;0MC006055TUO;183;177;0.00846886
808;0MC006055TUO;184;177;0.00130017
808;0MC006055TUO;184;178;0.00881096
808;0MC006055TUO;185;178;0.00751901
808;0MC006055TUO;186;178;0.00751901
808;0MC006055TUO;187;178;0.00746731
808;0MC006055TUO;188;178;0.00735930
808;0MC006055TUO;189;178;0.00735930
808;0MC006055TUO;190;178;0.00170245
808;0SV006004BUT;144;204;0.00001684
808;0SV006004BUT;145;204;0.00005620
808;0SV006004BUT;147;204;0.00135216
808;0SV006004BUT;149;204;0.00138151
808;0SV006004BUT;150;204;0.00002651
808;0SV006004BUT;151;204;0.00000758
808;0SV006004BUT;144;205;0.00002159
808;0SV006004BUT;145;205;0.00031208
808;0SV006004BUT;146;205;0.00062011
808;0SV006004BUT;147;205;0.00528431
808;0SV006004BUT;148;205;0.00074401
808;0SV006004BUT;149;205;0.00271872
808;0SV006004BUT;150;205;0.00042977
808;0SV006004BUT;151;205;0.00011067
808;0SV006004BUT;152;205;0.00002548
808;0SV006004BUT;142;206;0.00000552
808;0SV006004BUT;143;206;0.00008033
808;0SV006004BUT;144;206;0.00010575
808;0SV006004BUT;145;206;0.00009344
808;0SV006004BUT;146;206;0.00229231
808;0SV006004BUT;147;206;0.01106250
808;0SV006004BUT;148;206;0.00612617
808;0SV006004BUT;149;206;0.00024940
808;0SV006004BUT;150;206;0.00042293
808;0SV006004BUT;152;206;0.00062067
808;0SV006004BUT;153;206;0.00011010
808;0SV006004BUT;143;207;0.00001249
808;0SV006004BUT;144;207;0.00006302
808;0SV006004BUT;145;207;0.00004953
808;0SV006004BUT;146;207;0.00146158
808;0SV006004BUT;147;207;0.00730617
808;0SV006004BUT;148;207;0.00469230
808;0SV006004BUT;149;207;0.00146439
808;0SV006004BUT;150;207;0.00114150
808;0SV006004BUT;151;207;0.00015705
808;0SV006004BUT;152;207;0.00487511
808;0SV006004BUT;153;207;0.00006322
808;0SV006004BUT;154;207;0.00003644
808;0SV006004BUT;143;208;0.00015345
808;0SV006004BUT;144;208;0.00029111
808;0SV006004BUT;145;208;0.00029050
808;0SV006004BUT;146;208;0.00065266
808;0SV006004BUT;147;208;0.00732509
808;0SV006004BUT;148;208;0.00095137
808;0SV006004BUT;149;208;0.01315234
808;0SV006004BUT;150;208;0.01277537
808;0SV006004BUT;151;208;0.00463748
808;0SV006004BUT;152;208;0.00470066
808;0SV006004BUT;153;208;0.00013968
808;0SV006004BUT;154;208;0.00015348
808;0SV006004BUT;145;209;0.00099702
808;0SV006004BUT;146;209;0.00226868
808;0SV006004BUT;147;209;0.00829027
808;0SV006004BUT;148;209;0.00317491
808;0SV006004BUT;149;209;0.02295619
808;0SV006004BUT;150;209;0.02599084
808;0SV006004BUT;151;209;0.00895134
808;0SV006004BUT;152;209;0.00324250
808;0SV006004BUT;153;209;0.00200446
808;0SV006004BUT;154;209;0.00223866
808;0SV006004BUT;155;209;0.00000744
808;0SV006004BUT;142;210;0.00006533
808;0SV006004BUT;145;210;0.00085563
808;0SV006004BUT;146;210;0.00011574
808;0SV006004BUT;147;210;0.00579810
808;0SV006004BUT;148;210;0.00049345
808;0SV006004BUT;149;210;0.03773926
808;0SV006004BUT;150;210;0.01388305
808;0SV006004BUT;151;210;0.00783278
808;0SV006004BUT;152;210;0.00435656
808;0SV006004BUT;153;210;0.00000208
808;0SV006004BUT;154;210;0.00056465
808;0SV006004BUT;155;210;0.00034127
808;0SV006004BUT;156;210;0.00013493
808;0SV006004BUT;142;211;0.00007959
808;0SV006004BUT;143;211;0.00012360
808;0SV006004BUT;144;211;0.00012368
808;0SV006004BUT;145;211;0.00097146
808;0SV006004BUT;146;211;0.00008443
808;0SV006004BUT;147;211;0.00577101
808;0SV006004BUT;148;211;0.01776830
808;0SV006004BUT;149;211;0.01652827
808;0SV006004BUT;150;211;0.00097449
808;0SV006004BUT;152;211;0.00297012
808;0SV006004BUT;154;211;0.00034802
808;0SV006004BUT;155;211;0.00024059
808;0SV006004BUT;141;212;0.00000170
808;0SV006004BUT;142;212;0.00004151
808;0SV006004BUT;143;212;0.00001271
808;0SV006004BUT;144;212;0.00004165
808;0SV006004BUT;145;212;0.00086043
808;0SV006004BUT;146;212;0.00000996
808;0SV006004BUT;147;212;0.02624865
808;0SV006004BUT;148;212;0.02816791
808;0SV006004BUT;149;212;0.00069077
808;0SV006004BUT;150;212;0.00067767
808;0SV006004BUT;152;212;0.00258552
808;0SV006004BUT;153;212;0.00059482
808;0SV006004BUT;154;212;0.00012348
808;0SV006004BUT;155;212;0.00017009
808;0SV006004BUT;156;212;0.00053408
808;0SV006004BUT;157;212;0.00002360
808;0SV006004BUT;141;213;0.00096714
808;0SV006004BUT;142;213;0.00069719
808;0SV006004BUT;143;213;0.00084737
808;0SV006004BUT;144;213;0.00182944
808;0SV006004BUT;145;213;0.00306577
808;0SV006004BUT;146;213;0.03196304
808;0SV006004BUT;147;213;0.02446748
808;0SV006004BUT;148;213;0.01351659
808;0SV006004BUT;149;213;0.00567796
808;0SV006004BUT;150;213;0.00107558
808;0SV006004BUT;152;213;0.00256375
808;0SV006004BUT;153;213;0.00115108
808;0SV006004BUT;154;213;0.00003131
808;0SV006004BUT;156;213;0.00037518
808;0SV006004BUT;157;213;0.00045814
808;0SV006004BUT;141;214;0.00001942
808;0SV006004BUT;142;214;0.00016087
808;0SV006004BUT;143;214;0.00122258
808;0SV006004BUT;144;214;0.00280136
808;0SV006004BUT;145;214;0.02796788
808;0SV006004BUT;146;214;0.02564047
808;0SV006004BUT;147;214;0.00004772
808;0SV006004BUT;148;214;0.00491151
808;0SV006004BUT;149;214;0.00303308
808;0SV006004BUT;150;214;0.00255548
808;0SV006004BUT;153;214;0.00031364
808;0SV006004BUT;154;214;0.00051356
808;0SV006004BUT;141;215;0.00000039
808;0SV006004BUT;142;215;0.00016961
808;0SV006004BUT;143;215;0.00222573
808;0SV006004BUT;144;215;0.04793747
808;0SV006004BUT;145;215;0.06159099
808;0SV006004BUT;146;215;0.01934179
808;0SV006004BUT;147;215;0.00847291
808;0SV006004BUT;148;215;0.00512525
808;0SV006004BUT;149;215;0.00268394
808;0SV006004BUT;150;215;0.00225636
808;0SV006004BUT;151;215;0.00105771
808;0SV006004BUT;152;215;0.00051631
808;0SV006004BUT;153;215;0.00194830
808;0SV006004BUT;154;215;0.00074728
808;0SV006004BUT;155;215;0.00030518
808;0SV006004BUT;140;216;0.00004248
808;0SV006004BUT;141;216;0.00172439
808;0SV006004BUT;142;216;0.00229533
808;0SV006004BUT;143;216;0.03247822
808;0SV006004BUT;144;216;0.09788128
808;0SV006004BUT;145;216;0.01515357
808;0SV006004BUT;146;216;0.00199903
808;0SV006004BUT;147;216;0.01329464
808;0SV006004BUT;148;216;0.02729025
808;0SV006004BUT;149;216;0.01396300
808;0SV006004BUT;150;216;0.00145477
808;0SV006004BUT;151;216;0.00114404
808;0SV006004BUT;155;216;0.00004188
808;0SV006004BUT;141;217;0.00019096
808;0SV006004BUT;142;217;0.00189678
808;0SV006004BUT;143;217;0.01726827
808;0SV006004BUT;144;217;0.00902774
808;0SV006004BUT;145;217;0.00003056
808;0SV006004BUT;146;217;0.00372118
808;0SV006004BUT;147;217;0.00005554
808;0SV006004BUT;148;217;0.00354107
808;0SV006004BUT;149;217;0.02018811
808;0SV006004BUT;150;217;0.00011201
808;0SV006004BUT;151;217;0.00150360
808;0SV006004BUT;152;217;0.00064235
808;0SV006004BUT;155;217;0.00002127
808;0SV006004BUT;140;218;0.00001616
808;0SV006004BUT;141;218;0.00006526
808;0SV006004BUT;142;218;0.00486610
808;0SV006004BUT;143;218;0.00167336
808;0SV006004BUT;144;218;0.00192423
808;0SV006004BUT;145;218;0.00006526
808;0SV006004BUT;146;218;0.00247435
808;0SV006004BUT;147;218;0.00237366
808;0SV006004BUT;148;218;0.00034574
808;0SV006004BUT;149;218;0.01580925
808;0SV006004BUT;152;218;0.00034200
808;0SV006004BUT;153;218;0.00046958
808;0SV006004BUT;140;219;0.00003847
808;0SV006004BUT;141;219;0.00285017
808;0SV006004BUT;142;219;0.00178818
808;0SV006004BUT;143;219;0.00009445
808;0SV006004BUT;144;219;0.00106014
808;0SV006004BUT;145;219;0.00109134
808;0SV006004BUT;147;219;0.00349567
808;0SV006004BUT;148;219;0.00030418
808;0SV006004BUT;149;219;0.00366564
808;0SV006004BUT;150;219;0.00002151
808;0SV006004BUT;153;219;0.00030894
808;0SV006004BUT;141;220;0.00102922
808;0SV006004BUT;142;220;0.00001990
808;0SV006004BUT;143;220;0.00001125
808;0SV006004BUT;145;220;0.00033067
808;0SV006004BUT;146;220;0.00076978
808;0SV006004BUT;147;220;0.00096430
808;0SV006004BUT;148;220;0.00055015
808;0SV006004BUT;149;220;0.00087686
808;0SV006004BUT;150;220;0.00071894
808;0SV006004BUT;146;221;0.00088626
808;0SV006004BUT;148;221;0.00122115
808;0SV006004BUT;150;221;0.00054130
808;0SV006004BUT;146;222;0.00000601
808;0SV006004BUT;147;222;0.00001019
808;0SV006004BUT;148;222;0.00143086
808;0SV006004BUT;150;222;0.00087654
808;0SV006004BUT;151;222;0.00051801
808;0SV006004BUT;148;223;0.00126309
808;0SV006004BUT;150;223;0.00086815
808;0SV006004BUT;148;224;0.00051011
808;0SV006004BUT;149;224;0.00062041
808;0SV006004BUT;150;224;0.00033591
808;0SV006004BUT;149;225;0.00045683
808;0SV006004BUT;150;225;0.00092838
808;0MC006046NSI;177;208;0.07495030
808;0MC006046NSI;182;208;0.12471253
808;0MC006046NSI;160;209;0.00063452
808;0MC006046NSI;161;209;0.00797378
808;0MC006046NSI;162;209;0.00092066
808;0MC006046NSI;176;209;0.03841605
808;0MC006046NSI;177;209;0.05804782
808;0MC006046NSI;178;209;0.00062305
808;0MC006046NSI;179;209;0.00009025
808;0MC006046NSI;162;210;0.00705312
808;0MC006046NSI;163;210;0.00797378
808;0MC006046NSI;164;210;0.00767774
808;0MC006046NSI;165;210;0.00037451
808;0MC006046NSI;175;210;0.02458030
808;0MC006046NSI;176;210;0.07643267
808;0MC006046NSI;179;210;0.00053280
808;0MC006046NSI;180;210;0.00062305
808;0MC006046NSI;181;210;0.00062305
808;0MC006046NSI;182;210;0.00021519
808;0MC006046NSI;165;211;0.00708632
808;0MC006046NSI;166;211;0.00746084
808;0MC006046NSI;167;211;0.00746084
808;0MC006046NSI;168;211;0.00746084
808;0MC006046NSI;169;211;0.00618273
808;0MC006046NSI;174;211;0.01336583
808;0MC006046NSI;175;211;0.05281848
808;0MC006046NSI;169;212;0.00349786
808;0MC006046NSI;170;212;0.00296237
808;0MC006046NSI;171;212;0.00211712
808;0MC006046NSI;172;212;0.00558624
808;0MC006046NSI;173;212;0.01735317
808;0MC006046NSI;174;212;0.03796439
808;0MC006046NSI;175;212;0.03249859
808;0MC006046NSI;169;213;0.00086557
808;0MC006046NSI;170;213;0.00144363
808;0MC006046NSI;171;213;0.00178700
808;0MC006046NSI;172;213;0.00648106
808;0MC006046NSI;173;213;0.02564625
808;0MC006046NSI;174;213;0.04977239
808;0MC006046NSI;175;213;0.00030968
808;0MC006046NSI;168;214;0.00020061
808;0MC006046NSI;169;214;0.00070099
808;0MC006046NSI;171;214;0.00087379
808;0MC006046NSI;172;214;0.00454727
808;0MC006046NSI;173;214;0.02020831
808;0MC006046NSI;175;214;0.05584571
808;0MC006046NSI;176;214;0.04433332
808;0MC006046NSI;177;214;0.06112574
808;0MC006046NSI;181;214;0.00359234
808;0MC006046NSI;182;214;0.03469834
808;0MC006046NSI;171;215;0.00210477
808;0MC006046NSI;173;215;0.00448713
808;0MC006046NSI;177;215;0.01207012
808;0MC006046NSI;181;215;0.03263521
808;0LC006017LAK;127;188;0.03353997
808;0LC006017LAK;127;189;0.03067772
808;0LC006017LAK;125;190;0.00050618
808;0LC006017LAK;126;190;0.00707639
808;0LC006017LAK;127;190;0.02360047
808;0LC006017LAK;128;190;0.01299751
808;0LC006017LAK;125;191;0.00463400
808;0LC006017LAK;128;191;0.02555522
808;0LC006017LAK;125;192;0.00700010
808;0LC006017LAK;127;192;0.02862142
808;0LC006017LAK;128;192;0.00672971
808;0LC006017LAK;124;193;0.00662943
808;0LC006017LAK;125;193;0.01074578
808;0LC006017LAK;127;193;0.02907973
808;0LC006017LAK;124;194;0.02334244
808;0LC006017LAK;125;194;0.02205517
808;0LC006017LAK;126;194;0.02084429
808;0LC006017LAK;127;194;0.05736969
808;0LC006017LAK;123;195;0.06542808
808;0LC006017LAK;124;195;0.00822774
808;0LC006017LAK;125;195;0.00493666
808;0LC006017LAK;127;195;0.06185800
808;0LC006017LAK;119;196;0.00351971
808;0LC006017LAK;120;196;0.02036568
808;0LC006017LAK;121;196;0.01592327
808;0LC006017LAK;122;196;0.02758308
808;0LC006017LAK;123;196;0.00855204
808;0LC006017LAK;127;196;0.02356064
808;0LC006017LAK;128;196;0.00666476
808;0LC006017LAK;129;196;0.01603101
808;0LC006017LAK;131;196;0.00364413
808;0LC006017LAK;121;197;0.04923256
808;0LC006017LAK;124;197;0.01047307
808;0LC006017LAK;125;197;0.01373282
808;0LC006017LAK;126;197;0.02946281
808;0LC006017LAK;127;197;0.01617437
808;0LC006017LAK;128;197;0.00991670
808;0LC006017LAK;129;197;0.00051029
808;0LC006017LAK;130;197;0.01398047
808;0LC006017LAK;131;197;0.00832413
808;0LC006017LAK;120;198;0.00542379
808;0LC006017LAK;121;198;0.03642120
808;0LC006017LAK;124;198;0.02261181
808;0LC006017LAK;120;199;0.00461408
808;0LC006017LAK;121;199;0.04146283
808;0LC006017LAK;123;199;0.01710284
808;0LC006017LAK;124;199;0.00221421
808;0LC006017LAK;119;200;0.00394937
808;0LC006017LAK;120;200;0.00012994
808;0LC006017LAK;121;200;0.01870239
808;0LC006017LAK;122;200;0.03770928
808;0LC006017LAK;123;200;0.00196821
808;0LC006017LAK;119;201;0.01685130
808;0LC006017LAK;120;201;0.01011515
808;0LC006017LAK;121;201;0.00868997
808;0LC006017LAK;118;202;0.00279694
808;0LC006017LAK;119;202;0.00012945
808;NEP006025MOD;159;255;0.00485223
808;NEP006025MOD;162;255;0.00632408
808;NEP006025MOD;163;255;0.00782058
808;NEP006025MOD;171;255;0.00210474
808;NEP006025MOD;180;255;0.00019860
808;NEP006025MOD;181;255;0.00100262
808;NEP006025MOD;159;256;0.00540744
808;NEP006025MOD;163;256;0.01225290
808;NEP006025MOD;171;256;0.00219322
808;NEP006025MOD;180;256;0.00129337
808;NEP006025MOD;159;257;0.00540744
808;NEP006025MOD;163;257;0.00833011
808;NEP006025MOD;164;257;0.00396805
808;NEP006025MOD;171;257;0.00219322
808;NEP006025MOD;180;257;0.00129337
808;NEP006025MOD;159;258;0.00483671
808;NEP006025MOD;163;258;0.01162108
808;NEP006025MOD;164;258;0.00109579
808;NEP006025MOD;171;258;0.00219322
808;NEP006025MOD;180;258;0.00129337
808;NEP006025MOD;158;259;0.00162584
808;NEP006025MOD;159;259;0.00003442
808;NEP006025MOD;162;259;0.00053689
808;NEP006025MOD;163;259;0.01217998
808;NEP006025MOD;171;259;0.00219716
808;NEP006025MOD;179;259;0.00121462
808;NEP006025MOD;180;259;0.00007875
808;NEP006025MOD;157;260;0.00023618
808;NEP006025MOD;158;260;0.00117298
808;NEP006025MOD;162;260;0.00429870
808;NEP006025MOD;163;260;0.01017614
808;NEP006025MOD;171;260;0.00219946
808;NEP006025MOD;179;260;0.00129337
808;NEP006025MOD;158;261;0.00131210
808;NEP006025MOD;163;261;0.00697551
808;NEP006025MOD;164;261;0.00945466
808;NEP006025MOD;166;261;0.01393983
808;NEP006025MOD;167;261;0.01486742
808;NEP006025MOD;168;261;0.01496083
808;NEP006025MOD;169;261;0.01707496
808;NEP006025MOD;171;261;0.00219946
808;NEP006025MOD;179;261;0.00129337
808;NEP006025MOD;158;262;0.00131210
808;NEP006025MOD;162;262;0.00049248
808;NEP006025MOD;163;262;0.00702928
808;NEP006025MOD;164;262;0.00899419
808;NEP006025MOD;165;262;0.01398986
808;NEP006025MOD;166;262;0.01398986
808;NEP006025MOD;167;262;0.01398986
808;NEP006025MOD;168;262;0.00418143
808;NEP006025MOD;169;262;0.00026411
808;NEP006025MOD;170;262;0.01929588
808;NEP006025MOD;171;262;0.00219903
808;NEP006025MOD;178;262;0.00093727
808;NEP006025MOD;179;262;0.00035610
808;NEP006025MOD;158;263;0.00131210
808;NEP006025MOD;160;263;0.00285553
808;NEP006025MOD;161;263;0.00578277
808;NEP006025MOD;162;263;0.00602394
808;NEP006025MOD;168;263;0.00980843
808;NEP006025MOD;169;263;0.01395612
808;NEP006025MOD;170;263;0.01364114
808;NEP006025MOD;171;263;0.09975405
808;NEP006025MOD;172;263;0.01349555
808;NEP006025MOD;178;263;0.00988470
808;NEP006025MOD;158;264;0.00523631
808;NEP006025MOD;159;264;0.00578277
808;NEP006025MOD;160;264;0.00292724
808;NEP006025MOD;171;264;0.03907278
808;NEP006025MOD;172;264;0.03412943
808;NEP006025MOD;173;264;0.02052655
808;NEP006025MOD;174;264;0.02052655
808;NEP006025MOD;175;264;0.00014638
808;NEP006025MOD;176;264;0.01531774
808;NEP006025MOD;177;264;0.02116889
808;NEP006025MOD;178;264;0.01912500
808;NEP006025MOD;179;264;0.00251264
808;NEP006025MOD;180;264;0.00251276
808;NEP006025MOD;181;264;0.00251280
808;NEP006025MOD;182;264;0.00001816
808;NEP006025MOD;158;265;0.00786600
808;NEP006025MOD;172;265;0.00125416
808;NEP006025MOD;173;265;0.01321554
808;NEP006025MOD;175;265;0.02048867
808;NEP006025MOD;176;265;0.00585257
808;NEP006025MOD;178;265;0.00065278
808;NEP006025MOD;157;266;0.00710639
808;NEP006025MOD;158;266;0.00075961
808;NEP006025MOD;173;266;0.01446970
808;NEP006025MOD;177;266;0.00013702
808;NEP006025MOD;178;266;0.00117034
808;NEP006025MOD;156;267;0.00043135
808;NEP006025MOD;157;267;0.00733740
808;NEP006025MOD;173;267;0.01446970
808;NEP006025MOD;177;267;0.00122961
808;NEP006025MOD;156;268;0.00762328
808;NEP006025MOD;173;268;0.00620455
808;NEP006025MOD;174;268;0.00826515
808;NEP006025MOD;177;268;0.00115646
808;NEP006025MOD;156;269;0.00762328
808;NEP006025MOD;173;269;0.00066248
808;NEP006025MOD;174;269;0.01453948
808;NEP006025MOD;177;269;0.00029552
808;NEP006025MOD;178;269;0.00086095
808;NEP006025MOD;155;270;0.00702907
808;NEP006025MOD;156;270;0.00022177
808;NEP006025MOD;172;270;0.00064662
808;NEP006025MOD;173;270;0.00075027
808;NEP006025MOD;174;270;0.01311462
808;NEP006025MOD;178;270;0.00115646
808;NEP006025MOD;155;271;0.00686718
808;NEP006025MOD;172;271;0.00111000
808;NEP006025MOD;174;271;0.01311462
808;NEP006025MOD;178;271;0.00115646
808;NEP006025MOD;155;272;0.00982512
808;NEP006025MOD;172;272;0.00111000
808;NEP006025MOD;174;272;0.00467588
808;NEP006025MOD;175;272;0.00843874
808;NEP006025MOD;178;272;0.00122251
808;NEP006025MOD;154;273;0.00894418
808;NEP006025MOD;155;273;0.01841942
808;NEP006025MOD;172;273;0.00111000
808;NEP006025MOD;175;273;0.01311462
808;NEP006025MOD;178;273;0.00030091
808;NEP006025MOD;179;273;0.00104902
808;NEP006025MOD;153;274;0.01213675
808;NEP006025MOD;154;274;0.00797463
808;NEP006025MOD;155;274;0.00725221
808;NEP006025MOD;172;274;0.00111000
808;NEP006025MOD;175;274;0.01311462
808;NEP006025MOD;179;274;0.00107077
808;NEP006025MOD;180;274;0.00027917
808;NEP006025MOD;152;275;0.00307955
808;NEP006025MOD;153;275;0.00582568
808;NEP006025MOD;155;275;0.00146170
808;NEP006025MOD;171;275;0.00094945
808;NEP006025MOD;172;275;0.00016055
808;NEP006025MOD;175;275;0.01311462
808;NEP006025MOD;180;275;0.00134993
808;NEP006025MOD;154;276;0.00065619
808;NEP006025MOD;155;276;0.00074620
808;NEP006025MOD;171;276;0.00087932
808;NEP006025MOD;175;276;0.00860209
808;NEP006025MOD;176;276;0.00192806
808;NEP006025MOD;180;276;0.00049069
808;NEP006025MOD;181;276;0.00070188
808;0MC0060090ED;160;183;0.00054380
808;0MC0060090ED;161;183;0.00013425
808;0MC0060090ED;162;183;0.00134158
808;0MC0060090ED;166;183;0.00256616
808;0MC0060090ED;167;183;0.00008739
808;0MC0060090ED;171;183;0.00019112
808;0MC0060090ED;172;183;0.00027664
808;0MC0060090ED;173;183;0.00014918
808;0MC0060090ED;160;184;0.00008157
808;0MC0060090ED;161;184;0.00396189
808;0MC0060090ED;162;184;0.00049305
808;0MC0060090ED;164;184;0.00470195
808;0MC0060090ED;166;184;0.00005516
808;0MC0060090ED;167;184;0.00075219
808;0MC0060090ED;168;184;0.00079927
808;0MC0060090ED;169;184;0.00072702
808;0MC0060090ED;170;184;0.00041706
808;0MC0060090ED;171;184;0.00010116
808;0MC0060090ED;160;185;0.00401956
808;0MC0060090ED;161;185;0.00148373
808;0MC0060090ED;162;185;0.00110226
808;0MC0060090ED;163;185;0.00000129
808;0MC0060090ED;164;185;0.00243317
808;0MC0060090ED;165;185;0.00120949
808;0MC0060090ED;166;185;0.00101750
808;0MC0060090ED;167;185;0.00208577
808;0MC0060090ED;168;185;0.00142409
808;0MC0060090ED;169;185;0.00104629
808;0MC0060090ED;170;185;0.00066742
808;0MC0060090ED;159;186;0.05577330
808;0MC0060090ED;160;186;0.10219339
808;0MC0060090ED;161;186;0.07204105
808;0MC0060090ED;162;186;0.03445154
808;0MC0060090ED;163;186;0.00140164
808;0MC0060090ED;164;186;0.00187361
808;0MC0060090ED;166;186;0.00046632
808;0MC0060090ED;167;186;0.00548465
808;0MC0060090ED;168;186;0.00347944
808;0MC0060090ED;169;186;0.00108061
808;0MC0060090ED;170;186;0.00082357
808;0MC0060090ED;171;186;0.00096067
808;0MC0060090ED;159;187;0.01995897
808;0MC0060090ED;160;187;0.01686659
808;0MC0060090ED;161;187;0.02263662
808;0MC0060090ED;162;187;0.04688880
808;0MC0060090ED;163;187;0.06369657
808;0MC0060090ED;164;187;0.01471312
808;0MC0060090ED;165;187;0.01091160
808;0MC0060090ED;166;187;0.00995298
808;0MC0060090ED;167;187;0.00812186
808;0MC0060090ED;168;187;0.00342705
808;0MC0060090ED;169;187;0.00043323
808;0MC0060090ED;170;187;0.00000353
808;0MC0060090ED;171;187;0.00001024
808;0MC0060090ED;178;187;0.00004280
808;0MC0060090ED;159;188;0.03132526
808;0MC0060090ED;160;188;0.01148944
808;0MC0060090ED;161;188;0.01018731
808;0MC0060090ED;162;188;0.01110159
808;0MC0060090ED;163;188;0.00565221
808;0MC0060090ED;164;188;0.06124960
808;0MC0060090ED;165;188;0.05163339
808;0MC0060090ED;166;188;0.02730587
808;0MC0060090ED;167;188;0.00469326
808;0MC0060090ED;168;188;0.00979972
808;0MC0060090ED;169;188;0.00206488
808;0MC0060090ED;170;188;0.00019315
808;0MC0060090ED;171;188;0.00000037
808;0MC0060090ED;177;188;0.00007012
808;0MC0060090ED;178;188;0.00002177
808;0MC0060090ED;160;189;0.00362556
808;0MC0060090ED;161;189;0.00001611
808;0MC0060090ED;162;189;0.00539916
808;0MC0060090ED;163;189;0.00334433
808;0MC0060090ED;164;189;0.00591605
808;0MC0060090ED;165;189;0.00952529
808;0MC0060090ED;166;189;0.00723971
808;0MC0060090ED;167;189;0.01759777
808;0MC0060090ED;168;189;0.01460558
808;0MC0060090ED;169;189;0.01138852
808;0MC0060090ED;170;189;0.01214608
808;0MC0060090ED;171;189;0.00587273
808;0MC0060090ED;172;189;0.00423197
808;0MC0060090ED;173;189;0.00294579
808;0MC0060090ED;174;189;0.00372058
808;0MC0060090ED;175;189;0.00487650
808;0MC0060090ED;176;189;0.00140556
808;0MC0060090ED;177;189;0.00003997
808;0MC0060090ED;160;190;0.00187532
808;0MC0060090ED;161;190;0.00109824
808;0MC0060090ED;163;190;0.01031178
808;0MC0060090ED;164;190;0.00206224
808;0MC0060090ED;165;190;0.00508619
808;0MC0060090ED;166;190;0.00211917
808;0MC0060090ED;167;190;0.00110798
808;0MC0060090ED;172;190;0.00222807
808;0MC0060090ED;173;190;0.00285311
808;0MC0060090ED;174;190;0.00289488
808;0MC0060090ED;175;190;0.00018734
808;0MC0060090ED;176;190;0.00349809
808;0MC0060090ED;177;190;0.00480529
808;0MC0060090ED;178;190;0.00469764
808;0MC0060090ED;179;190;0.00545610
808;0MC0060090ED;160;191;0.00016754
808;0MC0060090ED;161;191;0.00823391
808;0MC0060090ED;162;191;0.00577467
808;0MC0060090ED;163;191;0.00925768
808;0MC0060090ED;164;191;0.00078981
808;0MC0060090ED;165;191;0.00266928
808;0MC0060090ED;167;191;0.00015595
808;0MC0060090ED;168;191;0.00013616
808;0MC0060090ED;179;191;0.00067025
808;0MC0060090ED;161;192;0.00799862
808;0MC0060090ED;164;192;0.00245256
808;0MC0060090ED;165;192;0.00177214
808;0MC0060090ED;168;192;0.00000714
808;0MC0060090ED;169;192;0.00000682
808;0MC0060090ED;160;193;0.00729205
808;0MC0060090ED;161;193;0.01676991
808;0MC0060090ED;162;193;0.00376069
808;0MC0060090ED;163;193;0.00418320
808;0MC0060090ED;164;193;0.00420036
808;0MC0060090ED;165;193;0.00092854
808;0MC0060090ED;168;193;0.00001063
808;0MC0060090ED;169;193;0.00000787
808;0MC0060090ED;165;194;0.00012053
808;0MC0060090ED;166;194;0.00009162
808;0MC0060090ED;167;194;0.00000986
808;0MC0060090ED;168;194;0.00000078
808;0MD0060190AV;226;71;0.00956069
808;0MD0060190AV;233;71;0.00030536
808;0MD0060190AV;234;71;0.00182460
808;0MD0060190AV;235;71;0.00262285
808;0MD0060190AV;236;71;0.00054159
808;0MD0060190AV;225;72;0.00006070
808;0MD0060190AV;226;72;0.01017321
808;0MD0060190AV;230;72;0.00009920
808;0MD0060190AV;231;72;0.00004235
808;0MD0060190AV;232;72;0.00061752
808;0MD0060190AV;233;72;0.00145811
808;0MD0060190AV;234;72;0.00152233
808;0MD0060190AV;224;73;0.00059226
808;0MD0060190AV;225;73;0.00294135
808;0MD0060190AV;226;73;0.00787169
808;0MD0060190AV;229;73;0.00001583
808;0MD0060190AV;230;73;0.00044103
808;0MD0060190AV;231;73;0.00128768
808;0MD0060190AV;232;73;0.00127139
808;0MD0060190AV;233;73;0.00017434
808;0MD0060190AV;235;73;0.00310839
808;0MD0060190AV;236;73;0.00003151
808;0MD0060190AV;224;74;0.02983528
808;0MD0060190AV;225;74;0.03921304
808;0MD0060190AV;226;74;0.00428103
808;0MD0060190AV;227;74;0.00263278
808;0MD0060190AV;228;74;0.00084890
808;0MD0060190AV;229;74;0.00229694
808;0MD0060190AV;230;74;0.00162529
808;0MD0060190AV;231;74;0.00000502
808;0MD0060190AV;232;74;0.00484157
808;0MD0060190AV;233;74;0.00985358
808;0MD0060190AV;234;74;0.01089012
808;0MD0060190AV;235;74;0.00584895
808;0MD0060190AV;225;75;0.03468180
808;0MD0060190AV;226;75;0.01488966
808;0MD0060190AV;227;75;0.01251542
808;0MD0060190AV;228;75;0.01163834
808;0MD0060190AV;229;75;0.00795660
808;0MD0060190AV;230;75;0.00827634
808;0MD0060190AV;231;75;0.00959088
808;0MD0060190AV;232;75;0.00525200
808;0MD0060190AV;233;75;0.00039800
808;0MD0060190AV;234;75;0.00033400
808;0MD0060190AV;235;75;0.00168409
808;0MD0060190AV;221;76;0.00083989
808;0MD0060190AV;223;76;0.00020091
808;0MD0060190AV;224;76;0.00249677
808;0MD0060190AV;225;76;0.04702634
808;0MD0060190AV;226;76;0.02761294
808;0MD0060190AV;227;76;0.02230869
808;0MD0060190AV;228;76;0.00471659
808;0MD0060190AV;229;76;0.00250116
808;0MD0060190AV;230;76;0.01645027
808;0MD0060190AV;231;76;0.00095800
808;0MD0060190AV;232;76;0.00419415
808;0MD0060190AV;233;76;0.00379251
808;0MD0060190AV;234;76;0.00701903
808;0MD0060190AV;235;76;0.00206689
808;0MD0060190AV;221;77;0.00234792
808;0MD0060190AV;222;77;0.00862686
808;0MD0060190AV;223;77;0.00841059
808;0MD0060190AV;224;77;0.03965892
808;0MD0060190AV;225;77;0.02946450
808;0MD0060190AV;226;77;0.02657754
808;0MD0060190AV;227;77;0.01645149
808;0MD0060190AV;228;77;0.00599492
808;0MD0060190AV;229;77;0.00931777
808;0MD0060190AV;230;77;0.02020466
808;0MD0060190AV;231;77;0.00052887
808;0MD0060190AV;232;77;0.00279506
808;0MD0060190AV;233;77;0.00212470
808;0MD0060190AV;234;77;0.00270022
808;0MD0060190AV;235;77;0.00153028
808;0MD0060190AV;219;78;0.00296753
808;0MD0060190AV;220;78;0.00304944
808;0MD0060190AV;221;78;0.00017480
808;0MD0060190AV;222;78;0.00521415
808;0MD0060190AV;223;78;0.00627449
808;0MD0060190AV;224;78;0.03597507
808;0MD0060190AV;225;78;0.01004417
808;0MD0060190AV;226;78;0.00101775
808;0MD0060190AV;227;78;0.00255528
808;0MD0060190AV;228;78;0.00430493
808;0MD0060190AV;229;78;0.00313926
808;0MD0060190AV;230;78;0.00399780
808;0MD0060190AV;231;78;0.00462037
808;0MD0060190AV;232;78;0.00137246
808;0MD0060190AV;233;78;0.00144838
808;0MD0060190AV;234;78;0.00108060
808;0MD0060190AV;216;79;0.00028750
808;0MD0060190AV;217;79;0.00046475
808;0MD0060190AV;218;79;0.00043751
808;0MD0060190AV;219;79;0.00148230
808;0MD0060190AV;220;79;0.00206475
808;0MD0060190AV;221;79;0.00528371
808;0MD0060190AV;222;79;0.00841811
808;0MD0060190AV;223;79;0.01638985
808;0MD0060190AV;224;79;0.05019050
808;0MD0060190AV;225;79;0.02293171
808;0MD0060190AV;226;79;0.00958555
808;0MD0060190AV;227;79;0.00294882
808;0MD0060190AV;228;79;0.00104515
808;0MD0060190AV;229;79;0.00096970
808;0MD0060190AV;230;79;0.00005167
808;0MD0060190AV;231;79;0.00032946
808;0MD0060190AV;232;79;0.00000626
808;0MD0060190AV;233;79;0.00029253
808;0MD0060190AV;234;79;0.00031022
808;0MD0060190AV;213;80;0.00051841
808;0MD0060190AV;214;80;0.00075966
808;0MD0060190AV;215;80;0.00046778
808;0MD0060190AV;216;80;0.00016099
808;0MD0060190AV;218;80;0.00006468
808;0MD0060190AV;219;80;0.00055668
808;0MD0060190AV;220;80;0.00113019
808;0MD0060190AV;221;80;0.00188612
808;0MD0060190AV;222;80;0.00240085
808;0MD0060190AV;223;80;0.00383863
808;0MD0060190AV;224;80;0.02880332
808;0MD0060190AV;225;80;0.01273244
808;0MD0060190AV;226;80;0.00555331
808;0MD0060190AV;227;80;0.00116828
808;0MD0060190AV;228;80;0.00102469
808;0MD0060190AV;229;80;0.00181950
808;0MD0060190AV;230;80;0.00117025
808;0MD0060190AV;231;80;0.00087947
808;0MD0060190AV;232;80;0.00085245
808;0MD0060190AV;233;80;0.00130761
808;0MD0060190AV;234;80;0.00019865
808;0MD0060190AV;211;81;0.00066694
808;0MD0060190AV;212;81;0.00646442
808;0MD0060190AV;213;81;0.00016909
808;0MD0060190AV;214;81;0.00399006
808;0MD0060190AV;215;81;0.00566538
808;0MD0060190AV;216;81;0.00406443
808;0MD0060190AV;217;81;0.00049493
808;0MD0060190AV;218;81;0.00007596
808;0MD0060190AV;220;81;0.00021480
808;0MD0060190AV;221;81;0.00088692
808;0MD0060190AV;222;81;0.00183939
808;0MD0060190AV;223;81;0.00249755
808;0MD0060190AV;224;81;0.01751229
808;0MD0060190AV;225;81;0.00161673
808;0MD0060190AV;226;81;0.00110762
808;0MD0060190AV;227;81;0.00137511
808;0MD0060190AV;228;81;0.00114410
808;0MD0060190AV;229;81;0.00163220
808;0MD0060190AV;230;81;0.00105417
808;0MD0060190AV;231;81;0.00118158
808;0MD0060190AV;232;81;0.00081822
808;0MD0060190AV;233;81;0.00184773
808;0MD0060190AV;234;81;0.00122828
808;0MD0060190AV;235;81;0.00070796
808;0MD0060190AV;211;82;0.00096657
808;0MD0060190AV;212;82;0.00016249
808;0MD0060190AV;213;82;0.00587699
808;0MD0060190AV;214;82;0.00256957
808;0MD0060190AV;215;82;0.00035452
808;0MD0060190AV;216;82;0.00148575
808;0MD0060190AV;217;82;0.00506337
808;0MD0060190AV;218;82;0.00543743
808;0MD0060190AV;219;82;0.00544288
808;0MD0060190AV;220;82;0.00586210
808;0MD0060190AV;221;82;0.00599290
808;0MD0060190AV;222;82;0.00626396
808;0MD0060190AV;223;82;0.00742429
808;0MD0060190AV;224;82;0.01416977
808;0MD0060190AV;225;82;0.00001563
808;0MD0060190AV;226;82;0.00001563
808;0MD0060190AV;227;82;0.00018986
808;0MD0060190AV;228;82;0.00068411
808;0MD0060190AV;229;82;0.00234971
808;0MD0060190AV;230;82;0.00065120
808;0MD0060190AV;233;82;0.00004712
808;0MD0060190AV;234;82;0.00005736
808;0MD0060190AV;213;83;0.00000536
808;0MD0060190AV;214;83;0.00000152
808;0MD0060190AV;215;83;0.00000365
808;0MD0060190AV;216;83;0.00000005
808;0MD0060190AV;217;83;0.00000686
808;0MD0060190AV;218;83;0.00001343
808;0MD0060190AV;219;83;0.00001282
808;0MD0060190AV;221;83;0.00001930
808;0MD0060190AV;222;83;0.00013133
808;0MD0060190AV;223;83;0.00013793
808;0MD0060190AV;224;83;0.00627284
808;0MD0060190AV;229;83;0.00112689
808;0MD0060190AV;230;83;0.00000250
808;0MD0060190AV;231;83;0.00000481
808;0MD0060190AV;232;83;0.00000481
808;0MD0060190AV;233;83;0.00002424
808;0SF0060010BA;141;154;0.01233766
808;0SF0060010BA;140;155;0.01390605
808;0SF0060010BA;141;155;0.03175693
808;0SF0060010BA;137;156;0.00898124
808;0SF0060010BA;138;156;0.00382999
808;0SF0060010BA;139;156;0.01711957
808;0SF0060010BA;140;156;0.02697603
808;0SF0060010BA;141;156;0.01564497
808;0SF0060010BA;138;157;0.02092995
808;0SF0060010BA;139;157;0.01724825
808;0SF0060010BA;140;157;0.00790815
808;0SF0060010BA;141;157;0.01582309
808;0SF0060010BA;142;157;0.00793912
808;0SF0060010BA;135;158;0.00407687
808;0SF0060010BA;136;158;0.00183025
808;0SF0060010BA;137;158;0.00067504
808;0SF0060010BA;138;158;0.02748588
808;0SF0060010BA;139;158;0.00694596
808;0SF0060010BA;140;158;0.00094106
808;0SF0060010BA;141;158;0.00083087
808;0SF0060010BA;142;158;0.01544723
808;0SF0060010BA;143;158;0.00295061
808;0SF0060010BA;136;159;0.00790299
808;0SF0060010BA;137;159;0.02864989
808;0SF0060010BA;138;159;0.01642009
808;0SF0060010BA;139;159;0.00044708
808;0SF0060010BA;140;159;0.00011696
808;0SF0060010BA;141;159;0.00025527
808;0SF0060010BA;142;159;0.01360639
808;0SF0060010BA;143;159;0.00374335
808;0SF0060010BA;144;159;0.00221629
808;0SF0060010BA;149;159;0.00004010
808;0SF0060010BA;136;160;0.00274606
808;0SF0060010BA;137;160;0.03553632
808;0SF0060010BA;138;160;0.01166793
808;0SF0060010BA;139;160;0.00009244
808;0SF0060010BA;140;160;0.00002452
808;0SF0060010BA;141;160;0.01394930
808;0SF0060010BA;142;160;0.00752059
808;0SF0060010BA;143;160;0.00531385
808;0SF0060010BA;144;160;0.00705331
808;0SF0060010BA;145;160;0.00280828
808;0SF0060010BA;146;160;0.00032819
808;0SF0060010BA;135;161;0.00312174
808;0SF0060010BA;136;161;0.02921865
808;0SF0060010BA;137;161;0.02683341
808;0SF0060010BA;138;161;0.01814418
808;0SF0060010BA;139;161;0.01672003
808;0SF0060010BA;140;161;0.01498265
808;0SF0060010BA;141;161;0.03358547
808;0SF0060010BA;142;161;0.02102894
808;0SF0060010BA;143;161;0.01431329
808;0SF0060010BA;144;161;0.01680912
808;0SF0060010BA;145;161;0.01771837
808;0SF0060010BA;146;161;0.01220402
808;0SF0060010BA;147;161;0.01183079
808;0SF0060010BA;148;161;0.00080043
808;0SF0060010BA;149;161;0.00000901
808;0SF0060010BA;134;162;0.00328474
808;0SF0060010BA;135;162;0.02443358
808;0SF0060010BA;136;162;0.01944937
808;0SF0060010BA;137;162;0.00020241
808;0SF0060010BA;138;162;0.00015481
808;0SF0060010BA;139;162;0.00155238
808;0SF0060010BA;141;162;0.00010975
808;0SF0060010BA;142;162;0.00016643
808;0SF0060010BA;144;162;0.00075797
808;0SF0060010BA;145;162;0.00269543
808;0SF0060010BA;148;162;0.01315952
808;0SF0060010BA;149;162;0.00397009
808;0SF0060010BA;133;163;0.00213611
808;0SF0060010BA;134;163;0.02666221
808;0SF0060010BA;135;163;0.02451055
808;0SF0060010BA;136;163;0.01586266
808;0SF0060010BA;137;163;0.00043399
808;0SF0060010BA;139;163;0.00062431
808;0SF0060010BA;145;163;0.00053425
808;0SF0060010BA;148;163;0.00261367
808;0SF0060010BA;149;163;0.00013407
808;0SF0060010BA;132;164;0.01409263
808;0SF0060010BA;133;164;0.03701806
808;0SF0060010BA;134;164;0.03901883
808;0SF0060010BA;135;164;0.01468913
808;0SF0060010BA;136;164;0.00056704
808;0SF0060010BA;137;164;0.00007620
808;0SF0060010BA;148;164;0.00056133
808;0SF0060010BA;149;164;0.00005260
808;0SF0060010BA;133;165;0.02592809
808;0SF0060010BA;134;165;0.02538555
808;0SF0060010BA;135;165;0.01392785
808;0SF0060010BA;133;166;0.02128646
808;0SF0060010BA;134;166;0.00458970
808;0SF0060010BA;135;166;0.00001418
808;GBV006014GBU;229;110;0.01342441
808;GBV006014GBU;229;111;0.02011035
808;GBV006014GBU;229;112;0.02011035
808;GBV006014GBU;229;113;0.02011035
808;GBV006014GBU;228;114;0.01791405
808;GBV006014GBU;229;114;0.00219631
808;GBV006014GBU;228;115;0.02011035
808;GBV006014GBU;228;116;0.02011035
808;GBV006014GBU;264;116;0.00019302
808;GBV006014GBU;265;116;0.00242878
808;GBV006014GBU;227;117;0.00100926
808;GBV006014GBU;228;117;0.01910110
808;GBV006014GBU;264;117;0.00230949
808;GBV006014GBU;265;117;0.00286786
808;GBV006014GBU;227;118;0.02011035
808;GBV006014GBU;264;118;0.00230949
808;GBV006014GBU;265;118;0.00151109
808;GBV006014GBU;266;118;0.00135677
808;GBV006014GBU;227;119;0.02011035
808;GBV006014GBU;263;119;0.00048632
808;GBV006014GBU;264;119;0.00182317
808;GBV006014GBU;266;119;0.00286786
808;GBV006014GBU;227;120;0.02011035
808;GBV006014GBU;263;120;0.00230949
808;GBV006014GBU;266;120;0.00261288
808;GBV006014GBU;267;120;0.00025498
808;GBV006014GBU;226;121;0.00364196
808;GBV006014GBU;227;121;0.01637534
808;GBV006014GBU;263;121;0.00230949
808;GBV006014GBU;267;121;0.00349563
808;GBV006014GBU;268;121;0.00120524
808;GBV006014GBU;226;122;0.02000883
808;GBV006014GBU;262;122;0.00085887
808;GBV006014GBU;263;122;0.00152582
808;GBV006014GBU;226;123;0.01433121
808;GBV006014GBU;227;123;0.00026002
808;GBV006014GBU;262;123;0.00252897
808;GBV006014GBU;226;124;0.01094126
808;GBV006014GBU;227;124;0.00071339
808;GBV006014GBU;228;124;0.00023071
808;GBV006014GBU;233;124;0.00035443
808;GBV006014GBU;261;124;0.00159501
808;GBV006014GBU;262;124;0.00093396
808;GBV006014GBU;226;125;0.01094126
808;GBV006014GBU;228;125;0.00074270
808;GBV006014GBU;229;125;0.00020139
808;GBV006014GBU;232;125;0.00112080
808;GBV006014GBU;233;125;0.00062086
808;GBV006014GBU;234;125;0.00092504
808;GBV006014GBU;235;125;0.00063374
808;GBV006014GBU;236;125;0.00061263
808;GBV006014GBU;237;125;0.00084323
808;GBV006014GBU;238;125;0.00084323
808;GBV006014GBU;239;125;0.00084323
808;GBV006014GBU;240;125;0.00084323
808;GBV006014GBU;241;125;0.00084323
808;GBV006014GBU;242;125;0.00020784
808;GBV006014GBU;259;125;0.00015635
808;GBV006014GBU;260;125;0.00021219
808;GBV006014GBU;261;125;0.00244772
808;GBV006014GBU;262;125;0.00016110
808;GBV006014GBU;226;126;0.01094344
808;GBV006014GBU;229;126;0.00077202
808;GBV006014GBU;230;126;0.00029094
808;GBV006014GBU;231;126;0.00113141
808;GBV006014GBU;232;126;0.00001061
808;GBV006014GBU;235;126;0.00026923
808;GBV006014GBU;236;126;0.00023060
808;GBV006014GBU;242;126;0.00092240
808;GBV006014GBU;256;126;0.00018862
808;GBV006014GBU;257;126;0.00021219
808;GBV006014GBU;258;126;0.00021219
808;GBV006014GBU;259;126;0.00005584
808;GBV006014GBU;261;126;0.00198390
808;GBV006014GBU;262;126;0.00020641
808;GBV006014GBU;263;126;0.00005011
808;GBV006014GBU;225;127;0.00921737
808;GBV006014GBU;226;127;0.00172885
808;GBV006014GBU;230;127;0.00075974
808;GBV006014GBU;242;127;0.00091901
808;GBV006014GBU;243;127;0.00000339
808;GBV006014GBU;252;127;0.00000163
808;GBV006014GBU;253;127;0.00021299
808;GBV006014GBU;254;127;0.00021219
808;GBV006014GBU;255;127;0.00021219
808;GBV006014GBU;256;127;0.00002357
808;GBV006014GBU;261;127;0.00198390
808;GBV006014GBU;225;128;0.01094622
808;GBV006014GBU;243;128;0.00092240
808;GBV006014GBU;252;128;0.00025444
808;GBV006014GBU;261;128;0.00038769
808;GBV006014GBU;225;129;0.01094622
808;GBV006014GBU;243;129;0.00092240
808;GBV006014GBU;251;129;0.00017753
808;GBV006014GBU;252;129;0.00007691
808;GBV006014GBU;225;130;0.01094622
808;GBV006014GBU;243;130;0.00021342
808;GBV006014GBU;244;130;0.00070897
808;GBV006014GBU;250;130;0.00009898
808;GBV006014GBU;251;130;0.00015546
808;GBV006014GBU;225;131;0.01194409
808;GBV006014GBU;244;131;0.00092240
808;GBV006014GBU;249;131;0.00002044
808;GBV006014GBU;250;131;0.00023400
808;GBV006014GBU;224;132;0.01611250
808;GBV006014GBU;225;132;0.00096365
808;GBV006014GBU;244;132;0.00043023
808;GBV006014GBU;245;132;0.00064227
808;GBV006014GBU;248;132;0.00004759
808;GBV006014GBU;249;132;0.00026157
808;GBV006014GBU;223;133;0.00495114
808;GBV006014GBU;224;133;0.01230492
808;GBV006014GBU;245;133;0.00048481
808;GBV006014GBU;246;133;0.00091592
808;GBV006014GBU;247;133;0.00073070
808;GBV006014GBU;248;133;0.00019812
808;GBV006014GBU;223;134;0.01708799
808;GBV006014GBU;246;134;0.00019733
808;GBV006014GBU;247;134;0.00067342
808;GBV006014GBU;222;135;0.01027940
808;GBV006014GBU;223;135;0.00673527
808;GBV006014GBU;245;135;0.00009343
808;GBV006014GBU;246;135;0.00030307
808;GBV006014GBU;247;135;0.00008002
808;GBV006014GBU;248;135;0.00038710
808;GBV006014GBU;222;136;0.01701467
808;GBV006014GBU;245;136;0.00039650
808;GBV006014GBU;248;136;0.00044020
808;GBV006014GBU;249;136;0.00002692
808;GBV006014GBU;221;137;0.01511394
808;GBV006014GBU;222;137;0.00190073
808;GBV006014GBU;244;137;0.00038603
808;GBV006014GBU;245;137;0.00001047
808;GBV006014GBU;249;137;0.00046712
808;GBV006014GBU;221;138;0.01560884
808;GBV006014GBU;243;138;0.00028213
808;GBV006014GBU;244;138;0.00011437
808;GBV006014GBU;249;138;0.00004275
808;GBV006014GBU;220;139;0.00116656
808;GBV006014GBU;221;139;0.01376994
808;GBV006014GBU;242;139;0.00018276
808;GBV006014GBU;243;139;0.00021826
808;GBV006014GBU;220;140;0.01475342
808;GBV006014GBU;241;140;0.00015183
808;GBV006014GBU;242;140;0.00027924
808;GBV006014GBU;220;141;0.01475342
808;GBV006014GBU;240;141;0.00013388
808;GBV006014GBU;241;141;0.00029719
808;GBV006014GBU;220;142;0.01475342
808;GBV006014GBU;239;142;0.00011594
808;GBV006014GBU;240;142;0.00031513
808;GBV006014GBU;220;143;0.01475342
808;GBV006014GBU;238;143;0.00009799
808;GBV006014GBU;239;143;0.00033308
808;GBV006014GBU;220;144;0.01475342
808;GBV006014GBU;238;144;0.00031403
808;GBV006014GBU;239;144;0.00007557
808;GBV006014GBU;220;145;0.01522870
808;GBV006014GBU;239;145;0.00037909
808;GBV006014GBU;219;146;0.00285792
808;GBV006014GBU;220;146;0.01341130
808;GBV006014GBU;239;146;0.00009531
808;GBV006014GBU;240;146;0.00003065
808;GBV006014GBU;219;147;0.02312937
808;GBV006014GBU;220;147;0.00034074
808;GBV006014GBU;218;148;0.02125752
808;GBV006014GBU;219;148;0.00716117
808;GBV006014GBU;220;148;0.00043210
808;GBV006014GBU;221;148;0.00037528
808;GBV006014GBU;217;149;0.00249244
808;GBV006014GBU;218;149;0.02209569
808;GBV006014GBU;221;149;0.00039756
808;GBV006014GBU;222;149;0.00040269
808;GBV006014GBU;217;150;0.02288661
808;GBV006014GBU;222;150;0.00039704
808;GBV006014GBU;223;150;0.00037048
808;GBV006014GBU;217;151;0.02957952
808;GBV006014GBU;223;151;0.00043810
808;GBV006014GBU;224;151;0.00034039
808;GBV006014GBU;215;152;0.03223694
808;GBV006014GBU;216;152;0.02734057
808;GBV006014GBU;217;152;0.03073014
808;GBV006014GBU;224;152;0.00045792
808;GBV006014GBU;225;152;0.00032366
808;GBV006014GBU;213;153;0.01224395
808;GBV006014GBU;214;153;0.04369867
808;GBV006014GBU;215;153;0.00899377
808;GBV006014GBU;217;153;0.00076905
808;GBV006014GBU;218;153;0.00067596
808;GBV006014GBU;225;153;0.00047464
808;GBV006014GBU;226;153;0.00030694
808;GBV006014GBU;213;154;0.03194859
808;GBV006014GBU;218;154;0.00084985
808;GBV006014GBU;226;154;0.00054426
808;GBV006014GBU;227;154;0.00017217
808;GBV006014GBU;213;155;0.00172253
808;GBV006014GBU;218;155;0.00014693
808;GBV006014GBU;227;155;0.00035854
808;0SF0060380BA;129;161;0.02476288
808;0SF0060380BA;130;161;0.02840705
808;0SF0060380BA;131;161;0.02703436
808;0SF0060380BA;128;162;0.00104142
808;0SF0060380BA;129;162;0.06890291
808;0SF0060380BA;130;162;0.12154640
808;0SF0060380BA;131;162;0.14630076
808;0SF0060380BA;128;163;0.00199467
808;0SF0060380BA;129;163;0.06522640
808;0SF0060380BA;130;163;0.12714093
808;0SF0060380BA;131;163;0.19569349
808;0SF0060380BA;129;164;0.04804979
808;0SF0060380BA;130;164;0.03608611
808;0SF0060380BA;131;164;0.05575427
808;0SF0060380BA;132;164;0.05205855
808;NCC006044MBU;143;138;0.00005948
808;NCC006044MBU;142;139;0.00006944
808;NCC006044MBU;143;139;0.00279559
808;NCC006044MBU;144;139;0.06608485
808;NCC006044MBU;145;139;0.00404636
808;NCC006044MBU;146;139;0.00619713
808;NCC006044MBU;147;139;0.00898870
808;NCC006044MBU;148;139;0.00132839
808;NCC006044MBU;142;140;0.03393271
808;NCC006044MBU;143;140;0.06746321
808;NCC006044MBU;144;140;0.03240940
808;NCC006044MBU;145;140;0.00900168
808;NCC006044MBU;146;140;0.00207552
808;NCC006044MBU;136;141;0.00379231
808;NCC006044MBU;137;141;0.00444447
808;NCC006044MBU;138;141;0.05866380
808;NCC006044MBU;139;141;0.09506915
808;NCC006044MBU;140;141;0.08669914
808;NCC006044MBU;141;141;0.07229077
808;NCC006044MBU;142;141;0.05311298
808;NCC006044MBU;143;141;0.00411419
808;NCC006044MBU;144;141;0.00284392
808;NCC006044MBU;145;141;0.00681489
808;NCC006044MBU;134;142;0.00019484
808;NCC006044MBU;135;142;0.00489605
808;NCC006044MBU;136;142;0.00091518
808;NCC006044MBU;137;142;0.00380865
808;NCC006044MBU;138;142;0.03783054
808;NCC006044MBU;139;142;0.05112735
808;NCC006044MBU;140;142;0.00844282
808;NCC006044MBU;141;142;0.00027423
808;NCC006044MBU;142;142;0.00064287
808;NCC006044MBU;143;142;0.00116263
808;NCC006044MBU;144;142;0.00005039
808;NCC006044MBU;145;142;0.00078640
808;NCC006044MBU;134;143;0.00343459
808;NCC006044MBU;135;143;0.00014834
808;NCC006044MBU;136;143;0.00152458
808;NCC006044MBU;137;143;0.01126251
808;NCC006044MBU;138;143;0.03024222
808;NCC006044MBU;139;143;0.05122148
808;NCC006044MBU;140;143;0.00313445
808;NCC006044MBU;142;143;0.00004785
808;NCC006044MBU;143;143;0.00024719
808;NCC006044MBU;144;143;0.00011001
808;NCC006044MBU;145;143;0.00008535
808;NCC006044MBU;133;144;0.00236927
808;NCC006044MBU;134;144;0.00098983
808;NCC006044MBU;136;144;0.00241793
808;NCC006044MBU;137;144;0.01420391
808;NCC006044MBU;138;144;0.00285734
808;NCC006044MBU;139;144;0.03353567
808;NCC006044MBU;140;144;0.02224016
808;NCC006044MBU;141;144;0.00002458
808;NCC006044MBU;142;144;0.00017280
808;NCC006044MBU;143;144;0.00010689
808;NCC006044MBU;133;145;0.00021289
808;NCC006044MBU;134;145;0.00001233
808;NCC006044MBU;135;145;0.00006835
808;NCC006044MBU;136;145;0.00590875
808;NCC006044MBU;137;145;0.00695167
808;NCC006044MBU;138;145;0.00032182
808;NCC006044MBU;139;145;0.00844327
808;NCC006044MBU;140;145;0.03922362
808;NCC006044MBU;141;145;0.00027635
808;NCC006044MBU;142;145;0.00000906
808;NCC006044MBU;132;146;0.00000076
808;NCC006044MBU;133;146;0.00000019
808;NCC006044MBU;134;146;0.00000350
808;NCC006044MBU;135;146;0.00048059
808;NCC006044MBU;136;146;0.00530937
808;NCC006044MBU;137;146;0.00077257
808;NCC006044MBU;138;146;0.00027726
808;NCC006044MBU;139;146;0.00739820
808;NCC006044MBU;140;146;0.00024850
808;NCC006044MBU;134;147;0.00000037
808;NCC006044MBU;135;147;0.00019443
808;NCC006044MBU;136;147;0.00293555
808;NCC006044MBU;137;147;0.00001575
808;NCC006044MBU;138;147;0.00033262
808;NCC006044MBU;139;147;0.00001315
808;NCC006044MBU;136;148;0.00414911
808;NCC006044MBU;137;148;0.00034841
808;NCC006044MBU;138;148;0.00010801
808;NCC006044MBU;136;149;0.00316709
808;NCC006044MBU;137;149;0.00000941
808;SJV006016SJU;180;109;0.00421420
808;SJV006016SJU;181;109;0.00001285
808;SJV006016SJU;182;109;0.00057749
808;SJV006016SJU;183;109;0.00235691
808;SJV006016SJU;185;109;0.00018213
808;SJV006016SJU;187;109;0.02674136
808;SJV006016SJU;192;109;0.00128289
808;SJV006016SJU;180;110;0.00089154
808;SJV006016SJU;181;110;0.00369250
808;SJV006016SJU;182;110;0.00252891
808;SJV006016SJU;183;110;0.00009872
808;SJV006016SJU;184;110;0.00030248
808;SJV006016SJU;185;110;0.00002936
808;SJV006016SJU;186;110;0.01467476
808;SJV006016SJU;187;110;0.01718574
808;SJV006016SJU;192;110;0.00159407
808;SJV006016SJU;181;111;0.00564238
808;SJV006016SJU;182;111;0.00274823
808;SJV006016SJU;184;111;0.00021048
808;SJV006016SJU;185;111;0.00499093
808;SJV006016SJU;186;111;0.02776345
808;SJV006016SJU;192;111;0.00165623
808;SJV006016SJU;193;111;0.00001639
808;SJV006016SJU;178;112;0.00000685
808;SJV006016SJU;179;112;0.00000882
808;SJV006016SJU;181;112;0.00414232
808;SJV006016SJU;182;112;0.00375307
808;SJV006016SJU;184;112;0.00029663
808;SJV006016SJU;185;112;0.03348781
808;SJV006016SJU;192;112;0.00170116
808;SJV006016SJU;193;112;0.00000762
808;SJV006016SJU;179;113;0.00001361
808;SJV006016SJU;180;113;0.00343208
808;SJV006016SJU;181;113;0.00195712
808;SJV006016SJU;182;113;0.00315149
808;SJV006016SJU;183;113;0.00338816
808;SJV006016SJU;184;113;0.03263913
808;SJV006016SJU;185;113;0.00246065
808;SJV006016SJU;186;113;0.00096778
808;SJV006016SJU;187;113;0.00085064
808;SJV006016SJU;188;113;0.00083142
808;SJV006016SJU;189;113;0.00081434
808;SJV006016SJU;190;113;0.00106127
808;SJV006016SJU;191;113;0.00071894
808;SJV006016SJU;192;113;0.00230513
808;SJV006016SJU;193;113;0.00002107
808;SJV006016SJU;179;114;0.00037733
808;SJV006016SJU;180;114;0.00596548
808;SJV006016SJU;182;114;0.00000010
808;SJV006016SJU;183;114;0.02967842
808;SJV006016SJU;184;114;0.00793071
808;SJV006016SJU;190;114;0.00019565
808;SJV006016SJU;192;114;0.00221356
808;SJV006016SJU;179;115;0.00242994
808;SJV006016SJU;180;115;0.00555386
808;SJV006016SJU;182;115;0.02660702
808;SJV006016SJU;183;115;0.01868064
808;SJV006016SJU;184;115;0.00001236
808;SJV006016SJU;190;115;0.00037671
808;SJV006016SJU;191;115;0.00011535
808;SJV006016SJU;192;115;0.00238569
808;SJV006016SJU;193;115;0.00012184
808;SJV006016SJU;180;116;0.00998269
808;SJV006016SJU;181;116;0.02830853
808;SJV006016SJU;182;116;0.00181176
808;SJV006016SJU;184;116;0.00877199
808;SJV006016SJU;190;116;0.00037110
808;SJV006016SJU;191;116;0.00000063
808;SJV006016SJU;192;116;0.00417768
808;SJV006016SJU;193;116;0.00086419
808;SJV006016SJU;181;117;0.00331997
808;SJV006016SJU;182;117;0.00095225
808;SJV006016SJU;183;117;0.00018934
808;SJV006016SJU;184;117;0.00454169
808;SJV006016SJU;185;117;0.00394583
808;SJV006016SJU;189;117;0.00000914
808;SJV006016SJU;190;117;0.00070034
808;SJV006016SJU;191;117;0.00100251
808;SJV006016SJU;192;117;0.01459371
808;SJV006016SJU;193;117;0.00213749
808;SJV006016SJU;182;118;0.00518270
808;SJV006016SJU;183;118;0.00084841
808;SJV006016SJU;184;118;0.00008528
808;SJV006016SJU;185;118;0.00938004
808;SJV006016SJU;186;118;0.00008677
808;SJV006016SJU;188;118;0.00010985
808;SJV006016SJU;189;118;0.00044781
808;SJV006016SJU;190;118;0.00137929
808;SJV006016SJU;191;118;0.00176317
808;SJV006016SJU;192;118;0.01254785
808;SJV006016SJU;193;118;0.00113716
808;SJV006016SJU;183;119;0.00483322
808;SJV006016SJU;184;119;0.00084338
808;SJV006016SJU;186;119;0.00935389
808;SJV006016SJU;187;119;0.00010767
808;SJV006016SJU;188;119;0.00010478
808;SJV006016SJU;189;119;0.00034363
808;SJV006016SJU;190;119;0.00073442
808;SJV006016SJU;191;119;0.00988023
808;SJV006016SJU;192;119;0.00185275
808;SJV006016SJU;193;119;0.00003207
808;SJV006016SJU;184;120;0.00467099
808;SJV006016SJU;185;120;0.00145886
808;SJV006016SJU;186;120;0.00790540
808;SJV006016SJU;187;120;0.00612756
808;SJV006016SJU;188;120;0.00421997
808;SJV006016SJU;189;120;0.00358218
808;SJV006016SJU;190;120;0.00410577
808;SJV006016SJU;191;120;0.01200110
808;SJV006016SJU;192;120;0.00448473
808;SJV006016SJU;193;120;0.00255586
808;SJV006016SJU;183;121;0.00095868
808;SJV006016SJU;184;121;0.00426181
808;SJV006016SJU;185;121;0.01554161
808;SJV006016SJU;186;121;0.00889871
808;SJV006016SJU;187;121;0.00940198
808;SJV006016SJU;188;121;0.00370968
808;SJV006016SJU;189;121;0.00145384
808;SJV006016SJU;190;121;0.00158400
808;SJV006016SJU;191;121;0.00903255
808;SJV006016SJU;192;121;0.00168512
808;SJV006016SJU;193;121;0.00014212
808;SJV006016SJU;185;122;0.00069869
808;SJV006016SJU;186;122;0.01601540
808;SJV006016SJU;187;122;0.03624051
808;SJV006016SJU;188;122;0.00714106
808;SJV006016SJU;189;122;0.00190496
808;SJV006016SJU;190;122;0.00529052
808;SJV006016SJU;191;122;0.01005805
808;SJV006016SJU;192;122;0.00085183
808;SJV006016SJU;193;122;0.00071579
808;SJV006016SJU;194;122;0.00135605
808;SJV006016SJU;185;123;0.00002006
808;SJV006016SJU;186;123;0.00026653
808;SJV006016SJU;187;123;0.02484748
808;SJV006016SJU;188;123;0.02267637
808;SJV006016SJU;189;123;0.03450385
808;SJV006016SJU;190;123;0.05433985
808;SJV006016SJU;191;123;0.02488117
808;SJV006016SJU;192;123;0.01841538
808;SJV006016SJU;193;123;0.01740095
808;SJV006016SJU;194;123;0.01396356
808;SJV006016SJU;184;124;0.00054852
808;SJV006016SJU;185;124;0.00243650
808;SJV006016SJU;186;124;0.00335786
808;SJV006016SJU;187;124;0.01205641
808;SJV006016SJU;188;124;0.00231122
808;SJV006016SJU;189;124;0.00480991
808;SJV006016SJU;190;124;0.03433370
808;SJV006016SJU;191;124;0.01306575
808;SJV006016SJU;192;124;0.00346904
808;SJV006016SJU;193;124;0.00105610
808;SJV006016SJU;194;124;0.00065842
808;SJV006016SJU;183;125;0.00026732
808;SJV006016SJU;184;125;0.00165355
808;SJV006016SJU;185;125;0.00046816
808;SJV006016SJU;186;125;0.00038993
808;SJV006016SJU;187;125;0.00990506
808;SJV006016SJU;188;125;0.00342569
808;SJV006016SJU;189;125;0.00447857
808;SJV006016SJU;190;125;0.01464634
808;SJV006016SJU;191;125;0.00141163
808;SJV006016SJU;192;125;0.00222414
808;SJV006016SJU;193;125;0.00021688
808;SJV006016SJU;189;126;0.00151814
808;SJV006016SJU;190;126;0.00909345
808;SJV006016SJU;191;126;0.00001828
808;SJV006016SJU;192;126;0.00228945
808;SJV006016SJU;193;126;0.00016985
808;SJV006016SJU;192;127;0.00196950
808;SJV006016SJU;193;127;0.00008115
808;SJV006016SJU;192;128;0.00150784
808;SJV006016SJU;193;128;0.00000004
808;0NC006012NCU;104;224;0.00112576
808;0NC006012NCU;104;225;0.00270640
808;0NC006012NCU;104;226;0.00273530
808;0NC006012NCU;103;227;0.00025526
808;0NC006012NCU;104;227;0.00185708
808;0NC006012NCU;103;228;0.00121643
808;0NC006012NCU;104;228;0.00087598
808;0NC006012NCU;104;229;0.00219314
808;0NC006012NCU;103;230;0.00276461
808;0NC006012NCU;104;230;0.00288789
808;0NC006012NCU;102;231;0.00173489
808;0NC006012NCU;103;231;0.00301237
808;0NC006012NCU;102;232;0.00331808
808;0NC006012NCU;101;233;0.00351662
808;0NC006012NCU;102;233;0.00004107
808;0NC006012NCU;101;234;0.00453393
808;0NC006012NCU;100;235;0.00244894
808;0NC006012NCU;101;235;0.00491196
808;0NC006012NCU;99;236;0.00420869
808;0NC006012NCU;100;236;0.00451353
808;0NC006012NCU;106;236;0.00071325
808;0NC006012NCU;107;236;0.00046446
808;0NC006012NCU;98;237;0.00589153
808;0NC006012NCU;99;237;0.00103765
808;0NC006012NCU;101;237;0.00017230
808;0NC006012NCU;102;237;0.00046244
808;0NC006012NCU;103;237;0.00045668
808;0NC006012NCU;104;237;0.00070300
808;0NC006012NCU;105;237;0.00067251
808;0NC006012NCU;106;237;0.00017615
808;0NC006012NCU;107;237;0.00049194
808;0NC006012NCU;108;237;0.00062693
808;0NC006012NCU;109;237;0.00040520
808;0NC006012NCU;97;238;0.01666403
808;0NC006012NCU;98;238;0.00666478
808;0NC006012NCU;99;238;0.00020475
808;0NC006012NCU;100;238;0.00049038
808;0NC006012NCU;101;238;0.00030981
808;0NC006012NCU;103;238;0.00009114
808;0NC006012NCU;104;238;0.00007720
808;0NC006012NCU;97;239;0.02006417
808;0NC006012NCU;98;239;0.00016524
808;0NC006012NCU;99;239;0.00029321
808;0NC006012NCU;103;239;0.00017950
808;0NC006012NCU;94;240;0.00024132
808;0NC006012NCU;95;240;0.00757590
808;0NC006012NCU;97;240;0.02143513
808;0NC006012NCU;103;240;0.00017595
808;0NC006012NCU;95;241;0.00312437
808;0NC006012NCU;96;241;0.05456520
808;0NC006012NCU;97;241;0.00330572
808;0NC006012NCU;102;241;0.00016547
808;0NC006012NCU;103;241;0.00012780
808;0NC006012NCU;96;242;0.03597514
808;0NC006012NCU;101;242;0.00010268
808;0NC006012NCU;102;242;0.00006688
808;0NC006012NCU;96;243;0.03714906
808;0NC006012NCU;101;243;0.00017086
808;0NC006012NCU;96;244;0.04295558
808;0NC006012NCU;100;244;0.00002169
808;0NC006012NCU;101;244;0.00020834
808;0NC006012NCU;96;245;0.05770458
808;0NC006012NCU;97;245;0.02735725
808;0NC006012NCU;98;245;0.00719236
808;0NC006012NCU;99;245;0.00204293
808;0NC006012NCU;100;245;0.00019931
808;0NC006012NCU;96;246;0.00685459
808;0NC006012NCU;97;246;0.07614738
808;0NC006012NCU;98;246;0.06779872
808;0NC006012NCU;99;246;0.00610090
808;0NC006012NCU;100;246;0.00005052
808;0NC006012NCU;98;247;0.01042945
808;0NC006012NCU;99;247;0.07728802
808;0NC006012NCU;99;248;0.08734278
808;0NC006012NCU;100;248;0.00249776
808;0NC006012NCU;101;248;0.00342046
808;0NC006012NCU;102;248;0.00168640
808;0NC006012NCU;105;248;0.00014279
808;0NC006012NCU;106;248;0.00294100
808;0NC006012NCU;108;248;0.00080217
808;0NC006012NCU;98;249;0.04992722
808;0NC006012NCU;99;249;0.02771651
808;0NC006012NCU;100;249;0.00513317
808;0NC006012NCU;102;249;0.00384939
808;0NC006012NCU;103;249;0.00298046
808;0NC006012NCU;104;249;0.00379398
808;0NC006012NCU;105;249;0.00330566
808;0NC006012NCU;106;249;0.00080278
808;0NC006012NCU;107;249;0.00440954
808;0NC006012NCU;108;249;0.00407012
808;0NC006012NCU;98;250;0.02699072
808;0NC006012NCU;102;250;0.00104879
808;0NC006012NCU;103;250;0.00093635
808;0NC006012NCU;108;250;0.00058361
808;0NC006012NCU;98;251;0.01285067
808;0NC006012NCU;107;251;0.00002199
808;0NC006012NCU;108;251;0.00016369
808;0NC006012NCU;98;252;0.01434667
808;0NC006012NCU;107;252;0.00010337
808;0NC006012NCU;97;253;0.00073632
808;0NC006012NCU;98;253;0.01206812
808;0NC006012NCU;107;253;0.00010295
808;0NC006012NCU;97;254;0.00538033
808;0NC006012NCU;98;254;0.00003696
808;0NC006012NCU;107;254;0.00009985
808;0NC006012NCU;97;255;0.00206282
808;0NC006012NCU;98;255;0.00507854
808;0NC006012NCU;102;255;0.00001358
808;0NC006012NCU;103;255;0.00014248
808;0NC006012NCU;104;255;0.00014151
808;0NC006012NCU;107;255;0.00010153
808;0NC006012NCU;98;256;0.00589689
808;0NC006012NCU;99;256;0.00013844
808;0NC006012NCU;102;256;0.00014025
808;0NC006012NCU;104;256;0.00007762
808;0NC006012NCU;105;256;0.00013840
808;0NC006012NCU;106;256;0.00013589
808;0NC006012NCU;107;256;0.00030206
808;0NC006012NCU;108;256;0.00000014
808;0NC006012NCU;98;257;0.00362089
808;0NC006012NCU;99;257;0.00326997
808;0NC006012NCU;101;257;0.00006221
808;0NC006012NCU;102;257;0.00007042
808;0NC006012NCU;108;257;0.00021933
808;0NC006012NCU;99;258;0.00536382
808;0NC006012NCU;101;258;0.00013263
808;0NC006012NCU;108;258;0.00017580
808;0NC006012NCU;109;258;0.00024397
808;0NC006012NCU;110;258;0.00000277
808;0NC006012NCU;99;259;0.00523492
808;0NC006012NCU;100;259;0.00390722
808;0NC006012NCU;101;259;0.00005566
808;0NC006012NCU;110;259;0.00031068
808;0NC006012NCU;100;260;0.00582681
808;0NC006012NCU;110;260;0.00001168
808;0NC006012NCU;111;260;0.00021588
808;0NC006012NCU;100;261;0.00176961
808;0NC006012NCU;101;261;0.00681054
808;0NC006012NCU;111;261;0.00008741
808;0NC006012NCU;101;262;0.00553737
808;0NC006012NCU;100;263;0.00243573
808;0NC006012NCU;101;263;0.00397341
808;0NC006012NCU;100;264;0.00112933
808;0SF0060480BA;136;170;0.00761583
808;0SF0060480BA;137;170;0.04062748
808;0SF0060480BA;134;171;0.00337349
808;0SF0060480BA;135;171;0.07826998
808;0SF0060480BA;136;171;0.03829889
808;0SF0060480BA;137;171;0.02599547
808;0SF0060480BA;133;172;0.01265699
808;0SF0060480BA;134;172;0.03774461
808;0SF0060480BA;135;172;0.07162342
808;0SF0060480BA;136;172;0.00068776
808;0SF0060480BA;137;172;0.02586463
808;0SF0060480BA;131;173;0.00789094
808;0SF0060480BA;132;173;0.01696692
808;0SF0060480BA;133;173;0.00469260
808;0SF0060480BA;134;173;0.03514304
808;0SF0060480BA;135;173;0.04701780
808;0SF0060480BA;137;173;0.02586463
808;0SF0060480BA;135;174;0.00890583
808;0SF0060480BA;136;174;0.04722156
808;0SF0060480BA;137;174;0.02908960
808;0SF0060480BA;142;174;0.00185912
808;0SF0060480BA;143;174;0.00213899
808;0SF0060480BA;135;175;0.00348574
808;0SF0060480BA;136;175;0.02881680
808;0SF0060480BA;137;175;0.10022183
808;0SF0060480BA;138;175;0.03454043
808;0SF0060480BA;139;175;0.00392956
808;0SF0060480BA;140;175;0.00537762
808;0SF0060480BA;141;175;0.00408842
808;0SF0060480BA;142;175;0.00405687
808;0SF0060480BA;136;176;0.00308579
808;0SF0060480BA;137;176;0.00457284
808;0SF0060480BA;138;176;0.07625609
808;0SF0060480BA;139;176;0.07003316
808;0SF0060480BA;140;176;0.01492064
808;0SF0060480BA;141;176;0.00167929
808;0SF0060480BA;137;177;0.00022205
808;0SF0060480BA;138;177;0.00018605
808;0SF0060480BA;139;177;0.05995220
808;0SF0060480BA;140;177;0.00418025
808;0SF0060480BA;141;177;0.00362633
808;0SF0060480BA;139;178;0.00721842
808;SJV006024SJU;165;138;0.01047047
808;SJV006024SJU;164;139;0.00391663
808;SJV006024SJU;165;139;0.00727263
808;SJV006024SJU;166;139;0.00009133
808;SJV006024SJU;163;140;0.00287721
808;SJV006024SJU;164;140;0.01035711
808;SJV006024SJU;168;140;0.00007845
808;SJV006024SJU;169;140;0.00004664
808;SJV006024SJU;162;141;0.00008370
808;SJV006024SJU;163;141;0.01043752
808;SJV006024SJU;164;141;0.00092951
808;SJV006024SJU;167;141;0.00027105
808;SJV006024SJU;168;141;0.00073917
808;SJV006024SJU;169;141;0.00190848
808;SJV006024SJU;162;142;0.01038221
808;SJV006024SJU;163;142;0.00002276
808;SJV006024SJU;164;142;0.00099122
808;SJV006024SJU;166;142;0.00055224
808;SJV006024SJU;167;142;0.00009097
808;SJV006024SJU;168;142;0.00003158
808;SJV006024SJU;169;142;0.00318771
808;SJV006024SJU;156;143;0.00029830
808;SJV006024SJU;159;143;0.00239277
808;SJV006024SJU;160;143;0.00460172
808;SJV006024SJU;161;143;0.01080736
808;SJV006024SJU;162;143;0.00764650
808;SJV006024SJU;163;143;0.00477039
808;SJV006024SJU;164;143;0.01054944
808;SJV006024SJU;165;143;0.00663626
808;SJV006024SJU;166;143;0.00536309
808;SJV006024SJU;167;143;0.00646164
808;SJV006024SJU;168;143;0.00631357
808;SJV006024SJU;169;143;0.00698986
808;SJV006024SJU;170;143;0.00644373
808;SJV006024SJU;171;143;0.00499032
808;SJV006024SJU;156;144;0.00233811
808;SJV006024SJU;157;144;0.00470421
808;SJV006024SJU;158;144;0.00540705
808;SJV006024SJU;159;144;0.00252449
808;SJV006024SJU;160;144;0.00581884
808;SJV006024SJU;161;144;0.00993168
808;SJV006024SJU;162;144;0.00327776
808;SJV006024SJU;163;144;0.00501440
808;SJV006024SJU;164;144;0.00621334
808;SJV006024SJU;165;144;0.00196444
808;SJV006024SJU;166;144;0.00195695
808;SJV006024SJU;167;144;0.00226942
808;SJV006024SJU;168;144;0.00011584
808;SJV006024SJU;169;144;0.00000694
808;SJV006024SJU;171;144;0.00221007
808;SJV006024SJU;172;144;0.00582457
808;SJV006024SJU;160;145;0.01351679
808;SJV006024SJU;161;145;0.00021611
808;SJV006024SJU;162;145;0.00131267
808;SJV006024SJU;164;145;0.00335591
808;SJV006024SJU;167;145;0.00078398
808;SJV006024SJU;170;145;0.00003737
808;SJV006024SJU;171;145;0.00009459
808;SJV006024SJU;172;145;0.00657960
808;SJV006024SJU;173;145;0.00020026
808;SJV006024SJU;174;145;0.00021860
808;SJV006024SJU;159;146;0.00527402
808;SJV006024SJU;160;146;0.00772965
808;SJV006024SJU;161;146;0.00111016
808;SJV006024SJU;164;146;0.00340413
808;SJV006024SJU;167;146;0.00079238
808;SJV006024SJU;168;146;0.00029574
808;SJV006024SJU;172;146;0.00651649
808;SJV006024SJU;174;146;0.00030295
808;SJV006024SJU;175;146;0.01141957
808;SJV006024SJU;176;146;0.02857696
808;SJV006024SJU;177;146;0.00000132
808;SJV006024SJU;178;146;0.00034195
808;SJV006024SJU;159;147;0.01030474
808;SJV006024SJU;160;147;0.00215627
808;SJV006024SJU;161;147;0.00196060
808;SJV006024SJU;164;147;0.00336584
808;SJV006024SJU;168;147;0.00077386
808;SJV006024SJU;169;147;0.00080273
808;SJV006024SJU;170;147;0.00099451
808;SJV006024SJU;171;147;0.00043944
808;SJV006024SJU;172;147;0.00711072
808;SJV006024SJU;173;147;0.00346308
808;SJV006024SJU;174;147;0.01265840
808;SJV006024SJU;175;147;0.02754220
808;SJV006024SJU;176;147;0.00103157
808;SJV006024SJU;177;147;0.00048820
808;SJV006024SJU;178;147;0.00105371
808;SJV006024SJU;159;148;0.00809128
808;SJV006024SJU;160;148;0.00351959
808;SJV006024SJU;161;148;0.00287373
808;SJV006024SJU;164;148;0.00324819
808;SJV006024SJU;170;148;0.00043506
808;SJV006024SJU;172;148;0.00474135
808;SJV006024SJU;173;148;0.01021949
808;SJV006024SJU;174;148;0.02707647
808;SJV006024SJU;175;148;0.00205265
808;SJV006024SJU;176;148;0.00233710
808;SJV006024SJU;177;148;0.00180883
808;SJV006024SJU;178;148;0.00012243
808;SJV006024SJU;179;148;0.00018474
808;SJV006024SJU;180;148;0.00003979
808;SJV006024SJU;160;149;0.00104237
808;SJV006024SJU;161;149;0.00660217
808;SJV006024SJU;162;149;0.00351954
808;SJV006024SJU;164;149;0.00325204
808;SJV006024SJU;170;149;0.00114356
808;SJV006024SJU;171;149;0.00235545
808;SJV006024SJU;172;149;0.01756141
808;SJV006024SJU;173;149;0.02754514
808;SJV006024SJU;174;149;0.00334637
808;SJV006024SJU;175;149;0.00192752
808;SJV006024SJU;176;149;0.00150845
808;SJV006024SJU;177;149;0.00009341
808;SJV006024SJU;160;150;0.00121644
808;SJV006024SJU;161;150;0.00032166
808;SJV006024SJU;162;150;0.00337177
808;SJV006024SJU;163;150;0.00409270
808;SJV006024SJU;164;150;0.00779890
808;SJV006024SJU;165;150;0.00465253
808;SJV006024SJU;166;150;0.00460356
808;SJV006024SJU;167;150;0.00480669
808;SJV006024SJU;168;150;0.00421870
808;SJV006024SJU;169;150;0.00508596
808;SJV006024SJU;170;150;0.01952728
808;SJV006024SJU;171;150;0.03904264
808;SJV006024SJU;172;150;0.03964160
808;SJV006024SJU;173;150;0.00783498
808;SJV006024SJU;174;150;0.00425905
808;SJV006024SJU;175;150;0.00332524
808;SJV006024SJU;176;150;0.00239644
808;SJV006024SJU;177;150;0.00132714
808;SJV006024SJU;161;151;0.00141950
808;SJV006024SJU;162;151;0.00323074
808;SJV006024SJU;163;151;0.00238806
808;SJV006024SJU;164;151;0.00619458
808;SJV006024SJU;165;151;0.00237866
808;SJV006024SJU;166;151;0.00235068
808;SJV006024SJU;167;151;0.00303422
808;SJV006024SJU;168;151;0.01885677
808;SJV006024SJU;169;151;0.03246341
808;SJV006024SJU;170;151;0.02479103
808;SJV006024SJU;171;151;0.00994500
808;SJV006024SJU;172;151;0.00718124
808;SJV006024SJU;173;151;0.00303933
808;SJV006024SJU;174;151;0.00000832
808;SJV006024SJU;177;151;0.00115065
808;SJV006024SJU;178;151;0.00002386
808;SJV006024SJU;162;152;0.00218492
808;SJV006024SJU;163;152;0.00020615
808;SJV006024SJU;164;152;0.00490153
808;SJV006024SJU;165;152;0.00096282
808;SJV006024SJU;166;152;0.01544625
808;SJV006024SJU;167;152;0.02853822
808;SJV006024SJU;168;152;0.01118616
808;SJV006024SJU;169;152;0.01030147
808;SJV006024SJU;170;152;0.00122919
808;SJV006024SJU;171;152;0.00364747
808;SJV006024SJU;172;152;0.00290422
808;SJV006024SJU;173;152;0.00051997
808;SJV006024SJU;162;153;0.00121878
808;SJV006024SJU;163;153;0.00209997
808;SJV006024SJU;164;153;0.00702522
808;SJV006024SJU;165;153;0.00910131
808;SJV006024SJU;166;153;0.02546441
808;SJV006024SJU;167;153;0.00154118
808;SJV006024SJU;168;153;0.00709692
808;SJV006024SJU;169;153;0.00208839
808;SJV006024SJU;170;153;0.00210887
808;SJV006024SJU;171;153;0.00429137
808;SJV006024SJU;172;153;0.00009489
808;SJV006024SJU;173;153;0.00145100
808;SJV006024SJU;174;153;0.00017007
808;SJV006024SJU;175;153;0.00008507
808;SJV006024SJU;164;154;0.00279241
808;SJV006024SJU;165;154;0.02588279
808;SJV006024SJU;166;154;0.00440427
808;SJV006024SJU;167;154;0.00511910
808;SJV006024SJU;168;154;0.00080276
808;SJV006024SJU;169;154;0.00430590
808;SJV006024SJU;170;154;0.00043902
808;SJV006024SJU;171;154;0.00137207
808;SJV006024SJU;172;154;0.00013736
808;SJV006024SJU;173;154;0.00138922
808;SJV006024SJU;175;154;0.00008500
808;SJV006024SJU;176;154;0.00011145
808;SJV006024SJU;166;155;0.00170097
808;SJV006024SJU;167;155;0.00139161
808;SJV006024SJU;168;155;0.00420778
808;SJV006024SJU;169;155;0.00029520
808;SJV006024SJU;170;155;0.00042732
808;SJV006024SJU;171;155;0.00101608
808;SJV006024SJU;172;155;0.00119409
808;SJV006024SJU;173;155;0.00137933
808;SJV006024SJU;168;156;0.00030528
808;SJV006024SJU;169;156;0.00021278
808;SJV006024SJU;170;156;0.00035403
808;SJV006024SJU;171;156;0.00051762
808;SJV006024SJU;172;156;0.00040469
808;SJV006024SJU;173;156;0.00284746
808;SJV006024SJU;174;156;0.00025738
808;SJV006024SJU;175;156;0.00022402
808;SJV006024SJU;171;157;0.00026451
808;SJV006024SJU;173;157;0.00181183
808;SJV006024SJU;173;158;0.00104463
808;0NC0060490NS;117;178;0.00024248
808;0NC0060490NS;118;178;0.00420973
808;0NC0060490NS;119;178;0.00399499
808;0NC0060490NS;120;178;0.00253677
808;0NC0060490NS;117;179;0.00387401
808;0NC0060490NS;119;179;0.01005935
808;0NC0060490NS;120;179;0.00796207
808;0NC0060490NS;117;180;0.00339646
808;0NC0060490NS;120;180;0.00131538
808;0NC0060490NS;116;181;0.00744619
808;0NC0060490NS;117;181;0.00420831
808;0NC0060490NS;119;181;0.01802239
808;0NC0060490NS;120;181;0.01273377
808;0NC0060490NS;121;181;0.00634373
808;0NC0060490NS;115;182;0.00589427
808;0NC0060490NS;116;182;0.01542828
808;0NC0060490NS;117;182;0.01295739
808;0NC0060490NS;118;182;0.02434241
808;0NC0060490NS;119;182;0.01311012
808;0NC0060490NS;120;182;0.00794693
808;0NC0060490NS;121;182;0.02592733
808;0NC0060490NS;114;183;0.01425146
808;0NC0060490NS;115;183;0.01080193
808;0NC0060490NS;118;183;0.00648243
808;0NC0060490NS;119;183;0.02253893
808;0NC0060490NS;120;183;0.01876665
808;0NC0060490NS;121;183;0.03919870
808;0NC0060490NS;122;183;0.00543544
808;0NC0060490NS;112;184;0.00019456
808;0NC0060490NS;113;184;0.01422118
808;0NC0060490NS;114;184;0.00213065
808;0NC0060490NS;121;184;0.00235940
808;0NC0060490NS;122;184;0.00610830
808;0NC0060490NS;112;185;0.01159743
808;0NC0060490NS;121;185;0.00235940
808;0NC0060490NS;122;185;0.11255524
808;0NC0060490NS;111;186;0.01010330
808;0NC0060490NS;112;186;0.00109109
808;0NC0060490NS;121;186;0.06051739
808;0NC0060490NS;122;186;0.06829003
808;0NC0060490NS;124;186;0.00158063
808;0NC0060490NS;125;186;0.00565330
808;0NC0060490NS;126;186;0.00388872
808;0NC0060490NS;110;187;0.00489849
808;0NC0060490NS;111;187;0.00484649
808;0NC0060490NS;121;187;0.05875507
808;0NC0060490NS;122;187;0.00357604
808;0NC0060490NS;123;187;0.00556309
808;0NC0060490NS;124;187;0.00407267
808;0NC0060490NS;110;188;0.01058202
808;0NC0060490NS;121;188;0.06685750
808;0NC0060490NS;109;189;0.00888714
808;0NC0060490NS;110;189;0.00248091
808;0NC0060490NS;120;189;0.05035684
808;0NC0060490NS;121;189;0.01102143
808;0NC0060490NS;108;190;0.00633170
808;0NC0060490NS;109;190;0.00355629
808;0NC0060490NS;119;190;0.05181455
808;0NC0060490NS;120;190;0.01345710
808;0NC0060490NS;118;191;0.01096911
808;0NC0060490NS;119;191;0.03617868
808;0NC0060490NS;117;192;0.00095568
808;0NC0060490NS;118;192;0.03276067
808;0LT006031PLA;179;197;0.00181041
808;0LT006031PLA;178;198;0.00011474
808;0LT006031PLA;179;198;0.09808400
808;0LT006031PLA;178;199;0.00075948
808;0LT006031PLA;179;199;0.08592061
808;0LT006031PLA;177;200;0.00010284
808;0LT006031PLA;178;200;0.04226112
808;0LT006031PLA;179;200;0.16211267
808;0LT006031PLA;178;201;0.00717010
808;0LT006031PLA;179;201;0.04044073
808;0LT006031PLA;180;201;0.13529169
808;0LT006031PLA;180;202;0.07372906
808;0LT006031PLA;181;202;0.20962475
808;0LT006031PLA;182;202;0.08358166
808;0LT006031PLA;180;203;0.00348157
808;0LT006031PLA;181;203;0.05551459
808;0MC006031PLA;160;194;0.00087696
808;0MC006031PLA;161;194;0.01781072
808;0MC006031PLA;162;194;0.00935253
808;0MC006031PLA;160;195;0.00717019
808;0MC006031PLA;161;195;0.10351362
808;0MC006031PLA;162;195;0.01995941
808;0MC006031PLA;163;195;0.00220626
808;0MC006031PLA;161;196;0.10747537
808;0MC006031PLA;162;196;0.00750052
808;0MC006031PLA;163;196;0.01493083
808;0MC006031PLA;164;196;0.01671064
808;0MC006031PLA;165;196;0.01058329
808;0MC006031PLA;161;197;0.00275969
808;0MC006031PLA;162;197;0.07601383
808;0MC006031PLA;165;197;0.00345449
808;0MC006031PLA;166;197;0.00657634
808;0MC006031PLA;162;198;0.07231573
808;0MC006031PLA;166;198;0.00210351
808;0MC006031PLA;167;198;0.00156712
808;0MC006031PLA;162;199;0.06926266
808;0MC006031PLA;163;199;0.00760442
808;0MC006031PLA;167;199;0.00037534
808;0MC006031PLA;168;199;0.00001263
808;0MC006031PLA;163;200;0.04879650
808;0MC006031PLA;164;200;0.03826608
808;0MC006031PLA;168;200;0.00005268
808;0MC006031PLA;169;200;0.00003637
808;0MC006031PLA;170;200;0.00004618
808;0MC006031PLA;171;200;0.00004618
808;0MC006031PLA;172;200;0.00004351
808;0MC006031PLA;164;201;0.02913601
808;0MC006031PLA;165;201;0.05904698
808;0MC006031PLA;166;201;0.00746326
808;0MC006031PLA;169;201;0.00001375
808;0MC006031PLA;166;202;0.06668615
808;0MC006031PLA;166;203;0.00098982
808;0MC006031PLA;167;203;0.07155327
808;0MC006031PLA;168;203;0.00811540
808;0MC006031PLA;168;204;0.05721292
808;0MC006031PLA;169;204;0.02171107
808;0MC006031PLA;170;204;0.01608952
808;0MC006031PLA;171;204;0.01455824
808;0LT0060090ED;182;190;0.01305234
808;0LT0060090ED;183;190;0.00761233
808;0LT0060090ED;181;191;0.02390617
808;0LT0060090ED;182;191;0.01518110
808;0LT0060090ED;181;192;0.01327995
808;0LT0060090ED;182;192;0.08424125
808;0LT0060090ED;181;193;0.01236908
808;0LT0060090ED;182;193;0.12994875
808;0LT0060090ED;183;193;0.06327378
808;0LT0060090ED;180;194;0.05159947
808;0LT0060090ED;181;194;0.04372930
808;0LT0060090ED;182;194;0.13947438
808;0LT0060090ED;183;194;0.27515453
808;0LT0060090ED;180;195;0.03355870
808;0LT0060090ED;183;195;0.02297016
808;0LT0060090ED;179;196;0.01445497
808;0LT0060090ED;180;196;0.01941332
808;0LT0060090ED;179;197;0.02294809
808;0LT0060090ED;180;197;0.01383234
808;0SV0060480YS;146;173;0.00568663
808;0SV0060480YS;143;174;0.00279065
808;0SV0060480YS;144;174;0.00906946
808;0SV0060480YS;145;174;0.00791747
808;0SV0060480YS;146;174;0.00208046
808;0SV0060480YS;144;175;0.00282263
808;0SV0060480YS;144;176;0.00282263
808;0SV0060480YS;139;177;0.00001941
808;0SV0060480YS;140;177;0.00019695
808;0SV0060480YS;141;177;0.00047436
808;0SV0060480YS;143;177;0.00294960
808;0SV0060480YS;144;177;0.00092639
808;0SV0060480YS;139;178;0.04593680
808;0SV0060480YS;140;178;0.08401952
808;0SV0060480YS;141;178;0.01342218
808;0SV0060480YS;142;178;0.00114359
808;0SV0060480YS;143;178;0.00305084
808;0SV0060480YS;139;179;0.00127267
808;0SV0060480YS;140;179;0.07099447
808;0SV0060480YS;141;179;0.07352073
808;0SV0060480YS;142;179;0.00010397
808;0SV0060480YS;143;179;0.00163689
808;0SV0060480YS;139;180;0.00074576
808;0SV0060480YS;140;180;0.01073820
808;0SV0060480YS;141;180;0.08319870
808;0SV0060480YS;142;180;0.08389492
808;0SV0060480YS;143;180;0.00474420
808;0SV0060480YS;139;181;0.00076288
808;0SV0060480YS;140;181;0.00252365
808;0SV0060480YS;141;181;0.01803229
808;0SV0060480YS;142;181;0.05868255
808;0SV0060480YS;143;181;0.10903266
808;0SV0060480YS;139;182;0.00106297
808;0SV0060480YS;141;182;0.01826842
808;0SV0060480YS;142;182;0.00000894
808;0SV0060480YS;143;182;0.03415786
808;0SV0060480YS;144;182;0.09227194
808;0SV0060480YS;138;183;0.00104627
808;0SV0060480YS;139;183;0.00053820
808;0SV0060480YS;140;183;0.00025019
808;0SV0060480YS;141;183;0.01110804
808;0SV0060480YS;142;183;0.00003483
808;0SV0060480YS;144;183;0.03004906
808;0SV0060480YS;145;183;0.10598918
808;SJV006015SJU;205;82;0.00032886
808;SJV006015SJU;206;82;0.00013671
808;SJV006015SJU;207;82;0.00066168
808;SJV006015SJU;208;82;0.00296408
808;SJV006015SJU;200;83;0.00000954
808;SJV006015SJU;201;83;0.00027634
808;SJV006015SJU;202;83;0.00029098
808;SJV006015SJU;203;83;0.00046042
808;SJV006015SJU;204;83;0.00045997
808;SJV006015SJU;205;83;0.00033472
808;SJV006015SJU;206;83;0.00055473
808;SJV006015SJU;207;83;0.00050201
808;SJV006015SJU;208;83;0.01293965
808;SJV006015SJU;197;84;0.00016215
808;SJV006015SJU;198;84;0.00000274
808;SJV006015SJU;199;84;0.00009306
808;SJV006015SJU;200;84;0.00015357
808;SJV006015SJU;207;84;0.00761780
808;SJV006015SJU;208;84;0.00709425
808;SJV006015SJU;196;85;0.00024014
808;SJV006015SJU;197;85;0.00004832
808;SJV006015SJU;207;85;0.01233668
808;SJV006015SJU;194;86;0.00000867
808;SJV006015SJU;195;86;0.00075292
808;SJV006015SJU;196;86;0.00010951
808;SJV006015SJU;206;86;0.00367643
808;SJV006015SJU;207;86;0.00752133
808;SJV006015SJU;194;87;0.00000080
808;SJV006015SJU;195;87;0.00031863
808;SJV006015SJU;196;87;0.00045186
808;SJV006015SJU;206;87;0.01242605
808;SJV006015SJU;207;87;0.00127556
808;SJV006015SJU;208;87;0.00020574
808;SJV006015SJU;196;88;0.00051499
808;SJV006015SJU;205;88;0.00020711
808;SJV006015SJU;206;88;0.01178941
808;SJV006015SJU;207;88;0.00041084
808;SJV006015SJU;208;88;0.00017288
808;SJV006015SJU;196;89;0.00083493
808;SJV006015SJU;197;89;0.00027972
808;SJV006015SJU;198;89;0.00027971
808;SJV006015SJU;199;89;0.00033812
808;SJV006015SJU;200;89;0.00046659
808;SJV006015SJU;201;89;0.00046659
808;SJV006015SJU;202;89;0.00055524
808;SJV006015SJU;203;89;0.00021134
808;SJV006015SJU;204;89;0.00038534
808;SJV006015SJU;205;89;0.00655330
808;SJV006015SJU;206;89;0.00593429
808;SJV006015SJU;207;89;0.00070086
808;SJV006015SJU;208;89;0.00024253
808;SJV006015SJU;195;90;0.00034375
808;SJV006015SJU;196;90;0.00105494
808;SJV006015SJU;197;90;0.00025405
808;SJV006015SJU;198;90;0.00029852
808;SJV006015SJU;199;90;0.00025051
808;SJV006015SJU;200;90;0.00025052
808;SJV006015SJU;201;90;0.00025055
808;SJV006015SJU;202;90;0.00043187
808;SJV006015SJU;203;90;0.00049518
808;SJV006015SJU;204;90;0.00581202
808;SJV006015SJU;205;90;0.00524343
808;SJV006015SJU;206;90;0.00176267
808;SJV006015SJU;207;90;0.00096967
808;SJV006015SJU;208;90;0.00065330
808;SJV006015SJU;194;91;0.00032745
808;SJV006015SJU;195;91;0.00264959
808;SJV006015SJU;196;91;0.00017402
808;SJV006015SJU;197;91;0.00008427
808;SJV006015SJU;198;91;0.00007786
808;SJV006015SJU;199;91;0.00002126
808;SJV006015SJU;200;91;0.00001016
808;SJV006015SJU;202;91;0.00000112
808;SJV006015SJU;203;91;0.00545988
808;SJV006015SJU;204;91;0.00098194
808;SJV006015SJU;205;91;0.00627054
808;SJV006015SJU;206;91;0.00010966
808;SJV006015SJU;207;91;0.00065853
808;SJV006015SJU;208;91;0.00047362
808;SJV006015SJU;193;92;0.00049281
808;SJV006015SJU;194;92;0.00044101
808;SJV006015SJU;195;92;0.00287878
808;SJV006015SJU;200;92;0.00000338
808;SJV006015SJU;201;92;0.00000508
808;SJV006015SJU;202;92;0.00490010
808;SJV006015SJU;203;92;0.00138665
808;SJV006015SJU;204;92;0.00006045
808;SJV006015SJU;205;92;0.00629803
808;SJV006015SJU;207;92;0.00069122
808;SJV006015SJU;208;92;0.00050155
808;SJV006015SJU;209;92;0.00001128
808;SJV006015SJU;192;93;0.00033628
808;SJV006015SJU;193;93;0.00029730
808;SJV006015SJU;195;93;0.00093997
808;SJV006015SJU;196;93;0.00230574
808;SJV006015SJU;197;93;0.00006391
808;SJV006015SJU;200;93;0.00001723
808;SJV006015SJU;201;93;0.00403105
808;SJV006015SJU;202;93;0.00243286
808;SJV006015SJU;203;93;0.00025896
808;SJV006015SJU;204;93;0.00031922
808;SJV006015SJU;205;93;0.00819982
808;SJV006015SJU;206;93;0.00158391
808;SJV006015SJU;207;93;0.00219206
808;SJV006015SJU;208;93;0.00283714
808;SJV006015SJU;209;93;0.00126112
808;SJV006015SJU;210;93;0.00051807
808;SJV006015SJU;211;93;0.00036332
808;SJV006015SJU;191;94;0.00008771
808;SJV006015SJU;192;94;0.00016419
808;SJV006015SJU;195;94;0.00059744
808;SJV006015SJU;197;94;0.00222932
808;SJV006015SJU;198;94;0.00092325
808;SJV006015SJU;200;94;0.00338418
808;SJV006015SJU;201;94;0.00240671
808;SJV006015SJU;202;94;0.00064560
808;SJV006015SJU;203;94;0.00037862
808;SJV006015SJU;204;94;0.00345060
808;SJV006015SJU;205;94;0.00740048
808;SJV006015SJU;206;94;0.00215172
808;SJV006015SJU;207;94;0.00277177
808;SJV006015SJU;208;94;0.00312271
808;SJV006015SJU;209;94;0.00105209
808;SJV006015SJU;210;94;0.00001947
808;SJV006015SJU;211;94;0.00018774
808;SJV006015SJU;212;94;0.00054095
808;SJV006015SJU;214;94;0.00126781
808;SJV006015SJU;190;95;0.00002579
808;SJV006015SJU;191;95;0.00023870
808;SJV006015SJU;194;95;0.00016735
808;SJV006015SJU;195;95;0.00033611
808;SJV006015SJU;198;95;0.00128418
808;SJV006015SJU;199;95;0.00620195
808;SJV006015SJU;200;95;0.00458277
808;SJV006015SJU;201;95;0.00159318
808;SJV006015SJU;202;95;0.00302389
808;SJV006015SJU;203;95;0.00534644
808;SJV006015SJU;204;95;0.02137901
808;SJV006015SJU;205;95;0.00402994
808;SJV006015SJU;206;95;0.00209280
808;SJV006015SJU;207;95;0.00211829
808;SJV006015SJU;208;95;0.00209120
808;SJV006015SJU;209;95;0.00036538
808;SJV006015SJU;210;95;0.00048738
808;SJV006015SJU;211;95;0.00303122
808;SJV006015SJU;212;95;0.00295537
808;SJV006015SJU;213;95;0.00339030
808;SJV006015SJU;214;95;0.00059349
808;SJV006015SJU;187;96;0.00001465
808;SJV006015SJU;188;96;0.00002438
808;SJV006015SJU;189;96;0.00002349
808;SJV006015SJU;190;96;0.00000014
808;SJV006015SJU;191;96;0.00023364
808;SJV006015SJU;194;96;0.00018226
808;SJV006015SJU;195;96;0.00034786
808;SJV006015SJU;198;96;0.00343228
808;SJV006015SJU;199;96;0.00468005
808;SJV006015SJU;201;96;0.00001646
808;SJV006015SJU;202;96;0.00677163
808;SJV006015SJU;203;96;0.01313554
808;SJV006015SJU;204;96;0.03133355
808;SJV006015SJU;205;96;0.00447203
808;SJV006015SJU;206;96;0.00063653
808;SJV006015SJU;207;96;0.00232421
808;SJV006015SJU;208;96;0.00195613
808;SJV006015SJU;209;96;0.00179667
808;SJV006015SJU;210;96;0.00326298
808;SJV006015SJU;213;96;0.00004461
808;SJV006015SJU;214;96;0.00005627
808;SJV006015SJU;186;97;0.00000397
808;SJV006015SJU;187;97;0.00000520
808;SJV006015SJU;190;97;0.00005802
808;SJV006015SJU;191;97;0.00012195
808;SJV006015SJU;192;97;0.00007722
808;SJV006015SJU;194;97;0.00054403
808;SJV006015SJU;196;97;0.00000526
808;SJV006015SJU;197;97;0.00554709
808;SJV006015SJU;198;97;0.00340018
808;SJV006015SJU;199;97;0.00243988
808;SJV006015SJU;200;97;0.00191937
808;SJV006015SJU;201;97;0.00372424
808;SJV006015SJU;202;97;0.01998092
808;SJV006015SJU;203;97;0.02886075
808;SJV006015SJU;204;97;0.04936584
808;SJV006015SJU;205;97;0.02060912
808;SJV006015SJU;206;97;0.01575329
808;SJV006015SJU;207;97;0.00876466
808;SJV006015SJU;208;97;0.00470387
808;SJV006015SJU;209;97;0.00157841
808;SJV006015SJU;190;98;0.00024467
808;SJV006015SJU;191;98;0.00008358
808;SJV006015SJU;192;98;0.00011325
808;SJV006015SJU;193;98;0.00034146
808;SJV006015SJU;194;98;0.00082228
808;SJV006015SJU;195;98;0.00069714
808;SJV006015SJU;196;98;0.00734642
808;SJV006015SJU;197;98;0.00200265
808;SJV006015SJU;198;98;0.00063100
808;SJV006015SJU;199;98;0.00204721
808;SJV006015SJU;200;98;0.00089385
808;SJV006015SJU;201;98;0.00289076
808;SJV006015SJU;202;98;0.01168266
808;SJV006015SJU;203;98;0.01773298
808;SJV006015SJU;204;98;0.04098942
808;SJV006015SJU;205;98;0.02500976
808;SJV006015SJU;206;98;0.01659452
808;SJV006015SJU;207;98;0.00628245
808;SJV006015SJU;208;98;0.00165555
808;SJV006015SJU;209;98;0.00000103
808;SJV006015SJU;189;99;0.00010615
808;SJV006015SJU;190;99;0.00015252
808;SJV006015SJU;194;99;0.00100332
808;SJV006015SJU;195;99;0.00699116
808;SJV006015SJU;196;99;0.00117157
808;SJV006015SJU;197;99;0.00057942
808;SJV006015SJU;198;99;0.00057667
808;SJV006015SJU;199;99;0.00197501
808;SJV006015SJU;200;99;0.00246572
808;SJV006015SJU;201;99;0.00694265
808;SJV006015SJU;202;99;0.00917782
808;SJV006015SJU;203;99;0.02624250
808;SJV006015SJU;204;99;0.01440333
808;SJV006015SJU;205;99;0.00277650
808;SJV006015SJU;206;99;0.00130824
808;SJV006015SJU;207;99;0.00087308
808;SJV006015SJU;208;99;0.00148512
808;SJV006015SJU;209;99;0.00056565
808;SJV006015SJU;189;100;0.00029005
808;SJV006015SJU;193;100;0.00161617
808;SJV006015SJU;194;100;0.00683126
808;SJV006015SJU;197;100;0.00031705
808;SJV006015SJU;198;100;0.00005929
808;SJV006015SJU;199;100;0.00215885
808;SJV006015SJU;200;100;0.00227978
808;SJV006015SJU;201;100;0.00077444
808;SJV006015SJU;202;100;0.01311412
808;SJV006015SJU;203;100;0.00548893
808;SJV006015SJU;204;100;0.00080739
808;SJV006015SJU;206;100;0.00007842
808;SJV006015SJU;207;100;0.00007584
808;SJV006015SJU;209;100;0.00016387
808;SJV006015SJU;210;100;0.00062829
808;SJV006015SJU;211;100;0.00024067
808;SJV006015SJU;188;101;0.00021591
808;SJV006015SJU;189;101;0.00043828
808;SJV006015SJU;190;101;0.00019265
808;SJV006015SJU;191;101;0.00019450
808;SJV006015SJU;192;101;0.00177233
808;SJV006015SJU;193;101;0.00647902
808;SJV006015SJU;194;101;0.00055991
808;SJV006015SJU;195;101;0.00035192
808;SJV006015SJU;196;101;0.00047016
808;SJV006015SJU;197;101;0.00087087
808;SJV006015SJU;198;101;0.00136078
808;SJV006015SJU;199;101;0.00509350
808;SJV006015SJU;200;101;0.00226812
808;SJV006015SJU;201;101;0.01505068
808;SJV006015SJU;202;101;0.00232545
808;SJV006015SJU;203;101;0.00125048
808;SJV006015SJU;204;101;0.00000818
808;SJV006015SJU;205;101;0.00022870
808;SJV006015SJU;209;101;0.00006455
808;SJV006015SJU;210;101;0.00020984
808;SJV006015SJU;211;101;0.00053972
808;SJV006015SJU;212;101;0.00019549
808;SJV006015SJU;181;102;0.00000181
808;SJV006015SJU;182;102;0.00000200
808;SJV006015SJU;187;102;0.00009027
808;SJV006015SJU;188;102;0.00006852
808;SJV006015SJU;189;102;0.00018490
808;SJV006015SJU;191;102;0.00075995
808;SJV006015SJU;192;102;0.00681680
808;SJV006015SJU;194;102;0.00023438
808;SJV006015SJU;197;102;0.00138507
808;SJV006015SJU;198;102;0.00201665
808;SJV006015SJU;199;102;0.00054027
808;SJV006015SJU;200;102;0.00633642
808;SJV006015SJU;201;102;0.00444672
808;SJV006015SJU;202;102;0.00008598
808;SJV006015SJU;203;102;0.00105573
808;SJV006015SJU;205;102;0.00008064
808;SJV006015SJU;206;102;0.00011871
808;SJV006015SJU;210;102;0.00001044
808;SJV006015SJU;211;102;0.00010274
808;SJV006015SJU;212;102;0.00049753
808;SJV006015SJU;213;102;0.00046814
808;SJV006015SJU;182;103;0.00000438
808;SJV006015SJU;183;103;0.00000647
808;SJV006015SJU;184;103;0.00000271
808;SJV006015SJU;186;103;0.00009325
808;SJV006015SJU;187;103;0.00006677
808;SJV006015SJU;189;103;0.00018492
808;SJV006015SJU;191;103;0.00731332
808;SJV006015SJU;194;103;0.00021894
808;SJV006015SJU;196;103;0.00000770
808;SJV006015SJU;197;103;0.00294439
808;SJV006015SJU;198;103;0.00022181
808;SJV006015SJU;199;103;0.00125315
808;SJV006015SJU;200;103;0.01149993
808;SJV006015SJU;201;103;0.00000091
808;SJV006015SJU;203;103;0.00090763
808;SJV006015SJU;206;103;0.00014982
808;SJV006015SJU;212;103;0.00010427
808;SJV006015SJU;213;103;0.00024625
808;SJV006015SJU;214;103;0.00023008
808;SJV006015SJU;178;104;0.00000621
808;SJV006015SJU;179;104;0.00001147
808;SJV006015SJU;182;104;0.00025770
808;SJV006015SJU;183;104;0.00111516
808;SJV006015SJU;184;104;0.00108536
808;SJV006015SJU;185;104;0.00114585
808;SJV006015SJU;186;104;0.00111991
808;SJV006015SJU;187;104;0.00105528
808;SJV006015SJU;188;104;0.00140160
808;SJV006015SJU;189;104;0.00193028
808;SJV006015SJU;190;104;0.00689862
808;SJV006015SJU;191;104;0.00146123
808;SJV006015SJU;192;104;0.00085110
808;SJV006015SJU;193;104;0.00059748
808;SJV006015SJU;194;104;0.00067078
808;SJV006015SJU;195;104;0.00083889
808;SJV006015SJU;196;104;0.00094864
808;SJV006015SJU;197;104;0.00225875
808;SJV006015SJU;198;104;0.00121723
808;SJV006015SJU;199;104;0.00120945
808;SJV006015SJU;200;104;0.01058000
808;SJV006015SJU;201;104;0.00007254
808;SJV006015SJU;202;104;0.00001436
808;SJV006015SJU;203;104;0.00089078
808;SJV006015SJU;204;104;0.00003277
808;SJV006015SJU;205;104;0.00004501
808;SJV006015SJU;206;104;0.00019540
808;SJV006015SJU;207;104;0.00009119
808;SJV006015SJU;208;104;0.00008854
808;SJV006015SJU;212;104;0.00004477
808;SJV006015SJU;213;104;0.00008467
808;SJV006015SJU;181;105;0.00106298
808;SJV006015SJU;182;105;0.00089570
808;SJV006015SJU;185;105;0.00010824
808;SJV006015SJU;189;105;0.00159299
808;SJV006015SJU;190;105;0.00357182
808;SJV006015SJU;192;105;0.00020023
808;SJV006015SJU;195;105;0.00011704
808;SJV006015SJU;197;105;0.00079439
808;SJV006015SJU;198;105;0.00001830
808;SJV006015SJU;199;105;0.00001830
808;SJV006015SJU;200;105;0.00986730
808;SJV006015SJU;202;105;0.00002704
808;SJV006015SJU;203;105;0.00070765
808;SJV006015SJU;204;105;0.00000929
808;SJV006015SJU;206;105;0.00009264
808;SJV006015SJU;207;105;0.00000771
808;SJV006015SJU;208;105;0.00002388
808;SJV006015SJU;209;105;0.00010705
808;SJV006015SJU;210;105;0.00005016
808;SJV006015SJU;213;105;0.00003073
808;SJV006015SJU;214;105;0.00005716
808;SJV006015SJU;179;106;0.00069322
808;SJV006015SJU;180;106;0.00110972
808;SJV006015SJU;181;106;0.00008424
808;SJV006015SJU;182;106;0.00000202
808;SJV006015SJU;184;106;0.00008726
808;SJV006015SJU;185;106;0.00001999
808;SJV006015SJU;189;106;0.00516552
808;SJV006015SJU;192;106;0.00020065
808;SJV006015SJU;195;106;0.00012109
808;SJV006015SJU;197;106;0.00068460
808;SJV006015SJU;198;106;0.00032984
808;SJV006015SJU;199;106;0.00038045
808;SJV006015SJU;200;106;0.01027363
808;SJV006015SJU;201;106;0.00069804
808;SJV006015SJU;202;106;0.00006061
808;SJV006015SJU;203;106;0.00053958
808;SJV006015SJU;207;106;0.00010091
808;SJV006015SJU;208;106;0.00004077
808;SJV006015SJU;210;106;0.00005400
808;SJV006015SJU;211;106;0.00002059
808;SJV006015SJU;214;106;0.00000648
808;SJV006015SJU;178;107;0.00025956
808;SJV006015SJU;179;107;0.00044637
808;SJV006015SJU;182;107;0.00000516
808;SJV006015SJU;183;107;0.00002352
808;SJV006015SJU;184;107;0.00026859
808;SJV006015SJU;185;107;0.00015556
808;SJV006015SJU;186;107;0.00017520
808;SJV006015SJU;187;107;0.00020061
808;SJV006015SJU;188;107;0.00369773
808;SJV006015SJU;189;107;0.00159671
808;SJV006015SJU;192;107;0.00020068
808;SJV006015SJU;195;107;0.00010060
808;SJV006015SJU;197;107;0.00052538
808;SJV006015SJU;198;107;0.00054916
808;SJV006015SJU;199;107;0.00956841
808;SJV006015SJU;200;107;0.00080272
808;SJV006015SJU;201;107;0.00064441
808;SJV006015SJU;203;107;0.00054039
808;SJV006015SJU;208;107;0.00011613
808;SJV006015SJU;209;107;0.00004729
808;SJV006015SJU;210;107;0.00004304
808;SJV006015SJU;211;107;0.00014566
808;SJV006015SJU;212;107;0.00005204
808;SJV006015SJU;178;108;0.00000005
808;SJV006015SJU;180;108;0.00085645
808;SJV006015SJU;183;108;0.00020165
808;SJV006015SJU;185;108;0.00003602
808;SJV006015SJU;187;108;0.00037130
808;SJV006015SJU;188;108;0.00466781
808;SJV006015SJU;192;108;0.00024990
808;SJV006015SJU;193;108;0.00024497
808;SJV006015SJU;194;108;0.00024497
808;SJV006015SJU;195;108;0.00033515
808;SJV006015SJU;196;108;0.00033473
808;SJV006015SJU;197;108;0.00098293
808;SJV006015SJU;198;108;0.00115848
808;SJV006015SJU;199;108;0.01206054
808;SJV006015SJU;200;108;0.00159416
808;SJV006015SJU;201;108;0.00069299
808;SJV006015SJU;202;108;0.00088848
808;SJV006015SJU;203;108;0.00072911
808;SJV006015SJU;204;108;0.00006257
808;SJV006015SJU;205;108;0.00006519
808;SJV006015SJU;206;108;0.00006678
808;SJV006015SJU;207;108;0.00006502
808;SJV006015SJU;208;108;0.00002008
808;SJV006015SJU;211;108;0.00003029
808;SJV006015SJU;212;108;0.00004148
808;SJV006015SJU;213;108;0.00009369
808;SJV006015SJU;214;108;0.00001924
808;SJV006015SJU;180;109;0.00015522
808;SJV006015SJU;187;109;0.00088403
808;SJV006015SJU;192;109;0.00000538
808;SJV006015SJU;197;109;0.00012913
808;SJV006015SJU;198;109;0.00011047
808;SJV006015SJU;199;109;0.00348484
808;SJV006015SJU;200;109;0.00046104
808;SJV006015SJU;201;109;0.00031928
808;SJV006015SJU;202;109;0.00033430
808;SJV006015SJU;203;109;0.00028674
808;SJV006015SJU;209;109;0.00052632
808;0SC0060190SC;222;52;0.00005930
808;0SC0060190SC;219;53;0.00008971
808;0SC0060190SC;220;53;0.00015112
808;0SC0060190SC;221;53;0.00054744
808;0SC0060190SC;222;53;0.00092323
808;0SC0060190SC;223;53;0.00002860
808;0SC0060190SC;219;54;0.00025947
808;0SC0060190SC;220;54;0.00069489
808;0SC0060190SC;221;54;0.00082395
808;0SC0060190SC;222;54;0.00251056
808;0SC0060190SC;223;54;0.00099268
808;0SC0060190SC;224;54;0.00186249
808;0SC0060190SC;225;54;0.00156692
808;0SC0060190SC;226;54;0.00202138
808;0SC0060190SC;219;55;0.00016505
808;0SC0060190SC;220;55;0.00160392
808;0SC0060190SC;221;55;0.00235854
808;0SC0060190SC;222;55;0.00411126
808;0SC0060190SC;223;55;0.00195558
808;0SC0060190SC;224;55;0.00540911
808;0SC0060190SC;225;55;0.00686022
808;0SC0060190SC;226;55;0.00530188
808;0SC0060190SC;227;55;0.00056016
808;0SC0060190SC;219;56;0.00025115
808;0SC0060190SC;220;56;0.00274011
808;0SC0060190SC;221;56;0.00281191
808;0SC0060190SC;222;56;0.00748929
808;0SC0060190SC;223;56;0.00592132
808;0SC0060190SC;224;56;0.00649315
808;0SC0060190SC;225;56;0.00178420
808;0SC0060190SC;226;56;0.00413875
808;0SC0060190SC;227;56;0.00201972
808;0SC0060190SC;219;57;0.00097400
808;0SC0060190SC;220;57;0.00541484
808;0SC0060190SC;221;57;0.00708831
808;0SC0060190SC;222;57;0.00885737
808;0SC0060190SC;223;57;0.00462458
808;0SC0060190SC;224;57;0.00816725
808;0SC0060190SC;225;57;0.00604302
808;0SC0060190SC;226;57;0.00867615
808;0SC0060190SC;227;57;0.00494454
808;0SC0060190SC;228;57;0.00259599
808;0SC0060190SC;218;58;0.00006953
808;0SC0060190SC;219;58;0.00160004
808;0SC0060190SC;220;58;0.00755520
808;0SC0060190SC;221;58;0.00591985
808;0SC0060190SC;222;58;0.00808874
808;0SC0060190SC;223;58;0.00282882
808;0SC0060190SC;224;58;0.00877026
808;0SC0060190SC;225;58;0.00598860
808;0SC0060190SC;226;58;0.00898610
808;0SC0060190SC;227;58;0.00760393
808;0SC0060190SC;228;58;0.00335888
808;0SC0060190SC;229;58;0.00052603
808;0SC0060190SC;218;59;0.00060446
808;0SC0060190SC;219;59;0.00268277
808;0SC0060190SC;220;59;0.01011276
808;0SC0060190SC;221;59;0.00325631
808;0SC0060190SC;222;59;0.00823407
808;0SC0060190SC;223;59;0.00658248
808;0SC0060190SC;224;59;0.00558979
808;0SC0060190SC;225;59;0.00343838
808;0SC0060190SC;226;59;0.01096109
808;0SC0060190SC;227;59;0.00302652
808;0SC0060190SC;228;59;0.00335534
808;0SC0060190SC;229;59;0.00081023
808;0SC0060190SC;230;59;0.00028170
808;0SC0060190SC;231;59;0.00121118
808;0SC0060190SC;217;60;0.00032220
808;0SC0060190SC;218;60;0.00269081
808;0SC0060190SC;219;60;0.00772204
808;0SC0060190SC;220;60;0.00580369
808;0SC0060190SC;221;60;0.00377376
808;0SC0060190SC;222;60;0.00810314
808;0SC0060190SC;223;60;0.00408591
808;0SC0060190SC;224;60;0.00615848
808;0SC0060190SC;225;60;0.00685402
808;0SC0060190SC;226;60;0.00612720
808;0SC0060190SC;227;60;0.00500788
808;0SC0060190SC;228;60;0.00142630
808;0SC0060190SC;229;60;0.00144173
808;0SC0060190SC;230;60;0.00171505
808;0SC0060190SC;231;60;0.00190856
808;0SC0060190SC;232;60;0.00438427
808;0SC0060190SC;207;61;0.00019780
808;0SC0060190SC;208;61;0.00028432
808;0SC0060190SC;209;61;0.00030990
808;0SC0060190SC;210;61;0.00041595
808;0SC0060190SC;211;61;0.00041938
808;0SC0060190SC;212;61;0.00048723
808;0SC0060190SC;213;61;0.00050582
808;0SC0060190SC;214;61;0.00046925
808;0SC0060190SC;215;61;0.00068124
808;0SC0060190SC;216;61;0.00116255
808;0SC0060190SC;217;61;0.00301085
808;0SC0060190SC;218;61;0.00734136
808;0SC0060190SC;219;61;0.00939055
808;0SC0060190SC;220;61;0.00751542
808;0SC0060190SC;221;61;0.00826559
808;0SC0060190SC;222;61;0.01284979
808;0SC0060190SC;223;61;0.01031642
808;0SC0060190SC;224;61;0.01231384
808;0SC0060190SC;225;61;0.00765993
808;0SC0060190SC;226;61;0.00381421
808;0SC0060190SC;227;61;0.00673144
808;0SC0060190SC;228;61;0.00374253
808;0SC0060190SC;229;61;0.00543061
808;0SC0060190SC;230;61;0.00541760
808;0SC0060190SC;231;61;0.00472958
808;0SC0060190SC;232;61;0.00802825
808;0SC0060190SC;233;61;0.00233093
808;0SC0060190SC;234;61;0.00201010
808;0SC0060190SC;208;62;0.00007963
808;0SC0060190SC;209;62;0.00001368
808;0SC0060190SC;210;62;0.00012709
808;0SC0060190SC;211;62;0.00004723
808;0SC0060190SC;212;62;0.00028489
808;0SC0060190SC;213;62;0.00006070
808;0SC0060190SC;214;62;0.00012156
808;0SC0060190SC;215;62;0.00042173
808;0SC0060190SC;216;62;0.00042194
808;0SC0060190SC;217;62;0.00140351
808;0SC0060190SC;218;62;0.00889260
808;0SC0060190SC;219;62;0.00389444
808;0SC0060190SC;220;62;0.00634880
808;0SC0060190SC;221;62;0.00635660
808;0SC0060190SC;222;62;0.01233383
808;0SC0060190SC;223;62;0.01398920
808;0SC0060190SC;224;62;0.00864807
808;0SC0060190SC;225;62;0.00554443
808;0SC0060190SC;226;62;0.00469704
808;0SC0060190SC;227;62;0.00682155
808;0SC0060190SC;228;62;0.00960290
808;0SC0060190SC;229;62;0.00282889
808;0SC0060190SC;230;62;0.00217658
808;0SC0060190SC;231;62;0.00118120
808;0SC0060190SC;232;62;0.00178557
808;0SC0060190SC;233;62;0.00623617
808;0SC0060190SC;234;62;0.00321963
808;0SC0060190SC;235;62;0.00000067
808;0SC0060190SC;208;63;0.00002220
808;0SC0060190SC;209;63;0.00016471
808;0SC0060190SC;210;63;0.00023125
808;0SC0060190SC;211;63;0.00032668
808;0SC0060190SC;212;63;0.00042626
808;0SC0060190SC;213;63;0.00026332
808;0SC0060190SC;214;63;0.00019631
808;0SC0060190SC;215;63;0.00018946
808;0SC0060190SC;217;63;0.00464619
808;0SC0060190SC;218;63;0.00093077
808;0SC0060190SC;219;63;0.00134595
808;0SC0060190SC;220;63;0.00426659
808;0SC0060190SC;221;63;0.00853232
808;0SC0060190SC;222;63;0.00818170
808;0SC0060190SC;223;63;0.00791264
808;0SC0060190SC;224;63;0.00321722
808;0SC0060190SC;225;63;0.00562147
808;0SC0060190SC;226;63;0.00641949
808;0SC0060190SC;227;63;0.00463308
808;0SC0060190SC;228;63;0.00412969
808;0SC0060190SC;229;63;0.00552363
808;0SC0060190SC;230;63;0.00575633
808;0SC0060190SC;231;63;0.00520683
808;0SC0060190SC;232;63;0.00535787
808;0SC0060190SC;233;63;0.00546937
808;0SC0060190SC;234;63;0.00580155
808;0SC0060190SC;235;63;0.00138978
808;0SC0060190SC;209;64;0.00008270
808;0SC0060190SC;210;64;0.00268815
808;0SC0060190SC;211;64;0.00335806
808;0SC0060190SC;212;64;0.00343863
808;0SC0060190SC;213;64;0.00322099
808;0SC0060190SC;214;64;0.00076565
808;0SC0060190SC;215;64;0.00019568
808;0SC0060190SC;216;64;0.00005040
808;0SC0060190SC;217;64;0.00600225
808;0SC0060190SC;218;64;0.00159650
808;0SC0060190SC;219;64;0.00164504
808;0SC0060190SC;220;64;0.00716606
808;0SC0060190SC;221;64;0.00079151
808;0SC0060190SC;222;64;0.00610921
808;0SC0060190SC;223;64;0.00638839
808;0SC0060190SC;224;64;0.00505308
808;0SC0060190SC;225;64;0.00437376
808;0SC0060190SC;226;64;0.00288041
808;0SC0060190SC;227;64;0.00256118
808;0SC0060190SC;228;64;0.00482103
808;0SC0060190SC;229;64;0.00694326
808;0SC0060190SC;230;64;0.00574249
808;0SC0060190SC;231;64;0.00499337
808;0SC0060190SC;232;64;0.00526126
808;0SC0060190SC;233;64;0.00384227
808;0SC0060190SC;234;64;0.00352975
808;0SC0060190SC;235;64;0.00204848
808;0SC0060190SC;210;65;0.00006299
808;0SC0060190SC;211;65;0.00010830
808;0SC0060190SC;212;65;0.00000879
808;0SC0060190SC;213;65;0.00057165
808;0SC0060190SC;214;65;0.00509958
808;0SC0060190SC;215;65;0.00546596
808;0SC0060190SC;216;65;0.00616446
808;0SC0060190SC;217;65;0.01010847
808;0SC0060190SC;218;65;0.00680094
808;0SC0060190SC;219;65;0.00909310
808;0SC0060190SC;220;65;0.00650406
808;0SC0060190SC;221;65;0.00856749
808;0SC0060190SC;222;65;0.00622791
808;0SC0060190SC;223;65;0.00474311
808;0SC0060190SC;224;65;0.00297729
808;0SC0060190SC;225;65;0.00704046
808;0SC0060190SC;226;65;0.00581634
808;0SC0060190SC;227;65;0.00442481
808;0SC0060190SC;228;65;0.00118332
808;0SC0060190SC;229;65;0.00010624
808;0SC0060190SC;230;65;0.00021852
808;0SC0060190SC;231;65;0.00019703
808;0SC0060190SC;232;65;0.00011975
808;0SC0060190SC;233;65;0.00002172
808;0SC0060190SC;234;65;0.00001673
808;0SC0060190SC;235;65;0.00002101
808;0SC0060190SC;213;66;0.00037508
808;0SC0060190SC;214;66;0.00165864
808;0SC0060190SC;215;66;0.00240788
808;0SC0060190SC;216;66;0.00280430
808;0SC0060190SC;217;66;0.00610536
808;0SC0060190SC;218;66;0.00315467
808;0SC0060190SC;219;66;0.00517160
808;0SC0060190SC;220;66;0.00537204
808;0SC0060190SC;221;66;0.00174969
808;0SC0060190SC;222;66;0.00012886
808;0SC0060190SC;223;66;0.00455767
808;0SC0060190SC;224;66;0.00303462
808;0SC0060190SC;225;66;0.00037272
808;0SC0060190SC;226;66;0.00010648
808;0SC0060190SC;231;66;0.00002761
808;0SC0060190SC;235;66;0.00000008
808;0SC0060190SC;213;67;0.00009778
808;0SC0060190SC;214;67;0.00091523
808;0SC0060190SC;215;67;0.00221349
808;0SC0060190SC;216;67;0.00255062
808;0SC0060190SC;217;67;0.00588131
808;0SC0060190SC;218;67;0.00521000
808;0SC0060190SC;219;67;0.00570394
808;0SC0060190SC;220;67;0.00142537
808;0SC0060190SC;221;67;0.00299395
808;0SC0060190SC;222;67;0.00331336
808;0SC0060190SC;223;67;0.00034810
808;0SC0060190SC;224;67;0.00040669
808;0SC0060190SC;225;67;0.00000202
808;0SC0060190SC;226;67;0.00000350
808;0SC0060190SC;231;67;0.00002570
808;0SC0060190SC;232;67;0.00000202
808;0SC0060190SC;214;68;0.00253698
808;0SC0060190SC;215;68;0.00370825
808;0SC0060190SC;216;68;0.00417274
808;0SC0060190SC;217;68;0.00781693
808;0SC0060190SC;218;68;0.00609985
808;0SC0060190SC;219;68;0.00366790
808;0SC0060190SC;220;68;0.00259552
808;0SC0060190SC;221;68;0.00087233
808;0SC0060190SC;222;68;0.00005160
808;0SC0060190SC;223;68;0.00016643
808;0SC0060190SC;224;68;0.00078739
808;0SC0060190SC;225;68;0.00011134
808;0SC0060190SC;226;68;0.00007306
808;0SC0060190SC;227;68;0.00005747
808;0SC0060190SC;228;68;0.00004339
808;0SC0060190SC;231;68;0.00000681
808;0SC0060190SC;216;69;0.00068291
808;0SC0060190SC;217;69;0.00740833
808;0SC0060190SC;218;69;0.00240727
808;0SC0060190SC;219;69;0.00026312
808;0SC0060190SC;220;69;0.00008879
808;0SC0060190SC;222;69;0.00016994
808;0SC0060190SC;223;69;0.00003381
808;0SC0060190SC;224;69;0.00029409
808;0SC0060190SC;225;69;0.00050047
808;0SC0060190SC;226;69;0.00000059
808;0SC0060190SC;227;69;0.00000032
808;0SC0060190SC;228;69;0.00008822
808;0SC0060190SC;215;70;0.00153756
808;0SC0060190SC;216;70;0.00394740
808;0SC0060190SC;217;70;0.00199870
808;0SC0060190SC;219;70;0.00005600
808;0SC0060190SC;220;70;0.00006714
808;0SC0060190SC;225;70;0.00050645
808;0SC0060190SC;226;70;0.00000031
808;0SC0060190SC;228;70;0.00005680
808;0SC0060190SC;229;70;0.00008269
808;0SC0060190SC;230;70;0.00007430
808;0SC0060190SC;231;70;0.00002751
808;0SC0060190SC;232;70;0.00006140
808;0SC0060190SC;212;71;0.00014191
808;0SC0060190SC;213;71;0.00021618
808;0SC0060190SC;214;71;0.00048783
808;0SC0060190SC;215;71;0.00358407
808;0SC0060190SC;216;71;0.00105786
808;0SC0060190SC;217;71;0.00331952
808;0SC0060190SC;218;71;0.00074272
808;0SC0060190SC;219;71;0.00007269
808;0SC0060190SC;226;71;0.00024785
808;0SC0060190SC;231;71;0.00004676
808;0SC0060190SC;232;71;0.00005304
808;0SC0060190SC;233;71;0.00007063
808;0SC0060190SC;212;72;0.00000141
808;0SC0060190SC;213;72;0.00071192
808;0SC0060190SC;214;72;0.00123939
808;0SC0060190SC;215;72;0.00263164
808;0SC0060190SC;216;72;0.00168627
808;0SC0060190SC;217;72;0.00124879
808;0SC0060190SC;218;72;0.00229455
808;0SC0060190SC;219;72;0.00163295
808;0SC0060190SC;220;72;0.00029046
808;0SC0060190SC;221;72;0.00006142
808;0SC0060190SC;222;72;0.00006145
808;0SC0060190SC;223;72;0.00002551
808;0SC0060190SC;213;73;0.00011300
808;0SC0060190SC;214;73;0.00097664
808;0SC0060190SC;215;73;0.00033853
808;0SC0060190SC;216;73;0.00051767
808;0SC0060190SC;217;73;0.00054617
808;0SC0060190SC;218;73;0.00018068
808;0SC0060190SC;219;73;0.00013974
808;0SC0060190SC;220;73;0.00166290
808;0SC0060190SC;221;73;0.00079278
808;0SC0060190SC;223;73;0.00008831
808;0SC0060190SC;224;73;0.00001371
808;0SC0060190SC;213;74;0.00018031
808;0SC0060190SC;214;74;0.00062792
808;0SC0060190SC;215;74;0.00001237
808;0SC0060190SC;216;74;0.00011750
808;0SC0060190SC;217;74;0.00008686
808;0SC0060190SC;218;74;0.00012557
808;0SC0060190SC;219;74;0.00007884
808;0SC0060190SC;220;74;0.00012720
808;0SC0060190SC;221;74;0.00107198
808;0SC0060190SC;222;74;0.00155099
808;0SC0060190SC;223;74;0.00161724
808;0SC0060190SC;224;74;0.00021068
808;0SC0060190SC;213;75;0.00068292
808;0SC0060190SC;215;75;0.00004589
808;0SC0060190SC;216;75;0.00021072
808;0SC0060190SC;217;75;0.00000163
808;0SC0060190SC;218;75;0.00025033
808;0SC0060190SC;220;75;0.00000530
808;0SC0060190SC;221;75;0.00003571
808;0SC0060190SC;222;75;0.00002775
808;0SC0060190SC;212;76;0.00066869
808;0SC0060190SC;213;76;0.00001379
808;0SC0060190SC;216;76;0.00001136
808;0SC0060190SC;217;76;0.00024047
808;0SC0060190SC;218;76;0.00003782
808;0SC0060190SC;219;76;0.00025764
808;0SC0060190SC;220;76;0.00018027
808;0SC0060190SC;221;76;0.00006336
808;0SC0060190SC;211;77;0.00013942
808;0SC0060190SC;212;77;0.00042757
808;0SC0060190SC;217;77;0.00002670
808;0SC0060190SC;218;77;0.00023072
808;0SC0060190SC;219;77;0.00002135
808;0SC0060190SC;220;77;0.00000733
808;0SC0060190SC;210;78;0.00003473
808;0SC0060190SC;211;78;0.00067477
808;0SC0060190SC;212;78;0.00000170
808;0SC0060190SC;219;78;0.00014401
808;0SC0060190SC;210;79;0.00063057
808;0SC0060190SC;211;79;0.00000537
808;0SC0060190SC;212;79;0.00000237
808;0SC0060190SC;210;80;0.00050207
808;0SC0060190SC;211;80;0.00000087
808;0SC0060190SC;212;80;0.00000387
808;0SC0060190SC;213;80;0.00000118
808;0SC0060190SC;209;81;0.00019763
808;0SC0060190SC;210;81;0.00078929
808;0SC0060190SC;211;81;0.00037751
808;0SC0060190SC;212;81;0.00003228
808;0SC0060190SC;208;82;0.00051584
808;0SC0060190SC;209;82;0.00051047
808;0SC0060190SC;210;82;0.00000429
808;0SC0060190SC;211;82;0.00002149
808;0MD006015KER;214;83;0.00002347
808;0MD006015KER;215;83;0.00001283
808;0MD006015KER;216;83;0.00003127
808;0MD006015KER;217;83;0.00002452
808;0MD006015KER;218;83;0.00034927
808;0MD006015KER;219;83;0.00000141
808;0MD006015KER;220;83;0.00004059
808;0MD006015KER;221;83;0.00205022
808;0MD006015KER;222;83;0.00062778
808;0MD006015KER;223;83;0.00077366
808;0MD006015KER;224;83;0.01414187
808;0MD006015KER;229;83;0.00001688
808;0MD006015KER;218;84;0.00030320
808;0MD006015KER;219;84;0.00006444
808;0MD006015KER;220;84;0.00001254
808;0MD006015KER;221;84;0.00296573
808;0MD006015KER;222;84;0.00283592
808;0MD006015KER;223;84;0.00686958
808;0MD006015KER;224;84;0.03141314
808;0MD006015KER;225;84;0.00584470
808;0MD006015KER;226;84;0.00584351
808;0MD006015KER;227;84;0.00590181
808;0MD006015KER;228;84;0.00167329
808;0MD006015KER;221;85;0.00227760
808;0MD006015KER;222;85;0.00009095
808;0MD006015KER;223;85;0.00050387
808;0MD006015KER;224;85;0.01465666
808;0MD006015KER;228;85;0.00537370
808;0MD006015KER;229;85;0.00440189
808;0MD006015KER;221;86;0.00348504
808;0MD006015KER;222;86;0.00212562
808;0MD006015KER;223;86;0.00203114
808;0MD006015KER;224;86;0.01438201
808;0MD006015KER;229;86;0.00234397
808;0MD006015KER;230;86;0.00387142
808;0MD006015KER;220;87;0.00213310
808;0MD006015KER;221;87;0.00264073
808;0MD006015KER;223;87;0.00063906
808;0MD006015KER;224;87;0.01372138
808;0MD006015KER;230;87;0.00482747
808;0MD006015KER;219;88;0.00029348
808;0MD006015KER;220;88;0.00428153
808;0MD006015KER;223;88;0.00021806
808;0MD006015KER;224;88;0.01362277
808;0MD006015KER;227;88;0.00750004
808;0MD006015KER;228;88;0.00888321
808;0MD006015KER;229;88;0.01075494
808;0MD006015KER;230;88;0.01678343
808;0MD006015KER;231;88;0.01184442
808;0MD006015KER;232;88;0.01150102
808;0MD006015KER;233;88;0.01150053
808;0MD006015KER;234;88;0.01161274
808;0MD006015KER;235;88;0.00970422
808;0MD006015KER;236;88;0.00000165
808;0MD006015KER;219;89;0.00682288
808;0MD006015KER;220;89;0.00109621
808;0MD006015KER;221;89;0.00108084
808;0MD006015KER;222;89;0.00132542
808;0MD006015KER;223;89;0.00809698
808;0MD006015KER;224;89;0.01102930
808;0MD006015KER;225;89;0.01171158
808;0MD006015KER;226;89;0.00898181
808;0MD006015KER;227;89;0.00141504
808;0MD006015KER;229;89;0.00433751
808;0MD006015KER;231;89;0.00019621
808;0MD006015KER;233;89;0.00032890
808;0MD006015KER;234;89;0.00036552
808;0MD006015KER;235;89;0.00145229
808;0MD006015KER;236;89;0.00042615
808;0MD006015KER;212;90;0.00081648
808;0MD006015KER;213;90;0.00206358
808;0MD006015KER;214;90;0.00393647
808;0MD006015KER;215;90;0.00451240
808;0MD006015KER;216;90;0.00053394
808;0MD006015KER;217;90;0.00004781
808;0MD006015KER;218;90;0.00447947
808;0MD006015KER;219;90;0.00028445
808;0MD006015KER;220;90;0.00253318
808;0MD006015KER;221;90;0.00527464
808;0MD006015KER;223;90;0.00759414
808;0MD006015KER;224;90;0.00887192
808;0MD006015KER;225;90;0.00700338
808;0MD006015KER;229;90;0.00432804
808;0MD006015KER;231;90;0.00001471
808;0MD006015KER;232;90;0.00004151
808;0MD006015KER;212;91;0.00005587
808;0MD006015KER;214;91;0.00485463
808;0MD006015KER;215;91;0.00907154
808;0MD006015KER;216;91;0.01323621
808;0MD006015KER;217;91;0.03062655
808;0MD006015KER;218;91;0.02692608
808;0MD006015KER;219;91;0.01579051
808;0MD006015KER;220;91;0.01487906
808;0MD006015KER;221;91;0.01019419
808;0MD006015KER;222;91;0.01652731
808;0MD006015KER;223;91;0.01717834
808;0MD006015KER;224;91;0.01448175
808;0MD006015KER;225;91;0.00677181
808;0MD006015KER;226;91;0.00571643
808;0MD006015KER;227;91;0.00595363
808;0MD006015KER;228;91;0.00759500
808;0MD006015KER;229;91;0.00534690
808;0MD006015KER;213;92;0.00450169
808;0MD006015KER;214;92;0.00813706
808;0MD006015KER;216;92;0.00405514
808;0MD006015KER;217;92;0.01988219
808;0MD006015KER;218;92;0.00002894
808;0MD006015KER;225;92;0.00468542
808;0MD006015KER;228;92;0.00189487
808;0MD006015KER;229;92;0.00179262
808;0MD006015KER;230;92;0.00047595
808;0MD006015KER;215;93;0.01342924
808;0MD006015KER;216;93;0.02070942
808;0MD006015KER;225;93;0.00211340
808;0MD006015KER;226;93;0.00255029
808;0MD006015KER;228;93;0.00142404
808;0MD006015KER;230;93;0.00134326
808;0MD006015KER;231;93;0.00005727
808;0MD006015KER;214;94;0.01251074
808;0MD006015KER;215;94;0.01122325
808;0MD006015KER;226;94;0.00420577
808;0MD006015KER;227;94;0.00086082
808;0MD006015KER;228;94;0.00056343
808;0MD006015KER;230;94;0.00004737
808;0MD006015KER;231;94;0.00120305
808;0MD006015KER;232;94;0.00029047
808;0MD006015KER;226;95;0.00387059
808;0MD006015KER;227;95;0.00173473
808;0MD006015KER;232;95;0.00089699
808;0MD006015KER;233;95;0.00060907
808;0MD006015KER;214;96;0.00088998
808;0MD006015KER;215;96;0.00032352
808;0MD006015KER;216;96;0.00032559
808;0MD006015KER;217;96;0.00036292
808;0MD006015KER;218;96;0.00025593
808;0MD006015KER;225;96;0.00001302
808;0MD006015KER;226;96;0.00000893
808;0MD006015KER;227;96;0.00667801
808;0MD006015KER;233;96;0.00057864
808;0MD006015KER;234;96;0.00094086
808;0MD006015KER;214;97;0.00076460
808;0MD006015KER;215;97;0.00018428
808;0MD006015KER;218;97;0.00015246
808;0MD006015KER;219;97;0.00007868
808;0MD006015KER;225;97;0.00003192
808;0MD006015KER;226;97;0.00001366
808;0MD006015KER;227;97;0.00062251
808;0MD006015KER;228;97;0.00570435
808;0MD006015KER;229;97;0.00085231
808;0MD006015KER;234;97;0.00023750
808;0MD006015KER;235;97;0.00110275
808;0MD006015KER;215;98;0.00092453
808;0MD006015KER;217;98;0.00010119
808;0MD006015KER;218;98;0.00018963
808;0MD006015KER;219;98;0.00004379
808;0MD006015KER;220;98;0.00000302
808;0MD006015KER;221;98;0.00000775
808;0MD006015KER;222;98;0.00001142
808;0MD006015KER;223;98;0.00002413
808;0MD006015KER;224;98;0.00002697
808;0MD006015KER;225;98;0.00001077
808;0MD006015KER;227;98;0.00168011
808;0MD006015KER;228;98;0.00097323
808;0MD006015KER;229;98;0.00242380
808;0MD006015KER;230;98;0.00301308
808;0MD006015KER;231;98;0.00018888
808;0MD006015KER;234;98;0.00003932
808;0MD006015KER;235;98;0.00207011
808;0MD006015KER;215;99;0.00045002
808;0MD006015KER;216;99;0.00014593
808;0MD006015KER;217;99;0.00004960
808;0MD006015KER;218;99;0.00001747
808;0MD006015KER;220;99;0.00000564
808;0MD006015KER;227;99;0.00243782
808;0MD006015KER;231;99;0.00265253
808;0MD006015KER;232;99;0.00279408
808;0MD006015KER;233;99;0.00020891
808;0MD006015KER;234;99;0.00100881
808;0MD006015KER;235;99;0.00435159
808;0MD006015KER;215;100;0.00037564
808;0MD006015KER;218;100;0.00000910
808;0MD006015KER;219;100;0.00002068
808;0MD006015KER;220;100;0.00001647
808;0MD006015KER;221;100;0.00002041
808;0MD006015KER;222;100;0.00000290
808;0MD006015KER;227;100;0.00086884
808;0MD006015KER;228;100;0.00160285
808;0MD006015KER;232;100;0.00085569
808;0MD006015KER;233;100;0.00258853
808;0MD006015KER;234;100;0.00740091
808;0MD006015KER;235;100;0.00123704
808;0MD006015KER;215;101;0.00033539
808;0MD006015KER;222;101;0.00002929
808;0MD006015KER;228;101;0.00251025
808;0MD006015KER;235;101;0.00723224
808;0MD006015KER;215;102;0.00009286
808;0MD006015KER;216;102;0.00026543
808;0MD006015KER;222;102;0.00080008
808;0MD006015KER;228;102;0.00251079
808;0MD006015KER;234;102;0.00711613
808;0MD006015KER;235;102;0.00060372
808;0MD006015KER;214;103;0.00247598
808;0MD006015KER;215;103;0.00146114
808;0MD006015KER;216;103;0.00044267
808;0MD006015KER;221;103;0.00064667
808;0MD006015KER;222;103;0.00193012
808;0MD006015KER;228;103;0.00103785
808;0MD006015KER;229;103;0.00147187
808;0MD006015KER;233;103;0.00487361
808;0MD006015KER;234;103;0.00623444
808;0MD006015KER;215;104;0.00186335
808;0MD006015KER;216;104;0.00641444
808;0MD006015KER;221;104;0.00116691
808;0MD006015KER;222;104;0.00050491
808;0MD006015KER;229;104;0.00349122
808;0MD006015KER;232;104;0.00099873
808;0MD006015KER;233;104;0.00685271
808;0MD006015KER;234;104;0.00395281
808;0MD006015KER;235;104;0.00022358
808;0MD006015KER;214;105;0.00000002
808;0MD006015KER;216;105;0.00730383
808;0MD006015KER;217;105;0.00348914
808;0MD006015KER;218;105;0.00436300
808;0MD006015KER;219;105;0.00129222
808;0MD006015KER;221;105;0.00184023
808;0MD006015KER;227;105;0.00080337
808;0MD006015KER;228;105;0.00205680
808;0MD006015KER;229;105;0.00376826
808;0MD006015KER;230;105;0.00001890
808;0MD006015KER;231;105;0.00007010
808;0MD006015KER;232;105;0.00412846
808;0MD006015KER;233;105;0.00252399
808;0MD006015KER;234;105;0.01972069
808;0MD006015KER;235;105;0.00321139
808;0MD006015KER;214;106;0.00042884
808;0MD006015KER;215;106;0.00000017
808;0MD006015KER;216;106;0.00422872
808;0MD006015KER;217;106;0.00260330
808;0MD006015KER;218;106;0.00084819
808;0MD006015KER;219;106;0.00173576
808;0MD006015KER;220;106;0.00335064
808;0MD006015KER;221;106;0.00253364
808;0MD006015KER;226;106;0.00204789
808;0MD006015KER;227;106;0.00115856
808;0MD006015KER;229;106;0.00045007
808;0MD006015KER;230;106;0.00345429
808;0MD006015KER;231;106;0.01109345
808;0MD006015KER;232;106;0.00634526
808;0MD006015KER;233;106;0.00693886
808;0MD006015KER;234;106;0.01219092
808;0MD006015KER;235;106;0.00123837
808;0MD006015KER;214;107;0.00038427
808;0MD006015KER;215;107;0.00093690
808;0MD006015KER;216;107;0.00161702
808;0MD006015KER;217;107;0.00366442
808;0MD006015KER;218;107;0.00034459
808;0MD006015KER;221;107;0.00004975
808;0MD006015KER;222;107;0.00188550
808;0MD006015KER;223;107;0.00155407
808;0MD006015KER;225;107;0.00119829
808;0MD006015KER;226;107;0.00077152
808;0MD006015KER;230;107;0.00646346
808;0MD006015KER;231;107;0.00005632
808;0MD006015KER;214;108;0.00093318
808;0MD006015KER;215;108;0.00047353
808;0MD006015KER;217;108;0.00126060
808;0MD006015KER;218;108;0.00081514
808;0MD006015KER;223;108;0.00114983
808;0MD006015KER;224;108;0.00215341
808;0MD006015KER;225;108;0.00202156
808;0MD006015KER;230;108;0.00429851
808;0MD006015KER;217;109;0.00009873
808;0MD006015KER;230;109;0.00298239
808;0MD006036MOJ;260;63;0.00350416
808;0MD006036MOJ;261;63;0.00054394
808;0MD006036MOJ;260;64;0.00030688
808;0MD006036MOJ;261;64;0.00515696
808;0MD006036MOJ;262;64;0.00129187
808;0MD006036MOJ;268;64;0.00003809
808;0MD006036MOJ;273;64;0.00005038
808;0MD006036MOJ;262;65;0.00386220
808;0MD006036MOJ;263;65;0.00496136
808;0MD006036MOJ;264;65;0.00492148
808;0MD006036MOJ;265;65;0.00061577
808;0MD006036MOJ;266;65;0.00094717
808;0MD006036MOJ;267;65;0.00009788
808;0MD006036MOJ;268;65;0.00003817
808;0MD006036MOJ;273;65;0.00005431
808;0MD006036MOJ;283;65;0.00000893
808;0MD006036MOJ;284;65;0.00000595
808;0MD006036MOJ;260;66;0.00000079
808;0MD006036MOJ;262;66;0.00000227
808;0MD006036MOJ;263;66;0.00003651
808;0MD006036MOJ;264;66;0.00471692
808;0MD006036MOJ;265;66;0.00350703
808;0MD006036MOJ;266;66;0.00352209
808;0MD006036MOJ;267;66;0.00216989
808;0MD006036MOJ;268;66;0.00207857
808;0MD006036MOJ;269;66;0.00187940
808;0MD006036MOJ;270;66;0.00178686
808;0MD006036MOJ;271;66;0.00173083
808;0MD006036MOJ;272;66;0.00092587
808;0MD006036MOJ;273;66;0.00105159
808;0MD006036MOJ;274;66;0.00038246
808;0MD006036MOJ;275;66;0.00001987
808;0MD006036MOJ;276;66;0.00001377
808;0MD006036MOJ;277;66;0.00001283
808;0MD006036MOJ;278;66;0.00001283
808;0MD006036MOJ;279;66;0.00001288
808;0MD006036MOJ;280;66;0.00001298
808;0MD006036MOJ;281;66;0.00001473
808;0MD006036MOJ;282;66;0.00001427
808;0MD006036MOJ;283;66;0.00000737
808;0MD006036MOJ;284;66;0.00001988
808;0MD006036MOJ;285;66;0.00001427
808;0MD006036MOJ;286;66;0.00001456
808;0MD006036MOJ;287;66;0.00001445
808;0MD006036MOJ;288;66;0.00001643
808;0MD006036MOJ;289;66;0.00000708
808;0MD006036MOJ;293;66;0.00006497
808;0MD006036MOJ;294;66;0.00011705
808;0MD006036MOJ;295;66;0.00002499
808;0MD006036MOJ;300;66;0.00003993
808;0MD006036MOJ;257;67;0.00025874
808;0MD006036MOJ;258;67;0.00000588
808;0MD006036MOJ;259;67;0.00000289
808;0MD006036MOJ;260;67;0.00000249
808;0MD006036MOJ;261;67;0.00000325
808;0MD006036MOJ;262;67;0.00000010
808;0MD006036MOJ;263;67;0.00034174
808;0MD006036MOJ;264;67;0.00123872
808;0MD006036MOJ;265;67;0.00171557
808;0MD006036MOJ;266;67;0.00052879
808;0MD006036MOJ;267;67;0.00084347
808;0MD006036MOJ;268;67;0.00038225
808;0MD006036MOJ;270;67;0.00076445
808;0MD006036MOJ;271;67;0.00010317
808;0MD006036MOJ;272;67;0.00105800
808;0MD006036MOJ;273;67;0.00002932
808;0MD006036MOJ;274;67;0.00064849
808;0MD006036MOJ;275;67;0.00005680
808;0MD006036MOJ;276;67;0.00005197
808;0MD006036MOJ;277;67;0.00005231
808;0MD006036MOJ;278;67;0.00005261
808;0MD006036MOJ;279;67;0.00003647
808;0MD006036MOJ;280;67;0.00000201
808;0MD006036MOJ;295;67;0.00009206
808;0MD006036MOJ;296;67;0.00010896
808;0MD006036MOJ;297;67;0.00011383
808;0MD006036MOJ;298;67;0.00011872
808;0MD006036MOJ;299;67;0.00011324
808;0MD006036MOJ;300;67;0.00006028
808;0MD006036MOJ;301;67;0.00010304
808;0MD006036MOJ;302;67;0.00012033
808;0MD006036MOJ;303;67;0.00007378
808;0MD006036MOJ;308;67;0.00006452
808;0MD006036MOJ;263;68;0.00085633
808;0MD006036MOJ;264;68;0.00024897
808;0MD006036MOJ;265;68;0.00035168
808;0MD006036MOJ;266;68;0.00042257
808;0MD006036MOJ;267;68;0.00050079
808;0MD006036MOJ;268;68;0.00069801
808;0MD006036MOJ;269;68;0.00048025
808;0MD006036MOJ;270;68;0.00087295
808;0MD006036MOJ;271;68;0.00035408
808;0MD006036MOJ;272;68;0.00027338
808;0MD006036MOJ;273;68;0.00009695
808;0MD006036MOJ;274;68;0.00009732
808;0MD006036MOJ;279;68;0.00004145
808;0MD006036MOJ;280;68;0.00001699
808;0MD006036MOJ;296;68;0.00000772
808;0MD006036MOJ;297;68;0.00002618
808;0MD006036MOJ;303;68;0.00008458
808;0MD006036MOJ;304;68;0.00005688
808;0MD006036MOJ;307;68;0.00015828
808;0MD006036MOJ;308;68;0.00000492
808;0MD006036MOJ;238;69;0.00001886
808;0MD006036MOJ;239;69;0.00064955
808;0MD006036MOJ;240;69;0.01362611
808;0MD006036MOJ;243;69;0.00022486
808;0MD006036MOJ;246;69;0.00010877
808;0MD006036MOJ;263;69;0.00105449
808;0MD006036MOJ;264;69;0.00096443
808;0MD006036MOJ;265;69;0.00030657
808;0MD006036MOJ;266;69;0.00037830
808;0MD006036MOJ;267;69;0.00012769
808;0MD006036MOJ;268;69;0.00074914
808;0MD006036MOJ;269;69;0.00016049
808;0MD006036MOJ;270;69;0.00013758
808;0MD006036MOJ;271;69;0.00002703
808;0MD006036MOJ;272;69;0.00014859
808;0MD006036MOJ;279;69;0.00000970
808;0MD006036MOJ;280;69;0.00004454
808;0MD006036MOJ;295;69;0.00000843
808;0MD006036MOJ;296;69;0.00002799
808;0MD006036MOJ;304;69;0.00010583
808;0MD006036MOJ;305;69;0.00004512
808;0MD006036MOJ;306;69;0.00012991
808;0MD006036MOJ;307;69;0.00002822
808;0MD006036MOJ;310;69;0.00033791
808;0MD006036MOJ;311;69;0.00046443
808;0MD006036MOJ;237;70;0.00081567
808;0MD006036MOJ;238;70;0.00076680
808;0MD006036MOJ;239;70;0.00617557
808;0MD006036MOJ;240;70;0.03400133
808;0MD006036MOJ;241;70;0.00170141
808;0MD006036MOJ;242;70;0.00159065
808;0MD006036MOJ;243;70;0.00055312
808;0MD006036MOJ;244;70;0.00022929
808;0MD006036MOJ;245;70;0.00047225
808;0MD006036MOJ;246;70;0.00067362
808;0MD006036MOJ;255;70;0.00066998
808;0MD006036MOJ;262;70;0.00008881
808;0MD006036MOJ;263;70;0.00120749
808;0MD006036MOJ;266;70;0.00012055
808;0MD006036MOJ;269;70;0.00078734
808;0MD006036MOJ;270;70;0.00069175
808;0MD006036MOJ;271;70;0.00019255
808;0MD006036MOJ;279;70;0.00002740
808;0MD006036MOJ;280;70;0.00002790
808;0MD006036MOJ;294;70;0.00002242
808;0MD006036MOJ;295;70;0.00002231
808;0MD006036MOJ;304;70;0.00020592
808;0MD006036MOJ;305;70;0.00097236
808;0MD006036MOJ;306;70;0.00078088
808;0MD006036MOJ;307;70;0.00071094
808;0MD006036MOJ;308;70;0.00070958
808;0MD006036MOJ;309;70;0.00072581
808;0MD006036MOJ;310;70;0.00066937
808;0MD006036MOJ;311;70;0.00032368
808;0MD006036MOJ;312;70;0.00035998
808;0MD006036MOJ;313;70;0.00009723
808;0MD006036MOJ;236;71;0.00098952
808;0MD006036MOJ;237;71;0.00105361
808;0MD006036MOJ;238;71;0.00562138
808;0MD006036MOJ;239;71;0.00122697
808;0MD006036MOJ;240;71;0.00977310
808;0MD006036MOJ;241;71;0.02085048
808;0MD006036MOJ;242;71;0.00246286
808;0MD006036MOJ;243;71;0.00187728
808;0MD006036MOJ;245;71;0.00085237
808;0MD006036MOJ;254;71;0.00091645
808;0MD006036MOJ;255;71;0.00007740
808;0MD006036MOJ;261;71;0.00029738
808;0MD006036MOJ;262;71;0.00155402
808;0MD006036MOJ;280;71;0.00005515
808;0MD006036MOJ;291;71;0.00001116
808;0MD006036MOJ;292;71;0.00002578
808;0MD006036MOJ;293;71;0.00002959
808;0MD006036MOJ;294;71;0.00000742
808;0MD006036MOJ;304;71;0.00090112
808;0MD006036MOJ;313;71;0.00011504
808;0MD006036MOJ;314;71;0.00005458
808;0MD006036MOJ;237;72;0.00647135
808;0MD006036MOJ;238;72;0.00203049
808;0MD006036MOJ;240;72;0.00010585
808;0MD006036MOJ;241;72;0.01849535
808;0MD006036MOJ;242;72;0.01076376
808;0MD006036MOJ;243;72;0.00686202
808;0MD006036MOJ;244;72;0.00401269
808;0MD006036MOJ;245;72;0.00120803
808;0MD006036MOJ;246;72;0.00029691
808;0MD006036MOJ;253;72;0.00042316
808;0MD006036MOJ;254;72;0.00036781
808;0MD006036MOJ;258;72;0.00099588
808;0MD006036MOJ;259;72;0.00099986
808;0MD006036MOJ;260;72;0.00105142
808;0MD006036MOJ;261;72;0.00113891
808;0MD006036MOJ;280;72;0.00005516
808;0MD006036MOJ;289;72;0.00000906
808;0MD006036MOJ;290;72;0.00002021
808;0MD006036MOJ;291;72;0.00001915
808;0MD006036MOJ;304;72;0.00077827
808;0MD006036MOJ;314;72;0.00017038
808;0MD006036MOJ;236;73;0.00408412
808;0MD006036MOJ;237;73;0.00275586
808;0MD006036MOJ;238;73;0.00220046
808;0MD006036MOJ;239;73;0.00235255
808;0MD006036MOJ;240;73;0.00323436
808;0MD006036MOJ;241;73;0.00637246
808;0MD006036MOJ;242;73;0.02283645
808;0MD006036MOJ;243;73;0.00777925
808;0MD006036MOJ;244;73;0.00587031
808;0MD006036MOJ;245;73;0.00426622
808;0MD006036MOJ;246;73;0.00190212
808;0MD006036MOJ;247;73;0.00075569
808;0MD006036MOJ;248;73;0.00037939
808;0MD006036MOJ;249;73;0.00008447
808;0MD006036MOJ;252;73;0.00140973
808;0MD006036MOJ;253;73;0.00029876
808;0MD006036MOJ;254;73;0.00011858
808;0MD006036MOJ;255;73;0.00078128
808;0MD006036MOJ;256;73;0.00101863
808;0MD006036MOJ;257;73;0.00114081
808;0MD006036MOJ;258;73;0.00029069
808;0MD006036MOJ;261;73;0.00000565
808;0MD006036MOJ;280;73;0.00005429
808;0MD006036MOJ;289;73;0.00002699
808;0MD006036MOJ;290;73;0.00002100
808;0MD006036MOJ;303;73;0.00059947
808;0MD006036MOJ;304;73;0.00016342
808;0MD006036MOJ;314;73;0.00001432
808;0MD006036MOJ;315;73;0.00020700
808;0MD006036MOJ;236;74;0.00065736
808;0MD006036MOJ;237;74;0.00093723
808;0MD006036MOJ;238;74;0.00100758
808;0MD006036MOJ;239;74;0.00066660
808;0MD006036MOJ;240;74;0.00177169
808;0MD006036MOJ;241;74;0.00551215
808;0MD006036MOJ;242;74;0.01654201
808;0MD006036MOJ;243;74;0.02215534
808;0MD006036MOJ;244;74;0.01220167
808;0MD006036MOJ;245;74;0.00683241
808;0MD006036MOJ;246;74;0.00430319
808;0MD006036MOJ;247;74;0.00162275
808;0MD006036MOJ;248;74;0.00186423
808;0MD006036MOJ;249;74;0.00195602
808;0MD006036MOJ;250;74;0.00191024
808;0MD006036MOJ;251;74;0.00191256
808;0MD006036MOJ;252;74;0.00181999
808;0MD006036MOJ;253;74;0.00094952
808;0MD006036MOJ;254;74;0.00115602
808;0MD006036MOJ;255;74;0.00025298
808;0MD006036MOJ;261;74;0.00000217
808;0MD006036MOJ;262;74;0.00000501
808;0MD006036MOJ;279;74;0.00001212
808;0MD006036MOJ;280;74;0.00004719
808;0MD006036MOJ;288;74;0.00001349
808;0MD006036MOJ;289;74;0.00001156
808;0MD006036MOJ;303;74;0.00076288
808;0MD006036MOJ;315;74;0.00001110
808;0MD006036MOJ;235;75;0.00007054
808;0MD006036MOJ;236;75;0.00137572
808;0MD006036MOJ;237;75;0.00190153
808;0MD006036MOJ;238;75;0.00168369
808;0MD006036MOJ;239;75;0.00170658
808;0MD006036MOJ;240;75;0.00251857
808;0MD006036MOJ;241;75;0.00712998
808;0MD006036MOJ;242;75;0.00652571
808;0MD006036MOJ;243;75;0.01942511
808;0MD006036MOJ;244;75;0.00645513
808;0MD006036MOJ;245;75;0.00568313
808;0MD006036MOJ;246;75;0.00484919
808;0MD006036MOJ;247;75;0.00221021
808;0MD006036MOJ;252;75;0.00073024
808;0MD006036MOJ;253;75;0.00008129
808;0MD006036MOJ;254;75;0.00012898
808;0MD006036MOJ;255;75;0.00000395
808;0MD006036MOJ;261;75;0.00000339
808;0MD006036MOJ;262;75;0.00000482
808;0MD006036MOJ;279;75;0.00007122
808;0MD006036MOJ;286;75;0.00001008
808;0MD006036MOJ;287;75;0.00001608
808;0MD006036MOJ;288;75;0.00000260
808;0MD006036MOJ;303;75;0.00076173
808;0MD006036MOJ;235;76;0.00223081
808;0MD006036MOJ;236;76;0.00355378
808;0MD006036MOJ;237;76;0.00413014
808;0MD006036MOJ;238;76;0.00000730
808;0MD006036MOJ;239;76;0.00029275
808;0MD006036MOJ;240;76;0.00172330
808;0MD006036MOJ;241;76;0.00657934
808;0MD006036MOJ;242;76;0.00333270
808;0MD006036MOJ;243;76;0.01382339
808;0MD006036MOJ;244;76;0.01298569
808;0MD006036MOJ;245;76;0.00515216
808;0MD006036MOJ;246;76;0.00285251
808;0MD006036MOJ;247;76;0.00138993
808;0MD006036MOJ;251;76;0.00016433
808;0MD006036MOJ;252;76;0.00019429
808;0MD006036MOJ;253;76;0.00001330
808;0MD006036MOJ;255;76;0.00003557
808;0MD006036MOJ;256;76;0.00004189
808;0MD006036MOJ;257;76;0.00000506
808;0MD006036MOJ;259;76;0.00003596
808;0MD006036MOJ;261;76;0.00000075
808;0MD006036MOJ;262;76;0.00000412
808;0MD006036MOJ;279;76;0.00005423
808;0MD006036MOJ;285;76;0.00001384
808;0MD006036MOJ;286;76;0.00000694
808;0MD006036MOJ;303;76;0.00075924
808;0MD006036MOJ;235;77;0.00029945
808;0MD006036MOJ;236;77;0.00126330
808;0MD006036MOJ;237;77;0.00123065
808;0MD006036MOJ;238;77;0.00101594
808;0MD006036MOJ;239;77;0.00674642
808;0MD006036MOJ;240;77;0.00357650
808;0MD006036MOJ;241;77;0.00792197
808;0MD006036MOJ;242;77;0.00267804
808;0MD006036MOJ;243;77;0.00369257
808;0MD006036MOJ;244;77;0.01296394
808;0MD006036MOJ;245;77;0.00111993
808;0MD006036MOJ;246;77;0.00167437
808;0MD006036MOJ;247;77;0.00011754
808;0MD006036MOJ;251;77;0.00040561
808;0MD006036MOJ;257;77;0.00005420
808;0MD006036MOJ;258;77;0.00001183
808;0MD006036MOJ;259;77;0.00005132
808;0MD006036MOJ;260;77;0.00000468
808;0MD006036MOJ;261;77;0.00000486
808;0MD006036MOJ;278;77;0.00000778
808;0MD006036MOJ;279;77;0.00004604
808;0MD006036MOJ;284;77;0.00001019
808;0MD006036MOJ;285;77;0.00000731
808;0MD006036MOJ;303;77;0.00075931
808;0MD006036MOJ;237;78;0.00008974
808;0MD006036MOJ;239;78;0.00005069
808;0MD006036MOJ;240;78;0.00180836
808;0MD006036MOJ;241;78;0.00172519
808;0MD006036MOJ;242;78;0.00065390
808;0MD006036MOJ;243;78;0.00032881
808;0MD006036MOJ;244;78;0.00113610
808;0MD006036MOJ;245;78;0.00828356
808;0MD006036MOJ;246;78;0.00099548
808;0MD006036MOJ;251;78;0.00039602
808;0MD006036MOJ;258;78;0.00005470
808;0MD006036MOJ;259;78;0.00001608
808;0MD006036MOJ;276;78;0.00000186
808;0MD006036MOJ;277;78;0.00002619
808;0MD006036MOJ;278;78;0.00007145
808;0MD006036MOJ;279;78;0.00003217
808;0MD006036MOJ;280;78;0.00003218
808;0MD006036MOJ;281;78;0.00002430
808;0MD006036MOJ;282;78;0.00000788
808;0MD006036MOJ;283;78;0.00001214
808;0MD006036MOJ;284;78;0.00001074
808;0MD006036MOJ;303;78;0.00075927
808;0MD006036MOJ;240;79;0.00124812
808;0MD006036MOJ;241;79;0.00005697
808;0MD006036MOJ;242;79;0.00103110
808;0MD006036MOJ;245;79;0.00926721
808;0MD006036MOJ;246;79;0.00000548
808;0MD006036MOJ;247;79;0.00001595
808;0MD006036MOJ;248;79;0.00000437
808;0MD006036MOJ;251;79;0.00040313
808;0MD006036MOJ;259;79;0.00000759
808;0MD006036MOJ;260;79;0.00000170
808;0MD006036MOJ;273;79;0.00001341
808;0MD006036MOJ;274;79;0.00002684
808;0MD006036MOJ;275;79;0.00002626
808;0MD006036MOJ;276;79;0.00002430
808;0MD006036MOJ;280;79;0.00000607
808;0MD006036MOJ;281;79;0.00003040
808;0MD006036MOJ;282;79;0.00001063
808;0MD006036MOJ;283;79;0.00000946
808;0MD006036MOJ;284;79;0.00000287
808;0MD006036MOJ;285;79;0.00000170
808;0MD006036MOJ;303;79;0.00075848
808;0MD006036MOJ;240;80;0.00124735
808;0MD006036MOJ;242;80;0.00094286
808;0MD006036MOJ;243;80;0.00012190
808;0MD006036MOJ;245;80;0.00892294
808;0MD006036MOJ;248;80;0.00001629
808;0MD006036MOJ;251;80;0.00039674
808;0MD006036MOJ;260;80;0.00000629
808;0MD006036MOJ;261;80;0.00000392
808;0MD006036MOJ;272;80;0.00001669
808;0MD006036MOJ;273;80;0.00001935
808;0MD006036MOJ;280;80;0.00003219
808;0MD006036MOJ;285;80;0.00000189
808;0MD006036MOJ;286;80;0.00000176
808;0MD006036MOJ;303;80;0.00076113
808;0MD006036MOJ;235;81;0.00032856
808;0MD006036MOJ;236;81;0.00053700
808;0MD006036MOJ;237;81;0.00056251
808;0MD006036MOJ;238;81;0.00054006
808;0MD006036MOJ;239;81;0.00058962
808;0MD006036MOJ;240;81;0.00129889
808;0MD006036MOJ;241;81;0.00034853
808;0MD006036MOJ;242;81;0.00062424
808;0MD006036MOJ;243;81;0.00141842
808;0MD006036MOJ;245;81;0.00067778
808;0MD006036MOJ;246;81;0.00905041
808;0MD006036MOJ;247;81;0.00000364
808;0MD006036MOJ;248;81;0.00002405
808;0MD006036MOJ;249;81;0.00000324
808;0MD006036MOJ;250;81;0.00027083
808;0MD006036MOJ;251;81;0.00011588
808;0MD006036MOJ;261;81;0.00000443
808;0MD006036MOJ;262;81;0.00000458
808;0MD006036MOJ;271;81;0.00000700
808;0MD006036MOJ;272;81;0.00006534
808;0MD006036MOJ;280;81;0.00002904
808;0MD006036MOJ;286;81;0.00000183
808;0MD006036MOJ;287;81;0.00000211
808;0MD006036MOJ;303;81;0.00085334
808;0MD006036MOJ;239;82;0.00073804
808;0MD006036MOJ;242;82;0.00024508
808;0MD006036MOJ;243;82;0.00085769
808;0MD006036MOJ;244;82;0.00110844
808;0MD006036MOJ;245;82;0.00107448
808;0MD006036MOJ;246;82;0.00795729
808;0MD006036MOJ;247;82;0.00365459
808;0MD006036MOJ;248;82;0.00000418
808;0MD006036MOJ;249;82;0.00001339
808;0MD006036MOJ;250;82;0.00037923
808;0MD006036MOJ;262;82;0.00000437
808;0MD006036MOJ;263;82;0.00000409
808;0MD006036MOJ;265;82;0.00021948
808;0MD006036MOJ;266;82;0.00087412
808;0MD006036MOJ;267;82;0.00085873
808;0MD006036MOJ;268;82;0.00085930
808;0MD006036MOJ;269;82;0.00086610
808;0MD006036MOJ;270;82;0.00085802
808;0MD006036MOJ;271;82;0.00089330
808;0MD006036MOJ;272;82;0.00085234
808;0MD006036MOJ;273;82;0.00082775
808;0MD006036MOJ;274;82;0.00036153
808;0MD006036MOJ;277;82;0.00001882
808;0MD006036MOJ;278;82;0.00020624
808;0MD006036MOJ;280;82;0.00002888
808;0MD006036MOJ;287;82;0.00000221
808;0MD006036MOJ;288;82;0.00000236
808;0MD006036MOJ;303;82;0.00080045
808;0MD006036MOJ;239;83;0.00073557
808;0MD006036MOJ;243;83;0.00005176
808;0MD006036MOJ;244;83;0.00029810
808;0MD006036MOJ;245;83;0.00068854
808;0MD006036MOJ;246;83;0.00001782
808;0MD006036MOJ;247;83;0.00749196
808;0MD006036MOJ;248;83;0.00278698
808;0MD006036MOJ;249;83;0.00013976
808;0MD006036MOJ;250;83;0.00023161
808;0MD006036MOJ;259;83;0.00000231
808;0MD006036MOJ;263;83;0.00036624
808;0MD006036MOJ;264;83;0.00094162
808;0MD006036MOJ;265;83;0.00079578
808;0MD006036MOJ;269;83;0.00002462
808;0MD006036MOJ;274;83;0.00047190
808;0MD006036MOJ;275;83;0.00084875
808;0MD006036MOJ;276;83;0.00082282
808;0MD006036MOJ;277;83;0.00080905
808;0MD006036MOJ;278;83;0.00060850
808;0MD006036MOJ;279;83;0.00082120
808;0MD006036MOJ;280;83;0.00085985
808;0MD006036MOJ;281;83;0.00081549
808;0MD006036MOJ;282;83;0.00082432
808;0MD006036MOJ;283;83;0.00032941
808;0MD006036MOJ;288;83;0.00000213
808;0MD006036MOJ;289;83;0.00000245
808;0MD006036MOJ;303;83;0.00123724
808;0MD006036MOJ;304;83;0.00015115
808;0MD006036MOJ;239;84;0.00072698
808;0MD006036MOJ;242;84;0.00001411
808;0MD006036MOJ;243;84;0.00002938
808;0MD006036MOJ;245;84;0.00004104
808;0MD006036MOJ;246;84;0.00073041
808;0MD006036MOJ;247;84;0.00000596
808;0MD006036MOJ;248;84;0.00774100
808;0MD006036MOJ;249;84;0.00061875
808;0MD006036MOJ;250;84;0.00029194
808;0MD006036MOJ;256;84;0.00031492
808;0MD006036MOJ;257;84;0.00110424
808;0MD006036MOJ;258;84;0.00093345
808;0MD006036MOJ;259;84;0.00087670
808;0MD006036MOJ;260;84;0.00087253
808;0MD006036MOJ;261;84;0.00088333
808;0MD006036MOJ;262;84;0.00086430
808;0MD006036MOJ;263;84;0.00051350
808;0MD006036MOJ;268;84;0.00000849
808;0MD006036MOJ;269;84;0.00001610
808;0MD006036MOJ;280;84;0.00002295
808;0MD006036MOJ;281;84;0.00003059
808;0MD006036MOJ;283;84;0.00057328
808;0MD006036MOJ;284;84;0.00094980
808;0MD006036MOJ;285;84;0.00003120
808;0MD006036MOJ;289;84;0.00000188
808;0MD006036MOJ;290;84;0.00000189
808;0MD006036MOJ;304;84;0.00024001
808;0MD006036MOJ;305;84;0.00029810
808;0MD006036MOJ;306;84;0.00067108
808;0MD006036MOJ;238;85;0.00051367
808;0MD006036MOJ;239;85;0.00021278
808;0MD006036MOJ;242;85;0.00004349
808;0MD006036MOJ;245;85;0.00006850
808;0MD006036MOJ;246;85;0.00007667
808;0MD006036MOJ;247;85;0.00090106
808;0MD006036MOJ;248;85;0.01022915
808;0MD006036MOJ;249;85;0.00182426
808;0MD006036MOJ;250;85;0.00084165
808;0MD006036MOJ;251;85;0.00112575
808;0MD006036MOJ;252;85;0.00110083
808;0MD006036MOJ;253;85;0.00109739
808;0MD006036MOJ;254;85;0.00108723
808;0MD006036MOJ;255;85;0.00108632
808;0MD006036MOJ;256;85;0.00076783
808;0MD006036MOJ;257;85;0.00020590
808;0MD006036MOJ;268;85;0.00002557
808;0MD006036MOJ;281;85;0.00005163
808;0MD006036MOJ;285;85;0.00088371
808;0MD006036MOJ;286;85;0.00085060
808;0MD006036MOJ;287;85;0.00079699
808;0MD006036MOJ;288;85;0.00051735
808;0MD006036MOJ;290;85;0.00000273
808;0MD006036MOJ;304;85;0.00041357
808;0MD006036MOJ;305;85;0.00078212
808;0MD006036MOJ;238;86;0.00072912
808;0MD006036MOJ;242;86;0.00020358
808;0MD006036MOJ;243;86;0.00029540
808;0MD006036MOJ;244;86;0.00014052
808;0MD006036MOJ;245;86;0.00001771
808;0MD006036MOJ;246;86;0.00091235
808;0MD006036MOJ;247;86;0.00103145
808;0MD006036MOJ;248;86;0.00306076
808;0MD006036MOJ;249;86;0.01018983
808;0MD006036MOJ;250;86;0.00757999
808;0MD006036MOJ;251;86;0.00527050
808;0MD006036MOJ;252;86;0.00481124
808;0MD006036MOJ;253;86;0.00476227
808;0MD006036MOJ;254;86;0.00012727
808;0MD006036MOJ;255;86;0.00034185
808;0MD006036MOJ;256;86;0.00028156
808;0MD006036MOJ;257;86;0.00047330
808;0MD006036MOJ;258;86;0.00005207
808;0MD006036MOJ;268;86;0.00002558
808;0MD006036MOJ;280;86;0.00000941
808;0MD006036MOJ;281;86;0.00004042
808;0MD006036MOJ;288;86;0.00028933
808;0MD006036MOJ;289;86;0.00080792
808;0MD006036MOJ;290;86;0.00081154
808;0MD006036MOJ;291;86;0.00081840
808;0MD006036MOJ;292;86;0.00081840
808;0MD006036MOJ;293;86;0.00053166
808;0MD006036MOJ;303;86;0.00005410
808;0MD006036MOJ;304;86;0.00100417
808;0MD006036MOJ;238;87;0.00073757
808;0MD006036MOJ;240;87;0.00030653
808;0MD006036MOJ;241;87;0.00030397
808;0MD006036MOJ;242;87;0.00013475
808;0MD006036MOJ;246;87;0.00115241
808;0MD006036MOJ;247;87;0.00106389
808;0MD006036MOJ;248;87;0.00004915
808;0MD006036MOJ;249;87;0.00055259
808;0MD006036MOJ;250;87;0.00006280
808;0MD006036MOJ;252;87;0.00040334
808;0MD006036MOJ;253;87;0.00011916
808;0MD006036MOJ;254;87;0.00471025
808;0MD006036MOJ;255;87;0.00485209
808;0MD006036MOJ;256;87;0.00497868
808;0MD006036MOJ;257;87;0.00046052
808;0MD006036MOJ;258;87;0.00001685
808;0MD006036MOJ;268;87;0.00002447
808;0MD006036MOJ;280;87;0.00004794
808;0MD006036MOJ;293;87;0.00034936
808;0MD006036MOJ;294;87;0.00090459
808;0MD006036MOJ;295;87;0.00093909
808;0MD006036MOJ;296;87;0.00063243
808;0MD006036MOJ;303;87;0.00035824
808;0MD006036MOJ;304;87;0.00091327
808;0MD006036MOJ;236;88;0.00085813
808;0MD006036MOJ;237;88;0.00092610
808;0MD006036MOJ;238;88;0.00077749
808;0MD006036MOJ;239;88;0.00032693
808;0MD006036MOJ;240;88;0.00001802
808;0MD006036MOJ;245;88;0.00017207
808;0MD006036MOJ;246;88;0.00045060
808;0MD006036MOJ;249;88;0.00028099
808;0MD006036MOJ;250;88;0.00032594
808;0MD006036MOJ;251;88;0.00022032
808;0MD006036MOJ;252;88;0.00022126
808;0MD006036MOJ;257;88;0.00476171
808;0MD006036MOJ;258;88;0.00388241
808;0MD006036MOJ;268;88;0.00002483
808;0MD006036MOJ;280;88;0.00004353
808;0MD006036MOJ;293;88;0.00006810
808;0MD006036MOJ;296;88;0.00029290
808;0MD006036MOJ;297;88;0.00088707
808;0MD006036MOJ;298;88;0.00095092
808;0MD006036MOJ;299;88;0.00093885
808;0MD006036MOJ;300;88;0.00085561
808;0MD006036MOJ;302;88;0.00075154
808;0MD006036MOJ;303;88;0.00215357
808;0MD006036MOJ;237;89;0.00048313
808;0MD006036MOJ;238;89;0.00000005
808;0MD006036MOJ;245;89;0.00062290
808;0MD006036MOJ;250;89;0.00025925
808;0MD006036MOJ;251;89;0.00072269
808;0MD006036MOJ;252;89;0.00074923
808;0MD006036MOJ;258;89;0.00132989
808;0MD006036MOJ;259;89;0.00520397
808;0MD006036MOJ;260;89;0.00248328
808;0MD006036MOJ;267;89;0.00002232
808;0MD006036MOJ;268;89;0.00004015
808;0MD006036MOJ;280;89;0.00004451
808;0MD006036MOJ;293;89;0.00007660
808;0MD006036MOJ;299;89;0.00000084
808;0MD006036MOJ;300;89;0.00008498
808;0MD006036MOJ;301;89;0.00095013
808;0MD006036MOJ;302;89;0.00112076
808;0MD006036MOJ;303;89;0.00007969
808;0MD006036MOJ;237;90;0.00067737
808;0MD006036MOJ;252;90;0.00108177
808;0MD006036MOJ;260;90;0.00251787
808;0MD006036MOJ;261;90;0.00501684
808;0MD006036MOJ;262;90;0.00161862
808;0MD006036MOJ;268;90;0.00002160
808;0MD006036MOJ;280;90;0.00004561
808;0MD006036MOJ;292;90;0.00003903
808;0MD006036MOJ;293;90;0.00003804
808;0MD006036MOJ;298;90;0.00001681
808;0MD006036MOJ;299;90;0.00002708
808;0MD006036MOJ;302;90;0.00077592
808;0MD006036MOJ;237;91;0.00068561
808;0MD006036MOJ;252;91;0.00013425
808;0MD006036MOJ;253;91;0.00099478
808;0MD006036MOJ;262;91;0.00434714
808;0MD006036MOJ;263;91;0.00238711
808;0MD006036MOJ;266;91;0.00000954
808;0MD006036MOJ;267;91;0.00001177
808;0MD006036MOJ;268;91;0.00002401
808;0MD006036MOJ;269;91;0.00000162
808;0MD006036MOJ;279;91;0.00000590
808;0MD006036MOJ;280;91;0.00005857
808;0MD006036MOJ;292;91;0.00008029
808;0MD006036MOJ;298;91;0.00002462
808;0MD006036MOJ;302;91;0.00132859
808;0MD006036MOJ;236;92;0.00014714
808;0MD006036MOJ;237;92;0.00052637
808;0MD006036MOJ;253;92;0.00034462
808;0MD006036MOJ;254;92;0.00078334
808;0MD006036MOJ;263;92;0.00295102
808;0MD006036MOJ;264;92;0.00455206
808;0MD006036MOJ;265;92;0.00485148
808;0MD006036MOJ;266;92;0.00328175
808;0MD006036MOJ;269;92;0.00001044
808;0MD006036MOJ;279;92;0.00001173
808;0MD006036MOJ;280;92;0.00000037
808;0MD006036MOJ;281;92;0.00005154
808;0MD006036MOJ;291;92;0.00008999
808;0MD006036MOJ;292;92;0.00000731
808;0MD006036MOJ;298;92;0.00002489
808;0MD006036MOJ;301;92;0.00010268
808;0MD006036MOJ;302;92;0.00133084
808;0MD006036MOJ;236;93;0.00067351
808;0MD006036MOJ;254;93;0.00055576
808;0MD006036MOJ;255;93;0.00052604
808;0MD006036MOJ;266;93;0.00186146
808;0MD006036MOJ;267;93;0.00476481
808;0MD006036MOJ;268;93;0.00000795
808;0MD006036MOJ;269;93;0.00000458
808;0MD006036MOJ;279;93;0.00001199
808;0MD006036MOJ;281;93;0.00001444
808;0MD006036MOJ;282;93;0.00003535
808;0MD006036MOJ;290;93;0.00004728
808;0MD006036MOJ;291;93;0.00002424
808;0MD006036MOJ;298;93;0.00002495
808;0MD006036MOJ;301;93;0.00058990
808;0MD006036MOJ;236;94;0.00067351
808;0MD006036MOJ;255;94;0.00087706
808;0MD006036MOJ;267;94;0.00197427
808;0MD006036MOJ;268;94;0.00341449
808;0MD006036MOJ;276;94;0.00000355
808;0MD006036MOJ;277;94;0.00001165
808;0MD006036MOJ;278;94;0.00001392
808;0MD006036MOJ;279;94;0.00000763
808;0MD006036MOJ;282;94;0.00004292
808;0MD006036MOJ;290;94;0.00007044
808;0MD006036MOJ;298;94;0.00002441
808;0MD006036MOJ;236;95;0.00066084
808;0MD006036MOJ;255;95;0.00078372
808;0MD006036MOJ;256;95;0.00030716
808;0MD006036MOJ;268;95;0.00366817
808;0MD006036MOJ;269;95;0.00389580
808;0MD006036MOJ;275;95;0.00001462
808;0MD006036MOJ;276;95;0.00000862
808;0MD006036MOJ;282;95;0.00001887
808;0MD006036MOJ;283;95;0.00008724
808;0MD006036MOJ;290;95;0.00007028
808;0MD006036MOJ;298;95;0.00002474
808;0MD006036MOJ;236;96;0.00065688
808;0MD006036MOJ;256;96;0.00119392
808;0MD006036MOJ;269;96;0.00403193
808;0MD006036MOJ;270;96;0.00080444
808;0MD006036MOJ;274;96;0.00000917
808;0MD006036MOJ;275;96;0.00000316
808;0MD006036MOJ;283;96;0.00004561
808;0MD006036MOJ;289;96;0.00001116
808;0MD006036MOJ;290;96;0.00005815
808;0MD006036MOJ;297;96;0.00000910
808;0MD006036MOJ;298;96;0.00001373
808;0MD006036MOJ;236;97;0.00071476
808;0MD006036MOJ;270;97;0.00600350
808;0MD006036MOJ;271;97;0.00030634
808;0MD006036MOJ;272;97;0.00000386
808;0MD006036MOJ;273;97;0.00000387
808;0MD006036MOJ;274;97;0.00001048
808;0MD006036MOJ;282;97;0.00000064
808;0MD006036MOJ;283;97;0.00004614
808;0MD006036MOJ;289;97;0.00006957
808;0MD006036MOJ;235;98;0.00019512
808;0MD006036MOJ;236;98;0.00050272
808;0MD006036MOJ;270;98;0.00004784
808;0MD006036MOJ;271;98;0.00588576
808;0MD006036MOJ;272;98;0.00078457
808;0MD006036MOJ;274;98;0.00000664
808;0MD006036MOJ;282;98;0.00000794
808;0MD006036MOJ;283;98;0.00003543
808;0MD006036MOJ;288;98;0.00001268
808;0MD006036MOJ;289;98;0.00008168
808;0MD006036MOJ;236;99;0.00015492
808;0MD006036MOJ;269;99;0.00001211
808;0MD006036MOJ;270;99;0.00004139
808;0MD006036MOJ;272;99;0.00513568
808;0MD006036MOJ;273;99;0.00170595
808;0MD006036MOJ;274;99;0.00000395
808;0MD006036MOJ;281;99;0.00000319
808;0MD006036MOJ;282;99;0.00000540
808;0MD006036MOJ;283;99;0.00003004
808;0MD006036MOJ;284;99;0.00002565
808;0MD006036MOJ;288;99;0.00003235
808;0MD006036MOJ;289;99;0.00005761
808;0MD006036MOJ;236;100;0.00013674
808;0MD006036MOJ;269;100;0.00005855
808;0MD006036MOJ;273;100;0.00411816
808;0MD006036MOJ;274;100;0.00466617
808;0MD006036MOJ;280;100;0.00000025
808;0MD006036MOJ;281;100;0.00000922
808;0MD006036MOJ;284;100;0.00003849
808;0MD006036MOJ;286;100;0.00001271
808;0MD006036MOJ;287;100;0.00008523
808;0MD006036MOJ;288;100;0.00007851
808;0MD006036MOJ;289;100;0.00000114
808;0MD006036MOJ;236;101;0.00013945
808;0MD006036MOJ;268;101;0.00003584
808;0MD006036MOJ;269;101;0.00001747
808;0MD006036MOJ;274;101;0.00024414
808;0MD006036MOJ;275;101;0.00485720
808;0MD006036MOJ;276;101;0.00490653
808;0MD006036MOJ;277;101;0.00126851
808;0MD006036MOJ;279;101;0.00000092
808;0MD006036MOJ;280;101;0.00000940
808;0MD006036MOJ;284;101;0.00000817
808;0MD006036MOJ;285;101;0.00003316
808;0MD006036MOJ;286;101;0.00008612
808;0MD006036MOJ;236;102;0.00013503
808;0MD006036MOJ;268;102;0.00005117
808;0MD006036MOJ;277;102;0.00375859
808;0MD006036MOJ;278;102;0.00502952
808;0MD006036MOJ;279;102;0.00115295
808;0MD006036MOJ;285;102;0.00010776
808;0MD006036MOJ;286;102;0.00000891
808;0MD006036MOJ;236;103;0.00014464
808;0MD006036MOJ;267;103;0.00001353
808;0MD006036MOJ;268;103;0.00003373
808;0MD006036MOJ;278;103;0.00028884
808;0MD006036MOJ;279;103;0.00370101
808;0MD006036MOJ;280;103;0.00474747
808;0MD006036MOJ;281;103;0.00434325
808;0MD006036MOJ;282;103;0.00437280
808;0MD006036MOJ;283;103;0.00495181
808;0MD006036MOJ;284;103;0.00009012
808;0MD006036MOJ;285;103;0.00011883
808;0MD006036MOJ;286;103;0.00003413
808;0MD006036MOJ;287;103;0.00002389
808;0MD006036MOJ;236;104;0.00001145
808;0MD006036MOJ;237;104;0.00015254
808;0MD006036MOJ;267;104;0.00004865
808;0MD006036MOJ;278;104;0.00021474
808;0MD006036MOJ;283;104;0.00000917
808;0MD006036MOJ;284;104;0.00450713
808;0MD006036MOJ;287;104;0.00001251
808;0MD006036MOJ;288;104;0.00003397
808;0MD006036MOJ;235;105;0.00014356
808;0MD006036MOJ;236;105;0.00018118
808;0MD006036MOJ;237;105;0.00011487
808;0MD006036MOJ;238;105;0.00003323
808;0MD006036MOJ;266;105;0.00001778
808;0MD006036MOJ;267;105;0.00004386
808;0MD006036MOJ;277;105;0.00009900
808;0MD006036MOJ;278;105;0.00020692
808;0MD006036MOJ;284;105;0.00449980
808;0MD006036MOJ;236;106;0.00010172
808;0MD006036MOJ;237;106;0.00025451
808;0MD006036MOJ;238;106;0.00042722
808;0MD006036MOJ;239;106;0.00041421
808;0MD006036MOJ;265;106;0.00003474
808;0MD006036MOJ;266;106;0.00004705
808;0MD006036MOJ;277;106;0.00000123
808;0MD006036MOJ;278;106;0.00000015
808;0MD006036MOJ;284;106;0.00452141
808;0MD006036MOJ;239;107;0.00003977
808;0MD006036MOJ;240;107;0.00059115
808;0MD006036MOJ;264;107;0.00000439
808;0MD006036MOJ;265;107;0.00004561
808;0MD006036MOJ;277;107;0.00000136
808;0MD006036MOJ;284;107;0.00247630
808;0MD006036MOJ;285;107;0.00088799
808;0MD006036MOJ;240;108;0.00041220
808;0MD006036MOJ;264;108;0.00004731
808;0MD006036MOJ;277;108;0.00000132
808;0MD006036MOJ;240;109;0.00038107
808;0MD006036MOJ;241;109;0.00015382
808;0MD006036MOJ;264;109;0.00004731
808;0MD006036MOJ;277;109;0.00000062
808;0MD006036MOJ;278;109;0.00000073
808;0MD006036MOJ;240;110;0.00005845
808;0MD006036MOJ;241;110;0.00002302
808;0MD006036MOJ;264;110;0.00005004
808;0MD006036MOJ;278;110;0.00000161
808;0MD006036MOJ;263;111;0.00001218
808;0MD006036MOJ;264;111;0.00002244
808;0MD006036MOJ;278;111;0.00000047
808;0MD006036MOJ;279;111;0.00000106
808;0MD006036MOJ;279;112;0.00000052
808;0SS0060330SC;272;47;0.00035860
808;0SS0060330SC;273;47;0.00449968
808;0SS0060330SC;278;47;0.00016241
808;0SS0060330SC;282;47;0.00001773
808;0SS0060330SC;272;48;0.00617319
808;0SS0060330SC;273;48;0.00014865
808;0SS0060330SC;277;48;0.00033100
808;0SS0060330SC;278;48;0.00034180
808;0SS0060330SC;280;48;0.00007073
808;0SS0060330SC;281;48;0.00013513
808;0SS0060330SC;282;48;0.00001722
808;0SS0060330SC;271;49;0.00100073
808;0SS0060330SC;272;49;0.00630132
808;0SS0060330SC;276;49;0.00034563
808;0SS0060330SC;277;49;0.00082979
808;0SS0060330SC;278;49;0.00074925
808;0SS0060330SC;279;49;0.00001270
808;0SS0060330SC;280;49;0.00014512
808;0SS0060330SC;262;50;0.00030221
808;0SS0060330SC;263;50;0.00242858
808;0SS0060330SC;270;50;0.00080093
808;0SS0060330SC;271;50;0.00303596
808;0SS0060330SC;272;50;0.00576352
808;0SS0060330SC;273;50;0.00272496
808;0SS0060330SC;274;50;0.00205020
808;0SS0060330SC;275;50;0.00171479
808;0SS0060330SC;276;50;0.00193079
808;0SS0060330SC;277;50;0.00104856
808;0SS0060330SC;278;50;0.00141353
808;0SS0060330SC;279;50;0.00023679
808;0SS0060330SC;280;50;0.00001003
808;0SS0060330SC;263;51;0.00099543
808;0SS0060330SC;264;51;0.00354889
808;0SS0060330SC;265;51;0.00228399
808;0SS0060330SC;269;51;0.00121574
808;0SS0060330SC;270;51;0.00273687
808;0SS0060330SC;271;51;0.00015078
808;0SS0060330SC;272;51;0.01248342
808;0SS0060330SC;273;51;0.00074669
808;0SS0060330SC;274;51;0.00011042
808;0SS0060330SC;275;51;0.00012004
808;0SS0060330SC;276;51;0.00003734
808;0SS0060330SC;265;52;0.00404425
808;0SS0060330SC;268;52;0.00044520
808;0SS0060330SC;269;52;0.00183036
808;0SS0060330SC;270;52;0.00195917
808;0SS0060330SC;271;52;0.00695742
808;0SS0060330SC;272;52;0.00806760
808;0SS0060330SC;275;52;0.00001287
808;0SS0060330SC;276;52;0.00012325
808;0SS0060330SC;265;53;0.00608646
808;0SS0060330SC;267;53;0.00346684
808;0SS0060330SC;268;53;0.00608291
808;0SS0060330SC;269;53;0.00867734
808;0SS0060330SC;270;53;0.01115836
808;0SS0060330SC;271;53;0.01969163
808;0SS0060330SC;272;53;0.00120504
808;0SS0060330SC;276;53;0.00002255
808;0SS0060330SC;277;53;0.00010741
808;0SS0060330SC;278;53;0.00010329
808;0SS0060330SC;279;53;0.00001588
808;0SS0060330SC;258;54;0.00002884
808;0SS0060330SC;265;54;0.00938110
808;0SS0060330SC;266;54;0.00164897
808;0SS0060330SC;267;54;0.01150571
808;0SS0060330SC;268;54;0.02099188
808;0SS0060330SC;269;54;0.01466855
808;0SS0060330SC;270;54;0.02874647
808;0SS0060330SC;271;54;0.01006623
808;0SS0060330SC;272;54;0.00418472
808;0SS0060330SC;273;54;0.00373091
808;0SS0060330SC;274;54;0.00376863
808;0SS0060330SC;275;54;0.00373100
808;0SS0060330SC;276;54;0.00373364
808;0SS0060330SC;277;54;0.00368364
808;0SS0060330SC;278;54;0.00367950
808;0SS0060330SC;279;54;0.00381668
808;0SS0060330SC;280;54;0.00373952
808;0SS0060330SC;281;54;0.00382735
808;0SS0060330SC;282;54;0.00376832
808;0SS0060330SC;283;54;0.00376835
808;0SS0060330SC;284;54;0.00215564
808;0SS0060330SC;258;55;0.00049157
808;0SS0060330SC;262;55;0.00001483
808;0SS0060330SC;264;55;0.00528093
808;0SS0060330SC;265;55;0.02074547
808;0SS0060330SC;266;55;0.02097702
808;0SS0060330SC;267;55;0.02323247
808;0SS0060330SC;268;55;0.03817322
808;0SS0060330SC;269;55;0.04007130
808;0SS0060330SC;270;55;0.01203072
808;0SS0060330SC;271;55;0.00087354
808;0SS0060330SC;272;55;0.00017702
808;0SS0060330SC;273;55;0.00016789
808;0SS0060330SC;274;55;0.00003432
808;0SS0060330SC;278;55;0.00008204
808;0SS0060330SC;279;55;0.00002395
808;0SS0060330SC;261;56;0.00074534
808;0SS0060330SC;262;56;0.00268395
808;0SS0060330SC;263;56;0.01178525
808;0SS0060330SC;264;56;0.01078386
808;0SS0060330SC;265;56;0.01701463
808;0SS0060330SC;266;56;0.03813955
808;0SS0060330SC;267;56;0.03480243
808;0SS0060330SC;268;56;0.00489708
808;0SS0060330SC;269;56;0.00186126
808;0SS0060330SC;270;56;0.00020759
808;0SS0060330SC;271;56;0.00057243
808;0SS0060330SC;272;56;0.00001738
808;0SS0060330SC;278;56;0.00007038
808;0SS0060330SC;261;57;0.00396297
808;0SS0060330SC;262;57;0.01513979
808;0SS0060330SC;263;57;0.01773879
808;0SS0060330SC;264;57;0.02207885
808;0SS0060330SC;265;57;0.04148751
808;0SS0060330SC;266;57;0.00274202
808;0SS0060330SC;267;57;0.00050413
808;0SS0060330SC;269;57;0.00013000
808;0SS0060330SC;270;57;0.00012835
808;0SS0060330SC;261;58;0.01273511
808;0SS0060330SC;262;58;0.01505342
808;0SS0060330SC;263;58;0.03419787
808;0SS0060330SC;264;58;0.01806669
808;0SS0060330SC;267;58;0.00080724
808;0SS0060330SC;268;58;0.00021347
808;0SS0060330SC;269;58;0.00012306
808;0SS0060330SC;258;59;0.00000028
808;0SS0060330SC;259;59;0.00583134
808;0SS0060330SC;260;59;0.01140808
808;0SS0060330SC;261;59;0.02472722
808;0SS0060330SC;262;59;0.03424558
808;0SS0060330SC;263;59;0.00558940
808;0SS0060330SC;266;59;0.00090034
808;0SS0060330SC;267;59;0.00078390
808;0SS0060330SC;268;59;0.00001495
808;0SS0060330SC;257;60;0.00420264
808;0SS0060330SC;258;60;0.03177422
808;0SS0060330SC;259;60;0.02705241
808;0SS0060330SC;260;60;0.02879482
808;0SS0060330SC;261;60;0.00491652
808;0SS0060330SC;262;60;0.00939558
808;0SS0060330SC;263;60;0.00489381
808;0SS0060330SC;264;60;0.00168252
808;0SS0060330SC;265;60;0.00190843
808;0SS0060330SC;266;60;0.00012878
808;0SS0060330SC;260;61;0.00753743
808;0SS0060330SC;261;61;0.00514359
808;0SS0060330SC;262;61;0.00848941
808;0SS0060330SC;263;61;0.00203495
808;0SS0060330SC;260;62;0.00624794
808;0SS0060330SC;261;62;0.00382503
808;0SS0060330SC;260;63;0.00318946
808;0MD006033MOJ;303;49;0.00249597
808;0MD006033MOJ;303;50;0.00425438
808;0MD006033MOJ;304;50;0.00295622
808;0MD006033MOJ;304;51;0.00577092
808;0MD006033MOJ;305;51;0.00299283
808;0MD006033MOJ;304;52;0.00448902
808;0MD006033MOJ;305;52;0.00732533
808;0MD006033MOJ;296;53;0.00473833
808;0MD006033MOJ;297;53;0.06632188
808;0MD006033MOJ;298;53;0.06774198
808;0MD006033MOJ;299;53;0.06144933
808;0MD006033MOJ;305;53;0.01707580
808;0MD006033MOJ;306;53;0.00418378
808;0MD006033MOJ;296;54;0.03900084
808;0MD006033MOJ;297;54;0.00317898
808;0MD006033MOJ;299;54;0.01048045
808;0MD006033MOJ;300;54;0.06791705
808;0MD006033MOJ;301;54;0.06771510
808;0MD006033MOJ;302;54;0.06777207
808;0MD006033MOJ;303;54;0.06804346
808;0MD006033MOJ;304;54;0.06767128
808;0MD006033MOJ;305;54;0.07677607
808;0MD006033MOJ;306;54;0.10655525
808;0MD006033MOJ;307;54;0.06836880
808;0MD006033MOJ;308;54;0.00573657
808;0MD006033MOJ;298;55;0.00246705
808;0MD006033MOJ;299;55;0.00022610
808;0MD006033MOJ;306;55;0.00102326
808;0MD006033MOJ;307;55;0.00661487
808;0MD006033MOJ;298;56;0.00328391
808;0MD006033MOJ;306;56;0.00087655
808;0MD006033MOJ;307;56;0.00646930
808;0MD006033MOJ;298;57;0.00261007
808;0MD006033MOJ;306;57;0.00053280
808;0MD006033MOJ;307;57;0.00825123
808;0MD006033MOJ;308;57;0.00354023
808;0MD006033MOJ;297;58;0.00199370
808;0MD006033MOJ;298;58;0.00062699
808;0MD006033MOJ;308;58;0.00715724
808;0MD006033MOJ;297;59;0.00269092
808;0MD006033MOJ;298;59;0.00051457
808;0MD006033MOJ;307;59;0.00573206
808;0MD006033MOJ;308;59;0.00159711
808;0MD006033MOJ;297;60;0.00014156
808;0MD006033MOJ;298;60;0.00050378
808;0MD006033MOJ;307;60;0.00726799
808;0MD006033MOJ;296;61;0.00002407
808;0MD006033MOJ;297;61;0.00013189
808;0MD006033MOJ;307;61;0.00716576
808;0MD006033MOJ;296;62;0.00010574
808;0MD006033MOJ;307;62;0.00739893
808;0MD006033MOJ;307;63;0.00504288
808;0MD006033MOJ;307;64;0.00402144
808;0MD006033MOJ;308;64;0.00074718
808;0MD006033MOJ;308;65;0.00401050
808;0MD006033MOJ;300;66;0.00033954
808;0MD006033MOJ;308;66;0.00365489
808;0MD006033MOJ;301;67;0.00031994
808;0MD006033MOJ;308;67;0.00190422
808;0MD0060330SC;295;52;0.00733001
808;0MD0060330SC;294;53;0.00465529
808;0MD0060330SC;295;53;0.01698096
808;0MD0060330SC;296;53;0.00338764
808;0MD0060330SC;284;54;0.02145080
808;0MD0060330SC;292;54;0.00277067
808;0MD0060330SC;293;54;0.04131188
808;0MD0060330SC;294;54;0.07169605
808;0MD0060330SC;295;54;0.07257629
808;0MD0060330SC;296;54;0.02585922
808;0MD0060330SC;284;55;0.01461030
808;0MD0060330SC;285;55;0.08069324
808;0MD0060330SC;286;55;0.08034608
808;0MD0060330SC;287;55;0.06905415
808;0MD0060330SC;289;55;0.05199002
808;0MD0060330SC;290;55;0.07517747
808;0MD0060330SC;291;55;0.07639954
808;0MD0060330SC;292;55;0.07371543
808;0MD0060330SC;293;55;0.03516531
808;0MD0060330SC;278;56;0.00068704
808;0MD0060330SC;287;56;0.01082073
808;0MD0060330SC;288;56;0.07810077
808;0MD0060330SC;289;56;0.02135136
808;0MD0060330SC;278;57;0.00097325
808;0MD0060330SC;279;57;0.00123276
808;0MD0060330SC;288;57;0.00040355
808;0MD0060330SC;289;57;0.00417626
808;0MD0060330SC;279;58;0.00225433
808;0MD0060330SC;289;58;0.00097229
808;0MD0060330SC;290;58;0.00354663
808;0MD0060330SC;278;59;0.00121530
808;0MD0060330SC;279;59;0.00137499
808;0MD0060330SC;290;59;0.00180671
808;0MD0060330SC;291;59;0.00217750
808;0MD0060330SC;276;60;0.00025820
808;0MD0060330SC;277;60;0.00188219
808;0MD0060330SC;278;60;0.00154895
808;0MD0060330SC;291;60;0.00340189
808;0MD0060330SC;274;61;0.00157799
808;0MD0060330SC;275;61;0.00197490
808;0MD0060330SC;276;61;0.00181062
808;0MD0060330SC;277;61;0.00012708
808;0MD0060330SC;291;61;0.00357140
808;0MD0060330SC;292;61;0.00015114
808;0MD0060330SC;293;61;0.00015117
808;0MD0060330SC;294;61;0.00017894
808;0MD0060330SC;295;61;0.00001062
808;0MD0060330SC;270;62;0.00002187
808;0MD0060330SC;272;62;0.00001391
808;0MD0060330SC;273;62;0.00139419
808;0MD0060330SC;274;62;0.00126378
808;0MD0060330SC;291;62;0.00357168
808;0MD0060330SC;294;62;0.00001121
808;0MD0060330SC;295;62;0.00016626
808;0MD0060330SC;296;62;0.00002784
808;0MD0060330SC;270;63;0.00001742
808;0MD0060330SC;271;63;0.00002327
808;0MD0060330SC;272;63;0.00001586
808;0MD0060330SC;273;63;0.00185250
808;0MD0060330SC;291;63;0.00357172
808;0MD0060330SC;273;64;0.00005492
808;0MD0060330SC;291;64;0.00357174
808;0MD0060330SC;289;65;0.00022551
808;0MD0060330SC;290;65;0.00055368
808;0MD0060330SC;291;65;0.00421081
808;0MD0060330SC;292;65;0.00141922
808;0MD0060330SC;289;66;0.00009071
808;0MD0060330SC;292;66;0.00291500
808;0MD0060330SC;293;66;0.00209800
