#GRID CA_State4k -684000. -564000. 4000. 4000. 321 291 1 LAMBERT METERS 30. 60. -120.5 -120.5 37.
822;0SC0060300SC;238;44;0.00159855
822;0SC0060300SC;237;45;0.00213617
822;0SC0060300SC;238;45;0.01339648
822;0SC0060300SC;235;46;0.00028118
822;0SC0060300SC;236;46;0.00955718
822;0SC0060300SC;237;46;0.01660936
822;0SC0060300SC;238;46;0.00097542
822;0SC0060300SC;239;46;0.00007951
822;0SC0060300SC;234;47;0.00021726
822;0SC0060300SC;235;47;0.00121124
822;0SC0060300SC;236;47;0.01714740
822;0SC0060300SC;237;47;0.00041198
822;0SC0060300SC;238;47;0.00017134
822;0SC0060300SC;239;47;0.00003652
822;0SC0060300SC;233;48;0.00032934
822;0SC0060300SC;234;48;0.00122656
822;0SC0060300SC;235;48;0.00095781
822;0SC0060300SC;236;48;0.01823891
822;0SC0060300SC;237;48;0.00110947
822;0SC0060300SC;238;48;0.00104995
822;0SC0060300SC;239;48;0.00058403
822;0SC0060300SC;232;49;0.00063842
822;0SC0060300SC;233;49;0.00047766
822;0SC0060300SC;234;49;0.00099703
822;0SC0060300SC;235;49;0.00233339
822;0SC0060300SC;236;49;0.01969515
822;0SC0060300SC;237;49;0.00220900
822;0SC0060300SC;238;49;0.00020729
822;0SC0060300SC;239;49;0.00069970
822;0SC0060300SC;230;50;0.00122397
822;0SC0060300SC;231;50;0.00234205
822;0SC0060300SC;232;50;0.00111027
822;0SC0060300SC;233;50;0.00009658
822;0SC0060300SC;234;50;0.00082174
822;0SC0060300SC;235;50;0.01607841
822;0SC0060300SC;236;50;0.01920280
822;0SC0060300SC;237;50;0.00171924
822;0SC0060300SC;238;50;0.00008048
822;0SC0060300SC;239;50;0.00016554
822;0SC0060300SC;240;50;0.00061957
822;0SC0060300SC;241;50;0.00034926
822;0SC0060300SC;228;51;0.00018550
822;0SC0060300SC;229;51;0.00159334
822;0SC0060300SC;230;51;0.00383707
822;0SC0060300SC;231;51;0.00399532
822;0SC0060300SC;232;51;0.00483958
822;0SC0060300SC;233;51;0.00111120
822;0SC0060300SC;234;51;0.01936297
822;0SC0060300SC;235;51;0.02467455
822;0SC0060300SC;236;51;0.00201644
822;0SC0060300SC;237;51;0.00223901
822;0SC0060300SC;238;51;0.00106697
822;0SC0060300SC;241;51;0.00003990
822;0SC0060300SC;227;52;0.00011648
822;0SC0060300SC;228;52;0.00128559
822;0SC0060300SC;229;52;0.00267334
822;0SC0060300SC;230;52;0.01471182
822;0SC0060300SC;231;52;0.02204541
822;0SC0060300SC;232;52;0.02022094
822;0SC0060300SC;233;52;0.01193809
822;0SC0060300SC;234;52;0.02798392
822;0SC0060300SC;235;52;0.00230841
822;0SC0060300SC;236;52;0.00438733
822;0SC0060300SC;237;52;0.00076869
822;0SC0060300SC;238;52;0.00013012
822;0SC0060300SC;226;53;0.00020050
822;0SC0060300SC;227;53;0.00088503
822;0SC0060300SC;228;53;0.00331368
822;0SC0060300SC;229;53;0.02122625
822;0SC0060300SC;230;53;0.00757469
822;0SC0060300SC;231;53;0.00599874
822;0SC0060300SC;232;53;0.01911087
822;0SC0060300SC;233;53;0.02832050
822;0SC0060300SC;234;53;0.00852686
822;0SC0060300SC;235;53;0.00222533
822;0SC0060300SC;236;53;0.00009052
822;0SC0060300SC;237;53;0.00011065
822;0SC0060300SC;226;54;0.00421017
822;0SC0060300SC;227;54;0.02053959
822;0SC0060300SC;228;54;0.02593948
822;0SC0060300SC;229;54;0.00955457
822;0SC0060300SC;230;54;0.01021315
822;0SC0060300SC;231;54;0.01302303
822;0SC0060300SC;232;54;0.04281014
822;0SC0060300SC;233;54;0.00505881
822;0SC0060300SC;234;54;0.00060324
822;0SC0060300SC;235;54;0.00181804
822;0SC0060300SC;236;54;0.00019804
822;0SC0060300SC;237;54;0.00003703
822;0SC0060300SC;226;55;0.00564346
822;0SC0060300SC;227;55;0.00321224
822;0SC0060300SC;228;55;0.00471452
822;0SC0060300SC;229;55;0.00336650
822;0SC0060300SC;230;55;0.00469091
822;0SC0060300SC;231;55;0.04633063
822;0SC0060300SC;232;55;0.01462222
822;0SC0060300SC;233;55;0.00107912
822;0SC0060300SC;234;55;0.00225056
822;0SC0060300SC;235;55;0.00058936
822;0SC0060300SC;227;56;0.00109910
822;0SC0060300SC;228;56;0.00468488
822;0SC0060300SC;229;56;0.01209641
822;0SC0060300SC;230;56;0.02985247
822;0SC0060300SC;231;56;0.01440178
822;0SC0060300SC;232;56;0.01625752
822;0SC0060300SC;233;56;0.00066513
822;0SC0060300SC;234;56;0.00016385
822;0SC0060300SC;235;56;0.00176095
822;0SC0060300SC;227;57;0.00158639
822;0SC0060300SC;228;57;0.03054938
822;0SC0060300SC;229;57;0.03880926
822;0SC0060300SC;230;57;0.02255255
822;0SC0060300SC;231;57;0.03223259
822;0SC0060300SC;232;57;0.02347220
822;0SC0060300SC;233;57;0.02639072
822;0SC0060300SC;234;57;0.02288980
822;0SC0060300SC;235;57;0.02473031
822;0SC0060300SC;236;57;0.00611684
822;0SC0060300SC;228;58;0.00026609
822;0SC0060300SC;229;58;0.00248660
822;0SC0060300SC;230;58;0.00426627
822;0SC0060300SC;231;58;0.01423778
822;0SC0060300SC;232;58;0.00212955
822;0SC0060300SC;233;58;0.00087949
822;0SC0060300SC;234;58;0.00025524
822;0SC0060300SC;235;58;0.00003407
822;0SC0060300SC;229;59;0.00122042
822;0SC0060300SC;230;59;0.00219804
822;0SC0060300SC;231;59;0.01014591
822;0SC0060300SC;232;59;0.00130785
822;0SC0060300SC;233;59;0.00024693
822;0SV006052TEH;136;218;0.03795008
822;0SV006052TEH;136;219;0.04075276
822;0SV006052TEH;136;220;0.04075280
822;0SV006052TEH;138;220;0.00328860
822;0SV006052TEH;139;220;0.00027178
822;0SV006052TEH;140;220;0.00523344
822;0SV006052TEH;141;220;0.02580560
822;0SV006052TEH;136;221;0.04460661
822;0SV006052TEH;137;221;0.01500357
822;0SV006052TEH;138;221;0.00152697
822;0SV006052TEH;139;221;0.00769181
822;0SV006052TEH;140;221;0.02227748
822;0SV006052TEH;136;222;0.04582226
822;0SV006052TEH;137;222;0.00779266
822;0SV006052TEH;139;222;0.01683772
822;0SV006052TEH;136;223;0.04392774
822;0SV006052TEH;137;223;0.00962321
822;0SV006052TEH;138;223;0.00191599
822;0SV006052TEH;139;223;0.01392910
822;0SV006052TEH;136;224;0.03802818
822;0SV006052TEH;138;224;0.04134479
822;0SV006052TEH;149;224;0.00092053
822;0SV006052TEH;136;225;0.03802818
822;0SV006052TEH;137;225;0.00322721
822;0SV006052TEH;138;225;0.00850650
822;0SV006052TEH;149;225;0.00083324
822;0SV006052TEH;136;226;0.04073595
822;0SV006052TEH;137;226;0.00771543
822;0SV006052TEH;138;226;0.00953016
822;0SV006052TEH;149;226;0.00173516
822;0SV006052TEH;136;227;0.04824926
822;0SV006052TEH;137;227;0.00251742
822;0SV006052TEH;138;227;0.00778759
822;0SV006052TEH;149;227;0.00143023
822;0SV006052TEH;150;227;0.00067104
822;0SV006052TEH;135;228;0.00003211
822;0SV006052TEH;136;228;0.06658263
822;0SV006052TEH;137;228;0.00879770
822;0SV006052TEH;150;228;0.00161845
822;0SV006052TEH;151;228;0.00070481
822;0SV006052TEH;131;229;0.00021491
822;0SV006052TEH;132;229;0.00026071
822;0SV006052TEH;133;229;0.00026071
822;0SV006052TEH;134;229;0.00027020
822;0SV006052TEH;135;229;0.03563127
822;0SV006052TEH;136;229;0.02000796
822;0SV006052TEH;137;229;0.00020201
822;0SV006052TEH;151;229;0.00158468
822;0SV006052TEH;152;229;0.00073858
822;0SV006052TEH;129;230;0.00006994
822;0SV006052TEH;130;230;0.00032057
822;0SV006052TEH;131;230;0.00008230
822;0SV006052TEH;135;230;0.05247387
822;0SV006052TEH;136;230;0.00297208
822;0SV006052TEH;137;230;0.00001789
822;0SV006052TEH;138;230;0.00019019
822;0SV006052TEH;152;230;0.00155091
822;0SV006052TEH;153;230;0.00271569
822;0SV006052TEH;154;230;0.00112783
822;0SV006052TEH;126;231;0.00007326
822;0SV006052TEH;127;231;0.00027439
822;0SV006052TEH;128;231;0.00027439
822;0SV006052TEH;129;231;0.00020603
822;0SV006052TEH;135;231;0.05075080
822;0SV006052TEH;138;231;0.00011117
822;0SV006052TEH;139;231;0.00017438
822;0SV006052TEH;140;231;0.00017355
822;0SV006052TEH;141;231;0.00017355
822;0SV006052TEH;142;231;0.00001290
822;0SV006052TEH;152;231;0.00073337
822;0SV006052TEH;153;231;0.00017450
822;0SV006052TEH;123;232;0.00007816
822;0SV006052TEH;124;232;0.00027439
822;0SV006052TEH;125;232;0.00027439
822;0SV006052TEH;126;232;0.00020114
822;0SV006052TEH;135;232;0.04973219
822;0SV006052TEH;136;232;0.00035594
822;0SV006052TEH;142;232;0.00016065
822;0SV006052TEH;143;232;0.00017355
822;0SV006052TEH;144;232;0.00017355
822;0SV006052TEH;145;232;0.00017355
822;0SV006052TEH;146;232;0.00017243
822;0SV006052TEH;147;232;0.00017133
822;0SV006052TEH;148;232;0.00017133
822;0SV006052TEH;149;232;0.00017887
822;0SV006052TEH;150;232;0.00020173
822;0SV006052TEH;151;232;0.00102296
822;0SV006052TEH;152;232;0.00014758
822;0SV006052TEH;123;233;0.00091625
822;0SV006052TEH;135;233;0.05080083
822;0SV006052TEH;136;233;0.00365043
822;0SV006052TEH;150;233;0.00075373
822;0SV006052TEH;151;233;0.00008936
822;0SV006052TEH;150;234;0.00060685
822;0SV006052TEH;150;235;0.00168748
822;0SV006006COL;133;194;0.00094095
822;0SV006006COL;140;194;0.03400620
822;0SV006006COL;133;195;0.00223356
822;0SV006006COL;139;195;0.03668620
822;0SV006006COL;140;195;0.02846415
822;0SV006006COL;131;196;0.00066449
822;0SV006006COL;132;196;0.00868115
822;0SV006006COL;133;196;0.00259067
822;0SV006006COL;139;196;0.06845925
822;0SV006006COL;140;196;0.00020473
822;0SV006006COL;133;197;0.00662070
822;0SV006006COL;138;197;0.03468031
822;0SV006006COL;139;197;0.03104195
822;0SV006006COL;140;197;0.00178973
822;0SV006006COL;141;197;0.00100336
822;0SV006006COL;142;197;0.00029595
822;0SV006006COL;133;198;0.00662070
822;0SV006006COL;138;198;0.06425937
822;0SV006006COL;142;198;0.00133909
822;0SV006006COL;133;199;0.00633565
822;0SV006006COL;134;199;0.00348817
822;0SV006006COL;137;199;0.02649009
822;0SV006006COL;138;199;0.03727055
822;0SV006006COL;141;199;0.00081495
822;0SV006006COL;142;199;0.00036127
822;0SV006006COL;134;200;0.00475138
822;0SV006006COL;135;200;0.00684791
822;0SV006006COL;136;200;0.00656711
822;0SV006006COL;137;200;0.07051463
822;0SV006006COL;140;200;0.00014356
822;0SV006006COL;141;200;0.01274415
822;0SV006006COL;142;200;0.00995841
822;0SV006006COL;136;201;0.01173829
822;0SV006006COL;137;201;0.06751433
822;0SV006006COL;138;201;0.01079917
822;0SV006006COL;139;201;0.00960594
822;0SV006006COL;140;201;0.00898485
822;0SV006006COL;136;202;0.06547130
822;0SV006006COL;140;202;0.01059836
822;0SV006006COL;136;203;0.06992107
822;0SV006006COL;137;203;0.00837540
822;0SV006006COL;138;203;0.00837540
822;0SV006006COL;139;203;0.01219568
822;0SV006006COL;140;203;0.00592949
822;0SV006006COL;136;204;0.06121377
822;0SV006006COL;139;204;0.00277393
822;0SV006006COL;140;204;0.00166369
822;0SV006006COL;136;205;0.06007785
822;0SV006006COL;140;205;0.00470288
822;0SV006006COL;141;205;0.00068634
822;0SV006006COL;136;206;0.05550379
822;0SV006006COL;140;206;0.00374357
822;0SV006006COL;141;206;0.00032169
822;0SV006006COL;142;206;0.00062279
822;0SV006006COL;140;207;0.00231007
822;SCC0060420SB;194;70;0.01249069
822;SCC0060420SB;195;70;0.00383704
822;SCC0060420SB;185;71;0.00000425
822;SCC0060420SB;186;71;0.00906298
822;SCC0060420SB;187;71;0.00305521
822;SCC0060420SB;188;71;0.00101301
822;SCC0060420SB;189;71;0.03940164
822;SCC0060420SB;190;71;0.05243745
822;SCC0060420SB;191;71;0.03865278
822;SCC0060420SB;192;71;0.03176280
822;SCC0060420SB;193;71;0.03404516
822;SCC0060420SB;194;71;0.02365760
822;SCC0060420SB;195;71;0.00110156
822;SCC0060420SB;175;72;0.00002070
822;SCC0060420SB;180;72;0.00024753
822;SCC0060420SB;181;72;0.00711152
822;SCC0060420SB;182;72;0.00800945
822;SCC0060420SB;183;72;0.00849318
822;SCC0060420SB;184;72;0.00948042
822;SCC0060420SB;185;72;0.01152156
822;SCC0060420SB;186;72;0.02942116
822;SCC0060420SB;187;72;0.05171717
822;SCC0060420SB;188;72;0.06310790
822;SCC0060420SB;189;72;0.04244763
822;SCC0060420SB;190;72;0.00802304
822;SCC0060420SB;191;72;0.00346298
822;SCC0060420SB;192;72;0.00089873
822;SCC0060420SB;193;72;0.00006457
822;SCC0060420SB;175;73;0.00003894
822;SCC0060420SB;176;73;0.00014091
822;SCC0060420SB;177;73;0.00011564
822;SCC0060420SB;178;73;0.01314676
822;SCC0060420SB;179;73;0.00765128
822;SCC0060420SB;180;73;0.00783678
822;SCC0060420SB;181;73;0.00152948
822;SCC0060420SB;183;73;0.00000559
822;SCC0060420SB;184;73;0.00000535
822;SCC0060420SB;186;73;0.00000097
822;SCC0060420SB;187;73;0.00306421
822;SCC0060420SB;188;73;0.00520750
822;SCC0060420SB;189;73;0.00000002
822;SCC0060420SB;190;73;0.00000421
822;SCC0060420SB;191;73;0.00000001
822;SCC0060420SB;173;74;0.00024606
822;SCC0060420SB;174;74;0.00021437
822;SCC0060420SB;175;74;0.00322895
822;SCC0060420SB;176;74;0.00364975
822;SCC0060420SB;177;74;0.00361356
822;SCC0060420SB;178;74;0.00712003
822;SCC0060420SB;179;74;0.00011910
822;SCC0060420SB;181;74;0.00020984
822;SCC0060420SB;182;74;0.00013513
822;SCC0060420SB;183;74;0.00000448
822;SCC0060420SB;184;74;0.00000294
822;SCC0060420SB;185;74;0.00000124
822;SCC0060420SB;186;74;0.00307956
822;SCC0060420SB;187;74;0.00475833
822;SCC0060420SB;188;74;0.00006816
822;SCC0060420SB;189;74;0.00000009
822;SCC0060420SB;171;75;0.00000008
822;SCC0060420SB;172;75;0.00000004
822;SCC0060420SB;173;75;0.00003625
822;SCC0060420SB;174;75;0.00128089
822;SCC0060420SB;175;75;0.00274191
822;SCC0060420SB;178;75;0.00463637
822;SCC0060420SB;179;75;0.00013150
822;SCC0060420SB;180;75;0.00016489
822;SCC0060420SB;181;75;0.00044343
822;SCC0060420SB;183;75;0.00020596
822;SCC0060420SB;184;75;0.00461217
822;SCC0060420SB;185;75;0.00478526
822;SCC0060420SB;186;75;0.00173711
822;SCC0060420SB;187;75;0.00001465
822;SCC0060420SB;188;75;0.00000013
822;SCC0060420SB;189;75;0.00000006
822;SCC0060420SB;171;76;0.00000044
822;SCC0060420SB;172;76;0.00035337
822;SCC0060420SB;173;76;0.00232605
822;SCC0060420SB;174;76;0.00399719
822;SCC0060420SB;175;76;0.00004798
822;SCC0060420SB;176;76;0.00005468
822;SCC0060420SB;177;76;0.00006289
822;SCC0060420SB;178;76;0.00483088
822;SCC0060420SB;179;76;0.00569387
822;SCC0060420SB;180;76;0.00586313
822;SCC0060420SB;181;76;0.00321320
822;SCC0060420SB;182;76;0.00550482
822;SCC0060420SB;183;76;0.00435142
822;SCC0060420SB;171;77;0.00008937
822;SCC0060420SB;172;77;0.00584037
822;SCC0060420SB;173;77;0.00913416
822;SCC0060420SB;174;77;0.00005442
822;SCC0060420SB;175;77;0.00000716
822;SCC0060420SB;176;77;0.00321782
822;SCC0060420SB;177;77;0.00338988
822;SCC0060420SB;178;77;0.00639113
822;SCC0060420SB;179;77;0.00312804
822;SCC0060420SB;180;77;0.00084995
822;SCC0060420SB;181;77;0.00594166
822;SCC0060420SB;182;77;0.00022876
822;SCC0060420SB;183;77;0.00016289
822;SCC0060420SB;184;77;0.00002724
822;SCC0060420SB;170;78;0.00000002
822;SCC0060420SB;171;78;0.00008734
822;SCC0060420SB;172;78;0.01317156
822;SCC0060420SB;173;78;0.00553378
822;SCC0060420SB;174;78;0.00324361
822;SCC0060420SB;175;78;0.00336600
822;SCC0060420SB;176;78;0.00128404
822;SCC0060420SB;178;78;0.00000363
822;SCC0060420SB;179;78;0.00732986
822;SCC0060420SB;180;78;0.00613149
822;SCC0060420SB;181;78;0.00122673
822;SCC0060420SB;182;78;0.00006289
822;SCC0060420SB;184;78;0.00000227
822;SCC0060420SB;185;78;0.00000072
822;SCC0060420SB;170;79;0.00000049
822;SCC0060420SB;171;79;0.00042089
822;SCC0060420SB;172;79;0.00929185
822;SCC0060420SB;173;79;0.00267725
822;SCC0060420SB;176;79;0.00008095
822;SCC0060420SB;177;79;0.00003536
822;SCC0060420SB;178;79;0.00447822
822;SCC0060420SB;179;79;0.00980003
822;SCC0060420SB;180;79;0.00017475
822;SCC0060420SB;184;79;0.00000021
822;SCC0060420SB;185;79;0.00000165
822;SCC0060420SB;170;80;0.00000055
822;SCC0060420SB;171;80;0.00684353
822;SCC0060420SB;172;80;0.00147695
822;SCC0060420SB;173;80;0.00264608
822;SCC0060420SB;174;80;0.00007616
822;SCC0060420SB;175;80;0.00009057
822;SCC0060420SB;176;80;0.00526904
822;SCC0060420SB;177;80;0.00996519
822;SCC0060420SB;178;80;0.00501827
822;SCC0060420SB;179;80;0.00004116
822;SCC0060420SB;180;80;0.00010144
822;SCC0060420SB;181;80;0.00002455
822;SCC0060420SB;182;80;0.00000804
822;SCC0060420SB;183;80;0.00000036
822;SCC0060420SB;184;80;0.00000125
822;SCC0060420SB;185;80;0.00000042
822;SCC0060420SB;170;81;0.00003936
822;SCC0060420SB;171;81;0.00366076
822;SCC0060420SB;172;81;0.00661739
822;SCC0060420SB;173;81;0.00282554
822;SCC0060420SB;174;81;0.00003423
822;SCC0060420SB;175;81;0.00413674
822;SCC0060420SB;176;81;0.00846320
822;SCC0060420SB;177;81;0.00002446
822;SCC0060420SB;179;81;0.00010178
822;SCC0060420SB;180;81;0.00003798
822;SCC0060420SB;195;81;0.00007427
822;SCC0060420SB;171;82;0.00008341
822;SCC0060420SB;173;82;0.00760956
822;SCC0060420SB;174;82;0.00017627
822;SCC0060420SB;175;82;0.01101831
822;SCC0060420SB;176;82;0.00000185
822;SCC0060420SB;177;82;0.00003529
822;SCC0060420SB;178;82;0.00001970
822;SCC0060420SB;179;82;0.00000228
822;SCC0060420SB;193;82;0.00000001
822;SCC0060420SB;195;82;0.00004634
822;SCC0060420SB;171;83;0.00013405
822;SCC0060420SB;172;83;0.00038443
822;SCC0060420SB;173;83;0.01133993
822;SCC0060420SB;174;83;0.01289512
822;SCC0060420SB;175;83;0.00018818
822;SCC0060420SB;176;83;0.00017937
822;SCC0060420SB;177;83;0.00022064
822;SCC0060420SB;193;83;0.00000003
822;SCC0060420SB;194;83;0.00005913
822;SCC0060420SB;195;83;0.00001419
822;SCC0060420SB;171;84;0.00115548
822;SCC0060420SB;172;84;0.00229549
822;SCC0060420SB;173;84;0.03062716
822;SCC0060420SB;174;84;0.00520650
822;SCC0060420SB;175;84;0.00020316
822;SCC0060420SB;176;84;0.00058584
822;SCC0060420SB;177;84;0.00037323
822;SCC0060420SB;178;84;0.00001482
822;SCC0060420SB;190;84;0.00000029
822;SCC0060420SB;191;84;0.00000163
822;SCC0060420SB;192;84;0.00004360
822;SCC0060420SB;193;84;0.00000002
822;SCC0060420SB;194;84;0.00008106
822;SCC0060420SB;170;85;0.00115850
822;SCC0060420SB;171;85;0.00041180
822;SCC0060420SB;172;85;0.00400903
822;SCC0060420SB;173;85;0.05107744
822;SCC0060420SB;174;85;0.00083537
822;SCC0060420SB;175;85;0.00045820
822;SCC0060420SB;176;85;0.00002491
822;SCC0060420SB;178;85;0.00000425
822;SCC0060420SB;190;85;0.00004691
822;SCC0060420SB;191;85;0.00015900
822;SCC0060420SB;192;85;0.00017934
822;SCC0060420SB;170;86;0.00451473
822;SCC0060420SB;171;86;0.00373031
822;SCC0060420SB;172;86;0.00374774
822;SCC0060420SB;173;86;0.05114730
822;SCC0060420SB;174;86;0.00114895
822;SCC0060420SB;178;86;0.00001987
822;SCC0060420SB;186;86;0.00000118
822;SCC0060420SB;188;86;0.00009178
822;SCC0060420SB;189;86;0.00039447
822;SCC0060420SB;190;86;0.00031638
822;SCC0060420SB;191;86;0.00011083
822;SCC0060420SB;171;87;0.00000061
822;SCC0060420SB;173;87;0.00822976
822;SCC0060420SB;178;87;0.00001456
822;SCC0060420SB;186;87;0.00012781
822;SCC0060420SB;187;87;0.00025400
822;SCC0060420SB;188;87;0.00015955
822;SCC0060420SB;177;88;0.00002170
822;SCC0060420SB;178;88;0.00036951
822;SCC0060420SB;179;88;0.00009714
822;SCC0060420SB;185;88;0.00007721
822;SCC0060420SB;186;88;0.00016287
822;SCC0060420SB;179;89;0.00029678
822;SCC0060420SB;179;90;0.00000931
822;SCC0060420SB;180;90;0.00023642
822;SCC0060420SB;181;90;0.00007080
822;GBV006026GBU;212;155;0.02917519
822;GBV006026GBU;213;155;0.00407291
822;GBV006026GBU;218;155;0.00147266
822;GBV006026GBU;212;156;0.03509438
822;GBV006026GBU;217;156;0.00162998
822;GBV006026GBU;218;156;0.00016121
822;GBV006026GBU;210;157;0.01325596
822;GBV006026GBU;211;157;0.02997092
822;GBV006026GBU;212;157;0.00473733
822;GBV006026GBU;217;157;0.00179120
822;GBV006026GBU;207;158;0.00423421
822;GBV006026GBU;208;158;0.02251163
822;GBV006026GBU;209;158;0.02251163
822;GBV006026GBU;210;158;0.00925567
822;GBV006026GBU;217;158;0.00179120
822;GBV006026GBU;204;159;0.00001962
822;GBV006026GBU;205;159;0.01074025
822;GBV006026GBU;206;159;0.02251163
822;GBV006026GBU;207;159;0.01827742
822;GBV006026GBU;216;159;0.00131396
822;GBV006026GBU;217;159;0.00047724
822;GBV006026GBU;205;160;0.01899530
822;GBV006026GBU;216;160;0.00179120
822;GBV006026GBU;204;161;0.01907840
822;GBV006026GBU;205;161;0.00775868
822;GBV006026GBU;216;161;0.00179120
822;GBV006026GBU;203;162;0.00678405
822;GBV006026GBU;204;162;0.02154370
822;GBV006026GBU;215;162;0.00099794
822;GBV006026GBU;216;162;0.00079326
822;GBV006026GBU;203;163;0.02832775
822;GBV006026GBU;213;163;0.00190663
822;GBV006026GBU;214;163;0.00006342
822;GBV006026GBU;215;163;0.00179120
822;GBV006026GBU;202;164;0.02034164
822;GBV006026GBU;203;164;0.00551030
822;GBV006026GBU;212;164;0.00186320
822;GBV006026GBU;213;164;0.00186269
822;GBV006026GBU;214;164;0.00312412
822;GBV006026GBU;215;164;0.00339027
822;GBV006026GBU;202;165;0.02498670
822;GBV006026GBU;211;165;0.00151034
822;GBV006026GBU;212;165;0.00221556
822;GBV006026GBU;215;165;0.00448839
822;GBV006026GBU;198;166;0.00101744
822;GBV006026GBU;201;166;0.00663459
822;GBV006026GBU;202;166;0.02214247
822;GBV006026GBU;203;166;0.00277349
822;GBV006026GBU;204;166;0.00277349
822;GBV006026GBU;205;166;0.00277349
822;GBV006026GBU;206;166;0.00277349
822;GBV006026GBU;207;166;0.00009536
822;GBV006026GBU;210;166;0.00115747
822;GBV006026GBU;211;166;0.00256843
822;GBV006026GBU;215;166;0.00502037
822;GBV006026GBU;216;166;0.00044609
822;GBV006026GBU;198;167;0.00133895
822;GBV006026GBU;199;167;0.00473221
822;GBV006026GBU;200;167;0.00473221
822;GBV006026GBU;201;167;0.03005817
822;GBV006026GBU;207;167;0.00267813
822;GBV006026GBU;208;167;0.00277349
822;GBV006026GBU;209;167;0.00277349
822;GBV006026GBU;210;167;0.00246995
822;GBV006026GBU;216;167;0.00006354
822;GBV006026GBU;201;168;0.01968485
822;GBV006026GBU;200;169;0.01099964
822;GBV006026GBU;201;169;0.00858725
822;GBV006026GBU;200;170;0.01905089
822;GBV006026GBU;201;170;0.00005588
822;GBV006026GBU;200;171;0.01849413
822;GBV006026GBU;201;171;0.00002541
822;GBV006026GBU;202;171;0.00008129
822;GBV006026GBU;203;171;0.00008033
822;GBV006026GBU;199;172;0.00558562
822;GBV006026GBU;200;172;0.01290395
822;GBV006026GBU;203;172;0.00000097
822;GBV006026GBU;204;172;0.00008129
822;GBV006026GBU;205;172;0.00008129
822;GBV006026GBU;206;172;0.00002348
822;GBV006026GBU;199;173;0.01848957
822;GBV006026GBU;206;173;0.00005782
822;GBV006026GBU;207;173;0.00008129
822;GBV006026GBU;208;173;0.00001777
822;GBV006026GBU;199;174;0.01846247
822;GBV006026GBU;199;175;0.01852479
822;GBV006026GBU;197;176;0.01020384
822;GBV006026GBU;198;176;0.02185433
822;GBV006026GBU;199;176;0.00773139
822;GBV006026GBU;197;177;0.02115114
822;GBV006026GBU;199;177;0.00038662
822;GBV006026GBU;190;178;0.00381875
822;GBV006026GBU;191;178;0.00568112
822;GBV006026GBU;192;178;0.00568571
822;GBV006026GBU;193;178;0.00569160
822;GBV006026GBU;194;178;0.02056887
822;GBV006026GBU;195;178;0.01898708
822;GBV006026GBU;196;178;0.02021233
822;GBV006026GBU;197;178;0.01144805
822;GBV006026GBU;199;178;0.00038662
822;GBV006026GBU;193;179;0.00072492
822;GBV006026GBU;194;179;0.01712226
822;GBV006026GBU;199;179;0.00013027
822;GBV006026GBU;200;179;0.00025635
822;GBV006026GBU;193;180;0.01784718
822;GBV006026GBU;200;180;0.00024723
822;GBV006026GBU;193;181;0.01784927
822;GBV006026GBU;193;182;0.01785160
822;GBV006026GBU;193;183;0.01785160
822;GBV006026GBU;192;184;0.00986369
822;GBV006026GBU;193;184;0.00798791
822;GBV006026GBU;192;185;0.01785160
822;GBV006026GBU;191;186;0.00075268
822;GBV006026GBU;192;186;0.02540738
822;GBV006026GBU;191;187;0.01974035
822;GBV006026GBU;192;187;0.00561984
822;NCC006027MBU;162;109;0.00000709
822;NCC006027MBU;166;109;0.00226907
822;NCC006027MBU;151;110;0.00015266
822;NCC006027MBU;152;110;0.00030898
822;NCC006027MBU;165;110;0.00569435
822;NCC006027MBU;166;110;0.00660875
822;NCC006027MBU;169;110;0.00000017
822;NCC006027MBU;170;110;0.00000011
822;NCC006027MBU;150;111;0.00021552
822;NCC006027MBU;151;111;0.00041005
822;NCC006027MBU;162;111;0.00015034
822;NCC006027MBU;163;111;0.00027120
822;NCC006027MBU;164;111;0.00794432
822;NCC006027MBU;165;111;0.00211963
822;NCC006027MBU;166;111;0.00011212
822;NCC006027MBU;170;111;0.00000108
822;NCC006027MBU;173;111;0.00003401
822;NCC006027MBU;150;112;0.00051572
822;NCC006027MBU;159;112;0.00001436
822;NCC006027MBU;160;112;0.00006725
822;NCC006027MBU;161;112;0.00006126
822;NCC006027MBU;162;112;0.00002635
822;NCC006027MBU;163;112;0.00260855
822;NCC006027MBU;164;112;0.00614924
822;NCC006027MBU;166;112;0.00003020
822;NCC006027MBU;167;112;0.00011776
822;NCC006027MBU;168;112;0.00000626
822;NCC006027MBU;170;112;0.00000038
822;NCC006027MBU;171;112;0.00003897
822;NCC006027MBU;172;112;0.00014114
822;NCC006027MBU;173;112;0.00005936
822;NCC006027MBU;150;113;0.00050485
822;NCC006027MBU;154;113;0.00002586
822;NCC006027MBU;157;113;0.00005001
822;NCC006027MBU;158;113;0.00010797
822;NCC006027MBU;159;113;0.00006816
822;NCC006027MBU;163;113;0.00810461
822;NCC006027MBU;168;113;0.00003503
822;NCC006027MBU;169;113;0.00000401
822;NCC006027MBU;170;113;0.00003832
822;NCC006027MBU;171;113;0.00013158
822;NCC006027MBU;149;114;0.00008368
822;NCC006027MBU;150;114;0.00065467
822;NCC006027MBU;152;114;0.00002821
822;NCC006027MBU;153;114;0.00004895
822;NCC006027MBU;154;114;0.00001561
822;NCC006027MBU;155;114;0.00006843
822;NCC006027MBU;156;114;0.00001909
822;NCC006027MBU;157;114;0.00003627
822;NCC006027MBU;159;114;0.00002749
822;NCC006027MBU;160;114;0.00001898
822;NCC006027MBU;161;114;0.00001601
822;NCC006027MBU;162;114;0.00246274
822;NCC006027MBU;163;114;0.00545806
822;NCC006027MBU;168;114;0.00000017
822;NCC006027MBU;169;114;0.00003206
822;NCC006027MBU;170;114;0.00016474
822;NCC006027MBU;148;115;0.00055437
822;NCC006027MBU;149;115;0.00024289
822;NCC006027MBU;150;115;0.00001937
822;NCC006027MBU;151;115;0.00006833
822;NCC006027MBU;152;115;0.00002868
822;NCC006027MBU;154;115;0.00000011
822;NCC006027MBU;155;115;0.00002369
822;NCC006027MBU;156;115;0.00000240
822;NCC006027MBU;157;115;0.00003384
822;NCC006027MBU;159;115;0.00002429
822;NCC006027MBU;161;115;0.00029300
822;NCC006027MBU;162;115;0.00954571
822;NCC006027MBU;163;115;0.00028608
822;NCC006027MBU;168;115;0.00000018
822;NCC006027MBU;169;115;0.00014064
822;NCC006027MBU;170;115;0.00005760
822;NCC006027MBU;147;116;0.00005071
822;NCC006027MBU;148;116;0.00041120
822;NCC006027MBU;152;116;0.00000017
822;NCC006027MBU;153;116;0.00001457
822;NCC006027MBU;154;116;0.00007441
822;NCC006027MBU;155;116;0.00000263
822;NCC006027MBU;156;116;0.00020376
822;NCC006027MBU;157;116;0.00008942
822;NCC006027MBU;159;116;0.00002182
822;NCC006027MBU;160;116;0.00011727
822;NCC006027MBU;161;116;0.01018473
822;NCC006027MBU;162;116;0.00001067
822;NCC006027MBU;168;116;0.00009488
822;NCC006027MBU;169;116;0.00005952
822;NCC006027MBU;147;117;0.00067255
822;NCC006027MBU;150;117;0.00000012
822;NCC006027MBU;151;117;0.00000073
822;NCC006027MBU;152;117;0.00000049
822;NCC006027MBU;154;117;0.00001611
822;NCC006027MBU;155;117;0.00013905
822;NCC006027MBU;157;117;0.00033166
822;NCC006027MBU;158;117;0.00010793
822;NCC006027MBU;159;117;0.00005703
822;NCC006027MBU;160;117;0.00938842
822;NCC006027MBU;161;117;0.00009092
822;NCC006027MBU;162;117;0.00001878
822;NCC006027MBU;163;117;0.00000730
822;NCC006027MBU;167;117;0.00012121
822;NCC006027MBU;168;117;0.00006594
822;NCC006027MBU;146;118;0.00048191
822;NCC006027MBU;147;118;0.00032977
822;NCC006027MBU;150;118;0.00000128
822;NCC006027MBU;154;118;0.00000008
822;NCC006027MBU;155;118;0.00005561
822;NCC006027MBU;156;118;0.00007159
822;NCC006027MBU;158;118;0.00025067
822;NCC006027MBU;160;118;0.00981116
822;NCC006027MBU;161;118;0.00025077
822;NCC006027MBU;162;118;0.00040101
822;NCC006027MBU;163;118;0.00000603
822;NCC006027MBU;166;118;0.00015992
822;NCC006027MBU;167;118;0.00000016
822;NCC006027MBU;145;119;0.00030766
822;NCC006027MBU;146;119;0.00054791
822;NCC006027MBU;147;119;0.00052752
822;NCC006027MBU;150;119;0.00000087
822;NCC006027MBU;154;119;0.00000023
822;NCC006027MBU;156;119;0.00000942
822;NCC006027MBU;157;119;0.00037689
822;NCC006027MBU;158;119;0.00037338
822;NCC006027MBU;159;119;0.00864768
822;NCC006027MBU;160;119;0.00091860
822;NCC006027MBU;161;119;0.00039651
822;NCC006027MBU;162;119;0.00018058
822;NCC006027MBU;163;119;0.00059734
822;NCC006027MBU;164;119;0.00077851
822;NCC006027MBU;165;119;0.00024872
822;NCC006027MBU;166;119;0.00010811
822;NCC006027MBU;167;119;0.00009245
822;NCC006027MBU;144;120;0.00043037
822;NCC006027MBU;145;120;0.00130712
822;NCC006027MBU;146;120;0.00083642
822;NCC006027MBU;150;120;0.00000135
822;NCC006027MBU;154;120;0.00000023
822;NCC006027MBU;157;120;0.01240849
822;NCC006027MBU;158;120;0.01024204
822;NCC006027MBU;159;120;0.00366076
822;NCC006027MBU;163;120;0.00008088
822;NCC006027MBU;164;120;0.00019763
822;NCC006027MBU;165;120;0.00046770
822;NCC006027MBU;166;120;0.00047494
822;NCC006027MBU;167;120;0.00024117
822;NCC006027MBU;143;121;0.00052997
822;NCC006027MBU;144;121;0.00190695
822;NCC006027MBU;145;121;0.00025435
822;NCC006027MBU;150;121;0.00000094
822;NCC006027MBU;151;121;0.00015934
822;NCC006027MBU;154;121;0.00000021
822;NCC006027MBU;157;121;0.00973798
822;NCC006027MBU;158;121;0.00043731
822;NCC006027MBU;159;121;0.00007524
822;NCC006027MBU;160;121;0.00003491
822;NCC006027MBU;161;121;0.00000467
822;NCC006027MBU;162;121;0.00007287
822;NCC006027MBU;163;121;0.00011405
822;NCC006027MBU;142;122;0.00165296
822;NCC006027MBU;143;122;0.00184314
822;NCC006027MBU;150;122;0.00001039
822;NCC006027MBU;151;122;0.00007535
822;NCC006027MBU;152;122;0.00024066
822;NCC006027MBU;153;122;0.00027307
822;NCC006027MBU;154;122;0.00020868
822;NCC006027MBU;155;122;0.00019483
822;NCC006027MBU;156;122;0.00884480
822;NCC006027MBU;157;122;0.00382760
822;NCC006027MBU;159;122;0.00011151
822;NCC006027MBU;161;122;0.00000286
822;NCC006027MBU;162;122;0.00016001
822;NCC006027MBU;163;122;0.00001437
822;NCC006027MBU;164;122;0.00000617
822;NCC006027MBU;141;123;0.00191230
822;NCC006027MBU;142;123;0.00052645
822;NCC006027MBU;150;123;0.00003028
822;NCC006027MBU;154;123;0.00015650
822;NCC006027MBU;155;123;0.01044223
822;NCC006027MBU;156;123;0.00485713
822;NCC006027MBU;157;123;0.00023494
822;NCC006027MBU;159;123;0.00000694
822;NCC006027MBU;160;123;0.00002269
822;NCC006027MBU;162;123;0.00001227
822;NCC006027MBU;163;123;0.00000338
822;NCC006027MBU;141;124;0.00245796
822;NCC006027MBU;148;124;0.00000533
822;NCC006027MBU;149;124;0.00002873
822;NCC006027MBU;150;124;0.00000693
822;NCC006027MBU;153;124;0.00002916
822;NCC006027MBU;154;124;0.00361484
822;NCC006027MBU;155;124;0.01081495
822;NCC006027MBU;156;124;0.00040619
822;NCC006027MBU;141;125;0.00204216
822;NCC006027MBU;148;125;0.00005444
822;NCC006027MBU;152;125;0.00000433
822;NCC006027MBU;153;125;0.00062125
822;NCC006027MBU;154;125;0.01391072
822;NCC006027MBU;155;125;0.00002363
822;NCC006027MBU;140;126;0.00033707
822;NCC006027MBU;141;126;0.00245202
822;NCC006027MBU;143;126;0.00004044
822;NCC006027MBU;144;126;0.00000443
822;NCC006027MBU;147;126;0.00030154
822;NCC006027MBU;148;126;0.00006272
822;NCC006027MBU;151;126;0.00002074
822;NCC006027MBU;152;126;0.00004747
822;NCC006027MBU;153;126;0.01333236
822;NCC006027MBU;154;126;0.00446769
822;NCC006027MBU;155;126;0.00019695
822;NCC006027MBU;156;126;0.00005509
822;NCC006027MBU;140;127;0.00260372
822;NCC006027MBU;143;127;0.00006061
822;NCC006027MBU;145;127;0.00084092
822;NCC006027MBU;146;127;0.00055454
822;NCC006027MBU;147;127;0.00002495
822;NCC006027MBU;150;127;0.00007496
822;NCC006027MBU;151;127;0.00008701
822;NCC006027MBU;152;127;0.01464919
822;NCC006027MBU;153;127;0.00482185
822;NCC006027MBU;156;127;0.00007044
822;NCC006027MBU;140;128;0.00269126
822;NCC006027MBU;143;128;0.00007737
822;NCC006027MBU;144;128;0.00400439
822;NCC006027MBU;145;128;0.00044674
822;NCC006027MBU;149;128;0.00000069
822;NCC006027MBU;150;128;0.00012697
822;NCC006027MBU;151;128;0.01472369
822;NCC006027MBU;152;128;0.00120836
822;NCC006027MBU;156;128;0.00001299
822;NCC006027MBU;140;129;0.00218811
822;NCC006027MBU;141;129;0.00781272
822;NCC006027MBU;142;129;0.00384969
822;NCC006027MBU;143;129;0.00257029
822;NCC006027MBU;144;129;0.00334120
822;NCC006027MBU;146;129;0.00019550
822;NCC006027MBU;149;129;0.00000207
822;NCC006027MBU;150;129;0.01649125
822;NCC006027MBU;151;129;0.00788230
822;NCC006027MBU;152;129;0.00011409
822;NCC006027MBU;140;130;0.00293301
822;NCC006027MBU;141;130;0.02456613
822;NCC006027MBU;142;130;0.00746173
822;NCC006027MBU;143;130;0.01014209
822;NCC006027MBU;144;130;0.01052923
822;NCC006027MBU;145;130;0.00699235
822;NCC006027MBU;146;130;0.00003656
822;NCC006027MBU;147;130;0.00014149
822;NCC006027MBU;148;130;0.00008857
822;NCC006027MBU;149;130;0.01525123
822;NCC006027MBU;150;130;0.00342271
822;NCC006027MBU;151;130;0.00000660
822;NCC006027MBU;152;130;0.00004024
822;NCC006027MBU;140;131;0.00572437
822;NCC006027MBU;141;131;0.02543459
822;NCC006027MBU;142;131;0.03625923
822;NCC006027MBU;143;131;0.00138821
822;NCC006027MBU;145;131;0.00647632
822;NCC006027MBU;146;131;0.00630455
822;NCC006027MBU;147;131;0.00173183
822;NCC006027MBU;148;131;0.01349021
822;NCC006027MBU;149;131;0.00774480
822;NCC006027MBU;150;131;0.00002765
822;NCC006027MBU;140;132;0.00033500
822;NCC006027MBU;141;132;0.00030630
822;NCC006027MBU;142;132;0.01198068
822;NCC006027MBU;143;132;0.02029273
822;NCC006027MBU;144;132;0.00058100
822;NCC006027MBU;145;132;0.00202185
822;NCC006027MBU;146;132;0.01397052
822;NCC006027MBU;147;132;0.01856850
822;NCC006027MBU;148;132;0.00782737
822;NCC006027MBU;149;132;0.00021127
822;NCC006027MBU;143;133;0.02653270
822;NCC006027MBU;144;133;0.00979358
822;NCC006027MBU;145;133;0.00912208
822;NCC006027MBU;146;133;0.04053938
822;NCC006027MBU;147;133;0.03577430
822;NCC006027MBU;148;133;0.00172067
822;NCC006027MBU;149;133;0.00010265
822;NCC006027MBU;143;134;0.01669341
822;NCC006027MBU;144;134;0.00340140
822;NCC006027MBU;145;134;0.00907521
822;NCC006027MBU;146;134;0.02768967
822;NCC006027MBU;147;134;0.00532079
822;NCC006027MBU;148;134;0.00043332
822;NCC006027MBU;144;135;0.02818322
822;NCC006027MBU;145;135;0.00699982
822;NCC006027MBU;146;135;0.02032651
822;NCC006027MBU;147;135;0.00091874
822;NCC006027MBU;148;135;0.00008405
822;NCC006027MBU;143;136;0.00001679
822;NCC006027MBU;144;136;0.01822792
822;NCC006027MBU;145;136;0.00882567
822;NCC006027MBU;146;136;0.03112834
822;NCC006027MBU;147;136;0.00394808
822;NCC006027MBU;148;136;0.00024554
822;NCC006027MBU;144;137;0.01699067
822;NCC006027MBU;145;137;0.00036779
822;NCC006027MBU;146;137;0.00403391
822;NCC006027MBU;147;137;0.02384616
822;NCC006027MBU;148;137;0.00005990
822;NCC006027MBU;144;138;0.01984586
822;NCC006027MBU;145;138;0.00518097
822;NCC006027MBU;146;138;0.00553524
822;NCC006027MBU;147;138;0.00881652
822;NCC006027MBU;144;139;0.00357234
822;NCC006027MBU;145;139;0.00200011
822;NCC006027MBU;146;139;0.00211780
822;NCC006027MBU;147;139;0.00007428
822;0SV006031PLA;153;188;0.00257111
822;0SV006031PLA;154;188;0.00218221
822;0SV006031PLA;155;188;0.04956048
822;0SV006031PLA;156;188;0.01343366
822;0SV006031PLA;157;188;0.01053427
822;0SV006031PLA;151;189;0.00162264
822;0SV006031PLA;152;189;0.00208305
822;0SV006031PLA;153;189;0.01927886
822;0SV006031PLA;154;189;0.02225761
822;0SV006031PLA;155;189;0.11125250
822;0SV006031PLA;156;189;0.07666957
822;0SV006031PLA;157;189;0.02005980
822;0SV006031PLA;158;189;0.00244016
822;0SV006031PLA;151;190;0.00007632
822;0SV006031PLA;153;190;0.00786332
822;0SV006031PLA;154;190;0.01980606
822;0SV006031PLA;155;190;0.08948542
822;0SV006031PLA;156;190;0.07303010
822;0SV006031PLA;157;190;0.02562139
822;0SV006031PLA;158;190;0.00341577
822;0SV006031PLA;151;191;0.00011738
822;0SV006031PLA;152;191;0.00017109
822;0SV006031PLA;153;191;0.00015005
822;0SV006031PLA;154;191;0.00752288
822;0SV006031PLA;155;191;0.04497728
822;0SV006031PLA;156;191;0.00807164
822;0SV006031PLA;157;191;0.05178564
822;0SV006031PLA;158;191;0.01388245
822;0SV006031PLA;159;191;0.00036049
822;0SV006031PLA;151;192;0.00007910
822;0SV006031PLA;152;192;0.00022468
822;0SV006031PLA;153;192;0.00062540
822;0SV006031PLA;154;192;0.01076631
822;0SV006031PLA;155;192;0.03439075
822;0SV006031PLA;156;192;0.00564574
822;0SV006031PLA;157;192;0.00337231
822;0SV006031PLA;158;192;0.05363630
822;0SV006031PLA;159;192;0.01333984
822;0SV006031PLA;151;193;0.00011384
822;0SV006031PLA;152;193;0.00030234
822;0SV006031PLA;153;193;0.00970376
822;0SV006031PLA;154;193;0.00879674
822;0SV006031PLA;155;193;0.00913692
822;0SV006031PLA;156;193;0.00394727
822;0SV006031PLA;157;193;0.00273954
822;0SV006031PLA;159;193;0.04867736
822;0SV006031PLA;160;193;0.01418665
822;0SV006031PLA;153;194;0.00905069
822;0SV006031PLA;154;194;0.00332672
822;0SV006031PLA;155;194;0.00147197
822;0SV006031PLA;156;194;0.00046201
822;0SV006031PLA;157;194;0.00129625
822;0SV006031PLA;158;194;0.00158006
822;0SV006031PLA;159;194;0.01785568
822;0SV006031PLA;160;194;0.02807311
822;0SV006031PLA;152;195;0.00009232
822;0SV006031PLA;153;195;0.01521971
822;0SV006031PLA;154;195;0.00004644
822;0SV006031PLA;155;195;0.00036545
822;0SV006031PLA;158;195;0.00052051
822;0SV006031PLA;159;195;0.00827895
822;0SV006031PLA;160;195;0.00516082
822;0SV006031PLA;152;196;0.00144370
822;0SV006031PLA;153;196;0.00323829
822;0SV006031PLA;154;196;0.00026366
822;0SV006031PLA;155;196;0.00007670
822;0SV006031PLA;159;196;0.00216232
822;0SV006031PLA;154;197;0.00002442
822;0SV006031PLA;155;197;0.00002214
822;0MC006003AMA;161;175;0.00003137
822;0MC006003AMA;160;176;0.00034567
822;0MC006003AMA;161;176;0.03074045
822;0MC006003AMA;161;177;0.03235341
822;0MC006003AMA;162;177;0.06594063
822;0MC006003AMA;163;177;0.00535859
822;0MC006003AMA;166;177;0.00097214
822;0MC006003AMA;167;177;0.01460890
822;0MC006003AMA;162;178;0.03526994
822;0MC006003AMA;163;178;0.02406899
822;0MC006003AMA;164;178;0.02761366
822;0MC006003AMA;165;178;0.04025006
822;0MC006003AMA;166;178;0.05853488
822;0MC006003AMA;160;179;0.00193339
822;0MC006003AMA;161;179;0.01081435
822;0MC006003AMA;162;179;0.00055242
822;0MC006003AMA;163;179;0.01517126
822;0MC006003AMA;165;179;0.05436417
822;0MC006003AMA;166;179;0.00278529
822;0MC006003AMA;167;179;0.03494583
822;0MC006003AMA;168;179;0.01369882
822;0MC006003AMA;169;179;0.00483808
822;0MC006003AMA;163;180;0.01359067
822;0MC006003AMA;164;180;0.01583129
822;0MC006003AMA;165;180;0.02868483
822;0MC006003AMA;168;180;0.03067007
822;0MC006003AMA;169;180;0.02315740
822;0MC006003AMA;170;180;0.01283761
822;0MC006003AMA;171;180;0.00057147
822;0MC006003AMA;161;181;0.04285172
822;0MC006003AMA;162;181;0.04040325
822;0MC006003AMA;163;181;0.05234010
822;0MC006003AMA;164;181;0.05615900
822;0MC006003AMA;170;181;0.00086983
822;0MC006003AMA;171;181;0.00546176
822;0MC006003AMA;160;182;0.00922407
822;0MC006003AMA;161;182;0.01380184
822;0MC006003AMA;162;182;0.01991714
822;0MC006003AMA;163;182;0.00124230
822;0MC006003AMA;164;182;0.02724655
822;0MC006003AMA;165;182;0.00470126
822;0MC006003AMA;171;182;0.00056674
822;0MC006003AMA;172;182;0.00676244
822;0MC006003AMA;162;183;0.02233302
822;0MC006003AMA;164;183;0.01950324
822;0MC006003AMA;165;183;0.00799638
822;0MC006003AMA;166;183;0.00886583
822;0MC006003AMA;172;183;0.00096077
822;0MC006003AMA;173;183;0.01063729
822;0MC006003AMA;174;183;0.00767856
822;0MC006003AMA;175;183;0.00529692
822;0MC006003AMA;176;183;0.00006599
822;0MC006003AMA;164;184;0.00057527
822;0MC006003AMA;176;184;0.00619709
822;0MC006003AMA;177;184;0.00625382
822;0MC006003AMA;177;185;0.00380822
822;0MC006003AMA;178;185;0.00044029
822;0MC006003AMA;178;186;0.00523565
822;0MC006003AMA;179;186;0.00397555
822;0MC006003AMA;179;187;0.00095166
822;0MC006003AMA;180;187;0.00306097
822;0MC006003AMA;180;188;0.00407984
822;0MC006005CAL;169;166;0.00112351
822;0MC006005CAL;170;166;0.00896321
822;0MC006005CAL;166;167;0.02206177
822;0MC006005CAL;167;167;0.01147710
822;0MC006005CAL;169;167;0.01211284
822;0MC006005CAL;167;168;0.01521898
822;0MC006005CAL;168;168;0.03173573
822;0MC006005CAL;169;168;0.00652585
822;0MC006005CAL;168;169;0.01668341
822;0MC006005CAL;171;169;0.02607443
822;0MC006005CAL;172;169;0.00173233
822;0MC006005CAL;168;170;0.00876122
822;0MC006005CAL;169;170;0.03856004
822;0MC006005CAL;170;170;0.00430628
822;0MC006005CAL;171;170;0.03666129
822;0MC006005CAL;162;171;0.06559902
822;0MC006005CAL;163;171;0.03364772
822;0MC006005CAL;169;171;0.00464547
822;0MC006005CAL;170;171;0.07044698
822;0MC006005CAL;171;171;0.01509579
822;0MC006005CAL;172;171;0.01099865
822;0MC006005CAL;163;172;0.04514101
822;0MC006005CAL;164;172;0.00065846
822;0MC006005CAL;168;172;0.00044120
822;0MC006005CAL;169;172;0.04035011
822;0MC006005CAL;172;172;0.00391979
822;0MC006005CAL;173;172;0.01013081
822;0MC006005CAL;164;173;0.03163679
822;0MC006005CAL;168;173;0.03483945
822;0MC006005CAL;173;173;0.01567362
822;0MC006005CAL;174;173;0.00103329
822;0MC006005CAL;161;174;0.04260563
822;0MC006005CAL;162;174;0.02108835
822;0MC006005CAL;163;174;0.01866040
822;0MC006005CAL;164;174;0.02329337
822;0MC006005CAL;165;174;0.03644867
822;0MC006005CAL;166;174;0.03698182
822;0MC006005CAL;167;174;0.04079255
822;0MC006005CAL;168;174;0.02334386
822;0MC006005CAL;174;174;0.01670690
822;0MC006005CAL;166;175;0.00746353
822;0MC006005CAL;167;175;0.01092893
822;0MC006005CAL;174;175;0.00646335
822;0MC006005CAL;175;175;0.00421825
822;0MC006005CAL;167;176;0.01839246
822;0MC006005CAL;175;176;0.00208956
822;0MC006005CAL;176;176;0.00081587
822;0MC006005CAL;167;177;0.02367008
822;0MC006005CAL;168;177;0.00301051
822;0MC006005CAL;176;177;0.00182723
822;0MC006005CAL;177;177;0.00100700
822;0MC006005CAL;168;178;0.00027819
822;0MC006005CAL;169;178;0.00328870
822;0MC006005CAL;170;178;0.00133028
822;0MC006005CAL;177;178;0.00163611
822;0MC006005CAL;178;178;0.00169393
822;0MC006005CAL;170;179;0.00195841
822;0MC006005CAL;171;179;0.00480930
822;0MC006005CAL;178;179;0.00277770
822;0MC006005CAL;179;179;0.00246081
822;0MC006005CAL;171;180;0.00584707
822;0MC006005CAL;179;180;0.00256373
822;0MC006005CAL;180;180;0.00267479
822;0MC006005CAL;180;181;0.00234975
822;0MC006005CAL;181;181;0.00026677
822;0SS006013IMP;273;25;0.00187502
822;0SS006013IMP;273;26;0.01256496
822;0SS006013IMP;274;26;0.00475904
822;0SS006013IMP;278;26;0.00000446
822;0SS006013IMP;279;26;0.00002912
822;0SS006013IMP;273;27;0.00102450
822;0SS006013IMP;274;27;0.01467879
822;0SS006013IMP;278;27;0.00000150
822;0SS006013IMP;279;27;0.00000147
822;0SS006013IMP;280;27;0.00003046
822;0SS006013IMP;281;27;0.00003046
822;0SS006013IMP;282;27;0.00003037
822;0SS006013IMP;283;27;0.00002813
822;0SS006013IMP;284;27;0.00014488
822;0SS006013IMP;285;27;0.00032727
822;0SS006013IMP;286;27;0.00054180
822;0SS006013IMP;287;27;0.00478237
822;0SS006013IMP;288;27;0.00114875
822;0SS006013IMP;289;27;0.00023456
822;0SS006013IMP;290;27;0.00020308
822;0SS006013IMP;274;28;0.00500986
822;0SS006013IMP;275;28;0.01388223
822;0SS006013IMP;276;28;0.01479999
822;0SS006013IMP;277;28;0.01385636
822;0SS006013IMP;278;28;0.00032545
822;0SS006013IMP;283;28;0.00003816
822;0SS006013IMP;284;28;0.00054504
822;0SS006013IMP;285;28;0.00041249
822;0SS006013IMP;286;28;0.00156464
822;0SS006013IMP;287;28;0.00660434
822;0SS006013IMP;288;28;0.00103101
822;0SS006013IMP;289;28;0.00108649
822;0SS006013IMP;290;28;0.00097380
822;0SS006013IMP;291;28;0.00061197
822;0SS006013IMP;292;28;0.00056341
822;0SS006013IMP;293;28;0.00053895
822;0SS006013IMP;294;28;0.00050651
822;0SS006013IMP;295;28;0.00023289
822;0SS006013IMP;277;29;0.00000491
822;0SS006013IMP;278;29;0.01358187
822;0SS006013IMP;279;29;0.01401208
822;0SS006013IMP;280;29;0.01414563
822;0SS006013IMP;281;29;0.01363565
822;0SS006013IMP;282;29;0.01356781
822;0SS006013IMP;283;29;0.01083040
822;0SS006013IMP;284;29;0.00091743
822;0SS006013IMP;285;29;0.00052083
822;0SS006013IMP;286;29;0.00464959
822;0SS006013IMP;287;29;0.00544142
822;0SS006013IMP;288;29;0.00017356
822;0SS006013IMP;289;29;0.00024275
822;0SS006013IMP;290;29;0.00052307
822;0SS006013IMP;291;29;0.00009570
822;0SS006013IMP;292;29;0.00000537
822;0SS006013IMP;294;29;0.01620743
822;0SS006013IMP;295;29;0.01816750
822;0SS006013IMP;296;29;0.01843504
822;0SS006013IMP;297;29;0.01792611
822;0SS006013IMP;298;29;0.01772872
822;0SS006013IMP;299;29;0.01775498
822;0SS006013IMP;300;29;0.01907949
822;0SS006013IMP;301;29;0.01047953
822;0SS006013IMP;282;30;0.00016036
822;0SS006013IMP;283;30;0.00304862
822;0SS006013IMP;284;30;0.01666105
822;0SS006013IMP;285;30;0.02000369
822;0SS006013IMP;286;30;0.02423711
822;0SS006013IMP;287;30;0.02352004
822;0SS006013IMP;288;30;0.01781084
822;0SS006013IMP;289;30;0.01770143
822;0SS006013IMP;290;30;0.01743503
822;0SS006013IMP;291;30;0.01707077
822;0SS006013IMP;292;30;0.01845743
822;0SS006013IMP;293;30;0.01776214
822;0SS006013IMP;294;30;0.00168371
822;0SS006013IMP;301;30;0.01425974
822;0SS006013IMP;302;30;0.01960300
822;0SS006013IMP;303;30;0.01789872
822;0SS006013IMP;304;30;0.01792682
822;0SS006013IMP;305;30;0.01848157
822;0SS006013IMP;306;30;0.01840690
822;0SS006013IMP;307;30;0.01803785
822;0SS006013IMP;282;31;0.00010222
822;0SS006013IMP;283;31;0.00045475
822;0SS006013IMP;284;31;0.00373177
822;0SS006013IMP;285;31;0.00624905
822;0SS006013IMP;286;31;0.00209818
822;0SS006013IMP;287;31;0.00686330
822;0SS006013IMP;288;31;0.00146645
822;0SS006013IMP;289;31;0.00182059
822;0SS006013IMP;290;31;0.00136365
822;0SS006013IMP;291;31;0.00058423
822;0SS006013IMP;292;31;0.00003626
822;0SS006013IMP;302;31;0.00004533
822;0SS006013IMP;304;31;0.00007771
822;0SS006013IMP;307;31;0.00043572
822;0SS006013IMP;308;31;0.00179206
822;0SS006013IMP;309;31;0.00004823
822;0SS006013IMP;282;32;0.00003834
822;0SS006013IMP;283;32;0.00007818
822;0SS006013IMP;284;32;0.00298780
822;0SS006013IMP;285;32;0.00590906
822;0SS006013IMP;286;32;0.00171418
822;0SS006013IMP;287;32;0.00630795
822;0SS006013IMP;288;32;0.00024312
822;0SS006013IMP;289;32;0.00041475
822;0SS006013IMP;290;32;0.00032316
822;0SS006013IMP;291;32;0.00020021
822;0SS006013IMP;302;32;0.00004547
822;0SS006013IMP;309;32;0.00002398
822;0SS006013IMP;284;33;0.00275211
822;0SS006013IMP;285;33;0.00438806
822;0SS006013IMP;286;33;0.00162912
822;0SS006013IMP;287;33;0.00541145
822;0SS006013IMP;288;33;0.00005924
822;0SS006013IMP;289;33;0.00021115
822;0SS006013IMP;290;33;0.00026397
822;0SS006013IMP;291;33;0.00016791
822;0SS006013IMP;302;33;0.00004540
822;0SS006013IMP;284;34;0.00284407
822;0SS006013IMP;285;34;0.00450025
822;0SS006013IMP;286;34;0.00299968
822;0SS006013IMP;287;34;0.00387270
822;0SS006013IMP;288;34;0.00008697
822;0SS006013IMP;289;34;0.00048238
822;0SS006013IMP;290;34;0.00008127
822;0SS006013IMP;291;34;0.00013887
822;0SS006013IMP;302;34;0.00004545
822;0SS006013IMP;284;35;0.00276699
822;0SS006013IMP;285;35;0.00572401
822;0SS006013IMP;286;35;0.00953629
822;0SS006013IMP;287;35;0.00337634
822;0SS006013IMP;288;35;0.00093659
822;0SS006013IMP;289;35;0.00076316
822;0SS006013IMP;290;35;0.00053279
822;0SS006013IMP;291;35;0.00029024
822;0SS006013IMP;292;35;0.00028987
822;0SS006013IMP;293;35;0.00001720
822;0SS006013IMP;301;35;0.00004362
822;0SS006013IMP;302;35;0.00003915
822;0SS006013IMP;284;36;0.00959582
822;0SS006013IMP;285;36;0.00694868
822;0SS006013IMP;286;36;0.00698580
822;0SS006013IMP;287;36;0.00226360
822;0SS006013IMP;288;36;0.00014326
822;0SS006013IMP;290;36;0.00020155
822;0SS006013IMP;291;36;0.00019856
822;0SS006013IMP;293;36;0.00027065
822;0SS006013IMP;294;36;0.00031230
822;0SS006013IMP;295;36;0.00031363
822;0SS006013IMP;296;36;0.00029124
822;0SS006013IMP;300;36;0.00000062
822;0SS006013IMP;301;36;0.00004506
822;0SS006013IMP;281;37;0.00817894
822;0SS006013IMP;282;37;0.01313295
822;0SS006013IMP;283;37;0.01174377
822;0SS006013IMP;284;37;0.00928654
822;0SS006013IMP;285;37;0.00042112
822;0SS006013IMP;286;37;0.00101904
822;0SS006013IMP;287;37;0.00042068
822;0SS006013IMP;288;37;0.00019737
822;0SS006013IMP;289;37;0.00013564
822;0SS006013IMP;290;37;0.00011883
822;0SS006013IMP;296;37;0.00001532
822;0SS006013IMP;297;37;0.00031837
822;0SS006013IMP;298;37;0.00028836
822;0SS006013IMP;299;37;0.00009149
822;0SS006013IMP;300;37;0.00004633
822;0SS006013IMP;279;38;0.01101475
822;0SS006013IMP;280;38;0.01324721
822;0SS006013IMP;281;38;0.00796177
822;0SS006013IMP;284;38;0.00129366
822;0SS006013IMP;285;38;0.00004576
822;0SS006013IMP;286;38;0.00081213
822;0SS006013IMP;288;38;0.00012536
822;0SS006013IMP;289;38;0.00007683
822;0SS006013IMP;299;38;0.00029828
822;0SS006013IMP;300;38;0.00005025
822;0SS006013IMP;278;39;0.01266712
822;0SS006013IMP;279;39;0.00125567
822;0SS006013IMP;284;39;0.00083645
822;0SS006013IMP;285;39;0.00037529
822;0SS006013IMP;286;39;0.00093096
822;0SS006013IMP;287;39;0.00009434
822;0SS006013IMP;288;39;0.00021231
822;0SS006013IMP;289;39;0.00010031
822;0SS006013IMP;299;39;0.00019218
822;0SS006013IMP;300;39;0.00030204
822;0SS006013IMP;277;40;0.00666681
822;0SS006013IMP;278;40;0.00970297
822;0SS006013IMP;284;40;0.00000493
822;0SS006013IMP;285;40;0.00000476
822;0SS006013IMP;286;40;0.00095607
822;0SS006013IMP;287;40;0.00004036
822;0SS006013IMP;288;40;0.00016477
822;0SS006013IMP;289;40;0.00009920
822;0SS006013IMP;290;40;0.00005742
822;0SS006013IMP;300;40;0.00028452
822;0SS006013IMP;301;40;0.00007846
822;0SS006013IMP;277;41;0.01297668
822;0SS006013IMP;284;41;0.00000233
822;0SS006013IMP;285;41;0.00000906
822;0SS006013IMP;286;41;0.00090583
822;0SS006013IMP;287;41;0.00007592
822;0SS006013IMP;301;41;0.00034610
822;0SS006013IMP;276;42;0.01333545
822;0SS006013IMP;277;42;0.00133758
822;0SS006013IMP;284;42;0.00004934
822;0SS006013IMP;285;42;0.00015269
822;0SS006013IMP;286;42;0.00105218
822;0SS006013IMP;287;42;0.00007045
822;0SS006013IMP;301;42;0.00033929
822;0SS006013IMP;275;43;0.00812741
822;0SS006013IMP;276;43;0.00619248
822;0SS006013IMP;284;43;0.00021218
822;0SS006013IMP;285;43;0.00081943
822;0SS006013IMP;286;43;0.00024793
822;0SS006013IMP;301;43;0.00037940
822;0SS006013IMP;274;44;0.00212245
822;0SS006013IMP;275;44;0.01292805
822;0SS006013IMP;276;44;0.00023877
822;0SS006013IMP;284;44;0.00096996
822;0SS006013IMP;301;44;0.00003120
822;0SS006013IMP;302;44;0.00041837
822;0SS006013IMP;274;45;0.01343231
822;0SS006013IMP;280;45;0.00048185
822;0SS006013IMP;281;45;0.00039316
822;0SS006013IMP;282;45;0.00011269
822;0SS006013IMP;283;45;0.00081521
822;0SS006013IMP;284;45;0.00017652
822;0SS006013IMP;302;45;0.00007839
822;0SS006013IMP;303;45;0.00042896
822;0SS006013IMP;273;46;0.00607324
822;0SS006013IMP;274;46;0.00808696
822;0SS006013IMP;279;46;0.00071894
822;0SS006013IMP;280;46;0.00049628
822;0SS006013IMP;281;46;0.00058893
822;0SS006013IMP;282;46;0.00066429
822;0SS006013IMP;283;46;0.00035197
822;0SS006013IMP;303;46;0.00004764
822;0SS006013IMP;304;46;0.00032937
822;0SS006013IMP;273;47;0.00551499
822;0SS006013IMP;278;47;0.00028566
822;0SS006013IMP;279;47;0.00050985
822;0SS006013IMP;282;47;0.00013792
822;0SS006013IMP;304;47;0.00037879
822;0SS006013IMP;303;48;0.00010214
822;0SS006013IMP;304;48;0.00028767
822;0SS006013IMP;303;49;0.00015700
822;NEP006047SIS;135;255;0.03517188
822;NEP006047SIS;136;255;0.00004425
822;NEP006047SIS;146;255;0.00282816
822;NEP006047SIS;147;255;0.00303630
822;NEP006047SIS;135;256;0.00483563
822;NEP006047SIS;136;256;0.02824147
822;NEP006047SIS;145;256;0.00448745
822;NEP006047SIS;146;256;0.00292963
822;NEP006047SIS;135;257;0.01310377
822;NEP006047SIS;136;257;0.03238027
822;NEP006047SIS;137;257;0.00597796
822;NEP006047SIS;138;257;0.00588336
822;NEP006047SIS;139;257;0.00320632
822;NEP006047SIS;140;257;0.00320632
822;NEP006047SIS;141;257;0.00320632
822;NEP006047SIS;142;257;0.00320632
822;NEP006047SIS;143;257;0.00320632
822;NEP006047SIS;144;257;0.00366666
822;NEP006047SIS;145;257;0.00127034
822;NEP006047SIS;125;258;0.00000931
822;NEP006047SIS;126;258;0.00063846
822;NEP006047SIS;127;258;0.00028078
822;NEP006047SIS;135;258;0.04203499
822;NEP006047SIS;136;258;0.00174246
822;NEP006047SIS;125;259;0.00081295
822;NEP006047SIS;134;259;0.02886104
822;NEP006047SIS;135;259;0.01175466
822;NEP006047SIS;124;260;0.00053617
822;NEP006047SIS;125;260;0.00002791
822;NEP006047SIS;134;260;0.03932635
822;NEP006047SIS;111;261;0.00023594
822;NEP006047SIS;124;261;0.00056409
822;NEP006047SIS;133;261;0.01202088
822;NEP006047SIS;134;261;0.02806014
822;NEP006047SIS;111;262;0.00034859
822;NEP006047SIS;124;262;0.00056409
822;NEP006047SIS;132;262;0.01638244
822;NEP006047SIS;133;262;0.02209492
822;NEP006047SIS;134;262;0.00538204
822;NEP006047SIS;111;263;0.00034859
822;NEP006047SIS;123;263;0.00045012
822;NEP006047SIS;124;263;0.00019681
822;NEP006047SIS;125;263;0.00000263
822;NEP006047SIS;132;263;0.02793889
822;NEP006047SIS;134;263;0.00670628
822;NEP006047SIS;135;263;0.00212618
822;NEP006047SIS;111;264;0.00034834
822;NEP006047SIS;123;264;0.00048957
822;NEP006047SIS;132;264;0.02770719
822;NEP006047SIS;135;264;0.00741214
822;NEP006047SIS;136;264;0.00909409
822;NEP006047SIS;111;265;0.00034747
822;NEP006047SIS;123;265;0.00056844
822;NEP006047SIS;131;265;0.02436884
822;NEP006047SIS;132;265;0.00329216
822;NEP006047SIS;134;265;0.00008121
822;NEP006047SIS;135;265;0.00075525
822;NEP006047SIS;136;265;0.00148665
822;NEP006047SIS;137;265;0.00784292
822;NEP006047SIS;111;266;0.00034747
822;NEP006047SIS;122;266;0.00022816
822;NEP006047SIS;123;266;0.00003847
822;NEP006047SIS;124;266;0.00063391
822;NEP006047SIS;131;266;0.02758979
822;NEP006047SIS;133;266;0.00060474
822;NEP006047SIS;134;266;0.00067404
822;NEP006047SIS;137;266;0.00888725
822;NEP006047SIS;111;267;0.00033318
822;NEP006047SIS;119;267;0.00011015
822;NEP006047SIS;120;267;0.00019056
822;NEP006047SIS;122;267;0.00051038
822;NEP006047SIS;124;267;0.00319058
822;NEP006047SIS;125;267;0.00401413
822;NEP006047SIS;126;267;0.00355795
822;NEP006047SIS;131;267;0.02839446
822;NEP006047SIS;132;267;0.00075525
822;NEP006047SIS;133;267;0.00015051
822;NEP006047SIS;137;267;0.00440917
822;NEP006047SIS;138;267;0.00914998
822;NEP006047SIS;139;267;0.00093318
822;NEP006047SIS;111;268;0.00009308
822;NEP006047SIS;112;268;0.00008654
822;NEP006047SIS;119;268;0.00047560
822;NEP006047SIS;120;268;0.00018873
822;NEP006047SIS;121;268;0.00036844
822;NEP006047SIS;122;268;0.00003533
822;NEP006047SIS;126;268;0.00161556
822;NEP006047SIS;127;268;0.00456712
822;NEP006047SIS;128;268;0.00129907
822;NEP006047SIS;129;268;0.02629135
822;NEP006047SIS;130;268;0.02818875
822;NEP006047SIS;131;268;0.00197462
822;NEP006047SIS;139;268;0.00821679
822;NEP006047SIS;140;268;0.00914998
822;NEP006047SIS;141;268;0.00113227
822;NEP006047SIS;112;269;0.00017961
822;NEP006047SIS;119;269;0.00007272
822;NEP006047SIS;120;269;0.00044752
822;NEP006047SIS;128;269;0.00887903
822;NEP006047SIS;129;269;0.02344973
822;NEP006047SIS;131;269;0.00142214
822;NEP006047SIS;140;269;0.00719199
822;NEP006047SIS;141;269;0.00136500
822;NEP006047SIS;112;270;0.00001695
822;NEP006047SIS;113;270;0.00016266
822;NEP006047SIS;120;270;0.00003965
822;NEP006047SIS;121;270;0.00047704
822;NEP006047SIS;129;270;0.02618931
822;NEP006047SIS;130;270;0.00020504
822;NEP006047SIS;131;270;0.00257928
822;NEP006047SIS;140;270;0.00837803
822;NEP006047SIS;113;271;0.00012044
822;NEP006047SIS;114;271;0.00005917
822;NEP006047SIS;120;271;0.00001618
822;NEP006047SIS;121;271;0.00048930
822;NEP006047SIS;129;271;0.02641133
822;NEP006047SIS;131;271;0.00118722
822;NEP006047SIS;140;271;0.00436078
822;NEP006047SIS;141;271;0.00351414
822;NEP006047SIS;114;272;0.00021875
822;NEP006047SIS;119;272;0.00017961
822;NEP006047SIS;120;272;0.00026791
822;NEP006047SIS;121;272;0.00067480
822;NEP006047SIS;122;272;0.00005357
822;NEP006047SIS;129;272;0.01039226
822;NEP006047SIS;130;272;0.01607264
822;NEP006047SIS;141;272;0.00787493
822;NEP006047SIS;113;273;0.00001338
822;NEP006047SIS;114;273;0.00002767
822;NEP006047SIS;115;273;0.00019760
822;NEP006047SIS;117;273;0.00018599
822;NEP006047SIS;118;273;0.00019235
822;NEP006047SIS;119;273;0.00001275
822;NEP006047SIS;122;273;0.00050112
822;NEP006047SIS;123;273;0.00053186
822;NEP006047SIS;124;273;0.00056799
822;NEP006047SIS;125;273;0.00040830
822;NEP006047SIS;126;273;0.00053319
822;NEP006047SIS;127;273;0.00058328
822;NEP006047SIS;128;273;0.00058328
822;NEP006047SIS;129;273;0.00058328
822;NEP006047SIS;130;273;0.02592228
822;NEP006047SIS;141;273;0.00266587
822;NEP006047SIS;142;273;0.00520906
822;NEP006047SIS;113;274;0.00002179
822;NEP006047SIS;115;274;0.00008485
822;NEP006047SIS;116;274;0.00019822
822;NEP006047SIS;117;274;0.00000637
822;NEP006047SIS;125;274;0.00033609
822;NEP006047SIS;126;274;0.00005009
822;NEP006047SIS;130;274;0.02536924
822;NEP006047SIS;131;274;0.00006636
822;NEP006047SIS;142;274;0.00787493
822;NEP006047SIS;112;275;0.00000829
822;NEP006047SIS;113;275;0.00001598
822;NEP006047SIS;130;275;0.02538144
822;NEP006047SIS;142;275;0.00097095
822;NEP006047SIS;143;275;0.00704292
822;NEP006047SIS;152;275;0.00062863
822;NEP006047SIS;111;276;0.00000591
822;NEP006047SIS;112;276;0.00002163
822;NEP006047SIS;129;276;0.00824559
822;NEP006047SIS;130;276;0.01762957
822;NEP006047SIS;143;276;0.00759947
822;NEP006047SIS;144;276;0.00102311
822;NEP006047SIS;151;276;0.00034465
822;NEP006047SIS;152;276;0.00066486
822;NEP006047SIS;111;277;0.00001481
822;NEP006047SIS;129;277;0.01690000
822;NEP006047SIS;144;277;0.00397992
822;NEP006047SIS;145;277;0.00225840
822;NEP006047SIS;146;277;0.00225840
822;NEP006047SIS;147;277;0.00225840
822;NEP006047SIS;148;277;0.00225840
822;NEP006047SIS;149;277;0.00225838
822;NEP006047SIS;150;277;0.00081620
822;NEP006047SIS;151;277;0.00022089
822;0SF0060490BA;129;172;0.01628302
822;0SF0060490BA;129;173;0.02317883
822;0SF0060490BA;130;173;0.04189597
822;0SF0060490BA;131;173;0.01246942
822;0SF0060490BA;125;174;0.00003460
822;0SF0060490BA;126;174;0.00015951
822;0SF0060490BA;127;174;0.02451998
822;0SF0060490BA;128;174;0.00189878
822;0SF0060490BA;129;174;0.00276050
822;0SF0060490BA;130;174;0.00945002
822;0SF0060490BA;126;175;0.00235241
822;0SF0060490BA;127;175;0.07889439
822;0SF0060490BA;128;175;0.00411699
822;0SF0060490BA;130;175;0.00945002
822;0SF0060490BA;122;176;0.00002580
822;0SF0060490BA;123;176;0.00027388
822;0SF0060490BA;124;176;0.00242577
822;0SF0060490BA;125;176;0.00355422
822;0SF0060490BA;126;176;0.10687368
822;0SF0060490BA;127;176;0.01280204
822;0SF0060490BA;128;176;0.00718760
822;0SF0060490BA;129;176;0.01105271
822;0SF0060490BA;130;176;0.01985922
822;0SF0060490BA;131;176;0.01799031
822;0SF0060490BA;132;176;0.00135082
822;0SF0060490BA;122;177;0.00001435
822;0SF0060490BA;123;177;0.00002282
822;0SF0060490BA;125;177;0.08134156
822;0SF0060490BA;126;177;0.00833096
822;0SF0060490BA;127;177;0.00045090
822;0SF0060490BA;129;177;0.00139925
822;0SF0060490BA;130;177;0.00550847
822;0SF0060490BA;120;178;0.00096021
822;0SF0060490BA;121;178;0.00023586
822;0SF0060490BA;122;178;0.00001450
822;0SF0060490BA;124;178;0.00681370
822;0SF0060490BA;125;178;0.07123532
822;0SF0060490BA;126;178;0.00074833
822;0SF0060490BA;129;178;0.00400949
822;0SF0060490BA;120;179;0.00184915
822;0SF0060490BA;121;179;0.00009595
822;0SF0060490BA;123;179;0.00516220
822;0SF0060490BA;124;179;0.00896440
822;0SF0060490BA;125;179;0.05986090
822;0SF0060490BA;126;179;0.00042965
822;0SF0060490BA;127;179;0.00017858
822;0SF0060490BA;128;179;0.00091229
822;0SF0060490BA;129;179;0.00528036
822;0SF0060490BA;120;180;0.00004394
822;0SF0060490BA;121;180;0.00260990
822;0SF0060490BA;122;180;0.00646376
822;0SF0060490BA;123;180;0.00260098
822;0SF0060490BA;124;180;0.00344083
822;0SF0060490BA;125;180;0.05687315
822;0SF0060490BA;126;180;0.00088248
822;0SF0060490BA;127;180;0.00073371
822;0SF0060490BA;128;180;0.00638675
822;0SF0060490BA;129;180;0.00495051
822;0SF0060490BA;130;180;0.00152470
822;0SF0060490BA;120;181;0.00024486
822;0SF0060490BA;121;181;0.00057364
822;0SF0060490BA;122;181;0.00371234
822;0SF0060490BA;123;181;0.00440183
822;0SF0060490BA;124;181;0.02901722
822;0SF0060490BA;125;181;0.05284273
822;0SF0060490BA;126;181;0.00028067
822;0SF0060490BA;127;181;0.00858881
822;0SF0060490BA;128;181;0.00376058
822;0SF0060490BA;121;182;0.00000659
822;0SF0060490BA;122;182;0.00165685
822;0SF0060490BA;123;182;0.00132657
822;0SF0060490BA;124;182;0.04376270
822;0SF0060490BA;125;182;0.00881825
822;0SF0060490BA;126;182;0.01221833
822;0SF0060490BA;122;183;0.00024203
822;0SF0060490BA;123;183;0.01694837
822;0SF0060490BA;124;183;0.01950166
822;0SF0060490BA;125;183;0.00089964
822;0SF0060490BA;126;183;0.00383546
822;0SF0060490BA;122;184;0.00367088
822;0SF0060490BA;123;184;0.00996527
822;0SF0060490BA;125;184;0.00259471
822;0SF0060490BA;126;184;0.00700262
822;0SF0060490BA;122;185;0.00162629
822;0SF0060490BA;126;185;0.00096502
822;0SF0060490BA;127;185;0.00034569
822;0SF0060430BA;149;140;0.00000049
822;0SF0060430BA;150;140;0.00000007
822;0SF0060430BA;148;141;0.00000047
822;0SF0060430BA;149;141;0.00000088
822;0SF0060430BA;150;141;0.00000538
822;0SF0060430BA;151;141;0.00000713
822;0SF0060430BA;152;141;0.00001219
822;0SF0060430BA;145;142;0.00000762
822;0SF0060430BA;147;142;0.00001246
822;0SF0060430BA;148;142;0.00252828
822;0SF0060430BA;149;142;0.00113660
822;0SF0060430BA;150;142;0.00000310
822;0SF0060430BA;152;142;0.00000049
822;0SF0060430BA;153;142;0.00000062
822;0SF0060430BA;146;143;0.00004274
822;0SF0060430BA;147;143;0.00000035
822;0SF0060430BA;148;143;0.00439151
822;0SF0060430BA;149;143;0.00041380
822;0SF0060430BA;142;144;0.00000558
822;0SF0060430BA;143;144;0.00000198
822;0SF0060430BA;145;144;0.00000030
822;0SF0060430BA;146;144;0.00009206
822;0SF0060430BA;147;144;0.00081609
822;0SF0060430BA;148;144;0.00468840
822;0SF0060430BA;140;145;0.00000006
822;0SF0060430BA;141;145;0.00001275
822;0SF0060430BA;145;145;0.00000139
822;0SF0060430BA;146;145;0.00019586
822;0SF0060430BA;147;145;0.00865381
822;0SF0060430BA;148;145;0.00000648
822;0SF0060430BA;139;146;0.00008757
822;0SF0060430BA;144;146;0.00000063
822;0SF0060430BA;145;146;0.00000056
822;0SF0060430BA;146;146;0.00920796
822;0SF0060430BA;147;146;0.00433609
822;0SF0060430BA;138;147;0.00000050
822;0SF0060430BA;139;147;0.00010277
822;0SF0060430BA;142;147;0.00005472
822;0SF0060430BA;143;147;0.00000372
822;0SF0060430BA;144;147;0.00004039
822;0SF0060430BA;145;147;0.00730155
822;0SF0060430BA;146;147;0.00452573
822;0SF0060430BA;137;148;0.00010452
822;0SF0060430BA;138;148;0.00001878
822;0SF0060430BA;139;148;0.00023226
822;0SF0060430BA;140;148;0.00228564
822;0SF0060430BA;141;148;0.00156286
822;0SF0060430BA;142;148;0.00213464
822;0SF0060430BA;143;148;0.00352849
822;0SF0060430BA;144;148;0.01140629
822;0SF0060430BA;145;148;0.00637176
822;0SF0060430BA;146;148;0.00016386
822;0SF0060430BA;136;149;0.00004926
822;0SF0060430BA;137;149;0.00000256
822;0SF0060430BA;138;149;0.00007205
822;0SF0060430BA;139;149;0.00571648
822;0SF0060430BA;140;149;0.01230551
822;0SF0060430BA;141;149;0.00336453
822;0SF0060430BA;142;149;0.00995942
822;0SF0060430BA;143;149;0.01216904
822;0SF0060430BA;144;149;0.00427141
822;0SF0060430BA;145;149;0.00006183
822;0SF0060430BA;146;149;0.00002529
822;0SF0060430BA;135;150;0.00000057
822;0SF0060430BA;136;150;0.00000061
822;0SF0060430BA;138;150;0.00466726
822;0SF0060430BA;139;150;0.00786872
822;0SF0060430BA;140;150;0.02250672
822;0SF0060430BA;141;150;0.00783078
822;0SF0060430BA;142;150;0.01200008
822;0SF0060430BA;143;150;0.01691919
822;0SF0060430BA;144;150;0.00085915
822;0SF0060430BA;135;151;0.00000225
822;0SF0060430BA;137;151;0.00591068
822;0SF0060430BA;138;151;0.01927664
822;0SF0060430BA;139;151;0.01123453
822;0SF0060430BA;140;151;0.00843875
822;0SF0060430BA;141;151;0.03749818
822;0SF0060430BA;142;151;0.02009781
822;0SF0060430BA;143;151;0.01418016
822;0SF0060430BA;144;151;0.00012308
822;0SF0060430BA;135;152;0.00000028
822;0SF0060430BA;136;152;0.00673829
822;0SF0060430BA;137;152;0.00631680
822;0SF0060430BA;138;152;0.01782399
822;0SF0060430BA;139;152;0.02486153
822;0SF0060430BA;140;152;0.05051833
822;0SF0060430BA;141;152;0.06413411
822;0SF0060430BA;142;152;0.01870667
822;0SF0060430BA;143;152;0.00252548
822;0SF0060430BA;135;153;0.00592034
822;0SF0060430BA;136;153;0.00826933
822;0SF0060430BA;137;153;0.04636207
822;0SF0060430BA;138;153;0.07848798
822;0SF0060430BA;139;153;0.05904877
822;0SF0060430BA;140;153;0.04520155
822;0SF0060430BA;141;153;0.08424424
822;0SF0060430BA;142;153;0.01728585
822;0SF0060430BA;135;154;0.00205469
822;0SF0060430BA;136;154;0.02249764
822;0SF0060430BA;137;154;0.05670798
822;0SF0060430BA;140;154;0.00004805
822;0SF0060430BA;141;154;0.05766492
822;0SF0060430BA;142;154;0.01065836
822;0SV0060570YS;147;177;0.00015900
822;0SV0060570YS;148;177;0.00011221
822;0SV0060570YS;148;178;0.00122521
822;0SV0060570YS;149;178;0.00018407
822;0SV0060570YS;150;178;0.00000341
822;0SV0060570YS;148;179;0.00003194
822;0SV0060570YS;149;179;0.00078765
822;0SV0060570YS;150;179;0.00011326
822;0SV0060570YS;148;180;0.00006246
822;0SV0060570YS;149;180;0.00118370
822;0SV0060570YS;150;180;0.00105863
822;0SV0060570YS;149;181;0.00076669
822;0SV0060570YS;150;181;0.00157779
822;0SV0060570YS;139;182;0.00069041
822;0SV0060570YS;149;182;0.00087014
822;0SV0060570YS;150;182;0.00003971
822;0SV0060570YS;138;183;0.00100771
822;0SV0060570YS;139;183;0.00089960
822;0SV0060570YS;140;183;0.00202455
822;0SV0060570YS;141;183;0.01486133
822;0SV0060570YS;144;183;0.00020433
822;0SV0060570YS;145;183;0.03321086
822;0SV0060570YS;146;183;0.00283309
822;0SV0060570YS;149;183;0.00582812
822;0SV0060570YS;140;184;0.00010658
822;0SV0060570YS;141;184;0.01085219
822;0SV0060570YS;142;184;0.00366771
822;0SV0060570YS;143;184;0.00383849
822;0SV0060570YS;144;184;0.00634263
822;0SV0060570YS;145;184;0.03688493
822;0SV0060570YS;146;184;0.07899693
822;0SV0060570YS;147;184;0.07494988
822;0SV0060570YS;148;184;0.07503103
822;0SV0060570YS;149;184;0.09187859
822;0SV0060570YS;150;184;0.07002972
822;0SV0060570YS;140;185;0.00033061
822;0SV0060570YS;141;185;0.01046886
822;0SV0060570YS;142;185;0.00042258
822;0SV0060570YS;143;185;0.00045470
822;0SV0060570YS;144;185;0.00104555
822;0SV0060570YS;145;185;0.01443764
822;0SV0060570YS;146;185;0.00139529
822;0SV0060570YS;149;185;0.02486082
822;0SV0060570YS;150;185;0.00565348
822;0SV0060570YS;140;186;0.00021560
822;0SV0060570YS;141;186;0.01062770
822;0SV0060570YS;142;186;0.00076705
822;0SV0060570YS;143;186;0.00105793
822;0SV0060570YS;144;186;0.00382831
822;0SV0060570YS;145;186;0.01496364
822;0SV0060570YS;146;186;0.00229155
822;0SV0060570YS;148;186;0.00001719
822;0SV0060570YS;149;186;0.00001685
822;0SV0060570YS;140;187;0.00313321
822;0SV0060570YS;141;187;0.01328512
822;0SV0060570YS;142;187;0.00329024
822;0SV0060570YS;143;187;0.00410358
822;0SV0060570YS;144;187;0.00903542
822;0SV0060570YS;145;187;0.04471770
822;0SV0060570YS;146;187;0.04493054
822;0SV0060570YS;147;187;0.04035478
822;0SV0060570YS;148;187;0.01006448
822;0SV0060570YS;137;188;0.00159625
822;0SV0060570YS;138;188;0.00205457
822;0SV0060570YS;139;188;0.00281427
822;0SV0060570YS;140;188;0.00129289
822;0SV0060570YS;141;188;0.00819261
822;0SV0060570YS;143;188;0.00006099
822;0SV0060570YS;144;188;0.01611456
822;0SV0060570YS;145;188;0.01527146
822;0SV0060570YS;146;188;0.00180165
822;0SV0060570YS;136;189;0.00009783
822;0SV0060570YS;137;189;0.00105221
822;0SV0060570YS;139;189;0.00007026
822;0SV0060570YS;140;189;0.00018371
822;0SV0060570YS;141;189;0.00828195
822;0SV0060570YS;143;189;0.00932874
822;0SV0060570YS;144;189;0.00947452
822;0SV0060570YS;145;189;0.00271530
822;0SV0060570YS;146;189;0.00175850
822;0SV0060570YS;136;190;0.00101076
822;0SV0060570YS;139;190;0.00007842
822;0SV0060570YS;140;190;0.00033344
822;0SV0060570YS;141;190;0.00853227
822;0SV0060570YS;142;190;0.00386615
822;0SV0060570YS;143;190;0.01544203
822;0SV0060570YS;144;190;0.00052529
822;0SV0060570YS;145;190;0.00340498
822;0SV0060570YS;146;190;0.00284435
822;0SV0060570YS;136;191;0.00062181
822;0SV0060570YS;139;191;0.00003272
822;0SV0060570YS;141;191;0.00814156
822;0SV0060570YS;142;191;0.01872435
822;0SV0060570YS;145;191;0.00014477
822;0SV0060570YS;146;191;0.00005245
822;0SV0060570YS;135;192;0.00018128
822;0SV0060570YS;136;192;0.00021581
822;0SV0060570YS;139;192;0.00007492
822;0SV0060570YS;141;192;0.02787260
822;0SV0060570YS;142;192;0.00030625
822;0SV0060570YS;144;192;0.00017406
822;0SV0060570YS;145;192;0.00015705
822;0SV0060570YS;134;193;0.00007324
822;0SV0060570YS;135;193;0.00040549
822;0SV0060570YS;139;193;0.00008753
822;0SV0060570YS;140;193;0.01851723
822;0SV0060570YS;141;193;0.00698067
822;0SV0060570YS;143;193;0.00017265
822;0SV0060570YS;144;193;0.00006710
822;0SV0060570YS;133;194;0.00017464
822;0SV0060570YS;134;194;0.00038501
822;0SV0060570YS;140;194;0.01009523
822;0SV0060570YS;143;194;0.00005665
822;0NC006023MEN;108;190;0.00027983
822;0NC006023MEN;107;191;0.00055346
822;0NC006023MEN;108;191;0.00054460
822;0NC006023MEN;106;192;0.00100145
822;0NC006023MEN;107;192;0.00022295
822;0NC006023MEN;105;193;0.00042227
822;0NC006023MEN;106;193;0.00039185
822;0NC006023MEN;118;193;0.02578305
822;0NC006023MEN;104;194;0.00002941
822;0NC006023MEN;105;194;0.00015432
822;0NC006023MEN;113;194;0.00105132
822;0NC006023MEN;114;194;0.00141472
822;0NC006023MEN;115;194;0.00141472
822;0NC006023MEN;116;194;0.00115085
822;0NC006023MEN;118;194;0.02483076
822;0NC006023MEN;104;195;0.00017502
822;0NC006023MEN;107;195;0.00024335
822;0NC006023MEN;108;195;0.00071752
822;0NC006023MEN;112;195;0.00079236
822;0NC006023MEN;113;195;0.00079482
822;0NC006023MEN;117;195;0.02318513
822;0NC006023MEN;118;195;0.01154583
822;0NC006023MEN;104;196;0.00073845
822;0NC006023MEN;105;196;0.00142274
822;0NC006023MEN;108;196;0.00212676
822;0NC006023MEN;109;196;0.00284428
822;0NC006023MEN;110;196;0.00134159
822;0NC006023MEN;112;196;0.00158718
822;0NC006023MEN;117;196;0.03764851
822;0NC006023MEN;118;196;0.01117733
822;0NC006023MEN;119;196;0.01000696
822;0NC006023MEN;105;197;0.00256838
822;0NC006023MEN;110;197;0.00150269
822;0NC006023MEN;111;197;0.00894791
822;0NC006023MEN;112;197;0.00548871
822;0NC006023MEN;113;197;0.00345977
822;0NC006023MEN;116;197;0.02359207
822;0NC006023MEN;117;197;0.00319983
822;0NC006023MEN;105;198;0.00258377
822;0NC006023MEN;110;198;0.00660854
822;0NC006023MEN;111;198;0.00277976
822;0NC006023MEN;113;198;0.00173116
822;0NC006023MEN;114;198;0.00503135
822;0NC006023MEN;116;198;0.02663590
822;0NC006023MEN;104;199;0.00101955
822;0NC006023MEN;105;199;0.00165082
822;0NC006023MEN;109;199;0.00615795
822;0NC006023MEN;110;199;0.00297537
822;0NC006023MEN;114;199;0.00244384
822;0NC006023MEN;115;199;0.02887549
822;0NC006023MEN;116;199;0.00092199
822;0NC006023MEN;104;200;0.00268219
822;0NC006023MEN;108;200;0.00415758
822;0NC006023MEN;109;200;0.00428850
822;0NC006023MEN;115;200;0.03165824
822;0NC006023MEN;116;200;0.00055112
822;0NC006023MEN;104;201;0.00226556
822;0NC006023MEN;105;201;0.00024013
822;0NC006023MEN;106;201;0.00092975
822;0NC006023MEN;107;201;0.00134738
822;0NC006023MEN;108;201;0.00601030
822;0NC006023MEN;115;201;0.06411689
822;0NC006023MEN;103;202;0.00171812
822;0NC006023MEN;104;202;0.00159551
822;0NC006023MEN;105;202;0.00076332
822;0NC006023MEN;107;202;0.00056235
822;0NC006023MEN;115;202;0.03387012
822;0NC006023MEN;117;202;0.00131894
822;0NC006023MEN;118;202;0.00888338
822;0NC006023MEN;103;203;0.00469220
822;0NC006023MEN;107;203;0.00053850
822;0NC006023MEN;115;203;0.03776430
822;0NC006023MEN;116;203;0.01294908
822;0NC006023MEN;117;203;0.01221011
822;0NC006023MEN;103;204;0.00763596
822;0NC006023MEN;104;204;0.00012181
822;0NC006023MEN;105;204;0.00027298
822;0NC006023MEN;106;204;0.00057447
822;0NC006023MEN;107;204;0.00048496
822;0NC006023MEN;113;204;0.00061388
822;0NC006023MEN;114;204;0.02366134
822;0NC006023MEN;115;204;0.00629020
822;0NC006023MEN;117;204;0.00810090
822;0NC006023MEN;103;205;0.00759720
822;0NC006023MEN;104;205;0.00044439
822;0NC006023MEN;105;205;0.00030725
822;0NC006023MEN;106;205;0.00027259
822;0NC006023MEN;113;205;0.02231923
822;0NC006023MEN;117;205;0.00475773
822;0NC006023MEN;102;206;0.00041766
822;0NC006023MEN;103;206;0.00506078
822;0NC006023MEN;106;206;0.00057309
822;0NC006023MEN;107;206;0.00477319
822;0NC006023MEN;108;206;0.00477319
822;0NC006023MEN;109;206;0.00240517
822;0NC006023MEN;113;206;0.02211862
822;0NC006023MEN;102;207;0.00917695
822;0NC006023MEN;105;207;0.00490170
822;0NC006023MEN;106;207;0.00459678
822;0NC006023MEN;109;207;0.00397688
822;0NC006023MEN;110;207;0.00280324
822;0NC006023MEN;112;207;0.01498128
822;0NC006023MEN;113;207;0.00854316
822;0NC006023MEN;102;208;0.00215060
822;0NC006023MEN;103;208;0.01323443
822;0NC006023MEN;104;208;0.00534453
822;0NC006023MEN;105;208;0.00158160
822;0NC006023MEN;110;208;0.00216079
822;0NC006023MEN;111;208;0.00365879
822;0NC006023MEN;112;208;0.02214251
822;0NC006023MEN;103;209;0.01112409
822;0NC006023MEN;112;209;0.02366675
822;0NC006023MEN;103;210;0.00778692
822;0NC006023MEN;111;210;0.00094733
822;0NC006023MEN;112;210;0.01609312
822;0NC006023MEN;103;211;0.00055884
822;0NC006023MEN;104;211;0.00108581
822;0NC006023MEN;111;211;0.01358314
822;0NC006023MEN;103;212;0.00021403
822;0NC006023MEN;104;212;0.00126206
822;0NC006023MEN;110;212;0.00584565
822;0NC006023MEN;111;212;0.01002618
822;0NC006023MEN;103;213;0.00163260
822;0NC006023MEN;110;213;0.01000825
822;0NC006023MEN;111;213;0.00155153
822;0NC006023MEN;112;213;0.00509695
822;0NC006023MEN;103;214;0.00120235
822;0NC006023MEN;107;214;0.00006849
822;0NC006023MEN;108;214;0.00013725
822;0NC006023MEN;109;214;0.00003357
822;0NC006023MEN;110;214;0.01000892
822;0NC006023MEN;112;214;0.00501291
822;0NC006023MEN;103;215;0.00172347
822;0NC006023MEN;104;215;0.00009513
822;0NC006023MEN;105;215;0.00009513
822;0NC006023MEN;106;215;0.00010811
822;0NC006023MEN;107;215;0.00005197
822;0NC006023MEN;109;215;0.00191271
822;0NC006023MEN;110;215;0.01005344
822;0NC006023MEN;112;215;0.00474821
822;0NC006023MEN;103;216;0.00141160
822;0NC006023MEN;109;216;0.00744482
822;0NC006023MEN;110;216;0.00015505
822;0NC006023MEN;112;216;0.00195151
822;0NC006023MEN;103;217;0.00146607
822;0NC006023MEN;109;217;0.00719264
822;0NC006023MEN;102;218;0.00069403
822;0NC006023MEN;103;218;0.00078023
822;0NC006023MEN;108;218;0.00410422
822;0NC006023MEN;109;218;0.00246806
822;0NC006023MEN;102;219;0.00034963
822;0NC006023MEN;103;219;0.00041235
822;0NC006023MEN;104;219;0.00001926
822;0NC006023MEN;106;219;0.00693594
822;0NC006023MEN;107;219;0.00657537
822;0NC006023MEN;108;219;0.00847570
822;0NC006023MEN;104;220;0.00044712
822;0NC006023MEN;105;220;0.00864259
822;0NC006023MEN;106;220;0.00025996
822;0NC006023MEN;104;221;0.00635975
822;0NC006023MEN;105;221;0.00407674
822;0NC006023MEN;104;222;0.00812429
822;0NC006023MEN;103;223;0.00440854
822;0NC006023MEN;104;223;0.00388816
822;0NC006023MEN;103;224;0.00295865
822;0NC006023MEN;104;224;0.00295112
822;0SV006034SAC;147;172;0.00142717
822;0SV006034SAC;148;172;0.00242582
822;0SV006034SAC;149;172;0.00013037
822;0SV006034SAC;146;173;0.00101258
822;0SV006034SAC;147;173;0.00311292
822;0SV006034SAC;148;173;0.00155609
822;0SV006034SAC;148;174;0.00022668
822;0SV006034SAC;149;174;0.00054896
822;0SV006034SAC;148;175;0.00002713
822;0SV006034SAC;149;175;0.00077198
822;0SV006034SAC;150;175;0.00073713
822;0SV006034SAC;152;175;0.00016709
822;0SV006034SAC;153;175;0.00036841
822;0SV006034SAC;154;175;0.00029498
822;0SV006034SAC;155;175;0.00078094
822;0SV006034SAC;148;176;0.00002799
822;0SV006034SAC;149;176;0.00005306
822;0SV006034SAC;150;176;0.00127508
822;0SV006034SAC;151;176;0.00748061
822;0SV006034SAC;152;176;0.00000234
822;0SV006034SAC;154;176;0.00506982
822;0SV006034SAC;155;176;0.00275614
822;0SV006034SAC;156;176;0.00011961
822;0SV006034SAC;149;177;0.00011424
822;0SV006034SAC;150;177;0.00008817
822;0SV006034SAC;151;177;0.00478763
822;0SV006034SAC;152;177;0.00009861
822;0SV006034SAC;153;177;0.00007036
822;0SV006034SAC;154;177;0.00773205
822;0SV006034SAC;155;177;0.00025348
822;0SV006034SAC;156;177;0.00032245
822;0SV006034SAC;157;177;0.00007135
822;0SV006034SAC;149;178;0.00017717
822;0SV006034SAC;150;178;0.00010647
822;0SV006034SAC;151;178;0.00478305
822;0SV006034SAC;152;178;0.00006415
822;0SV006034SAC;153;178;0.00001197
822;0SV006034SAC;154;178;0.00788505
822;0SV006034SAC;155;178;0.00020905
822;0SV006034SAC;156;178;0.00021197
822;0SV006034SAC;157;178;0.00013953
822;0SV006034SAC;158;178;0.00004528
822;0SV006034SAC;159;178;0.00001380
822;0SV006034SAC;150;179;0.00018490
822;0SV006034SAC;151;179;0.00619386
822;0SV006034SAC;152;179;0.00134742
822;0SV006034SAC;153;179;0.00943752
822;0SV006034SAC;154;179;0.00097264
822;0SV006034SAC;155;179;0.00014617
822;0SV006034SAC;156;179;0.00020275
822;0SV006034SAC;157;179;0.00005861
822;0SV006034SAC;159;179;0.00000284
822;0SV006034SAC;160;179;0.00001365
822;0SV006034SAC;150;180;0.00000252
822;0SV006034SAC;151;180;0.01170117
822;0SV006034SAC;152;180;0.01113971
822;0SV006034SAC;153;180;0.01375247
822;0SV006034SAC;154;180;0.00228000
822;0SV006034SAC;155;180;0.00103801
822;0SV006034SAC;156;180;0.00033495
822;0SV006034SAC;157;180;0.00010993
822;0SV006034SAC;150;181;0.00650931
822;0SV006034SAC;151;181;0.00532605
822;0SV006034SAC;152;181;0.02175686
822;0SV006034SAC;153;181;0.00587172
822;0SV006034SAC;154;181;0.00298844
822;0SV006034SAC;155;181;0.00223810
822;0SV006034SAC;156;181;0.00003700
822;0SV006034SAC;157;181;0.00022572
822;0SV006034SAC;149;182;0.00011496
822;0SV006034SAC;150;182;0.01522510
822;0SV006034SAC;151;182;0.01571610
822;0SV006034SAC;152;182;0.02238104
822;0SV006034SAC;153;182;0.00520708
822;0SV006034SAC;154;182;0.00295584
822;0SV006034SAC;155;182;0.00089375
822;0SV006034SAC;156;182;0.00337615
822;0SV006034SAC;157;182;0.00178642
822;0SV006034SAC;158;182;0.00130714
822;0SV006034SAC;159;182;0.00152380
822;0SV006034SAC;160;182;0.00319603
822;0SV006034SAC;149;183;0.00012236
822;0SV006034SAC;150;183;0.01664115
822;0SV006034SAC;151;183;0.02799255
822;0SV006034SAC;152;183;0.01021336
822;0SV006034SAC;153;183;0.00776019
822;0SV006034SAC;154;183;0.00525075
822;0SV006034SAC;155;183;0.00159878
822;0SV006034SAC;156;183;0.00157749
822;0SV006034SAC;157;183;0.00093178
822;0SV006034SAC;159;183;0.00022172
822;0SV006034SAC;160;183;0.00000943
822;0SV006034SAC;150;184;0.03038013
822;0SV006034SAC;151;184;0.05001855
822;0SV006034SAC;152;184;0.02944992
822;0SV006034SAC;153;184;0.02968531
822;0SV006034SAC;154;184;0.02448234
822;0SV006034SAC;155;184;0.00701880
822;0SV006034SAC;156;184;0.00212969
822;0SV006034SAC;157;184;0.00109326
822;0SV006034SAC;158;184;0.00023374
822;0SV006034SAC;159;184;0.00003700
822;0SV006034SAC;149;185;0.00225390
822;0SV006034SAC;150;185;0.02709301
822;0SV006034SAC;151;185;0.01600063
822;0SV006034SAC;152;185;0.02970199
822;0SV006034SAC;153;185;0.01073129
822;0SV006034SAC;154;185;0.00434119
822;0SV006034SAC;155;185;0.02914105
822;0SV006034SAC;156;185;0.00706846
822;0SV006034SAC;157;185;0.00117009
822;0SV006034SAC;158;185;0.00142898
822;0SV006034SAC;159;185;0.00008405
822;0SV006034SAC;148;186;0.00000332
822;0SV006034SAC;149;186;0.00011893
822;0SV006034SAC;150;186;0.03203478
822;0SV006034SAC;151;186;0.01849961
822;0SV006034SAC;152;186;0.02606448
822;0SV006034SAC;153;186;0.03490556
822;0SV006034SAC;154;186;0.00839868
822;0SV006034SAC;155;186;0.01285292
822;0SV006034SAC;156;186;0.01638167
822;0SV006034SAC;157;186;0.01679742
822;0SV006034SAC;158;186;0.01452079
822;0SV006034SAC;159;186;0.01016397
822;0SV006034SAC;148;187;0.00721650
822;0SV006034SAC;149;187;0.01049767
822;0SV006034SAC;150;187;0.01023137
822;0SV006034SAC;151;187;0.00314556
822;0SV006034SAC;152;187;0.00342026
822;0SV006034SAC;153;187;0.01947684
822;0SV006034SAC;154;187;0.03668039
822;0SV006034SAC;155;187;0.01996843
822;0SV006034SAC;156;187;0.01148727
822;0SV006034SAC;157;187;0.00945309
822;0SV006034SAC;158;187;0.00757577
822;0SV006034SAC;159;187;0.00039946
822;0SV006034SAC;148;188;0.00001507
822;0SV006034SAC;149;188;0.00001635
822;0SV006034SAC;150;188;0.00451015
822;0SV006034SAC;151;188;0.00158543
822;0SV006034SAC;152;188;0.00227672
822;0SV006034SAC;153;188;0.00671574
822;0SV006034SAC;154;188;0.01651524
822;0SV006034SAC;155;188;0.01666827
822;0SV006034SAC;156;188;0.00440328
822;0SV006034SAC;157;188;0.00323028
822;0SV006034SAC;158;188;0.00177126
822;0SV006034SAC;159;188;0.00037177
822;0SV006034SAC;150;189;0.00063062
822;0SV006034SAC;151;189;0.00001758
822;0SV006034SAC;152;189;0.00000006
822;SJV006020SJU;175;137;0.00011331
822;SJV006020SJU;176;137;0.00103315
822;SJV006020SJU;177;137;0.00103474
822;SJV006020SJU;178;137;0.00131299
822;SJV006020SJU;179;137;0.00131304
822;SJV006020SJU;180;137;0.00164644
822;SJV006020SJU;181;137;0.00447358
822;SJV006020SJU;182;137;0.00198270
822;SJV006020SJU;183;137;0.00009391
822;SJV006020SJU;184;137;0.01338246
822;SJV006020SJU;173;138;0.00291680
822;SJV006020SJU;174;138;0.00386568
822;SJV006020SJU;175;138;0.00252142
822;SJV006020SJU;176;138;0.00079647
822;SJV006020SJU;180;138;0.00109646
822;SJV006020SJU;181;138;0.00404556
822;SJV006020SJU;182;138;0.00018288
822;SJV006020SJU;183;138;0.04776843
822;SJV006020SJU;184;138;0.01384391
822;SJV006020SJU;185;138;0.00856423
822;SJV006020SJU;186;138;0.00848397
822;SJV006020SJU;187;138;0.00676415
822;SJV006020SJU;174;139;0.00113747
822;SJV006020SJU;176;139;0.00127690
822;SJV006020SJU;177;139;0.00167476
822;SJV006020SJU;178;139;0.00159686
822;SJV006020SJU;179;139;0.00170525
822;SJV006020SJU;180;139;0.00395795
822;SJV006020SJU;181;139;0.00714757
822;SJV006020SJU;182;139;0.04038681
822;SJV006020SJU;183;139;0.01582164
822;SJV006020SJU;184;139;0.00421426
822;SJV006020SJU;185;139;0.00628508
822;SJV006020SJU;186;139;0.00611684
822;SJV006020SJU;187;139;0.02265373
822;SJV006020SJU;174;140;0.00142585
822;SJV006020SJU;175;140;0.00046604
822;SJV006020SJU;176;140;0.00053747
822;SJV006020SJU;177;140;0.00116340
822;SJV006020SJU;178;140;0.00084131
822;SJV006020SJU;179;140;0.00140522
822;SJV006020SJU;180;140;0.00943830
822;SJV006020SJU;181;140;0.05793349
822;SJV006020SJU;182;140;0.02543276
822;SJV006020SJU;183;140;0.00000831
822;SJV006020SJU;185;140;0.00175813
822;SJV006020SJU;187;140;0.01089924
822;SJV006020SJU;174;141;0.00106399
822;SJV006020SJU;177;141;0.00099183
822;SJV006020SJU;178;141;0.00052185
822;SJV006020SJU;179;141;0.00062406
822;SJV006020SJU;180;141;0.03526870
822;SJV006020SJU;181;141;0.05854741
822;SJV006020SJU;182;141;0.01070480
822;SJV006020SJU;183;141;0.00364110
822;SJV006020SJU;184;141;0.00185444
822;SJV006020SJU;185;141;0.00264596
822;SJV006020SJU;186;141;0.00207005
822;SJV006020SJU;187;141;0.01058954
822;SJV006020SJU;188;141;0.00096340
822;SJV006020SJU;189;141;0.00004291
822;SJV006020SJU;172;142;0.00024735
822;SJV006020SJU;173;142;0.00035787
822;SJV006020SJU;174;142;0.00178633
822;SJV006020SJU;175;142;0.00128741
822;SJV006020SJU;176;142;0.00079597
822;SJV006020SJU;177;142;0.00194845
822;SJV006020SJU;178;142;0.00135689
822;SJV006020SJU;179;142;0.02358478
822;SJV006020SJU;180;142;0.03089194
822;SJV006020SJU;181;142;0.00474679
822;SJV006020SJU;182;142;0.00146076
822;SJV006020SJU;183;142;0.00402470
822;SJV006020SJU;184;142;0.00491650
822;SJV006020SJU;185;142;0.00483512
822;SJV006020SJU;186;142;0.00491595
822;SJV006020SJU;187;142;0.01668335
822;SJV006020SJU;188;142;0.00501129
822;SJV006020SJU;189;142;0.00019289
822;SJV006020SJU;172;143;0.00028598
822;SJV006020SJU;174;143;0.00078572
822;SJV006020SJU;175;143;0.00093014
822;SJV006020SJU;176;143;0.00078185
822;SJV006020SJU;177;143;0.00168269
822;SJV006020SJU;178;143;0.02062634
822;SJV006020SJU;179;143;0.03150817
822;SJV006020SJU;180;143;0.00073459
822;SJV006020SJU;181;143;0.00234466
822;SJV006020SJU;182;143;0.00108263
822;SJV006020SJU;183;143;0.00057904
822;SJV006020SJU;184;143;0.00053783
822;SJV006020SJU;187;143;0.01316881
822;SJV006020SJU;172;144;0.00792632
822;SJV006020SJU;173;144;0.00897967
822;SJV006020SJU;174;144;0.00975207
822;SJV006020SJU;175;144;0.00895791
822;SJV006020SJU;176;144;0.01157402
822;SJV006020SJU;177;144;0.01816470
822;SJV006020SJU;178;144;0.03640752
822;SJV006020SJU;179;144;0.00105663
822;SJV006020SJU;181;144;0.00100800
822;SJV006020SJU;183;144;0.00073106
822;SJV006020SJU;184;144;0.00043271
822;SJV006020SJU;185;144;0.00103339
822;SJV006020SJU;186;144;0.00016641
822;SJV006020SJU;187;144;0.00296434
822;SJV006020SJU;188;144;0.01114202
822;SJV006020SJU;174;145;0.00035748
822;SJV006020SJU;175;145;0.00046491
822;SJV006020SJU;176;145;0.01165943
822;SJV006020SJU;177;145;0.03351596
822;SJV006020SJU;178;145;0.00172962
822;SJV006020SJU;179;145;0.00129462
822;SJV006020SJU;180;145;0.00103813
822;SJV006020SJU;181;145;0.00116460
822;SJV006020SJU;182;145;0.00070915
822;SJV006020SJU;183;145;0.00050321
822;SJV006020SJU;184;145;0.00134525
822;SJV006020SJU;185;145;0.00099788
822;SJV006020SJU;186;145;0.00016830
822;SJV006020SJU;188;145;0.01348512
822;SJV006020SJU;189;145;0.00367960
822;SJV006020SJU;176;146;0.00426943
822;SJV006020SJU;178;146;0.00010009
822;SJV006020SJU;179;146;0.00011039
822;SJV006020SJU;184;146;0.00069136
822;SJV006020SJU;185;146;0.00002930
822;SJV006020SJU;186;146;0.00109236
822;SJV006020SJU;187;146;0.00059814
822;SJV006020SJU;188;146;0.01154911
822;SJV006020SJU;189;146;0.00064990
822;SJV006020SJU;190;146;0.00255875
822;SJV006020SJU;193;146;0.00039637
822;SJV006020SJU;184;147;0.00056654
822;SJV006020SJU;186;147;0.00034335
822;SJV006020SJU;187;147;0.00372576
822;SJV006020SJU;188;147;0.00717354
822;SJV006020SJU;189;147;0.00414288
822;SJV006020SJU;190;147;0.00046565
822;SJV006020SJU;191;147;0.00225309
822;SJV006020SJU;192;147;0.00236652
822;SJV006020SJU;193;147;0.00113726
822;SJV006020SJU;194;147;0.00006542
822;SJV006020SJU;184;148;0.00043764
822;SJV006020SJU;185;148;0.00032450
822;SJV006020SJU;186;148;0.00109983
822;SJV006020SJU;187;148;0.00263371
822;SJV006020SJU;188;148;0.00461036
822;SJV006020SJU;189;148;0.00768382
822;SJV006020SJU;192;148;0.00090884
822;SJV006020SJU;193;148;0.00299337
822;SJV006020SJU;183;149;0.00007809
822;SJV006020SJU;184;149;0.00013854
822;SJV006020SJU;185;149;0.00003233
822;SJV006020SJU;186;149;0.00006733
822;SJV006020SJU;187;149;0.00002063
822;SJV006020SJU;188;149;0.00130135
822;SJV006020SJU;189;149;0.01531779
822;SJV006020SJU;190;149;0.00497516
822;SJV006020SJU;191;149;0.00041457
822;SJV006020SJU;192;149;0.00029662
822;SJV006020SJU;193;149;0.00146763
822;SJV006020SJU;187;150;0.00060696
822;SJV006020SJU;190;150;0.01505282
822;SJV006020SJU;191;150;0.00123441
822;SJV006020SJU;192;150;0.00223485
822;SJV006020SJU;193;150;0.00043827
822;SJV006020SJU;187;151;0.00049970
822;SJV006020SJU;188;151;0.00233909
822;SJV006020SJU;189;151;0.00485524
822;SJV006020SJU;190;151;0.01270049
822;SJV006020SJU;191;151;0.00254951
822;SJV006020SJU;192;151;0.00047258
822;SJV006020SJU;188;152;0.00165079
822;SJV006020SJU;190;152;0.00344096
822;SJV006020SJU;188;153;0.00059201
822;SJV006020SJU;190;153;0.00253797
822;SJV006020SJU;190;154;0.00115325
822;0SV0060580FR;150;195;0.01667928
822;0SV0060580FR;149;196;0.00256298
822;0SV0060580FR;150;196;0.03608099
822;0SV0060580FR;151;196;0.00287728
822;0SV0060580FR;152;196;0.05520909
822;0SV0060580FR;153;196;0.00171277
822;0SV0060580FR;149;197;0.00422375
822;0SV0060580FR;150;197;0.04819474
822;0SV0060580FR;151;197;0.05202428
822;0SV0060580FR;152;197;0.00198910
822;0SV0060580FR;153;197;0.00853574
822;0SV0060580FR;154;197;0.00169392
822;0SV0060580FR;149;198;0.01284336
822;0SV0060580FR;150;198;0.09067875
822;0SV0060580FR;151;198;0.00131353
822;0SV0060580FR;152;198;0.00074907
822;0SV0060580FR;153;198;0.00006404
822;0SV0060580FR;154;198;0.00569105
822;0SV0060580FR;149;199;0.14788560
822;0SV0060580FR;150;199;0.03561931
822;0SV0060580FR;151;199;0.00607695
822;0SV0060580FR;152;199;0.00475672
822;0SV0060580FR;154;199;0.00558032
822;0SV0060580FR;148;200;0.02642915
822;0SV0060580FR;149;200;0.12513429
822;0SV0060580FR;150;200;0.00744235
822;0SV0060580FR;151;200;0.01533484
822;0SV0060580FR;152;200;0.01492387
822;0SV0060580FR;153;200;0.00050061
822;0SV0060580FR;154;200;0.00334130
822;0SV0060580FR;149;201;0.02312905
822;0SV0060580FR;150;201;0.02543535
822;0SV0060580FR;153;201;0.01465674
822;0SV0060580FR;154;201;0.01414860
822;0SV0060580FR;155;201;0.01281432
822;0SV0060580FR;148;202;0.01285136
822;0SV0060580FR;149;202;0.00866731
822;0SV0060580FR;150;202;0.01028965
822;0SV0060580FR;151;202;0.01295932
822;0SV0060580FR;152;202;0.00661841
822;0SV0060580FR;153;202;0.00072135
822;0SV0060580FR;154;202;0.00058556
822;0SV0060580FR;149;203;0.02138030
822;0SV0060580FR;150;203;0.00101446
822;0SV0060580FR;151;203;0.00940915
822;0SV0060580FR;152;203;0.00763201
822;0SV0060580FR;153;203;0.00718867
822;0SV0060580FR;149;204;0.01237605
822;0SV0060580FR;150;204;0.00022792
822;0SV0060580FR;151;204;0.00283709
822;0SV0060580FR;152;204;0.00633430
822;0SV0060580FR;153;204;0.01062799
822;0SV0060580FR;154;204;0.00300425
822;0SV0060580FR;151;205;0.00026316
822;0SV0060580FR;152;205;0.00022748
822;0SV0060580FR;153;205;0.00168072
822;0SV0060580FR;154;205;0.00994945
822;0SV0060580FR;155;205;0.00242887
822;0SV0060580FR;156;205;0.00042271
822;0SV0060580FR;157;205;0.00038634
822;0SV0060580FR;158;205;0.00022749
822;0SV0060580FR;154;206;0.00670497
822;0SV0060580FR;155;206;0.00035195
822;0SV0060580FR;156;206;0.00240240
822;0SV0060580FR;157;206;0.00340244
822;0SV0060580FR;158;206;0.00413094
822;0SV0060580FR;155;207;0.00203990
822;0SV0060580FR;158;207;0.00106889
822;0SV0060580FR;159;207;0.00118535
822;0SV0060580FR;159;208;0.00004983
822;0SV0060580FR;160;208;0.00135965
822;0SV0060580FR;160;209;0.00065922
822;SJV006054SJU;194;109;0.00007211
822;SJV006054SJU;196;109;0.00001519
822;SJV006054SJU;197;109;0.00018534
822;SJV006054SJU;198;109;0.00031130
822;SJV006054SJU;199;109;0.00689512
822;SJV006054SJU;200;109;0.00188684
822;SJV006054SJU;201;109;0.00074658
822;SJV006054SJU;202;109;0.00108059
822;SJV006054SJU;203;109;0.00147181
822;SJV006054SJU;208;109;0.00003217
822;SJV006054SJU;209;109;0.00041891
822;SJV006054SJU;194;110;0.00009746
822;SJV006054SJU;196;110;0.00048173
822;SJV006054SJU;197;110;0.00052026
822;SJV006054SJU;198;110;0.00058736
822;SJV006054SJU;199;110;0.01061674
822;SJV006054SJU;200;110;0.00090351
822;SJV006054SJU;201;110;0.00113923
822;SJV006054SJU;202;110;0.00128650
822;SJV006054SJU;203;110;0.00273999
822;SJV006054SJU;208;110;0.00025915
822;SJV006054SJU;209;110;0.00015716
822;SJV006054SJU;193;111;0.00013904
822;SJV006054SJU;194;111;0.00053299
822;SJV006054SJU;195;111;0.00016857
822;SJV006054SJU;196;111;0.00058837
822;SJV006054SJU;198;111;0.00008101
822;SJV006054SJU;199;111;0.01053320
822;SJV006054SJU;200;111;0.00050381
822;SJV006054SJU;201;111;0.00072882
822;SJV006054SJU;202;111;0.00043605
822;SJV006054SJU;203;111;0.00277513
822;SJV006054SJU;207;111;0.00050122
822;SJV006054SJU;208;111;0.00017975
822;SJV006054SJU;209;111;0.00046493
822;SJV006054SJU;210;111;0.00055750
822;SJV006054SJU;211;111;0.00056321
822;SJV006054SJU;193;112;0.00000651
822;SJV006054SJU;194;112;0.00015578
822;SJV006054SJU;195;112;0.00119254
822;SJV006054SJU;196;112;0.00102535
822;SJV006054SJU;197;112;0.00104830
822;SJV006054SJU;198;112;0.01273789
822;SJV006054SJU;199;112;0.00368470
822;SJV006054SJU;200;112;0.00115527
822;SJV006054SJU;201;112;0.00153583
822;SJV006054SJU;202;112;0.00118795
822;SJV006054SJU;203;112;0.00418383
822;SJV006054SJU;204;112;0.00121303
822;SJV006054SJU;205;112;0.00059358
822;SJV006054SJU;206;112;0.00064198
822;SJV006054SJU;207;112;0.00048313
822;SJV006054SJU;208;112;0.00033069
822;SJV006054SJU;209;112;0.00027954
822;SJV006054SJU;210;112;0.00056705
822;SJV006054SJU;211;112;0.00058004
822;SJV006054SJU;193;113;0.00000736
822;SJV006054SJU;194;113;0.00020689
822;SJV006054SJU;195;113;0.00051933
822;SJV006054SJU;196;113;0.00000547
822;SJV006054SJU;198;113;0.01408633
822;SJV006054SJU;199;113;0.00007507
822;SJV006054SJU;201;113;0.00052170
822;SJV006054SJU;202;113;0.00015819
822;SJV006054SJU;203;113;0.00341569
822;SJV006054SJU;204;113;0.00057373
822;SJV006054SJU;206;113;0.00017393
822;SJV006054SJU;208;113;0.00037346
822;SJV006054SJU;209;113;0.00044049
822;SJV006054SJU;194;114;0.00075371
822;SJV006054SJU;196;114;0.00000476
822;SJV006054SJU;197;114;0.00023675
822;SJV006054SJU;198;114;0.01553087
822;SJV006054SJU;199;114;0.00098071
822;SJV006054SJU;200;114;0.00083418
822;SJV006054SJU;201;114;0.00118112
822;SJV006054SJU;202;114;0.00113729
822;SJV006054SJU;203;114;0.00505314
822;SJV006054SJU;204;114;0.00175318
822;SJV006054SJU;205;114;0.00081663
822;SJV006054SJU;206;114;0.00003108
822;SJV006054SJU;207;114;0.00057665
822;SJV006054SJU;208;114;0.00026039
822;SJV006054SJU;193;115;0.00030342
822;SJV006054SJU;194;115;0.00066650
822;SJV006054SJU;195;115;0.00046293
822;SJV006054SJU;196;115;0.00087203
822;SJV006054SJU;197;115;0.00123311
822;SJV006054SJU;198;115;0.01590492
822;SJV006054SJU;199;115;0.00125419
822;SJV006054SJU;200;115;0.00095003
822;SJV006054SJU;201;115;0.00121325
822;SJV006054SJU;202;115;0.00149753
822;SJV006054SJU;203;115;0.00067380
822;SJV006054SJU;204;115;0.00674998
822;SJV006054SJU;205;115;0.00032766
822;SJV006054SJU;206;115;0.00079573
822;SJV006054SJU;207;115;0.00047885
822;SJV006054SJU;208;115;0.00081283
822;SJV006054SJU;209;115;0.00045058
822;SJV006054SJU;193;116;0.00144903
822;SJV006054SJU;194;116;0.00106065
822;SJV006054SJU;195;116;0.00125619
822;SJV006054SJU;196;116;0.00127656
822;SJV006054SJU;197;116;0.00254370
822;SJV006054SJU;198;116;0.01930914
822;SJV006054SJU;199;116;0.00286424
822;SJV006054SJU;200;116;0.00246463
822;SJV006054SJU;201;116;0.00287242
822;SJV006054SJU;202;116;0.00285233
822;SJV006054SJU;203;116;0.00533065
822;SJV006054SJU;204;116;0.01945727
822;SJV006054SJU;205;116;0.00477170
822;SJV006054SJU;206;116;0.00380504
822;SJV006054SJU;207;116;0.00044762
822;SJV006054SJU;208;116;0.00027151
822;SJV006054SJU;193;117;0.00008490
822;SJV006054SJU;197;117;0.01455339
822;SJV006054SJU;198;117;0.00300636
822;SJV006054SJU;199;117;0.00064001
822;SJV006054SJU;200;117;0.00044354
822;SJV006054SJU;201;117;0.00111874
822;SJV006054SJU;202;117;0.00091674
822;SJV006054SJU;203;117;0.00464509
822;SJV006054SJU;204;117;0.01662900
822;SJV006054SJU;205;117;0.00047811
822;SJV006054SJU;206;117;0.00010484
822;SJV006054SJU;207;117;0.00212758
822;SJV006054SJU;208;117;0.00039882
822;SJV006054SJU;193;118;0.00102133
822;SJV006054SJU;194;118;0.00090621
822;SJV006054SJU;195;118;0.00146768
822;SJV006054SJU;196;118;0.00159776
822;SJV006054SJU;197;118;0.02020890
822;SJV006054SJU;198;118;0.00083030
822;SJV006054SJU;199;118;0.00107156
822;SJV006054SJU;201;118;0.00089643
822;SJV006054SJU;202;118;0.00006361
822;SJV006054SJU;203;118;0.01219712
822;SJV006054SJU;204;118;0.00051420
822;SJV006054SJU;205;118;0.00028132
822;SJV006054SJU;206;118;0.00033937
822;SJV006054SJU;207;118;0.00038882
822;SJV006054SJU;208;118;0.00042495
822;SJV006054SJU;209;118;0.00035784
822;SJV006054SJU;193;119;0.00006618
822;SJV006054SJU;194;119;0.00046267
822;SJV006054SJU;196;119;0.00006754
822;SJV006054SJU;197;119;0.02122278
822;SJV006054SJU;198;119;0.00062758
822;SJV006054SJU;199;119;0.00156416
822;SJV006054SJU;200;119;0.00064441
822;SJV006054SJU;201;119;0.00145659
822;SJV006054SJU;202;119;0.00191984
822;SJV006054SJU;203;119;0.01082865
822;SJV006054SJU;204;119;0.00061468
822;SJV006054SJU;205;119;0.00032811
822;SJV006054SJU;206;119;0.00000869
822;SJV006054SJU;209;119;0.00028440
822;SJV006054SJU;210;119;0.00002276
822;SJV006054SJU;193;120;0.00027821
822;SJV006054SJU;194;120;0.00170703
822;SJV006054SJU;195;120;0.00181220
822;SJV006054SJU;196;120;0.00252772
822;SJV006054SJU;197;120;0.03349300
822;SJV006054SJU;198;120;0.00638339
822;SJV006054SJU;199;120;0.00570738
822;SJV006054SJU;200;120;0.00453489
822;SJV006054SJU;201;120;0.00670439
822;SJV006054SJU;202;120;0.01513451
822;SJV006054SJU;203;120;0.00136696
822;SJV006054SJU;204;120;0.00012141
822;SJV006054SJU;209;120;0.00019600
822;SJV006054SJU;195;121;0.00080195
822;SJV006054SJU;196;121;0.00277572
822;SJV006054SJU;197;121;0.03094059
822;SJV006054SJU;198;121;0.00870788
822;SJV006054SJU;199;121;0.00276609
822;SJV006054SJU;200;121;0.00199210
822;SJV006054SJU;201;121;0.00503538
822;SJV006054SJU;202;121;0.00242274
822;SJV006054SJU;203;121;0.00009585
822;SJV006054SJU;206;121;0.00000249
822;SJV006054SJU;207;121;0.00017881
822;SJV006054SJU;208;121;0.00013624
822;SJV006054SJU;209;121;0.00002514
822;SJV006054SJU;193;122;0.00018067
822;SJV006054SJU;194;122;0.00021734
822;SJV006054SJU;195;122;0.00154571
822;SJV006054SJU;196;122;0.02144524
822;SJV006054SJU;197;122;0.00821323
822;SJV006054SJU;198;122;0.00891799
822;SJV006054SJU;199;122;0.00323179
822;SJV006054SJU;200;122;0.00080078
822;SJV006054SJU;201;122;0.00558299
822;SJV006054SJU;202;122;0.00165280
822;SJV006054SJU;203;122;0.00009189
822;SJV006054SJU;204;122;0.00011169
822;SJV006054SJU;205;122;0.00012870
822;SJV006054SJU;206;122;0.00012200
822;SJV006054SJU;194;123;0.00232110
822;SJV006054SJU;195;123;0.01064739
822;SJV006054SJU;196;123;0.03496064
822;SJV006054SJU;197;123;0.04181170
822;SJV006054SJU;198;123;0.03603064
822;SJV006054SJU;199;123;0.02442026
822;SJV006054SJU;200;123;0.01664142
822;SJV006054SJU;201;123;0.01836298
822;SJV006054SJU;202;123;0.00462913
822;SJV006054SJU;203;123;0.00050581
822;SJV006054SJU;194;124;0.00038525
822;SJV006054SJU;195;124;0.01901830
822;SJV006054SJU;196;124;0.00890962
822;SJV006054SJU;197;124;0.00985959
822;SJV006054SJU;198;124;0.01341046
822;SJV006054SJU;199;124;0.00338071
822;SJV006054SJU;200;124;0.00256674
822;SJV006054SJU;201;124;0.00245234
822;SJV006054SJU;202;124;0.00127431
822;SJV006054SJU;203;124;0.00250477
822;SJV006054SJU;204;124;0.00016943
822;SJV006054SJU;194;125;0.00589866
822;SJV006054SJU;195;125;0.00974885
822;SJV006054SJU;196;125;0.00440135
822;SJV006054SJU;197;125;0.00174275
822;SJV006054SJU;198;125;0.00621251
822;SJV006054SJU;199;125;0.00342183
822;SJV006054SJU;200;125;0.00278453
822;SJV006054SJU;201;125;0.00263411
822;SJV006054SJU;202;125;0.00145852
822;SJV006054SJU;203;125;0.00005458
822;SJV006054SJU;204;125;0.00192265
822;SJV006054SJU;205;125;0.00262679
822;SJV006054SJU;207;125;0.00039925
822;SJV006054SJU;208;125;0.00030336
822;SJV006054SJU;194;126;0.01579681
822;SJV006054SJU;196;126;0.00386330
822;SJV006054SJU;197;126;0.00061117
822;SJV006054SJU;198;126;0.00501634
822;SJV006054SJU;199;126;0.00124703
822;SJV006054SJU;200;126;0.00047218
822;SJV006054SJU;201;126;0.00099021
822;SJV006054SJU;202;126;0.00311717
822;SJV006054SJU;203;126;0.00084926
822;SJV006054SJU;204;126;0.00152116
822;SJV006054SJU;205;126;0.00036789
822;SJV006054SJU;206;126;0.00257374
822;SJV006054SJU;207;126;0.00038187
822;SJV006054SJU;193;127;0.00601143
822;SJV006054SJU;194;127;0.01075027
822;SJV006054SJU;195;127;0.00044958
822;SJV006054SJU;196;127;0.00418848
822;SJV006054SJU;197;127;0.00082322
822;SJV006054SJU;198;127;0.00469026
822;SJV006054SJU;199;127;0.00038620
822;SJV006054SJU;200;127;0.00036604
822;SJV006054SJU;201;127;0.00042865
822;SJV006054SJU;202;127;0.00081855
822;SJV006054SJU;204;127;0.00023748
822;SJV006054SJU;206;127;0.00065245
822;SJV006054SJU;207;127;0.00067122
822;SJV006054SJU;192;128;0.00229485
822;SJV006054SJU;193;128;0.00871269
822;SJV006054SJU;194;128;0.00491870
822;SJV006054SJU;195;128;0.00166111
822;SJV006054SJU;196;128;0.00478024
822;SJV006054SJU;197;128;0.00050214
822;SJV006054SJU;198;128;0.00464282
822;SJV006054SJU;199;128;0.00155456
822;SJV006054SJU;200;128;0.00085958
822;SJV006054SJU;201;128;0.00046410
822;SJV006054SJU;202;128;0.00009972
822;SJV006054SJU;204;128;0.00023620
822;SJV006054SJU;207;128;0.00002348
822;SJV006054SJU;208;128;0.00023636
822;SJV006054SJU;193;129;0.00073873
822;SJV006054SJU;194;129;0.00488824
822;SJV006054SJU;195;129;0.00547306
822;SJV006054SJU;196;129;0.00957670
822;SJV006054SJU;197;129;0.00388686
822;SJV006054SJU;198;129;0.00712708
822;SJV006054SJU;199;129;0.00099073
822;SJV006054SJU;200;129;0.00021570
822;SJV006054SJU;201;129;0.00010061
822;SJV006054SJU;202;129;0.00001700
822;SJV006054SJU;204;129;0.00026576
822;SJV006054SJU;194;130;0.00065122
822;SJV006054SJU;195;130;0.00162186
822;SJV006054SJU;196;130;0.00426520
822;SJV006054SJU;197;130;0.00221492
822;SJV006054SJU;198;130;0.00192533
822;SJV006054SJU;199;130;0.00000081
822;SJV006054SJU;200;130;0.00029891
822;SJV006054SJU;201;130;0.00055139
822;SJV006054SJU;202;130;0.00005352
822;SJV006054SJU;204;130;0.00029654
822;SJV006054SJU;198;131;0.00103990
822;SJV006054SJU;202;131;0.00047585
822;SJV006054SJU;203;131;0.00043526
822;SJV006054SJU;204;131;0.00038638
822;SJV006054SJU;198;132;0.00036392
822;SJV006054SJU;204;132;0.00042341
822;0SD0060370SD;251;21;0.00000007
822;0SD0060370SD;250;22;0.00013553
822;0SD0060370SD;251;22;0.00312965
822;0SD0060370SD;252;22;0.00634769
822;0SD0060370SD;253;22;0.00481019
822;0SD0060370SD;254;22;0.00331681
822;0SD0060370SD;255;22;0.00000116
822;0SD0060370SD;249;23;0.00003261
822;0SD0060370SD;250;23;0.00256458
822;0SD0060370SD;251;23;0.00322424
822;0SD0060370SD;252;23;0.00658318
822;0SD0060370SD;253;23;0.00085032
822;0SD0060370SD;254;23;0.00006753
822;0SD0060370SD;260;23;0.00007569
822;0SD0060370SD;261;23;0.00039293
822;0SD0060370SD;263;23;0.00015715
822;0SD0060370SD;264;23;0.00021084
822;0SD0060370SD;249;24;0.00015897
822;0SD0060370SD;250;24;0.00770604
822;0SD0060370SD;251;24;0.00743187
822;0SD0060370SD;252;24;0.00442770
822;0SD0060370SD;253;24;0.00231994
822;0SD0060370SD;254;24;0.00021651
822;0SD0060370SD;255;24;0.00004942
822;0SD0060370SD;256;24;0.00000408
822;0SD0060370SD;258;24;0.00011493
822;0SD0060370SD;259;24;0.00010476
822;0SD0060370SD;260;24;0.00003058
822;0SD0060370SD;261;24;0.00032879
822;0SD0060370SD;262;24;0.00035220
822;0SD0060370SD;263;24;0.00018235
822;0SD0060370SD;264;24;0.00022125
822;0SD0060370SD;265;24;0.00031293
822;0SD0060370SD;267;24;0.00000001
822;0SD0060370SD;271;24;0.00000250
822;0SD0060370SD;247;25;0.00000039
822;0SD0060370SD;248;25;0.00038285
822;0SD0060370SD;249;25;0.00201449
822;0SD0060370SD;250;25;0.01369031
822;0SD0060370SD;251;25;0.01017557
822;0SD0060370SD;252;25;0.00292737
822;0SD0060370SD;253;25;0.00159767
822;0SD0060370SD;254;25;0.00004499
822;0SD0060370SD;256;25;0.00009815
822;0SD0060370SD;257;25;0.00014813
822;0SD0060370SD;258;25;0.00003886
822;0SD0060370SD;259;25;0.00000483
822;0SD0060370SD;264;25;0.00001944
822;0SD0060370SD;265;25;0.00024080
822;0SD0060370SD;266;25;0.00046672
822;0SD0060370SD;267;25;0.00034722
822;0SD0060370SD;268;25;0.00008810
822;0SD0060370SD;270;25;0.00000326
822;0SD0060370SD;271;25;0.00143809
822;0SD0060370SD;272;25;0.00272000
822;0SD0060370SD;273;25;0.00208524
822;0SD0060370SD;246;26;0.00000030
822;0SD0060370SD;247;26;0.00044181
822;0SD0060370SD;248;26;0.00195622
822;0SD0060370SD;249;26;0.01728240
822;0SD0060370SD;250;26;0.02088452
822;0SD0060370SD;251;26;0.00152732
822;0SD0060370SD;252;26;0.00390144
822;0SD0060370SD;253;26;0.00008281
822;0SD0060370SD;254;26;0.00000016
822;0SD0060370SD;255;26;0.00005033
822;0SD0060370SD;256;26;0.00007692
822;0SD0060370SD;257;26;0.00000008
822;0SD0060370SD;258;26;0.00000478
822;0SD0060370SD;259;26;0.00000113
822;0SD0060370SD;264;26;0.00004115
822;0SD0060370SD;266;26;0.00000010
822;0SD0060370SD;267;26;0.00000043
822;0SD0060370SD;268;26;0.00091579
822;0SD0060370SD;269;26;0.00298392
822;0SD0060370SD;270;26;0.00263217
822;0SD0060370SD;271;26;0.00146667
822;0SD0060370SD;273;26;0.00203140
822;0SD0060370SD;247;27;0.00218008
822;0SD0060370SD;248;27;0.01534142
822;0SD0060370SD;249;27;0.00964292
822;0SD0060370SD;250;27;0.01475165
822;0SD0060370SD;251;27;0.00400327
822;0SD0060370SD;252;27;0.00729580
822;0SD0060370SD;253;27;0.00139093
822;0SD0060370SD;254;27;0.00053176
822;0SD0060370SD;255;27;0.00014393
822;0SD0060370SD;256;27;0.00002434
822;0SD0060370SD;257;27;0.00001502
822;0SD0060370SD;258;27;0.00000322
822;0SD0060370SD;259;27;0.00000083
822;0SD0060370SD;260;27;0.00000093
822;0SD0060370SD;264;27;0.00095059
822;0SD0060370SD;265;27;0.00266688
822;0SD0060370SD;266;27;0.00242319
822;0SD0060370SD;267;27;0.00254739
822;0SD0060370SD;268;27;0.00188295
822;0SD0060370SD;269;27;0.00000017
822;0SD0060370SD;270;27;0.00000001
822;0SD0060370SD;246;28;0.00003242
822;0SD0060370SD;247;28;0.00252251
822;0SD0060370SD;248;28;0.00758108
822;0SD0060370SD;249;28;0.02149527
822;0SD0060370SD;250;28;0.01604150
822;0SD0060370SD;251;28;0.00589994
822;0SD0060370SD;252;28;0.00894512
822;0SD0060370SD;253;28;0.00442191
822;0SD0060370SD;254;28;0.00029283
822;0SD0060370SD;255;28;0.00010923
822;0SD0060370SD;256;28;0.00006045
822;0SD0060370SD;257;28;0.00000067
822;0SD0060370SD;258;28;0.00000183
822;0SD0060370SD;259;28;0.00000280
822;0SD0060370SD;260;28;0.00000141
822;0SD0060370SD;264;28;0.00257622
822;0SD0060370SD;265;28;0.00000018
822;0SD0060370SD;269;28;0.00000001
822;0SD0060370SD;246;29;0.00020072
822;0SD0060370SD;247;29;0.01120890
822;0SD0060370SD;248;29;0.00473752
822;0SD0060370SD;249;29;0.01744343
822;0SD0060370SD;250;29;0.00965588
822;0SD0060370SD;251;29;0.00021235
822;0SD0060370SD;252;29;0.00180951
822;0SD0060370SD;253;29;0.00861480
822;0SD0060370SD;254;29;0.00546630
822;0SD0060370SD;255;29;0.00056524
822;0SD0060370SD;256;29;0.00004202
822;0SD0060370SD;257;29;0.00001532
822;0SD0060370SD;258;29;0.00000603
822;0SD0060370SD;259;29;0.00000107
822;0SD0060370SD;260;29;0.00000129
822;0SD0060370SD;261;29;0.00000203
822;0SD0060370SD;263;29;0.00030698
822;0SD0060370SD;264;29;0.00295255
822;0SD0060370SD;265;29;0.00000004
822;0SD0060370SD;246;30;0.00065464
822;0SD0060370SD;247;30;0.01029574
822;0SD0060370SD;248;30;0.02165003
822;0SD0060370SD;249;30;0.01010864
822;0SD0060370SD;250;30;0.02151317
822;0SD0060370SD;251;30;0.00737089
822;0SD0060370SD;252;30;0.00842110
822;0SD0060370SD;253;30;0.00594050
822;0SD0060370SD;254;30;0.00145115
822;0SD0060370SD;255;30;0.00402583
822;0SD0060370SD;256;30;0.00316968
822;0SD0060370SD;257;30;0.00357290
822;0SD0060370SD;258;30;0.00286558
822;0SD0060370SD;259;30;0.00281581
822;0SD0060370SD;260;30;0.00264336
822;0SD0060370SD;261;30;0.00294002
822;0SD0060370SD;262;30;0.00260979
822;0SD0060370SD;263;30;0.00233558
822;0SD0060370SD;264;30;0.00000359
822;0SD0060370SD;265;30;0.00000061
822;0SD0060370SD;271;30;0.00000001
822;0SD0060370SD;272;30;0.00000001
822;0SD0060370SD;273;30;0.00000001
822;0SD0060370SD;247;31;0.02101486
822;0SD0060370SD;248;31;0.01013692
822;0SD0060370SD;249;31;0.00292120
822;0SD0060370SD;250;31;0.01831327
822;0SD0060370SD;251;31;0.00000183
822;0SD0060370SD;253;31;0.00000832
822;0SD0060370SD;254;31;0.00116802
822;0SD0060370SD;255;31;0.00017383
822;0SD0060370SD;256;31;0.00000235
822;0SD0060370SD;260;31;0.00000027
822;0SD0060370SD;261;31;0.00000429
822;0SD0060370SD;262;31;0.00014150
822;0SD0060370SD;264;31;0.00000111
822;0SD0060370SD;265;31;0.00000248
822;0SD0060370SD;266;31;0.00000129
822;0SD0060370SD;271;31;0.00000001
822;0SD0060370SD;246;32;0.00016947
822;0SD0060370SD;247;32;0.02433944
822;0SD0060370SD;248;32;0.00022414
822;0SD0060370SD;249;32;0.00117874
822;0SD0060370SD;250;32;0.01792552
822;0SD0060370SD;251;32;0.00216767
822;0SD0060370SD;252;32;0.00029434
822;0SD0060370SD;253;32;0.00078440
822;0SD0060370SD;254;32;0.00013692
822;0SD0060370SD;255;32;0.00027582
822;0SD0060370SD;260;32;0.00000023
822;0SD0060370SD;261;32;0.00000001
822;0SD0060370SD;262;32;0.00012008
822;0SD0060370SD;264;32;0.00000003
822;0SD0060370SD;265;32;0.00000027
822;0SD0060370SD;270;32;0.00000001
822;0SD0060370SD;246;33;0.01556808
822;0SD0060370SD;247;33;0.00454182
822;0SD0060370SD;248;33;0.00292515
822;0SD0060370SD;249;33;0.00263237
822;0SD0060370SD;250;33;0.01872942
822;0SD0060370SD;251;33;0.00175811
822;0SD0060370SD;252;33;0.00081232
822;0SD0060370SD;253;33;0.00094557
822;0SD0060370SD;255;33;0.00004583
822;0SD0060370SD;256;33;0.00013345
822;0SD0060370SD;260;33;0.00000001
822;0SD0060370SD;261;33;0.00000001
822;0SD0060370SD;262;33;0.00013317
822;0SD0060370SD;263;33;0.00000002
822;0SD0060370SD;264;33;0.00000014
822;0SD0060370SD;269;33;0.00000001
822;0SD0060370SD;245;34;0.00000048
822;0SD0060370SD;246;34;0.02131720
822;0SD0060370SD;247;34;0.00036008
822;0SD0060370SD;248;34;0.00036919
822;0SD0060370SD;249;34;0.00049845
822;0SD0060370SD;250;34;0.01660188
822;0SD0060370SD;251;34;0.00049088
822;0SD0060370SD;252;34;0.00009708
822;0SD0060370SD;253;34;0.00095325
822;0SD0060370SD;254;34;0.00037444
822;0SD0060370SD;255;34;0.00005585
822;0SD0060370SD;256;34;0.00025180
822;0SD0060370SD;257;34;0.00002343
822;0SD0060370SD;260;34;0.00000001
822;0SD0060370SD;261;34;0.00000026
822;0SD0060370SD;262;34;0.00015318
822;0SD0060370SD;263;34;0.00000017
822;0SD0060370SD;265;34;0.00000066
822;0SD0060370SD;245;35;0.01033727
822;0SD0060370SD;246;35;0.01022224
822;0SD0060370SD;247;35;0.00026372
822;0SD0060370SD;248;35;0.00027449
822;0SD0060370SD;249;35;0.00041604
822;0SD0060370SD;250;35;0.01498754
822;0SD0060370SD;251;35;0.00028947
822;0SD0060370SD;252;35;0.00000335
822;0SD0060370SD;253;35;0.00005371
822;0SD0060370SD;254;35;0.00028197
822;0SD0060370SD;255;35;0.00042090
822;0SD0060370SD;256;35;0.00004899
822;0SD0060370SD;257;35;0.00000959
822;0SD0060370SD;260;35;0.00000040
822;0SD0060370SD;261;35;0.00000272
822;0SD0060370SD;262;35;0.00009507
822;0SD0060370SD;265;35;0.00000236
822;0SD0060370SD;266;35;0.00000006
822;0SD0060370SD;245;36;0.01884177
822;0SD0060370SD;246;36;0.00196411
822;0SD0060370SD;247;36;0.00046745
822;0SD0060370SD;248;36;0.00010587
822;0SD0060370SD;249;36;0.00027004
822;0SD0060370SD;250;36;0.01506672
822;0SD0060370SD;251;36;0.00061491
822;0SD0060370SD;252;36;0.00013449
822;0SD0060370SD;253;36;0.00001724
822;0SD0060370SD;254;36;0.00020283
822;0SD0060370SD;255;36;0.00030450
822;0SD0060370SD;256;36;0.00021142
822;0SD0060370SD;257;36;0.00010469
822;0SD0060370SD;258;36;0.00014121
822;0SD0060370SD;260;36;0.00000023
822;0SD0060370SD;261;36;0.00002820
822;0SD0060370SD;262;36;0.00011291
822;0SD0060370SD;265;36;0.00000078
822;0SD0060370SD;266;36;0.00000083
822;0SD0060370SD;244;37;0.00439123
822;0SD0060370SD;245;37;0.01635766
822;0SD0060370SD;246;37;0.00307768
822;0SD0060370SD;247;37;0.00131520
822;0SD0060370SD;248;37;0.00027396
822;0SD0060370SD;249;37;0.00206033
822;0SD0060370SD;250;37;0.01583411
822;0SD0060370SD;251;37;0.00067773
822;0SD0060370SD;252;37;0.00028355
822;0SD0060370SD;253;37;0.00030706
822;0SD0060370SD;254;37;0.00019559
822;0SD0060370SD;255;37;0.00000125
822;0SD0060370SD;256;37;0.00000014
822;0SD0060370SD;257;37;0.00005091
822;0SD0060370SD;258;37;0.00000178
822;0SD0060370SD;259;37;0.00016073
822;0SD0060370SD;260;37;0.00015006
822;0SD0060370SD;261;37;0.00011795
822;0SD0060370SD;262;37;0.00005532
822;0SD0060370SD;263;37;0.00005012
822;0SD0060370SD;264;37;0.00004691
822;0SD0060370SD;265;37;0.00000539
822;0SD0060370SD;244;38;0.01545573
822;0SD0060370SD;245;38;0.00156102
822;0SD0060370SD;246;38;0.00190826
822;0SD0060370SD;247;38;0.00823223
822;0SD0060370SD;248;38;0.00969517
822;0SD0060370SD;249;38;0.00953551
822;0SD0060370SD;250;38;0.00556267
822;0SD0060370SD;251;38;0.00078701
822;0SD0060370SD;252;38;0.00000018
822;0SD0060370SD;256;38;0.00000005
822;0SD0060370SD;257;38;0.00000017
822;0SD0060370SD;259;38;0.00004987
822;0SD0060370SD;263;38;0.00000077
822;0SD0060370SD;264;38;0.00000037
822;0SD0060370SD;265;38;0.00005795
822;0SD0060370SD;266;38;0.00002810
822;0SD0060370SD;267;38;0.00001254
822;0SD0060370SD;268;38;0.00000768
822;0SD0060370SD;243;39;0.01040573
822;0SD0060370SD;244;39;0.01430128
822;0SD0060370SD;245;39;0.00654099
822;0SD0060370SD;246;39;0.00653035
822;0SD0060370SD;247;39;0.00390793
822;0SD0060370SD;248;39;0.00028908
822;0SD0060370SD;249;39;0.00489973
822;0SD0060370SD;250;39;0.00003521
822;0SD0060370SD;251;39;0.00039431
822;0SD0060370SD;252;39;0.00037757
822;0SD0060370SD;253;39;0.00005769
822;0SD0060370SD;257;39;0.00000005
822;0SD0060370SD;258;39;0.00000006
822;0SD0060370SD;259;39;0.00005844
822;0SD0060370SD;262;39;0.00000090
822;0SD0060370SD;263;39;0.00000003
822;0SD0060370SD;266;39;0.00001241
822;0SD0060370SD;267;39;0.00002754
822;0SD0060370SD;268;39;0.00001402
822;0SD0060370SD;269;39;0.00002433
822;0SD0060370SD;270;39;0.00002207
822;0SD0060370SD;271;39;0.00002208
822;0SD0060370SD;272;39;0.00001351
822;0SD0060370SD;242;40;0.00417105
822;0SD0060370SD;243;40;0.01166290
822;0SD0060370SD;244;40;0.00165235
822;0SD0060370SD;245;40;0.00134388
822;0SD0060370SD;246;40;0.00088206
822;0SD0060370SD;247;40;0.00025978
822;0SD0060370SD;248;40;0.00138307
822;0SD0060370SD;249;40;0.00338722
822;0SD0060370SD;250;40;0.00000392
822;0SD0060370SD;251;40;0.00034812
822;0SD0060370SD;252;40;0.00016107
822;0SD0060370SD;253;40;0.00015313
822;0SD0060370SD;257;40;0.00000114
822;0SD0060370SD;258;40;0.00007192
822;0SD0060370SD;259;40;0.00003850
822;0SD0060370SD;261;40;0.00000452
822;0SD0060370SD;262;40;0.00001287
822;0SD0060370SD;263;40;0.00001191
822;0SD0060370SD;264;40;0.00000557
822;0SD0060370SD;265;40;0.00000401
822;0SD0060370SD;267;40;0.00001906
822;0SD0060370SD;268;40;0.00000531
822;0SD0060370SD;269;40;0.00000211
822;0SD0060370SD;241;41;0.00179369
822;0SD0060370SD;242;41;0.01012124
822;0SD0060370SD;243;41;0.00321476
822;0SD0060370SD;244;41;0.00009265
822;0SD0060370SD;245;41;0.00158965
822;0SD0060370SD;246;41;0.00147571
822;0SD0060370SD;247;41;0.00059897
822;0SD0060370SD;248;41;0.00453716
822;0SD0060370SD;249;41;0.00013393
822;0SD0060370SD;250;41;0.00009922
822;0SD0060370SD;251;41;0.00016823
822;0SD0060370SD;252;41;0.00000387
822;0SD0060370SD;253;41;0.00019097
822;0SD0060370SD;256;41;0.00002102
822;0SD0060370SD;257;41;0.00007316
822;0SD0060370SD;259;41;0.00007185
822;0SD0060370SD;260;41;0.00001665
822;0SD0060370SD;261;41;0.00001325
822;0SD0060370SD;262;41;0.00000236
822;0SD0060370SD;264;41;0.00001013
822;0SD0060370SD;265;41;0.00001809
822;0SD0060370SD;266;41;0.00002009
822;0SD0060370SD;267;41;0.00002055
822;0SD0060370SD;241;42;0.01213500
822;0SD0060370SD;242;42;0.00000021
822;0SD0060370SD;243;42;0.00128894
822;0SD0060370SD;244;42;0.00169209
822;0SD0060370SD;245;42;0.00114605
822;0SD0060370SD;246;42;0.00015213
822;0SD0060370SD;247;42;0.00094760
822;0SD0060370SD;248;42;0.00377315
822;0SD0060370SD;249;42;0.00000441
822;0SD0060370SD;250;42;0.00002263
822;0SD0060370SD;251;42;0.00018280
822;0SD0060370SD;252;42;0.00003025
822;0SD0060370SD;253;42;0.00014659
822;0SD0060370SD;254;42;0.00009219
822;0SD0060370SD;255;42;0.00006938
822;0SD0060370SD;256;42;0.00003952
822;0SD0060370SD;257;42;0.00000906
822;0SD0060370SD;259;42;0.00001153
822;0SD0060370SD;260;42;0.00002430
822;0SD0060370SD;261;42;0.00000016
822;0SD0060370SD;265;42;0.00000238
822;0SD0060370SD;266;42;0.00002169
822;0SD0060370SD;267;42;0.00000433
822;0SD0060370SD;268;42;0.00000003
822;0SD0060370SD;239;43;0.00174747
822;0SD0060370SD;240;43;0.01200835
822;0SD0060370SD;241;43;0.00139623
822;0SD0060370SD;242;43;0.00002733
822;0SD0060370SD;243;43;0.00007991
822;0SD0060370SD;244;43;0.00047738
822;0SD0060370SD;245;43;0.00045808
822;0SD0060370SD;246;43;0.00052596
822;0SD0060370SD;247;43;0.00030327
822;0SD0060370SD;248;43;0.00432792
822;0SD0060370SD;249;43;0.00015925
822;0SD0060370SD;250;43;0.00000112
822;0SD0060370SD;251;43;0.00005424
822;0SD0060370SD;252;43;0.00011338
822;0SD0060370SD;253;43;0.00000725
822;0SD0060370SD;254;43;0.00000039
822;0SD0060370SD;255;43;0.00000156
822;0SD0060370SD;258;43;0.00000268
822;0SD0060370SD;259;43;0.00001450
822;0SD0060370SD;266;43;0.00000095
822;0SD0060370SD;267;43;0.00000035
822;0SD0060370SD;238;44;0.00625678
822;0SD0060370SD;239;44;0.01063888
822;0SD0060370SD;240;44;0.00030916
822;0SD0060370SD;241;44;0.00010620
822;0SD0060370SD;242;44;0.00003814
822;0SD0060370SD;245;44;0.00011750
822;0SD0060370SD;246;44;0.00068863
822;0SD0060370SD;247;44;0.00005561
822;0SD0060370SD;248;44;0.00390800
822;0SD0060370SD;249;44;0.00018320
822;0SD0060370SD;250;44;0.00015440
822;0SD0060370SD;251;44;0.00011602
822;0SD0060370SD;252;44;0.00000080
822;0SD0060370SD;254;44;0.00000017
822;0SD0060370SD;255;44;0.00000059
822;0SD0060370SD;257;44;0.00000398
822;0SD0060370SD;258;44;0.00001469
822;0SD0060370SD;266;44;0.00000008
822;0SD0060370SD;238;45;0.00007937
822;0SD0060370SD;239;45;0.00013887
822;0SD0060370SD;240;45;0.00003150
822;0SD0060370SD;244;45;0.00002904
822;0SD0060370SD;245;45;0.00007355
822;0SD0060370SD;246;45;0.00012532
822;0SD0060370SD;247;45;0.00052510
822;0SD0060370SD;248;45;0.00359728
822;0SD0060370SD;249;45;0.00000003
822;0SD0060370SD;250;45;0.00000482
822;0SD0060370SD;256;45;0.00000006
822;0SD0060370SD;257;45;0.00000179
822;0SD0060370SD;258;45;0.00000531
822;0SD0060370SD;259;45;0.00000108
822;0SD0060370SD;239;46;0.00001720
822;0SD0060370SD;240;46;0.00001491
822;0SD0060370SD;241;46;0.00001408
822;0SD0060370SD;242;46;0.00000689
822;0SD0060370SD;243;46;0.00001637
822;0SD0060370SD;244;46;0.00008839
822;0SD0060370SD;246;46;0.00000113
822;0SD0060370SD;248;46;0.00129170
822;0SD0060370SD;250;46;0.00000072
822;0SD0060370SD;242;47;0.00000924
822;0SD0060370SD;243;47;0.00000031
822;0SD0060370SD;244;47;0.00003604
822;0MC006032NSI;168;214;0.00012890
822;0MC006032NSI;168;215;0.00100433
822;0MC006032NSI;170;215;0.00623425
822;0MC006032NSI;171;215;0.00413861
822;0MC006032NSI;173;215;0.00030358
822;0MC006032NSI;174;215;0.01246952
822;0MC006032NSI;177;215;0.02989949
822;0MC006032NSI;178;215;0.00360172
822;0MC006032NSI;168;216;0.00024678
822;0MC006032NSI;169;216;0.00732293
822;0MC006032NSI;170;216;0.00559851
822;0MC006032NSI;174;216;0.01462425
822;0MC006032NSI;178;216;0.04609489
822;0MC006032NSI;169;217;0.02039013
822;0MC006032NSI;170;217;0.00677461
822;0MC006032NSI;171;217;0.00677461
822;0MC006032NSI;172;217;0.00321769
822;0MC006032NSI;173;217;0.00024344
822;0MC006032NSI;174;217;0.01407826
822;0MC006032NSI;177;217;0.00204531
822;0MC006032NSI;178;217;0.05870627
822;0MC006032NSI;179;217;0.04882074
822;0MC006032NSI;180;217;0.00539253
822;0MC006032NSI;168;218;0.01886585
822;0MC006032NSI;169;218;0.00079059
822;0MC006032NSI;173;218;0.00148565
822;0MC006032NSI;174;218;0.00740696
822;0MC006032NSI;175;218;0.00356573
822;0MC006032NSI;176;218;0.00356573
822;0MC006032NSI;177;218;0.00152042
822;0MC006032NSI;153;219;0.01243106
822;0MC006032NSI;166;219;0.00831679
822;0MC006032NSI;167;219;0.01690377
822;0MC006032NSI;168;219;0.00785894
822;0MC006032NSI;153;220;0.00285515
822;0MC006032NSI;154;220;0.02435707
822;0MC006032NSI;165;220;0.01206930
822;0MC006032NSI;166;220;0.01213528
822;0MC006032NSI;154;221;0.01729929
822;0MC006032NSI;155;221;0.00991292
822;0MC006032NSI;162;221;0.02047170
822;0MC006032NSI;163;221;0.01599864
822;0MC006032NSI;164;221;0.01647938
822;0MC006032NSI;165;221;0.00915611
822;0MC006032NSI;155;222;0.02721221
822;0MC006032NSI;162;222;0.02740538
822;0MC006032NSI;155;223;0.00453122
822;0MC006032NSI;156;223;0.00394051
822;0MC006032NSI;157;223;0.00357966
822;0MC006032NSI;158;223;0.00357966
822;0MC006032NSI;159;223;0.00357966
822;0MC006032NSI;160;223;0.00343844
822;0MC006032NSI;162;223;0.02952778
822;0MC006032NSI;160;224;0.00014122
822;0MC006032NSI;161;224;0.00357966
822;0MC006032NSI;162;224;0.02702777
822;0MC006032NSI;162;225;0.02593904
822;0MC006032NSI;162;226;0.02593904
822;0MC006032NSI;159;227;0.00353733
822;0MC006032NSI;160;227;0.02796079
822;0MC006032NSI;161;227;0.02574261
822;0MC006032NSI;162;227;0.01900261
822;0MC006032NSI;158;228;0.00690199
822;0MC006032NSI;159;228;0.01133546
822;0MC006032NSI;160;228;0.01333930
822;0MC006032NSI;157;229;0.01048007
822;0MC006032NSI;158;229;0.00775738
822;0MC006032NSI;160;229;0.01333930
822;0MC006032NSI;154;230;0.01104480
822;0MC006032NSI;155;230;0.01976245
822;0MC006032NSI;156;230;0.01890771
822;0MC006032NSI;157;230;0.00417930
822;0MC006032NSI;160;230;0.01333930
822;0MC006032NSI;156;231;0.00315861
822;0MC006032NSI;157;231;0.02003870
822;0MC006032NSI;158;231;0.02413321
822;0MC006032NSI;159;231;0.02100454
822;0MC006032NSI;160;231;0.01405560
822;NCC006035MBU;161;122;0.00012192
822;NCC006035MBU;162;122;0.00001966
822;NCC006035MBU;163;122;0.00001261
822;NCC006035MBU;160;123;0.00027491
822;NCC006035MBU;162;123;0.00085999
822;NCC006035MBU;160;124;0.00035715
822;NCC006035MBU;161;124;0.00084500
822;NCC006035MBU;162;124;0.00025537
822;NCC006035MBU;163;124;0.00000802
822;NCC006035MBU;164;124;0.00001884
822;NCC006035MBU;165;124;0.00001498
822;NCC006035MBU;166;124;0.00001660
822;NCC006035MBU;160;125;0.00040523
822;NCC006035MBU;161;125;0.00092141
822;NCC006035MBU;162;125;0.00001888
822;NCC006035MBU;163;125;0.00000741
822;NCC006035MBU;166;125;0.00000410
822;NCC006035MBU;167;125;0.00003345
822;NCC006035MBU;168;125;0.00001259
822;NCC006035MBU;160;126;0.00124091
822;NCC006035MBU;161;126;0.00027017
822;NCC006035MBU;167;126;0.00000166
822;NCC006035MBU;168;126;0.00002608
822;NCC006035MBU;156;127;0.00012179
822;NCC006035MBU;157;127;0.00001444
822;NCC006035MBU;159;127;0.00112943
822;NCC006035MBU;160;127;0.00011981
822;NCC006035MBU;165;127;0.00007039
822;NCC006035MBU;166;127;0.00009583
822;NCC006035MBU;167;127;0.00001681
822;NCC006035MBU;168;127;0.00000732
822;NCC006035MBU;156;128;0.00015007
822;NCC006035MBU;157;128;0.00008981
822;NCC006035MBU;158;128;0.00120461
822;NCC006035MBU;159;128;0.00094392
822;NCC006035MBU;160;128;0.00003355
822;NCC006035MBU;164;128;0.00006518
822;NCC006035MBU;165;128;0.00012506
822;NCC006035MBU;157;129;0.00139848
822;NCC006035MBU;158;129;0.00019060
822;NCC006035MBU;164;129;0.00005632
822;NCC006035MBU;156;130;0.00071965
822;NCC006035MBU;157;130;0.00113899
822;NCC006035MBU;164;130;0.00003987
822;NCC006035MBU;165;130;0.00002772
822;NCC006035MBU;156;131;0.00192682
822;NCC006035MBU;160;131;0.00007065
822;NCC006035MBU;161;131;0.00023782
822;NCC006035MBU;162;131;0.00022743
822;NCC006035MBU;163;131;0.00025202
822;NCC006035MBU;164;131;0.00005029
822;NCC006035MBU;155;132;0.00112869
822;NCC006035MBU;156;132;0.00067665
822;NCC006035MBU;157;132;0.00019038
822;NCC006035MBU;158;132;0.00026152
822;NCC006035MBU;159;132;0.00028124
822;NCC006035MBU;160;132;0.00024531
822;NCC006035MBU;163;132;0.00009314
822;NCC006035MBU;154;133;0.00007411
822;NCC006035MBU;155;133;0.00200113
822;NCC006035MBU;156;133;0.00028004
822;NCC006035MBU;157;133;0.00009477
822;NCC006035MBU;153;134;0.00024899
822;NCC006035MBU;154;134;0.00016269
822;NCC006035MBU;155;134;0.00204914
822;NCC006035MBU;156;134;0.00017836
822;NCC006035MBU;157;134;0.00000199
822;NCC006035MBU;150;135;0.00011532
822;NCC006035MBU;152;135;0.00081995
822;NCC006035MBU;153;135;0.00008842
822;NCC006035MBU;154;135;0.00279316
822;NCC006035MBU;155;135;0.00025785
822;NCC006035MBU;156;135;0.00025971
822;NCC006035MBU;157;135;0.00013753
822;NCC006035MBU;150;136;0.00034430
822;NCC006035MBU;151;136;0.00008403
822;NCC006035MBU;152;136;0.00352687
822;NCC006035MBU;153;136;0.00663560
822;NCC006035MBU;154;136;0.00366995
822;NCC006035MBU;155;136;0.00032957
822;NCC006035MBU;148;137;0.00085409
822;NCC006035MBU;149;137;0.05489886
822;NCC006035MBU;150;137;0.05778469
822;NCC006035MBU;151;137;0.02978312
822;NCC006035MBU;152;137;0.05405772
822;NCC006035MBU;153;137;0.01043488
822;NCC006035MBU;154;137;0.00020614
822;NCC006035MBU;155;137;0.00000927
822;NCC006035MBU;147;138;0.08261181
822;NCC006035MBU;148;138;0.18941038
822;NCC006035MBU;149;138;0.01654155
822;NCC006035MBU;150;138;0.00026059
822;NCC006035MBU;151;138;0.05351796
822;NCC006035MBU;152;138;0.08456572
822;NCC006035MBU;153;138;0.00266110
822;NCC006035MBU;154;138;0.00002420
822;NCC006035MBU;147;139;0.00211465
822;NCC006035MBU;148;139;0.03026682
822;NCC006035MBU;149;139;0.07883889
822;NCC006035MBU;151;139;0.06229799
822;NCC006035MBU;152;139;0.03945324
822;NCC006035MBU;153;139;0.00269641
822;NCC006035MBU;154;139;0.00002370
822;NCC006035MBU;155;139;0.00001564
822;NCC006035MBU;150;140;0.05038765
822;NCC006035MBU;151;140;0.01587986
822;NCC006035MBU;152;140;0.03484194
822;NCC006035MBU;153;140;0.00060250
822;NCC006035MBU;154;140;0.00020717
822;NCC006035MBU;151;141;0.00028999
822;NCC006035MBU;152;141;0.00115946
822;0SV006045SHA;120;233;0.00003537
822;0SV006045SHA;121;233;0.00021467
822;0SV006045SHA;122;233;0.00027696
822;0SV006045SHA;123;233;0.00047573
822;0SV006045SHA;134;233;0.00005955
822;0SV006045SHA;135;233;0.01432379
822;0SV006045SHA;120;234;0.00010324
822;0SV006045SHA;123;234;0.00007862
822;0SV006045SHA;124;234;0.00020258
822;0SV006045SHA;125;234;0.00013322
822;0SV006045SHA;130;234;0.00018182
822;0SV006045SHA;131;234;0.00014910
822;0SV006045SHA;132;234;0.00066581
822;0SV006045SHA;133;234;0.00080942
822;0SV006045SHA;134;234;0.00169411
822;0SV006045SHA;135;234;0.03084428
822;0SV006045SHA;136;234;0.00117197
822;0SV006045SHA;137;234;0.00081989
822;0SV006045SHA;141;234;0.00011660
822;0SV006045SHA;125;235;0.00016140
822;0SV006045SHA;126;235;0.00028609
822;0SV006045SHA;127;235;0.00038458
822;0SV006045SHA;128;235;0.00017956
822;0SV006045SHA;130;235;0.00036238
822;0SV006045SHA;131;235;0.00001779
822;0SV006045SHA;132;235;0.00167231
822;0SV006045SHA;133;235;0.00085800
822;0SV006045SHA;134;235;0.00249948
822;0SV006045SHA;135;235;0.04034457
822;0SV006045SHA;136;235;0.00168015
822;0SV006045SHA;137;235;0.00010679
822;0SV006045SHA;138;235;0.00023994
822;0SV006045SHA;139;235;0.00028407
822;0SV006045SHA;140;235;0.00025059
822;0SV006045SHA;141;235;0.00098229
822;0SV006045SHA;142;235;0.00013075
822;0SV006045SHA;143;235;0.00128484
822;0SV006045SHA;144;235;0.00019997
822;0SV006045SHA;145;235;0.00020118
822;0SV006045SHA;146;235;0.00000217
822;0SV006045SHA;150;235;0.00048280
822;0SV006045SHA;151;235;0.00122932
822;0SV006045SHA;152;235;0.00139578
822;0SV006045SHA;128;236;0.00097423
822;0SV006045SHA;129;236;0.00148914
822;0SV006045SHA;130;236;0.00148286
822;0SV006045SHA;131;236;0.00087368
822;0SV006045SHA;132;236;0.00126878
822;0SV006045SHA;133;236;0.00766707
822;0SV006045SHA;134;236;0.03894737
822;0SV006045SHA;135;236;0.01196994
822;0SV006045SHA;136;236;0.00283607
822;0SV006045SHA;137;236;0.00151045
822;0SV006045SHA;138;236;0.00111297
822;0SV006045SHA;139;236;0.00115090
822;0SV006045SHA;140;236;0.00057998
822;0SV006045SHA;141;236;0.00320579
822;0SV006045SHA;142;236;0.00138932
822;0SV006045SHA;143;236;0.00394104
822;0SV006045SHA;144;236;0.00167760
822;0SV006045SHA;146;236;0.00018219
822;0SV006045SHA;151;236;0.00054091
822;0SV006045SHA;152;236;0.00103099
822;0SV006045SHA;153;236;0.00029313
822;0SV006045SHA;130;237;0.00172281
822;0SV006045SHA;131;237;0.00167920
822;0SV006045SHA;132;237;0.00117842
822;0SV006045SHA;133;237;0.01918515
822;0SV006045SHA;134;237;0.03877817
822;0SV006045SHA;135;237;0.00482384
822;0SV006045SHA;136;237;0.00121488
822;0SV006045SHA;137;237;0.00072970
822;0SV006045SHA;138;237;0.00430157
822;0SV006045SHA;139;237;0.00419070
822;0SV006045SHA;140;237;0.00408734
822;0SV006045SHA;141;237;0.00137775
822;0SV006045SHA;142;237;0.00262810
822;0SV006045SHA;144;237;0.00064780
822;0SV006045SHA;145;237;0.00195749
822;0SV006045SHA;146;237;0.00188112
822;0SV006045SHA;147;237;0.00142638
822;0SV006045SHA;148;237;0.00118273
822;0SV006045SHA;149;237;0.00142086
822;0SV006045SHA;150;237;0.00074241
822;0SV006045SHA;151;237;0.00070517
822;0SV006045SHA;152;237;0.00049065
822;0SV006045SHA;131;238;0.00129824
822;0SV006045SHA;132;238;0.00460291
822;0SV006045SHA;133;238;0.04362372
822;0SV006045SHA;134;238;0.04455766
822;0SV006045SHA;135;238;0.01537200
822;0SV006045SHA;136;238;0.00988688
822;0SV006045SHA;137;238;0.00622128
822;0SV006045SHA;138;238;0.00066162
822;0SV006045SHA;139;238;0.00013811
822;0SV006045SHA;142;238;0.00000281
822;0SV006045SHA;143;238;0.00008243
822;0SV006045SHA;149;238;0.00042003
822;0SV006045SHA;150;238;0.00122887
822;0SV006045SHA;151;238;0.00079143
822;0SV006045SHA;130;239;0.00034721
822;0SV006045SHA;131;239;0.00453693
822;0SV006045SHA;132;239;0.01056477
822;0SV006045SHA;133;239;0.09190426
822;0SV006045SHA;134;239;0.02812820
822;0SV006045SHA;135;239;0.00321794
822;0SV006045SHA;136;239;0.00181547
822;0SV006045SHA;137;239;0.00042582
822;0SV006045SHA;138;239;0.00024039
822;0SV006045SHA;139;239;0.00060118
822;0SV006045SHA;140;239;0.00039851
822;0SV006045SHA;142;239;0.00003935
822;0SV006045SHA;143;239;0.00011331
822;0SV006045SHA;144;239;0.00014388
822;0SV006045SHA;150;239;0.00070143
822;0SV006045SHA;151;239;0.00079244
822;0SV006045SHA;126;240;0.00023092
822;0SV006045SHA;129;240;0.00153056
822;0SV006045SHA;130;240;0.00256195
822;0SV006045SHA;131;240;0.00077623
822;0SV006045SHA;132;240;0.00201080
822;0SV006045SHA;133;240;0.04465680
822;0SV006045SHA;134;240;0.01674561
822;0SV006045SHA;135;240;0.00904658
822;0SV006045SHA;136;240;0.00811374
822;0SV006045SHA;138;240;0.00027440
822;0SV006045SHA;139;240;0.00051593
822;0SV006045SHA;140;240;0.00025661
822;0SV006045SHA;141;240;0.00060830
822;0SV006045SHA;142;240;0.00064906
822;0SV006045SHA;143;240;0.00049577
822;0SV006045SHA;144;240;0.00007408
822;0SV006045SHA;145;240;0.00001588
822;0SV006045SHA;148;240;0.00000004
822;0SV006045SHA;149;240;0.00000663
822;0SV006045SHA;150;240;0.00000156
822;0SV006045SHA;151;240;0.00018626
822;0SV006045SHA;152;240;0.00081421
822;0SV006045SHA;154;240;0.00025175
822;0SV006045SHA;155;240;0.00020931
822;0SV006045SHA;126;241;0.00221017
822;0SV006045SHA;127;241;0.00320528
822;0SV006045SHA;128;241;0.00315544
822;0SV006045SHA;129;241;0.00152445
822;0SV006045SHA;131;241;0.00000425
822;0SV006045SHA;132;241;0.00000766
822;0SV006045SHA;133;241;0.00877553
822;0SV006045SHA;134;241;0.01932788
822;0SV006045SHA;135;241;0.00061786
822;0SV006045SHA;136;241;0.00237466
822;0SV006045SHA;137;241;0.00632004
822;0SV006045SHA;138;241;0.00348729
822;0SV006045SHA;139;241;0.00007970
822;0SV006045SHA;140;241;0.00020327
822;0SV006045SHA;142;241;0.00012199
822;0SV006045SHA;143;241;0.00016260
822;0SV006045SHA;145;241;0.00003011
822;0SV006045SHA;146;241;0.00005895
822;0SV006045SHA;148;241;0.00000936
822;0SV006045SHA;149;241;0.00000117
822;0SV006045SHA;152;241;0.00064298
822;0SV006045SHA;153;241;0.00182289
822;0SV006045SHA;154;241;0.00117310
822;0SV006045SHA;128;242;0.00039264
822;0SV006045SHA;132;242;0.00000233
822;0SV006045SHA;133;242;0.00058026
822;0SV006045SHA;134;242;0.01350637
822;0SV006045SHA;135;242;0.00023979
822;0SV006045SHA;136;242;0.00033124
822;0SV006045SHA;138;242;0.00199551
822;0SV006045SHA;139;242;0.00631645
822;0SV006045SHA;140;242;0.00011469
822;0SV006045SHA;141;242;0.00003858
822;0SV006045SHA;142;242;0.00005295
822;0SV006045SHA;143;242;0.00001078
822;0SV006045SHA;146;242;0.00001432
822;0SV006045SHA;147;242;0.00004825
822;0SV006045SHA;148;242;0.00000002
822;0SV006045SHA;152;242;0.00026322
822;0SV006045SHA;153;242;0.00140321
822;0SV006045SHA;154;242;0.00005051
822;0SV006045SHA;128;243;0.00020806
822;0SV006045SHA;134;243;0.01264979
822;0SV006045SHA;136;243;0.00005563
822;0SV006045SHA;139;243;0.00284693
822;0SV006045SHA;140;243;0.00576014
822;0SV006045SHA;141;243;0.00159154
822;0SV006045SHA;147;243;0.00005647
822;0SV006045SHA;151;243;0.00078681
822;0SV006045SHA;152;243;0.00084173
822;0SV006045SHA;154;243;0.00006471
822;0SV006045SHA;128;244;0.00003795
822;0SV006045SHA;134;244;0.01000864
822;0SV006045SHA;135;244;0.00301050
822;0SV006045SHA;141;244;0.00622833
822;0SV006045SHA;142;244;0.00403651
822;0SV006045SHA;147;244;0.00004280
822;0SV006045SHA;151;244;0.00101633
822;0SV006045SHA;153;244;0.00000099
822;0SV006045SHA;154;244;0.00006439
822;0SV006045SHA;127;245;0.00000463
822;0SV006045SHA;128;245;0.00004689
822;0SV006045SHA;134;245;0.01121900
822;0SV006045SHA;141;245;0.00016002
822;0SV006045SHA;142;245;0.00473452
822;0SV006045SHA;143;245;0.00005619
822;0SV006045SHA;147;245;0.00004073
822;0SV006045SHA;151;245;0.00113937
822;0SV006045SHA;152;245;0.00003401
822;0SV006045SHA;153;245;0.00007483
822;0SV006045SHA;127;246;0.00000503
822;0SV006045SHA;128;246;0.00003020
822;0SV006045SHA;133;246;0.00022625
822;0SV006045SHA;134;246;0.01466933
822;0SV006045SHA;135;246;0.00009593
822;0SV006045SHA;138;246;0.00000580
822;0SV006045SHA;139;246;0.00000287
822;0SV006045SHA;140;246;0.00011254
822;0SV006045SHA;141;246;0.00003137
822;0SV006045SHA;143;246;0.00835852
822;0SV006045SHA;144;246;0.00399002
822;0SV006045SHA;145;246;0.00408233
822;0SV006045SHA;146;246;0.00589621
822;0SV006045SHA;147;246;0.00397545
822;0SV006045SHA;148;246;0.00064392
822;0SV006045SHA;149;246;0.00032324
822;0SV006045SHA;150;246;0.00122946
822;0SV006045SHA;151;246;0.00027296
822;0SV006045SHA;153;246;0.00006979
822;0SV006045SHA;128;247;0.00001969
822;0SV006045SHA;129;247;0.00001174
822;0SV006045SHA;133;247;0.01223270
822;0SV006045SHA;135;247;0.00006347
822;0SV006045SHA;136;247;0.00010224
822;0SV006045SHA;137;247;0.00000451
822;0SV006045SHA;138;247;0.00007065
822;0SV006045SHA;139;247;0.00003720
822;0SV006045SHA;140;247;0.00010435
822;0SV006045SHA;143;247;0.00069939
822;0SV006045SHA;148;247;0.00463853
822;0SV006045SHA;149;247;0.00093321
822;0SV006045SHA;150;247;0.00060219
822;0SV006045SHA;152;247;0.00006004
822;0SV006045SHA;153;247;0.00000922
822;0SV006045SHA;129;248;0.00042290
822;0SV006045SHA;130;248;0.00115874
822;0SV006045SHA;131;248;0.00065451
822;0SV006045SHA;132;248;0.00423535
822;0SV006045SHA;133;248;0.01272548
822;0SV006045SHA;136;248;0.00012478
822;0SV006045SHA;137;248;0.00005914
822;0SV006045SHA;139;248;0.00007019
822;0SV006045SHA;142;248;0.00053409
822;0SV006045SHA;143;248;0.00040672
822;0SV006045SHA;149;248;0.00423035
822;0SV006045SHA;150;248;0.00023934
822;0SV006045SHA;151;248;0.00000294
822;0SV006045SHA;152;248;0.00007415
822;0SV006045SHA;129;249;0.00031325
822;0SV006045SHA;130;249;0.00032524
822;0SV006045SHA;131;249;0.00002841
822;0SV006045SHA;132;249;0.01156519
822;0SV006045SHA;133;249;0.00000415
822;0SV006045SHA;142;249;0.00064636
822;0SV006045SHA;149;249;0.00154549
822;0SV006045SHA;150;249;0.00300828
822;0SV006045SHA;151;249;0.00128585
822;0SV006045SHA;152;249;0.00002622
822;0SV006045SHA;153;249;0.00010210
822;0SV006045SHA;132;250;0.00507983
822;0SV006045SHA;133;250;0.00652486
822;0SV006045SHA;142;250;0.00001142
822;0SV006045SHA;143;250;0.00066485
822;0SV006045SHA;145;250;0.00005502
822;0SV006045SHA;146;250;0.00008192
822;0SV006045SHA;147;250;0.00007958
822;0SV006045SHA;148;250;0.00091730
822;0SV006045SHA;149;250;0.00072435
822;0SV006045SHA;151;250;0.00194318
822;0SV006045SHA;152;250;0.00307762
822;0SV006045SHA;153;250;0.00129711
822;0SV006045SHA;133;251;0.01322518
822;0SV006045SHA;142;251;0.00066464
822;0SV006045SHA;143;251;0.00030781
822;0SV006045SHA;144;251;0.00011434
822;0SV006045SHA;145;251;0.00004140
822;0SV006045SHA;148;251;0.00054840
822;0SV006045SHA;149;251;0.00040836
822;0SV006045SHA;151;251;0.00047509
822;0SV006045SHA;152;251;0.00061809
822;0SV006045SHA;153;251;0.00252833
822;0SV006045SHA;154;251;0.00199359
822;0SV006045SHA;155;251;0.00006629
822;0SV006045SHA;133;252;0.00173546
822;0SV006045SHA;134;252;0.01102002
822;0SV006045SHA;135;252;0.00000174
822;0SV006045SHA;141;252;0.00014251
822;0SV006045SHA;142;252;0.00057115
822;0SV006045SHA;148;252;0.00086572
822;0SV006045SHA;150;252;0.00019225
822;0SV006045SHA;151;252;0.00051783
822;0SV006045SHA;154;252;0.00033980
822;0SV006045SHA;155;252;0.00019326
822;0SV006045SHA;134;253;0.01073654
822;0SV006045SHA;135;253;0.00150628
822;0SV006045SHA;136;253;0.00000025
822;0SV006045SHA;140;253;0.00077071
822;0SV006045SHA;141;253;0.00052209
822;0SV006045SHA;142;253;0.00009733
822;0SV006045SHA;148;253;0.00086713
822;0SV006045SHA;149;253;0.00029132
822;0SV006045SHA;150;253;0.00019358
822;0SV006045SHA;135;254;0.01342423
822;0SV006045SHA;139;254;0.00052559
822;0SV006045SHA;140;254;0.00020346
822;0SV006045SHA;147;254;0.00036411
822;0SV006045SHA;148;254;0.00133780
822;0SV006045SHA;149;254;0.00005326
822;0SV006045SHA;135;255;0.00513959
822;0SV006045SHA;138;255;0.00028077
822;0SV006045SHA;139;255;0.00034555
822;0SV006045SHA;147;255;0.00045417
822;SJV006050SJU;153;147;0.00000013
822;SJV006050SJU;156;147;0.00000112
822;SJV006050SJU;157;147;0.00000053
822;SJV006050SJU;152;148;0.00000011
822;SJV006050SJU;153;148;0.00000049
822;SJV006050SJU;154;148;0.00000060
822;SJV006050SJU;155;148;0.00000085
822;SJV006050SJU;156;148;0.00000008
822;SJV006050SJU;157;148;0.00000070
822;SJV006050SJU;158;148;0.00000317
822;SJV006050SJU;159;148;0.00169966
822;SJV006050SJU;155;149;0.00000004
822;SJV006050SJU;156;149;0.00000020
822;SJV006050SJU;158;149;0.00000003
822;SJV006050SJU;159;149;0.00603939
822;SJV006050SJU;160;149;0.00002006
822;SJV006050SJU;156;150;0.00000001
822;SJV006050SJU;157;150;0.00000021
822;SJV006050SJU;158;150;0.00507411
822;SJV006050SJU;159;150;0.00127464
822;SJV006050SJU;160;150;0.00310929
822;SJV006050SJU;161;150;0.00073579
822;SJV006050SJU;158;151;0.00624065
822;SJV006050SJU;159;151;0.00003735
822;SJV006050SJU;160;151;0.00354933
822;SJV006050SJU;161;151;0.00101448
822;SJV006050SJU;153;152;0.00000099
822;SJV006050SJU;154;152;0.00002595
822;SJV006050SJU;155;152;0.00040623
822;SJV006050SJU;157;152;0.00000008
822;SJV006050SJU;158;152;0.00703339
822;SJV006050SJU;159;152;0.00235833
822;SJV006050SJU;160;152;0.00113170
822;SJV006050SJU;161;152;0.00097508
822;SJV006050SJU;155;153;0.00070393
822;SJV006050SJU;156;153;0.00177510
822;SJV006050SJU;157;153;0.00552147
822;SJV006050SJU;158;153;0.00318767
822;SJV006050SJU;159;153;0.00262196
822;SJV006050SJU;160;153;0.00214635
822;SJV006050SJU;161;153;0.00080518
822;SJV006050SJU;162;153;0.00076801
822;SJV006050SJU;163;153;0.00002617
822;SJV006050SJU;153;154;0.00022417
822;SJV006050SJU;154;154;0.00090308
822;SJV006050SJU;155;154;0.00123826
822;SJV006050SJU;156;154;0.00068114
822;SJV006050SJU;157;154;0.01112083
822;SJV006050SJU;158;154;0.00674632
822;SJV006050SJU;159;154;0.00025636
822;SJV006050SJU;160;154;0.00013835
822;SJV006050SJU;161;154;0.00177608
822;SJV006050SJU;162;154;0.00113909
822;SJV006050SJU;163;154;0.00104462
822;SJV006050SJU;164;154;0.03036726
822;SJV006050SJU;165;154;0.00387687
822;SJV006050SJU;153;155;0.00000778
822;SJV006050SJU;154;155;0.00000334
822;SJV006050SJU;156;155;0.00910630
822;SJV006050SJU;157;155;0.00201896
822;SJV006050SJU;158;155;0.00303020
822;SJV006050SJU;159;155;0.00728212
822;SJV006050SJU;160;155;0.00502327
822;SJV006050SJU;161;155;0.00386128
822;SJV006050SJU;162;155;0.00310093
822;SJV006050SJU;163;155;0.02221858
822;SJV006050SJU;164;155;0.03732893
822;SJV006050SJU;165;155;0.00119060
822;SJV006050SJU;166;155;0.00101175
822;SJV006050SJU;154;156;0.00001481
822;SJV006050SJU;155;156;0.00810747
822;SJV006050SJU;156;156;0.00227341
822;SJV006050SJU;157;156;0.00209506
822;SJV006050SJU;158;156;0.00008898
822;SJV006050SJU;159;156;0.00004422
822;SJV006050SJU;160;156;0.00397873
822;SJV006050SJU;161;156;0.00200679
822;SJV006050SJU;162;156;0.00189803
822;SJV006050SJU;163;156;0.05485063
822;SJV006050SJU;164;156;0.00901687
822;SJV006050SJU;165;156;0.00331225
822;SJV006050SJU;166;156;0.00092403
822;SJV006050SJU;167;156;0.00087949
822;SJV006050SJU;168;156;0.00028103
822;SJV006050SJU;169;156;0.00011366
822;SJV006050SJU;154;157;0.00798554
822;SJV006050SJU;155;157;0.00235458
822;SJV006050SJU;156;157;0.00121998
822;SJV006050SJU;157;157;0.00087522
822;SJV006050SJU;158;157;0.00092242
822;SJV006050SJU;159;157;0.00037281
822;SJV006050SJU;160;157;0.00284595
822;SJV006050SJU;161;157;0.00393312
822;SJV006050SJU;162;157;0.05099990
822;SJV006050SJU;163;157;0.00975433
822;SJV006050SJU;164;157;0.00336302
822;SJV006050SJU;165;157;0.00034785
822;SJV006050SJU;166;157;0.00087501
822;SJV006050SJU;167;157;0.00051867
822;SJV006050SJU;168;157;0.00003624
822;SJV006050SJU;171;157;0.00000943
822;SJV006050SJU;154;158;0.00120713
822;SJV006050SJU;155;158;0.00071864
822;SJV006050SJU;156;158;0.00034354
822;SJV006050SJU;157;158;0.00000251
822;SJV006050SJU;158;158;0.00083231
822;SJV006050SJU;159;158;0.00037465
822;SJV006050SJU;160;158;0.00498453
822;SJV006050SJU;161;158;0.05239969
822;SJV006050SJU;162;158;0.03675231
822;SJV006050SJU;163;158;0.00399726
822;SJV006050SJU;164;158;0.00327111
822;SJV006050SJU;165;158;0.00022118
822;SJV006050SJU;166;158;0.00158170
822;SJV006050SJU;167;158;0.00008568
822;SJV006050SJU;168;158;0.00009515
822;SJV006050SJU;169;158;0.00008485
822;SJV006050SJU;170;158;0.00004525
822;SJV006050SJU;171;158;0.00006611
822;SJV006050SJU;172;158;0.00048895
822;SJV006050SJU;173;158;0.00004673
822;SJV006050SJU;155;159;0.00228442
822;SJV006050SJU;156;159;0.00351893
822;SJV006050SJU;157;159;0.00338064
822;SJV006050SJU;158;159;0.00385886
822;SJV006050SJU;159;159;0.00424342
822;SJV006050SJU;160;159;0.03504291
822;SJV006050SJU;161;159;0.05417791
822;SJV006050SJU;162;159;0.02813452
822;SJV006050SJU;163;159;0.00554700
822;SJV006050SJU;164;159;0.00512031
822;SJV006050SJU;165;159;0.00432758
822;SJV006050SJU;166;159;0.00410506
822;SJV006050SJU;167;159;0.00092660
822;SJV006050SJU;168;159;0.00085501
822;SJV006050SJU;169;159;0.00090927
822;SJV006050SJU;170;159;0.00078295
822;SJV006050SJU;171;159;0.00080582
822;SJV006050SJU;172;159;0.00201855
822;SJV006050SJU;173;159;0.00108835
822;SJV006050SJU;174;159;0.00033219
822;SJV006050SJU;157;160;0.00002262
822;SJV006050SJU;158;160;0.00045342
822;SJV006050SJU;159;160;0.01648790
822;SJV006050SJU;160;160;0.06371345
822;SJV006050SJU;161;160;0.03712681
822;SJV006050SJU;162;160;0.02795984
822;SJV006050SJU;163;160;0.00105455
822;SJV006050SJU;164;160;0.00102866
822;SJV006050SJU;165;160;0.00195076
822;SJV006050SJU;166;160;0.00003326
822;SJV006050SJU;167;160;0.00003166
822;SJV006050SJU;169;160;0.00002749
822;SJV006050SJU;172;160;0.00065919
822;SJV006050SJU;158;161;0.00433621
822;SJV006050SJU;159;161;0.05729564
822;SJV006050SJU;160;161;0.01577958
822;SJV006050SJU;161;161;0.02529624
822;SJV006050SJU;162;161;0.02224838
822;SJV006050SJU;163;161;0.00689484
822;SJV006050SJU;164;161;0.00176442
822;SJV006050SJU;165;161;0.00091358
822;SJV006050SJU;166;161;0.00006303
822;SJV006050SJU;167;161;0.00005577
822;SJV006050SJU;168;161;0.00027869
822;SJV006050SJU;169;161;0.00028679
822;SJV006050SJU;170;161;0.00011161
822;SJV006050SJU;171;161;0.00040454
822;SJV006050SJU;172;161;0.00006842
822;SJV006050SJU;160;162;0.00006265
822;SJV006050SJU;161;162;0.00321264
822;SJV006050SJU;162;162;0.00090007
822;SJV006050SJU;163;162;0.00514867
822;SJV006050SJU;164;162;0.01116067
822;SJV006050SJU;165;162;0.00321890
822;SJV006050SJU;166;162;0.00030964
822;SJV006050SJU;167;162;0.00026502
822;SJV006050SJU;168;162;0.00003302
822;SJV006050SJU;169;162;0.00011654
822;SJV006050SJU;170;162;0.00029186
822;SJV006050SJU;171;162;0.00007709
822;SJV006050SJU;162;163;0.00012889
822;SJV006050SJU;163;163;0.00205023
822;SJV006050SJU;164;163;0.00344128
822;SJV006050SJU;165;163;0.00159134
822;SJV006050SJU;166;163;0.00244300
822;SJV006050SJU;167;163;0.00267272
822;SJV006050SJU;168;163;0.00114556
822;SJV006050SJU;169;163;0.00011830
822;SJV006050SJU;162;164;0.00008898
822;SJV006050SJU;163;164;0.00105830
822;SJV006050SJU;164;164;0.00101320
822;SJV006050SJU;165;164;0.00000311
822;SJV006050SJU;166;164;0.00000040
822;SJV006050SJU;167;164;0.00067809
822;SJV006050SJU;168;164;0.00196927
822;SJV006050SJU;162;165;0.00000634
822;SJV006050SJU;163;165;0.00115866
822;SJV006050SJU;164;165;0.00000530
822;SJV006050SJU;165;165;0.00063954
822;SJV006050SJU;166;165;0.00062999
822;SJV006050SJU;167;165;0.00018319
822;SJV006050SJU;163;166;0.00039704
822;SJV006050SJU;164;166;0.00218003
822;SJV006050SJU;165;166;0.00002333
822;SJV006050SJU;162;167;0.00021313
822;SJV006050SJU;163;167;0.00233794
822;SJV006050SJU;164;167;0.00385883
822;SJV006050SJU;165;167;0.00020644
822;SJV006050SJU;164;168;0.00026725
822;0MC006022MPA;179;148;0.04592979
822;0MC006022MPA;180;148;0.00595144
822;0MC006022MPA;177;151;0.00303340
822;0MC006022MPA;178;151;0.05059715
822;0MC006022MPA;178;152;0.02822905
822;0MC006022MPA;179;152;0.06321460
822;0MC006022MPA;179;153;0.01561160
822;0MC006022MPA;180;153;0.05691306
822;0MC006022MPA;181;153;0.00337860
822;0MC006022MPA;188;153;0.04632369
822;0MC006022MPA;176;154;0.01458596
822;0MC006022MPA;181;154;0.01385872
822;0MC006022MPA;182;154;0.01723733
822;0MC006022MPA;183;154;0.00425846
822;0MC006022MPA;184;154;0.01225329
822;0MC006022MPA;185;154;0.01265494
822;0MC006022MPA;186;154;0.01855412
822;0MC006022MPA;187;154;0.02057646
822;0MC006022MPA;188;154;0.00523087
822;0MC006022MPA;190;154;0.09884591
822;0MC006022MPA;176;155;0.02919911
822;0MC006022MPA;182;155;0.01163905
822;0MC006022MPA;183;155;0.02951451
822;0MC006022MPA;190;155;0.02410260
822;0MC006022MPA;175;156;0.01264407
822;0MC006022MPA;176;156;0.00609850
822;0MC006022MPA;180;156;0.00279326
822;0MC006022MPA;181;156;0.01949909
822;0MC006022MPA;182;156;0.00786005
822;0MC006022MPA;183;156;0.00012334
822;0MC006022MPA;184;156;0.00813433
822;0MC006022MPA;189;156;0.01306881
822;0MC006022MPA;190;156;0.01302131
822;0MC006022MPA;180;157;0.01823057
822;0MC006022MPA;183;157;0.00559047
822;0MC006022MPA;184;157;0.00170612
822;0MC006022MPA;189;157;0.02348365
822;0MC006022MPA;179;158;0.00841423
822;0MC006022MPA;180;158;0.00026461
822;0MC006022MPA;183;158;0.00718753
822;0MC006022MPA;189;158;0.00448170
822;0MC006022MPA;174;159;0.00503072
822;0MC006022MPA;179;159;0.00918881
822;0MC006022MPA;183;159;0.00132319
822;0MC006022MPA;184;159;0.00584279
822;0MC006022MPA;189;159;0.00448170
822;0MC006022MPA;174;160;0.00593460
822;0MC006022MPA;178;160;0.00534678
822;0MC006022MPA;179;160;0.00447713
822;0MC006022MPA;184;160;0.00446360
822;0MC006022MPA;185;160;0.00649210
822;0MC006022MPA;186;160;0.00649210
822;0MC006022MPA;187;160;0.00649210
822;0MC006022MPA;188;160;0.00236136
822;0MC006022MPA;189;160;0.00448170
822;0MC006022MPA;175;161;0.00930262
822;0MC006022MPA;176;161;0.00690842
822;0MC006022MPA;177;161;0.01009257
822;0MC006022MPA;178;161;0.01679374
822;0MC006022MPA;187;161;0.00083575
822;0MC006022MPA;188;161;0.00646262
822;0MC006022MPA;189;161;0.00444375
822;0MC006022MPA;177;162;0.00761650
822;0MC006022MPA;186;162;0.00310724
822;0MC006022MPA;187;162;0.00998184
822;0MC006022MPA;180;164;0.00136320
822;0MC006022MPA;181;164;0.00395655
822;0MC006022MPA;190;164;0.00367532
822;0MC006022MPA;191;164;0.01363640
822;0MC006022MPA;192;164;0.01363640
822;0MC006022MPA;193;164;0.01413844
822;0MC006022MPA;190;165;0.00452834
822;0MC006022MPA;193;165;0.00447305
822;0MC006022MPA;194;165;0.00834321
822;SJV006010SJU;177;116;0.00012443
822;SJV006010SJU;178;116;0.00048896
822;SJV006010SJU;180;116;0.00054096
822;SJV006010SJU;171;117;0.00009315
822;SJV006010SJU;172;117;0.00023641
822;SJV006010SJU;173;117;0.00024514
822;SJV006010SJU;174;117;0.00013662
822;SJV006010SJU;175;117;0.00000288
822;SJV006010SJU;177;117;0.00059439
822;SJV006010SJU;179;117;0.00028525
822;SJV006010SJU;180;117;0.00313596
822;SJV006010SJU;174;118;0.00030423
822;SJV006010SJU;175;118;0.00144778
822;SJV006010SJU;176;118;0.00075759
822;SJV006010SJU;177;118;0.00099132
822;SJV006010SJU;178;118;0.00064052
822;SJV006010SJU;179;118;0.00366906
822;SJV006010SJU;180;118;0.00056481
822;SJV006010SJU;181;118;0.00014921
822;SJV006010SJU;182;118;0.00003672
822;SJV006010SJU;174;119;0.00008486
822;SJV006010SJU;175;119;0.00168552
822;SJV006010SJU;176;119;0.00023194
822;SJV006010SJU;177;119;0.00010632
822;SJV006010SJU;178;119;0.00257288
822;SJV006010SJU;179;119;0.00113418
822;SJV006010SJU;180;119;0.00065305
822;SJV006010SJU;181;119;0.00000441
822;SJV006010SJU;183;119;0.00000265
822;SJV006010SJU;175;120;0.00103755
822;SJV006010SJU;176;120;0.00157068
822;SJV006010SJU;177;120;0.00001180
822;SJV006010SJU;178;120;0.00331516
822;SJV006010SJU;180;120;0.00083870
822;SJV006010SJU;181;120;0.00000709
822;SJV006010SJU;169;121;0.00000244
822;SJV006010SJU;176;121;0.00184419
822;SJV006010SJU;177;121;0.00370224
822;SJV006010SJU;178;121;0.00062893
822;SJV006010SJU;179;121;0.00035774
822;SJV006010SJU;180;121;0.00121101
822;SJV006010SJU;181;121;0.00035779
822;SJV006010SJU;182;121;0.00023755
822;SJV006010SJU;168;122;0.00000333
822;SJV006010SJU;169;122;0.00000120
822;SJV006010SJU;176;122;0.00211106
822;SJV006010SJU;177;122;0.00440907
822;SJV006010SJU;178;122;0.00025884
822;SJV006010SJU;180;122;0.00081864
822;SJV006010SJU;176;123;0.00393023
822;SJV006010SJU;177;123;0.00204774
822;SJV006010SJU;178;123;0.00071939
822;SJV006010SJU;180;123;0.00082483
822;SJV006010SJU;175;124;0.00259148
822;SJV006010SJU;176;124;0.00135365
822;SJV006010SJU;178;124;0.00246711
822;SJV006010SJU;179;124;0.00031139
822;SJV006010SJU;180;124;0.00083351
822;SJV006010SJU;181;124;0.00006667
822;SJV006010SJU;182;124;0.00002873
822;SJV006010SJU;183;124;0.00002317
822;SJV006010SJU;174;125;0.00106926
822;SJV006010SJU;175;125;0.00288261
822;SJV006010SJU;179;125;0.00248018
822;SJV006010SJU;180;125;0.00123219
822;SJV006010SJU;183;125;0.00066697
822;SJV006010SJU;184;125;0.00003478
822;SJV006010SJU;185;125;0.00000273
822;SJV006010SJU;186;125;0.00005319
822;SJV006010SJU;187;125;0.00017411
822;SJV006010SJU;174;126;0.00400121
822;SJV006010SJU;175;126;0.00009861
822;SJV006010SJU;176;126;0.00006866
822;SJV006010SJU;177;126;0.00006866
822;SJV006010SJU;178;126;0.00009195
822;SJV006010SJU;179;126;0.00014271
822;SJV006010SJU;180;126;0.00349639
822;SJV006010SJU;181;126;0.00070768
822;SJV006010SJU;182;126;0.00075294
822;SJV006010SJU;183;126;0.00083786
822;SJV006010SJU;184;126;0.00088328
822;SJV006010SJU;185;126;0.00091411
822;SJV006010SJU;186;126;0.00150550
822;SJV006010SJU;187;126;0.00219989
822;SJV006010SJU;188;126;0.00037764
822;SJV006010SJU;189;126;0.00059995
822;SJV006010SJU;190;126;0.00009320
822;SJV006010SJU;173;127;0.00318894
822;SJV006010SJU;174;127;0.00080975
822;SJV006010SJU;180;127;0.00255856
822;SJV006010SJU;183;127;0.00002704
822;SJV006010SJU;186;127;0.00036842
822;SJV006010SJU;187;127;0.00229655
822;SJV006010SJU;188;127;0.00036042
822;SJV006010SJU;189;127;0.00087222
822;SJV006010SJU;190;127;0.00082018
822;SJV006010SJU;172;128;0.00222493
822;SJV006010SJU;173;128;0.00148518
822;SJV006010SJU;174;128;0.00048176
822;SJV006010SJU;175;128;0.00008263
822;SJV006010SJU;176;128;0.00002855
822;SJV006010SJU;180;128;0.00252270
822;SJV006010SJU;183;128;0.00000745
822;SJV006010SJU;186;128;0.00049091
822;SJV006010SJU;187;128;0.00311681
822;SJV006010SJU;188;128;0.00065372
822;SJV006010SJU;189;128;0.00095836
822;SJV006010SJU;190;128;0.00072748
822;SJV006010SJU;191;128;0.00126815
822;SJV006010SJU;192;128;0.00264867
822;SJV006010SJU;171;129;0.00205473
822;SJV006010SJU;172;129;0.00207862
822;SJV006010SJU;173;129;0.00002862
822;SJV006010SJU;174;129;0.00042539
822;SJV006010SJU;176;129;0.00013444
822;SJV006010SJU;177;129;0.00009482
822;SJV006010SJU;178;129;0.00011499
822;SJV006010SJU;179;129;0.00019922
822;SJV006010SJU;180;129;0.00297366
822;SJV006010SJU;181;129;0.00017761
822;SJV006010SJU;182;129;0.00016042
822;SJV006010SJU;183;129;0.00024443
822;SJV006010SJU;184;129;0.00027018
822;SJV006010SJU;185;129;0.00026783
822;SJV006010SJU;186;129;0.00127653
822;SJV006010SJU;187;129;0.00361462
822;SJV006010SJU;188;129;0.00068775
822;SJV006010SJU;189;129;0.00106665
822;SJV006010SJU;190;129;0.00059096
822;SJV006010SJU;191;129;0.00821774
822;SJV006010SJU;192;129;0.01012892
822;SJV006010SJU;193;129;0.00063995
822;SJV006010SJU;170;130;0.00229920
822;SJV006010SJU;171;130;0.00187040
822;SJV006010SJU;174;130;0.00041621
822;SJV006010SJU;176;130;0.00003068
822;SJV006010SJU;178;130;0.00000463
822;SJV006010SJU;179;130;0.00032214
822;SJV006010SJU;180;130;0.00110898
822;SJV006010SJU;181;130;0.00243912
822;SJV006010SJU;183;130;0.00015466
822;SJV006010SJU;185;130;0.00027444
822;SJV006010SJU;186;130;0.00049998
822;SJV006010SJU;187;130;0.00340705
822;SJV006010SJU;188;130;0.00051987
822;SJV006010SJU;189;130;0.00088305
822;SJV006010SJU;190;130;0.00774181
822;SJV006010SJU;191;130;0.01189277
822;SJV006010SJU;192;130;0.00222903
822;SJV006010SJU;193;130;0.00123373
822;SJV006010SJU;194;130;0.00236408
822;SJV006010SJU;195;130;0.00054155
822;SJV006010SJU;196;130;0.00023054
822;SJV006010SJU;198;130;0.00006465
822;SJV006010SJU;169;131;0.00235534
822;SJV006010SJU;170;131;0.00175278
822;SJV006010SJU;171;131;0.00011736
822;SJV006010SJU;172;131;0.00011694
822;SJV006010SJU;173;131;0.00014718
822;SJV006010SJU;174;131;0.00053930
822;SJV006010SJU;175;131;0.00019514
822;SJV006010SJU;176;131;0.00024513
822;SJV006010SJU;177;131;0.00026717
822;SJV006010SJU;178;131;0.00085816
822;SJV006010SJU;179;131;0.00074287
822;SJV006010SJU;180;131;0.00043774
822;SJV006010SJU;181;131;0.00190266
822;SJV006010SJU;182;131;0.00260637
822;SJV006010SJU;183;131;0.00080462
822;SJV006010SJU;184;131;0.00067824
822;SJV006010SJU;185;131;0.00075993
822;SJV006010SJU;186;131;0.00119824
822;SJV006010SJU;187;131;0.00439302
822;SJV006010SJU;188;131;0.00115473
822;SJV006010SJU;189;131;0.00836158
822;SJV006010SJU;190;131;0.02010298
822;SJV006010SJU;191;131;0.00633695
822;SJV006010SJU;192;131;0.00733483
822;SJV006010SJU;193;131;0.00522003
822;SJV006010SJU;194;131;0.00634559
822;SJV006010SJU;195;131;0.00219107
822;SJV006010SJU;196;131;0.00153083
822;SJV006010SJU;197;131;0.00107992
822;SJV006010SJU;198;131;0.00034349
822;SJV006010SJU;168;132;0.00092561
822;SJV006010SJU;169;132;0.00281544
822;SJV006010SJU;170;132;0.00025225
822;SJV006010SJU;173;132;0.00002929
822;SJV006010SJU;174;132;0.00036040
822;SJV006010SJU;175;132;0.00020072
822;SJV006010SJU;176;132;0.00028550
822;SJV006010SJU;177;132;0.00061001
822;SJV006010SJU;178;132;0.00015716
822;SJV006010SJU;179;132;0.00063421
822;SJV006010SJU;180;132;0.00055188
822;SJV006010SJU;181;132;0.00093669
822;SJV006010SJU;182;132;0.00106051
822;SJV006010SJU;183;132;0.00222909
822;SJV006010SJU;184;132;0.00023142
822;SJV006010SJU;185;132;0.00049274
822;SJV006010SJU;186;132;0.00113664
822;SJV006010SJU;187;132;0.00490755
822;SJV006010SJU;188;132;0.00537488
822;SJV006010SJU;189;132;0.02186752
822;SJV006010SJU;190;132;0.00156194
822;SJV006010SJU;191;132;0.00100776
822;SJV006010SJU;192;132;0.00216567
822;SJV006010SJU;193;132;0.00018991
822;SJV006010SJU;194;132;0.00173695
822;SJV006010SJU;195;132;0.00075344
822;SJV006010SJU;196;132;0.00134255
822;SJV006010SJU;197;132;0.00146632
822;SJV006010SJU;198;132;0.00011482
822;SJV006010SJU;164;133;0.00020986
822;SJV006010SJU;168;133;0.00356262
822;SJV006010SJU;170;133;0.00006849
822;SJV006010SJU;171;133;0.00026099
822;SJV006010SJU;172;133;0.00016333
822;SJV006010SJU;173;133;0.00005807
822;SJV006010SJU;174;133;0.00035666
822;SJV006010SJU;175;133;0.00028327
822;SJV006010SJU;177;133;0.00013972
822;SJV006010SJU;178;133;0.00011591
822;SJV006010SJU;181;133;0.00101753
822;SJV006010SJU;183;133;0.00223436
822;SJV006010SJU;185;133;0.00009511
822;SJV006010SJU;186;133;0.00071105
822;SJV006010SJU;187;133;0.00811130
822;SJV006010SJU;188;133;0.02348308
822;SJV006010SJU;189;133;0.00301122
822;SJV006010SJU;190;133;0.00134086
822;SJV006010SJU;191;133;0.00180536
822;SJV006010SJU;192;133;0.00316683
822;SJV006010SJU;193;133;0.00076580
822;SJV006010SJU;194;133;0.00176201
822;SJV006010SJU;195;133;0.00007672
822;SJV006010SJU;196;133;0.00047158
822;SJV006010SJU;197;133;0.00092284
822;SJV006010SJU;198;133;0.00007524
822;SJV006010SJU;199;133;0.00010200
822;SJV006010SJU;200;133;0.00002387
822;SJV006010SJU;201;133;0.00001442
822;SJV006010SJU;204;133;0.00000904
822;SJV006010SJU;163;134;0.00029458
822;SJV006010SJU;164;134;0.00024689
822;SJV006010SJU;167;134;0.00192840
822;SJV006010SJU;168;134;0.00147563
822;SJV006010SJU;170;134;0.00007182
822;SJV006010SJU;172;134;0.00016702
822;SJV006010SJU;173;134;0.00026686
822;SJV006010SJU;174;134;0.00117757
822;SJV006010SJU;175;134;0.00232219
822;SJV006010SJU;176;134;0.00203866
822;SJV006010SJU;177;134;0.00205370
822;SJV006010SJU;178;134;0.00242277
822;SJV006010SJU;179;134;0.00233554
822;SJV006010SJU;180;134;0.00256249
822;SJV006010SJU;181;134;0.00402292
822;SJV006010SJU;182;134;0.00512593
822;SJV006010SJU;183;134;0.00753003
822;SJV006010SJU;184;134;0.00705948
822;SJV006010SJU;185;134;0.00712031
822;SJV006010SJU;186;134;0.00835595
822;SJV006010SJU;187;134;0.03888813
822;SJV006010SJU;188;134;0.00898606
822;SJV006010SJU;189;134;0.00921511
822;SJV006010SJU;190;134;0.00926512
822;SJV006010SJU;191;134;0.01121785
822;SJV006010SJU;192;134;0.00690893
822;SJV006010SJU;193;134;0.00410472
822;SJV006010SJU;194;134;0.00475845
822;SJV006010SJU;195;134;0.00219975
822;SJV006010SJU;196;134;0.00201234
822;SJV006010SJU;197;134;0.00150920
822;SJV006010SJU;198;134;0.00094928
822;SJV006010SJU;199;134;0.00079940
822;SJV006010SJU;200;134;0.00050407
822;SJV006010SJU;201;134;0.00050374
822;SJV006010SJU;202;134;0.00000733
822;SJV006010SJU;203;134;0.00001257
822;SJV006010SJU;204;134;0.00003918
822;SJV006010SJU;163;135;0.00007712
822;SJV006010SJU;164;135;0.00072844
822;SJV006010SJU;166;135;0.00002419
822;SJV006010SJU;167;135;0.00331394
822;SJV006010SJU;168;135;0.00024801
822;SJV006010SJU;169;135;0.00000587
822;SJV006010SJU;170;135;0.00015545
822;SJV006010SJU;171;135;0.00010320
822;SJV006010SJU;172;135;0.00015926
822;SJV006010SJU;173;135;0.00024155
822;SJV006010SJU;174;135;0.00280418
822;SJV006010SJU;179;135;0.00003438
822;SJV006010SJU;180;135;0.00064114
822;SJV006010SJU;181;135;0.00150843
822;SJV006010SJU;182;135;0.00035375
822;SJV006010SJU;183;135;0.00040562
822;SJV006010SJU;184;135;0.00079362
822;SJV006010SJU;185;135;0.00287571
822;SJV006010SJU;186;135;0.02505615
822;SJV006010SJU;187;135;0.04399396
822;SJV006010SJU;188;135;0.02818388
822;SJV006010SJU;189;135;0.01852906
822;SJV006010SJU;190;135;0.00478670
822;SJV006010SJU;191;135;0.00079163
822;SJV006010SJU;192;135;0.00101982
822;SJV006010SJU;193;135;0.00007386
822;SJV006010SJU;194;135;0.00038866
822;SJV006010SJU;195;135;0.00019249
822;SJV006010SJU;198;135;0.00021967
822;SJV006010SJU;199;135;0.00050538
822;SJV006010SJU;200;135;0.00043904
822;SJV006010SJU;201;135;0.00037017
822;SJV006010SJU;202;135;0.00035749
822;SJV006010SJU;203;135;0.00043377
822;SJV006010SJU;204;135;0.00000775
822;SJV006010SJU;164;136;0.00004072
822;SJV006010SJU;165;136;0.00055956
822;SJV006010SJU;166;136;0.00332553
822;SJV006010SJU;167;136;0.00073239
822;SJV006010SJU;168;136;0.00025978
822;SJV006010SJU;170;136;0.00011504
822;SJV006010SJU;173;136;0.00133302
822;SJV006010SJU;174;136;0.00043794
822;SJV006010SJU;179;136;0.00000125
822;SJV006010SJU;180;136;0.00010636
822;SJV006010SJU;181;136;0.00174949
822;SJV006010SJU;182;136;0.00180359
822;SJV006010SJU;183;136;0.00222745
822;SJV006010SJU;184;136;0.00322892
822;SJV006010SJU;185;136;0.01888320
822;SJV006010SJU;186;136;0.01743647
822;SJV006010SJU;187;136;0.03490188
822;SJV006010SJU;188;136;0.02826866
822;SJV006010SJU;189;136;0.01510696
822;SJV006010SJU;190;136;0.00514387
822;SJV006010SJU;191;136;0.00153630
822;SJV006010SJU;192;136;0.00101409
822;SJV006010SJU;193;136;0.00003646
822;SJV006010SJU;195;136;0.00006122
822;SJV006010SJU;196;136;0.00000090
822;SJV006010SJU;197;136;0.00000269
822;SJV006010SJU;198;136;0.00000099
822;SJV006010SJU;166;137;0.00364321
822;SJV006010SJU;167;137;0.00014227
822;SJV006010SJU;168;137;0.00050404
822;SJV006010SJU;169;137;0.00036676
822;SJV006010SJU;170;137;0.00050401
822;SJV006010SJU;171;137;0.00047087
822;SJV006010SJU;172;137;0.00038987
822;SJV006010SJU;173;137;0.00156174
822;SJV006010SJU;181;137;0.00015686
822;SJV006010SJU;184;137;0.00740619
822;SJV006010SJU;185;137;0.00995078
822;SJV006010SJU;186;137;0.01233882
822;SJV006010SJU;187;137;0.03234813
822;SJV006010SJU;188;137;0.02050520
822;SJV006010SJU;189;137;0.01608517
822;SJV006010SJU;190;137;0.00408281
822;SJV006010SJU;191;137;0.00038619
822;SJV006010SJU;192;137;0.00070069
822;SJV006010SJU;193;137;0.00000123
822;SJV006010SJU;194;137;0.00000282
822;SJV006010SJU;195;137;0.00000005
822;SJV006010SJU;196;137;0.00000786
822;SJV006010SJU;197;137;0.00000178
822;SJV006010SJU;165;138;0.00012657
822;SJV006010SJU;166;138;0.00013591
822;SJV006010SJU;168;138;0.00007872
822;SJV006010SJU;170;138;0.00003152
822;SJV006010SJU;171;138;0.00001554
822;SJV006010SJU;172;138;0.00083606
822;SJV006010SJU;173;138;0.00009526
822;SJV006010SJU;187;138;0.01330410
822;SJV006010SJU;188;138;0.00821815
822;SJV006010SJU;189;138;0.00456173
822;SJV006010SJU;190;138;0.00199279
822;SJV006010SJU;191;138;0.00081192
822;SJV006010SJU;192;138;0.00109975
822;SJV006010SJU;194;138;0.00000386
822;SJV006010SJU;196;138;0.00000114
822;SJV006010SJU;197;138;0.00000326
822;SJV006010SJU;198;138;0.00000195
822;SJV006010SJU;168;139;0.00008550
822;SJV006010SJU;170;139;0.00027568
822;SJV006010SJU;171;139;0.00031326
822;SJV006010SJU;172;139;0.00000503
822;SJV006010SJU;187;139;0.00118611
822;SJV006010SJU;188;139;0.00391402
822;SJV006010SJU;189;139;0.00200751
822;SJV006010SJU;192;139;0.00017017
822;SJV006010SJU;193;139;0.00062377
822;SJV006010SJU;194;139;0.00013292
822;SJV006010SJU;195;139;0.00000149
822;SJV006010SJU;197;139;0.00000142
822;SJV006010SJU;198;139;0.00000256
822;SJV006010SJU;168;140;0.00008617
822;SJV006010SJU;169;140;0.00028661
822;SJV006010SJU;170;140;0.00009205
822;SJV006010SJU;188;140;0.00163314
822;SJV006010SJU;189;140;0.00278496
822;SJV006010SJU;190;140;0.00171067
822;SJV006010SJU;193;140;0.00056039
822;SJV006010SJU;194;140;0.00001419
822;SJV006010SJU;195;140;0.00000041
822;SJV006010SJU;196;140;0.00000430
822;SJV006010SJU;197;140;0.00000173
822;SJV006010SJU;188;141;0.00113722
822;SJV006010SJU;189;141;0.00095258
822;SJV006010SJU;190;141;0.00199137
822;SJV006010SJU;191;141;0.00216647
822;SJV006010SJU;192;141;0.00033815
822;SJV006010SJU;193;141;0.00042399
822;SJV006010SJU;194;141;0.00056308
822;SJV006010SJU;195;141;0.00050174
822;SJV006010SJU;196;141;0.00004779
822;SJV006010SJU;191;142;0.00091649
822;SJV006010SJU;192;142;0.00161464
822;SJV006010SJU;193;142;0.00016603
822;SJV006010SJU;194;142;0.00004039
822;SJV006010SJU;195;142;0.00042976
822;SJV006010SJU;196;142;0.00016419
822;SJV006010SJU;202;142;0.00018130
822;SJV006010SJU;203;142;0.00014810
822;SJV006010SJU;204;142;0.00000394
822;SJV006010SJU;193;143;0.00174747
822;SJV006010SJU;194;143;0.00169679
822;SJV006010SJU;195;143;0.00160131
822;SJV006010SJU;196;143;0.00129228
822;SJV006010SJU;200;143;0.00007029
822;SJV006010SJU;201;143;0.00023873
822;SJV006010SJU;202;143;0.00000409
822;SJV006010SJU;193;144;0.00039832
822;SJV006010SJU;194;144;0.00002435
822;SJV006010SJU;196;144;0.00035621
822;SJV006010SJU;197;144;0.00159138
822;SJV006010SJU;198;144;0.00012543
822;SJV006010SJU;199;144;0.00012875
822;SJV006010SJU;200;144;0.00011795
822;SJV006010SJU;201;144;0.00002612
822;SJV006010SJU;193;145;0.00040177
822;SJV006010SJU;197;145;0.00045784
822;SJV006010SJU;193;146;0.00006803
822;SJV006010SJU;197;146;0.00020748
822;SJV006010SJU;198;146;0.00048876
822;SJV006010SJU;199;146;0.00049074
822;SJV006010SJU;200;146;0.00004994
822;SJV006010SJU;199;147;0.00028746
822;SJV006010SJU;200;147;0.00012791
822;SJV006010SJU;200;148;0.00060653
822;SJV006010SJU;200;149;0.00004454
822;GBV006002GBU;190;178;0.00209090
822;GBV006002GBU;181;181;0.00665223
822;GBV006002GBU;181;182;0.00108207
822;GBV006002GBU;182;182;0.00771185
822;GBV006002GBU;183;182;0.00759119
822;GBV006002GBU;183;183;0.00003075
822;GBV006002GBU;184;183;0.00762194
822;GBV006002GBU;185;183;0.00762194
822;GBV006002GBU;186;183;0.00186787
822;GBV006002GBU;186;184;0.01861328
822;GBV006002GBU;186;185;0.00262058
822;GBV006002GBU;187;185;0.01599270
822;GBV006002GBU;187;186;0.00939501
822;GBV006002GBU;188;186;0.00921826
822;GBV006002GBU;182;187;0.00452163
822;GBV006002GBU;187;187;0.09199368
822;GBV006002GBU;188;187;0.08516592
822;GBV006002GBU;189;187;0.07319623
822;GBV006002GBU;190;187;0.07319623
822;GBV006002GBU;191;187;0.00605914
822;GBV006002GBU;181;188;0.00905876
822;GBV006002GBU;182;188;0.00501385
822;GBV006002GBU;183;188;0.00768711
822;GBV006002GBU;186;188;0.05961531
822;GBV006002GBU;187;188;0.02988421
822;GBV006002GBU;183;189;0.00750936
822;GBV006002GBU;184;189;0.00193943
822;GBV006002GBU;186;189;0.08941841
822;GBV006002GBU;183;190;0.07926507
822;GBV006002GBU;184;190;0.12882364
822;GBV006002GBU;185;190;0.09049982
822;GBV006002GBU;186;190;0.04595029
822;GBV006002GBU;187;190;0.00241189
822;GBV006002GBU;187;191;0.01002798
822;GBV006002GBU;187;192;0.00065145
822;0SF0060210BA;129;164;0.01144819
822;0SF0060210BA;127;165;0.00001127
822;0SF0060210BA;129;165;0.06776422
822;0SF0060210BA;126;166;0.00004438
822;0SF0060210BA;127;166;0.00005826
822;0SF0060210BA;128;166;0.04188414
822;0SF0060210BA;129;166;0.02240474
822;0SF0060210BA;124;167;0.00004185
822;0SF0060210BA;125;167;0.00027196
822;0SF0060210BA;126;167;0.00001869
822;0SF0060210BA;128;167;0.05057759
822;0SF0060210BA;129;167;0.01784674
822;0SF0060210BA;130;167;0.02106048
822;0SF0060210BA;124;168;0.00008486
822;0SF0060210BA;125;168;0.00033681
822;0SF0060210BA;126;168;0.00052594
822;0SF0060210BA;127;168;0.00006727
822;0SF0060210BA;128;168;0.05263180
822;0SF0060210BA;129;168;0.07801436
822;0SF0060210BA;130;168;0.00171917
822;0SF0060210BA;123;169;0.00000359
822;0SF0060210BA;124;169;0.00000460
822;0SF0060210BA;126;169;0.00025798
822;0SF0060210BA;127;169;0.00220061
822;0SF0060210BA;128;169;0.10690378
822;0SF0060210BA;129;169;0.00019084
822;0SF0060210BA;123;170;0.00022856
822;0SF0060210BA;124;170;0.00017418
822;0SF0060210BA;125;170;0.00053638
822;0SF0060210BA;126;170;0.00031062
822;0SF0060210BA;127;170;0.00018947
822;0SF0060210BA;128;170;0.10023048
822;0SF0060210BA;122;171;0.00007107
822;0SF0060210BA;123;171;0.00097281
822;0SF0060210BA;124;171;0.00025554
822;0SF0060210BA;125;171;0.00041355
822;0SF0060210BA;128;171;0.11358659
822;0SF0060210BA;121;172;0.00000236
822;0SF0060210BA;122;172;0.00001656
822;0SF0060210BA;124;172;0.00108385
822;0SF0060210BA;125;172;0.00004716
822;0SF0060210BA;126;172;0.00016879
822;0SF0060210BA;127;172;0.01183875
822;0SF0060210BA;128;172;0.10067338
822;0SF0060210BA;129;172;0.02272183
822;0SF0060210BA;121;173;0.00001588
822;0SF0060210BA;124;173;0.00054485
822;0SF0060210BA;125;173;0.00089771
822;0SF0060210BA;126;173;0.00006147
822;0SF0060210BA;127;173;0.08036401
822;0SF0060210BA;128;173;0.00808379
822;0SF0060210BA;120;174;0.00000763
822;0SF0060210BA;121;174;0.00000736
822;0SF0060210BA;123;174;0.00044322
822;0SF0060210BA;124;174;0.00057935
822;0SF0060210BA;125;174;0.00098295
822;0SF0060210BA;127;174;0.07540333
822;0SF0060210BA;120;175;0.00001315
822;0SF0060210BA;120;176;0.00065793
822;0SF0060210BA;121;176;0.00034561
822;0SF0060210BA;122;176;0.00027635
822;0SF0060210BA;120;177;0.00034166
822;0SF0060210BA;121;177;0.00071143
822;0SF0060210BA;121;178;0.00036630
822;0SV006011GLE;136;206;0.00525503
822;0SV006011GLE;136;207;0.07083161
822;0SV006011GLE;140;207;0.00114401
822;0SV006011GLE;136;208;0.07083161
822;0SV006011GLE;140;208;0.00444791
822;0SV006011GLE;141;208;0.00286719
822;0SV006011GLE;142;208;0.00535444
822;0SV006011GLE;143;208;0.01584085
822;0SV006011GLE;136;209;0.07164659
822;0SV006011GLE;140;209;0.00259372
822;0SV006011GLE;142;209;0.00158235
822;0SV006011GLE;134;210;0.00783370
822;0SV006011GLE;135;210;0.02005063
822;0SV006011GLE;136;210;0.09421162
822;0SV006011GLE;137;210;0.00727830
822;0SV006011GLE;138;210;0.00727830
822;0SV006011GLE;139;210;0.00532293
822;0SV006011GLE;140;210;0.00497208
822;0SV006011GLE;142;210;0.00207522
822;0SV006011GLE;136;211;0.07438603
822;0SV006011GLE;140;211;0.00371888
822;0SV006011GLE;136;212;0.07463425
822;0SV006011GLE;140;212;0.00370294
822;0SV006011GLE;136;213;0.07463425
822;0SV006011GLE;140;213;0.00335761
822;0SV006011GLE;136;214;0.07463425
822;0SV006011GLE;140;214;0.00074060
822;0SV006011GLE;136;215;0.07463425
822;0SV006011GLE;140;215;0.00066701
822;0SV006011GLE;136;216;0.07823892
822;0SV006011GLE;137;216;0.01421685
822;0SV006011GLE;138;216;0.01544637
822;0SV006011GLE;139;216;0.01544637
822;0SV006011GLE;140;216;0.01756679
822;0SV006011GLE;136;217;0.06788535
822;0SV006011GLE;136;218;0.00467116
822;NEP006018LAS;181;215;0.02429743
822;NEP006018LAS;181;216;0.03511012
822;NEP006018LAS;180;217;0.02504213
822;NEP006018LAS;181;217;0.03097135
822;NEP006018LAS;181;218;0.01337059
822;NEP006018LAS;181;219;0.01337059
822;NEP006018LAS;181;220;0.01337059
822;NEP006018LAS;181;221;0.01521075
822;NEP006018LAS;180;222;0.00567633
822;NEP006018LAS;181;222;0.01110408
822;NEP006018LAS;179;223;0.00045812
822;NEP006018LAS;180;223;0.01632229
822;NEP006018LAS;179;224;0.01678041
822;NEP006018LAS;178;225;0.01625840
822;NEP006018LAS;179;225;0.00476009
822;NEP006018LAS;176;226;0.00880860
822;NEP006018LAS;177;226;0.01671663
822;NEP006018LAS;178;226;0.00171132
822;NEP006018LAS;174;227;0.01098484
822;NEP006018LAS;175;227;0.01501336
822;NEP006018LAS;176;227;0.00789503
822;NEP006018LAS;173;228;0.01033218
822;NEP006018LAS;174;228;0.00812862
822;NEP006018LAS;172;229;0.00624380
822;NEP006018LAS;173;229;0.01202298
822;NEP006018LAS;181;229;0.00002133
822;NEP006018LAS;182;229;0.00004155
822;NEP006018LAS;171;230;0.00127340
822;NEP006018LAS;172;230;0.01698674
822;NEP006018LAS;180;230;0.00011559
822;NEP006018LAS;181;230;0.00010176
822;NEP006018LAS;160;231;0.01411274
822;NEP006018LAS;161;231;0.02462342
822;NEP006018LAS;162;231;0.00990670
822;NEP006018LAS;170;231;0.00090223
822;NEP006018LAS;171;231;0.01832879
822;NEP006018LAS;172;231;0.00029513
822;NEP006018LAS;173;231;0.00024853
822;NEP006018LAS;178;231;0.00029758
822;NEP006018LAS;179;231;0.00017774
822;NEP006018LAS;180;231;0.00000750
822;NEP006018LAS;161;232;0.00540457
822;NEP006018LAS;162;232;0.01102460
822;NEP006018LAS;163;232;0.02093130
822;NEP006018LAS;164;232;0.00914054
822;NEP006018LAS;170;232;0.01566431
822;NEP006018LAS;173;232;0.00041838
822;NEP006018LAS;176;232;0.00019795
822;NEP006018LAS;177;232;0.00042266
822;NEP006018LAS;178;232;0.00012508
822;NEP006018LAS;161;233;0.00209870
822;NEP006018LAS;164;233;0.01188397
822;NEP006018LAS;165;233;0.02105988
822;NEP006018LAS;166;233;0.00730699
822;NEP006018LAS;169;233;0.01200166
822;NEP006018LAS;170;233;0.00874113
822;NEP006018LAS;171;233;0.00010300
822;NEP006018LAS;172;233;0.00010300
822;NEP006018LAS;173;233;0.00008969
822;NEP006018LAS;174;233;0.00039148
822;NEP006018LAS;175;233;0.00074176
822;NEP006018LAS;176;233;0.00022470
822;NEP006018LAS;161;234;0.00209870
822;NEP006018LAS;165;234;0.00988397
822;NEP006018LAS;166;234;0.02524390
822;NEP006018LAS;167;234;0.03029460
822;NEP006018LAS;168;234;0.03839074
822;NEP006018LAS;169;234;0.01082624
822;NEP006018LAS;175;234;0.00006418
822;NEP006018LAS;176;234;0.00049239
822;NEP006018LAS;160;235;0.00204034
822;NEP006018LAS;161;235;0.00005836
822;NEP006018LAS;162;235;0.00277195
822;NEP006018LAS;163;235;0.01329375
822;NEP006018LAS;164;235;0.01104467
822;NEP006018LAS;165;235;0.00230479
822;NEP006018LAS;169;235;0.00434871
822;NEP006018LAS;170;235;0.00417659
822;NEP006018LAS;176;235;0.00055657
822;NEP006018LAS;160;236;0.00209870
822;NEP006018LAS;161;236;0.00237940
822;NEP006018LAS;162;236;0.01295499
822;NEP006018LAS;170;236;0.00653690
822;NEP006018LAS;171;236;0.00084008
822;NEP006018LAS;176;236;0.00055657
822;NEP006018LAS;160;237;0.00319234
822;NEP006018LAS;161;237;0.01403562
822;NEP006018LAS;169;237;0.00476583
822;NEP006018LAS;170;237;0.00305241
822;NEP006018LAS;176;237;0.00055657
822;NEP006018LAS;159;238;0.00180624
822;NEP006018LAS;160;238;0.01542173
822;NEP006018LAS;169;238;0.00658501
822;NEP006018LAS;176;238;0.00055657
822;NEP006018LAS;158;239;0.00299367
822;NEP006018LAS;159;239;0.01715229
822;NEP006018LAS;160;239;0.00019212
822;NEP006018LAS;168;239;0.00480702
822;NEP006018LAS;169;239;0.00119403
822;NEP006018LAS;176;239;0.00030470
822;NEP006018LAS;177;239;0.00025187
822;NEP006018LAS;155;240;0.03921716
822;NEP006018LAS;156;240;0.01315824
822;NEP006018LAS;157;240;0.01420510
822;NEP006018LAS;158;240;0.01294568
822;NEP006018LAS;168;240;0.00600105
822;NEP006018LAS;176;240;0.00028567
822;NEP006018LAS;177;240;0.00034702
822;NEP006018LAS;168;241;0.00600105
822;NEP006018LAS;175;241;0.00002957
822;NEP006018LAS;176;241;0.00064775
822;NEP006018LAS;168;242;0.00632558
822;NEP006018LAS;175;242;0.00067732
822;NEP006018LAS;167;243;0.00540933
822;NEP006018LAS;168;243;0.00107877
822;NEP006018LAS;174;243;0.00045080
822;NEP006018LAS;175;243;0.00022653
822;NEP006018LAS;167;244;0.00636991
822;NEP006018LAS;173;244;0.00019470
822;NEP006018LAS;174;244;0.00048263
822;NEP006018LAS;167;245;0.00607065
822;NEP006018LAS;173;245;0.00067732
822;NEP006018LAS;167;246;0.00607065
822;NEP006018LAS;172;246;0.00178110
822;NEP006018LAS;173;246;0.00006140
822;NEP006018LAS;166;247;0.00363310
822;NEP006018LAS;167;247;0.00076355
822;NEP006018LAS;172;247;0.00262723
822;NEP006018LAS;166;248;0.00067937
822;NEP006018LAS;172;248;0.00262723
822;NEP006018LAS;165;249;0.00060692
822;NEP006018LAS;166;249;0.00007245
822;NEP006018LAS;172;249;0.00262723
822;NEP006018LAS;164;250;0.00023347
822;NEP006018LAS;165;250;0.00044590
822;NEP006018LAS;172;250;0.00262161
822;NEP006018LAS;157;251;0.00160326
822;NEP006018LAS;164;251;0.00064853
822;NEP006018LAS;172;251;0.00261694
822;NEP006018LAS;155;252;0.00262391
822;NEP006018LAS;156;252;0.00296986
822;NEP006018LAS;157;252;0.00242536
822;NEP006018LAS;158;252;0.00193152
822;NEP006018LAS;163;252;0.00025055
822;NEP006018LAS;164;252;0.00036750
822;NEP006018LAS;172;252;0.00261694
822;NEP006018LAS;158;253;0.00268700
822;NEP006018LAS;159;253;0.00320302
822;NEP006018LAS;160;253;0.00066301
822;NEP006018LAS;163;253;0.00061806
822;NEP006018LAS;171;253;0.00083866
822;NEP006018LAS;172;253;0.00177828
822;NEP006018LAS;159;254;0.00089840
822;NEP006018LAS;160;254;0.00194757
822;NEP006018LAS;161;254;0.00295149
822;NEP006018LAS;162;254;0.00117145
822;NEP006018LAS;163;254;0.00061415
822;NEP006018LAS;171;254;0.00261692
822;NEP006018LAS;181;254;0.00011337
822;NEP006018LAS;182;254;0.00001173
822;NEP006018LAS;159;255;0.00009224
822;NEP006018LAS;162;255;0.00037233
822;NEP006018LAS;171;255;0.00010554
822;NEP006018LAS;181;255;0.00000758
822;0NC006008NCU;100;264;0.04698268
822;0NC006008NCU;100;265;0.05865388
822;0NC006008NCU;101;265;0.01536685
822;0NC006008NCU;100;266;0.06244848
822;0NC006008NCU;99;267;0.05597972
822;0NC006008NCU;100;267;0.00206240
822;0NC006008NCU;99;268;0.05339930
822;0NC006008NCU;99;269;0.05183308
822;0NC006008NCU;99;270;0.05611714
822;0NC006008NCU;97;271;0.00011346
822;0NC006008NCU;98;271;0.06629113
822;0NC006008NCU;99;271;0.00804478
822;0NC006008NCU;97;272;0.03622958
822;0NC006008NCU;98;272;0.04463086
822;0NC006008NCU;100;272;0.00159107
822;0NC006008NCU;98;273;0.05886519
822;0NC006008NCU;99;273;0.02194007
822;0NC006008NCU;100;273;0.03110008
822;0NC006008NCU;101;273;0.01098702
822;0NC006008NCU;98;274;0.00062376
822;0NC006008NCU;99;274;0.02600243
822;0NC006008NCU;101;274;0.01987467
822;0NC006008NCU;102;274;0.02207186
822;0NC006008NCU;103;274;0.02434761
822;0NC006008NCU;104;274;0.02451858
822;0NC006008NCU;105;274;0.00356268
822;0NC006008NCU;99;275;0.03147771
822;0NC006008NCU;105;275;0.02095590
822;0NC006008NCU;106;275;0.02316192
822;0NC006008NCU;98;276;0.00731861
822;0NC006008NCU;99;276;0.02494391
822;0NC006008NCU;106;276;0.01567620
822;0NC006008NCU;107;276;0.00864850
822;0NC006008NCU;97;277;0.01401953
822;0NC006008NCU;98;277;0.01391922
822;0NC006008NCU;107;277;0.02432470
822;0NC006008NCU;110;277;0.00002663
822;0NC006008NCU;111;277;0.00006950
822;0NC006008NCU;97;278;0.00708834
822;0NC006008NCU;107;278;0.00469514
822;0NC006008NCU;110;278;0.00003579
822;0SF0060280BA;131;173;0.01197774
822;0SF0060280BA;134;173;0.02690286
822;0SF0060280BA;135;173;0.04870878
822;0SF0060280BA;134;174;0.05734842
822;0SF0060280BA;135;174;0.00612466
822;0SF0060280BA;134;175;0.09387909
822;0SF0060280BA;135;175;0.02551091
822;0SF0060280BA;132;176;0.04976722
822;0SF0060280BA;133;176;0.11376550
822;0SF0060280BA;134;176;0.07123480
822;0SF0060280BA;132;177;0.00001403
822;0SF0060280BA;133;177;0.06583776
822;0SF0060280BA;134;177;0.02080912
822;0SF0060280BA;137;177;0.00000001
822;0SF0060280BA;132;178;0.00715752
822;0SF0060280BA;133;178;0.05722092
822;0SF0060280BA;134;178;0.00813534
822;0SF0060280BA;135;178;0.00000764
822;0SF0060280BA;136;178;0.00000320
822;0SF0060280BA;137;178;0.00000622
822;0SF0060280BA;131;179;0.00746644
822;0SF0060280BA;132;179;0.02812373
822;0SF0060280BA;133;179;0.01651536
822;0SF0060280BA;135;179;0.00012851
822;0SF0060280BA;136;179;0.00000863
822;0SF0060280BA;130;180;0.01350824
822;0SF0060280BA;131;180;0.02107650
822;0SF0060280BA;132;180;0.03372434
822;0SF0060280BA;135;180;0.00008448
822;0SF0060280BA;131;181;0.04130129
822;0SF0060280BA;132;181;0.00108563
822;0SF0060280BA;135;181;0.00004747
822;0SF0060280BA;136;181;0.00004737
822;0SF0060280BA;130;182;0.01543514
822;0SF0060280BA;131;182;0.00963176
822;0SF0060280BA;134;182;0.00001473
822;0SF0060280BA;135;182;0.00010226
822;0SF0060280BA;129;183;0.00958908
822;0SF0060280BA;130;183;0.02535784
822;0SF0060280BA;135;183;0.00013408
822;0SF0060280BA;137;183;0.02561508
822;0SF0060280BA;138;183;0.01075312
822;0SF0060280BA;128;184;0.01168166
822;0SF0060280BA;129;184;0.01762404
822;0SF0060280BA;130;184;0.00826225
822;0SF0060280BA;135;184;0.00009509
822;0SF0060280BA;126;185;0.00100684
822;0SF0060280BA;127;185;0.02633997
822;0SF0060280BA;128;185;0.00867490
822;0SF0060280BA;130;185;0.00028437
822;0SF0060280BA;131;185;0.00012732
822;0SF0060280BA;134;185;0.00009420
822;0SF0060280BA;135;185;0.00000745
822;0SF0060280BA;126;186;0.00013082
822;0SF0060280BA;131;186;0.00043461
822;0SF0060280BA;132;186;0.00036320
822;0SF0060280BA;133;186;0.00048401
822;0SF0060280BA;134;186;0.00012157
822;0SF0060280BA;132;187;0.00010491
822;SCC006040SLO;194;84;0.00001247
822;SCC006040SLO;192;85;0.00028769
822;SCC006040SLO;193;85;0.00042922
822;SCC006040SLO;194;85;0.00032383
822;SCC006040SLO;170;86;0.00009559
822;SCC006040SLO;174;86;0.00006311
822;SCC006040SLO;194;86;0.00042216
822;SCC006040SLO;170;87;0.00315505
822;SCC006040SLO;171;87;0.00082517
822;SCC006040SLO;172;87;0.00353549
822;SCC006040SLO;173;87;0.01944654
822;SCC006040SLO;174;87;0.00068367
822;SCC006040SLO;175;87;0.00033086
822;SCC006040SLO;193;87;0.00000070
822;SCC006040SLO;194;87;0.00004294
822;SCC006040SLO;169;88;0.00009947
822;SCC006040SLO;170;88;0.00404907
822;SCC006040SLO;171;88;0.00393478
822;SCC006040SLO;172;88;0.03057955
822;SCC006040SLO;173;88;0.00006654
822;SCC006040SLO;175;88;0.00051508
822;SCC006040SLO;176;88;0.00070869
822;SCC006040SLO;177;88;0.00048397
822;SCC006040SLO;178;88;0.00008227
822;SCC006040SLO;179;88;0.00003648
822;SCC006040SLO;185;88;0.00014214
822;SCC006040SLO;192;88;0.00001273
822;SCC006040SLO;193;88;0.00004543
822;SCC006040SLO;169;89;0.00112059
822;SCC006040SLO;170;89;0.00505283
822;SCC006040SLO;171;89;0.02243832
822;SCC006040SLO;172;89;0.00150131
822;SCC006040SLO;176;89;0.00012642
822;SCC006040SLO;177;89;0.00005233
822;SCC006040SLO;179;89;0.00005242
822;SCC006040SLO;182;89;0.00017827
822;SCC006040SLO;183;89;0.00035597
822;SCC006040SLO;184;89;0.00031748
822;SCC006040SLO;185;89;0.00010838
822;SCC006040SLO;190;89;0.00003173
822;SCC006040SLO;191;89;0.00003774
822;SCC006040SLO;192;89;0.00002806
822;SCC006040SLO;169;90;0.02241012
822;SCC006040SLO;170;90;0.02811276
822;SCC006040SLO;171;90;0.00448220
822;SCC006040SLO;172;90;0.00004036
822;SCC006040SLO;173;90;0.00001566
822;SCC006040SLO;174;90;0.00000226
822;SCC006040SLO;180;90;0.00008465
822;SCC006040SLO;181;90;0.00026227
822;SCC006040SLO;182;90;0.00015390
822;SCC006040SLO;183;90;0.00002758
822;SCC006040SLO;188;90;0.00001298
822;SCC006040SLO;189;90;0.00004806
822;SCC006040SLO;190;90;0.00000868
822;SCC006040SLO;167;91;0.00190622
822;SCC006040SLO;168;91;0.03596051
822;SCC006040SLO;169;91;0.03586688
822;SCC006040SLO;170;91;0.00365900
822;SCC006040SLO;171;91;0.00078298
822;SCC006040SLO;172;91;0.00023738
822;SCC006040SLO;173;91;0.00008110
822;SCC006040SLO;174;91;0.00000668
822;SCC006040SLO;175;91;0.00000905
822;SCC006040SLO;183;91;0.00002870
822;SCC006040SLO;187;91;0.00003548
822;SCC006040SLO;188;91;0.00004264
822;SCC006040SLO;164;92;0.00102323
822;SCC006040SLO;165;92;0.00237337
822;SCC006040SLO;166;92;0.00378018
822;SCC006040SLO;167;92;0.03614437
822;SCC006040SLO;168;92;0.00010194
822;SCC006040SLO;169;92;0.00255117
822;SCC006040SLO;170;92;0.00194887
822;SCC006040SLO;171;92;0.00066572
822;SCC006040SLO;172;92;0.00033566
822;SCC006040SLO;173;92;0.00016892
822;SCC006040SLO;175;92;0.00000183
822;SCC006040SLO;176;92;0.00000880
822;SCC006040SLO;177;92;0.00001014
822;SCC006040SLO;178;92;0.00000417
822;SCC006040SLO;183;92;0.00001079
822;SCC006040SLO;184;92;0.00001182
822;SCC006040SLO;186;92;0.00004267
822;SCC006040SLO;187;92;0.00000889
822;SCC006040SLO;188;92;0.00000479
822;SCC006040SLO;163;93;0.00025048
822;SCC006040SLO;164;93;0.00112971
822;SCC006040SLO;166;93;0.00014571
822;SCC006040SLO;167;93;0.03075548
822;SCC006040SLO;168;93;0.00024168
822;SCC006040SLO;169;93;0.00568017
822;SCC006040SLO;170;93;0.00051104
822;SCC006040SLO;173;93;0.00007691
822;SCC006040SLO;174;93;0.00024288
822;SCC006040SLO;184;93;0.00002049
822;SCC006040SLO;185;93;0.00004174
822;SCC006040SLO;186;93;0.00002150
822;SCC006040SLO;163;94;0.00047781
822;SCC006040SLO;165;94;0.00000286
822;SCC006040SLO;166;94;0.00016869
822;SCC006040SLO;167;94;0.01943818
822;SCC006040SLO;168;94;0.04257679
822;SCC006040SLO;169;94;0.00230838
822;SCC006040SLO;170;94;0.00002487
822;SCC006040SLO;174;94;0.00007899
822;SCC006040SLO;184;94;0.00005826
822;SCC006040SLO;185;94;0.00002024
822;SCC006040SLO;163;95;0.00046084
822;SCC006040SLO;164;95;0.00093241
822;SCC006040SLO;165;95;0.00488342
822;SCC006040SLO;166;95;0.00512547
822;SCC006040SLO;167;95;0.00529377
822;SCC006040SLO;168;95;0.06457563
822;SCC006040SLO;169;95;0.01181270
822;SCC006040SLO;171;95;0.00000009
822;SCC006040SLO;172;95;0.00001746
822;SCC006040SLO;173;95;0.00001577
822;SCC006040SLO;174;95;0.00003118
822;SCC006040SLO;175;95;0.00000192
822;SCC006040SLO;183;95;0.00003201
822;SCC006040SLO;184;95;0.00004387
822;SCC006040SLO;164;96;0.00740039
822;SCC006040SLO;165;96;0.00001914
822;SCC006040SLO;166;96;0.00945585
822;SCC006040SLO;167;96;0.00962777
822;SCC006040SLO;168;96;0.00001048
822;SCC006040SLO;169;96;0.02622378
822;SCC006040SLO;171;96;0.00001652
822;SCC006040SLO;175;96;0.00000982
822;SCC006040SLO;177;96;0.00000376
822;SCC006040SLO;178;96;0.00003248
822;SCC006040SLO;182;96;0.00000466
822;SCC006040SLO;183;96;0.00045043
822;SCC006040SLO;184;96;0.00019010
822;SCC006040SLO;185;96;0.00004126
822;SCC006040SLO;186;96;0.00004078
822;SCC006040SLO;164;97;0.01382528
822;SCC006040SLO;165;97;0.00890572
822;SCC006040SLO;166;97;0.00072984
822;SCC006040SLO;168;97;0.01853938
822;SCC006040SLO;169;97;0.00952988
822;SCC006040SLO;170;97;0.00027472
822;SCC006040SLO;171;97;0.00031573
822;SCC006040SLO;172;97;0.00034418
822;SCC006040SLO;173;97;0.00011774
822;SCC006040SLO;175;97;0.00001286
822;SCC006040SLO;176;97;0.00004103
822;SCC006040SLO;177;97;0.00004943
822;SCC006040SLO;180;97;0.00023887
822;SCC006040SLO;181;97;0.00033610
822;SCC006040SLO;182;97;0.00046240
822;SCC006040SLO;183;97;0.00005339
822;SCC006040SLO;184;97;0.00003394
822;SCC006040SLO;185;97;0.00000029
822;SCC006040SLO;186;97;0.00001067
822;SCC006040SLO;187;97;0.00000131
822;SCC006040SLO;163;98;0.00410776
822;SCC006040SLO;164;98;0.00310645
822;SCC006040SLO;165;98;0.00010387
822;SCC006040SLO;169;98;0.02641101
822;SCC006040SLO;170;98;0.00161288
822;SCC006040SLO;172;98;0.00001477
822;SCC006040SLO;173;98;0.00001536
822;SCC006040SLO;176;98;0.00036411
822;SCC006040SLO;177;98;0.00032828
822;SCC006040SLO;178;98;0.00034895
822;SCC006040SLO;179;98;0.00038265
822;SCC006040SLO;180;98;0.00013680
822;SCC006040SLO;181;98;0.00005342
822;SCC006040SLO;161;99;0.00007914
822;SCC006040SLO;162;99;0.00177987
822;SCC006040SLO;163;99;0.00443840
822;SCC006040SLO;164;99;0.00013844
822;SCC006040SLO;165;99;0.00011906
822;SCC006040SLO;166;99;0.00020952
822;SCC006040SLO;167;99;0.00042699
822;SCC006040SLO;168;99;0.01625180
822;SCC006040SLO;169;99;0.00941913
822;SCC006040SLO;170;99;0.00042847
822;SCC006040SLO;171;99;0.00128811
822;SCC006040SLO;172;99;0.00099911
822;SCC006040SLO;174;99;0.00013864
822;SCC006040SLO;175;99;0.00010933
822;SCC006040SLO;176;99;0.00061850
822;SCC006040SLO;177;99;0.00012053
822;SCC006040SLO;178;99;0.00015307
822;SCC006040SLO;181;99;0.00005383
822;SCC006040SLO;182;99;0.00002768
822;SCC006040SLO;160;100;0.00049144
822;SCC006040SLO;161;100;0.00203989
822;SCC006040SLO;162;100;0.00006717
822;SCC006040SLO;163;100;0.00006761
822;SCC006040SLO;164;100;0.00010180
822;SCC006040SLO;165;100;0.00001565
822;SCC006040SLO;166;100;0.00031223
822;SCC006040SLO;167;100;0.00255619
822;SCC006040SLO;168;100;0.04008605
822;SCC006040SLO;169;100;0.00045487
822;SCC006040SLO;170;100;0.00012069
822;SCC006040SLO;171;100;0.00010995
822;SCC006040SLO;172;100;0.00017651
822;SCC006040SLO;173;100;0.00056448
822;SCC006040SLO;174;100;0.00049658
822;SCC006040SLO;175;100;0.00050836
822;SCC006040SLO;178;100;0.00003884
822;SCC006040SLO;181;100;0.00009288
822;SCC006040SLO;182;100;0.00004287
822;SCC006040SLO;159;101;0.00030000
822;SCC006040SLO;160;101;0.00207667
822;SCC006040SLO;162;101;0.00000586
822;SCC006040SLO;164;101;0.00012406
822;SCC006040SLO;165;101;0.00000751
822;SCC006040SLO;166;101;0.00019049
822;SCC006040SLO;167;101;0.02460935
822;SCC006040SLO;168;101;0.00802153
822;SCC006040SLO;169;101;0.00147159
822;SCC006040SLO;170;101;0.00081113
822;SCC006040SLO;171;101;0.00045148
822;SCC006040SLO;172;101;0.00056503
822;SCC006040SLO;173;101;0.00001773
822;SCC006040SLO;175;101;0.00006638
822;SCC006040SLO;178;101;0.00002963
822;SCC006040SLO;181;101;0.00004069
822;SCC006040SLO;158;102;0.00147753
822;SCC006040SLO;159;102;0.00479763
822;SCC006040SLO;160;102;0.00076243
822;SCC006040SLO;161;102;0.00076288
822;SCC006040SLO;162;102;0.00073260
822;SCC006040SLO;163;102;0.00074719
822;SCC006040SLO;164;102;0.00094211
822;SCC006040SLO;165;102;0.00159075
822;SCC006040SLO;166;102;0.00241999
822;SCC006040SLO;167;102;0.02504720
822;SCC006040SLO;168;102;0.00037105
822;SCC006040SLO;169;102;0.00184583
822;SCC006040SLO;170;102;0.00049778
822;SCC006040SLO;171;102;0.00132504
822;SCC006040SLO;172;102;0.00016433
822;SCC006040SLO;175;102;0.00006391
822;SCC006040SLO;177;102;0.00000580
822;SCC006040SLO;178;102;0.00000298
822;SCC006040SLO;180;102;0.00002636
822;SCC006040SLO;181;102;0.00001577
822;SCC006040SLO;158;103;0.00431358
822;SCC006040SLO;159;103;0.00035584
822;SCC006040SLO;160;103;0.00017374
822;SCC006040SLO;161;103;0.00003009
822;SCC006040SLO;162;103;0.00007468
822;SCC006040SLO;164;103;0.00042579
822;SCC006040SLO;165;103;0.00062346
822;SCC006040SLO;166;103;0.00041211
822;SCC006040SLO;167;103;0.02186274
822;SCC006040SLO;168;103;0.00141021
822;SCC006040SLO;169;103;0.00126718
822;SCC006040SLO;170;103;0.00219932
822;SCC006040SLO;171;103;0.00008656
822;SCC006040SLO;172;103;0.00012828
822;SCC006040SLO;173;103;0.00005838
822;SCC006040SLO;175;103;0.00006790
822;SCC006040SLO;176;103;0.00000719
822;SCC006040SLO;177;103;0.00000153
822;SCC006040SLO;179;103;0.00001778
822;SCC006040SLO;180;103;0.00002615
822;SCC006040SLO;157;104;0.00201644
822;SCC006040SLO;158;104;0.00021001
822;SCC006040SLO;159;104;0.00001661
822;SCC006040SLO;162;104;0.00002640
822;SCC006040SLO;163;104;0.00003187
822;SCC006040SLO;164;104;0.00073311
822;SCC006040SLO;166;104;0.00004002
822;SCC006040SLO;167;104;0.02465677
822;SCC006040SLO;168;104;0.01394123
822;SCC006040SLO;169;104;0.00043564
822;SCC006040SLO;170;104;0.00117777
822;SCC006040SLO;171;104;0.00018280
822;SCC006040SLO;173;104;0.00000333
822;SCC006040SLO;174;104;0.00011759
822;SCC006040SLO;175;104;0.00004116
822;SCC006040SLO;178;104;0.00001057
822;SCC006040SLO;179;104;0.00001563
822;SCC006040SLO;154;105;0.00044498
822;SCC006040SLO;155;105;0.00152807
822;SCC006040SLO;156;105;0.00155153
822;SCC006040SLO;157;105;0.00039707
822;SCC006040SLO;159;105;0.00000791
822;SCC006040SLO;160;105;0.00001476
822;SCC006040SLO;161;105;0.00001753
822;SCC006040SLO;162;105;0.00051116
822;SCC006040SLO;163;105;0.00076308
822;SCC006040SLO;164;105;0.00024823
822;SCC006040SLO;165;105;0.00006717
822;SCC006040SLO;166;105;0.00091388
822;SCC006040SLO;167;105;0.01487816
822;SCC006040SLO;168;105;0.01094252
822;SCC006040SLO;169;105;0.00808425
822;SCC006040SLO;170;105;0.00542761
822;SCC006040SLO;171;105;0.00486834
822;SCC006040SLO;172;105;0.00431398
822;SCC006040SLO;173;105;0.00420203
822;SCC006040SLO;174;105;0.00427257
822;SCC006040SLO;175;105;0.00199646
822;SCC006040SLO;177;105;0.00001523
822;SCC006040SLO;178;105;0.00003128
822;SCC006040SLO;154;106;0.00159363
822;SCC006040SLO;156;106;0.00007162
822;SCC006040SLO;157;106;0.00000922
822;SCC006040SLO;161;106;0.00049504
822;SCC006040SLO;162;106;0.00042524
822;SCC006040SLO;164;106;0.00127259
822;SCC006040SLO;165;106;0.00311542
822;SCC006040SLO;166;106;0.00263257
822;SCC006040SLO;167;106;0.00647213
822;SCC006040SLO;168;106;0.00026310
822;SCC006040SLO;169;106;0.00061390
822;SCC006040SLO;170;106;0.00005417
822;SCC006040SLO;171;106;0.00001727
822;SCC006040SLO;172;106;0.00027835
822;SCC006040SLO;175;106;0.00393497
822;SCC006040SLO;176;106;0.00117492
822;SCC006040SLO;177;106;0.00003351
822;SCC006040SLO;153;107;0.00013602
822;SCC006040SLO;154;107;0.00114036
822;SCC006040SLO;160;107;0.00008660
822;SCC006040SLO;161;107;0.00019897
822;SCC006040SLO;163;107;0.00231840
822;SCC006040SLO;164;107;0.00177639
822;SCC006040SLO;166;107;0.00000017
822;SCC006040SLO;167;107;0.00664076
822;SCC006040SLO;168;107;0.00011053
822;SCC006040SLO;169;107;0.00018274
822;SCC006040SLO;170;107;0.00032913
822;SCC006040SLO;172;107;0.00001847
822;SCC006040SLO;176;107;0.00439034
822;SCC006040SLO;177;107;0.00214673
822;SCC006040SLO;178;107;0.00179568
822;SCC006040SLO;153;108;0.00115156
822;SCC006040SLO;154;108;0.00033725
822;SCC006040SLO;160;108;0.00003632
822;SCC006040SLO;161;108;0.00013327
822;SCC006040SLO;162;108;0.00029009
822;SCC006040SLO;163;108;0.00145415
822;SCC006040SLO;166;108;0.00032068
822;SCC006040SLO;167;108;0.00848517
822;SCC006040SLO;168;108;0.00000631
822;SCC006040SLO;169;108;0.00011345
822;SCC006040SLO;176;108;0.00000093
822;SCC006040SLO;177;108;0.00240591
822;SCC006040SLO;178;108;0.00170981
822;SCC006040SLO;153;109;0.00066282
822;SCC006040SLO;161;109;0.00014543
822;SCC006040SLO;162;109;0.00034993
822;SCC006040SLO;163;109;0.00016109
822;SCC006040SLO;166;109;0.00115394
822;0SF0060410BA;136;148;0.00006320
822;0SF0060410BA;130;149;0.00000372
822;0SF0060410BA;131;149;0.00000108
822;0SF0060410BA;130;150;0.00000301
822;0SF0060410BA;133;150;0.00014100
822;0SF0060410BA;134;150;0.00000746
822;0SF0060410BA;135;150;0.00000936
822;0SF0060410BA;136;150;0.00000153
822;0SF0060410BA;130;151;0.00000027
822;0SF0060410BA;131;151;0.00000310
822;0SF0060410BA;133;151;0.00040901
822;0SF0060410BA;135;151;0.00000053
822;0SF0060410BA;130;152;0.00000202
822;0SF0060410BA;131;152;0.00000111
822;0SF0060410BA;133;152;0.00027136
822;0SF0060410BA;134;152;0.00013757
822;0SF0060410BA;130;153;0.00000330
822;0SF0060410BA;132;153;0.00000003
822;0SF0060410BA;133;153;0.00005307
822;0SF0060410BA;134;153;0.00413861
822;0SF0060410BA;135;153;0.00867464
822;0SF0060410BA;130;154;0.00059046
822;0SF0060410BA;132;154;0.00000057
822;0SF0060410BA;133;154;0.00651423
822;0SF0060410BA;134;154;0.00927494
822;0SF0060410BA;135;154;0.00301767
822;0SF0060410BA;136;154;0.05294153
822;0SF0060410BA;129;155;0.00010735
822;0SF0060410BA;130;155;0.00245794
822;0SF0060410BA;131;155;0.00329859
822;0SF0060410BA;132;155;0.00395894
822;0SF0060410BA;133;155;0.00824767
822;0SF0060410BA;134;155;0.04846866
822;0SF0060410BA;135;155;0.09996561
822;0SF0060410BA;136;155;0.06074507
822;0SF0060410BA;137;155;0.00105117
822;0SF0060410BA;128;156;0.00026135
822;0SF0060410BA;129;156;0.00044396
822;0SF0060410BA;131;156;0.00123900
822;0SF0060410BA;132;156;0.01558026
822;0SF0060410BA;133;156;0.03947299
822;0SF0060410BA;134;156;0.08342662
822;0SF0060410BA;135;156;0.00062595
822;0SF0060410BA;137;156;0.00048175
822;0SF0060410BA;128;157;0.00048420
822;0SF0060410BA;131;157;0.01104736
822;0SF0060410BA;132;157;0.00846078
822;0SF0060410BA;133;157;0.10558754
822;0SF0060410BA;134;157;0.00339715
822;0SF0060410BA;128;158;0.00042314
822;0SF0060410BA;129;158;0.00040516
822;0SF0060410BA;130;158;0.00622313
822;0SF0060410BA;131;158;0.06060660
822;0SF0060410BA;132;158;0.08276633
822;0SF0060410BA;133;158;0.00000969
822;0SF0060410BA;134;158;0.01053198
822;0SF0060410BA;135;158;0.00677959
822;0SF0060410BA;129;159;0.00176059
822;0SF0060410BA;130;159;0.02113989
822;0SF0060410BA;131;159;0.07776253
822;0SF0060410BA;129;160;0.01070431
822;0SF0060410BA;130;160;0.00576072
822;0SF0060410BA;131;160;0.07309069
822;0SF0060410BA;129;161;0.00965676
822;0SF0060410BA;130;161;0.00008751
822;0SF0060410BA;131;161;0.04721709
822;0MC006029NSI;159;196;0.01210858
822;0MC006029NSI;159;197;0.03031088
822;0MC006029NSI;160;197;0.00195100
822;0MC006029NSI;161;197;0.00098782
822;0MC006029NSI;159;198;0.02134541
822;0MC006029NSI;161;198;0.00113777
822;0MC006029NSI;159;199;0.02153308
822;0MC006029NSI;160;199;0.00206525
822;0MC006029NSI;161;199;0.00424349
822;0MC006029NSI;162;199;0.00347299
822;0MC006029NSI;157;200;0.00060586
822;0MC006029NSI;158;200;0.00144766
822;0MC006029NSI;160;200;0.03118270
822;0MC006029NSI;161;200;0.00014954
822;0MC006029NSI;162;200;0.00990716
822;0MC006029NSI;155;201;0.00811807
822;0MC006029NSI;156;201;0.01541588
822;0MC006029NSI;157;201;0.01658566
822;0MC006029NSI;158;201;0.01444144
822;0MC006029NSI;159;201;0.01444275
822;0MC006029NSI;160;201;0.03707178
822;0MC006029NSI;161;201;0.01021319
822;0MC006029NSI;162;201;0.00289523
822;0MC006029NSI;158;202;0.00241435
822;0MC006029NSI;159;202;0.00320249
822;0MC006029NSI;160;202;0.04709251
822;0MC006029NSI;161;202;0.00799413
822;0MC006029NSI;159;203;0.00473092
822;0MC006029NSI;160;203;0.00578844
822;0MC006029NSI;161;203;0.02341110
822;0MC006029NSI;162;203;0.00346888
822;0MC006029NSI;159;204;0.00408482
822;0MC006029NSI;162;204;0.00079118
822;0MC006029NSI;163;204;0.00493124
822;0MC006029NSI;164;204;0.00412247
822;0MC006029NSI;165;204;0.00410051
822;0MC006029NSI;166;204;0.00480291
822;0MC006029NSI;167;204;0.00547572
822;0MC006029NSI;168;204;0.00196847
822;0MC006029NSI;169;204;0.02382753
822;0MC006029NSI;170;204;0.02675809
822;0MC006029NSI;173;204;0.02774425
822;0MC006029NSI;174;204;0.02705201
822;0MC006029NSI;177;204;0.02898787
822;0MC006029NSI;178;204;0.02908745
822;0MC006029NSI;179;204;0.00075382
822;0MC006029NSI;158;205;0.00030311
822;0MC006029NSI;159;205;0.00180998
822;0MC006029NSI;170;205;0.01638601
822;0MC006029NSI;174;205;0.02767764
822;0MC006029NSI;175;205;0.04962134
822;0MC006029NSI;176;205;0.04852156
822;0MC006029NSI;177;205;0.01958212
822;0MC006029NSI;178;205;0.05149494
822;0MC006029NSI;179;205;0.03583520
822;0MC006029NSI;159;206;0.00247263
822;0MC006029NSI;178;206;0.01538144
822;0MC006029NSI;179;206;0.00694334
822;0MC006029NSI;180;206;0.04173942
822;0MC006029NSI;181;206;0.05909646
822;0MC006029NSI;178;207;0.01477011
822;0MC006029NSI;181;207;0.04059882
822;0MC006029NSI;177;208;0.00135181
822;0MC006029NSI;178;208;0.00159333
822;0MC006029NSI;181;208;0.00054336
822;0MC006029NSI;182;208;0.01005306
822;SJV006039SJU;153;158;0.00419184
822;SJV006039SJU;154;158;0.00060035
822;SJV006039SJU;149;159;0.00014877
822;SJV006039SJU;150;159;0.00048599
822;SJV006039SJU;151;159;0.00051547
822;SJV006039SJU;152;159;0.00494780
822;SJV006039SJU;153;159;0.00429800
822;SJV006039SJU;154;159;0.00216137
822;SJV006039SJU;155;159;0.00103026
822;SJV006039SJU;150;160;0.00191160
822;SJV006039SJU;151;160;0.00629335
822;SJV006039SJU;152;160;0.00114186
822;SJV006039SJU;153;160;0.00259670
822;SJV006039SJU;154;160;0.00065348
822;SJV006039SJU;155;160;0.00041220
822;SJV006039SJU;156;160;0.00006551
822;SJV006039SJU;149;161;0.00398396
822;SJV006039SJU;150;161;0.00443075
822;SJV006039SJU;151;161;0.00614806
822;SJV006039SJU;152;161;0.00307025
822;SJV006039SJU;153;161;0.00249398
822;SJV006039SJU;154;161;0.00048407
822;SJV006039SJU;155;161;0.00005987
822;SJV006039SJU;156;161;0.00018462
822;SJV006039SJU;157;161;0.00000527
822;SJV006039SJU;158;161;0.00262100
822;SJV006039SJU;149;162;0.02592490
822;SJV006039SJU;150;162;0.02346747
822;SJV006039SJU;151;162;0.02471880
822;SJV006039SJU;152;162;0.02269874
822;SJV006039SJU;153;162;0.02360642
822;SJV006039SJU;154;162;0.00929182
822;SJV006039SJU;155;162;0.00026336
822;SJV006039SJU;156;162;0.00068145
822;SJV006039SJU;157;162;0.01548352
822;SJV006039SJU;158;162;0.02838198
822;SJV006039SJU;159;162;0.00063693
822;SJV006039SJU;160;162;0.00032641
822;SJV006039SJU;161;162;0.00101909
822;SJV006039SJU;162;162;0.00108097
822;SJV006039SJU;149;163;0.00275051
822;SJV006039SJU;150;163;0.00041694
822;SJV006039SJU;151;163;0.00067097
822;SJV006039SJU;152;163;0.00015724
822;SJV006039SJU;153;163;0.00087762
822;SJV006039SJU;154;163;0.02708843
822;SJV006039SJU;155;163;0.01655159
822;SJV006039SJU;156;163;0.01537090
822;SJV006039SJU;157;163;0.02722889
822;SJV006039SJU;158;163;0.00277659
822;SJV006039SJU;159;163;0.00267100
822;SJV006039SJU;160;163;0.00227948
822;SJV006039SJU;161;163;0.00406703
822;SJV006039SJU;162;163;0.00105220
822;SJV006039SJU;151;164;0.00049799
822;SJV006039SJU;153;164;0.00051541
822;SJV006039SJU;154;164;0.00330051
822;SJV006039SJU;155;164;0.01895661
822;SJV006039SJU;156;164;0.02347086
822;SJV006039SJU;157;164;0.00136169
822;SJV006039SJU;158;164;0.00176091
822;SJV006039SJU;159;164;0.00002486
822;SJV006039SJU;160;164;0.00033852
822;SJV006039SJU;161;164;0.00151226
822;SJV006039SJU;162;164;0.00046929
822;SJV006039SJU;151;165;0.00041558
822;SJV006039SJU;152;165;0.00016265
822;SJV006039SJU;153;165;0.00012828
822;SJV006039SJU;154;165;0.00015413
822;SJV006039SJU;155;165;0.02152552
822;SJV006039SJU;156;165;0.02015867
822;SJV006039SJU;157;165;0.00081517
822;SJV006039SJU;158;165;0.00058690
822;SJV006039SJU;159;165;0.00066874
822;SJV006039SJU;160;165;0.00091395
822;SJV006039SJU;161;165;0.00080501
822;SJV006039SJU;162;165;0.00026161
822;SJV006039SJU;149;166;0.00286330
822;SJV006039SJU;150;166;0.00299749
822;SJV006039SJU;151;166;0.00319810
822;SJV006039SJU;152;166;0.00007235
822;SJV006039SJU;153;166;0.00010111
822;SJV006039SJU;154;166;0.00081421
822;SJV006039SJU;155;166;0.03103990
822;SJV006039SJU;156;166;0.01563409
822;SJV006039SJU;157;166;0.00181169
822;SJV006039SJU;158;166;0.00171689
822;SJV006039SJU;159;166;0.00060710
822;SJV006039SJU;160;166;0.00018616
822;SJV006039SJU;161;166;0.00053797
822;SJV006039SJU;162;166;0.00018517
822;SJV006039SJU;150;167;0.00001789
822;SJV006039SJU;151;167;0.00044800
822;SJV006039SJU;152;167;0.00289905
822;SJV006039SJU;153;167;0.00283575
822;SJV006039SJU;154;167;0.02669064
822;SJV006039SJU;155;167;0.02831630
822;SJV006039SJU;156;167;0.02078907
822;SJV006039SJU;157;167;0.00238041
822;SJV006039SJU;158;167;0.00168077
822;SJV006039SJU;159;167;0.00140253
822;SJV006039SJU;160;167;0.00178527
822;SJV006039SJU;161;167;0.00176808
822;SJV006039SJU;162;167;0.00190413
822;SJV006039SJU;153;168;0.00470135
822;SJV006039SJU;154;168;0.03457130
822;SJV006039SJU;155;168;0.02392903
822;SJV006039SJU;156;168;0.01657571
822;SJV006039SJU;157;168;0.00179294
822;SJV006039SJU;158;168;0.00071806
822;SJV006039SJU;159;168;0.00045305
822;SJV006039SJU;160;168;0.00056530
822;SJV006039SJU;161;168;0.00020594
822;SJV006039SJU;162;168;0.00010204
822;SJV006039SJU;153;169;0.01533998
822;SJV006039SJU;154;169;0.01860210
822;SJV006039SJU;155;169;0.02916521
822;SJV006039SJU;156;169;0.00251258
822;SJV006039SJU;157;169;0.00130161
822;SJV006039SJU;158;169;0.00227037
822;SJV006039SJU;159;169;0.00142863
822;SJV006039SJU;160;169;0.00052568
822;SJV006039SJU;161;169;0.00007826
822;SJV006039SJU;162;169;0.00001023
822;SJV006039SJU;150;170;0.00000044
822;SJV006039SJU;151;170;0.00000639
822;SJV006039SJU;152;170;0.00013895
822;SJV006039SJU;153;170;0.01413420
822;SJV006039SJU;154;170;0.00978655
822;SJV006039SJU;155;170;0.01997051
822;SJV006039SJU;156;170;0.00098673
822;SJV006039SJU;157;170;0.00191701
822;SJV006039SJU;158;170;0.00109115
822;SJV006039SJU;159;170;0.00068929
822;SJV006039SJU;160;170;0.00089243
822;SJV006039SJU;161;170;0.00067593
822;SJV006039SJU;162;170;0.00001106
822;SJV006039SJU;153;171;0.01053675
822;SJV006039SJU;154;171;0.00368315
822;SJV006039SJU;155;171;0.01461392
822;SJV006039SJU;156;171;0.00059904
822;SJV006039SJU;157;171;0.00136995
822;SJV006039SJU;158;171;0.00053336
822;SJV006039SJU;159;171;0.00030895
822;SJV006039SJU;161;171;0.00046934
822;SJV006039SJU;162;171;0.01486743
822;SJV006039SJU;149;172;0.00092339
822;SJV006039SJU;150;172;0.00183191
822;SJV006039SJU;151;172;0.00475399
822;SJV006039SJU;152;172;0.01152984
822;SJV006039SJU;153;172;0.00403033
822;SJV006039SJU;154;172;0.00596188
822;SJV006039SJU;155;172;0.02265599
822;SJV006039SJU;156;172;0.00319461
822;SJV006039SJU;157;172;0.00376049
822;SJV006039SJU;158;172;0.00050192
822;SJV006039SJU;159;172;0.00032903
822;SJV006039SJU;152;173;0.00619789
822;SJV006039SJU;153;173;0.00056649
822;SJV006039SJU;154;173;0.00127234
822;SJV006039SJU;155;173;0.00941273
822;SJV006039SJU;156;173;0.00128511
822;SJV006039SJU;157;173;0.00097554
822;SJV006039SJU;158;173;0.00342476
822;SJV006039SJU;159;173;0.00028131
822;SJV006039SJU;160;173;0.00003468
822;SJV006039SJU;152;174;0.00700409
822;SJV006039SJU;153;174;0.00042162
822;SJV006039SJU;154;174;0.00048639
822;SJV006039SJU;155;174;0.00785541
822;SJV006039SJU;156;174;0.00141927
822;SJV006039SJU;157;174;0.00161409
822;SJV006039SJU;158;174;0.00086853
822;SJV006039SJU;159;174;0.00416771
822;SJV006039SJU;160;174;0.00739407
822;SJV006039SJU;161;174;0.00697879
822;SJV006039SJU;150;175;0.00092051
822;SJV006039SJU;151;175;0.00168777
822;SJV006039SJU;152;175;0.00741139
822;SJV006039SJU;155;175;0.00659925
822;SJV006039SJU;156;175;0.00015133
822;SJV006039SJU;157;175;0.00027240
822;SJV006039SJU;158;175;0.00005179
822;SJV006039SJU;159;175;0.00029653
822;SJV006039SJU;160;175;0.00219916
822;SJV006039SJU;161;175;0.00031082
822;SJV006039SJU;151;176;0.00046433
822;SJV006039SJU;152;176;0.00026057
822;SJV006039SJU;157;176;0.00004522
822;SJV006039SJU;160;176;0.01151740
822;SJV006039SJU;161;176;0.00457929
822;0SC0060360SC;233;59;0.00008572
822;0SC0060360SC;234;59;0.00000489
822;0SC0060360SC;235;59;0.00001498
822;0SC0060360SC;236;59;0.00702073
822;0SC0060360SC;237;59;0.00028698
822;0SC0060360SC;233;60;0.00006539
822;0SC0060360SC;234;60;0.00096167
822;0SC0060360SC;235;60;0.01037935
822;0SC0060360SC;236;60;0.00390048
822;0SC0060360SC;237;60;0.00099140
822;0SC0060360SC;238;60;0.00000027
822;0SC0060360SC;233;61;0.00041643
822;0SC0060360SC;234;61;0.00936001
822;0SC0060360SC;235;61;0.00987566
822;0SC0060360SC;236;61;0.00361249
822;0SC0060360SC;237;61;0.00176816
822;0SC0060360SC;238;61;0.00085197
822;0SC0060360SC;247;61;0.00004624
822;0SC0060360SC;248;61;0.00004219
822;0SC0060360SC;234;62;0.00499400
822;0SC0060360SC;235;62;0.03104123
822;0SC0060360SC;236;62;0.03246399
822;0SC0060360SC;237;62;0.03520800
822;0SC0060360SC;238;62;0.03476933
822;0SC0060360SC;239;62;0.00434179
822;0SC0060360SC;240;62;0.00055330
822;0SC0060360SC;241;62;0.00082908
822;0SC0060360SC;242;62;0.00124272
822;0SC0060360SC;243;62;0.00859787
822;0SC0060360SC;244;62;0.00726067
822;0SC0060360SC;245;62;0.00013798
822;0SC0060360SC;246;62;0.00049576
822;0SC0060360SC;247;62;0.00389282
822;0SC0060360SC;248;62;0.01412788
822;0SC0060360SC;249;62;0.01485883
822;0SC0060360SC;250;62;0.00114711
822;0SC0060360SC;251;62;0.00013896
822;0SC0060360SC;252;62;0.00000821
822;0SC0060360SC;235;63;0.03172901
822;0SC0060360SC;236;63;0.03837563
822;0SC0060360SC;237;63;0.04397261
822;0SC0060360SC;238;63;0.06177232
822;0SC0060360SC;239;63;0.02599856
822;0SC0060360SC;240;63;0.02111465
822;0SC0060360SC;241;63;0.01968255
822;0SC0060360SC;242;63;0.01898313
822;0SC0060360SC;243;63;0.01651224
822;0SC0060360SC;244;63;0.03145449
822;0SC0060360SC;245;63;0.02184872
822;0SC0060360SC;246;63;0.01941994
822;0SC0060360SC;247;63;0.01645736
822;0SC0060360SC;248;63;0.00087533
822;0SC0060360SC;249;63;0.00034033
822;0SC0060360SC;250;63;0.00048155
822;0SC0060360SC;251;63;0.00001055
822;0SC0060360SC;235;64;0.00584158
822;0SC0060360SC;236;64;0.00298606
822;0SC0060360SC;237;64;0.00321496
822;0SC0060360SC;238;64;0.00805438
822;0SC0060360SC;239;64;0.02829884
822;0SC0060360SC;240;64;0.00459945
822;0SC0060360SC;241;64;0.00379069
822;0SC0060360SC;242;64;0.00269857
822;0SC0060360SC;243;64;0.00351456
822;0SC0060360SC;244;64;0.01678155
822;0SC0060360SC;245;64;0.00270062
822;0SC0060360SC;246;64;0.00355605
822;0SC0060360SC;247;64;0.00074589
822;0SC0060360SC;248;64;0.00018231
822;0SC0060360SC;249;64;0.00016399
822;0SC0060360SC;250;64;0.00039026
822;0SC0060360SC;251;64;0.00033310
822;0SC0060360SC;252;64;0.00017927
822;0SC0060360SC;235;65;0.00220786
822;0SC0060360SC;236;65;0.01287642
822;0SC0060360SC;237;65;0.01296329
822;0SC0060360SC;238;65;0.01239766
822;0SC0060360SC;239;65;0.01757373
822;0SC0060360SC;240;65;0.03137011
822;0SC0060360SC;241;65;0.00817778
822;0SC0060360SC;242;65;0.00717357
822;0SC0060360SC;243;65;0.01078757
822;0SC0060360SC;244;65;0.01417021
822;0SC0060360SC;245;65;0.00605141
822;0SC0060360SC;246;65;0.00459015
822;0SC0060360SC;247;65;0.00020084
822;0SC0060360SC;251;65;0.00028210
822;0SC0060360SC;240;66;0.00984768
822;0SC0060360SC;241;66;0.02381990
822;0SC0060360SC;242;66;0.00155320
822;0SC0060360SC;243;66;0.00954987
822;0SC0060360SC;244;66;0.00208075
822;0SC0060360SC;245;66;0.00029484
822;0SC0060360SC;246;66;0.00005245
822;0SC0060360SC;247;66;0.00193546
822;0SC0060360SC;251;66;0.00012465
822;0SC0060360SC;252;66;0.00026820
822;0SC0060360SC;253;66;0.00028102
822;0SC0060360SC;254;66;0.00015025
822;0SC0060360SC;255;66;0.00015016
822;0SC0060360SC;256;66;0.00013305
822;0SC0060360SC;257;66;0.00003213
822;0SC0060360SC;239;67;0.00000726
822;0SC0060360SC;240;67;0.00016214
822;0SC0060360SC;241;67;0.02939688
822;0SC0060360SC;242;67;0.00741056
822;0SC0060360SC;243;67;0.00003770
822;0SC0060360SC;244;67;0.00152467
822;0SC0060360SC;245;67;0.00036672
822;0SC0060360SC;247;67;0.00115351
822;0SC0060360SC;248;67;0.00077243
822;0SC0060360SC;249;67;0.00045584
822;0SC0060360SC;250;67;0.00002965
822;0SC0060360SC;256;67;0.00003016
822;0SC0060360SC;257;67;0.00016259
822;0SC0060360SC;239;68;0.00003383
822;0SC0060360SC;240;68;0.01595996
822;0SC0060360SC;241;68;0.02238960
822;0SC0060360SC;242;68;0.00000106
822;0SC0060360SC;244;68;0.00049448
822;0SC0060360SC;245;68;0.00041617
822;0SC0060360SC;246;68;0.00052321
822;0SC0060360SC;247;68;0.00014068
822;0SC0060360SC;248;68;0.00002050
822;0SC0060360SC;249;68;0.00015359
822;0SC0060360SC;250;68;0.00078912
822;0SC0060360SC;251;68;0.00052894
822;0SC0060360SC;252;68;0.00049255
822;0SC0060360SC;253;68;0.00051718
822;0SC0060360SC;254;68;0.00009244
822;0SC0060360SC;255;68;0.00044175
822;0SC0060360SC;256;68;0.00016270
822;0SC0060360SC;240;69;0.02018703
822;0SC0060360SC;243;69;0.00012399
822;0SC0060360SC;244;69;0.00002445
822;0SC0060360SC;246;69;0.00021807
822;0SC0060360SC;247;69;0.00003756
822;0SC0060360SC;252;69;0.00000518
822;0SC0060360SC;253;69;0.00011091
822;0SC0060360SC;254;69;0.00033593
822;0SC0060360SC;255;69;0.00022455
822;0SC0060360SC;256;69;0.00004877
822;0SC0060360SC;255;70;0.00006373
822;0SV0060510FR;149;189;0.00010938
822;0SV0060510FR;150;189;0.05605233
822;0SV0060510FR;151;189;0.00314353
822;0SV0060510FR;146;190;0.00000241
822;0SV0060510FR;150;190;0.05464916
822;0SV0060510FR;151;190;0.00071178
822;0SV0060510FR;146;191;0.01046850
822;0SV0060510FR;148;191;0.00002702
822;0SV0060510FR;149;191;0.00017860
822;0SV0060510FR;150;191;0.05466347
822;0SV0060510FR;151;191;0.00085116
822;0SV0060510FR;146;192;0.01008104
822;0SV0060510FR;149;192;0.01696420
822;0SV0060510FR;150;192;0.04046906
822;0SV0060510FR;151;192;0.00105802
822;0SV0060510FR;146;193;0.01036824
822;0SV0060510FR;148;193;0.00661875
822;0SV0060510FR;149;193;0.02400496
822;0SV0060510FR;150;193;0.03055285
822;0SV0060510FR;151;193;0.00103173
822;0SV0060510FR;145;194;0.00147294
822;0SV0060510FR;146;194;0.00211827
822;0SV0060510FR;147;194;0.00650321
822;0SV0060510FR;148;194;0.02271178
822;0SV0060510FR;149;194;0.00228367
822;0SV0060510FR;150;194;0.02868874
822;0SV0060510FR;151;194;0.00023000
822;0SV0060510FR;145;195;0.00105824
822;0SV0060510FR;147;195;0.00789782
822;0SV0060510FR;148;195;0.02376300
822;0SV0060510FR;150;195;0.02160319
822;0SV0060510FR;151;195;0.00297081
822;0SV0060510FR;152;195;0.00153359
822;0SV0060510FR;145;196;0.00094061
822;0SV0060510FR;147;196;0.00781555
822;0SV0060510FR;148;196;0.02771212
822;0SV0060510FR;151;196;0.00120380
822;0SV0060510FR;144;197;0.00085275
822;0SV0060510FR;145;197;0.00016002
822;0SV0060510FR;147;197;0.00359792
822;0SV0060510FR;148;197;0.02778898
822;0SV0060510FR;144;198;0.00090297
822;0SV0060510FR;147;198;0.00680735
822;0SV0060510FR;148;198;0.03782400
822;0SV0060510FR;143;199;0.00115579
822;0SV0060510FR;144;199;0.00088742
822;0SV0060510FR;145;199;0.00006995
822;0SV0060510FR;146;199;0.00148456
822;0SV0060510FR;147;199;0.01539877
822;0SV0060510FR;148;199;0.08812698
822;0SV0060510FR;142;200;0.00852127
822;0SV0060510FR;143;200;0.01324372
822;0SV0060510FR;144;200;0.01313306
822;0SV0060510FR;145;200;0.01489416
822;0SV0060510FR;146;200;0.02177137
822;0SV0060510FR;147;200;0.03315175
822;0SV0060510FR;148;200;0.11849671
822;0SV0060510FR;146;201;0.00032012
822;0SV0060510FR;147;201;0.00244731
822;0SV0060510FR;148;201;0.03071255
822;0SV0060510FR;147;202;0.01050904
822;0SV0060510FR;148;202;0.02253832
822;0SV0060510FR;145;203;0.00044622
822;0SV0060510FR;146;203;0.00078478
822;0SV0060510FR;147;203;0.03067515
822;0SV0060510FR;147;204;0.01078348
822;0SC0060330SC;247;46;0.00000120
822;0SC0060330SC;248;46;0.00645607
822;0SC0060330SC;249;46;0.00007250
822;0SC0060330SC;250;46;0.00000101
822;0SC0060330SC;254;46;0.00007520
822;0SC0060330SC;255;46;0.00006182
822;0SC0060330SC;247;47;0.00011173
822;0SC0060330SC;248;47;0.00961895
822;0SC0060330SC;249;47;0.00188164
822;0SC0060330SC;250;47;0.00038229
822;0SC0060330SC;251;47;0.00016906
822;0SC0060330SC;252;47;0.00015834
822;0SC0060330SC;253;47;0.00017691
822;0SC0060330SC;254;47;0.00009898
822;0SC0060330SC;255;47;0.00016583
822;0SC0060330SC;247;48;0.00082725
822;0SC0060330SC;248;48;0.01501632
822;0SC0060330SC;249;48;0.00089807
822;0SC0060330SC;250;48;0.00030105
822;0SC0060330SC;251;48;0.00007690
822;0SC0060330SC;255;48;0.00006415
822;0SC0060330SC;256;48;0.00018570
822;0SC0060330SC;260;48;0.00007962
822;0SC0060330SC;245;49;0.00012980
822;0SC0060330SC;246;49;0.00012473
822;0SC0060330SC;247;49;0.01619232
822;0SC0060330SC;248;49;0.00422833
822;0SC0060330SC;249;49;0.00070538
822;0SC0060330SC;250;49;0.00023754
822;0SC0060330SC;251;49;0.00004787
822;0SC0060330SC;252;49;0.00001711
822;0SC0060330SC;253;49;0.00000025
822;0SC0060330SC;254;49;0.00000180
822;0SC0060330SC;256;49;0.00004368
822;0SC0060330SC;257;49;0.00016930
822;0SC0060330SC;258;49;0.00006599
822;0SC0060330SC;259;49;0.00001968
822;0SC0060330SC;260;49;0.00009747
822;0SC0060330SC;241;50;0.00059901
822;0SC0060330SC;242;50;0.00017874
822;0SC0060330SC;243;50;0.00000577
822;0SC0060330SC;245;50;0.00050941
822;0SC0060330SC;246;50;0.01420593
822;0SC0060330SC;247;50;0.00547470
822;0SC0060330SC;248;50;0.00082108
822;0SC0060330SC;249;50;0.00063430
822;0SC0060330SC;250;50;0.00006747
822;0SC0060330SC;251;50;0.00001242
822;0SC0060330SC;252;50;0.00004172
822;0SC0060330SC;253;50;0.00000166
822;0SC0060330SC;257;50;0.00001675
822;0SC0060330SC;258;50;0.00011673
822;0SC0060330SC;259;50;0.00020081
822;0SC0060330SC;260;50;0.00017682
822;0SC0060330SC;261;50;0.00019314
822;0SC0060330SC;262;50;0.00017498
822;0SC0060330SC;242;51;0.00093557
822;0SC0060330SC;243;51;0.00090272
822;0SC0060330SC;244;51;0.00060021
822;0SC0060330SC;245;51;0.01294673
822;0SC0060330SC;246;51;0.00138014
822;0SC0060330SC;247;51;0.00437800
822;0SC0060330SC;248;51;0.00029372
822;0SC0060330SC;249;51;0.00122338
822;0SC0060330SC;252;51;0.00006217
822;0SC0060330SC;256;51;0.00001859
822;0SC0060330SC;257;51;0.00022189
822;0SC0060330SC;258;51;0.00004950
822;0SC0060330SC;260;51;0.00005004
822;0SC0060330SC;261;51;0.00000105
822;0SC0060330SC;242;52;0.00104031
822;0SC0060330SC;243;52;0.00127787
822;0SC0060330SC;244;52;0.01088106
822;0SC0060330SC;245;52;0.00790544
822;0SC0060330SC;246;52;0.00087496
822;0SC0060330SC;247;52;0.00411114
822;0SC0060330SC;248;52;0.00063781
822;0SC0060330SC;249;52;0.00098677
822;0SC0060330SC;252;52;0.00010470
822;0SC0060330SC;255;52;0.00007741
822;0SC0060330SC;256;52;0.00015272
822;0SC0060330SC;258;52;0.00000908
822;0SC0060330SC;259;52;0.00003569
822;0SC0060330SC;260;52;0.00001543
822;0SC0060330SC;242;53;0.00032159
822;0SC0060330SC;243;53;0.01167770
822;0SC0060330SC;244;53;0.00644686
822;0SC0060330SC;245;53;0.00034370
822;0SC0060330SC;246;53;0.00075078
822;0SC0060330SC;247;53;0.00626832
822;0SC0060330SC;248;53;0.00129627
822;0SC0060330SC;249;53;0.00126075
822;0SC0060330SC;250;53;0.00071634
822;0SC0060330SC;251;53;0.00011169
822;0SC0060330SC;252;53;0.00029821
822;0SC0060330SC;253;53;0.00008802
822;0SC0060330SC;254;53;0.00001201
822;0SC0060330SC;255;53;0.00015489
822;0SC0060330SC;257;53;0.00001694
822;0SC0060330SC;258;53;0.00003801
822;0SC0060330SC;259;53;0.00002595
822;0SC0060330SC;241;54;0.01396622
822;0SC0060330SC;242;54;0.01284357
822;0SC0060330SC;243;54;0.00567829
822;0SC0060330SC;244;54;0.00007766
822;0SC0060330SC;245;54;0.00097810
822;0SC0060330SC;246;54;0.00037994
822;0SC0060330SC;247;54;0.00543864
822;0SC0060330SC;248;54;0.00157717
822;0SC0060330SC;249;54;0.00136199
822;0SC0060330SC;250;54;0.00153773
822;0SC0060330SC;251;54;0.00180674
822;0SC0060330SC;252;54;0.00048324
822;0SC0060330SC;253;54;0.00015392
822;0SC0060330SC;254;54;0.00022807
822;0SC0060330SC;255;54;0.00003223
822;0SC0060330SC;256;54;0.00006972
822;0SC0060330SC;257;54;0.00009988
822;0SC0060330SC;258;54;0.00007703
822;0SC0060330SC;240;55;0.01654496
822;0SC0060330SC;241;55;0.00055647
822;0SC0060330SC;242;55;0.00009426
822;0SC0060330SC;243;55;0.00008103
822;0SC0060330SC;244;55;0.00001878
822;0SC0060330SC;245;55;0.00095909
822;0SC0060330SC;246;55;0.00508155
822;0SC0060330SC;247;55;0.00563258
822;0SC0060330SC;248;55;0.00007956
822;0SC0060330SC;249;55;0.00002875
822;0SC0060330SC;250;55;0.00011113
822;0SC0060330SC;251;55;0.00148030
822;0SC0060330SC;252;55;0.00143279
822;0SC0060330SC;253;55;0.00064377
822;0SC0060330SC;254;55;0.00019804
822;0SC0060330SC;255;55;0.00001995
822;0SC0060330SC;257;55;0.00019105
822;0SC0060330SC;258;55;0.00001541
822;0SC0060330SC;238;56;0.00007026
822;0SC0060330SC;239;56;0.00997276
822;0SC0060330SC;240;56;0.00646951
822;0SC0060330SC;241;56;0.00018189
822;0SC0060330SC;242;56;0.00014062
822;0SC0060330SC;243;56;0.00005985
822;0SC0060330SC;244;56;0.00011811
822;0SC0060330SC;245;56;0.00031495
822;0SC0060330SC;246;56;0.00873622
822;0SC0060330SC;247;56;0.00018592
822;0SC0060330SC;248;56;0.00011504
822;0SC0060330SC;249;56;0.00006582
822;0SC0060330SC;250;56;0.00003933
822;0SC0060330SC;251;56;0.00108843
822;0SC0060330SC;252;56;0.00160793
822;0SC0060330SC;253;56;0.00024647
822;0SC0060330SC;256;56;0.00014078
822;0SC0060330SC;257;56;0.00031574
822;0SC0060330SC;236;57;0.01004715
822;0SC0060330SC;237;57;0.00029653
822;0SC0060330SC;238;57;0.00123034
822;0SC0060330SC;239;57;0.01632717
822;0SC0060330SC;241;57;0.00004894
822;0SC0060330SC;242;57;0.00007802
822;0SC0060330SC;243;57;0.00028430
822;0SC0060330SC;244;57;0.00046455
822;0SC0060330SC;245;57;0.00775475
822;0SC0060330SC;246;57;0.00357367
822;0SC0060330SC;247;57;0.00047428
822;0SC0060330SC;248;57;0.00001355
822;0SC0060330SC;249;57;0.00006101
822;0SC0060330SC;250;57;0.00001291
822;0SC0060330SC;251;57;0.00274313
822;0SC0060330SC;252;57;0.00009518
822;0SC0060330SC;255;57;0.00008825
822;0SC0060330SC;256;57;0.00016315
822;0SC0060330SC;236;58;0.02061887
822;0SC0060330SC;237;58;0.03449892
822;0SC0060330SC;238;58;0.04074840
822;0SC0060330SC;239;58;0.02641475
822;0SC0060330SC;240;58;0.01916629
822;0SC0060330SC;241;58;0.00385234
822;0SC0060330SC;242;58;0.00227621
822;0SC0060330SC;243;58;0.00201274
822;0SC0060330SC;244;58;0.00225184
822;0SC0060330SC;245;58;0.00931640
822;0SC0060330SC;246;58;0.00227952
822;0SC0060330SC;247;58;0.00050193
822;0SC0060330SC;248;58;0.00001400
822;0SC0060330SC;249;58;0.00050392
822;0SC0060330SC;250;58;0.00123837
822;0SC0060330SC;251;58;0.00257592
822;0SC0060330SC;254;58;0.00004596
822;0SC0060330SC;255;58;0.00021743
822;0SC0060330SC;236;59;0.00224190
822;0SC0060330SC;237;59;0.00035634
822;0SC0060330SC;238;59;0.00943614
822;0SC0060330SC;239;59;0.00064745
822;0SC0060330SC;240;59;0.00134338
822;0SC0060330SC;241;59;0.01952064
822;0SC0060330SC;242;59;0.00893730
822;0SC0060330SC;243;59;0.00115005
822;0SC0060330SC;244;59;0.00688024
822;0SC0060330SC;245;59;0.00628423
822;0SC0060330SC;246;59;0.00111621
822;0SC0060330SC;247;59;0.00261914
822;0SC0060330SC;248;59;0.00147997
822;0SC0060330SC;249;59;0.00256095
822;0SC0060330SC;250;59;0.00033207
822;0SC0060330SC;251;59;0.00138853
822;0SC0060330SC;252;59;0.00073852
822;0SC0060330SC;253;59;0.00007530
822;0SC0060330SC;254;59;0.00053749
822;0SC0060330SC;255;59;0.00081829
822;0SC0060330SC;256;59;0.01248072
822;0SC0060330SC;237;60;0.00037750
822;0SC0060330SC;238;60;0.00916228
822;0SC0060330SC;239;60;0.00149900
822;0SC0060330SC;240;60;0.00252879
822;0SC0060330SC;241;60;0.00237770
822;0SC0060330SC;242;60;0.01875752
822;0SC0060330SC;243;60;0.00876586
822;0SC0060330SC;244;60;0.03044453
822;0SC0060330SC;245;60;0.01572023
822;0SC0060330SC;246;60;0.01481816
822;0SC0060330SC;247;60;0.01456730
822;0SC0060330SC;248;60;0.01245182
822;0SC0060330SC;249;60;0.01216132
822;0SC0060330SC;250;60;0.01516108
822;0SC0060330SC;251;60;0.02403716
822;0SC0060330SC;252;60;0.02088543
822;0SC0060330SC;253;60;0.02030772
822;0SC0060330SC;254;60;0.02027312
822;0SC0060330SC;255;60;0.02104339
822;0SC0060330SC;256;60;0.00700259
822;0SC0060330SC;257;60;0.01676507
822;0SC0060330SC;238;61;0.00926083
822;0SC0060330SC;239;61;0.00669936
822;0SC0060330SC;240;61;0.00361509
822;0SC0060330SC;241;61;0.01513415
822;0SC0060330SC;242;61;0.01652557
822;0SC0060330SC;243;61;0.03817074
822;0SC0060330SC;244;61;0.00021415
822;0SC0060330SC;245;61;0.00012502
822;0SC0060330SC;246;61;0.00008343
822;0SC0060330SC;247;61;0.00057279
822;0SC0060330SC;248;61;0.00011109
822;0SC0060330SC;249;61;0.00133318
822;0SC0060330SC;250;61;0.01149015
822;0SC0060330SC;251;61;0.00023212
822;0SC0060330SC;252;61;0.00005939
822;0SC0060330SC;253;61;0.00004273
822;0SC0060330SC;255;61;0.00025485
822;0SC0060330SC;238;62;0.01003284
822;0SC0060330SC;239;62;0.01251941
822;0SC0060330SC;240;62;0.01280791
822;0SC0060330SC;241;62;0.00101042
822;0SC0060330SC;242;62;0.00108468
822;0SC0060330SC;243;62;0.00257874
822;0SC0060330SC;244;62;0.00010169
822;0SC0060330SC;245;62;0.00001444
822;0SC0060330SC;249;62;0.00029596
822;0SC0060330SC;250;62;0.00005763
822;0SC0060330SC;252;62;0.00000376
822;0NC006053NCU;112;234;0.00141451
822;0NC006053NCU;113;234;0.00286451
822;0NC006053NCU;114;234;0.00274343
822;0NC006053NCU;115;234;0.00274343
822;0NC006053NCU;116;234;0.00078875
822;0NC006053NCU;117;234;0.00137287
822;0NC006053NCU;118;234;0.00141998
822;0NC006053NCU;119;234;0.00145070
822;0NC006053NCU;120;234;0.00045687
822;0NC006053NCU;110;235;0.00034436
822;0NC006053NCU;111;235;0.00333222
822;0NC006053NCU;112;235;0.00145158
822;0NC006053NCU;116;235;0.00228989
822;0NC006053NCU;117;235;0.00062828
822;0NC006053NCU;109;236;0.00086157
822;0NC006053NCU;110;236;0.00326933
822;0NC006053NCU;117;236;0.00132201
822;0NC006053NCU;109;237;0.00047585
822;0NC006053NCU;117;237;0.00082960
822;0NC006053NCU;117;238;0.00086408
822;0NC006053NCU;118;238;0.00023766
822;0NC006053NCU;118;239;0.00693737
822;0NC006053NCU;119;239;0.01711121
822;0NC006053NCU;120;239;0.01551202
822;0NC006053NCU;120;240;0.00772055
822;0NC006053NCU;121;240;0.01553477
822;0NC006053NCU;126;240;0.08772528
822;0NC006053NCU;121;241;0.00822676
822;0NC006053NCU;122;241;0.05551756
822;0NC006053NCU;123;241;0.03203541
822;0NC006053NCU;124;241;0.04256744
822;0NC006053NCU;125;241;0.07440172
822;0NC006053NCU;126;241;0.00028426
822;0NC006053NCU;122;242;0.03280494
822;0NC006053NCU;123;242;0.00314058
822;0NC006053NCU;124;242;0.02217643
822;0NC006053NCU;117;243;0.02223383
822;0NC006053NCU;118;243;0.03270352
822;0NC006053NCU;119;243;0.03270352
822;0NC006053NCU;120;243;0.03270352
822;0NC006053NCU;121;243;0.03270352
822;0NC006053NCU;122;243;0.03051442
822;0NC006053NCU;113;244;0.00346302
822;0NC006053NCU;114;244;0.02791147
822;0NC006053NCU;115;244;0.02791147
822;0NC006053NCU;116;244;0.02980581
822;0NC006053NCU;117;244;0.01046969
822;0NC006053NCU;122;244;0.00321977
822;0NC006053NCU;123;244;0.00021771
822;0NC006053NCU;111;245;0.01804236
822;0NC006053NCU;112;245;0.02791147
822;0NC006053NCU;113;245;0.02444845
822;0NC006053NCU;123;245;0.00374158
822;0NC006053NCU;111;246;0.03904370
822;0NC006053NCU;123;246;0.00126437
822;0NC006053NCU;124;246;0.00278183
822;0NC006053NCU;109;247;0.01293244
822;0NC006053NCU;110;247;0.04097631
822;0NC006053NCU;111;247;0.00676724
822;0NC006053NCU;124;247;0.00186832
822;0NC006053NCU;125;247;0.00213462
822;0NC006053NCU;108;248;0.01927596
822;0NC006053NCU;109;248;0.02368933
822;0NC006053NCU;125;248;0.00341727
822;0NC006053NCU;108;249;0.00164816
822;0NC006053NCU;125;249;0.00034550
822;0NC006053NCU;126;249;0.00307177
822;0NC006053NCU;126;250;0.00341727
822;0NC006053NCU;126;251;0.00026968
822;0NC006053NCU;127;251;0.00309738
822;0NC006053NCU;127;252;0.00312716
822;0NC006053NCU;127;253;0.00312716
822;0NC006053NCU;127;254;0.00166535
822;0NC006053NCU;128;254;0.00146180
822;0NC006053NCU;128;255;0.00312716
822;0NC006053NCU;128;256;0.00317291
822;0NC006053NCU;127;257;0.00190882
822;0NC006053NCU;128;257;0.00229898
822;0NC006053NCU;127;258;0.00054661
822;0SF0060070BA;141;161;0.00802471
822;0SF0060070BA;140;162;0.06321611
822;0SF0060070BA;141;162;0.01331283
822;0SF0060070BA;142;162;0.00001546
822;0SF0060070BA;144;162;0.00000520
822;0SF0060070BA;139;163;0.00009403
822;0SF0060070BA;140;163;0.05829422
822;0SF0060070BA;141;163;0.00363778
822;0SF0060070BA;142;163;0.00004909
822;0SF0060070BA;144;163;0.00003363
822;0SF0060070BA;145;163;0.00298504
822;0SF0060070BA;136;164;0.00030885
822;0SF0060070BA;137;164;0.00016170
822;0SF0060070BA;139;164;0.02174712
822;0SF0060070BA;140;164;0.02924971
822;0SF0060070BA;141;164;0.00044016
822;0SF0060070BA;143;164;0.00001401
822;0SF0060070BA;144;164;0.00000056
822;0SF0060070BA;145;164;0.00177995
822;0SF0060070BA;146;164;0.00192695
822;0SF0060070BA;148;164;0.00011305
822;0SF0060070BA;135;165;0.01161460
822;0SF0060070BA;136;165;0.00033947
822;0SF0060070BA;137;165;0.00135341
822;0SF0060070BA;138;165;0.00194189
822;0SF0060070BA;139;165;0.04506665
822;0SF0060070BA;142;165;0.00001286
822;0SF0060070BA;143;165;0.00006990
822;0SF0060070BA;145;165;0.00000195
822;0SF0060070BA;146;165;0.00404806
822;0SF0060070BA;147;165;0.00042686
822;0SF0060070BA;148;165;0.00004115
822;0SF0060070BA;133;166;0.01889865
822;0SF0060070BA;134;166;0.00000877
822;0SF0060070BA;135;166;0.00609781
822;0SF0060070BA;136;166;0.02567594
822;0SF0060070BA;137;166;0.02494872
822;0SF0060070BA;138;166;0.06622764
822;0SF0060070BA;139;166;0.00045972
822;0SF0060070BA;142;166;0.00007091
822;0SF0060070BA;143;166;0.00003596
822;0SF0060070BA;144;166;0.00005761
822;0SF0060070BA;145;166;0.00129922
822;0SF0060070BA;146;166;0.00390258
822;0SF0060070BA;147;166;0.00093104
822;0SF0060070BA;130;167;0.00389986
822;0SF0060070BA;131;167;0.01730638
822;0SF0060070BA;132;167;0.03094212
822;0SF0060070BA;133;167;0.05292764
822;0SF0060070BA;134;167;0.00013488
822;0SF0060070BA;135;167;0.00008740
822;0SF0060070BA;136;167;0.00015435
822;0SF0060070BA;137;167;0.00041808
822;0SF0060070BA;138;167;0.05715186
822;0SF0060070BA;139;167;0.00386634
822;0SF0060070BA;140;167;0.00090824
822;0SF0060070BA;141;167;0.00012688
822;0SF0060070BA;142;167;0.00001080
822;0SF0060070BA;144;167;0.00002858
822;0SF0060070BA;145;167;0.00483802
822;0SF0060070BA;146;167;0.00211764
822;0SF0060070BA;147;167;0.00009512
822;0SF0060070BA;131;168;0.00005695
822;0SF0060070BA;132;168;0.02203128
822;0SF0060070BA;133;168;0.02892141
822;0SF0060070BA;134;168;0.00008907
822;0SF0060070BA;135;168;0.00010444
822;0SF0060070BA;136;168;0.00000810
822;0SF0060070BA;137;168;0.00022040
822;0SF0060070BA;138;168;0.04826690
822;0SF0060070BA;139;168;0.00994314
822;0SF0060070BA;140;168;0.00171383
822;0SF0060070BA;141;168;0.00052471
822;0SF0060070BA;142;168;0.00013824
822;0SF0060070BA;143;168;0.00009918
822;0SF0060070BA;144;168;0.00038879
822;0SF0060070BA;145;168;0.00679852
822;0SF0060070BA;146;168;0.00024103
822;0SF0060070BA;147;168;0.00003585
822;0SF0060070BA;132;169;0.00150073
822;0SF0060070BA;133;169;0.04515490
822;0SF0060070BA;134;169;0.02101438
822;0SF0060070BA;135;169;0.00303394
822;0SF0060070BA;136;169;0.00326150
822;0SF0060070BA;137;169;0.01316530
822;0SF0060070BA;138;169;0.03213177
822;0SF0060070BA;139;169;0.02642351
822;0SF0060070BA;140;169;0.01316497
822;0SF0060070BA;141;169;0.01470792
822;0SF0060070BA;142;169;0.01540522
822;0SF0060070BA;143;169;0.01328521
822;0SF0060070BA;144;169;0.00933734
822;0SF0060070BA;145;169;0.00286651
822;0SF0060070BA;146;169;0.00022018
822;0SF0060070BA;147;169;0.00006869
822;0SF0060070BA;134;170;0.03503939
822;0SF0060070BA;135;170;0.01040741
822;0SF0060070BA;136;170;0.00001228
822;0SF0060070BA;137;170;0.01456171
822;0SF0060070BA;138;170;0.00049422
822;0SF0060070BA;139;170;0.00000456
822;0SF0060070BA;140;170;0.00321985
822;0SF0060070BA;141;170;0.00003866
822;0SF0060070BA;142;170;0.00016362
822;0SF0060070BA;135;171;0.00777863
822;SCC006056VEN;206;61;0.00001979
822;SCC006056VEN;207;61;0.00010462
822;SCC006056VEN;204;62;0.00018695
822;SCC006056VEN;205;62;0.00042581
822;SCC006056VEN;206;62;0.00042392
822;SCC006056VEN;203;63;0.00031807
822;SCC006056VEN;204;63;0.00040547
822;SCC006056VEN;200;64;0.00012983
822;SCC006056VEN;201;64;0.00420368
822;SCC006056VEN;202;64;0.00316561
822;SCC006056VEN;203;64;0.00152537
822;SCC006056VEN;204;64;0.00129694
822;SCC006056VEN;205;64;0.00051914
822;SCC006056VEN;206;64;0.00034208
822;SCC006056VEN;207;64;0.00015593
822;SCC006056VEN;208;64;0.00012762
822;SCC006056VEN;209;64;0.00959069
822;SCC006056VEN;210;64;0.00801575
822;SCC006056VEN;200;65;0.00113395
822;SCC006056VEN;201;65;0.00880929
822;SCC006056VEN;202;65;0.01103493
822;SCC006056VEN;203;65;0.00314231
822;SCC006056VEN;204;65;0.00110859
822;SCC006056VEN;205;65;0.00076613
822;SCC006056VEN;206;65;0.00087489
822;SCC006056VEN;207;65;0.04816718
822;SCC006056VEN;208;65;0.05003324
822;SCC006056VEN;209;65;0.05093726
822;SCC006056VEN;210;65;0.00104080
822;SCC006056VEN;211;65;0.00037873
822;SCC006056VEN;212;65;0.00003994
822;SCC006056VEN;213;65;0.00015727
822;SCC006056VEN;200;66;0.00155397
822;SCC006056VEN;201;66;0.01572924
822;SCC006056VEN;202;66;0.04712625
822;SCC006056VEN;203;66;0.03975589
822;SCC006056VEN;204;66;0.04280356
822;SCC006056VEN;205;66;0.04520349
822;SCC006056VEN;206;66;0.04410722
822;SCC006056VEN;207;66;0.00077925
822;SCC006056VEN;208;66;0.00182120
822;SCC006056VEN;209;66;0.00614801
822;SCC006056VEN;210;66;0.00010572
822;SCC006056VEN;213;66;0.00004627
822;SCC006056VEN;199;67;0.01910542
822;SCC006056VEN;200;67;0.03557582
822;SCC006056VEN;201;67;0.03800913
822;SCC006056VEN;202;67;0.00624041
822;SCC006056VEN;203;67;0.00276841
822;SCC006056VEN;204;67;0.00153701
822;SCC006056VEN;205;67;0.00408212
822;SCC006056VEN;206;67;0.00396131
822;SCC006056VEN;207;67;0.00115872
822;SCC006056VEN;208;67;0.00190901
822;SCC006056VEN;209;67;0.00584746
822;SCC006056VEN;210;67;0.00384413
822;SCC006056VEN;211;67;0.00157589
822;SCC006056VEN;212;67;0.00011371
822;SCC006056VEN;213;67;0.00018854
822;SCC006056VEN;214;67;0.00001328
822;SCC006056VEN;197;68;0.00376556
822;SCC006056VEN;198;68;0.02234726
822;SCC006056VEN;199;68;0.01784795
822;SCC006056VEN;200;68;0.00169554
822;SCC006056VEN;201;68;0.00258419
822;SCC006056VEN;202;68;0.00851017
822;SCC006056VEN;203;68;0.00059128
822;SCC006056VEN;204;68;0.00024884
822;SCC006056VEN;206;68;0.00047544
822;SCC006056VEN;207;68;0.00321596
822;SCC006056VEN;208;68;0.00841814
822;SCC006056VEN;209;68;0.00816346
822;SCC006056VEN;210;68;0.01155844
822;SCC006056VEN;211;68;0.01402895
822;SCC006056VEN;212;68;0.01704368
822;SCC006056VEN;213;68;0.01707367
822;SCC006056VEN;214;68;0.00303879
822;SCC006056VEN;196;69;0.01415822
822;SCC006056VEN;197;69;0.01230081
822;SCC006056VEN;199;69;0.01025122
822;SCC006056VEN;202;69;0.00008604
822;SCC006056VEN;203;69;0.00562753
822;SCC006056VEN;204;69;0.00131401
822;SCC006056VEN;206;69;0.00012703
822;SCC006056VEN;207;69;0.00020163
822;SCC006056VEN;208;69;0.00148915
822;SCC006056VEN;212;69;0.00023684
822;SCC006056VEN;195;70;0.01550394
822;SCC006056VEN;196;70;0.00456651
822;SCC006056VEN;198;70;0.00879346
822;SCC006056VEN;199;70;0.00185272
822;SCC006056VEN;200;70;0.00066204
822;SCC006056VEN;202;70;0.00003061
822;SCC006056VEN;203;70;0.00002383
822;SCC006056VEN;204;70;0.00388769
822;SCC006056VEN;205;70;0.00356974
822;SCC006056VEN;206;70;0.00118008
822;SCC006056VEN;207;70;0.00140390
822;SCC006056VEN;208;70;0.00003235
822;SCC006056VEN;195;71;0.00065067
822;SCC006056VEN;197;71;0.00002716
822;SCC006056VEN;198;71;0.00034530
822;SCC006056VEN;199;71;0.00966207
822;SCC006056VEN;203;71;0.00012456
822;SCC006056VEN;204;71;0.00017346
822;SCC006056VEN;206;71;0.00277461
822;SCC006056VEN;207;71;0.00438122
822;SCC006056VEN;208;71;0.00376663
822;SCC006056VEN;209;71;0.00367644
822;SCC006056VEN;210;71;0.00398906
822;SCC006056VEN;211;71;0.00380436
822;SCC006056VEN;212;71;0.00305369
822;SCC006056VEN;198;72;0.00003575
822;SCC006056VEN;199;72;0.01089075
822;SCC006056VEN;200;72;0.00161445
822;SCC006056VEN;201;72;0.00035985
822;SCC006056VEN;202;72;0.00026981
822;SCC006056VEN;203;72;0.00029492
822;SCC006056VEN;210;72;0.00012469
822;SCC006056VEN;211;72;0.00014272
822;SCC006056VEN;198;73;0.00246050
822;SCC006056VEN;199;73;0.00744097
822;SCC006056VEN;200;73;0.00002155
822;SCC006056VEN;201;73;0.00013031
822;SCC006056VEN;198;74;0.00123034
822;SCC006056VEN;199;74;0.01774895
822;SCC006056VEN;200;74;0.00105922
822;SCC006056VEN;199;75;0.00654065
822;SCC006056VEN;200;75;0.01428844
822;SCC006056VEN;197;76;0.00201005
822;SCC006056VEN;198;76;0.00867056
822;SCC006056VEN;199;76;0.01127126
822;SCC006056VEN;197;77;0.00980594
822;SCC006056VEN;197;78;0.01894683
822;SCC006056VEN;197;79;0.01140608
822;SCC006056VEN;198;79;0.00009987
822;SCC006056VEN;199;79;0.00008489
822;SCC006056VEN;196;80;0.00969058
822;SCC006056VEN;197;80;0.00190975
822;SCC006056VEN;199;80;0.00003103
822;SCC006056VEN;200;80;0.00011467
822;SCC006056VEN;201;80;0.00011232
822;SCC006056VEN;202;80;0.00010733
822;SCC006056VEN;203;80;0.00011854
822;SCC006056VEN;195;81;0.00345212
822;SCC006056VEN;196;81;0.00771351
822;SCC006056VEN;203;81;0.00001865
822;SCC006056VEN;204;81;0.00003966
822;SCC006056VEN;198;84;0.00412541
822;SCC006056VEN;199;84;0.00158893
822;0MC006055TUO;174;159;0.00636048
822;0MC006055TUO;174;160;0.00055808
822;0MC006055TUO;175;160;0.00603342
822;0MC006055TUO;175;161;0.00162519
822;0MC006055TUO;176;162;0.00016581
822;0MC006055TUO;177;162;0.00432037
822;0MC006055TUO;186;162;0.00605326
822;0MC006055TUO;187;162;0.00124034
822;0MC006055TUO;176;163;0.00735050
822;0MC006055TUO;185;163;0.00259520
822;0MC006055TUO;186;163;0.00179825
822;0MC006055TUO;187;163;0.00472889
822;0MC006055TUO;188;163;0.00372934
822;0MC006055TUO;168;164;0.00862580
822;0MC006055TUO;169;164;0.03901870
822;0MC006055TUO;170;164;0.00392635
822;0MC006055TUO;171;164;0.04444454
822;0MC006055TUO;174;164;0.00329047
822;0MC006055TUO;175;164;0.00653571
822;0MC006055TUO;176;164;0.00913441
822;0MC006055TUO;177;164;0.01339591
822;0MC006055TUO;178;164;0.00301474
822;0MC006055TUO;179;164;0.00316821
822;0MC006055TUO;180;164;0.00269676
822;0MC006055TUO;181;164;0.00168273
822;0MC006055TUO;182;164;0.00319875
822;0MC006055TUO;183;164;0.00319875
822;0MC006055TUO;184;164;0.00319875
822;0MC006055TUO;185;164;0.00171782
822;0MC006055TUO;188;164;0.00239892
822;0MC006055TUO;189;164;0.00605931
822;0MC006055TUO;169;165;0.02482497
822;0MC006055TUO;170;165;0.04727270
822;0MC006055TUO;171;165;0.04848501
822;0MC006055TUO;172;165;0.00556257
822;0MC006055TUO;173;165;0.00840635
822;0MC006055TUO;174;165;0.00342058
822;0MC006055TUO;176;165;0.00968674
822;0MC006055TUO;189;165;0.00006895
822;0MC006055TUO;190;165;0.00228279
822;0MC006055TUO;194;165;0.00281899
822;0MC006055TUO;195;165;0.00371771
822;0MC006055TUO;170;166;0.00264184
822;0MC006055TUO;171;166;0.00770396
822;0MC006055TUO;172;166;0.05063693
822;0MC006055TUO;173;166;0.01142463
822;0MC006055TUO;176;166;0.00948117
822;0MC006055TUO;195;166;0.00136742
822;0MC006055TUO;196;166;0.00521396
822;0MC006055TUO;197;166;0.00528959
822;0MC006055TUO;198;166;0.00265663
822;0MC006055TUO;173;167;0.07220961
822;0MC006055TUO;176;167;0.01661048
822;0MC006055TUO;172;168;0.00528598
822;0MC006055TUO;173;168;0.01943577
822;0MC006055TUO;174;168;0.05065766
822;0MC006055TUO;175;168;0.04586772
822;0MC006055TUO;176;168;0.03530353
822;0MC006055TUO;177;168;0.03533198
822;0MC006055TUO;172;169;0.01367390
822;0MC006055TUO;173;169;0.01747980
822;0MC006055TUO;174;169;0.01865047
822;0MC006055TUO;176;169;0.00656904
822;0MC006055TUO;177;169;0.02441746
822;0MC006055TUO;174;170;0.02234224
822;0MC006055TUO;175;170;0.00369805
822;0MC006055TUO;176;170;0.00427850
822;0MC006055TUO;177;170;0.00644061
822;0MC006055TUO;178;170;0.01423211
822;0MC006055TUO;178;171;0.00294433
822;0MC006055TUO;179;171;0.01638999
822;0MC006055TUO;179;172;0.00059168
822;0MC006055TUO;180;172;0.01698167
822;0MC006055TUO;181;172;0.00176097
822;0MC006055TUO;181;173;0.01522070
822;0MC006055TUO;182;173;0.00411362
822;0MC006055TUO;182;174;0.00899199
822;0MC006055TUO;182;175;0.00629921
822;0MC006055TUO;182;176;0.00495321
822;0MC006055TUO;183;176;0.00229005
822;0MC006055TUO;183;177;0.00717909
822;0MC006055TUO;184;177;0.00110216
822;0MC006055TUO;184;178;0.00746909
822;0MC006055TUO;185;178;0.00637390
822;0MC006055TUO;186;178;0.00637390
822;0MC006055TUO;187;178;0.00633007
822;0MC006055TUO;188;178;0.00623851
822;0MC006055TUO;189;178;0.00623851
822;0MC006055TUO;190;178;0.00144317
822;0SV006004BUT;144;204;0.00009443
822;0SV006004BUT;145;204;0.00007653
822;0SV006004BUT;147;204;0.00519384
822;0SV006004BUT;149;204;0.00343391
822;0SV006004BUT;150;204;0.00004708
822;0SV006004BUT;151;204;0.00001023
822;0SV006004BUT;144;205;0.00011188
822;0SV006004BUT;145;205;0.00058601
822;0SV006004BUT;146;205;0.00100007
822;0SV006004BUT;147;205;0.01492583
822;0SV006004BUT;148;205;0.00182491
822;0SV006004BUT;149;205;0.00658959
822;0SV006004BUT;150;205;0.00057140
822;0SV006004BUT;151;205;0.00017231
822;0SV006004BUT;152;205;0.00009480
822;0SV006004BUT;142;206;0.00003034
822;0SV006004BUT;143;206;0.00044117
822;0SV006004BUT;144;206;0.00047943
822;0SV006004BUT;145;206;0.00046413
822;0SV006004BUT;146;206;0.00329225
822;0SV006004BUT;147;206;0.01888864
822;0SV006004BUT;148;206;0.01285729
822;0SV006004BUT;149;206;0.00038265
822;0SV006004BUT;150;206;0.00052668
822;0SV006004BUT;152;206;0.00081782
822;0SV006004BUT;153;206;0.00022418
822;0SV006004BUT;143;207;0.00006398
822;0SV006004BUT;144;207;0.00013208
822;0SV006004BUT;145;207;0.00012304
822;0SV006004BUT;146;207;0.00175288
822;0SV006004BUT;147;207;0.01253089
822;0SV006004BUT;148;207;0.01032746
822;0SV006004BUT;149;207;0.00168607
822;0SV006004BUT;150;207;0.00134003
822;0SV006004BUT;151;207;0.00019535
822;0SV006004BUT;152;207;0.00559953
822;0SV006004BUT;153;207;0.00017039
822;0SV006004BUT;154;207;0.00009822
822;0SV006004BUT;143;208;0.00051282
822;0SV006004BUT;144;208;0.00097292
822;0SV006004BUT;145;208;0.00097087
822;0SV006004BUT;146;208;0.00096182
822;0SV006004BUT;147;208;0.01202758
822;0SV006004BUT;148;208;0.00189380
822;0SV006004BUT;149;208;0.01667440
822;0SV006004BUT;150;208;0.01171323
822;0SV006004BUT;151;208;0.00436086
822;0SV006004BUT;152;208;0.00515012
822;0SV006004BUT;153;208;0.00015819
822;0SV006004BUT;154;208;0.00021405
822;0SV006004BUT;145;209;0.00114943
822;0SV006004BUT;146;209;0.00327248
822;0SV006004BUT;147;209;0.01342672
822;0SV006004BUT;148;209;0.00447658
822;0SV006004BUT;149;209;0.02662715
822;0SV006004BUT;150;209;0.03334523
822;0SV006004BUT;151;209;0.01043402
822;0SV006004BUT;152;209;0.00293577
822;0SV006004BUT;153;209;0.00131561
822;0SV006004BUT;154;209;0.00159516
822;0SV006004BUT;155;209;0.00001926
822;0SV006004BUT;142;210;0.00006433
822;0SV006004BUT;145;210;0.00122394
822;0SV006004BUT;146;210;0.00013493
822;0SV006004BUT;147;210;0.00963152
822;0SV006004BUT;148;210;0.00051568
822;0SV006004BUT;149;210;0.02476000
822;0SV006004BUT;150;210;0.01147775
822;0SV006004BUT;151;210;0.00697722
822;0SV006004BUT;152;210;0.00485480
822;0SV006004BUT;153;210;0.00000274
822;0SV006004BUT;154;210;0.00061546
822;0SV006004BUT;155;210;0.00088356
822;0SV006004BUT;156;210;0.00034934
822;0SV006004BUT;142;211;0.00010128
822;0SV006004BUT;143;211;0.00007303
822;0SV006004BUT;144;211;0.00007308
822;0SV006004BUT;145;211;0.00139058
822;0SV006004BUT;146;211;0.00008876
822;0SV006004BUT;147;211;0.00958345
822;0SV006004BUT;148;211;0.00924417
822;0SV006004BUT;149;211;0.00833600
822;0SV006004BUT;150;211;0.00113819
822;0SV006004BUT;152;211;0.00372931
822;0SV006004BUT;154;211;0.00037934
822;0SV006004BUT;155;211;0.00026224
822;0SV006004BUT;141;212;0.00000251
822;0SV006004BUT;142;212;0.00010222
822;0SV006004BUT;143;212;0.00001183
822;0SV006004BUT;144;212;0.00005203
822;0SV006004BUT;145;212;0.00133867
822;0SV006004BUT;146;212;0.00001039
822;0SV006004BUT;147;212;0.01960720
822;0SV006004BUT;148;212;0.01495479
822;0SV006004BUT;149;212;0.00062732
822;0SV006004BUT;150;212;0.00075783
822;0SV006004BUT;152;212;0.00332497
822;0SV006004BUT;153;212;0.00064213
822;0SV006004BUT;154;212;0.00013842
822;0SV006004BUT;155;212;0.00018540
822;0SV006004BUT;156;212;0.00058213
822;0SV006004BUT;157;212;0.00002572
822;0SV006004BUT;141;213;0.00290744
822;0SV006004BUT;142;213;0.00174724
822;0SV006004BUT;143;213;0.00167177
822;0SV006004BUT;144;213;0.00229326
822;0SV006004BUT;145;213;0.00353238
822;0SV006004BUT;146;213;0.01905401
822;0SV006004BUT;147;213;0.01411490
822;0SV006004BUT;148;213;0.00502395
822;0SV006004BUT;149;213;0.00576411
822;0SV006004BUT;150;213;0.00105276
822;0SV006004BUT;152;213;0.00328552
822;0SV006004BUT;153;213;0.00156738
822;0SV006004BUT;154;213;0.00003612
822;0SV006004BUT;156;213;0.00040894
822;0SV006004BUT;157;213;0.00049936
822;0SV006004BUT;141;214;0.00007724
822;0SV006004BUT;142;214;0.00063993
822;0SV006004BUT;143;214;0.00252187
822;0SV006004BUT;144;214;0.00370594
822;0SV006004BUT;145;214;0.01664652
822;0SV006004BUT;146;214;0.01385004
822;0SV006004BUT;147;214;0.00005210
822;0SV006004BUT;148;214;0.00332671
822;0SV006004BUT;149;214;0.00378994
822;0SV006004BUT;150;214;0.00259189
822;0SV006004BUT;153;214;0.00067252
822;0SV006004BUT;154;214;0.00109820
822;0SV006004BUT;141;215;0.00000115
822;0SV006004BUT;142;215;0.00059143
822;0SV006004BUT;143;215;0.00333967
822;0SV006004BUT;144;215;0.03804514
822;0SV006004BUT;145;215;0.04076817
822;0SV006004BUT;146;215;0.01284961
822;0SV006004BUT;147;215;0.00550473
822;0SV006004BUT;148;215;0.00357809
822;0SV006004BUT;149;215;0.00348963
822;0SV006004BUT;150;215;0.00229678
822;0SV006004BUT;151;215;0.00052049
822;0SV006004BUT;152;215;0.00006979
822;0SV006004BUT;153;215;0.00134503
822;0SV006004BUT;154;215;0.00148367
822;0SV006004BUT;155;215;0.00065746
822;0SV006004BUT;140;216;0.00020856
822;0SV006004BUT;141;216;0.00845555
822;0SV006004BUT;142;216;0.00859359
822;0SV006004BUT;143;216;0.04042770
822;0SV006004BUT;144;216;0.08961288
822;0SV006004BUT;145;216;0.01831483
822;0SV006004BUT;146;216;0.00215741
822;0SV006004BUT;147;216;0.00840219
822;0SV006004BUT;148;216;0.02299065
822;0SV006004BUT;149;216;0.01610498
822;0SV006004BUT;150;216;0.00153549
822;0SV006004BUT;151;216;0.00137790
822;0SV006004BUT;155;216;0.00022270
822;0SV006004BUT;141;217;0.00065209
822;0SV006004BUT;142;217;0.00376248
822;0SV006004BUT;143;217;0.02576073
822;0SV006004BUT;144;217;0.01004427
822;0SV006004BUT;145;217;0.00006163
822;0SV006004BUT;146;217;0.00404811
822;0SV006004BUT;147;217;0.00006612
822;0SV006004BUT;148;217;0.00387197
822;0SV006004BUT;149;217;0.02233284
822;0SV006004BUT;150;217;0.00011817
822;0SV006004BUT;151;217;0.00162631
822;0SV006004BUT;152;217;0.00116238
822;0SV006004BUT;155;217;0.00011310
822;0SV006004BUT;140;218;0.00002060
822;0SV006004BUT;141;218;0.00011592
822;0SV006004BUT;142;218;0.01095281
822;0SV006004BUT;143;218;0.00206794
822;0SV006004BUT;144;218;0.00230135
822;0SV006004BUT;145;218;0.00008255
822;0SV006004BUT;146;218;0.00265848
822;0SV006004BUT;147;218;0.00263598
822;0SV006004BUT;148;218;0.00038606
822;0SV006004BUT;149;218;0.01818322
822;0SV006004BUT;152;218;0.00061887
822;0SV006004BUT;153;218;0.00084974
822;0SV006004BUT;140;219;0.00004903
822;0SV006004BUT;141;219;0.00669837
822;0SV006004BUT;142;219;0.00397025
822;0SV006004BUT;143;219;0.00012043
822;0SV006004BUT;144;219;0.00130416
822;0SV006004BUT;145;219;0.00135386
822;0SV006004BUT;147;219;0.00394271
822;0SV006004BUT;148;219;0.00039874
822;0SV006004BUT;149;219;0.00423718
822;0SV006004BUT;150;219;0.00002492
822;0SV006004BUT;153;219;0.00055904
822;0SV006004BUT;141;220;0.00259060
822;0SV006004BUT;142;220;0.00002613
822;0SV006004BUT;143;220;0.00001477
822;0SV006004BUT;145;220;0.00040903
822;0SV006004BUT;146;220;0.00095219
822;0SV006004BUT;147;220;0.00107015
822;0SV006004BUT;148;220;0.00064597
822;0SV006004BUT;149;220;0.00109866
822;0SV006004BUT;150;220;0.00090911
822;0SV006004BUT;146;221;0.00111711
822;0SV006004BUT;147;221;0.00000208
822;0SV006004BUT;148;221;0.00120546
822;0SV006004BUT;150;221;0.00068449
822;0SV006004BUT;146;222;0.00003208
822;0SV006004BUT;147;222;0.00005417
822;0SV006004BUT;148;222;0.00140912
822;0SV006004BUT;150;222;0.00104922
822;0SV006004BUT;151;222;0.00053648
822;0SV006004BUT;148;223;0.00124390
822;0SV006004BUT;150;223;0.00075727
822;0SV006004BUT;148;224;0.00050528
822;0SV006004BUT;149;224;0.00057102
822;0SV006004BUT;150;224;0.00018627
822;0SV006004BUT;149;225;0.00042046
822;0SV006004BUT;150;225;0.00085389
822;0SV006004BUT;151;225;0.00000139
822;0SV006004BUT;151;226;0.00000243
822;0SV006004BUT;152;226;0.00000191
822;0MC006046NSI;177;208;0.07769547
822;0MC006046NSI;182;208;0.12332875
822;0MC006046NSI;160;209;0.00048499
822;0MC006046NSI;161;209;0.00609468
822;0MC006046NSI;162;209;0.00070370
822;0MC006046NSI;176;209;0.03988711
822;0MC006046NSI;177;209;0.05971108
822;0MC006046NSI;178;209;0.00018304
822;0MC006046NSI;179;209;0.00002651
822;0MC006046NSI;162;210;0.00539098
822;0MC006046NSI;163;210;0.00609468
822;0MC006046NSI;164;210;0.00586840
822;0MC006046NSI;165;210;0.00028626
822;0MC006046NSI;175;210;0.02660898
822;0MC006046NSI;176;210;0.07958404
822;0MC006046NSI;179;210;0.00015653
822;0MC006046NSI;180;210;0.00018304
822;0MC006046NSI;181;210;0.00018304
822;0MC006046NSI;182;210;0.00006322
822;0MC006046NSI;165;211;0.00541636
822;0MC006046NSI;166;211;0.00570262
822;0MC006046NSI;167;211;0.00570262
822;0MC006046NSI;168;211;0.00570262
822;0MC006046NSI;169;211;0.00422555
822;0MC006046NSI;174;211;0.01595847
822;0MC006046NSI;175;211;0.06306397
822;0MC006046NSI;169;212;0.00150686
822;0MC006046NSI;170;212;0.00057169
822;0MC006046NSI;171;212;0.00034634
822;0MC006046NSI;172;212;0.00368944
822;0MC006046NSI;173;212;0.01685478
822;0MC006046NSI;174;212;0.03768167
822;0MC006046NSI;175;212;0.03285924
822;0MC006046NSI;169;213;0.00100534
822;0MC006046NSI;170;213;0.00023617
822;0MC006046NSI;171;213;0.00029234
822;0MC006046NSI;172;213;0.00530277
822;0MC006046NSI;173;213;0.02796943
822;0MC006046NSI;174;213;0.05032472
822;0MC006046NSI;175;213;0.00031312
822;0MC006046NSI;168;214;0.00023300
822;0MC006046NSI;169;214;0.00081419
822;0MC006046NSI;171;214;0.00192460
822;0MC006046NSI;172;214;0.01001573
822;0MC006046NSI;173;214;0.02341640
822;0MC006046NSI;175;214;0.05646545
822;0MC006046NSI;176;214;0.04482530
822;0MC006046NSI;177;214;0.06180407
822;0MC006046NSI;181;214;0.00316199
822;0MC006046NSI;182;214;0.03054157
822;0MC006046NSI;171;215;0.00463593
822;0MC006046NSI;173;215;0.00397152
822;0MC006046NSI;177;215;0.01220407
822;0MC006046NSI;181;215;0.02872560
822;0LC006017LAK;127;188;0.04149074
822;0LC006017LAK;127;189;0.04156417
822;0LC006017LAK;125;190;0.00062451
822;0LC006017LAK;126;190;0.00821128
822;0LC006017LAK;127;190;0.02936802
822;0LC006017LAK;128;190;0.01768882
822;0LC006017LAK;125;191;0.00571729
822;0LC006017LAK;128;191;0.02659307
822;0LC006017LAK;125;192;0.00634006
822;0LC006017LAK;127;192;0.02901280
822;0LC006017LAK;128;192;0.00682174
822;0LC006017LAK;124;193;0.00465056
822;0LC006017LAK;125;193;0.00753818
822;0LC006017LAK;127;193;0.02947737
822;0LC006017LAK;124;194;0.01516684
822;0LC006017LAK;125;194;0.01083428
822;0LC006017LAK;126;194;0.01023945
822;0LC006017LAK;127;194;0.04224072
822;0LC006017LAK;123;195;0.03485936
822;0LC006017LAK;124;195;0.00432844
822;0LC006017LAK;125;195;0.00221126
822;0LC006017LAK;127;195;0.05285694
822;0LC006017LAK;119;196;0.00559727
822;0LC006017LAK;120;196;0.03238685
822;0LC006017LAK;121;196;0.01455131
822;0LC006017LAK;122;196;0.01231434
822;0LC006017LAK;123;196;0.00457780
822;0LC006017LAK;127;196;0.02962145
822;0LC006017LAK;128;196;0.01305019
822;0LC006017LAK;129;196;0.03139010
822;0LC006017LAK;131;196;0.00713552
822;0LC006017LAK;121;197;0.03679757
822;0LC006017LAK;124;197;0.01265417
822;0LC006017LAK;125;197;0.01659278
822;0LC006017LAK;126;197;0.04233595
822;0LC006017LAK;127;197;0.02081958
822;0LC006017LAK;128;197;0.01941775
822;0LC006017LAK;129;197;0.00099920
822;0LC006017LAK;130;197;0.02737498
822;0LC006017LAK;131;197;0.01629937
822;0LC006017LAK;120;198;0.00462170
822;0LC006017LAK;121;198;0.02430945
822;0LC006017LAK;124;198;0.03171595
822;0LC006017LAK;120;199;0.00369212
822;0LC006017LAK;121;199;0.02810288
822;0LC006017LAK;123;199;0.02448038
822;0LC006017LAK;124;199;0.00315391
822;0LC006017LAK;119;200;0.00316023
822;0LC006017LAK;120;200;0.00010397
822;0LC006017LAK;121;200;0.01313141
822;0LC006017LAK;122;200;0.03254048
822;0LC006017LAK;123;200;0.00284131
822;0LC006017LAK;119;201;0.02263572
822;0LC006017LAK;120;201;0.01582667
822;0LC006017LAK;121;201;0.01398584
822;0LC006017LAK;118;202;0.00377141
822;0LC006017LAK;119;202;0.00017455
822;NEP006025MOD;159;255;0.00375747
822;NEP006025MOD;162;255;0.00813889
822;NEP006025MOD;163;255;0.00865869
822;NEP006025MOD;171;255;0.01171396
822;NEP006025MOD;180;255;0.00007627
822;NEP006025MOD;181;255;0.00038504
822;NEP006025MOD;159;256;0.00418741
822;NEP006025MOD;163;256;0.01460554
822;NEP006025MOD;171;256;0.01220642
822;NEP006025MOD;180;256;0.00049670
822;NEP006025MOD;159;257;0.00418741
822;NEP006025MOD;163;257;0.00992955
822;NEP006025MOD;164;257;0.00472994
822;NEP006025MOD;171;257;0.01220642
822;NEP006025MOD;180;257;0.00049670
822;NEP006025MOD;159;258;0.00386652
822;NEP006025MOD;163;258;0.01385240
822;NEP006025MOD;164;258;0.00130619
822;NEP006025MOD;171;258;0.01220642
822;NEP006025MOD;180;258;0.00049670
822;NEP006025MOD;158;259;0.00203742
822;NEP006025MOD;159;259;0.00004314
822;NEP006025MOD;162;259;0.00063997
822;NEP006025MOD;163;259;0.01451862
822;NEP006025MOD;171;259;0.01222831
822;NEP006025MOD;179;259;0.00046646
822;NEP006025MOD;180;259;0.00003024
822;NEP006025MOD;157;260;0.00029597
822;NEP006025MOD;158;260;0.00146993
822;NEP006025MOD;162;260;0.00512408
822;NEP006025MOD;163;260;0.01213002
822;NEP006025MOD;171;260;0.01224113
822;NEP006025MOD;179;260;0.00049670
822;NEP006025MOD;158;261;0.00164425
822;NEP006025MOD;163;261;0.00831485
822;NEP006025MOD;164;261;0.00988586
822;NEP006025MOD;166;261;0.02551247
822;NEP006025MOD;167;261;0.02721012
822;NEP006025MOD;168;261;0.02738110
822;NEP006025MOD;169;261;0.03125033
822;NEP006025MOD;171;261;0.01224116
822;NEP006025MOD;179;261;0.00049670
822;NEP006025MOD;158;262;0.00164425
822;NEP006025MOD;162;262;0.00025322
822;NEP006025MOD;163;262;0.00361430
822;NEP006025MOD;164;262;0.00770524
822;NEP006025MOD;165;262;0.01284330
822;NEP006025MOD;166;262;0.01284330
822;NEP006025MOD;167;262;0.01284330
822;NEP006025MOD;168;262;0.00383873
822;NEP006025MOD;169;262;0.00048337
822;NEP006025MOD;170;262;0.03539359
822;NEP006025MOD;171;262;0.01223872
822;NEP006025MOD;178;262;0.00035995
822;NEP006025MOD;179;262;0.00013675
822;NEP006025MOD;158;263;0.00164425
822;NEP006025MOD;160;263;0.00146825
822;NEP006025MOD;161;263;0.00297337
822;NEP006025MOD;162;263;0.00309738
822;NEP006025MOD;168;263;0.00900457
822;NEP006025MOD;169;263;0.01281233
822;NEP006025MOD;170;263;0.01350878
822;NEP006025MOD;171;263;0.10413911
822;NEP006025MOD;172;263;0.01006430
822;NEP006025MOD;178;263;0.00864412
822;NEP006025MOD;158;264;0.00371975
822;NEP006025MOD;159;264;0.00297337
822;NEP006025MOD;160;264;0.00150512
822;NEP006025MOD;171;264;0.04583587
822;NEP006025MOD;172;264;0.02427156
822;NEP006025MOD;173;264;0.01802160
822;NEP006025MOD;174;264;0.01802160
822;NEP006025MOD;175;264;0.00012851
822;NEP006025MOD;176;264;0.01344844
822;NEP006025MOD;177;264;0.01858554
822;NEP006025MOD;178;264;0.01597152
822;NEP006025MOD;158;265;0.00513001
822;NEP006025MOD;172;265;0.00055785
822;NEP006025MOD;173;265;0.00587831
822;NEP006025MOD;175;265;0.01798834
822;NEP006025MOD;176;265;0.00513835
822;NEP006025MOD;178;265;0.00047959
822;NEP006025MOD;157;266;0.00463461
822;NEP006025MOD;158;266;0.00049540
822;NEP006025MOD;173;266;0.00643616
822;NEP006025MOD;177;266;0.00005717
822;NEP006025MOD;178;266;0.00048828
822;NEP006025MOD;156;267;0.00028131
822;NEP006025MOD;157;267;0.00478527
822;NEP006025MOD;173;267;0.00643616
822;NEP006025MOD;177;267;0.00051301
822;NEP006025MOD;156;268;0.00497171
822;NEP006025MOD;173;268;0.00275980
822;NEP006025MOD;174;268;0.00367636
822;NEP006025MOD;177;268;0.00048249
822;NEP006025MOD;156;269;0.00497171
822;NEP006025MOD;174;269;0.00640694
822;NEP006025MOD;177;269;0.00012329
822;NEP006025MOD;178;269;0.00035920
822;NEP006025MOD;155;270;0.00458418
822;NEP006025MOD;156;270;0.00014463
822;NEP006025MOD;174;270;0.00632939
822;NEP006025MOD;178;270;0.00048249
822;NEP006025MOD;155;271;0.00447860
822;NEP006025MOD;174;271;0.00632939
822;NEP006025MOD;178;271;0.00048249
822;NEP006025MOD;155;272;0.00901144
822;NEP006025MOD;174;272;0.00225668
822;NEP006025MOD;175;272;0.00407271
822;NEP006025MOD;178;272;0.00051005
822;NEP006025MOD;154;273;0.01006825
822;NEP006025MOD;155;273;0.02581963
822;NEP006025MOD;175;273;0.00632939
822;NEP006025MOD;178;273;0.00012554
822;NEP006025MOD;179;273;0.00043767
822;NEP006025MOD;153;274;0.01366206
822;NEP006025MOD;154;274;0.00897686
822;NEP006025MOD;155;274;0.01324897
822;NEP006025MOD;175;274;0.00632939
822;NEP006025MOD;179;274;0.00044674
822;NEP006025MOD;180;274;0.00011647
822;NEP006025MOD;152;275;0.00346658
822;NEP006025MOD;153;275;0.00655783
822;NEP006025MOD;155;275;0.00155679
822;NEP006025MOD;175;275;0.00632939
822;NEP006025MOD;180;275;0.00056321
822;NEP006025MOD;154;276;0.00067910
822;NEP006025MOD;155;276;0.00077225
822;NEP006025MOD;175;276;0.00415155
822;NEP006025MOD;176;276;0.00093052
822;NEP006025MOD;180;276;0.00020472
822;NEP006025MOD;181;276;0.00029283
822;0MC0060090ED;160;183;0.00036865
822;0MC0060090ED;161;183;0.00016074
822;0MC0060090ED;162;183;0.00160905
822;0MC0060090ED;166;183;0.00101495
822;0MC0060090ED;167;183;0.00003456
822;0MC0060090ED;171;183;0.00033011
822;0MC0060090ED;172;183;0.00047784
822;0MC0060090ED;173;183;0.00026139
822;0MC0060090ED;174;183;0.00000424
822;0MC0060090ED;175;183;0.00000283
822;0MC0060090ED;176;183;0.00000228
822;0MC0060090ED;160;184;0.00005529
822;0MC0060090ED;161;184;0.00385911
822;0MC0060090ED;162;184;0.00037809
822;0MC0060090ED;164;184;0.00277510
822;0MC0060090ED;166;184;0.00003348
822;0MC0060090ED;167;184;0.00033389
822;0MC0060090ED;168;184;0.00076210
822;0MC0060090ED;169;184;0.00078820
822;0MC0060090ED;170;184;0.00064948
822;0MC0060090ED;171;184;0.00017474
822;0MC0060090ED;176;184;0.00000384
822;0MC0060090ED;177;184;0.00000027
822;0MC0060090ED;160;185;0.00428389
822;0MC0060090ED;161;185;0.00162033
822;0MC0060090ED;162;185;0.00087582
822;0MC0060090ED;163;185;0.00000081
822;0MC0060090ED;164;185;0.00212856
822;0MC0060090ED;165;185;0.00125501
822;0MC0060090ED;166;185;0.00105579
822;0MC0060090ED;167;185;0.00189529
822;0MC0060090ED;168;185;0.00141081
822;0MC0060090ED;169;185;0.00105798
822;0MC0060090ED;170;185;0.00070515
822;0MC0060090ED;177;185;0.00000479
822;0MC0060090ED;159;186;0.05662323
822;0MC0060090ED;160;186;0.09977551
822;0MC0060090ED;161;186;0.07324417
822;0MC0060090ED;162;186;0.03503789
822;0MC0060090ED;163;186;0.00126119
822;0MC0060090ED;164;186;0.00159976
822;0MC0060090ED;166;186;0.00045995
822;0MC0060090ED;167;186;0.00533523
822;0MC0060090ED;168;186;0.00322533
822;0MC0060090ED;169;186;0.00110805
822;0MC0060090ED;170;186;0.00086986
822;0MC0060090ED;171;186;0.00101191
822;0MC0060090ED;177;186;0.00001348
822;0MC0060090ED;178;186;0.00000047
822;0MC0060090ED;159;187;0.01878684
822;0MC0060090ED;160;187;0.01333010
822;0MC0060090ED;161;187;0.02035591
822;0MC0060090ED;162;187;0.04328334
822;0MC0060090ED;163;187;0.06325148
822;0MC0060090ED;164;187;0.01296736
822;0MC0060090ED;165;187;0.01049650
822;0MC0060090ED;166;187;0.01016346
822;0MC0060090ED;167;187;0.00805670
822;0MC0060090ED;168;187;0.00290553
822;0MC0060090ED;169;187;0.00035592
822;0MC0060090ED;170;187;0.00000443
822;0MC0060090ED;171;187;0.00001301
822;0MC0060090ED;174;187;0.00000219
822;0MC0060090ED;175;187;0.00000543
822;0MC0060090ED;176;187;0.00000566
822;0MC0060090ED;177;187;0.00000199
822;0MC0060090ED;178;187;0.00004478
822;0MC0060090ED;159;188;0.02740747
822;0MC0060090ED;160;188;0.01049700
822;0MC0060090ED;161;188;0.00857829
822;0MC0060090ED;162;188;0.00960645
822;0MC0060090ED;163;188;0.00472573
822;0MC0060090ED;164;188;0.05869014
822;0MC0060090ED;165;188;0.04964593
822;0MC0060090ED;166;188;0.02777266
822;0MC0060090ED;167;188;0.00396162
822;0MC0060090ED;168;188;0.00940216
822;0MC0060090ED;169;188;0.00181313
822;0MC0060090ED;170;188;0.00012222
822;0MC0060090ED;171;188;0.00000014
822;0MC0060090ED;172;188;0.00000692
822;0MC0060090ED;173;188;0.00000534
822;0MC0060090ED;174;188;0.00000290
822;0MC0060090ED;177;188;0.00007086
822;0MC0060090ED;178;188;0.00002200
822;0MC0060090ED;160;189;0.00321597
822;0MC0060090ED;161;189;0.00002190
822;0MC0060090ED;162;189;0.00500723
822;0MC0060090ED;163;189;0.00291353
822;0MC0060090ED;164;189;0.00455046
822;0MC0060090ED;165;189;0.00804493
822;0MC0060090ED;166;189;0.00701196
822;0MC0060090ED;167;189;0.02042037
822;0MC0060090ED;168;189;0.01695050
822;0MC0060090ED;169;189;0.01494747
822;0MC0060090ED;170;189;0.01578722
822;0MC0060090ED;171;189;0.01015899
822;0MC0060090ED;172;189;0.00760042
822;0MC0060090ED;173;189;0.00539803
822;0MC0060090ED;174;189;0.00704955
822;0MC0060090ED;175;189;0.00934491
822;0MC0060090ED;176;189;0.00263574
822;0MC0060090ED;177;189;0.00004039
822;0MC0060090ED;160;190;0.00158953
822;0MC0060090ED;161;190;0.00093087
822;0MC0060090ED;163;190;0.00857003
822;0MC0060090ED;164;190;0.00157005
822;0MC0060090ED;165;190;0.00450615
822;0MC0060090ED;166;190;0.00188626
822;0MC0060090ED;167;190;0.00094294
822;0MC0060090ED;172;190;0.00405445
822;0MC0060090ED;173;190;0.00486586
822;0MC0060090ED;174;190;0.00388099
822;0MC0060090ED;175;190;0.00014918
822;0MC0060090ED;176;190;0.00671949
822;0MC0060090ED;177;190;0.00923553
822;0MC0060090ED;178;190;0.00902864
822;0MC0060090ED;179;190;0.01017851
822;0MC0060090ED;160;191;0.00013861
822;0MC0060090ED;161;191;0.00608907
822;0MC0060090ED;162;191;0.00419251
822;0MC0060090ED;163;191;0.00790627
822;0MC0060090ED;164;191;0.00064408
822;0MC0060090ED;165;191;0.00230560
822;0MC0060090ED;167;191;0.00010337
822;0MC0060090ED;168;191;0.00008618
822;0MC0060090ED;179;191;0.00124134
822;0MC0060090ED;161;192;0.00616062
822;0MC0060090ED;164;192;0.00211822
822;0MC0060090ED;165;192;0.00152407
822;0MC0060090ED;160;193;0.00639430
822;0MC0060090ED;161;193;0.01471680
822;0MC0060090ED;162;193;0.00308075
822;0MC0060090ED;163;193;0.00342688
822;0MC0060090ED;164;193;0.00339600
822;0MC0060090ED;165;193;0.00077490
822;0MC0060090ED;165;194;0.00011118
822;0MC0060090ED;166;194;0.00007908
822;0MD0060190AV;226;71;0.00444578
822;0MD0060190AV;234;71;0.00003240
822;0MD0060190AV;235;71;0.00009250
822;0MD0060190AV;236;71;0.00001749
822;0MD0060190AV;226;72;0.00471448
822;0MD0060190AV;230;72;0.00007270
822;0MD0060190AV;231;72;0.00003362
822;0MD0060190AV;232;72;0.00003676
822;0MD0060190AV;233;72;0.00009051
822;0MD0060190AV;234;72;0.00010941
822;0MD0060190AV;225;73;0.00249989
822;0MD0060190AV;226;73;0.00221929
822;0MD0060190AV;230;73;0.00017241
822;0MD0060190AV;231;73;0.00006314
822;0MD0060190AV;232;73;0.00015678
822;0MD0060190AV;235;73;0.00434444
822;0MD0060190AV;236;73;0.00003677
822;0MD0060190AV;224;74;0.05809651
822;0MD0060190AV;225;74;0.07139891
822;0MD0060190AV;226;74;0.00054150
822;0MD0060190AV;227;74;0.00035356
822;0MD0060190AV;228;74;0.00011969
822;0MD0060190AV;229;74;0.00069245
822;0MD0060190AV;230;74;0.00047457
822;0MD0060190AV;231;74;0.00000205
822;0MD0060190AV;232;74;0.00545159
822;0MD0060190AV;233;74;0.01097723
822;0MD0060190AV;234;74;0.01240827
822;0MD0060190AV;235;74;0.00742513
822;0MD0060190AV;225;75;0.06855462
822;0MD0060190AV;226;75;0.01242777
822;0MD0060190AV;227;75;0.00653209
822;0MD0060190AV;228;75;0.00800630
822;0MD0060190AV;229;75;0.00634837
822;0MD0060190AV;230;75;0.00818116
822;0MD0060190AV;231;75;0.01087511
822;0MD0060190AV;232;75;0.00613279
822;0MD0060190AV;233;75;0.00014864
822;0MD0060190AV;234;75;0.00007321
822;0MD0060190AV;235;75;0.00079085
822;0MD0060190AV;221;76;0.00009196
822;0MD0060190AV;223;76;0.00002883
822;0MD0060190AV;224;76;0.00069460
822;0MD0060190AV;225;76;0.06422992
822;0MD0060190AV;226;76;0.01275928
822;0MD0060190AV;227;76;0.00826622
822;0MD0060190AV;228;76;0.00197035
822;0MD0060190AV;229;76;0.00132426
822;0MD0060190AV;230;76;0.01408873
822;0MD0060190AV;231;76;0.00088212
822;0MD0060190AV;232;76;0.00618802
822;0MD0060190AV;233;76;0.00858457
822;0MD0060190AV;234;76;0.02058978
822;0MD0060190AV;235;76;0.00917676
822;0MD0060190AV;221;77;0.00052234
822;0MD0060190AV;222;77;0.00141238
822;0MD0060190AV;223;77;0.00307458
822;0MD0060190AV;224;77;0.04127392
822;0MD0060190AV;225;77;0.03855997
822;0MD0060190AV;226;77;0.02878984
822;0MD0060190AV;227;77;0.02998055
822;0MD0060190AV;228;77;0.00698622
822;0MD0060190AV;229;77;0.00720362
822;0MD0060190AV;230;77;0.03336610
822;0MD0060190AV;231;77;0.00033855
822;0MD0060190AV;232;77;0.00081492
822;0MD0060190AV;233;77;0.00034306
822;0MD0060190AV;234;77;0.00056358
822;0MD0060190AV;235;77;0.00015855
822;0MD0060190AV;219;78;0.00049972
822;0MD0060190AV;220;78;0.00037905
822;0MD0060190AV;221;78;0.00006206
822;0MD0060190AV;222;78;0.00106004
822;0MD0060190AV;223;78;0.00167221
822;0MD0060190AV;224;78;0.05132860
822;0MD0060190AV;225;78;0.00604496
822;0MD0060190AV;226;78;0.00056077
822;0MD0060190AV;227;78;0.00166637
822;0MD0060190AV;228;78;0.00114334
822;0MD0060190AV;229;78;0.00054208
822;0MD0060190AV;230;78;0.00090281
822;0MD0060190AV;231;78;0.00135194
822;0MD0060190AV;232;78;0.00029663
822;0MD0060190AV;233;78;0.00011989
822;0MD0060190AV;234;78;0.00005599
822;0MD0060190AV;216;79;0.00010464
822;0MD0060190AV;217;79;0.00016915
822;0MD0060190AV;218;79;0.00015969
822;0MD0060190AV;219;79;0.00049658
822;0MD0060190AV;220;79;0.00011811
822;0MD0060190AV;221;79;0.00058740
822;0MD0060190AV;222;79;0.00211966
822;0MD0060190AV;223;79;0.00448048
822;0MD0060190AV;224;79;0.05713637
822;0MD0060190AV;225;79;0.01257263
822;0MD0060190AV;226;79;0.00432678
822;0MD0060190AV;227;79;0.00107115
822;0MD0060190AV;228;79;0.00030005
822;0MD0060190AV;229;79;0.00024809
822;0MD0060190AV;231;79;0.00017316
822;0MD0060190AV;232;79;0.00020255
822;0MD0060190AV;233;79;0.00007704
822;0MD0060190AV;234;79;0.00006453
822;0MD0060190AV;213;80;0.00026499
822;0MD0060190AV;214;80;0.00035441
822;0MD0060190AV;215;80;0.00017025
822;0MD0060190AV;216;80;0.00005859
822;0MD0060190AV;219;80;0.00012673
822;0MD0060190AV;220;80;0.00014882
822;0MD0060190AV;221;80;0.00035111
822;0MD0060190AV;222;80;0.00059077
822;0MD0060190AV;223;80;0.00254646
822;0MD0060190AV;224;80;0.03400064
822;0MD0060190AV;225;80;0.00601175
822;0MD0060190AV;226;80;0.00297305
822;0MD0060190AV;227;80;0.00044238
822;0MD0060190AV;228;80;0.00031465
822;0MD0060190AV;229;80;0.00063684
822;0MD0060190AV;230;80;0.00054702
822;0MD0060190AV;231;80;0.00043294
822;0MD0060190AV;232;80;0.00025518
822;0MD0060190AV;233;80;0.00032148
822;0MD0060190AV;234;80;0.00002517
822;0MD0060190AV;211;81;0.00070410
822;0MD0060190AV;212;81;0.00694357
822;0MD0060190AV;213;81;0.00009405
822;0MD0060190AV;214;81;0.00420469
822;0MD0060190AV;215;81;0.00623556
822;0MD0060190AV;216;81;0.00507617
822;0MD0060190AV;217;81;0.00092706
822;0MD0060190AV;221;81;0.00025195
822;0MD0060190AV;222;81;0.00051301
822;0MD0060190AV;223;81;0.00106337
822;0MD0060190AV;224;81;0.02471120
822;0MD0060190AV;225;81;0.00059964
822;0MD0060190AV;226;81;0.00024172
822;0MD0060190AV;227;81;0.00028721
822;0MD0060190AV;228;81;0.00011479
822;0MD0060190AV;229;81;0.00004552
822;0MD0060190AV;230;81;0.00033077
822;0MD0060190AV;231;81;0.00034644
822;0MD0060190AV;232;81;0.00031820
822;0MD0060190AV;233;81;0.00062347
822;0MD0060190AV;234;81;0.00038750
822;0MD0060190AV;235;81;0.00023116
822;0MD0060190AV;211;82;0.00080203
822;0MD0060190AV;212;82;0.00011501
822;0MD0060190AV;213;82;0.00647740
822;0MD0060190AV;214;82;0.00277212
822;0MD0060190AV;215;82;0.00011267
822;0MD0060190AV;216;82;0.00110676
822;0MD0060190AV;217;82;0.00525603
822;0MD0060190AV;218;82;0.00618309
822;0MD0060190AV;219;82;0.00618312
822;0MD0060190AV;220;82;0.00630450
822;0MD0060190AV;221;82;0.00638219
822;0MD0060190AV;222;82;0.00628630
822;0MD0060190AV;223;82;0.00708567
822;0MD0060190AV;224;82;0.02017628
822;0MD0060190AV;227;82;0.00002010
822;0MD0060190AV;228;82;0.00019108
822;0MD0060190AV;229;82;0.00025311
822;0MD0060190AV;230;82;0.00019204
822;0MD0060190AV;221;83;0.00001165
822;0MD0060190AV;222;83;0.00000115
822;0MD0060190AV;223;83;0.00000773
822;0MD0060190AV;224;83;0.00974676
822;0SF0060010BA;141;154;0.02797920
822;0SF0060010BA;140;155;0.02412013
822;0SF0060010BA;141;155;0.07176558
822;0SF0060010BA;137;156;0.00319296
822;0SF0060010BA;138;156;0.00129870
822;0SF0060010BA;139;156;0.02453771
822;0SF0060010BA;140;156;0.04097180
822;0SF0060010BA;141;156;0.04251847
822;0SF0060010BA;138;157;0.01918952
822;0SF0060010BA;139;157;0.01709963
822;0SF0060010BA;140;157;0.00122741
822;0SF0060010BA;141;157;0.04263373
822;0SF0060010BA;142;157;0.02386115
822;0SF0060010BA;135;158;0.00243320
822;0SF0060010BA;136;158;0.00140627
822;0SF0060010BA;137;158;0.00002060
822;0SF0060010BA;138;158;0.03375827
822;0SF0060010BA;139;158;0.00043503
822;0SF0060010BA;140;158;0.00000907
822;0SF0060010BA;142;158;0.04466278
822;0SF0060010BA;143;158;0.00685299
822;0SF0060010BA;136;159;0.00427780
822;0SF0060010BA;137;159;0.02891496
822;0SF0060010BA;138;159;0.01374882
822;0SF0060010BA;139;159;0.00000954
822;0SF0060010BA;141;159;0.00051357
822;0SF0060010BA;142;159;0.04024756
822;0SF0060010BA;143;159;0.00572587
822;0SF0060010BA;144;159;0.00597920
822;0SF0060010BA;149;159;0.00130954
822;0SF0060010BA;136;160;0.00203627
822;0SF0060010BA;137;160;0.03667621
822;0SF0060010BA;138;160;0.00278234
822;0SF0060010BA;141;160;0.02864260
822;0SF0060010BA;142;160;0.00602185
822;0SF0060010BA;143;160;0.00294045
822;0SF0060010BA;144;160;0.00379461
822;0SF0060010BA;145;160;0.00102612
822;0SF0060010BA;146;160;0.00002847
822;0SF0060010BA;135;161;0.00235827
822;0SF0060010BA;136;161;0.04265554
822;0SF0060010BA;137;161;0.00513858
822;0SF0060010BA;138;161;0.00544164
822;0SF0060010BA;139;161;0.00559934
822;0SF0060010BA;140;161;0.00517951
822;0SF0060010BA;141;161;0.03154751
822;0SF0060010BA;142;161;0.00436789
822;0SF0060010BA;143;161;0.00197065
822;0SF0060010BA;144;161;0.00328037
822;0SF0060010BA;145;161;0.00234992
822;0SF0060010BA;146;161;0.00004287
822;0SF0060010BA;147;161;0.00004163
822;0SF0060010BA;148;161;0.00000358
822;0SF0060010BA;149;161;0.00029534
822;0SF0060010BA;134;162;0.00113631
822;0SF0060010BA;135;162;0.04103661
822;0SF0060010BA;136;162;0.00099719
822;0SF0060010BA;137;162;0.00009967
822;0SF0060010BA;138;162;0.00007623
822;0SF0060010BA;139;162;0.00017628
822;0SF0060010BA;141;162;0.00000030
822;0SF0060010BA;142;162;0.00000290
822;0SF0060010BA;144;162;0.00001999
822;0SF0060010BA;145;162;0.00135959
822;0SF0060010BA;148;162;0.00006221
822;0SF0060010BA;149;162;0.00139281
822;0SF0060010BA;133;163;0.00041856
822;0SF0060010BA;134;163;0.03866689
822;0SF0060010BA;135;163;0.01741218
822;0SF0060010BA;136;163;0.00064492
822;0SF0060010BA;137;163;0.00017117
822;0SF0060010BA;139;163;0.00007089
822;0SF0060010BA;145;163;0.00026948
822;0SF0060010BA;148;163;0.00004516
822;0SF0060010BA;132;164;0.01687971
822;0SF0060010BA;133;164;0.04902901
822;0SF0060010BA;134;164;0.02468122
822;0SF0060010BA;135;164;0.00151518
822;0SF0060010BA;136;164;0.00003018
822;0SF0060010BA;137;164;0.00001526
822;0SF0060010BA;148;164;0.00000932
822;0SF0060010BA;133;165;0.02955072
822;0SF0060010BA;134;165;0.01963443
822;0SF0060010BA;135;165;0.00535754
822;0SF0060010BA;133;166;0.02267402
822;0SF0060010BA;134;166;0.00164143
822;0SF0060010BA;135;166;0.00000002
822;GBV006014GBU;229;110;0.01213143
822;GBV006014GBU;229;111;0.01817342
822;GBV006014GBU;229;112;0.01817342
822;GBV006014GBU;229;113;0.01817342
822;GBV006014GBU;228;114;0.01618865
822;GBV006014GBU;229;114;0.00198477
822;GBV006014GBU;228;115;0.01817342
822;GBV006014GBU;228;116;0.01817342
822;GBV006014GBU;264;116;0.00011704
822;GBV006014GBU;265;116;0.00078325
822;GBV006014GBU;227;117;0.00091205
822;GBV006014GBU;228;117;0.01726137
822;GBV006014GBU;264;117;0.00140038
822;GBV006014GBU;265;117;0.00037745
822;GBV006014GBU;227;118;0.01817342
822;GBV006014GBU;264;118;0.00140038
822;GBV006014GBU;265;118;0.00019888
822;GBV006014GBU;266;118;0.00017857
822;GBV006014GBU;227;119;0.01817342
822;GBV006014GBU;263;119;0.00029489
822;GBV006014GBU;264;119;0.00110550
822;GBV006014GBU;266;119;0.00037745
822;GBV006014GBU;227;120;0.01817342
822;GBV006014GBU;263;120;0.00140038
822;GBV006014GBU;266;120;0.00034390
822;GBV006014GBU;267;120;0.00003356
822;GBV006014GBU;226;121;0.00329119
822;GBV006014GBU;227;121;0.01479814
822;GBV006014GBU;263;121;0.00140038
822;GBV006014GBU;267;121;0.00046008
822;GBV006014GBU;268;121;0.00015863
822;GBV006014GBU;226;122;0.01808167
822;GBV006014GBU;262;122;0.00052078
822;GBV006014GBU;263;122;0.00092519
822;GBV006014GBU;226;123;0.01755610
822;GBV006014GBU;227;123;0.00008024
822;GBV006014GBU;262;123;0.00153346
822;GBV006014GBU;226;124;0.01712257
822;GBV006014GBU;227;124;0.00022014
822;GBV006014GBU;228;124;0.00007119
822;GBV006014GBU;233;124;0.00020540
822;GBV006014GBU;261;124;0.00096715
822;GBV006014GBU;262;124;0.00056632
822;GBV006014GBU;226;125;0.01712257
822;GBV006014GBU;228;125;0.00022919
822;GBV006014GBU;229;125;0.00006215
822;GBV006014GBU;232;125;0.00064952
822;GBV006014GBU;233;125;0.00035980
822;GBV006014GBU;234;125;0.00053608
822;GBV006014GBU;235;125;0.00036726
822;GBV006014GBU;236;125;0.00035503
822;GBV006014GBU;237;125;0.00048866
822;GBV006014GBU;238;125;0.00048866
822;GBV006014GBU;239;125;0.00048866
822;GBV006014GBU;240;125;0.00048866
822;GBV006014GBU;241;125;0.00048866
822;GBV006014GBU;242;125;0.00012045
822;GBV006014GBU;259;125;0.00026959
822;GBV006014GBU;260;125;0.00036587
822;GBV006014GBU;261;125;0.00180133
822;GBV006014GBU;262;125;0.00007516
822;GBV006014GBU;226;126;0.01712598
822;GBV006014GBU;229;126;0.00023824
822;GBV006014GBU;230;126;0.00012199
822;GBV006014GBU;231;126;0.00065567
822;GBV006014GBU;232;126;0.00000615
822;GBV006014GBU;235;126;0.00015602
822;GBV006014GBU;236;126;0.00013364
822;GBV006014GBU;242;126;0.00053454
822;GBV006014GBU;256;126;0.00032522
822;GBV006014GBU;257;126;0.00036587
822;GBV006014GBU;258;126;0.00036587
822;GBV006014GBU;259;126;0.00009628
822;GBV006014GBU;261;126;0.00154572
822;GBV006014GBU;262;126;0.00009629
822;GBV006014GBU;263;126;0.00002338
822;GBV006014GBU;225;127;0.01442475
822;GBV006014GBU;226;127;0.00270557
822;GBV006014GBU;229;127;0.00011654
822;GBV006014GBU;230;127;0.00053293
822;GBV006014GBU;242;127;0.00053258
822;GBV006014GBU;243;127;0.00000196
822;GBV006014GBU;252;127;0.00000281
822;GBV006014GBU;253;127;0.00036725
822;GBV006014GBU;254;127;0.00036587
822;GBV006014GBU;255;127;0.00036587
822;GBV006014GBU;256;127;0.00004065
822;GBV006014GBU;261;127;0.00154572
822;GBV006014GBU;225;128;0.01713032
822;GBV006014GBU;228;128;0.00021635
822;GBV006014GBU;229;128;0.00023727
822;GBV006014GBU;243;128;0.00053454
822;GBV006014GBU;252;128;0.00043873
822;GBV006014GBU;261;128;0.00030206
822;GBV006014GBU;225;129;0.01713032
822;GBV006014GBU;227;129;0.00031616
822;GBV006014GBU;228;129;0.00013746
822;GBV006014GBU;243;129;0.00053454
822;GBV006014GBU;251;129;0.00030611
822;GBV006014GBU;252;129;0.00013262
822;GBV006014GBU;225;130;0.01719247
822;GBV006014GBU;226;130;0.00035381
822;GBV006014GBU;227;130;0.00003765
822;GBV006014GBU;243;130;0.00012368
822;GBV006014GBU;244;130;0.00041086
822;GBV006014GBU;250;130;0.00017068
822;GBV006014GBU;251;130;0.00026805
822;GBV006014GBU;225;131;0.01849846
822;GBV006014GBU;244;131;0.00053454
822;GBV006014GBU;249;131;0.00003524
822;GBV006014GBU;250;131;0.00040348
822;GBV006014GBU;224;132;0.01947968
822;GBV006014GBU;225;132;0.00116503
822;GBV006014GBU;244;132;0.00024933
822;GBV006014GBU;245;132;0.00037221
822;GBV006014GBU;248;132;0.00008206
822;GBV006014GBU;249;132;0.00045102
822;GBV006014GBU;223;133;0.00598582
822;GBV006014GBU;224;133;0.01487639
822;GBV006014GBU;245;133;0.00028096
822;GBV006014GBU;246;133;0.00053079
822;GBV006014GBU;247;133;0.00050558
822;GBV006014GBU;248;133;0.00034161
822;GBV006014GBU;223;134;0.02065903
822;GBV006014GBU;246;134;0.00004430
822;GBV006014GBU;247;134;0.00012616
822;GBV006014GBU;222;135;0.01242758
822;GBV006014GBU;223;135;0.00814280
822;GBV006014GBU;245;135;0.00002098
822;GBV006014GBU;246;135;0.00006804
822;GBV006014GBU;247;135;0.00001372
822;GBV006014GBU;248;135;0.00006639
822;GBV006014GBU;222;136;0.02057038
822;GBV006014GBU;245;136;0.00008902
822;GBV006014GBU;248;136;0.00007550
822;GBV006014GBU;249;136;0.00000462
822;GBV006014GBU;221;137;0.01827244
822;GBV006014GBU;222;137;0.00229794
822;GBV006014GBU;244;137;0.00008667
822;GBV006014GBU;245;137;0.00000235
822;GBV006014GBU;249;137;0.00008011
822;GBV006014GBU;221;138;0.01887076
822;GBV006014GBU;243;138;0.00006334
822;GBV006014GBU;244;138;0.00002568
822;GBV006014GBU;249;138;0.00000733
822;GBV006014GBU;220;139;0.00141035
822;GBV006014GBU;221;139;0.01664757
822;GBV006014GBU;242;139;0.00004103
822;GBV006014GBU;243;139;0.00004900
822;GBV006014GBU;220;140;0.01783658
822;GBV006014GBU;241;140;0.00003409
822;GBV006014GBU;242;140;0.00006269
822;GBV006014GBU;220;141;0.01783658
822;GBV006014GBU;240;141;0.00003006
822;GBV006014GBU;241;141;0.00006672
822;GBV006014GBU;220;142;0.01783658
822;GBV006014GBU;239;142;0.00002603
822;GBV006014GBU;240;142;0.00007075
822;GBV006014GBU;220;143;0.01783658
822;GBV006014GBU;238;143;0.00002200
822;GBV006014GBU;239;143;0.00007478
822;GBV006014GBU;220;144;0.01783658
822;GBV006014GBU;238;144;0.00007051
822;GBV006014GBU;239;144;0.00001697
822;GBV006014GBU;220;145;0.01841118
822;GBV006014GBU;239;145;0.00008511
822;GBV006014GBU;219;146;0.00345517
822;GBV006014GBU;220;146;0.01621399
822;GBV006014GBU;239;146;0.00002140
822;GBV006014GBU;240;146;0.00000688
822;GBV006014GBU;219;147;0.02180356
822;GBV006014GBU;218;148;0.01709444
822;GBV006014GBU;219;148;0.00575872
822;GBV006014GBU;217;149;0.00200432
822;GBV006014GBU;218;149;0.01776847
822;GBV006014GBU;217;150;0.01869227
822;GBV006014GBU;217;151;0.02387844
822;GBV006014GBU;215;152;0.02620523
822;GBV006014GBU;216;152;0.02511170
822;GBV006014GBU;217;152;0.02817783
822;GBV006014GBU;213;153;0.01347514
822;GBV006014GBU;214;153;0.03568955
822;GBV006014GBU;215;153;0.00728824
822;GBV006014GBU;217;153;0.00161962
822;GBV006014GBU;218;153;0.00132375
822;GBV006014GBU;213;154;0.03516119
822;GBV006014GBU;218;154;0.00160712
822;GBV006014GBU;213;155;0.00189574
822;GBV006014GBU;218;155;0.00027786
822;0SF0060380BA;129;161;0.00916011
822;0SF0060380BA;130;161;0.00419686
822;0SF0060380BA;131;161;0.05441660
822;0SF0060380BA;128;162;0.00005401
822;0SF0060380BA;129;162;0.02604468
822;0SF0060380BA;130;162;0.03662159
822;0SF0060380BA;131;162;0.21668685
822;0SF0060380BA;128;163;0.00004671
822;0SF0060380BA;129;163;0.02359481
822;0SF0060380BA;130;163;0.08271647
822;0SF0060380BA;131;163;0.31296439
822;0SF0060380BA;129;164;0.05401654
822;0SF0060380BA;130;164;0.04714639
822;0SF0060380BA;131;164;0.07123616
822;0SF0060380BA;132;164;0.06109783
822;NCC006044MBU;143;138;0.00007142
822;NCC006044MBU;142;139;0.00017503
822;NCC006044MBU;143;139;0.00469712
822;NCC006044MBU;144;139;0.06659682
822;NCC006044MBU;145;139;0.00435322
822;NCC006044MBU;146;139;0.00644366
822;NCC006044MBU;147;139;0.00955915
822;NCC006044MBU;148;139;0.00141604
822;NCC006044MBU;142;140;0.03447797
822;NCC006044MBU;143;140;0.06601488
822;NCC006044MBU;144;140;0.02941970
822;NCC006044MBU;145;140;0.00922913
822;NCC006044MBU;146;140;0.00213108
822;NCC006044MBU;136;141;0.00456507
822;NCC006044MBU;137;141;0.00530617
822;NCC006044MBU;138;141;0.05714523
822;NCC006044MBU;139;141;0.09692493
822;NCC006044MBU;140;141;0.08568167
822;NCC006044MBU;141;141;0.06961996
822;NCC006044MBU;142;141;0.05165602
822;NCC006044MBU;143;141;0.00360928
822;NCC006044MBU;144;141;0.00263881
822;NCC006044MBU;145;141;0.00717063
822;NCC006044MBU;134;142;0.00027349
822;NCC006044MBU;135;142;0.00611998
822;NCC006044MBU;136;142;0.00109650
822;NCC006044MBU;137;142;0.00353377
822;NCC006044MBU;138;142;0.03477403
822;NCC006044MBU;139;142;0.05112363
822;NCC006044MBU;140;142;0.00720089
822;NCC006044MBU;141;142;0.00018728
822;NCC006044MBU;142;142;0.00067200
822;NCC006044MBU;143;142;0.00110904
822;NCC006044MBU;144;142;0.00005370
822;NCC006044MBU;145;142;0.00074932
822;NCC006044MBU;134;143;0.00490689
822;NCC006044MBU;135;143;0.00014504
822;NCC006044MBU;136;143;0.00156137
822;NCC006044MBU;137;143;0.01029579
822;NCC006044MBU;138;143;0.03042719
822;NCC006044MBU;139;143;0.05221254
822;NCC006044MBU;140;143;0.00275159
822;NCC006044MBU;142;143;0.00004139
822;NCC006044MBU;143;143;0.00024378
822;NCC006044MBU;144;143;0.00009521
822;NCC006044MBU;145;143;0.00007391
822;NCC006044MBU;133;144;0.00295157
822;NCC006044MBU;134;144;0.00124530
822;NCC006044MBU;136;144;0.00232406
822;NCC006044MBU;137;144;0.01396375
822;NCC006044MBU;138;144;0.00237371
822;NCC006044MBU;139;144;0.03494631
822;NCC006044MBU;140;144;0.02362010
822;NCC006044MBU;141;144;0.00001987
822;NCC006044MBU;142;144;0.00013384
822;NCC006044MBU;143;144;0.00007847
822;NCC006044MBU;133;145;0.00027921
822;NCC006044MBU;134;145;0.00001909
822;NCC006044MBU;135;145;0.00005999
822;NCC006044MBU;136;145;0.00580192
822;NCC006044MBU;137;145;0.00680321
822;NCC006044MBU;138;145;0.00030878
822;NCC006044MBU;139;145;0.00860638
822;NCC006044MBU;140;145;0.04155094
822;NCC006044MBU;141;145;0.00019553
822;NCC006044MBU;142;145;0.00000431
822;NCC006044MBU;132;146;0.00000103
822;NCC006044MBU;133;146;0.00000027
822;NCC006044MBU;134;146;0.00000504
822;NCC006044MBU;135;146;0.00042117
822;NCC006044MBU;136;146;0.00547260
822;NCC006044MBU;137;146;0.00081527
822;NCC006044MBU;138;146;0.00025930
822;NCC006044MBU;139;146;0.00748796
822;NCC006044MBU;140;146;0.00020775
822;NCC006044MBU;134;147;0.00000036
822;NCC006044MBU;135;147;0.00017951
822;NCC006044MBU;136;147;0.00326818
822;NCC006044MBU;137;147;0.00001748
822;NCC006044MBU;138;147;0.00023030
822;NCC006044MBU;139;147;0.00000734
822;NCC006044MBU;136;148;0.00432498
822;NCC006044MBU;137;148;0.00020059
822;NCC006044MBU;138;148;0.00006040
822;NCC006044MBU;136;149;0.00319734
822;NCC006044MBU;137;149;0.00000546
822;SJV006016SJU;180;109;0.00399516
822;SJV006016SJU;181;109;0.00001554
822;SJV006016SJU;182;109;0.00070620
822;SJV006016SJU;183;109;0.00277757
822;SJV006016SJU;185;109;0.00014266
822;SJV006016SJU;187;109;0.02752870
822;SJV006016SJU;192;109;0.00124987
822;SJV006016SJU;180;110;0.00084581
822;SJV006016SJU;181;110;0.00350503
822;SJV006016SJU;182;110;0.00309270
822;SJV006016SJU;183;110;0.00006713
822;SJV006016SJU;184;110;0.00022233
822;SJV006016SJU;185;110;0.00002301
822;SJV006016SJU;186;110;0.01516905
822;SJV006016SJU;187;110;0.01762366
822;SJV006016SJU;192;110;0.00155150
822;SJV006016SJU;181;111;0.00542061
822;SJV006016SJU;182;111;0.00324574
822;SJV006016SJU;184;111;0.00017989
822;SJV006016SJU;185;111;0.00520502
822;SJV006016SJU;186;111;0.02849270
822;SJV006016SJU;192;111;0.00160630
822;SJV006016SJU;193;111;0.00001411
822;SJV006016SJU;178;112;0.00000920
822;SJV006016SJU;179;112;0.00001185
822;SJV006016SJU;181;112;0.00438572
822;SJV006016SJU;182;112;0.00386379
822;SJV006016SJU;184;112;0.00029988
822;SJV006016SJU;185;112;0.03444512
822;SJV006016SJU;192;112;0.00164867
822;SJV006016SJU;193;112;0.00000656
822;SJV006016SJU;179;113;0.00001828
822;SJV006016SJU;180;113;0.00375047
822;SJV006016SJU;181;113;0.00221378
822;SJV006016SJU;182;113;0.00342304
822;SJV006016SJU;183;113;0.00360654
822;SJV006016SJU;184;113;0.03372126
822;SJV006016SJU;185;113;0.00235645
822;SJV006016SJU;186;113;0.00086889
822;SJV006016SJU;187;113;0.00076465
822;SJV006016SJU;188;113;0.00074754
822;SJV006016SJU;189;113;0.00073568
822;SJV006016SJU;190;113;0.00100079
822;SJV006016SJU;191;113;0.00064657
822;SJV006016SJU;192;113;0.00220065
822;SJV006016SJU;193;113;0.00001681
822;SJV006016SJU;179;114;0.00034861
822;SJV006016SJU;180;114;0.00660481
822;SJV006016SJU;182;114;0.00000012
822;SJV006016SJU;183;114;0.03090471
822;SJV006016SJU;184;114;0.00814405
822;SJV006016SJU;190;114;0.00024350
822;SJV006016SJU;192;114;0.00213106
822;SJV006016SJU;179;115;0.00207700
822;SJV006016SJU;180;115;0.00608601
822;SJV006016SJU;182;115;0.02840744
822;SJV006016SJU;183;115;0.01913773
822;SJV006016SJU;184;115;0.00001172
822;SJV006016SJU;190;115;0.00046647
822;SJV006016SJU;191;115;0.00012762
822;SJV006016SJU;192;115;0.00234099
822;SJV006016SJU;193;115;0.00011483
822;SJV006016SJU;180;116;0.01090869
822;SJV006016SJU;181;116;0.03008725
822;SJV006016SJU;182;116;0.00180412
822;SJV006016SJU;184;116;0.00869937
822;SJV006016SJU;190;116;0.00046689
822;SJV006016SJU;191;116;0.00000086
822;SJV006016SJU;192;116;0.00409220
822;SJV006016SJU;193;116;0.00067618
822;SJV006016SJU;181;117;0.00312360
822;SJV006016SJU;182;117;0.00093438
822;SJV006016SJU;183;117;0.00020563
822;SJV006016SJU;184;117;0.00455782
822;SJV006016SJU;185;117;0.00393649
822;SJV006016SJU;189;117;0.00001259
822;SJV006016SJU;190;117;0.00082963
822;SJV006016SJU;191;117;0.00105826
822;SJV006016SJU;192;117;0.01422564
822;SJV006016SJU;193;117;0.00194521
822;SJV006016SJU;182;118;0.00477677
822;SJV006016SJU;183;118;0.00078430
822;SJV006016SJU;184;118;0.00007431
822;SJV006016SJU;185;118;0.00939458
822;SJV006016SJU;186;118;0.00008700
822;SJV006016SJU;188;118;0.00014052
822;SJV006016SJU;189;118;0.00043552
822;SJV006016SJU;190;118;0.00153637
822;SJV006016SJU;191;118;0.00177315
822;SJV006016SJU;192;118;0.01231078
822;SJV006016SJU;193;118;0.00091825
822;SJV006016SJU;183;119;0.00449303
822;SJV006016SJU;184;119;0.00078202
822;SJV006016SJU;186;119;0.00938686
822;SJV006016SJU;187;119;0.00012747
822;SJV006016SJU;188;119;0.00013554
822;SJV006016SJU;189;119;0.00032309
822;SJV006016SJU;190;119;0.00091103
822;SJV006016SJU;191;119;0.00991243
822;SJV006016SJU;192;119;0.00172168
822;SJV006016SJU;193;119;0.00003549
822;SJV006016SJU;184;120;0.00434978
822;SJV006016SJU;185;120;0.00138677
822;SJV006016SJU;186;120;0.00801063
822;SJV006016SJU;187;120;0.00642053
822;SJV006016SJU;188;120;0.00440686
822;SJV006016SJU;189;120;0.00350746
822;SJV006016SJU;190;120;0.00418825
822;SJV006016SJU;191;120;0.01176162
822;SJV006016SJU;192;120;0.00396159
822;SJV006016SJU;193;120;0.00203246
822;SJV006016SJU;183;121;0.00089542
822;SJV006016SJU;184;121;0.00398046
822;SJV006016SJU;185;121;0.01533808
822;SJV006016SJU;186;121;0.00942188
822;SJV006016SJU;187;121;0.01069746
822;SJV006016SJU;188;121;0.00406151
822;SJV006016SJU;189;121;0.00141063
822;SJV006016SJU;190;121;0.00182364
822;SJV006016SJU;191;121;0.00894829
822;SJV006016SJU;192;121;0.00166373
822;SJV006016SJU;193;121;0.00012571
822;SJV006016SJU;185;122;0.00068985
822;SJV006016SJU;186;122;0.01501702
822;SJV006016SJU;187;122;0.03528273
822;SJV006016SJU;188;122;0.00721236
822;SJV006016SJU;189;122;0.00154846
822;SJV006016SJU;190;122;0.00554124
822;SJV006016SJU;191;122;0.00992103
822;SJV006016SJU;192;122;0.00083902
822;SJV006016SJU;193;122;0.00066777
822;SJV006016SJU;194;122;0.00127525
822;SJV006016SJU;185;123;0.00002506
822;SJV006016SJU;186;123;0.00031620
822;SJV006016SJU;187;123;0.02534972
822;SJV006016SJU;188;123;0.02395865
822;SJV006016SJU;189;123;0.03543288
822;SJV006016SJU;190;123;0.05614464
822;SJV006016SJU;191;123;0.02365185
822;SJV006016SJU;192;123;0.01606900
822;SJV006016SJU;193;123;0.01516254
822;SJV006016SJU;194;123;0.01193413
822;SJV006016SJU;184;124;0.00042060
822;SJV006016SJU;185;124;0.00218121
822;SJV006016SJU;186;124;0.00335135
822;SJV006016SJU;187;124;0.01163089
822;SJV006016SJU;188;124;0.00232887
822;SJV006016SJU;189;124;0.00449376
822;SJV006016SJU;190;124;0.03553750
822;SJV006016SJU;191;124;0.01250480
822;SJV006016SJU;192;124;0.00287642
822;SJV006016SJU;193;124;0.00102981
822;SJV006016SJU;194;124;0.00059265
822;SJV006016SJU;183;125;0.00020748
822;SJV006016SJU;184;125;0.00128570
822;SJV006016SJU;185;125;0.00040995
822;SJV006016SJU;186;125;0.00043640
822;SJV006016SJU;187;125;0.00957151
822;SJV006016SJU;188;125;0.00342093
822;SJV006016SJU;189;125;0.00442459
822;SJV006016SJU;190;125;0.01333853
822;SJV006016SJU;191;125;0.00132331
822;SJV006016SJU;192;125;0.00193211
822;SJV006016SJU;193;125;0.00019060
822;SJV006016SJU;189;126;0.00131243
822;SJV006016SJU;190;126;0.00761975
822;SJV006016SJU;191;126;0.00001540
822;SJV006016SJU;192;126;0.00195072
822;SJV006016SJU;193;126;0.00014203
822;SJV006016SJU;192;127;0.00158955
822;SJV006016SJU;193;127;0.00006463
822;SJV006016SJU;192;128;0.00119016
822;SJV006016SJU;193;128;0.00000003
822;0NC006012NCU;104;224;0.00279319
822;0NC006012NCU;104;225;0.00671502
822;0NC006012NCU;104;226;0.00678673
822;0NC006012NCU;103;227;0.00078669
822;0NC006012NCU;104;227;0.00540227
822;0NC006012NCU;103;228;0.00374897
822;0NC006012NCU;104;228;0.00269972
822;0NC006012NCU;104;229;0.00675798
822;0NC006012NCU;103;230;0.00650985
822;0NC006012NCU;104;230;0.00501079
822;0NC006012NCU;102;231;0.00413496
822;0NC006012NCU;103;231;0.00717972
822;0NC006012NCU;102;232;0.00790834
822;0NC006012NCU;101;233;0.00838155
822;0NC006012NCU;102;233;0.00009787
822;0NC006012NCU;101;234;0.00868580
822;0NC006012NCU;100;235;0.00429168
822;0NC006012NCU;101;235;0.00860803
822;0NC006012NCU;99;236;0.00748212
822;0NC006012NCU;100;236;0.00795337
822;0NC006012NCU;106;236;0.00101898
822;0NC006012NCU;107;236;0.00066354
822;0NC006012NCU;98;237;0.01047385
822;0NC006012NCU;99;237;0.00184471
822;0NC006012NCU;101;237;0.00033731
822;0NC006012NCU;102;237;0.00090531
822;0NC006012NCU;103;237;0.00089402
822;0NC006012NCU;104;237;0.00088507
822;0NC006012NCU;105;237;0.00096078
822;0NC006012NCU;106;237;0.00025165
822;0NC006012NCU;107;237;0.00070280
822;0NC006012NCU;108;237;0.00089565
822;0NC006012NCU;109;237;0.00057888
822;0NC006012NCU;97;238;0.01451443
822;0NC006012NCU;98;238;0.00710102
822;0NC006012NCU;99;238;0.00040083
822;0NC006012NCU;100;238;0.00096001
822;0NC006012NCU;101;238;0.00060650
822;0NC006012NCU;97;239;0.01756068
822;0NC006012NCU;98;239;0.00053945
822;0NC006012NCU;99;239;0.00057401
822;0NC006012NCU;94;240;0.00026436
822;0NC006012NCU;95;240;0.00829922
822;0NC006012NCU;97;240;0.01820924
822;0NC006012NCU;95;241;0.00343365
822;0NC006012NCU;96;241;0.04209272
822;0NC006012NCU;97;241;0.00185136
822;0NC006012NCU;96;242;0.02734178
822;0NC006012NCU;96;243;0.02768296
822;0NC006012NCU;96;244;0.03171079
822;0NC006012NCU;96;245;0.03872824
822;0NC006012NCU;97;245;0.01324992
822;0NC006012NCU;98;245;0.00220592
822;0NC006012NCU;99;245;0.00044335
822;0NC006012NCU;96;246;0.00493463
822;0NC006012NCU;97;246;0.05280432
822;0NC006012NCU;98;246;0.04104888
822;0NC006012NCU;99;246;0.00339915
822;0NC006012NCU;98;247;0.00633542
822;0NC006012NCU;99;247;0.04762957
822;0NC006012NCU;99;248;0.05436765
822;0NC006012NCU;100;248;0.00731969
822;0NC006012NCU;101;248;0.00959607
822;0NC006012NCU;102;248;0.00473118
822;0NC006012NCU;105;248;0.00040058
822;0NC006012NCU;106;248;0.00825095
822;0NC006012NCU;108;248;0.00221254
822;0NC006012NCU;98;249;0.02779045
822;0NC006012NCU;99;249;0.02416458
822;0NC006012NCU;100;249;0.00596364
822;0NC006012NCU;102;249;0.01079945
822;0NC006012NCU;103;249;0.00836165
822;0NC006012NCU;104;249;0.01064399
822;0NC006012NCU;105;249;0.00927400
822;0NC006012NCU;106;249;0.00225218
822;0NC006012NCU;107;249;0.01237093
822;0NC006012NCU;108;249;0.01108835
822;0NC006012NCU;98;250;0.02404341
822;0NC006012NCU;102;250;0.00294238
822;0NC006012NCU;103;250;0.00262693
822;0NC006012NCU;108;250;0.00104322
822;0NC006012NCU;98;251;0.01933933
822;0NC006012NCU;107;251;0.00000660
822;0NC006012NCU;108;251;0.00019791
822;0NC006012NCU;98;252;0.02215848
822;0NC006012NCU;107;252;0.00003104
822;0NC006012NCU;97;253;0.00101887
822;0NC006012NCU;98;253;0.01840510
822;0NC006012NCU;107;253;0.00003091
822;0NC006012NCU;97;254;0.01116919
822;0NC006012NCU;98;254;0.00007503
822;0NC006012NCU;107;254;0.00002999
822;0NC006012NCU;97;255;0.00427835
822;0NC006012NCU;98;255;0.01053304
822;0NC006012NCU;102;255;0.00006853
822;0NC006012NCU;103;255;0.00071927
822;0NC006012NCU;104;255;0.00071436
822;0NC006012NCU;107;255;0.00003049
822;0NC006012NCU;98;256;0.01223032
822;0NC006012NCU;99;256;0.00028712
822;0NC006012NCU;102;256;0.00070800
822;0NC006012NCU;104;256;0.00039183
822;0NC006012NCU;105;256;0.00069864
822;0NC006012NCU;106;256;0.00068597
822;0NC006012NCU;107;256;0.00080532
822;0NC006012NCU;108;256;0.00000042
822;0NC006012NCU;98;257;0.00750983
822;0NC006012NCU;99;257;0.00678201
822;0NC006012NCU;101;257;0.00031405
822;0NC006012NCU;102;257;0.00035551
822;0NC006012NCU;108;257;0.00064424
822;0NC006012NCU;99;258;0.01112473
822;0NC006012NCU;101;258;0.00066956
822;0NC006012NCU;108;258;0.00051636
822;0NC006012NCU;109;258;0.00071660
822;0NC006012NCU;110;258;0.00000814
822;0NC006012NCU;99;259;0.01085738
822;0NC006012NCU;100;259;0.00850154
822;0NC006012NCU;101;259;0.00028096
822;0NC006012NCU;110;259;0.00091256
822;0NC006012NCU;100;260;0.01245679
822;0NC006012NCU;110;260;0.00003429
822;0NC006012NCU;111;260;0.00063409
822;0NC006012NCU;100;261;0.00378315
822;0NC006012NCU;101;261;0.01455985
822;0NC006012NCU;111;261;0.00025674
822;0NC006012NCU;101;262;0.01183802
822;0NC006012NCU;100;263;0.00520720
822;0NC006012NCU;101;263;0.00849451
822;0NC006012NCU;100;264;0.00241432
822;0SF0060480BA;136;170;0.00421463
822;0SF0060480BA;137;170;0.03429650
822;0SF0060480BA;134;171;0.00069104
822;0SF0060480BA;135;171;0.08255526
822;0SF0060480BA;136;171;0.02358574
822;0SF0060480BA;137;171;0.02559583
822;0SF0060480BA;133;172;0.03571047
822;0SF0060480BA;134;172;0.03145465
822;0SF0060480BA;135;172;0.08153455
822;0SF0060480BA;136;172;0.00000112
822;0SF0060480BA;137;172;0.02546647
822;0SF0060480BA;131;173;0.02272882
822;0SF0060480BA;132;173;0.04887098
822;0SF0060480BA;133;173;0.01351640
822;0SF0060480BA;134;173;0.05337840
822;0SF0060480BA;135;173;0.06960322
822;0SF0060480BA;137;173;0.02546647
822;0SF0060480BA;135;174;0.01111276
822;0SF0060480BA;136;174;0.06075738
822;0SF0060480BA;137;174;0.02794915
822;0SF0060480BA;142;174;0.00030810
822;0SF0060480BA;143;174;0.00035448
822;0SF0060480BA;135;175;0.00277673
822;0SF0060480BA;136;175;0.02761796
822;0SF0060480BA;137;175;0.10521432
822;0SF0060480BA;138;175;0.02873850
822;0SF0060480BA;139;175;0.00070923
822;0SF0060480BA;140;175;0.00080010
822;0SF0060480BA;141;175;0.00067754
822;0SF0060480BA;142;175;0.00067232
822;0SF0060480BA;136;176;0.00131181
822;0SF0060480BA;137;176;0.00006784
822;0SF0060480BA;138;176;0.06470691
822;0SF0060480BA;139;176;0.03835639
822;0SF0060480BA;140;176;0.01074283
822;0SF0060480BA;141;176;0.00202208
822;0SF0060480BA;137;177;0.00000360
822;0SF0060480BA;138;177;0.00000125
822;0SF0060480BA;139;177;0.03211304
822;0SF0060480BA;140;177;0.00016783
822;0SF0060480BA;141;177;0.00012158
822;0SF0060480BA;139;178;0.00402573
822;SJV006024SJU;165;138;0.00708156
822;SJV006024SJU;164;139;0.00265518
822;SJV006024SJU;165;139;0.00498248
822;SJV006024SJU;166;139;0.00008717
822;SJV006024SJU;163;140;0.00188162
822;SJV006024SJU;164;140;0.00731849
822;SJV006024SJU;168;140;0.00006846
822;SJV006024SJU;169;140;0.00020643
822;SJV006024SJU;162;141;0.00005176
822;SJV006024SJU;163;141;0.00684825
822;SJV006024SJU;164;141;0.00096225
822;SJV006024SJU;167;141;0.00027433
822;SJV006024SJU;168;141;0.00084400
822;SJV006024SJU;169;141;0.00246307
822;SJV006024SJU;162;142;0.00680119
822;SJV006024SJU;163;142;0.00002323
822;SJV006024SJU;164;142;0.00104534
822;SJV006024SJU;166;142;0.00056099
822;SJV006024SJU;167;142;0.00010931
822;SJV006024SJU;168;142;0.00004587
822;SJV006024SJU;169;142;0.00387365
822;SJV006024SJU;156;143;0.00021747
822;SJV006024SJU;159;143;0.00174446
822;SJV006024SJU;160;143;0.00359035
822;SJV006024SJU;161;143;0.00883774
822;SJV006024SJU;162;143;0.00708557
822;SJV006024SJU;163;143;0.00602571
822;SJV006024SJU;164;143;0.01458199
822;SJV006024SJU;165;143;0.00821145
822;SJV006024SJU;166;143;0.00635527
822;SJV006024SJU;167;143;0.00695847
822;SJV006024SJU;168;143;0.00676719
822;SJV006024SJU;169;143;0.00724278
822;SJV006024SJU;170;143;0.00637078
822;SJV006024SJU;171;143;0.00489690
822;SJV006024SJU;156;144;0.00170462
822;SJV006024SJU;157;144;0.00342963
822;SJV006024SJU;158;144;0.00394204
822;SJV006024SJU;159;144;0.00184049
822;SJV006024SJU;160;144;0.00533921
822;SJV006024SJU;161;144;0.00848497
822;SJV006024SJU;162;144;0.00330431
822;SJV006024SJU;163;144;0.00536634
822;SJV006024SJU;164;144;0.00705418
822;SJV006024SJU;165;144;0.00139701
822;SJV006024SJU;166;144;0.00138566
822;SJV006024SJU;167;144;0.00158174
822;SJV006024SJU;168;144;0.00012870
822;SJV006024SJU;169;144;0.00000719
822;SJV006024SJU;171;144;0.00217022
822;SJV006024SJU;172;144;0.00606246
822;SJV006024SJU;160;145;0.01117379
822;SJV006024SJU;161;145;0.00020323
822;SJV006024SJU;162;145;0.00124726
822;SJV006024SJU;164;145;0.00408749
822;SJV006024SJU;167;145;0.00063262
822;SJV006024SJU;170;145;0.00005016
822;SJV006024SJU;171;145;0.00012697
822;SJV006024SJU;172;145;0.00717614
822;SJV006024SJU;173;145;0.00021420
822;SJV006024SJU;174;145;0.00029402
822;SJV006024SJU;159;146;0.00378973
822;SJV006024SJU;160;146;0.00657621
822;SJV006024SJU;161;146;0.00104561
822;SJV006024SJU;164;146;0.00414598
822;SJV006024SJU;167;146;0.00063990
822;SJV006024SJU;168;146;0.00023917
822;SJV006024SJU;172;146;0.00709323
822;SJV006024SJU;174;146;0.00039962
822;SJV006024SJU;175;146;0.00963163
822;SJV006024SJU;176;146;0.02606759
822;SJV006024SJU;177;146;0.00000152
822;SJV006024SJU;178;146;0.00036527
822;SJV006024SJU;159;147;0.00739272
822;SJV006024SJU;160;147;0.00263849
822;SJV006024SJU;161;147;0.00161051
822;SJV006024SJU;164;147;0.00409752
822;SJV006024SJU;168;147;0.00062583
822;SJV006024SJU;169;147;0.00067150
822;SJV006024SJU;170;147;0.00076934
822;SJV006024SJU;171;147;0.00052311
822;SJV006024SJU;172;147;0.00779781
822;SJV006024SJU;173;147;0.00333759
822;SJV006024SJU;174;147;0.01092987
822;SJV006024SJU;175;147;0.02249617
822;SJV006024SJU;176;147;0.00091536
822;SJV006024SJU;177;147;0.00053072
822;SJV006024SJU;178;147;0.00113700
822;SJV006024SJU;159;148;0.00539116
822;SJV006024SJU;160;148;0.00285895
822;SJV006024SJU;161;148;0.00235846
822;SJV006024SJU;164;148;0.00395501
822;SJV006024SJU;170;148;0.00020382
822;SJV006024SJU;172;148;0.00551259
822;SJV006024SJU;173;148;0.00929110
822;SJV006024SJU;174;148;0.02448811
822;SJV006024SJU;175;148;0.00366650
822;SJV006024SJU;176;148;0.00325350
822;SJV006024SJU;177;148;0.00184966
822;SJV006024SJU;178;148;0.00012795
822;SJV006024SJU;179;148;0.00019509
822;SJV006024SJU;180;148;0.00003813
822;SJV006024SJU;160;149;0.00073598
822;SJV006024SJU;161;149;0.00471309
822;SJV006024SJU;162;149;0.00218117
822;SJV006024SJU;164;149;0.00396001
822;SJV006024SJU;170;149;0.00028794
822;SJV006024SJU;171;149;0.00060921
822;SJV006024SJU;172;149;0.01944486
822;SJV006024SJU;173;149;0.02594224
822;SJV006024SJU;174;149;0.00064271
822;SJV006024SJU;175;149;0.00113541
822;SJV006024SJU;176;149;0.00043980
822;SJV006024SJU;177;149;0.00011500
822;SJV006024SJU;160;150;0.00091349
822;SJV006024SJU;161;150;0.00014609
822;SJV006024SJU;162;150;0.00213896
822;SJV006024SJU;163;150;0.00273191
822;SJV006024SJU;164;150;0.00692839
822;SJV006024SJU;165;150;0.00179979
822;SJV006024SJU;166;150;0.00178490
822;SJV006024SJU;167;150;0.00195092
822;SJV006024SJU;168;150;0.00185288
822;SJV006024SJU;169;150;0.00247567
822;SJV006024SJU;170;150;0.02086554
822;SJV006024SJU;171;150;0.04558556
822;SJV006024SJU;172;150;0.04685246
822;SJV006024SJU;173;150;0.00691140
822;SJV006024SJU;174;150;0.00418334
822;SJV006024SJU;175;150;0.00364692
822;SJV006024SJU;176;150;0.00259649
822;SJV006024SJU;177;150;0.00142047
822;SJV006024SJU;161;151;0.00071324
822;SJV006024SJU;162;151;0.00161555
822;SJV006024SJU;163;151;0.00138214
822;SJV006024SJU;164;151;0.00670898
822;SJV006024SJU;165;151;0.00074201
822;SJV006024SJU;166;151;0.00078833
822;SJV006024SJU;167;151;0.00129691
822;SJV006024SJU;168;151;0.02798963
822;SJV006024SJU;169;151;0.04750060
822;SJV006024SJU;170;151;0.02803813
822;SJV006024SJU;171;151;0.01010002
822;SJV006024SJU;172;151;0.00565426
822;SJV006024SJU;173;151;0.00134901
822;SJV006024SJU;174;151;0.00000613
822;SJV006024SJU;177;151;0.00123579
822;SJV006024SJU;178;151;0.00002562
822;SJV006024SJU;162;152;0.00107893
822;SJV006024SJU;163;152;0.00009707
822;SJV006024SJU;164;152;0.00724348
822;SJV006024SJU;165;152;0.00155425
822;SJV006024SJU;166;152;0.02576120
822;SJV006024SJU;167;152;0.04592239
822;SJV006024SJU;168;152;0.01551806
822;SJV006024SJU;169;152;0.00600864
822;SJV006024SJU;170;152;0.00059926
822;SJV006024SJU;171;152;0.00189198
822;SJV006024SJU;172;152;0.00180325
822;SJV006024SJU;173;152;0.00062230
822;SJV006024SJU;162;153;0.00051615
822;SJV006024SJU;163;153;0.00085617
822;SJV006024SJU;164;153;0.01146515
822;SJV006024SJU;165;153;0.01442644
822;SJV006024SJU;166;153;0.03997457
822;SJV006024SJU;167;153;0.00051228
822;SJV006024SJU;168;153;0.00269904
822;SJV006024SJU;169;153;0.00104735
822;SJV006024SJU;170;153;0.00043531
822;SJV006024SJU;171;153;0.00206002
822;SJV006024SJU;172;153;0.00003305
822;SJV006024SJU;173;153;0.00059413
822;SJV006024SJU;174;153;0.00020446
822;SJV006024SJU;175;153;0.00010227
822;SJV006024SJU;164;154;0.00451248
822;SJV006024SJU;165;154;0.03934402
822;SJV006024SJU;166;154;0.00193224
822;SJV006024SJU;167;154;0.00223281
822;SJV006024SJU;168;154;0.00023494
822;SJV006024SJU;169;154;0.00130633
822;SJV006024SJU;170;154;0.00008633
822;SJV006024SJU;171;154;0.00134925
822;SJV006024SJU;172;154;0.00013497
822;SJV006024SJU;173;154;0.00048089
822;SJV006024SJU;175;154;0.00010219
822;SJV006024SJU;176;154;0.00013399
822;SJV006024SJU;166;155;0.00054053
822;SJV006024SJU;167;155;0.00031782
822;SJV006024SJU;168;155;0.00124430
822;SJV006024SJU;169;155;0.00006523
822;SJV006024SJU;170;155;0.00009442
822;SJV006024SJU;171;155;0.00070641
822;SJV006024SJU;172;155;0.00150784
822;SJV006024SJU;173;155;0.00049825
822;SJV006024SJU;168;156;0.00019790
822;SJV006024SJU;169;156;0.00022326
822;SJV006024SJU;170;156;0.00032815
822;SJV006024SJU;171;156;0.00034555
822;SJV006024SJU;172;156;0.00014044
822;SJV006024SJU;173;156;0.00201307
822;SJV006024SJU;174;156;0.00028296
822;SJV006024SJU;175;156;0.00024630
822;SJV006024SJU;171;157;0.00004525
822;SJV006024SJU;173;157;0.00130108
822;SJV006024SJU;173;158;0.00075015
822;0NC0060490NS;117;178;0.00004700
822;0NC0060490NS;118;178;0.00081588
822;0NC0060490NS;119;178;0.00082361
822;0NC0060490NS;120;178;0.00053089
822;0NC0060490NS;117;179;0.00075084
822;0NC0060490NS;119;179;0.00971669
822;0NC0060490NS;120;179;0.00931991
822;0NC0060490NS;117;180;0.00065828
822;0NC0060490NS;120;180;0.00041386
822;0NC0060490NS;116;181;0.00491560
822;0NC0060490NS;117;181;0.00414682
822;0NC0060490NS;119;181;0.01034384
822;0NC0060490NS;120;181;0.00752960
822;0NC0060490NS;121;181;0.00389867
822;0NC0060490NS;115;182;0.00490946
822;0NC0060490NS;116;182;0.01310511
822;0NC0060490NS;117;182;0.01332326
822;0NC0060490NS;118;182;0.02114840
822;0NC0060490NS;119;182;0.00700091
822;0NC0060490NS;120;182;0.00803402
822;0NC0060490NS;121;182;0.01599645
822;0NC0060490NS;114;183;0.01187035
822;0NC0060490NS;115;183;0.00899716
822;0NC0060490NS;118;183;0.00202925
822;0NC0060490NS;119;183;0.01299548
822;0NC0060490NS;120;183;0.01051501
822;0NC0060490NS;121;183;0.02446236
822;0NC0060490NS;122;183;0.00387477
822;0NC0060490NS;113;184;0.00579383
822;0NC0060490NS;114;184;0.00177467
822;0NC0060490NS;121;184;0.00103407
822;0NC0060490NS;122;184;0.00242316
822;0NC0060490NS;121;185;0.00103407
822;0NC0060490NS;122;185;0.22140487
822;0NC0060490NS;121;186;0.06828867
822;0NC0060490NS;122;186;0.10726166
822;0NC0060490NS;124;186;0.00453080
822;0NC0060490NS;125;186;0.01620494
822;0NC0060490NS;126;186;0.01114684
822;0NC0060490NS;121;187;0.07309792
822;0NC0060490NS;122;187;0.00476544
822;0NC0060490NS;123;187;0.01570816
822;0NC0060490NS;124;187;0.01167414
822;0NC0060490NS;121;188;0.08338004
822;0NC0060490NS;120;189;0.04469260
822;0NC0060490NS;121;189;0.00999809
822;0NC0060490NS;119;190;0.04593150
822;0NC0060490NS;120;190;0.01192917
822;0NC0060490NS;118;191;0.00972367
822;0NC0060490NS;119;191;0.03207092
822;0NC0060490NS;118;192;0.00395731
822;0LT006031PLA;179;197;0.00174697
822;0LT006031PLA;178;198;0.00011480
822;0LT006031PLA;179;198;0.10288769
822;0LT006031PLA;178;199;0.00065122
822;0LT006031PLA;179;199;0.08727148
822;0LT006031PLA;177;200;0.00014447
822;0LT006031PLA;178;200;0.06646882
822;0LT006031PLA;179;200;0.16973158
822;0LT006031PLA;178;201;0.01148048
822;0LT006031PLA;179;201;0.03835688
822;0LT006031PLA;180;201;0.12680477
822;0LT006031PLA;180;202;0.06803487
822;0LT006031PLA;181;202;0.19184671
822;0LT006031PLA;182;202;0.07590877
822;0LT006031PLA;180;203;0.00352975
822;0LT006031PLA;181;203;0.05502076
822;0MC006031PLA;160;194;0.00063374
822;0MC006031PLA;161;194;0.01286698
822;0MC006031PLA;162;194;0.00676424
822;0MC006031PLA;160;195;0.00627092
822;0MC006031PLA;161;195;0.08993779
822;0MC006031PLA;162;195;0.01463232
822;0MC006031PLA;163;195;0.00164966
822;0MC006031PLA;161;196;0.09662377
822;0MC006031PLA;162;196;0.00396613
822;0MC006031PLA;163;196;0.01007147
822;0MC006031PLA;164;196;0.01136334
822;0MC006031PLA;165;196;0.00703734
822;0MC006031PLA;161;197;0.00265030
822;0MC006031PLA;162;197;0.07423198
822;0MC006031PLA;165;197;0.00212950
822;0MC006031PLA;166;197;0.00406457
822;0MC006031PLA;162;198;0.07356019
822;0MC006031PLA;166;198;0.00131774
822;0MC006031PLA;167;198;0.00098172
822;0MC006031PLA;162;199;0.07104395
822;0MC006031PLA;163;199;0.00894917
822;0MC006031PLA;167;199;0.00026675
822;0MC006031PLA;168;199;0.00001662
822;0MC006031PLA;163;200;0.05742557
822;0MC006031PLA;164;200;0.04503297
822;0MC006031PLA;168;200;0.00006933
822;0MC006031PLA;169;200;0.00004786
822;0MC006031PLA;170;200;0.00006078
822;0MC006031PLA;171;200;0.00006078
822;0MC006031PLA;172;200;0.00005726
822;0MC006031PLA;164;201;0.03428836
822;0MC006031PLA;165;201;0.06948873
822;0MC006031PLA;166;201;0.00878304
822;0MC006031PLA;169;201;0.00001809
822;0MC006031PLA;166;202;0.07847879
822;0MC006031PLA;166;203;0.00116486
822;0MC006031PLA;167;203;0.08420660
822;0MC006031PLA;168;203;0.00955051
822;0MC006031PLA;168;204;0.06733033
822;0MC006031PLA;169;204;0.02555041
822;0MC006031PLA;170;204;0.00911134
822;0MC006031PLA;171;204;0.00824420
822;0LT0060090ED;182;190;0.01459461
822;0LT0060090ED;183;190;0.00848823
822;0LT0060090ED;181;191;0.04224180
822;0LT0060090ED;182;191;0.01601732
822;0LT0060090ED;181;192;0.01404181
822;0LT0060090ED;182;192;0.09272742
822;0LT0060090ED;181;193;0.00978423
822;0LT0060090ED;182;193;0.11531354
822;0LT0060090ED;183;193;0.06361351
822;0LT0060090ED;180;194;0.06401448
822;0LT0060090ED;181;194;0.04983360
822;0LT0060090ED;182;194;0.11776278
822;0LT0060090ED;183;194;0.23869234
822;0LT0060090ED;180;195;0.04245662
822;0LT0060090ED;183;195;0.02131335
822;0LT0060090ED;179;196;0.01843350
822;0LT0060090ED;180;196;0.02469976
822;0LT0060090ED;179;197;0.02833589
822;0LT0060090ED;180;197;0.01763521
822;0SV0060480YS;146;173;0.00001624
822;0SV0060480YS;143;174;0.00000736
822;0SV0060480YS;144;174;0.00001425
822;0SV0060480YS;145;174;0.00001415
822;0SV0060480YS;146;174;0.00000372
822;0SV0060480YS;144;175;0.00000087
822;0SV0060480YS;144;176;0.00000087
822;0SV0060480YS;140;177;0.00000014
822;0SV0060480YS;141;177;0.00000025
822;0SV0060480YS;143;177;0.00000091
822;0SV0060480YS;144;177;0.00000029
822;0SV0060480YS;139;178;0.00041177
822;0SV0060480YS;140;178;0.00054169
822;0SV0060480YS;141;178;0.00000589
822;0SV0060480YS;142;178;0.00000033
822;0SV0060480YS;143;178;0.00000082
822;0SV0060480YS;139;179;0.00000230
822;0SV0060480YS;140;179;0.08016526
822;0SV0060480YS;141;179;0.02857754
822;0SV0060480YS;142;179;0.00000004
822;0SV0060480YS;143;179;0.00000027
822;0SV0060480YS;140;180;0.03050529
822;0SV0060480YS;141;180;0.15924761
822;0SV0060480YS;142;180;0.07200378
822;0SV0060480YS;143;180;0.00002477
822;0SV0060480YS;140;181;0.00752413
822;0SV0060480YS;141;181;0.02298101
822;0SV0060480YS;142;181;0.11564967
822;0SV0060480YS;143;181;0.11551256
822;0SV0060480YS;141;182;0.01937623
822;0SV0060480YS;143;182;0.07309113
822;0SV0060480YS;144;182;0.11476615
822;0SV0060480YS;138;183;0.00019070
822;0SV0060480YS;140;183;0.00039208
822;0SV0060480YS;141;183;0.01064764
822;0SV0060480YS;144;183;0.02668234
822;0SV0060480YS;145;183;0.12163994
822;SJV006015SJU;205;82;0.00034057
822;SJV006015SJU;206;82;0.00014082
822;SJV006015SJU;207;82;0.00068704
822;SJV006015SJU;208;82;0.00149864
822;SJV006015SJU;200;83;0.00000878
822;SJV006015SJU;201;83;0.00025414
822;SJV006015SJU;202;83;0.00027380
822;SJV006015SJU;203;83;0.00050141
822;SJV006015SJU;204;83;0.00050407
822;SJV006015SJU;205;83;0.00034905
822;SJV006015SJU;206;83;0.00057359
822;SJV006015SJU;207;83;0.00052126
822;SJV006015SJU;208;83;0.01210696
822;SJV006015SJU;197;84;0.00012596
822;SJV006015SJU;198;84;0.00000213
822;SJV006015SJU;199;84;0.00007228
822;SJV006015SJU;200;84;0.00012185
822;SJV006015SJU;207;84;0.00711586
822;SJV006015SJU;208;84;0.00663649
822;SJV006015SJU;196;85;0.00018654
822;SJV006015SJU;197;85;0.00003754
822;SJV006015SJU;207;85;0.01151802
822;SJV006015SJU;194;86;0.00000128
822;SJV006015SJU;195;86;0.00029739
822;SJV006015SJU;196;86;0.00008507
822;SJV006015SJU;206;86;0.00341193
822;SJV006015SJU;207;86;0.00699815
822;SJV006015SJU;194;87;0.00000017
822;SJV006015SJU;195;87;0.00026932
822;SJV006015SJU;196;87;0.00039027
822;SJV006015SJU;206;87;0.01176743
822;SJV006015SJU;207;87;0.00134381
822;SJV006015SJU;208;87;0.00021807
822;SJV006015SJU;196;88;0.00044987
822;SJV006015SJU;205;88;0.00016889
822;SJV006015SJU;206;88;0.01089322
822;SJV006015SJU;207;88;0.00046921
822;SJV006015SJU;208;88;0.00018324
822;SJV006015SJU;196;89;0.00080756
822;SJV006015SJU;197;89;0.00032087
822;SJV006015SJU;198;89;0.00032086
822;SJV006015SJU;199;89;0.00041829
822;SJV006015SJU;200;89;0.00063261
822;SJV006015SJU;201;89;0.00063261
822;SJV006015SJU;202;89;0.00074864
822;SJV006015SJU;203;89;0.00027565
822;SJV006015SJU;204;89;0.00053469
822;SJV006015SJU;205;89;0.00542714
822;SJV006015SJU;206;89;0.00613901
822;SJV006015SJU;207;89;0.00080081
822;SJV006015SJU;208;89;0.00026239
822;SJV006015SJU;195;90;0.00034629
822;SJV006015SJU;196;90;0.00107712
822;SJV006015SJU;197;90;0.00028205
822;SJV006015SJU;198;90;0.00033128
822;SJV006015SJU;199;90;0.00027800
822;SJV006015SJU;200;90;0.00027802
822;SJV006015SJU;201;90;0.00027805
822;SJV006015SJU;202;90;0.00052573
822;SJV006015SJU;203;90;0.00061013
822;SJV006015SJU;204;90;0.00462179
822;SJV006015SJU;205;90;0.00535547
822;SJV006015SJU;206;90;0.00188673
822;SJV006015SJU;207;90;0.00113401
822;SJV006015SJU;208;90;0.00067156
822;SJV006015SJU;194;91;0.00038137
822;SJV006015SJU;195;91;0.00256570
822;SJV006015SJU;196;91;0.00018294
822;SJV006015SJU;197;91;0.00008766
822;SJV006015SJU;198;91;0.00008099
822;SJV006015SJU;199;91;0.00001958
822;SJV006015SJU;200;91;0.00000772
822;SJV006015SJU;202;91;0.00000150
822;SJV006015SJU;203;91;0.00450522
822;SJV006015SJU;204;91;0.00076537
822;SJV006015SJU;205;91;0.00661698
822;SJV006015SJU;206;91;0.00016672
822;SJV006015SJU;207;91;0.00084485
822;SJV006015SJU;208;91;0.00048226
822;SJV006015SJU;193;92;0.00062275
822;SJV006015SJU;194;92;0.00057136
822;SJV006015SJU;195;92;0.00260240
822;SJV006015SJU;200;92;0.00000257
822;SJV006015SJU;201;92;0.00000386
822;SJV006015SJU;202;92;0.00398583
822;SJV006015SJU;203;92;0.00107623
822;SJV006015SJU;204;92;0.00009203
822;SJV006015SJU;205;92;0.00669369
822;SJV006015SJU;207;92;0.00087972
822;SJV006015SJU;208;92;0.00051867
822;SJV006015SJU;209;92;0.00001410
822;SJV006015SJU;192;93;0.00041840
822;SJV006015SJU;193;93;0.00037749
822;SJV006015SJU;195;93;0.00086429
822;SJV006015SJU;196;93;0.00216006
822;SJV006015SJU;197;93;0.00006109
822;SJV006015SJU;200;93;0.00001309
822;SJV006015SJU;201;93;0.00314158
822;SJV006015SJU;202;93;0.00214805
822;SJV006015SJU;203;93;0.00029654
822;SJV006015SJU;204;93;0.00037891
822;SJV006015SJU;205;93;0.00869056
822;SJV006015SJU;206;93;0.00167885
822;SJV006015SJU;207;93;0.00250342
822;SJV006015SJU;208;93;0.00291795
822;SJV006015SJU;209;93;0.00135157
822;SJV006015SJU;210;93;0.00060432
822;SJV006015SJU;211;93;0.00042411
822;SJV006015SJU;191;94;0.00009678
822;SJV006015SJU;192;94;0.00018116
822;SJV006015SJU;195;94;0.00052558
822;SJV006015SJU;197;94;0.00213104
822;SJV006015SJU;198;94;0.00088255
822;SJV006015SJU;200;94;0.00264084
822;SJV006015SJU;201;94;0.00187720
822;SJV006015SJU;202;94;0.00073795
822;SJV006015SJU;203;94;0.00039425
822;SJV006015SJU;204;94;0.00366667
822;SJV006015SJU;205;94;0.00785169
822;SJV006015SJU;206;94;0.00230509
822;SJV006015SJU;207;94;0.00313709
822;SJV006015SJU;208;94;0.00368007
822;SJV006015SJU;209;94;0.00121135
822;SJV006015SJU;210;94;0.00002289
822;SJV006015SJU;211;94;0.00021847
822;SJV006015SJU;212;94;0.00062949
822;SJV006015SJU;214;94;0.00137011
822;SJV006015SJU;190;95;0.00002186
822;SJV006015SJU;191;95;0.00025926
822;SJV006015SJU;194;95;0.00014564
822;SJV006015SJU;195;95;0.00029251
822;SJV006015SJU;198;95;0.00126810
822;SJV006015SJU;199;95;0.00562893
822;SJV006015SJU;200;95;0.00398085
822;SJV006015SJU;201;95;0.00165894
822;SJV006015SJU;202;95;0.00300156
822;SJV006015SJU;203;95;0.00534367
822;SJV006015SJU;204;95;0.02168316
822;SJV006015SJU;205;95;0.00395999
822;SJV006015SJU;206;95;0.00219774
822;SJV006015SJU;207;95;0.00222035
822;SJV006015SJU;208;95;0.00242844
822;SJV006015SJU;209;95;0.00039657
822;SJV006015SJU;210;95;0.00051919
822;SJV006015SJU;211;95;0.00322368
822;SJV006015SJU;212;95;0.00315739
822;SJV006015SJU;213;95;0.00367005
822;SJV006015SJU;214;95;0.00064188
822;SJV006015SJU;187;96;0.00001241
822;SJV006015SJU;188;96;0.00002066
822;SJV006015SJU;189;96;0.00001991
822;SJV006015SJU;190;96;0.00000012
822;SJV006015SJU;191;96;0.00025248
822;SJV006015SJU;194;96;0.00015864
822;SJV006015SJU;195;96;0.00030297
822;SJV006015SJU;198;96;0.00271698
822;SJV006015SJU;199;96;0.00404254
822;SJV006015SJU;201;96;0.00001451
822;SJV006015SJU;202;96;0.00645549
822;SJV006015SJU;203;96;0.01282965
822;SJV006015SJU;204;96;0.03134890
822;SJV006015SJU;205;96;0.00425079
822;SJV006015SJU;206;96;0.00059201
822;SJV006015SJU;207;96;0.00247597
822;SJV006015SJU;208;96;0.00223796
822;SJV006015SJU;209;96;0.00192122
822;SJV006015SJU;210;96;0.00345673
822;SJV006015SJU;213;96;0.00005159
822;SJV006015SJU;214;96;0.00006508
822;SJV006015SJU;186;97;0.00000090
822;SJV006015SJU;187;97;0.00000334
822;SJV006015SJU;190;97;0.00006403
822;SJV006015SJU;191;97;0.00013341
822;SJV006015SJU;192;97;0.00008022
822;SJV006015SJU;194;97;0.00048543
822;SJV006015SJU;196;97;0.00000698
822;SJV006015SJU;197;97;0.00476883
822;SJV006015SJU;198;97;0.00305082
822;SJV006015SJU;199;97;0.00279040
822;SJV006015SJU;200;97;0.00231298
822;SJV006015SJU;201;97;0.00386298
822;SJV006015SJU;202;97;0.02001381
822;SJV006015SJU;203;97;0.02922754
822;SJV006015SJU;204;97;0.04928903
822;SJV006015SJU;205;97;0.02066668
822;SJV006015SJU;206;97;0.01588173
822;SJV006015SJU;207;97;0.00928412
822;SJV006015SJU;208;97;0.00505575
822;SJV006015SJU;209;97;0.00167922
822;SJV006015SJU;190;98;0.00030579
822;SJV006015SJU;191;98;0.00012856
822;SJV006015SJU;192;98;0.00016138
822;SJV006015SJU;193;98;0.00041912
822;SJV006015SJU;194;98;0.00085803
822;SJV006015SJU;195;98;0.00076699
822;SJV006015SJU;196;98;0.00636840
822;SJV006015SJU;197;98;0.00181614
822;SJV006015SJU;198;98;0.00073601
822;SJV006015SJU;199;98;0.00225992
822;SJV006015SJU;200;98;0.00078914
822;SJV006015SJU;201;98;0.00291252
822;SJV006015SJU;202;98;0.01186003
822;SJV006015SJU;203;98;0.01818277
822;SJV006015SJU;204;98;0.04204301
822;SJV006015SJU;205;98;0.02468081
822;SJV006015SJU;206;98;0.01643080
822;SJV006015SJU;207;98;0.00646472
822;SJV006015SJU;208;98;0.00174314
822;SJV006015SJU;209;98;0.00000163
822;SJV006015SJU;189;99;0.00013464
822;SJV006015SJU;190;99;0.00019255
822;SJV006015SJU;194;99;0.00094643
822;SJV006015SJU;195;99;0.00590822
822;SJV006015SJU;196;99;0.00114080
822;SJV006015SJU;197;99;0.00065014
822;SJV006015SJU;198;99;0.00068984
822;SJV006015SJU;199;99;0.00214378
822;SJV006015SJU;200;99;0.00278027
822;SJV006015SJU;201;99;0.00777760
822;SJV006015SJU;202;99;0.00969578
822;SJV006015SJU;203;99;0.02752973
822;SJV006015SJU;204;99;0.01466417
822;SJV006015SJU;205;99;0.00257761
822;SJV006015SJU;206;99;0.00123898
822;SJV006015SJU;207;99;0.00085754
822;SJV006015SJU;208;99;0.00158600
822;SJV006015SJU;209;99;0.00072269
822;SJV006015SJU;189;100;0.00036294
822;SJV006015SJU;193;100;0.00138010
822;SJV006015SJU;194;100;0.00584128
822;SJV006015SJU;197;100;0.00029450
822;SJV006015SJU;198;100;0.00006476
822;SJV006015SJU;199;100;0.00226371
822;SJV006015SJU;200;100;0.00241694
822;SJV006015SJU;201;100;0.00095110
822;SJV006015SJU;202;100;0.01349315
822;SJV006015SJU;203;100;0.00604682
822;SJV006015SJU;204;100;0.00091790
822;SJV006015SJU;206;100;0.00007896
822;SJV006015SJU;207;100;0.00007790
822;SJV006015SJU;209;100;0.00020292
822;SJV006015SJU;210;100;0.00081156
822;SJV006015SJU;211;100;0.00031087
822;SJV006015SJU;188;101;0.00024739
822;SJV006015SJU;189;101;0.00050430
822;SJV006015SJU;190;101;0.00024675
822;SJV006015SJU;191;101;0.00024977
822;SJV006015SJU;192;101;0.00162215
822;SJV006015SJU;193;101;0.00566541
822;SJV006015SJU;194;101;0.00065060
822;SJV006015SJU;195;101;0.00042513
822;SJV006015SJU;196;101;0.00055749
822;SJV006015SJU;197;101;0.00094171
822;SJV006015SJU;198;101;0.00145592
822;SJV006015SJU;199;101;0.00519710
822;SJV006015SJU;200;101;0.00222179
822;SJV006015SJU;201;101;0.01567945
822;SJV006015SJU;202;101;0.00244218
822;SJV006015SJU;203;101;0.00153593
822;SJV006015SJU;204;101;0.00000871
822;SJV006015SJU;205;101;0.00024475
822;SJV006015SJU;209;101;0.00007557
822;SJV006015SJU;210;101;0.00026192
822;SJV006015SJU;211;101;0.00069715
822;SJV006015SJU;212;101;0.00025252
822;SJV006015SJU;181;102;0.00000153
822;SJV006015SJU;182;102;0.00000169
822;SJV006015SJU;187;102;0.00009950
822;SJV006015SJU;188;102;0.00007553
822;SJV006015SJU;189;102;0.00019070
822;SJV006015SJU;191;102;0.00065554
822;SJV006015SJU;192;102;0.00586397
822;SJV006015SJU;194;102;0.00025621
822;SJV006015SJU;197;102;0.00146668
822;SJV006015SJU;198;102;0.00214245
822;SJV006015SJU;199;102;0.00061305
822;SJV006015SJU;200;102;0.00656650
822;SJV006015SJU;201;102;0.00462219
822;SJV006015SJU;202;102;0.00009915
822;SJV006015SJU;203;102;0.00132744
822;SJV006015SJU;205;102;0.00008695
822;SJV006015SJU;206;102;0.00012829
822;SJV006015SJU;210;102;0.00001222
822;SJV006015SJU;211;102;0.00012028
822;SJV006015SJU;212;102;0.00064076
822;SJV006015SJU;213;102;0.00060471
822;SJV006015SJU;182;103;0.00000370
822;SJV006015SJU;183;103;0.00000548
822;SJV006015SJU;184;103;0.00000229
822;SJV006015SJU;186;103;0.00010279
822;SJV006015SJU;187;103;0.00007360
822;SJV006015SJU;189;103;0.00019072
822;SJV006015SJU;191;103;0.00629280
822;SJV006015SJU;194;103;0.00023570
822;SJV006015SJU;196;103;0.00001053
822;SJV006015SJU;197;103;0.00308779
822;SJV006015SJU;198;103;0.00023612
822;SJV006015SJU;199;103;0.00136746
822;SJV006015SJU;200;103;0.01204713
822;SJV006015SJU;201;103;0.00000103
822;SJV006015SJU;203;103;0.00115544
822;SJV006015SJU;206;103;0.00016200
822;SJV006015SJU;212;103;0.00012206
822;SJV006015SJU;213;103;0.00031808
822;SJV006015SJU;214;103;0.00029720
822;SJV006015SJU;178;104;0.00000127
822;SJV006015SJU;179;104;0.00000234
822;SJV006015SJU;182;104;0.00021062
822;SJV006015SJU;183;104;0.00091191
822;SJV006015SJU;184;104;0.00094589
822;SJV006015SJU;185;104;0.00103070
822;SJV006015SJU;186;104;0.00100517
822;SJV006015SJU;187;104;0.00093392
822;SJV006015SJU;188;104;0.00141791
822;SJV006015SJU;189;104;0.00211110
822;SJV006015SJU;190;104;0.00623572
822;SJV006015SJU;191;104;0.00152050
822;SJV006015SJU;192;104;0.00106872
822;SJV006015SJU;193;104;0.00076420
822;SJV006015SJU;194;104;0.00084859
822;SJV006015SJU;195;104;0.00105255
822;SJV006015SJU;196;104;0.00125725
822;SJV006015SJU;197;104;0.00255459
822;SJV006015SJU;198;104;0.00142496
822;SJV006015SJU;199;104;0.00141779
822;SJV006015SJU;200;104;0.01122730
822;SJV006015SJU;201;104;0.00008652
822;SJV006015SJU;202;104;0.00001702
822;SJV006015SJU;203;104;0.00113673
822;SJV006015SJU;204;104;0.00004037
822;SJV006015SJU;205;104;0.00005593
822;SJV006015SJU;206;104;0.00021540
822;SJV006015SJU;207;104;0.00009723
822;SJV006015SJU;208;104;0.00009441
822;SJV006015SJU;212;104;0.00005241
822;SJV006015SJU;213;104;0.00009912
822;SJV006015SJU;181;105;0.00087053
822;SJV006015SJU;182;105;0.00073205
822;SJV006015SJU;185;105;0.00013209
822;SJV006015SJU;189;105;0.00128190
822;SJV006015SJU;190;105;0.00287111
822;SJV006015SJU;192;105;0.00024614
822;SJV006015SJU;195;105;0.00013702
822;SJV006015SJU;197;105;0.00084293
822;SJV006015SJU;198;105;0.00002586
822;SJV006015SJU;199;105;0.00002586
822;SJV006015SJU;200;105;0.01041557
822;SJV006015SJU;202;105;0.00003675
822;SJV006015SJU;203;105;0.00088219
822;SJV006015SJU;204;105;0.00001209
822;SJV006015SJU;206;105;0.00010642
822;SJV006015SJU;207;105;0.00000886
822;SJV006015SJU;208;105;0.00002546
822;SJV006015SJU;209;105;0.00011366
822;SJV006015SJU;210;105;0.00005293
822;SJV006015SJU;213;105;0.00003597
822;SJV006015SJU;214;105;0.00006692
822;SJV006015SJU;179;106;0.00057077
822;SJV006015SJU;180;106;0.00091291
822;SJV006015SJU;181;106;0.00007152
822;SJV006015SJU;182;106;0.00000286
822;SJV006015SJU;184;106;0.00010649
822;SJV006015SJU;185;106;0.00002440
822;SJV006015SJU;189;106;0.00415357
822;SJV006015SJU;192;106;0.00024676
822;SJV006015SJU;195;106;0.00014187
822;SJV006015SJU;197;106;0.00075756
822;SJV006015SJU;198;106;0.00036604
822;SJV006015SJU;199;106;0.00043764
822;SJV006015SJU;200;106;0.01086506
822;SJV006015SJU;201;106;0.00094573
822;SJV006015SJU;202;106;0.00008070
822;SJV006015SJU;203;106;0.00065063
822;SJV006015SJU;207;106;0.00011593
822;SJV006015SJU;208;106;0.00004684
822;SJV006015SJU;210;106;0.00005698
822;SJV006015SJU;211;106;0.00002172
822;SJV006015SJU;214;106;0.00000758
822;SJV006015SJU;178;107;0.00021364
822;SJV006015SJU;179;107;0.00036642
822;SJV006015SJU;182;107;0.00000732
822;SJV006015SJU;183;107;0.00003116
822;SJV006015SJU;184;107;0.00033863
822;SJV006015SJU;185;107;0.00019978
822;SJV006015SJU;186;107;0.00022419
822;SJV006015SJU;187;107;0.00025308
822;SJV006015SJU;188;107;0.00302816
822;SJV006015SJU;189;107;0.00128293
822;SJV006015SJU;192;107;0.00024681
822;SJV006015SJU;195;107;0.00011794
822;SJV006015SJU;197;107;0.00056990
822;SJV006015SJU;198;107;0.00058196
822;SJV006015SJU;199;107;0.01005640
822;SJV006015SJU;200;107;0.00094408
822;SJV006015SJU;201;107;0.00088277
822;SJV006015SJU;203;107;0.00065439
822;SJV006015SJU;208;107;0.00014062
822;SJV006015SJU;209;107;0.00005980
822;SJV006015SJU;210;107;0.00005443
822;SJV006015SJU;211;107;0.00016324
822;SJV006015SJU;212;107;0.00006005
822;SJV006015SJU;178;108;0.00000001
822;SJV006015SJU;180;108;0.00009401
822;SJV006015SJU;183;108;0.00025500
822;SJV006015SJU;185;108;0.00004545
822;SJV006015SJU;187;108;0.00029454
822;SJV006015SJU;188;108;0.00369218
822;SJV006015SJU;192;108;0.00030368
822;SJV006015SJU;193;108;0.00029567
822;SJV006015SJU;194;108;0.00029567
822;SJV006015SJU;195;108;0.00040049
822;SJV006015SJU;196;108;0.00039910
822;SJV006015SJU;197;108;0.00114060
822;SJV006015SJU;198;108;0.00142220
822;SJV006015SJU;199;108;0.01269629
822;SJV006015SJU;200;108;0.00193578
822;SJV006015SJU;201;108;0.00094467
822;SJV006015SJU;202;108;0.00122100
822;SJV006015SJU;203;108;0.00097236
822;SJV006015SJU;204;108;0.00007593
822;SJV006015SJU;205;108;0.00007911
822;SJV006015SJU;206;108;0.00008104
822;SJV006015SJU;207;108;0.00007890
822;SJV006015SJU;208;108;0.00002436
822;SJV006015SJU;211;108;0.00003427
822;SJV006015SJU;212;108;0.00004870
822;SJV006015SJU;213;108;0.00011000
822;SJV006015SJU;214;108;0.00002259
822;SJV006015SJU;180;109;0.00001704
822;SJV006015SJU;187;109;0.00069939
822;SJV006015SJU;192;109;0.00000047
822;SJV006015SJU;197;109;0.00015007
822;SJV006015SJU;198;109;0.00014435
822;SJV006015SJU;199;109;0.00372244
822;SJV006015SJU;200;109;0.00053209
822;SJV006015SJU;201;109;0.00038909
822;SJV006015SJU;202;109;0.00044696
822;SJV006015SJU;203;109;0.00039283
822;SJV006015SJU;209;109;0.00009920
822;0SC0060190SC;222;52;0.00004260
822;0SC0060190SC;219;53;0.00004633
822;0SC0060190SC;220;53;0.00004510
822;0SC0060190SC;221;53;0.00016473
822;0SC0060190SC;222;53;0.00090919
822;0SC0060190SC;223;53;0.00115690
822;0SC0060190SC;224;53;0.00028390
822;0SC0060190SC;219;54;0.00006657
822;0SC0060190SC;220;54;0.00022776
822;0SC0060190SC;221;54;0.00025094
822;0SC0060190SC;222;54;0.00366218
822;0SC0060190SC;223;54;0.00422879
822;0SC0060190SC;224;54;0.00496125
822;0SC0060190SC;225;54;0.00126612
822;0SC0060190SC;226;54;0.00119083
822;0SC0060190SC;219;55;0.00002280
822;0SC0060190SC;220;55;0.00065557
822;0SC0060190SC;221;55;0.00138311
822;0SC0060190SC;222;55;0.00448600
822;0SC0060190SC;223;55;0.00294696
822;0SC0060190SC;224;55;0.00714931
822;0SC0060190SC;225;55;0.00590684
822;0SC0060190SC;226;55;0.00426942
822;0SC0060190SC;227;55;0.00035692
822;0SC0060190SC;219;56;0.00014985
822;0SC0060190SC;220;56;0.00136095
822;0SC0060190SC;221;56;0.00229756
822;0SC0060190SC;222;56;0.00844777
822;0SC0060190SC;223;56;0.00734494
822;0SC0060190SC;224;56;0.00773241
822;0SC0060190SC;225;56;0.00081428
822;0SC0060190SC;226;56;0.00195402
822;0SC0060190SC;227;56;0.00087104
822;0SC0060190SC;219;57;0.00034886
822;0SC0060190SC;220;57;0.00476061
822;0SC0060190SC;221;57;0.00730647
822;0SC0060190SC;222;57;0.00957019
822;0SC0060190SC;223;57;0.00543254
822;0SC0060190SC;224;57;0.00958220
822;0SC0060190SC;225;57;0.00534158
822;0SC0060190SC;226;57;0.00756360
822;0SC0060190SC;227;57;0.00428903
822;0SC0060190SC;228;57;0.00481250
822;0SC0060190SC;218;58;0.00000457
822;0SC0060190SC;219;58;0.00122134
822;0SC0060190SC;220;58;0.00767751
822;0SC0060190SC;221;58;0.00545613
822;0SC0060190SC;222;58;0.00715507
822;0SC0060190SC;223;58;0.00233711
822;0SC0060190SC;224;58;0.00864495
822;0SC0060190SC;225;58;0.00481922
822;0SC0060190SC;226;58;0.00877761
822;0SC0060190SC;227;58;0.01203444
822;0SC0060190SC;228;58;0.00223713
822;0SC0060190SC;229;58;0.00022966
822;0SC0060190SC;218;59;0.00009333
822;0SC0060190SC;219;59;0.00356321
822;0SC0060190SC;220;59;0.00970022
822;0SC0060190SC;221;59;0.00137236
822;0SC0060190SC;222;59;0.00612295
822;0SC0060190SC;223;59;0.00491462
822;0SC0060190SC;224;59;0.00485971
822;0SC0060190SC;225;59;0.00150691
822;0SC0060190SC;226;59;0.01705546
822;0SC0060190SC;227;59;0.00168828
822;0SC0060190SC;228;59;0.00100177
822;0SC0060190SC;229;59;0.00015056
822;0SC0060190SC;230;59;0.00009897
822;0SC0060190SC;231;59;0.00080457
822;0SC0060190SC;217;60;0.00038470
822;0SC0060190SC;218;60;0.00171369
822;0SC0060190SC;219;60;0.00713358
822;0SC0060190SC;220;60;0.00396281
822;0SC0060190SC;221;60;0.00187617
822;0SC0060190SC;222;60;0.00622274
822;0SC0060190SC;223;60;0.00328510
822;0SC0060190SC;224;60;0.00567982
822;0SC0060190SC;225;60;0.01211907
822;0SC0060190SC;226;60;0.00597231
822;0SC0060190SC;227;60;0.00386711
822;0SC0060190SC;228;60;0.00040605
822;0SC0060190SC;229;60;0.00063129
822;0SC0060190SC;230;60;0.00088150
822;0SC0060190SC;231;60;0.00087434
822;0SC0060190SC;232;60;0.00279504
822;0SC0060190SC;207;61;0.00002551
822;0SC0060190SC;208;61;0.00003653
822;0SC0060190SC;209;61;0.00006799
822;0SC0060190SC;210;61;0.00013305
822;0SC0060190SC;211;61;0.00013302
822;0SC0060190SC;212;61;0.00016341
822;0SC0060190SC;213;61;0.00018533
822;0SC0060190SC;214;61;0.00016863
822;0SC0060190SC;215;61;0.00020040
822;0SC0060190SC;216;61;0.00041449
822;0SC0060190SC;217;61;0.00337399
822;0SC0060190SC;218;61;0.00669682
822;0SC0060190SC;219;61;0.00780185
822;0SC0060190SC;220;61;0.00573470
822;0SC0060190SC;221;61;0.00593184
822;0SC0060190SC;222;61;0.01293376
822;0SC0060190SC;223;61;0.01353370
822;0SC0060190SC;224;61;0.01775773
822;0SC0060190SC;225;61;0.01031832
822;0SC0060190SC;226;61;0.00209686
822;0SC0060190SC;227;61;0.00725079
822;0SC0060190SC;228;61;0.00482736
822;0SC0060190SC;229;61;0.00615607
822;0SC0060190SC;230;61;0.00578712
822;0SC0060190SC;231;61;0.00490113
822;0SC0060190SC;232;61;0.00796295
822;0SC0060190SC;233;61;0.00234159
822;0SC0060190SC;234;61;0.00286831
822;0SC0060190SC;208;62;0.00001881
822;0SC0060190SC;209;62;0.00000436
822;0SC0060190SC;210;62;0.00003752
822;0SC0060190SC;211;62;0.00001066
822;0SC0060190SC;212;62;0.00006290
822;0SC0060190SC;213;62;0.00001219
822;0SC0060190SC;214;62;0.00001593
822;0SC0060190SC;215;62;0.00006597
822;0SC0060190SC;216;62;0.00015705
822;0SC0060190SC;217;62;0.00062970
822;0SC0060190SC;218;62;0.00933843
822;0SC0060190SC;219;62;0.00346510
822;0SC0060190SC;220;62;0.00503493
822;0SC0060190SC;221;62;0.00452905
822;0SC0060190SC;222;62;0.01617669
822;0SC0060190SC;223;62;0.02171487
822;0SC0060190SC;224;62;0.00809127
822;0SC0060190SC;225;62;0.00532682
822;0SC0060190SC;226;62;0.00425106
822;0SC0060190SC;227;62;0.00680062
822;0SC0060190SC;228;62;0.01107475
822;0SC0060190SC;229;62;0.00171252
822;0SC0060190SC;230;62;0.00083992
822;0SC0060190SC;231;62;0.00035712
822;0SC0060190SC;232;62;0.00074952
822;0SC0060190SC;233;62;0.00585457
822;0SC0060190SC;234;62;0.00343018
822;0SC0060190SC;235;62;0.00000018
822;0SC0060190SC;208;63;0.00000160
822;0SC0060190SC;209;63;0.00002432
822;0SC0060190SC;210;63;0.00010582
822;0SC0060190SC;211;63;0.00013129
822;0SC0060190SC;212;63;0.00006969
822;0SC0060190SC;213;63;0.00001366
822;0SC0060190SC;214;63;0.00003545
822;0SC0060190SC;215;63;0.00003283
822;0SC0060190SC;217;63;0.00423595
822;0SC0060190SC;218;63;0.00012311
822;0SC0060190SC;219;63;0.00067002
822;0SC0060190SC;220;63;0.00308054
822;0SC0060190SC;221;63;0.00977556
822;0SC0060190SC;222;63;0.00925350
822;0SC0060190SC;223;63;0.00812658
822;0SC0060190SC;224;63;0.00084781
822;0SC0060190SC;225;63;0.00397907
822;0SC0060190SC;226;63;0.00498360
822;0SC0060190SC;227;63;0.00397590
822;0SC0060190SC;228;63;0.00281805
822;0SC0060190SC;229;63;0.00614073
822;0SC0060190SC;230;63;0.00662692
822;0SC0060190SC;231;63;0.00632995
822;0SC0060190SC;232;63;0.00814738
822;0SC0060190SC;233;63;0.00790182
822;0SC0060190SC;234;63;0.00712398
822;0SC0060190SC;235;63;0.00162311
822;0SC0060190SC;209;64;0.00001046
822;0SC0060190SC;210;64;0.00426314
822;0SC0060190SC;211;64;0.00540070
822;0SC0060190SC;212;64;0.00582009
822;0SC0060190SC;213;64;0.00519857
822;0SC0060190SC;214;64;0.00016018
822;0SC0060190SC;215;64;0.00003724
822;0SC0060190SC;216;64;0.00000735
822;0SC0060190SC;217;64;0.00574932
822;0SC0060190SC;218;64;0.00052160
822;0SC0060190SC;219;64;0.00062214
822;0SC0060190SC;220;64;0.00686358
822;0SC0060190SC;221;64;0.00043429
822;0SC0060190SC;222;64;0.00904159
822;0SC0060190SC;223;64;0.00506325
822;0SC0060190SC;224;64;0.00365884
822;0SC0060190SC;225;64;0.00160518
822;0SC0060190SC;226;64;0.00079711
822;0SC0060190SC;227;64;0.00072133
822;0SC0060190SC;228;64;0.00473585
822;0SC0060190SC;229;64;0.00715190
822;0SC0060190SC;230;64;0.00620769
822;0SC0060190SC;231;64;0.00556748
822;0SC0060190SC;232;64;0.00588802
822;0SC0060190SC;233;64;0.00284830
822;0SC0060190SC;234;64;0.00267354
822;0SC0060190SC;235;64;0.00151316
822;0SC0060190SC;210;65;0.00002853
822;0SC0060190SC;211;65;0.00002098
822;0SC0060190SC;212;65;0.00000771
822;0SC0060190SC;213;65;0.00041712
822;0SC0060190SC;214;65;0.00700002
822;0SC0060190SC;215;65;0.00766048
822;0SC0060190SC;216;65;0.00784587
822;0SC0060190SC;217;65;0.01230211
822;0SC0060190SC;218;65;0.00815981
822;0SC0060190SC;219;65;0.00868624
822;0SC0060190SC;220;65;0.00538986
822;0SC0060190SC;221;65;0.01141805
822;0SC0060190SC;222;65;0.00740461
822;0SC0060190SC;223;65;0.00330756
822;0SC0060190SC;224;65;0.00250753
822;0SC0060190SC;225;65;0.00682397
822;0SC0060190SC;226;65;0.00567524
822;0SC0060190SC;227;65;0.00490693
822;0SC0060190SC;228;65;0.00107434
822;0SC0060190SC;229;65;0.00011755
822;0SC0060190SC;230;65;0.00010394
822;0SC0060190SC;231;65;0.00002498
822;0SC0060190SC;232;65;0.00002166
822;0SC0060190SC;233;65;0.00000053
822;0SC0060190SC;234;65;0.00000393
822;0SC0060190SC;235;65;0.00000549
822;0SC0060190SC;213;66;0.00010504
822;0SC0060190SC;214;66;0.00103984
822;0SC0060190SC;215;66;0.00119389
822;0SC0060190SC;216;66;0.00117435
822;0SC0060190SC;217;66;0.00464525
822;0SC0060190SC;218;66;0.00204254
822;0SC0060190SC;219;66;0.00252202
822;0SC0060190SC;220;66;0.00820504
822;0SC0060190SC;221;66;0.00282461
822;0SC0060190SC;222;66;0.00002078
822;0SC0060190SC;223;66;0.00137045
822;0SC0060190SC;224;66;0.00105638
822;0SC0060190SC;225;66;0.00023487
822;0SC0060190SC;226;66;0.00003994
822;0SC0060190SC;231;66;0.00000970
822;0SC0060190SC;213;67;0.00001228
822;0SC0060190SC;214;67;0.00066505
822;0SC0060190SC;215;67;0.00143019
822;0SC0060190SC;216;67;0.00116765
822;0SC0060190SC;217;67;0.00357828
822;0SC0060190SC;218;67;0.00481782
822;0SC0060190SC;219;67;0.00768907
822;0SC0060190SC;220;67;0.00137072
822;0SC0060190SC;221;67;0.00086077
822;0SC0060190SC;222;67;0.00094062
822;0SC0060190SC;223;67;0.00009361
822;0SC0060190SC;224;67;0.00015414
822;0SC0060190SC;225;67;0.00000161
822;0SC0060190SC;226;67;0.00000280
822;0SC0060190SC;231;67;0.00000903
822;0SC0060190SC;232;67;0.00000071
822;0SC0060190SC;214;68;0.00141280
822;0SC0060190SC;215;68;0.00206178
822;0SC0060190SC;216;68;0.00225775
822;0SC0060190SC;217;68;0.00650829
822;0SC0060190SC;218;68;0.00638185
822;0SC0060190SC;219;68;0.00135059
822;0SC0060190SC;220;68;0.00082367
822;0SC0060190SC;221;68;0.00024374
822;0SC0060190SC;222;68;0.00000548
822;0SC0060190SC;224;68;0.00026447
822;0SC0060190SC;225;68;0.00001773
822;0SC0060190SC;226;68;0.00000302
822;0SC0060190SC;231;68;0.00000239
822;0SC0060190SC;216;69;0.00018124
822;0SC0060190SC;217;69;0.00915010
822;0SC0060190SC;218;69;0.00098152
822;0SC0060190SC;219;69;0.00012665
822;0SC0060190SC;220;69;0.00001436
822;0SC0060190SC;224;69;0.00005845
822;0SC0060190SC;225;69;0.00013251
822;0SC0060190SC;215;70;0.00260016
822;0SC0060190SC;216;70;0.00573105
822;0SC0060190SC;217;70;0.00190077
822;0SC0060190SC;225;70;0.00022327
822;0SC0060190SC;226;70;0.00000014
822;0SC0060190SC;212;71;0.00009395
822;0SC0060190SC;213;71;0.00014536
822;0SC0060190SC;214;71;0.00021341
822;0SC0060190SC;215;71;0.00529757
822;0SC0060190SC;216;71;0.00059964
822;0SC0060190SC;217;71;0.00251663
822;0SC0060190SC;218;71;0.00067679
822;0SC0060190SC;219;71;0.00000344
822;0SC0060190SC;226;71;0.00011320
822;0SC0060190SC;212;72;0.00000090
822;0SC0060190SC;213;72;0.00060128
822;0SC0060190SC;214;72;0.00248512
822;0SC0060190SC;215;72;0.00402905
822;0SC0060190SC;216;72;0.00070200
822;0SC0060190SC;217;72;0.00047837
822;0SC0060190SC;218;72;0.00183413
822;0SC0060190SC;219;72;0.00181027
822;0SC0060190SC;220;72;0.00028099
822;0SC0060190SC;221;72;0.00000294
822;0SC0060190SC;222;72;0.00000274
822;0SC0060190SC;223;72;0.00000119
822;0SC0060190SC;213;73;0.00015629
822;0SC0060190SC;214;73;0.00364687
822;0SC0060190SC;215;73;0.00009737
822;0SC0060190SC;216;73;0.00009666
822;0SC0060190SC;217;73;0.00013901
822;0SC0060190SC;218;73;0.00002966
822;0SC0060190SC;219;73;0.00001457
822;0SC0060190SC;220;73;0.00195883
822;0SC0060190SC;221;73;0.00099180
822;0SC0060190SC;223;73;0.00000941
822;0SC0060190SC;213;74;0.00097917
822;0SC0060190SC;214;74;0.00290182
822;0SC0060190SC;216;74;0.00001334
822;0SC0060190SC;217;74;0.00001293
822;0SC0060190SC;218;74;0.00001869
822;0SC0060190SC;219;74;0.00000326
822;0SC0060190SC;220;74;0.00002645
822;0SC0060190SC;221;74;0.00116678
822;0SC0060190SC;222;74;0.00178040
822;0SC0060190SC;223;74;0.00185347
822;0SC0060190SC;224;74;0.00042236
822;0SC0060190SC;213;75;0.00415291
822;0SC0060190SC;216;75;0.00001990
822;0SC0060190SC;217;75;0.00000015
822;0SC0060190SC;218;75;0.00003875
822;0SC0060190SC;220;75;0.00000070
822;0SC0060190SC;221;75;0.00001396
822;0SC0060190SC;222;75;0.00001325
822;0SC0060190SC;212;76;0.00422694
822;0SC0060190SC;213;76;0.00010147
822;0SC0060190SC;217;76;0.00002229
822;0SC0060190SC;218;76;0.00000557
822;0SC0060190SC;219;76;0.00003780
822;0SC0060190SC;220;76;0.00002157
822;0SC0060190SC;221;76;0.00000681
822;0SC0060190SC;211;77;0.00088122
822;0SC0060190SC;212;77;0.00270393
822;0SC0060190SC;217;77;0.00000247
822;0SC0060190SC;218;77;0.00002110
822;0SC0060190SC;219;77;0.00000173
822;0SC0060190SC;220;77;0.00000226
822;0SC0060190SC;210;78;0.00021414
822;0SC0060190SC;211;78;0.00428193
822;0SC0060190SC;212;78;0.00000359
822;0SC0060190SC;219;78;0.00001263
822;0SC0060190SC;210;79;0.00401330
822;0SC0060190SC;211;79;0.00000281
822;0SC0060190SC;212;79;0.00000222
822;0SC0060190SC;210;80;0.00319563
822;0SC0060190SC;213;80;0.00000059
822;0SC0060190SC;209;81;0.00113002
822;0SC0060190SC;210;81;0.00295032
822;0SC0060190SC;211;81;0.00025355
822;0SC0060190SC;212;81;0.00001381
822;0SC0060190SC;208;82;0.00279102
822;0SC0060190SC;209;82;0.00270571
822;0SC0060190SC;210;82;0.00000093
822;0SC0060190SC;211;82;0.00001752
822;0MD006015KER;218;83;0.00032051
822;0MD006015KER;219;83;0.00000130
822;0MD006015KER;220;83;0.00003757
822;0MD006015KER;221;83;0.00218265
822;0MD006015KER;222;83;0.00067430
822;0MD006015KER;223;83;0.00076142
822;0MD006015KER;224;83;0.01608140
822;0MD006015KER;218;84;0.00027854
822;0MD006015KER;219;84;0.00006274
822;0MD006015KER;220;84;0.00001608
822;0MD006015KER;221;84;0.00306483
822;0MD006015KER;222;84;0.00254977
822;0MD006015KER;223;84;0.00646442
822;0MD006015KER;224;84;0.03463526
822;0MD006015KER;225;84;0.00675977
822;0MD006015KER;226;84;0.00675862
822;0MD006015KER;227;84;0.00682559
822;0MD006015KER;228;84;0.00193531
822;0MD006015KER;221;85;0.00238599
822;0MD006015KER;222;85;0.00006963
822;0MD006015KER;223;85;0.00043582
822;0MD006015KER;224;85;0.01568423
822;0MD006015KER;228;85;0.00621516
822;0MD006015KER;229;85;0.00515180
822;0MD006015KER;221;86;0.00381798
822;0MD006015KER;222;86;0.00242607
822;0MD006015KER;223;86;0.00217341
822;0MD006015KER;224;86;0.01539265
822;0MD006015KER;229;86;0.00298099
822;0MD006015KER;230;86;0.00492355
822;0MD006015KER;220;87;0.00238954
822;0MD006015KER;221;87;0.00295819
822;0MD006015KER;223;87;0.00071068
822;0MD006015KER;224;87;0.01439774
822;0MD006015KER;230;87;0.00613943
822;0MD006015KER;219;88;0.00032678
822;0MD006015KER;220;88;0.00477923
822;0MD006015KER;223;88;0.00023290
822;0MD006015KER;224;88;0.01417869
822;0MD006015KER;227;88;0.00784680
822;0MD006015KER;228;88;0.00933557
822;0MD006015KER;229;88;0.01182405
822;0MD006015KER;230;88;0.01923864
822;0MD006015KER;231;88;0.01261987
822;0MD006015KER;232;88;0.01230965
822;0MD006015KER;233;88;0.01227756
822;0MD006015KER;234;88;0.01217567
822;0MD006015KER;235;88;0.01022193
822;0MD006015KER;236;88;0.00000164
822;0MD006015KER;219;89;0.00762886
822;0MD006015KER;220;89;0.00122727
822;0MD006015KER;221;89;0.00119291
822;0MD006015KER;222;89;0.00144613
822;0MD006015KER;223;89;0.00833214
822;0MD006015KER;224;89;0.01159474
822;0MD006015KER;225;89;0.01241820
822;0MD006015KER;226;89;0.00943875
822;0MD006015KER;227;89;0.00152245
822;0MD006015KER;229;89;0.00575379
822;0MD006015KER;231;89;0.00019215
822;0MD006015KER;233;89;0.00043785
822;0MD006015KER;234;89;0.00038607
822;0MD006015KER;235;89;0.00165384
822;0MD006015KER;236;89;0.00045009
822;0MD006015KER;212;90;0.00074875
822;0MD006015KER;213;90;0.00192414
822;0MD006015KER;214;90;0.00381736
822;0MD006015KER;215;90;0.00432793
822;0MD006015KER;216;90;0.00051467
822;0MD006015KER;217;90;0.00004776
822;0MD006015KER;218;90;0.00500323
822;0MD006015KER;219;90;0.00031866
822;0MD006015KER;220;90;0.00255924
822;0MD006015KER;221;90;0.00535922
822;0MD006015KER;223;90;0.00791911
822;0MD006015KER;224;90;0.00875239
822;0MD006015KER;225;90;0.00738686
822;0MD006015KER;229;90;0.00574316
822;0MD006015KER;231;90;0.00001441
822;0MD006015KER;232;90;0.00004065
822;0MD006015KER;212;91;0.00005123
822;0MD006015KER;214;91;0.00482984
822;0MD006015KER;215;91;0.00888698
822;0MD006015KER;216;91;0.01276595
822;0MD006015KER;217;91;0.02964729
822;0MD006015KER;218;91;0.02761105
822;0MD006015KER;219;91;0.01605242
822;0MD006015KER;220;91;0.01515761
822;0MD006015KER;221;91;0.01041104
822;0MD006015KER;222;91;0.01684685
822;0MD006015KER;223;91;0.01750991
822;0MD006015KER;224;91;0.01390077
822;0MD006015KER;225;91;0.00670131
822;0MD006015KER;226;91;0.00592410
822;0MD006015KER;227;91;0.00602518
822;0MD006015KER;228;91;0.00780148
822;0MD006015KER;229;91;0.00694072
822;0MD006015KER;213;92;0.00436386
822;0MD006015KER;214;92;0.00788792
822;0MD006015KER;216;92;0.00389784
822;0MD006015KER;217;92;0.01981571
822;0MD006015KER;218;92;0.00002358
822;0MD006015KER;225;92;0.00342013
822;0MD006015KER;228;92;0.00187811
822;0MD006015KER;229;92;0.00186061
822;0MD006015KER;230;92;0.00046777
822;0MD006015KER;215;93;0.01335128
822;0MD006015KER;216;93;0.02060530
822;0MD006015KER;225;93;0.00155272
822;0MD006015KER;226;93;0.00185560
822;0MD006015KER;228;93;0.00143603
822;0MD006015KER;230;93;0.00140436
822;0MD006015KER;231;93;0.00004878
822;0MD006015KER;214;94;0.01242365
822;0MD006015KER;215;94;0.01116633
822;0MD006015KER;226;94;0.00305640
822;0MD006015KER;227;94;0.00086807
822;0MD006015KER;228;94;0.00056817
822;0MD006015KER;230;94;0.00004984
822;0MD006015KER;231;94;0.00126571
822;0MD006015KER;232;94;0.00030560
822;0MD006015KER;226;95;0.00280443
822;0MD006015KER;227;95;0.00164910
822;0MD006015KER;232;95;0.00094371
822;0MD006015KER;233;95;0.00064080
822;0MD006015KER;214;96;0.00094745
822;0MD006015KER;215;96;0.00033565
822;0MD006015KER;216;96;0.00033780
822;0MD006015KER;217;96;0.00037654
822;0MD006015KER;218;96;0.00026205
822;0MD006015KER;225;96;0.00001257
822;0MD006015KER;226;96;0.00000862
822;0MD006015KER;227;96;0.00526357
822;0MD006015KER;233;96;0.00060878
822;0MD006015KER;234;96;0.00098987
822;0MD006015KER;214;97;0.00082011
822;0MD006015KER;215;97;0.00019766
822;0MD006015KER;218;97;0.00015558
822;0MD006015KER;219;97;0.00008029
822;0MD006015KER;225;97;0.00003081
822;0MD006015KER;226;97;0.00001319
822;0MD006015KER;227;97;0.00053390
822;0MD006015KER;228;97;0.00443137
822;0MD006015KER;229;97;0.00057308
822;0MD006015KER;234;97;0.00024988
822;0MD006015KER;235;97;0.00116019
822;0MD006015KER;215;98;0.00098249
822;0MD006015KER;217;98;0.00009663
822;0MD006015KER;218;98;0.00018138
822;0MD006015KER;219;98;0.00004415
822;0MD006015KER;220;98;0.00000278
822;0MD006015KER;221;98;0.00000715
822;0MD006015KER;222;98;0.00001081
822;0MD006015KER;223;98;0.00002330
822;0MD006015KER;224;98;0.00002603
822;0MD006015KER;225;98;0.00001040
822;0MD006015KER;227;98;0.00156596
822;0MD006015KER;228;98;0.00091027
822;0MD006015KER;229;98;0.00162973
822;0MD006015KER;230;98;0.00202596
822;0MD006015KER;231;98;0.00012700
822;0MD006015KER;234;98;0.00004117
822;0MD006015KER;235;98;0.00219558
822;0MD006015KER;215;99;0.00049634
822;0MD006015KER;216;99;0.00013934
822;0MD006015KER;217;99;0.00004736
822;0MD006015KER;218;99;0.00001811
822;0MD006015KER;220;99;0.00000521
822;0MD006015KER;227;99;0.00227086
822;0MD006015KER;231;99;0.00178352
822;0MD006015KER;232;99;0.00187641
822;0MD006015KER;233;99;0.00021874
822;0MD006015KER;234;99;0.00090568
822;0MD006015KER;235;99;0.00376755
822;0MD006015KER;215;100;0.00039639
822;0MD006015KER;218;100;0.00000943
822;0MD006015KER;219;100;0.00002144
822;0MD006015KER;220;100;0.00001651
822;0MD006015KER;221;100;0.00002055
822;0MD006015KER;222;100;0.00000292
822;0MD006015KER;227;100;0.00080809
822;0MD006015KER;228;100;0.00149437
822;0MD006015KER;232;100;0.00054861
822;0MD006015KER;233;100;0.00165959
822;0MD006015KER;234;100;0.00568224
822;0MD006015KER;235;100;0.00097027
822;0MD006015KER;215;101;0.00035164
822;0MD006015KER;222;101;0.00002949
822;0MD006015KER;228;101;0.00233832
822;0MD006015KER;235;101;0.00568964
822;0MD006015KER;215;102;0.00009509
822;0MD006015KER;216;102;0.00027181
822;0MD006015KER;222;102;0.00084518
822;0MD006015KER;228;102;0.00233883
822;0MD006015KER;234;102;0.00562341
822;0MD006015KER;235;102;0.00047708
822;0MD006015KER;214;103;0.00293272
822;0MD006015KER;215;103;0.00173068
822;0MD006015KER;216;103;0.00045332
822;0MD006015KER;221;103;0.00068346
822;0MD006015KER;222;103;0.00203991
822;0MD006015KER;228;103;0.00096677
822;0MD006015KER;229;103;0.00137106
822;0MD006015KER;233;103;0.00389048
822;0MD006015KER;234;103;0.00492667
822;0MD006015KER;215;104;0.00220708
822;0MD006015KER;216;104;0.00662030
822;0MD006015KER;221;104;0.00123329
822;0MD006015KER;222;104;0.00053363
822;0MD006015KER;229;104;0.00319200
822;0MD006015KER;232;104;0.00067277
822;0MD006015KER;233;104;0.00530126
822;0MD006015KER;234;104;0.00358547
822;0MD006015KER;235;104;0.00022397
822;0MD006015KER;214;105;0.00000002
822;0MD006015KER;216;105;0.00703394
822;0MD006015KER;217;105;0.00322251
822;0MD006015KER;218;105;0.00408292
822;0MD006015KER;219;105;0.00124541
822;0MD006015KER;221;105;0.00194491
822;0MD006015KER;227;105;0.00071327
822;0MD006015KER;228;105;0.00182613
822;0MD006015KER;229;105;0.00324384
822;0MD006015KER;230;105;0.00001874
822;0MD006015KER;231;105;0.00004385
822;0MD006015KER;232;105;0.00254373
822;0MD006015KER;233;105;0.00218885
822;0MD006015KER;234;105;0.01885827
822;0MD006015KER;235;105;0.00364358
822;0MD006015KER;214;106;0.00046034
822;0MD006015KER;215;106;0.00000016
822;0MD006015KER;216;106;0.00401538
822;0MD006015KER;217;106;0.00239677
822;0MD006015KER;218;106;0.00068419
822;0MD006015KER;219;106;0.00155924
822;0MD006015KER;220;106;0.00309219
822;0MD006015KER;221;106;0.00223734
822;0MD006015KER;226;106;0.00181821
822;0MD006015KER;227;106;0.00102862
822;0MD006015KER;229;106;0.00033269
822;0MD006015KER;230;106;0.00311704
822;0MD006015KER;231;106;0.00980840
822;0MD006015KER;232;106;0.00663297
822;0MD006015KER;233;106;0.00721371
822;0MD006015KER;234;106;0.01296410
822;0MD006015KER;235;106;0.00166402
822;0MD006015KER;214;107;0.00041251
822;0MD006015KER;215;107;0.00085470
822;0MD006015KER;216;107;0.00148317
822;0MD006015KER;217;107;0.00339201
822;0MD006015KER;218;107;0.00028923
822;0MD006015KER;221;107;0.00004205
822;0MD006015KER;222;107;0.00159357
822;0MD006015KER;223;107;0.00131346
822;0MD006015KER;225;107;0.00106390
822;0MD006015KER;226;107;0.00068500
822;0MD006015KER;230;107;0.00496916
822;0MD006015KER;231;107;0.00004609
822;0MD006015KER;214;108;0.00094869
822;0MD006015KER;215;108;0.00042674
822;0MD006015KER;217;108;0.00122926
822;0MD006015KER;218;108;0.00068561
822;0MD006015KER;223;108;0.00097180
822;0MD006015KER;224;108;0.00186118
822;0MD006015KER;225;108;0.00179484
822;0MD006015KER;230;108;0.00311884
822;0MD006015KER;217;109;0.00010447
822;0MD006015KER;230;109;0.00216392
822;0MD006036MOJ;260;63;0.00076563
822;0MD006036MOJ;261;63;0.00011146
822;0MD006036MOJ;260;64;0.00003268
822;0MD006036MOJ;261;64;0.00105674
822;0MD006036MOJ;262;64;0.00026472
822;0MD006036MOJ;273;64;0.00000360
822;0MD006036MOJ;262;65;0.00079142
822;0MD006036MOJ;263;65;0.00094143
822;0MD006036MOJ;264;65;0.00068059
822;0MD006036MOJ;265;65;0.00012165
822;0MD006036MOJ;266;65;0.00012080
822;0MD006036MOJ;267;65;0.00000111
822;0MD006036MOJ;273;65;0.00000384
822;0MD006036MOJ;283;65;0.00000215
822;0MD006036MOJ;284;65;0.00000143
822;0MD006036MOJ;264;66;0.00060944
822;0MD006036MOJ;265;66;0.00048159
822;0MD006036MOJ;266;66;0.00053530
822;0MD006036MOJ;267;66;0.00041174
822;0MD006036MOJ;268;66;0.00040723
822;0MD006036MOJ;269;66;0.00040535
822;0MD006036MOJ;270;66;0.00040217
822;0MD006036MOJ;271;66;0.00040290
822;0MD006036MOJ;272;66;0.00021115
822;0MD006036MOJ;273;66;0.00013225
822;0MD006036MOJ;274;66;0.00005439
822;0MD006036MOJ;275;66;0.00000657
822;0MD006036MOJ;276;66;0.00000364
822;0MD006036MOJ;277;66;0.00000339
822;0MD006036MOJ;278;66;0.00000339
822;0MD006036MOJ;279;66;0.00000340
822;0MD006036MOJ;280;66;0.00000341
822;0MD006036MOJ;281;66;0.00000344
822;0MD006036MOJ;282;66;0.00000343
822;0MD006036MOJ;283;66;0.00000177
822;0MD006036MOJ;284;66;0.00000478
822;0MD006036MOJ;285;66;0.00000343
822;0MD006036MOJ;286;66;0.00000350
822;0MD006036MOJ;287;66;0.00000328
822;0MD006036MOJ;288;66;0.00000174
822;0MD006036MOJ;289;66;0.00000075
822;0MD006036MOJ;293;66;0.00003262
822;0MD006036MOJ;294;66;0.00005877
822;0MD006036MOJ;295;66;0.00001255
822;0MD006036MOJ;300;66;0.00002562
822;0MD006036MOJ;257;67;0.00005760
822;0MD006036MOJ;263;67;0.00005029
822;0MD006036MOJ;264;67;0.00015393
822;0MD006036MOJ;265;67;0.00010380
822;0MD006036MOJ;266;67;0.00004072
822;0MD006036MOJ;267;67;0.00004790
822;0MD006036MOJ;268;67;0.00000847
822;0MD006036MOJ;270;67;0.00006263
822;0MD006036MOJ;271;67;0.00000275
822;0MD006036MOJ;272;67;0.00014272
822;0MD006036MOJ;273;67;0.00000132
822;0MD006036MOJ;274;67;0.00007266
822;0MD006036MOJ;275;67;0.00000958
822;0MD006036MOJ;276;67;0.00001018
822;0MD006036MOJ;277;67;0.00001018
822;0MD006036MOJ;278;67;0.00001018
822;0MD006036MOJ;279;67;0.00000705
822;0MD006036MOJ;295;67;0.00004622
822;0MD006036MOJ;296;67;0.00007464
822;0MD006036MOJ;297;67;0.00008796
822;0MD006036MOJ;298;67;0.00007589
822;0MD006036MOJ;299;67;0.00006981
822;0MD006036MOJ;300;67;0.00003869
822;0MD006036MOJ;301;67;0.00006612
822;0MD006036MOJ;302;67;0.00007722
822;0MD006036MOJ;303;67;0.00004735
822;0MD006036MOJ;308;67;0.00001327
822;0MD006036MOJ;263;68;0.00012664
822;0MD006036MOJ;264;68;0.00002468
822;0MD006036MOJ;265;68;0.00002875
822;0MD006036MOJ;266;68;0.00000840
822;0MD006036MOJ;267;68;0.00001018
822;0MD006036MOJ;268;68;0.00001081
822;0MD006036MOJ;269;68;0.00002325
822;0MD006036MOJ;270;68;0.00005568
822;0MD006036MOJ;271;68;0.00000163
822;0MD006036MOJ;272;68;0.00006861
822;0MD006036MOJ;279;68;0.00000779
822;0MD006036MOJ;280;68;0.00000321
822;0MD006036MOJ;296;68;0.00000419
822;0MD006036MOJ;297;68;0.00001420
822;0MD006036MOJ;303;68;0.00005428
822;0MD006036MOJ;304;68;0.00003651
822;0MD006036MOJ;307;68;0.00003240
822;0MD006036MOJ;308;68;0.00000101
822;0MD006036MOJ;238;69;0.00000114
822;0MD006036MOJ;239;69;0.00003913
822;0MD006036MOJ;240;69;0.00951513
822;0MD006036MOJ;243;69;0.00002774
822;0MD006036MOJ;246;69;0.00000293
822;0MD006036MOJ;263;69;0.00014127
822;0MD006036MOJ;264;69;0.00008156
822;0MD006036MOJ;265;69;0.00001367
822;0MD006036MOJ;266;69;0.00001558
822;0MD006036MOJ;268;69;0.00000238
822;0MD006036MOJ;269;69;0.00000084
822;0MD006036MOJ;270;69;0.00002840
822;0MD006036MOJ;272;69;0.00000692
822;0MD006036MOJ;279;69;0.00000183
822;0MD006036MOJ;280;69;0.00000841
822;0MD006036MOJ;295;69;0.00000457
822;0MD006036MOJ;296;69;0.00001518
822;0MD006036MOJ;304;69;0.00006792
822;0MD006036MOJ;305;69;0.00002896
822;0MD006036MOJ;306;69;0.00003019
822;0MD006036MOJ;307;69;0.00000601
822;0MD006036MOJ;310;69;0.00000863
822;0MD006036MOJ;237;70;0.00004914
822;0MD006036MOJ;238;70;0.00004619
822;0MD006036MOJ;239;70;0.00144901
822;0MD006036MOJ;240;70;0.02731705
822;0MD006036MOJ;241;70;0.00011690
822;0MD006036MOJ;242;70;0.00010248
822;0MD006036MOJ;243;70;0.00006202
822;0MD006036MOJ;244;70;0.00002320
822;0MD006036MOJ;245;70;0.00001438
822;0MD006036MOJ;246;70;0.00001773
822;0MD006036MOJ;255;70;0.00007014
822;0MD006036MOJ;262;70;0.00001071
822;0MD006036MOJ;263;70;0.00014567
822;0MD006036MOJ;266;70;0.00000458
822;0MD006036MOJ;269;70;0.00000410
822;0MD006036MOJ;270;70;0.00002431
822;0MD006036MOJ;279;70;0.00000517
822;0MD006036MOJ;280;70;0.00000527
822;0MD006036MOJ;294;70;0.00001215
822;0MD006036MOJ;295;70;0.00001209
822;0MD006036MOJ;304;70;0.00002108
822;0MD006036MOJ;305;70;0.00014701
822;0MD006036MOJ;306;70;0.00002925
822;0MD006036MOJ;307;70;0.00001710
822;0MD006036MOJ;308;70;0.00001707
822;0MD006036MOJ;309;70;0.00001746
822;0MD006036MOJ;310;70;0.00001502
822;0MD006036MOJ;236;71;0.00002482
822;0MD006036MOJ;237;71;0.00001775
822;0MD006036MOJ;238;71;0.00134868
822;0MD006036MOJ;239;71;0.00029989
822;0MD006036MOJ;240;71;0.00667978
822;0MD006036MOJ;241;71;0.01810981
822;0MD006036MOJ;242;71;0.00009742
822;0MD006036MOJ;243;71;0.00006700
822;0MD006036MOJ;245;71;0.00003365
822;0MD006036MOJ;254;71;0.00009481
822;0MD006036MOJ;255;71;0.00000801
822;0MD006036MOJ;261;71;0.00003587
822;0MD006036MOJ;262;71;0.00018747
822;0MD006036MOJ;280;71;0.00001041
822;0MD006036MOJ;291;71;0.00000605
822;0MD006036MOJ;292;71;0.00001398
822;0MD006036MOJ;293;71;0.00001605
822;0MD006036MOJ;294;71;0.00000403
822;0MD006036MOJ;304;71;0.00009223
822;0MD006036MOJ;237;72;0.00143901
822;0MD006036MOJ;238;72;0.00016628
822;0MD006036MOJ;240;72;0.00000313
822;0MD006036MOJ;241;72;0.01558692
822;0MD006036MOJ;242;72;0.00521304
822;0MD006036MOJ;243;72;0.00049188
822;0MD006036MOJ;244;72;0.00028130
822;0MD006036MOJ;245;72;0.00007525
822;0MD006036MOJ;246;72;0.00002202
822;0MD006036MOJ;251;72;0.00000142
822;0MD006036MOJ;252;72;0.00000263
822;0MD006036MOJ;253;72;0.00004560
822;0MD006036MOJ;254;72;0.00003208
822;0MD006036MOJ;258;72;0.00014522
822;0MD006036MOJ;259;72;0.00014570
822;0MD006036MOJ;260;72;0.00014193
822;0MD006036MOJ;261;72;0.00013657
822;0MD006036MOJ;280;72;0.00001041
822;0MD006036MOJ;289;72;0.00000785
822;0MD006036MOJ;290;72;0.00001096
822;0MD006036MOJ;291;72;0.00001038
822;0MD006036MOJ;304;72;0.00007966
822;0MD006036MOJ;236;73;0.00117236
822;0MD006036MOJ;237;73;0.00029033
822;0MD006036MOJ;238;73;0.00021438
822;0MD006036MOJ;239;73;0.00015604
822;0MD006036MOJ;240;73;0.00016904
822;0MD006036MOJ;241;73;0.00215917
822;0MD006036MOJ;242;73;0.01778608
822;0MD006036MOJ;243;73;0.00074175
822;0MD006036MOJ;244;73;0.00060578
822;0MD006036MOJ;245;73;0.00026170
822;0MD006036MOJ;246;73;0.00008483
822;0MD006036MOJ;247;73;0.00003708
822;0MD006036MOJ;248;73;0.00002320
822;0MD006036MOJ;249;73;0.00000584
822;0MD006036MOJ;251;73;0.00002499
822;0MD006036MOJ;252;73;0.00027778
822;0MD006036MOJ;253;73;0.00003219
822;0MD006036MOJ;254;73;0.00001029
822;0MD006036MOJ;255;73;0.00011393
822;0MD006036MOJ;256;73;0.00014854
822;0MD006036MOJ;257;73;0.00016635
822;0MD006036MOJ;258;73;0.00004239
822;0MD006036MOJ;280;73;0.00001025
822;0MD006036MOJ;289;73;0.00002642
822;0MD006036MOJ;290;73;0.00001737
822;0MD006036MOJ;303;73;0.00006136
822;0MD006036MOJ;304;73;0.00001673
822;0MD006036MOJ;236;74;0.00004223
822;0MD006036MOJ;237;74;0.00008787
822;0MD006036MOJ;238;74;0.00005665
822;0MD006036MOJ;239;74;0.00001947
822;0MD006036MOJ;240;74;0.00010146
822;0MD006036MOJ;241;74;0.00215058
822;0MD006036MOJ;242;74;0.00813074
822;0MD006036MOJ;243;74;0.01263971
822;0MD006036MOJ;244;74;0.00188936
822;0MD006036MOJ;245;74;0.00117942
822;0MD006036MOJ;246;74;0.00092116
822;0MD006036MOJ;247;74;0.00033534
822;0MD006036MOJ;248;74;0.00043045
822;0MD006036MOJ;249;74;0.00042959
822;0MD006036MOJ;250;74;0.00040561
822;0MD006036MOJ;251;74;0.00041222
822;0MD006036MOJ;252;74;0.00034496
822;0MD006036MOJ;253;74;0.00015772
822;0MD006036MOJ;254;74;0.00016510
822;0MD006036MOJ;255;74;0.00003689
822;0MD006036MOJ;279;74;0.00000229
822;0MD006036MOJ;280;74;0.00000891
822;0MD006036MOJ;288;74;0.00001621
822;0MD006036MOJ;289;74;0.00001390
822;0MD006036MOJ;303;74;0.00007809
822;0MD006036MOJ;235;75;0.00000827
822;0MD006036MOJ;236;75;0.00014563
822;0MD006036MOJ;237;75;0.00022102
822;0MD006036MOJ;238;75;0.00015039
822;0MD006036MOJ;239;75;0.00014784
822;0MD006036MOJ;240;75;0.00022210
822;0MD006036MOJ;241;75;0.00225260
822;0MD006036MOJ;242;75;0.00044124
822;0MD006036MOJ;243;75;0.01295645
822;0MD006036MOJ;244;75;0.00049853
822;0MD006036MOJ;245;75;0.00046792
822;0MD006036MOJ;246;75;0.00057461
822;0MD006036MOJ;247;75;0.00030992
822;0MD006036MOJ;252;75;0.00009857
822;0MD006036MOJ;253;75;0.00000449
822;0MD006036MOJ;254;75;0.00001312
822;0MD006036MOJ;279;75;0.00001345
822;0MD006036MOJ;286;75;0.00001212
822;0MD006036MOJ;287;75;0.00001932
822;0MD006036MOJ;288;75;0.00000312
822;0MD006036MOJ;303;75;0.00007797
822;0MD006036MOJ;235;76;0.00145888
822;0MD006036MOJ;236;76;0.00215500
822;0MD006036MOJ;237;76;0.00202670
822;0MD006036MOJ;238;76;0.00000244
822;0MD006036MOJ;239;76;0.00039417
822;0MD006036MOJ;240;76;0.00015439
822;0MD006036MOJ;241;76;0.00199951
822;0MD006036MOJ;242;76;0.00023568
822;0MD006036MOJ;243;76;0.01020759
822;0MD006036MOJ;244;76;0.00718995
822;0MD006036MOJ;245;76;0.00091652
822;0MD006036MOJ;246;76;0.00045886
822;0MD006036MOJ;247;76;0.00020660
822;0MD006036MOJ;251;76;0.00001940
822;0MD006036MOJ;252;76;0.00002410
822;0MD006036MOJ;279;76;0.00001024
822;0MD006036MOJ;285;76;0.00001662
822;0MD006036MOJ;286;76;0.00000834
822;0MD006036MOJ;303;76;0.00007771
822;0MD006036MOJ;235;77;0.00000470
822;0MD006036MOJ;236;77;0.00034071
822;0MD006036MOJ;237;77;0.00005514
822;0MD006036MOJ;238;77;0.00003737
822;0MD006036MOJ;239;77;0.00405767
822;0MD006036MOJ;240;77;0.00209994
822;0MD006036MOJ;241;77;0.00416774
822;0MD006036MOJ;242;77;0.00103292
822;0MD006036MOJ;243;77;0.00104335
822;0MD006036MOJ;244;77;0.01668799
822;0MD006036MOJ;245;77;0.00034041
822;0MD006036MOJ;246;77;0.00019424
822;0MD006036MOJ;247;77;0.00001395
822;0MD006036MOJ;251;77;0.00004774
822;0MD006036MOJ;259;77;0.00000179
822;0MD006036MOJ;278;77;0.00000147
822;0MD006036MOJ;279;77;0.00000869
822;0MD006036MOJ;284;77;0.00001224
822;0MD006036MOJ;285;77;0.00000879
822;0MD006036MOJ;303;77;0.00007772
822;0MD006036MOJ;237;78;0.00003077
822;0MD006036MOJ;239;78;0.00000154
822;0MD006036MOJ;240;78;0.00041289
822;0MD006036MOJ;241;78;0.00122272
822;0MD006036MOJ;242;78;0.00009390
822;0MD006036MOJ;243;78;0.00005182
822;0MD006036MOJ;244;78;0.00181084
822;0MD006036MOJ;245;78;0.01291487
822;0MD006036MOJ;246;78;0.00011742
822;0MD006036MOJ;251;78;0.00004661
822;0MD006036MOJ;258;78;0.00000069
822;0MD006036MOJ;259;78;0.00000056
822;0MD006036MOJ;278;78;0.00001151
822;0MD006036MOJ;279;78;0.00001021
822;0MD006036MOJ;280;78;0.00001021
822;0MD006036MOJ;281;78;0.00001861
822;0MD006036MOJ;282;78;0.00001041
822;0MD006036MOJ;283;78;0.00001459
822;0MD006036MOJ;284;78;0.00001291
822;0MD006036MOJ;303;78;0.00007772
822;0MD006036MOJ;240;79;0.00138756
822;0MD006036MOJ;241;79;0.00001623
822;0MD006036MOJ;242;79;0.00015682
822;0MD006036MOJ;245;79;0.01359224
822;0MD006036MOJ;251;79;0.00004745
822;0MD006036MOJ;280;79;0.00000499
822;0MD006036MOJ;281;79;0.00002097
822;0MD006036MOJ;282;79;0.00000716
822;0MD006036MOJ;283;79;0.00000893
822;0MD006036MOJ;303;79;0.00007708
822;0MD006036MOJ;240;80;0.00138703
822;0MD006036MOJ;242;80;0.00014929
822;0MD006036MOJ;243;80;0.00001831
822;0MD006036MOJ;245;80;0.01315093
822;0MD006036MOJ;251;80;0.00004670
822;0MD006036MOJ;280;80;0.00002648
822;0MD006036MOJ;303;80;0.00007628
822;0MD006036MOJ;235;81;0.00002731
822;0MD006036MOJ;236;81;0.00004463
822;0MD006036MOJ;237;81;0.00004675
822;0MD006036MOJ;238;81;0.00004488
822;0MD006036MOJ;239;81;0.00004688
822;0MD006036MOJ;240;81;0.00067938
822;0MD006036MOJ;241;81;0.00001773
822;0MD006036MOJ;242;81;0.00006402
822;0MD006036MOJ;243;81;0.00016759
822;0MD006036MOJ;245;81;0.00097422
822;0MD006036MOJ;246;81;0.01336076
822;0MD006036MOJ;250;81;0.00003188
822;0MD006036MOJ;251;81;0.00001364
822;0MD006036MOJ;271;81;0.00000060
822;0MD006036MOJ;272;81;0.00000589
822;0MD006036MOJ;280;81;0.00002388
822;0MD006036MOJ;303;81;0.00008552
822;0MD006036MOJ;239;82;0.00003373
822;0MD006036MOJ;242;82;0.00002275
822;0MD006036MOJ;243;82;0.00003889
822;0MD006036MOJ;244;82;0.00005823
822;0MD006036MOJ;245;82;0.00015483
822;0MD006036MOJ;246;82;0.01057739
822;0MD006036MOJ;247;82;0.00601209
822;0MD006036MOJ;250;82;0.00004458
822;0MD006036MOJ;265;82;0.00137822
822;0MD006036MOJ;266;82;0.00550618
822;0MD006036MOJ;267;82;0.00540992
822;0MD006036MOJ;268;82;0.00541349
822;0MD006036MOJ;269;82;0.00542430
822;0MD006036MOJ;270;82;0.00540711
822;0MD006036MOJ;271;82;0.00568192
822;0MD006036MOJ;272;82;0.00565274
822;0MD006036MOJ;273;82;0.00548961
822;0MD006036MOJ;274;82;0.00233544
822;0MD006036MOJ;277;82;0.00011942
822;0MD006036MOJ;278;82;0.00131243
822;0MD006036MOJ;280;82;0.00002375
822;0MD006036MOJ;303;82;0.00008022
822;0MD006036MOJ;239;83;0.00003362
822;0MD006036MOJ;243;83;0.00000170
822;0MD006036MOJ;244;83;0.00000966
822;0MD006036MOJ;245;83;0.00004191
822;0MD006036MOJ;246;83;0.00000153
822;0MD006036MOJ;247;83;0.01235193
822;0MD006036MOJ;248;83;0.00460590
822;0MD006036MOJ;249;83;0.00001475
822;0MD006036MOJ;250;83;0.00002757
822;0MD006036MOJ;263;83;0.00224434
822;0MD006036MOJ;264;83;0.00592033
822;0MD006036MOJ;265;83;0.00501849
822;0MD006036MOJ;269;83;0.00000343
822;0MD006036MOJ;274;83;0.00319012
822;0MD006036MOJ;275;83;0.00563098
822;0MD006036MOJ;276;83;0.00545661
822;0MD006036MOJ;277;83;0.00537069
822;0MD006036MOJ;278;83;0.00409071
822;0MD006036MOJ;279;83;0.00544581
822;0MD006036MOJ;280;83;0.00548657
822;0MD006036MOJ;281;83;0.00551275
822;0MD006036MOJ;282;83;0.00557245
822;0MD006036MOJ;283;83;0.00222315
822;0MD006036MOJ;303;83;0.00010364
822;0MD006036MOJ;304;83;0.00003471
822;0MD006036MOJ;239;84;0.00003322
822;0MD006036MOJ;242;84;0.00000055
822;0MD006036MOJ;243;84;0.00000114
822;0MD006036MOJ;245;84;0.00000614
822;0MD006036MOJ;246;84;0.00003982
822;0MD006036MOJ;247;84;0.00000020
822;0MD006036MOJ;248;84;0.01277208
822;0MD006036MOJ;249;84;0.00007500
822;0MD006036MOJ;250;84;0.00003988
822;0MD006036MOJ;256;84;0.00162653
822;0MD006036MOJ;257;84;0.00549910
822;0MD006036MOJ;258;84;0.00548619
822;0MD006036MOJ;259;84;0.00547933
822;0MD006036MOJ;260;84;0.00547813
822;0MD006036MOJ;261;84;0.00554595
822;0MD006036MOJ;262;84;0.00542329
822;0MD006036MOJ;263;84;0.00323137
822;0MD006036MOJ;268;84;0.00000118
822;0MD006036MOJ;269;84;0.00000224
822;0MD006036MOJ;280;84;0.00001319
822;0MD006036MOJ;281;84;0.00001758
822;0MD006036MOJ;283;84;0.00387900
822;0MD006036MOJ;284;84;0.00642059
822;0MD006036MOJ;285;84;0.00020691
822;0MD006036MOJ;304;84;0.00008952
822;0MD006036MOJ;305;84;0.00184968
822;0MD006036MOJ;306;84;0.00453050
822;0MD006036MOJ;238;85;0.00002348
822;0MD006036MOJ;239;85;0.00000972
822;0MD006036MOJ;242;85;0.00000169
822;0MD006036MOJ;245;85;0.00001025
822;0MD006036MOJ;246;85;0.00001147
822;0MD006036MOJ;247;85;0.00014568
822;0MD006036MOJ;248;85;0.01440957
822;0MD006036MOJ;249;85;0.00014751
822;0MD006036MOJ;250;85;0.00007608
822;0MD006036MOJ;251;85;0.00564125
822;0MD006036MOJ;252;85;0.00558394
822;0MD006036MOJ;253;85;0.00555889
822;0MD006036MOJ;254;85;0.00550690
822;0MD006036MOJ;255;85;0.00550108
822;0MD006036MOJ;256;85;0.00385652
822;0MD006036MOJ;257;85;0.00006825
822;0MD006036MOJ;268;85;0.00000356
822;0MD006036MOJ;281;85;0.00002967
822;0MD006036MOJ;285;85;0.00597785
822;0MD006036MOJ;286;85;0.00574987
822;0MD006036MOJ;287;85;0.00538747
822;0MD006036MOJ;288;85;0.00348663
822;0MD006036MOJ;304;85;0.00153851
822;0MD006036MOJ;305;85;0.00559350
822;0MD006036MOJ;238;86;0.00003332
822;0MD006036MOJ;242;86;0.00002141
822;0MD006036MOJ;243;86;0.00004074
822;0MD006036MOJ;244;86;0.00001938
822;0MD006036MOJ;245;86;0.00000224
822;0MD006036MOJ;246;86;0.00011469
822;0MD006036MOJ;247;86;0.00021345
822;0MD006036MOJ;248;86;0.00163769
822;0MD006036MOJ;249;86;0.01242223
822;0MD006036MOJ;250;86;0.01347487
822;0MD006036MOJ;251;86;0.00690641
822;0MD006036MOJ;252;86;0.00634818
822;0MD006036MOJ;253;86;0.00640593
822;0MD006036MOJ;254;86;0.00019443
822;0MD006036MOJ;257;86;0.00006582
822;0MD006036MOJ;258;86;0.00000848
822;0MD006036MOJ;268;86;0.00000356
822;0MD006036MOJ;280;86;0.00000541
822;0MD006036MOJ;281;86;0.00002323
822;0MD006036MOJ;288;86;0.00196412
822;0MD006036MOJ;289;86;0.00545882
822;0MD006036MOJ;290;86;0.00547371
822;0MD006036MOJ;291;86;0.00551130
822;0MD006036MOJ;292;86;0.00551190
822;0MD006036MOJ;293;86;0.00357286
822;0MD006036MOJ;303;86;0.00001412
822;0MD006036MOJ;304;86;0.00605459
822;0MD006036MOJ;238;87;0.00003371
822;0MD006036MOJ;240;87;0.00003634
822;0MD006036MOJ;241;87;0.00003595
822;0MD006036MOJ;242;87;0.00001588
822;0MD006036MOJ;246;87;0.00032937
822;0MD006036MOJ;247;87;0.00017913
822;0MD006036MOJ;248;87;0.00000132
822;0MD006036MOJ;249;87;0.00000975
822;0MD006036MOJ;250;87;0.00000156
822;0MD006036MOJ;252;87;0.00008337
822;0MD006036MOJ;254;87;0.00620468
822;0MD006036MOJ;255;87;0.00653700
822;0MD006036MOJ;256;87;0.00700062
822;0MD006036MOJ;257;87;0.00064996
822;0MD006036MOJ;268;87;0.00000344
822;0MD006036MOJ;280;87;0.00002755
822;0MD006036MOJ;293;87;0.00196686
822;0MD006036MOJ;294;87;0.00559565
822;0MD006036MOJ;295;87;0.00583703
822;0MD006036MOJ;296;87;0.00391980
822;0MD006036MOJ;303;87;0.00112234
822;0MD006036MOJ;304;87;0.00524872
822;0MD006036MOJ;237;88;0.00001213
822;0MD006036MOJ;238;88;0.00003391
822;0MD006036MOJ;239;88;0.00003866
822;0MD006036MOJ;240;88;0.00000204
822;0MD006036MOJ;245;88;0.00005236
822;0MD006036MOJ;246;88;0.00013711
822;0MD006036MOJ;249;88;0.00000441
822;0MD006036MOJ;250;88;0.00000467
822;0MD006036MOJ;251;88;0.00004746
822;0MD006036MOJ;252;88;0.00004706
822;0MD006036MOJ;257;88;0.00667983
822;0MD006036MOJ;258;88;0.00544556
822;0MD006036MOJ;268;88;0.00000355
822;0MD006036MOJ;280;88;0.00002380
822;0MD006036MOJ;293;88;0.00000343
822;0MD006036MOJ;296;88;0.00182691
822;0MD006036MOJ;297;88;0.00551027
822;0MD006036MOJ;298;88;0.00590795
822;0MD006036MOJ;299;88;0.00583011
822;0MD006036MOJ;300;88;0.00521793
822;0MD006036MOJ;302;88;0.00240158
822;0MD006036MOJ;303;88;0.00624012
822;0MD006036MOJ;237;89;0.00099767
822;0MD006036MOJ;245;89;0.00018941
822;0MD006036MOJ;250;89;0.00000371
822;0MD006036MOJ;251;89;0.00005661
822;0MD006036MOJ;252;89;0.00008091
822;0MD006036MOJ;258;89;0.00184564
822;0MD006036MOJ;259;89;0.00729340
822;0MD006036MOJ;260;89;0.00349844
822;0MD006036MOJ;267;89;0.00000182
822;0MD006036MOJ;268;89;0.00000331
822;0MD006036MOJ;280;89;0.00002422
822;0MD006036MOJ;293;89;0.00000386
822;0MD006036MOJ;300;89;0.00036702
822;0MD006036MOJ;301;89;0.00573881
822;0MD006036MOJ;302;89;0.00375750
822;0MD006036MOJ;237;90;0.00139973
822;0MD006036MOJ;252;90;0.00011679
822;0MD006036MOJ;260;90;0.00351041
822;0MD006036MOJ;261;90;0.00702953
822;0MD006036MOJ;262;90;0.00228375
822;0MD006036MOJ;280;90;0.00002482
822;0MD006036MOJ;292;90;0.00000196
822;0MD006036MOJ;293;90;0.00000192
822;0MD006036MOJ;237;91;0.00141676
822;0MD006036MOJ;252;91;0.00001423
822;0MD006036MOJ;253;91;0.00010542
822;0MD006036MOJ;262;91;0.00607664
822;0MD006036MOJ;263;91;0.00335982
822;0MD006036MOJ;279;91;0.00000173
822;0MD006036MOJ;280;91;0.00002889
822;0MD006036MOJ;292;91;0.00000404
822;0MD006036MOJ;236;92;0.00030404
822;0MD006036MOJ;237;92;0.00108770
822;0MD006036MOJ;253;92;0.00003719
822;0MD006036MOJ;254;92;0.00008769
822;0MD006036MOJ;263;92;0.00412082
822;0MD006036MOJ;264;92;0.00637795
822;0MD006036MOJ;265;92;0.00679720
822;0MD006036MOJ;266;92;0.00459924
822;0MD006036MOJ;279;92;0.00000344
822;0MD006036MOJ;280;92;0.00000019
822;0MD006036MOJ;281;92;0.00002595
822;0MD006036MOJ;291;92;0.00000453
822;0MD006036MOJ;292;92;0.00000037
822;0MD006036MOJ;236;93;0.00139175
822;0MD006036MOJ;254;93;0.00006073
822;0MD006036MOJ;255;93;0.00005680
822;0MD006036MOJ;266;93;0.00259752
822;0MD006036MOJ;267;93;0.00669488
822;0MD006036MOJ;279;93;0.00000352
822;0MD006036MOJ;281;93;0.00000727
822;0MD006036MOJ;282;93;0.00001780
822;0MD006036MOJ;290;93;0.00000238
822;0MD006036MOJ;291;93;0.00000122
822;0MD006036MOJ;236;94;0.00139175
822;0MD006036MOJ;255;94;0.00009466
822;0MD006036MOJ;267;94;0.00275215
822;0MD006036MOJ;268;94;0.00480175
822;0MD006036MOJ;276;94;0.00000104
822;0MD006036MOJ;277;94;0.00000342
822;0MD006036MOJ;278;94;0.00000409
822;0MD006036MOJ;279;94;0.00000224
822;0MD006036MOJ;282;94;0.00002161
822;0MD006036MOJ;290;94;0.00000355
822;0MD006036MOJ;236;95;0.00136862
822;0MD006036MOJ;255;95;0.00008450
822;0MD006036MOJ;256;95;0.00003255
822;0MD006036MOJ;268;95;0.00513180
822;0MD006036MOJ;269;95;0.00547534
822;0MD006036MOJ;275;95;0.00000429
822;0MD006036MOJ;276;95;0.00000253
822;0MD006036MOJ;282;95;0.00000950
822;0MD006036MOJ;283;95;0.00002799
822;0MD006036MOJ;290;95;0.00000354
822;0MD006036MOJ;236;96;0.00136080
822;0MD006036MOJ;256;96;0.00012723
822;0MD006036MOJ;269;96;0.00563131
822;0MD006036MOJ;270;96;0.00114977
822;0MD006036MOJ;274;96;0.00000269
822;0MD006036MOJ;275;96;0.00000093
822;0MD006036MOJ;283;96;0.00000381
822;0MD006036MOJ;289;96;0.00000056
822;0MD006036MOJ;290;96;0.00000293
822;0MD006036MOJ;236;97;0.00148069
822;0MD006036MOJ;270;97;0.00837971
822;0MD006036MOJ;271;97;0.00043818
822;0MD006036MOJ;274;97;0.00000356
822;0MD006036MOJ;283;97;0.00000370
822;0MD006036MOJ;289;97;0.00000350
822;0MD006036MOJ;235;98;0.00040792
822;0MD006036MOJ;236;98;0.00104427
822;0MD006036MOJ;271;98;0.00824015
822;0MD006036MOJ;272;98;0.00111462
822;0MD006036MOJ;274;98;0.00000351
822;0MD006036MOJ;283;98;0.00000341
822;0MD006036MOJ;288;98;0.00000064
822;0MD006036MOJ;289;98;0.00000411
822;0MD006036MOJ;236;99;0.00033152
822;0MD006036MOJ;272;99;0.00718591
822;0MD006036MOJ;273;99;0.00240426
822;0MD006036MOJ;274;99;0.00000209
822;0MD006036MOJ;283;99;0.00000289
822;0MD006036MOJ;284;99;0.00000247
822;0MD006036MOJ;288;99;0.00000163
822;0MD006036MOJ;289;99;0.00000290
822;0MD006036MOJ;236;100;0.00029261
822;0MD006036MOJ;273;100;0.00575720
822;0MD006036MOJ;274;100;0.00655718
822;0MD006036MOJ;284;100;0.00000370
822;0MD006036MOJ;286;100;0.00000064
822;0MD006036MOJ;287;100;0.00000429
822;0MD006036MOJ;288;100;0.00000395
822;0MD006036MOJ;289;100;0.00000006
822;0MD006036MOJ;236;101;0.00029841
822;0MD006036MOJ;274;101;0.00032186
822;0MD006036MOJ;275;101;0.00680795
822;0MD006036MOJ;276;101;0.00687448
822;0MD006036MOJ;277;101;0.00179565
822;0MD006036MOJ;284;101;0.00000079
822;0MD006036MOJ;285;101;0.00000319
822;0MD006036MOJ;286;101;0.00000434
822;0MD006036MOJ;236;102;0.00028895
822;0MD006036MOJ;277;102;0.00524470
822;0MD006036MOJ;278;102;0.00704420
822;0MD006036MOJ;279;102;0.00161762
822;0MD006036MOJ;285;102;0.00000815
822;0MD006036MOJ;286;102;0.00000045
822;0MD006036MOJ;236;103;0.00030951
822;0MD006036MOJ;278;103;0.00033450
822;0MD006036MOJ;279;103;0.00520660
822;0MD006036MOJ;280;103;0.00670795
822;0MD006036MOJ;281;103;0.00613281
822;0MD006036MOJ;282;103;0.00617945
822;0MD006036MOJ;283;103;0.00698544
822;0MD006036MOJ;284;103;0.00005459
822;0MD006036MOJ;285;103;0.00001083
822;0MD006036MOJ;236;104;0.00002449
822;0MD006036MOJ;237;104;0.00032643
822;0MD006036MOJ;278;104;0.00024888
822;0MD006036MOJ;283;104;0.00000778
822;0MD006036MOJ;284;104;0.00627974
822;0MD006036MOJ;237;105;0.00024581
822;0MD006036MOJ;238;105;0.00007111
822;0MD006036MOJ;277;105;0.00011328
822;0MD006036MOJ;278;105;0.00023956
822;0MD006036MOJ;284;105;0.00626680
822;0MD006036MOJ;238;106;0.00037806
822;0MD006036MOJ;239;106;0.00030940
822;0MD006036MOJ;284;106;0.00630788
822;0MD006036MOJ;239;107;0.00002971
822;0MD006036MOJ;240;107;0.00044309
822;0MD006036MOJ;284;107;0.00341041
822;0MD006036MOJ;285;107;0.00127592
822;0MD006036MOJ;240;108;0.00030856
822;0MD006036MOJ;240;109;0.00027854
822;0MD006036MOJ;241;109;0.00011934
822;0MD006036MOJ;240;110;0.00003688
822;0MD006036MOJ;241;110;0.00003272
822;0SS0060330SC;272;47;0.00032759
822;0SS0060330SC;273;47;0.00438816
822;0SS0060330SC;278;47;0.00013197
822;0SS0060330SC;282;47;0.00000112
822;0SS0060330SC;272;48;0.00516667
822;0SS0060330SC;273;48;0.00003495
822;0SS0060330SC;277;48;0.00026897
822;0SS0060330SC;278;48;0.00027774
822;0SS0060330SC;280;48;0.00000439
822;0SS0060330SC;281;48;0.00000848
822;0SS0060330SC;282;48;0.00000109
822;0SS0060330SC;271;49;0.00012298
822;0SS0060330SC;272;49;0.00526270
822;0SS0060330SC;276;49;0.00028085
822;0SS0060330SC;277;49;0.00025329
822;0SS0060330SC;278;49;0.00004941
822;0SS0060330SC;279;49;0.00000088
822;0SS0060330SC;280;49;0.00000902
822;0SS0060330SC;262;50;0.00004005
822;0SS0060330SC;263;50;0.00032181
822;0SS0060330SC;270;50;0.00006747
822;0SS0060330SC;271;50;0.00043104
822;0SS0060330SC;272;50;0.00514246
822;0SS0060330SC;273;50;0.00068223
822;0SS0060330SC;274;50;0.00052561
822;0SS0060330SC;275;50;0.00045397
822;0SS0060330SC;276;50;0.00030405
822;0SS0060330SC;277;50;0.00007444
822;0SS0060330SC;278;50;0.00010009
822;0SS0060330SC;279;50;0.00001941
822;0SS0060330SC;280;50;0.00000063
822;0SS0060330SC;263;51;0.00016427
822;0SS0060330SC;264;51;0.00050861
822;0SS0060330SC;265;51;0.00029460
822;0SS0060330SC;269;51;0.00026353
822;0SS0060330SC;270;51;0.00040224
822;0SS0060330SC;271;51;0.00014228
822;0SS0060330SC;272;51;0.00690173
822;0SS0060330SC;273;51;0.00022985
822;0SS0060330SC;274;51;0.00000732
822;0SS0060330SC;275;51;0.00000895
822;0SS0060330SC;276;51;0.00000279
822;0SS0060330SC;265;52;0.00052262
822;0SS0060330SC;268;52;0.00006128
822;0SS0060330SC;269;52;0.00041269
822;0SS0060330SC;270;52;0.00016491
822;0SS0060330SC;271;52;0.00393398
822;0SS0060330SC;272;52;0.00435441
822;0SS0060330SC;275;52;0.00000096
822;0SS0060330SC;276;52;0.00000919
822;0SS0060330SC;265;53;0.00079246
822;0SS0060330SC;267;53;0.00046307
822;0SS0060330SC;268;53;0.00053509
822;0SS0060330SC;269;53;0.00113728
822;0SS0060330SC;270;53;0.00175597
822;0SS0060330SC;271;53;0.00899910
822;0SS0060330SC;272;53;0.00005363
822;0SS0060330SC;276;53;0.00000168
822;0SS0060330SC;277;53;0.00000801
822;0SS0060330SC;278;53;0.00000770
822;0SS0060330SC;279;53;0.00000118
822;0SS0060330SC;258;54;0.00000339
822;0SS0060330SC;265;54;0.00137531
822;0SS0060330SC;266;54;0.00018125
822;0SS0060330SC;267;54;0.00168119
822;0SS0060330SC;268;54;0.00286578
822;0SS0060330SC;269;54;0.00292342
822;0SS0060330SC;270;54;0.01154478
822;0SS0060330SC;271;54;0.02890645
822;0SS0060330SC;272;54;0.02289558
822;0SS0060330SC;273;54;0.02394214
822;0SS0060330SC;274;54;0.02295630
822;0SS0060330SC;275;54;0.02282661
822;0SS0060330SC;276;54;0.02285550
822;0SS0060330SC;277;54;0.02264694
822;0SS0060330SC;278;54;0.02262141
822;0SS0060330SC;279;54;0.02266884
822;0SS0060330SC;280;54;0.02270335
822;0SS0060330SC;281;54;0.02323696
822;0SS0060330SC;282;54;0.02287796
822;0SS0060330SC;283;54;0.02287832
822;0SS0060330SC;284;54;0.01308285
822;0SS0060330SC;258;55;0.00005797
822;0SS0060330SC;262;55;0.00000113
822;0SS0060330SC;264;55;0.00095069
822;0SS0060330SC;265;55;0.00457954
822;0SS0060330SC;266;55;0.00322088
822;0SS0060330SC;267;55;0.00362347
822;0SS0060330SC;268;55;0.03413811
822;0SS0060330SC;269;55;0.04103036
822;0SS0060330SC;270;55;0.02464497
822;0SS0060330SC;271;55;0.00103848
822;0SS0060330SC;272;55;0.00000828
822;0SS0060330SC;273;55;0.00000785
822;0SS0060330SC;274;55;0.00000160
822;0SS0060330SC;278;55;0.00000689
822;0SS0060330SC;279;55;0.00000201
822;0SS0060330SC;261;56;0.00011375
822;0SS0060330SC;262;56;0.00048836
822;0SS0060330SC;263;56;0.00307975
822;0SS0060330SC;264;56;0.00180702
822;0SS0060330SC;265;56;0.00341346
822;0SS0060330SC;266;56;0.04035447
822;0SS0060330SC;267;56;0.03776626
822;0SS0060330SC;268;56;0.00439291
822;0SS0060330SC;269;56;0.00035088
822;0SS0060330SC;270;56;0.00001175
822;0SS0060330SC;271;56;0.00012985
822;0SS0060330SC;272;56;0.00000081
822;0SS0060330SC;278;56;0.00000582
822;0SS0060330SC;261;57;0.00130324
822;0SS0060330SC;262;57;0.00444505
822;0SS0060330SC;263;57;0.00397931
822;0SS0060330SC;264;57;0.01935007
822;0SS0060330SC;265;57;0.04616543
822;0SS0060330SC;266;57;0.00312520
822;0SS0060330SC;267;57;0.00003705
822;0SS0060330SC;269;57;0.00000736
822;0SS0060330SC;270;57;0.00000726
822;0SS0060330SC;261;58;0.00453307
822;0SS0060330SC;262;58;0.00402567
822;0SS0060330SC;263;58;0.04365423
822;0SS0060330SC;264;58;0.02561393
822;0SS0060330SC;267;58;0.00003308
822;0SS0060330SC;268;58;0.00001208
822;0SS0060330SC;269;58;0.00000696
822;0SS0060330SC;258;59;0.00000012
822;0SS0060330SC;259;59;0.00307370
822;0SS0060330SC;260;59;0.01086906
822;0SS0060330SC;261;59;0.03930890
822;0SS0060330SC;262;59;0.04919217
822;0SS0060330SC;263;59;0.00322025
822;0SS0060330SC;266;59;0.00005803
822;0SS0060330SC;267;59;0.00004364
822;0SS0060330SC;268;59;0.00000085
822;0SS0060330SC;257;60;0.00539291
822;0SS0060330SC;258;60;0.04171269
822;0SS0060330SC;259;60;0.04192379
822;0SS0060330SC;260;60;0.03514702
822;0SS0060330SC;261;60;0.00121229
822;0SS0060330SC;262;60;0.00175722
822;0SS0060330SC;263;60;0.00052689
822;0SS0060330SC;264;60;0.00026683
822;0SS0060330SC;265;60;0.00022584
822;0SS0060330SC;266;60;0.00000830
822;0SS0060330SC;260;61;0.00236891
822;0SS0060330SC;261;61;0.00134608
822;0SS0060330SC;262;61;0.00171458
822;0SS0060330SC;263;61;0.00058625
822;0SS0060330SC;260;62;0.00188024
822;0SS0060330SC;261;62;0.00109951
822;0SS0060330SC;260;63;0.00096838
822;0MD006033MOJ;303;49;0.00025825
822;0MD006033MOJ;300;50;0.00001409
822;0MD006033MOJ;303;50;0.00045755
822;0MD006033MOJ;304;50;0.00031810
822;0MD006033MOJ;300;51;0.00008330
822;0MD006033MOJ;304;51;0.00062089
822;0MD006033MOJ;305;51;0.00038505
822;0MD006033MOJ;299;52;0.00003719
822;0MD006033MOJ;300;52;0.00005594
822;0MD006033MOJ;304;52;0.00011497
822;0MD006033MOJ;305;52;0.00097790
822;0MD006033MOJ;296;53;0.00003740
822;0MD006033MOJ;297;53;0.08121692
822;0MD006033MOJ;298;53;0.08324002
822;0MD006033MOJ;299;53;0.07495235
822;0MD006033MOJ;305;53;0.00123058
822;0MD006033MOJ;306;53;0.00009133
822;0MD006033MOJ;296;54;0.05478274
822;0MD006033MOJ;297;54;0.00473415
822;0MD006033MOJ;299;54;0.00919319
822;0MD006033MOJ;300;54;0.08354813
822;0MD006033MOJ;301;54;0.08329972
822;0MD006033MOJ;302;54;0.08336993
822;0MD006033MOJ;303;54;0.08391425
822;0MD006033MOJ;304;54;0.08367196
822;0MD006033MOJ;305;54;0.08437379
822;0MD006033MOJ;306;54;0.08735951
822;0MD006033MOJ;307;54;0.08276810
822;0MD006033MOJ;308;54;0.00873134
822;0MD006033MOJ;298;55;0.00013868
822;0MD006033MOJ;299;55;0.00001271
822;0MD006033MOJ;305;55;0.00064785
822;0MD006033MOJ;306;55;0.00018744
822;0MD006033MOJ;307;55;0.00028727
822;0MD006033MOJ;298;56;0.00018459
822;0MD006033MOJ;305;56;0.00017642
822;0MD006033MOJ;306;56;0.00002117
822;0MD006033MOJ;307;56;0.00028734
822;0MD006033MOJ;298;57;0.00014672
822;0MD006033MOJ;306;57;0.00002446
822;0MD006033MOJ;307;57;0.00037882
822;0MD006033MOJ;308;57;0.00016254
822;0MD006033MOJ;297;58;0.00011207
822;0MD006033MOJ;298;58;0.00003524
822;0MD006033MOJ;308;58;0.00032860
822;0MD006033MOJ;297;59;0.00016567
822;0MD006033MOJ;298;59;0.00003899
822;0MD006033MOJ;307;59;0.00026317
822;0MD006033MOJ;308;59;0.00007333
822;0MD006033MOJ;298;60;0.00003818
822;0MD006033MOJ;307;60;0.00033368
822;0MD006033MOJ;307;61;0.00032899
822;0MD006033MOJ;307;62;0.00033969
822;0MD006033MOJ;307;63;0.00028429
822;0MD006033MOJ;307;64;0.00025963
822;0MD006033MOJ;308;64;0.00004824
822;0MD006033MOJ;308;65;0.00025893
822;0MD006033MOJ;300;66;0.00008870
822;0MD006033MOJ;308;66;0.00026500
822;0MD006033MOJ;301;67;0.00008358
822;0MD006033MOJ;308;67;0.00015937
822;0MD0060330SC;295;52;0.00010389
822;0MD0060330SC;294;53;0.00018210
822;0MD0060330SC;295;53;0.00017432
822;0MD0060330SC;296;53;0.00002243
822;0MD0060330SC;284;54;0.02327379
822;0MD0060330SC;292;54;0.00011167
822;0MD0060330SC;293;54;0.04207840
822;0MD0060330SC;294;54;0.08337742
822;0MD0060330SC;295;54;0.08552947
822;0MD0060330SC;296;54;0.03047411
822;0MD0060330SC;284;55;0.01569524
822;0MD0060330SC;285;55;0.08581244
822;0MD0060330SC;286;55;0.08544349
822;0MD0060330SC;287;55;0.07298963
822;0MD0060330SC;289;55;0.05667641
822;0MD0060330SC;290;55;0.08291316
822;0MD0060330SC;291;55;0.08378510
822;0MD0060330SC;292;55;0.08365796
822;0MD0060330SC;293;55;0.04168787
822;0MD0060330SC;278;56;0.00001477
822;0MD0060330SC;287;56;0.01195155
822;0MD0060330SC;288;56;0.08174677
822;0MD0060330SC;289;56;0.02421311
822;0MD0060330SC;278;57;0.00002092
822;0MD0060330SC;279;57;0.00002650
822;0MD0060330SC;288;57;0.00007742
822;0MD0060330SC;289;57;0.00080130
822;0MD0060330SC;279;58;0.00004846
822;0MD0060330SC;289;58;0.00018770
822;0MD0060330SC;290;58;0.00068468
822;0MD0060330SC;278;59;0.00002612
822;0MD0060330SC;279;59;0.00002956
822;0MD0060330SC;290;59;0.00034879
822;0MD0060330SC;291;59;0.00042037
822;0MD0060330SC;276;60;0.00000555
822;0MD0060330SC;277;60;0.00004046
822;0MD0060330SC;278;60;0.00003329
822;0MD0060330SC;291;60;0.00065674
822;0MD0060330SC;274;61;0.00003392
822;0MD0060330SC;275;61;0.00004245
822;0MD0060330SC;276;61;0.00003892
822;0MD0060330SC;277;61;0.00000273
822;0MD0060330SC;291;61;0.00065665
822;0MD0060330SC;273;62;0.00002997
822;0MD0060330SC;274;62;0.00002717
822;0MD0060330SC;291;62;0.00065648
822;0MD0060330SC;273;63;0.00004120
822;0MD0060330SC;291;63;0.00065649
822;0MD0060330SC;273;64;0.00000134
822;0MD0060330SC;291;64;0.00065650
822;0MD0060330SC;289;65;0.00000814
822;0MD0060330SC;290;65;0.00001999
822;0MD0060330SC;291;65;0.00069881
822;0MD0060330SC;292;65;0.00024337
822;0MD0060330SC;289;66;0.00000328
822;0MD0060330SC;292;66;0.00049987
822;0MD0060330SC;293;66;0.00035977
