#GRID CA_State4k -684000. -564000. 4000. 4000. 321 291 1 LAMBERT METERS 30. 60. -120.5 -120.5 37.
817;0SC0060300SC;238;44;0.00160854
817;0SC0060300SC;237;45;0.00208199
817;0SC0060300SC;238;45;0.01347918
817;0SC0060300SC;235;46;0.00019746
817;0SC0060300SC;236;46;0.00962603
817;0SC0060300SC;237;46;0.01677346
817;0SC0060300SC;238;46;0.00117058
817;0SC0060300SC;239;46;0.00006678
817;0SC0060300SC;234;47;0.00019306
817;0SC0060300SC;235;47;0.00126268
817;0SC0060300SC;236;47;0.01748707
817;0SC0060300SC;237;47;0.00042275
817;0SC0060300SC;238;47;0.00012606
817;0SC0060300SC;239;47;0.00002364
817;0SC0060300SC;233;48;0.00038376
817;0SC0060300SC;234;48;0.00114737
817;0SC0060300SC;235;48;0.00116490
817;0SC0060300SC;236;48;0.01884565
817;0SC0060300SC;237;48;0.00084969
817;0SC0060300SC;238;48;0.00078069
817;0SC0060300SC;239;48;0.00021722
817;0SC0060300SC;232;49;0.00078205
817;0SC0060300SC;233;49;0.00054231
817;0SC0060300SC;234;49;0.00093419
817;0SC0060300SC;235;49;0.00893056
817;0SC0060300SC;236;49;0.01808429
817;0SC0060300SC;237;49;0.00190954
817;0SC0060300SC;238;49;0.00020323
817;0SC0060300SC;239;49;0.00024380
817;0SC0060300SC;230;50;0.00138042
817;0SC0060300SC;231;50;0.00229562
817;0SC0060300SC;232;50;0.00220352
817;0SC0060300SC;233;50;0.00872138
817;0SC0060300SC;234;50;0.00918658
817;0SC0060300SC;235;50;0.01318473
817;0SC0060300SC;236;50;0.01218601
817;0SC0060300SC;237;50;0.00199938
817;0SC0060300SC;238;50;0.00010488
817;0SC0060300SC;239;50;0.00003673
817;0SC0060300SC;240;50;0.00013675
817;0SC0060300SC;241;50;0.00008865
817;0SC0060300SC;228;51;0.00025122
817;0SC0060300SC;229;51;0.00208032
817;0SC0060300SC;230;51;0.00389156
817;0SC0060300SC;231;51;0.00537303
817;0SC0060300SC;232;51;0.01481211
817;0SC0060300SC;233;51;0.00104708
817;0SC0060300SC;234;51;0.01568674
817;0SC0060300SC;235;51;0.01842125
817;0SC0060300SC;236;51;0.00246671
817;0SC0060300SC;237;51;0.00315493
817;0SC0060300SC;238;51;0.00198466
817;0SC0060300SC;241;51;0.00003743
817;0SC0060300SC;227;52;0.00025548
817;0SC0060300SC;228;52;0.00164850
817;0SC0060300SC;229;52;0.00312030
817;0SC0060300SC;230;52;0.01874490
817;0SC0060300SC;231;52;0.02731992
817;0SC0060300SC;232;52;0.01915051
817;0SC0060300SC;233;52;0.01032725
817;0SC0060300SC;234;52;0.02388332
817;0SC0060300SC;235;52;0.00257068
817;0SC0060300SC;236;52;0.00728280
817;0SC0060300SC;237;52;0.00170992
817;0SC0060300SC;238;52;0.00015478
817;0SC0060300SC;226;53;0.00032159
817;0SC0060300SC;227;53;0.00135936
817;0SC0060300SC;228;53;0.00441324
817;0SC0060300SC;229;53;0.02772277
817;0SC0060300SC;230;53;0.00972041
817;0SC0060300SC;231;53;0.00703128
817;0SC0060300SC;232;53;0.01747254
817;0SC0060300SC;233;53;0.02086580
817;0SC0060300SC;234;53;0.00708379
817;0SC0060300SC;235;53;0.00784905
817;0SC0060300SC;236;53;0.00022205
817;0SC0060300SC;237;53;0.00011860
817;0SC0060300SC;226;54;0.00518605
817;0SC0060300SC;227;54;0.02579825
817;0SC0060300SC;228;54;0.03309890
817;0SC0060300SC;229;54;0.01106344
817;0SC0060300SC;230;54;0.01109132
817;0SC0060300SC;231;54;0.01010485
817;0SC0060300SC;232;54;0.02948757
817;0SC0060300SC;233;54;0.00476431
817;0SC0060300SC;234;54;0.00292989
817;0SC0060300SC;235;54;0.00630300
817;0SC0060300SC;236;54;0.00022709
817;0SC0060300SC;237;54;0.00004430
817;0SC0060300SC;226;55;0.00668258
817;0SC0060300SC;227;55;0.00492028
817;0SC0060300SC;228;55;0.00629721
817;0SC0060300SC;229;55;0.00426061
817;0SC0060300SC;230;55;0.00463131
817;0SC0060300SC;231;55;0.03581492
817;0SC0060300SC;232;55;0.01543979
817;0SC0060300SC;233;55;0.00195837
817;0SC0060300SC;234;55;0.00834776
817;0SC0060300SC;235;55;0.00201605
817;0SC0060300SC;227;56;0.00221635
817;0SC0060300SC;228;56;0.00595724
817;0SC0060300SC;229;56;0.00964469
817;0SC0060300SC;230;56;0.01980626
817;0SC0060300SC;231;56;0.01466038
817;0SC0060300SC;232;56;0.01393786
817;0SC0060300SC;233;56;0.00177365
817;0SC0060300SC;234;56;0.00047776
817;0SC0060300SC;235;56;0.00617374
817;0SC0060300SC;227;57;0.00193527
817;0SC0060300SC;228;57;0.02569118
817;0SC0060300SC;229;57;0.02932859
817;0SC0060300SC;230;57;0.02055536
817;0SC0060300SC;231;57;0.02870585
817;0SC0060300SC;232;57;0.02002645
817;0SC0060300SC;233;57;0.01777569
817;0SC0060300SC;234;57;0.01515769
817;0SC0060300SC;235;57;0.02305072
817;0SC0060300SC;236;57;0.00517732
817;0SC0060300SC;228;58;0.00026412
817;0SC0060300SC;229;58;0.00361213
817;0SC0060300SC;230;58;0.00515592
817;0SC0060300SC;231;58;0.01435758
817;0SC0060300SC;232;58;0.00322194
817;0SC0060300SC;233;58;0.00136555
817;0SC0060300SC;234;58;0.00059865
817;0SC0060300SC;235;58;0.00004411
817;0SC0060300SC;229;59;0.00249148
817;0SC0060300SC;230;59;0.00335787
817;0SC0060300SC;231;59;0.00972651
817;0SC0060300SC;232;59;0.00190288
817;0SC0060300SC;233;59;0.00076229
817;0SV006052TEH;136;218;0.04314652
817;0SV006052TEH;136;219;0.04633297
817;0SV006052TEH;136;220;0.04633300
817;0SV006052TEH;138;220;0.00168753
817;0SV006052TEH;139;220;0.00013918
817;0SV006052TEH;140;220;0.00379545
817;0SV006052TEH;141;220;0.01871500
817;0SV006052TEH;136;221;0.04881392
817;0SV006052TEH;137;221;0.00838585
817;0SV006052TEH;138;221;0.00086203
817;0SV006052TEH;139;221;0.00447647
817;0SV006052TEH;140;221;0.01619426
817;0SV006052TEH;136;222;0.04964481
817;0SV006052TEH;137;222;0.00456174
817;0SV006052TEH;139;222;0.01332457
817;0SV006052TEH;136;223;0.04846838
817;0SV006052TEH;137;223;0.00587142
817;0SV006052TEH;138;223;0.00145753
817;0SV006052TEH;139;223;0.01102282
817;0SV006052TEH;136;224;0.04478298
817;0SV006052TEH;138;224;0.02515660
817;0SV006052TEH;149;224;0.00051922
817;0SV006052TEH;136;225;0.04478298
817;0SV006052TEH;137;225;0.00215337
817;0SV006052TEH;138;225;0.00738714
817;0SV006052TEH;149;225;0.00046999
817;0SV006052TEH;136;226;0.04658974
817;0SV006052TEH;137;226;0.00514815
817;0SV006052TEH;138;226;0.00827610
817;0SV006052TEH;149;226;0.00104940
817;0SV006052TEH;136;227;0.05162397
817;0SV006052TEH;137;227;0.00218615
817;0SV006052TEH;138;227;0.00676283
817;0SV006052TEH;149;227;0.00086498
817;0SV006052TEH;150;227;0.00040583
817;0SV006052TEH;135;228;0.00001258
817;0SV006052TEH;136;228;0.06783870
817;0SV006052TEH;137;228;0.00767461
817;0SV006052TEH;150;228;0.00097881
817;0SV006052TEH;151;228;0.00042626
817;0SV006052TEH;131;229;0.00008420
817;0SV006052TEH;132;229;0.00010214
817;0SV006052TEH;133;229;0.00010214
817;0SV006052TEH;134;229;0.00010586
817;0SV006052TEH;135;229;0.03769080
817;0SV006052TEH;136;229;0.02128171
817;0SV006052TEH;137;229;0.00037247
817;0SV006052TEH;151;229;0.00095839
817;0SV006052TEH;152;229;0.00044668
817;0SV006052TEH;129;230;0.00002740
817;0SV006052TEH;130;230;0.00012559
817;0SV006052TEH;131;230;0.00003224
817;0SV006052TEH;135;230;0.05745380
817;0SV006052TEH;136;230;0.00165554
817;0SV006052TEH;137;230;0.00003315
817;0SV006052TEH;138;230;0.00035232
817;0SV006052TEH;152;230;0.00093796
817;0SV006052TEH;153;230;0.00189786
817;0SV006052TEH;154;230;0.00077255
817;0SV006052TEH;126;231;0.00002870
817;0SV006052TEH;127;231;0.00010750
817;0SV006052TEH;128;231;0.00010750
817;0SV006052TEH;129;231;0.00008072
817;0SV006052TEH;135;231;0.05578386
817;0SV006052TEH;138;231;0.00020594
817;0SV006052TEH;139;231;0.00032303
817;0SV006052TEH;140;231;0.00032148
817;0SV006052TEH;141;231;0.00032148
817;0SV006052TEH;142;231;0.00002389
817;0SV006052TEH;152;231;0.00076115
817;0SV006052TEH;153;231;0.00018111
817;0SV006052TEH;123;232;0.00003062
817;0SV006052TEH;124;232;0.00010750
817;0SV006052TEH;125;232;0.00010750
817;0SV006052TEH;126;232;0.00007880
817;0SV006052TEH;135;232;0.05466423
817;0SV006052TEH;136;232;0.00023988
817;0SV006052TEH;142;232;0.00029760
817;0SV006052TEH;143;232;0.00032148
817;0SV006052TEH;144;232;0.00032148
817;0SV006052TEH;145;232;0.00032148
817;0SV006052TEH;146;232;0.00031942
817;0SV006052TEH;147;232;0.00031737
817;0SV006052TEH;148;232;0.00031737
817;0SV006052TEH;149;232;0.00033136
817;0SV006052TEH;150;232;0.00026404
817;0SV006052TEH;151;232;0.00106171
817;0SV006052TEH;152;232;0.00015317
817;0SV006052TEH;123;233;0.00035897
817;0SV006052TEH;135;233;0.05425527
817;0SV006052TEH;136;233;0.00246013
817;0SV006052TEH;150;233;0.00072063
817;0SV006052TEH;151;233;0.00009274
817;0SV006052TEH;150;234;0.00049044
817;0SV006052TEH;150;235;0.00136377
817;0SV006006COL;133;194;0.00043502
817;0SV006006COL;140;194;0.03771510
817;0SV006006COL;133;195;0.00103263
817;0SV006006COL;139;195;0.04068740
817;0SV006006COL;140;195;0.03156860
817;0SV006006COL;131;196;0.00043512
817;0SV006006COL;132;196;0.00568450
817;0SV006006COL;133;196;0.00131396
817;0SV006006COL;139;196;0.07423261
817;0SV006006COL;140;196;0.00011888
817;0SV006006COL;133;197;0.00475389
817;0SV006006COL;138;197;0.03825956
817;0SV006006COL;139;197;0.03424570
817;0SV006006COL;140;197;0.00103920
817;0SV006006COL;141;197;0.00058260
817;0SV006006COL;142;197;0.00017184
817;0SV006006COL;133;198;0.00475389
817;0SV006006COL;138;198;0.07089138
817;0SV006006COL;142;198;0.00077754
817;0SV006006COL;133;199;0.00454921
817;0SV006006COL;134;199;0.00250462
817;0SV006006COL;137;199;0.02922405
817;0SV006006COL;138;199;0.04111713
817;0SV006006COL;141;199;0.00047320
817;0SV006006COL;142;199;0.00020977
817;0SV006006COL;134;200;0.00341165
817;0SV006006COL;135;200;0.00491703
817;0SV006006COL;136;200;0.00471191
817;0SV006006COL;137;200;0.07359890
817;0SV006006COL;140;200;0.00009279
817;0SV006006COL;141;200;0.00812879
817;0SV006006COL;142;200;0.00636257
817;0SV006006COL;136;201;0.01244618
817;0SV006006COL;137;201;0.06856281
817;0SV006006COL;138;201;0.00612441
817;0SV006006COL;139;201;0.00544771
817;0SV006006COL;140;201;0.00588068
817;0SV006006COL;136;202;0.06941963
817;0SV006006COL;140;202;0.00672407
817;0SV006006COL;136;203;0.07165227
817;0SV006006COL;137;203;0.00555368
817;0SV006006COL;138;203;0.00555368
817;0SV006006COL;139;203;0.00783114
817;0SV006006COL;140;203;0.00344155
817;0SV006006COL;136;204;0.06752215
817;0SV006006COL;139;204;0.00146740
817;0SV006006COL;140;204;0.00076296
817;0SV006006COL;136;205;0.06626916
817;0SV006006COL;140;205;0.00232591
817;0SV006006COL;141;205;0.00024724
817;0SV006006COL;136;206;0.06122373
817;0SV006006COL;140;206;0.00198034
817;0SV006006COL;141;206;0.00011588
817;0SV006006COL;142;206;0.00022435
817;0SV006006COL;140;207;0.00122202
817;SCC0060420SB;194;70;0.00938492
817;SCC0060420SB;195;70;0.00269822
817;SCC0060420SB;185;71;0.00000472
817;SCC0060420SB;186;71;0.01198513
817;SCC0060420SB;187;71;0.00248974
817;SCC0060420SB;188;71;0.00211031
817;SCC0060420SB;189;71;0.03755382
817;SCC0060420SB;190;71;0.04457642
817;SCC0060420SB;191;71;0.03037688
817;SCC0060420SB;192;71;0.02469374
817;SCC0060420SB;193;71;0.02699824
817;SCC0060420SB;194;71;0.01854743
817;SCC0060420SB;195;71;0.00080761
817;SCC0060420SB;175;72;0.00001824
817;SCC0060420SB;180;72;0.00027344
817;SCC0060420SB;181;72;0.00853866
817;SCC0060420SB;182;72;0.00973703
817;SCC0060420SB;183;72;0.01020186
817;SCC0060420SB;184;72;0.01136094
817;SCC0060420SB;185;72;0.01338383
817;SCC0060420SB;186;72;0.03585385
817;SCC0060420SB;187;72;0.05622999
817;SCC0060420SB;188;72;0.06653745
817;SCC0060420SB;189;72;0.04612075
817;SCC0060420SB;190;72;0.01152497
817;SCC0060420SB;191;72;0.00491053
817;SCC0060420SB;192;72;0.00189399
817;SCC0060420SB;193;72;0.00007777
817;SCC0060420SB;175;73;0.00003575
817;SCC0060420SB;176;73;0.00013103
817;SCC0060420SB;177;73;0.00010581
817;SCC0060420SB;178;73;0.01593393
817;SCC0060420SB;179;73;0.00929141
817;SCC0060420SB;180;73;0.00951416
817;SCC0060420SB;181;73;0.00189021
817;SCC0060420SB;183;73;0.00000584
817;SCC0060420SB;184;73;0.00000559
817;SCC0060420SB;186;73;0.00000101
817;SCC0060420SB;187;73;0.00270643
817;SCC0060420SB;188;73;0.00525175
817;SCC0060420SB;189;73;0.00000003
817;SCC0060420SB;190;73;0.00000678
817;SCC0060420SB;191;73;0.00000001
817;SCC0060420SB;173;74;0.00012159
817;SCC0060420SB;174;74;0.00010535
817;SCC0060420SB;175;74;0.00291392
817;SCC0060420SB;176;74;0.00328587
817;SCC0060420SB;177;74;0.00324982
817;SCC0060420SB;178;74;0.00968805
817;SCC0060420SB;179;74;0.00010612
817;SCC0060420SB;181;74;0.00030827
817;SCC0060420SB;182;74;0.00010990
817;SCC0060420SB;183;74;0.00000242
817;SCC0060420SB;184;74;0.00000222
817;SCC0060420SB;185;74;0.00000106
817;SCC0060420SB;186;74;0.00291089
817;SCC0060420SB;187;74;0.00448491
817;SCC0060420SB;188;74;0.00005712
817;SCC0060420SB;189;74;0.00000010
817;SCC0060420SB;171;75;0.00000007
817;SCC0060420SB;172;75;0.00000004
817;SCC0060420SB;173;75;0.00001764
817;SCC0060420SB;174;75;0.00106497
817;SCC0060420SB;175;75;0.00247310
817;SCC0060420SB;178;75;0.00665456
817;SCC0060420SB;179;75;0.00011737
817;SCC0060420SB;180;75;0.00014483
817;SCC0060420SB;181;75;0.00044763
817;SCC0060420SB;183;75;0.00017935
817;SCC0060420SB;184;75;0.00415448
817;SCC0060420SB;185;75;0.00449829
817;SCC0060420SB;186;75;0.00163828
817;SCC0060420SB;187;75;0.00000979
817;SCC0060420SB;188;75;0.00000008
817;SCC0060420SB;189;75;0.00000004
817;SCC0060420SB;171;76;0.00000038
817;SCC0060420SB;172;76;0.00033857
817;SCC0060420SB;173;76;0.00201665
817;SCC0060420SB;174;76;0.00357301
817;SCC0060420SB;175;76;0.00005222
817;SCC0060420SB;176;76;0.00006022
817;SCC0060420SB;177;76;0.00006501
817;SCC0060420SB;178;76;0.00680708
817;SCC0060420SB;179;76;0.00512622
817;SCC0060420SB;180;76;0.00475298
817;SCC0060420SB;181;76;0.00240550
817;SCC0060420SB;182;76;0.00481073
817;SCC0060420SB;183;76;0.00378913
817;SCC0060420SB;171;77;0.00006514
817;SCC0060420SB;172;77;0.00573639
817;SCC0060420SB;173;77;0.00855528
817;SCC0060420SB;174;77;0.00005923
817;SCC0060420SB;175;77;0.00000779
817;SCC0060420SB;176;77;0.00320297
817;SCC0060420SB;177;77;0.00394970
817;SCC0060420SB;178;77;0.00744074
817;SCC0060420SB;179;77;0.00401002
817;SCC0060420SB;180;77;0.00088685
817;SCC0060420SB;181;77;0.00559956
817;SCC0060420SB;182;77;0.00023267
817;SCC0060420SB;183;77;0.00015505
817;SCC0060420SB;184;77;0.00002595
817;SCC0060420SB;170;78;0.00000001
817;SCC0060420SB;171;78;0.00011906
817;SCC0060420SB;172;78;0.01218874
817;SCC0060420SB;173;78;0.00627007
817;SCC0060420SB;174;78;0.00377346
817;SCC0060420SB;175;78;0.00392619
817;SCC0060420SB;176;78;0.00148628
817;SCC0060420SB;178;78;0.00000375
817;SCC0060420SB;179;78;0.00903374
817;SCC0060420SB;180;78;0.00589006
817;SCC0060420SB;181;78;0.00112465
817;SCC0060420SB;182;78;0.00005198
817;SCC0060420SB;184;78;0.00000225
817;SCC0060420SB;185;78;0.00000071
817;SCC0060420SB;170;79;0.00000048
817;SCC0060420SB;171;79;0.00069242
817;SCC0060420SB;172;79;0.00912020
817;SCC0060420SB;173;79;0.00219179
817;SCC0060420SB;176;79;0.00007973
817;SCC0060420SB;177;79;0.00003551
817;SCC0060420SB;178;79;0.00509781
817;SCC0060420SB;179;79;0.01117670
817;SCC0060420SB;180;79;0.00018652
817;SCC0060420SB;184;79;0.00000018
817;SCC0060420SB;185;79;0.00000177
817;SCC0060420SB;170;80;0.00000053
817;SCC0060420SB;171;80;0.00677277
817;SCC0060420SB;172;80;0.00145971
817;SCC0060420SB;173;80;0.00205477
817;SCC0060420SB;174;80;0.00007704
817;SCC0060420SB;175;80;0.00008849
817;SCC0060420SB;176;80;0.00592323
817;SCC0060420SB;177;80;0.01136678
817;SCC0060420SB;178;80;0.00576388
817;SCC0060420SB;179;80;0.00005918
817;SCC0060420SB;180;80;0.00010892
817;SCC0060420SB;181;80;0.00002373
817;SCC0060420SB;182;80;0.00000741
817;SCC0060420SB;183;80;0.00000033
817;SCC0060420SB;184;80;0.00000141
817;SCC0060420SB;185;80;0.00000047
817;SCC0060420SB;170;81;0.00010564
817;SCC0060420SB;171;81;0.00360834
817;SCC0060420SB;172;81;0.00626267
817;SCC0060420SB;173;81;0.00233581
817;SCC0060420SB;174;81;0.00003539
817;SCC0060420SB;175;81;0.00467019
817;SCC0060420SB;176;81;0.00955117
817;SCC0060420SB;177;81;0.00002422
817;SCC0060420SB;179;81;0.00014165
817;SCC0060420SB;180;81;0.00004933
817;SCC0060420SB;195;81;0.00005478
817;SCC0060420SB;171;82;0.00020867
817;SCC0060420SB;173;82;0.00676871
817;SCC0060420SB;174;82;0.00020274
817;SCC0060420SB;175;82;0.01240687
817;SCC0060420SB;176;82;0.00000058
817;SCC0060420SB;177;82;0.00003205
817;SCC0060420SB;178;82;0.00002423
817;SCC0060420SB;179;82;0.00000290
817;SCC0060420SB;193;82;0.00000001
817;SCC0060420SB;195;82;0.00003418
817;SCC0060420SB;171;83;0.00026415
817;SCC0060420SB;172;83;0.00043980
817;SCC0060420SB;173;83;0.01050186
817;SCC0060420SB;174;83;0.01439776
817;SCC0060420SB;175;83;0.00018241
817;SCC0060420SB;176;83;0.00016868
817;SCC0060420SB;177;83;0.00020402
817;SCC0060420SB;193;83;0.00000002
817;SCC0060420SB;194;83;0.00005324
817;SCC0060420SB;195;83;0.00001046
817;SCC0060420SB;171;84;0.00156596
817;SCC0060420SB;172;84;0.00262502
817;SCC0060420SB;173;84;0.02962391
817;SCC0060420SB;174;84;0.00554826
817;SCC0060420SB;175;84;0.00020080
817;SCC0060420SB;176;84;0.00056687
817;SCC0060420SB;177;84;0.00037527
817;SCC0060420SB;178;84;0.00001468
817;SCC0060420SB;190;84;0.00000029
817;SCC0060420SB;191;84;0.00000163
817;SCC0060420SB;192;84;0.00004715
817;SCC0060420SB;194;84;0.00007425
817;SCC0060420SB;170;85;0.00162675
817;SCC0060420SB;171;85;0.00080873
817;SCC0060420SB;172;85;0.00430581
817;SCC0060420SB;173;85;0.04784242
817;SCC0060420SB;174;85;0.00079348
817;SCC0060420SB;175;85;0.00043647
817;SCC0060420SB;176;85;0.00002364
817;SCC0060420SB;178;85;0.00000373
817;SCC0060420SB;190;85;0.00005300
817;SCC0060420SB;191;85;0.00017315
817;SCC0060420SB;192;85;0.00018715
817;SCC0060420SB;170;86;0.00476323
817;SCC0060420SB;171;86;0.00320392
817;SCC0060420SB;172;86;0.00318341
817;SCC0060420SB;173;86;0.04645770
817;SCC0060420SB;174;86;0.00102168
817;SCC0060420SB;178;86;0.00002070
817;SCC0060420SB;186;86;0.00000118
817;SCC0060420SB;188;86;0.00009800
817;SCC0060420SB;189;86;0.00041444
817;SCC0060420SB;190;86;0.00034761
817;SCC0060420SB;191;86;0.00012070
817;SCC0060420SB;171;87;0.00000051
817;SCC0060420SB;173;87;0.00633119
817;SCC0060420SB;178;87;0.00001334
817;SCC0060420SB;186;87;0.00013552
817;SCC0060420SB;187;87;0.00027122
817;SCC0060420SB;188;87;0.00017037
817;SCC0060420SB;177;88;0.00003011
817;SCC0060420SB;178;88;0.00037621
817;SCC0060420SB;179;88;0.00010116
817;SCC0060420SB;185;88;0.00008108
817;SCC0060420SB;186;88;0.00017103
817;SCC0060420SB;179;89;0.00030905
817;SCC0060420SB;179;90;0.00000970
817;SCC0060420SB;180;90;0.00024619
817;SCC0060420SB;181;90;0.00007373
817;GBV006026GBU;212;155;0.02469031
817;GBV006026GBU;213;155;0.00344681
817;GBV006026GBU;218;155;0.00241584
817;GBV006026GBU;227;155;0.00011569
817;GBV006026GBU;228;155;0.00011367
817;GBV006026GBU;229;155;0.00002623
817;GBV006026GBU;212;156;0.02969959
817;GBV006026GBU;217;156;0.00267392
817;GBV006026GBU;218;156;0.00026446
817;GBV006026GBU;227;156;0.00019645
817;GBV006026GBU;228;156;0.00000754
817;GBV006026GBU;210;157;0.01274786
817;GBV006026GBU;211;157;0.02754464
817;GBV006026GBU;212;157;0.00400910
817;GBV006026GBU;217;157;0.00293838
817;GBV006026GBU;226;157;0.00013619
817;GBV006026GBU;227;157;0.00000547
817;GBV006026GBU;207;158;0.00407191
817;GBV006026GBU;208;158;0.02164876
817;GBV006026GBU;209;158;0.02164876
817;GBV006026GBU;210;158;0.00890090
817;GBV006026GBU;217;158;0.00293838
817;GBV006026GBU;226;158;0.00005768
817;GBV006026GBU;204;159;0.00002598
817;GBV006026GBU;205;159;0.01150993
817;GBV006026GBU;206;159;0.02164876
817;GBV006026GBU;207;159;0.01757684
817;GBV006026GBU;216;159;0.00215550
817;GBV006026GBU;217;159;0.00078289
817;GBV006026GBU;205;160;0.01617918
817;GBV006026GBU;216;160;0.00293838
817;GBV006026GBU;204;161;0.01447599
817;GBV006026GBU;205;161;0.00619072
817;GBV006026GBU;216;161;0.00293838
817;GBV006026GBU;203;162;0.00514749
817;GBV006026GBU;204;162;0.01634658
817;GBV006026GBU;215;162;0.00163707
817;GBV006026GBU;216;162;0.00130131
817;GBV006026GBU;203;163;0.02149407
817;GBV006026GBU;213;163;0.00275439
817;GBV006026GBU;214;163;0.00009162
817;GBV006026GBU;215;163;0.00293838
817;GBV006026GBU;202;164;0.01543450
817;GBV006026GBU;203;164;0.00418101
817;GBV006026GBU;212;164;0.00269165
817;GBV006026GBU;213;164;0.00269092
817;GBV006026GBU;214;164;0.00451322
817;GBV006026GBU;215;164;0.00524481
817;GBV006026GBU;202;165;0.01895900
817;GBV006026GBU;211;165;0.00218189
817;GBV006026GBU;212;165;0.00320068
817;GBV006026GBU;215;165;0.00682101
817;GBV006026GBU;198;166;0.00079625
817;GBV006026GBU;201;166;0.00551563
817;GBV006026GBU;202;166;0.01920238
817;GBV006026GBU;203;166;0.00400668
817;GBV006026GBU;204;166;0.00400668
817;GBV006026GBU;205;166;0.00400668
817;GBV006026GBU;206;166;0.00400668
817;GBV006026GBU;207;166;0.00013776
817;GBV006026GBU;210;166;0.00167212
817;GBV006026GBU;211;166;0.00371045
817;GBV006026GBU;215;166;0.00762946
817;GBV006026GBU;216;166;0.00067792
817;GBV006026GBU;198;167;0.00104786
817;GBV006026GBU;199;167;0.00370341
817;GBV006026GBU;200;167;0.00370341
817;GBV006026GBU;201;167;0.02484829
817;GBV006026GBU;207;167;0.00386892
817;GBV006026GBU;208;167;0.00400668
817;GBV006026GBU;209;167;0.00400668
817;GBV006026GBU;210;167;0.00356818
817;GBV006026GBU;216;167;0.00009657
817;GBV006026GBU;201;168;0.01793372
817;GBV006026GBU;200;169;0.01002857
817;GBV006026GBU;201;169;0.00782915
817;GBV006026GBU;200;170;0.01737040
817;GBV006026GBU;200;171;0.01693133
817;GBV006026GBU;199;172;0.00511362
817;GBV006026GBU;200;172;0.01181353
817;GBV006026GBU;199;173;0.01692716
817;GBV006026GBU;199;174;0.01690235
817;GBV006026GBU;199;175;0.01695884
817;GBV006026GBU;197;176;0.00947967
817;GBV006026GBU;198;176;0.02030332
817;GBV006026GBU;199;176;0.00720721
817;GBV006026GBU;197;177;0.01965003
817;GBV006026GBU;199;177;0.00048624
817;GBV006026GBU;190;178;0.00660316
817;GBV006026GBU;191;178;0.00982346
817;GBV006026GBU;192;178;0.00983141
817;GBV006026GBU;193;178;0.00984158
817;GBV006026GBU;194;178;0.02162768
817;GBV006026GBU;195;178;0.01763956
817;GBV006026GBU;196;178;0.01877785
817;GBV006026GBU;197;178;0.01063558
817;GBV006026GBU;199;178;0.00048624
817;GBV006026GBU;193;179;0.00083539
817;GBV006026GBU;194;179;0.01973154
817;GBV006026GBU;199;179;0.00016384
817;GBV006026GBU;200;179;0.00032241
817;GBV006026GBU;193;180;0.02056693
817;GBV006026GBU;200;180;0.00031093
817;GBV006026GBU;193;181;0.02061666
817;GBV006026GBU;193;182;0.02067205
817;GBV006026GBU;193;183;0.02067205
817;GBV006026GBU;192;184;0.01142210
817;GBV006026GBU;193;184;0.00924995
817;GBV006026GBU;192;185;0.02067205
817;GBV006026GBU;191;186;0.00080550
817;GBV006026GBU;192;186;0.03123026
817;GBV006026GBU;191;187;0.02112551
817;GBV006026GBU;192;187;0.01283175
817;NCC006027MBU;162;109;0.00000552
817;NCC006027MBU;166;109;0.00161980
817;NCC006027MBU;151;110;0.00035423
817;NCC006027MBU;152;110;0.00071695
817;NCC006027MBU;165;110;0.00406828
817;NCC006027MBU;166;110;0.00471735
817;NCC006027MBU;169;110;0.00000030
817;NCC006027MBU;170;110;0.00000020
817;NCC006027MBU;150;111;0.00050008
817;NCC006027MBU;151;111;0.00095146
817;NCC006027MBU;162;111;0.00015443
817;NCC006027MBU;163;111;0.00028050
817;NCC006027MBU;164;111;0.00582281
817;NCC006027MBU;165;111;0.00156333
817;NCC006027MBU;166;111;0.00012729
817;NCC006027MBU;170;111;0.00000193
817;NCC006027MBU;173;111;0.00003683
817;NCC006027MBU;150;112;0.00119667
817;NCC006027MBU;159;112;0.00001269
817;NCC006027MBU;160;112;0.00005940
817;NCC006027MBU;161;112;0.00005411
817;NCC006027MBU;162;112;0.00002328
817;NCC006027MBU;163;112;0.00190169
817;NCC006027MBU;164;112;0.00446920
817;NCC006027MBU;166;112;0.00003437
817;NCC006027MBU;167;112;0.00013419
817;NCC006027MBU;168;112;0.00000735
817;NCC006027MBU;170;112;0.00000067
817;NCC006027MBU;171;112;0.00004282
817;NCC006027MBU;172;112;0.00015285
817;NCC006027MBU;173;112;0.00006429
817;NCC006027MBU;150;113;0.00117143
817;NCC006027MBU;154;113;0.00004758
817;NCC006027MBU;157;113;0.00005728
817;NCC006027MBU;158;113;0.00011319
817;NCC006027MBU;159;113;0.00006384
817;NCC006027MBU;163;113;0.00589620
817;NCC006027MBU;168;113;0.00004107
817;NCC006027MBU;169;113;0.00000469
817;NCC006027MBU;170;113;0.00004131
817;NCC006027MBU;171;113;0.00014185
817;NCC006027MBU;149;114;0.00019145
817;NCC006027MBU;150;114;0.00146712
817;NCC006027MBU;152;114;0.00005216
817;NCC006027MBU;153;114;0.00009037
817;NCC006027MBU;154;114;0.00002872
817;NCC006027MBU;155;114;0.00012971
817;NCC006027MBU;156;114;0.00002765
817;NCC006027MBU;157;114;0.00003977
817;NCC006027MBU;159;114;0.00002973
817;NCC006027MBU;160;114;0.00002017
817;NCC006027MBU;161;114;0.00001701
817;NCC006027MBU;162;114;0.00179520
817;NCC006027MBU;163;114;0.00396691
817;NCC006027MBU;168;114;0.00000028
817;NCC006027MBU;169;114;0.00003749
817;NCC006027MBU;170;114;0.00017759
817;NCC006027MBU;148;115;0.00122893
817;NCC006027MBU;149;115;0.00053845
817;NCC006027MBU;150;115;0.00003582
817;NCC006027MBU;151;115;0.00012637
817;NCC006027MBU;152;115;0.00005304
817;NCC006027MBU;154;115;0.00000074
817;NCC006027MBU;155;115;0.00005098
817;NCC006027MBU;156;115;0.00000515
817;NCC006027MBU;157;115;0.00003665
817;NCC006027MBU;159;115;0.00002636
817;NCC006027MBU;161;115;0.00022246
817;NCC006027MBU;162;115;0.00713316
817;NCC006027MBU;163;115;0.00030157
817;NCC006027MBU;168;115;0.00000030
817;NCC006027MBU;169;115;0.00014964
817;NCC006027MBU;170;115;0.00006209
817;NCC006027MBU;147;116;0.00011242
817;NCC006027MBU;148;116;0.00091156
817;NCC006027MBU;152;116;0.00000036
817;NCC006027MBU;153;116;0.00001800
817;NCC006027MBU;154;116;0.00008925
817;NCC006027MBU;155;116;0.00000275
817;NCC006027MBU;156;116;0.00026858
817;NCC006027MBU;157;116;0.00010802
817;NCC006027MBU;159;116;0.00002368
817;NCC006027MBU;160;116;0.00011148
817;NCC006027MBU;161;116;0.00757605
817;NCC006027MBU;162;116;0.00001300
817;NCC006027MBU;168;116;0.00010021
817;NCC006027MBU;169;116;0.00006278
817;NCC006027MBU;147;117;0.00149092
817;NCC006027MBU;150;117;0.00000026
817;NCC006027MBU;151;117;0.00000158
817;NCC006027MBU;152;117;0.00000107
817;NCC006027MBU;154;117;0.00001920
817;NCC006027MBU;155;117;0.00016636
817;NCC006027MBU;157;117;0.00040101
817;NCC006027MBU;158;117;0.00011793
817;NCC006027MBU;159;117;0.00004729
817;NCC006027MBU;160;117;0.00702820
817;NCC006027MBU;161;117;0.00010181
817;NCC006027MBU;162;117;0.00002497
817;NCC006027MBU;163;117;0.00000531
817;NCC006027MBU;167;117;0.00012797
817;NCC006027MBU;168;117;0.00006962
817;NCC006027MBU;146;118;0.00106831
817;NCC006027MBU;147;118;0.00073103
817;NCC006027MBU;150;118;0.00000276
817;NCC006027MBU;154;118;0.00000007
817;NCC006027MBU;155;118;0.00006657
817;NCC006027MBU;156;118;0.00008579
817;NCC006027MBU;158;118;0.00029720
817;NCC006027MBU;160;118;0.00761792
817;NCC006027MBU;161;118;0.00022177
817;NCC006027MBU;162;118;0.00035358
817;NCC006027MBU;163;118;0.00000439
817;NCC006027MBU;166;118;0.00017042
817;NCC006027MBU;167;118;0.00000017
817;NCC006027MBU;145;119;0.00068202
817;NCC006027MBU;146;119;0.00100926
817;NCC006027MBU;147;119;0.00046610
817;NCC006027MBU;150;119;0.00000187
817;NCC006027MBU;154;119;0.00000020
817;NCC006027MBU;156;119;0.00001129
817;NCC006027MBU;157;119;0.00042501
817;NCC006027MBU;158;119;0.00039539
817;NCC006027MBU;159;119;0.00656279
817;NCC006027MBU;160;119;0.00069097
817;NCC006027MBU;161;119;0.00034962
817;NCC006027MBU;162;119;0.00015923
817;NCC006027MBU;163;119;0.00052622
817;NCC006027MBU;164;119;0.00068495
817;NCC006027MBU;165;119;0.00024034
817;NCC006027MBU;166;119;0.00009133
817;NCC006027MBU;167;119;0.00006783
817;NCC006027MBU;144;120;0.00095406
817;NCC006027MBU;145;120;0.00188990
817;NCC006027MBU;146;120;0.00073903
817;NCC006027MBU;150;120;0.00000290
817;NCC006027MBU;154;120;0.00000020
817;NCC006027MBU;157;120;0.01079882
817;NCC006027MBU;158;120;0.00859151
817;NCC006027MBU;159;120;0.00280283
817;NCC006027MBU;163;120;0.00008437
817;NCC006027MBU;164;120;0.00019737
817;NCC006027MBU;165;120;0.00034315
817;NCC006027MBU;166;120;0.00034847
817;NCC006027MBU;167;120;0.00017695
817;NCC006027MBU;143;121;0.00077796
817;NCC006027MBU;144;121;0.00224560
817;NCC006027MBU;145;121;0.00022473
817;NCC006027MBU;150;121;0.00000203
817;NCC006027MBU;151;121;0.00017231
817;NCC006027MBU;154;121;0.00000019
817;NCC006027MBU;157;121;0.00825439
817;NCC006027MBU;158;121;0.00047650
817;NCC006027MBU;159;121;0.00007500
817;NCC006027MBU;160;121;0.00003801
817;NCC006027MBU;161;121;0.00000531
817;NCC006027MBU;162;121;0.00007618
817;NCC006027MBU;163;121;0.00011920
817;NCC006027MBU;142;122;0.00158882
817;NCC006027MBU;143;122;0.00183096
817;NCC006027MBU;150;122;0.00001067
817;NCC006027MBU;151;122;0.00007953
817;NCC006027MBU;152;122;0.00025764
817;NCC006027MBU;153;122;0.00029235
817;NCC006027MBU;154;122;0.00022084
817;NCC006027MBU;155;122;0.00023962
817;NCC006027MBU;156;122;0.00750352
817;NCC006027MBU;157;122;0.00325318
817;NCC006027MBU;159;122;0.00010245
817;NCC006027MBU;161;122;0.00000325
817;NCC006027MBU;162;122;0.00016816
817;NCC006027MBU;163;122;0.00001715
817;NCC006027MBU;164;122;0.00000737
817;NCC006027MBU;141;123;0.00183808
817;NCC006027MBU;142;123;0.00050602
817;NCC006027MBU;150;123;0.00003110
817;NCC006027MBU;154;123;0.00016521
817;NCC006027MBU;155;123;0.00957254
817;NCC006027MBU;156;123;0.00409643
817;NCC006027MBU;157;123;0.00019869
817;NCC006027MBU;159;123;0.00000626
817;NCC006027MBU;160;123;0.00002047
817;NCC006027MBU;162;123;0.00001378
817;NCC006027MBU;163;123;0.00000403
817;NCC006027MBU;141;124;0.00236257
817;NCC006027MBU;148;124;0.00000639
817;NCC006027MBU;149;124;0.00003448
817;NCC006027MBU;150;124;0.00000728
817;NCC006027MBU;153;124;0.00003203
817;NCC006027MBU;154;124;0.00318064
817;NCC006027MBU;155;124;0.00939311
817;NCC006027MBU;156;124;0.00038626
817;NCC006027MBU;141;125;0.00195367
817;NCC006027MBU;148;125;0.00006056
817;NCC006027MBU;152;125;0.00000546
817;NCC006027MBU;153;125;0.00067315
817;NCC006027MBU;154;125;0.01210366
817;NCC006027MBU;155;125;0.00002656
817;NCC006027MBU;140;126;0.00030266
817;NCC006027MBU;141;126;0.00220171
817;NCC006027MBU;143;126;0.00004511
817;NCC006027MBU;144;126;0.00000494
817;NCC006027MBU;147;126;0.00032515
817;NCC006027MBU;148;126;0.00006629
817;NCC006027MBU;151;126;0.00002359
817;NCC006027MBU;152;126;0.00005366
817;NCC006027MBU;153;126;0.01213836
817;NCC006027MBU;154;126;0.00402920
817;NCC006027MBU;155;126;0.00012201
817;NCC006027MBU;156;126;0.00003391
817;NCC006027MBU;140;127;0.00233792
817;NCC006027MBU;143;127;0.00006761
817;NCC006027MBU;145;127;0.00092692
817;NCC006027MBU;146;127;0.00061105
817;NCC006027MBU;147;127;0.00002749
817;NCC006027MBU;150;127;0.00007914
817;NCC006027MBU;151;127;0.00009372
817;NCC006027MBU;152;127;0.01281896
817;NCC006027MBU;153;127;0.00424122
817;NCC006027MBU;156;127;0.00004373
817;NCC006027MBU;140;128;0.00244992
817;NCC006027MBU;143;128;0.00008631
817;NCC006027MBU;144;128;0.00510938
817;NCC006027MBU;145;128;0.00052199
817;NCC006027MBU;149;128;0.00000249
817;NCC006027MBU;150;128;0.00013568
817;NCC006027MBU;151;128;0.01322700
817;NCC006027MBU;152;128;0.00104853
817;NCC006027MBU;153;128;0.00000004
817;NCC006027MBU;156;128;0.00000806
817;NCC006027MBU;140;129;0.00195719
817;NCC006027MBU;141;129;0.00875170
817;NCC006027MBU;142;129;0.00483371
817;NCC006027MBU;143;129;0.00358826
817;NCC006027MBU;144;129;0.00438018
817;NCC006027MBU;145;129;0.00000182
817;NCC006027MBU;146;129;0.00023523
817;NCC006027MBU;149;129;0.00000748
817;NCC006027MBU;150;129;0.01490170
817;NCC006027MBU;151;129;0.00694724
817;NCC006027MBU;152;129;0.00011416
817;NCC006027MBU;140;130;0.00305301
817;NCC006027MBU;141;130;0.02793019
817;NCC006027MBU;142;130;0.00722303
817;NCC006027MBU;143;130;0.00985574
817;NCC006027MBU;144;130;0.01081874
817;NCC006027MBU;145;130;0.00728976
817;NCC006027MBU;146;130;0.00004399
817;NCC006027MBU;147;130;0.00016494
817;NCC006027MBU;148;130;0.00012292
817;NCC006027MBU;149;130;0.01394624
817;NCC006027MBU;150;130;0.00315970
817;NCC006027MBU;151;130;0.00001697
817;NCC006027MBU;152;130;0.00004352
817;NCC006027MBU;140;131;0.00598976
817;NCC006027MBU;141;131;0.02664397
817;NCC006027MBU;142;131;0.04014209
817;NCC006027MBU;143;131;0.00230448
817;NCC006027MBU;145;131;0.00666147
817;NCC006027MBU;146;131;0.00658752
817;NCC006027MBU;147;131;0.00157468
817;NCC006027MBU;148;131;0.01240035
817;NCC006027MBU;149;131;0.00710553
817;NCC006027MBU;150;131;0.00003376
817;NCC006027MBU;140;132;0.00030771
817;NCC006027MBU;141;132;0.00028966
817;NCC006027MBU;142;132;0.01288453
817;NCC006027MBU;143;132;0.02375257
817;NCC006027MBU;144;132;0.00276765
817;NCC006027MBU;145;132;0.00675945
817;NCC006027MBU;146;132;0.01570771
817;NCC006027MBU;147;132;0.01823762
817;NCC006027MBU;148;132;0.00725076
817;NCC006027MBU;149;132;0.00028613
817;NCC006027MBU;143;133;0.02882013
817;NCC006027MBU;144;133;0.01090552
817;NCC006027MBU;145;133;0.00836184
817;NCC006027MBU;146;133;0.04473191
817;NCC006027MBU;147;133;0.04040363
817;NCC006027MBU;148;133;0.00223054
817;NCC006027MBU;149;133;0.00013417
817;NCC006027MBU;143;134;0.01661482
817;NCC006027MBU;144;134;0.00343676
817;NCC006027MBU;145;134;0.00596579
817;NCC006027MBU;146;134;0.03238512
817;NCC006027MBU;147;134;0.00697119
817;NCC006027MBU;148;134;0.00077802
817;NCC006027MBU;144;135;0.02593537
817;NCC006027MBU;145;135;0.00583940
817;NCC006027MBU;146;135;0.02305219
817;NCC006027MBU;147;135;0.00167858
817;NCC006027MBU;148;135;0.00018921
817;NCC006027MBU;143;136;0.00002223
817;NCC006027MBU;144;136;0.01391242
817;NCC006027MBU;145;136;0.00976929
817;NCC006027MBU;146;136;0.03290187
817;NCC006027MBU;147;136;0.00418601
817;NCC006027MBU;148;136;0.00054693
817;NCC006027MBU;144;137;0.01256990
817;NCC006027MBU;145;137;0.00053336
817;NCC006027MBU;146;137;0.00799152
817;NCC006027MBU;147;137;0.02106214
817;NCC006027MBU;148;137;0.00015923
817;NCC006027MBU;143;138;0.00000232
817;NCC006027MBU;144;138;0.01730937
817;NCC006027MBU;145;138;0.00683843
817;NCC006027MBU;146;138;0.00621135
817;NCC006027MBU;147;138;0.00759600
817;NCC006027MBU;144;139;0.00464419
817;NCC006027MBU;145;139;0.00320263
817;NCC006027MBU;146;139;0.00342037
817;NCC006027MBU;147;139;0.00009436
817;0SV006031PLA;153;188;0.00252039
817;0SV006031PLA;154;188;0.00286614
817;0SV006031PLA;155;188;0.04747561
817;0SV006031PLA;156;188;0.01495722
817;0SV006031PLA;157;188;0.01098344
817;0SV006031PLA;151;189;0.00340309
817;0SV006031PLA;152;189;0.00424593
817;0SV006031PLA;153;189;0.02003943
817;0SV006031PLA;154;189;0.02403254
817;0SV006031PLA;155;189;0.10856212
817;0SV006031PLA;156;189;0.07841699
817;0SV006031PLA;157;189;0.01991546
817;0SV006031PLA;158;189;0.00226015
817;0SV006031PLA;151;190;0.00007014
817;0SV006031PLA;153;190;0.00833407
817;0SV006031PLA;154;190;0.02161987
817;0SV006031PLA;155;190;0.09173509
817;0SV006031PLA;156;190;0.07072431
817;0SV006031PLA;157;190;0.02602875
817;0SV006031PLA;158;190;0.00374961
817;0SV006031PLA;151;191;0.00046785
817;0SV006031PLA;152;191;0.00042473
817;0SV006031PLA;153;191;0.00040391
817;0SV006031PLA;154;191;0.00996584
817;0SV006031PLA;155;191;0.04486305
817;0SV006031PLA;156;191;0.00891042
817;0SV006031PLA;157;191;0.04805806
817;0SV006031PLA;158;191;0.01338124
817;0SV006031PLA;159;191;0.00048325
817;0SV006031PLA;151;192;0.00018326
817;0SV006031PLA;152;192;0.00066841
817;0SV006031PLA;153;192;0.00118595
817;0SV006031PLA;154;192;0.00997889
817;0SV006031PLA;155;192;0.03242561
817;0SV006031PLA;156;192;0.00650867
817;0SV006031PLA;157;192;0.00353046
817;0SV006031PLA;158;192;0.04812359
817;0SV006031PLA;159;192;0.01354834
817;0SV006031PLA;151;193;0.00019449
817;0SV006031PLA;152;193;0.00050324
817;0SV006031PLA;153;193;0.00793296
817;0SV006031PLA;154;193;0.00796662
817;0SV006031PLA;155;193;0.00963089
817;0SV006031PLA;156;193;0.00456964
817;0SV006031PLA;157;193;0.00272424
817;0SV006031PLA;158;193;0.00005178
817;0SV006031PLA;159;193;0.04580392
817;0SV006031PLA;160;193;0.01270528
817;0SV006031PLA;153;194;0.00680975
817;0SV006031PLA;154;194;0.00301852
817;0SV006031PLA;155;194;0.00146562
817;0SV006031PLA;156;194;0.00059438
817;0SV006031PLA;157;194;0.00176673
817;0SV006031PLA;158;194;0.00259215
817;0SV006031PLA;159;194;0.02183547
817;0SV006031PLA;160;194;0.02361145
817;0SV006031PLA;152;195;0.00012659
817;0SV006031PLA;153;195;0.01198780
817;0SV006031PLA;154;195;0.00003883
817;0SV006031PLA;155;195;0.00047551
817;0SV006031PLA;158;195;0.00082055
817;0SV006031PLA;159;195;0.01419433
817;0SV006031PLA;160;195;0.00528671
817;0SV006031PLA;152;196;0.00108460
817;0SV006031PLA;153;196;0.00258628
817;0SV006031PLA;154;196;0.00025438
817;0SV006031PLA;155;196;0.00028481
817;0SV006031PLA;159;196;0.00388458
817;0SV006031PLA;154;197;0.00005168
817;0SV006031PLA;155;197;0.00009434
817;0MC006003AMA;161;175;0.00011390
817;0MC006003AMA;160;176;0.00030721
817;0MC006003AMA;161;176;0.02732061
817;0MC006003AMA;161;177;0.02875414
817;0MC006003AMA;162;177;0.05513895
817;0MC006003AMA;163;177;0.00471193
817;0MC006003AMA;166;177;0.00103140
817;0MC006003AMA;167;177;0.01486044
817;0MC006003AMA;162;178;0.02672653
817;0MC006003AMA;163;178;0.02056985
817;0MC006003AMA;164;178;0.02363399
817;0MC006003AMA;165;178;0.03677482
817;0MC006003AMA;166;178;0.05841699
817;0MC006003AMA;160;179;0.00115954
817;0MC006003AMA;161;179;0.00648583
817;0MC006003AMA;162;179;0.00033131
817;0MC006003AMA;163;179;0.01480182
817;0MC006003AMA;165;179;0.04845213
817;0MC006003AMA;166;179;0.00265491
817;0MC006003AMA;167;179;0.03230873
817;0MC006003AMA;168;179;0.01216870
817;0MC006003AMA;169;179;0.00442185
817;0MC006003AMA;163;180;0.01325972
817;0MC006003AMA;164;180;0.01483538
817;0MC006003AMA;165;180;0.02577405
817;0MC006003AMA;168;180;0.02724430
817;0MC006003AMA;169;180;0.02201541
817;0MC006003AMA;170;180;0.01263220
817;0MC006003AMA;171;180;0.00037263
817;0MC006003AMA;161;181;0.03731834
817;0MC006003AMA;162;181;0.03776877
817;0MC006003AMA;163;181;0.05833911
817;0MC006003AMA;164;181;0.05470293
817;0MC006003AMA;170;181;0.00226696
817;0MC006003AMA;171;181;0.00929677
817;0MC006003AMA;160;182;0.00803298
817;0MC006003AMA;161;182;0.01201963
817;0MC006003AMA;162;182;0.02665947
817;0MC006003AMA;163;182;0.00166284
817;0MC006003AMA;164;182;0.02263148
817;0MC006003AMA;165;182;0.00595666
817;0MC006003AMA;171;182;0.00084246
817;0MC006003AMA;172;182;0.01005239
817;0MC006003AMA;162;183;0.03470453
817;0MC006003AMA;164;183;0.01332111
817;0MC006003AMA;165;183;0.01013170
817;0MC006003AMA;166;183;0.01123453
817;0MC006003AMA;172;183;0.00142818
817;0MC006003AMA;173;183;0.01662003
817;0MC006003AMA;174;183;0.01424930
817;0MC006003AMA;175;183;0.00978419
817;0MC006003AMA;176;183;0.00011954
817;0MC006003AMA;164;184;0.00039292
817;0MC006003AMA;176;184;0.01149422
817;0MC006003AMA;177;184;0.01159091
817;0MC006003AMA;177;185;0.00704494
817;0MC006003AMA;178;185;0.00079758
817;0MC006003AMA;178;186;0.00973980
817;0MC006003AMA;179;186;0.00741756
817;0MC006003AMA;179;187;0.00177561
817;0MC006003AMA;180;187;0.00571115
817;0MC006003AMA;180;188;0.00761215
817;0MC006005CAL;169;166;0.00116911
817;0MC006005CAL;170;166;0.00932704
817;0MC006005CAL;166;167;0.02345517
817;0MC006005CAL;167;167;0.01220199
817;0MC006005CAL;169;167;0.01260451
817;0MC006005CAL;167;168;0.01618020
817;0MC006005CAL;168;168;0.03407061
817;0MC006005CAL;169;168;0.00672756
817;0MC006005CAL;168;169;0.01871991
817;0MC006005CAL;171;169;0.02483649
817;0MC006005CAL;172;169;0.00165008
817;0MC006005CAL;168;170;0.01006704
817;0MC006005CAL;169;170;0.04688418
817;0MC006005CAL;170;170;0.00523590
817;0MC006005CAL;171;170;0.03477785
817;0MC006005CAL;162;171;0.06310064
817;0MC006005CAL;163;171;0.03236623
817;0MC006005CAL;169;171;0.00466619
817;0MC006005CAL;170;171;0.07689937
817;0MC006005CAL;171;171;0.01336451
817;0MC006005CAL;172;171;0.00969179
817;0MC006005CAL;163;172;0.04302702
817;0MC006005CAL;164;172;0.00060242
817;0MC006005CAL;168;172;0.00044316
817;0MC006005CAL;169;172;0.04053016
817;0MC006005CAL;172;172;0.00345404
817;0MC006005CAL;173;172;0.00826317
817;0MC006005CAL;164;173;0.02907830
817;0MC006005CAL;168;173;0.03499491
817;0MC006005CAL;173;173;0.01237796
817;0MC006005CAL;174;173;0.00081602
817;0MC006005CAL;161;174;0.04142665
817;0MC006005CAL;162;174;0.02050480
817;0MC006005CAL;163;174;0.01814404
817;0MC006005CAL;164;174;0.02290849
817;0MC006005CAL;165;174;0.03513720
817;0MC006005CAL;166;174;0.03521427
817;0MC006005CAL;167;174;0.03898727
817;0MC006005CAL;168;174;0.02322913
817;0MC006005CAL;174;174;0.01319398
817;0MC006005CAL;166;175;0.00965944
817;0MC006005CAL;167;175;0.01314503
817;0MC006005CAL;174;175;0.00566204
817;0MC006005CAL;175;175;0.00379913
817;0MC006005CAL;167;176;0.02280447
817;0MC006005CAL;175;176;0.00161405
817;0MC006005CAL;176;176;0.00062501
817;0MC006005CAL;167;177;0.02666689
817;0MC006005CAL;168;177;0.00340068
817;0MC006005CAL;176;177;0.00139978
817;0MC006005CAL;177;177;0.00077143
817;0MC006005CAL;168;178;0.00031424
817;0MC006005CAL;169;178;0.00371492
817;0MC006005CAL;170;178;0.00150269
817;0MC006005CAL;177;178;0.00125337
817;0MC006005CAL;178;178;0.00138880
817;0MC006005CAL;170;179;0.00221223
817;0MC006005CAL;171;179;0.00418344
817;0MC006005CAL;178;179;0.00236225
817;0MC006005CAL;179;179;0.00209276
817;0MC006005CAL;171;180;0.00441776
817;0MC006005CAL;179;180;0.00218028
817;0MC006005CAL;180;180;0.00227473
817;0MC006005CAL;180;181;0.00199831
817;0MC006005CAL;181;181;0.00022687
817;0SS006013IMP;273;25;0.00176622
817;0SS006013IMP;273;26;0.01183588
817;0SS006013IMP;274;26;0.00448290
817;0SS006013IMP;278;26;0.00000795
817;0SS006013IMP;279;26;0.00005189
817;0SS006013IMP;273;27;0.00096506
817;0SS006013IMP;274;27;0.01382707
817;0SS006013IMP;278;27;0.00000267
817;0SS006013IMP;279;27;0.00000263
817;0SS006013IMP;280;27;0.00005426
817;0SS006013IMP;281;27;0.00005426
817;0SS006013IMP;282;27;0.00005410
817;0SS006013IMP;283;27;0.00005011
817;0SS006013IMP;284;27;0.00019389
817;0SS006013IMP;285;27;0.00036826
817;0SS006013IMP;286;27;0.00073087
817;0SS006013IMP;287;27;0.00549820
817;0SS006013IMP;288;27;0.00167843
817;0SS006013IMP;289;27;0.00029679
817;0SS006013IMP;290;27;0.00021440
817;0SS006013IMP;274;28;0.00471916
817;0SS006013IMP;275;28;0.01307843
817;0SS006013IMP;276;28;0.01398959
817;0SS006013IMP;277;28;0.01309452
817;0SS006013IMP;278;28;0.00030773
817;0SS006013IMP;283;28;0.00003573
817;0SS006013IMP;284;28;0.00065309
817;0SS006013IMP;285;28;0.00046346
817;0SS006013IMP;286;28;0.00224069
817;0SS006013IMP;287;28;0.00624148
817;0SS006013IMP;288;28;0.00144748
817;0SS006013IMP;289;28;0.00153688
817;0SS006013IMP;290;28;0.00134612
817;0SS006013IMP;291;28;0.00096125
817;0SS006013IMP;292;28;0.00092609
817;0SS006013IMP;293;28;0.00090287
817;0SS006013IMP;294;28;0.00084854
817;0SS006013IMP;295;28;0.00039014
817;0SS006013IMP;277;29;0.00000464
817;0SS006013IMP;278;29;0.01283494
817;0SS006013IMP;279;29;0.01324167
817;0SS006013IMP;280;29;0.01337621
817;0SS006013IMP;281;29;0.01290586
817;0SS006013IMP;282;29;0.01284153
817;0SS006013IMP;283;29;0.01023144
817;0SS006013IMP;284;29;0.00106369
817;0SS006013IMP;285;29;0.00073881
817;0SS006013IMP;286;29;0.00568218
817;0SS006013IMP;287;29;0.00502129
817;0SS006013IMP;288;29;0.00033252
817;0SS006013IMP;289;29;0.00026794
817;0SS006013IMP;290;29;0.00053831
817;0SS006013IMP;291;29;0.00011304
817;0SS006013IMP;292;29;0.00000721
817;0SS006013IMP;294;29;0.01578599
817;0SS006013IMP;295;29;0.01788568
817;0SS006013IMP;296;29;0.01830982
817;0SS006013IMP;297;29;0.01784282
817;0SS006013IMP;298;29;0.01764001
817;0SS006013IMP;299;29;0.01766065
817;0SS006013IMP;300;29;0.01898850
817;0SS006013IMP;301;29;0.01042842
817;0SS006013IMP;282;30;0.00019431
817;0SS006013IMP;283;30;0.00297757
817;0SS006013IMP;284;30;0.01615171
817;0SS006013IMP;285;30;0.02010784
817;0SS006013IMP;286;30;0.02540211
817;0SS006013IMP;287;30;0.02355698
817;0SS006013IMP;288;30;0.01740114
817;0SS006013IMP;289;30;0.01720577
817;0SS006013IMP;290;30;0.01699290
817;0SS006013IMP;291;30;0.01663072
817;0SS006013IMP;292;30;0.01803731
817;0SS006013IMP;293;30;0.01729940
817;0SS006013IMP;294;30;0.00163863
817;0SS006013IMP;301;30;0.01419217
817;0SS006013IMP;302;30;0.01951573
817;0SS006013IMP;303;30;0.01778972
817;0SS006013IMP;304;30;0.01782096
817;0SS006013IMP;305;30;0.01835179
817;0SS006013IMP;306;30;0.01827764
817;0SS006013IMP;307;30;0.01817425
817;0SS006013IMP;282;31;0.00011194
817;0SS006013IMP;283;31;0.00052309
817;0SS006013IMP;284;31;0.00409678
817;0SS006013IMP;285;31;0.00683231
817;0SS006013IMP;286;31;0.00226730
817;0SS006013IMP;287;31;0.00744792
817;0SS006013IMP;288;31;0.00159089
817;0SS006013IMP;289;31;0.00206500
817;0SS006013IMP;290;31;0.00157160
817;0SS006013IMP;291;31;0.00069777
817;0SS006013IMP;292;31;0.00004472
817;0SS006013IMP;302;31;0.00005384
817;0SS006013IMP;304;31;0.00008123
817;0SS006013IMP;307;31;0.00110047
817;0SS006013IMP;308;31;0.00200376
817;0SS006013IMP;309;31;0.00006231
817;0SS006013IMP;282;32;0.00004542
817;0SS006013IMP;283;32;0.00010727
817;0SS006013IMP;284;32;0.00318589
817;0SS006013IMP;285;32;0.00596559
817;0SS006013IMP;286;32;0.00174507
817;0SS006013IMP;287;32;0.00692577
817;0SS006013IMP;288;32;0.00017361
817;0SS006013IMP;289;32;0.00052867
817;0SS006013IMP;290;32;0.00035426
817;0SS006013IMP;291;32;0.00022320
817;0SS006013IMP;302;32;0.00005401
817;0SS006013IMP;309;32;0.00003098
817;0SS006013IMP;284;33;0.00290371
817;0SS006013IMP;285;33;0.00415601
817;0SS006013IMP;286;33;0.00186988
817;0SS006013IMP;287;33;0.00605559
817;0SS006013IMP;288;33;0.00005277
817;0SS006013IMP;289;33;0.00032261
817;0SS006013IMP;290;33;0.00024740
817;0SS006013IMP;291;33;0.00022939
817;0SS006013IMP;302;33;0.00005392
817;0SS006013IMP;284;34;0.00297124
817;0SS006013IMP;285;34;0.00431223
817;0SS006013IMP;286;34;0.00324155
817;0SS006013IMP;287;34;0.00430621
817;0SS006013IMP;288;34;0.00012644
817;0SS006013IMP;289;34;0.00062742
817;0SS006013IMP;290;34;0.00007447
817;0SS006013IMP;291;34;0.00018824
817;0SS006013IMP;302;34;0.00005399
817;0SS006013IMP;284;35;0.00290221
817;0SS006013IMP;285;35;0.00533660
817;0SS006013IMP;286;35;0.01026801
817;0SS006013IMP;287;35;0.00372403
817;0SS006013IMP;288;35;0.00103368
817;0SS006013IMP;289;35;0.00088019
817;0SS006013IMP;290;35;0.00059206
817;0SS006013IMP;291;35;0.00036122
817;0SS006013IMP;292;35;0.00028540
817;0SS006013IMP;293;35;0.00001694
817;0SS006013IMP;301;35;0.00005181
817;0SS006013IMP;302;35;0.00004650
817;0SS006013IMP;283;36;0.00001279
817;0SS006013IMP;284;36;0.00955739
817;0SS006013IMP;285;36;0.00706996
817;0SS006013IMP;286;36;0.00751810
817;0SS006013IMP;287;36;0.00245821
817;0SS006013IMP;288;36;0.00017894
817;0SS006013IMP;290;36;0.00026882
817;0SS006013IMP;291;36;0.00019550
817;0SS006013IMP;293;36;0.00026648
817;0SS006013IMP;294;36;0.00032307
817;0SS006013IMP;295;36;0.00035291
817;0SS006013IMP;296;36;0.00032771
817;0SS006013IMP;300;36;0.00000074
817;0SS006013IMP;301;36;0.00005352
817;0SS006013IMP;281;37;0.00808905
817;0SS006013IMP;282;37;0.01296523
817;0SS006013IMP;283;37;0.01158926
817;0SS006013IMP;284;37;0.00924201
817;0SS006013IMP;285;37;0.00062707
817;0SS006013IMP;286;37;0.00121518
817;0SS006013IMP;287;37;0.00055068
817;0SS006013IMP;288;37;0.00022671
817;0SS006013IMP;289;37;0.00015524
817;0SS006013IMP;290;37;0.00013843
817;0SS006013IMP;296;37;0.00001676
817;0SS006013IMP;297;37;0.00036168
817;0SS006013IMP;298;37;0.00032822
817;0SS006013IMP;299;37;0.00010414
817;0SS006013IMP;300;37;0.00005503
817;0SS006013IMP;279;38;0.01089535
817;0SS006013IMP;280;38;0.01310341
817;0SS006013IMP;281;38;0.00787697
817;0SS006013IMP;284;38;0.00124822
817;0SS006013IMP;285;38;0.00008152
817;0SS006013IMP;286;38;0.00089708
817;0SS006013IMP;288;38;0.00014844
817;0SS006013IMP;289;38;0.00005475
817;0SS006013IMP;299;38;0.00033952
817;0SS006013IMP;300;38;0.00005968
817;0SS006013IMP;278;39;0.01247282
817;0SS006013IMP;279;39;0.00124182
817;0SS006013IMP;284;39;0.00082178
817;0SS006013IMP;285;39;0.00037990
817;0SS006013IMP;286;39;0.00097685
817;0SS006013IMP;287;39;0.00009861
817;0SS006013IMP;288;39;0.00023916
817;0SS006013IMP;289;39;0.00007148
817;0SS006013IMP;299;39;0.00021875
817;0SS006013IMP;300;39;0.00033366
817;0SS006013IMP;277;40;0.00654586
817;0SS006013IMP;278;40;0.00952670
817;0SS006013IMP;284;40;0.00000878
817;0SS006013IMP;285;40;0.00001812
817;0SS006013IMP;286;40;0.00092864
817;0SS006013IMP;287;40;0.00005847
817;0SS006013IMP;288;40;0.00017920
817;0SS006013IMP;289;40;0.00010876
817;0SS006013IMP;290;40;0.00006295
817;0SS006013IMP;300;40;0.00029953
817;0SS006013IMP;301;40;0.00008260
817;0SS006013IMP;277;41;0.01274106
817;0SS006013IMP;284;41;0.00000501
817;0SS006013IMP;285;41;0.00005833
817;0SS006013IMP;286;41;0.00090106
817;0SS006013IMP;287;41;0.00009831
817;0SS006013IMP;301;41;0.00036437
817;0SS006013IMP;276;42;0.01311028
817;0SS006013IMP;277;42;0.00131385
817;0SS006013IMP;284;42;0.00005099
817;0SS006013IMP;285;42;0.00018121
817;0SS006013IMP;286;42;0.00099694
817;0SS006013IMP;287;42;0.00008367
817;0SS006013IMP;301;42;0.00035720
817;0SS006013IMP;275;43;0.00800707
817;0SS006013IMP;276;43;0.00611334
817;0SS006013IMP;284;43;0.00022773
817;0SS006013IMP;285;43;0.00075174
817;0SS006013IMP;286;43;0.00023089
817;0SS006013IMP;301;43;0.00039942
817;0SS006013IMP;274;44;0.00210044
817;0SS006013IMP;275;44;0.01275764
817;0SS006013IMP;276;44;0.00030879
817;0SS006013IMP;284;44;0.00088641
817;0SS006013IMP;301;44;0.00003285
817;0SS006013IMP;302;44;0.00044045
817;0SS006013IMP;274;45;0.01329387
817;0SS006013IMP;280;45;0.00045990
817;0SS006013IMP;281;45;0.00038644
817;0SS006013IMP;282;45;0.00012718
817;0SS006013IMP;283;45;0.00074218
817;0SS006013IMP;284;45;0.00016033
817;0SS006013IMP;302;45;0.00008253
817;0SS006013IMP;303;45;0.00045160
817;0SS006013IMP;273;46;0.00601352
817;0SS006013IMP;274;46;0.00801325
817;0SS006013IMP;279;46;0.00068618
817;0SS006013IMP;280;46;0.00047366
817;0SS006013IMP;281;46;0.00051242
817;0SS006013IMP;282;46;0.00059935
817;0SS006013IMP;283;46;0.00028962
817;0SS006013IMP;303;46;0.00005015
817;0SS006013IMP;304;46;0.00032974
817;0SS006013IMP;273;47;0.00545796
817;0SS006013IMP;278;47;0.00028664
817;0SS006013IMP;279;47;0.00049564
817;0SS006013IMP;282;47;0.00003183
817;0SS006013IMP;304;47;0.00039753
817;0SS006013IMP;303;48;0.00010236
817;0SS006013IMP;304;48;0.00028829
817;0SS006013IMP;303;49;0.00015724
817;NEP006047SIS;135;255;0.03548966
817;NEP006047SIS;136;255;0.00002363
817;NEP006047SIS;146;255;0.00275818
817;NEP006047SIS;147;255;0.00296117
817;NEP006047SIS;135;256;0.00492527
817;NEP006047SIS;136;256;0.02825618
817;NEP006047SIS;145;256;0.00437641
817;NEP006047SIS;146;256;0.00285714
817;NEP006047SIS;135;257;0.01285556
817;NEP006047SIS;136;257;0.03109725
817;NEP006047SIS;137;257;0.00491952
817;NEP006047SIS;138;257;0.00485834
817;NEP006047SIS;139;257;0.00312698
817;NEP006047SIS;140;257;0.00312698
817;NEP006047SIS;141;257;0.00312698
817;NEP006047SIS;142;257;0.00312698
817;NEP006047SIS;143;257;0.00312698
817;NEP006047SIS;144;257;0.00357593
817;NEP006047SIS;145;257;0.00123891
817;NEP006047SIS;125;258;0.00001208
817;NEP006047SIS;126;258;0.00082809
817;NEP006047SIS;127;258;0.00036417
817;NEP006047SIS;135;258;0.04132596
817;NEP006047SIS;136;258;0.00143395
817;NEP006047SIS;125;259;0.00105440
817;NEP006047SIS;134;259;0.02851799
817;NEP006047SIS;135;259;0.01156438
817;NEP006047SIS;124;260;0.00069542
817;NEP006047SIS;125;260;0.00003620
817;NEP006047SIS;134;260;0.03861526
817;NEP006047SIS;111;261;0.00011607
817;NEP006047SIS;124;261;0.00073162
817;NEP006047SIS;133;261;0.01201001
817;NEP006047SIS;134;261;0.02756746
817;NEP006047SIS;111;262;0.00017148
817;NEP006047SIS;124;262;0.00073162
817;NEP006047SIS;132;262;0.01654637
817;NEP006047SIS;133;262;0.02255728
817;NEP006047SIS;134;262;0.00586084
817;NEP006047SIS;111;263;0.00017148
817;NEP006047SIS;123;263;0.00061223
817;NEP006047SIS;124;263;0.00023285
817;NEP006047SIS;125;263;0.00000070
817;NEP006047SIS;132;263;0.02733642
817;NEP006047SIS;134;263;0.00715613
817;NEP006047SIS;135;263;0.00226880
817;NEP006047SIS;111;264;0.00017136
817;NEP006047SIS;123;264;0.00066590
817;NEP006047SIS;132;264;0.02715204
817;NEP006047SIS;135;264;0.00790934
817;NEP006047SIS;136;264;0.00962944
817;NEP006047SIS;111;265;0.00017093
817;NEP006047SIS;123;265;0.00077317
817;NEP006047SIS;131;265;0.02388057
817;NEP006047SIS;132;265;0.00322619
817;NEP006047SIS;134;265;0.00006905
817;NEP006047SIS;135;265;0.00064212
817;NEP006047SIS;136;265;0.00147261
817;NEP006047SIS;137;265;0.00823501
817;NEP006047SIS;111;266;0.00017093
817;NEP006047SIS;122;266;0.00006501
817;NEP006047SIS;123;266;0.00005233
817;NEP006047SIS;124;266;0.00086222
817;NEP006047SIS;131;266;0.02703698
817;NEP006047SIS;133;266;0.00051415
817;NEP006047SIS;134;266;0.00057307
817;NEP006047SIS;137;266;0.00933156
817;NEP006047SIS;111;267;0.00016890
817;NEP006047SIS;119;267;0.00003139
817;NEP006047SIS;120;267;0.00005430
817;NEP006047SIS;122;267;0.00014543
817;NEP006047SIS;124;267;0.00193661
817;NEP006047SIS;125;267;0.00274079
817;NEP006047SIS;126;267;0.00242932
817;NEP006047SIS;131;267;0.02776522
817;NEP006047SIS;132;267;0.00064212
817;NEP006047SIS;133;267;0.00012797
817;NEP006047SIS;137;267;0.00462960
817;NEP006047SIS;138;267;0.00960741
817;NEP006047SIS;139;267;0.00097984
817;NEP006047SIS;111;268;0.00007621
817;NEP006047SIS;112;268;0.00007085
817;NEP006047SIS;119;268;0.00013552
817;NEP006047SIS;120;268;0.00005378
817;NEP006047SIS;121;268;0.00010498
817;NEP006047SIS;122;268;0.00001007
817;NEP006047SIS;126;268;0.00110308
817;NEP006047SIS;127;268;0.00311836
817;NEP006047SIS;128;268;0.00088699
817;NEP006047SIS;129;268;0.02597577
817;NEP006047SIS;130;268;0.02785040
817;NEP006047SIS;131;268;0.00154032
817;NEP006047SIS;139;268;0.00862758
817;NEP006047SIS;140;268;0.00960741
817;NEP006047SIS;141;268;0.00118888
817;NEP006047SIS;112;269;0.00014706
817;NEP006047SIS;119;269;0.00002072
817;NEP006047SIS;120;269;0.00012752
817;NEP006047SIS;128;269;0.00748184
817;NEP006047SIS;129;269;0.02328327
817;NEP006047SIS;131;269;0.00075179
817;NEP006047SIS;140;269;0.00755154
817;NEP006047SIS;141;269;0.00143324
817;NEP006047SIS;112;270;0.00001388
817;NEP006047SIS;113;270;0.00013318
817;NEP006047SIS;120;270;0.00001130
817;NEP006047SIS;121;270;0.00017773
817;NEP006047SIS;129;270;0.02733903
817;NEP006047SIS;130;270;0.00004316
817;NEP006047SIS;131;270;0.00128730
817;NEP006047SIS;140;270;0.00905797
817;NEP006047SIS;113;271;0.00009862
817;NEP006047SIS;114;271;0.00004845
817;NEP006047SIS;120;271;0.00001018
817;NEP006047SIS;121;271;0.00030779
817;NEP006047SIS;129;271;0.02773836
817;NEP006047SIS;131;271;0.00059477
817;NEP006047SIS;140;271;0.00512985
817;NEP006047SIS;141;271;0.00413389
817;NEP006047SIS;114;272;0.00020753
817;NEP006047SIS;119;272;0.00016620
817;NEP006047SIS;120;272;0.00022501
817;NEP006047SIS;121;272;0.00047412
817;NEP006047SIS;122;272;0.00003764
817;NEP006047SIS;129;272;0.01084243
817;NEP006047SIS;130;272;0.01695257
817;NEP006047SIS;141;272;0.00926374
817;NEP006047SIS;113;273;0.00002307
817;NEP006047SIS;114;273;0.00003233
817;NEP006047SIS;115;273;0.00018285
817;NEP006047SIS;117;273;0.00017211
817;NEP006047SIS;118;273;0.00017800
817;NEP006047SIS;119;273;0.00001180
817;NEP006047SIS;122;273;0.00035210
817;NEP006047SIS;123;273;0.00037369
817;NEP006047SIS;124;273;0.00039908
817;NEP006047SIS;125;273;0.00028688
817;NEP006047SIS;126;273;0.00037463
817;NEP006047SIS;127;273;0.00040982
817;NEP006047SIS;128;273;0.00040982
817;NEP006047SIS;129;273;0.00040982
817;NEP006047SIS;130;273;0.02735276
817;NEP006047SIS;141;273;0.00313602
817;NEP006047SIS;142;273;0.00612772
817;NEP006047SIS;113;274;0.00003759
817;NEP006047SIS;115;274;0.00007852
817;NEP006047SIS;116;274;0.00018343
817;NEP006047SIS;117;274;0.00000589
817;NEP006047SIS;125;274;0.00023614
817;NEP006047SIS;126;274;0.00003520
817;NEP006047SIS;130;274;0.02677431
817;NEP006047SIS;131;274;0.00003581
817;NEP006047SIS;142;274;0.00926374
817;NEP006047SIS;112;275;0.00001430
817;NEP006047SIS;113;275;0.00002757
817;NEP006047SIS;130;275;0.02679447
817;NEP006047SIS;142;275;0.00114219
817;NEP006047SIS;143;275;0.00816210
817;NEP006047SIS;152;275;0.00032388
817;NEP006047SIS;111;276;0.00001019
817;NEP006047SIS;112;276;0.00003731
817;NEP006047SIS;129;276;0.00870464
817;NEP006047SIS;130;276;0.01861104
817;NEP006047SIS;143;276;0.00833934
817;NEP006047SIS;144;276;0.00112271
817;NEP006047SIS;151;276;0.00016997
817;NEP006047SIS;152;276;0.00032788
817;NEP006047SIS;111;277;0.00002555
817;NEP006047SIS;129;277;0.01784086
817;NEP006047SIS;144;277;0.00436198
817;NEP006047SIS;145;277;0.00247142
817;NEP006047SIS;146;277;0.00247142
817;NEP006047SIS;147;277;0.00247142
817;NEP006047SIS;148;277;0.00247141
817;NEP006047SIS;149;277;0.00247139
817;NEP006047SIS;150;277;0.00089318
817;NEP006047SIS;151;277;0.00019854
817;0SF0060490BA;129;172;0.01507765
817;0SF0060490BA;129;173;0.02452419
817;0SF0060490BA;130;173;0.04148788
817;0SF0060490BA;131;173;0.01243223
817;0SF0060490BA;125;174;0.00003853
817;0SF0060490BA;126;174;0.00017759
817;0SF0060490BA;127;174;0.02348980
817;0SF0060490BA;128;174;0.00334733
817;0SF0060490BA;129;174;0.00486645
817;0SF0060490BA;130;174;0.00901330
817;0SF0060490BA;126;175;0.00299041
817;0SF0060490BA;127;175;0.07741851
817;0SF0060490BA;128;175;0.00817175
817;0SF0060490BA;130;175;0.00901330
817;0SF0060490BA;122;176;0.00002711
817;0SF0060490BA;123;176;0.00063183
817;0SF0060490BA;124;176;0.00287309
817;0SF0060490BA;125;176;0.00403953
817;0SF0060490BA;126;176;0.10260332
817;0SF0060490BA;127;176;0.01147171
817;0SF0060490BA;128;176;0.00469916
817;0SF0060490BA;129;176;0.00969899
817;0SF0060490BA;130;176;0.01696446
817;0SF0060490BA;131;176;0.01469420
817;0SF0060490BA;132;176;0.00110779
817;0SF0060490BA;122;177;0.00025668
817;0SF0060490BA;123;177;0.00040812
817;0SF0060490BA;124;177;0.00017211
817;0SF0060490BA;125;177;0.07760896
817;0SF0060490BA;126;177;0.00930830
817;0SF0060490BA;127;177;0.00062326
817;0SF0060490BA;129;177;0.00179961
817;0SF0060490BA;130;177;0.00371948
817;0SF0060490BA;120;178;0.00127283
817;0SF0060490BA;121;178;0.00069436
817;0SF0060490BA;122;178;0.00025942
817;0SF0060490BA;124;178;0.00672994
817;0SF0060490BA;125;178;0.06766151
817;0SF0060490BA;126;178;0.00153931
817;0SF0060490BA;129;178;0.00326633
817;0SF0060490BA;120;179;0.00162204
817;0SF0060490BA;121;179;0.00008211
817;0SF0060490BA;123;179;0.00485065
817;0SF0060490BA;124;179;0.00700255
817;0SF0060490BA;125;179;0.06149712
817;0SF0060490BA;126;179;0.00108642
817;0SF0060490BA;127;179;0.00035382
817;0SF0060490BA;128;179;0.00180745
817;0SF0060490BA;129;179;0.00618165
817;0SF0060490BA;120;180;0.00004682
817;0SF0060490BA;121;180;0.00238442
817;0SF0060490BA;122;180;0.00590835
817;0SF0060490BA;123;180;0.00300065
817;0SF0060490BA;124;180;0.00334892
817;0SF0060490BA;125;180;0.05496538
817;0SF0060490BA;126;180;0.00168851
817;0SF0060490BA;127;180;0.00145364
817;0SF0060490BA;128;180;0.00909148
817;0SF0060490BA;129;180;0.00873334
817;0SF0060490BA;130;180;0.00309727
817;0SF0060490BA;120;181;0.00021530
817;0SF0060490BA;121;181;0.00055455
817;0SF0060490BA;122;181;0.00365630
817;0SF0060490BA;123;181;0.00490420
817;0SF0060490BA;124;181;0.02737347
817;0SF0060490BA;125;181;0.05319605
817;0SF0060490BA;126;181;0.00041910
817;0SF0060490BA;127;181;0.01176166
817;0SF0060490BA;128;181;0.00550729
817;0SF0060490BA;121;182;0.00000801
817;0SF0060490BA;122;182;0.00186946
817;0SF0060490BA;123;182;0.00219793
817;0SF0060490BA;124;182;0.04164895
817;0SF0060490BA;125;182;0.01065860
817;0SF0060490BA;126;182;0.01500956
817;0SF0060490BA;122;183;0.00026291
817;0SF0060490BA;123;183;0.01651461
817;0SF0060490BA;124;183;0.01936905
817;0SF0060490BA;125;183;0.00103246
817;0SF0060490BA;126;183;0.00329543
817;0SF0060490BA;122;184;0.00359118
817;0SF0060490BA;123;184;0.01019668
817;0SF0060490BA;125;184;0.00297779
817;0SF0060490BA;126;184;0.00659641
817;0SF0060490BA;122;185;0.00155717
817;0SF0060490BA;126;185;0.00091518
817;0SF0060490BA;127;185;0.00032784
817;0SF0060430BA;149;140;0.00000069
817;0SF0060430BA;150;140;0.00000009
817;0SF0060430BA;148;141;0.00000067
817;0SF0060430BA;149;141;0.00000119
817;0SF0060430BA;150;141;0.00000378
817;0SF0060430BA;151;141;0.00000534
817;0SF0060430BA;152;141;0.00000972
817;0SF0060430BA;145;142;0.00002580
817;0SF0060430BA;147;142;0.00001254
817;0SF0060430BA;148;142;0.00238418
817;0SF0060430BA;149;142;0.00111816
817;0SF0060430BA;150;142;0.00000233
817;0SF0060430BA;152;142;0.00000041
817;0SF0060430BA;153;142;0.00000052
817;0SF0060430BA;143;143;0.00000803
817;0SF0060430BA;144;143;0.00001265
817;0SF0060430BA;146;143;0.00004526
817;0SF0060430BA;147;143;0.00000041
817;0SF0060430BA;148;143;0.00453580
817;0SF0060430BA;149;143;0.00040128
817;0SF0060430BA;156;143;0.00000001
817;0SF0060430BA;142;144;0.00005207
817;0SF0060430BA;143;144;0.00001730
817;0SF0060430BA;145;144;0.00000042
817;0SF0060430BA;146;144;0.00009769
817;0SF0060430BA;147;144;0.00083630
817;0SF0060430BA;148;144;0.00475796
817;0SF0060430BA;140;145;0.00000025
817;0SF0060430BA;141;145;0.00005793
817;0SF0060430BA;145;145;0.00000198
817;0SF0060430BA;146;145;0.00032444
817;0SF0060430BA;147;145;0.00857399
817;0SF0060430BA;148;145;0.00000860
817;0SF0060430BA;139;146;0.00027283
817;0SF0060430BA;144;146;0.00000090
817;0SF0060430BA;145;146;0.00000079
817;0SF0060430BA;146;146;0.00945201
817;0SF0060430BA;147;146;0.00423144
817;0SF0060430BA;138;147;0.00000590
817;0SF0060430BA;139;147;0.00012827
817;0SF0060430BA;142;147;0.00006066
817;0SF0060430BA;143;147;0.00003175
817;0SF0060430BA;144;147;0.00007666
817;0SF0060430BA;145;147;0.00745813
817;0SF0060430BA;146;147;0.00450253
817;0SF0060430BA;137;148;0.00116655
817;0SF0060430BA;138;148;0.00022057
817;0SF0060430BA;139;148;0.00048786
817;0SF0060430BA;140;148;0.00210585
817;0SF0060430BA;141;148;0.00061811
817;0SF0060430BA;142;148;0.00265147
817;0SF0060430BA;143;148;0.00053495
817;0SF0060430BA;144;148;0.01223565
817;0SF0060430BA;145;148;0.00647648
817;0SF0060430BA;146;148;0.00019368
817;0SF0060430BA;136;149;0.00020321
817;0SF0060430BA;137;149;0.00000241
817;0SF0060430BA;138;149;0.00016582
817;0SF0060430BA;139;149;0.00146368
817;0SF0060430BA;140;149;0.00757256
817;0SF0060430BA;141;149;0.00271029
817;0SF0060430BA;142;149;0.00632504
817;0SF0060430BA;143;149;0.01448739
817;0SF0060430BA;144;149;0.00552922
817;0SF0060430BA;145;149;0.00000811
817;0SF0060430BA;146;149;0.00000332
817;0SF0060430BA;135;150;0.00000343
817;0SF0060430BA;136;150;0.00000057
817;0SF0060430BA;137;150;0.00003069
817;0SF0060430BA;138;150;0.00060860
817;0SF0060430BA;139;150;0.00921639
817;0SF0060430BA;140;150;0.03645835
817;0SF0060430BA;141;150;0.01785299
817;0SF0060430BA;142;150;0.00986759
817;0SF0060430BA;143;150;0.02081405
817;0SF0060430BA;144;150;0.00080385
817;0SF0060430BA;135;151;0.00004988
817;0SF0060430BA;137;151;0.02311872
817;0SF0060430BA;138;151;0.03001623
817;0SF0060430BA;139;151;0.02523933
817;0SF0060430BA;140;151;0.00965811
817;0SF0060430BA;141;151;0.02833556
817;0SF0060430BA;142;151;0.02791004
817;0SF0060430BA;143;151;0.01781047
817;0SF0060430BA;144;151;0.00012035
817;0SF0060430BA;135;152;0.00001351
817;0SF0060430BA;136;152;0.02800738
817;0SF0060430BA;137;152;0.01615376
817;0SF0060430BA;138;152;0.01297555
817;0SF0060430BA;139;152;0.02225788
817;0SF0060430BA;140;152;0.04591758
817;0SF0060430BA;141;152;0.04779990
817;0SF0060430BA;142;152;0.02451663
817;0SF0060430BA;143;152;0.00342713
817;0SF0060430BA;135;153;0.02021498
817;0SF0060430BA;136;153;0.01331179
817;0SF0060430BA;137;153;0.03392744
817;0SF0060430BA;138;153;0.05551800
817;0SF0060430BA;139;153;0.04499137
817;0SF0060430BA;140;153;0.03595285
817;0SF0060430BA;141;153;0.07088083
817;0SF0060430BA;142;153;0.03016263
817;0SF0060430BA;135;154;0.00273079
817;0SF0060430BA;136;154;0.01320362
817;0SF0060430BA;137;154;0.03618619
817;0SF0060430BA;140;154;0.00005033
817;0SF0060430BA;141;154;0.04452303
817;0SF0060430BA;142;154;0.02467972
817;0SV0060570YS;147;177;0.00027868
817;0SV0060570YS;148;177;0.00019651
817;0SV0060570YS;148;178;0.00208763
817;0SV0060570YS;149;178;0.00027722
817;0SV0060570YS;150;178;0.00000399
817;0SV0060570YS;148;179;0.00002090
817;0SV0060570YS;149;179;0.00129609
817;0SV0060570YS;150;179;0.00010640
817;0SV0060570YS;148;180;0.00004823
817;0SV0060570YS;149;180;0.00185801
817;0SV0060570YS;150;180;0.00134984
817;0SV0060570YS;149;181;0.00123496
817;0SV0060570YS;150;181;0.00211195
817;0SV0060570YS;139;182;0.00092917
817;0SV0060570YS;149;182;0.00154791
817;0SV0060570YS;150;182;0.00015783
817;0SV0060570YS;138;183;0.00135642
817;0SV0060570YS;139;183;0.00121072
817;0SV0060570YS;140;183;0.00276615
817;0SV0060570YS;141;183;0.01970380
817;0SV0060570YS;144;183;0.00005836
817;0SV0060570YS;145;183;0.03626691
817;0SV0060570YS;146;183;0.00365433
817;0SV0060570YS;149;183;0.00651011
817;0SV0060570YS;150;183;0.00002674
817;0SV0060570YS;140;184;0.00013928
817;0SV0060570YS;141;184;0.01050055
817;0SV0060570YS;142;184;0.00590148
817;0SV0060570YS;143;184;0.00565821
817;0SV0060570YS;144;184;0.00791002
817;0SV0060570YS;145;184;0.04342869
817;0SV0060570YS;146;184;0.08190964
817;0SV0060570YS;147;184;0.07613579
817;0SV0060570YS;148;184;0.07615340
817;0SV0060570YS;149;184;0.10116471
817;0SV0060570YS;150;184;0.07914714
817;0SV0060570YS;140;185;0.00038443
817;0SV0060570YS;141;185;0.00962342
817;0SV0060570YS;142;185;0.00040950
817;0SV0060570YS;143;185;0.00043790
817;0SV0060570YS;144;185;0.00106356
817;0SV0060570YS;145;185;0.01605659
817;0SV0060570YS;146;185;0.00186751
817;0SV0060570YS;149;185;0.02926654
817;0SV0060570YS;150;185;0.00823691
817;0SV0060570YS;140;186;0.00028162
817;0SV0060570YS;141;186;0.00947737
817;0SV0060570YS;142;186;0.00139294
817;0SV0060570YS;143;186;0.00168349
817;0SV0060570YS;144;186;0.00438137
817;0SV0060570YS;145;186;0.01705344
817;0SV0060570YS;146;186;0.00299015
817;0SV0060570YS;148;186;0.00020048
817;0SV0060570YS;149;186;0.00020806
817;0SV0060570YS;140;187;0.00379951
817;0SV0060570YS;141;187;0.01260783
817;0SV0060570YS;142;187;0.00552470
817;0SV0060570YS;143;187;0.00664464
817;0SV0060570YS;144;187;0.01240208
817;0SV0060570YS;145;187;0.04772231
817;0SV0060570YS;146;187;0.04026715
817;0SV0060570YS;147;187;0.03620092
817;0SV0060570YS;148;187;0.00918431
817;0SV0060570YS;137;188;0.00192770
817;0SV0060570YS;138;188;0.00250062
817;0SV0060570YS;139;188;0.00344391
817;0SV0060570YS;140;188;0.00161632
817;0SV0060570YS;141;188;0.00346711
817;0SV0060570YS;143;188;0.00016663
817;0SV0060570YS;144;188;0.01245325
817;0SV0060570YS;145;188;0.01405285
817;0SV0060570YS;146;188;0.00174771
817;0SV0060570YS;136;189;0.00011010
817;0SV0060570YS;137;189;0.00118414
817;0SV0060570YS;139;189;0.00007187
817;0SV0060570YS;140;189;0.00022821
817;0SV0060570YS;141;189;0.00350485
817;0SV0060570YS;143;189;0.00651397
817;0SV0060570YS;144;189;0.00678229
817;0SV0060570YS;145;189;0.00235174
817;0SV0060570YS;146;189;0.00168218
817;0SV0060570YS;136;190;0.00115260
817;0SV0060570YS;139;190;0.00008558
817;0SV0060570YS;140;190;0.00035577
817;0SV0060570YS;141;190;0.00390460
817;0SV0060570YS;142;190;0.00376468
817;0SV0060570YS;143;190;0.01166017
817;0SV0060570YS;144;190;0.00145532
817;0SV0060570YS;145;190;0.00361556
817;0SV0060570YS;146;190;0.00299433
817;0SV0060570YS;136;191;0.00076096
817;0SV0060570YS;139;191;0.00003976
817;0SV0060570YS;141;191;0.00252061
817;0SV0060570YS;142;191;0.01286809
817;0SV0060570YS;145;191;0.00021956
817;0SV0060570YS;146;191;0.00007955
817;0SV0060570YS;135;192;0.00022510
817;0SV0060570YS;136;192;0.00026797
817;0SV0060570YS;139;192;0.00009701
817;0SV0060570YS;141;192;0.01552305
817;0SV0060570YS;142;192;0.00021265
817;0SV0060570YS;144;192;0.00026398
817;0SV0060570YS;145;192;0.00023819
817;0SV0060570YS;134;193;0.00009094
817;0SV0060570YS;135;193;0.00050350
817;0SV0060570YS;139;193;0.00010416
817;0SV0060570YS;140;193;0.01024990
817;0SV0060570YS;141;193;0.00390757
817;0SV0060570YS;143;193;0.00026185
817;0SV0060570YS;144;193;0.00010177
817;0SV0060570YS;133;194;0.00021685
817;0SV0060570YS;134;194;0.00047807
817;0SV0060570YS;140;194;0.00541241
817;0SV0060570YS;143;194;0.00008591
817;0NC006023MEN;108;190;0.00019820
817;0NC006023MEN;107;191;0.00039201
817;0NC006023MEN;108;191;0.00038573
817;0NC006023MEN;106;192;0.00070931
817;0NC006023MEN;107;192;0.00015791
817;0NC006023MEN;105;193;0.00028174
817;0NC006023MEN;106;193;0.00027754
817;0NC006023MEN;118;193;0.02494963
817;0NC006023MEN;104;194;0.00001208
817;0NC006023MEN;105;194;0.00006340
817;0NC006023MEN;113;194;0.00081737
817;0NC006023MEN;114;194;0.00109991
817;0NC006023MEN;115;194;0.00109991
817;0NC006023MEN;116;194;0.00089476
817;0NC006023MEN;118;194;0.02402812
817;0NC006023MEN;104;195;0.00007190
817;0NC006023MEN;107;195;0.00031152
817;0NC006023MEN;108;195;0.00091850
817;0NC006023MEN;112;195;0.00061604
817;0NC006023MEN;113;195;0.00061795
817;0NC006023MEN;117;195;0.02243568
817;0NC006023MEN;118;195;0.01117261
817;0NC006023MEN;104;196;0.00064659
817;0NC006023MEN;105;196;0.00127426
817;0NC006023MEN;108;196;0.00272249
817;0NC006023MEN;109;196;0.00364099
817;0NC006023MEN;110;196;0.00171738
817;0NC006023MEN;112;196;0.00123399
817;0NC006023MEN;117;196;0.03548241
817;0NC006023MEN;118;196;0.01149294
817;0NC006023MEN;119;196;0.01028952
817;0NC006023MEN;105;197;0.00230035
817;0NC006023MEN;110;197;0.00192361
817;0NC006023MEN;111;197;0.00938974
817;0NC006023MEN;112;197;0.00637870
817;0NC006023MEN;113;197;0.00409840
817;0NC006023MEN;116;197;0.02064735
817;0NC006023MEN;117;197;0.00280043
817;0NC006023MEN;105;198;0.00231413
817;0NC006023MEN;110;198;0.00598632
817;0NC006023MEN;111;198;0.00251804
817;0NC006023MEN;113;198;0.00205070
817;0NC006023MEN;114;198;0.00596006
817;0NC006023MEN;116;198;0.02331126
817;0NC006023MEN;104;199;0.00091315
817;0NC006023MEN;105;199;0.00147854
817;0NC006023MEN;109;199;0.00557815
817;0NC006023MEN;110;199;0.00269523
817;0NC006023MEN;114;199;0.00289494
817;0NC006023MEN;115;199;0.02636984
817;0NC006023MEN;116;199;0.00080691
817;0NC006023MEN;104;200;0.00240228
817;0NC006023MEN;108;200;0.00376612
817;0NC006023MEN;109;200;0.00388472
817;0NC006023MEN;115;200;0.02812063
817;0NC006023MEN;116;200;0.00039563
817;0NC006023MEN;104;201;0.00203139
817;0NC006023MEN;105;201;0.00020349
817;0NC006023MEN;106;201;0.00078789
817;0NC006023MEN;107;201;0.00095751
817;0NC006023MEN;108;201;0.00541749
817;0NC006023MEN;115;201;0.05757875
817;0NC006023MEN;103;202;0.00153880
817;0NC006023MEN;104;202;0.00139171
817;0NC006023MEN;105;202;0.00064685
817;0NC006023MEN;107;202;0.00024783
817;0NC006023MEN;115;202;0.03334694
817;0NC006023MEN;117;202;0.00134112
817;0NC006023MEN;118;202;0.00903279
817;0NC006023MEN;103;203;0.00442865
817;0NC006023MEN;107;203;0.00023732
817;0NC006023MEN;115;203;0.03705927
817;0NC006023MEN;116;203;0.01172313
817;0NC006023MEN;117;203;0.01177317
817;0NC006023MEN;103;204;0.00729977
817;0NC006023MEN;104;204;0.00005368
817;0NC006023MEN;105;204;0.00012030
817;0NC006023MEN;106;204;0.00025317
817;0NC006023MEN;107;204;0.00021373
817;0NC006023MEN;113;204;0.00065074
817;0NC006023MEN;114;204;0.02508237
817;0NC006023MEN;115;204;0.00670031
817;0NC006023MEN;117;204;0.00670518
817;0NC006023MEN;103;205;0.00720107
817;0NC006023MEN;104;205;0.00019585
817;0NC006023MEN;105;205;0.00013541
817;0NC006023MEN;106;205;0.00012013
817;0NC006023MEN;113;205;0.02365966
817;0NC006023MEN;117;205;0.00393801
817;0NC006023MEN;102;206;0.00037813
817;0NC006023MEN;103;206;0.00458184
817;0NC006023MEN;106;206;0.00057363
817;0NC006023MEN;107;206;0.00477767
817;0NC006023MEN;108;206;0.00477767
817;0NC006023MEN;109;206;0.00240743
817;0NC006023MEN;113;206;0.02344700
817;0NC006023MEN;102;207;0.00959123
817;0NC006023MEN;105;207;0.00490630
817;0NC006023MEN;106;207;0.00460110
817;0NC006023MEN;109;207;0.00398062
817;0NC006023MEN;110;207;0.00280588
817;0NC006023MEN;112;207;0.01603305
817;0NC006023MEN;113;207;0.00905624
817;0NC006023MEN;102;208;0.00229532
817;0NC006023MEN;103;208;0.01405901
817;0NC006023MEN;104;208;0.00534955
817;0NC006023MEN;105;208;0.00158308
817;0NC006023MEN;110;208;0.00233393
817;0NC006023MEN;111;208;0.00396850
817;0NC006023MEN;112;208;0.02239284
817;0NC006023MEN;103;209;0.01043375
817;0NC006023MEN;112;209;0.02315492
817;0NC006023MEN;103;210;0.00664333
817;0NC006023MEN;111;210;0.00110026
817;0NC006023MEN;112;210;0.01720569
817;0NC006023MEN;103;211;0.00055967
817;0NC006023MEN;104;211;0.00108744
817;0NC006023MEN;111;211;0.01577598
817;0NC006023MEN;103;212;0.00021435
817;0NC006023MEN;104;212;0.00126395
817;0NC006023MEN;110;212;0.00653030
817;0NC006023MEN;111;212;0.01043388
817;0NC006023MEN;103;213;0.00163504
817;0NC006023MEN;110;213;0.01118044
817;0NC006023MEN;111;213;0.00144482
817;0NC006023MEN;112;213;0.00474641
817;0NC006023MEN;103;214;0.00120414
817;0NC006023MEN;107;214;0.00004049
817;0NC006023MEN;108;214;0.00008114
817;0NC006023MEN;109;214;0.00001985
817;0NC006023MEN;110;214;0.01118119
817;0NC006023MEN;112;214;0.00466815
817;0NC006023MEN;103;215;0.00174204
817;0NC006023MEN;104;215;0.00005624
817;0NC006023MEN;105;215;0.00005624
817;0NC006023MEN;106;215;0.00006391
817;0NC006023MEN;107;215;0.00003073
817;0NC006023MEN;109;215;0.00148017
817;0NC006023MEN;110;215;0.01126519
817;0NC006023MEN;112;215;0.00442166
817;0NC006023MEN;103;216;0.00145302
817;0NC006023MEN;109;216;0.00952010
817;0NC006023MEN;110;216;0.00019827
817;0NC006023MEN;112;216;0.00181730
817;0NC006023MEN;103;217;0.00150910
817;0NC006023MEN;109;217;0.00919763
817;0NC006023MEN;102;218;0.00065042
817;0NC006023MEN;103;218;0.00089235
817;0NC006023MEN;108;218;0.00524829
817;0NC006023MEN;109;218;0.00315605
817;0NC006023MEN;102;219;0.00027755
817;0NC006023MEN;103;219;0.00072907
817;0NC006023MEN;104;219;0.00003405
817;0NC006023MEN;106;219;0.00886937
817;0NC006023MEN;107;219;0.00840828
817;0NC006023MEN;108;219;0.01083834
817;0NC006023MEN;104;220;0.00079055
817;0NC006023MEN;105;220;0.01087427
817;0NC006023MEN;106;220;0.00033243
817;0NC006023MEN;104;221;0.00786274
817;0NC006023MEN;105;221;0.00504019
817;0NC006023MEN;104;222;0.01004429
817;0NC006023MEN;103;223;0.00545040
817;0NC006023MEN;104;223;0.00480705
817;0NC006023MEN;103;224;0.00365786
817;0NC006023MEN;104;224;0.00364856
817;0SV006034SAC;147;172;0.00090237
817;0SV006034SAC;148;172;0.00058751
817;0SV006034SAC;149;172;0.00002853
817;0SV006034SAC;146;173;0.00070097
817;0SV006034SAC;147;173;0.00074453
817;0SV006034SAC;148;173;0.00102147
817;0SV006034SAC;148;174;0.00028985
817;0SV006034SAC;149;174;0.00065733
817;0SV006034SAC;148;175;0.00004465
817;0SV006034SAC;149;175;0.00092064
817;0SV006034SAC;150;175;0.00093094
817;0SV006034SAC;152;175;0.00031146
817;0SV006034SAC;153;175;0.00067246
817;0SV006034SAC;154;175;0.00049133
817;0SV006034SAC;155;175;0.00097358
817;0SV006034SAC;148;176;0.00004531
817;0SV006034SAC;149;176;0.00006247
817;0SV006034SAC;150;176;0.00139099
817;0SV006034SAC;151;176;0.00772975
817;0SV006034SAC;152;176;0.00000565
817;0SV006034SAC;154;176;0.00559696
817;0SV006034SAC;155;176;0.00323626
817;0SV006034SAC;156;176;0.00014143
817;0SV006034SAC;149;177;0.00014393
817;0SV006034SAC;150;177;0.00013182
817;0SV006034SAC;151;177;0.00517900
817;0SV006034SAC;152;177;0.00039107
817;0SV006034SAC;153;177;0.00031799
817;0SV006034SAC;154;177;0.00812940
817;0SV006034SAC;155;177;0.00028328
817;0SV006034SAC;156;177;0.00038322
817;0SV006034SAC;157;177;0.00007545
817;0SV006034SAC;149;178;0.00021440
817;0SV006034SAC;150;178;0.00012815
817;0SV006034SAC;151;178;0.00508169
817;0SV006034SAC;152;178;0.00012492
817;0SV006034SAC;153;178;0.00001281
817;0SV006034SAC;154;178;0.00803134
817;0SV006034SAC;155;178;0.00011631
817;0SV006034SAC;156;178;0.00018102
817;0SV006034SAC;157;178;0.00013874
817;0SV006034SAC;158;178;0.00005265
817;0SV006034SAC;159;178;0.00002225
817;0SV006034SAC;150;179;0.00021499
817;0SV006034SAC;151;179;0.00647657
817;0SV006034SAC;152;179;0.00165113
817;0SV006034SAC;153;179;0.00988663
817;0SV006034SAC;154;179;0.00108636
817;0SV006034SAC;155;179;0.00021323
817;0SV006034SAC;156;179;0.00024726
817;0SV006034SAC;157;179;0.00005412
817;0SV006034SAC;159;179;0.00000457
817;0SV006034SAC;160;179;0.00002201
817;0SV006034SAC;150;180;0.00002368
817;0SV006034SAC;151;180;0.01254383
817;0SV006034SAC;152;180;0.01155227
817;0SV006034SAC;153;180;0.01406206
817;0SV006034SAC;154;180;0.00264395
817;0SV006034SAC;155;180;0.00109358
817;0SV006034SAC;156;180;0.00034703
817;0SV006034SAC;157;180;0.00010281
817;0SV006034SAC;150;181;0.00703444
817;0SV006034SAC;151;181;0.00592181
817;0SV006034SAC;152;181;0.02169361
817;0SV006034SAC;153;181;0.00653773
817;0SV006034SAC;154;181;0.00294276
817;0SV006034SAC;155;181;0.00271864
817;0SV006034SAC;156;181;0.00004374
817;0SV006034SAC;157;181;0.00020853
817;0SV006034SAC;149;182;0.00015227
817;0SV006034SAC;150;182;0.01618554
817;0SV006034SAC;151;182;0.01626774
817;0SV006034SAC;152;182;0.02192694
817;0SV006034SAC;153;182;0.00564614
817;0SV006034SAC;154;182;0.00275638
817;0SV006034SAC;155;182;0.00132881
817;0SV006034SAC;156;182;0.00367955
817;0SV006034SAC;157;182;0.00170807
817;0SV006034SAC;158;182;0.00131694
817;0SV006034SAC;159;182;0.00158367
817;0SV006034SAC;160;182;0.00394812
817;0SV006034SAC;149;183;0.00012532
817;0SV006034SAC;150;183;0.01752962
817;0SV006034SAC;151;183;0.02835471
817;0SV006034SAC;152;183;0.01204640
817;0SV006034SAC;153;183;0.00827499
817;0SV006034SAC;154;183;0.00535496
817;0SV006034SAC;155;183;0.00195073
817;0SV006034SAC;156;183;0.00166068
817;0SV006034SAC;157;183;0.00113287
817;0SV006034SAC;159;183;0.00024001
817;0SV006034SAC;160;183;0.00001219
817;0SV006034SAC;150;184;0.02869426
817;0SV006034SAC;151;184;0.05096992
817;0SV006034SAC;152;184;0.03009185
817;0SV006034SAC;153;184;0.02964652
817;0SV006034SAC;154;184;0.02427353
817;0SV006034SAC;155;184;0.00780579
817;0SV006034SAC;156;184;0.00224750
817;0SV006034SAC;157;184;0.00133327
817;0SV006034SAC;158;184;0.00024223
817;0SV006034SAC;159;184;0.00003835
817;0SV006034SAC;149;185;0.00242345
817;0SV006034SAC;150;185;0.02616122
817;0SV006034SAC;151;185;0.01882605
817;0SV006034SAC;152;185;0.03122628
817;0SV006034SAC;153;185;0.01231349
817;0SV006034SAC;154;185;0.00565999
817;0SV006034SAC;155;185;0.02773418
817;0SV006034SAC;156;185;0.00737412
817;0SV006034SAC;157;185;0.00158769
817;0SV006034SAC;158;185;0.00180904
817;0SV006034SAC;159;185;0.00012960
817;0SV006034SAC;148;186;0.00000605
817;0SV006034SAC;149;186;0.00018488
817;0SV006034SAC;150;186;0.03005504
817;0SV006034SAC;151;186;0.01888056
817;0SV006034SAC;152;186;0.02520745
817;0SV006034SAC;153;186;0.03332757
817;0SV006034SAC;154;186;0.01058659
817;0SV006034SAC;155;186;0.01239241
817;0SV006034SAC;156;186;0.01650787
817;0SV006034SAC;157;186;0.01521365
817;0SV006034SAC;158;186;0.01302857
817;0SV006034SAC;159;186;0.00913340
817;0SV006034SAC;148;187;0.00585756
817;0SV006034SAC;149;187;0.00826822
817;0SV006034SAC;150;187;0.00937664
817;0SV006034SAC;151;187;0.00343198
817;0SV006034SAC;152;187;0.00369651
817;0SV006034SAC;153;187;0.01845948
817;0SV006034SAC;154;187;0.03385200
817;0SV006034SAC;155;187;0.01757280
817;0SV006034SAC;156;187;0.01055011
817;0SV006034SAC;157;187;0.00964709
817;0SV006034SAC;158;187;0.00810122
817;0SV006034SAC;159;187;0.00044241
817;0SV006034SAC;148;188;0.00001755
817;0SV006034SAC;149;188;0.00001681
817;0SV006034SAC;150;188;0.00444525
817;0SV006034SAC;151;188;0.00183406
817;0SV006034SAC;152;188;0.00227583
817;0SV006034SAC;153;188;0.00635922
817;0SV006034SAC;154;188;0.01587579
817;0SV006034SAC;155;188;0.01540014
817;0SV006034SAC;156;188;0.00451759
817;0SV006034SAC;157;188;0.00320941
817;0SV006034SAC;158;188;0.00155993
817;0SV006034SAC;159;188;0.00035939
817;0SV006034SAC;148;189;0.00000013
817;0SV006034SAC;150;189;0.00057691
817;0SV006034SAC;151;189;0.00004765
817;0SV006034SAC;152;189;0.00000013
817;SJV006020SJU;175;137;0.00009743
817;SJV006020SJU;176;137;0.00088837
817;SJV006020SJU;177;137;0.00088962
817;SJV006020SJU;178;137;0.00110977
817;SJV006020SJU;179;137;0.00110982
817;SJV006020SJU;180;137;0.00152919
817;SJV006020SJU;181;137;0.00510701
817;SJV006020SJU;182;137;0.00191559
817;SJV006020SJU;183;137;0.00009427
817;SJV006020SJU;184;137;0.01343157
817;SJV006020SJU;173;138;0.00340188
817;SJV006020SJU;174;138;0.00441112
817;SJV006020SJU;175;138;0.00271350
817;SJV006020SJU;176;138;0.00095839
817;SJV006020SJU;180;138;0.00100189
817;SJV006020SJU;181;138;0.00480121
817;SJV006020SJU;182;138;0.00014748
817;SJV006020SJU;183;138;0.04751253
817;SJV006020SJU;184;138;0.01559069
817;SJV006020SJU;185;138;0.00963606
817;SJV006020SJU;186;138;0.00954535
817;SJV006020SJU;187;138;0.00811761
817;SJV006020SJU;174;139;0.00139675
817;SJV006020SJU;176;139;0.00149511
817;SJV006020SJU;177;139;0.00189634
817;SJV006020SJU;178;139;0.00172314
817;SJV006020SJU;179;139;0.00183155
817;SJV006020SJU;180;139;0.00356743
817;SJV006020SJU;181;139;0.00781544
817;SJV006020SJU;182;139;0.03992373
817;SJV006020SJU;183;139;0.01549445
817;SJV006020SJU;184;139;0.00400759
817;SJV006020SJU;185;139;0.00641959
817;SJV006020SJU;186;139;0.00634203
817;SJV006020SJU;187;139;0.02613432
817;SJV006020SJU;174;140;0.00162663
817;SJV006020SJU;175;140;0.00039733
817;SJV006020SJU;176;140;0.00043046
817;SJV006020SJU;177;140;0.00098300
817;SJV006020SJU;178;140;0.00068414
817;SJV006020SJU;179;140;0.00129250
817;SJV006020SJU;180;140;0.00921032
817;SJV006020SJU;181;140;0.05938610
817;SJV006020SJU;182;140;0.02543162
817;SJV006020SJU;183;140;0.00001007
817;SJV006020SJU;185;140;0.00183254
817;SJV006020SJU;187;140;0.01176269
817;SJV006020SJU;174;141;0.00128284
817;SJV006020SJU;177;141;0.00084087
817;SJV006020SJU;178;141;0.00043826
817;SJV006020SJU;179;141;0.00052061
817;SJV006020SJU;180;141;0.03348685
817;SJV006020SJU;181;141;0.05963046
817;SJV006020SJU;182;141;0.01089991
817;SJV006020SJU;183;141;0.00363440
817;SJV006020SJU;184;141;0.00177689
817;SJV006020SJU;185;141;0.00273363
817;SJV006020SJU;186;141;0.00217604
817;SJV006020SJU;187;141;0.01136766
817;SJV006020SJU;188;141;0.00128994
817;SJV006020SJU;189;141;0.00006027
817;SJV006020SJU;172;142;0.00022451
817;SJV006020SJU;173;142;0.00027555
817;SJV006020SJU;174;142;0.00185582
817;SJV006020SJU;175;142;0.00113813
817;SJV006020SJU;176;142;0.00062560
817;SJV006020SJU;177;142;0.00161565
817;SJV006020SJU;178;142;0.00117297
817;SJV006020SJU;179;142;0.02100953
817;SJV006020SJU;180;142;0.02772301
817;SJV006020SJU;181;142;0.00459880
817;SJV006020SJU;182;142;0.00136845
817;SJV006020SJU;183;142;0.00425849
817;SJV006020SJU;184;142;0.00527957
817;SJV006020SJU;185;142;0.00526946
817;SJV006020SJU;186;142;0.00539785
817;SJV006020SJU;187;142;0.01856592
817;SJV006020SJU;188;142;0.00659182
817;SJV006020SJU;189;142;0.00017464
817;SJV006020SJU;172;143;0.00027770
817;SJV006020SJU;174;143;0.00093969
817;SJV006020SJU;175;143;0.00089844
817;SJV006020SJU;176;143;0.00071465
817;SJV006020SJU;177;143;0.00144146
817;SJV006020SJU;178;143;0.01827237
817;SJV006020SJU;179;143;0.02803348
817;SJV006020SJU;180;143;0.00063389
817;SJV006020SJU;181;143;0.00199854
817;SJV006020SJU;182;143;0.00099669
817;SJV006020SJU;183;143;0.00054428
817;SJV006020SJU;184;143;0.00050115
817;SJV006020SJU;187;143;0.01382495
817;SJV006020SJU;172;144;0.00781123
817;SJV006020SJU;173;144;0.00847250
817;SJV006020SJU;174;144;0.00927413
817;SJV006020SJU;175;144;0.00822615
817;SJV006020SJU;176;144;0.01065082
817;SJV006020SJU;177;144;0.01639481
817;SJV006020SJU;178;144;0.03267905
817;SJV006020SJU;179;144;0.00103965
817;SJV006020SJU;181;144;0.00081378
817;SJV006020SJU;183;144;0.00068717
817;SJV006020SJU;184;144;0.00040522
817;SJV006020SJU;185;144;0.00096272
817;SJV006020SJU;186;144;0.00015095
817;SJV006020SJU;187;144;0.00305136
817;SJV006020SJU;188;144;0.01169376
817;SJV006020SJU;174;145;0.00039654
817;SJV006020SJU;175;145;0.00038554
817;SJV006020SJU;176;145;0.01099212
817;SJV006020SJU;177;145;0.03184461
817;SJV006020SJU;178;145;0.00162791
817;SJV006020SJU;179;145;0.00118728
817;SJV006020SJU;180;145;0.00092936
817;SJV006020SJU;181;145;0.00104647
817;SJV006020SJU;182;145;0.00067818
817;SJV006020SJU;183;145;0.00048849
817;SJV006020SJU;184;145;0.00128349
817;SJV006020SJU;185;145;0.00093347
817;SJV006020SJU;186;145;0.00015803
817;SJV006020SJU;188;145;0.01404088
817;SJV006020SJU;189;145;0.00322639
817;SJV006020SJU;176;146;0.00401525
817;SJV006020SJU;178;146;0.00011604
817;SJV006020SJU;179;146;0.00011083
817;SJV006020SJU;184;146;0.00067083
817;SJV006020SJU;185;146;0.00002754
817;SJV006020SJU;186;146;0.00102681
817;SJV006020SJU;187;146;0.00062735
817;SJV006020SJU;188;146;0.01250073
817;SJV006020SJU;189;146;0.00056463
817;SJV006020SJU;190;146;0.00200831
817;SJV006020SJU;193;146;0.00051605
817;SJV006020SJU;184;147;0.00056704
817;SJV006020SJU;186;147;0.00032247
817;SJV006020SJU;187;147;0.00366539
817;SJV006020SJU;188;147;0.00778170
817;SJV006020SJU;189;147;0.00445937
817;SJV006020SJU;190;147;0.00036547
817;SJV006020SJU;191;147;0.00176841
817;SJV006020SJU;192;147;0.00182696
817;SJV006020SJU;193;147;0.00113220
817;SJV006020SJU;194;147;0.00005636
817;SJV006020SJU;184;148;0.00045501
817;SJV006020SJU;185;148;0.00031176
817;SJV006020SJU;186;148;0.00103289
817;SJV006020SJU;187;148;0.00251366
817;SJV006020SJU;188;148;0.00445054
817;SJV006020SJU;189;148;0.00841335
817;SJV006020SJU;192;148;0.00085270
817;SJV006020SJU;193;148;0.00259714
817;SJV006020SJU;183;149;0.00008353
817;SJV006020SJU;184;149;0.00014818
817;SJV006020SJU;185;149;0.00003266
817;SJV006020SJU;186;149;0.00006803
817;SJV006020SJU;187;149;0.00002082
817;SJV006020SJU;188;149;0.00125781
817;SJV006020SJU;189;149;0.01591052
817;SJV006020SJU;190;149;0.00516162
817;SJV006020SJU;191;149;0.00038005
817;SJV006020SJU;192;149;0.00027234
817;SJV006020SJU;193;149;0.00135603
817;SJV006020SJU;187;150;0.00059010
817;SJV006020SJU;190;150;0.01559139
817;SJV006020SJU;191;150;0.00114109
817;SJV006020SJU;192;150;0.00223753
817;SJV006020SJU;193;150;0.00043814
817;SJV006020SJU;187;151;0.00048195
817;SJV006020SJU;188;151;0.00288758
817;SJV006020SJU;189;151;0.00566497
817;SJV006020SJU;190;151;0.01373318
817;SJV006020SJU;191;151;0.00254237
817;SJV006020SJU;192;151;0.00047087
817;SJV006020SJU;188;152;0.00261212
817;SJV006020SJU;190;152;0.00385127
817;SJV006020SJU;188;153;0.00095340
817;SJV006020SJU;190;153;0.00298220
817;SJV006020SJU;190;154;0.00137450
817;0SV0060580FR;150;195;0.01396190
817;0SV0060580FR;149;196;0.00274653
817;0SV0060580FR;150;196;0.03077818
817;0SV0060580FR;151;196;0.00268539
817;0SV0060580FR;152;196;0.04454187
817;0SV0060580FR;153;196;0.00191999
817;0SV0060580FR;149;197;0.00492855
817;0SV0060580FR;150;197;0.04155854
817;0SV0060580FR;151;197;0.04088521
817;0SV0060580FR;152;197;0.00158012
817;0SV0060580FR;153;197;0.00976217
817;0SV0060580FR;154;197;0.00268240
817;0SV0060580FR;149;198;0.01537035
817;0SV0060580FR;150;198;0.07843289
817;0SV0060580FR;151;198;0.00127558
817;0SV0060580FR;152;198;0.00077894
817;0SV0060580FR;153;198;0.00012592
817;0SV0060580FR;154;198;0.00802996
817;0SV0060580FR;149;199;0.14978675
817;0SV0060580FR;150;199;0.04465290
817;0SV0060580FR;151;199;0.00773583
817;0SV0060580FR;152;199;0.00603142
817;0SV0060580FR;154;199;0.00812129
817;0SV0060580FR;148;200;0.03059851
817;0SV0060580FR;149;200;0.13843763
817;0SV0060580FR;150;200;0.00540746
817;0SV0060580FR;151;200;0.01117526
817;0SV0060580FR;152;200;0.01082192
817;0SV0060580FR;153;200;0.00035227
817;0SV0060580FR;154;200;0.00553513
817;0SV0060580FR;149;201;0.03186389
817;0SV0060580FR;150;201;0.02133273
817;0SV0060580FR;153;201;0.01031374
817;0SV0060580FR;154;201;0.01036991
817;0SV0060580FR;155;201;0.01297371
817;0SV0060580FR;148;202;0.01697615
817;0SV0060580FR;149;202;0.01185087
817;0SV0060580FR;150;202;0.01098147
817;0SV0060580FR;151;202;0.00988256
817;0SV0060580FR;152;202;0.00586093
817;0SV0060580FR;153;202;0.00266098
817;0SV0060580FR;154;202;0.00214284
817;0SV0060580FR;149;203;0.02820741
817;0SV0060580FR;150;203;0.00129800
817;0SV0060580FR;151;203;0.00857307
817;0SV0060580FR;152;203;0.00574336
817;0SV0060580FR;153;203;0.00722123
817;0SV0060580FR;149;204;0.01850687
817;0SV0060580FR;150;204;0.00040454
817;0SV0060580FR;151;204;0.00291546
817;0SV0060580FR;152;204;0.00654261
817;0SV0060580FR;153;204;0.01030836
817;0SV0060580FR;154;204;0.00282188
817;0SV0060580FR;151;205;0.00053429
817;0SV0060580FR;152;205;0.00045928
817;0SV0060580FR;153;205;0.00178291
817;0SV0060580FR;154;205;0.00968650
817;0SV0060580FR;155;205;0.00238074
817;0SV0060580FR;156;205;0.00041434
817;0SV0060580FR;157;205;0.00037869
817;0SV0060580FR;158;205;0.00022298
817;0SV0060580FR;154;206;0.00662093
817;0SV0060580FR;155;206;0.00034773
817;0SV0060580FR;156;206;0.00235479
817;0SV0060580FR;157;206;0.00333502
817;0SV0060580FR;158;206;0.00404909
817;0SV0060580FR;155;207;0.00201539
817;0SV0060580FR;158;207;0.00104771
817;0SV0060580FR;159;207;0.00142559
817;0SV0060580FR;159;208;0.00005999
817;0SV0060580FR;160;208;0.00163693
817;0SV0060580FR;160;209;0.00079366
817;SJV006054SJU;194;109;0.00009796
817;SJV006054SJU;196;109;0.00002065
817;SJV006054SJU;197;109;0.00017172
817;SJV006054SJU;198;109;0.00019426
817;SJV006054SJU;199;109;0.00685706
817;SJV006054SJU;200;109;0.00091704
817;SJV006054SJU;201;109;0.00059435
817;SJV006054SJU;202;109;0.00122068
817;SJV006054SJU;203;109;0.00128298
817;SJV006054SJU;208;109;0.00003926
817;SJV006054SJU;209;109;0.00051116
817;SJV006054SJU;194;110;0.00013241
817;SJV006054SJU;196;110;0.00038686
817;SJV006054SJU;197;110;0.00054483
817;SJV006054SJU;198;110;0.00065212
817;SJV006054SJU;199;110;0.01157803
817;SJV006054SJU;200;110;0.00096282
817;SJV006054SJU;201;110;0.00117643
817;SJV006054SJU;202;110;0.00137404
817;SJV006054SJU;203;110;0.00284935
817;SJV006054SJU;208;110;0.00030174
817;SJV006054SJU;209;110;0.00018326
817;SJV006054SJU;193;111;0.00015469
817;SJV006054SJU;194;111;0.00059363
817;SJV006054SJU;195;111;0.00017114
817;SJV006054SJU;196;111;0.00043931
817;SJV006054SJU;198;111;0.00008238
817;SJV006054SJU;199;111;0.01144166
817;SJV006054SJU;200;111;0.00044921
817;SJV006054SJU;201;111;0.00064921
817;SJV006054SJU;202;111;0.00042404
817;SJV006054SJU;203;111;0.00291026
817;SJV006054SJU;207;111;0.00055058
817;SJV006054SJU;208;111;0.00019465
817;SJV006054SJU;209;111;0.00049551
817;SJV006054SJU;210;111;0.00059339
817;SJV006054SJU;211;111;0.00058199
817;SJV006054SJU;193;112;0.00001349
817;SJV006054SJU;194;112;0.00015302
817;SJV006054SJU;195;112;0.00107435
817;SJV006054SJU;196;112;0.00098620
817;SJV006054SJU;197;112;0.00103345
817;SJV006054SJU;198;112;0.01334053
817;SJV006054SJU;199;112;0.00366994
817;SJV006054SJU;200;112;0.00104972
817;SJV006054SJU;201;112;0.00141955
817;SJV006054SJU;202;112;0.00117886
817;SJV006054SJU;203;112;0.00412340
817;SJV006054SJU;204;112;0.00124366
817;SJV006054SJU;205;112;0.00060562
817;SJV006054SJU;206;112;0.00068612
817;SJV006054SJU;207;112;0.00051634
817;SJV006054SJU;208;112;0.00035183
817;SJV006054SJU;209;112;0.00026480
817;SJV006054SJU;210;112;0.00051987
817;SJV006054SJU;211;112;0.00052899
817;SJV006054SJU;193;113;0.00001537
817;SJV006054SJU;194;113;0.00018839
817;SJV006054SJU;195;113;0.00037154
817;SJV006054SJU;196;113;0.00000393
817;SJV006054SJU;198;113;0.01477194
817;SJV006054SJU;199;113;0.00006311
817;SJV006054SJU;201;113;0.00046366
817;SJV006054SJU;202;113;0.00019978
817;SJV006054SJU;203;113;0.00339724
817;SJV006054SJU;204;113;0.00060282
817;SJV006054SJU;206;113;0.00017675
817;SJV006054SJU;208;113;0.00034239
817;SJV006054SJU;209;113;0.00040384
817;SJV006054SJU;194;114;0.00058787
817;SJV006054SJU;196;114;0.00000342
817;SJV006054SJU;197;114;0.00020519
817;SJV006054SJU;198;114;0.01614538
817;SJV006054SJU;199;114;0.00090107
817;SJV006054SJU;200;114;0.00070098
817;SJV006054SJU;201;114;0.00105869
817;SJV006054SJU;202;114;0.00109477
817;SJV006054SJU;203;114;0.00494463
817;SJV006054SJU;204;114;0.00170879
817;SJV006054SJU;205;114;0.00076474
817;SJV006054SJU;206;114;0.00002924
817;SJV006054SJU;207;114;0.00052671
817;SJV006054SJU;208;114;0.00023843
817;SJV006054SJU;193;115;0.00022826
817;SJV006054SJU;194;115;0.00054838
817;SJV006054SJU;195;115;0.00041499
817;SJV006054SJU;196;115;0.00079746
817;SJV006054SJU;197;115;0.00114415
817;SJV006054SJU;198;115;0.01643746
817;SJV006054SJU;199;115;0.00130478
817;SJV006054SJU;200;115;0.00097803
817;SJV006054SJU;201;115;0.00126573
817;SJV006054SJU;202;115;0.00161867
817;SJV006054SJU;203;115;0.00073050
817;SJV006054SJU;204;115;0.00660454
817;SJV006054SJU;205;115;0.00030510
817;SJV006054SJU;206;115;0.00074196
817;SJV006054SJU;207;115;0.00046280
817;SJV006054SJU;208;115;0.00079404
817;SJV006054SJU;209;115;0.00044016
817;SJV006054SJU;193;116;0.00150527
817;SJV006054SJU;194;116;0.00116083
817;SJV006054SJU;195;116;0.00133902
817;SJV006054SJU;196;116;0.00135711
817;SJV006054SJU;197;116;0.00252774
817;SJV006054SJU;198;116;0.01967844
817;SJV006054SJU;199;116;0.00285229
817;SJV006054SJU;200;116;0.00252728
817;SJV006054SJU;201;116;0.00293205
817;SJV006054SJU;202;116;0.00291789
817;SJV006054SJU;203;116;0.00538477
817;SJV006054SJU;204;116;0.01953276
817;SJV006054SJU;205;116;0.00472676
817;SJV006054SJU;206;116;0.00372414
817;SJV006054SJU;207;116;0.00043262
817;SJV006054SJU;208;116;0.00026399
817;SJV006054SJU;193;117;0.00018139
817;SJV006054SJU;197;117;0.01477442
817;SJV006054SJU;198;117;0.00307493
817;SJV006054SJU;199;117;0.00059408
817;SJV006054SJU;200;117;0.00044927
817;SJV006054SJU;201;117;0.00107195
817;SJV006054SJU;202;117;0.00092759
817;SJV006054SJU;203;117;0.00468842
817;SJV006054SJU;204;117;0.01642536
817;SJV006054SJU;205;117;0.00047090
817;SJV006054SJU;206;117;0.00010467
817;SJV006054SJU;207;117;0.00213055
817;SJV006054SJU;208;117;0.00038939
817;SJV006054SJU;193;118;0.00106828
817;SJV006054SJU;194;118;0.00085815
817;SJV006054SJU;195;118;0.00133474
817;SJV006054SJU;196;118;0.00145766
817;SJV006054SJU;197;118;0.02028894
817;SJV006054SJU;198;118;0.00075970
817;SJV006054SJU;199;118;0.00098672
817;SJV006054SJU;201;118;0.00083257
817;SJV006054SJU;202;118;0.00006351
817;SJV006054SJU;203;118;0.01182968
817;SJV006054SJU;204;118;0.00045677
817;SJV006054SJU;205;118;0.00025865
817;SJV006054SJU;206;118;0.00031102
817;SJV006054SJU;207;118;0.00035953
817;SJV006054SJU;208;118;0.00041610
817;SJV006054SJU;209;118;0.00034997
817;SJV006054SJU;193;119;0.00007947
817;SJV006054SJU;194;119;0.00057788
817;SJV006054SJU;196;119;0.00005453
817;SJV006054SJU;197;119;0.02132106
817;SJV006054SJU;198;119;0.00058409
817;SJV006054SJU;199;119;0.00144921
817;SJV006054SJU;200;119;0.00071513
817;SJV006054SJU;201;119;0.00148006
817;SJV006054SJU;202;119;0.00188654
817;SJV006054SJU;203;119;0.01042355
817;SJV006054SJU;204;119;0.00055775
817;SJV006054SJU;205;119;0.00029868
817;SJV006054SJU;206;119;0.00000730
817;SJV006054SJU;209;119;0.00027512
817;SJV006054SJU;210;119;0.00002226
817;SJV006054SJU;193;120;0.00032341
817;SJV006054SJU;194;120;0.00202635
817;SJV006054SJU;195;120;0.00208567
817;SJV006054SJU;196;120;0.00270794
817;SJV006054SJU;197;120;0.03351011
817;SJV006054SJU;198;120;0.00632000
817;SJV006054SJU;199;120;0.00547907
817;SJV006054SJU;200;120;0.00434074
817;SJV006054SJU;201;120;0.00659556
817;SJV006054SJU;202;120;0.01409222
817;SJV006054SJU;203;120;0.00135406
817;SJV006054SJU;204;120;0.00010828
817;SJV006054SJU;209;120;0.00018902
817;SJV006054SJU;195;121;0.00090057
817;SJV006054SJU;196;121;0.00286880
817;SJV006054SJU;197;121;0.03201980
817;SJV006054SJU;198;121;0.00820503
817;SJV006054SJU;199;121;0.00285067
817;SJV006054SJU;200;121;0.00207885
817;SJV006054SJU;201;121;0.00432496
817;SJV006054SJU;202;121;0.00294869
817;SJV006054SJU;203;121;0.00012665
817;SJV006054SJU;206;121;0.00000234
817;SJV006054SJU;207;121;0.00016807
817;SJV006054SJU;208;121;0.00012856
817;SJV006054SJU;209;121;0.00002425
817;SJV006054SJU;193;122;0.00036653
817;SJV006054SJU;194;122;0.00020429
817;SJV006054SJU;195;122;0.00153642
817;SJV006054SJU;196;122;0.02186365
817;SJV006054SJU;197;122;0.00924910
817;SJV006054SJU;198;122;0.00811220
817;SJV006054SJU;199;122;0.00383727
817;SJV006054SJU;200;122;0.00063371
817;SJV006054SJU;201;122;0.00487115
817;SJV006054SJU;202;122;0.00196444
817;SJV006054SJU;203;122;0.00008320
817;SJV006054SJU;204;122;0.00010133
817;SJV006054SJU;205;122;0.00011789
817;SJV006054SJU;206;122;0.00011467
817;SJV006054SJU;194;123;0.00260053
817;SJV006054SJU;195;123;0.01130914
817;SJV006054SJU;196;123;0.03457182
817;SJV006054SJU;197;123;0.04183700
817;SJV006054SJU;198;123;0.03482046
817;SJV006054SJU;199;123;0.02358272
817;SJV006054SJU;200;123;0.01606451
817;SJV006054SJU;201;123;0.01736301
817;SJV006054SJU;202;123;0.00487469
817;SJV006054SJU;203;123;0.00047933
817;SJV006054SJU;194;124;0.00046032
817;SJV006054SJU;195;124;0.01985288
817;SJV006054SJU;196;124;0.00874341
817;SJV006054SJU;197;124;0.01037808
817;SJV006054SJU;198;124;0.01412774
817;SJV006054SJU;199;124;0.00339083
817;SJV006054SJU;200;124;0.00235414
817;SJV006054SJU;201;124;0.00234436
817;SJV006054SJU;202;124;0.00121035
817;SJV006054SJU;203;124;0.00241623
817;SJV006054SJU;204;124;0.00016452
817;SJV006054SJU;194;125;0.00612560
817;SJV006054SJU;195;125;0.01010096
817;SJV006054SJU;196;125;0.00434343
817;SJV006054SJU;197;125;0.00171623
817;SJV006054SJU;198;125;0.00608395
817;SJV006054SJU;199;125;0.00327431
817;SJV006054SJU;200;125;0.00266362
817;SJV006054SJU;201;125;0.00255422
817;SJV006054SJU;202;125;0.00142182
817;SJV006054SJU;203;125;0.00005171
817;SJV006054SJU;204;125;0.00187076
817;SJV006054SJU;205;125;0.00262900
817;SJV006054SJU;207;125;0.00037879
817;SJV006054SJU;208;125;0.00028781
817;SJV006054SJU;194;126;0.01640390
817;SJV006054SJU;196;126;0.00382595
817;SJV006054SJU;197;126;0.00067301
817;SJV006054SJU;198;126;0.00483763
817;SJV006054SJU;199;126;0.00112707
817;SJV006054SJU;200;126;0.00043132
817;SJV006054SJU;201;126;0.00098073
817;SJV006054SJU;202;126;0.00315322
817;SJV006054SJU;203;126;0.00084726
817;SJV006054SJU;204;126;0.00149054
817;SJV006054SJU;205;126;0.00036803
817;SJV006054SJU;206;126;0.00256276
817;SJV006054SJU;207;126;0.00036951
817;SJV006054SJU;193;127;0.00627956
817;SJV006054SJU;194;127;0.01109087
817;SJV006054SJU;195;127;0.00040824
817;SJV006054SJU;196;127;0.00415838
817;SJV006054SJU;197;127;0.00081532
817;SJV006054SJU;198;127;0.00444690
817;SJV006054SJU;199;127;0.00035608
817;SJV006054SJU;200;127;0.00033570
817;SJV006054SJU;201;127;0.00044321
817;SJV006054SJU;202;127;0.00083215
817;SJV006054SJU;204;127;0.00021557
817;SJV006054SJU;206;127;0.00064062
817;SJV006054SJU;207;127;0.00064561
817;SJV006054SJU;192;128;0.00241560
817;SJV006054SJU;193;128;0.00908402
817;SJV006054SJU;194;128;0.00516712
817;SJV006054SJU;195;128;0.00149883
817;SJV006054SJU;196;128;0.00470675
817;SJV006054SJU;197;128;0.00045718
817;SJV006054SJU;198;128;0.00449619
817;SJV006054SJU;199;128;0.00153168
817;SJV006054SJU;200;128;0.00086502
817;SJV006054SJU;201;128;0.00047617
817;SJV006054SJU;202;128;0.00008838
817;SJV006054SJU;204;128;0.00021440
817;SJV006054SJU;207;128;0.00002216
817;SJV006054SJU;208;128;0.00022310
817;SJV006054SJU;193;129;0.00079969
817;SJV006054SJU;194;129;0.00519525
817;SJV006054SJU;195;129;0.00536518
817;SJV006054SJU;196;129;0.00948552
817;SJV006054SJU;197;129;0.00382544
817;SJV006054SJU;198;129;0.00690122
817;SJV006054SJU;199;129;0.00103800
817;SJV006054SJU;200;129;0.00019975
817;SJV006054SJU;201;129;0.00008918
817;SJV006054SJU;202;129;0.00001507
817;SJV006054SJU;204;129;0.00024123
817;SJV006054SJU;194;130;0.00073000
817;SJV006054SJU;195;130;0.00125281
817;SJV006054SJU;196;130;0.00406894
817;SJV006054SJU;197;130;0.00180714
817;SJV006054SJU;198;130;0.00180509
817;SJV006054SJU;199;130;0.00000079
817;SJV006054SJU;200;130;0.00028208
817;SJV006054SJU;201;130;0.00052932
817;SJV006054SJU;202;130;0.00004984
817;SJV006054SJU;204;130;0.00026917
817;SJV006054SJU;198;131;0.00096019
817;SJV006054SJU;202;131;0.00046439
817;SJV006054SJU;203;131;0.00043367
817;SJV006054SJU;204;131;0.00036112
817;SJV006054SJU;198;132;0.00036877
817;SJV006054SJU;204;132;0.00041303
817;0SD0060370SD;250;21;0.00000001
817;0SD0060370SD;251;21;0.00000024
817;0SD0060370SD;250;22;0.00017177
817;0SD0060370SD;251;22;0.00347724
817;0SD0060370SD;252;22;0.00507716
817;0SD0060370SD;253;22;0.00380591
817;0SD0060370SD;254;22;0.00238641
817;0SD0060370SD;255;22;0.00000272
817;0SD0060370SD;249;23;0.00006473
817;0SD0060370SD;250;23;0.00275077
817;0SD0060370SD;251;23;0.00343562
817;0SD0060370SD;252;23;0.00579906
817;0SD0060370SD;253;23;0.00093784
817;0SD0060370SD;254;23;0.00007617
817;0SD0060370SD;260;23;0.00006663
817;0SD0060370SD;261;23;0.00033458
817;0SD0060370SD;263;23;0.00017334
817;0SD0060370SD;264;23;0.00023256
817;0SD0060370SD;249;24;0.00029364
817;0SD0060370SD;250;24;0.00809989
817;0SD0060370SD;251;24;0.00692201
817;0SD0060370SD;252;24;0.00413315
817;0SD0060370SD;253;24;0.00276536
817;0SD0060370SD;254;24;0.00027933
817;0SD0060370SD;255;24;0.00006035
817;0SD0060370SD;256;24;0.00000497
817;0SD0060370SD;258;24;0.00010374
817;0SD0060370SD;259;24;0.00009403
817;0SD0060370SD;260;24;0.00002698
817;0SD0060370SD;261;24;0.00032181
817;0SD0060370SD;262;24;0.00038095
817;0SD0060370SD;263;24;0.00020120
817;0SD0060370SD;264;24;0.00024635
817;0SD0060370SD;265;24;0.00034099
817;0SD0060370SD;267;24;0.00000001
817;0SD0060370SD;271;24;0.00000264
817;0SD0060370SD;247;25;0.00000031
817;0SD0060370SD;248;25;0.00045731
817;0SD0060370SD;249;25;0.00228554
817;0SD0060370SD;250;25;0.01424434
817;0SD0060370SD;251;25;0.01038299
817;0SD0060370SD;252;25;0.00374745
817;0SD0060370SD;253;25;0.00268234
817;0SD0060370SD;254;25;0.00005696
817;0SD0060370SD;256;25;0.00010578
817;0SD0060370SD;257;25;0.00013416
817;0SD0060370SD;258;25;0.00003419
817;0SD0060370SD;259;25;0.00000473
817;0SD0060370SD;264;25;0.00002067
817;0SD0060370SD;265;25;0.00025964
817;0SD0060370SD;266;25;0.00055054
817;0SD0060370SD;267;25;0.00041193
817;0SD0060370SD;268;25;0.00010001
817;0SD0060370SD;270;25;0.00000344
817;0SD0060370SD;271;25;0.00122014
817;0SD0060370SD;272;25;0.00229857
817;0SD0060370SD;273;25;0.00176186
817;0SD0060370SD;246;26;0.00000041
817;0SD0060370SD;247;26;0.00047640
817;0SD0060370SD;248;26;0.00165405
817;0SD0060370SD;249;26;0.01724788
817;0SD0060370SD;250;26;0.02156508
817;0SD0060370SD;251;26;0.00190730
817;0SD0060370SD;252;26;0.00459843
817;0SD0060370SD;253;26;0.00012030
817;0SD0060370SD;254;26;0.00000020
817;0SD0060370SD;255;26;0.00004661
817;0SD0060370SD;256;26;0.00006982
817;0SD0060370SD;257;26;0.00000056
817;0SD0060370SD;258;26;0.00000697
817;0SD0060370SD;259;26;0.00000249
817;0SD0060370SD;264;26;0.00003993
817;0SD0060370SD;266;26;0.00000014
817;0SD0060370SD;267;26;0.00000035
817;0SD0060370SD;268;26;0.00085484
817;0SD0060370SD;269;26;0.00252628
817;0SD0060370SD;270;26;0.00221397
817;0SD0060370SD;271;26;0.00122317
817;0SD0060370SD;273;26;0.00065530
817;0SD0060370SD;247;27;0.00238224
817;0SD0060370SD;248;27;0.01651064
817;0SD0060370SD;249;27;0.00926122
817;0SD0060370SD;250;27;0.01595220
817;0SD0060370SD;251;27;0.00496020
817;0SD0060370SD;252;27;0.00779239
817;0SD0060370SD;253;27;0.00155540
817;0SD0060370SD;254;27;0.00060546
817;0SD0060370SD;255;27;0.00014987
817;0SD0060370SD;256;27;0.00003272
817;0SD0060370SD;257;27;0.00001989
817;0SD0060370SD;258;27;0.00000511
817;0SD0060370SD;259;27;0.00000187
817;0SD0060370SD;260;27;0.00000211
817;0SD0060370SD;264;27;0.00080176
817;0SD0060370SD;265;27;0.00217650
817;0SD0060370SD;266;27;0.00197219
817;0SD0060370SD;267;27;0.00209091
817;0SD0060370SD;268;27;0.00154581
817;0SD0060370SD;269;27;0.00000012
817;0SD0060370SD;270;27;0.00000001
817;0SD0060370SD;246;28;0.00004917
817;0SD0060370SD;247;28;0.00278319
817;0SD0060370SD;248;28;0.00792904
817;0SD0060370SD;249;28;0.02299044
817;0SD0060370SD;250;28;0.01681421
817;0SD0060370SD;251;28;0.00596521
817;0SD0060370SD;252;28;0.00920344
817;0SD0060370SD;253;28;0.00480413
817;0SD0060370SD;254;28;0.00040185
817;0SD0060370SD;255;28;0.00015066
817;0SD0060370SD;256;28;0.00008108
817;0SD0060370SD;257;28;0.00000079
817;0SD0060370SD;258;28;0.00000215
817;0SD0060370SD;259;28;0.00000313
817;0SD0060370SD;260;28;0.00000343
817;0SD0060370SD;264;28;0.00212479
817;0SD0060370SD;265;28;0.00000013
817;0SD0060370SD;269;28;0.00000001
817;0SD0060370SD;246;29;0.00029185
817;0SD0060370SD;247;29;0.01159969
817;0SD0060370SD;248;29;0.00493537
817;0SD0060370SD;249;29;0.01895533
817;0SD0060370SD;250;29;0.00986846
817;0SD0060370SD;251;29;0.00037848
817;0SD0060370SD;252;29;0.00236080
817;0SD0060370SD;253;29;0.00873389
817;0SD0060370SD;254;29;0.00549540
817;0SD0060370SD;255;29;0.00059417
817;0SD0060370SD;256;29;0.00005582
817;0SD0060370SD;257;29;0.00001907
817;0SD0060370SD;258;29;0.00000730
817;0SD0060370SD;259;29;0.00000126
817;0SD0060370SD;260;29;0.00000250
817;0SD0060370SD;261;29;0.00000282
817;0SD0060370SD;263;29;0.00029565
817;0SD0060370SD;264;29;0.00246841
817;0SD0060370SD;265;29;0.00000003
817;0SD0060370SD;246;30;0.00075927
817;0SD0060370SD;247;30;0.01145626
817;0SD0060370SD;248;30;0.02057851
817;0SD0060370SD;249;30;0.01083176
817;0SD0060370SD;250;30;0.02136873
817;0SD0060370SD;251;30;0.00779289
817;0SD0060370SD;252;30;0.00864257
817;0SD0060370SD;253;30;0.00594611
817;0SD0060370SD;254;30;0.00169802
817;0SD0060370SD;255;30;0.00405472
817;0SD0060370SD;256;30;0.00312471
817;0SD0060370SD;257;30;0.00333403
817;0SD0060370SD;258;30;0.00261759
817;0SD0060370SD;259;30;0.00250160
817;0SD0060370SD;260;30;0.00235376
817;0SD0060370SD;261;30;0.00258511
817;0SD0060370SD;262;30;0.00225607
817;0SD0060370SD;263;30;0.00195712
817;0SD0060370SD;264;30;0.00000314
817;0SD0060370SD;265;30;0.00000052
817;0SD0060370SD;271;30;0.00000001
817;0SD0060370SD;272;30;0.00000002
817;0SD0060370SD;273;30;0.00000001
817;0SD0060370SD;247;31;0.02044004
817;0SD0060370SD;248;31;0.01046529
817;0SD0060370SD;249;31;0.00373316
817;0SD0060370SD;250;31;0.01771217
817;0SD0060370SD;251;31;0.00000215
817;0SD0060370SD;253;31;0.00001623
817;0SD0060370SD;254;31;0.00132506
817;0SD0060370SD;255;31;0.00022942
817;0SD0060370SD;256;31;0.00000295
817;0SD0060370SD;260;31;0.00000025
817;0SD0060370SD;261;31;0.00000428
817;0SD0060370SD;262;31;0.00013088
817;0SD0060370SD;264;31;0.00000095
817;0SD0060370SD;265;31;0.00000213
817;0SD0060370SD;266;31;0.00000110
817;0SD0060370SD;270;31;0.00000001
817;0SD0060370SD;271;31;0.00000002
817;0SD0060370SD;246;32;0.00051893
817;0SD0060370SD;247;32;0.02219703
817;0SD0060370SD;248;32;0.00042511
817;0SD0060370SD;249;32;0.00143691
817;0SD0060370SD;250;32;0.01709973
817;0SD0060370SD;251;32;0.00263748
817;0SD0060370SD;252;32;0.00037758
817;0SD0060370SD;253;32;0.00099146
817;0SD0060370SD;254;32;0.00019291
817;0SD0060370SD;255;32;0.00036308
817;0SD0060370SD;260;32;0.00000022
817;0SD0060370SD;261;32;0.00000002
817;0SD0060370SD;262;32;0.00011174
817;0SD0060370SD;264;32;0.00000003
817;0SD0060370SD;265;32;0.00000026
817;0SD0060370SD;270;32;0.00000002
817;0SD0060370SD;246;33;0.01421229
817;0SD0060370SD;247;33;0.00445550
817;0SD0060370SD;248;33;0.00299569
817;0SD0060370SD;249;33;0.00285951
817;0SD0060370SD;250;33;0.01807222
817;0SD0060370SD;251;33;0.00202149
817;0SD0060370SD;252;33;0.00099332
817;0SD0060370SD;253;33;0.00110929
817;0SD0060370SD;255;33;0.00006532
817;0SD0060370SD;256;33;0.00019201
817;0SD0060370SD;260;33;0.00000002
817;0SD0060370SD;261;33;0.00000001
817;0SD0060370SD;262;33;0.00012604
817;0SD0060370SD;263;33;0.00000002
817;0SD0060370SD;264;33;0.00000018
817;0SD0060370SD;269;33;0.00000002
817;0SD0060370SD;270;33;0.00000001
817;0SD0060370SD;245;34;0.00000167
817;0SD0060370SD;246;34;0.01948586
817;0SD0060370SD;247;34;0.00063561
817;0SD0060370SD;248;34;0.00065697
817;0SD0060370SD;249;34;0.00074163
817;0SD0060370SD;250;34;0.01612520
817;0SD0060370SD;251;34;0.00052846
817;0SD0060370SD;252;34;0.00016274
817;0SD0060370SD;253;34;0.00078472
817;0SD0060370SD;254;34;0.00029735
817;0SD0060370SD;255;34;0.00008598
817;0SD0060370SD;256;34;0.00033985
817;0SD0060370SD;257;34;0.00002738
817;0SD0060370SD;260;34;0.00000002
817;0SD0060370SD;261;34;0.00000018
817;0SD0060370SD;262;34;0.00015157
817;0SD0060370SD;263;34;0.00000021
817;0SD0060370SD;265;34;0.00000040
817;0SD0060370SD;268;34;0.00000001
817;0SD0060370SD;245;35;0.00909246
817;0SD0060370SD;246;35;0.00935850
817;0SD0060370SD;247;35;0.00047279
817;0SD0060370SD;248;35;0.00043816
817;0SD0060370SD;249;35;0.00060922
817;0SD0060370SD;250;35;0.01385590
817;0SD0060370SD;251;35;0.00053401
817;0SD0060370SD;252;35;0.00000765
817;0SD0060370SD;253;35;0.00017022
817;0SD0060370SD;254;35;0.00029316
817;0SD0060370SD;255;35;0.00040653
817;0SD0060370SD;256;35;0.00006681
817;0SD0060370SD;257;35;0.00001170
817;0SD0060370SD;260;35;0.00000049
817;0SD0060370SD;261;35;0.00000199
817;0SD0060370SD;262;35;0.00010219
817;0SD0060370SD;265;35;0.00000143
817;0SD0060370SD;266;35;0.00000004
817;0SD0060370SD;245;36;0.01699803
817;0SD0060370SD;246;36;0.00217140
817;0SD0060370SD;247;36;0.00057780
817;0SD0060370SD;248;36;0.00033064
817;0SD0060370SD;249;36;0.00046406
817;0SD0060370SD;250;36;0.01450558
817;0SD0060370SD;251;36;0.00065381
817;0SD0060370SD;252;36;0.00035456
817;0SD0060370SD;253;36;0.00005877
817;0SD0060370SD;254;36;0.00023354
817;0SD0060370SD;255;36;0.00034317
817;0SD0060370SD;256;36;0.00017920
817;0SD0060370SD;257;36;0.00007817
817;0SD0060370SD;258;36;0.00010403
817;0SD0060370SD;260;36;0.00000028
817;0SD0060370SD;261;36;0.00003242
817;0SD0060370SD;262;36;0.00012175
817;0SD0060370SD;265;36;0.00000050
817;0SD0060370SD;266;36;0.00000051
817;0SD0060370SD;244;37;0.00403039
817;0SD0060370SD;245;37;0.01550862
817;0SD0060370SD;246;37;0.00373202
817;0SD0060370SD;247;37;0.00159493
817;0SD0060370SD;248;37;0.00036798
817;0SD0060370SD;249;37;0.00226836
817;0SD0060370SD;250;37;0.01522970
817;0SD0060370SD;251;37;0.00078586
817;0SD0060370SD;252;37;0.00036211
817;0SD0060370SD;253;37;0.00033859
817;0SD0060370SD;254;37;0.00022573
817;0SD0060370SD;255;37;0.00000139
817;0SD0060370SD;256;37;0.00000020
817;0SD0060370SD;257;37;0.00003701
817;0SD0060370SD;258;37;0.00000131
817;0SD0060370SD;259;37;0.00012007
817;0SD0060370SD;260;37;0.00015284
817;0SD0060370SD;261;37;0.00011671
817;0SD0060370SD;262;37;0.00004572
817;0SD0060370SD;263;37;0.00004157
817;0SD0060370SD;264;37;0.00004075
817;0SD0060370SD;265;37;0.00000409
817;0SD0060370SD;244;38;0.01398630
817;0SD0060370SD;245;38;0.00217226
817;0SD0060370SD;246;38;0.00224225
817;0SD0060370SD;247;38;0.00803063
817;0SD0060370SD;248;38;0.00888311
817;0SD0060370SD;249;38;0.00829178
817;0SD0060370SD;250;38;0.00561980
817;0SD0060370SD;251;38;0.00084213
817;0SD0060370SD;252;38;0.00000024
817;0SD0060370SD;256;38;0.00000006
817;0SD0060370SD;257;38;0.00000012
817;0SD0060370SD;259;38;0.00004251
817;0SD0060370SD;263;38;0.00000104
817;0SD0060370SD;264;38;0.00000041
817;0SD0060370SD;265;38;0.00005380
817;0SD0060370SD;266;38;0.00002597
817;0SD0060370SD;267;38;0.00001075
817;0SD0060370SD;268;38;0.00000658
817;0SD0060370SD;243;39;0.00930217
817;0SD0060370SD;244;39;0.01376666
817;0SD0060370SD;245;39;0.00671998
817;0SD0060370SD;246;39;0.00666637
817;0SD0060370SD;247;39;0.00404988
817;0SD0060370SD;248;39;0.00076535
817;0SD0060370SD;249;39;0.00518250
817;0SD0060370SD;250;39;0.00005311
817;0SD0060370SD;251;39;0.00043231
817;0SD0060370SD;252;39;0.00037701
817;0SD0060370SD;253;39;0.00005768
817;0SD0060370SD;257;39;0.00000005
817;0SD0060370SD;258;39;0.00000007
817;0SD0060370SD;259;39;0.00004910
817;0SD0060370SD;262;39;0.00000107
817;0SD0060370SD;263;39;0.00000004
817;0SD0060370SD;266;39;0.00001174
817;0SD0060370SD;267;39;0.00002668
817;0SD0060370SD;268;39;0.00001202
817;0SD0060370SD;269;39;0.00002171
817;0SD0060370SD;270;39;0.00002071
817;0SD0060370SD;271;39;0.00002072
817;0SD0060370SD;272;39;0.00001258
817;0SD0060370SD;242;40;0.00458471
817;0SD0060370SD;243;40;0.01086404
817;0SD0060370SD;244;40;0.00173508
817;0SD0060370SD;245;40;0.00131389
817;0SD0060370SD;246;40;0.00134637
817;0SD0060370SD;247;40;0.00032011
817;0SD0060370SD;248;40;0.00145724
817;0SD0060370SD;249;40;0.00363149
817;0SD0060370SD;250;40;0.00000448
817;0SD0060370SD;251;40;0.00041375
817;0SD0060370SD;252;40;0.00017591
817;0SD0060370SD;253;40;0.00015570
817;0SD0060370SD;257;40;0.00000097
817;0SD0060370SD;258;40;0.00005944
817;0SD0060370SD;259;40;0.00003193
817;0SD0060370SD;261;40;0.00000393
817;0SD0060370SD;262;40;0.00000944
817;0SD0060370SD;263;40;0.00000895
817;0SD0060370SD;264;40;0.00000449
817;0SD0060370SD;265;40;0.00000324
817;0SD0060370SD;267;40;0.00001944
817;0SD0060370SD;268;40;0.00000590
817;0SD0060370SD;269;40;0.00000226
817;0SD0060370SD;241;41;0.00197180
817;0SD0060370SD;242;41;0.01118781
817;0SD0060370SD;243;41;0.00173167
817;0SD0060370SD;244;41;0.00011321
817;0SD0060370SD;245;41;0.00169884
817;0SD0060370SD;246;41;0.00164128
817;0SD0060370SD;247;41;0.00083227
817;0SD0060370SD;248;41;0.00495855
817;0SD0060370SD;249;41;0.00018536
817;0SD0060370SD;250;41;0.00014865
817;0SD0060370SD;251;41;0.00021064
817;0SD0060370SD;252;41;0.00000486
817;0SD0060370SD;253;41;0.00019284
817;0SD0060370SD;256;41;0.00001715
817;0SD0060370SD;257;41;0.00006085
817;0SD0060370SD;259;41;0.00005787
817;0SD0060370SD;260;41;0.00001278
817;0SD0060370SD;261;41;0.00001000
817;0SD0060370SD;262;41;0.00000173
817;0SD0060370SD;264;41;0.00000818
817;0SD0060370SD;265;41;0.00001459
817;0SD0060370SD;266;41;0.00002434
817;0SD0060370SD;267;41;0.00002266
817;0SD0060370SD;241;42;0.01284696
817;0SD0060370SD;242;42;0.00006937
817;0SD0060370SD;243;42;0.00069430
817;0SD0060370SD;244;42;0.00110642
817;0SD0060370SD;245;42;0.00106871
817;0SD0060370SD;246;42;0.00023115
817;0SD0060370SD;247;42;0.00092998
817;0SD0060370SD;248;42;0.00399887
817;0SD0060370SD;249;42;0.00000556
817;0SD0060370SD;250;42;0.00002722
817;0SD0060370SD;251;42;0.00019641
817;0SD0060370SD;252;42;0.00002836
817;0SD0060370SD;253;42;0.00012648
817;0SD0060370SD;254;42;0.00007598
817;0SD0060370SD;255;42;0.00005567
817;0SD0060370SD;256;42;0.00003226
817;0SD0060370SD;257;42;0.00000781
817;0SD0060370SD;259;42;0.00000969
817;0SD0060370SD;260;42;0.00001993
817;0SD0060370SD;261;42;0.00000011
817;0SD0060370SD;265;42;0.00000193
817;0SD0060370SD;266;42;0.00002586
817;0SD0060370SD;267;42;0.00000463
817;0SD0060370SD;268;42;0.00000003
817;0SD0060370SD;239;43;0.00178671
817;0SD0060370SD;240;43;0.01234123
817;0SD0060370SD;241;43;0.00144598
817;0SD0060370SD;242;43;0.00025113
817;0SD0060370SD;243;43;0.00022294
817;0SD0060370SD;244;43;0.00041800
817;0SD0060370SD;245;43;0.00066717
817;0SD0060370SD;246;43;0.00066583
817;0SD0060370SD;247;43;0.00053954
817;0SD0060370SD;248;43;0.00447086
817;0SD0060370SD;249;43;0.00017444
817;0SD0060370SD;250;43;0.00000132
817;0SD0060370SD;251;43;0.00005703
817;0SD0060370SD;252;43;0.00011927
817;0SD0060370SD;253;43;0.00000602
817;0SD0060370SD;254;43;0.00000032
817;0SD0060370SD;255;43;0.00000130
817;0SD0060370SD;258;43;0.00000228
817;0SD0060370SD;259;43;0.00001230
817;0SD0060370SD;266;43;0.00000107
817;0SD0060370SD;267;43;0.00000032
817;0SD0060370SD;238;44;0.00631149
817;0SD0060370SD;239;44;0.01103145
817;0SD0060370SD;240;44;0.00049714
817;0SD0060370SD;241;44;0.00017789
817;0SD0060370SD;242;44;0.00006371
817;0SD0060370SD;245;44;0.00025122
817;0SD0060370SD;246;44;0.00102114
817;0SD0060370SD;247;44;0.00009856
817;0SD0060370SD;248;44;0.00384581
817;0SD0060370SD;249;44;0.00019889
817;0SD0060370SD;250;44;0.00016368
817;0SD0060370SD;251;44;0.00012104
817;0SD0060370SD;252;44;0.00000075
817;0SD0060370SD;254;44;0.00000014
817;0SD0060370SD;255;44;0.00000049
817;0SD0060370SD;257;44;0.00000339
817;0SD0060370SD;258;44;0.00001250
817;0SD0060370SD;266;44;0.00000008
817;0SD0060370SD;238;45;0.00034070
817;0SD0060370SD;239;45;0.00056265
817;0SD0060370SD;240;45;0.00012747
817;0SD0060370SD;244;45;0.00003234
817;0SD0060370SD;245;45;0.00008191
817;0SD0060370SD;246;45;0.00014388
817;0SD0060370SD;247;45;0.00060511
817;0SD0060370SD;248;45;0.00358934
817;0SD0060370SD;249;45;0.00000005
817;0SD0060370SD;250;45;0.00000484
817;0SD0060370SD;256;45;0.00000006
817;0SD0060370SD;257;45;0.00000153
817;0SD0060370SD;258;45;0.00000436
817;0SD0060370SD;259;45;0.00000089
817;0SD0060370SD;239;46;0.00005449
817;0SD0060370SD;240;46;0.00004724
817;0SD0060370SD;241;46;0.00004462
817;0SD0060370SD;242;46;0.00002181
817;0SD0060370SD;243;46;0.00005185
817;0SD0060370SD;244;46;0.00010505
817;0SD0060370SD;246;46;0.00000127
817;0SD0060370SD;248;46;0.00126533
817;0SD0060370SD;250;46;0.00000073
817;0SD0060370SD;242;47;0.00002928
817;0SD0060370SD;243;47;0.00000027
817;0SD0060370SD;244;47;0.00003229
817;0MC006032NSI;168;214;0.00026903
817;0MC006032NSI;168;215;0.00209607
817;0MC006032NSI;170;215;0.00761852
817;0MC006032NSI;171;215;0.00505755
817;0MC006032NSI;173;215;0.00021887
817;0MC006032NSI;174;215;0.00899011
817;0MC006032NSI;177;215;0.04827863
817;0MC006032NSI;178;215;0.00581568
817;0MC006032NSI;168;216;0.00051504
817;0MC006032NSI;169;216;0.01022813
817;0MC006032NSI;170;216;0.00684161
817;0MC006032NSI;174;216;0.01054359
817;0MC006032NSI;178;216;0.07442929
817;0MC006032NSI;169;217;0.02317144
817;0MC006032NSI;170;217;0.00746238
817;0MC006032NSI;171;217;0.00746238
817;0MC006032NSI;172;217;0.00372278
817;0MC006032NSI;173;217;0.00030379
817;0MC006032NSI;174;217;0.01014995
817;0MC006032NSI;177;217;0.00268059
817;0MC006032NSI;178;217;0.09369836
817;0MC006032NSI;179;217;0.07771446
817;0MC006032NSI;180;217;0.00858401
817;0MC006032NSI;168;218;0.02099590
817;0MC006032NSI;169;218;0.00087986
817;0MC006032NSI;173;218;0.00185394
817;0MC006032NSI;174;218;0.00716400
817;0MC006032NSI;175;218;0.00467325
817;0MC006032NSI;176;218;0.00467325
817;0MC006032NSI;177;218;0.00199266
817;0MC006032NSI;153;219;0.00777593
817;0MC006032NSI;166;219;0.00925580
817;0MC006032NSI;167;219;0.01881230
817;0MC006032NSI;168;219;0.00874626
817;0MC006032NSI;153;220;0.00178596
817;0MC006032NSI;154;220;0.01523593
817;0MC006032NSI;165;220;0.01343198
817;0MC006032NSI;166;220;0.01350541
817;0MC006032NSI;154;221;0.01082112
817;0MC006032NSI;155;221;0.00620077
817;0MC006032NSI;162;221;0.01840608
817;0MC006032NSI;163;221;0.01780497
817;0MC006032NSI;164;221;0.01833999
817;0MC006032NSI;165;221;0.01018989
817;0MC006032NSI;155;222;0.01702190
817;0MC006032NSI;162;222;0.02340157
817;0MC006032NSI;155;223;0.00283439
817;0MC006032NSI;156;223;0.00299634
817;0MC006032NSI;157;223;0.00277570
817;0MC006032NSI;158;223;0.00277570
817;0MC006032NSI;159;223;0.00277570
817;0MC006032NSI;160;223;0.00266620
817;0MC006032NSI;162;223;0.02521390
817;0MC006032NSI;160;224;0.00010951
817;0MC006032NSI;161;224;0.00277570
817;0MC006032NSI;162;224;0.02295252
817;0MC006032NSI;162;225;0.02203227
817;0MC006032NSI;162;226;0.02203227
817;0MC006032NSI;159;227;0.00298479
817;0MC006032NSI;160;227;0.02180539
817;0MC006032NSI;161;227;0.02019283
817;0MC006032NSI;162;227;0.01501475
817;0MC006032NSI;158;228;0.00587647
817;0MC006032NSI;159;228;0.00965120
817;0MC006032NSI;160;228;0.00969732
817;0MC006032NSI;157;229;0.00892291
817;0MC006032NSI;158;229;0.00660476
817;0MC006032NSI;160;229;0.00969732
817;0MC006032NSI;154;230;0.00872255
817;0MC006032NSI;155;230;0.01560725
817;0MC006032NSI;156;230;0.01479882
817;0MC006032NSI;157;230;0.00355833
817;0MC006032NSI;160;230;0.00969732
817;0MC006032NSI;156;231;0.00148023
817;0MC006032NSI;157;231;0.01378920
817;0MC006032NSI;158;231;0.01670860
817;0MC006032NSI;159;231;0.01454247
817;0MC006032NSI;160;231;0.00988626
817;NCC006035MBU;161;122;0.00015926
817;NCC006035MBU;162;122;0.00002568
817;NCC006035MBU;163;122;0.00001729
817;NCC006035MBU;160;123;0.00028496
817;NCC006035MBU;162;123;0.00103069
817;NCC006035MBU;160;124;0.00036555
817;NCC006035MBU;161;124;0.00100775
817;NCC006035MBU;162;124;0.00030455
817;NCC006035MBU;163;124;0.00000927
817;NCC006035MBU;164;124;0.00002178
817;NCC006035MBU;165;124;0.00001686
817;NCC006035MBU;166;124;0.00001756
817;NCC006035MBU;160;125;0.00044491
817;NCC006035MBU;161;125;0.00106053
817;NCC006035MBU;162;125;0.00002183
817;NCC006035MBU;163;125;0.00000857
817;NCC006035MBU;166;125;0.00000434
817;NCC006035MBU;167;125;0.00003540
817;NCC006035MBU;168;125;0.00001332
817;NCC006035MBU;160;126;0.00141203
817;NCC006035MBU;161;126;0.00030744
817;NCC006035MBU;167;126;0.00000175
817;NCC006035MBU;168;126;0.00002760
817;NCC006035MBU;156;127;0.00008688
817;NCC006035MBU;157;127;0.00002042
817;NCC006035MBU;159;127;0.00128518
817;NCC006035MBU;160;127;0.00013667
817;NCC006035MBU;165;127;0.00010174
817;NCC006035MBU;166;127;0.00013551
817;NCC006035MBU;167;127;0.00001779
817;NCC006035MBU;168;127;0.00000774
817;NCC006035MBU;156;128;0.00010700
817;NCC006035MBU;157;128;0.00012695
817;NCC006035MBU;158;128;0.00139198
817;NCC006035MBU;159;128;0.00107545
817;NCC006035MBU;160;128;0.00003914
817;NCC006035MBU;164;128;0.00009325
817;NCC006035MBU;165;128;0.00018075
817;NCC006035MBU;157;129;0.00164614
817;NCC006035MBU;158;129;0.00022231
817;NCC006035MBU;164;129;0.00007711
817;NCC006035MBU;156;130;0.00086759
817;NCC006035MBU;157;130;0.00137315
817;NCC006035MBU;164;130;0.00005458
817;NCC006035MBU;165;130;0.00003796
817;NCC006035MBU;156;131;0.00232294
817;NCC006035MBU;160;131;0.00009571
817;NCC006035MBU;161;131;0.00032216
817;NCC006035MBU;162;131;0.00030809
817;NCC006035MBU;163;131;0.00033685
817;NCC006035MBU;164;131;0.00006885
817;NCC006035MBU;155;132;0.00137157
817;NCC006035MBU;156;132;0.00081784
817;NCC006035MBU;157;132;0.00025790
817;NCC006035MBU;158;132;0.00035426
817;NCC006035MBU;159;132;0.00038098
817;NCC006035MBU;160;132;0.00033230
817;NCC006035MBU;163;132;0.00012016
817;NCC006035MBU;154;133;0.00008254
817;NCC006035MBU;155;133;0.00243872
817;NCC006035MBU;156;133;0.00037936
817;NCC006035MBU;157;133;0.00012838
817;NCC006035MBU;153;134;0.00034605
817;NCC006035MBU;154;134;0.00020394
817;NCC006035MBU;155;134;0.00260942
817;NCC006035MBU;156;134;0.00027165
817;NCC006035MBU;157;134;0.00000315
817;NCC006035MBU;150;135;0.00015377
817;NCC006035MBU;152;135;0.00125602
817;NCC006035MBU;153;135;0.00013570
817;NCC006035MBU;154;135;0.00369272
817;NCC006035MBU;155;135;0.00032914
817;NCC006035MBU;156;135;0.00035590
817;NCC006035MBU;157;135;0.00019833
817;NCC006035MBU;150;136;0.00037259
817;NCC006035MBU;151;136;0.00011205
817;NCC006035MBU;152;136;0.00314087
817;NCC006035MBU;153;136;0.00907190
817;NCC006035MBU;154;136;0.00501488
817;NCC006035MBU;155;136;0.00045148
817;NCC006035MBU;148;137;0.00241895
817;NCC006035MBU;149;137;0.05395423
817;NCC006035MBU;150;137;0.05663063
817;NCC006035MBU;151;137;0.03091701
817;NCC006035MBU;152;137;0.06974555
817;NCC006035MBU;153;137;0.01390430
817;NCC006035MBU;154;137;0.00028326
817;NCC006035MBU;155;137;0.00001242
817;NCC006035MBU;147;138;0.07658712
817;NCC006035MBU;148;138;0.17058064
817;NCC006035MBU;149;138;0.02310755
817;NCC006035MBU;150;138;0.00395634
817;NCC006035MBU;151;138;0.05582752
817;NCC006035MBU;152;138;0.09044156
817;NCC006035MBU;153;138;0.00380985
817;NCC006035MBU;154;138;0.00002884
817;NCC006035MBU;147;139;0.00328509
817;NCC006035MBU;148;139;0.03150565
817;NCC006035MBU;149;139;0.06734105
817;NCC006035MBU;151;139;0.05656931
817;NCC006035MBU;152;139;0.03718635
817;NCC006035MBU;153;139;0.00376647
817;NCC006035MBU;154;139;0.00002715
817;NCC006035MBU;155;139;0.00001792
817;NCC006035MBU;150;140;0.04512516
817;NCC006035MBU;151;140;0.01527589
817;NCC006035MBU;152;140;0.03176306
817;NCC006035MBU;153;140;0.00071883
817;NCC006035MBU;154;140;0.00025084
817;NCC006035MBU;151;141;0.00041746
817;NCC006035MBU;152;141;0.00102162
817;0SV006045SHA;120;233;0.00001307
817;0SV006045SHA;121;233;0.00009214
817;0SV006045SHA;122;233;0.00011709
817;0SV006045SHA;123;233;0.00009374
817;0SV006045SHA;134;233;0.00011043
817;0SV006045SHA;135;233;0.01273591
817;0SV006045SHA;120;234;0.00003816
817;0SV006045SHA;123;234;0.00000910
817;0SV006045SHA;124;234;0.00002344
817;0SV006045SHA;125;234;0.00001542
817;0SV006045SHA;130;234;0.00018082
817;0SV006045SHA;131;234;0.00014829
817;0SV006045SHA;132;234;0.00089262
817;0SV006045SHA;133;234;0.00113602
817;0SV006045SHA;134;234;0.00252102
817;0SV006045SHA;135;234;0.02983641
817;0SV006045SHA;136;234;0.00118880
817;0SV006045SHA;137;234;0.00014153
817;0SV006045SHA;141;234;0.00000673
817;0SV006045SHA;125;235;0.00005126
817;0SV006045SHA;126;235;0.00011638
817;0SV006045SHA;127;235;0.00024558
817;0SV006045SHA;128;235;0.00015102
817;0SV006045SHA;130;235;0.00049824
817;0SV006045SHA;131;235;0.00003036
817;0SV006045SHA;132;235;0.00263036
817;0SV006045SHA;133;235;0.00122767
817;0SV006045SHA;134;235;0.00379962
817;0SV006045SHA;135;235;0.04364796
817;0SV006045SHA;136;235;0.00186856
817;0SV006045SHA;137;235;0.00007230
817;0SV006045SHA;138;235;0.00016737
817;0SV006045SHA;139;235;0.00013401
817;0SV006045SHA;140;235;0.00009161
817;0SV006045SHA;141;235;0.00009683
817;0SV006045SHA;142;235;0.00006528
817;0SV006045SHA;143;235;0.00044429
817;0SV006045SHA;144;235;0.00023305
817;0SV006045SHA;145;235;0.00023120
817;0SV006045SHA;146;235;0.00000233
817;0SV006045SHA;150;235;0.00007769
817;0SV006045SHA;151;235;0.00019782
817;0SV006045SHA;152;235;0.00022461
817;0SV006045SHA;128;236;0.00101219
817;0SV006045SHA;129;236;0.00169686
817;0SV006045SHA;130;236;0.00209253
817;0SV006045SHA;131;236;0.00121540
817;0SV006045SHA;132;236;0.00182223
817;0SV006045SHA;133;236;0.01147158
817;0SV006045SHA;134;236;0.04310030
817;0SV006045SHA;135;236;0.01487453
817;0SV006045SHA;136;236;0.00323173
817;0SV006045SHA;137;236;0.00148007
817;0SV006045SHA;138;236;0.00105953
817;0SV006045SHA;139;236;0.00105982
817;0SV006045SHA;140;236;0.00057330
817;0SV006045SHA;141;236;0.00230334
817;0SV006045SHA;142;236;0.00114430
817;0SV006045SHA;143;236;0.00316394
817;0SV006045SHA;144;236;0.00145585
817;0SV006045SHA;146;236;0.00019628
817;0SV006045SHA;151;236;0.00008704
817;0SV006045SHA;152;236;0.00016591
817;0SV006045SHA;153;236;0.00004717
817;0SV006045SHA;130;237;0.00198966
817;0SV006045SHA;131;237;0.00202545
817;0SV006045SHA;132;237;0.00139080
817;0SV006045SHA;133;237;0.02876442
817;0SV006045SHA;134;237;0.04469161
817;0SV006045SHA;135;237;0.00693564
817;0SV006045SHA;136;237;0.00153431
817;0SV006045SHA;137;237;0.00075284
817;0SV006045SHA;138;237;0.00379393
817;0SV006045SHA;139;237;0.00332823
817;0SV006045SHA;140;237;0.00323491
817;0SV006045SHA;141;237;0.00106824
817;0SV006045SHA;142;237;0.00215642
817;0SV006045SHA;144;237;0.00053691
817;0SV006045SHA;145;237;0.00148610
817;0SV006045SHA;146;237;0.00141028
817;0SV006045SHA;147;237;0.00050283
817;0SV006045SHA;148;237;0.00032550
817;0SV006045SHA;149;237;0.00040732
817;0SV006045SHA;150;237;0.00011947
817;0SV006045SHA;151;237;0.00011348
817;0SV006045SHA;152;237;0.00007895
817;0SV006045SHA;131;238;0.00162803
817;0SV006045SHA;132;238;0.00671530
817;0SV006045SHA;133;238;0.06318056
817;0SV006045SHA;134;238;0.06286908
817;0SV006045SHA;135;238;0.02018506
817;0SV006045SHA;136;238;0.01189725
817;0SV006045SHA;137;238;0.00633102
817;0SV006045SHA;138;238;0.00073707
817;0SV006045SHA;139;238;0.00015386
817;0SV006045SHA;142;238;0.00000173
817;0SV006045SHA;143;238;0.00005079
817;0SV006045SHA;149;238;0.00017984
817;0SV006045SHA;150;238;0.00033750
817;0SV006045SHA;151;238;0.00012736
817;0SV006045SHA;130;239;0.00015995
817;0SV006045SHA;131;239;0.00376763
817;0SV006045SHA;132;239;0.01428656
817;0SV006045SHA;133;239;0.12822333
817;0SV006045SHA;134;239;0.04395596
817;0SV006045SHA;135;239;0.00465023
817;0SV006045SHA;136;239;0.00225816
817;0SV006045SHA;137;239;0.00067386
817;0SV006045SHA;138;239;0.00038041
817;0SV006045SHA;139;239;0.00066974
817;0SV006045SHA;140;239;0.00044396
817;0SV006045SHA;142;239;0.00004506
817;0SV006045SHA;143;239;0.00012941
817;0SV006045SHA;144;239;0.00015242
817;0SV006045SHA;150;239;0.00029735
817;0SV006045SHA;151;239;0.00033796
817;0SV006045SHA;126;240;0.00007900
817;0SV006045SHA;129;240;0.00070696
817;0SV006045SHA;130;240;0.00119408
817;0SV006045SHA;131;240;0.00121605
817;0SV006045SHA;132;240;0.00312958
817;0SV006045SHA;133;240;0.05629671
817;0SV006045SHA;134;240;0.02249821
817;0SV006045SHA;135;240;0.01047032
817;0SV006045SHA;136;240;0.00905880
817;0SV006045SHA;138;240;0.00043423
817;0SV006045SHA;139;240;0.00081586
817;0SV006045SHA;140;240;0.00028587
817;0SV006045SHA;141;240;0.00067430
817;0SV006045SHA;142;240;0.00073349
817;0SV006045SHA;143;240;0.00059849
817;0SV006045SHA;144;240;0.00008270
817;0SV006045SHA;145;240;0.00001509
817;0SV006045SHA;151;240;0.00008623
817;0SV006045SHA;152;240;0.00040487
817;0SV006045SHA;154;240;0.00008035
817;0SV006045SHA;155;240;0.00006681
817;0SV006045SHA;126;241;0.00075614
817;0SV006045SHA;127;241;0.00109829
817;0SV006045SHA;128;241;0.00149309
817;0SV006045SHA;129;241;0.00069234
817;0SV006045SHA;131;241;0.00000371
817;0SV006045SHA;132;241;0.00000580
817;0SV006045SHA;133;241;0.01034355
817;0SV006045SHA;134;241;0.01977135
817;0SV006045SHA;135;241;0.00093357
817;0SV006045SHA;136;241;0.00260161
817;0SV006045SHA;137;241;0.00596157
817;0SV006045SHA;138;241;0.00325835
817;0SV006045SHA;139;241;0.00011451
817;0SV006045SHA;140;241;0.00028753
817;0SV006045SHA;142;241;0.00010597
817;0SV006045SHA;143;241;0.00021209
817;0SV006045SHA;145;241;0.00002862
817;0SV006045SHA;146;241;0.00005426
817;0SV006045SHA;152;241;0.00037922
817;0SV006045SHA;153;241;0.00075282
817;0SV006045SHA;154;241;0.00037442
817;0SV006045SHA;128;242;0.00045611
817;0SV006045SHA;132;242;0.00000419
817;0SV006045SHA;133;242;0.00089827
817;0SV006045SHA;134;242;0.00724301
817;0SV006045SHA;135;242;0.00037131
817;0SV006045SHA;136;242;0.00047736
817;0SV006045SHA;138;242;0.00186450
817;0SV006045SHA;139;242;0.00590177
817;0SV006045SHA;140;242;0.00014673
817;0SV006045SHA;141;242;0.00003209
817;0SV006045SHA;142;242;0.00002362
817;0SV006045SHA;143;242;0.00000696
817;0SV006045SHA;146;242;0.00001315
817;0SV006045SHA;147;242;0.00003933
817;0SV006045SHA;152;242;0.00015768
817;0SV006045SHA;153;242;0.00073593
817;0SV006045SHA;154;242;0.00000653
817;0SV006045SHA;128;243;0.00018332
817;0SV006045SHA;134;243;0.00543127
817;0SV006045SHA;136;243;0.00008384
817;0SV006045SHA;139;243;0.00266003
817;0SV006045SHA;140;243;0.00540104
817;0SV006045SHA;141;243;0.00150083
817;0SV006045SHA;147;243;0.00005581
817;0SV006045SHA;151;243;0.00046575
817;0SV006045SHA;152;243;0.00049826
817;0SV006045SHA;154;243;0.00000836
817;0SV006045SHA;128;244;0.00001552
817;0SV006045SHA;134;244;0.00425403
817;0SV006045SHA;135;244;0.00135418
817;0SV006045SHA;141;244;0.00551718
817;0SV006045SHA;142;244;0.00357027
817;0SV006045SHA;147;244;0.00004438
817;0SV006045SHA;151;244;0.00060161
817;0SV006045SHA;153;244;0.00000051
817;0SV006045SHA;154;244;0.00003084
817;0SV006045SHA;127;245;0.00000134
817;0SV006045SHA;128;245;0.00001357
817;0SV006045SHA;134;245;0.00478598
817;0SV006045SHA;141;245;0.00018518
817;0SV006045SHA;142;245;0.00424013
817;0SV006045SHA;143;245;0.00004746
817;0SV006045SHA;147;245;0.00004224
817;0SV006045SHA;151;245;0.00071119
817;0SV006045SHA;152;245;0.00005096
817;0SV006045SHA;153;245;0.00004485
817;0SV006045SHA;127;246;0.00000145
817;0SV006045SHA;128;246;0.00000874
817;0SV006045SHA;133;246;0.00009045
817;0SV006045SHA;134;246;0.00617964
817;0SV006045SHA;135;246;0.00006228
817;0SV006045SHA;138;246;0.00000926
817;0SV006045SHA;139;246;0.00000458
817;0SV006045SHA;140;246;0.00013024
817;0SV006045SHA;141;246;0.00003630
817;0SV006045SHA;143;246;0.00705947
817;0SV006045SHA;144;246;0.00362162
817;0SV006045SHA;145;246;0.00370541
817;0SV006045SHA;146;246;0.00535181
817;0SV006045SHA;147;246;0.00362907
817;0SV006045SHA;148;246;0.00072595
817;0SV006045SHA;149;246;0.00031448
817;0SV006045SHA;150;246;0.00077725
817;0SV006045SHA;151;246;0.00016262
817;0SV006045SHA;153;246;0.00004816
817;0SV006045SHA;128;247;0.00000570
817;0SV006045SHA;129;247;0.00000340
817;0SV006045SHA;133;247;0.00504847
817;0SV006045SHA;135;247;0.00003224
817;0SV006045SHA;136;247;0.00004859
817;0SV006045SHA;137;247;0.00000215
817;0SV006045SHA;138;247;0.00003572
817;0SV006045SHA;139;247;0.00005510
817;0SV006045SHA;140;247;0.00012075
817;0SV006045SHA;143;247;0.00027079
817;0SV006045SHA;148;247;0.00427616
817;0SV006045SHA;149;247;0.00066772
817;0SV006045SHA;150;247;0.00036778
817;0SV006045SHA;152;247;0.00003995
817;0SV006045SHA;153;247;0.00000614
817;0SV006045SHA;129;248;0.00006842
817;0SV006045SHA;130;248;0.00023900
817;0SV006045SHA;131;248;0.00015227
817;0SV006045SHA;132;248;0.00156546
817;0SV006045SHA;133;248;0.00492257
817;0SV006045SHA;136;248;0.00005931
817;0SV006045SHA;137;248;0.00002811
817;0SV006045SHA;139;248;0.00008646
817;0SV006045SHA;142;248;0.00016017
817;0SV006045SHA;143;248;0.00014576
817;0SV006045SHA;149;248;0.00269780
817;0SV006045SHA;150;248;0.00023990
817;0SV006045SHA;152;248;0.00004679
817;0SV006045SHA;129;249;0.00004805
817;0SV006045SHA;130;249;0.00005691
817;0SV006045SHA;131;249;0.00000610
817;0SV006045SHA;132;249;0.00442598
817;0SV006045SHA;133;249;0.00000425
817;0SV006045SHA;142;249;0.00019384
817;0SV006045SHA;149;249;0.00091973
817;0SV006045SHA;150;249;0.00174543
817;0SV006045SHA;151;249;0.00073794
817;0SV006045SHA;152;249;0.00002205
817;0SV006045SHA;153;249;0.00015836
817;0SV006045SHA;132;250;0.00194612
817;0SV006045SHA;133;250;0.00250459
817;0SV006045SHA;142;250;0.00000343
817;0SV006045SHA;143;250;0.00019445
817;0SV006045SHA;145;250;0.00002578
817;0SV006045SHA;146;250;0.00003839
817;0SV006045SHA;147;250;0.00003729
817;0SV006045SHA;148;250;0.00048099
817;0SV006045SHA;149;250;0.00034047
817;0SV006045SHA;151;250;0.00111517
817;0SV006045SHA;152;250;0.00198711
817;0SV006045SHA;153;250;0.00079895
817;0SV006045SHA;133;251;0.00507558
817;0SV006045SHA;142;251;0.00011074
817;0SV006045SHA;143;251;0.00007434
817;0SV006045SHA;144;251;0.00003102
817;0SV006045SHA;145;251;0.00001940
817;0SV006045SHA;148;251;0.00022305
817;0SV006045SHA;149;251;0.00017258
817;0SV006045SHA;151;251;0.00055001
817;0SV006045SHA;152;251;0.00069361
817;0SV006045SHA;153;251;0.00166591
817;0SV006045SHA;154;251;0.00106484
817;0SV006045SHA;155;251;0.00003771
817;0SV006045SHA;133;252;0.00066544
817;0SV006045SHA;134;252;0.00422366
817;0SV006045SHA;141;252;0.00002285
817;0SV006045SHA;142;252;0.00009158
817;0SV006045SHA;148;252;0.00036007
817;0SV006045SHA;150;252;0.00014993
817;0SV006045SHA;151;252;0.00046325
817;0SV006045SHA;154;252;0.00015730
817;0SV006045SHA;155;252;0.00008947
817;0SV006045SHA;134;253;0.00411011
817;0SV006045SHA;135;253;0.00062711
817;0SV006045SHA;140;253;0.00012357
817;0SV006045SHA;141;253;0.00008371
817;0SV006045SHA;142;253;0.00001561
817;0SV006045SHA;148;253;0.00033372
817;0SV006045SHA;149;253;0.00016581
817;0SV006045SHA;150;253;0.00013750
817;0SV006045SHA;135;254;0.00543734
817;0SV006045SHA;139;254;0.00008427
817;0SV006045SHA;140;254;0.00003262
817;0SV006045SHA;147;254;0.00015616
817;0SV006045SHA;148;254;0.00057633
817;0SV006045SHA;149;254;0.00003031
817;0SV006045SHA;135;255;0.00207642
817;0SV006045SHA;138;255;0.00004502
817;0SV006045SHA;139;255;0.00005541
817;0SV006045SHA;147;255;0.00019478
817;SJV006050SJU;153;147;0.00000052
817;SJV006050SJU;156;147;0.00000433
817;SJV006050SJU;157;147;0.00000206
817;SJV006050SJU;152;148;0.00000043
817;SJV006050SJU;153;148;0.00000190
817;SJV006050SJU;154;148;0.00000234
817;SJV006050SJU;155;148;0.00000327
817;SJV006050SJU;156;148;0.00000032
817;SJV006050SJU;157;148;0.00000270
817;SJV006050SJU;158;148;0.00000849
817;SJV006050SJU;159;148;0.00264014
817;SJV006050SJU;155;149;0.00000015
817;SJV006050SJU;156;149;0.00000071
817;SJV006050SJU;158;149;0.00000011
817;SJV006050SJU;159;149;0.00936177
817;SJV006050SJU;160;149;0.00002388
817;SJV006050SJU;156;150;0.00000005
817;SJV006050SJU;157;150;0.00000076
817;SJV006050SJU;158;150;0.00794913
817;SJV006050SJU;159;150;0.00199874
817;SJV006050SJU;160;150;0.00369626
817;SJV006050SJU;161;150;0.00091722
817;SJV006050SJU;158;151;0.00999804
817;SJV006050SJU;159;151;0.00034735
817;SJV006050SJU;160;151;0.00515207
817;SJV006050SJU;161;151;0.00213842
817;SJV006050SJU;153;152;0.00000143
817;SJV006050SJU;154;152;0.00002500
817;SJV006050SJU;155;152;0.00035859
817;SJV006050SJU;157;152;0.00000009
817;SJV006050SJU;158;152;0.01198228
817;SJV006050SJU;159;152;0.00360734
817;SJV006050SJU;160;152;0.00139971
817;SJV006050SJU;161;152;0.00130416
817;SJV006050SJU;155;153;0.00060986
817;SJV006050SJU;156;153;0.00153954
817;SJV006050SJU;157;153;0.00869839
817;SJV006050SJU;158;153;0.00504003
817;SJV006050SJU;159;153;0.00362558
817;SJV006050SJU;160;153;0.00343285
817;SJV006050SJU;161;153;0.00133258
817;SJV006050SJU;162;153;0.00159834
817;SJV006050SJU;163;153;0.00006454
817;SJV006050SJU;153;154;0.00021181
817;SJV006050SJU;154;154;0.00086265
817;SJV006050SJU;155;154;0.00119916
817;SJV006050SJU;156;154;0.00065880
817;SJV006050SJU;157;154;0.01716663
817;SJV006050SJU;158;154;0.00746308
817;SJV006050SJU;159;154;0.00029406
817;SJV006050SJU;160;154;0.00029535
817;SJV006050SJU;161;154;0.00182028
817;SJV006050SJU;162;154;0.00172102
817;SJV006050SJU;163;154;0.00181508
817;SJV006050SJU;164;154;0.02139766
817;SJV006050SJU;165;154;0.00283811
817;SJV006050SJU;153;155;0.00000905
817;SJV006050SJU;154;155;0.00000402
817;SJV006050SJU;156;155;0.01524034
817;SJV006050SJU;157;155;0.00329621
817;SJV006050SJU;158;155;0.00372084
817;SJV006050SJU;159;155;0.00649837
817;SJV006050SJU;160;155;0.00360341
817;SJV006050SJU;161;155;0.00363609
817;SJV006050SJU;162;155;0.00309533
817;SJV006050SJU;163;155;0.01854197
817;SJV006050SJU;164;155;0.03132948
817;SJV006050SJU;165;155;0.00255767
817;SJV006050SJU;166;155;0.00253023
817;SJV006050SJU;154;156;0.00001911
817;SJV006050SJU;155;156;0.01429804
817;SJV006050SJU;156;156;0.00443972
817;SJV006050SJU;157;156;0.00368201
817;SJV006050SJU;158;156;0.00010355
817;SJV006050SJU;159;156;0.00101271
817;SJV006050SJU;160;156;0.00301446
817;SJV006050SJU;161;156;0.00193746
817;SJV006050SJU;162;156;0.00195254
817;SJV006050SJU;163;156;0.04423443
817;SJV006050SJU;164;156;0.00919577
817;SJV006050SJU;165;156;0.00507870
817;SJV006050SJU;166;156;0.00103953
817;SJV006050SJU;167;156;0.00196945
817;SJV006050SJU;168;156;0.00044475
817;SJV006050SJU;169;156;0.00011563
817;SJV006050SJU;154;157;0.01409467
817;SJV006050SJU;155;157;0.00421730
817;SJV006050SJU;156;157;0.00276153
817;SJV006050SJU;157;157;0.00217978
817;SJV006050SJU;158;157;0.00218943
817;SJV006050SJU;159;157;0.00202855
817;SJV006050SJU;160;157;0.00314546
817;SJV006050SJU;161;157;0.00450285
817;SJV006050SJU;162;157;0.04179207
817;SJV006050SJU;163;157;0.00837769
817;SJV006050SJU;164;157;0.00571282
817;SJV006050SJU;165;157;0.00048311
817;SJV006050SJU;166;157;0.00121960
817;SJV006050SJU;167;157;0.00133040
817;SJV006050SJU;168;157;0.00003558
817;SJV006050SJU;171;157;0.00001072
817;SJV006050SJU;154;158;0.00211825
817;SJV006050SJU;155;158;0.00184109
817;SJV006050SJU;156;158;0.00100863
817;SJV006050SJU;157;158;0.00004476
817;SJV006050SJU;158;158;0.00173914
817;SJV006050SJU;159;158;0.00118607
817;SJV006050SJU;160;158;0.00636712
817;SJV006050SJU;161;158;0.04270262
817;SJV006050SJU;162;158;0.03108132
817;SJV006050SJU;163;158;0.00545057
817;SJV006050SJU;164;158;0.00430408
817;SJV006050SJU;165;158;0.00031235
817;SJV006050SJU;166;158;0.00283875
817;SJV006050SJU;167;158;0.00008670
817;SJV006050SJU;168;158;0.00009592
817;SJV006050SJU;169;158;0.00008683
817;SJV006050SJU;170;158;0.00004670
817;SJV006050SJU;171;158;0.00007077
817;SJV006050SJU;172;158;0.00048485
817;SJV006050SJU;173;158;0.00004634
817;SJV006050SJU;155;159;0.00323026
817;SJV006050SJU;156;159;0.00455541
817;SJV006050SJU;157;159;0.00447491
817;SJV006050SJU;158;159;0.00397147
817;SJV006050SJU;159;159;0.00445913
817;SJV006050SJU;160;159;0.02951886
817;SJV006050SJU;161;159;0.04955115
817;SJV006050SJU;162;159;0.02438520
817;SJV006050SJU;163;159;0.00561541
817;SJV006050SJU;164;159;0.00472521
817;SJV006050SJU;165;159;0.00366316
817;SJV006050SJU;166;159;0.00479384
817;SJV006050SJU;167;159;0.00077943
817;SJV006050SJU;168;159;0.00070084
817;SJV006050SJU;169;159;0.00073696
817;SJV006050SJU;170;159;0.00062830
817;SJV006050SJU;171;159;0.00064005
817;SJV006050SJU;172;159;0.00184761
817;SJV006050SJU;173;159;0.00097554
817;SJV006050SJU;174;159;0.00029776
817;SJV006050SJU;157;160;0.00010558
817;SJV006050SJU;158;160;0.00091306
817;SJV006050SJU;159;160;0.01369677
817;SJV006050SJU;160;160;0.05187191
817;SJV006050SJU;161;160;0.03470318
817;SJV006050SJU;162;160;0.02720228
817;SJV006050SJU;163;160;0.00278645
817;SJV006050SJU;164;160;0.00180255
817;SJV006050SJU;165;160;0.00331667
817;SJV006050SJU;166;160;0.00005874
817;SJV006050SJU;167;160;0.00003623
817;SJV006050SJU;169;160;0.00002679
817;SJV006050SJU;172;160;0.00088341
817;SJV006050SJU;158;161;0.00327203
817;SJV006050SJU;159;161;0.04443834
817;SJV006050SJU;160;161;0.01511763
817;SJV006050SJU;161;161;0.02363168
817;SJV006050SJU;162;161;0.01994623
817;SJV006050SJU;163;161;0.00609664
817;SJV006050SJU;164;161;0.00277132
817;SJV006050SJU;165;161;0.00143962
817;SJV006050SJU;166;161;0.00007279
817;SJV006050SJU;167;161;0.00005593
817;SJV006050SJU;168;161;0.00046962
817;SJV006050SJU;169;161;0.00044673
817;SJV006050SJU;170;161;0.00017030
817;SJV006050SJU;171;161;0.00062933
817;SJV006050SJU;172;161;0.00010641
817;SJV006050SJU;160;162;0.00005769
817;SJV006050SJU;161;162;0.00403950
817;SJV006050SJU;162;162;0.00136772
817;SJV006050SJU;163;162;0.00538301
817;SJV006050SJU;164;162;0.01070952
817;SJV006050SJU;165;162;0.00348205
817;SJV006050SJU;166;162;0.00050902
817;SJV006050SJU;167;162;0.00044476
817;SJV006050SJU;168;162;0.00005555
817;SJV006050SJU;169;162;0.00014705
817;SJV006050SJU;170;162;0.00044145
817;SJV006050SJU;171;162;0.00011993
817;SJV006050SJU;162;163;0.00018900
817;SJV006050SJU;163;163;0.00296356
817;SJV006050SJU;164;163;0.00444654
817;SJV006050SJU;165;163;0.00170279
817;SJV006050SJU;166;163;0.00233830
817;SJV006050SJU;167;163;0.00254868
817;SJV006050SJU;168;163;0.00112371
817;SJV006050SJU;169;163;0.00015343
817;SJV006050SJU;162;164;0.00017089
817;SJV006050SJU;163;164;0.00188401
817;SJV006050SJU;164;164;0.00128453
817;SJV006050SJU;165;164;0.00000272
817;SJV006050SJU;166;164;0.00000037
817;SJV006050SJU;167;164;0.00077922
817;SJV006050SJU;168;164;0.00203666
817;SJV006050SJU;162;165;0.00003943
817;SJV006050SJU;163;165;0.00212189
817;SJV006050SJU;164;165;0.00001148
817;SJV006050SJU;165;165;0.00078297
817;SJV006050SJU;166;165;0.00076654
817;SJV006050SJU;167;165;0.00022205
817;SJV006050SJU;163;166;0.00066378
817;SJV006050SJU;164;166;0.00333707
817;SJV006050SJU;165;166;0.00002857
817;SJV006050SJU;162;167;0.00025083
817;SJV006050SJU;163;167;0.00275185
817;SJV006050SJU;164;167;0.00513101
817;SJV006050SJU;165;167;0.00020942
817;SJV006050SJU;164;168;0.00047223
817;0MC006022MPA;179;148;0.12254395
817;0MC006022MPA;180;148;0.01839725
817;0MC006022MPA;177;151;0.00202541
817;0MC006022MPA;178;151;0.03378383
817;0MC006022MPA;178;152;0.01884859
817;0MC006022MPA;179;152;0.04220852
817;0MC006022MPA;179;153;0.01042390
817;0MC006022MPA;180;153;0.03969677
817;0MC006022MPA;181;153;0.00319010
817;0MC006022MPA;188;153;0.02111328
817;0MC006022MPA;176;154;0.03183729
817;0MC006022MPA;181;154;0.01308549
817;0MC006022MPA;182;154;0.01627559
817;0MC006022MPA;183;154;0.00370453
817;0MC006022MPA;184;154;0.00547225
817;0MC006022MPA;185;154;0.00566249
817;0MC006022MPA;186;154;0.00845654
817;0MC006022MPA;187;154;0.00937828
817;0MC006022MPA;188;154;0.00238411
817;0MC006022MPA;190;154;0.16169156
817;0MC006022MPA;176;155;0.08402412
817;0MC006022MPA;182;155;0.00931642
817;0MC006022MPA;183;155;0.02209014
817;0MC006022MPA;190;155;0.01142651
817;0MC006022MPA;175;156;0.03638490
817;0MC006022MPA;176;156;0.01754920
817;0MC006022MPA;180;156;0.00223585
817;0MC006022MPA;181;156;0.01560795
817;0MC006022MPA;182;156;0.00629154
817;0MC006022MPA;183;156;0.00009218
817;0MC006022MPA;184;156;0.00607914
817;0MC006022MPA;189;156;0.00619563
817;0MC006022MPA;190;156;0.00617311
817;0MC006022MPA;180;157;0.01515173
817;0MC006022MPA;183;157;0.00417800
817;0MC006022MPA;184;157;0.00127506
817;0MC006022MPA;189;157;0.01128716
817;0MC006022MPA;179;158;0.00771158
817;0MC006022MPA;180;158;0.00024251
817;0MC006022MPA;183;158;0.00537156
817;0MC006022MPA;189;158;0.00340205
817;0MC006022MPA;174;159;0.00324305
817;0MC006022MPA;179;159;0.00842147
817;0MC006022MPA;183;159;0.00098888
817;0MC006022MPA;184;159;0.00436657
817;0MC006022MPA;189;159;0.00340205
817;0MC006022MPA;174;160;0.00382573
817;0MC006022MPA;178;160;0.00490028
817;0MC006022MPA;179;160;0.00410326
817;0MC006022MPA;184;160;0.00333584
817;0MC006022MPA;185;160;0.00485183
817;0MC006022MPA;186;160;0.00485183
817;0MC006022MPA;187;160;0.00485183
817;0MC006022MPA;188;160;0.00196624
817;0MC006022MPA;189;160;0.00340205
817;0MC006022MPA;175;161;0.00595812
817;0MC006022MPA;176;161;0.00595071
817;0MC006022MPA;177;161;0.00864463
817;0MC006022MPA;178;161;0.01445727
817;0MC006022MPA;187;161;0.00068300
817;0MC006022MPA;188;161;0.00533408
817;0MC006022MPA;189;161;0.00337324
817;0MC006022MPA;177;162;0.00644388
817;0MC006022MPA;186;162;0.00186890
817;0MC006022MPA;187;162;0.00691963
817;0MC006022MPA;180;164;0.00078712
817;0MC006022MPA;181;164;0.00228454
817;0MC006022MPA;190;164;0.00226755
817;0MC006022MPA;191;164;0.00841320
817;0MC006022MPA;192;164;0.00841320
817;0MC006022MPA;193;164;0.00872294
817;0MC006022MPA;190;165;0.00279383
817;0MC006022MPA;193;165;0.00275972
817;0MC006022MPA;194;165;0.00514748
817;SJV006010SJU;177;116;0.00010711
817;SJV006010SJU;178;116;0.00042092
817;SJV006010SJU;180;116;0.00075178
817;SJV006010SJU;171;117;0.00015113
817;SJV006010SJU;172;117;0.00037606
817;SJV006010SJU;173;117;0.00036953
817;SJV006010SJU;174;117;0.00020621
817;SJV006010SJU;175;117;0.00000275
817;SJV006010SJU;177;117;0.00051166
817;SJV006010SJU;179;117;0.00038372
817;SJV006010SJU;180;117;0.00434813
817;SJV006010SJU;174;118;0.00034091
817;SJV006010SJU;175;118;0.00140713
817;SJV006010SJU;176;118;0.00081461
817;SJV006010SJU;177;118;0.00098859
817;SJV006010SJU;178;118;0.00067764
817;SJV006010SJU;179;118;0.00495555
817;SJV006010SJU;180;118;0.00073110
817;SJV006010SJU;181;118;0.00019689
817;SJV006010SJU;182;118;0.00005051
817;SJV006010SJU;174;119;0.00007484
817;SJV006010SJU;175;119;0.00152027
817;SJV006010SJU;176;119;0.00025591
817;SJV006010SJU;177;119;0.00009231
817;SJV006010SJU;178;119;0.00338570
817;SJV006010SJU;179;119;0.00146682
817;SJV006010SJU;180;119;0.00074402
817;SJV006010SJU;181;119;0.00000529
817;SJV006010SJU;183;119;0.00000577
817;SJV006010SJU;175;120;0.00093434
817;SJV006010SJU;176;120;0.00152829
817;SJV006010SJU;177;120;0.00001272
817;SJV006010SJU;178;120;0.00439728
817;SJV006010SJU;180;120;0.00086496
817;SJV006010SJU;181;120;0.00000718
817;SJV006010SJU;169;121;0.00000271
817;SJV006010SJU;176;121;0.00172030
817;SJV006010SJU;177;121;0.00480720
817;SJV006010SJU;178;121;0.00064739
817;SJV006010SJU;179;121;0.00040655
817;SJV006010SJU;180;121;0.00124985
817;SJV006010SJU;181;121;0.00036615
817;SJV006010SJU;182;121;0.00024251
817;SJV006010SJU;168;122;0.00000369
817;SJV006010SJU;169;122;0.00000134
817;SJV006010SJU;176;122;0.00197627
817;SJV006010SJU;177;122;0.00527716
817;SJV006010SJU;178;122;0.00022136
817;SJV006010SJU;180;122;0.00079934
817;SJV006010SJU;176;123;0.00517275
817;SJV006010SJU;177;123;0.00171245
817;SJV006010SJU;178;123;0.00060381
817;SJV006010SJU;180;123;0.00080360
817;SJV006010SJU;175;124;0.00340172
817;SJV006010SJU;176;124;0.00179309
817;SJV006010SJU;178;124;0.00204731
817;SJV006010SJU;179;124;0.00027036
817;SJV006010SJU;180;124;0.00081016
817;SJV006010SJU;181;124;0.00007239
817;SJV006010SJU;182;124;0.00002787
817;SJV006010SJU;183;124;0.00002248
817;SJV006010SJU;174;125;0.00140013
817;SJV006010SJU;175;125;0.00380185
817;SJV006010SJU;179;125;0.00205110
817;SJV006010SJU;180;125;0.00112815
817;SJV006010SJU;183;125;0.00055384
817;SJV006010SJU;184;125;0.00007183
817;SJV006010SJU;185;125;0.00000583
817;SJV006010SJU;186;125;0.00005405
817;SJV006010SJU;187;125;0.00025206
817;SJV006010SJU;174;126;0.00525621
817;SJV006010SJU;175;126;0.00009877
817;SJV006010SJU;176;126;0.00006856
817;SJV006010SJU;177;126;0.00006856
817;SJV006010SJU;178;126;0.00009152
817;SJV006010SJU;179;126;0.00014105
817;SJV006010SJU;180;126;0.00304007
817;SJV006010SJU;181;126;0.00062416
817;SJV006010SJU;182;126;0.00066237
817;SJV006010SJU;183;126;0.00073388
817;SJV006010SJU;184;126;0.00076718
817;SJV006010SJU;185;126;0.00078850
817;SJV006010SJU;186;126;0.00130744
817;SJV006010SJU;187;126;0.00222360
817;SJV006010SJU;188;126;0.00038665
817;SJV006010SJU;189;126;0.00055411
817;SJV006010SJU;190;126;0.00009431
817;SJV006010SJU;173;127;0.00435847
817;SJV006010SJU;174;127;0.00090933
817;SJV006010SJU;180;127;0.00223728
817;SJV006010SJU;183;127;0.00002719
817;SJV006010SJU;186;127;0.00038171
817;SJV006010SJU;187;127;0.00229661
817;SJV006010SJU;188;127;0.00036280
817;SJV006010SJU;189;127;0.00078924
817;SJV006010SJU;190;127;0.00095803
817;SJV006010SJU;172;128;0.00304277
817;SJV006010SJU;173;128;0.00205178
817;SJV006010SJU;174;128;0.00043426
817;SJV006010SJU;175;128;0.00007701
817;SJV006010SJU;176;128;0.00002351
817;SJV006010SJU;180;128;0.00220125
817;SJV006010SJU;183;128;0.00000819
817;SJV006010SJU;186;128;0.00050628
817;SJV006010SJU;187;128;0.00320867
817;SJV006010SJU;188;128;0.00074057
817;SJV006010SJU;189;128;0.00087202
817;SJV006010SJU;190;128;0.00065908
817;SJV006010SJU;191;128;0.00129148
817;SJV006010SJU;192;128;0.00295710
817;SJV006010SJU;171;129;0.00281092
817;SJV006010SJU;172;129;0.00284330
817;SJV006010SJU;173;129;0.00003016
817;SJV006010SJU;174;129;0.00038300
817;SJV006010SJU;176;129;0.00012438
817;SJV006010SJU;177;129;0.00008381
817;SJV006010SJU;178;129;0.00010396
817;SJV006010SJU;179;129;0.00018838
817;SJV006010SJU;180;129;0.00263269
817;SJV006010SJU;181;129;0.00017595
817;SJV006010SJU;182;129;0.00015857
817;SJV006010SJU;183;129;0.00024810
817;SJV006010SJU;184;129;0.00027640
817;SJV006010SJU;185;129;0.00027369
817;SJV006010SJU;186;129;0.00128971
817;SJV006010SJU;187;129;0.00365207
817;SJV006010SJU;188;129;0.00064822
817;SJV006010SJU;189;129;0.00090021
817;SJV006010SJU;190;129;0.00054133
817;SJV006010SJU;191;129;0.00877297
817;SJV006010SJU;192;129;0.01094246
817;SJV006010SJU;193;129;0.00071686
817;SJV006010SJU;170;130;0.00314620
817;SJV006010SJU;171;130;0.00257089
817;SJV006010SJU;174;130;0.00037236
817;SJV006010SJU;176;130;0.00003600
817;SJV006010SJU;178;130;0.00000469
817;SJV006010SJU;179;130;0.00031876
817;SJV006010SJU;180;130;0.00097541
817;SJV006010SJU;181;130;0.00209997
817;SJV006010SJU;183;130;0.00016496
817;SJV006010SJU;185;130;0.00027567
817;SJV006010SJU;186;130;0.00055353
817;SJV006010SJU;187;130;0.00359047
817;SJV006010SJU;188;130;0.00049490
817;SJV006010SJU;189;130;0.00075679
817;SJV006010SJU;190;130;0.00789439
817;SJV006010SJU;191;130;0.01281093
817;SJV006010SJU;192;130;0.00217108
817;SJV006010SJU;193;130;0.00112223
817;SJV006010SJU;194;130;0.00206601
817;SJV006010SJU;195;130;0.00040961
817;SJV006010SJU;196;130;0.00021305
817;SJV006010SJU;198;130;0.00006138
817;SJV006010SJU;169;131;0.00318904
817;SJV006010SJU;170;131;0.00237296
817;SJV006010SJU;171;131;0.00011477
817;SJV006010SJU;172;131;0.00011427
817;SJV006010SJU;173;131;0.00014809
817;SJV006010SJU;174;131;0.00049229
817;SJV006010SJU;175;131;0.00018966
817;SJV006010SJU;176;131;0.00023840
817;SJV006010SJU;177;131;0.00025480
817;SJV006010SJU;178;131;0.00086128
817;SJV006010SJU;179;131;0.00073078
817;SJV006010SJU;180;131;0.00043190
817;SJV006010SJU;181;131;0.00182008
817;SJV006010SJU;182;131;0.00218047
817;SJV006010SJU;183;131;0.00079305
817;SJV006010SJU;184;131;0.00065354
817;SJV006010SJU;185;131;0.00072033
817;SJV006010SJU;186;131;0.00119932
817;SJV006010SJU;187;131;0.00442187
817;SJV006010SJU;188;131;0.00101026
817;SJV006010SJU;189;131;0.00709786
817;SJV006010SJU;190;131;0.01937008
817;SJV006010SJU;191;131;0.00479362
817;SJV006010SJU;192;131;0.00586587
817;SJV006010SJU;193;131;0.00413450
817;SJV006010SJU;194;131;0.00548693
817;SJV006010SJU;195;131;0.00198174
817;SJV006010SJU;196;131;0.00134517
817;SJV006010SJU;197;131;0.00096200
817;SJV006010SJU;198;131;0.00032095
817;SJV006010SJU;168;132;0.00123243
817;SJV006010SJU;169;132;0.00374986
817;SJV006010SJU;170;132;0.00023664
817;SJV006010SJU;173;132;0.00003173
817;SJV006010SJU;174;132;0.00031632
817;SJV006010SJU;175;132;0.00021501
817;SJV006010SJU;176;132;0.00030493
817;SJV006010SJU;177;132;0.00063605
817;SJV006010SJU;178;132;0.00015415
817;SJV006010SJU;179;132;0.00061095
817;SJV006010SJU;180;132;0.00053917
817;SJV006010SJU;181;132;0.00104916
817;SJV006010SJU;182;132;0.00087052
817;SJV006010SJU;183;132;0.00187968
817;SJV006010SJU;184;132;0.00023670
817;SJV006010SJU;185;132;0.00048867
817;SJV006010SJU;186;132;0.00121602
817;SJV006010SJU;187;132;0.00511924
817;SJV006010SJU;188;132;0.00450403
817;SJV006010SJU;189;132;0.02127865
817;SJV006010SJU;190;132;0.00173720
817;SJV006010SJU;191;132;0.00103107
817;SJV006010SJU;192;132;0.00233987
817;SJV006010SJU;193;132;0.00021971
817;SJV006010SJU;194;132;0.00224714
817;SJV006010SJU;195;132;0.00076643
817;SJV006010SJU;196;132;0.00130689
817;SJV006010SJU;197;132;0.00134460
817;SJV006010SJU;198;132;0.00011590
817;SJV006010SJU;164;133;0.00035024
817;SJV006010SJU;168;133;0.00478538
817;SJV006010SJU;170;133;0.00007278
817;SJV006010SJU;171;133;0.00023324
817;SJV006010SJU;172;133;0.00014045
817;SJV006010SJU;173;133;0.00005902
817;SJV006010SJU;174;133;0.00031290
817;SJV006010SJU;175;133;0.00030590
817;SJV006010SJU;177;133;0.00013986
817;SJV006010SJU;178;133;0.00011471
817;SJV006010SJU;181;133;0.00112832
817;SJV006010SJU;183;133;0.00184188
817;SJV006010SJU;185;133;0.00009702
817;SJV006010SJU;186;133;0.00094343
817;SJV006010SJU;187;133;0.00752832
817;SJV006010SJU;188;133;0.02245595
817;SJV006010SJU;189;133;0.00286188
817;SJV006010SJU;190;133;0.00172000
817;SJV006010SJU;191;133;0.00199378
817;SJV006010SJU;192;133;0.00356615
817;SJV006010SJU;193;133;0.00082280
817;SJV006010SJU;194;133;0.00228071
817;SJV006010SJU;195;133;0.00007745
817;SJV006010SJU;196;133;0.00048744
817;SJV006010SJU;197;133;0.00087369
817;SJV006010SJU;198;133;0.00007085
817;SJV006010SJU;199;133;0.00009692
817;SJV006010SJU;200;133;0.00002671
817;SJV006010SJU;201;133;0.00001614
817;SJV006010SJU;204;133;0.00000808
817;SJV006010SJU;163;134;0.00049164
817;SJV006010SJU;164;134;0.00041204
817;SJV006010SJU;167;134;0.00265638
817;SJV006010SJU;168;134;0.00196911
817;SJV006010SJU;170;134;0.00007766
817;SJV006010SJU;172;134;0.00014362
817;SJV006010SJU;173;134;0.00023946
817;SJV006010SJU;174;134;0.00101620
817;SJV006010SJU;175;134;0.00194721
817;SJV006010SJU;176;134;0.00165800
817;SJV006010SJU;177;134;0.00167488
817;SJV006010SJU;178;134;0.00203392
817;SJV006010SJU;179;134;0.00194890
817;SJV006010SJU;180;134;0.00222164
817;SJV006010SJU;181;134;0.00367964
817;SJV006010SJU;182;134;0.00429633
817;SJV006010SJU;183;134;0.00594564
817;SJV006010SJU;184;134;0.00559174
817;SJV006010SJU;185;134;0.00613453
817;SJV006010SJU;186;134;0.00809753
817;SJV006010SJU;187;134;0.03638615
817;SJV006010SJU;188;134;0.00977256
817;SJV006010SJU;189;134;0.00853739
817;SJV006010SJU;190;134;0.00971018
817;SJV006010SJU;191;134;0.01161528
817;SJV006010SJU;192;134;0.00733744
817;SJV006010SJU;193;134;0.00433287
817;SJV006010SJU;194;134;0.00516090
817;SJV006010SJU;195;134;0.00202733
817;SJV006010SJU;196;134;0.00183698
817;SJV006010SJU;197;134;0.00129065
817;SJV006010SJU;198;134;0.00079090
817;SJV006010SJU;199;134;0.00067761
817;SJV006010SJU;200;134;0.00040675
817;SJV006010SJU;201;134;0.00041558
817;SJV006010SJU;202;134;0.00000703
817;SJV006010SJU;203;134;0.00001205
817;SJV006010SJU;204;134;0.00003514
817;SJV006010SJU;163;135;0.00012870
817;SJV006010SJU;164;135;0.00121573
817;SJV006010SJU;166;135;0.00003957
817;SJV006010SJU;167;135;0.00463299
817;SJV006010SJU;168;135;0.00027583
817;SJV006010SJU;169;135;0.00000684
817;SJV006010SJU;170;135;0.00014750
817;SJV006010SJU;171;135;0.00009207
817;SJV006010SJU;172;135;0.00014602
817;SJV006010SJU;173;135;0.00021064
817;SJV006010SJU;174;135;0.00241368
817;SJV006010SJU;179;135;0.00003565
817;SJV006010SJU;180;135;0.00059276
817;SJV006010SJU;181;135;0.00174471
817;SJV006010SJU;182;135;0.00069331
817;SJV006010SJU;183;135;0.00106174
817;SJV006010SJU;184;135;0.00096342
817;SJV006010SJU;185;135;0.00297704
817;SJV006010SJU;186;135;0.02457603
817;SJV006010SJU;187;135;0.04382740
817;SJV006010SJU;188;135;0.03050302
817;SJV006010SJU;189;135;0.01811021
817;SJV006010SJU;190;135;0.00516250
817;SJV006010SJU;191;135;0.00096132
817;SJV006010SJU;192;135;0.00106682
817;SJV006010SJU;193;135;0.00006828
817;SJV006010SJU;194;135;0.00035361
817;SJV006010SJU;195;135;0.00017339
817;SJV006010SJU;198;135;0.00018136
817;SJV006010SJU;199;135;0.00040754
817;SJV006010SJU;200;135;0.00035255
817;SJV006010SJU;201;135;0.00030328
817;SJV006010SJU;202;135;0.00028285
817;SJV006010SJU;203;135;0.00034319
817;SJV006010SJU;204;135;0.00000711
817;SJV006010SJU;164;136;0.00006795
817;SJV006010SJU;165;136;0.00093388
817;SJV006010SJU;166;136;0.00481093
817;SJV006010SJU;167;136;0.00105048
817;SJV006010SJU;168;136;0.00030135
817;SJV006010SJU;170;136;0.00011141
817;SJV006010SJU;173;136;0.00117076
817;SJV006010SJU;174;136;0.00038709
817;SJV006010SJU;179;136;0.00000124
817;SJV006010SJU;180;136;0.00010419
817;SJV006010SJU;181;136;0.00166544
817;SJV006010SJU;182;136;0.00168969
817;SJV006010SJU;183;136;0.00223511
817;SJV006010SJU;184;136;0.00343231
817;SJV006010SJU;185;136;0.01825065
817;SJV006010SJU;186;136;0.01852054
817;SJV006010SJU;187;136;0.03417648
817;SJV006010SJU;188;136;0.02883152
817;SJV006010SJU;189;136;0.01226750
817;SJV006010SJU;190;136;0.00474728
817;SJV006010SJU;191;136;0.00157592
817;SJV006010SJU;192;136;0.00105480
817;SJV006010SJU;193;136;0.00003265
817;SJV006010SJU;195;136;0.00005692
817;SJV006010SJU;196;136;0.00000095
817;SJV006010SJU;197;136;0.00000248
817;SJV006010SJU;198;136;0.00000099
817;SJV006010SJU;166;137;0.00513658
817;SJV006010SJU;167;137;0.00018196
817;SJV006010SJU;168;137;0.00058035
817;SJV006010SJU;169;137;0.00043260
817;SJV006010SJU;170;137;0.00057395
817;SJV006010SJU;171;137;0.00053497
817;SJV006010SJU;172;137;0.00043903
817;SJV006010SJU;173;137;0.00137893
817;SJV006010SJU;181;137;0.00019229
817;SJV006010SJU;184;137;0.00760914
817;SJV006010SJU;185;137;0.00928357
817;SJV006010SJU;186;137;0.01072016
817;SJV006010SJU;187;137;0.03350793
817;SJV006010SJU;188;137;0.01955061
817;SJV006010SJU;189;137;0.01675413
817;SJV006010SJU;190;137;0.00392443
817;SJV006010SJU;191;137;0.00058494
817;SJV006010SJU;192;137;0.00077708
817;SJV006010SJU;193;137;0.00000108
817;SJV006010SJU;194;137;0.00000250
817;SJV006010SJU;195;137;0.00000006
817;SJV006010SJU;196;137;0.00000721
817;SJV006010SJU;197;137;0.00000164
817;SJV006010SJU;165;138;0.00016907
817;SJV006010SJU;166;138;0.00020297
817;SJV006010SJU;168;138;0.00007556
817;SJV006010SJU;170;138;0.00003475
817;SJV006010SJU;171;138;0.00001335
817;SJV006010SJU;172;138;0.00074628
817;SJV006010SJU;173;138;0.00008426
817;SJV006010SJU;187;138;0.01358216
817;SJV006010SJU;188;138;0.00810213
817;SJV006010SJU;189;138;0.00476236
817;SJV006010SJU;190;138;0.00197437
817;SJV006010SJU;191;138;0.00087932
817;SJV006010SJU;192;138;0.00103254
817;SJV006010SJU;194;138;0.00000345
817;SJV006010SJU;196;138;0.00000092
817;SJV006010SJU;197;138;0.00000261
817;SJV006010SJU;198;138;0.00000156
817;SJV006010SJU;168;139;0.00007963
817;SJV006010SJU;170;139;0.00024495
817;SJV006010SJU;171;139;0.00026835
817;SJV006010SJU;172;139;0.00000514
817;SJV006010SJU;187;139;0.00098221
817;SJV006010SJU;188;139;0.00352480
817;SJV006010SJU;189;139;0.00166639
817;SJV006010SJU;192;139;0.00014553
817;SJV006010SJU;193;139;0.00053748
817;SJV006010SJU;194;139;0.00012093
817;SJV006010SJU;195;139;0.00000173
817;SJV006010SJU;197;139;0.00000114
817;SJV006010SJU;198;139;0.00000205
817;SJV006010SJU;168;140;0.00008026
817;SJV006010SJU;169;140;0.00024968
817;SJV006010SJU;170;140;0.00008089
817;SJV006010SJU;188;140;0.00151447
817;SJV006010SJU;189;140;0.00235437
817;SJV006010SJU;190;140;0.00144500
817;SJV006010SJU;193;140;0.00048053
817;SJV006010SJU;194;140;0.00001300
817;SJV006010SJU;195;140;0.00000048
817;SJV006010SJU;196;140;0.00000432
817;SJV006010SJU;197;140;0.00000138
817;SJV006010SJU;188;141;0.00105396
817;SJV006010SJU;189;141;0.00084779
817;SJV006010SJU;190;141;0.00175639
817;SJV006010SJU;191;141;0.00168684
817;SJV006010SJU;192;141;0.00031397
817;SJV006010SJU;193;141;0.00038156
817;SJV006010SJU;194;141;0.00048551
817;SJV006010SJU;195;141;0.00042607
817;SJV006010SJU;196;141;0.00003868
817;SJV006010SJU;191;142;0.00066014
817;SJV006010SJU;192;142;0.00119427
817;SJV006010SJU;193;142;0.00012508
817;SJV006010SJU;194;142;0.00004359
817;SJV006010SJU;195;142;0.00039145
817;SJV006010SJU;196;142;0.00012894
817;SJV006010SJU;202;142;0.00013962
817;SJV006010SJU;203;142;0.00011405
817;SJV006010SJU;204;142;0.00000304
817;SJV006010SJU;193;143;0.00131671
817;SJV006010SJU;194;143;0.00131969
817;SJV006010SJU;195;143;0.00119019
817;SJV006010SJU;196;143;0.00098291
817;SJV006010SJU;200;143;0.00005412
817;SJV006010SJU;201;143;0.00018384
817;SJV006010SJU;202;143;0.00000315
817;SJV006010SJU;193;144;0.00033835
817;SJV006010SJU;194;144;0.00002556
817;SJV006010SJU;196;144;0.00027631
817;SJV006010SJU;197;144;0.00124465
817;SJV006010SJU;198;144;0.00009659
817;SJV006010SJU;199;144;0.00009915
817;SJV006010SJU;200;144;0.00009083
817;SJV006010SJU;201;144;0.00002011
817;SJV006010SJU;193;145;0.00034215
817;SJV006010SJU;197;145;0.00037041
817;SJV006010SJU;193;146;0.00005794
817;SJV006010SJU;197;146;0.00016754
817;SJV006010SJU;198;146;0.00039468
817;SJV006010SJU;199;146;0.00039628
817;SJV006010SJU;200;146;0.00004033
817;SJV006010SJU;199;147;0.00023213
817;SJV006010SJU;200;147;0.00010329
817;SJV006010SJU;200;148;0.00048978
817;SJV006010SJU;200;149;0.00003597
817;GBV006002GBU;190;178;0.00322462
817;GBV006002GBU;181;181;0.00428765
817;GBV006002GBU;181;182;0.00069744
817;GBV006002GBU;182;182;0.00497062
817;GBV006002GBU;183;182;0.00489285
817;GBV006002GBU;183;183;0.00001982
817;GBV006002GBU;184;183;0.00491267
817;GBV006002GBU;185;183;0.00491267
817;GBV006002GBU;186;183;0.00122857
817;GBV006002GBU;186;184;0.01251410
817;GBV006002GBU;186;185;0.00176187
817;GBV006002GBU;187;185;0.01075224
817;GBV006002GBU;187;186;0.00631647
817;GBV006002GBU;188;186;0.00619764
817;GBV006002GBU;182;187;0.00740878
817;GBV006002GBU;187;187;0.08473781
817;GBV006002GBU;188;187;0.07987495
817;GBV006002GBU;189;187;0.06986439
817;GBV006002GBU;190;187;0.06986439
817;GBV006002GBU;191;187;0.00578334
817;GBV006002GBU;181;188;0.01484295
817;GBV006002GBU;182;188;0.00821529
817;GBV006002GBU;183;188;0.01259548
817;GBV006002GBU;186;188;0.05491324
817;GBV006002GBU;187;188;0.02752714
817;GBV006002GBU;183;189;0.01230423
817;GBV006002GBU;184;189;0.00317779
817;GBV006002GBU;186;189;0.08236566
817;GBV006002GBU;183;190;0.07393520
817;GBV006002GBU;184;190;0.12669670
817;GBV006002GBU;185;190;0.09151350
817;GBV006002GBU;186;190;0.06678209
817;GBV006002GBU;187;190;0.00753670
817;GBV006002GBU;187;191;0.03133549
817;GBV006002GBU;187;192;0.00203567
817;0SF0060210BA;129;164;0.01436371
817;0SF0060210BA;127;165;0.00002120
817;0SF0060210BA;129;165;0.07971572
817;0SF0060210BA;126;166;0.00008371
817;0SF0060210BA;127;166;0.00010940
817;0SF0060210BA;128;166;0.04859340
817;0SF0060210BA;129;166;0.02556981
817;0SF0060210BA;124;167;0.00004954
817;0SF0060210BA;125;167;0.00036266
817;0SF0060210BA;126;167;0.00003526
817;0SF0060210BA;128;167;0.06811291
817;0SF0060210BA;129;167;0.00959249
817;0SF0060210BA;130;167;0.01485487
817;0SF0060210BA;124;168;0.00022316
817;0SF0060210BA;125;168;0.00023113
817;0SF0060210BA;126;168;0.00036804
817;0SF0060210BA;127;168;0.00005277
817;0SF0060210BA;128;168;0.05633216
817;0SF0060210BA;129;168;0.07188470
817;0SF0060210BA;130;168;0.00154006
817;0SF0060210BA;123;169;0.00007060
817;0SF0060210BA;124;169;0.00009042
817;0SF0060210BA;126;169;0.00026989
817;0SF0060210BA;127;169;0.00221068
817;0SF0060210BA;128;169;0.10709906
817;0SF0060210BA;129;169;0.00020571
817;0SF0060210BA;130;169;0.00000266
817;0SF0060210BA;123;170;0.00040406
817;0SF0060210BA;124;170;0.00021688
817;0SF0060210BA;125;170;0.00063458
817;0SF0060210BA;126;170;0.00052064
817;0SF0060210BA;127;170;0.00037992
817;0SF0060210BA;128;170;0.09979803
817;0SF0060210BA;122;171;0.00011980
817;0SF0060210BA;123;171;0.00133822
817;0SF0060210BA;124;171;0.00034204
817;0SF0060210BA;125;171;0.00063431
817;0SF0060210BA;127;171;0.00000182
817;0SF0060210BA;128;171;0.11135722
817;0SF0060210BA;121;172;0.00000612
817;0SF0060210BA;122;172;0.00004298
817;0SF0060210BA;124;172;0.00137069
817;0SF0060210BA;125;172;0.00002127
817;0SF0060210BA;126;172;0.00007613
817;0SF0060210BA;127;172;0.01115649
817;0SF0060210BA;128;172;0.09227584
817;0SF0060210BA;129;172;0.02036564
817;0SF0060210BA;121;173;0.00004122
817;0SF0060210BA;124;173;0.00055897
817;0SF0060210BA;125;173;0.00080599
817;0SF0060210BA;126;173;0.00002773
817;0SF0060210BA;127;173;0.07695997
817;0SF0060210BA;128;173;0.00460101
817;0SF0060210BA;120;174;0.00001980
817;0SF0060210BA;121;174;0.00001910
817;0SF0060210BA;123;174;0.00030239
817;0SF0060210BA;124;174;0.00039526
817;0SF0060210BA;125;174;0.00105428
817;0SF0060210BA;127;174;0.06943287
817;0SF0060210BA;128;174;0.00001752
817;0SF0060210BA;120;175;0.00003412
817;0SF0060210BA;120;176;0.00063857
817;0SF0060210BA;121;176;0.00034983
817;0SF0060210BA;122;176;0.00027972
817;0SF0060210BA;120;177;0.00032574
817;0SF0060210BA;121;177;0.00067829
817;0SF0060210BA;121;178;0.00034924
817;0SV006011GLE;136;206;0.00571360
817;0SV006011GLE;136;207;0.07701260
817;0SV006011GLE;140;207;0.00063305
817;0SV006011GLE;136;208;0.07701260
817;0SV006011GLE;140;208;0.00270470
817;0SV006011GLE;141;208;0.00186046
817;0SV006011GLE;142;208;0.00299839
817;0SV006011GLE;143;208;0.00875687
817;0SV006011GLE;136;209;0.07789869
817;0SV006011GLE;140;209;0.00162137
817;0SV006011GLE;142;209;0.00098279
817;0SV006011GLE;134;210;0.00502975
817;0SV006011GLE;135;210;0.01242381
817;0SV006011GLE;136;210;0.09385766
817;0SV006011GLE;137;210;0.00504947
817;0SV006011GLE;138;210;0.00504947
817;0SV006011GLE;139;210;0.00392875
817;0SV006011GLE;140;210;0.00363207
817;0SV006011GLE;142;210;0.00128891
817;0SV006011GLE;136;211;0.07946974
817;0SV006011GLE;140;211;0.00278844
817;0SV006011GLE;136;212;0.07963162
817;0SV006011GLE;140;212;0.00277649
817;0SV006011GLE;136;213;0.07963162
817;0SV006011GLE;140;213;0.00247684
817;0SV006011GLE;136;214;0.07963162
817;0SV006011GLE;140;214;0.00020353
817;0SV006011GLE;136;215;0.07963162
817;0SV006011GLE;140;215;0.00016445
817;0SV006011GLE;136;216;0.08182246
817;0SV006011GLE;137;216;0.00948261
817;0SV006011GLE;138;216;0.01058711
817;0SV006011GLE;139;216;0.01058711
817;0SV006011GLE;140;216;0.01194752
817;0SV006011GLE;136;217;0.07645163
817;0SV006011GLE;136;218;0.00526060
817;NEP006018LAS;181;215;0.02930161
817;NEP006018LAS;181;216;0.04234123
817;NEP006018LAS;180;217;0.02833095
817;NEP006018LAS;181;217;0.03601039
817;NEP006018LAS;181;218;0.01593653
817;NEP006018LAS;181;219;0.01593653
817;NEP006018LAS;181;220;0.01593653
817;NEP006018LAS;181;221;0.01812984
817;NEP006018LAS;180;222;0.00676567
817;NEP006018LAS;181;222;0.01323505
817;NEP006018LAS;179;223;0.00054604
817;NEP006018LAS;180;223;0.01945469
817;NEP006018LAS;179;224;0.02000073
817;NEP006018LAS;178;225;0.01870536
817;NEP006018LAS;179;225;0.00567360
817;NEP006018LAS;176;226;0.00996191
817;NEP006018LAS;177;226;0.01890535
817;NEP006018LAS;178;226;0.00193538
817;NEP006018LAS;174;227;0.01242309
817;NEP006018LAS;175;227;0.01697907
817;NEP006018LAS;176;227;0.00892874
817;NEP006018LAS;173;228;0.01168498
817;NEP006018LAS;174;228;0.00919290
817;NEP006018LAS;172;229;0.00706131
817;NEP006018LAS;173;229;0.01359715
817;NEP006018LAS;171;230;0.00143988
817;NEP006018LAS;172;230;0.01921271
817;NEP006018LAS;160;231;0.00734728
817;NEP006018LAS;161;231;0.01272970
817;NEP006018LAS;162;231;0.00479550
817;NEP006018LAS;170;231;0.00104048
817;NEP006018LAS;171;231;0.02104065
817;NEP006018LAS;172;231;0.00023065
817;NEP006018LAS;173;231;0.00019422
817;NEP006018LAS;178;231;0.00019150
817;NEP006018LAS;179;231;0.00004962
817;NEP006018LAS;161;232;0.00379549
817;NEP006018LAS;162;232;0.00533664
817;NEP006018LAS;163;232;0.01013214
817;NEP006018LAS;164;232;0.00442463
817;NEP006018LAS;170;232;0.01806459
817;NEP006018LAS;173;232;0.00027405
817;NEP006018LAS;176;232;0.00012739
817;NEP006018LAS;177;232;0.00027199
817;NEP006018LAS;178;232;0.00008049
817;NEP006018LAS;161;233;0.00208718
817;NEP006018LAS;164;233;0.00575263
817;NEP006018LAS;165;233;0.01019438
817;NEP006018LAS;166;233;0.00353707
817;NEP006018LAS;169;233;0.01373707
817;NEP006018LAS;170;233;0.00996029
817;NEP006018LAS;173;233;0.00004228
817;NEP006018LAS;174;233;0.00022496
817;NEP006018LAS;175;233;0.00051996
817;NEP006018LAS;176;233;0.00014460
817;NEP006018LAS;161;234;0.00208718
817;NEP006018LAS;165;234;0.01315820
817;NEP006018LAS;166;234;0.02244325
817;NEP006018LAS;167;234;0.02412396
817;NEP006018LAS;168;234;0.02981530
817;NEP006018LAS;169;234;0.01029337
817;NEP006018LAS;175;234;0.00005353
817;NEP006018LAS;176;234;0.00041068
817;NEP006018LAS;160;235;0.00202914
817;NEP006018LAS;161;235;0.00005804
817;NEP006018LAS;162;235;0.00369021
817;NEP006018LAS;163;235;0.01769752
817;NEP006018LAS;164;235;0.01470340
817;NEP006018LAS;165;235;0.00306829
817;NEP006018LAS;169;235;0.00270102
817;NEP006018LAS;170;235;0.00259412
817;NEP006018LAS;176;235;0.00046421
817;NEP006018LAS;160;236;0.00208718
817;NEP006018LAS;161;236;0.00310093
817;NEP006018LAS;162;236;0.01696975
817;NEP006018LAS;170;236;0.00389116
817;NEP006018LAS;171;236;0.00050635
817;NEP006018LAS;176;236;0.00046421
817;NEP006018LAS;160;237;0.00351245
817;NEP006018LAS;161;237;0.01829180
817;NEP006018LAS;169;237;0.00282300
817;NEP006018LAS;170;237;0.00180807
817;NEP006018LAS;176;237;0.00046421
817;NEP006018LAS;159;238;0.00179632
817;NEP006018LAS;160;238;0.02000794
817;NEP006018LAS;169;238;0.00390057
817;NEP006018LAS;176;238;0.00046421
817;NEP006018LAS;158;239;0.00376057
817;NEP006018LAS;159;239;0.02161546
817;NEP006018LAS;160;239;0.00025039
817;NEP006018LAS;168;239;0.00284740
817;NEP006018LAS;169;239;0.00070727
817;NEP006018LAS;176;239;0.00025414
817;NEP006018LAS;177;239;0.00021007
817;NEP006018LAS;155;240;0.04926356
817;NEP006018LAS;156;240;0.01652903
817;NEP006018LAS;157;240;0.01784407
817;NEP006018LAS;158;240;0.01626202
817;NEP006018LAS;168;240;0.00355467
817;NEP006018LAS;176;240;0.00023827
817;NEP006018LAS;177;240;0.00028943
817;NEP006018LAS;168;241;0.00355467
817;NEP006018LAS;175;241;0.00002466
817;NEP006018LAS;176;241;0.00054026
817;NEP006018LAS;168;242;0.00374691
817;NEP006018LAS;175;242;0.00056493
817;NEP006018LAS;167;243;0.00320417
817;NEP006018LAS;168;243;0.00063900
817;NEP006018LAS;174;243;0.00037599
817;NEP006018LAS;175;243;0.00018894
817;NEP006018LAS;167;244;0.00377316
817;NEP006018LAS;173;244;0.00016239
817;NEP006018LAS;174;244;0.00040254
817;NEP006018LAS;167;245;0.00359590
817;NEP006018LAS;173;245;0.00056493
817;NEP006018LAS;167;246;0.00359590
817;NEP006018LAS;172;246;0.00096512
817;NEP006018LAS;173;246;0.00005121
817;NEP006018LAS;166;247;0.00248136
817;NEP006018LAS;167;247;0.00045228
817;NEP006018LAS;172;247;0.00132034
817;NEP006018LAS;166;248;0.00146305
817;NEP006018LAS;172;248;0.00132034
817;NEP006018LAS;165;249;0.00130703
817;NEP006018LAS;166;249;0.00015602
817;NEP006018LAS;172;249;0.00132034
817;NEP006018LAS;164;250;0.00050278
817;NEP006018LAS;165;250;0.00096026
817;NEP006018LAS;172;250;0.00131752
817;NEP006018LAS;157;251;0.00201137
817;NEP006018LAS;164;251;0.00139665
817;NEP006018LAS;172;251;0.00131517
817;NEP006018LAS;155;252;0.00329183
817;NEP006018LAS;156;252;0.00372584
817;NEP006018LAS;157;252;0.00304274
817;NEP006018LAS;158;252;0.00242319
817;NEP006018LAS;163;252;0.00053958
817;NEP006018LAS;164;252;0.00079143
817;NEP006018LAS;172;252;0.00131517
817;NEP006018LAS;158;253;0.00337097
817;NEP006018LAS;159;253;0.00444696
817;NEP006018LAS;160;253;0.00104095
817;NEP006018LAS;163;253;0.00133101
817;NEP006018LAS;171;253;0.00042148
817;NEP006018LAS;172;253;0.00089369
817;NEP006018LAS;159;254;0.00017726
817;NEP006018LAS;160;254;0.00305777
817;NEP006018LAS;161;254;0.00463397
817;NEP006018LAS;162;254;0.00184150
817;NEP006018LAS;163;254;0.00132260
817;NEP006018LAS;171;254;0.00131516
817;NEP006018LAS;159;255;0.00001820
817;NEP006018LAS;162;255;0.00060992
817;NEP006018LAS;171;255;0.00005304
817;0NC006008NCU;100;264;0.04786074
817;0NC006008NCU;100;265;0.05731754
817;0NC006008NCU;101;265;0.00647060
817;0NC006008NCU;100;266;0.06097610
817;0NC006008NCU;99;267;0.05465986
817;0NC006008NCU;100;267;0.00201378
817;0NC006008NCU;99;268;0.05214028
817;0NC006008NCU;99;269;0.05061099
817;0NC006008NCU;99;270;0.05479404
817;0NC006008NCU;97;271;0.00007376
817;0NC006008NCU;98;271;0.06472815
817;0NC006008NCU;99;271;0.00785511
817;0NC006008NCU;97;272;0.03514610
817;0NC006008NCU;98;272;0.04376141
817;0NC006008NCU;100;272;0.00149248
817;0NC006008NCU;98;273;0.05980969
817;0NC006008NCU;99;273;0.02057532
817;0NC006008NCU;100;273;0.02917295
817;0NC006008NCU;101;273;0.01030621
817;0NC006008NCU;98;274;0.00074765
817;0NC006008NCU;99;274;0.03116690
817;0NC006008NCU;101;274;0.01864312
817;0NC006008NCU;102;274;0.02070417
817;0NC006008NCU;103;274;0.02266039
817;0NC006008NCU;104;274;0.02280736
817;0NC006008NCU;105;274;0.00331403
817;0NC006008NCU;99;275;0.03539308
817;0NC006008NCU;105;275;0.01949333
817;0NC006008NCU;106;275;0.02154538
817;0NC006008NCU;98;276;0.01116744
817;0NC006008NCU;99;276;0.02939491
817;0NC006008NCU;106;276;0.01458211
817;0NC006008NCU;107;276;0.00804490
817;0NC006008NCU;97;277;0.02131999
817;0NC006008NCU;98;277;0.02123929
817;0NC006008NCU;107;277;0.02262701
817;0NC006008NCU;110;277;0.00004810
817;0NC006008NCU;111;277;0.00012551
817;0NC006008NCU;97;278;0.01077813
817;0NC006008NCU;107;278;0.00436745
817;0NC006008NCU;110;278;0.00006463
817;0SF0060280BA;131;173;0.00963345
817;0SF0060280BA;134;173;0.02551686
817;0SF0060280BA;135;173;0.03924426
817;0SF0060280BA;134;174;0.05984646
817;0SF0060280BA;135;174;0.00495847
817;0SF0060280BA;134;175;0.09091601
817;0SF0060280BA;135;175;0.02113396
817;0SF0060280BA;132;176;0.03293925
817;0SF0060280BA;133;176;0.09789099
817;0SF0060280BA;134;176;0.06579953
817;0SF0060280BA;132;177;0.00004547
817;0SF0060280BA;133;177;0.06720723
817;0SF0060280BA;134;177;0.01947875
817;0SF0060280BA;137;177;0.00000015
817;0SF0060280BA;132;178;0.01411673
817;0SF0060280BA;133;178;0.06602527
817;0SF0060280BA;134;178;0.00691650
817;0SF0060280BA;135;178;0.00000386
817;0SF0060280BA;136;178;0.00004045
817;0SF0060280BA;137;178;0.00007852
817;0SF0060280BA;131;179;0.01497176
817;0SF0060280BA;132;179;0.03754184
817;0SF0060280BA;133;179;0.01413924
817;0SF0060280BA;135;179;0.00010607
817;0SF0060280BA;136;179;0.00010897
817;0SF0060280BA;130;180;0.02213587
817;0SF0060280BA;131;180;0.03398364
817;0SF0060280BA;132;180;0.02919549
817;0SF0060280BA;135;180;0.00014068
817;0SF0060280BA;131;181;0.03775767
817;0SF0060280BA;132;181;0.00094255
817;0SF0060280BA;135;181;0.00007904
817;0SF0060280BA;136;181;0.00007889
817;0SF0060280BA;130;182;0.01469114
817;0SF0060280BA;131;182;0.00916443
817;0SF0060280BA;134;182;0.00002452
817;0SF0060280BA;135;182;0.00017029
817;0SF0060280BA;129;183;0.00851719
817;0SF0060280BA;130;183;0.02238555
817;0SF0060280BA;135;183;0.00022328
817;0SF0060280BA;137;183;0.04589881
817;0SF0060280BA;138;183;0.01926816
817;0SF0060280BA;128;184;0.01033657
817;0SF0060280BA;129;184;0.01565398
817;0SF0060280BA;130;184;0.00701338
817;0SF0060280BA;135;184;0.00015836
817;0SF0060280BA;126;185;0.00142334
817;0SF0060280BA;127;185;0.02246092
817;0SF0060280BA;128;185;0.00752621
817;0SF0060280BA;130;185;0.00025709
817;0SF0060280BA;131;185;0.00011510
817;0SF0060280BA;134;185;0.00015686
817;0SF0060280BA;135;185;0.00001241
817;0SF0060280BA;126;186;0.00018494
817;0SF0060280BA;131;186;0.00039293
817;0SF0060280BA;132;186;0.00032837
817;0SF0060280BA;133;186;0.00043759
817;0SF0060280BA;134;186;0.00012986
817;0SF0060280BA;132;187;0.00009485
817;SCC006040SLO;194;84;0.00002020
817;SCC006040SLO;192;85;0.00043147
817;SCC006040SLO;193;85;0.00064374
817;SCC006040SLO;194;85;0.00051029
817;SCC006040SLO;170;86;0.00008680
817;SCC006040SLO;174;86;0.00009503
817;SCC006040SLO;194;86;0.00064786
817;SCC006040SLO;170;87;0.00287414
817;SCC006040SLO;171;87;0.00074609
817;SCC006040SLO;172;87;0.00353876
817;SCC006040SLO;173;87;0.01995908
817;SCC006040SLO;174;87;0.00090724
817;SCC006040SLO;175;87;0.00043913
817;SCC006040SLO;193;87;0.00000064
817;SCC006040SLO;194;87;0.00003898
817;SCC006040SLO;169;88;0.00015278
817;SCC006040SLO;170;88;0.00384019
817;SCC006040SLO;171;88;0.00365312
817;SCC006040SLO;172;88;0.03098695
817;SCC006040SLO;173;88;0.00008129
817;SCC006040SLO;175;88;0.00068944
817;SCC006040SLO;176;88;0.00095633
817;SCC006040SLO;177;88;0.00070676
817;SCC006040SLO;178;88;0.00010647
817;SCC006040SLO;179;88;0.00003998
817;SCC006040SLO;185;88;0.00015609
817;SCC006040SLO;192;88;0.00001155
817;SCC006040SLO;193;88;0.00004124
817;SCC006040SLO;169;89;0.00127191
817;SCC006040SLO;170;89;0.00448349
817;SCC006040SLO;171;89;0.02309548
817;SCC006040SLO;172;89;0.00148972
817;SCC006040SLO;176;89;0.00011204
817;SCC006040SLO;177;89;0.00004588
817;SCC006040SLO;179;89;0.00005745
817;SCC006040SLO;182;89;0.00019539
817;SCC006040SLO;183;89;0.00038737
817;SCC006040SLO;184;89;0.00034798
817;SCC006040SLO;185;89;0.00012152
817;SCC006040SLO;190;89;0.00002880
817;SCC006040SLO;191;89;0.00003426
817;SCC006040SLO;192;89;0.00002547
817;SCC006040SLO;169;90;0.02184503
817;SCC006040SLO;170;90;0.02859460
817;SCC006040SLO;171;90;0.00457187
817;SCC006040SLO;172;90;0.00003675
817;SCC006040SLO;173;90;0.00001426
817;SCC006040SLO;174;90;0.00000212
817;SCC006040SLO;180;90;0.00009278
817;SCC006040SLO;181;90;0.00028942
817;SCC006040SLO;182;90;0.00016868
817;SCC006040SLO;183;90;0.00002387
817;SCC006040SLO;188;90;0.00001179
817;SCC006040SLO;189;90;0.00004363
817;SCC006040SLO;190;90;0.00000788
817;SCC006040SLO;167;91;0.00183901
817;SCC006040SLO;168;91;0.03463508
817;SCC006040SLO;169;91;0.03530417
817;SCC006040SLO;170;91;0.00408582
817;SCC006040SLO;171;91;0.00080139
817;SCC006040SLO;172;91;0.00021128
817;SCC006040SLO;173;91;0.00007248
817;SCC006040SLO;174;91;0.00000627
817;SCC006040SLO;175;91;0.00000848
817;SCC006040SLO;183;91;0.00002540
817;SCC006040SLO;187;91;0.00003294
817;SCC006040SLO;188;91;0.00003855
817;SCC006040SLO;164;92;0.00092010
817;SCC006040SLO;165;92;0.00213416
817;SCC006040SLO;166;92;0.00349697
817;SCC006040SLO;167;92;0.03413949
817;SCC006040SLO;168;92;0.00017652
817;SCC006040SLO;169;92;0.00424195
817;SCC006040SLO;170;92;0.00240553
817;SCC006040SLO;171;92;0.00071316
817;SCC006040SLO;172;92;0.00030245
817;SCC006040SLO;173;92;0.00015109
817;SCC006040SLO;175;92;0.00000172
817;SCC006040SLO;176;92;0.00000825
817;SCC006040SLO;177;92;0.00000951
817;SCC006040SLO;178;92;0.00000390
817;SCC006040SLO;183;92;0.00000956
817;SCC006040SLO;184;92;0.00001048
817;SCC006040SLO;186;92;0.00003895
817;SCC006040SLO;187;92;0.00000826
817;SCC006040SLO;188;92;0.00000359
817;SCC006040SLO;163;93;0.00027278
817;SCC006040SLO;164;93;0.00104259
817;SCC006040SLO;166;93;0.00013250
817;SCC006040SLO;167;93;0.02903518
817;SCC006040SLO;168;93;0.00027950
817;SCC006040SLO;169;93;0.00788579
817;SCC006040SLO;170;93;0.00055377
817;SCC006040SLO;173;93;0.00006867
817;SCC006040SLO;174;93;0.00021856
817;SCC006040SLO;184;93;0.00001816
817;SCC006040SLO;185;93;0.00003727
817;SCC006040SLO;186;93;0.00001920
817;SCC006040SLO;163;94;0.00052036
817;SCC006040SLO;165;94;0.00000215
817;SCC006040SLO;166;94;0.00015304
817;SCC006040SLO;167;94;0.01830935
817;SCC006040SLO;168;94;0.04504043
817;SCC006040SLO;169;94;0.00253807
817;SCC006040SLO;170;94;0.00002289
817;SCC006040SLO;174;94;0.00006824
817;SCC006040SLO;184;94;0.00005186
817;SCC006040SLO;185;94;0.00001807
817;SCC006040SLO;163;95;0.00050162
817;SCC006040SLO;164;95;0.00082839
817;SCC006040SLO;165;95;0.00417855
817;SCC006040SLO;166;95;0.00439437
817;SCC006040SLO;167;95;0.00491221
817;SCC006040SLO;168;95;0.06809560
817;SCC006040SLO;169;95;0.01164398
817;SCC006040SLO;171;95;0.00000007
817;SCC006040SLO;172;95;0.00001309
817;SCC006040SLO;173;95;0.00001183
817;SCC006040SLO;174;95;0.00002547
817;SCC006040SLO;175;95;0.00000173
817;SCC006040SLO;183;95;0.00002972
817;SCC006040SLO;184;95;0.00003890
817;SCC006040SLO;185;95;0.00000180
817;SCC006040SLO;164;96;0.00706071
817;SCC006040SLO;165;96;0.00001990
817;SCC006040SLO;166;96;0.00954171
817;SCC006040SLO;167;96;0.00988502
817;SCC006040SLO;168;96;0.00001123
817;SCC006040SLO;169;96;0.02580836
817;SCC006040SLO;171;96;0.00001239
817;SCC006040SLO;175;96;0.00000884
817;SCC006040SLO;177;96;0.00000338
817;SCC006040SLO;178;96;0.00002923
817;SCC006040SLO;182;96;0.00000417
817;SCC006040SLO;183;96;0.00040332
817;SCC006040SLO;184;96;0.00017027
817;SCC006040SLO;185;96;0.00003922
817;SCC006040SLO;186;96;0.00003808
817;SCC006040SLO;164;97;0.01417316
817;SCC006040SLO;165;97;0.00934076
817;SCC006040SLO;166;97;0.00078421
817;SCC006040SLO;168;97;0.01815453
817;SCC006040SLO;169;97;0.00945455
817;SCC006040SLO;170;97;0.00024612
817;SCC006040SLO;171;97;0.00027984
817;SCC006040SLO;172;97;0.00030550
817;SCC006040SLO;173;97;0.00010406
817;SCC006040SLO;175;97;0.00001157
817;SCC006040SLO;176;97;0.00003669
817;SCC006040SLO;177;97;0.00004346
817;SCC006040SLO;180;97;0.00021849
817;SCC006040SLO;181;97;0.00030287
817;SCC006040SLO;182;97;0.00041588
817;SCC006040SLO;183;97;0.00005081
817;SCC006040SLO;184;97;0.00003294
817;SCC006040SLO;185;97;0.00000028
817;SCC006040SLO;186;97;0.00001000
817;SCC006040SLO;187;97;0.00000123
817;SCC006040SLO;163;98;0.00402267
817;SCC006040SLO;164;98;0.00346329
817;SCC006040SLO;165;98;0.00034483
817;SCC006040SLO;169;98;0.02593838
817;SCC006040SLO;170;98;0.00149942
817;SCC006040SLO;172;98;0.00001208
817;SCC006040SLO;173;98;0.00001257
817;SCC006040SLO;176;98;0.00032845
817;SCC006040SLO;177;98;0.00030089
817;SCC006040SLO;178;98;0.00032095
817;SCC006040SLO;179;98;0.00035095
817;SCC006040SLO;180;98;0.00012513
817;SCC006040SLO;181;98;0.00005250
817;SCC006040SLO;183;98;0.00000151
817;SCC006040SLO;161;99;0.00007708
817;SCC006040SLO;162;99;0.00173512
817;SCC006040SLO;163;99;0.00449405
817;SCC006040SLO;164;99;0.00012529
817;SCC006040SLO;165;99;0.00038149
817;SCC006040SLO;166;99;0.00069557
817;SCC006040SLO;167;99;0.00034299
817;SCC006040SLO;168;99;0.01595895
817;SCC006040SLO;169;99;0.00924250
817;SCC006040SLO;170;99;0.00042158
817;SCC006040SLO;171;99;0.00116980
817;SCC006040SLO;172;99;0.00089853
817;SCC006040SLO;174;99;0.00012796
817;SCC006040SLO;175;99;0.00009940
817;SCC006040SLO;176;99;0.00056231
817;SCC006040SLO;177;99;0.00011047
817;SCC006040SLO;178;99;0.00013961
817;SCC006040SLO;181;99;0.00005290
817;SCC006040SLO;182;99;0.00002834
817;SCC006040SLO;183;99;0.00000049
817;SCC006040SLO;160;100;0.00047864
817;SCC006040SLO;161;100;0.00198676
817;SCC006040SLO;162;100;0.00006139
817;SCC006040SLO;163;100;0.00013392
817;SCC006040SLO;164;100;0.00025539
817;SCC006040SLO;165;100;0.00001320
817;SCC006040SLO;166;100;0.00057807
817;SCC006040SLO;167;100;0.00235308
817;SCC006040SLO;168;100;0.03954017
817;SCC006040SLO;169;100;0.00037819
817;SCC006040SLO;170;100;0.00008393
817;SCC006040SLO;171;100;0.00011956
817;SCC006040SLO;172;100;0.00016086
817;SCC006040SLO;173;100;0.00051617
817;SCC006040SLO;174;100;0.00045280
817;SCC006040SLO;175;100;0.00046168
817;SCC006040SLO;178;100;0.00003426
817;SCC006040SLO;181;100;0.00009115
817;SCC006040SLO;182;100;0.00004286
817;SCC006040SLO;159;101;0.00029059
817;SCC006040SLO;160;101;0.00200971
817;SCC006040SLO;162;101;0.00000513
817;SCC006040SLO;164;101;0.00037026
817;SCC006040SLO;165;101;0.00000635
817;SCC006040SLO;166;101;0.00017381
817;SCC006040SLO;167;101;0.02452019
817;SCC006040SLO;168;101;0.00784182
817;SCC006040SLO;169;101;0.00134662
817;SCC006040SLO;170;101;0.00073604
817;SCC006040SLO;171;101;0.00040555
817;SCC006040SLO;172;101;0.00050535
817;SCC006040SLO;173;101;0.00001579
817;SCC006040SLO;175;101;0.00006003
817;SCC006040SLO;178;101;0.00002584
817;SCC006040SLO;181;101;0.00003730
817;SCC006040SLO;158;102;0.00142183
817;SCC006040SLO;159;102;0.00455596
817;SCC006040SLO;160;102;0.00070700
817;SCC006040SLO;161;102;0.00070395
817;SCC006040SLO;162;102;0.00067687
817;SCC006040SLO;163;102;0.00069287
817;SCC006040SLO;164;102;0.00109329
817;SCC006040SLO;165;102;0.00129292
817;SCC006040SLO;166;102;0.00200528
817;SCC006040SLO;167;102;0.02518602
817;SCC006040SLO;168;102;0.00035790
817;SCC006040SLO;169;102;0.00183444
817;SCC006040SLO;170;102;0.00046270
817;SCC006040SLO;171;102;0.00118171
817;SCC006040SLO;172;102;0.00014476
817;SCC006040SLO;175;102;0.00005780
817;SCC006040SLO;177;102;0.00000435
817;SCC006040SLO;178;102;0.00000223
817;SCC006040SLO;180;102;0.00002416
817;SCC006040SLO;181;102;0.00001446
817;SCC006040SLO;158;103;0.00415586
817;SCC006040SLO;159;103;0.00031352
817;SCC006040SLO;160;103;0.00012988
817;SCC006040SLO;161;103;0.00001991
817;SCC006040SLO;162;103;0.00004942
817;SCC006040SLO;164;103;0.00038280
817;SCC006040SLO;165;103;0.00056423
817;SCC006040SLO;166;103;0.00039163
817;SCC006040SLO;167;103;0.02221405
817;SCC006040SLO;168;103;0.00131370
817;SCC006040SLO;169;103;0.00118627
817;SCC006040SLO;170;103;0.00211435
817;SCC006040SLO;171;103;0.00007536
817;SCC006040SLO;172;103;0.00011289
817;SCC006040SLO;173;103;0.00004925
817;SCC006040SLO;175;103;0.00005988
817;SCC006040SLO;176;103;0.00000539
817;SCC006040SLO;177;103;0.00000115
817;SCC006040SLO;179;103;0.00001630
817;SCC006040SLO;180;103;0.00002396
817;SCC006040SLO;157;104;0.00192464
817;SCC006040SLO;158;104;0.00020110
817;SCC006040SLO;159;104;0.00001453
817;SCC006040SLO;162;104;0.00001766
817;SCC006040SLO;163;104;0.00002087
817;SCC006040SLO;164;104;0.00065854
817;SCC006040SLO;166;104;0.00003846
817;SCC006040SLO;167;104;0.02505613
817;SCC006040SLO;168;104;0.01339293
817;SCC006040SLO;169;104;0.00039207
817;SCC006040SLO;170;104;0.00109421
817;SCC006040SLO;171;104;0.00016462
817;SCC006040SLO;173;104;0.00000281
817;SCC006040SLO;174;104;0.00011212
817;SCC006040SLO;175;104;0.00003526
817;SCC006040SLO;178;104;0.00000969
817;SCC006040SLO;179;104;0.00001432
817;SCC006040SLO;154;105;0.00042034
817;SCC006040SLO;155;105;0.00144305
817;SCC006040SLO;156;105;0.00147265
817;SCC006040SLO;157;105;0.00037675
817;SCC006040SLO;159;105;0.00000692
817;SCC006040SLO;160;105;0.00001292
817;SCC006040SLO;161;105;0.00001545
817;SCC006040SLO;162;105;0.00045806
817;SCC006040SLO;163;105;0.00067894
817;SCC006040SLO;164;105;0.00020769
817;SCC006040SLO;165;105;0.00005655
817;SCC006040SLO;166;105;0.00085276
817;SCC006040SLO;167;105;0.01521755
817;SCC006040SLO;168;105;0.01074745
817;SCC006040SLO;169;105;0.00779007
817;SCC006040SLO;170;105;0.00528783
817;SCC006040SLO;171;105;0.00486750
817;SCC006040SLO;172;105;0.00434689
817;SCC006040SLO;173;105;0.00424692
817;SCC006040SLO;174;105;0.00431740
817;SCC006040SLO;175;105;0.00202524
817;SCC006040SLO;177;105;0.00001396
817;SCC006040SLO;178;105;0.00002867
817;SCC006040SLO;154;106;0.00150538
817;SCC006040SLO;156;106;0.00007356
817;SCC006040SLO;157;106;0.00000947
817;SCC006040SLO;161;106;0.00044268
817;SCC006040SLO;162;106;0.00038133
817;SCC006040SLO;164;106;0.00116616
817;SCC006040SLO;165;106;0.00285129
817;SCC006040SLO;166;106;0.00242660
817;SCC006040SLO;167;106;0.00707930
817;SCC006040SLO;168;106;0.00026954
817;SCC006040SLO;169;106;0.00055898
817;SCC006040SLO;170;106;0.00005186
817;SCC006040SLO;171;106;0.00001564
817;SCC006040SLO;172;106;0.00024757
817;SCC006040SLO;175;106;0.00400342
817;SCC006040SLO;176;106;0.00119228
817;SCC006040SLO;177;106;0.00003071
817;SCC006040SLO;153;107;0.00012707
817;SCC006040SLO;154;107;0.00106617
817;SCC006040SLO;160;107;0.00007740
817;SCC006040SLO;161;107;0.00017784
817;SCC006040SLO;163;107;0.00214153
817;SCC006040SLO;164;107;0.00162840
817;SCC006040SLO;166;107;0.00000020
817;SCC006040SLO;167;107;0.00716320
817;SCC006040SLO;168;107;0.00010194
817;SCC006040SLO;169;107;0.00016389
817;SCC006040SLO;170;107;0.00029247
817;SCC006040SLO;172;107;0.00001643
817;SCC006040SLO;176;107;0.00447540
817;SCC006040SLO;177;107;0.00210596
817;SCC006040SLO;178;107;0.00173882
817;SCC006040SLO;153;108;0.00107573
817;SCC006040SLO;154;108;0.00031504
817;SCC006040SLO;160;108;0.00003177
817;SCC006040SLO;161;108;0.00011886
817;SCC006040SLO;162;108;0.00025979
817;SCC006040SLO;163;108;0.00137432
817;SCC006040SLO;166;108;0.00035097
817;SCC006040SLO;167;108;0.00919841
817;SCC006040SLO;168;108;0.00000631
817;SCC006040SLO;169;108;0.00010130
817;SCC006040SLO;176;108;0.00000088
817;SCC006040SLO;177;108;0.00255272
817;SCC006040SLO;178;108;0.00181415
817;SCC006040SLO;153;109;0.00061917
817;SCC006040SLO;161;109;0.00012988
817;SCC006040SLO;162;109;0.00031252
817;SCC006040SLO;163;109;0.00015758
817;SCC006040SLO;166;109;0.00125964
817;0SF0060410BA;136;148;0.00015466
817;0SF0060410BA;130;149;0.00000252
817;0SF0060410BA;131;149;0.00000073
817;0SF0060410BA;130;150;0.00000204
817;0SF0060410BA;132;150;0.00000017
817;0SF0060410BA;133;150;0.00013041
817;0SF0060410BA;134;150;0.00008253
817;0SF0060410BA;135;150;0.00008849
817;0SF0060410BA;136;150;0.00000138
817;0SF0060410BA;130;151;0.00000019
817;0SF0060410BA;131;151;0.00000284
817;0SF0060410BA;132;151;0.00000025
817;0SF0060410BA;133;151;0.00034678
817;0SF0060410BA;135;151;0.00001128
817;0SF0060410BA;130;152;0.00000164
817;0SF0060410BA;131;152;0.00000090
817;0SF0060410BA;133;152;0.00022996
817;0SF0060410BA;134;152;0.00011695
817;0SF0060410BA;135;152;0.00000276
817;0SF0060410BA;130;153;0.00000267
817;0SF0060410BA;132;153;0.00000012
817;0SF0060410BA;133;153;0.00004515
817;0SF0060410BA;134;153;0.01499294
817;0SF0060410BA;135;153;0.02598258
817;0SF0060410BA;130;154;0.00057008
817;0SF0060410BA;132;154;0.00000229
817;0SF0060410BA;133;154;0.02657781
817;0SF0060410BA;134;154;0.03497829
817;0SF0060410BA;135;154;0.00396634
817;0SF0060410BA;136;154;0.03141093
817;0SF0060410BA;137;154;0.00000697
817;0SF0060410BA;129;155;0.00010789
817;0SF0060410BA;130;155;0.00227302
817;0SF0060410BA;131;155;0.00299913
817;0SF0060410BA;132;155;0.01566055
817;0SF0060410BA;133;155;0.03379890
817;0SF0060410BA;134;155;0.03167218
817;0SF0060410BA;135;155;0.06015351
817;0SF0060410BA;136;155;0.03627701
817;0SF0060410BA;137;155;0.00081956
817;0SF0060410BA;128;156;0.00031886
817;0SF0060410BA;129;156;0.00047456
817;0SF0060410BA;131;156;0.00477010
817;0SF0060410BA;132;156;0.04704404
817;0SF0060410BA;133;156;0.02414516
817;0SF0060410BA;134;156;0.05059051
817;0SF0060410BA;135;156;0.00061054
817;0SF0060410BA;137;156;0.00037562
817;0SF0060410BA;128;157;0.00062034
817;0SF0060410BA;131;157;0.04209039
817;0SF0060410BA;132;157;0.00761428
817;0SF0060410BA;133;157;0.07480003
817;0SF0060410BA;134;157;0.00636286
817;0SF0060410BA;128;158;0.00053891
817;0SF0060410BA;129;158;0.00047418
817;0SF0060410BA;130;158;0.02352036
817;0SF0060410BA;131;158;0.05719985
817;0SF0060410BA;132;158;0.05286831
817;0SF0060410BA;133;158;0.00002869
817;0SF0060410BA;134;158;0.02139061
817;0SF0060410BA;135;158;0.01342781
817;0SF0060410BA;129;159;0.00193449
817;0SF0060410BA;130;159;0.04020566
817;0SF0060410BA;131;159;0.05870570
817;0SF0060410BA;129;160;0.01189650
817;0SF0060410BA;130;160;0.00583035
817;0SF0060410BA;131;160;0.07163207
817;0SF0060410BA;129;161;0.01034507
817;0SF0060410BA;130;161;0.00010206
817;0SF0060410BA;131;161;0.04660770
817;0MC006029NSI;159;196;0.00622594
817;0MC006029NSI;159;197;0.01579500
817;0MC006029NSI;160;197;0.00083758
817;0MC006029NSI;161;197;0.00042142
817;0MC006029NSI;159;198;0.01107084
817;0MC006029NSI;161;198;0.00047134
817;0MC006029NSI;159;199;0.01135050
817;0MC006029NSI;160;199;0.00107444
817;0MC006029NSI;161;199;0.00186887
817;0MC006029NSI;162;199;0.00175596
817;0MC006029NSI;157;200;0.00042056
817;0MC006029NSI;158;200;0.00100489
817;0MC006029NSI;160;200;0.01551101
817;0MC006029NSI;161;200;0.00006726
817;0MC006029NSI;162;200;0.00512913
817;0MC006029NSI;155;201;0.00458479
817;0MC006029NSI;156;201;0.00870633
817;0MC006029NSI;157;201;0.00938695
817;0MC006029NSI;158;201;0.00786952
817;0MC006029NSI;159;201;0.00787023
817;0MC006029NSI;160;201;0.01832742
817;0MC006029NSI;161;201;0.00550028
817;0MC006029NSI;162;201;0.00154220
817;0MC006029NSI;158;202;0.00141515
817;0MC006029NSI;159;202;0.00187711
817;0MC006029NSI;160;202;0.02423763
817;0MC006029NSI;161;202;0.00409930
817;0MC006029NSI;159;203;0.00223973
817;0MC006029NSI;160;203;0.00274038
817;0MC006029NSI;161;203;0.01288201
817;0MC006029NSI;162;203;0.00318539
817;0MC006029NSI;159;204;0.00222186
817;0MC006029NSI;162;204;0.00072652
817;0MC006029NSI;163;204;0.00452824
817;0MC006029NSI;164;204;0.00378557
817;0MC006029NSI;165;204;0.00376540
817;0MC006029NSI;166;204;0.00441040
817;0MC006029NSI;167;204;0.00502822
817;0MC006029NSI;168;204;0.00180760
817;0MC006029NSI;169;204;0.03176726
817;0MC006029NSI;170;204;0.03640642
817;0MC006029NSI;173;204;0.03774817
817;0MC006029NSI;174;204;0.03390464
817;0MC006029NSI;177;204;0.03787570
817;0MC006029NSI;178;204;0.03474869
817;0MC006029NSI;179;204;0.00111499
817;0MC006029NSI;158;205;0.00020573
817;0MC006029NSI;159;205;0.00122549
817;0MC006029NSI;170;205;0.02229441
817;0MC006029NSI;174;205;0.03616375
817;0MC006029NSI;175;205;0.06483551
817;0MC006029NSI;176;205;0.06339852
817;0MC006029NSI;177;205;0.02538917
817;0MC006029NSI;178;205;0.05449237
817;0MC006029NSI;179;205;0.05008301
817;0MC006029NSI;180;205;0.00001142
817;0MC006029NSI;159;206;0.00169628
817;0MC006029NSI;178;206;0.01317467
817;0MC006029NSI;179;206;0.00970396
817;0MC006029NSI;180;206;0.05836128
817;0MC006029NSI;181;206;0.08263717
817;0MC006029NSI;178;207;0.01286468
817;0MC006029NSI;181;207;0.05677111
817;0MC006029NSI;177;208;0.00117742
817;0MC006029NSI;178;208;0.00138778
817;0MC006029NSI;181;208;0.00075980
817;0MC006029NSI;182;208;0.01405763
817;SJV006039SJU;153;158;0.00781660
817;SJV006039SJU;154;158;0.00106873
817;SJV006039SJU;149;159;0.00020769
817;SJV006039SJU;150;159;0.00058367
817;SJV006039SJU;151;159;0.00081490
817;SJV006039SJU;152;159;0.00873401
817;SJV006039SJU;153;159;0.00531215
817;SJV006039SJU;154;159;0.00277252
817;SJV006039SJU;155;159;0.00137603
817;SJV006039SJU;150;160;0.00299343
817;SJV006039SJU;151;160;0.00977326
817;SJV006039SJU;152;160;0.00191128
817;SJV006039SJU;153;160;0.00379576
817;SJV006039SJU;154;160;0.00111289
817;SJV006039SJU;155;160;0.00138322
817;SJV006039SJU;156;160;0.00011880
817;SJV006039SJU;149;161;0.00534326
817;SJV006039SJU;150;161;0.00712622
817;SJV006039SJU;151;161;0.00640585
817;SJV006039SJU;152;161;0.00322259
817;SJV006039SJU;153;161;0.00333606
817;SJV006039SJU;154;161;0.00106630
817;SJV006039SJU;155;161;0.00008213
817;SJV006039SJU;156;161;0.00043624
817;SJV006039SJU;157;161;0.00000479
817;SJV006039SJU;158;161;0.00191742
817;SJV006039SJU;149;162;0.02137098
817;SJV006039SJU;150;162;0.03913003
817;SJV006039SJU;151;162;0.02419214
817;SJV006039SJU;152;162;0.01990895
817;SJV006039SJU;153;162;0.02147394
817;SJV006039SJU;154;162;0.00841632
817;SJV006039SJU;155;162;0.00032220
817;SJV006039SJU;156;162;0.00112984
817;SJV006039SJU;157;162;0.01160821
817;SJV006039SJU;158;162;0.02234130
817;SJV006039SJU;159;162;0.00135318
817;SJV006039SJU;160;162;0.00114131
817;SJV006039SJU;161;162;0.00148159
817;SJV006039SJU;162;162;0.00172456
817;SJV006039SJU;149;163;0.00250357
817;SJV006039SJU;150;163;0.00096143
817;SJV006039SJU;151;163;0.00228022
817;SJV006039SJU;152;163;0.00030055
817;SJV006039SJU;153;163;0.00095671
817;SJV006039SJU;154;163;0.02448571
817;SJV006039SJU;155;163;0.01271455
817;SJV006039SJU;156;163;0.01207233
817;SJV006039SJU;157;163;0.02185314
817;SJV006039SJU;158;163;0.00356262
817;SJV006039SJU;159;163;0.00304858
817;SJV006039SJU;160;163;0.00265675
817;SJV006039SJU;161;163;0.00496945
817;SJV006039SJU;162;163;0.00142989
817;SJV006039SJU;151;164;0.00178675
817;SJV006039SJU;153;164;0.00053158
817;SJV006039SJU;154;164;0.00315229
817;SJV006039SJU;155;164;0.01866856
817;SJV006039SJU;156;164;0.01943399
817;SJV006039SJU;157;164;0.00206277
817;SJV006039SJU;158;164;0.00252669
817;SJV006039SJU;159;164;0.00025937
817;SJV006039SJU;160;164;0.00094066
817;SJV006039SJU;161;164;0.00228439
817;SJV006039SJU;162;164;0.00063078
817;SJV006039SJU;151;165;0.00165840
817;SJV006039SJU;152;165;0.00046002
817;SJV006039SJU;153;165;0.00035635
817;SJV006039SJU;154;165;0.00024629
817;SJV006039SJU;155;165;0.01980211
817;SJV006039SJU;156;165;0.01555997
817;SJV006039SJU;157;165;0.00108121
817;SJV006039SJU;158;165;0.00084361
817;SJV006039SJU;159;165;0.00121020
817;SJV006039SJU;160;165;0.00147201
817;SJV006039SJU;161;165;0.00108765
817;SJV006039SJU;162;165;0.00078159
817;SJV006039SJU;149;166;0.00290558
817;SJV006039SJU;150;166;0.00304181
817;SJV006039SJU;151;166;0.00355680
817;SJV006039SJU;152;166;0.00006464
817;SJV006039SJU;153;166;0.00003479
817;SJV006039SJU;154;166;0.00102464
817;SJV006039SJU;155;166;0.02586771
817;SJV006039SJU;156;166;0.01628082
817;SJV006039SJU;157;166;0.00231106
817;SJV006039SJU;158;166;0.00251398
817;SJV006039SJU;159;166;0.00075272
817;SJV006039SJU;160;166;0.00019636
817;SJV006039SJU;161;166;0.00069951
817;SJV006039SJU;162;166;0.00065712
817;SJV006039SJU;150;167;0.00001910
817;SJV006039SJU;151;167;0.00036325
817;SJV006039SJU;152;167;0.00231214
817;SJV006039SJU;153;167;0.00237393
817;SJV006039SJU;154;167;0.02142292
817;SJV006039SJU;155;167;0.02783419
817;SJV006039SJU;156;167;0.02079115
817;SJV006039SJU;157;167;0.00257187
817;SJV006039SJU;158;167;0.00197156
817;SJV006039SJU;159;167;0.00142165
817;SJV006039SJU;160;167;0.00180562
817;SJV006039SJU;161;167;0.00211542
817;SJV006039SJU;162;167;0.00208035
817;SJV006039SJU;153;168;0.00442934
817;SJV006039SJU;154;168;0.03315368
817;SJV006039SJU;155;168;0.02438364
817;SJV006039SJU;156;168;0.01428288
817;SJV006039SJU;157;168;0.00232490
817;SJV006039SJU;158;168;0.00145229
817;SJV006039SJU;159;168;0.00092176
817;SJV006039SJU;160;168;0.00124130
817;SJV006039SJU;161;168;0.00081976
817;SJV006039SJU;162;168;0.00055049
817;SJV006039SJU;153;169;0.01502706
817;SJV006039SJU;154;169;0.01690650
817;SJV006039SJU;155;169;0.02602794
817;SJV006039SJU;156;169;0.00320291
817;SJV006039SJU;157;169;0.00141618
817;SJV006039SJU;158;169;0.00235619
817;SJV006039SJU;159;169;0.00134498
817;SJV006039SJU;160;169;0.00066912
817;SJV006039SJU;161;169;0.00010340
817;SJV006039SJU;162;169;0.00003300
817;SJV006039SJU;150;170;0.00000042
817;SJV006039SJU;151;170;0.00000603
817;SJV006039SJU;152;170;0.00013164
817;SJV006039SJU;153;170;0.01366627
817;SJV006039SJU;154;170;0.00833575
817;SJV006039SJU;155;170;0.01784298
817;SJV006039SJU;156;170;0.00189043
817;SJV006039SJU;157;170;0.00205392
817;SJV006039SJU;158;170;0.00132933
817;SJV006039SJU;159;170;0.00086864
817;SJV006039SJU;160;170;0.00095170
817;SJV006039SJU;161;170;0.00066256
817;SJV006039SJU;162;170;0.00003571
817;SJV006039SJU;153;171;0.01100188
817;SJV006039SJU;154;171;0.00362602
817;SJV006039SJU;155;171;0.01392637
817;SJV006039SJU;156;171;0.00090718
817;SJV006039SJU;157;171;0.00161100
817;SJV006039SJU;158;171;0.00068632
817;SJV006039SJU;159;171;0.00049618
817;SJV006039SJU;161;171;0.00045253
817;SJV006039SJU;162;171;0.01476349
817;SJV006039SJU;149;172;0.00007656
817;SJV006039SJU;150;172;0.00175336
817;SJV006039SJU;151;172;0.00454630
817;SJV006039SJU;152;172;0.01180301
817;SJV006039SJU;153;172;0.00353768
817;SJV006039SJU;154;172;0.00534865
817;SJV006039SJU;155;172;0.02040162
817;SJV006039SJU;156;172;0.00273599
817;SJV006039SJU;157;172;0.00344215
817;SJV006039SJU;158;172;0.00065461
817;SJV006039SJU;159;172;0.00051482
817;SJV006039SJU;152;173;0.00701019
817;SJV006039SJU;153;173;0.00082194
817;SJV006039SJU;154;173;0.00170480
817;SJV006039SJU;155;173;0.00941096
817;SJV006039SJU;156;173;0.00129104
817;SJV006039SJU;157;173;0.00095500
817;SJV006039SJU;158;173;0.00331035
817;SJV006039SJU;159;173;0.00047493
817;SJV006039SJU;160;173;0.00003631
817;SJV006039SJU;152;174;0.00771065
817;SJV006039SJU;153;174;0.00059892
817;SJV006039SJU;154;174;0.00064078
817;SJV006039SJU;155;174;0.00814122
817;SJV006039SJU;156;174;0.00116840
817;SJV006039SJU;157;174;0.00146319
817;SJV006039SJU;158;174;0.00061736
817;SJV006039SJU;159;174;0.00404042
817;SJV006039SJU;160;174;0.00807425
817;SJV006039SJU;161;174;0.00762125
817;SJV006039SJU;150;175;0.00163589
817;SJV006039SJU;151;175;0.00183263
817;SJV006039SJU;152;175;0.00866881
817;SJV006039SJU;155;175;0.00715787
817;SJV006039SJU;156;175;0.00038569
817;SJV006039SJU;157;175;0.00051039
817;SJV006039SJU;158;175;0.00028185
817;SJV006039SJU;159;175;0.00052678
817;SJV006039SJU;160;175;0.00220001
817;SJV006039SJU;161;175;0.00031141
817;SJV006039SJU;151;176;0.00049810
817;SJV006039SJU;152;176;0.00034196
817;SJV006039SJU;157;176;0.00004877
817;SJV006039SJU;160;176;0.01278353
817;SJV006039SJU;161;176;0.00508211
817;0SC0060360SC;233;59;0.00025737
817;0SC0060360SC;234;59;0.00000518
817;0SC0060360SC;235;59;0.00001303
817;0SC0060360SC;236;59;0.00331716
817;0SC0060360SC;237;59;0.00014993
817;0SC0060360SC;233;60;0.00020006
817;0SC0060360SC;234;60;0.00187923
817;0SC0060360SC;235;60;0.00647469
817;0SC0060360SC;236;60;0.00417546
817;0SC0060360SC;237;60;0.00198101
817;0SC0060360SC;238;60;0.00000056
817;0SC0060360SC;233;61;0.00063741
817;0SC0060360SC;234;61;0.00735866
817;0SC0060360SC;235;61;0.00961817
817;0SC0060360SC;236;61;0.00583325
817;0SC0060360SC;237;61;0.00344685
817;0SC0060360SC;238;61;0.00168087
817;0SC0060360SC;247;61;0.00002848
817;0SC0060360SC;248;61;0.00001072
817;0SC0060360SC;234;62;0.00401440
817;0SC0060360SC;235;62;0.02671193
817;0SC0060360SC;236;62;0.02833136
817;0SC0060360SC;237;62;0.03180536
817;0SC0060360SC;238;62;0.03256369
817;0SC0060360SC;239;62;0.00515296
817;0SC0060360SC;240;62;0.00100116
817;0SC0060360SC;241;62;0.00075437
817;0SC0060360SC;242;62;0.00153185
817;0SC0060360SC;243;62;0.00706327
817;0SC0060360SC;244;62;0.00609877
817;0SC0060360SC;245;62;0.00030865
817;0SC0060360SC;246;62;0.00039331
817;0SC0060360SC;247;62;0.00450964
817;0SC0060360SC;248;62;0.01718546
817;0SC0060360SC;249;62;0.01793261
817;0SC0060360SC;250;62;0.00112526
817;0SC0060360SC;251;62;0.00017112
817;0SC0060360SC;252;62;0.00001673
817;0SC0060360SC;235;63;0.02836250
817;0SC0060360SC;236;63;0.03656884
817;0SC0060360SC;237;63;0.04336802
817;0SC0060360SC;238;63;0.05685295
817;0SC0060360SC;239;63;0.02582130
817;0SC0060360SC;240;63;0.02166213
817;0SC0060360SC;241;63;0.01974890
817;0SC0060360SC;242;63;0.01939793
817;0SC0060360SC;243;63;0.01723054
817;0SC0060360SC;244;63;0.02827938
817;0SC0060360SC;245;63;0.01883563
817;0SC0060360SC;246;63;0.01994552
817;0SC0060360SC;247;63;0.01916133
817;0SC0060360SC;248;63;0.00075287
817;0SC0060360SC;249;63;0.00033002
817;0SC0060360SC;250;63;0.00057453
817;0SC0060360SC;251;63;0.00002970
817;0SC0060360SC;235;64;0.00847356
817;0SC0060360SC;236;64;0.00494559
817;0SC0060360SC;237;64;0.00317473
817;0SC0060360SC;238;64;0.00801898
817;0SC0060360SC;239;64;0.02165152
817;0SC0060360SC;240;64;0.00509499
817;0SC0060360SC;241;64;0.00358705
817;0SC0060360SC;242;64;0.00300215
817;0SC0060360SC;243;64;0.00330516
817;0SC0060360SC;244;64;0.01450578
817;0SC0060360SC;245;64;0.00279048
817;0SC0060360SC;246;64;0.00785092
817;0SC0060360SC;247;64;0.00083476
817;0SC0060360SC;248;64;0.00025346
817;0SC0060360SC;249;64;0.00018111
817;0SC0060360SC;250;64;0.00034428
817;0SC0060360SC;251;64;0.00027657
817;0SC0060360SC;252;64;0.00015664
817;0SC0060360SC;235;65;0.00312947
817;0SC0060360SC;236;65;0.01763317
817;0SC0060360SC;237;65;0.01755266
817;0SC0060360SC;238;65;0.01693658
817;0SC0060360SC;239;65;0.02053554
817;0SC0060360SC;240;65;0.03097226
817;0SC0060360SC;241;65;0.01138365
817;0SC0060360SC;242;65;0.01055468
817;0SC0060360SC;243;65;0.01461767
817;0SC0060360SC;244;65;0.01765065
817;0SC0060360SC;245;65;0.01027261
817;0SC0060360SC;246;65;0.00893292
817;0SC0060360SC;247;65;0.00019036
817;0SC0060360SC;251;65;0.00021575
817;0SC0060360SC;240;66;0.00831801
817;0SC0060360SC;241;66;0.02015305
817;0SC0060360SC;242;66;0.00162853
817;0SC0060360SC;243;66;0.00952028
817;0SC0060360SC;244;66;0.00183891
817;0SC0060360SC;245;66;0.00028915
817;0SC0060360SC;246;66;0.00005150
817;0SC0060360SC;247;66;0.00183289
817;0SC0060360SC;251;66;0.00009533
817;0SC0060360SC;252;66;0.00020512
817;0SC0060360SC;253;66;0.00022918
817;0SC0060360SC;254;66;0.00010231
817;0SC0060360SC;255;66;0.00010225
817;0SC0060360SC;256;66;0.00009060
817;0SC0060360SC;257;66;0.00002188
817;0SC0060360SC;239;67;0.00000821
817;0SC0060360SC;240;67;0.00018353
817;0SC0060360SC;241;67;0.02588492
817;0SC0060360SC;242;67;0.00750177
817;0SC0060360SC;243;67;0.00008954
817;0SC0060360SC;244;67;0.00148568
817;0SC0060360SC;245;67;0.00043036
817;0SC0060360SC;247;67;0.00109284
817;0SC0060360SC;248;67;0.00074832
817;0SC0060360SC;249;67;0.00042585
817;0SC0060360SC;250;67;0.00002815
817;0SC0060360SC;256;67;0.00002054
817;0SC0060360SC;257;67;0.00011071
817;0SC0060360SC;239;68;0.00003830
817;0SC0060360SC;240;68;0.01549277
817;0SC0060360SC;241;68;0.01905338
817;0SC0060360SC;242;68;0.00000095
817;0SC0060360SC;244;68;0.00052260
817;0SC0060360SC;245;68;0.00027476
817;0SC0060360SC;246;68;0.00050209
817;0SC0060360SC;247;68;0.00015120
817;0SC0060360SC;248;68;0.00002404
817;0SC0060360SC;249;68;0.00014583
817;0SC0060360SC;250;68;0.00073549
817;0SC0060360SC;251;68;0.00048832
817;0SC0060360SC;252;68;0.00044069
817;0SC0060360SC;253;68;0.00045535
817;0SC0060360SC;254;68;0.00006566
817;0SC0060360SC;255;68;0.00030351
817;0SC0060360SC;256;68;0.00011079
817;0SC0060360SC;240;69;0.01771186
817;0SC0060360SC;243;69;0.00018622
817;0SC0060360SC;244;69;0.00006948
817;0SC0060360SC;246;69;0.00023720
817;0SC0060360SC;247;69;0.00003840
817;0SC0060360SC;253;69;0.00011418
817;0SC0060360SC;254;69;0.00031560
817;0SC0060360SC;255;69;0.00021501
817;0SC0060360SC;256;69;0.00004242
817;0SC0060360SC;255;70;0.00008676
817;0SV0060510FR;148;189;0.00000936
817;0SV0060510FR;149;189;0.00009337
817;0SV0060510FR;150;189;0.05442936
817;0SV0060510FR;151;189;0.00640220
817;0SV0060510FR;146;190;0.00000247
817;0SV0060510FR;148;190;0.00008038
817;0SV0060510FR;149;190;0.00006348
817;0SV0060510FR;150;190;0.04562432
817;0SV0060510FR;151;190;0.00301747
817;0SV0060510FR;146;191;0.01072253
817;0SV0060510FR;148;191;0.00001134
817;0SV0060510FR;149;191;0.00007492
817;0SV0060510FR;150;191;0.04425350
817;0SV0060510FR;151;191;0.00362208
817;0SV0060510FR;146;192;0.01031247
817;0SV0060510FR;149;192;0.01485453
817;0SV0060510FR;150;192;0.03382336
817;0SV0060510FR;151;192;0.00257969
817;0SV0060510FR;146;193;0.01059904
817;0SV0060510FR;148;193;0.00586988
817;0SV0060510FR;149;193;0.02124569
817;0SV0060510FR;150;193;0.02485589
817;0SV0060510FR;151;193;0.00236421
817;0SV0060510FR;145;194;0.00122600
817;0SV0060510FR;146;194;0.00215104
817;0SV0060510FR;147;194;0.00701079
817;0SV0060510FR;148;194;0.02014207
817;0SV0060510FR;149;194;0.00182160
817;0SV0060510FR;150;194;0.02335138
817;0SV0060510FR;151;194;0.00069474
817;0SV0060510FR;145;195;0.00082300
817;0SV0060510FR;147;195;0.00851423
817;0SV0060510FR;148;195;0.02100793
817;0SV0060510FR;150;195;0.01739043
817;0SV0060510FR;151;195;0.00420970
817;0SV0060510FR;152;195;0.00208934
817;0SV0060510FR;145;196;0.00071797
817;0SV0060510FR;147;196;0.00841048
817;0SV0060510FR;148;196;0.02442193
817;0SV0060510FR;151;196;0.00152385
817;0SV0060510FR;144;197;0.00065091
817;0SV0060510FR;145;197;0.00012214
817;0SV0060510FR;147;197;0.00498750
817;0SV0060510FR;148;197;0.02498003
817;0SV0060510FR;144;198;0.00068924
817;0SV0060510FR;147;198;0.00887127
817;0SV0060510FR;148;198;0.03622628
817;0SV0060510FR;143;199;0.00104640
817;0SV0060510FR;144;199;0.00067737
817;0SV0060510FR;145;199;0.00011371
817;0SV0060510FR;146;199;0.00161534
817;0SV0060510FR;147;199;0.01898932
817;0SV0060510FR;148;199;0.09984044
817;0SV0060510FR;142;200;0.00684943
817;0SV0060510FR;143;200;0.01071387
817;0SV0060510FR;144;200;0.01074830
817;0SV0060510FR;145;200;0.01266154
817;0SV0060510FR;146;200;0.01979852
817;0SV0060510FR;147;200;0.03547188
817;0SV0060510FR;148;200;0.13154180
817;0SV0060510FR;146;201;0.00040026
817;0SV0060510FR;147;201;0.00603692
817;0SV0060510FR;148;201;0.03316106
817;0SV0060510FR;147;202;0.01743328
817;0SV0060510FR;148;202;0.02304117
817;0SV0060510FR;145;203;0.00047886
817;0SV0060510FR;146;203;0.00084219
817;0SV0060510FR;147;203;0.03665526
817;0SV0060510FR;148;203;0.00001917
817;0SV0060510FR;147;204;0.01491850
817;0SC0060330SC;247;46;0.00000151
817;0SC0060330SC;248;46;0.00725896
817;0SC0060330SC;249;46;0.00007521
817;0SC0060330SC;250;46;0.00000337
817;0SC0060330SC;254;46;0.00019242
817;0SC0060330SC;255;46;0.00015818
817;0SC0060330SC;245;47;0.00000181
817;0SC0060330SC;246;47;0.00000117
817;0SC0060330SC;247;47;0.00014425
817;0SC0060330SC;248;47;0.01074950
817;0SC0060330SC;249;47;0.00218536
817;0SC0060330SC;250;47;0.00067031
817;0SC0060330SC;251;47;0.00041399
817;0SC0060330SC;252;47;0.00038998
817;0SC0060330SC;253;47;0.00043067
817;0SC0060330SC;254;47;0.00025328
817;0SC0060330SC;255;47;0.00042431
817;0SC0060330SC;245;48;0.00000062
817;0SC0060330SC;246;48;0.00000068
817;0SC0060330SC;247;48;0.00101159
817;0SC0060330SC;248;48;0.01658755
817;0SC0060330SC;249;48;0.00130404
817;0SC0060330SC;250;48;0.00041725
817;0SC0060330SC;251;48;0.00009765
817;0SC0060330SC;254;48;0.00000217
817;0SC0060330SC;255;48;0.00017668
817;0SC0060330SC;256;48;0.00047029
817;0SC0060330SC;260;48;0.00010314
817;0SC0060330SC;245;49;0.00017730
817;0SC0060330SC;246;49;0.00020374
817;0SC0060330SC;247;49;0.01815203
817;0SC0060330SC;248;49;0.00451253
817;0SC0060330SC;249;49;0.00118371
817;0SC0060330SC;250;49;0.00027903
817;0SC0060330SC;251;49;0.00012169
817;0SC0060330SC;252;49;0.00003664
817;0SC0060330SC;253;49;0.00000128
817;0SC0060330SC;254;49;0.00001597
817;0SC0060330SC;256;49;0.00009927
817;0SC0060330SC;257;49;0.00045870
817;0SC0060330SC;258;49;0.00020063
817;0SC0060330SC;259;49;0.00002549
817;0SC0060330SC;260;49;0.00012627
817;0SC0060330SC;241;50;0.00012863
817;0SC0060330SC;242;50;0.00003905
817;0SC0060330SC;243;50;0.00000763
817;0SC0060330SC;245;50;0.00026168
817;0SC0060330SC;246;50;0.01575506
817;0SC0060330SC;247;50;0.00618218
817;0SC0060330SC;248;50;0.00075511
817;0SC0060330SC;249;50;0.00067850
817;0SC0060330SC;250;50;0.00010684
817;0SC0060330SC;251;50;0.00002008
817;0SC0060330SC;252;50;0.00007565
817;0SC0060330SC;253;50;0.00001263
817;0SC0060330SC;257;50;0.00003610
817;0SC0060330SC;258;50;0.00022835
817;0SC0060330SC;259;50;0.00043923
817;0SC0060330SC;260;50;0.00050132
817;0SC0060330SC;261;50;0.00049756
817;0SC0060330SC;262;50;0.00044977
817;0SC0060330SC;242;51;0.00027345
817;0SC0060330SC;243;51;0.00042316
817;0SC0060330SC;244;51;0.00024387
817;0SC0060330SC;245;51;0.01465331
817;0SC0060330SC;246;51;0.00181008
817;0SC0060330SC;247;51;0.00493358
817;0SC0060330SC;248;51;0.00039830
817;0SC0060330SC;249;51;0.00105343
817;0SC0060330SC;252;51;0.00010943
817;0SC0060330SC;253;51;0.00000797
817;0SC0060330SC;256;51;0.00001996
817;0SC0060330SC;257;51;0.00025788
817;0SC0060330SC;258;51;0.00005702
817;0SC0060330SC;260;51;0.00009587
817;0SC0060330SC;261;51;0.00000202
817;0SC0060330SC;242;52;0.00063101
817;0SC0060330SC;243;52;0.00082686
817;0SC0060330SC;244;52;0.01213994
817;0SC0060330SC;245;52;0.00871627
817;0SC0060330SC;246;52;0.00094546
817;0SC0060330SC;247;52;0.00484969
817;0SC0060330SC;248;52;0.00082605
817;0SC0060330SC;249;52;0.00086798
817;0SC0060330SC;252;52;0.00014460
817;0SC0060330SC;253;52;0.00000601
817;0SC0060330SC;255;52;0.00008314
817;0SC0060330SC;256;52;0.00016401
817;0SC0060330SC;258;52;0.00001175
817;0SC0060330SC;259;52;0.00006838
817;0SC0060330SC;260;52;0.00002957
817;0SC0060330SC;242;53;0.00027899
817;0SC0060330SC;243;53;0.01314803
817;0SC0060330SC;244;53;0.00710543
817;0SC0060330SC;245;53;0.00050902
817;0SC0060330SC;246;53;0.00076428
817;0SC0060330SC;247;53;0.00682580
817;0SC0060330SC;248;53;0.00141951
817;0SC0060330SC;249;53;0.00157361
817;0SC0060330SC;250;53;0.00100669
817;0SC0060330SC;251;53;0.00019616
817;0SC0060330SC;252;53;0.00043190
817;0SC0060330SC;253;53;0.00011903
817;0SC0060330SC;254;53;0.00001289
817;0SC0060330SC;255;53;0.00016634
817;0SC0060330SC;257;53;0.00002403
817;0SC0060330SC;258;53;0.00007282
817;0SC0060330SC;259;53;0.00004972
817;0SC0060330SC;240;54;0.00001892
817;0SC0060330SC;241;54;0.01576415
817;0SC0060330SC;242;54;0.01447609
817;0SC0060330SC;243;54;0.00651877
817;0SC0060330SC;244;54;0.00009138
817;0SC0060330SC;245;54;0.00108472
817;0SC0060330SC;246;54;0.00046736
817;0SC0060330SC;247;54;0.00628074
817;0SC0060330SC;248;54;0.00160017
817;0SC0060330SC;249;54;0.00121480
817;0SC0060330SC;250;54;0.00137523
817;0SC0060330SC;251;54;0.00191201
817;0SC0060330SC;252;54;0.00057886
817;0SC0060330SC;253;54;0.00016512
817;0SC0060330SC;254;54;0.00026722
817;0SC0060330SC;255;54;0.00004573
817;0SC0060330SC;256;54;0.00009890
817;0SC0060330SC;257;54;0.00014368
817;0SC0060330SC;258;54;0.00013216
817;0SC0060330SC;240;55;0.01870966
817;0SC0060330SC;241;55;0.00063020
817;0SC0060330SC;242;55;0.00019261
817;0SC0060330SC;243;55;0.00034852
817;0SC0060330SC;244;55;0.00030286
817;0SC0060330SC;245;55;0.00124749
817;0SC0060330SC;246;55;0.00579298
817;0SC0060330SC;247;55;0.00614561
817;0SC0060330SC;248;55;0.00016820
817;0SC0060330SC;249;55;0.00005865
817;0SC0060330SC;250;55;0.00022230
817;0SC0060330SC;251;55;0.00161955
817;0SC0060330SC;252;55;0.00163258
817;0SC0060330SC;253;55;0.00075784
817;0SC0060330SC;254;55;0.00023431
817;0SC0060330SC;255;55;0.00002829
817;0SC0060330SC;257;55;0.00025898
817;0SC0060330SC;258;55;0.00002584
817;0SC0060330SC;238;56;0.00030891
817;0SC0060330SC;239;56;0.01181589
817;0SC0060330SC;240;56;0.00808497
817;0SC0060330SC;241;56;0.00072958
817;0SC0060330SC;242;56;0.00059188
817;0SC0060330SC;243;56;0.00011832
817;0SC0060330SC;244;56;0.00017372
817;0SC0060330SC;245;56;0.00034283
817;0SC0060330SC;246;56;0.00930978
817;0SC0060330SC;247;56;0.00032482
817;0SC0060330SC;248;56;0.00025549
817;0SC0060330SC;249;56;0.00011922
817;0SC0060330SC;250;56;0.00016128
817;0SC0060330SC;251;56;0.00110460
817;0SC0060330SC;252;56;0.00186052
817;0SC0060330SC;253;56;0.00025446
817;0SC0060330SC;256;56;0.00018563
817;0SC0060330SC;257;56;0.00041631
817;0SC0060330SC;236;57;0.00866951
817;0SC0060330SC;237;57;0.00168867
817;0SC0060330SC;238;57;0.00239420
817;0SC0060330SC;239;57;0.01824198
817;0SC0060330SC;241;57;0.00031501
817;0SC0060330SC;242;57;0.00029484
817;0SC0060330SC;243;57;0.00059156
817;0SC0060330SC;244;57;0.00074980
817;0SC0060330SC;245;57;0.00841736
817;0SC0060330SC;246;57;0.00415693
817;0SC0060330SC;247;57;0.00054647
817;0SC0060330SC;248;57;0.00007789
817;0SC0060330SC;249;57;0.00007638
817;0SC0060330SC;250;57;0.00002553
817;0SC0060330SC;251;57;0.00216464
817;0SC0060330SC;252;57;0.00032632
817;0SC0060330SC;255;57;0.00011636
817;0SC0060330SC;256;57;0.00021512
817;0SC0060330SC;236;58;0.01632775
817;0SC0060330SC;237;58;0.02606758
817;0SC0060330SC;238;58;0.03714076
817;0SC0060330SC;239;58;0.02385915
817;0SC0060330SC;240;58;0.01548016
817;0SC0060330SC;241;58;0.00316096
817;0SC0060330SC;242;58;0.00184197
817;0SC0060330SC;243;58;0.00196071
817;0SC0060330SC;244;58;0.00237811
817;0SC0060330SC;245;58;0.00985506
817;0SC0060330SC;246;58;0.00299749
817;0SC0060330SC;247;58;0.00078169
817;0SC0060330SC;248;58;0.00008048
817;0SC0060330SC;249;58;0.00042221
817;0SC0060330SC;250;58;0.00061444
817;0SC0060330SC;251;58;0.00243832
817;0SC0060330SC;254;58;0.00006060
817;0SC0060330SC;255;58;0.00028669
817;0SC0060330SC;236;59;0.00121761
817;0SC0060330SC;237;59;0.00068195
817;0SC0060330SC;238;59;0.01755519
817;0SC0060330SC;239;59;0.00081423
817;0SC0060330SC;240;59;0.00156332
817;0SC0060330SC;241;59;0.01557927
817;0SC0060330SC;242;59;0.00774664
817;0SC0060330SC;243;59;0.00163953
817;0SC0060330SC;244;59;0.00804584
817;0SC0060330SC;245;59;0.00778269
817;0SC0060330SC;246;59;0.00168794
817;0SC0060330SC;247;59;0.00337473
817;0SC0060330SC;248;59;0.00153303
817;0SC0060330SC;249;59;0.00210677
817;0SC0060330SC;250;59;0.00059552
817;0SC0060330SC;251;59;0.00150949
817;0SC0060330SC;252;59;0.00075104
817;0SC0060330SC;253;59;0.00010691
817;0SC0060330SC;254;59;0.00071188
817;0SC0060330SC;255;59;0.00081499
817;0SC0060330SC;256;59;0.01205132
817;0SC0060330SC;237;60;0.00064392
817;0SC0060330SC;238;60;0.01705062
817;0SC0060330SC;239;60;0.00208032
817;0SC0060330SC;240;60;0.00264699
817;0SC0060330SC;241;60;0.00237117
817;0SC0060330SC;242;60;0.01552978
817;0SC0060330SC;243;60;0.00871253
817;0SC0060330SC;244;60;0.02484023
817;0SC0060330SC;245;60;0.01037220
817;0SC0060330SC;246;60;0.00953542
817;0SC0060330SC;247;60;0.00956749
817;0SC0060330SC;248;60;0.00780004
817;0SC0060330SC;249;60;0.00756056
817;0SC0060330SC;250;60;0.01205438
817;0SC0060330SC;251;60;0.02548706
817;0SC0060330SC;252;60;0.02024487
817;0SC0060330SC;253;60;0.01965523
817;0SC0060330SC;254;60;0.01956798
817;0SC0060330SC;255;60;0.02015890
817;0SC0060330SC;256;60;0.00669683
817;0SC0060330SC;257;60;0.01607521
817;0SC0060330SC;238;61;0.01604663
817;0SC0060330SC;239;61;0.00657870
817;0SC0060330SC;240;61;0.00364380
817;0SC0060330SC;241;61;0.01310331
817;0SC0060330SC;242;61;0.01476561
817;0SC0060330SC;243;61;0.03157369
817;0SC0060330SC;244;61;0.00057759
817;0SC0060330SC;245;61;0.00051882
817;0SC0060330SC;246;61;0.00055950
817;0SC0060330SC;247;61;0.00037946
817;0SC0060330SC;248;61;0.00011221
817;0SC0060330SC;249;61;0.00199311
817;0SC0060330SC;250;61;0.01696785
817;0SC0060330SC;251;61;0.00030815
817;0SC0060330SC;252;61;0.00010520
817;0SC0060330SC;253;61;0.00005860
817;0SC0060330SC;255;61;0.00024535
817;0SC0060330SC;238;62;0.01079437
817;0SC0060330SC;239;62;0.01235285
817;0SC0060330SC;240;62;0.01159033
817;0SC0060330SC;241;62;0.00097512
817;0SC0060330SC;242;62;0.00153693
817;0SC0060330SC;243;62;0.00258548
817;0SC0060330SC;244;62;0.00017987
817;0SC0060330SC;245;62;0.00013583
817;0SC0060330SC;249;62;0.00043922
817;0SC0060330SC;250;62;0.00009800
817;0SC0060330SC;252;62;0.00000946
817;0NC006053NCU;112;234;0.00077043
817;0NC006053NCU;113;234;0.00156020
817;0NC006053NCU;114;234;0.00149425
817;0NC006053NCU;115;234;0.00149425
817;0NC006053NCU;116;234;0.00042960
817;0NC006053NCU;117;234;0.00052230
817;0NC006053NCU;118;234;0.00054023
817;0NC006053NCU;119;234;0.00055192
817;0NC006053NCU;120;234;0.00017381
817;0NC006053NCU;110;235;0.00029820
817;0NC006053NCU;111;235;0.00239396
817;0NC006053NCU;112;235;0.00079062
817;0NC006053NCU;116;235;0.00130486
817;0NC006053NCU;117;235;0.00044362
817;0NC006053NCU;109;236;0.00074607
817;0NC006053NCU;110;236;0.00283104
817;0NC006053NCU;117;236;0.00094449
817;0NC006053NCU;109;237;0.00041205
817;0NC006053NCU;117;237;0.00073718
817;0NC006053NCU;117;238;0.00098783
817;0NC006053NCU;118;238;0.00027170
817;0NC006053NCU;118;239;0.00399037
817;0NC006053NCU;119;239;0.00970487
817;0NC006053NCU;120;239;0.00879787
817;0NC006053NCU;120;240;0.00437882
817;0NC006053NCU;121;240;0.00881077
817;0NC006053NCU;126;240;0.06850845
817;0NC006053NCU;121;241;0.00466593
817;0NC006053NCU;122;241;0.05347234
817;0NC006053NCU;123;241;0.03094699
817;0NC006053NCU;124;241;0.03761311
817;0NC006053NCU;125;241;0.05793573
817;0NC006053NCU;126;241;0.00022199
817;0NC006053NCU;122;242;0.03218872
817;0NC006053NCU;123;242;0.00303388
817;0NC006053NCU;124;242;0.01220171
817;0NC006053NCU;117;243;0.02457737
817;0NC006053NCU;118;243;0.03615061
817;0NC006053NCU;119;243;0.03615061
817;0NC006053NCU;120;243;0.03615061
817;0NC006053NCU;121;243;0.03615061
817;0NC006053NCU;122;243;0.03178315
817;0NC006053NCU;113;244;0.00411719
817;0NC006053NCU;114;244;0.03318403
817;0NC006053NCU;115;244;0.03318403
817;0NC006053NCU;116;244;0.03455067
817;0NC006053NCU;117;244;0.01157324
817;0NC006053NCU;122;244;0.00555613
817;0NC006053NCU;123;244;0.00037568
817;0NC006053NCU;111;245;0.01930417
817;0NC006053NCU;112;245;0.03318403
817;0NC006053NCU;113;245;0.02906684
817;0NC006053NCU;123;245;0.00645658
817;0NC006053NCU;111;246;0.04318936
817;0NC006053NCU;123;246;0.00218183
817;0NC006053NCU;124;246;0.00480041
817;0NC006053NCU;109;247;0.01430561
817;0NC006053NCU;110;247;0.04532717
817;0NC006053NCU;111;247;0.00748579
817;0NC006053NCU;124;247;0.00322402
817;0NC006053NCU;125;247;0.00368356
817;0NC006053NCU;108;248;0.02132268
817;0NC006053NCU;109;248;0.02620467
817;0NC006053NCU;125;248;0.00589694
817;0NC006053NCU;108;249;0.00182317
817;0NC006053NCU;125;249;0.00059620
817;0NC006053NCU;126;249;0.00530074
817;0NC006053NCU;126;250;0.00589694
817;0NC006053NCU;126;251;0.00046538
817;0NC006053NCU;127;251;0.00534492
817;0NC006053NCU;127;252;0.00539631
817;0NC006053NCU;127;253;0.00539631
817;0NC006053NCU;127;254;0.00287378
817;0NC006053NCU;128;254;0.00252253
817;0NC006053NCU;128;255;0.00539631
817;0NC006053NCU;128;256;0.00547526
817;0NC006053NCU;127;257;0.00329392
817;0NC006053NCU;128;257;0.00396719
817;0NC006053NCU;127;258;0.00094324
817;0SF0060070BA;141;161;0.00767452
817;0SF0060070BA;140;162;0.05768154
817;0SF0060070BA;141;162;0.01571837
817;0SF0060070BA;142;162;0.00002152
817;0SF0060070BA;144;162;0.00000355
817;0SF0060070BA;139;163;0.00020465
817;0SF0060070BA;140;163;0.05397399
817;0SF0060070BA;141;163;0.00404603
817;0SF0060070BA;142;163;0.00005646
817;0SF0060070BA;144;163;0.00002505
817;0SF0060070BA;145;163;0.00283888
817;0SF0060070BA;136;164;0.00069662
817;0SF0060070BA;137;164;0.00036165
817;0SF0060070BA;139;164;0.02099440
817;0SF0060070BA;140;164;0.02953917
817;0SF0060070BA;141;164;0.00052840
817;0SF0060070BA;143;164;0.00003533
817;0SF0060070BA;144;164;0.00000648
817;0SF0060070BA;145;164;0.00169280
817;0SF0060070BA;146;164;0.00183260
817;0SF0060070BA;148;164;0.00041612
817;0SF0060070BA;135;165;0.01256326
817;0SF0060070BA;136;165;0.00030434
817;0SF0060070BA;137;165;0.00174877
817;0SF0060070BA;138;165;0.00155264
817;0SF0060070BA;139;165;0.04536860
817;0SF0060070BA;140;165;0.00002772
817;0SF0060070BA;142;165;0.00003244
817;0SF0060070BA;143;165;0.00017626
817;0SF0060070BA;145;165;0.00011461
817;0SF0060070BA;146;165;0.00386319
817;0SF0060070BA;147;165;0.00039952
817;0SF0060070BA;148;165;0.00015146
817;0SF0060070BA;133;166;0.01771188
817;0SF0060070BA;134;166;0.00023239
817;0SF0060070BA;135;166;0.00687328
817;0SF0060070BA;136;166;0.02736341
817;0SF0060070BA;137;166;0.02659497
817;0SF0060070BA;138;166;0.06642707
817;0SF0060070BA;139;166;0.00023099
817;0SF0060070BA;142;166;0.00018099
817;0SF0060070BA;143;166;0.00008576
817;0SF0060070BA;144;166;0.00012626
817;0SF0060070BA;145;166;0.00146848
817;0SF0060070BA;146;166;0.00350818
817;0SF0060070BA;147;166;0.00087896
817;0SF0060070BA;130;167;0.00285855
817;0SF0060070BA;131;167;0.01290841
817;0SF0060070BA;132;167;0.02748825
817;0SF0060070BA;133;167;0.05089128
817;0SF0060070BA;134;167;0.00025678
817;0SF0060070BA;135;167;0.00015552
817;0SF0060070BA;136;167;0.00017661
817;0SF0060070BA;137;167;0.00172234
817;0SF0060070BA;138;167;0.05729007
817;0SF0060070BA;139;167;0.00524170
817;0SF0060070BA;140;167;0.00142606
817;0SF0060070BA;141;167;0.00019948
817;0SF0060070BA;142;167;0.00003200
817;0SF0060070BA;144;167;0.00004838
817;0SF0060070BA;145;167;0.00491425
817;0SF0060070BA;146;167;0.00245295
817;0SF0060070BA;147;167;0.00009299
817;0SF0060070BA;131;168;0.00007775
817;0SF0060070BA;132;168;0.02403036
817;0SF0060070BA;133;168;0.02672069
817;0SF0060070BA;134;168;0.00017045
817;0SF0060070BA;135;168;0.00012471
817;0SF0060070BA;136;168;0.00001923
817;0SF0060070BA;137;168;0.00159350
817;0SF0060070BA;138;168;0.04607397
817;0SF0060070BA;139;168;0.00998583
817;0SF0060070BA;140;168;0.00195712
817;0SF0060070BA;141;168;0.00106693
817;0SF0060070BA;142;168;0.00029014
817;0SF0060070BA;143;168;0.00015702
817;0SF0060070BA;144;168;0.00044178
817;0SF0060070BA;145;168;0.00685959
817;0SF0060070BA;146;168;0.00027600
817;0SF0060070BA;147;168;0.00003629
817;0SF0060070BA;132;169;0.00214667
817;0SF0060070BA;133;169;0.04565073
817;0SF0060070BA;134;169;0.02161982
817;0SF0060070BA;135;169;0.00365103
817;0SF0060070BA;136;169;0.00394339
817;0SF0060070BA;137;169;0.01483625
817;0SF0060070BA;138;169;0.03557174
817;0SF0060070BA;139;169;0.02541705
817;0SF0060070BA;140;169;0.01350676
817;0SF0060070BA;141;169;0.01476942
817;0SF0060070BA;142;169;0.01595760
817;0SF0060070BA;143;169;0.01342147
817;0SF0060070BA;144;169;0.00927612
817;0SF0060070BA;145;169;0.00288874
817;0SF0060070BA;146;169;0.00023089
817;0SF0060070BA;147;169;0.00006676
817;0SF0060070BA;134;170;0.03526383
817;0SF0060070BA;135;170;0.01049880
817;0SF0060070BA;136;170;0.00002504
817;0SF0060070BA;137;170;0.01502572
817;0SF0060070BA;138;170;0.00046574
817;0SF0060070BA;139;170;0.00001053
817;0SF0060070BA;140;170;0.00321016
817;0SF0060070BA;141;170;0.00017053
817;0SF0060070BA;142;170;0.00021294
817;0SF0060070BA;135;171;0.00779173
817;SCC006056VEN;206;61;0.00023615
817;SCC006056VEN;207;61;0.00124833
817;SCC006056VEN;204;62;0.00223035
817;SCC006056VEN;205;62;0.00508006
817;SCC006056VEN;206;62;0.00460910
817;SCC006056VEN;203;63;0.00134990
817;SCC006056VEN;204;63;0.00468511
817;SCC006056VEN;207;63;0.00008083
817;SCC006056VEN;208;63;0.00003012
817;SCC006056VEN;200;64;0.00015428
817;SCC006056VEN;201;64;0.00396281
817;SCC006056VEN;202;64;0.00437033
817;SCC006056VEN;203;64;0.00664392
817;SCC006056VEN;204;64;0.00211591
817;SCC006056VEN;205;64;0.00148272
817;SCC006056VEN;206;64;0.00116796
817;SCC006056VEN;207;64;0.00027107
817;SCC006056VEN;208;64;0.00027834
817;SCC006056VEN;209;64;0.00738382
817;SCC006056VEN;210;64;0.00550176
817;SCC006056VEN;200;65;0.00146244
817;SCC006056VEN;201;65;0.00832093
817;SCC006056VEN;202;65;0.01352755
817;SCC006056VEN;203;65;0.00231021
817;SCC006056VEN;204;65;0.00186543
817;SCC006056VEN;205;65;0.00040153
817;SCC006056VEN;206;65;0.00101604
817;SCC006056VEN;207;65;0.03711837
817;SCC006056VEN;208;65;0.03845097
817;SCC006056VEN;209;65;0.03783546
817;SCC006056VEN;210;65;0.00124792
817;SCC006056VEN;211;65;0.00049591
817;SCC006056VEN;212;65;0.00004880
817;SCC006056VEN;213;65;0.00014850
817;SCC006056VEN;200;66;0.00210623
817;SCC006056VEN;201;66;0.01380280
817;SCC006056VEN;202;66;0.03935351
817;SCC006056VEN;203;66;0.02898451
817;SCC006056VEN;204;66;0.03079308
817;SCC006056VEN;205;66;0.03307122
817;SCC006056VEN;206;66;0.03181379
817;SCC006056VEN;207;66;0.00125459
817;SCC006056VEN;208;66;0.00207218
817;SCC006056VEN;209;66;0.00923119
817;SCC006056VEN;210;66;0.00022538
817;SCC006056VEN;213;66;0.00005129
817;SCC006056VEN;199;67;0.01706259
817;SCC006056VEN;200;67;0.03275717
817;SCC006056VEN;201;67;0.03459321
817;SCC006056VEN;202;67;0.00470571
817;SCC006056VEN;203;67;0.00145166
817;SCC006056VEN;204;67;0.00127099
817;SCC006056VEN;205;67;0.00284039
817;SCC006056VEN;206;67;0.00225006
817;SCC006056VEN;207;67;0.00088458
817;SCC006056VEN;208;67;0.00183949
817;SCC006056VEN;209;67;0.01037011
817;SCC006056VEN;210;67;0.00278448
817;SCC006056VEN;211;67;0.00146391
817;SCC006056VEN;212;67;0.00014418
817;SCC006056VEN;213;67;0.00059036
817;SCC006056VEN;214;67;0.00004197
817;SCC006056VEN;197;68;0.00424060
817;SCC006056VEN;198;68;0.02256992
817;SCC006056VEN;199;68;0.01401250
817;SCC006056VEN;200;68;0.00117630
817;SCC006056VEN;201;68;0.00429534
817;SCC006056VEN;202;68;0.01152465
817;SCC006056VEN;203;68;0.00104207
817;SCC006056VEN;204;68;0.00034609
817;SCC006056VEN;205;68;0.00051506
817;SCC006056VEN;206;68;0.00053793
817;SCC006056VEN;207;68;0.00157150
817;SCC006056VEN;208;68;0.00730011
817;SCC006056VEN;209;68;0.01234615
817;SCC006056VEN;210;68;0.01349672
817;SCC006056VEN;211;68;0.01580200
817;SCC006056VEN;212;68;0.01844797
817;SCC006056VEN;213;68;0.01935220
817;SCC006056VEN;214;68;0.00348020
817;SCC006056VEN;196;69;0.01593712
817;SCC006056VEN;197;69;0.01385415
817;SCC006056VEN;199;69;0.00547938
817;SCC006056VEN;202;69;0.00010155
817;SCC006056VEN;203;69;0.00982829
817;SCC006056VEN;204;69;0.00283635
817;SCC006056VEN;206;69;0.00088520
817;SCC006056VEN;207;69;0.00060590
817;SCC006056VEN;208;69;0.00137103
817;SCC006056VEN;212;69;0.00023274
817;SCC006056VEN;195;70;0.01748727
817;SCC006056VEN;196;70;0.00511386
817;SCC006056VEN;198;70;0.00482682
817;SCC006056VEN;199;70;0.00082938
817;SCC006056VEN;200;70;0.00071022
817;SCC006056VEN;202;70;0.00005604
817;SCC006056VEN;203;70;0.00006006
817;SCC006056VEN;204;70;0.01198261
817;SCC006056VEN;205;70;0.01154405
817;SCC006056VEN;206;70;0.00446053
817;SCC006056VEN;207;70;0.00202419
817;SCC006056VEN;208;70;0.00014737
817;SCC006056VEN;195;71;0.00117795
817;SCC006056VEN;197;71;0.00003551
817;SCC006056VEN;198;71;0.00272023
817;SCC006056VEN;199;71;0.00257239
817;SCC006056VEN;203;71;0.00167196
817;SCC006056VEN;204;71;0.00236059
817;SCC006056VEN;206;71;0.00839776
817;SCC006056VEN;207;71;0.01135881
817;SCC006056VEN;208;71;0.01123115
817;SCC006056VEN;209;71;0.01129460
817;SCC006056VEN;210;71;0.01251377
817;SCC006056VEN;211;71;0.01159342
817;SCC006056VEN;212;71;0.00931637
817;SCC006056VEN;198;72;0.00029985
817;SCC006056VEN;199;72;0.00768176
817;SCC006056VEN;200;72;0.00462088
817;SCC006056VEN;201;72;0.00581786
817;SCC006056VEN;202;72;0.00390221
817;SCC006056VEN;203;72;0.00419254
817;SCC006056VEN;210;72;0.00016500
817;SCC006056VEN;211;72;0.00017623
817;SCC006056VEN;198;73;0.00206745
817;SCC006056VEN;199;73;0.00626210
817;SCC006056VEN;200;73;0.00002243
817;SCC006056VEN;201;73;0.00015415
817;SCC006056VEN;198;74;0.00103380
817;SCC006056VEN;199;74;0.01491364
817;SCC006056VEN;200;74;0.00089002
817;SCC006056VEN;199;75;0.00549581
817;SCC006056VEN;200;75;0.01200593
817;SCC006056VEN;197;76;0.00168895
817;SCC006056VEN;198;76;0.00728548
817;SCC006056VEN;199;76;0.00947073
817;SCC006056VEN;197;77;0.00823949
817;SCC006056VEN;197;78;0.01592017
817;SCC006056VEN;197;79;0.00958002
817;SCC006056VEN;198;79;0.00007834
817;SCC006056VEN;199;79;0.00006659
817;SCC006056VEN;196;80;0.00814028
817;SCC006056VEN;197;80;0.00160422
817;SCC006056VEN;199;80;0.00002434
817;SCC006056VEN;200;80;0.00008995
817;SCC006056VEN;201;80;0.00008811
817;SCC006056VEN;202;80;0.00008420
817;SCC006056VEN;203;80;0.00009299
817;SCC006056VEN;195;81;0.00289985
817;SCC006056VEN;196;81;0.00647950
817;SCC006056VEN;203;81;0.00001463
817;SCC006056VEN;204;81;0.00003111
817;SCC006056VEN;198;84;0.00346524
817;SCC006056VEN;199;84;0.00133466
817;0MC006055TUO;174;159;0.00533307
817;0MC006055TUO;174;160;0.00046517
817;0MC006055TUO;175;160;0.00466433
817;0MC006055TUO;175;161;0.00125640
817;0MC006055TUO;176;162;0.00018246
817;0MC006055TUO;177;162;0.00475419
817;0MC006055TUO;186;162;0.00474929
817;0MC006055TUO;187;162;0.00099533
817;0MC006055TUO;176;163;0.00808859
817;0MC006055TUO;185;163;0.00194902
817;0MC006055TUO;186;163;0.00135050
817;0MC006055TUO;187;163;0.00379477
817;0MC006055TUO;188;163;0.00299266
817;0MC006055TUO;168;164;0.00736075
817;0MC006055TUO;169;164;0.03329626
817;0MC006055TUO;170;164;0.00335052
817;0MC006055TUO;171;164;0.03800798
817;0MC006055TUO;174;164;0.00348144
817;0MC006055TUO;175;164;0.00691502
817;0MC006055TUO;176;164;0.00992593
817;0MC006055TUO;177;164;0.01327818
817;0MC006055TUO;178;164;0.00210807
817;0MC006055TUO;179;164;0.00233273
817;0MC006055TUO;180;164;0.00202529
817;0MC006055TUO;181;164;0.00126374
817;0MC006055TUO;182;164;0.00240229
817;0MC006055TUO;183;164;0.00240229
817;0MC006055TUO;184;164;0.00240229
817;0MC006055TUO;185;164;0.00129010
817;0MC006055TUO;188;164;0.00192505
817;0MC006055TUO;189;164;0.00486238
817;0MC006055TUO;169;165;0.02118417
817;0MC006055TUO;170;165;0.04033974
817;0MC006055TUO;171;165;0.04196521
817;0MC006055TUO;172;165;0.00511434
817;0MC006055TUO;173;165;0.00827273
817;0MC006055TUO;174;165;0.00312860
817;0MC006055TUO;176;165;0.01010481
817;0MC006055TUO;189;165;0.00005533
817;0MC006055TUO;190;165;0.00183186
817;0MC006055TUO;194;165;0.00226214
817;0MC006055TUO;195;165;0.00298333
817;0MC006055TUO;170;166;0.00239536
817;0MC006055TUO;171;166;0.00654470
817;0MC006055TUO;172;166;0.04687389
817;0MC006055TUO;173;166;0.01169476
817;0MC006055TUO;176;166;0.00989037
817;0MC006055TUO;195;166;0.00109730
817;0MC006055TUO;196;166;0.00418401
817;0MC006055TUO;197;166;0.00424471
817;0MC006055TUO;198;166;0.00213185
817;0MC006055TUO;173;167;0.06479860
817;0MC006055TUO;176;167;0.01571004
817;0MC006055TUO;172;168;0.00438717
817;0MC006055TUO;173;168;0.01718660
817;0MC006055TUO;174;168;0.04886146
817;0MC006055TUO;175;168;0.04444549
817;0MC006055TUO;176;168;0.03574129
817;0MC006055TUO;177;168;0.03130025
817;0MC006055TUO;172;169;0.01134885
817;0MC006055TUO;173;169;0.01315006
817;0MC006055TUO;174;169;0.01717725
817;0MC006055TUO;176;169;0.00723080
817;0MC006055TUO;177;169;0.02767892
817;0MC006055TUO;174;170;0.02029835
817;0MC006055TUO;175;170;0.00377270
817;0MC006055TUO;176;170;0.00435799
817;0MC006055TUO;177;170;0.00674184
817;0MC006055TUO;178;170;0.01917663
817;0MC006055TUO;178;171;0.00388598
817;0MC006055TUO;179;171;0.02163178
817;0MC006055TUO;179;172;0.00078091
817;0MC006055TUO;180;172;0.02241269
817;0MC006055TUO;181;172;0.00232415
817;0MC006055TUO;181;173;0.02008854
817;0MC006055TUO;182;173;0.00542922
817;0MC006055TUO;182;174;0.01413296
817;0MC006055TUO;182;175;0.01116875
817;0MC006055TUO;182;176;0.00878224
817;0MC006055TUO;183;176;0.00406035
817;0MC006055TUO;183;177;0.01272882
817;0MC006055TUO;184;177;0.00195417
817;0MC006055TUO;184;178;0.01324298
817;0MC006055TUO;185;178;0.01130117
817;0MC006055TUO;186;178;0.01130117
817;0MC006055TUO;187;178;0.01122346
817;0MC006055TUO;188;178;0.01106113
817;0MC006055TUO;189;178;0.01106113
817;0MC006055TUO;190;178;0.00255880
817;0SV006004BUT;144;204;0.00007638
817;0SV006004BUT;145;204;0.00006648
817;0SV006004BUT;147;204;0.00444475
817;0SV006004BUT;149;204;0.00309622
817;0SV006004BUT;150;204;0.00004887
817;0SV006004BUT;151;204;0.00001169
817;0SV006004BUT;144;205;0.00008979
817;0SV006004BUT;145;205;0.00049638
817;0SV006004BUT;146;205;0.00086847
817;0SV006004BUT;147;205;0.01298411
817;0SV006004BUT;148;205;0.00164806
817;0SV006004BUT;149;205;0.00594307
817;0SV006004BUT;150;205;0.00055165
817;0SV006004BUT;151;205;0.00018591
817;0SV006004BUT;152;205;0.00007765
817;0SV006004BUT;142;206;0.00002454
817;0SV006004BUT;143;206;0.00035692
817;0SV006004BUT;144;206;0.00038893
817;0SV006004BUT;145;206;0.00037373
817;0SV006004BUT;146;206;0.00315198
817;0SV006004BUT;147;206;0.01835730
817;0SV006004BUT;148;206;0.01040122
817;0SV006004BUT;149;206;0.00034493
817;0SV006004BUT;150;206;0.00049867
817;0SV006004BUT;152;206;0.00072796
817;0SV006004BUT;153;206;0.00021106
817;0SV006004BUT;143;207;0.00005192
817;0SV006004BUT;144;207;0.00011428
817;0SV006004BUT;145;207;0.00010384
817;0SV006004BUT;146;207;0.00189868
817;0SV006004BUT;147;207;0.01192406
817;0SV006004BUT;148;207;0.00937346
817;0SV006004BUT;149;207;0.00152282
817;0SV006004BUT;150;207;0.00121591
817;0SV006004BUT;151;207;0.00017870
817;0SV006004BUT;152;207;0.00498948
817;0SV006004BUT;153;207;0.00014380
817;0SV006004BUT;154;207;0.00008289
817;0SV006004BUT;143;208;0.00045783
817;0SV006004BUT;144;208;0.00086743
817;0SV006004BUT;145;208;0.00086560
817;0SV006004BUT;146;208;0.00102135
817;0SV006004BUT;147;208;0.01127857
817;0SV006004BUT;148;208;0.00243978
817;0SV006004BUT;149;208;0.01501143
817;0SV006004BUT;150;208;0.01218213
817;0SV006004BUT;151;208;0.00408435
817;0SV006004BUT;152;208;0.00469084
817;0SV006004BUT;153;208;0.00020606
817;0SV006004BUT;154;208;0.00023560
817;0SV006004BUT;145;209;0.00130443
817;0SV006004BUT;146;209;0.00357158
817;0SV006004BUT;147;209;0.01189273
817;0SV006004BUT;148;209;0.00547772
817;0SV006004BUT;149;209;0.02734649
817;0SV006004BUT;150;209;0.03112980
817;0SV006004BUT;151;209;0.00948105
817;0SV006004BUT;152;209;0.00275314
817;0SV006004BUT;153;209;0.00133457
817;0SV006004BUT;154;209;0.00163517
817;0SV006004BUT;155;209;0.00001815
817;0SV006004BUT;142;210;0.00009344
817;0SV006004BUT;145;210;0.00120369
817;0SV006004BUT;146;210;0.00014559
817;0SV006004BUT;147;210;0.00874350
817;0SV006004BUT;148;210;0.00054025
817;0SV006004BUT;149;210;0.02712274
817;0SV006004BUT;150;210;0.01304098
817;0SV006004BUT;151;210;0.00685669
817;0SV006004BUT;152;210;0.00441194
817;0SV006004BUT;153;210;0.00000231
817;0SV006004BUT;154;210;0.00053764
817;0SV006004BUT;155;210;0.00083261
817;0SV006004BUT;156;210;0.00032920
817;0SV006004BUT;142;211;0.00012934
817;0SV006004BUT;143;211;0.00014381
817;0SV006004BUT;144;211;0.00014392
817;0SV006004BUT;145;211;0.00136086
817;0SV006004BUT;146;211;0.00010003
817;0SV006004BUT;147;211;0.00868880
817;0SV006004BUT;148;211;0.01049434
817;0SV006004BUT;149;211;0.00957219
817;0SV006004BUT;150;211;0.00100057
817;0SV006004BUT;152;211;0.00330425
817;0SV006004BUT;154;211;0.00033138
817;0SV006004BUT;155;211;0.00022908
817;0SV006004BUT;141;212;0.00000212
817;0SV006004BUT;142;212;0.00008371
817;0SV006004BUT;143;212;0.00001255
817;0SV006004BUT;144;212;0.00004586
817;0SV006004BUT;145;212;0.00123582
817;0SV006004BUT;146;212;0.00001169
817;0SV006004BUT;147;212;0.02003752
817;0SV006004BUT;148;212;0.01644556
817;0SV006004BUT;149;212;0.00059894
817;0SV006004BUT;150;212;0.00067078
817;0SV006004BUT;152;212;0.00296137
817;0SV006004BUT;153;212;0.00055576
817;0SV006004BUT;154;212;0.00012127
817;0SV006004BUT;155;212;0.00016196
817;0SV006004BUT;156;212;0.00050853
817;0SV006004BUT;157;212;0.00002247
817;0SV006004BUT;141;213;0.00247528
817;0SV006004BUT;142;213;0.00153213
817;0SV006004BUT;143;213;0.00146699
817;0SV006004BUT;144;213;0.00226483
817;0SV006004BUT;145;213;0.00345706
817;0SV006004BUT;146;213;0.02058673
817;0SV006004BUT;147;213;0.01537284
817;0SV006004BUT;148;213;0.00600082
817;0SV006004BUT;149;213;0.00551530
817;0SV006004BUT;150;213;0.00102624
817;0SV006004BUT;152;213;0.00293718
817;0SV006004BUT;153;213;0.00144485
817;0SV006004BUT;154;213;0.00003161
817;0SV006004BUT;156;213;0.00035724
817;0SV006004BUT;157;213;0.00043622
817;0SV006004BUT;141;214;0.00006234
817;0SV006004BUT;142;214;0.00051647
817;0SV006004BUT;143;214;0.00221632
817;0SV006004BUT;144;214;0.00371107
817;0SV006004BUT;145;214;0.01801361
817;0SV006004BUT;146;214;0.01522415
817;0SV006004BUT;147;214;0.00004638
817;0SV006004BUT;148;214;0.00346195
817;0SV006004BUT;149;214;0.00351465
817;0SV006004BUT;150;214;0.00252078
817;0SV006004BUT;153;214;0.00063043
817;0SV006004BUT;154;214;0.00103005
817;0SV006004BUT;141;215;0.00000097
817;0SV006004BUT;142;215;0.00047903
817;0SV006004BUT;143;215;0.00309974
817;0SV006004BUT;144;215;0.04261669
817;0SV006004BUT;145;215;0.04373426
817;0SV006004BUT;146;215;0.01313899
817;0SV006004BUT;147;215;0.00570478
817;0SV006004BUT;148;215;0.00369848
817;0SV006004BUT;149;215;0.00318567
817;0SV006004BUT;150;215;0.00222324
817;0SV006004BUT;151;215;0.00053549
817;0SV006004BUT;152;215;0.00006731
817;0SV006004BUT;153;215;0.00129931
817;0SV006004BUT;154;215;0.00141878
817;0SV006004BUT;155;215;0.00061594
817;0SV006004BUT;140;216;0.00017052
817;0SV006004BUT;141;216;0.00691648
817;0SV006004BUT;142;216;0.00716092
817;0SV006004BUT;143;216;0.04037686
817;0SV006004BUT;144;216;0.09766725
817;0SV006004BUT;145;216;0.01701724
817;0SV006004BUT;146;216;0.00215504
817;0SV006004BUT;147;216;0.00864796
817;0SV006004BUT;148;216;0.02398381
817;0SV006004BUT;149;216;0.01607341
817;0SV006004BUT;150;216;0.00140859
817;0SV006004BUT;151;216;0.00143487
817;0SV006004BUT;155;216;0.00017750
817;0SV006004BUT;141;217;0.00056612
817;0SV006004BUT;142;217;0.00346105
817;0SV006004BUT;143;217;0.02529440
817;0SV006004BUT;144;217;0.01107857
817;0SV006004BUT;145;217;0.00007136
817;0SV006004BUT;146;217;0.00399072
817;0SV006004BUT;147;217;0.00006120
817;0SV006004BUT;148;217;0.00364832
817;0SV006004BUT;149;217;0.02200263
817;0SV006004BUT;150;217;0.00010840
817;0SV006004BUT;151;217;0.00150413
817;0SV006004BUT;152;217;0.00121456
817;0SV006004BUT;155;217;0.00009015
817;0SV006004BUT;140;218;0.00001817
817;0SV006004BUT;141;218;0.00011063
817;0SV006004BUT;142;218;0.01009625
817;0SV006004BUT;143;218;0.00197011
817;0SV006004BUT;144;218;0.00216226
817;0SV006004BUT;145;218;0.00007713
817;0SV006004BUT;146;218;0.00265573
817;0SV006004BUT;147;218;0.00245117
817;0SV006004BUT;148;218;0.00033793
817;0SV006004BUT;149;218;0.01644122
817;0SV006004BUT;152;218;0.00064665
817;0SV006004BUT;153;218;0.00088789
817;0SV006004BUT;140;219;0.00004326
817;0SV006004BUT;141;219;0.00617374
817;0SV006004BUT;142;219;0.00363235
817;0SV006004BUT;143;219;0.00010549
817;0SV006004BUT;144;219;0.00118384
817;0SV006004BUT;145;219;0.00121332
817;0SV006004BUT;147;219;0.00387585
817;0SV006004BUT;148;219;0.00034675
817;0SV006004BUT;149;219;0.00380659
817;0SV006004BUT;150;219;0.00002174
817;0SV006004BUT;153;219;0.00058414
817;0SV006004BUT;141;220;0.00235538
817;0SV006004BUT;142;220;0.00002205
817;0SV006004BUT;143;220;0.00001247
817;0SV006004BUT;145;220;0.00036422
817;0SV006004BUT;146;220;0.00084788
817;0SV006004BUT;147;220;0.00111732
817;0SV006004BUT;148;220;0.00065467
817;0SV006004BUT;149;220;0.00103825
817;0SV006004BUT;150;220;0.00087332
817;0SV006004BUT;146;221;0.00099124
817;0SV006004BUT;148;221;0.00134060
817;0SV006004BUT;150;221;0.00065754
817;0SV006004BUT;146;222;0.00002497
817;0SV006004BUT;147;222;0.00004233
817;0SV006004BUT;148;222;0.00157914
817;0SV006004BUT;150;222;0.00100693
817;0SV006004BUT;151;222;0.00051340
817;0SV006004BUT;148;223;0.00139398
817;0SV006004BUT;150;223;0.00072459
817;0SV006004BUT;148;224;0.00056186
817;0SV006004BUT;149;224;0.00054215
817;0SV006004BUT;150;224;0.00017694
817;0SV006004BUT;149;225;0.00039920
817;0SV006004BUT;150;225;0.00081078
817;0SV006004BUT;151;225;0.00000118
817;0SV006004BUT;151;226;0.00000205
817;0SV006004BUT;152;226;0.00000161
817;0MC006046NSI;177;208;0.06594640
817;0MC006046NSI;182;208;0.16805780
817;0MC006046NSI;160;209;0.00039154
817;0MC006046NSI;161;209;0.00492041
817;0MC006046NSI;162;209;0.00056812
817;0MC006046NSI;176;209;0.03388818
817;0MC006046NSI;177;209;0.05052624
817;0MC006046NSI;162;210;0.00435229
817;0MC006046NSI;163;210;0.00492041
817;0MC006046NSI;164;210;0.00473773
817;0MC006046NSI;165;210;0.00023110
817;0MC006046NSI;175;210;0.02384001
817;0MC006046NSI;176;210;0.06770317
817;0MC006046NSI;165;211;0.00437278
817;0MC006046NSI;166;211;0.00460388
817;0MC006046NSI;167;211;0.00460388
817;0MC006046NSI;168;211;0.00460388
817;0MC006046NSI;169;211;0.00370466
817;0MC006046NSI;174;211;0.01599607
817;0MC006046NSI;175;211;0.06321253
817;0MC006046NSI;169;212;0.00226559
817;0MC006046NSI;170;212;0.00093932
817;0MC006046NSI;171;212;0.00058478
817;0MC006046NSI;172;212;0.00258697
817;0MC006046NSI;173;212;0.01125135
817;0MC006046NSI;174;212;0.03622415
817;0MC006046NSI;175;212;0.03641242
817;0MC006046NSI;169;213;0.00143994
817;0MC006046NSI;170;213;0.00039876
817;0MC006046NSI;171;213;0.00049360
817;0MC006046NSI;172;213;0.00338588
817;0MC006046NSI;173;213;0.01763718
817;0MC006046NSI;174;213;0.05576651
817;0MC006046NSI;175;213;0.00034698
817;0MC006046NSI;168;214;0.00033373
817;0MC006046NSI;169;214;0.00116615
817;0MC006046NSI;171;214;0.00161409
817;0MC006046NSI;172;214;0.00839982
817;0MC006046NSI;173;214;0.01476536
817;0MC006046NSI;175;214;0.06257125
817;0MC006046NSI;176;214;0.04967241
817;0MC006046NSI;177;214;0.06848715
817;0MC006046NSI;181;214;0.00368213
817;0MC006046NSI;182;214;0.03556567
817;0MC006046NSI;171;215;0.00388798
817;0MC006046NSI;173;215;0.00196504
817;0MC006046NSI;177;215;0.01352374
817;0MC006046NSI;181;215;0.03345097
817;0LC006017LAK;127;188;0.04337736
817;0LC006017LAK;127;189;0.04407644
817;0LC006017LAK;125;190;0.00070453
817;0LC006017LAK;126;190;0.00857332
817;0LC006017LAK;127;190;0.02883960
817;0LC006017LAK;128;190;0.01809826
817;0LC006017LAK;125;191;0.00644986
817;0LC006017LAK;128;191;0.02773492
817;0LC006017LAK;125;192;0.00704701
817;0LC006017LAK;127;192;0.03032338
817;0LC006017LAK;128;192;0.00712989
817;0LC006017LAK;124;193;0.00508446
817;0LC006017LAK;125;193;0.00824150
817;0LC006017LAK;127;193;0.03080893
817;0LC006017LAK;124;194;0.01641785
817;0LC006017LAK;125;194;0.01071470
817;0LC006017LAK;126;194;0.01012643
817;0LC006017LAK;127;194;0.04389717
817;0LC006017LAK;123;195;0.03446587
817;0LC006017LAK;124;195;0.00477798
817;0LC006017LAK;125;195;0.00174950
817;0LC006017LAK;127;195;0.05097310
817;0LC006017LAK;119;196;0.00643407
817;0LC006017LAK;120;196;0.03722876
817;0LC006017LAK;121;196;0.01686549
817;0LC006017LAK;122;196;0.01429135
817;0LC006017LAK;123;196;0.00431140
817;0LC006017LAK;127;196;0.03102212
817;0LC006017LAK;128;196;0.01354138
817;0LC006017LAK;129;196;0.03257159
817;0LC006017LAK;131;196;0.00740409
817;0LC006017LAK;121;197;0.03750676
817;0LC006017LAK;124;197;0.01109641
817;0LC006017LAK;125;197;0.01455016
817;0LC006017LAK;126;197;0.03428583
817;0LC006017LAK;127;197;0.01899538
817;0LC006017LAK;128;197;0.02014861
817;0LC006017LAK;129;197;0.00103680
817;0LC006017LAK;130;197;0.02840534
817;0LC006017LAK;131;197;0.01691285
817;0LC006017LAK;120;198;0.00627153
817;0LC006017LAK;121;198;0.02152360
817;0LC006017LAK;124;198;0.02565345
817;0LC006017LAK;120;199;0.00540495
817;0LC006017LAK;121;199;0.02454992
817;0LC006017LAK;123;199;0.01963673
817;0LC006017LAK;124;199;0.00253065
817;0LC006017LAK;119;200;0.00462630
817;0LC006017LAK;120;200;0.00015221
817;0LC006017LAK;121;200;0.01145325
817;0LC006017LAK;122;200;0.02803262
817;0LC006017LAK;123;200;0.00227793
817;0LC006017LAK;119;201;0.02577229
817;0LC006017LAK;120;201;0.01694624
817;0LC006017LAK;121;201;0.01446233
817;0LC006017LAK;118;202;0.00428711
817;0LC006017LAK;119;202;0.00019842
817;NEP006025MOD;159;255;0.00073632
817;NEP006025MOD;162;255;0.01297818
817;NEP006025MOD;163;255;0.01552887
817;NEP006025MOD;171;255;0.00584694
817;NEP006025MOD;159;256;0.00082057
817;NEP006025MOD;163;256;0.02598923
817;NEP006025MOD;171;256;0.00609275
817;NEP006025MOD;159;257;0.00082057
817;NEP006025MOD;163;257;0.01766873
817;NEP006025MOD;164;257;0.00841649
817;NEP006025MOD;171;257;0.00609275
817;NEP006025MOD;159;258;0.00070638
817;NEP006025MOD;163;258;0.02464909
817;NEP006025MOD;164;258;0.00232425
817;NEP006025MOD;171;258;0.00609275
817;NEP006025MOD;158;259;0.00006938
817;NEP006025MOD;159;259;0.00000147
817;NEP006025MOD;162;259;0.00113878
817;NEP006025MOD;163;259;0.02583456
817;NEP006025MOD;171;259;0.00610368
817;NEP006025MOD;157;260;0.00001008
817;NEP006025MOD;158;260;0.00005005
817;NEP006025MOD;162;260;0.00911784
817;NEP006025MOD;163;260;0.02158428
817;NEP006025MOD;171;260;0.00611008
817;NEP006025MOD;158;261;0.00005599
817;NEP006025MOD;163;261;0.01479552
817;NEP006025MOD;164;261;0.01749083
817;NEP006025MOD;166;261;0.00966044
817;NEP006025MOD;167;261;0.01030326
817;NEP006025MOD;168;261;0.01036800
817;NEP006025MOD;169;261;0.01183311
817;NEP006025MOD;171;261;0.00611009
817;NEP006025MOD;158;262;0.00005599
817;NEP006025MOD;162;262;0.00048257
817;NEP006025MOD;163;262;0.00688772
817;NEP006025MOD;164;262;0.01323298
817;NEP006025MOD;165;262;0.02181449
817;NEP006025MOD;166;262;0.02181449
817;NEP006025MOD;167;262;0.02181449
817;NEP006025MOD;168;262;0.00652013
817;NEP006025MOD;169;262;0.00018303
817;NEP006025MOD;170;262;0.01344873
817;NEP006025MOD;171;262;0.00610887
817;NEP006025MOD;158;263;0.00005599
817;NEP006025MOD;160;263;0.00279802
817;NEP006025MOD;161;263;0.00566630
817;NEP006025MOD;162;263;0.00590262
817;NEP006025MOD;168;263;0.01529436
817;NEP006025MOD;169;263;0.02176189
817;NEP006025MOD;170;263;0.02182006
817;NEP006025MOD;171;263;0.07081103
817;NEP006025MOD;172;263;0.01078772
817;NEP006025MOD;178;263;0.00356702
817;NEP006025MOD;158;264;0.00382793
817;NEP006025MOD;159;264;0.00566630
817;NEP006025MOD;160;264;0.00286829
817;NEP006025MOD;171;264;0.02515265
817;NEP006025MOD;172;264;0.02810249
817;NEP006025MOD;173;264;0.01024657
817;NEP006025MOD;174;264;0.01024657
817;NEP006025MOD;175;264;0.00007307
817;NEP006025MOD;176;264;0.00764641
817;NEP006025MOD;177;264;0.01056722
817;NEP006025MOD;178;264;0.00971719
817;NEP006025MOD;179;264;0.00140038
817;NEP006025MOD;180;264;0.00140044
817;NEP006025MOD;181;264;0.00140047
817;NEP006025MOD;182;264;0.00001012
817;NEP006025MOD;158;265;0.00633094
817;NEP006025MOD;172;265;0.00140307
817;NEP006025MOD;173;265;0.01478467
817;NEP006025MOD;175;265;0.01022767
817;NEP006025MOD;176;265;0.00292152
817;NEP006025MOD;178;265;0.00138362
817;NEP006025MOD;157;266;0.00571956
817;NEP006025MOD;158;266;0.00061137
817;NEP006025MOD;173;266;0.01618775
817;NEP006025MOD;177;266;0.00016493
817;NEP006025MOD;178;266;0.00140870
817;NEP006025MOD;156;267;0.00034717
817;NEP006025MOD;157;267;0.00590550
817;NEP006025MOD;173;267;0.01618775
817;NEP006025MOD;177;267;0.00148004
817;NEP006025MOD;156;268;0.00613558
817;NEP006025MOD;173;268;0.00694124
817;NEP006025MOD;174;268;0.00924650
817;NEP006025MOD;177;268;0.00139199
817;NEP006025MOD;156;269;0.00613558
817;NEP006025MOD;173;269;0.00027818
817;NEP006025MOD;174;269;0.01617113
817;NEP006025MOD;177;269;0.00035570
817;NEP006025MOD;178;269;0.00103629
817;NEP006025MOD;155;270;0.00565734
817;NEP006025MOD;156;270;0.00017849
817;NEP006025MOD;172;270;0.00027152
817;NEP006025MOD;173;270;0.00031504
817;NEP006025MOD;174;270;0.01545098
817;NEP006025MOD;178;270;0.00139199
817;NEP006025MOD;155;271;0.00552704
817;NEP006025MOD;172;271;0.00046610
817;NEP006025MOD;174;271;0.01545098
817;NEP006025MOD;178;271;0.00139199
817;NEP006025MOD;155;272;0.00808538
817;NEP006025MOD;172;272;0.00046610
817;NEP006025MOD;174;272;0.00550888
817;NEP006025MOD;175;272;0.00994210
817;NEP006025MOD;178;272;0.00147149
817;NEP006025MOD;154;273;0.00775567
817;NEP006025MOD;155;273;0.01549886
817;NEP006025MOD;172;273;0.00046610
817;NEP006025MOD;175;273;0.01545098
817;NEP006025MOD;178;273;0.00036219
817;NEP006025MOD;179;273;0.00126267
817;NEP006025MOD;153;274;0.01052401
817;NEP006025MOD;154;274;0.00691496
817;NEP006025MOD;155;274;0.00581556
817;NEP006025MOD;172;274;0.00046610
817;NEP006025MOD;175;274;0.01545098
817;NEP006025MOD;179;274;0.00128884
817;NEP006025MOD;180;274;0.00033602
817;NEP006025MOD;152;275;0.00267034
817;NEP006025MOD;153;275;0.00505156
817;NEP006025MOD;155;275;0.00004461
817;NEP006025MOD;171;275;0.00039868
817;NEP006025MOD;172;275;0.00006742
817;NEP006025MOD;175;275;0.01545098
817;NEP006025MOD;180;275;0.00162486
817;NEP006025MOD;171;276;0.00036923
817;NEP006025MOD;175;276;0.01013455
817;NEP006025MOD;176;276;0.00227154
817;NEP006025MOD;180;276;0.00059062
817;NEP006025MOD;181;276;0.00084483
817;0MC0060090ED;160;183;0.00046371
817;0MC0060090ED;161;183;0.00019392
817;0MC0060090ED;162;183;0.00195338
817;0MC0060090ED;166;183;0.00234864
817;0MC0060090ED;167;183;0.00007998
817;0MC0060090ED;171;183;0.00041193
817;0MC0060090ED;172;183;0.00059627
817;0MC0060090ED;173;183;0.00032686
817;0MC0060090ED;174;183;0.00000608
817;0MC0060090ED;175;183;0.00000405
817;0MC0060090ED;176;183;0.00000326
817;0MC0060090ED;160;184;0.00006955
817;0MC0060090ED;161;184;0.00462289
817;0MC0060090ED;162;184;0.00042065
817;0MC0060090ED;164;184;0.00551297
817;0MC0060090ED;166;184;0.00005195
817;0MC0060090ED;167;184;0.00071808
817;0MC0060090ED;168;184;0.00095976
817;0MC0060090ED;169;184;0.00097887
817;0MC0060090ED;170;184;0.00080187
817;0MC0060090ED;171;184;0.00021805
817;0MC0060090ED;176;184;0.00000549
817;0MC0060090ED;177;184;0.00000038
817;0MC0060090ED;160;185;0.00466160
817;0MC0060090ED;161;185;0.00174360
817;0MC0060090ED;162;185;0.00097778
817;0MC0060090ED;163;185;0.00000039
817;0MC0060090ED;164;185;0.00260859
817;0MC0060090ED;165;185;0.00115327
817;0MC0060090ED;166;185;0.00097020
817;0MC0060090ED;167;185;0.00205405
817;0MC0060090ED;168;185;0.00143795
817;0MC0060090ED;169;185;0.00098637
817;0MC0060090ED;170;185;0.00065583
817;0MC0060090ED;177;185;0.00000687
817;0MC0060090ED;159;186;0.05425831
817;0MC0060090ED;160;186;0.09685011
817;0MC0060090ED;161;186;0.06689798
817;0MC0060090ED;162;186;0.03513247
817;0MC0060090ED;163;186;0.00139004
817;0MC0060090ED;164;186;0.00204450
817;0MC0060090ED;166;186;0.00043454
817;0MC0060090ED;167;186;0.00521235
817;0MC0060090ED;168;186;0.00316521
817;0MC0060090ED;169;186;0.00099162
817;0MC0060090ED;170;186;0.00081105
817;0MC0060090ED;171;186;0.00094213
817;0MC0060090ED;177;186;0.00002017
817;0MC0060090ED;178;186;0.00000067
817;0MC0060090ED;159;187;0.01999830
817;0MC0060090ED;160;187;0.01656916
817;0MC0060090ED;161;187;0.02290621
817;0MC0060090ED;162;187;0.04064039
817;0MC0060090ED;163;187;0.05968839
817;0MC0060090ED;164;187;0.01484255
817;0MC0060090ED;165;187;0.01053331
817;0MC0060090ED;166;187;0.00952751
817;0MC0060090ED;167;187;0.00775423
817;0MC0060090ED;168;187;0.00309582
817;0MC0060090ED;169;187;0.00039140
817;0MC0060090ED;170;187;0.00000951
817;0MC0060090ED;171;187;0.00001659
817;0MC0060090ED;174;187;0.00000313
817;0MC0060090ED;175;187;0.00000777
817;0MC0060090ED;176;187;0.00000810
817;0MC0060090ED;177;187;0.00000458
817;0MC0060090ED;178;187;0.00004283
817;0MC0060090ED;159;188;0.03037120
817;0MC0060090ED;160;188;0.01088181
817;0MC0060090ED;161;188;0.00991801
817;0MC0060090ED;162;188;0.01023532
817;0MC0060090ED;163;188;0.00531360
817;0MC0060090ED;164;188;0.05752307
817;0MC0060090ED;165;188;0.05163888
817;0MC0060090ED;166;188;0.02778221
817;0MC0060090ED;167;188;0.00434131
817;0MC0060090ED;168;188;0.00959433
817;0MC0060090ED;169;188;0.00194466
817;0MC0060090ED;170;188;0.00014793
817;0MC0060090ED;171;188;0.00000007
817;0MC0060090ED;172;188;0.00000991
817;0MC0060090ED;173;188;0.00000765
817;0MC0060090ED;174;188;0.00000416
817;0MC0060090ED;177;188;0.00006297
817;0MC0060090ED;178;188;0.00001955
817;0MC0060090ED;160;189;0.00371625
817;0MC0060090ED;161;189;0.00000965
817;0MC0060090ED;162;189;0.00492879
817;0MC0060090ED;163;189;0.00310775
817;0MC0060090ED;164;189;0.00533246
817;0MC0060090ED;165;189;0.00909298
817;0MC0060090ED;166;189;0.00706715
817;0MC0060090ED;167;189;0.01902978
817;0MC0060090ED;168;189;0.01579955
817;0MC0060090ED;169;189;0.01376081
817;0MC0060090ED;170;189;0.01509119
817;0MC0060090ED;171;189;0.00884589
817;0MC0060090ED;172;189;0.00656185
817;0MC0060090ED;173;189;0.00463768
817;0MC0060090ED;174;189;0.00602656
817;0MC0060090ED;175;189;0.00798497
817;0MC0060090ED;176;189;0.00225438
817;0MC0060090ED;177;189;0.00003590
817;0MC0060090ED;160;190;0.00193128
817;0MC0060090ED;161;190;0.00113101
817;0MC0060090ED;163;190;0.00922740
817;0MC0060090ED;164;190;0.00179301
817;0MC0060090ED;165;190;0.00497148
817;0MC0060090ED;166;190;0.00192665
817;0MC0060090ED;167;190;0.00095896
817;0MC0060090ED;172;190;0.00348107
817;0MC0060090ED;173;190;0.00423382
817;0MC0060090ED;174;190;0.00354267
817;0MC0060090ED;175;190;0.00015654
817;0MC0060090ED;176;190;0.00574689
817;0MC0060090ED;177;190;0.00789944
817;0MC0060090ED;178;190;0.00772248
817;0MC0060090ED;179;190;0.00924776
817;0MC0060090ED;160;191;0.00017399
817;0MC0060090ED;161;191;0.00743517
817;0MC0060090ED;162;191;0.00502118
817;0MC0060090ED;163;191;0.00848525
817;0MC0060090ED;164;191;0.00072680
817;0MC0060090ED;165;191;0.00261375
817;0MC0060090ED;167;191;0.00011777
817;0MC0060090ED;168;191;0.00009819
817;0MC0060090ED;179;191;0.00114419
817;0MC0060090ED;161;192;0.00739475
817;0MC0060090ED;164;192;0.00230058
817;0MC0060090ED;165;192;0.00171478
817;0MC0060090ED;160;193;0.00683245
817;0MC0060090ED;161;193;0.01527002
817;0MC0060090ED;162;193;0.00304766
817;0MC0060090ED;163;193;0.00339006
817;0MC0060090ED;164;193;0.00385128
817;0MC0060090ED;165;193;0.00089576
817;0MC0060090ED;165;194;0.00014009
817;0MC0060090ED;166;194;0.00009964
817;0MD0060190AV;226;71;0.00565941
817;0MD0060190AV;233;71;0.00003213
817;0MD0060190AV;234;71;0.00042416
817;0MD0060190AV;235;71;0.00106554
817;0MD0060190AV;236;71;0.00024444
817;0MD0060190AV;226;72;0.00599416
817;0MD0060190AV;230;72;0.00006203
817;0MD0060190AV;231;72;0.00002869
817;0MD0060190AV;232;72;0.00040654
817;0MD0060190AV;233;72;0.00088300
817;0MD0060190AV;234;72;0.00094421
817;0MD0060190AV;224;73;0.00004674
817;0MD0060190AV;225;73;0.00314733
817;0MD0060190AV;226;73;0.00278446
817;0MD0060190AV;230;73;0.00031797
817;0MD0060190AV;231;73;0.00092344
817;0MD0060190AV;232;73;0.00074807
817;0MD0060190AV;233;73;0.00001331
817;0MD0060190AV;235;73;0.00545242
817;0MD0060190AV;236;73;0.00004656
817;0MD0060190AV;224;74;0.04760594
817;0MD0060190AV;225;74;0.06023176
817;0MD0060190AV;226;74;0.00065760
817;0MD0060190AV;227;74;0.00041284
817;0MD0060190AV;228;74;0.00014140
817;0MD0060190AV;229;74;0.00119026
817;0MD0060190AV;230;74;0.00080388
817;0MD0060190AV;231;74;0.00000140
817;0MD0060190AV;232;74;0.00637561
817;0MD0060190AV;233;74;0.01294179
817;0MD0060190AV;234;74;0.01488583
817;0MD0060190AV;235;74;0.00908424
817;0MD0060190AV;225;75;0.06132384
817;0MD0060190AV;226;75;0.00615191
817;0MD0060190AV;227;75;0.00506630
817;0MD0060190AV;228;75;0.00602186
817;0MD0060190AV;229;75;0.00467632
817;0MD0060190AV;230;75;0.00531999
817;0MD0060190AV;231;75;0.01231589
817;0MD0060190AV;232;75;0.00725812
817;0MD0060190AV;233;75;0.00011708
817;0MD0060190AV;234;75;0.00007431
817;0MD0060190AV;235;75;0.00054805
817;0MD0060190AV;221;76;0.00009752
817;0MD0060190AV;223;76;0.00003175
817;0MD0060190AV;224;76;0.00063363
817;0MD0060190AV;225;76;0.05670933
817;0MD0060190AV;226;76;0.00817636
817;0MD0060190AV;227;76;0.00479607
817;0MD0060190AV;228;76;0.00191920
817;0MD0060190AV;229;76;0.00080178
817;0MD0060190AV;230;76;0.01415571
817;0MD0060190AV;231;76;0.00187417
817;0MD0060190AV;232;76;0.01071445
817;0MD0060190AV;233;76;0.01327165
817;0MD0060190AV;234;76;0.03356366
817;0MD0060190AV;235;76;0.01446883
817;0MD0060190AV;221;77;0.00047025
817;0MD0060190AV;222;77;0.00136874
817;0MD0060190AV;223;77;0.00230329
817;0MD0060190AV;224;77;0.03126423
817;0MD0060190AV;225;77;0.03403700
817;0MD0060190AV;226;77;0.03407676
817;0MD0060190AV;227;77;0.04997017
817;0MD0060190AV;228;77;0.00825697
817;0MD0060190AV;229;77;0.00805109
817;0MD0060190AV;230;77;0.05388577
817;0MD0060190AV;231;77;0.00013794
817;0MD0060190AV;232;77;0.00042730
817;0MD0060190AV;233;77;0.00026038
817;0MD0060190AV;234;77;0.00042088
817;0MD0060190AV;235;77;0.00011725
817;0MD0060190AV;219;78;0.00060748
817;0MD0060190AV;220;78;0.00058815
817;0MD0060190AV;221;78;0.00005447
817;0MD0060190AV;222;78;0.00080188
817;0MD0060190AV;223;78;0.00135824
817;0MD0060190AV;224;78;0.04006734
817;0MD0060190AV;225;78;0.00525060
817;0MD0060190AV;226;78;0.00054972
817;0MD0060190AV;227;78;0.00077618
817;0MD0060190AV;228;78;0.00132596
817;0MD0060190AV;229;78;0.00058280
817;0MD0060190AV;230;78;0.00092440
817;0MD0060190AV;231;78;0.00130123
817;0MD0060190AV;232;78;0.00018492
817;0MD0060190AV;233;78;0.00012257
817;0MD0060190AV;234;78;0.00008017
817;0MD0060190AV;216;79;0.00008036
817;0MD0060190AV;217;79;0.00012999
817;0MD0060190AV;218;79;0.00013626
817;0MD0060190AV;219;79;0.00042622
817;0MD0060190AV;220;79;0.00029964
817;0MD0060190AV;221;79;0.00088684
817;0MD0060190AV;222;79;0.00157717
817;0MD0060190AV;223;79;0.00363183
817;0MD0060190AV;224;79;0.04440075
817;0MD0060190AV;225;79;0.00911680
817;0MD0060190AV;226;79;0.00278648
817;0MD0060190AV;227;79;0.00086844
817;0MD0060190AV;228;79;0.00044108
817;0MD0060190AV;229;79;0.00019097
817;0MD0060190AV;231;79;0.00037650
817;0MD0060190AV;232;79;0.00012962
817;0MD0060190AV;233;79;0.00007888
817;0MD0060190AV;234;79;0.00006828
817;0MD0060190AV;213;80;0.00020350
817;0MD0060190AV;214;80;0.00026779
817;0MD0060190AV;215;80;0.00013075
817;0MD0060190AV;216;80;0.00004500
817;0MD0060190AV;219;80;0.00012941
817;0MD0060190AV;220;80;0.00020466
817;0MD0060190AV;221;80;0.00041707
817;0MD0060190AV;222;80;0.00058342
817;0MD0060190AV;223;80;0.00191998
817;0MD0060190AV;224;80;0.02906316
817;0MD0060190AV;225;80;0.00436156
817;0MD0060190AV;226;80;0.00183758
817;0MD0060190AV;227;80;0.00039910
817;0MD0060190AV;228;80;0.00028862
817;0MD0060190AV;229;80;0.00048040
817;0MD0060190AV;230;80;0.00041097
817;0MD0060190AV;231;80;0.00054109
817;0MD0060190AV;232;80;0.00044684
817;0MD0060190AV;233;80;0.00050787
817;0MD0060190AV;234;80;0.00004306
817;0MD0060190AV;211;81;0.00090638
817;0MD0060190AV;212;81;0.00927268
817;0MD0060190AV;213;81;0.00008468
817;0MD0060190AV;214;81;0.00559812
817;0MD0060190AV;215;81;0.00841636
817;0MD0060190AV;216;81;0.00768578
817;0MD0060190AV;217;81;0.00193364
817;0MD0060190AV;220;81;0.00002595
817;0MD0060190AV;221;81;0.00023771
817;0MD0060190AV;222;81;0.00041245
817;0MD0060190AV;223;81;0.00079111
817;0MD0060190AV;224;81;0.02272883
817;0MD0060190AV;225;81;0.00049451
817;0MD0060190AV;226;81;0.00022145
817;0MD0060190AV;227;81;0.00022517
817;0MD0060190AV;228;81;0.00010461
817;0MD0060190AV;229;81;0.00004975
817;0MD0060190AV;230;81;0.00026054
817;0MD0060190AV;231;81;0.00028890
817;0MD0060190AV;232;81;0.00025338
817;0MD0060190AV;233;81;0.00076993
817;0MD0060190AV;234;81;0.00053714
817;0MD0060190AV;235;81;0.00031300
817;0MD0060190AV;211;82;0.00053268
817;0MD0060190AV;212;82;0.00007132
817;0MD0060190AV;213;82;0.00870929
817;0MD0060190AV;214;82;0.00364450
817;0MD0060190AV;215;82;0.00010649
817;0MD0060190AV;216;82;0.00069020
817;0MD0060190AV;217;82;0.00644255
817;0MD0060190AV;218;82;0.00837621
817;0MD0060190AV;219;82;0.00837625
817;0MD0060190AV;220;82;0.00848101
817;0MD0060190AV;221;82;0.00854323
817;0MD0060190AV;222;82;0.00847268
817;0MD0060190AV;223;82;0.00906976
817;0MD0060190AV;224;82;0.01731105
817;0MD0060190AV;227;82;0.00002058
817;0MD0060190AV;228;82;0.00014734
817;0MD0060190AV;229;82;0.00018692
817;0MD0060190AV;230;82;0.00014201
817;0MD0060190AV;221;83;0.00000658
817;0MD0060190AV;222;83;0.00000085
817;0MD0060190AV;223;83;0.00000520
817;0MD0060190AV;224;83;0.00787419
817;0SF0060010BA;141;154;0.02198599
817;0SF0060010BA;140;155;0.01782115
817;0SF0060010BA;141;155;0.07050067
817;0SF0060010BA;137;156;0.00271049
817;0SF0060010BA;138;156;0.00153608
817;0SF0060010BA;139;156;0.01793238
817;0SF0060010BA;140;156;0.03615024
817;0SF0060010BA;141;156;0.04405768
817;0SF0060010BA;138;157;0.01354782
817;0SF0060010BA;139;157;0.01328729
817;0SF0060010BA;140;157;0.00217366
817;0SF0060010BA;141;157;0.04406213
817;0SF0060010BA;142;157;0.02452331
817;0SF0060010BA;135;158;0.00533083
817;0SF0060010BA;136;158;0.00270311
817;0SF0060010BA;137;158;0.00021672
817;0SF0060010BA;138;158;0.02503096
817;0SF0060010BA;139;158;0.00127894
817;0SF0060010BA;140;158;0.00017182
817;0SF0060010BA;141;158;0.00017580
817;0SF0060010BA;142;158;0.04654992
817;0SF0060010BA;143;158;0.00608179
817;0SF0060010BA;136;159;0.00958483
817;0SF0060010BA;137;159;0.03030971
817;0SF0060010BA;138;159;0.00984278
817;0SF0060010BA;139;159;0.00002964
817;0SF0060010BA;140;159;0.00001318
817;0SF0060010BA;141;159;0.00059814
817;0SF0060010BA;142;159;0.04310404
817;0SF0060010BA;143;159;0.00587863
817;0SF0060010BA;144;159;0.00454393
817;0SF0060010BA;149;159;0.00848886
817;0SF0060010BA;136;160;0.00143665
817;0SF0060010BA;137;160;0.03649237
817;0SF0060010BA;138;160;0.00274076
817;0SF0060010BA;139;160;0.00001041
817;0SF0060010BA;140;160;0.00000276
817;0SF0060010BA;141;160;0.03259320
817;0SF0060010BA;142;160;0.00605799
817;0SF0060010BA;143;160;0.00313464
817;0SF0060010BA;144;160;0.00355545
817;0SF0060010BA;145;160;0.00107375
817;0SF0060010BA;146;160;0.00003040
817;0SF0060010BA;135;161;0.00210907
817;0SF0060010BA;136;161;0.04399633
817;0SF0060010BA;137;161;0.00545162
817;0SF0060010BA;138;161;0.00540882
817;0SF0060010BA;139;161;0.00521116
817;0SF0060010BA;140;161;0.00473466
817;0SF0060010BA;141;161;0.03339962
817;0SF0060010BA;142;161;0.00591420
817;0SF0060010BA;143;161;0.00272420
817;0SF0060010BA;144;161;0.00291228
817;0SF0060010BA;145;161;0.00243381
817;0SF0060010BA;146;161;0.00016407
817;0SF0060010BA;147;161;0.00016029
817;0SF0060010BA;148;161;0.00001673
817;0SF0060010BA;149;161;0.00188957
817;0SF0060010BA;134;162;0.00148929
817;0SF0060010BA;135;162;0.04175807
817;0SF0060010BA;136;162;0.00140564
817;0SF0060010BA;137;162;0.00021810
817;0SF0060010BA;138;162;0.00016681
817;0SF0060010BA;139;162;0.00039884
817;0SF0060010BA;141;162;0.00007041
817;0SF0060010BA;142;162;0.00000417
817;0SF0060010BA;144;162;0.00001419
817;0SF0060010BA;145;162;0.00134471
817;0SF0060010BA;148;162;0.00023728
817;0SF0060010BA;149;162;0.00803828
817;0SF0060010BA;133;163;0.00042693
817;0SF0060010BA;134;163;0.03880517
817;0SF0060010BA;135;163;0.01745529
817;0SF0060010BA;136;163;0.00132546
817;0SF0060010BA;137;163;0.00037234
817;0SF0060010BA;139;163;0.00016040
817;0SF0060010BA;145;163;0.00026653
817;0SF0060010BA;148;163;0.00017286
817;0SF0060010BA;149;163;0.00456284
817;0SF0060010BA;132;164;0.01488627
817;0SF0060010BA;133;164;0.04796449
817;0SF0060010BA;134;164;0.02383772
817;0SF0060010BA;135;164;0.00204352
817;0SF0060010BA;136;164;0.00005306
817;0SF0060010BA;137;164;0.00003223
817;0SF0060010BA;148;164;0.00003569
817;0SF0060010BA;133;165;0.02803670
817;0SF0060010BA;134;165;0.02062243
817;0SF0060010BA;135;165;0.00582645
817;0SF0060010BA;133;166;0.02189006
817;0SF0060010BA;134;166;0.00219502
817;0SF0060010BA;135;166;0.00000542
817;GBV006014GBU;229;110;0.01174259
817;GBV006014GBU;229;111;0.01759092
817;GBV006014GBU;229;112;0.01759092
817;GBV006014GBU;229;113;0.01759092
817;GBV006014GBU;228;114;0.01566977
817;GBV006014GBU;229;114;0.00192115
817;GBV006014GBU;228;115;0.01759092
817;GBV006014GBU;228;116;0.01759092
817;GBV006014GBU;264;116;0.00024148
817;GBV006014GBU;265;116;0.00297005
817;GBV006014GBU;227;117;0.00088282
817;GBV006014GBU;228;117;0.01670810
817;GBV006014GBU;264;117;0.00288932
817;GBV006014GBU;265;117;0.00345258
817;GBV006014GBU;227;118;0.01759092
817;GBV006014GBU;264;118;0.00288932
817;GBV006014GBU;265;118;0.00181918
817;GBV006014GBU;266;118;0.00163340
817;GBV006014GBU;227;119;0.01759092
817;GBV006014GBU;263;119;0.00060842
817;GBV006014GBU;264;119;0.00228090
817;GBV006014GBU;266;119;0.00345258
817;GBV006014GBU;227;120;0.01759092
817;GBV006014GBU;263;120;0.00288932
817;GBV006014GBU;266;120;0.00314561
817;GBV006014GBU;267;120;0.00030697
817;GBV006014GBU;226;121;0.00318570
817;GBV006014GBU;227;121;0.01432383
817;GBV006014GBU;263;121;0.00288932
817;GBV006014GBU;267;121;0.00420834
817;GBV006014GBU;268;121;0.00145097
817;GBV006014GBU;226;122;0.01750212
817;GBV006014GBU;262;122;0.00107450
817;GBV006014GBU;263;122;0.00190890
817;GBV006014GBU;226;123;0.01701954
817;GBV006014GBU;227;123;0.00017475
817;GBV006014GBU;262;123;0.00316390
817;GBV006014GBU;226;124;0.01640605
817;GBV006014GBU;227;124;0.00047944
817;GBV006014GBU;228;124;0.00015505
817;GBV006014GBU;233;124;0.00023964
817;GBV006014GBU;261;124;0.00199546
817;GBV006014GBU;262;124;0.00116844
817;GBV006014GBU;226;125;0.01640605
817;GBV006014GBU;228;125;0.00049914
817;GBV006014GBU;229;125;0.00013535
817;GBV006014GBU;232;125;0.00075781
817;GBV006014GBU;233;125;0.00041978
817;GBV006014GBU;234;125;0.00062545
817;GBV006014GBU;235;125;0.00042849
817;GBV006014GBU;236;125;0.00041422
817;GBV006014GBU;237;125;0.00057013
817;GBV006014GBU;238;125;0.00057013
817;GBV006014GBU;239;125;0.00057013
817;GBV006014GBU;240;125;0.00057013
817;GBV006014GBU;241;125;0.00057013
817;GBV006014GBU;242;125;0.00014053
817;GBV006014GBU;259;125;0.00035228
817;GBV006014GBU;260;125;0.00047809
817;GBV006014GBU;261;125;0.00340844
817;GBV006014GBU;262;125;0.00012276
817;GBV006014GBU;226;126;0.01640932
817;GBV006014GBU;229;126;0.00051885
817;GBV006014GBU;230;126;0.00019602
817;GBV006014GBU;231;126;0.00076498
817;GBV006014GBU;232;126;0.00000717
817;GBV006014GBU;235;126;0.00018203
817;GBV006014GBU;236;126;0.00015591
817;GBV006014GBU;242;126;0.00062366
817;GBV006014GBU;256;126;0.00042497
817;GBV006014GBU;257;126;0.00047809
817;GBV006014GBU;258;126;0.00047809
817;GBV006014GBU;259;126;0.00012581
817;GBV006014GBU;261;126;0.00298383
817;GBV006014GBU;262;126;0.00015729
817;GBV006014GBU;263;126;0.00003819
817;GBV006014GBU;225;127;0.01382113
817;GBV006014GBU;226;127;0.00259236
817;GBV006014GBU;229;127;0.00004759
817;GBV006014GBU;230;127;0.00058618
817;GBV006014GBU;242;127;0.00062137
817;GBV006014GBU;243;127;0.00000229
817;GBV006014GBU;252;127;0.00000368
817;GBV006014GBU;253;127;0.00047989
817;GBV006014GBU;254;127;0.00047809
817;GBV006014GBU;255;127;0.00047809
817;GBV006014GBU;256;127;0.00005311
817;GBV006014GBU;261;127;0.00298383
817;GBV006014GBU;225;128;0.01641348
817;GBV006014GBU;228;128;0.00008835
817;GBV006014GBU;229;128;0.00009689
817;GBV006014GBU;243;128;0.00062366
817;GBV006014GBU;252;128;0.00057329
817;GBV006014GBU;261;128;0.00058310
817;GBV006014GBU;225;129;0.01641348
817;GBV006014GBU;227;129;0.00012910
817;GBV006014GBU;228;129;0.00005613
817;GBV006014GBU;243;129;0.00062366
817;GBV006014GBU;251;129;0.00040000
817;GBV006014GBU;252;129;0.00017330
817;GBV006014GBU;225;130;0.01643886
817;GBV006014GBU;226;130;0.00014448
817;GBV006014GBU;227;130;0.00001538
817;GBV006014GBU;243;130;0.00014430
817;GBV006014GBU;244;130;0.00047936
817;GBV006014GBU;250;130;0.00022302
817;GBV006014GBU;251;130;0.00035027
817;GBV006014GBU;225;131;0.01750398
817;GBV006014GBU;244;131;0.00062366
817;GBV006014GBU;249;131;0.00004605
817;GBV006014GBU;250;131;0.00052724
817;GBV006014GBU;224;132;0.01829178
817;GBV006014GBU;225;132;0.00109398
817;GBV006014GBU;244;132;0.00029089
817;GBV006014GBU;245;132;0.00043426
817;GBV006014GBU;248;132;0.00010723
817;GBV006014GBU;249;132;0.00058936
817;GBV006014GBU;223;133;0.00562080
817;GBV006014GBU;224;133;0.01396921
817;GBV006014GBU;245;133;0.00032780
817;GBV006014GBU;246;133;0.00061928
817;GBV006014GBU;247;133;0.00060885
817;GBV006014GBU;248;133;0.00044639
817;GBV006014GBU;223;134;0.01939921
817;GBV006014GBU;247;134;0.00013226
817;GBV006014GBU;222;135;0.01166973
817;GBV006014GBU;223;135;0.00764624
817;GBV006014GBU;247;135;0.00002242
817;GBV006014GBU;248;135;0.00010844
817;GBV006014GBU;222;136;0.01931597
817;GBV006014GBU;248;136;0.00012331
817;GBV006014GBU;249;136;0.00000754
817;GBV006014GBU;221;137;0.01715816
817;GBV006014GBU;222;137;0.00215781
817;GBV006014GBU;249;137;0.00013085
817;GBV006014GBU;221;138;0.01771999
817;GBV006014GBU;249;138;0.00001198
817;GBV006014GBU;220;139;0.00132434
817;GBV006014GBU;221;139;0.01563238
817;GBV006014GBU;220;140;0.01674887
817;GBV006014GBU;220;141;0.01674887
817;GBV006014GBU;220;142;0.01674887
817;GBV006014GBU;220;143;0.01674887
817;GBV006014GBU;220;144;0.01674887
817;GBV006014GBU;220;145;0.01728844
817;GBV006014GBU;219;146;0.00324446
817;GBV006014GBU;220;146;0.01522523
817;GBV006014GBU;219;147;0.02107187
817;GBV006014GBU;220;147;0.00013931
817;GBV006014GBU;218;148;0.01669249
817;GBV006014GBU;219;148;0.00562331
817;GBV006014GBU;220;148;0.00017667
817;GBV006014GBU;221;148;0.00015344
817;GBV006014GBU;217;149;0.00195719
817;GBV006014GBU;218;149;0.01735066
817;GBV006014GBU;221;149;0.00016254
817;GBV006014GBU;222;149;0.00016464
817;GBV006014GBU;217;150;0.01829583
817;GBV006014GBU;222;150;0.00016233
817;GBV006014GBU;223;150;0.00015147
817;GBV006014GBU;217;151;0.02336819
817;GBV006014GBU;223;151;0.00017912
817;GBV006014GBU;224;151;0.00013917
817;GBV006014GBU;215;152;0.02477356
817;GBV006014GBU;216;152;0.02367553
817;GBV006014GBU;217;152;0.02792396
817;GBV006014GBU;224;152;0.00018722
817;GBV006014GBU;225;152;0.00013233
817;GBV006014GBU;213;153;0.01184830
817;GBV006014GBU;214;153;0.03375056
817;GBV006014GBU;215;153;0.00690699
817;GBV006014GBU;217;153;0.00276050
817;GBV006014GBU;218;153;0.00225621
817;GBV006014GBU;225;153;0.00019406
817;GBV006014GBU;226;153;0.00012550
817;GBV006014GBU;213;154;0.03091621
817;GBV006014GBU;218;154;0.00273919
817;GBV006014GBU;226;154;0.00022252
817;GBV006014GBU;227;154;0.00007039
817;GBV006014GBU;213;155;0.00166686
817;GBV006014GBU;218;155;0.00047359
817;GBV006014GBU;227;155;0.00014659
817;0SF0060380BA;129;161;0.01048289
817;0SF0060380BA;130;161;0.00584772
817;0SF0060380BA;131;161;0.05488496
817;0SF0060380BA;128;162;0.00015904
817;0SF0060380BA;129;162;0.02456462
817;0SF0060380BA;130;162;0.03869983
817;0SF0060380BA;131;162;0.22476075
817;0SF0060380BA;128;163;0.00031703
817;0SF0060380BA;129;163;0.02249456
817;0SF0060380BA;130;163;0.08857564
817;0SF0060380BA;131;163;0.29960978
817;0SF0060380BA;129;164;0.06054661
817;0SF0060380BA;130;164;0.05468734
817;0SF0060380BA;131;164;0.06397635
817;0SF0060380BA;132;164;0.05039289
817;NCC006044MBU;143;138;0.00006358
817;NCC006044MBU;142;139;0.00007629
817;NCC006044MBU;143;139;0.00331808
817;NCC006044MBU;144;139;0.06639480
817;NCC006044MBU;145;139;0.00403660
817;NCC006044MBU;146;139;0.00616429
817;NCC006044MBU;147;139;0.00881136
817;NCC006044MBU;148;139;0.00130030
817;NCC006044MBU;142;140;0.03360673
817;NCC006044MBU;143;140;0.06664806
817;NCC006044MBU;144;140;0.03423173
817;NCC006044MBU;145;140;0.00962136
817;NCC006044MBU;146;140;0.00208166
817;NCC006044MBU;136;141;0.00510244
817;NCC006044MBU;137;141;0.00581863
817;NCC006044MBU;138;141;0.06163787
817;NCC006044MBU;139;141;0.09673460
817;NCC006044MBU;140;141;0.08714472
817;NCC006044MBU;141;141;0.07362960
817;NCC006044MBU;142;141;0.05294187
817;NCC006044MBU;143;141;0.00510623
817;NCC006044MBU;144;141;0.00305592
817;NCC006044MBU;145;141;0.00786303
817;NCC006044MBU;134;142;0.00027930
817;NCC006044MBU;135;142;0.00659673
817;NCC006044MBU;136;142;0.00119992
817;NCC006044MBU;137;142;0.00399820
817;NCC006044MBU;138;142;0.03601581
817;NCC006044MBU;139;142;0.04824869
817;NCC006044MBU;140;142;0.00931884
817;NCC006044MBU;141;142;0.00037742
817;NCC006044MBU;142;142;0.00073680
817;NCC006044MBU;143;142;0.00127923
817;NCC006044MBU;144;142;0.00005505
817;NCC006044MBU;145;142;0.00087675
817;NCC006044MBU;134;143;0.00490734
817;NCC006044MBU;135;143;0.00016830
817;NCC006044MBU;136;143;0.00165274
817;NCC006044MBU;137;143;0.01128916
817;NCC006044MBU;138;143;0.02988423
817;NCC006044MBU;139;143;0.04752624
817;NCC006044MBU;140;143;0.00350418
817;NCC006044MBU;142;143;0.00007024
817;NCC006044MBU;143;143;0.00028474
817;NCC006044MBU;144;143;0.00013079
817;NCC006044MBU;145;143;0.00009228
817;NCC006044MBU;133;144;0.00366089
817;NCC006044MBU;134;144;0.00149111
817;NCC006044MBU;136;144;0.00255754
817;NCC006044MBU;137;144;0.01398082
817;NCC006044MBU;138;144;0.00306479
817;NCC006044MBU;139;144;0.03020379
817;NCC006044MBU;140;144;0.01968210
817;NCC006044MBU;141;144;0.00003293
817;NCC006044MBU;142;144;0.00023923
817;NCC006044MBU;143;144;0.00014529
817;NCC006044MBU;133;145;0.00033545
817;NCC006044MBU;134;145;0.00001362
817;NCC006044MBU;135;145;0.00006920
817;NCC006044MBU;136;145;0.00592311
817;NCC006044MBU;137;145;0.00687807
817;NCC006044MBU;138;145;0.00034497
817;NCC006044MBU;139;145;0.00797683
817;NCC006044MBU;140;145;0.03381727
817;NCC006044MBU;141;145;0.00032291
817;NCC006044MBU;142;145;0.00001336
817;NCC006044MBU;132;146;0.00000122
817;NCC006044MBU;133;146;0.00000031
817;NCC006044MBU;134;146;0.00000383
817;NCC006044MBU;135;146;0.00050037
817;NCC006044MBU;136;146;0.00521152
817;NCC006044MBU;137;146;0.00086141
817;NCC006044MBU;138;146;0.00032886
817;NCC006044MBU;139;146;0.00702146
817;NCC006044MBU;140;146;0.00024595
817;NCC006044MBU;134;147;0.00000037
817;NCC006044MBU;135;147;0.00020736
817;NCC006044MBU;136;147;0.00270966
817;NCC006044MBU;137;147;0.00001897
817;NCC006044MBU;138;147;0.00063009
817;NCC006044MBU;139;147;0.00002863
817;NCC006044MBU;136;148;0.00365395
817;NCC006044MBU;137;148;0.00074328
817;NCC006044MBU;138;148;0.00023484
817;NCC006044MBU;136;149;0.00294194
817;NCC006044MBU;137;149;0.00001997
817;SJV006016SJU;180;109;0.00409688
817;SJV006016SJU;181;109;0.00001609
817;SJV006016SJU;182;109;0.00066584
817;SJV006016SJU;183;109;0.00260908
817;SJV006016SJU;185;109;0.00014016
817;SJV006016SJU;187;109;0.02718933
817;SJV006016SJU;192;109;0.00124100
817;SJV006016SJU;180;110;0.00086741
817;SJV006016SJU;181;110;0.00359524
817;SJV006016SJU;182;110;0.00291086
817;SJV006016SJU;183;110;0.00006012
817;SJV006016SJU;184;110;0.00021033
817;SJV006016SJU;185;110;0.00002261
817;SJV006016SJU;186;110;0.01499670
817;SJV006016SJU;187;110;0.01739037
817;SJV006016SJU;192;110;0.00154341
817;SJV006016SJU;181;111;0.00552730
817;SJV006016SJU;182;111;0.00310095
817;SJV006016SJU;184;111;0.00018484
817;SJV006016SJU;185;111;0.00515666
817;SJV006016SJU;186;111;0.02812068
817;SJV006016SJU;192;111;0.00159851
817;SJV006016SJU;193;111;0.00001397
817;SJV006016SJU;178;112;0.00000958
817;SJV006016SJU;179;112;0.00001234
817;SJV006016SJU;181;112;0.00424472
817;SJV006016SJU;182;112;0.00392597
817;SJV006016SJU;184;112;0.00030923
817;SJV006016SJU;185;112;0.03401374
817;SJV006016SJU;192;112;0.00164076
817;SJV006016SJU;193;112;0.00000650
817;SJV006016SJU;179;113;0.00001903
817;SJV006016SJU;180;113;0.00362063
817;SJV006016SJU;181;113;0.00212561
817;SJV006016SJU;182;113;0.00340868
817;SJV006016SJU;183;113;0.00363088
817;SJV006016SJU;184;113;0.03335881
817;SJV006016SJU;185;113;0.00232204
817;SJV006016SJU;186;113;0.00086440
817;SJV006016SJU;187;113;0.00076192
817;SJV006016SJU;188;113;0.00074511
817;SJV006016SJU;189;113;0.00073361
817;SJV006016SJU;190;113;0.00100339
817;SJV006016SJU;191;113;0.00064466
817;SJV006016SJU;192;113;0.00219263
817;SJV006016SJU;193;113;0.00001676
817;SJV006016SJU;179;114;0.00034131
817;SJV006016SJU;180;114;0.00641313
817;SJV006016SJU;182;114;0.00000013
817;SJV006016SJU;183;114;0.03056067
817;SJV006016SJU;184;114;0.00804495
817;SJV006016SJU;190;114;0.00025169
817;SJV006016SJU;192;114;0.00212507
817;SJV006016SJU;179;115;0.00202688
817;SJV006016SJU;180;115;0.00589809
817;SJV006016SJU;182;115;0.02769925
817;SJV006016SJU;183;115;0.01917564
817;SJV006016SJU;184;115;0.00001100
817;SJV006016SJU;190;115;0.00048263
817;SJV006016SJU;191;115;0.00013030
817;SJV006016SJU;192;115;0.00234085
817;SJV006016SJU;193;115;0.00011658
817;SJV006016SJU;180;116;0.01064391
817;SJV006016SJU;181;116;0.02933165
817;SJV006016SJU;182;116;0.00177164
817;SJV006016SJU;184;116;0.00909983
817;SJV006016SJU;190;116;0.00048386
817;SJV006016SJU;191;116;0.00000095
817;SJV006016SJU;192;116;0.00409622
817;SJV006016SJU;193;116;0.00070288
817;SJV006016SJU;181;117;0.00305658
817;SJV006016SJU;182;117;0.00092941
817;SJV006016SJU;183;117;0.00020614
817;SJV006016SJU;184;117;0.00475873
817;SJV006016SJU;185;117;0.00411389
817;SJV006016SJU;189;117;0.00001306
817;SJV006016SJU;190;117;0.00093216
817;SJV006016SJU;191;117;0.00121639
817;SJV006016SJU;192;117;0.01409076
817;SJV006016SJU;193;117;0.00199798
817;SJV006016SJU;182;118;0.00479091
817;SJV006016SJU;183;118;0.00078308
817;SJV006016SJU;184;118;0.00007116
817;SJV006016SJU;185;118;0.00981729
817;SJV006016SJU;186;118;0.00009092
817;SJV006016SJU;188;118;0.00014683
817;SJV006016SJU;189;118;0.00044037
817;SJV006016SJU;190;118;0.00172372
817;SJV006016SJU;191;118;0.00174096
817;SJV006016SJU;192;118;0.01188817
817;SJV006016SJU;193;118;0.00095869
817;SJV006016SJU;183;119;0.00451367
817;SJV006016SJU;184;119;0.00078599
817;SJV006016SJU;186;119;0.00980520
817;SJV006016SJU;187;119;0.00013227
817;SJV006016SJU;188;119;0.00014193
817;SJV006016SJU;189;119;0.00032549
817;SJV006016SJU;190;119;0.00108954
817;SJV006016SJU;191;119;0.00968109
817;SJV006016SJU;192;119;0.00159632
817;SJV006016SJU;193;119;0.00003640
817;SJV006016SJU;184;120;0.00437068
817;SJV006016SJU;185;120;0.00140517
817;SJV006016SJU;186;120;0.00827671
817;SJV006016SJU;187;120;0.00647768
817;SJV006016SJU;188;120;0.00435940
817;SJV006016SJU;189;120;0.00353196
817;SJV006016SJU;190;120;0.00434430
817;SJV006016SJU;191;120;0.01152871
817;SJV006016SJU;192;120;0.00381955
817;SJV006016SJU;193;120;0.00204641
817;SJV006016SJU;183;121;0.00090085
817;SJV006016SJU;184;121;0.00400465
817;SJV006016SJU;185;121;0.01549740
817;SJV006016SJU;186;121;0.00964453
817;SJV006016SJU;187;121;0.01088034
817;SJV006016SJU;188;121;0.00404193
817;SJV006016SJU;189;121;0.00138092
817;SJV006016SJU;190;121;0.00195926
817;SJV006016SJU;191;121;0.00887440
817;SJV006016SJU;192;121;0.00157837
817;SJV006016SJU;193;121;0.00012912
817;SJV006016SJU;185;122;0.00064964
817;SJV006016SJU;186;122;0.01497616
817;SJV006016SJU;187;122;0.03567050
817;SJV006016SJU;188;122;0.00748149
817;SJV006016SJU;189;122;0.00173924
817;SJV006016SJU;190;122;0.00567515
817;SJV006016SJU;191;122;0.00979828
817;SJV006016SJU;192;122;0.00082116
817;SJV006016SJU;193;122;0.00064835
817;SJV006016SJU;194;122;0.00123917
817;SJV006016SJU;185;123;0.00002537
817;SJV006016SJU;186;123;0.00032885
817;SJV006016SJU;187;123;0.02562443
817;SJV006016SJU;188;123;0.02434189
817;SJV006016SJU;189;123;0.03515500
817;SJV006016SJU;190;123;0.05701073
817;SJV006016SJU;191;123;0.02466905
817;SJV006016SJU;192;123;0.01666890
817;SJV006016SJU;193;123;0.01576644
817;SJV006016SJU;194;123;0.01233094
817;SJV006016SJU;184;124;0.00041300
817;SJV006016SJU;185;124;0.00220051
817;SJV006016SJU;186;124;0.00335853
817;SJV006016SJU;187;124;0.01196038
817;SJV006016SJU;188;124;0.00230892
817;SJV006016SJU;189;124;0.00436472
817;SJV006016SJU;190;124;0.03371390
817;SJV006016SJU;191;124;0.01247779
817;SJV006016SJU;192;124;0.00273586
817;SJV006016SJU;193;124;0.00102062
817;SJV006016SJU;194;124;0.00059074
817;SJV006016SJU;183;125;0.00020593
817;SJV006016SJU;184;125;0.00127588
817;SJV006016SJU;185;125;0.00041509
817;SJV006016SJU;186;125;0.00045491
817;SJV006016SJU;187;125;0.00993666
817;SJV006016SJU;188;125;0.00343444
817;SJV006016SJU;189;125;0.00441937
817;SJV006016SJU;190;125;0.01327078
817;SJV006016SJU;191;125;0.00131068
817;SJV006016SJU;192;125;0.00192355
817;SJV006016SJU;193;125;0.00018529
817;SJV006016SJU;189;126;0.00129623
817;SJV006016SJU;190;126;0.00762136
817;SJV006016SJU;191;126;0.00001574
817;SJV006016SJU;192;126;0.00195060
817;SJV006016SJU;193;126;0.00013633
817;SJV006016SJU;192;127;0.00158541
817;SJV006016SJU;193;127;0.00006460
817;SJV006016SJU;192;128;0.00118552
817;SJV006016SJU;193;128;0.00000003
817;0NC006012NCU;104;224;0.00256782
817;0NC006012NCU;104;225;0.00617319
817;0NC006012NCU;104;226;0.00623912
817;0NC006012NCU;103;227;0.00077897
817;0NC006012NCU;104;227;0.00525527
817;0NC006012NCU;103;228;0.00371220
817;0NC006012NCU;104;228;0.00267325
817;0NC006012NCU;104;229;0.00669058
817;0NC006012NCU;103;230;0.00611715
817;0NC006012NCU;104;230;0.00436964
817;0NC006012NCU;102;231;0.00389954
817;0NC006012NCU;103;231;0.00677095
817;0NC006012NCU;102;232;0.00745808
817;0NC006012NCU;101;233;0.00790435
817;0NC006012NCU;102;233;0.00009230
817;0NC006012NCU;101;234;0.00772721
817;0NC006012NCU;100;235;0.00370917
817;0NC006012NCU;101;235;0.00743966
817;0NC006012NCU;99;236;0.00686609
817;0NC006012NCU;100;236;0.00703725
817;0NC006012NCU;106;236;0.00096246
817;0NC006012NCU;107;236;0.00062674
817;0NC006012NCU;98;237;0.00961149
817;0NC006012NCU;99;237;0.00169283
817;0NC006012NCU;101;237;0.00031860
817;0NC006012NCU;102;237;0.00085510
817;0NC006012NCU;103;237;0.00084444
817;0NC006012NCU;104;237;0.00083598
817;0NC006012NCU;105;237;0.00090749
817;0NC006012NCU;106;237;0.00023769
817;0NC006012NCU;107;237;0.00066382
817;0NC006012NCU;108;237;0.00084598
817;0NC006012NCU;109;237;0.00054677
817;0NC006012NCU;97;238;0.01190580
817;0NC006012NCU;98;238;0.00607224
817;0NC006012NCU;99;238;0.00037860
817;0NC006012NCU;100;238;0.00090676
817;0NC006012NCU;101;238;0.00057286
817;0NC006012NCU;97;239;0.01441230
817;0NC006012NCU;98;239;0.00054381
817;0NC006012NCU;99;239;0.00054218
817;0NC006012NCU;94;240;0.00018555
817;0NC006012NCU;95;240;0.00582514
817;0NC006012NCU;97;240;0.01513254
817;0NC006012NCU;95;241;0.00240874
817;0NC006012NCU;96;241;0.03449539
817;0NC006012NCU;97;241;0.00147601
817;0NC006012NCU;96;242;0.02283893
817;0NC006012NCU;96;243;0.02273522
817;0NC006012NCU;96;244;0.02618664
817;0NC006012NCU;96;245;0.03254928
817;0NC006012NCU;97;245;0.01092281
817;0NC006012NCU;98;245;0.00185512
817;0NC006012NCU;99;245;0.00034667
817;0NC006012NCU;96;246;0.00446260
817;0NC006012NCU;97;246;0.04171510
817;0NC006012NCU;98;246;0.03406609
817;0NC006012NCU;99;246;0.00241835
817;0NC006012NCU;98;247;0.00553985
817;0NC006012NCU;99;247;0.03917839
817;0NC006012NCU;99;248;0.04489073
817;0NC006012NCU;100;248;0.00943079
817;0NC006012NCU;101;248;0.01223579
817;0NC006012NCU;102;248;0.00603264
817;0NC006012NCU;105;248;0.00051078
817;0NC006012NCU;106;248;0.01052065
817;0NC006012NCU;108;248;0.00266961
817;0NC006012NCU;98;249;0.03010061
817;0NC006012NCU;99;249;0.02446292
817;0NC006012NCU;100;249;0.00605515
817;0NC006012NCU;102;249;0.01377019
817;0NC006012NCU;103;249;0.01066180
817;0NC006012NCU;104;249;0.01357197
817;0NC006012NCU;105;249;0.01182512
817;0NC006012NCU;106;249;0.00287172
817;0NC006012NCU;107;249;0.01577396
817;0NC006012NCU;108;249;0.01338716
817;0NC006012NCU;98;250;0.02498271
817;0NC006012NCU;102;250;0.00375178
817;0NC006012NCU;103;250;0.00334956
817;0NC006012NCU;108;250;0.00058146
817;0NC006012NCU;98;251;0.02081303
817;0NC006012NCU;107;251;0.00000255
817;0NC006012NCU;108;251;0.00010704
817;0NC006012NCU;98;252;0.02348959
817;0NC006012NCU;107;252;0.00001199
817;0NC006012NCU;97;253;0.00075494
817;0NC006012NCU;98;253;0.02072154
817;0NC006012NCU;107;253;0.00001194
817;0NC006012NCU;97;254;0.01616612
817;0NC006012NCU;98;254;0.00011070
817;0NC006012NCU;107;254;0.00001158
817;0NC006012NCU;97;255;0.00619731
817;0NC006012NCU;98;255;0.01525738
817;0NC006012NCU;102;255;0.00004999
817;0NC006012NCU;103;255;0.00052472
817;0NC006012NCU;104;255;0.00052114
817;0NC006012NCU;107;255;0.00001178
817;0NC006012NCU;98;256;0.01771594
817;0NC006012NCU;99;256;0.00041590
817;0NC006012NCU;102;256;0.00051650
817;0NC006012NCU;104;256;0.00028585
817;0NC006012NCU;105;256;0.00050968
817;0NC006012NCU;106;256;0.00050043
817;0NC006012NCU;107;256;0.00057187
817;0NC006012NCU;108;256;0.00000030
817;0NC006012NCU;98;257;0.01087818
817;0NC006012NCU;99;257;0.00982391
817;0NC006012NCU;101;257;0.00022911
817;0NC006012NCU;102;257;0.00025935
817;0NC006012NCU;108;257;0.00045993
817;0NC006012NCU;99;258;0.01611445
817;0NC006012NCU;101;258;0.00048846
817;0NC006012NCU;108;258;0.00036864
817;0NC006012NCU;109;258;0.00051160
817;0NC006012NCU;110;258;0.00000581
817;0NC006012NCU;99;259;0.01572719
817;0NC006012NCU;100;259;0.01182917
817;0NC006012NCU;101;259;0.00020497
817;0NC006012NCU;110;259;0.00065149
817;0NC006012NCU;100;260;0.01759022
817;0NC006012NCU;110;260;0.00002448
817;0NC006012NCU;111;260;0.00045269
817;0NC006012NCU;100;261;0.00534218
817;0NC006012NCU;101;261;0.02055995
817;0NC006012NCU;111;261;0.00018329
817;0NC006012NCU;101;262;0.01671646
817;0NC006012NCU;100;263;0.00735309
817;0NC006012NCU;101;263;0.01199509
817;0NC006012NCU;100;264;0.00340926
817;0SF0060480BA;136;170;0.00553150
817;0SF0060480BA;137;170;0.03728508
817;0SF0060480BA;134;171;0.00115622
817;0SF0060480BA;135;171;0.08856693
817;0SF0060480BA;136;171;0.02975796
817;0SF0060480BA;137;171;0.02356166
817;0SF0060480BA;133;172;0.03356123
817;0SF0060480BA;134;172;0.03509554
817;0SF0060480BA;135;172;0.08141977
817;0SF0060480BA;136;172;0.00000133
817;0SF0060480BA;137;172;0.02345385
817;0SF0060480BA;131;173;0.02133841
817;0SF0060480BA;132;173;0.04588136
817;0SF0060480BA;133;173;0.01268955
817;0SF0060480BA;134;173;0.05461994
817;0SF0060480BA;135;173;0.06740992
817;0SF0060480BA;137;173;0.02345385
817;0SF0060480BA;135;174;0.01047023
817;0SF0060480BA;136;174;0.05712476
817;0SF0060480BA;137;174;0.02556760
817;0SF0060480BA;142;174;0.00033868
817;0SF0060480BA;143;174;0.00038967
817;0SF0060480BA;135;175;0.00268520
817;0SF0060480BA;136;175;0.02658442
817;0SF0060480BA;137;175;0.10483147
817;0SF0060480BA;138;175;0.03042388
817;0SF0060480BA;139;175;0.00088454
817;0SF0060480BA;140;175;0.00088041
817;0SF0060480BA;141;175;0.00074480
817;0SF0060480BA;142;175;0.00073906
817;0SF0060480BA;136;176;0.00132201
817;0SF0060480BA;137;176;0.00018414
817;0SF0060480BA;138;176;0.06412299
817;0SF0060480BA;139;176;0.03825022
817;0SF0060480BA;140;176;0.01022366
817;0SF0060480BA;141;176;0.00191620
817;0SF0060480BA;137;177;0.00005312
817;0SF0060480BA;138;177;0.00000111
817;0SF0060480BA;139;177;0.03303932
817;0SF0060480BA;140;177;0.00017594
817;0SF0060480BA;141;177;0.00014220
817;0SF0060480BA;139;178;0.00412026
817;SJV006024SJU;165;138;0.01148802
817;SJV006024SJU;164;139;0.00426211
817;SJV006024SJU;165;139;0.00801473
817;SJV006024SJU;166;139;0.00009849
817;SJV006024SJU;163;140;0.00317865
817;SJV006024SJU;164;140;0.01122382
817;SJV006024SJU;168;140;0.00008398
817;SJV006024SJU;169;140;0.00010212
817;SJV006024SJU;162;141;0.00007355
817;SJV006024SJU;163;141;0.01162515
817;SJV006024SJU;164;141;0.00088970
817;SJV006024SJU;167;141;0.00031443
817;SJV006024SJU;168;141;0.00081629
817;SJV006024SJU;169;141;0.00203366
817;SJV006024SJU;162;142;0.01154274
817;SJV006024SJU;163;142;0.00002581
817;SJV006024SJU;164;142;0.00096747
817;SJV006024SJU;166;142;0.00061500
817;SJV006024SJU;167;142;0.00011298
817;SJV006024SJU;168;142;0.00003989
817;SJV006024SJU;169;142;0.00323243
817;SJV006024SJU;156;143;0.00027414
817;SJV006024SJU;159;143;0.00219902
817;SJV006024SJU;160;143;0.00438843
817;SJV006024SJU;161;143;0.01164904
817;SJV006024SJU;162;143;0.00812145
817;SJV006024SJU;163;143;0.00518446
817;SJV006024SJU;164;143;0.01268968
817;SJV006024SJU;165;143;0.00783765
817;SJV006024SJU;166;143;0.00607901
817;SJV006024SJU;167;143;0.00687644
817;SJV006024SJU;168;143;0.00672240
817;SJV006024SJU;169;143;0.00711443
817;SJV006024SJU;170;143;0.00644156
817;SJV006024SJU;171;143;0.00493934
817;SJV006024SJU;156;144;0.00214879
817;SJV006024SJU;157;144;0.00432330
817;SJV006024SJU;158;144;0.00496922
817;SJV006024SJU;159;144;0.00232007
817;SJV006024SJU;160;144;0.00659220
817;SJV006024SJU;161;144;0.01109599
817;SJV006024SJU;162;144;0.00333987
817;SJV006024SJU;163;144;0.00517847
817;SJV006024SJU;164;144;0.00606259
817;SJV006024SJU;165;144;0.00168654
817;SJV006024SJU;166;144;0.00167434
817;SJV006024SJU;167;144;0.00187667
817;SJV006024SJU;168;144;0.00012275
817;SJV006024SJU;169;144;0.00000712
817;SJV006024SJU;171;144;0.00220826
817;SJV006024SJU;172;144;0.00543076
817;SJV006024SJU;160;145;0.01487125
817;SJV006024SJU;161;145;0.00018128
817;SJV006024SJU;162;145;0.00110943
817;SJV006024SJU;164;145;0.00297847
817;SJV006024SJU;167;145;0.00069986
817;SJV006024SJU;170;145;0.00004240
817;SJV006024SJU;171;145;0.00010732
817;SJV006024SJU;172;145;0.00640543
817;SJV006024SJU;173;145;0.00023123
817;SJV006024SJU;174;145;0.00020708
817;SJV006024SJU;159;146;0.00559832
817;SJV006024SJU;160;146;0.00853986
817;SJV006024SJU;161;146;0.00093438
817;SJV006024SJU;164;146;0.00302089
817;SJV006024SJU;167;146;0.00070723
817;SJV006024SJU;168;146;0.00026386
817;SJV006024SJU;172;146;0.00632501
817;SJV006024SJU;174;146;0.00029471
817;SJV006024SJU;175;146;0.01117715
817;SJV006024SJU;176;146;0.02787817
817;SJV006024SJU;177;146;0.00000137
817;SJV006024SJU;178;146;0.00027629
817;SJV006024SJU;159;147;0.01094495
817;SJV006024SJU;160;147;0.00250250
817;SJV006024SJU;161;147;0.00170411
817;SJV006024SJU;164;147;0.00298369
817;SJV006024SJU;168;147;0.00069044
817;SJV006024SJU;169;147;0.00072811
817;SJV006024SJU;170;147;0.00085921
817;SJV006024SJU;171;147;0.00050100
817;SJV006024SJU;172;147;0.00711057
817;SJV006024SJU;173;147;0.00365393
817;SJV006024SJU;174;147;0.01265949
817;SJV006024SJU;175;147;0.02698381
817;SJV006024SJU;176;147;0.00096312
817;SJV006024SJU;177;147;0.00040761
817;SJV006024SJU;178;147;0.00086539
817;SJV006024SJU;159;148;0.00792477
817;SJV006024SJU;160;148;0.00281729
817;SJV006024SJU;161;148;0.00237145
817;SJV006024SJU;164;148;0.00288015
817;SJV006024SJU;170;148;0.00028735
817;SJV006024SJU;172;148;0.00451435
817;SJV006024SJU;173;148;0.01028024
817;SJV006024SJU;174;148;0.02720812
817;SJV006024SJU;175;148;0.00273743
817;SJV006024SJU;176;148;0.00258329
817;SJV006024SJU;177;148;0.00161388
817;SJV006024SJU;178;148;0.00012597
817;SJV006024SJU;179;148;0.00019013
817;SJV006024SJU;180;148;0.00004086
817;SJV006024SJU;160;149;0.00086552
817;SJV006024SJU;161;149;0.00592749
817;SJV006024SJU;162;149;0.00278492
817;SJV006024SJU;164;149;0.00288423
817;SJV006024SJU;170;149;0.00051986
817;SJV006024SJU;171;149;0.00173468
817;SJV006024SJU;172;149;0.01817593
817;SJV006024SJU;173;149;0.02817370
817;SJV006024SJU;174;149;0.00190799
817;SJV006024SJU;175;149;0.00149761
817;SJV006024SJU;176;149;0.00095218
817;SJV006024SJU;177;149;0.00009346
817;SJV006024SJU;160;150;0.00116989
817;SJV006024SJU;161;150;0.00029080
817;SJV006024SJU;162;150;0.00269501
817;SJV006024SJU;163;150;0.00334668
817;SJV006024SJU;164;150;0.00659008
817;SJV006024SJU;165;150;0.00326109
817;SJV006024SJU;166;150;0.00323555
817;SJV006024SJU;167;150;0.00342274
817;SJV006024SJU;168;150;0.00303139
817;SJV006024SJU;169;150;0.00388388
817;SJV006024SJU;170;150;0.01888746
817;SJV006024SJU;171;150;0.04127425
817;SJV006024SJU;172;150;0.04497628
817;SJV006024SJU;173;150;0.00732842
817;SJV006024SJU;174;150;0.00385973
817;SJV006024SJU;175;150;0.00312841
817;SJV006024SJU;176;150;0.00202028
817;SJV006024SJU;177;150;0.00110503
817;SJV006024SJU;161;151;0.00131762
817;SJV006024SJU;162;151;0.00300921
817;SJV006024SJU;163;151;0.00226506
817;SJV006024SJU;164;151;0.00599782
817;SJV006024SJU;165;151;0.00194824
817;SJV006024SJU;166;151;0.00192202
817;SJV006024SJU;167;151;0.00256931
817;SJV006024SJU;168;151;0.01972847
817;SJV006024SJU;169;151;0.03494070
817;SJV006024SJU;170;151;0.02658162
817;SJV006024SJU;171;151;0.01073983
817;SJV006024SJU;172;151;0.00649544
817;SJV006024SJU;173;151;0.00214516
817;SJV006024SJU;174;151;0.00000884
817;SJV006024SJU;177;151;0.00096021
817;SJV006024SJU;178;151;0.00001991
817;SJV006024SJU;162;152;0.00199856
817;SJV006024SJU;163;152;0.00011343
817;SJV006024SJU;164;152;0.00515597
817;SJV006024SJU;165;152;0.00122253
817;SJV006024SJU;166;152;0.01682767
817;SJV006024SJU;167;152;0.03099584
817;SJV006024SJU;168;152;0.01178557
817;SJV006024SJU;169;152;0.01040920
817;SJV006024SJU;170;152;0.00127845
817;SJV006024SJU;171;152;0.00284175
817;SJV006024SJU;172;152;0.00194234
817;SJV006024SJU;173;152;0.00045873
817;SJV006024SJU;162;153;0.00104698
817;SJV006024SJU;163;153;0.00156949
817;SJV006024SJU;164;153;0.00727622
817;SJV006024SJU;165;153;0.01031749
817;SJV006024SJU;166;153;0.02649487
817;SJV006024SJU;167;153;0.00106325
817;SJV006024SJU;168;153;0.00682153
817;SJV006024SJU;169;153;0.00143110
817;SJV006024SJU;170;153;0.00165913
817;SJV006024SJU;171;153;0.00334236
817;SJV006024SJU;172;153;0.00004568
817;SJV006024SJU;173;153;0.00073955
817;SJV006024SJU;174;153;0.00014930
817;SJV006024SJU;175;153;0.00007468
817;SJV006024SJU;164;154;0.00313242
817;SJV006024SJU;165;154;0.02907379
817;SJV006024SJU;166;154;0.00380972
817;SJV006024SJU;167;154;0.00549898
817;SJV006024SJU;168;154;0.00063040
817;SJV006024SJU;169;154;0.00360115
817;SJV006024SJU;170;154;0.00034038
817;SJV006024SJU;171;154;0.00106089
817;SJV006024SJU;172;154;0.00010609
817;SJV006024SJU;173;154;0.00066677
817;SJV006024SJU;175;154;0.00007462
817;SJV006024SJU;176;154;0.00009784
817;SJV006024SJU;166;155;0.00159108
817;SJV006024SJU;167;155;0.00087723
817;SJV006024SJU;168;155;0.00330400
817;SJV006024SJU;169;155;0.00005031
817;SJV006024SJU;170;155;0.00007283
817;SJV006024SJU;171;155;0.00055315
817;SJV006024SJU;172;155;0.00116385
817;SJV006024SJU;173;155;0.00066965
817;SJV006024SJU;168;156;0.00026913
817;SJV006024SJU;169;156;0.00018692
817;SJV006024SJU;170;156;0.00029744
817;SJV006024SJU;171;156;0.00031896
817;SJV006024SJU;172;156;0.00014664
817;SJV006024SJU;173;156;0.00190558
817;SJV006024SJU;174;156;0.00027236
817;SJV006024SJU;175;156;0.00023707
817;SJV006024SJU;171;157;0.00004876
817;SJV006024SJU;173;157;0.00122233
817;SJV006024SJU;173;158;0.00070475
817;0NC0060490NS;117;178;0.00020415
817;0NC0060490NS;118;178;0.00354421
817;0NC0060490NS;119;178;0.00492341
817;0NC0060490NS;120;178;0.00337652
817;0NC0060490NS;117;179;0.00326158
817;0NC0060490NS;119;179;0.00937514
817;0NC0060490NS;120;179;0.00664697
817;0NC0060490NS;117;180;0.00285952
817;0NC0060490NS;120;180;0.00040456
817;0NC0060490NS;116;181;0.00616705
817;0NC0060490NS;117;181;0.00344519
817;0NC0060490NS;119;181;0.00848978
817;0NC0060490NS;120;181;0.00610096
817;0NC0060490NS;121;181;0.00357490
817;0NC0060490NS;115;182;0.00485181
817;0NC0060490NS;116;182;0.01269217
817;0NC0060490NS;117;182;0.01059142
817;0NC0060490NS;118;182;0.01705155
817;0NC0060490NS;119;182;0.00641409
817;0NC0060490NS;120;182;0.00838242
817;0NC0060490NS;121;182;0.01747376
817;0NC0060490NS;114;183;0.01173095
817;0NC0060490NS;115;183;0.00889150
817;0NC0060490NS;118;183;0.00208863
817;0NC0060490NS;119;183;0.01285587
817;0NC0060490NS;120;183;0.01000981
817;0NC0060490NS;121;183;0.02474766
817;0NC0060490NS;122;183;0.00382607
817;0NC0060490NS;113;184;0.00572579
817;0NC0060490NS;114;184;0.00175383
817;0NC0060490NS;121;184;0.00157923
817;0NC0060490NS;122;184;0.00253297
817;0NC0060490NS;121;185;0.00157923
817;0NC0060490NS;122;185;0.19318189
817;0NC0060490NS;121;186;0.08941978
817;0NC0060490NS;122;186;0.09228297
817;0NC0060490NS;124;186;0.00728311
817;0NC0060490NS;125;186;0.02604889
817;0NC0060490NS;126;186;0.01791817
817;0NC0060490NS;121;187;0.06771311
817;0NC0060490NS;122;187;0.01367997
817;0NC0060490NS;123;187;0.02551176
817;0NC0060490NS;124;187;0.01876578
817;0NC0060490NS;121;188;0.07517886
817;0NC0060490NS;120;189;0.04118790
817;0NC0060490NS;121;189;0.00919121
817;0NC0060490NS;119;190;0.04232806
817;0NC0060490NS;120;190;0.01099330
817;0NC0060490NS;118;191;0.00896082
817;0NC0060490NS;119;191;0.02955488
817;0NC0060490NS;118;192;0.00364685
817;0LT006031PLA;179;197;0.00179101
817;0LT006031PLA;178;198;0.00011681
817;0LT006031PLA;179;198;0.09893090
817;0LT006031PLA;178;199;0.00091145
817;0LT006031PLA;179;199;0.08661039
817;0LT006031PLA;177;200;0.00013517
817;0LT006031PLA;178;200;0.05051917
817;0LT006031PLA;179;200;0.16434279
817;0LT006031PLA;178;201;0.00865940
817;0LT006031PLA;179;201;0.04018551
817;0LT006031PLA;180;201;0.13266720
817;0LT006031PLA;180;202;0.07213267
817;0LT006031PLA;181;202;0.20257184
817;0LT006031PLA;182;202;0.07963834
817;0LT006031PLA;180;203;0.00362314
817;0LT006031PLA;181;203;0.05716421
817;0MC006031PLA;160;194;0.00067299
817;0MC006031PLA;161;194;0.01366835
817;0MC006031PLA;162;194;0.00717668
817;0MC006031PLA;160;195;0.00675124
817;0MC006031PLA;161;195;0.09719186
817;0MC006031PLA;162;195;0.01545666
817;0MC006031PLA;163;195;0.00173162
817;0MC006031PLA;161;196;0.10377848
817;0MC006031PLA;162;196;0.00549461
817;0MC006031PLA;163;196;0.01134909
817;0MC006031PLA;164;196;0.01268571
817;0MC006031PLA;165;196;0.00790618
817;0MC006031PLA;161;197;0.00276829
817;0MC006031PLA;162;197;0.07731066
817;0MC006031PLA;165;197;0.00244606
817;0MC006031PLA;166;197;0.00464060
817;0MC006031PLA;162;198;0.07701504
817;0MC006031PLA;166;198;0.00145777
817;0MC006031PLA;167;198;0.00108604
817;0MC006031PLA;162;199;0.07558013
817;0MC006031PLA;163;199;0.00821434
817;0MC006031PLA;167;199;0.00028177
817;0MC006031PLA;168;199;0.00001472
817;0MC006031PLA;163;200;0.05271023
817;0MC006031PLA;164;200;0.04133521
817;0MC006031PLA;168;200;0.00006139
817;0MC006031PLA;169;200;0.00004238
817;0MC006031PLA;170;200;0.00005382
817;0MC006031PLA;171;200;0.00005382
817;0MC006031PLA;172;200;0.00005070
817;0MC006031PLA;164;201;0.03147287
817;0MC006031PLA;165;201;0.06378285
817;0MC006031PLA;166;201;0.00806185
817;0MC006031PLA;169;201;0.00001602
817;0MC006031PLA;166;202;0.07203472
817;0MC006031PLA;166;203;0.00106921
817;0MC006031PLA;167;203;0.07729221
817;0MC006031PLA;168;203;0.00876630
817;0MC006031PLA;168;204;0.06180169
817;0MC006031PLA;169;204;0.02345241
817;0MC006031PLA;170;204;0.01221288
817;0MC006031PLA;171;204;0.01105056
817;0LT0060090ED;182;190;0.01170743
817;0LT0060090ED;183;190;0.00678744
817;0LT0060090ED;181;191;0.02923160
817;0LT0060090ED;182;191;0.01431620
817;0LT0060090ED;181;192;0.01389071
817;0LT0060090ED;182;192;0.08470091
817;0LT0060090ED;181;193;0.01138557
817;0LT0060090ED;182;193;0.12837466
817;0LT0060090ED;183;193;0.06072399
817;0LT0060090ED;180;194;0.05580696
817;0LT0060090ED;181;194;0.04652478
817;0LT0060090ED;182;194;0.13802140
817;0LT0060090ED;183;194;0.26497167
817;0LT0060090ED;180;195;0.03596458
817;0LT0060090ED;183;195;0.02257007
817;0LT0060090ED;179;196;0.01545102
817;0LT0060090ED;180;196;0.02066537
817;0LT0060090ED;179;197;0.02419781
817;0LT0060090ED;180;197;0.01470783
817;0SV0060480YS;146;173;0.00000925
817;0SV0060480YS;143;174;0.00000447
817;0SV0060480YS;144;174;0.00000880
817;0SV0060480YS;145;174;0.00000869
817;0SV0060480YS;146;174;0.00000228
817;0SV0060480YS;144;175;0.00000063
817;0SV0060480YS;144;176;0.00000063
817;0SV0060480YS;140;177;0.00000008
817;0SV0060480YS;141;177;0.00000016
817;0SV0060480YS;143;177;0.00000065
817;0SV0060480YS;144;177;0.00000021
817;0SV0060480YS;139;178;0.00023199
817;0SV0060480YS;140;178;0.00030392
817;0SV0060480YS;141;178;0.00000400
817;0SV0060480YS;142;178;0.00000023
817;0SV0060480YS;143;178;0.00000056
817;0SV0060480YS;139;179;0.00000147
817;0SV0060480YS;140;179;0.08092658
817;0SV0060480YS;141;179;0.02853055
817;0SV0060480YS;142;179;0.00000003
817;0SV0060480YS;143;179;0.00000014
817;0SV0060480YS;140;180;0.03216489
817;0SV0060480YS;141;180;0.15960781
817;0SV0060480YS;142;180;0.07211309
817;0SV0060480YS;143;180;0.00001399
817;0SV0060480YS;140;181;0.00776377
817;0SV0060480YS;141;181;0.02440103
817;0SV0060480YS;142;181;0.11593187
817;0SV0060480YS;143;181;0.11573981
817;0SV0060480YS;141;182;0.01848717
817;0SV0060480YS;143;182;0.07328986
817;0SV0060480YS;144;182;0.11481507
817;0SV0060480YS;138;183;0.00022061
817;0SV0060480YS;140;183;0.00058722
817;0SV0060480YS;141;183;0.01051392
817;0SV0060480YS;144;183;0.02624949
817;0SV0060480YS;145;183;0.11806508
817;SJV006015SJU;205;82;0.00033326
817;SJV006015SJU;206;82;0.00013843
817;SJV006015SJU;207;82;0.00067553
817;SJV006015SJU;208;82;0.00150735
817;SJV006015SJU;200;83;0.00000876
817;SJV006015SJU;201;83;0.00025364
817;SJV006015SJU;202;83;0.00027200
817;SJV006015SJU;203;83;0.00048464
817;SJV006015SJU;204;83;0.00048769
817;SJV006015SJU;205;83;0.00034112
817;SJV006015SJU;206;83;0.00056183
817;SJV006015SJU;207;83;0.00051252
817;SJV006015SJU;208;83;0.01191260
817;SJV006015SJU;197;84;0.00013020
817;SJV006015SJU;198;84;0.00000220
817;SJV006015SJU;199;84;0.00007472
817;SJV006015SJU;200;84;0.00012537
817;SJV006015SJU;207;84;0.00696464
817;SJV006015SJU;208;84;0.00652806
817;SJV006015SJU;196;85;0.00019282
817;SJV006015SJU;197;85;0.00003880
817;SJV006015SJU;207;85;0.01126150
817;SJV006015SJU;194;86;0.00000562
817;SJV006015SJU;195;86;0.00053970
817;SJV006015SJU;196;86;0.00008794
817;SJV006015SJU;206;86;0.00342780
817;SJV006015SJU;207;86;0.00687523
817;SJV006015SJU;194;87;0.00000045
817;SJV006015SJU;195;87;0.00027107
817;SJV006015SJU;196;87;0.00038861
817;SJV006015SJU;206;87;0.01176656
817;SJV006015SJU;207;87;0.00139636
817;SJV006015SJU;208;87;0.00021996
817;SJV006015SJU;196;88;0.00044772
817;SJV006015SJU;205;88;0.00018244
817;SJV006015SJU;206;88;0.01091675
817;SJV006015SJU;207;88;0.00046769
817;SJV006015SJU;208;88;0.00018484
817;SJV006015SJU;196;89;0.00079997
817;SJV006015SJU;197;89;0.00031972
817;SJV006015SJU;198;89;0.00031971
817;SJV006015SJU;199;89;0.00041015
817;SJV006015SJU;200;89;0.00060911
817;SJV006015SJU;201;89;0.00060911
817;SJV006015SJU;202;89;0.00073153
817;SJV006015SJU;203;89;0.00027284
817;SJV006015SJU;204;89;0.00050327
817;SJV006015SJU;205;89;0.00580441
817;SJV006015SJU;206;89;0.00585140
817;SJV006015SJU;207;89;0.00079285
817;SJV006015SJU;208;89;0.00031784
817;SJV006015SJU;195;90;0.00034517
817;SJV006015SJU;196;90;0.00108067
817;SJV006015SJU;197;90;0.00028828
817;SJV006015SJU;198;90;0.00033837
817;SJV006015SJU;199;90;0.00028395
817;SJV006015SJU;200;90;0.00028396
817;SJV006015SJU;201;90;0.00028399
817;SJV006015SJU;202;90;0.00052704
817;SJV006015SJU;203;90;0.00061036
817;SJV006015SJU;204;90;0.00503055
817;SJV006015SJU;205;90;0.00514686
817;SJV006015SJU;206;90;0.00181931
817;SJV006015SJU;207;90;0.00111906
817;SJV006015SJU;208;90;0.00076521
817;SJV006015SJU;194;91;0.00038217
817;SJV006015SJU;195;91;0.00257414
817;SJV006015SJU;196;91;0.00019470
817;SJV006015SJU;197;91;0.00010075
817;SJV006015SJU;198;91;0.00009309
817;SJV006015SJU;199;91;0.00003332
817;SJV006015SJU;200;91;0.00002101
817;SJV006015SJU;202;91;0.00000147
817;SJV006015SJU;203;91;0.00486970
817;SJV006015SJU;204;91;0.00083750
817;SJV006015SJU;205;91;0.00627583
817;SJV006015SJU;206;91;0.00016838
817;SJV006015SJU;207;91;0.00077267
817;SJV006015SJU;208;91;0.00056503
817;SJV006015SJU;193;92;0.00060801
817;SJV006015SJU;194;92;0.00055039
817;SJV006015SJU;195;92;0.00257002
817;SJV006015SJU;200;92;0.00000698
817;SJV006015SJU;201;92;0.00001051
817;SJV006015SJU;202;92;0.00429246
817;SJV006015SJU;203;92;0.00117965
817;SJV006015SJU;204;92;0.00009662
817;SJV006015SJU;205;92;0.00633751
817;SJV006015SJU;207;92;0.00079963
817;SJV006015SJU;208;92;0.00060112
817;SJV006015SJU;209;92;0.00001353
817;SJV006015SJU;192;93;0.00041427
817;SJV006015SJU;193;93;0.00036760
817;SJV006015SJU;195;93;0.00089552
817;SJV006015SJU;196;93;0.00204509
817;SJV006015SJU;197;93;0.00005777
817;SJV006015SJU;200;93;0.00003563
817;SJV006015SJU;201;93;0.00339643
817;SJV006015SJU;202;93;0.00235332
817;SJV006015SJU;203;93;0.00039483
817;SJV006015SJU;204;93;0.00041879
817;SJV006015SJU;205;93;0.00817932
817;SJV006015SJU;206;93;0.00157710
817;SJV006015SJU;207;93;0.00219618
817;SJV006015SJU;208;93;0.00284232
817;SJV006015SJU;209;93;0.00133827
817;SJV006015SJU;210;93;0.00058671
817;SJV006015SJU;211;93;0.00041086
817;SJV006015SJU;191;94;0.00010584
817;SJV006015SJU;192;94;0.00019813
817;SJV006015SJU;195;94;0.00058605
817;SJV006015SJU;197;94;0.00201530
817;SJV006015SJU;198;94;0.00083461
817;SJV006015SJU;200;94;0.00284709
817;SJV006015SJU;201;94;0.00202196
817;SJV006015SJU;202;94;0.00077298
817;SJV006015SJU;203;94;0.00047236
817;SJV006015SJU;204;94;0.00362730
817;SJV006015SJU;205;94;0.00765799
817;SJV006015SJU;206;94;0.00245066
817;SJV006015SJU;207;94;0.00321982
817;SJV006015SJU;208;94;0.00359256
817;SJV006015SJU;209;94;0.00129317
817;SJV006015SJU;210;94;0.00002289
817;SJV006015SJU;211;94;0.00021173
817;SJV006015SJU;212;94;0.00061005
817;SJV006015SJU;214;94;0.00130468
817;SJV006015SJU;190;95;0.00002223
817;SJV006015SJU;191;95;0.00028276
817;SJV006015SJU;194;95;0.00016332
817;SJV006015SJU;195;95;0.00032802
817;SJV006015SJU;198;95;0.00120385
817;SJV006015SJU;199;95;0.00566615
817;SJV006015SJU;200;95;0.00427875
817;SJV006015SJU;201;95;0.00176989
817;SJV006015SJU;202;95;0.00317338
817;SJV006015SJU;203;95;0.00517904
817;SJV006015SJU;204;95;0.02092409
817;SJV006015SJU;205;95;0.00429692
817;SJV006015SJU;206;95;0.00222196
817;SJV006015SJU;207;95;0.00220861
817;SJV006015SJU;208;95;0.00243886
817;SJV006015SJU;209;95;0.00046532
817;SJV006015SJU;210;95;0.00049428
817;SJV006015SJU;211;95;0.00306078
817;SJV006015SJU;212;95;0.00299967
817;SJV006015SJU;213;95;0.00349609
817;SJV006015SJU;214;95;0.00061039
817;SJV006015SJU;187;96;0.00001263
817;SJV006015SJU;188;96;0.00002101
817;SJV006015SJU;189;96;0.00002025
817;SJV006015SJU;190;96;0.00000012
817;SJV006015SJU;191;96;0.00027797
817;SJV006015SJU;194;96;0.00017789
817;SJV006015SJU;195;96;0.00033967
817;SJV006015SJU;198;96;0.00289802
817;SJV006015SJU;199;96;0.00418549
817;SJV006015SJU;201;96;0.00001594
817;SJV006015SJU;202;96;0.00699214
817;SJV006015SJU;203;96;0.01356113
817;SJV006015SJU;204;96;0.03072620
817;SJV006015SJU;205;96;0.00493906
817;SJV006015SJU;206;96;0.00070641
817;SJV006015SJU;207;96;0.00244717
817;SJV006015SJU;208;96;0.00226766
817;SJV006015SJU;209;96;0.00191541
817;SJV006015SJU;210;96;0.00332348
817;SJV006015SJU;213;96;0.00004969
817;SJV006015SJU;214;96;0.00006268
817;SJV006015SJU;186;97;0.00000242
817;SJV006015SJU;187;97;0.00000405
817;SJV006015SJU;190;97;0.00006740
817;SJV006015SJU;191;97;0.00014314
817;SJV006015SJU;192;97;0.00009618
817;SJV006015SJU;194;97;0.00054027
817;SJV006015SJU;196;97;0.00000667
817;SJV006015SJU;197;97;0.00488412
817;SJV006015SJU;198;97;0.00304359
817;SJV006015SJU;199;97;0.00239659
817;SJV006015SJU;200;97;0.00177464
817;SJV006015SJU;201;97;0.00404225
817;SJV006015SJU;202;97;0.02023531
817;SJV006015SJU;203;97;0.02942077
817;SJV006015SJU;204;97;0.05018393
817;SJV006015SJU;205;97;0.02117052
817;SJV006015SJU;206;97;0.01592570
817;SJV006015SJU;207;97;0.00912565
817;SJV006015SJU;208;97;0.00499690
817;SJV006015SJU;209;97;0.00162034
817;SJV006015SJU;190;98;0.00034113
817;SJV006015SJU;191;98;0.00015489
817;SJV006015SJU;192;98;0.00019039
817;SJV006015SJU;193;98;0.00045744
817;SJV006015SJU;194;98;0.00093883
817;SJV006015SJU;195;98;0.00084007
817;SJV006015SJU;196;98;0.00659650
817;SJV006015SJU;197;98;0.00188739
817;SJV006015SJU;198;98;0.00077925
817;SJV006015SJU;199;98;0.00228912
817;SJV006015SJU;200;98;0.00136820
817;SJV006015SJU;201;98;0.00306630
817;SJV006015SJU;202;98;0.01171387
817;SJV006015SJU;203;98;0.01799455
817;SJV006015SJU;204;98;0.04100996
817;SJV006015SJU;205;98;0.02492905
817;SJV006015SJU;206;98;0.01615677
817;SJV006015SJU;207;98;0.00607643
817;SJV006015SJU;208;98;0.00173534
817;SJV006015SJU;209;98;0.00000150
817;SJV006015SJU;189;99;0.00015086
817;SJV006015SJU;190;99;0.00021572
817;SJV006015SJU;194;99;0.00094380
817;SJV006015SJU;195;99;0.00593544
817;SJV006015SJU;196;99;0.00113743
817;SJV006015SJU;197;99;0.00061967
817;SJV006015SJU;198;99;0.00062572
817;SJV006015SJU;199;99;0.00224783
817;SJV006015SJU;200;99;0.00280312
817;SJV006015SJU;201;99;0.00730295
817;SJV006015SJU;202;99;0.00945667
817;SJV006015SJU;203;99;0.02681067
817;SJV006015SJU;204;99;0.01543834
817;SJV006015SJU;205;99;0.00326114
817;SJV006015SJU;206;99;0.00165750
817;SJV006015SJU;207;99;0.00086158
817;SJV006015SJU;208;99;0.00150495
817;SJV006015SJU;209;99;0.00067750
817;SJV006015SJU;189;100;0.00039696
817;SJV006015SJU;193;100;0.00138049
817;SJV006015SJU;194;100;0.00584215
817;SJV006015SJU;197;100;0.00035304
817;SJV006015SJU;198;100;0.00007739
817;SJV006015SJU;199;100;0.00227040
817;SJV006015SJU;200;100;0.00219639
817;SJV006015SJU;201;100;0.00102386
817;SJV006015SJU;202;100;0.01322205
817;SJV006015SJU;203;100;0.00582753
817;SJV006015SJU;204;100;0.00118235
817;SJV006015SJU;206;100;0.00007937
817;SJV006015SJU;207;100;0.00008008
817;SJV006015SJU;209;100;0.00019091
817;SJV006015SJU;210;100;0.00075957
817;SJV006015SJU;211;100;0.00029095
817;SJV006015SJU;188;101;0.00023467
817;SJV006015SJU;189;101;0.00048554
817;SJV006015SJU;190;101;0.00021116
817;SJV006015SJU;191;101;0.00021343
817;SJV006015SJU;192;101;0.00159636
817;SJV006015SJU;193;101;0.00567537
817;SJV006015SJU;194;101;0.00072906
817;SJV006015SJU;195;101;0.00046648
817;SJV006015SJU;196;101;0.00059734
817;SJV006015SJU;197;101;0.00103937
817;SJV006015SJU;198;101;0.00153274
817;SJV006015SJU;199;101;0.00524142
817;SJV006015SJU;200;101;0.00235621
817;SJV006015SJU;201;101;0.01550364
817;SJV006015SJU;202;101;0.00250006
817;SJV006015SJU;203;101;0.00165597
817;SJV006015SJU;204;101;0.00000852
817;SJV006015SJU;205;101;0.00023986
817;SJV006015SJU;209;101;0.00007161
817;SJV006015SJU;210;101;0.00024617
817;SJV006015SJU;211;101;0.00065249
817;SJV006015SJU;212;101;0.00023634
817;SJV006015SJU;181;102;0.00000158
817;SJV006015SJU;182;102;0.00000175
817;SJV006015SJU;187;102;0.00009775
817;SJV006015SJU;188;102;0.00007420
817;SJV006015SJU;189;102;0.00020742
817;SJV006015SJU;191;102;0.00066678
817;SJV006015SJU;192;102;0.00591160
817;SJV006015SJU;194;102;0.00029441
817;SJV006015SJU;197;102;0.00155317
817;SJV006015SJU;198;102;0.00217160
817;SJV006015SJU;199;102;0.00062271
817;SJV006015SJU;200;102;0.00640093
817;SJV006015SJU;201;102;0.00447609
817;SJV006015SJU;202;102;0.00009862
817;SJV006015SJU;203;102;0.00131074
817;SJV006015SJU;205;102;0.00008540
817;SJV006015SJU;206;102;0.00012609
817;SJV006015SJU;210;102;0.00001158
817;SJV006015SJU;211;102;0.00011397
817;SJV006015SJU;212;102;0.00059993
817;SJV006015SJU;213;102;0.00056596
817;SJV006015SJU;182;103;0.00000383
817;SJV006015SJU;183;103;0.00000567
817;SJV006015SJU;184;103;0.00000237
817;SJV006015SJU;186;103;0.00010098
817;SJV006015SJU;187;103;0.00007230
817;SJV006015SJU;189;103;0.00020745
817;SJV006015SJU;191;103;0.00634950
817;SJV006015SJU;194;103;0.00027353
817;SJV006015SJU;196;103;0.00001024
817;SJV006015SJU;197;103;0.00321482
817;SJV006015SJU;198;103;0.00024008
817;SJV006015SJU;199;103;0.00139253
817;SJV006015SJU;200;103;0.01171817
817;SJV006015SJU;201;103;0.00000105
817;SJV006015SJU;203;103;0.00113478
817;SJV006015SJU;206;103;0.00015916
817;SJV006015SJU;212;103;0.00011566
817;SJV006015SJU;213;103;0.00029770
817;SJV006015SJU;214;103;0.00027816
817;SJV006015SJU;178;104;0.00000333
817;SJV006015SJU;179;104;0.00000614
817;SJV006015SJU;182;104;0.00020948
817;SJV006015SJU;183;104;0.00090733
817;SJV006015SJU;184;104;0.00093607
817;SJV006015SJU;185;104;0.00102502
817;SJV006015SJU;186;104;0.00100150
817;SJV006015SJU;187;104;0.00093150
817;SJV006015SJU;188;104;0.00140854
817;SJV006015SJU;189;104;0.00209607
817;SJV006015SJU;190;104;0.00623222
817;SJV006015SJU;191;104;0.00147489
817;SJV006015SJU;192;104;0.00102456
817;SJV006015SJU;193;104;0.00072345
817;SJV006015SJU;194;104;0.00081579
817;SJV006015SJU;195;104;0.00102849
817;SJV006015SJU;196;104;0.00120628
817;SJV006015SJU;197;104;0.00250996
817;SJV006015SJU;198;104;0.00126503
817;SJV006015SJU;199;104;0.00125487
817;SJV006015SJU;200;104;0.01077761
817;SJV006015SJU;201;104;0.00008729
817;SJV006015SJU;202;104;0.00001713
817;SJV006015SJU;203;104;0.00111382
817;SJV006015SJU;204;104;0.00004002
817;SJV006015SJU;205;104;0.00005571
817;SJV006015SJU;206;104;0.00021217
817;SJV006015SJU;207;104;0.00009644
817;SJV006015SJU;208;104;0.00009364
817;SJV006015SJU;212;104;0.00004967
817;SJV006015SJU;213;104;0.00009392
817;SJV006015SJU;181;105;0.00086625
817;SJV006015SJU;182;105;0.00072804
817;SJV006015SJU;185;105;0.00012913
817;SJV006015SJU;189;105;0.00130615
817;SJV006015SJU;190;105;0.00292094
817;SJV006015SJU;192;105;0.00024453
817;SJV006015SJU;195;105;0.00014849
817;SJV006015SJU;197;105;0.00095934
817;SJV006015SJU;198;105;0.00004369
817;SJV006015SJU;199;105;0.00004369
817;SJV006015SJU;200;105;0.01007944
817;SJV006015SJU;202;105;0.00003937
817;SJV006015SJU;203;105;0.00087337
817;SJV006015SJU;204;105;0.00001234
817;SJV006015SJU;206;105;0.00010421
817;SJV006015SJU;207;105;0.00000867
817;SJV006015SJU;208;105;0.00002526
817;SJV006015SJU;209;105;0.00011330
817;SJV006015SJU;210;105;0.00005314
817;SJV006015SJU;213;105;0.00003409
817;SJV006015SJU;214;105;0.00006341
817;SJV006015SJU;179;106;0.00056906
817;SJV006015SJU;180;106;0.00090948
817;SJV006015SJU;181;106;0.00007037
817;SJV006015SJU;182;106;0.00000261
817;SJV006015SJU;184;106;0.00010411
817;SJV006015SJU;185;106;0.00002385
817;SJV006015SJU;189;106;0.00422765
817;SJV006015SJU;192;106;0.00024512
817;SJV006015SJU;195;106;0.00015320
817;SJV006015SJU;197;106;0.00084172
817;SJV006015SJU;198;106;0.00038773
817;SJV006015SJU;199;106;0.00046592
817;SJV006015SJU;200;106;0.01039178
817;SJV006015SJU;201;106;0.00091480
817;SJV006015SJU;202;106;0.00008858
817;SJV006015SJU;203;106;0.00063202
817;SJV006015SJU;207;106;0.00011352
817;SJV006015SJU;208;106;0.00004586
817;SJV006015SJU;210;106;0.00005721
817;SJV006015SJU;211;106;0.00002181
817;SJV006015SJU;214;106;0.00000719
817;SJV006015SJU;178;107;0.00021293
817;SJV006015SJU;179;107;0.00036435
817;SJV006015SJU;182;107;0.00000667
817;SJV006015SJU;183;107;0.00002828
817;SJV006015SJU;184;107;0.00031293
817;SJV006015SJU;185;107;0.00017866
817;SJV006015SJU;186;107;0.00020128
817;SJV006015SJU;187;107;0.00022630
817;SJV006015SJU;188;107;0.00306208
817;SJV006015SJU;189;107;0.00130443
817;SJV006015SJU;192;107;0.00024516
817;SJV006015SJU;195;107;0.00012907
817;SJV006015SJU;197;107;0.00063717
817;SJV006015SJU;198;107;0.00064370
817;SJV006015SJU;199;107;0.00970698
817;SJV006015SJU;200;107;0.00105096
817;SJV006015SJU;201;107;0.00082180
817;SJV006015SJU;203;107;0.00063501
817;SJV006015SJU;208;107;0.00014154
817;SJV006015SJU;209;107;0.00006277
817;SJV006015SJU;210;107;0.00005713
817;SJV006015SJU;211;107;0.00016635
817;SJV006015SJU;212;107;0.00006157
817;SJV006015SJU;178;108;0.00000004
817;SJV006015SJU;180;108;0.00048119
817;SJV006015SJU;183;108;0.00023610
817;SJV006015SJU;185;108;0.00004171
817;SJV006015SJU;187;108;0.00030170
817;SJV006015SJU;188;108;0.00377340
817;SJV006015SJU;192;108;0.00029913
817;SJV006015SJU;193;108;0.00028979
817;SJV006015SJU;194;108;0.00028979
817;SJV006015SJU;195;108;0.00040555
817;SJV006015SJU;196;108;0.00040420
817;SJV006015SJU;197;108;0.00117007
817;SJV006015SJU;198;108;0.00139685
817;SJV006015SJU;199;108;0.01235221
817;SJV006015SJU;200;108;0.00197508
817;SJV006015SJU;201;108;0.00089763
817;SJV006015SJU;202;108;0.00116116
817;SJV006015SJU;203;108;0.00093256
817;SJV006015SJU;204;108;0.00007692
817;SJV006015SJU;205;108;0.00008014
817;SJV006015SJU;206;108;0.00008210
817;SJV006015SJU;207;108;0.00007993
817;SJV006015SJU;208;108;0.00002468
817;SJV006015SJU;211;108;0.00003483
817;SJV006015SJU;212;108;0.00005018
817;SJV006015SJU;213;108;0.00011335
817;SJV006015SJU;214;108;0.00002327
817;SJV006015SJU;180;109;0.00008721
817;SJV006015SJU;187;109;0.00071488
817;SJV006015SJU;192;109;0.00000250
817;SJV006015SJU;197;109;0.00014149
817;SJV006015SJU;198;109;0.00014796
817;SJV006015SJU;199;109;0.00363143
817;SJV006015SJU;200;109;0.00054026
817;SJV006015SJU;201;109;0.00037601
817;SJV006015SJU;202;109;0.00042310
817;SJV006015SJU;203;109;0.00036489
817;SJV006015SJU;209;109;0.00028850
817;0SC0060190SC;222;52;0.00004428
817;0SC0060190SC;219;53;0.00005387
817;0SC0060190SC;220;53;0.00004934
817;0SC0060190SC;221;53;0.00018778
817;0SC0060190SC;222;53;0.00080635
817;0SC0060190SC;223;53;0.00099063
817;0SC0060190SC;224;53;0.00024205
817;0SC0060190SC;219;54;0.00009499
817;0SC0060190SC;220;54;0.00028563
817;0SC0060190SC;221;54;0.00031215
817;0SC0060190SC;222;54;0.00368795
817;0SC0060190SC;223;54;0.00401854
817;0SC0060190SC;224;54;0.00455112
817;0SC0060190SC;225;54;0.00119942
817;0SC0060190SC;226;54;0.00143784
817;0SC0060190SC;219;55;0.00003376
817;0SC0060190SC;220;55;0.00070940
817;0SC0060190SC;221;55;0.00136559
817;0SC0060190SC;222;55;0.00425413
817;0SC0060190SC;223;55;0.00275736
817;0SC0060190SC;224;55;0.00746488
817;0SC0060190SC;225;55;0.00685583
817;0SC0060190SC;226;55;0.00523558
817;0SC0060190SC;227;55;0.00042615
817;0SC0060190SC;219;56;0.00016769
817;0SC0060190SC;220;56;0.00136379
817;0SC0060190SC;221;56;0.00237453
817;0SC0060190SC;222;56;0.00843157
817;0SC0060190SC;223;56;0.00726581
817;0SC0060190SC;224;56;0.00822184
817;0SC0060190SC;225;56;0.00107283
817;0SC0060190SC;226;56;0.00233175
817;0SC0060190SC;227;56;0.00111671
817;0SC0060190SC;219;57;0.00046292
817;0SC0060190SC;220;57;0.00451495
817;0SC0060190SC;221;57;0.00670314
817;0SC0060190SC;222;57;0.01036764
817;0SC0060190SC;223;57;0.00619739
817;0SC0060190SC;224;57;0.01144273
817;0SC0060190SC;225;57;0.00662201
817;0SC0060190SC;226;57;0.00833995
817;0SC0060190SC;227;57;0.00489251
817;0SC0060190SC;228;57;0.00252190
817;0SC0060190SC;218;58;0.00002952
817;0SC0060190SC;219;58;0.00134109
817;0SC0060190SC;220;58;0.00720709
817;0SC0060190SC;221;58;0.00519909
817;0SC0060190SC;222;58;0.00783735
817;0SC0060190SC;223;58;0.00260051
817;0SC0060190SC;224;58;0.00996829
817;0SC0060190SC;225;58;0.00403826
817;0SC0060190SC;226;58;0.00666045
817;0SC0060190SC;227;58;0.00706665
817;0SC0060190SC;228;58;0.00230954
817;0SC0060190SC;229;58;0.00028472
817;0SC0060190SC;218;59;0.00037512
817;0SC0060190SC;219;59;0.00406413
817;0SC0060190SC;220;59;0.00987520
817;0SC0060190SC;221;59;0.00188681
817;0SC0060190SC;222;59;0.00719668
817;0SC0060190SC;223;59;0.00437970
817;0SC0060190SC;224;59;0.00757684
817;0SC0060190SC;225;59;0.00190030
817;0SC0060190SC;226;59;0.01032407
817;0SC0060190SC;227;59;0.00270739
817;0SC0060190SC;228;59;0.00155061
817;0SC0060190SC;229;59;0.00030223
817;0SC0060190SC;230;59;0.00009753
817;0SC0060190SC;231;59;0.00069679
817;0SC0060190SC;210;60;0.00000210
817;0SC0060190SC;217;60;0.00039991
817;0SC0060190SC;218;60;0.00215356
817;0SC0060190SC;219;60;0.00644726
817;0SC0060190SC;220;60;0.00425448
817;0SC0060190SC;221;60;0.00253402
817;0SC0060190SC;222;60;0.00763929
817;0SC0060190SC;223;60;0.00407051
817;0SC0060190SC;224;60;0.00846153
817;0SC0060190SC;225;60;0.00735281
817;0SC0060190SC;226;60;0.00546005
817;0SC0060190SC;227;60;0.00385457
817;0SC0060190SC;228;60;0.00092859
817;0SC0060190SC;229;60;0.00056308
817;0SC0060190SC;230;60;0.00090616
817;0SC0060190SC;231;60;0.00098588
817;0SC0060190SC;232;60;0.00247749
817;0SC0060190SC;207;61;0.00034701
817;0SC0060190SC;208;61;0.00046704
817;0SC0060190SC;209;61;0.00055831
817;0SC0060190SC;210;61;0.00059849
817;0SC0060190SC;211;61;0.00056978
817;0SC0060190SC;212;61;0.00060543
817;0SC0060190SC;213;61;0.00065877
817;0SC0060190SC;214;61;0.00063786
817;0SC0060190SC;215;61;0.00072781
817;0SC0060190SC;216;61;0.00098773
817;0SC0060190SC;217;61;0.00350329
817;0SC0060190SC;218;61;0.00602945
817;0SC0060190SC;219;61;0.00699347
817;0SC0060190SC;220;61;0.00512446
817;0SC0060190SC;221;61;0.00551988
817;0SC0060190SC;222;61;0.01355208
817;0SC0060190SC;223;61;0.01161747
817;0SC0060190SC;224;61;0.01623048
817;0SC0060190SC;225;61;0.00828849
817;0SC0060190SC;226;61;0.00278920
817;0SC0060190SC;227;61;0.00624203
817;0SC0060190SC;228;61;0.00454605
817;0SC0060190SC;229;61;0.00619376
817;0SC0060190SC;230;61;0.00585098
817;0SC0060190SC;231;61;0.00502036
817;0SC0060190SC;232;61;0.00723867
817;0SC0060190SC;233;61;0.00253096
817;0SC0060190SC;234;61;0.00267819
817;0SC0060190SC;208;62;0.00002840
817;0SC0060190SC;209;62;0.00000485
817;0SC0060190SC;210;62;0.00004579
817;0SC0060190SC;211;62;0.00001080
817;0SC0060190SC;212;62;0.00012202
817;0SC0060190SC;213;62;0.00002449
817;0SC0060190SC;214;62;0.00009836
817;0SC0060190SC;215;62;0.00014339
817;0SC0060190SC;216;62;0.00018884
817;0SC0060190SC;217;62;0.00065946
817;0SC0060190SC;218;62;0.00715105
817;0SC0060190SC;219;62;0.00358948
817;0SC0060190SC;220;62;0.00554087
817;0SC0060190SC;221;62;0.00535511
817;0SC0060190SC;222;62;0.01457556
817;0SC0060190SC;223;62;0.01893136
817;0SC0060190SC;224;62;0.01059727
817;0SC0060190SC;225;62;0.00507605
817;0SC0060190SC;226;62;0.00424967
817;0SC0060190SC;227;62;0.00663885
817;0SC0060190SC;228;62;0.01054984
817;0SC0060190SC;229;62;0.00200513
817;0SC0060190SC;230;62;0.00097716
817;0SC0060190SC;231;62;0.00049851
817;0SC0060190SC;232;62;0.00107029
817;0SC0060190SC;233;62;0.00557758
817;0SC0060190SC;234;62;0.00269322
817;0SC0060190SC;235;62;0.00000100
817;0SC0060190SC;208;63;0.00000638
817;0SC0060190SC;209;63;0.00005102
817;0SC0060190SC;210;63;0.00010472
817;0SC0060190SC;211;63;0.00018379
817;0SC0060190SC;212;63;0.00025375
817;0SC0060190SC;213;63;0.00017186
817;0SC0060190SC;214;63;0.00005501
817;0SC0060190SC;215;63;0.00007396
817;0SC0060190SC;217;63;0.00302863
817;0SC0060190SC;218;63;0.00025101
817;0SC0060190SC;219;63;0.00075461
817;0SC0060190SC;220;63;0.00287584
817;0SC0060190SC;221;63;0.00611765
817;0SC0060190SC;222;63;0.00804586
817;0SC0060190SC;223;63;0.00886637
817;0SC0060190SC;224;63;0.00146388
817;0SC0060190SC;225;63;0.00414099
817;0SC0060190SC;226;63;0.00490304
817;0SC0060190SC;227;63;0.00412768
817;0SC0060190SC;228;63;0.00418228
817;0SC0060190SC;229;63;0.00550126
817;0SC0060190SC;230;63;0.00572562
817;0SC0060190SC;231;63;0.00551331
817;0SC0060190SC;232;63;0.00680905
817;0SC0060190SC;233;63;0.00681098
817;0SC0060190SC;234;63;0.00677793
817;0SC0060190SC;235;63;0.00160206
817;0SC0060190SC;209;64;0.00002108
817;0SC0060190SC;210;64;0.00296955
817;0SC0060190SC;211;64;0.00359945
817;0SC0060190SC;212;64;0.00389970
817;0SC0060190SC;213;64;0.00353826
817;0SC0060190SC;214;64;0.00028499
817;0SC0060190SC;215;64;0.00007055
817;0SC0060190SC;216;64;0.00000819
817;0SC0060190SC;217;64;0.00425193
817;0SC0060190SC;218;64;0.00070685
817;0SC0060190SC;219;64;0.00076772
817;0SC0060190SC;220;64;0.00409307
817;0SC0060190SC;221;64;0.00042821
817;0SC0060190SC;222;64;0.00870075
817;0SC0060190SC;223;64;0.00544595
817;0SC0060190SC;224;64;0.00343458
817;0SC0060190SC;225;64;0.00199944
817;0SC0060190SC;226;64;0.00132066
817;0SC0060190SC;227;64;0.00115870
817;0SC0060190SC;228;64;0.00549916
817;0SC0060190SC;229;64;0.00934858
817;0SC0060190SC;230;64;0.00697348
817;0SC0060190SC;231;64;0.00632307
817;0SC0060190SC;232;64;0.00679019
817;0SC0060190SC;233;64;0.00453080
817;0SC0060190SC;234;64;0.00416312
817;0SC0060190SC;235;64;0.00246701
817;0SC0060190SC;210;65;0.00003143
817;0SC0060190SC;211;65;0.00002362
817;0SC0060190SC;212;65;0.00000714
817;0SC0060190SC;213;65;0.00035336
817;0SC0060190SC;214;65;0.00505792
817;0SC0060190SC;215;65;0.00550261
817;0SC0060190SC;216;65;0.00545260
817;0SC0060190SC;217;65;0.00841733
817;0SC0060190SC;218;65;0.00572427
817;0SC0060190SC;219;65;0.00659751
817;0SC0060190SC;220;65;0.00561552
817;0SC0060190SC;221;65;0.01034549
817;0SC0060190SC;222;65;0.00643645
817;0SC0060190SC;223;65;0.00393012
817;0SC0060190SC;224;65;0.00308686
817;0SC0060190SC;225;65;0.00836664
817;0SC0060190SC;226;65;0.00674283
817;0SC0060190SC;227;65;0.00587780
817;0SC0060190SC;228;65;0.00129829
817;0SC0060190SC;229;65;0.00007638
817;0SC0060190SC;230;65;0.00012326
817;0SC0060190SC;231;65;0.00008937
817;0SC0060190SC;232;65;0.00004877
817;0SC0060190SC;233;65;0.00000259
817;0SC0060190SC;234;65;0.00000460
817;0SC0060190SC;235;65;0.00000444
817;0SC0060190SC;213;66;0.00011766
817;0SC0060190SC;214;66;0.00107372
817;0SC0060190SC;215;66;0.00158064
817;0SC0060190SC;216;66;0.00153122
817;0SC0060190SC;217;66;0.00393666
817;0SC0060190SC;218;66;0.00237293
817;0SC0060190SC;219;66;0.00305129
817;0SC0060190SC;220;66;0.00664660
817;0SC0060190SC;221;66;0.00221651
817;0SC0060190SC;222;66;0.00002882
817;0SC0060190SC;223;66;0.00512145
817;0SC0060190SC;224;66;0.00349314
817;0SC0060190SC;225;66;0.00021099
817;0SC0060190SC;226;66;0.00004725
817;0SC0060190SC;231;66;0.00001396
817;0SC0060190SC;213;67;0.00002091
817;0SC0060190SC;214;67;0.00073048
817;0SC0060190SC;215;67;0.00194312
817;0SC0060190SC;216;67;0.00146485
817;0SC0060190SC;217;67;0.00314079
817;0SC0060190SC;218;67;0.00407163
817;0SC0060190SC;219;67;0.00627142
817;0SC0060190SC;220;67;0.00117212
817;0SC0060190SC;221;67;0.00481109
817;0SC0060190SC;222;67;0.00448694
817;0SC0060190SC;223;67;0.00025987
817;0SC0060190SC;224;67;0.00030155
817;0SC0060190SC;225;67;0.00000232
817;0SC0060190SC;226;67;0.00000402
817;0SC0060190SC;231;67;0.00001299
817;0SC0060190SC;232;67;0.00000102
817;0SC0060190SC;214;68;0.00161845
817;0SC0060190SC;215;68;0.00252746
817;0SC0060190SC;216;68;0.00270283
817;0SC0060190SC;217;68;0.00624313
817;0SC0060190SC;218;68;0.00579471
817;0SC0060190SC;219;68;0.00498666
817;0SC0060190SC;220;68;0.00422733
817;0SC0060190SC;221;68;0.00059364
817;0SC0060190SC;222;68;0.00000664
817;0SC0060190SC;223;68;0.00000188
817;0SC0060190SC;224;68;0.00052171
817;0SC0060190SC;225;68;0.00003684
817;0SC0060190SC;226;68;0.00001368
817;0SC0060190SC;227;68;0.00000824
817;0SC0060190SC;228;68;0.00000631
817;0SC0060190SC;231;68;0.00000345
817;0SC0060190SC;216;69;0.00017959
817;0SC0060190SC;217;69;0.01013660
817;0SC0060190SC;218;69;0.00397889
817;0SC0060190SC;219;69;0.00029214
817;0SC0060190SC;220;69;0.00001678
817;0SC0060190SC;222;69;0.00000314
817;0SC0060190SC;223;69;0.00000063
817;0SC0060190SC;224;69;0.00011536
817;0SC0060190SC;225;69;0.00025861
817;0SC0060190SC;228;69;0.00001282
817;0SC0060190SC;215;70;0.00279201
817;0SC0060190SC;216;70;0.00622397
817;0SC0060190SC;217;70;0.00218472
817;0SC0060190SC;225;70;0.00040140
817;0SC0060190SC;226;70;0.00000025
817;0SC0060190SC;228;70;0.00000825
817;0SC0060190SC;229;70;0.00001202
817;0SC0060190SC;230;70;0.00001080
817;0SC0060190SC;231;70;0.00000400
817;0SC0060190SC;232;70;0.00000892
817;0SC0060190SC;212;71;0.00029365
817;0SC0060190SC;213;71;0.00044817
817;0SC0060190SC;214;71;0.00023008
817;0SC0060190SC;215;71;0.00568756
817;0SC0060190SC;216;71;0.00097495
817;0SC0060190SC;217;71;0.00288715
817;0SC0060190SC;218;71;0.00080636
817;0SC0060190SC;219;71;0.00000803
817;0SC0060190SC;226;71;0.00020260
817;0SC0060190SC;231;71;0.00000679
817;0SC0060190SC;232;71;0.00000771
817;0SC0060190SC;233;71;0.00001026
817;0SC0060190SC;212;72;0.00000094
817;0SC0060190SC;213;72;0.00122832
817;0SC0060190SC;214;72;0.00328330
817;0SC0060190SC;215;72;0.00441557
817;0SC0060190SC;216;72;0.00070655
817;0SC0060190SC;217;72;0.00046376
817;0SC0060190SC;218;72;0.00216293
817;0SC0060190SC;219;72;0.00215760
817;0SC0060190SC;220;72;0.00033947
817;0SC0060190SC;221;72;0.00000317
817;0SC0060190SC;222;72;0.00000296
817;0SC0060190SC;223;72;0.00000129
817;0SC0060190SC;213;73;0.00015289
817;0SC0060190SC;214;73;0.00321259
817;0SC0060190SC;215;73;0.00010225
817;0SC0060190SC;216;73;0.00011455
817;0SC0060190SC;217;73;0.00012522
817;0SC0060190SC;218;73;0.00006355
817;0SC0060190SC;219;73;0.00002312
817;0SC0060190SC;220;73;0.00236208
817;0SC0060190SC;221;73;0.00120037
817;0SC0060190SC;223;73;0.00001232
817;0SC0060190SC;224;73;0.00000169
817;0SC0060190SC;213;74;0.00086582
817;0SC0060190SC;214;74;0.00251380
817;0SC0060190SC;215;74;0.00000087
817;0SC0060190SC;216;74;0.00002304
817;0SC0060190SC;217;74;0.00001595
817;0SC0060190SC;218;74;0.00002306
817;0SC0060190SC;219;74;0.00000872
817;0SC0060190SC;220;74;0.00003410
817;0SC0060190SC;221;74;0.00141368
817;0SC0060190SC;222;74;0.00215033
817;0SC0060190SC;223;74;0.00221798
817;0SC0060190SC;224;74;0.00048565
817;0SC0060190SC;213;75;0.00357618
817;0SC0060190SC;215;75;0.00000323
817;0SC0060190SC;216;75;0.00003651
817;0SC0060190SC;217;75;0.00000027
817;0SC0060190SC;218;75;0.00004780
817;0SC0060190SC;220;75;0.00000076
817;0SC0060190SC;221;75;0.00001671
817;0SC0060190SC;222;75;0.00001589
817;0SC0060190SC;212;76;0.00364945
817;0SC0060190SC;213;76;0.00009245
817;0SC0060190SC;216;76;0.00000080
817;0SC0060190SC;217;76;0.00003938
817;0SC0060190SC;218;76;0.00000646
817;0SC0060190SC;219;76;0.00004379
817;0SC0060190SC;220;76;0.00002988
817;0SC0060190SC;221;76;0.00001016
817;0SC0060190SC;211;77;0.00075959
817;0SC0060190SC;212;77;0.00233857
817;0SC0060190SC;217;77;0.00000437
817;0SC0060190SC;218;77;0.00003791
817;0SC0060190SC;219;77;0.00000347
817;0SC0060190SC;220;77;0.00000230
817;0SC0060190SC;210;78;0.00018374
817;0SC0060190SC;211;78;0.00369994
817;0SC0060190SC;212;78;0.00000430
817;0SC0060190SC;219;78;0.00002396
817;0SC0060190SC;210;79;0.00346369
817;0SC0060190SC;211;79;0.00000338
817;0SC0060190SC;212;79;0.00000266
817;0SC0060190SC;210;80;0.00275796
817;0SC0060190SC;213;80;0.00000064
817;0SC0060190SC;209;81;0.00102970
817;0SC0060190SC;210;81;0.00274838
817;0SC0060190SC;211;81;0.00043810
817;0SC0060190SC;212;81;0.00001471
817;0SC0060190SC;208;82;0.00253928
817;0SC0060190SC;209;82;0.00246559
817;0SC0060190SC;210;82;0.00000087
817;0SC0060190SC;211;82;0.00001636
817;0MD006015KER;218;83;0.00033187
817;0MD006015KER;219;83;0.00000131
817;0MD006015KER;220;83;0.00003776
817;0MD006015KER;221;83;0.00213856
817;0MD006015KER;222;83;0.00076169
817;0MD006015KER;223;83;0.00080692
817;0MD006015KER;224;83;0.01603827
817;0MD006015KER;218;84;0.00029481
817;0MD006015KER;219;84;0.00006479
817;0MD006015KER;220;84;0.00001586
817;0MD006015KER;221;84;0.00301265
817;0MD006015KER;222;84;0.00265015
817;0MD006015KER;223;84;0.00667355
817;0MD006015KER;224;84;0.03438275
817;0MD006015KER;225;84;0.00682869
817;0MD006015KER;226;84;0.00682785
817;0MD006015KER;227;84;0.00689481
817;0MD006015KER;228;84;0.00195510
817;0MD006015KER;221;85;0.00235996
817;0MD006015KER;222;85;0.00007255
817;0MD006015KER;223;85;0.00044772
817;0MD006015KER;224;85;0.01554640
817;0MD006015KER;228;85;0.00627873
817;0MD006015KER;229;85;0.00518361
817;0MD006015KER;221;86;0.00373598
817;0MD006015KER;222;86;0.00234200
817;0MD006015KER;223;86;0.00212817
817;0MD006015KER;224;86;0.01525609
817;0MD006015KER;229;86;0.00291847
817;0MD006015KER;230;86;0.00482030
817;0MD006015KER;220;87;0.00232321
817;0MD006015KER;221;87;0.00287608
817;0MD006015KER;223;87;0.00069500
817;0MD006015KER;224;87;0.01436016
817;0MD006015KER;230;87;0.00601067
817;0MD006015KER;219;88;0.00031424
817;0MD006015KER;220;88;0.00461689
817;0MD006015KER;223;88;0.00022983
817;0MD006015KER;224;88;0.01419610
817;0MD006015KER;227;88;0.00735524
817;0MD006015KER;228;88;0.00884175
817;0MD006015KER;229;88;0.01124056
817;0MD006015KER;230;88;0.01862571
817;0MD006015KER;231;88;0.01211160
817;0MD006015KER;232;88;0.01179261
817;0MD006015KER;233;88;0.01173830
817;0MD006015KER;234;88;0.01170522
817;0MD006015KER;235;88;0.00948134
817;0MD006015KER;236;88;0.00000128
817;0MD006015KER;219;89;0.00742865
817;0MD006015KER;220;89;0.00128150
817;0MD006015KER;221;89;0.00120913
817;0MD006015KER;222;89;0.00145681
817;0MD006015KER;223;89;0.00845520
817;0MD006015KER;224;89;0.01165628
817;0MD006015KER;225;89;0.01183006
817;0MD006015KER;226;89;0.00893854
817;0MD006015KER;227;89;0.00151881
817;0MD006015KER;229;89;0.00557467
817;0MD006015KER;231;89;0.00019344
817;0MD006015KER;233;89;0.00043506
817;0MD006015KER;234;89;0.00039543
817;0MD006015KER;235;89;0.00187067
817;0MD006015KER;236;89;0.00042472
817;0MD006015KER;212;90;0.00076689
817;0MD006015KER;213;90;0.00196537
817;0MD006015KER;214;90;0.00386810
817;0MD006015KER;215;90;0.00436729
817;0MD006015KER;216;90;0.00051964
817;0MD006015KER;217;90;0.00004722
817;0MD006015KER;218;90;0.00490608
817;0MD006015KER;219;90;0.00031160
817;0MD006015KER;220;90;0.00247214
817;0MD006015KER;221;90;0.00521169
817;0MD006015KER;223;90;0.00797616
817;0MD006015KER;224;90;0.00870347
817;0MD006015KER;225;90;0.00699600
817;0MD006015KER;229;90;0.00556418
817;0MD006015KER;231;90;0.00001450
817;0MD006015KER;232;90;0.00004092
817;0MD006015KER;212;91;0.00005247
817;0MD006015KER;214;91;0.00494118
817;0MD006015KER;215;91;0.00919559
817;0MD006015KER;216;91;0.01310140
817;0MD006015KER;217;91;0.03013221
817;0MD006015KER;218;91;0.02733307
817;0MD006015KER;219;91;0.01569905
817;0MD006015KER;220;91;0.01483446
817;0MD006015KER;221;91;0.01018549
817;0MD006015KER;222;91;0.01644543
817;0MD006015KER;223;91;0.01719579
817;0MD006015KER;224;91;0.01382406
817;0MD006015KER;225;91;0.00687515
817;0MD006015KER;226;91;0.00603220
817;0MD006015KER;227;91;0.00627701
817;0MD006015KER;228;91;0.00795346
817;0MD006015KER;229;91;0.00675104
817;0MD006015KER;213;92;0.00445506
817;0MD006015KER;214;92;0.00805278
817;0MD006015KER;216;92;0.00395477
817;0MD006015KER;217;92;0.01958098
817;0MD006015KER;218;92;0.00002446
817;0MD006015KER;225;92;0.00365070
817;0MD006015KER;228;92;0.00186823
817;0MD006015KER;229;92;0.00188485
817;0MD006015KER;230;92;0.00050554
817;0MD006015KER;215;93;0.01318396
817;0MD006015KER;216;93;0.02031848
817;0MD006015KER;225;93;0.00165480
817;0MD006015KER;226;93;0.00199430
817;0MD006015KER;228;93;0.00145239
817;0MD006015KER;230;93;0.00138131
817;0MD006015KER;231;93;0.00005642
817;0MD006015KER;214;94;0.01226242
817;0MD006015KER;215;94;0.01101988
817;0MD006015KER;226;94;0.00327099
817;0MD006015KER;227;94;0.00087796
817;0MD006015KER;228;94;0.00057464
817;0MD006015KER;230;94;0.00004878
817;0MD006015KER;231;94;0.00123890
817;0MD006015KER;232;94;0.00029913
817;0MD006015KER;226;95;0.00299071
817;0MD006015KER;227;95;0.00168342
817;0MD006015KER;232;95;0.00092372
817;0MD006015KER;233;95;0.00062722
817;0MD006015KER;214;96;0.00094699
817;0MD006015KER;215;96;0.00033475
817;0MD006015KER;216;96;0.00033690
817;0MD006015KER;217;96;0.00037553
817;0MD006015KER;218;96;0.00026195
817;0MD006015KER;225;96;0.00001270
817;0MD006015KER;226;96;0.00000871
817;0MD006015KER;227;96;0.00552874
817;0MD006015KER;233;96;0.00059588
817;0MD006015KER;234;96;0.00096890
817;0MD006015KER;214;97;0.00082022
817;0MD006015KER;215;97;0.00019768
817;0MD006015KER;218;97;0.00015560
817;0MD006015KER;219;97;0.00008030
817;0MD006015KER;225;97;0.00003113
817;0MD006015KER;226;97;0.00001332
817;0MD006015KER;227;97;0.00055492
817;0MD006015KER;228;97;0.00465733
817;0MD006015KER;229;97;0.00061328
817;0MD006015KER;234;97;0.00024458
817;0MD006015KER;235;97;0.00113562
817;0MD006015KER;215;98;0.00100183
817;0MD006015KER;217;98;0.00009969
817;0MD006015KER;218;98;0.00018692
817;0MD006015KER;219;98;0.00004435
817;0MD006015KER;220;98;0.00000282
817;0MD006015KER;221;98;0.00000725
817;0MD006015KER;222;98;0.00001094
817;0MD006015KER;223;98;0.00002354
817;0MD006015KER;224;98;0.00002630
817;0MD006015KER;225;98;0.00001051
817;0MD006015KER;227;98;0.00161569
817;0MD006015KER;228;98;0.00093810
817;0MD006015KER;229;98;0.00174406
817;0MD006015KER;230;98;0.00216808
817;0MD006015KER;231;98;0.00013591
817;0MD006015KER;234;98;0.00004173
817;0MD006015KER;235;98;0.00215706
817;0MD006015KER;215;99;0.00048716
817;0MD006015KER;216;99;0.00014377
817;0MD006015KER;217;99;0.00004886
817;0MD006015KER;218;99;0.00002039
817;0MD006015KER;220;99;0.00000528
817;0MD006015KER;227;99;0.00234472
817;0MD006015KER;231;99;0.00190864
817;0MD006015KER;232;99;0.00200840
817;0MD006015KER;233;99;0.00022175
817;0MD006015KER;234;99;0.00092162
817;0MD006015KER;235;99;0.00383906
817;0MD006015KER;215;100;0.00039966
817;0MD006015KER;218;100;0.00001062
817;0MD006015KER;219;100;0.00002414
817;0MD006015KER;220;100;0.00001805
817;0MD006015KER;221;100;0.00002252
817;0MD006015KER;222;100;0.00000320
817;0MD006015KER;227;100;0.00085648
817;0MD006015KER;228;100;0.00151997
817;0MD006015KER;232;100;0.00059131
817;0MD006015KER;233;100;0.00178876
817;0MD006015KER;234;100;0.00591034
817;0MD006015KER;235;100;0.00100530
817;0MD006015KER;215;101;0.00035481
817;0MD006015KER;222;101;0.00003232
817;0MD006015KER;228;101;0.00241449
817;0MD006015KER;235;101;0.00589133
817;0MD006015KER;215;102;0.00009622
817;0MD006015KER;216;102;0.00027504
817;0MD006015KER;222;102;0.00084035
817;0MD006015KER;228;102;0.00241502
817;0MD006015KER;234;102;0.00581721
817;0MD006015KER;235;102;0.00049352
817;0MD006015KER;214;103;0.00284726
817;0MD006015KER;215;103;0.00168025
817;0MD006015KER;216;103;0.00045872
817;0MD006015KER;221;103;0.00067885
817;0MD006015KER;222;103;0.00202617
817;0MD006015KER;228;103;0.00099826
817;0MD006015KER;229;103;0.00141573
817;0MD006015KER;233;103;0.00403379
817;0MD006015KER;234;103;0.00509646
817;0MD006015KER;215;104;0.00214276
817;0MD006015KER;216;104;0.00665588
817;0MD006015KER;221;104;0.00122498
817;0MD006015KER;222;104;0.00053003
817;0MD006015KER;229;104;0.00328578
817;0MD006015KER;232;104;0.00072824
817;0MD006015KER;233;104;0.00561676
817;0MD006015KER;234;104;0.00371324
817;0MD006015KER;235;104;0.00023225
817;0MD006015KER;214;105;0.00000003
817;0MD006015KER;216;105;0.00721010
817;0MD006015KER;217;105;0.00330662
817;0MD006015KER;218;105;0.00417129
817;0MD006015KER;219;105;0.00124724
817;0MD006015KER;221;105;0.00193181
817;0MD006015KER;227;105;0.00072508
817;0MD006015KER;228;105;0.00185637
817;0MD006015KER;229;105;0.00337606
817;0MD006015KER;230;105;0.00001928
817;0MD006015KER;231;105;0.00005073
817;0MD006015KER;232;105;0.00297190
817;0MD006015KER;233;105;0.00221399
817;0MD006015KER;234;105;0.01941802
817;0MD006015KER;235;105;0.00374781
817;0MD006015KER;214;106;0.00045250
817;0MD006015KER;215;106;0.00000024
817;0MD006015KER;216;106;0.00415806
817;0MD006015KER;217;106;0.00245948
817;0MD006015KER;218;106;0.00071168
817;0MD006015KER;219;106;0.00158410
817;0MD006015KER;220;106;0.00313006
817;0MD006015KER;221;106;0.00227938
817;0MD006015KER;226;106;0.00184832
817;0MD006015KER;227;106;0.00104566
817;0MD006015KER;229;106;0.00034780
817;0MD006015KER;230;106;0.00322818
817;0MD006015KER;231;106;0.01021376
817;0MD006015KER;232;106;0.00663539
817;0MD006015KER;233;106;0.00724493
817;0MD006015KER;234;106;0.01358228
817;0MD006015KER;235;106;0.00170388
817;0MD006015KER;214;107;0.00040541
817;0MD006015KER;215;107;0.00089831
817;0MD006015KER;216;107;0.00155640
817;0MD006015KER;217;107;0.00353299
817;0MD006015KER;218;107;0.00030278
817;0MD006015KER;221;107;0.00004308
817;0MD006015KER;222;107;0.00163247
817;0MD006015KER;223;107;0.00134552
817;0MD006015KER;225;107;0.00108152
817;0MD006015KER;226;107;0.00069634
817;0MD006015KER;230;107;0.00519229
817;0MD006015KER;231;107;0.00004782
817;0MD006015KER;214;108;0.00100178
817;0MD006015KER;215;108;0.00045090
817;0MD006015KER;217;108;0.00125182
817;0MD006015KER;218;108;0.00071633
817;0MD006015KER;223;108;0.00099552
817;0MD006015KER;224;108;0.00189989
817;0MD006015KER;225;108;0.00182456
817;0MD006015KER;230;108;0.00329074
817;0MD006015KER;217;109;0.00010351
817;0MD006015KER;230;109;0.00228319
817;0MD006036MOJ;260;63;0.00088737
817;0MD006036MOJ;261;63;0.00012854
817;0MD006036MOJ;260;64;0.00004104
817;0MD006036MOJ;261;64;0.00121870
817;0MD006036MOJ;262;64;0.00030530
817;0MD006036MOJ;273;64;0.00000904
817;0MD006036MOJ;262;65;0.00091272
817;0MD006036MOJ;263;65;0.00109398
817;0MD006036MOJ;264;65;0.00071122
817;0MD006036MOJ;265;65;0.00011728
817;0MD006036MOJ;266;65;0.00012734
817;0MD006036MOJ;267;65;0.00000174
817;0MD006036MOJ;273;65;0.00000966
817;0MD006036MOJ;283;65;0.00000539
817;0MD006036MOJ;284;65;0.00000359
817;0MD006036MOJ;263;66;0.00005574
817;0MD006036MOJ;264;66;0.00077930
817;0MD006036MOJ;265;66;0.00066984
817;0MD006036MOJ;266;66;0.00056559
817;0MD006036MOJ;267;66;0.00042123
817;0MD006036MOJ;268;66;0.00041696
817;0MD006036MOJ;269;66;0.00041222
817;0MD006036MOJ;270;66;0.00040431
817;0MD006036MOJ;271;66;0.00041617
817;0MD006036MOJ;272;66;0.00024252
817;0MD006036MOJ;273;66;0.00014516
817;0MD006036MOJ;274;66;0.00006497
817;0MD006036MOJ;275;66;0.00001217
817;0MD006036MOJ;276;66;0.00000609
817;0MD006036MOJ;277;66;0.00000568
817;0MD006036MOJ;278;66;0.00000568
817;0MD006036MOJ;279;66;0.00000570
817;0MD006036MOJ;280;66;0.00000570
817;0MD006036MOJ;281;66;0.00000845
817;0MD006036MOJ;282;66;0.00000861
817;0MD006036MOJ;283;66;0.00000445
817;0MD006036MOJ;284;66;0.00001200
817;0MD006036MOJ;285;66;0.00000861
817;0MD006036MOJ;286;66;0.00000879
817;0MD006036MOJ;287;66;0.00000788
817;0MD006036MOJ;293;66;0.00005140
817;0MD006036MOJ;294;66;0.00009261
817;0MD006036MOJ;295;66;0.00001977
817;0MD006036MOJ;300;66;0.00003881
817;0MD006036MOJ;257;67;0.00004666
817;0MD006036MOJ;263;67;0.00014070
817;0MD006036MOJ;264;67;0.00040917
817;0MD006036MOJ;265;67;0.00024034
817;0MD006036MOJ;266;67;0.00004914
817;0MD006036MOJ;267;67;0.00005269
817;0MD006036MOJ;268;67;0.00001392
817;0MD006036MOJ;270;67;0.00006848
817;0MD006036MOJ;271;67;0.00000794
817;0MD006036MOJ;272;67;0.00018595
817;0MD006036MOJ;274;67;0.00007813
817;0MD006036MOJ;275;67;0.00000959
817;0MD006036MOJ;276;67;0.00000852
817;0MD006036MOJ;277;67;0.00000852
817;0MD006036MOJ;278;67;0.00000852
817;0MD006036MOJ;279;67;0.00000590
817;0MD006036MOJ;295;67;0.00007283
817;0MD006036MOJ;296;67;0.00010781
817;0MD006036MOJ;297;67;0.00011992
817;0MD006036MOJ;298;67;0.00011528
817;0MD006036MOJ;299;67;0.00011068
817;0MD006036MOJ;300;67;0.00005860
817;0MD006036MOJ;301;67;0.00010016
817;0MD006036MOJ;302;67;0.00011697
817;0MD006036MOJ;303;67;0.00007172
817;0MD006036MOJ;308;67;0.00002380
817;0MD006036MOJ;263;68;0.00035336
817;0MD006036MOJ;264;68;0.00002755
817;0MD006036MOJ;265;68;0.00003557
817;0MD006036MOJ;266;68;0.00002064
817;0MD006036MOJ;267;68;0.00001836
817;0MD006036MOJ;268;68;0.00003392
817;0MD006036MOJ;269;68;0.00003383
817;0MD006036MOJ;270;68;0.00006798
817;0MD006036MOJ;271;68;0.00001774
817;0MD006036MOJ;272;68;0.00009659
817;0MD006036MOJ;273;68;0.00000986
817;0MD006036MOJ;274;68;0.00000300
817;0MD006036MOJ;279;68;0.00000652
817;0MD006036MOJ;280;68;0.00000269
817;0MD006036MOJ;296;68;0.00000350
817;0MD006036MOJ;297;68;0.00001188
817;0MD006036MOJ;303;68;0.00008222
817;0MD006036MOJ;304;68;0.00005530
817;0MD006036MOJ;307;68;0.00005652
817;0MD006036MOJ;308;68;0.00000181
817;0MD006036MOJ;238;69;0.00000373
817;0MD006036MOJ;239;69;0.00012840
817;0MD006036MOJ;240;69;0.00951446
817;0MD006036MOJ;243;69;0.00002937
817;0MD006036MOJ;246;69;0.00000600
817;0MD006036MOJ;263;69;0.00037640
817;0MD006036MOJ;264;69;0.00009444
817;0MD006036MOJ;265;69;0.00002074
817;0MD006036MOJ;266;69;0.00002519
817;0MD006036MOJ;268;69;0.00001042
817;0MD006036MOJ;269;69;0.00000280
817;0MD006036MOJ;270;69;0.00003001
817;0MD006036MOJ;271;69;0.00000136
817;0MD006036MOJ;272;69;0.00002049
817;0MD006036MOJ;279;69;0.00000153
817;0MD006036MOJ;280;69;0.00000704
817;0MD006036MOJ;295;69;0.00000383
817;0MD006036MOJ;296;69;0.00001270
817;0MD006036MOJ;304;69;0.00010288
817;0MD006036MOJ;305;69;0.00004387
817;0MD006036MOJ;306;69;0.00004423
817;0MD006036MOJ;307;69;0.00000961
817;0MD006036MOJ;310;69;0.00000867
817;0MD006036MOJ;237;70;0.00016124
817;0MD006036MOJ;238;70;0.00015158
817;0MD006036MOJ;239;70;0.00261442
817;0MD006036MOJ;240;70;0.02614381
817;0MD006036MOJ;241;70;0.00009190
817;0MD006036MOJ;242;70;0.00011815
817;0MD006036MOJ;243;70;0.00006882
817;0MD006036MOJ;244;70;0.00002913
817;0MD006036MOJ;245;70;0.00002824
817;0MD006036MOJ;246;70;0.00003817
817;0MD006036MOJ;255;70;0.00009852
817;0MD006036MOJ;262;70;0.00002803
817;0MD006036MOJ;263;70;0.00038106
817;0MD006036MOJ;266;70;0.00000759
817;0MD006036MOJ;269;70;0.00001372
817;0MD006036MOJ;270;70;0.00003932
817;0MD006036MOJ;271;70;0.00001524
817;0MD006036MOJ;279;70;0.00000433
817;0MD006036MOJ;280;70;0.00000441
817;0MD006036MOJ;294;70;0.00001017
817;0MD006036MOJ;295;70;0.00001012
817;0MD006036MOJ;304;70;0.00003375
817;0MD006036MOJ;305;70;0.00022993
817;0MD006036MOJ;306;70;0.00003476
817;0MD006036MOJ;307;70;0.00001718
817;0MD006036MOJ;308;70;0.00001714
817;0MD006036MOJ;309;70;0.00001754
817;0MD006036MOJ;310;70;0.00001508
817;0MD006036MOJ;236;71;0.00015224
817;0MD006036MOJ;237;71;0.00008481
817;0MD006036MOJ;238;71;0.00242205
817;0MD006036MOJ;239;71;0.00053727
817;0MD006036MOJ;240;71;0.00643305
817;0MD006036MOJ;241;71;0.01705960
817;0MD006036MOJ;242;71;0.00015407
817;0MD006036MOJ;243;71;0.00012721
817;0MD006036MOJ;245;71;0.00005257
817;0MD006036MOJ;254;71;0.00012949
817;0MD006036MOJ;255;71;0.00001094
817;0MD006036MOJ;261;71;0.00009385
817;0MD006036MOJ;262;71;0.00049042
817;0MD006036MOJ;280;71;0.00000872
817;0MD006036MOJ;291;71;0.00000506
817;0MD006036MOJ;292;71;0.00001170
817;0MD006036MOJ;293;71;0.00001343
817;0MD006036MOJ;294;71;0.00000337
817;0MD006036MOJ;304;71;0.00014771
817;0MD006036MOJ;237;72;0.00266282
817;0MD006036MOJ;238;72;0.00020920
817;0MD006036MOJ;240;72;0.00000524
817;0MD006036MOJ;241;72;0.01462265
817;0MD006036MOJ;242;72;0.00511305
817;0MD006036MOJ;243;72;0.00065874
817;0MD006036MOJ;244;72;0.00033480
817;0MD006036MOJ;245;72;0.00009401
817;0MD006036MOJ;246;72;0.00002949
817;0MD006036MOJ;251;72;0.00000071
817;0MD006036MOJ;252;72;0.00000132
817;0MD006036MOJ;253;72;0.00006441
817;0MD006036MOJ;254;72;0.00005488
817;0MD006036MOJ;258;72;0.00036752
817;0MD006036MOJ;259;72;0.00037050
817;0MD006036MOJ;260;72;0.00037820
817;0MD006036MOJ;261;72;0.00036630
817;0MD006036MOJ;280;72;0.00000872
817;0MD006036MOJ;289;72;0.00000591
817;0MD006036MOJ;290;72;0.00000917
817;0MD006036MOJ;291;72;0.00000869
817;0MD006036MOJ;304;72;0.00012757
817;0MD006036MOJ;236;73;0.00215901
817;0MD006036MOJ;237;73;0.00069915
817;0MD006036MOJ;238;73;0.00028058
817;0MD006036MOJ;239;73;0.00024816
817;0MD006036MOJ;240;73;0.00050799
817;0MD006036MOJ;241;73;0.00190422
817;0MD006036MOJ;242;73;0.01714436
817;0MD006036MOJ;243;73;0.00094422
817;0MD006036MOJ;244;73;0.00079265
817;0MD006036MOJ;245;73;0.00047793
817;0MD006036MOJ;246;73;0.00018111
817;0MD006036MOJ;247;73;0.00007689
817;0MD006036MOJ;248;73;0.00004376
817;0MD006036MOJ;249;73;0.00000782
817;0MD006036MOJ;251;73;0.00001255
817;0MD006036MOJ;252;73;0.00034572
817;0MD006036MOJ;253;73;0.00004548
817;0MD006036MOJ;254;73;0.00002943
817;0MD006036MOJ;255;73;0.00028833
817;0MD006036MOJ;256;73;0.00037592
817;0MD006036MOJ;257;73;0.00042101
817;0MD006036MOJ;258;73;0.00010728
817;0MD006036MOJ;280;73;0.00000858
817;0MD006036MOJ;289;73;0.00001899
817;0MD006036MOJ;290;73;0.00001294
817;0MD006036MOJ;303;73;0.00009826
817;0MD006036MOJ;304;73;0.00002679
817;0MD006036MOJ;236;74;0.00005598
817;0MD006036MOJ;237;74;0.00014295
817;0MD006036MOJ;238;74;0.00015451
817;0MD006036MOJ;239;74;0.00006151
817;0MD006036MOJ;240;74;0.00031293
817;0MD006036MOJ;241;74;0.00173235
817;0MD006036MOJ;242;74;0.00778201
817;0MD006036MOJ;243;74;0.01191250
817;0MD006036MOJ;244;74;0.00198642
817;0MD006036MOJ;245;74;0.00116883
817;0MD006036MOJ;246;74;0.00086171
817;0MD006036MOJ;247;74;0.00043666
817;0MD006036MOJ;248;74;0.00053166
817;0MD006036MOJ;249;74;0.00054006
817;0MD006036MOJ;250;74;0.00051484
817;0MD006036MOJ;251;74;0.00051858
817;0MD006036MOJ;252;74;0.00067007
817;0MD006036MOJ;253;74;0.00038899
817;0MD006036MOJ;254;74;0.00041285
817;0MD006036MOJ;255;74;0.00009336
817;0MD006036MOJ;279;74;0.00000192
817;0MD006036MOJ;280;74;0.00000746
817;0MD006036MOJ;288;74;0.00001086
817;0MD006036MOJ;289;74;0.00000931
817;0MD006036MOJ;303;74;0.00012505
817;0MD006036MOJ;235;75;0.00000919
817;0MD006036MOJ;236;75;0.00015951
817;0MD006036MOJ;237;75;0.00024911
817;0MD006036MOJ;238;75;0.00015105
817;0MD006036MOJ;239;75;0.00013313
817;0MD006036MOJ;240;75;0.00020906
817;0MD006036MOJ;241;75;0.00187314
817;0MD006036MOJ;242;75;0.00057847
817;0MD006036MOJ;243;75;0.01227920
817;0MD006036MOJ;244;75;0.00078950
817;0MD006036MOJ;245;75;0.00061117
817;0MD006036MOJ;246;75;0.00060166
817;0MD006036MOJ;247;75;0.00051920
817;0MD006036MOJ;252;75;0.00027284
817;0MD006036MOJ;253;75;0.00002293
817;0MD006036MOJ;254;75;0.00001537
817;0MD006036MOJ;279;75;0.00001126
817;0MD006036MOJ;286;75;0.00000811
817;0MD006036MOJ;287;75;0.00001294
817;0MD006036MOJ;288;75;0.00000209
817;0MD006036MOJ;303;75;0.00012486
817;0MD006036MOJ;235;76;0.00331944
817;0MD006036MOJ;236;76;0.00481977
817;0MD006036MOJ;237;76;0.00460520
817;0MD006036MOJ;238;76;0.00000347
817;0MD006036MOJ;239;76;0.00130361
817;0MD006036MOJ;240;76;0.00030176
817;0MD006036MOJ;241;76;0.00200979
817;0MD006036MOJ;242;76;0.00047458
817;0MD006036MOJ;243;76;0.00955970
817;0MD006036MOJ;244;76;0.00641410
817;0MD006036MOJ;245;76;0.00089214
817;0MD006036MOJ;246;76;0.00043217
817;0MD006036MOJ;247;76;0.00039478
817;0MD006036MOJ;251;76;0.00009470
817;0MD006036MOJ;252;76;0.00010565
817;0MD006036MOJ;279;76;0.00000857
817;0MD006036MOJ;285;76;0.00001113
817;0MD006036MOJ;286;76;0.00000558
817;0MD006036MOJ;303;76;0.00012445
817;0MD006036MOJ;235;77;0.00000787
817;0MD006036MOJ;236;77;0.00084195
817;0MD006036MOJ;237;77;0.00007450
817;0MD006036MOJ;238;77;0.00004544
817;0MD006036MOJ;239;77;0.00911697
817;0MD006036MOJ;240;77;0.00466646
817;0MD006036MOJ;241;77;0.00718018
817;0MD006036MOJ;242;77;0.00216979
817;0MD006036MOJ;243;77;0.00203098
817;0MD006036MOJ;244;77;0.01777364
817;0MD006036MOJ;245;77;0.00074897
817;0MD006036MOJ;246;77;0.00045298
817;0MD006036MOJ;247;77;0.00004008
817;0MD006036MOJ;251;77;0.00023313
817;0MD006036MOJ;278;77;0.00000123
817;0MD006036MOJ;279;77;0.00000728
817;0MD006036MOJ;284;77;0.00000820
817;0MD006036MOJ;285;77;0.00000588
817;0MD006036MOJ;303;77;0.00012446
817;0MD006036MOJ;237;78;0.00003524
817;0MD006036MOJ;239;78;0.00001289
817;0MD006036MOJ;240;78;0.00043433
817;0MD006036MOJ;241;78;0.00121303
817;0MD006036MOJ;242;78;0.00011343
817;0MD006036MOJ;243;78;0.00006146
817;0MD006036MOJ;244;78;0.00171961
817;0MD006036MOJ;245;78;0.01227974
817;0MD006036MOJ;246;78;0.00017017
817;0MD006036MOJ;251;78;0.00022762
817;0MD006036MOJ;278;78;0.00000863
817;0MD006036MOJ;279;78;0.00000570
817;0MD006036MOJ;280;78;0.00000570
817;0MD006036MOJ;281;78;0.00001328
817;0MD006036MOJ;282;78;0.00000697
817;0MD006036MOJ;283;78;0.00000977
817;0MD006036MOJ;284;78;0.00000864
817;0MD006036MOJ;303;78;0.00012445
817;0MD006036MOJ;240;79;0.00136227
817;0MD006036MOJ;241;79;0.00002718
817;0MD006036MOJ;242;79;0.00019932
817;0MD006036MOJ;245;79;0.01291584
817;0MD006036MOJ;251;79;0.00023170
817;0MD006036MOJ;280;79;0.00000597
817;0MD006036MOJ;281;79;0.00002403
817;0MD006036MOJ;282;79;0.00000442
817;0MD006036MOJ;283;79;0.00000598
817;0MD006036MOJ;303;79;0.00012436
817;0MD006036MOJ;240;80;0.00136302
817;0MD006036MOJ;242;80;0.00019602
817;0MD006036MOJ;243;80;0.00002184
817;0MD006036MOJ;245;80;0.01250130
817;0MD006036MOJ;251;80;0.00022803
817;0MD006036MOJ;280;80;0.00003166
817;0MD006036MOJ;303;80;0.00012486
817;0MD006036MOJ;235;81;0.00004923
817;0MD006036MOJ;236;81;0.00008046
817;0MD006036MOJ;237;81;0.00008429
817;0MD006036MOJ;238;81;0.00008092
817;0MD006036MOJ;239;81;0.00008238
817;0MD006036MOJ;240;81;0.00068132
817;0MD006036MOJ;241;81;0.00002645
817;0MD006036MOJ;242;81;0.00010341
817;0MD006036MOJ;243;81;0.00020291
817;0MD006036MOJ;245;81;0.00092770
817;0MD006036MOJ;246;81;0.01269923
817;0MD006036MOJ;250;81;0.00015566
817;0MD006036MOJ;251;81;0.00006660
817;0MD006036MOJ;271;81;0.00000100
817;0MD006036MOJ;272;81;0.00000807
817;0MD006036MOJ;280;81;0.00002856
817;0MD006036MOJ;303;81;0.00013999
817;0MD006036MOJ;239;82;0.00003269
817;0MD006036MOJ;242;82;0.00002765
817;0MD006036MOJ;243;82;0.00004387
817;0MD006036MOJ;244;82;0.00007372
817;0MD006036MOJ;245;82;0.00018432
817;0MD006036MOJ;246;82;0.01008125
817;0MD006036MOJ;247;82;0.00569169
817;0MD006036MOJ;250;82;0.00021661
817;0MD006036MOJ;265;82;0.00125106
817;0MD006036MOJ;266;82;0.00500010
817;0MD006036MOJ;267;82;0.00491269
817;0MD006036MOJ;268;82;0.00491593
817;0MD006036MOJ;269;82;0.00492995
817;0MD006036MOJ;270;82;0.00490823
817;0MD006036MOJ;271;82;0.00515701
817;0MD006036MOJ;272;82;0.00512831
817;0MD006036MOJ;273;82;0.00498030
817;0MD006036MOJ;274;82;0.00210940
817;0MD006036MOJ;277;82;0.00010753
817;0MD006036MOJ;278;82;0.00118233
817;0MD006036MOJ;280;82;0.00002840
817;0MD006036MOJ;303;82;0.00013131
817;0MD006036MOJ;239;83;0.00003258
817;0MD006036MOJ;244;83;0.00001751
817;0MD006036MOJ;245;83;0.00005975
817;0MD006036MOJ;246;83;0.00000185
817;0MD006036MOJ;247;83;0.01169574
817;0MD006036MOJ;248;83;0.00435959
817;0MD006036MOJ;249;83;0.00007102
817;0MD006036MOJ;250;83;0.00013269
817;0MD006036MOJ;263;83;0.00203711
817;0MD006036MOJ;264;83;0.00537616
817;0MD006036MOJ;265;83;0.00455775
817;0MD006036MOJ;269;83;0.00001429
817;0MD006036MOJ;274;83;0.00290326
817;0MD006036MOJ;275;83;0.00510887
817;0MD006036MOJ;276;83;0.00495031
817;0MD006036MOJ;277;83;0.00487318
817;0MD006036MOJ;278;83;0.00371949
817;0MD006036MOJ;279;83;0.00494052
817;0MD006036MOJ;280;83;0.00498499
817;0MD006036MOJ;281;83;0.00500041
817;0MD006036MOJ;282;83;0.00505457
817;0MD006036MOJ;283;83;0.00201576
817;0MD006036MOJ;303;83;0.00014379
817;0MD006036MOJ;304;83;0.00005613
817;0MD006036MOJ;239;84;0.00003220
817;0MD006036MOJ;245;84;0.00000685
817;0MD006036MOJ;246;84;0.00006267
817;0MD006036MOJ;247;84;0.00000041
817;0MD006036MOJ;248;84;0.01209138
817;0MD006036MOJ;249;84;0.00024619
817;0MD006036MOJ;250;84;0.00004794
817;0MD006036MOJ;256;84;0.00147579
817;0MD006036MOJ;257;84;0.00499677
817;0MD006036MOJ;258;84;0.00498020
817;0MD006036MOJ;259;84;0.00497414
817;0MD006036MOJ;260;84;0.00497307
817;0MD006036MOJ;261;84;0.00503464
817;0MD006036MOJ;262;84;0.00492358
817;0MD006036MOJ;263;84;0.00293532
817;0MD006036MOJ;268;84;0.00000396
817;0MD006036MOJ;269;84;0.00000750
817;0MD006036MOJ;280;84;0.00001472
817;0MD006036MOJ;281;84;0.00001962
817;0MD006036MOJ;283;84;0.00351926
817;0MD006036MOJ;284;84;0.00582386
817;0MD006036MOJ;285;84;0.00018685
817;0MD006036MOJ;304;84;0.00012901
817;0MD006036MOJ;305;84;0.00171900
817;0MD006036MOJ;306;84;0.00414121
817;0MD006036MOJ;238;85;0.00002275
817;0MD006036MOJ;239;85;0.00000943
817;0MD006036MOJ;245;85;0.00001144
817;0MD006036MOJ;246;85;0.00001280
817;0MD006036MOJ;247;85;0.00014831
817;0MD006036MOJ;248;85;0.01369509
817;0MD006036MOJ;249;85;0.00028176
817;0MD006036MOJ;250;85;0.00016654
817;0MD006036MOJ;251;85;0.00513272
817;0MD006036MOJ;252;85;0.00508016
817;0MD006036MOJ;253;85;0.00505280
817;0MD006036MOJ;254;85;0.00500600
817;0MD006036MOJ;255;85;0.00500181
817;0MD006036MOJ;256;85;0.00350963
817;0MD006036MOJ;257;85;0.00006763
817;0MD006036MOJ;268;85;0.00001191
817;0MD006036MOJ;281;85;0.00003311
817;0MD006036MOJ;285;85;0.00542312
817;0MD006036MOJ;286;85;0.00521546
817;0MD006036MOJ;287;85;0.00488640
817;0MD006036MOJ;288;85;0.00315940
817;0MD006036MOJ;304;85;0.00140746
817;0MD006036MOJ;305;85;0.00505976
817;0MD006036MOJ;238;86;0.00003230
817;0MD006036MOJ;242;86;0.00002585
817;0MD006036MOJ;243;86;0.00004547
817;0MD006036MOJ;244;86;0.00002163
817;0MD006036MOJ;245;86;0.00000253
817;0MD006036MOJ;246;86;0.00013079
817;0MD006036MOJ;247;86;0.00021275
817;0MD006036MOJ;248;86;0.00161572
817;0MD006036MOJ;249;86;0.01192507
817;0MD006036MOJ;250;86;0.01304595
817;0MD006036MOJ;251;86;0.00692129
817;0MD006036MOJ;252;86;0.00639530
817;0MD006036MOJ;253;86;0.00645101
817;0MD006036MOJ;254;86;0.00019609
817;0MD006036MOJ;257;86;0.00006278
817;0MD006036MOJ;258;86;0.00000887
817;0MD006036MOJ;268;86;0.00001191
817;0MD006036MOJ;280;86;0.00000604
817;0MD006036MOJ;281;86;0.00002593
817;0MD006036MOJ;288;86;0.00178290
817;0MD006036MOJ;289;86;0.00494992
817;0MD006036MOJ;290;86;0.00496404
817;0MD006036MOJ;291;86;0.00500027
817;0MD006036MOJ;292;86;0.00500097
817;0MD006036MOJ;293;86;0.00324026
817;0MD006036MOJ;303;86;0.00001906
817;0MD006036MOJ;304;86;0.00549476
817;0MD006036MOJ;238;87;0.00003267
817;0MD006036MOJ;240;87;0.00004867
817;0MD006036MOJ;241;87;0.00004815
817;0MD006036MOJ;242;87;0.00002127
817;0MD006036MOJ;246;87;0.00033882
817;0MD006036MOJ;247;87;0.00018166
817;0MD006036MOJ;248;87;0.00000221
817;0MD006036MOJ;249;87;0.00002192
817;0MD006036MOJ;252;87;0.00008704
817;0MD006036MOJ;254;87;0.00624940
817;0MD006036MOJ;255;87;0.00658610
817;0MD006036MOJ;256;87;0.00705327
817;0MD006036MOJ;257;87;0.00065496
817;0MD006036MOJ;268;87;0.00001152
817;0MD006036MOJ;280;87;0.00003075
817;0MD006036MOJ;293;87;0.00179815
817;0MD006036MOJ;294;87;0.00508293
817;0MD006036MOJ;295;87;0.00530184
817;0MD006036MOJ;296;87;0.00355980
817;0MD006036MOJ;303;87;0.00103167
817;0MD006036MOJ;304;87;0.00477136
817;0MD006036MOJ;237;88;0.00001257
817;0MD006036MOJ;238;88;0.00003306
817;0MD006036MOJ;239;88;0.00005178
817;0MD006036MOJ;240;88;0.00000273
817;0MD006036MOJ;245;88;0.00005322
817;0MD006036MOJ;246;88;0.00013937
817;0MD006036MOJ;249;88;0.00000972
817;0MD006036MOJ;250;88;0.00000977
817;0MD006036MOJ;251;88;0.00004873
817;0MD006036MOJ;252;88;0.00004960
817;0MD006036MOJ;257;88;0.00672995
817;0MD006036MOJ;258;88;0.00548359
817;0MD006036MOJ;268;88;0.00001188
817;0MD006036MOJ;280;88;0.00002308
817;0MD006036MOJ;293;88;0.00001722
817;0MD006036MOJ;296;88;0.00166002
817;0MD006036MOJ;297;88;0.00500514
817;0MD006036MOJ;298;88;0.00536646
817;0MD006036MOJ;299;88;0.00529552
817;0MD006036MOJ;300;88;0.00473831
817;0MD006036MOJ;302;88;0.00218333
817;0MD006036MOJ;303;88;0.00567632
817;0MD006036MOJ;237;89;0.00099168
817;0MD006036MOJ;245;89;0.00019254
817;0MD006036MOJ;250;89;0.00000777
817;0MD006036MOJ;251;89;0.00006343
817;0MD006036MOJ;252;89;0.00008374
817;0MD006036MOJ;258;89;0.00185785
817;0MD006036MOJ;259;89;0.00734228
817;0MD006036MOJ;260;89;0.00352204
817;0MD006036MOJ;267;89;0.00000304
817;0MD006036MOJ;268;89;0.00000855
817;0MD006036MOJ;280;89;0.00002318
817;0MD006036MOJ;293;89;0.00001892
817;0MD006036MOJ;300;89;0.00033465
817;0MD006036MOJ;301;89;0.00521260
817;0MD006036MOJ;302;89;0.00341346
817;0MD006036MOJ;237;90;0.00139132
817;0MD006036MOJ;252;90;0.00012103
817;0MD006036MOJ;260;90;0.00353378
817;0MD006036MOJ;261;90;0.00707697
817;0MD006036MOJ;262;90;0.00229944
817;0MD006036MOJ;280;90;0.00002375
817;0MD006036MOJ;292;90;0.00000329
817;0MD006036MOJ;293;90;0.00000893
817;0MD006036MOJ;237;91;0.00140825
817;0MD006036MOJ;252;91;0.00001544
817;0MD006036MOJ;253;91;0.00011651
817;0MD006036MOJ;262;91;0.00611723
817;0MD006036MOJ;263;91;0.00338341
817;0MD006036MOJ;279;91;0.00000290
817;0MD006036MOJ;280;91;0.00003225
817;0MD006036MOJ;292;91;0.00000677
817;0MD006036MOJ;236;92;0.00030222
817;0MD006036MOJ;237;92;0.00108117
817;0MD006036MOJ;253;92;0.00004040
817;0MD006036MOJ;254;92;0.00009015
817;0MD006036MOJ;263;92;0.00414946
817;0MD006036MOJ;264;92;0.00642244
817;0MD006036MOJ;265;92;0.00684461
817;0MD006036MOJ;266;92;0.00463328
817;0MD006036MOJ;279;92;0.00000577
817;0MD006036MOJ;280;92;0.00000021
817;0MD006036MOJ;281;92;0.00002896
817;0MD006036MOJ;291;92;0.00000759
817;0MD006036MOJ;292;92;0.00000062
817;0MD006036MOJ;236;93;0.00138339
817;0MD006036MOJ;254;93;0.00006271
817;0MD006036MOJ;255;93;0.00006027
817;0MD006036MOJ;266;93;0.00261621
817;0MD006036MOJ;267;93;0.00674466
817;0MD006036MOJ;279;93;0.00000590
817;0MD006036MOJ;281;93;0.00000811
817;0MD006036MOJ;282;93;0.00001987
817;0MD006036MOJ;290;93;0.00000399
817;0MD006036MOJ;291;93;0.00000204
817;0MD006036MOJ;236;94;0.00138339
817;0MD006036MOJ;255;94;0.00010277
817;0MD006036MOJ;267;94;0.00277343
817;0MD006036MOJ;268;94;0.00483927
817;0MD006036MOJ;276;94;0.00000175
817;0MD006036MOJ;277;94;0.00000573
817;0MD006036MOJ;278;94;0.00000684
817;0MD006036MOJ;279;94;0.00000375
817;0MD006036MOJ;282;94;0.00002412
817;0MD006036MOJ;290;94;0.00000594
817;0MD006036MOJ;236;95;0.00135992
817;0MD006036MOJ;255;95;0.00008755
817;0MD006036MOJ;256;95;0.00003431
817;0MD006036MOJ;268;95;0.00517160
817;0MD006036MOJ;269;95;0.00551882
817;0MD006036MOJ;275;95;0.00000719
817;0MD006036MOJ;276;95;0.00000424
817;0MD006036MOJ;282;95;0.00001061
817;0MD006036MOJ;283;95;0.00002477
817;0MD006036MOJ;290;95;0.00000592
817;0MD006036MOJ;236;96;0.00135210
817;0MD006036MOJ;256;96;0.00013516
817;0MD006036MOJ;269;96;0.00567657
817;0MD006036MOJ;270;96;0.00115914
817;0MD006036MOJ;274;96;0.00000451
817;0MD006036MOJ;275;96;0.00000155
817;0MD006036MOJ;283;96;0.00000621
817;0MD006036MOJ;289;96;0.00000094
817;0MD006036MOJ;290;96;0.00000490
817;0MD006036MOJ;236;97;0.00147122
817;0MD006036MOJ;270;97;0.00844741
817;0MD006036MOJ;271;97;0.00044193
817;0MD006036MOJ;274;97;0.00000595
817;0MD006036MOJ;283;97;0.00000619
817;0MD006036MOJ;289;97;0.00000586
817;0MD006036MOJ;235;98;0.00039236
817;0MD006036MOJ;236;98;0.00105048
817;0MD006036MOJ;271;98;0.00830480
817;0MD006036MOJ;272;98;0.00112342
817;0MD006036MOJ;274;98;0.00000588
817;0MD006036MOJ;283;98;0.00000570
817;0MD006036MOJ;288;98;0.00000107
817;0MD006036MOJ;289;98;0.00000689
817;0MD006036MOJ;236;99;0.00038200
817;0MD006036MOJ;272;99;0.00724173
817;0MD006036MOJ;273;99;0.00242411
817;0MD006036MOJ;274;99;0.00000350
817;0MD006036MOJ;283;99;0.00000483
817;0MD006036MOJ;284;99;0.00000413
817;0MD006036MOJ;288;99;0.00000273
817;0MD006036MOJ;289;99;0.00000486
817;0MD006036MOJ;236;100;0.00033716
817;0MD006036MOJ;273;100;0.00580308
817;0MD006036MOJ;274;100;0.00661010
817;0MD006036MOJ;284;100;0.00000620
817;0MD006036MOJ;286;100;0.00000107
817;0MD006036MOJ;287;100;0.00000718
817;0MD006036MOJ;288;100;0.00000662
817;0MD006036MOJ;289;100;0.00000010
817;0MD006036MOJ;236;101;0.00034385
817;0MD006036MOJ;274;101;0.00032418
817;0MD006036MOJ;275;101;0.00685969
817;0MD006036MOJ;276;101;0.00692807
817;0MD006036MOJ;277;101;0.00181012
817;0MD006036MOJ;284;101;0.00000132
817;0MD006036MOJ;285;101;0.00000534
817;0MD006036MOJ;286;101;0.00000726
817;0MD006036MOJ;236;102;0.00033294
817;0MD006036MOJ;277;102;0.00528630
817;0MD006036MOJ;278;102;0.00710039
817;0MD006036MOJ;279;102;0.00162702
817;0MD006036MOJ;285;102;0.00001185
817;0MD006036MOJ;286;102;0.00000075
817;0MD006036MOJ;236;103;0.00035663
817;0MD006036MOJ;278;103;0.00035304
817;0MD006036MOJ;279;103;0.00522537
817;0MD006036MOJ;280;103;0.00673199
817;0MD006036MOJ;281;103;0.00615479
817;0MD006036MOJ;282;103;0.00620688
817;0MD006036MOJ;283;103;0.00701708
817;0MD006036MOJ;284;103;0.00005594
817;0MD006036MOJ;285;103;0.00001209
817;0MD006036MOJ;236;104;0.00002822
817;0MD006036MOJ;237;104;0.00037613
817;0MD006036MOJ;278;104;0.00026256
817;0MD006036MOJ;283;104;0.00000774
817;0MD006036MOJ;284;104;0.00631261
817;0MD006036MOJ;237;105;0.00028324
817;0MD006036MOJ;238;105;0.00008193
817;0MD006036MOJ;277;105;0.00011902
817;0MD006036MOJ;278;105;0.00025269
817;0MD006036MOJ;284;105;0.00629986
817;0MD006036MOJ;238;106;0.00043086
817;0MD006036MOJ;239;106;0.00035051
817;0MD006036MOJ;284;106;0.00634116
817;0MD006036MOJ;239;107;0.00003365
817;0MD006036MOJ;240;107;0.00050531
817;0MD006036MOJ;284;107;0.00342841
817;0MD006036MOJ;285;107;0.00128265
817;0MD006036MOJ;240;108;0.00035300
817;0MD006036MOJ;240;109;0.00031852
817;0MD006036MOJ;241;109;0.00013477
817;0MD006036MOJ;240;110;0.00004250
817;0MD006036MOJ;241;110;0.00003419
817;0SS0060330SC;272;47;0.00033842
817;0SS0060330SC;273;47;0.00438056
817;0SS0060330SC;278;47;0.00014539
817;0SS0060330SC;282;47;0.00000290
817;0SS0060330SC;272;48;0.00537560
817;0SS0060330SC;273;48;0.00004022
817;0SS0060330SC;277;48;0.00029632
817;0SS0060330SC;278;48;0.00030599
817;0SS0060330SC;280;48;0.00001136
817;0SS0060330SC;281;48;0.00001759
817;0SS0060330SC;282;48;0.00000266
817;0SS0060330SC;271;49;0.00015287
817;0SS0060330SC;272;49;0.00547810
817;0SS0060330SC;276;49;0.00030941
817;0SS0060330SC;277;49;0.00027917
817;0SS0060330SC;278;49;0.00005686
817;0SS0060330SC;280;49;0.00002335
817;0SS0060330SC;262;50;0.00010543
817;0SS0060330SC;263;50;0.00084720
817;0SS0060330SC;270;50;0.00010407
817;0SS0060330SC;271;50;0.00052745
817;0SS0060330SC;272;50;0.00531927
817;0SS0060330SC;273;50;0.00074851
817;0SS0060330SC;274;50;0.00055017
817;0SS0060330SC;275;50;0.00046761
817;0SS0060330SC;276;50;0.00033091
817;0SS0060330SC;277;50;0.00008223
817;0SS0060330SC;278;50;0.00011072
817;0SS0060330SC;279;50;0.00002396
817;0SS0060330SC;280;50;0.00000164
817;0SS0060330SC;263;51;0.00034841
817;0SS0060330SC;264;51;0.00122095
817;0SS0060330SC;265;51;0.00078266
817;0SS0060330SC;269;51;0.00032906
817;0SS0060330SC;270;51;0.00052419
817;0SS0060330SC;271;51;0.00011589
817;0SS0060330SC;272;51;0.00716804
817;0SS0060330SC;273;51;0.00023094
817;0SS0060330SC;274;51;0.00001047
817;0SS0060330SC;275;51;0.00001546
817;0SS0060330SC;276;51;0.00000481
817;0SS0060330SC;265;52;0.00138575
817;0SS0060330SC;268;52;0.00008349
817;0SS0060330SC;269;52;0.00050589
817;0SS0060330SC;270;52;0.00027889
817;0SS0060330SC;271;52;0.00409937
817;0SS0060330SC;272;52;0.00452131
817;0SS0060330SC;275;52;0.00000166
817;0SS0060330SC;276;52;0.00001587
817;0SS0060330SC;265;53;0.00208487
817;0SS0060330SC;267;53;0.00049328
817;0SS0060330SC;268;53;0.00077659
817;0SS0060330SC;269;53;0.00143538
817;0SS0060330SC;270;53;0.00215854
817;0SS0060330SC;271;53;0.00963268
817;0SS0060330SC;272;53;0.00006678
817;0SS0060330SC;276;53;0.00000290
817;0SS0060330SC;277;53;0.00001383
817;0SS0060330SC;278;53;0.00001330
817;0SS0060330SC;279;53;0.00000250
817;0SS0060330SC;258;54;0.00000585
817;0SS0060330SC;265;54;0.00242198
817;0SS0060330SC;266;54;0.00033158
817;0SS0060330SC;267;54;0.00185310
817;0SS0060330SC;268;54;0.00352966
817;0SS0060330SC;269;54;0.00334786
817;0SS0060330SC;270;54;0.01234804
817;0SS0060330SC;271;54;0.02806878
817;0SS0060330SC;272;54;0.02196438
817;0SS0060330SC;273;54;0.02295647
817;0SS0060330SC;274;54;0.02201809
817;0SS0060330SC;275;54;0.02189936
817;0SS0060330SC;276;54;0.02193225
817;0SS0060330SC;277;54;0.02172929
817;0SS0060330SC;278;54;0.02170480
817;0SS0060330SC;279;54;0.02175760
817;0SS0060330SC;280;54;0.02177919
817;0SS0060330SC;281;54;0.02229104
817;0SS0060330SC;282;54;0.02194671
817;0SS0060330SC;283;54;0.02194704
817;0SS0060330SC;284;54;0.01255065
817;0SS0060330SC;258;55;0.00009988
817;0SS0060330SC;262;55;0.00000220
817;0SS0060330SC;264;55;0.00109873
817;0SS0060330SC;265;55;0.00515400
817;0SS0060330SC;266;55;0.00429865
817;0SS0060330SC;267;55;0.00462267
817;0SS0060330SC;268;55;0.03432974
817;0SS0060330SC;269;55;0.04092818
817;0SS0060330SC;270;55;0.02417413
817;0SS0060330SC;271;55;0.00105956
817;0SS0060330SC;272;55;0.00001428
817;0SS0060330SC;273;55;0.00001355
817;0SS0060330SC;274;55;0.00000277
817;0SS0060330SC;278;55;0.00001785
817;0SS0060330SC;279;55;0.00000521
817;0SS0060330SC;261;56;0.00014653
817;0SS0060330SC;262;56;0.00060496
817;0SS0060330SC;263;56;0.00350185
817;0SS0060330SC;264;56;0.00226038
817;0SS0060330SC;265;56;0.00393424
817;0SS0060330SC;266;56;0.03967646
817;0SS0060330SC;267;56;0.03703593
817;0SS0060330SC;268;56;0.00432373
817;0SS0060330SC;269;56;0.00048204
817;0SS0060330SC;270;56;0.00004055
817;0SS0060330SC;271;56;0.00015518
817;0SS0060330SC;272;56;0.00000140
817;0SS0060330SC;278;56;0.00001376
817;0SS0060330SC;261;57;0.00122800
817;0SS0060330SC;262;57;0.00565106
817;0SS0060330SC;263;57;0.00485483
817;0SS0060330SC;264;57;0.01901446
817;0SS0060330SC;265;57;0.04512760
817;0SS0060330SC;266;57;0.00304930
817;0SS0060330SC;267;57;0.00006203
817;0SS0060330SC;269;57;0.00002539
817;0SS0060330SC;270;57;0.00002507
817;0SS0060330SC;261;58;0.00513386
817;0SS0060330SC;262;58;0.00528847
817;0SS0060330SC;263;58;0.04220557
817;0SS0060330SC;264;58;0.02469041
817;0SS0060330SC;267;58;0.00007137
817;0SS0060330SC;268;58;0.00004170
817;0SS0060330SC;269;58;0.00002404
817;0SS0060330SC;258;59;0.00000011
817;0SS0060330SC;259;59;0.00352220
817;0SS0060330SC;260;59;0.01132606
817;0SS0060330SC;261;59;0.03850025
817;0SS0060330SC;262;59;0.04868419
817;0SS0060330SC;263;59;0.00315558
817;0SS0060330SC;266;59;0.00008764
817;0SS0060330SC;267;59;0.00008674
817;0SS0060330SC;268;59;0.00000292
817;0SS0060330SC;257;60;0.00532375
817;0SS0060330SC;258;60;0.04091872
817;0SS0060330SC;259;60;0.04033203
817;0SS0060330SC;260;60;0.03507298
817;0SS0060330SC;261;60;0.00088530
817;0SS0060330SC;262;60;0.00203648
817;0SS0060330SC;263;60;0.00072746
817;0SS0060330SC;264;60;0.00031644
817;0SS0060330SC;265;60;0.00029631
817;0SS0060330SC;266;60;0.00001254
817;0SS0060330SC;260;61;0.00315445
817;0SS0060330SC;261;61;0.00093211
817;0SS0060330SC;262;61;0.00191295
817;0SS0060330SC;263;61;0.00060646
817;0SS0060330SC;260;62;0.00249627
817;0SS0060330SC;261;62;0.00083888
817;0SS0060330SC;260;63;0.00113618
817;0MD006033MOJ;303;49;0.00027142
817;0MD006033MOJ;300;50;0.00003306
817;0MD006033MOJ;303;50;0.00046263
817;0MD006033MOJ;304;50;0.00032146
817;0MD006033MOJ;300;51;0.00019541
817;0MD006033MOJ;304;51;0.00061267
817;0MD006033MOJ;305;51;0.00039417
817;0MD006033MOJ;299;52;0.00008724
817;0MD006033MOJ;300;52;0.00013123
817;0MD006033MOJ;304;52;0.00009353
817;0MD006033MOJ;305;52;0.00082324
817;0MD006033MOJ;296;53;0.00004679
817;0MD006033MOJ;297;53;0.08059084
817;0MD006033MOJ;298;53;0.08327042
817;0MD006033MOJ;299;53;0.07512931
817;0MD006033MOJ;305;53;0.00109247
817;0MD006033MOJ;306;53;0.00008894
817;0MD006033MOJ;296;54;0.05396840
817;0MD006033MOJ;297;54;0.00465537
817;0MD006033MOJ;299;54;0.00933455
817;0MD006033MOJ;300;54;0.08369329
817;0MD006033MOJ;301;54;0.08344445
817;0MD006033MOJ;302;54;0.08351478
817;0MD006033MOJ;303;54;0.08397373
817;0MD006033MOJ;304;54;0.08361916
817;0MD006033MOJ;305;54;0.08430208
817;0MD006033MOJ;306;54;0.08661660
817;0MD006033MOJ;307;54;0.08247357
817;0MD006033MOJ;308;54;0.00861958
817;0MD006033MOJ;298;55;0.00022308
817;0MD006033MOJ;299;55;0.00002044
817;0MD006033MOJ;305;55;0.00037996
817;0MD006033MOJ;306;55;0.00005277
817;0MD006033MOJ;307;55;0.00041776
817;0MD006033MOJ;298;56;0.00029695
817;0MD006033MOJ;305;56;0.00010347
817;0MD006033MOJ;306;56;0.00002979
817;0MD006033MOJ;307;56;0.00041181
817;0MD006033MOJ;298;57;0.00023602
817;0MD006033MOJ;306;57;0.00003443
817;0MD006033MOJ;307;57;0.00053322
817;0MD006033MOJ;308;57;0.00022878
817;0MD006033MOJ;297;58;0.00018028
817;0MD006033MOJ;298;58;0.00005670
817;0MD006033MOJ;308;58;0.00046253
817;0MD006033MOJ;297;59;0.00023460
817;0MD006033MOJ;298;59;0.00004391
817;0MD006033MOJ;307;59;0.00037043
817;0MD006033MOJ;308;59;0.00010321
817;0MD006033MOJ;298;60;0.00004299
817;0MD006033MOJ;307;60;0.00046968
817;0MD006033MOJ;307;61;0.00046308
817;0MD006033MOJ;307;62;0.00047815
817;0MD006033MOJ;307;63;0.00040511
817;0MD006033MOJ;307;64;0.00036546
817;0MD006033MOJ;308;64;0.00006790
817;0MD006033MOJ;308;65;0.00036446
817;0MD006033MOJ;300;66;0.00015061
817;0MD006033MOJ;308;66;0.00044964
817;0MD006033MOJ;301;67;0.00014192
817;0MD006033MOJ;308;67;0.00032046
817;0MD0060330SC;295;52;0.00013739
817;0MD0060330SC;294;53;0.00020695
817;0MD0060330SC;295;53;0.00022687
817;0MD0060330SC;296;53;0.00002825
817;0MD0060330SC;284;54;0.02331801
817;0MD0060330SC;292;54;0.00012658
817;0MD0060330SC;293;54;0.04176870
817;0MD0060330SC;294;54;0.08269076
817;0MD0060330SC;295;54;0.08481935
817;0MD0060330SC;296;54;0.03022111
817;0MD0060330SC;284;55;0.01564193
817;0MD0060330SC;285;55;0.08560033
817;0MD0060330SC;286;55;0.08523226
817;0MD0060330SC;287;55;0.07285012
817;0MD0060330SC;289;55;0.05622768
817;0MD0060330SC;290;55;0.08221917
817;0MD0060330SC;291;55;0.08310199
817;0MD0060330SC;292;55;0.08297948
817;0MD0060330SC;293;55;0.04133399
817;0MD0060330SC;278;56;0.00002790
817;0MD0060330SC;287;56;0.01188119
817;0MD0060330SC;288;56;0.08170113
817;0MD0060330SC;289;56;0.02398472
817;0MD0060330SC;278;57;0.00003952
817;0MD0060330SC;279;57;0.00005006
817;0MD0060330SC;288;57;0.00012906
817;0MD0060330SC;289;57;0.00133577
817;0MD0060330SC;279;58;0.00009155
817;0MD0060330SC;289;58;0.00031290
817;0MD0060330SC;290;58;0.00114136
817;0MD0060330SC;278;59;0.00004935
817;0MD0060330SC;279;59;0.00005584
817;0MD0060330SC;290;59;0.00058143
817;0MD0060330SC;291;59;0.00070076
817;0MD0060330SC;276;60;0.00001049
817;0MD0060330SC;277;60;0.00007644
817;0MD0060330SC;278;60;0.00006290
817;0MD0060330SC;291;60;0.00109479
817;0MD0060330SC;274;61;0.00006408
817;0MD0060330SC;275;61;0.00008020
817;0MD0060330SC;276;61;0.00007353
817;0MD0060330SC;277;61;0.00000516
817;0MD0060330SC;291;61;0.00109464
817;0MD0060330SC;273;62;0.00005662
817;0MD0060330SC;274;62;0.00005132
817;0MD0060330SC;291;62;0.00109436
817;0MD0060330SC;273;63;0.00009155
817;0MD0060330SC;291;63;0.00109438
817;0MD0060330SC;273;64;0.00000380
817;0MD0060330SC;291;64;0.00109438
817;0MD0060330SC;291;65;0.00117660
817;0MD0060330SC;292;65;0.00043274
817;0MD0060330SC;292;66;0.00088883
817;0MD0060330SC;293;66;0.00063972
