#GRID CA_State4k -684000. -564000. 4000. 4000. 321 291 1 LAMBERT METERS 30. 60. -120.5 -120.5 37.
811;0SC0060300SC;238;44;0.00163694
811;0SC0060300SC;237;45;0.00202203
811;0SC0060300SC;238;45;0.01365227
811;0SC0060300SC;235;46;0.00017305
811;0SC0060300SC;236;46;0.00970126
811;0SC0060300SC;237;46;0.01705040
811;0SC0060300SC;238;46;0.00101550
811;0SC0060300SC;239;46;0.00008667
811;0SC0060300SC;234;47;0.00018585
811;0SC0060300SC;235;47;0.00114436
811;0SC0060300SC;236;47;0.01773807
811;0SC0060300SC;237;47;0.00038702
811;0SC0060300SC;238;47;0.00013413
811;0SC0060300SC;239;47;0.00003421
811;0SC0060300SC;233;48;0.00033897
811;0SC0060300SC;234;48;0.00110260
811;0SC0060300SC;235;48;0.00100703
811;0SC0060300SC;236;48;0.01897419
811;0SC0060300SC;237;48;0.00095559
811;0SC0060300SC;238;48;0.00092079
811;0SC0060300SC;239;48;0.00038914
811;0SC0060300SC;232;49;0.00072732
811;0SC0060300SC;233;49;0.00050606
811;0SC0060300SC;234;49;0.00093659
811;0SC0060300SC;235;49;0.00270219
811;0SC0060300SC;236;49;0.01992958
811;0SC0060300SC;237;49;0.00208251
811;0SC0060300SC;238;49;0.00022846
811;0SC0060300SC;239;49;0.00043214
811;0SC0060300SC;230;50;0.00110077
811;0SC0060300SC;231;50;0.00173816
811;0SC0060300SC;232;50;0.00129893
811;0SC0060300SC;233;50;0.00052652
811;0SC0060300SC;234;50;0.00137973
811;0SC0060300SC;235;50;0.01587357
811;0SC0060300SC;236;50;0.01898717
811;0SC0060300SC;237;50;0.00159267
811;0SC0060300SC;238;50;0.00010512
811;0SC0060300SC;239;50;0.00008732
811;0SC0060300SC;240;50;0.00032671
811;0SC0060300SC;241;50;0.00019178
811;0SC0060300SC;228;51;0.00017754
811;0SC0060300SC;229;51;0.00152083
811;0SC0060300SC;230;51;0.00352713
811;0SC0060300SC;231;51;0.00387588
811;0SC0060300SC;232;51;0.00545190
811;0SC0060300SC;233;51;0.00124406
811;0SC0060300SC;234;51;0.02279303
811;0SC0060300SC;235;51;0.02489776
811;0SC0060300SC;236;51;0.00253121
811;0SC0060300SC;237;51;0.00270869
811;0SC0060300SC;238;51;0.00140067
811;0SC0060300SC;241;51;0.00003893
811;0SC0060300SC;227;52;0.00014194
811;0SC0060300SC;228;52;0.00136201
811;0SC0060300SC;229;52;0.00259107
811;0SC0060300SC;230;52;0.01859524
811;0SC0060300SC;231;52;0.02595349
811;0SC0060300SC;232;52;0.02522014
811;0SC0060300SC;233;52;0.01666612
811;0SC0060300SC;234;52;0.02408079
811;0SC0060300SC;235;52;0.00227006
811;0SC0060300SC;236;52;0.00559754
811;0SC0060300SC;237;52;0.00124471
811;0SC0060300SC;238;52;0.00014645
811;0SC0060300SC;226;53;0.00021596
811;0SC0060300SC;227;53;0.00097482
811;0SC0060300SC;228;53;0.00366936
811;0SC0060300SC;229;53;0.02759570
811;0SC0060300SC;230;53;0.00891234
811;0SC0060300SC;231;53;0.00561940
811;0SC0060300SC;232;53;0.01775440
811;0SC0060300SC;233;53;0.02283410
811;0SC0060300SC;234;53;0.00761110
811;0SC0060300SC;235;53;0.00588755
811;0SC0060300SC;236;53;0.00016190
811;0SC0060300SC;237;53;0.00013766
811;0SC0060300SC;226;54;0.00499250
811;0SC0060300SC;227;54;0.02603987
811;0SC0060300SC;228;54;0.03339072
811;0SC0060300SC;229;54;0.01016237
811;0SC0060300SC;230;54;0.01034734
811;0SC0060300SC;231;54;0.00971659
811;0SC0060300SC;232;54;0.03268898
811;0SC0060300SC;233;54;0.00413158
811;0SC0060300SC;234;54;0.00207983
811;0SC0060300SC;235;54;0.00479296
811;0SC0060300SC;236;54;0.00025999
811;0SC0060300SC;237;54;0.00004120
811;0SC0060300SC;226;55;0.00743234
811;0SC0060300SC;227;55;0.00416864
811;0SC0060300SC;228;55;0.00539456
811;0SC0060300SC;229;55;0.00330006
811;0SC0060300SC;230;55;0.00392585
811;0SC0060300SC;231;55;0.03839068
811;0SC0060300SC;232;55;0.01411312
811;0SC0060300SC;233;55;0.00107198
811;0SC0060300SC;234;55;0.00604523
811;0SC0060300SC;235;55;0.00173847
811;0SC0060300SC;227;56;0.00127651
811;0SC0060300SC;228;56;0.00474329
811;0SC0060300SC;229;56;0.00966529
811;0SC0060300SC;230;56;0.02251064
811;0SC0060300SC;231;56;0.01432417
811;0SC0060300SC;232;56;0.01367809
811;0SC0060300SC;233;56;0.00112355
811;0SC0060300SC;234;56;0.00029796
811;0SC0060300SC;235;56;0.00531014
811;0SC0060300SC;227;57;0.00182631
811;0SC0060300SC;228;57;0.02711741
811;0SC0060300SC;229;57;0.03213103
811;0SC0060300SC;230;57;0.02050718
811;0SC0060300SC;231;57;0.03063154
811;0SC0060300SC;232;57;0.02184151
811;0SC0060300SC;233;57;0.02093909
811;0SC0060300SC;234;57;0.01783379
811;0SC0060300SC;235;57;0.02463971
811;0SC0060300SC;236;57;0.00563263
811;0SC0060300SC;228;58;0.00032190
811;0SC0060300SC;229;58;0.00311390
811;0SC0060300SC;230;58;0.00412720
811;0SC0060300SC;231;58;0.01480422
811;0SC0060300SC;232;58;0.00286718
811;0SC0060300SC;233;58;0.00111596
811;0SC0060300SC;234;58;0.00036820
811;0SC0060300SC;235;58;0.00004229
811;0SC0060300SC;229;59;0.00180850
811;0SC0060300SC;230;59;0.00292907
811;0SC0060300SC;231;59;0.01127662
811;0SC0060300SC;232;59;0.00166805
811;0SC0060300SC;233;59;0.00048732
811;0SV006052TEH;136;218;0.04051552
811;0SV006052TEH;136;219;0.04350766
811;0SV006052TEH;136;220;0.04350770
811;0SV006052TEH;138;220;0.00223711
811;0SV006052TEH;139;220;0.00018401
811;0SV006052TEH;140;220;0.00461556
811;0SV006052TEH;141;220;0.02275890
811;0SV006052TEH;136;221;0.04630639
811;0SV006052TEH;137;221;0.00895609
811;0SV006052TEH;138;221;0.00128025
811;0SV006052TEH;139;221;0.00570823
811;0SV006052TEH;140;221;0.01963269
811;0SV006052TEH;136;222;0.04715408
811;0SV006052TEH;137;222;0.00473629
811;0SV006052TEH;139;222;0.01577779
811;0SV006052TEH;136;223;0.04584895
811;0SV006052TEH;137;223;0.00630017
811;0SV006052TEH;138;223;0.00169890
811;0SV006052TEH;139;223;0.01305227
811;0SV006052TEH;136;224;0.04176857
811;0SV006052TEH;138;224;0.02752702
811;0SV006052TEH;149;224;0.00077922
811;0SV006052TEH;136;225;0.04176857
811;0SV006052TEH;137;225;0.00268737
811;0SV006052TEH;138;225;0.00908816
811;0SV006052TEH;149;225;0.00070533
811;0SV006052TEH;136;226;0.04402338
811;0SV006052TEH;137;226;0.00642479
811;0SV006052TEH;138;226;0.01018182
811;0SV006052TEH;149;226;0.00131671
811;0SV006052TEH;136;227;0.05029144
811;0SV006052TEH;137;227;0.00268956
811;0SV006052TEH;138;227;0.00832009
811;0SV006052TEH;149;227;0.00108532
811;0SV006052TEH;150;227;0.00050921
811;0SV006052TEH;135;228;0.00002207
811;0SV006052TEH;136;228;0.06756371
811;0SV006052TEH;137;228;0.00940746
811;0SV006052TEH;150;228;0.00122815
811;0SV006052TEH;151;228;0.00053484
811;0SV006052TEH;131;229;0.00014769
811;0SV006052TEH;132;229;0.00017917
811;0SV006052TEH;133;229;0.00017917
811;0SV006052TEH;134;229;0.00018569
811;0SV006052TEH;135;229;0.03706495
811;0SV006052TEH;136;229;0.02087342
811;0SV006052TEH;137;229;0.00037849
811;0SV006052TEH;151;229;0.00120252
811;0SV006052TEH;152;229;0.00056047
811;0SV006052TEH;129;230;0.00004807
811;0SV006052TEH;130;230;0.00022031
811;0SV006052TEH;131;230;0.00005656
811;0SV006052TEH;135;230;0.05545803
811;0SV006052TEH;136;230;0.00244449
811;0SV006052TEH;137;230;0.00003341
811;0SV006052TEH;138;230;0.00035508
811;0SV006052TEH;152;230;0.00117689
811;0SV006052TEH;153;230;0.00246941
811;0SV006052TEH;154;230;0.00101919
811;0SV006052TEH;126;231;0.00005035
811;0SV006052TEH;127;231;0.00018857
811;0SV006052TEH;128;231;0.00018857
811;0SV006052TEH;129;231;0.00014159
811;0SV006052TEH;135;231;0.05373138
811;0SV006052TEH;138;231;0.00020756
811;0SV006052TEH;139;231;0.00032557
811;0SV006052TEH;140;231;0.00032400
811;0SV006052TEH;141;231;0.00032400
811;0SV006052TEH;142;231;0.00002408
811;0SV006052TEH;152;231;0.00087596
811;0SV006052TEH;153;231;0.00020842
811;0SV006052TEH;123;232;0.00005371
811;0SV006052TEH;124;232;0.00018857
811;0SV006052TEH;125;232;0.00018857
811;0SV006052TEH;126;232;0.00013823
811;0SV006052TEH;135;232;0.05265294
811;0SV006052TEH;136;232;0.00029695
811;0SV006052TEH;142;232;0.00029993
811;0SV006052TEH;143;232;0.00032400
811;0SV006052TEH;144;232;0.00032400
811;0SV006052TEH;145;232;0.00032400
811;0SV006052TEH;146;232;0.00032192
811;0SV006052TEH;147;232;0.00031986
811;0SV006052TEH;148;232;0.00031986
811;0SV006052TEH;149;232;0.00033395
811;0SV006052TEH;150;232;0.00028609
811;0SV006052TEH;151;232;0.00122185
811;0SV006052TEH;152;232;0.00017628
811;0SV006052TEH;123;233;0.00062968
811;0SV006052TEH;135;233;0.05294841
811;0SV006052TEH;136;233;0.00304539
811;0SV006052TEH;150;233;0.00084937
811;0SV006052TEH;151;233;0.00010673
811;0SV006052TEH;150;234;0.00060974
811;0SV006052TEH;150;235;0.00169552
811;0SV006006COL;133;194;0.00073008
811;0SV006006COL;140;194;0.03589317
811;0SV006006COL;133;195;0.00173302
811;0SV006006COL;139;195;0.03872189
811;0SV006006COL;140;195;0.03004360
811;0SV006006COL;131;196;0.00055309
811;0SV006006COL;132;196;0.00722576
811;0SV006006COL;133;196;0.00204419
811;0SV006006COL;139;196;0.07124297
811;0SV006006COL;140;196;0.00013682
811;0SV006006COL;133;197;0.00563350
811;0SV006006COL;138;197;0.03608043
811;0SV006006COL;139;197;0.03229518
811;0SV006006COL;140;197;0.00119601
811;0SV006006COL;141;197;0.00067051
811;0SV006006COL;142;197;0.00019777
811;0SV006006COL;133;198;0.00563350
811;0SV006006COL;138;198;0.06685365
811;0SV006006COL;142;198;0.00089487
811;0SV006006COL;133;199;0.00539095
811;0SV006006COL;134;199;0.00296805
811;0SV006006COL;137;199;0.02755955
811;0SV006006COL;138;199;0.03877523
811;0SV006006COL;141;199;0.00054460
811;0SV006006COL;142;199;0.00024142
811;0SV006006COL;134;200;0.00404290
811;0SV006006COL;135;200;0.00582682
811;0SV006006COL;136;200;0.00557423
811;0SV006006COL;137;200;0.07054481
811;0SV006006COL;140;200;0.00013260
811;0SV006006COL;141;200;0.01134939
811;0SV006006COL;142;200;0.00890994
811;0SV006006COL;136;201;0.01174992
811;0SV006006COL;137;201;0.06606299
811;0SV006006COL;138;201;0.00813505
811;0SV006006COL;139;201;0.00723619
811;0SV006006COL;140;201;0.00837474
811;0SV006006COL;136;202;0.06553616
811;0SV006006COL;140;202;0.01012451
811;0SV006006COL;136;203;0.06886102
811;0SV006006COL;137;203;0.00732725
811;0SV006006COL;138;203;0.00732725
811;0SV006006COL;139;203;0.01083548
811;0SV006006COL;140;203;0.00536359
811;0SV006006COL;136;204;0.06501005
811;0SV006006COL;139;204;0.00262005
811;0SV006006COL;140;204;0.00152364
811;0SV006006COL;136;205;0.06380368
811;0SV006006COL;140;205;0.00437598
811;0SV006006COL;141;205;0.00060103
811;0SV006006COL;136;206;0.05894595
811;0SV006006COL;140;206;0.00353591
811;0SV006006COL;141;206;0.00028170
811;0SV006006COL;142;206;0.00054538
811;0SV006006COL;140;207;0.00218193
811;SCC0060420SB;194;70;0.01134920
811;SCC0060420SB;195;70;0.00341492
811;SCC0060420SB;185;71;0.00000683
811;SCC0060420SB;186;71;0.01391695
811;SCC0060420SB;187;71;0.00366623
811;SCC0060420SB;188;71;0.00125324
811;SCC0060420SB;189;71;0.03984737
811;SCC0060420SB;190;71;0.04842232
811;SCC0060420SB;191;71;0.03560774
811;SCC0060420SB;192;71;0.02968458
811;SCC0060420SB;193;71;0.03168320
811;SCC0060420SB;194;71;0.02183850
811;SCC0060420SB;195;71;0.00124824
811;SCC0060420SB;175;72;0.00002404
811;SCC0060420SB;180;72;0.00023559
811;SCC0060420SB;181;72;0.00673943
811;SCC0060420SB;182;72;0.00763943
811;SCC0060420SB;183;72;0.00808058
811;SCC0060420SB;184;72;0.00906006
811;SCC0060420SB;185;72;0.01182233
811;SCC0060420SB;186;72;0.03570736
811;SCC0060420SB;187;72;0.06120992
811;SCC0060420SB;188;72;0.06760227
811;SCC0060420SB;189;72;0.04559858
811;SCC0060420SB;190;72;0.00874311
811;SCC0060420SB;191;72;0.00394107
811;SCC0060420SB;192;72;0.00106164
811;SCC0060420SB;193;72;0.00007465
811;SCC0060420SB;175;73;0.00004988
811;SCC0060420SB;176;73;0.00018673
811;SCC0060420SB;177;73;0.00014983
811;SCC0060420SB;178;73;0.01235932
811;SCC0060420SB;179;73;0.00720756
811;SCC0060420SB;180;73;0.00740475
811;SCC0060420SB;181;73;0.00142384
811;SCC0060420SB;183;73;0.00000663
811;SCC0060420SB;184;73;0.00000634
811;SCC0060420SB;186;73;0.00000127
811;SCC0060420SB;187;73;0.00292979
811;SCC0060420SB;188;73;0.00461259
811;SCC0060420SB;189;73;0.00000002
811;SCC0060420SB;190;73;0.00000376
811;SCC0060420SB;191;73;0.00000001
811;SCC0060420SB;173;74;0.00011423
811;SCC0060420SB;174;74;0.00009875
811;SCC0060420SB;175;74;0.00339967
811;SCC0060420SB;176;74;0.00384563
811;SCC0060420SB;177;74;0.00381023
811;SCC0060420SB;178;74;0.00627218
811;SCC0060420SB;179;74;0.00013519
811;SCC0060420SB;181;74;0.00036388
811;SCC0060420SB;182;74;0.00021748
811;SCC0060420SB;183;74;0.00000324
811;SCC0060420SB;184;74;0.00000331
811;SCC0060420SB;185;74;0.00000146
811;SCC0060420SB;186;74;0.00274264
811;SCC0060420SB;187;74;0.00428851
811;SCC0060420SB;188;74;0.00006533
811;SCC0060420SB;189;74;0.00000009
811;SCC0060420SB;171;75;0.00000006
811;SCC0060420SB;172;75;0.00000003
811;SCC0060420SB;173;75;0.00001646
811;SCC0060420SB;174;75;0.00121435
811;SCC0060420SB;175;75;0.00287973
811;SCC0060420SB;178;75;0.00387856
811;SCC0060420SB;179;75;0.00015399
811;SCC0060420SB;180;75;0.00018709
811;SCC0060420SB;181;75;0.00073743
811;SCC0060420SB;183;75;0.00017416
811;SCC0060420SB;184;75;0.00398414
811;SCC0060420SB;185;75;0.00424637
811;SCC0060420SB;186;75;0.00154258
811;SCC0060420SB;187;75;0.00000829
811;SCC0060420SB;188;75;0.00000015
811;SCC0060420SB;189;75;0.00000007
811;SCC0060420SB;171;76;0.00000034
811;SCC0060420SB;172;76;0.00034410
811;SCC0060420SB;173;76;0.00232365
811;SCC0060420SB;174;76;0.00414942
811;SCC0060420SB;175;76;0.00009313
811;SCC0060420SB;176;76;0.00010868
811;SCC0060420SB;177;76;0.00009389
811;SCC0060420SB;178;76;0.00409580
811;SCC0060420SB;179;76;0.00636181
811;SCC0060420SB;180;76;0.00574547
811;SCC0060420SB;181;76;0.00288891
811;SCC0060420SB;182;76;0.00483700
811;SCC0060420SB;183;76;0.00367957
811;SCC0060420SB;171;77;0.00006302
811;SCC0060420SB;172;77;0.00662514
811;SCC0060420SB;173;77;0.01055466
811;SCC0060420SB;174;77;0.00010564
811;SCC0060420SB;175;77;0.00001390
811;SCC0060420SB;176;77;0.00418327
811;SCC0060420SB;177;77;0.00498394
811;SCC0060420SB;178;77;0.00761887
811;SCC0060420SB;179;77;0.00216848
811;SCC0060420SB;180;77;0.00092834
811;SCC0060420SB;181;77;0.00525506
811;SCC0060420SB;182;77;0.00017813
811;SCC0060420SB;183;77;0.00011118
811;SCC0060420SB;184;77;0.00001869
811;SCC0060420SB;170;78;0.00000001
811;SCC0060420SB;171;78;0.00008096
811;SCC0060420SB;172;78;0.01325245
811;SCC0060420SB;173;78;0.00725405
811;SCC0060420SB;174;78;0.00482445
811;SCC0060420SB;175;78;0.00502379
811;SCC0060420SB;176;78;0.00187739
811;SCC0060420SB;178;78;0.00000333
811;SCC0060420SB;179;78;0.00517956
811;SCC0060420SB;180;78;0.00532644
811;SCC0060420SB;181;78;0.00102935
811;SCC0060420SB;182;78;0.00005188
811;SCC0060420SB;184;78;0.00000214
811;SCC0060420SB;185;78;0.00000072
811;SCC0060420SB;170;79;0.00000060
811;SCC0060420SB;171;79;0.00043584
811;SCC0060420SB;172;79;0.00892867
811;SCC0060420SB;173;79;0.00294506
811;SCC0060420SB;176;79;0.00007473
811;SCC0060420SB;177;79;0.00003137
811;SCC0060420SB;178;79;0.00331928
811;SCC0060420SB;179;79;0.00734150
811;SCC0060420SB;180;79;0.00019573
811;SCC0060420SB;184;79;0.00000017
811;SCC0060420SB;185;79;0.00000141
811;SCC0060420SB;170;80;0.00000067
811;SCC0060420SB;171;80;0.00642247
811;SCC0060420SB;172;80;0.00137955
811;SCC0060420SB;173;80;0.00296996
811;SCC0060420SB;174;80;0.00009105
811;SCC0060420SB;175;80;0.00009228
811;SCC0060420SB;176;80;0.00401179
811;SCC0060420SB;177;80;0.00766549
811;SCC0060420SB;178;80;0.00393111
811;SCC0060420SB;179;80;0.00008340
811;SCC0060420SB;180;80;0.00011936
811;SCC0060420SB;181;80;0.00002523
811;SCC0060420SB;182;80;0.00000723
811;SCC0060420SB;183;80;0.00000029
811;SCC0060420SB;184;80;0.00000106
811;SCC0060420SB;185;80;0.00000036
811;SCC0060420SB;170;81;0.00004147
811;SCC0060420SB;171;81;0.00345474
811;SCC0060420SB;172;81;0.00607811
811;SCC0060420SB;173;81;0.00294075
811;SCC0060420SB;174;81;0.00004481
811;SCC0060420SB;175;81;0.00309289
811;SCC0060420SB;176;81;0.00636615
811;SCC0060420SB;177;81;0.00003332
811;SCC0060420SB;179;81;0.00018547
811;SCC0060420SB;180;81;0.00004786
811;SCC0060420SB;195;81;0.00013806
811;SCC0060420SB;171;82;0.00009521
811;SCC0060420SB;173;82;0.00709206
811;SCC0060420SB;174;82;0.00012145
811;SCC0060420SB;175;82;0.00830987
811;SCC0060420SB;176;82;0.00000192
811;SCC0060420SB;177;82;0.00005231
811;SCC0060420SB;178;82;0.00001899
811;SCC0060420SB;179;82;0.00000304
811;SCC0060420SB;193;82;0.00000001
811;SCC0060420SB;195;82;0.00008614
811;SCC0060420SB;171;83;0.00016186
811;SCC0060420SB;172;83;0.00038244
811;SCC0060420SB;173;83;0.01142677
811;SCC0060420SB;174;83;0.01049733
811;SCC0060420SB;175;83;0.00029009
811;SCC0060420SB;176;83;0.00028415
811;SCC0060420SB;177;83;0.00037498
811;SCC0060420SB;193;83;0.00000002
811;SCC0060420SB;194;83;0.00008812
811;SCC0060420SB;195;83;0.00002637
811;SCC0060420SB;171;84;0.00124268
811;SCC0060420SB;172;84;0.00233103
811;SCC0060420SB;173;84;0.03026399
811;SCC0060420SB;174;84;0.00423548
811;SCC0060420SB;175;84;0.00035798
811;SCC0060420SB;176;84;0.00078170
811;SCC0060420SB;177;84;0.00055041
811;SCC0060420SB;178;84;0.00002136
811;SCC0060420SB;190;84;0.00000027
811;SCC0060420SB;191;84;0.00000154
811;SCC0060420SB;192;84;0.00006086
811;SCC0060420SB;193;84;0.00000001
811;SCC0060420SB;194;84;0.00011794
811;SCC0060420SB;170;85;0.00125785
811;SCC0060420SB;171;85;0.00049545
811;SCC0060420SB;172;85;0.00411791
811;SCC0060420SB;173;85;0.05061037
811;SCC0060420SB;174;85;0.00093516
811;SCC0060420SB;175;85;0.00051338
811;SCC0060420SB;176;85;0.00002752
811;SCC0060420SB;178;85;0.00000595
811;SCC0060420SB;190;85;0.00006917
811;SCC0060420SB;191;85;0.00021516
811;SCC0060420SB;192;85;0.00024696
811;SCC0060420SB;170;86;0.00517081
811;SCC0060420SB;171;86;0.00388575
811;SCC0060420SB;172;86;0.00376652
811;SCC0060420SB;173;86;0.05255576
811;SCC0060420SB;174;86;0.00153336
811;SCC0060420SB;178;86;0.00003555
811;SCC0060420SB;186;86;0.00000168
811;SCC0060420SB;188;86;0.00010927
811;SCC0060420SB;189;86;0.00050394
811;SCC0060420SB;190;86;0.00042160
811;SCC0060420SB;191;86;0.00014998
811;SCC0060420SB;171;87;0.00000079
811;SCC0060420SB;173;87;0.00778856
811;SCC0060420SB;178;87;0.00001437
811;SCC0060420SB;186;87;0.00014938
811;SCC0060420SB;187;87;0.00030242
811;SCC0060420SB;188;87;0.00018997
811;SCC0060420SB;177;88;0.00005103
811;SCC0060420SB;178;88;0.00039785
811;SCC0060420SB;179;88;0.00010732
811;SCC0060420SB;185;88;0.00008705
811;SCC0060420SB;186;88;0.00018362
811;SCC0060420SB;179;89;0.00032774
811;SCC0060420SB;179;90;0.00001029
811;SCC0060420SB;180;90;0.00026109
811;SCC0060420SB;181;90;0.00007819
811;GBV006026GBU;212;155;0.02980921
811;GBV006026GBU;213;155;0.00416142
811;GBV006026GBU;218;155;0.00235223
811;GBV006026GBU;227;155;0.00012672
811;GBV006026GBU;228;155;0.00016602
811;GBV006026GBU;229;155;0.00003831
811;GBV006026GBU;212;156;0.03585703
811;GBV006026GBU;217;156;0.00260351
811;GBV006026GBU;218;156;0.00025750
811;GBV006026GBU;227;156;0.00018546
811;GBV006026GBU;228;156;0.00001102
811;GBV006026GBU;210;157;0.01439671
811;GBV006026GBU;211;157;0.03183797
811;GBV006026GBU;212;157;0.00484028
811;GBV006026GBU;217;157;0.00286101
811;GBV006026GBU;226;157;0.00009946
811;GBV006026GBU;227;157;0.00000399
811;GBV006026GBU;207;158;0.00459859
811;GBV006026GBU;208;158;0.02444888
811;GBV006026GBU;209;158;0.02444888
811;GBV006026GBU;210;158;0.01005217
811;GBV006026GBU;217;158;0.00286101
811;GBV006026GBU;226;158;0.00004212
811;GBV006026GBU;204;159;0.00004215
811;GBV006026GBU;205;159;0.01512752
811;GBV006026GBU;206;159;0.02444888
811;GBV006026GBU;207;159;0.01985029
811;GBV006026GBU;216;159;0.00209874
811;GBV006026GBU;217;159;0.00076227
811;GBV006026GBU;205;160;0.01450913
811;GBV006026GBU;216;160;0.00286101
811;GBV006026GBU;204;161;0.01504561
811;GBV006026GBU;205;161;0.00603767
811;GBV006026GBU;216;161;0.00286101
811;GBV006026GBU;203;162;0.00535004
811;GBV006026GBU;204;162;0.01698980
811;GBV006026GBU;215;162;0.00159396
811;GBV006026GBU;216;162;0.00126704
811;GBV006026GBU;203;163;0.02233984
811;GBV006026GBU;213;163;0.00230719
811;GBV006026GBU;214;163;0.00007674
811;GBV006026GBU;215;163;0.00286101
811;GBV006026GBU;202;164;0.01604182
811;GBV006026GBU;203;164;0.00434553
811;GBV006026GBU;212;164;0.00225464
811;GBV006026GBU;213;164;0.00225402
811;GBV006026GBU;214;164;0.00378046
811;GBV006026GBU;215;164;0.00478880
811;GBV006026GBU;202;165;0.01970501
811;GBV006026GBU;211;165;0.00182764
811;GBV006026GBU;212;165;0.00268102
811;GBV006026GBU;215;165;0.00609749
811;GBV006026GBU;198;166;0.00085036
811;GBV006026GBU;201;166;0.00552808
811;GBV006026GBU;202;166;0.01893770
811;GBV006026GBU;203;166;0.00335616
811;GBV006026GBU;204;166;0.00335616
811;GBV006026GBU;205;166;0.00335616
811;GBV006026GBU;206;166;0.00335616
811;GBV006026GBU;207;166;0.00011540
811;GBV006026GBU;210;166;0.00140064
811;GBV006026GBU;211;166;0.00310802
811;GBV006026GBU;215;166;0.00682019
811;GBV006026GBU;216;166;0.00060602
811;GBV006026GBU;198;167;0.00111907
811;GBV006026GBU;199;167;0.00395511
811;GBV006026GBU;200;167;0.00395511
811;GBV006026GBU;201;167;0.02505248
811;GBV006026GBU;207;167;0.00324077
811;GBV006026GBU;208;167;0.00335616
811;GBV006026GBU;209;167;0.00335616
811;GBV006026GBU;210;167;0.00298886
811;GBV006026GBU;216;167;0.00008633
811;GBV006026GBU;201;168;0.01592008
811;GBV006026GBU;200;169;0.00889397
811;GBV006026GBU;201;169;0.00694339
811;GBV006026GBU;200;170;0.01548876
811;GBV006026GBU;201;170;0.00012831
811;GBV006026GBU;200;171;0.01501577
811;GBV006026GBU;201;171;0.00005834
811;GBV006026GBU;202;171;0.00018666
811;GBV006026GBU;203;171;0.00018443
811;GBV006026GBU;199;172;0.00453508
811;GBV006026GBU;200;172;0.01047699
811;GBV006026GBU;203;172;0.00000222
811;GBV006026GBU;204;172;0.00018666
811;GBV006026GBU;205;172;0.00018666
811;GBV006026GBU;206;172;0.00005390
811;GBV006026GBU;199;173;0.01501207
811;GBV006026GBU;206;173;0.00013275
811;GBV006026GBU;207;173;0.00018666
811;GBV006026GBU;208;173;0.00004080
811;GBV006026GBU;199;174;0.01499007
811;GBV006026GBU;199;175;0.01509062
811;GBV006026GBU;197;176;0.00865866
811;GBV006026GBU;198;176;0.01854490
811;GBV006026GBU;199;176;0.00689135
811;GBV006026GBU;197;177;0.01794819
811;GBV006026GBU;199;177;0.00079893
811;GBV006026GBU;190;178;0.00727533
811;GBV006026GBU;191;178;0.01082344
811;GBV006026GBU;192;178;0.01083219
811;GBV006026GBU;193;178;0.01084340
811;GBV006026GBU;194;178;0.02052599
811;GBV006026GBU;195;178;0.01611184
811;GBV006026GBU;196;178;0.01715155
811;GBV006026GBU;197;178;0.00971446
811;GBV006026GBU;199;178;0.00079893
811;GBV006026GBU;193;179;0.00079491
811;GBV006026GBU;194;179;0.01877552
811;GBV006026GBU;199;179;0.00026919
811;GBV006026GBU;200;179;0.00052973
811;GBV006026GBU;193;180;0.01957043
811;GBV006026GBU;200;180;0.00051088
811;GBV006026GBU;193;181;0.01961254
811;GBV006026GBU;193;182;0.01965943
811;GBV006026GBU;193;183;0.01965943
811;GBV006026GBU;192;184;0.01086259
811;GBV006026GBU;193;184;0.00879684
811;GBV006026GBU;192;185;0.01965943
811;GBV006026GBU;191;186;0.00076506
811;GBV006026GBU;192;186;0.03085614
811;GBV006026GBU;191;187;0.02006494
811;GBV006026GBU;192;187;0.01481269
811;NCC006027MBU;162;109;0.00000568
811;NCC006027MBU;166;109;0.00183031
811;NCC006027MBU;151;110;0.00040792
811;NCC006027MBU;152;110;0.00082563
811;NCC006027MBU;165;110;0.00459180
811;NCC006027MBU;166;110;0.00533091
811;NCC006027MBU;169;110;0.00000016
811;NCC006027MBU;170;110;0.00000011
811;NCC006027MBU;150;111;0.00057589
811;NCC006027MBU;151;111;0.00109569
811;NCC006027MBU;162;111;0.00015090
811;NCC006027MBU;163;111;0.00027238
811;NCC006027MBU;164;111;0.00649438
811;NCC006027MBU;165;111;0.00173344
811;NCC006027MBU;166;111;0.00010439
811;NCC006027MBU;170;111;0.00000105
811;NCC006027MBU;173;111;0.00003292
811;NCC006027MBU;150;112;0.00137806
811;NCC006027MBU;159;112;0.00001423
811;NCC006027MBU;160;112;0.00006663
811;NCC006027MBU;161;112;0.00006069
811;NCC006027MBU;162;112;0.00002611
811;NCC006027MBU;163;112;0.00211610
811;NCC006027MBU;164;112;0.00499970
811;NCC006027MBU;166;112;0.00002817
811;NCC006027MBU;167;112;0.00010965
811;NCC006027MBU;168;112;0.00000563
811;NCC006027MBU;170;112;0.00000037
811;NCC006027MBU;171;112;0.00003772
811;NCC006027MBU;172;112;0.00013662
811;NCC006027MBU;173;112;0.00005746
811;NCC006027MBU;150;113;0.00134900
811;NCC006027MBU;154;113;0.00005942
811;NCC006027MBU;157;113;0.00006328
811;NCC006027MBU;158;113;0.00011218
811;NCC006027MBU;159;113;0.00006610
811;NCC006027MBU;163;113;0.00658471
811;NCC006027MBU;168;113;0.00003150
811;NCC006027MBU;169;113;0.00000360
811;NCC006027MBU;170;113;0.00003709
811;NCC006027MBU;171;113;0.00012735
811;NCC006027MBU;149;114;0.00021765
811;NCC006027MBU;150;114;0.00169038
811;NCC006027MBU;152;114;0.00006268
811;NCC006027MBU;153;114;0.00010997
811;NCC006027MBU;154;114;0.00003587
811;NCC006027MBU;155;114;0.00015861
811;NCC006027MBU;156;114;0.00004134
811;NCC006027MBU;157;114;0.00003606
811;NCC006027MBU;159;114;0.00002463
811;NCC006027MBU;160;114;0.00001752
811;NCC006027MBU;161;114;0.00001478
811;NCC006027MBU;162;114;0.00199798
811;NCC006027MBU;163;114;0.00443768
811;NCC006027MBU;168;114;0.00000024
811;NCC006027MBU;169;114;0.00002873
811;NCC006027MBU;170;114;0.00015945
811;NCC006027MBU;148;115;0.00139637
811;NCC006027MBU;149;115;0.00061182
811;NCC006027MBU;150;115;0.00004304
811;NCC006027MBU;151;115;0.00015185
811;NCC006027MBU;152;115;0.00006373
811;NCC006027MBU;154;115;0.00000066
811;NCC006027MBU;155;115;0.00005679
811;NCC006027MBU;156;115;0.00000574
811;NCC006027MBU;157;115;0.00003108
811;NCC006027MBU;159;115;0.00002165
811;NCC006027MBU;161;115;0.00023911
811;NCC006027MBU;162;115;0.00792007
811;NCC006027MBU;163;115;0.00029591
811;NCC006027MBU;168;115;0.00000025
811;NCC006027MBU;169;115;0.00013767
811;NCC006027MBU;170;115;0.00005575
811;NCC006027MBU;147;116;0.00012774
811;NCC006027MBU;148;116;0.00103576
811;NCC006027MBU;152;116;0.00000028
811;NCC006027MBU;153;116;0.00001506
811;NCC006027MBU;154;116;0.00007505
811;NCC006027MBU;155;116;0.00000219
811;NCC006027MBU;156;116;0.00025297
811;NCC006027MBU;157;116;0.00009735
811;NCC006027MBU;159;116;0.00001945
811;NCC006027MBU;160;116;0.00012386
811;NCC006027MBU;161;116;0.00843552
811;NCC006027MBU;162;116;0.00001490
811;NCC006027MBU;168;116;0.00009365
811;NCC006027MBU;169;116;0.00005869
811;NCC006027MBU;147;117;0.00169405
811;NCC006027MBU;150;117;0.00000020
811;NCC006027MBU;151;117;0.00000122
811;NCC006027MBU;152;117;0.00000082
811;NCC006027MBU;154;117;0.00001614
811;NCC006027MBU;155;117;0.00014004
811;NCC006027MBU;157;117;0.00036158
811;NCC006027MBU;158;117;0.00011234
811;NCC006027MBU;159;117;0.00005300
811;NCC006027MBU;160;117;0.00782129
811;NCC006027MBU;161;117;0.00012293
811;NCC006027MBU;162;117;0.00002900
811;NCC006027MBU;163;117;0.00000546
811;NCC006027MBU;167;117;0.00011960
811;NCC006027MBU;168;117;0.00006507
811;NCC006027MBU;146;118;0.00121386
811;NCC006027MBU;147;118;0.00083064
811;NCC006027MBU;150;118;0.00000213
811;NCC006027MBU;154;118;0.00000006
811;NCC006027MBU;155;118;0.00005605
811;NCC006027MBU;156;118;0.00007224
811;NCC006027MBU;158;118;0.00026984
811;NCC006027MBU;160;118;0.00834695
811;NCC006027MBU;161;118;0.00027839
811;NCC006027MBU;162;118;0.00044412
811;NCC006027MBU;163;118;0.00000451
811;NCC006027MBU;166;118;0.00015822
811;NCC006027MBU;167;118;0.00000016
811;NCC006027MBU;145;119;0.00077494
811;NCC006027MBU;146;119;0.00118403
811;NCC006027MBU;147;119;0.00065721
811;NCC006027MBU;150;119;0.00000144
811;NCC006027MBU;154;119;0.00000016
811;NCC006027MBU;156;119;0.00000951
811;NCC006027MBU;157;119;0.00038222
811;NCC006027MBU;158;119;0.00040265
811;NCC006027MBU;159;119;0.00707414
811;NCC006027MBU;160;119;0.00075623
811;NCC006027MBU;161;119;0.00043914
811;NCC006027MBU;162;119;0.00020000
811;NCC006027MBU;163;119;0.00066046
811;NCC006027MBU;164;119;0.00086134
811;NCC006027MBU;165;119;0.00023272
811;NCC006027MBU;166;119;0.00009408
811;NCC006027MBU;167;119;0.00007492
811;NCC006027MBU;144;120;0.00108405
811;NCC006027MBU;145;120;0.00233024
811;NCC006027MBU;146;120;0.00104205
811;NCC006027MBU;150;120;0.00000224
811;NCC006027MBU;154;120;0.00000016
811;NCC006027MBU;157;120;0.01129209
811;NCC006027MBU;158;120;0.00911977
811;NCC006027MBU;159;120;0.00302355
811;NCC006027MBU;163;120;0.00016896
811;NCC006027MBU;164;120;0.00035966
811;NCC006027MBU;165;120;0.00037901
811;NCC006027MBU;166;120;0.00038488
811;NCC006027MBU;167;120;0.00019544
811;NCC006027MBU;143;121;0.00095336
811;NCC006027MBU;144;121;0.00290893
811;NCC006027MBU;145;121;0.00031688
811;NCC006027MBU;150;121;0.00000157
811;NCC006027MBU;151;121;0.00015689
811;NCC006027MBU;154;121;0.00000014
811;NCC006027MBU;157;121;0.00874987
811;NCC006027MBU;158;121;0.00050844
811;NCC006027MBU;159;121;0.00008013
811;NCC006027MBU;160;121;0.00003417
811;NCC006027MBU;161;121;0.00000472
811;NCC006027MBU;162;121;0.00015573
811;NCC006027MBU;163;121;0.00024329
811;NCC006027MBU;142;122;0.00227219
811;NCC006027MBU;143;122;0.00258329
811;NCC006027MBU;150;122;0.00000963
811;NCC006027MBU;151;122;0.00007335
811;NCC006027MBU;152;122;0.00024025
811;NCC006027MBU;153;122;0.00027273
811;NCC006027MBU;154;122;0.00021144
811;NCC006027MBU;155;122;0.00025734
811;NCC006027MBU;156;122;0.00794368
811;NCC006027MBU;157;122;0.00344850
811;NCC006027MBU;159;122;0.00013271
811;NCC006027MBU;161;122;0.00000289
811;NCC006027MBU;162;122;0.00033234
811;NCC006027MBU;163;122;0.00001523
811;NCC006027MBU;164;122;0.00000654
811;NCC006027MBU;141;123;0.00262867
811;NCC006027MBU;142;123;0.00072367
811;NCC006027MBU;150;123;0.00002806
811;NCC006027MBU;154;123;0.00015595
811;NCC006027MBU;155;123;0.00987963
811;NCC006027MBU;156;123;0.00434368
811;NCC006027MBU;157;123;0.00020336
811;NCC006027MBU;159;123;0.00000844
811;NCC006027MBU;160;123;0.00002762
811;NCC006027MBU;162;123;0.00001907
811;NCC006027MBU;163;123;0.00000358
811;NCC006027MBU;141;124;0.00337874
811;NCC006027MBU;148;124;0.00000512
811;NCC006027MBU;149;124;0.00002764
811;NCC006027MBU;150;124;0.00000646
811;NCC006027MBU;153;124;0.00003050
811;NCC006027MBU;154;124;0.00327060
811;NCC006027MBU;155;124;0.00977073
811;NCC006027MBU;156;124;0.00040817
811;NCC006027MBU;141;125;0.00279538
811;NCC006027MBU;148;125;0.00005393
811;NCC006027MBU;152;125;0.00000618
811;NCC006027MBU;153;125;0.00068840
811;NCC006027MBU;154;125;0.01256434
811;NCC006027MBU;155;125;0.00002884
811;NCC006027MBU;140;126;0.00043610
811;NCC006027MBU;141;126;0.00317237
811;NCC006027MBU;143;126;0.00004570
811;NCC006027MBU;144;126;0.00000501
811;NCC006027MBU;147;126;0.00030510
811;NCC006027MBU;148;126;0.00006326
811;NCC006027MBU;151;126;0.00002474
811;NCC006027MBU;152;126;0.00005602
811;NCC006027MBU;153;126;0.01219075
811;NCC006027MBU;154;126;0.00419741
811;NCC006027MBU;155;126;0.00019701
811;NCC006027MBU;156;126;0.00005383
811;NCC006027MBU;140;127;0.00336864
811;NCC006027MBU;143;127;0.00006850
811;NCC006027MBU;145;127;0.00087946
811;NCC006027MBU;146;127;0.00056306
811;NCC006027MBU;147;127;0.00002533
811;NCC006027MBU;150;127;0.00008010
811;NCC006027MBU;151;127;0.00009730
811;NCC006027MBU;152;127;0.01300609
811;NCC006027MBU;153;127;0.00432087
811;NCC006027MBU;156;127;0.00006855
811;NCC006027MBU;140;128;0.00349906
811;NCC006027MBU;143;128;0.00008745
811;NCC006027MBU;144;128;0.00522874
811;NCC006027MBU;145;128;0.00052614
811;NCC006027MBU;149;128;0.00000286
811;NCC006027MBU;150;128;0.00013422
811;NCC006027MBU;151;128;0.01327653
811;NCC006027MBU;152;128;0.00110231
811;NCC006027MBU;156;128;0.00001270
811;NCC006027MBU;140;129;0.00278698
811;NCC006027MBU;141;129;0.01017630
811;NCC006027MBU;142;129;0.00522368
811;NCC006027MBU;143;129;0.00380251
811;NCC006027MBU;144;129;0.00427128
811;NCC006027MBU;146;129;0.00022048
811;NCC006027MBU;149;129;0.00000860
811;NCC006027MBU;150;129;0.01473350
811;NCC006027MBU;151;129;0.00698934
811;NCC006027MBU;152;129;0.00012658
811;NCC006027MBU;140;130;0.00366213
811;NCC006027MBU;141;130;0.02902376
811;NCC006027MBU;142;130;0.00720796
811;NCC006027MBU;143;130;0.00928210
811;NCC006027MBU;144;130;0.00995854
811;NCC006027MBU;145;130;0.00658277
811;NCC006027MBU;146;130;0.00004124
811;NCC006027MBU;147;130;0.00015988
811;NCC006027MBU;148;130;0.00010266
811;NCC006027MBU;149;130;0.01373715
811;NCC006027MBU;150;130;0.00311913
811;NCC006027MBU;151;130;0.00001023
811;NCC006027MBU;152;130;0.00004614
811;NCC006027MBU;140;131;0.00689587
811;NCC006027MBU;141;131;0.02902168
811;NCC006027MBU;142;131;0.04027854
811;NCC006027MBU;143;131;0.00227614
811;NCC006027MBU;145;131;0.00600431
811;NCC006027MBU;146;131;0.00601472
811;NCC006027MBU;147;131;0.00152372
811;NCC006027MBU;148;131;0.01231378
811;NCC006027MBU;149;131;0.00703021
811;NCC006027MBU;150;131;0.00003417
811;NCC006027MBU;140;132;0.00035797
811;NCC006027MBU;141;132;0.00033239
811;NCC006027MBU;142;132;0.01230107
811;NCC006027MBU;143;132;0.02260483
811;NCC006027MBU;144;132;0.00288023
811;NCC006027MBU;145;132;0.00553649
811;NCC006027MBU;146;132;0.01415808
811;NCC006027MBU;147;132;0.01803883
811;NCC006027MBU;148;132;0.00731257
811;NCC006027MBU;149;132;0.00027043
811;NCC006027MBU;143;133;0.02640961
811;NCC006027MBU;144;133;0.00864627
811;NCC006027MBU;145;133;0.00733226
811;NCC006027MBU;146;133;0.04269057
811;NCC006027MBU;147;133;0.04002611
811;NCC006027MBU;148;133;0.00212288
811;NCC006027MBU;149;133;0.00011599
811;NCC006027MBU;143;134;0.01594223
811;NCC006027MBU;144;134;0.00328100
811;NCC006027MBU;145;134;0.00538675
811;NCC006027MBU;146;134;0.03167883
811;NCC006027MBU;147;134;0.00672090
811;NCC006027MBU;148;134;0.00065970
811;NCC006027MBU;144;135;0.02424490
811;NCC006027MBU;145;135;0.00545495
811;NCC006027MBU;146;135;0.02176563
811;NCC006027MBU;147;135;0.00148613
811;NCC006027MBU;148;135;0.00015639
811;NCC006027MBU;143;136;0.00002509
811;NCC006027MBU;144;136;0.01288512
811;NCC006027MBU;145;136;0.00920866
811;NCC006027MBU;146;136;0.03096875
811;NCC006027MBU;147;136;0.00397391
811;NCC006027MBU;148;136;0.00039738
811;NCC006027MBU;144;137;0.01141403
811;NCC006027MBU;145;137;0.00046379
811;NCC006027MBU;146;137;0.00753957
811;NCC006027MBU;147;137;0.01999353
811;NCC006027MBU;148;137;0.00010550
811;NCC006027MBU;143;138;0.00001103
811;NCC006027MBU;144;138;0.01620887
811;NCC006027MBU;145;138;0.00629140
811;NCC006027MBU;146;138;0.00548042
811;NCC006027MBU;147;138;0.00706454
811;NCC006027MBU;144;139;0.00424252
811;NCC006027MBU;145;139;0.00300957
811;NCC006027MBU;146;139;0.00322375
811;NCC006027MBU;147;139;0.00009466
811;0SV006031PLA;153;188;0.00236785
811;0SV006031PLA;154;188;0.00247998
811;0SV006031PLA;155;188;0.04842686
811;0SV006031PLA;156;188;0.01407125
811;0SV006031PLA;157;188;0.00994233
811;0SV006031PLA;151;189;0.00189113
811;0SV006031PLA;152;189;0.00238019
811;0SV006031PLA;153;189;0.01780484
811;0SV006031PLA;154;189;0.02267537
811;0SV006031PLA;155;189;0.11122071
811;0SV006031PLA;156;189;0.07954005
811;0SV006031PLA;157;189;0.01938048
811;0SV006031PLA;158;189;0.00219673
811;0SV006031PLA;151;190;0.00006921
811;0SV006031PLA;153;190;0.00741286
811;0SV006031PLA;154;190;0.02141493
811;0SV006031PLA;155;190;0.09291538
811;0SV006031PLA;156;190;0.07316550
811;0SV006031PLA;157;190;0.02582036
811;0SV006031PLA;158;190;0.00335789
811;0SV006031PLA;151;191;0.00012007
811;0SV006031PLA;152;191;0.00018287
811;0SV006031PLA;153;191;0.00017170
811;0SV006031PLA;154;191;0.00903416
811;0SV006031PLA;155;191;0.04673586
811;0SV006031PLA;156;191;0.00807161
811;0SV006031PLA;157;191;0.04933628
811;0SV006031PLA;158;191;0.01317266
811;0SV006031PLA;159;191;0.00040970
811;0SV006031PLA;151;192;0.00006797
811;0SV006031PLA;152;192;0.00019876
811;0SV006031PLA;153;192;0.00053346
811;0SV006031PLA;154;192;0.00983403
811;0SV006031PLA;155;192;0.03305024
811;0SV006031PLA;156;192;0.00585487
811;0SV006031PLA;157;192;0.00357756
811;0SV006031PLA;158;192;0.05048335
811;0SV006031PLA;159;192;0.01322603
811;0SV006031PLA;151;193;0.00012636
811;0SV006031PLA;152;193;0.00032817
811;0SV006031PLA;153;193;0.00846038
811;0SV006031PLA;154;193;0.00821475
811;0SV006031PLA;155;193;0.00919579
811;0SV006031PLA;156;193;0.00394001
811;0SV006031PLA;157;193;0.00256992
811;0SV006031PLA;159;193;0.04858160
811;0SV006031PLA;160;193;0.01293361
811;0SV006031PLA;153;194;0.00768073
811;0SV006031PLA;154;194;0.00304229
811;0SV006031PLA;155;194;0.00132220
811;0SV006031PLA;156;194;0.00047844
811;0SV006031PLA;157;194;0.00138085
811;0SV006031PLA;158;194;0.00196442
811;0SV006031PLA;159;194;0.02208365
811;0SV006031PLA;160;194;0.02594923
811;0SV006031PLA;152;195;0.00011451
811;0SV006031PLA;153;195;0.01325990
811;0SV006031PLA;154;195;0.00005828
811;0SV006031PLA;155;195;0.00035277
811;0SV006031PLA;158;195;0.00053607
811;0SV006031PLA;159;195;0.01185720
811;0SV006031PLA;160;195;0.00530151
811;0SV006031PLA;152;196;0.00123296
811;0SV006031PLA;153;196;0.00287179
811;0SV006031PLA;154;196;0.00026438
811;0SV006031PLA;155;196;0.00009732
811;0SV006031PLA;159;196;0.00314299
811;0SV006031PLA;154;197;0.00003285
811;0SV006031PLA;155;197;0.00002995
811;0MC006003AMA;161;175;0.00006909
811;0MC006003AMA;160;176;0.00034354
811;0MC006003AMA;161;176;0.03055114
811;0MC006003AMA;161;177;0.03215417
811;0MC006003AMA;162;177;0.05817377
811;0MC006003AMA;163;177;0.00458869
811;0MC006003AMA;166;177;0.00093209
811;0MC006003AMA;167;177;0.01393612
811;0MC006003AMA;162;178;0.03376897
811;0MC006003AMA;163;178;0.02192926
811;0MC006003AMA;164;178;0.02440437
811;0MC006003AMA;165;178;0.03723322
811;0MC006003AMA;166;178;0.05768391
811;0MC006003AMA;160;179;0.00196789
811;0MC006003AMA;161;179;0.01100732
811;0MC006003AMA;162;179;0.00056227
811;0MC006003AMA;163;179;0.01718245
811;0MC006003AMA;165;179;0.04977305
811;0MC006003AMA;166;179;0.00281590
811;0MC006003AMA;167;179;0.03423541
811;0MC006003AMA;168;179;0.01287774
811;0MC006003AMA;169;179;0.00467527
811;0MC006003AMA;163;180;0.01539233
811;0MC006003AMA;164;180;0.01615604
811;0MC006003AMA;165;180;0.02667327
811;0MC006003AMA;168;180;0.02883177
811;0MC006003AMA;169;180;0.02261139
811;0MC006003AMA;170;180;0.01211885
811;0MC006003AMA;171;180;0.00044235
811;0MC006003AMA;161;181;0.03892343
811;0MC006003AMA;162;181;0.03587807
811;0MC006003AMA;163;181;0.06070192
811;0MC006003AMA;164;181;0.05936354
811;0MC006003AMA;170;181;0.00151648
811;0MC006003AMA;171;181;0.00640450
811;0MC006003AMA;160;182;0.00837849
811;0MC006003AMA;161;182;0.01253660
811;0MC006003AMA;162;182;0.02775084
811;0MC006003AMA;163;182;0.00173091
811;0MC006003AMA;164;182;0.02454932
811;0MC006003AMA;165;182;0.00612295
811;0MC006003AMA;171;182;0.00058739
811;0MC006003AMA;172;182;0.00700890
811;0MC006003AMA;162;183;0.02762647
811;0MC006003AMA;164;183;0.01507814
811;0MC006003AMA;165;183;0.01041453
811;0MC006003AMA;166;183;0.01154660
811;0MC006003AMA;172;183;0.00099578
811;0MC006003AMA;173;183;0.01117850
811;0MC006003AMA;174;183;0.00947736
811;0MC006003AMA;175;183;0.00640207
811;0MC006003AMA;176;183;0.00007273
811;0MC006003AMA;164;184;0.00044475
811;0MC006003AMA;176;184;0.00763126
811;0MC006003AMA;177;184;0.00767566
811;0MC006003AMA;177;185;0.00463443
811;0MC006003AMA;178;185;0.00048524
811;0MC006003AMA;178;186;0.00653345
811;0MC006003AMA;179;186;0.00502644
811;0MC006003AMA;179;187;0.00120322
811;0MC006003AMA;180;187;0.00387010
811;0MC006003AMA;180;188;0.00515829
811;0MC006005CAL;169;166;0.00112921
811;0MC006005CAL;170;166;0.00900871
811;0MC006005CAL;166;167;0.02515691
811;0MC006005CAL;167;167;0.01308728
811;0MC006005CAL;169;167;0.01217431
811;0MC006005CAL;167;168;0.01735412
811;0MC006005CAL;168;168;0.03599551
811;0MC006005CAL;169;168;0.00666314
811;0MC006005CAL;168;169;0.01869766
811;0MC006005CAL;171;169;0.02485221
811;0MC006005CAL;172;169;0.00165113
811;0MC006005CAL;168;170;0.00954753
811;0MC006005CAL;169;170;0.03906094
811;0MC006005CAL;170;170;0.00436222
811;0MC006005CAL;171;170;0.03489638
811;0MC006005CAL;162;171;0.06095406
811;0MC006005CAL;163;171;0.03126519
811;0MC006005CAL;169;171;0.00482350
811;0MC006005CAL;170;171;0.07132764
811;0MC006005CAL;171;171;0.01403372
811;0MC006005CAL;172;171;0.01017958
811;0MC006005CAL;163;172;0.04199434
811;0MC006005CAL;164;172;0.00061573
811;0MC006005CAL;168;172;0.00045810
811;0MC006005CAL;169;172;0.04189650
811;0MC006005CAL;172;172;0.00362788
811;0MC006005CAL;173;172;0.00935690
811;0MC006005CAL;164;173;0.02970112
811;0MC006005CAL;168;173;0.03617465
811;0MC006005CAL;173;173;0.01446438
811;0MC006005CAL;174;173;0.00095357
811;0MC006005CAL;161;174;0.04927104
811;0MC006005CAL;162;174;0.02438751
811;0MC006005CAL;163;174;0.02157972
811;0MC006005CAL;164;174;0.02637149
811;0MC006005CAL;165;174;0.03430099
811;0MC006005CAL;166;174;0.03336339
811;0MC006005CAL;167;174;0.03649613
811;0MC006005CAL;168;174;0.02278849
811;0MC006005CAL;174;174;0.01541794
811;0MC006005CAL;166;175;0.00819701
811;0MC006005CAL;167;175;0.01075816
811;0MC006005CAL;174;175;0.00610489
811;0MC006005CAL;175;175;0.00401041
811;0MC006005CAL;167;176;0.01895517
811;0MC006005CAL;175;176;0.00206580
811;0MC006005CAL;176;176;0.00080813
811;0MC006005CAL;167;177;0.02433280
811;0MC006005CAL;168;177;0.00231864
811;0MC006005CAL;176;177;0.00180990
811;0MC006005CAL;177;177;0.00099745
811;0MC006005CAL;168;178;0.00021425
811;0MC006005CAL;169;178;0.00253289
811;0MC006005CAL;170;178;0.00102456
811;0MC006005CAL;177;178;0.00162058
811;0MC006005CAL;178;178;0.00165407
811;0MC006005CAL;170;179;0.00150833
811;0MC006005CAL;171;179;0.00397952
811;0MC006005CAL;178;179;0.00269017
811;0MC006005CAL;179;179;0.00238326
811;0MC006005CAL;171;180;0.00498566
811;0MC006005CAL;179;180;0.00248293
811;0MC006005CAL;180;180;0.00259050
811;0MC006005CAL;180;181;0.00227570
811;0MC006005CAL;181;181;0.00025837
811;0SS006013IMP;273;25;0.00177753
811;0SS006013IMP;273;26;0.01191163
811;0SS006013IMP;274;26;0.00451159
811;0SS006013IMP;278;26;0.00001047
811;0SS006013IMP;279;26;0.00002447
811;0SS006013IMP;273;27;0.00097123
811;0SS006013IMP;274;27;0.01391556
811;0SS006013IMP;277;27;0.00002620
811;0SS006013IMP;278;27;0.00001785
811;0SS006013IMP;279;27;0.00000119
811;0SS006013IMP;280;27;0.00002465
811;0SS006013IMP;281;27;0.00002465
811;0SS006013IMP;282;27;0.00002458
811;0SS006013IMP;283;27;0.00002655
811;0SS006013IMP;284;27;0.00016671
811;0SS006013IMP;285;27;0.00042125
811;0SS006013IMP;286;27;0.00085482
811;0SS006013IMP;287;27;0.00540295
811;0SS006013IMP;288;27;0.00183617
811;0SS006013IMP;289;27;0.00031514
811;0SS006013IMP;290;27;0.00021033
811;0SS006013IMP;274;28;0.00474936
811;0SS006013IMP;275;28;0.01316411
811;0SS006013IMP;276;28;0.01410095
811;0SS006013IMP;277;28;0.01317285
811;0SS006013IMP;278;28;0.00030935
811;0SS006013IMP;283;28;0.00004870
811;0SS006013IMP;284;28;0.00065793
811;0SS006013IMP;285;28;0.00048475
811;0SS006013IMP;286;28;0.00251728
811;0SS006013IMP;287;28;0.00601017
811;0SS006013IMP;288;28;0.00159678
811;0SS006013IMP;289;28;0.00165546
811;0SS006013IMP;290;28;0.00141125
811;0SS006013IMP;291;28;0.00102540
811;0SS006013IMP;292;28;0.00102126
811;0SS006013IMP;293;28;0.00099622
811;0SS006013IMP;294;28;0.00093627
811;0SS006013IMP;295;28;0.00043048
811;0SS006013IMP;277;29;0.00000467
811;0SS006013IMP;278;29;0.01290282
811;0SS006013IMP;279;29;0.01331170
811;0SS006013IMP;280;29;0.01344606
811;0SS006013IMP;281;29;0.01297149
811;0SS006013IMP;282;29;0.01290643
811;0SS006013IMP;283;29;0.01030111
811;0SS006013IMP;284;29;0.00110194
811;0SS006013IMP;285;29;0.00076258
811;0SS006013IMP;286;29;0.00629762
811;0SS006013IMP;287;29;0.00471390
811;0SS006013IMP;288;29;0.00037181
811;0SS006013IMP;289;29;0.00033448
811;0SS006013IMP;290;29;0.00054120
811;0SS006013IMP;291;29;0.00010017
811;0SS006013IMP;292;29;0.00000545
811;0SS006013IMP;294;29;0.01570031
811;0SS006013IMP;295;29;0.01783979
811;0SS006013IMP;296;29;0.01830393
811;0SS006013IMP;297;29;0.01782859
811;0SS006013IMP;298;29;0.01762092
811;0SS006013IMP;299;29;0.01764410
811;0SS006013IMP;300;29;0.01896821
811;0SS006013IMP;301;29;0.01041853
811;0SS006013IMP;282;30;0.00023111
811;0SS006013IMP;283;30;0.00293305
811;0SS006013IMP;284;30;0.01621979
811;0SS006013IMP;285;30;0.02075199
811;0SS006013IMP;286;30;0.02618885
811;0SS006013IMP;287;30;0.02326160
811;0SS006013IMP;288;30;0.01743522
811;0SS006013IMP;289;30;0.01723994
811;0SS006013IMP;290;30;0.01695694
811;0SS006013IMP;291;30;0.01656606
811;0SS006013IMP;292;30;0.01793442
811;0SS006013IMP;293;30;0.01720720
811;0SS006013IMP;294;30;0.00163105
811;0SS006013IMP;301;30;0.01417395
811;0SS006013IMP;302;30;0.01948396
811;0SS006013IMP;303;30;0.01775581
811;0SS006013IMP;304;30;0.01778762
811;0SS006013IMP;305;30;0.01834098
811;0SS006013IMP;306;30;0.01826687
811;0SS006013IMP;307;30;0.01743169
811;0SS006013IMP;282;31;0.00010884
811;0SS006013IMP;283;31;0.00056604
811;0SS006013IMP;284;31;0.00414878
811;0SS006013IMP;285;31;0.00725957
811;0SS006013IMP;286;31;0.00241337
811;0SS006013IMP;287;31;0.00699886
811;0SS006013IMP;288;31;0.00161527
811;0SS006013IMP;289;31;0.00213277
811;0SS006013IMP;290;31;0.00166910
811;0SS006013IMP;291;31;0.00070563
811;0SS006013IMP;292;31;0.00004515
811;0SS006013IMP;302;31;0.00006115
811;0SS006013IMP;304;31;0.00010149
811;0SS006013IMP;307;31;0.00205854
811;0SS006013IMP;308;31;0.00163575
811;0SS006013IMP;309;31;0.00005982
811;0SS006013IMP;282;32;0.00004127
811;0SS006013IMP;283;32;0.00010072
811;0SS006013IMP;284;32;0.00313492
811;0SS006013IMP;285;32;0.00631053
811;0SS006013IMP;286;32;0.00185193
811;0SS006013IMP;287;32;0.00656370
811;0SS006013IMP;288;32;0.00022626
811;0SS006013IMP;289;32;0.00052277
811;0SS006013IMP;290;32;0.00040149
811;0SS006013IMP;291;32;0.00025480
811;0SS006013IMP;302;32;0.00006135
811;0SS006013IMP;309;32;0.00002974
811;0SS006013IMP;284;33;0.00285683
811;0SS006013IMP;285;33;0.00440171
811;0SS006013IMP;286;33;0.00193365
811;0SS006013IMP;287;33;0.00569065
811;0SS006013IMP;288;33;0.00005529
811;0SS006013IMP;289;33;0.00031965
811;0SS006013IMP;290;33;0.00028083
811;0SS006013IMP;291;33;0.00023213
811;0SS006013IMP;302;33;0.00006124
811;0SS006013IMP;283;34;0.00000344
811;0SS006013IMP;284;34;0.00295080
811;0SS006013IMP;285;34;0.00452886
811;0SS006013IMP;286;34;0.00330003
811;0SS006013IMP;287;34;0.00414116
811;0SS006013IMP;288;34;0.00011603
811;0SS006013IMP;289;34;0.00057199
811;0SS006013IMP;290;34;0.00008646
811;0SS006013IMP;291;34;0.00017105
811;0SS006013IMP;302;34;0.00006132
811;0SS006013IMP;283;35;0.00000741
811;0SS006013IMP;284;35;0.00284412
811;0SS006013IMP;285;35;0.00536852
811;0SS006013IMP;286;35;0.01035551
811;0SS006013IMP;287;35;0.00361890
811;0SS006013IMP;288;35;0.00108791
811;0SS006013IMP;289;35;0.00086017
811;0SS006013IMP;290;35;0.00054829
811;0SS006013IMP;291;35;0.00033068
811;0SS006013IMP;292;35;0.00025934
811;0SS006013IMP;293;35;0.00001539
811;0SS006013IMP;301;35;0.00005885
811;0SS006013IMP;302;35;0.00005281
811;0SS006013IMP;283;36;0.00001844
811;0SS006013IMP;284;36;0.00945191
811;0SS006013IMP;285;36;0.00701674
811;0SS006013IMP;286;36;0.00778014
811;0SS006013IMP;287;36;0.00254875
811;0SS006013IMP;288;36;0.00015973
811;0SS006013IMP;290;36;0.00027307
811;0SS006013IMP;291;36;0.00017765
811;0SS006013IMP;293;36;0.00024214
811;0SS006013IMP;294;36;0.00027941
811;0SS006013IMP;295;36;0.00028059
811;0SS006013IMP;296;36;0.00026056
811;0SS006013IMP;300;36;0.00000084
811;0SS006013IMP;301;36;0.00006079
811;0SS006013IMP;281;37;0.00795186
811;0SS006013IMP;282;37;0.01275121
811;0SS006013IMP;283;37;0.01140367
811;0SS006013IMP;284;37;0.00908028
811;0SS006013IMP;285;37;0.00047898
811;0SS006013IMP;286;37;0.00123748
811;0SS006013IMP;287;37;0.00049848
811;0SS006013IMP;288;37;0.00019675
811;0SS006013IMP;289;37;0.00013764
811;0SS006013IMP;290;37;0.00015059
811;0SS006013IMP;296;37;0.00001436
811;0SS006013IMP;297;37;0.00030066
811;0SS006013IMP;298;37;0.00027232
811;0SS006013IMP;299;37;0.00008640
811;0SS006013IMP;300;37;0.00006251
811;0SS006013IMP;279;38;0.01071162
811;0SS006013IMP;280;38;0.01288287
811;0SS006013IMP;281;38;0.00776182
811;0SS006013IMP;284;38;0.00124894
811;0SS006013IMP;285;38;0.00006263
811;0SS006013IMP;286;38;0.00101238
811;0SS006013IMP;288;38;0.00014102
811;0SS006013IMP;289;38;0.00008707
811;0SS006013IMP;299;38;0.00028169
811;0SS006013IMP;300;38;0.00006779
811;0SS006013IMP;278;39;0.01227617
811;0SS006013IMP;279;39;0.00122137
811;0SS006013IMP;284;39;0.00074677
811;0SS006013IMP;285;39;0.00033551
811;0SS006013IMP;286;39;0.00106422
811;0SS006013IMP;287;39;0.00016384
811;0SS006013IMP;288;39;0.00024279
811;0SS006013IMP;289;39;0.00011367
811;0SS006013IMP;299;39;0.00018149
811;0SS006013IMP;300;39;0.00029411
811;0SS006013IMP;277;40;0.00644694
811;0SS006013IMP;278;40;0.00938355
811;0SS006013IMP;284;40;0.00001197
811;0SS006013IMP;285;40;0.00004330
811;0SS006013IMP;286;40;0.00092945
811;0SS006013IMP;287;40;0.00005975
811;0SS006013IMP;288;40;0.00020914
811;0SS006013IMP;289;40;0.00012697
811;0SS006013IMP;290;40;0.00007150
811;0SS006013IMP;300;40;0.00026171
811;0SS006013IMP;301;40;0.00007217
811;0SS006013IMP;277;41;0.01254918
811;0SS006013IMP;284;41;0.00000683
811;0SS006013IMP;285;41;0.00005751
811;0SS006013IMP;286;41;0.00086155
811;0SS006013IMP;287;41;0.00008799
811;0SS006013IMP;301;41;0.00031836
811;0SS006013IMP;276;42;0.01291249
811;0SS006013IMP;277;42;0.00129441
811;0SS006013IMP;284;42;0.00005809
811;0SS006013IMP;285;42;0.00019157
811;0SS006013IMP;286;42;0.00099500
811;0SS006013IMP;287;42;0.00009187
811;0SS006013IMP;301;42;0.00031210
811;0SS006013IMP;275;43;0.00789250
811;0SS006013IMP;276;43;0.00600899
811;0SS006013IMP;284;43;0.00020329
811;0SS006013IMP;285;43;0.00079694
811;0SS006013IMP;286;43;0.00024174
811;0SS006013IMP;301;43;0.00034898
811;0SS006013IMP;274;44;0.00206454
811;0SS006013IMP;275;44;0.01257323
811;0SS006013IMP;276;44;0.00027032
811;0SS006013IMP;284;44;0.00093884
811;0SS006013IMP;301;44;0.00002870
811;0SS006013IMP;302;44;0.00039163
811;0SS006013IMP;274;45;0.01306818
811;0SS006013IMP;280;45;0.00048755
811;0SS006013IMP;281;45;0.00041976
811;0SS006013IMP;282;45;0.00016724
811;0SS006013IMP;283;45;0.00079617
811;0SS006013IMP;284;45;0.00017090
811;0SS006013IMP;302;45;0.00007355
811;0SS006013IMP;303;45;0.00040247
811;0SS006013IMP;273;46;0.00590907
811;0SS006013IMP;274;46;0.00787386
811;0SS006013IMP;279;46;0.00072744
811;0SS006013IMP;280;46;0.00050214
811;0SS006013IMP;281;46;0.00053215
811;0SS006013IMP;282;46;0.00061268
811;0SS006013IMP;283;46;0.00033757
811;0SS006013IMP;303;46;0.00004470
811;0SS006013IMP;304;46;0.00030569
811;0SS006013IMP;273;47;0.00536540
811;0SS006013IMP;278;47;0.00028938
811;0SS006013IMP;279;47;0.00051587
811;0SS006013IMP;282;47;0.00009011
811;0SS006013IMP;304;47;0.00037448
811;0SS006013IMP;303;48;0.00009991
811;0SS006013IMP;304;48;0.00028137
811;0SS006013IMP;303;49;0.00015690
811;NEP006047SIS;135;255;0.03554515
811;NEP006047SIS;136;255;0.00002735
811;NEP006047SIS;146;255;0.00305898
811;NEP006047SIS;147;255;0.00328411
811;NEP006047SIS;135;256;0.00492493
811;NEP006047SIS;136;256;0.02843730
811;NEP006047SIS;145;256;0.00485370
811;NEP006047SIS;146;256;0.00316875
811;NEP006047SIS;135;257;0.01303138
811;NEP006047SIS;136;257;0.03198560
811;NEP006047SIS;137;257;0.00564036
811;NEP006047SIS;138;257;0.00556622
811;NEP006047SIS;139;257;0.00346801
811;NEP006047SIS;140;257;0.00346801
811;NEP006047SIS;141;257;0.00346801
811;NEP006047SIS;142;257;0.00346801
811;NEP006047SIS;143;257;0.00346801
811;NEP006047SIS;144;257;0.00396593
811;NEP006047SIS;145;257;0.00137403
811;NEP006047SIS;125;258;0.00000702
811;NEP006047SIS;126;258;0.00048106
811;NEP006047SIS;127;258;0.00021156
811;NEP006047SIS;135;258;0.04206525
811;NEP006047SIS;136;258;0.00164406
811;NEP006047SIS;125;259;0.00061254
811;NEP006047SIS;134;259;0.02870727
811;NEP006047SIS;135;259;0.01165565
811;NEP006047SIS;124;260;0.00040399
811;NEP006047SIS;125;260;0.00002103
811;NEP006047SIS;134;260;0.03894151
811;NEP006047SIS;111;261;0.00008617
811;NEP006047SIS;124;261;0.00042503
811;NEP006047SIS;133;261;0.01206850
811;NEP006047SIS;134;261;0.02779379
811;NEP006047SIS;111;262;0.00012730
811;NEP006047SIS;124;262;0.00042503
811;NEP006047SIS;132;262;0.01666590
811;NEP006047SIS;133;262;0.02247218
811;NEP006047SIS;134;262;0.00546931
811;NEP006047SIS;111;263;0.00012730
811;NEP006047SIS;123;263;0.00034537
811;NEP006047SIS;124;263;0.00014339
811;NEP006047SIS;125;263;0.00000139
811;NEP006047SIS;132;263;0.02773472
811;NEP006047SIS;134;263;0.00682892
811;NEP006047SIS;135;263;0.00216507
811;NEP006047SIS;111;264;0.00012721
811;NEP006047SIS;123;264;0.00037564
811;NEP006047SIS;132;264;0.02753771
811;NEP006047SIS;135;264;0.00754769
811;NEP006047SIS;136;264;0.00921010
811;NEP006047SIS;111;265;0.00012690
811;NEP006047SIS;123;265;0.00043615
811;NEP006047SIS;131;265;0.02421978
811;NEP006047SIS;132;265;0.00327202
811;NEP006047SIS;134;265;0.00007083
811;NEP006047SIS;135;265;0.00065874
811;NEP006047SIS;136;265;0.00143721
811;NEP006047SIS;137;265;0.00789609
811;NEP006047SIS;111;266;0.00012690
811;NEP006047SIS;122;266;0.00018302
811;NEP006047SIS;123;266;0.00002952
811;NEP006047SIS;124;266;0.00048639
811;NEP006047SIS;131;266;0.02742102
811;NEP006047SIS;133;266;0.00052746
811;NEP006047SIS;134;266;0.00058790
811;NEP006047SIS;137;266;0.00894750
811;NEP006047SIS;111;267;0.00012154
811;NEP006047SIS;119;267;0.00008836
811;NEP006047SIS;120;267;0.00015286
811;NEP006047SIS;122;267;0.00040941
811;NEP006047SIS;124;267;0.00221028
811;NEP006047SIS;125;267;0.00281091
811;NEP006047SIS;126;267;0.00249147
811;NEP006047SIS;131;267;0.02816801
811;NEP006047SIS;132;267;0.00065874
811;NEP006047SIS;133;267;0.00013128
811;NEP006047SIS;137;267;0.00443906
811;NEP006047SIS;138;267;0.00921201
811;NEP006047SIS;139;267;0.00093951
811;NEP006047SIS;111;268;0.00003313
811;NEP006047SIS;112;268;0.00003080
811;NEP006047SIS;119;268;0.00038150
811;NEP006047SIS;120;268;0.00015139
811;NEP006047SIS;121;268;0.00029555
811;NEP006047SIS;122;268;0.00002834
811;NEP006047SIS;126;268;0.00113130
811;NEP006047SIS;127;268;0.00319814
811;NEP006047SIS;128;268;0.00090968
811;NEP006047SIS;129;268;0.02628294
811;NEP006047SIS;130;268;0.02817974
811;NEP006047SIS;131;268;0.00166583
811;NEP006047SIS;139;268;0.00827250
811;NEP006047SIS;140;268;0.00921201
811;NEP006047SIS;141;268;0.00113995
811;NEP006047SIS;112;269;0.00006394
811;NEP006047SIS;119;269;0.00005833
811;NEP006047SIS;120;269;0.00035898
811;NEP006047SIS;128;269;0.00765909
811;NEP006047SIS;129;269;0.02345931
811;NEP006047SIS;131;269;0.00104856
811;NEP006047SIS;140;269;0.00724074
811;NEP006047SIS;141;269;0.00137426
811;NEP006047SIS;112;270;0.00000603
811;NEP006047SIS;113;270;0.00005790
811;NEP006047SIS;120;270;0.00003180
811;NEP006047SIS;121;270;0.00044334
811;NEP006047SIS;129;270;0.02711754
811;NEP006047SIS;130;270;0.00008320
811;NEP006047SIS;131;270;0.00191493
811;NEP006047SIS;140;270;0.00853420
811;NEP006047SIS;113;271;0.00004287
811;NEP006047SIS;114;271;0.00002106
811;NEP006047SIS;120;271;0.00002106
811;NEP006047SIS;121;271;0.00063692
811;NEP006047SIS;129;271;0.02755729
811;NEP006047SIS;131;271;0.00088403
811;NEP006047SIS;140;271;0.00460008
811;NEP006047SIS;141;271;0.00370698
811;NEP006047SIS;114;272;0.00010535
811;NEP006047SIS;119;272;0.00008245
811;NEP006047SIS;120;272;0.00018818
811;NEP006047SIS;121;272;0.00073825
811;NEP006047SIS;122;272;0.00005860
811;NEP006047SIS;129;272;0.01085360
811;NEP006047SIS;130;272;0.01675953
811;NEP006047SIS;141;272;0.00830706
811;NEP006047SIS;113;273;0.00001648
811;NEP006047SIS;114;273;0.00001921
811;NEP006047SIS;115;273;0.00009071
811;NEP006047SIS;117;273;0.00008538
811;NEP006047SIS;118;273;0.00008830
811;NEP006047SIS;119;273;0.00000585
811;NEP006047SIS;122;273;0.00054825
811;NEP006047SIS;123;273;0.00058187
811;NEP006047SIS;124;273;0.00062140
811;NEP006047SIS;125;273;0.00044670
811;NEP006047SIS;126;273;0.00058333
811;NEP006047SIS;127;273;0.00063814
811;NEP006047SIS;128;273;0.00063814
811;NEP006047SIS;129;273;0.00063814
811;NEP006047SIS;130;273;0.02702867
811;NEP006047SIS;141;273;0.00281216
811;NEP006047SIS;142;273;0.00549491
811;NEP006047SIS;113;274;0.00002685
811;NEP006047SIS;115;274;0.00003895
811;NEP006047SIS;116;274;0.00009099
811;NEP006047SIS;117;274;0.00000292
811;NEP006047SIS;125;274;0.00036770
811;NEP006047SIS;126;274;0.00005480
811;NEP006047SIS;130;274;0.02642954
811;NEP006047SIS;131;274;0.00005632
811;NEP006047SIS;142;274;0.00830706
811;NEP006047SIS;112;275;0.00001022
811;NEP006047SIS;113;275;0.00001970
811;NEP006047SIS;130;275;0.02637123
811;NEP006047SIS;142;275;0.00102423
811;NEP006047SIS;143;275;0.00739367
811;NEP006047SIS;152;275;0.00045155
811;NEP006047SIS;111;276;0.00000728
811;NEP006047SIS;112;276;0.00002665
811;NEP006047SIS;129;276;0.00856714
811;NEP006047SIS;130;276;0.01831706
811;NEP006047SIS;143;276;0.00784198
811;NEP006047SIS;144;276;0.00105575
811;NEP006047SIS;151;276;0.00026048
811;NEP006047SIS;152;276;0.00050248
811;NEP006047SIS;111;277;0.00001825
811;NEP006047SIS;129;277;0.01755905
811;NEP006047SIS;144;277;0.00413602
811;NEP006047SIS;145;277;0.00236735
811;NEP006047SIS;146;277;0.00236735
811;NEP006047SIS;147;277;0.00236735
811;NEP006047SIS;148;277;0.00236735
811;NEP006047SIS;149;277;0.00236733
811;NEP006047SIS;150;277;0.00085557
811;NEP006047SIS;151;277;0.00021054
811;0SF0060490BA;129;172;0.01774239
811;0SF0060490BA;129;173;0.02492737
811;0SF0060490BA;130;173;0.04608529
811;0SF0060490BA;131;173;0.01382466
811;0SF0060490BA;125;174;0.00003406
811;0SF0060490BA;126;174;0.00015700
811;0SF0060490BA;127;174;0.02509438
811;0SF0060490BA;128;174;0.00185995
811;0SF0060490BA;129;174;0.00270405
811;0SF0060490BA;130;174;0.01007263
811;0SF0060490BA;126;175;0.00239849
811;0SF0060490BA;127;175;0.08155152
811;0SF0060490BA;128;175;0.00594401
811;0SF0060490BA;130;175;0.01007263
811;0SF0060490BA;122;176;0.00002425
811;0SF0060490BA;123;176;0.00026447
811;0SF0060490BA;124;176;0.00232251
811;0SF0060490BA;125;176;0.00341078
811;0SF0060490BA;126;176;0.10767323
811;0SF0060490BA;127;176;0.01013729
811;0SF0060490BA;128;176;0.00424187
811;0SF0060490BA;129;176;0.00981761
811;0SF0060490BA;130;176;0.01879049
811;0SF0060490BA;131;176;0.01682282
811;0SF0060490BA;132;176;0.00126904
811;0SF0060490BA;122;177;0.00001846
811;0SF0060490BA;123;177;0.00002934
811;0SF0060490BA;125;177;0.08168488
811;0SF0060490BA;126;177;0.00807772
811;0SF0060490BA;127;177;0.00041322
811;0SF0060490BA;129;177;0.00153146
811;0SF0060490BA;130;177;0.00464763
811;0SF0060490BA;120;178;0.00088518
811;0SF0060490BA;121;178;0.00022636
811;0SF0060490BA;122;178;0.00001865
811;0SF0060490BA;124;178;0.00609888
811;0SF0060490BA;125;178;0.07158274
811;0SF0060490BA;126;178;0.00080436
811;0SF0060490BA;129;178;0.00377119
811;0SF0060490BA;120;179;0.00174511
811;0SF0060490BA;121;179;0.00009124
811;0SF0060490BA;123;179;0.00432038
811;0SF0060490BA;124;179;0.00747202
811;0SF0060490BA;125;179;0.06287458
811;0SF0060490BA;126;179;0.00046829
811;0SF0060490BA;127;179;0.00023112
811;0SF0060490BA;128;179;0.00118066
811;0SF0060490BA;129;179;0.00497660
811;0SF0060490BA;120;180;0.00004249
811;0SF0060490BA;121;180;0.00256793
811;0SF0060490BA;122;180;0.00545486
811;0SF0060490BA;123;180;0.00227344
811;0SF0060490BA;124;180;0.00325807
811;0SF0060490BA;125;180;0.05778860
811;0SF0060490BA;126;180;0.00116780
811;0SF0060490BA;127;180;0.00094954
811;0SF0060490BA;128;180;0.00600188
811;0SF0060490BA;129;180;0.00481059
811;0SF0060490BA;130;180;0.00151989
811;0SF0060490BA;120;181;0.00027672
811;0SF0060490BA;121;181;0.00064122
811;0SF0060490BA;122;181;0.00389866
811;0SF0060490BA;123;181;0.00520514
811;0SF0060490BA;124;181;0.02921457
811;0SF0060490BA;125;181;0.05268642
811;0SF0060490BA;126;181;0.00035987
811;0SF0060490BA;127;181;0.00803064
811;0SF0060490BA;128;181;0.00354135
811;0SF0060490BA;121;182;0.00000685
811;0SF0060490BA;122;182;0.00174910
811;0SF0060490BA;123;182;0.00139030
811;0SF0060490BA;124;182;0.04222858
811;0SF0060490BA;125;182;0.00833517
811;0SF0060490BA;126;182;0.01157359
811;0SF0060490BA;122;183;0.00024232
811;0SF0060490BA;123;183;0.01619429
811;0SF0060490BA;124;183;0.01867662
811;0SF0060490BA;125;183;0.00082762
811;0SF0060490BA;126;183;0.00365857
811;0SF0060490BA;122;184;0.00355414
811;0SF0060490BA;123;184;0.00968656
811;0SF0060490BA;125;184;0.00238700
811;0SF0060490BA;126;184;0.00661145
811;0SF0060490BA;122;185;0.00155880
811;0SF0060490BA;126;185;0.00091040
811;0SF0060490BA;127;185;0.00032612
811;0SF0060430BA;149;140;0.00000034
811;0SF0060430BA;150;140;0.00000005
811;0SF0060430BA;148;141;0.00000033
811;0SF0060430BA;149;141;0.00000060
811;0SF0060430BA;150;141;0.00000332
811;0SF0060430BA;151;141;0.00000459
811;0SF0060430BA;152;141;0.00000783
811;0SF0060430BA;145;142;0.00001120
811;0SF0060430BA;147;142;0.00001045
811;0SF0060430BA;148;142;0.00241276
811;0SF0060430BA;149;142;0.00108608
811;0SF0060430BA;150;142;0.00000198
811;0SF0060430BA;152;142;0.00000032
811;0SF0060430BA;153;142;0.00000040
811;0SF0060430BA;143;143;0.00000003
811;0SF0060430BA;144;143;0.00000005
811;0SF0060430BA;146;143;0.00004580
811;0SF0060430BA;147;143;0.00000061
811;0SF0060430BA;148;143;0.00439697
811;0SF0060430BA;149;143;0.00038158
811;0SF0060430BA;156;143;0.00000001
811;0SF0060430BA;142;144;0.00000979
811;0SF0060430BA;143;144;0.00000383
811;0SF0060430BA;145;144;0.00000021
811;0SF0060430BA;146;144;0.00009890
811;0SF0060430BA;147;144;0.00082748
811;0SF0060430BA;148;144;0.00467391
811;0SF0060430BA;140;145;0.00000015
811;0SF0060430BA;141;145;0.00001729
811;0SF0060430BA;145;145;0.00000097
811;0SF0060430BA;146;145;0.00019848
811;0SF0060430BA;147;145;0.00857475
811;0SF0060430BA;148;145;0.00000768
811;0SF0060430BA;139;146;0.00015792
811;0SF0060430BA;144;146;0.00000044
811;0SF0060430BA;145;146;0.00000039
811;0SF0060430BA;146;146;0.00908182
811;0SF0060430BA;147;146;0.00428332
811;0SF0060430BA;138;147;0.00000295
811;0SF0060430BA;139;147;0.00013726
811;0SF0060430BA;142;147;0.00006336
811;0SF0060430BA;143;147;0.00000644
811;0SF0060430BA;144;147;0.00003952
811;0SF0060430BA;145;147;0.00725579
811;0SF0060430BA;146;147;0.00441696
811;0SF0060430BA;137;148;0.00058056
811;0SF0060430BA;138;148;0.00011024
811;0SF0060430BA;139;148;0.00024367
811;0SF0060430BA;140;148;0.00229362
811;0SF0060430BA;141;148;0.00181197
811;0SF0060430BA;142;148;0.00232780
811;0SF0060430BA;143;148;0.00370582
811;0SF0060430BA;144;148;0.01149862
811;0SF0060430BA;145;148;0.00630125
811;0SF0060430BA;146;148;0.00017875
811;0SF0060430BA;136;149;0.00004639
811;0SF0060430BA;137;149;0.00000209
811;0SF0060430BA;138;149;0.00010008
811;0SF0060430BA;139;149;0.00698161
811;0SF0060430BA;140;149;0.01359005
811;0SF0060430BA;141;149;0.00466213
811;0SF0060430BA;142;149;0.01095255
811;0SF0060430BA;143;149;0.01208989
811;0SF0060430BA;144;149;0.00407603
811;0SF0060430BA;145;149;0.00005984
811;0SF0060430BA;146;149;0.00002448
811;0SF0060430BA;135;150;0.00000152
811;0SF0060430BA;136;150;0.00000049
811;0SF0060430BA;138;150;0.00577421
811;0SF0060430BA;139;150;0.00914751
811;0SF0060430BA;140;150;0.02379012
811;0SF0060430BA;141;150;0.00973331
811;0SF0060430BA;142;150;0.01047826
811;0SF0060430BA;143;150;0.01694032
811;0SF0060430BA;144;150;0.00087054
811;0SF0060430BA;135;151;0.00001933
811;0SF0060430BA;137;151;0.01484120
811;0SF0060430BA;138;151;0.02300336
811;0SF0060430BA;139;151;0.01404593
811;0SF0060430BA;140;151;0.00825497
811;0SF0060430BA;141;151;0.03067393
811;0SF0060430BA;142;151;0.02291622
811;0SF0060430BA;143;151;0.01546153
811;0SF0060430BA;144;151;0.00013071
811;0SF0060430BA;135;152;0.00000317
811;0SF0060430BA;136;152;0.01754704
811;0SF0060430BA;137;152;0.01105017
811;0SF0060430BA;138;152;0.01397261
811;0SF0060430BA;139;152;0.02255562
811;0SF0060430BA;140;152;0.04677281
811;0SF0060430BA;141;152;0.05496294
811;0SF0060430BA;142;152;0.02118924
811;0SF0060430BA;143;152;0.00296249
811;0SF0060430BA;135;153;0.01341632
811;0SF0060430BA;136;153;0.01016744
811;0SF0060430BA;137;153;0.04206835
811;0SF0060430BA;138;153;0.06890655
811;0SF0060430BA;139;153;0.05553612
811;0SF0060430BA;140;153;0.04335514
811;0SF0060430BA;141;153;0.08055469
811;0SF0060430BA;142;153;0.02338695
811;0SF0060430BA;135;154;0.00244336
811;0SF0060430BA;136;154;0.01403204
811;0SF0060430BA;137;154;0.04719924
811;0SF0060430BA;140;154;0.00004973
811;0SF0060430BA;141;154;0.05159964
811;0SF0060430BA;142;154;0.02032253
811;0SV0060570YS;147;177;0.00024070
811;0SV0060570YS;148;177;0.00016976
811;0SV0060570YS;148;178;0.00178582
811;0SV0060570YS;149;178;0.00019417
811;0SV0060570YS;150;178;0.00000207
811;0SV0060570YS;148;179;0.00001367
811;0SV0060570YS;149;179;0.00104541
811;0SV0060570YS;150;179;0.00006636
811;0SV0060570YS;148;180;0.00003084
811;0SV0060570YS;149;180;0.00156379
811;0SV0060570YS;150;180;0.00116387
811;0SV0060570YS;149;181;0.00101619
811;0SV0060570YS;150;181;0.00178696
811;0SV0060570YS;139;182;0.00105115
811;0SV0060570YS;149;182;0.00118070
811;0SV0060570YS;150;182;0.00007385
811;0SV0060570YS;138;183;0.00153549
811;0SV0060570YS;139;183;0.00136965
811;0SV0060570YS;140;183;0.00270391
811;0SV0060570YS;141;183;0.01448310
811;0SV0060570YS;144;183;0.00010613
811;0SV0060570YS;145;183;0.03619133
811;0SV0060570YS;146;183;0.00321914
811;0SV0060570YS;149;183;0.00532243
811;0SV0060570YS;140;184;0.00015782
811;0SV0060570YS;141;184;0.00994342
811;0SV0060570YS;142;184;0.00375801
811;0SV0060570YS;143;184;0.00390646
811;0SV0060570YS;144;184;0.00607531
811;0SV0060570YS;145;184;0.04009585
811;0SV0060570YS;146;184;0.08355431
811;0SV0060570YS;147;184;0.07775114
811;0SV0060570YS;148;184;0.07781075
811;0SV0060570YS;149;184;0.09897190
811;0SV0060570YS;150;184;0.07396409
811;0SV0060570YS;140;185;0.00033801
811;0SV0060570YS;141;185;0.00946757
811;0SV0060570YS;142;185;0.00033913
811;0SV0060570YS;143;185;0.00040557
811;0SV0060570YS;144;185;0.00078770
811;0SV0060570YS;145;185;0.01537780
811;0SV0060570YS;146;185;0.00155335
811;0SV0060570YS;149;185;0.02778368
811;0SV0060570YS;150;185;0.00723931
811;0SV0060570YS;140;186;0.00026135
811;0SV0060570YS;141;186;0.00960130
811;0SV0060570YS;142;186;0.00090720
811;0SV0060570YS;143;186;0.00121794
811;0SV0060570YS;144;186;0.00359281
811;0SV0060570YS;145;186;0.01607818
811;0SV0060570YS;146;186;0.00252080
811;0SV0060570YS;148;186;0.00011363
811;0SV0060570YS;149;186;0.00011557
811;0SV0060570YS;140;187;0.00342992
811;0SV0060570YS;141;187;0.01257120
811;0SV0060570YS;142;187;0.00435575
811;0SV0060570YS;143;187;0.00530643
811;0SV0060570YS;144;187;0.01088127
811;0SV0060570YS;145;187;0.04566214
811;0SV0060570YS;146;187;0.03853193
811;0SV0060570YS;147;187;0.03443161
811;0SV0060570YS;148;187;0.00867728
811;0SV0060570YS;137;188;0.00188828
811;0SV0060570YS;138;188;0.00246998
811;0SV0060570YS;139;188;0.00337001
811;0SV0060570YS;140;188;0.00148603
811;0SV0060570YS;141;188;0.00549638
811;0SV0060570YS;143;188;0.00009622
811;0SV0060570YS;144;188;0.01501314
811;0SV0060570YS;145;188;0.01446072
811;0SV0060570YS;146;188;0.00168226
811;0SV0060570YS;136;189;0.00009936
811;0SV0060570YS;137;189;0.00106863
811;0SV0060570YS;139;189;0.00009440
811;0SV0060570YS;140;189;0.00021948
811;0SV0060570YS;141;189;0.00555633
811;0SV0060570YS;143;189;0.00852933
811;0SV0060570YS;144;189;0.00864808
811;0SV0060570YS;145;189;0.00214929
811;0SV0060570YS;146;189;0.00163621
811;0SV0060570YS;136;190;0.00107431
811;0SV0060570YS;139;190;0.00010880
811;0SV0060570YS;140;190;0.00036403
811;0SV0060570YS;141;190;0.00596509
811;0SV0060570YS;142;190;0.00446339
811;0SV0060570YS;143;190;0.01503060
811;0SV0060570YS;144;190;0.00145670
811;0SV0060570YS;145;190;0.00339081
811;0SV0060570YS;146;190;0.00289496
811;0SV0060570YS;136;191;0.00083022
811;0SV0060570YS;139;191;0.00004108
811;0SV0060570YS;141;191;0.00466468
811;0SV0060570YS;142;191;0.01724320
811;0SV0060570YS;145;191;0.00023574
811;0SV0060570YS;146;191;0.00008541
811;0SV0060570YS;135;192;0.00028097
811;0SV0060570YS;136;192;0.00033449
811;0SV0060570YS;139;192;0.00008550
811;0SV0060570YS;141;192;0.02233198
811;0SV0060570YS;142;192;0.00027382
811;0SV0060570YS;144;192;0.00028343
811;0SV0060570YS;145;192;0.00025575
811;0SV0060570YS;134;193;0.00011351
811;0SV0060570YS;135;193;0.00062848
811;0SV0060570YS;139;193;0.00008878
811;0SV0060570YS;140;193;0.01476405
811;0SV0060570YS;141;193;0.00554992
811;0SV0060570YS;143;193;0.00028115
811;0SV0060570YS;144;193;0.00010927
811;0SV0060570YS;133;194;0.00027067
811;0SV0060570YS;134;194;0.00059673
811;0SV0060570YS;140;194;0.00799214
811;0SV0060570YS;143;194;0.00009224
811;0NC006023MEN;108;190;0.00033545
811;0NC006023MEN;107;191;0.00066347
811;0NC006023MEN;108;191;0.00065284
811;0NC006023MEN;106;192;0.00120050
811;0NC006023MEN;107;192;0.00026726
811;0NC006023MEN;105;193;0.00060316
811;0NC006023MEN;106;193;0.00046973
811;0NC006023MEN;118;193;0.02747336
811;0NC006023MEN;104;194;0.00008415
811;0NC006023MEN;105;194;0.00044154
811;0NC006023MEN;113;194;0.00109747
811;0NC006023MEN;114;194;0.00147682
811;0NC006023MEN;115;194;0.00147682
811;0NC006023MEN;116;194;0.00120137
811;0NC006023MEN;118;194;0.02645864
811;0NC006023MEN;104;195;0.00050075
811;0NC006023MEN;107;195;0.00032218
811;0NC006023MEN;108;195;0.00094994
811;0NC006023MEN;112;195;0.00082714
811;0NC006023MEN;113;195;0.00082971
811;0NC006023MEN;117;195;0.02470513
811;0NC006023MEN;118;195;0.01230276
811;0NC006023MEN;104;196;0.00099672
811;0NC006023MEN;105;196;0.00182762
811;0NC006023MEN;108;196;0.00281569
811;0NC006023MEN;109;196;0.00376563
811;0NC006023MEN;110;196;0.00177617
811;0NC006023MEN;112;196;0.00165685
811;0NC006023MEN;117;196;0.04017830
811;0NC006023MEN;118;196;0.01290197
811;0NC006023MEN;119;196;0.01155101
811;0NC006023MEN;105;197;0.00329930
811;0NC006023MEN;110;197;0.00198946
811;0NC006023MEN;111;197;0.00880241
811;0NC006023MEN;112;197;0.00547797
811;0NC006023MEN;113;197;0.00344375
811;0NC006023MEN;116;197;0.02392283
811;0NC006023MEN;117;197;0.00324469
811;0NC006023MEN;105;198;0.00331907
811;0NC006023MEN;110;198;0.00528100
811;0NC006023MEN;111;198;0.00222136
811;0NC006023MEN;113;198;0.00172314
811;0NC006023MEN;114;198;0.00500805
811;0NC006023MEN;116;198;0.02700933
811;0NC006023MEN;104;199;0.00130969
811;0NC006023MEN;105;199;0.00212061
811;0NC006023MEN;109;199;0.00492093
811;0NC006023MEN;110;199;0.00237767
811;0NC006023MEN;114;199;0.00243252
811;0NC006023MEN;115;199;0.02921410
811;0NC006023MEN;116;199;0.00093492
811;0NC006023MEN;104;200;0.00344550
811;0NC006023MEN;108;200;0.00332239
811;0NC006023MEN;109;200;0.00342701
811;0NC006023MEN;115;200;0.03096033
811;0NC006023MEN;116;200;0.00058646
811;0NC006023MEN;104;201;0.00287315
811;0NC006023MEN;105;201;0.00016145
811;0NC006023MEN;106;201;0.00062510
811;0NC006023MEN;107;201;0.00108727
811;0NC006023MEN;108;201;0.00480580
811;0NC006023MEN;115;201;0.05889643
811;0NC006023MEN;103;202;0.00155113
811;0NC006023MEN;104;202;0.00126221
811;0NC006023MEN;105;202;0.00051321
811;0NC006023MEN;107;202;0.00060318
811;0NC006023MEN;115;202;0.03321530
811;0NC006023MEN;117;202;0.00142605
811;0NC006023MEN;118;202;0.00960481
811;0NC006023MEN;103;203;0.00500621
811;0NC006023MEN;107;203;0.00057761
811;0NC006023MEN;115;203;0.03662201
811;0NC006023MEN;116;203;0.01189419
811;0NC006023MEN;117;203;0.01217585
811;0NC006023MEN;103;204;0.00848890
811;0NC006023MEN;104;204;0.00013065
811;0NC006023MEN;105;204;0.00029280
811;0NC006023MEN;106;204;0.00061618
811;0NC006023MEN;107;204;0.00052018
811;0NC006023MEN;113;204;0.00062876
811;0NC006023MEN;114;204;0.02423498
811;0NC006023MEN;115;204;0.00646037
811;0NC006023MEN;117;204;0.00625689
811;0NC006023MEN;103;205;0.00836957
811;0NC006023MEN;104;205;0.00047667
811;0NC006023MEN;105;205;0.00032956
811;0NC006023MEN;106;205;0.00029238
811;0NC006023MEN;113;205;0.02286034
811;0NC006023MEN;117;205;0.00367473
811;0NC006023MEN;102;206;0.00039926
811;0NC006023MEN;103;206;0.00483787
811;0NC006023MEN;106;206;0.00058635
811;0NC006023MEN;107;206;0.00488362
811;0NC006023MEN;108;206;0.00488362
811;0NC006023MEN;109;206;0.00246081
811;0NC006023MEN;113;206;0.02265486
811;0NC006023MEN;102;207;0.01004349
811;0NC006023MEN;105;207;0.00501510
811;0NC006023MEN;106;207;0.00470313
811;0NC006023MEN;109;207;0.00406889
811;0NC006023MEN;110;207;0.00286810
811;0NC006023MEN;112;207;0.01509855
811;0NC006023MEN;113;207;0.00875028
811;0NC006023MEN;102;208;0.00240086
811;0NC006023MEN;103;208;0.01460534
811;0NC006023MEN;104;208;0.00546818
811;0NC006023MEN;105;208;0.00161819
811;0NC006023MEN;110;208;0.00222528
811;0NC006023MEN;111;208;0.00376939
811;0NC006023MEN;112;208;0.02005626
811;0NC006023MEN;103;209;0.01222484
811;0NC006023MEN;112;209;0.02061552
811;0NC006023MEN;103;210;0.00861225
811;0NC006023MEN;111;210;0.00092954
811;0NC006023MEN;112;210;0.01489717
811;0NC006023MEN;103;211;0.00060762
811;0NC006023MEN;104;211;0.00118060
811;0NC006023MEN;111;211;0.01332812
811;0NC006023MEN;103;212;0.00023271
811;0NC006023MEN;104;212;0.00137223
811;0NC006023MEN;110;212;0.00522164
811;0NC006023MEN;111;212;0.00981653
811;0NC006023MEN;103;213;0.00177511
811;0NC006023MEN;110;213;0.00893990
811;0NC006023MEN;111;213;0.00155999
811;0NC006023MEN;112;213;0.00512474
811;0NC006023MEN;103;214;0.00130730
811;0NC006023MEN;107;214;0.00010286
811;0NC006023MEN;108;214;0.00020615
811;0NC006023MEN;109;214;0.00005042
811;0NC006023MEN;110;214;0.00894050
811;0NC006023MEN;112;214;0.00504025
811;0NC006023MEN;103;215;0.00185776
811;0NC006023MEN;104;215;0.00014289
811;0NC006023MEN;105;215;0.00014289
811;0NC006023MEN;106;215;0.00016237
811;0NC006023MEN;107;215;0.00007806
811;0NC006023MEN;109;215;0.00147030
811;0NC006023MEN;110;215;0.00899494
811;0NC006023MEN;112;215;0.00477410
811;0NC006023MEN;103;216;0.00149508
811;0NC006023MEN;109;216;0.00716546
811;0NC006023MEN;110;216;0.00014923
811;0NC006023MEN;112;216;0.00196215
811;0NC006023MEN;103;217;0.00155278
811;0NC006023MEN;109;217;0.00692275
811;0NC006023MEN;102;218;0.00068499
811;0NC006023MEN;103;218;0.00089623
811;0NC006023MEN;108;218;0.00395022
811;0NC006023MEN;109;218;0.00237545
811;0NC006023MEN;102;219;0.00030584
811;0NC006023MEN;103;219;0.00067523
811;0NC006023MEN;104;219;0.00003154
811;0NC006023MEN;106;219;0.00667568
811;0NC006023MEN;107;219;0.00632864
811;0NC006023MEN;108;219;0.00815766
811;0NC006023MEN;104;220;0.00073217
811;0NC006023MEN;105;220;0.00839859
811;0NC006023MEN;106;220;0.00025021
811;0NC006023MEN;104;221;0.00621953
811;0NC006023MEN;105;221;0.00398686
811;0NC006023MEN;104;222;0.00794516
811;0NC006023MEN;103;223;0.00431134
811;0NC006023MEN;104;223;0.00380244
811;0NC006023MEN;103;224;0.00289342
811;0NC006023MEN;104;224;0.00288605
811;0SV006034SAC;147;172;0.00112769
811;0SV006034SAC;148;172;0.00132599
811;0SV006034SAC;149;172;0.00006936
811;0SV006034SAC;146;173;0.00085947
811;0SV006034SAC;147;173;0.00166448
811;0SV006034SAC;148;173;0.00133905
811;0SV006034SAC;148;174;0.00030460
811;0SV006034SAC;149;174;0.00070668
811;0SV006034SAC;148;175;0.00003959
811;0SV006034SAC;149;175;0.00098944
811;0SV006034SAC;150;175;0.00094260
811;0SV006034SAC;152;175;0.00023802
811;0SV006034SAC;153;175;0.00051751
811;0SV006034SAC;154;175;0.00039137
811;0SV006034SAC;155;175;0.00104276
811;0SV006034SAC;148;176;0.00004152
811;0SV006034SAC;149;176;0.00006342
811;0SV006034SAC;150;176;0.00151957
811;0SV006034SAC;151;176;0.00927923
811;0SV006034SAC;152;176;0.00000132
811;0SV006034SAC;154;176;0.00600071
811;0SV006034SAC;155;176;0.00340406
811;0SV006034SAC;156;176;0.00011394
811;0SV006034SAC;149;177;0.00013656
811;0SV006034SAC;150;177;0.00010334
811;0SV006034SAC;151;177;0.00590383
811;0SV006034SAC;152;177;0.00015208
811;0SV006034SAC;153;177;0.00009596
811;0SV006034SAC;154;177;0.00875097
811;0SV006034SAC;155;177;0.00024610
811;0SV006034SAC;156;177;0.00031990
811;0SV006034SAC;157;177;0.00006144
811;0SV006034SAC;149;178;0.00022352
811;0SV006034SAC;150;178;0.00013559
811;0SV006034SAC;151;178;0.00586756
811;0SV006034SAC;152;178;0.00010742
811;0SV006034SAC;153;178;0.00001104
811;0SV006034SAC;154;178;0.00883002
811;0SV006034SAC;155;178;0.00015585
811;0SV006034SAC;156;178;0.00018663
811;0SV006034SAC;157;178;0.00012350
811;0SV006034SAC;158;178;0.00004580
811;0SV006034SAC;159;178;0.00001956
811;0SV006034SAC;150;179;0.00022254
811;0SV006034SAC;151;179;0.00715854
811;0SV006034SAC;152;179;0.00149923
811;0SV006034SAC;153;179;0.01084910
811;0SV006034SAC;154;179;0.00111931
811;0SV006034SAC;155;179;0.00015032
811;0SV006034SAC;156;179;0.00019870
811;0SV006034SAC;157;179;0.00005625
811;0SV006034SAC;159;179;0.00000402
811;0SV006034SAC;160;179;0.00001935
811;0SV006034SAC;150;180;0.00001841
811;0SV006034SAC;151;180;0.01219293
811;0SV006034SAC;152;180;0.01152996
811;0SV006034SAC;153;180;0.01442162
811;0SV006034SAC;154;180;0.00241671
811;0SV006034SAC;155;180;0.00101562
811;0SV006034SAC;156;180;0.00031955
811;0SV006034SAC;157;180;0.00010295
811;0SV006034SAC;150;181;0.00663636
811;0SV006034SAC;151;181;0.00561501
811;0SV006034SAC;152;181;0.02214314
811;0SV006034SAC;153;181;0.00604427
811;0SV006034SAC;154;181;0.00282150
811;0SV006034SAC;155;181;0.00232960
811;0SV006034SAC;156;181;0.00003855
811;0SV006034SAC;157;181;0.00019976
811;0SV006034SAC;149;182;0.00012568
811;0SV006034SAC;150;182;0.01541612
811;0SV006034SAC;151;182;0.01608696
811;0SV006034SAC;152;182;0.02279842
811;0SV006034SAC;153;182;0.00541857
811;0SV006034SAC;154;182;0.00261261
811;0SV006034SAC;155;182;0.00097173
811;0SV006034SAC;156;182;0.00345292
811;0SV006034SAC;157;182;0.00172072
811;0SV006034SAC;158;182;0.00131837
811;0SV006034SAC;159;182;0.00151550
811;0SV006034SAC;160;182;0.00377034
811;0SV006034SAC;149;183;0.00012089
811;0SV006034SAC;150;183;0.01672279
811;0SV006034SAC;151;183;0.02860575
811;0SV006034SAC;152;183;0.01174321
811;0SV006034SAC;153;183;0.00846029
811;0SV006034SAC;154;183;0.00521778
811;0SV006034SAC;155;183;0.00162737
811;0SV006034SAC;156;183;0.00149016
811;0SV006034SAC;157;183;0.00096639
811;0SV006034SAC;159;183;0.00017794
811;0SV006034SAC;160;183;0.00000957
811;0SV006034SAC;150;184;0.02965186
811;0SV006034SAC;151;184;0.05236559
811;0SV006034SAC;152;184;0.03087772
811;0SV006034SAC;153;184;0.02970157
811;0SV006034SAC;154;184;0.02448810
811;0SV006034SAC;155;184;0.00762883
811;0SV006034SAC;156;184;0.00201758
811;0SV006034SAC;157;184;0.00116002
811;0SV006034SAC;158;184;0.00018744
811;0SV006034SAC;159;184;0.00002967
811;0SV006034SAC;149;185;0.00244827
811;0SV006034SAC;150;185;0.02656278
811;0SV006034SAC;151;185;0.01815850
811;0SV006034SAC;152;185;0.03185325
811;0SV006034SAC;153;185;0.01175877
811;0SV006034SAC;154;185;0.00481466
811;0SV006034SAC;155;185;0.02764287
811;0SV006034SAC;156;185;0.00694110
811;0SV006034SAC;157;185;0.00127284
811;0SV006034SAC;158;185;0.00141805
811;0SV006034SAC;159;185;0.00007820
811;0SV006034SAC;148;186;0.00000584
811;0SV006034SAC;149;186;0.00015601
811;0SV006034SAC;150;186;0.03060243
811;0SV006034SAC;151;186;0.01926632
811;0SV006034SAC;152;186;0.02593813
811;0SV006034SAC;153;186;0.03349327
811;0SV006034SAC;154;186;0.00971223
811;0SV006034SAC;155;186;0.01161853
811;0SV006034SAC;156;186;0.01534408
811;0SV006034SAC;157;186;0.01529610
811;0SV006034SAC;158;186;0.01305888
811;0SV006034SAC;159;186;0.00881987
811;0SV006034SAC;148;187;0.00624203
811;0SV006034SAC;149;187;0.00898875
811;0SV006034SAC;150;187;0.00888467
811;0SV006034SAC;151;187;0.00315407
811;0SV006034SAC;152;187;0.00336609
811;0SV006034SAC;153;187;0.01838160
811;0SV006034SAC;154;187;0.03412660
811;0SV006034SAC;155;187;0.01791177
811;0SV006034SAC;156;187;0.01057980
811;0SV006034SAC;157;187;0.00918235
811;0SV006034SAC;158;187;0.00737405
811;0SV006034SAC;159;187;0.00033481
811;0SV006034SAC;148;188;0.00001622
811;0SV006034SAC;149;188;0.00001562
811;0SV006034SAC;150;188;0.00386005
811;0SV006034SAC;151;188;0.00152834
811;0SV006034SAC;152;188;0.00210361
811;0SV006034SAC;153;188;0.00594193
811;0SV006034SAC;154;188;0.01551471
811;0SV006034SAC;155;188;0.01552981
811;0SV006034SAC;156;188;0.00439739
811;0SV006034SAC;157;188;0.00297981
811;0SV006034SAC;158;188;0.00145227
811;0SV006034SAC;159;188;0.00029237
811;0SV006034SAC;148;189;0.00000009
811;0SV006034SAC;150;189;0.00052027
811;0SV006034SAC;151;189;0.00001909
811;0SV006034SAC;152;189;0.00000003
811;SJV006020SJU;175;137;0.00010443
811;SJV006020SJU;176;137;0.00095213
811;SJV006020SJU;177;137;0.00095267
811;SJV006020SJU;178;137;0.00104857
811;SJV006020SJU;179;137;0.00104862
811;SJV006020SJU;180;137;0.00141208
811;SJV006020SJU;181;137;0.00494670
811;SJV006020SJU;182;137;0.00178980
811;SJV006020SJU;183;137;0.00009066
811;SJV006020SJU;184;137;0.01432060
811;SJV006020SJU;173;138;0.00334426
811;SJV006020SJU;174;138;0.00423376
811;SJV006020SJU;175;138;0.00249520
811;SJV006020SJU;176;138;0.00081622
811;SJV006020SJU;180;138;0.00086962
811;SJV006020SJU;181;138;0.00467167
811;SJV006020SJU;182;138;0.00012275
811;SJV006020SJU;183;138;0.05024189
811;SJV006020SJU;184;138;0.01286613
811;SJV006020SJU;185;138;0.00760231
811;SJV006020SJU;186;138;0.00761572
811;SJV006020SJU;187;138;0.00779305
811;SJV006020SJU;174;139;0.00137145
811;SJV006020SJU;176;139;0.00124918
811;SJV006020SJU;177;139;0.00154135
811;SJV006020SJU;178;139;0.00135195
811;SJV006020SJU;179;139;0.00144181
811;SJV006020SJU;180;139;0.00295604
811;SJV006020SJU;181;139;0.00721533
811;SJV006020SJU;182;139;0.04157013
811;SJV006020SJU;183;139;0.01574678
811;SJV006020SJU;184;139;0.00350566
811;SJV006020SJU;185;139;0.00618995
811;SJV006020SJU;186;139;0.00673599
811;SJV006020SJU;187;139;0.02515172
811;SJV006020SJU;174;140;0.00152883
811;SJV006020SJU;175;140;0.00031365
811;SJV006020SJU;176;140;0.00028093
811;SJV006020SJU;177;140;0.00075386
811;SJV006020SJU;178;140;0.00048163
811;SJV006020SJU;179;140;0.00116209
811;SJV006020SJU;180;140;0.00841107
811;SJV006020SJU;181;140;0.06559777
811;SJV006020SJU;182;140;0.02742521
811;SJV006020SJU;183;140;0.00001639
811;SJV006020SJU;185;140;0.00194227
811;SJV006020SJU;187;140;0.01000201
811;SJV006020SJU;174;141;0.00120063
811;SJV006020SJU;177;141;0.00066529
811;SJV006020SJU;178;141;0.00031262
811;SJV006020SJU;179;141;0.00038820
811;SJV006020SJU;180;141;0.03598245
811;SJV006020SJU;181;141;0.06655643
811;SJV006020SJU;182;141;0.00986799
811;SJV006020SJU;183;141;0.00313123
811;SJV006020SJU;184;141;0.00141044
811;SJV006020SJU;185;141;0.00245870
811;SJV006020SJU;186;141;0.00189733
811;SJV006020SJU;187;141;0.00972631
811;SJV006020SJU;188;141;0.00143207
811;SJV006020SJU;189;141;0.00006684
811;SJV006020SJU;172;142;0.00019344
811;SJV006020SJU;173;142;0.00019132
811;SJV006020SJU;174;142;0.00160088
811;SJV006020SJU;175;142;0.00086362
811;SJV006020SJU;176;142;0.00043675
811;SJV006020SJU;177;142;0.00127542
811;SJV006020SJU;178;142;0.00096060
811;SJV006020SJU;179;142;0.02206324
811;SJV006020SJU;180;142;0.02929242
811;SJV006020SJU;181;142;0.00448855
811;SJV006020SJU;182;142;0.00111643
811;SJV006020SJU;183;142;0.00379370
811;SJV006020SJU;184;142;0.00486119
811;SJV006020SJU;185;142;0.00502213
811;SJV006020SJU;186;142;0.00526807
811;SJV006020SJU;187;142;0.01694396
811;SJV006020SJU;188;142;0.00699521
811;SJV006020SJU;189;142;0.00016507
811;SJV006020SJU;172;143;0.00025227
811;SJV006020SJU;174;143;0.00090497
811;SJV006020SJU;175;143;0.00073834
811;SJV006020SJU;176;143;0.00056978
811;SJV006020SJU;177;143;0.00118044
811;SJV006020SJU;178;143;0.01939069
811;SJV006020SJU;179;143;0.02952887
811;SJV006020SJU;180;143;0.00044481
811;SJV006020SJU;181;143;0.00145688
811;SJV006020SJU;182;143;0.00066611
811;SJV006020SJU;183;143;0.00037166
811;SJV006020SJU;184;143;0.00030758
811;SJV006020SJU;187;143;0.01185791
811;SJV006020SJU;172;144;0.00827239
811;SJV006020SJU;173;144;0.00880412
811;SJV006020SJU;174;144;0.00950819
811;SJV006020SJU;175;144;0.00840502
811;SJV006020SJU;176;144;0.01050644
811;SJV006020SJU;177;144;0.01684126
811;SJV006020SJU;178;144;0.03500353
811;SJV006020SJU;179;144;0.00107644
811;SJV006020SJU;181;144;0.00056782
811;SJV006020SJU;183;144;0.00046924
811;SJV006020SJU;184;144;0.00026401
811;SJV006020SJU;185;144;0.00060512
811;SJV006020SJU;186;144;0.00014451
811;SJV006020SJU;187;144;0.00265281
811;SJV006020SJU;188;144;0.01005776
811;SJV006020SJU;174;145;0.00040552
811;SJV006020SJU;175;145;0.00033282
811;SJV006020SJU;176;145;0.01339411
811;SJV006020SJU;177;145;0.03665893
811;SJV006020SJU;178;145;0.00130279
811;SJV006020SJU;179;145;0.00090405
811;SJV006020SJU;180;145;0.00061201
811;SJV006020SJU;181;145;0.00068789
811;SJV006020SJU;182;145;0.00040174
811;SJV006020SJU;183;145;0.00027003
811;SJV006020SJU;184;145;0.00080347
811;SJV006020SJU;185;145;0.00059000
811;SJV006020SJU;186;145;0.00009922
811;SJV006020SJU;188;145;0.01225869
811;SJV006020SJU;189;145;0.00312908
811;SJV006020SJU;176;146;0.00499188
811;SJV006020SJU;178;146;0.00012263
811;SJV006020SJU;179;146;0.00011170
811;SJV006020SJU;184;146;0.00042758
811;SJV006020SJU;185;146;0.00001726
811;SJV006020SJU;186;146;0.00064268
811;SJV006020SJU;187;146;0.00045252
811;SJV006020SJU;188;146;0.01112201
811;SJV006020SJU;189;146;0.00054679
811;SJV006020SJU;190;146;0.00163787
811;SJV006020SJU;193;146;0.00046726
811;SJV006020SJU;184;147;0.00039464
811;SJV006020SJU;186;147;0.00019475
811;SJV006020SJU;187;147;0.00314407
811;SJV006020SJU;188;147;0.00735577
811;SJV006020SJU;189;147;0.00441602
811;SJV006020SJU;190;147;0.00029806
811;SJV006020SJU;191;147;0.00144221
811;SJV006020SJU;192;147;0.00153000
811;SJV006020SJU;193;147;0.00105116
811;SJV006020SJU;194;147;0.00005755
811;SJV006020SJU;184;148;0.00041700
811;SJV006020SJU;185;148;0.00022472
811;SJV006020SJU;186;148;0.00096307
811;SJV006020SJU;187;148;0.00231872
811;SJV006020SJU;188;148;0.00434311
811;SJV006020SJU;189;148;0.00805835
811;SJV006020SJU;192;148;0.00070632
811;SJV006020SJU;193;148;0.00264296
811;SJV006020SJU;183;149;0.00008780
811;SJV006020SJU;184;149;0.00015577
811;SJV006020SJU;185;149;0.00001956
811;SJV006020SJU;186;149;0.00004074
811;SJV006020SJU;187;149;0.00001504
811;SJV006020SJU;188;149;0.00131285
811;SJV006020SJU;189;149;0.01566649
811;SJV006020SJU;190;149;0.00505665
811;SJV006020SJU;191;149;0.00035978
811;SJV006020SJU;192;149;0.00025679
811;SJV006020SJU;193;149;0.00131360
811;SJV006020SJU;187;150;0.00057235
811;SJV006020SJU;190;150;0.01549317
811;SJV006020SJU;191;150;0.00108983
811;SJV006020SJU;192;150;0.00210441
811;SJV006020SJU;193;150;0.00041748
811;SJV006020SJU;187;151;0.00045963
811;SJV006020SJU;188;151;0.00308310
811;SJV006020SJU;189;151;0.00586248
811;SJV006020SJU;190;151;0.01438442
811;SJV006020SJU;191;151;0.00228575
811;SJV006020SJU;192;151;0.00041971
811;SJV006020SJU;188;152;0.00304599
811;SJV006020SJU;190;152;0.00398168
811;SJV006020SJU;188;153;0.00111537
811;SJV006020SJU;190;153;0.00317718
811;SJV006020SJU;190;154;0.00151398
811;0SV0060580FR;150;195;0.01298899
811;0SV0060580FR;149;196;0.00217735
811;0SV0060580FR;150;196;0.02858445
811;0SV0060580FR;151;196;0.00182349
811;0SV0060580FR;152;196;0.04584449
811;0SV0060580FR;153;196;0.00195945
811;0SV0060580FR;149;197;0.00361142
811;0SV0060580FR;150;197;0.04030748
811;0SV0060580FR;151;197;0.04291640
811;0SV0060580FR;152;197;0.00164619
811;0SV0060580FR;153;197;0.01004749
811;0SV0060580FR;154;197;0.00206276
811;0SV0060580FR;149;198;0.01432669
811;0SV0060580FR;150;198;0.07897704
811;0SV0060580FR;151;198;0.00117103
811;0SV0060580FR;152;198;0.00067687
811;0SV0060580FR;153;198;0.00007233
811;0SV0060580FR;154;198;0.00790819
811;0SV0060580FR;149;199;0.14964742
811;0SV0060580FR;150;199;0.04367346
811;0SV0060580FR;151;199;0.00916997
811;0SV0060580FR;152;199;0.00709195
811;0SV0060580FR;154;199;0.00810696
811;0SV0060580FR;148;200;0.03035632
811;0SV0060580FR;149;200;0.13610263
811;0SV0060580FR;150;200;0.00704249
811;0SV0060580FR;151;200;0.01453352
811;0SV0060580FR;152;200;0.01406678
811;0SV0060580FR;153;200;0.00046959
811;0SV0060580FR;154;200;0.00550375
811;0SV0060580FR;149;201;0.03214430
811;0SV0060580FR;150;201;0.01966650
811;0SV0060580FR;153;201;0.01374872
811;0SV0060580FR;154;201;0.01349466
811;0SV0060580FR;155;201;0.01474175
811;0SV0060580FR;148;202;0.01804057
811;0SV0060580FR;149;202;0.01220720
811;0SV0060580FR;150;202;0.00884389
811;0SV0060580FR;151;202;0.00950338
811;0SV0060580FR;152;202;0.00523481
811;0SV0060580FR;153;202;0.00150316
811;0SV0060580FR;154;202;0.00121694
811;0SV0060580FR;149;203;0.02962892
811;0SV0060580FR;150;203;0.00113003
811;0SV0060580FR;151;203;0.00761384
811;0SV0060580FR;152;203;0.00561504
811;0SV0060580FR;153;203;0.00611618
811;0SV0060580FR;149;204;0.01793086
811;0SV0060580FR;150;204;0.00029013
811;0SV0060580FR;151;204;0.00252114
811;0SV0060580FR;152;204;0.00550418
811;0SV0060580FR;153;204;0.00928262
811;0SV0060580FR;154;204;0.00278263
811;0SV0060580FR;151;205;0.00034557
811;0SV0060580FR;152;205;0.00029898
811;0SV0060580FR;153;205;0.00146517
811;0SV0060580FR;154;205;0.00909343
811;0SV0060580FR;155;205;0.00241466
811;0SV0060580FR;156;205;0.00042024
811;0SV0060580FR;157;205;0.00038408
811;0SV0060580FR;158;205;0.00022616
811;0SV0060580FR;154;206;0.00617569
811;0SV0060580FR;155;206;0.00032362
811;0SV0060580FR;156;206;0.00238834
811;0SV0060580FR;157;206;0.00338253
811;0SV0060580FR;158;206;0.00410677
811;0SV0060580FR;155;207;0.00187568
811;0SV0060580FR;158;207;0.00106263
811;0SV0060580FR;159;207;0.00160417
811;0SV0060580FR;159;208;0.00006754
811;0SV0060580FR;160;208;0.00184283
811;0SV0060580FR;160;209;0.00089349
811;SJV006054SJU;194;109;0.00008722
811;SJV006054SJU;196;109;0.00001819
811;SJV006054SJU;197;109;0.00016690
811;SJV006054SJU;198;109;0.00011505
811;SJV006054SJU;199;109;0.00729655
811;SJV006054SJU;200;109;0.00051445
811;SJV006054SJU;201;109;0.00053549
811;SJV006054SJU;202;109;0.00126535
811;SJV006054SJU;203;109;0.00136130
811;SJV006054SJU;208;109;0.00004514
811;SJV006054SJU;209;109;0.00058772
811;SJV006054SJU;194;110;0.00011788
811;SJV006054SJU;196;110;0.00029652
811;SJV006054SJU;197;110;0.00053581
811;SJV006054SJU;198;110;0.00063716
811;SJV006054SJU;199;110;0.01261856
811;SJV006054SJU;200;110;0.00107039
811;SJV006054SJU;201;110;0.00123891
811;SJV006054SJU;202;110;0.00145474
811;SJV006054SJU;203;110;0.00307578
811;SJV006054SJU;208;110;0.00032825
811;SJV006054SJU;209;110;0.00019973
811;SJV006054SJU;193;111;0.00017843
811;SJV006054SJU;194;111;0.00060045
811;SJV006054SJU;195;111;0.00016040
811;SJV006054SJU;196;111;0.00032825
811;SJV006054SJU;198;111;0.00007554
811;SJV006054SJU;199;111;0.01237558
811;SJV006054SJU;200;111;0.00029036
811;SJV006054SJU;201;111;0.00039804
811;SJV006054SJU;202;111;0.00027199
811;SJV006054SJU;203;111;0.00312304
811;SJV006054SJU;207;111;0.00055094
811;SJV006054SJU;208;111;0.00015881
811;SJV006054SJU;209;111;0.00035299
811;SJV006054SJU;210;111;0.00042006
811;SJV006054SJU;211;111;0.00042625
811;SJV006054SJU;193;112;0.00001180
811;SJV006054SJU;194;112;0.00011460
811;SJV006054SJU;195;112;0.00090591
811;SJV006054SJU;196;112;0.00086616
811;SJV006054SJU;197;112;0.00086718
811;SJV006054SJU;198;112;0.01357087
811;SJV006054SJU;199;112;0.00338503
811;SJV006054SJU;200;112;0.00079284
811;SJV006054SJU;201;112;0.00100880
811;SJV006054SJU;202;112;0.00086613
811;SJV006054SJU;203;112;0.00380530
811;SJV006054SJU;204;112;0.00106071
811;SJV006054SJU;205;112;0.00050036
811;SJV006054SJU;206;112;0.00058726
811;SJV006054SJU;207;112;0.00038979
811;SJV006054SJU;208;112;0.00025114
811;SJV006054SJU;209;112;0.00022741
811;SJV006054SJU;210;112;0.00046930
811;SJV006054SJU;211;112;0.00046750
811;SJV006054SJU;193;113;0.00001280
811;SJV006054SJU;194;113;0.00013947
811;SJV006054SJU;195;113;0.00026180
811;SJV006054SJU;196;113;0.00000270
811;SJV006054SJU;198;113;0.01519408
811;SJV006054SJU;199;113;0.00004289
811;SJV006054SJU;201;113;0.00028717
811;SJV006054SJU;202;113;0.00012728
811;SJV006054SJU;203;113;0.00325873
811;SJV006054SJU;204;113;0.00054854
811;SJV006054SJU;206;113;0.00014973
811;SJV006054SJU;208;113;0.00030908
811;SJV006054SJU;209;113;0.00036456
811;SJV006054SJU;194;114;0.00041776
811;SJV006054SJU;196;114;0.00000235
811;SJV006054SJU;197;114;0.00012391
811;SJV006054SJU;198;114;0.01663184
811;SJV006054SJU;199;114;0.00078632
811;SJV006054SJU;200;114;0.00061767
811;SJV006054SJU;201;114;0.00081726
811;SJV006054SJU;202;114;0.00081998
811;SJV006054SJU;203;114;0.00481682
811;SJV006054SJU;204;114;0.00157864
811;SJV006054SJU;205;114;0.00053149
811;SJV006054SJU;206;114;0.00002356
811;SJV006054SJU;207;114;0.00046975
811;SJV006054SJU;208;114;0.00021436
811;SJV006054SJU;193;115;0.00016400
811;SJV006054SJU;194;115;0.00036716
811;SJV006054SJU;195;115;0.00025664
811;SJV006054SJU;196;115;0.00044117
811;SJV006054SJU;197;115;0.00072381
811;SJV006054SJU;198;115;0.01640757
811;SJV006054SJU;199;115;0.00126132
811;SJV006054SJU;200;115;0.00090003
811;SJV006054SJU;201;115;0.00108170
811;SJV006054SJU;202;115;0.00127795
811;SJV006054SJU;203;115;0.00060995
811;SJV006054SJU;204;115;0.00619761
811;SJV006054SJU;205;115;0.00020539
811;SJV006054SJU;206;115;0.00060851
811;SJV006054SJU;207;115;0.00035655
811;SJV006054SJU;208;115;0.00061601
811;SJV006054SJU;209;115;0.00034148
811;SJV006054SJU;193;116;0.00120193
811;SJV006054SJU;194;116;0.00090098
811;SJV006054SJU;195;116;0.00099187
811;SJV006054SJU;196;116;0.00100134
811;SJV006054SJU;197;116;0.00177907
811;SJV006054SJU;198;116;0.01916653
811;SJV006054SJU;199;116;0.00265072
811;SJV006054SJU;200;116;0.00246529
811;SJV006054SJU;201;116;0.00276855
811;SJV006054SJU;202;116;0.00279113
811;SJV006054SJU;203;116;0.00494598
811;SJV006054SJU;204;116;0.01905827
811;SJV006054SJU;205;116;0.00436374
811;SJV006054SJU;206;116;0.00313737
811;SJV006054SJU;207;116;0.00033330
811;SJV006054SJU;208;116;0.00020418
811;SJV006054SJU;193;117;0.00014643
811;SJV006054SJU;197;117;0.01434925
811;SJV006054SJU;198;117;0.00303742
811;SJV006054SJU;199;117;0.00045798
811;SJV006054SJU;200;117;0.00039433
811;SJV006054SJU;201;117;0.00084710
811;SJV006054SJU;202;117;0.00073540
811;SJV006054SJU;203;117;0.00462659
811;SJV006054SJU;204;117;0.01765278
811;SJV006054SJU;205;117;0.00076599
811;SJV006054SJU;206;117;0.00008938
811;SJV006054SJU;207;117;0.00183620
811;SJV006054SJU;208;117;0.00032458
811;SJV006054SJU;193;118;0.00101595
811;SJV006054SJU;194;118;0.00077988
811;SJV006054SJU;195;118;0.00104954
811;SJV006054SJU;196;118;0.00111707
811;SJV006054SJU;197;118;0.01915314
811;SJV006054SJU;198;118;0.00061142
811;SJV006054SJU;199;118;0.00074852
811;SJV006054SJU;201;118;0.00065490
811;SJV006054SJU;202;118;0.00006035
811;SJV006054SJU;203;118;0.01325761
811;SJV006054SJU;204;118;0.00036965
811;SJV006054SJU;205;118;0.00023747
811;SJV006054SJU;206;118;0.00029399
811;SJV006054SJU;207;118;0.00034150
811;SJV006054SJU;208;118;0.00035582
811;SJV006054SJU;209;118;0.00030445
811;SJV006054SJU;193;119;0.00007187
811;SJV006054SJU;194;119;0.00048069
811;SJV006054SJU;196;119;0.00003631
811;SJV006054SJU;197;119;0.02023662
811;SJV006054SJU;198;119;0.00043605
811;SJV006054SJU;199;119;0.00105246
811;SJV006054SJU;200;119;0.00058338
811;SJV006054SJU;201;119;0.00113928
811;SJV006054SJU;202;119;0.00187645
811;SJV006054SJU;203;119;0.01161629
811;SJV006054SJU;204;119;0.00044928
811;SJV006054SJU;205;119;0.00026398
811;SJV006054SJU;206;119;0.00000455
811;SJV006054SJU;209;119;0.00022727
811;SJV006054SJU;210;119;0.00001961
811;SJV006054SJU;193;120;0.00035820
811;SJV006054SJU;194;120;0.00195456
811;SJV006054SJU;195;120;0.00201089
811;SJV006054SJU;196;120;0.00252095
811;SJV006054SJU;197;120;0.03356546
811;SJV006054SJU;198;120;0.00674035
811;SJV006054SJU;199;120;0.00559633
811;SJV006054SJU;200;120;0.00483913
811;SJV006054SJU;201;120;0.00753564
811;SJV006054SJU;202;120;0.01556696
811;SJV006054SJU;203;120;0.00153946
811;SJV006054SJU;204;120;0.00007409
811;SJV006054SJU;209;120;0.00015287
811;SJV006054SJU;195;121;0.00089359
811;SJV006054SJU;196;121;0.00286397
811;SJV006054SJU;197;121;0.03373854
811;SJV006054SJU;198;121;0.00828380
811;SJV006054SJU;199;121;0.00261563
811;SJV006054SJU;200;121;0.00196607
811;SJV006054SJU;201;121;0.00474214
811;SJV006054SJU;202;121;0.00344973
811;SJV006054SJU;203;121;0.00022268
811;SJV006054SJU;206;121;0.00000192
811;SJV006054SJU;207;121;0.00013812
811;SJV006054SJU;208;121;0.00010539
811;SJV006054SJU;209;121;0.00001961
811;SJV006054SJU;193;122;0.00027123
811;SJV006054SJU;194;122;0.00015075
811;SJV006054SJU;195;122;0.00127131
811;SJV006054SJU;196;122;0.02334731
811;SJV006054SJU;197;122;0.00986868
811;SJV006054SJU;198;122;0.00794276
811;SJV006054SJU;199;122;0.00358705
811;SJV006054SJU;200;122;0.00048492
811;SJV006054SJU;201;122;0.00528877
811;SJV006054SJU;202;122;0.00223301
811;SJV006054SJU;203;122;0.00006633
811;SJV006054SJU;204;122;0.00008136
811;SJV006054SJU;205;122;0.00009467
811;SJV006054SJU;206;122;0.00009424
811;SJV006054SJU;194;123;0.00245601
811;SJV006054SJU;195;123;0.01146164
811;SJV006054SJU;196;123;0.03643499
811;SJV006054SJU;197;123;0.04332016
811;SJV006054SJU;198;123;0.03462953
811;SJV006054SJU;199;123;0.02323033
811;SJV006054SJU;200;123;0.01653453
811;SJV006054SJU;201;123;0.01814417
811;SJV006054SJU;202;123;0.00477905
811;SJV006054SJU;203;123;0.00039826
811;SJV006054SJU;194;124;0.00042907
811;SJV006054SJU;195;124;0.02076493
811;SJV006054SJU;196;124;0.00873538
811;SJV006054SJU;197;124;0.00970181
811;SJV006054SJU;198;124;0.01411026
811;SJV006054SJU;199;124;0.00338378
811;SJV006054SJU;200;124;0.00196696
811;SJV006054SJU;201;124;0.00228357
811;SJV006054SJU;202;124;0.00121590
811;SJV006054SJU;203;124;0.00207570
811;SJV006054SJU;204;124;0.00014408
811;SJV006054SJU;194;125;0.00654203
811;SJV006054SJU;195;125;0.01077853
811;SJV006054SJU;196;125;0.00484417
811;SJV006054SJU;197;125;0.00124206
811;SJV006054SJU;198;125;0.00588875
811;SJV006054SJU;199;125;0.00266602
811;SJV006054SJU;200;125;0.00228913
811;SJV006054SJU;201;125;0.00247140
811;SJV006054SJU;202;125;0.00145859
811;SJV006054SJU;203;125;0.00004662
811;SJV006054SJU;204;125;0.00159150
811;SJV006054SJU;205;125;0.00220418
811;SJV006054SJU;207;125;0.00029600
811;SJV006054SJU;208;125;0.00022491
811;SJV006054SJU;194;126;0.01756983
811;SJV006054SJU;196;126;0.00447116
811;SJV006054SJU;197;126;0.00052495
811;SJV006054SJU;198;126;0.00489366
811;SJV006054SJU;199;126;0.00087076
811;SJV006054SJU;200;126;0.00027444
811;SJV006054SJU;201;126;0.00087651
811;SJV006054SJU;202;126;0.00317786
811;SJV006054SJU;203;126;0.00067139
811;SJV006054SJU;204;126;0.00123953
811;SJV006054SJU;205;126;0.00031036
811;SJV006054SJU;206;126;0.00217912
811;SJV006054SJU;207;126;0.00031208
811;SJV006054SJU;193;127;0.00656176
811;SJV006054SJU;194;127;0.01209361
811;SJV006054SJU;195;127;0.00031036
811;SJV006054SJU;196;127;0.00477889
811;SJV006054SJU;197;127;0.00064103
811;SJV006054SJU;198;127;0.00467770
811;SJV006054SJU;199;127;0.00027853
811;SJV006054SJU;200;127;0.00022237
811;SJV006054SJU;201;127;0.00041982
811;SJV006054SJU;202;127;0.00077509
811;SJV006054SJU;204;127;0.00018615
811;SJV006054SJU;206;127;0.00049749
811;SJV006054SJU;207;127;0.00053765
811;SJV006054SJU;192;128;0.00248727
811;SJV006054SJU;193;128;0.00951171
811;SJV006054SJU;194;128;0.00610279
811;SJV006054SJU;195;128;0.00128765
811;SJV006054SJU;196;128;0.00547390
811;SJV006054SJU;197;128;0.00048393
811;SJV006054SJU;198;128;0.00468473
811;SJV006054SJU;199;128;0.00132909
811;SJV006054SJU;200;128;0.00077695
811;SJV006054SJU;201;128;0.00044775
811;SJV006054SJU;202;128;0.00007061
811;SJV006054SJU;204;128;0.00018514
811;SJV006054SJU;207;128;0.00002074
811;SJV006054SJU;208;128;0.00020878
811;SJV006054SJU;193;129;0.00093206
811;SJV006054SJU;194;129;0.00597552
811;SJV006054SJU;195;129;0.00503585
811;SJV006054SJU;196;129;0.00991425
811;SJV006054SJU;197;129;0.00354989
811;SJV006054SJU;198;129;0.00671497
811;SJV006054SJU;199;129;0.00081730
811;SJV006054SJU;200;129;0.00014487
811;SJV006054SJU;201;129;0.00007124
811;SJV006054SJU;202;129;0.00001204
811;SJV006054SJU;204;129;0.00020831
811;SJV006054SJU;194;130;0.00082513
811;SJV006054SJU;195;130;0.00142696
811;SJV006054SJU;196;130;0.00455348
811;SJV006054SJU;197;130;0.00185839
811;SJV006054SJU;198;130;0.00156640
811;SJV006054SJU;199;130;0.00000057
811;SJV006054SJU;200;130;0.00020876
811;SJV006054SJU;201;130;0.00040203
811;SJV006054SJU;202;130;0.00003919
811;SJV006054SJU;204;130;0.00023244
811;SJV006054SJU;198;131;0.00081832
811;SJV006054SJU;202;131;0.00035826
811;SJV006054SJU;203;131;0.00033118
811;SJV006054SJU;204;131;0.00029467
811;SJV006054SJU;198;132;0.00026506
811;SJV006054SJU;204;132;0.00033453
811;0SD0060370SD;251;21;0.00000009
811;0SD0060370SD;250;22;0.00017396
811;0SD0060370SD;251;22;0.00317009
811;0SD0060370SD;252;22;0.00576336
811;0SD0060370SD;253;22;0.00430787
811;0SD0060370SD;254;22;0.00339817
811;0SD0060370SD;255;22;0.00000382
811;0SD0060370SD;249;23;0.00003857
811;0SD0060370SD;250;23;0.00264582
811;0SD0060370SD;251;23;0.00340268
811;0SD0060370SD;252;23;0.00654886
811;0SD0060370SD;253;23;0.00093874
811;0SD0060370SD;254;23;0.00007977
811;0SD0060370SD;260;23;0.00005248
811;0SD0060370SD;261;23;0.00028016
811;0SD0060370SD;263;23;0.00016970
811;0SD0060370SD;264;23;0.00022768
811;0SD0060370SD;249;24;0.00017900
811;0SD0060370SD;250;24;0.00795344
811;0SD0060370SD;251;24;0.00752395
811;0SD0060370SD;252;24;0.00454189
811;0SD0060370SD;253;24;0.00295678
811;0SD0060370SD;254;24;0.00026950
811;0SD0060370SD;255;24;0.00004626
811;0SD0060370SD;256;24;0.00000382
811;0SD0060370SD;258;24;0.00008316
811;0SD0060370SD;259;24;0.00007449
811;0SD0060370SD;260;24;0.00002128
811;0SD0060370SD;261;24;0.00032815
811;0SD0060370SD;262;24;0.00037939
811;0SD0060370SD;263;24;0.00019686
811;0SD0060370SD;264;24;0.00024168
811;0SD0060370SD;265;24;0.00033705
811;0SD0060370SD;267;24;0.00000001
811;0SD0060370SD;271;24;0.00000292
811;0SD0060370SD;247;25;0.00000048
811;0SD0060370SD;248;25;0.00036839
811;0SD0060370SD;249;25;0.00219711
811;0SD0060370SD;250;25;0.01394128
811;0SD0060370SD;251;25;0.01090312
811;0SD0060370SD;252;25;0.00359067
811;0SD0060370SD;253;25;0.00216512
811;0SD0060370SD;254;25;0.00005535
811;0SD0060370SD;256;25;0.00008457
811;0SD0060370SD;257;25;0.00011295
811;0SD0060370SD;258;25;0.00003037
811;0SD0060370SD;259;25;0.00000403
811;0SD0060370SD;264;25;0.00002058
811;0SD0060370SD;265;25;0.00025383
811;0SD0060370SD;266;25;0.00053605
811;0SD0060370SD;267;25;0.00040299
811;0SD0060370SD;268;25;0.00009912
811;0SD0060370SD;270;25;0.00000394
811;0SD0060370SD;271;25;0.00143619
811;0SD0060370SD;272;25;0.00274390
811;0SD0060370SD;273;25;0.00212156
811;0SD0060370SD;246;26;0.00000039
811;0SD0060370SD;247;26;0.00051859
811;0SD0060370SD;248;26;0.00190675
811;0SD0060370SD;249;26;0.01738780
811;0SD0060370SD;250;26;0.02245532
811;0SD0060370SD;251;26;0.00184679
811;0SD0060370SD;252;26;0.00460010
811;0SD0060370SD;253;26;0.00011157
811;0SD0060370SD;254;26;0.00000020
811;0SD0060370SD;255;26;0.00004319
811;0SD0060370SD;256;26;0.00006182
811;0SD0060370SD;257;26;0.00000018
811;0SD0060370SD;258;26;0.00000468
811;0SD0060370SD;259;26;0.00000137
811;0SD0060370SD;264;26;0.00003433
811;0SD0060370SD;266;26;0.00000012
811;0SD0060370SD;267;26;0.00000027
811;0SD0060370SD;268;26;0.00092707
811;0SD0060370SD;269;26;0.00294277
811;0SD0060370SD;270;26;0.00261941
811;0SD0060370SD;271;26;0.00145453
811;0SD0060370SD;273;26;0.00155357
811;0SD0060370SD;247;27;0.00242344
811;0SD0060370SD;248;27;0.01692309
811;0SD0060370SD;249;27;0.00913839
811;0SD0060370SD;250;27;0.01635201
811;0SD0060370SD;251;27;0.00487030
811;0SD0060370SD;252;27;0.00819341
811;0SD0060370SD;253;27;0.00159131
811;0SD0060370SD;254;27;0.00062123
811;0SD0060370SD;255;27;0.00014217
811;0SD0060370SD;256;27;0.00002664
811;0SD0060370SD;257;27;0.00001523
811;0SD0060370SD;258;27;0.00000324
811;0SD0060370SD;259;27;0.00000102
811;0SD0060370SD;260;27;0.00000115
811;0SD0060370SD;264;27;0.00087160
811;0SD0060370SD;265;27;0.00246408
811;0SD0060370SD;266;27;0.00224074
811;0SD0060370SD;267;27;0.00238295
811;0SD0060370SD;268;27;0.00179180
811;0SD0060370SD;269;27;0.00000011
811;0SD0060370SD;270;27;0.00000001
811;0SD0060370SD;246;28;0.00004624
811;0SD0060370SD;247;28;0.00274348
811;0SD0060370SD;248;28;0.00789261
811;0SD0060370SD;249;28;0.02278348
811;0SD0060370SD;250;28;0.01696006
811;0SD0060370SD;251;28;0.00609158
811;0SD0060370SD;252;28;0.00956714
811;0SD0060370SD;253;28;0.00487985
811;0SD0060370SD;254;28;0.00040230
811;0SD0060370SD;255;28;0.00014020
811;0SD0060370SD;256;28;0.00007848
811;0SD0060370SD;257;28;0.00000068
811;0SD0060370SD;258;28;0.00000179
811;0SD0060370SD;259;28;0.00000229
811;0SD0060370SD;260;28;0.00000177
811;0SD0060370SD;264;28;0.00231215
811;0SD0060370SD;265;28;0.00000012
811;0SD0060370SD;269;28;0.00000001
811;0SD0060370SD;246;29;0.00027188
811;0SD0060370SD;247;29;0.01159380
811;0SD0060370SD;248;29;0.00488300
811;0SD0060370SD;249;29;0.01890708
811;0SD0060370SD;250;29;0.01000371
811;0SD0060370SD;251;29;0.00029107
811;0SD0060370SD;252;29;0.00229424
811;0SD0060370SD;253;29;0.00927304
811;0SD0060370SD;254;29;0.00571804
811;0SD0060370SD;255;29;0.00059011
811;0SD0060370SD;256;29;0.00005347
811;0SD0060370SD;257;29;0.00001713
811;0SD0060370SD;258;29;0.00000649
811;0SD0060370SD;259;29;0.00000090
811;0SD0060370SD;260;29;0.00000133
811;0SD0060370SD;261;29;0.00000185
811;0SD0060370SD;263;29;0.00027301
811;0SD0060370SD;264;29;0.00257575
811;0SD0060370SD;265;29;0.00000002
811;0SD0060370SD;246;30;0.00074086
811;0SD0060370SD;247;30;0.01077115
811;0SD0060370SD;248;30;0.02084037
811;0SD0060370SD;249;30;0.01041774
811;0SD0060370SD;250;30;0.02057277
811;0SD0060370SD;251;30;0.00710033
811;0SD0060370SD;252;30;0.00823670
811;0SD0060370SD;253;30;0.00620779
811;0SD0060370SD;254;30;0.00163345
811;0SD0060370SD;255;30;0.00400100
811;0SD0060370SD;256;30;0.00303825
811;0SD0060370SD;257;30;0.00328628
811;0SD0060370SD;258;30;0.00254713
811;0SD0060370SD;259;30;0.00242490
811;0SD0060370SD;260;30;0.00226429
811;0SD0060370SD;261;30;0.00253123
811;0SD0060370SD;262;30;0.00224827
811;0SD0060370SD;263;30;0.00200122
811;0SD0060370SD;264;30;0.00000230
811;0SD0060370SD;265;30;0.00000037
811;0SD0060370SD;272;30;0.00000001
811;0SD0060370SD;247;31;0.02052308
811;0SD0060370SD;248;31;0.01077384
811;0SD0060370SD;249;31;0.00358412
811;0SD0060370SD;250;31;0.01708031
811;0SD0060370SD;251;31;0.00000237
811;0SD0060370SD;253;31;0.00001437
811;0SD0060370SD;254;31;0.00118664
811;0SD0060370SD;255;31;0.00020161
811;0SD0060370SD;256;31;0.00000305
811;0SD0060370SD;260;31;0.00000023
811;0SD0060370SD;261;31;0.00000417
811;0SD0060370SD;262;31;0.00010930
811;0SD0060370SD;264;31;0.00000068
811;0SD0060370SD;265;31;0.00000152
811;0SD0060370SD;266;31;0.00000079
811;0SD0060370SD;271;31;0.00000001
811;0SD0060370SD;246;32;0.00032198
811;0SD0060370SD;247;32;0.02226286
811;0SD0060370SD;248;32;0.00034931
811;0SD0060370SD;249;32;0.00131298
811;0SD0060370SD;250;32;0.01681658
811;0SD0060370SD;251;32;0.00258496
811;0SD0060370SD;252;32;0.00034657
811;0SD0060370SD;253;32;0.00081730
811;0SD0060370SD;254;32;0.00014995
811;0SD0060370SD;255;32;0.00031848
811;0SD0060370SD;260;32;0.00000022
811;0SD0060370SD;261;32;0.00000001
811;0SD0060370SD;262;32;0.00009124
811;0SD0060370SD;264;32;0.00000003
811;0SD0060370SD;265;32;0.00000022
811;0SD0060370SD;270;32;0.00000001
811;0SD0060370SD;246;33;0.01378357
811;0SD0060370SD;247;33;0.00419577
811;0SD0060370SD;248;33;0.00304987
811;0SD0060370SD;249;33;0.00290384
811;0SD0060370SD;250;33;0.01799638
811;0SD0060370SD;251;33;0.00195508
811;0SD0060370SD;252;33;0.00082313
811;0SD0060370SD;253;33;0.00093540
811;0SD0060370SD;255;33;0.00004926
811;0SD0060370SD;256;33;0.00014364
811;0SD0060370SD;260;33;0.00000001
811;0SD0060370SD;262;33;0.00010218
811;0SD0060370SD;263;33;0.00000002
811;0SD0060370SD;264;33;0.00000019
811;0SD0060370SD;269;33;0.00000001
811;0SD0060370SD;245;34;0.00000086
811;0SD0060370SD;246;34;0.01877185
811;0SD0060370SD;247;34;0.00052169
811;0SD0060370SD;248;34;0.00052590
811;0SD0060370SD;249;34;0.00065813
811;0SD0060370SD;250;34;0.01608225
811;0SD0060370SD;251;34;0.00053256
811;0SD0060370SD;252;34;0.00013272
811;0SD0060370SD;253;34;0.00078827
811;0SD0060370SD;254;34;0.00030358
811;0SD0060370SD;255;34;0.00006631
811;0SD0060370SD;256;34;0.00027346
811;0SD0060370SD;257;34;0.00002714
811;0SD0060370SD;260;34;0.00000002
811;0SD0060370SD;261;34;0.00000016
811;0SD0060370SD;262;34;0.00012010
811;0SD0060370SD;263;34;0.00000020
811;0SD0060370SD;265;34;0.00000034
811;0SD0060370SD;245;35;0.00875462
811;0SD0060370SD;246;35;0.00901368
811;0SD0060370SD;247;35;0.00039963
811;0SD0060370SD;248;35;0.00038639
811;0SD0060370SD;249;35;0.00054837
811;0SD0060370SD;250;35;0.01339474
811;0SD0060370SD;251;35;0.00043929
811;0SD0060370SD;252;35;0.00000599
811;0SD0060370SD;253;35;0.00008313
811;0SD0060370SD;254;35;0.00025188
811;0SD0060370SD;255;35;0.00040342
811;0SD0060370SD;256;35;0.00006069
811;0SD0060370SD;257;35;0.00001057
811;0SD0060370SD;260;35;0.00000046
811;0SD0060370SD;261;35;0.00000180
811;0SD0060370SD;262;35;0.00007998
811;0SD0060370SD;265;35;0.00000122
811;0SD0060370SD;266;35;0.00000003
811;0SD0060370SD;245;36;0.01650824
811;0SD0060370SD;246;36;0.00216529
811;0SD0060370SD;247;36;0.00053339
811;0SD0060370SD;248;36;0.00024685
811;0SD0060370SD;249;36;0.00040390
811;0SD0060370SD;250;36;0.01372944
811;0SD0060370SD;251;36;0.00060327
811;0SD0060370SD;252;36;0.00019798
811;0SD0060370SD;253;36;0.00002588
811;0SD0060370SD;254;36;0.00019876
811;0SD0060370SD;255;36;0.00030571
811;0SD0060370SD;256;36;0.00016883
811;0SD0060370SD;257;36;0.00007340
811;0SD0060370SD;258;36;0.00009673
811;0SD0060370SD;260;36;0.00000027
811;0SD0060370SD;261;36;0.00003013
811;0SD0060370SD;262;36;0.00009596
811;0SD0060370SD;265;36;0.00000041
811;0SD0060370SD;266;36;0.00000043
811;0SD0060370SD;244;37;0.00397907
811;0SD0060370SD;245;37;0.01538476
811;0SD0060370SD;246;37;0.00381486
811;0SD0060370SD;247;37;0.00153362
811;0SD0060370SD;248;37;0.00037483
811;0SD0060370SD;249;37;0.00227164
811;0SD0060370SD;250;37;0.01518797
811;0SD0060370SD;251;37;0.00075437
811;0SD0060370SD;252;37;0.00027813
811;0SD0060370SD;253;37;0.00030582
811;0SD0060370SD;254;37;0.00019167
811;0SD0060370SD;255;37;0.00000141
811;0SD0060370SD;256;37;0.00000014
811;0SD0060370SD;257;37;0.00003453
811;0SD0060370SD;258;37;0.00000123
811;0SD0060370SD;259;37;0.00011206
811;0SD0060370SD;260;37;0.00011757
811;0SD0060370SD;261;37;0.00009688
811;0SD0060370SD;262;37;0.00003718
811;0SD0060370SD;263;37;0.00003397
811;0SD0060370SD;264;37;0.00003375
811;0SD0060370SD;265;37;0.00000337
811;0SD0060370SD;244;38;0.01391144
811;0SD0060370SD;245;38;0.00209091
811;0SD0060370SD;246;38;0.00236462
811;0SD0060370SD;247;38;0.00844717
811;0SD0060370SD;248;38;0.00911655
811;0SD0060370SD;249;38;0.00879680
811;0SD0060370SD;250;38;0.00585144
811;0SD0060370SD;251;38;0.00083420
811;0SD0060370SD;252;38;0.00000021
811;0SD0060370SD;256;38;0.00000005
811;0SD0060370SD;257;38;0.00000014
811;0SD0060370SD;259;38;0.00003864
811;0SD0060370SD;263;38;0.00000077
811;0SD0060370SD;264;38;0.00000033
811;0SD0060370SD;265;38;0.00004534
811;0SD0060370SD;266;38;0.00002213
811;0SD0060370SD;267;38;0.00001097
811;0SD0060370SD;268;38;0.00000672
811;0SD0060370SD;243;39;0.00942204
811;0SD0060370SD;244;39;0.01404959
811;0SD0060370SD;245;39;0.00704002
811;0SD0060370SD;246;39;0.00694353
811;0SD0060370SD;247;39;0.00418390
811;0SD0060370SD;248;39;0.00071304
811;0SD0060370SD;249;39;0.00535414
811;0SD0060370SD;250;39;0.00005098
811;0SD0060370SD;251;39;0.00041088
811;0SD0060370SD;252;39;0.00037238
811;0SD0060370SD;253;39;0.00005708
811;0SD0060370SD;257;39;0.00000002
811;0SD0060370SD;258;39;0.00000004
811;0SD0060370SD;259;39;0.00004450
811;0SD0060370SD;262;39;0.00000079
811;0SD0060370SD;263;39;0.00000003
811;0SD0060370SD;266;39;0.00000943
811;0SD0060370SD;267;39;0.00002014
811;0SD0060370SD;268;39;0.00001226
811;0SD0060370SD;269;39;0.00002280
811;0SD0060370SD;270;39;0.00002249
811;0SD0060370SD;271;39;0.00002251
811;0SD0060370SD;272;39;0.00001354
811;0SD0060370SD;242;40;0.00434193
811;0SD0060370SD;243;40;0.01057991
811;0SD0060370SD;244;40;0.00176633
811;0SD0060370SD;245;40;0.00137584
811;0SD0060370SD;246;40;0.00130924
811;0SD0060370SD;247;40;0.00031549
811;0SD0060370SD;248;40;0.00150981
811;0SD0060370SD;249;40;0.00372271
811;0SD0060370SD;250;40;0.00000381
811;0SD0060370SD;251;40;0.00038521
811;0SD0060370SD;252;40;0.00017503
811;0SD0060370SD;253;40;0.00015662
811;0SD0060370SD;257;40;0.00000080
811;0SD0060370SD;258;40;0.00005095
811;0SD0060370SD;259;40;0.00002905
811;0SD0060370SD;261;40;0.00000332
811;0SD0060370SD;262;40;0.00000767
811;0SD0060370SD;263;40;0.00000716
811;0SD0060370SD;264;40;0.00000346
811;0SD0060370SD;265;40;0.00000250
811;0SD0060370SD;267;40;0.00001387
811;0SD0060370SD;268;40;0.00000686
811;0SD0060370SD;269;40;0.00000264
811;0SD0060370SD;241;41;0.00186756
811;0SD0060370SD;242;41;0.01064539
811;0SD0060370SD;243;41;0.00180843
811;0SD0060370SD;244;41;0.00010312
811;0SD0060370SD;245;41;0.00166149
811;0SD0060370SD;246;41;0.00158728
811;0SD0060370SD;247;41;0.00083704
811;0SD0060370SD;248;41;0.00506472
811;0SD0060370SD;249;41;0.00016431
811;0SD0060370SD;250;41;0.00012970
811;0SD0060370SD;251;41;0.00020068
811;0SD0060370SD;252;41;0.00000467
811;0SD0060370SD;253;41;0.00019295
811;0SD0060370SD;256;41;0.00001470
811;0SD0060370SD;257;41;0.00005172
811;0SD0060370SD;259;41;0.00005343
811;0SD0060370SD;260;41;0.00001045
811;0SD0060370SD;261;41;0.00000825
811;0SD0060370SD;262;41;0.00000140
811;0SD0060370SD;264;41;0.00000631
811;0SD0060370SD;265;41;0.00001126
811;0SD0060370SD;266;41;0.00002169
811;0SD0060370SD;267;41;0.00002036
811;0SD0060370SD;241;42;0.01273830
811;0SD0060370SD;242;42;0.00000012
811;0SD0060370SD;243;42;0.00072508
811;0SD0060370SD;244;42;0.00116546
811;0SD0060370SD;245;42;0.00106483
811;0SD0060370SD;246;42;0.00017484
811;0SD0060370SD;247;42;0.00090645
811;0SD0060370SD;248;42;0.00407894
811;0SD0060370SD;249;42;0.00000555
811;0SD0060370SD;250;42;0.00002678
811;0SD0060370SD;251;42;0.00020259
811;0SD0060370SD;252;42;0.00003315
811;0SD0060370SD;253;42;0.00012954
811;0SD0060370SD;254;42;0.00006780
811;0SD0060370SD;255;42;0.00004736
811;0SD0060370SD;256;42;0.00002765
811;0SD0060370SD;257;42;0.00000693
811;0SD0060370SD;259;42;0.00000924
811;0SD0060370SD;260;42;0.00001911
811;0SD0060370SD;261;42;0.00000014
811;0SD0060370SD;265;42;0.00000149
811;0SD0060370SD;266;42;0.00002540
811;0SD0060370SD;267;42;0.00000530
811;0SD0060370SD;268;42;0.00000003
811;0SD0060370SD;239;43;0.00182240
811;0SD0060370SD;240;43;0.01260234
811;0SD0060370SD;241;43;0.00147912
811;0SD0060370SD;242;43;0.00001521
811;0SD0060370SD;243;43;0.00004761
811;0SD0060370SD;244;43;0.00041193
811;0SD0060370SD;245;43;0.00057426
811;0SD0060370SD;246;43;0.00055798
811;0SD0060370SD;247;43;0.00038327
811;0SD0060370SD;248;43;0.00458905
811;0SD0060370SD;249;43;0.00016825
811;0SD0060370SD;250;43;0.00000117
811;0SD0060370SD;251;43;0.00005570
811;0SD0060370SD;252;43;0.00012235
811;0SD0060370SD;253;43;0.00000542
811;0SD0060370SD;254;43;0.00000031
811;0SD0060370SD;255;43;0.00000128
811;0SD0060370SD;258;43;0.00000217
811;0SD0060370SD;259;43;0.00001171
811;0SD0060370SD;266;43;0.00000090
811;0SD0060370SD;267;43;0.00000031
811;0SD0060370SD;238;44;0.00659018
811;0SD0060370SD;239;44;0.01067269
811;0SD0060370SD;240;44;0.00033349
811;0SD0060370SD;241;44;0.00012209
811;0SD0060370SD;242;44;0.00002116
811;0SD0060370SD;245;44;0.00019334
811;0SD0060370SD;246;44;0.00094428
811;0SD0060370SD;247;44;0.00007827
811;0SD0060370SD;248;44;0.00413246
811;0SD0060370SD;249;44;0.00019323
811;0SD0060370SD;250;44;0.00016093
811;0SD0060370SD;251;44;0.00011900
811;0SD0060370SD;252;44;0.00000073
811;0SD0060370SD;254;44;0.00000014
811;0SD0060370SD;255;44;0.00000049
811;0SD0060370SD;257;44;0.00000329
811;0SD0060370SD;258;44;0.00001194
811;0SD0060370SD;266;44;0.00000006
811;0SD0060370SD;238;45;0.00012055
811;0SD0060370SD;239;45;0.00020687
811;0SD0060370SD;240;45;0.00004679
811;0SD0060370SD;244;45;0.00002919
811;0SD0060370SD;245;45;0.00007394
811;0SD0060370SD;246;45;0.00013844
811;0SD0060370SD;247;45;0.00059036
811;0SD0060370SD;248;45;0.00388393
811;0SD0060370SD;249;45;0.00000004
811;0SD0060370SD;250;45;0.00000511
811;0SD0060370SD;256;45;0.00000006
811;0SD0060370SD;257;45;0.00000145
811;0SD0060370SD;258;45;0.00000366
811;0SD0060370SD;259;45;0.00000075
811;0SD0060370SD;239;46;0.00002678
811;0SD0060370SD;240;46;0.00002322
811;0SD0060370SD;241;46;0.00002193
811;0SD0060370SD;242;46;0.00001072
811;0SD0060370SD;243;46;0.00002548
811;0SD0060370SD;244;46;0.00009064
811;0SD0060370SD;246;46;0.00000131
811;0SD0060370SD;248;46;0.00137837
811;0SD0060370SD;250;46;0.00000072
811;0SD0060370SD;242;47;0.00001439
811;0SD0060370SD;243;47;0.00000029
811;0SD0060370SD;244;47;0.00003414
811;0MC006032NSI;168;214;0.00014554
811;0MC006032NSI;168;215;0.00113392
811;0MC006032NSI;170;215;0.00646020
811;0MC006032NSI;171;215;0.00428860
811;0MC006032NSI;173;215;0.00026451
811;0MC006032NSI;174;215;0.01086484
811;0MC006032NSI;177;215;0.03328775
811;0MC006032NSI;178;215;0.00400987
811;0MC006032NSI;168;216;0.00027863
811;0MC006032NSI;169;216;0.00772557
811;0MC006032NSI;170;216;0.00580141
811;0MC006032NSI;174;216;0.01274227
811;0MC006032NSI;178;216;0.05131843
811;0MC006032NSI;169;217;0.02234646
811;0MC006032NSI;170;217;0.00873830
811;0MC006032NSI;171;217;0.00873830
811;0MC006032NSI;172;217;0.00436423
811;0MC006032NSI;173;217;0.00035672
811;0MC006032NSI;174;217;0.01226655
811;0MC006032NSI;177;217;0.00220716
811;0MC006032NSI;178;217;0.06523589
811;0MC006032NSI;179;217;0.05422767
811;0MC006032NSI;180;217;0.00598976
811;0MC006032NSI;168;218;0.02013364
811;0MC006032NSI;169;218;0.00084372
811;0MC006032NSI;173;218;0.00217692
811;0MC006032NSI;174;218;0.00726169
811;0MC006032NSI;175;218;0.00384789
811;0MC006032NSI;176;218;0.00384789
811;0MC006032NSI;177;218;0.00164073
811;0MC006032NSI;153;219;0.01044652
811;0MC006032NSI;166;219;0.00887569
811;0MC006032NSI;167;219;0.01803972
811;0MC006032NSI;168;219;0.00838707
811;0MC006032NSI;153;220;0.00239934
811;0MC006032NSI;154;220;0.02046862
811;0MC006032NSI;165;220;0.01288036
811;0MC006032NSI;166;220;0.01295077
811;0MC006032NSI;154;221;0.01453757
811;0MC006032NSI;155;221;0.00833039
811;0MC006032NSI;162;221;0.02176399
811;0MC006032NSI;163;221;0.01707376
811;0MC006032NSI;164;221;0.01758681
811;0MC006032NSI;165;221;0.00977141
811;0MC006032NSI;155;222;0.02286796
811;0MC006032NSI;162;222;0.02911176
811;0MC006032NSI;155;223;0.00380784
811;0MC006032NSI;156;223;0.00367982
811;0MC006032NSI;157;223;0.00338010
811;0MC006032NSI;158;223;0.00338010
811;0MC006032NSI;159;223;0.00338010
811;0MC006032NSI;160;223;0.00324675
811;0MC006032NSI;162;223;0.03136631
811;0MC006032NSI;160;224;0.00013335
811;0MC006032NSI;161;224;0.00338010
811;0MC006032NSI;162;224;0.02869274
811;0MC006032NSI;162;225;0.02759099
811;0MC006032NSI;162;226;0.02759099
811;0MC006032NSI;159;227;0.00326099
811;0MC006032NSI;160;227;0.02722606
811;0MC006032NSI;161;227;0.02497106
811;0MC006032NSI;162;227;0.01858999
811;0MC006032NSI;158;228;0.00632015
811;0MC006032NSI;159;228;0.01037988
811;0MC006032NSI;160;228;0.01356075
811;0MC006032NSI;157;229;0.00959660
811;0MC006032NSI;158;229;0.00710343
811;0MC006032NSI;160;229;0.01356075
811;0MC006032NSI;154;230;0.01058150
811;0MC006032NSI;155;230;0.01893345
811;0MC006032NSI;156;230;0.01719042
811;0MC006032NSI;157;230;0.00382699
811;0MC006032NSI;160;230;0.01356075
811;0MC006032NSI;156;231;0.00210129
811;0MC006032NSI;157;231;0.01525746
811;0MC006032NSI;158;231;0.01841963
811;0MC006032NSI;159;231;0.01603168
811;0MC006032NSI;160;231;0.01186117
811;NCC006035MBU;161;122;0.00014635
811;NCC006035MBU;162;122;0.00002360
811;NCC006035MBU;163;122;0.00001584
811;NCC006035MBU;160;123;0.00039688
811;NCC006035MBU;162;123;0.00212838
811;NCC006035MBU;160;124;0.00053497
811;NCC006035MBU;161;124;0.00211746
811;NCC006035MBU;162;124;0.00063991
811;NCC006035MBU;163;124;0.00000755
811;NCC006035MBU;164;124;0.00001773
811;NCC006035MBU;165;124;0.00001443
811;NCC006035MBU;166;124;0.00001676
811;NCC006035MBU;160;125;0.00081301
811;NCC006035MBU;161;125;0.00209719
811;NCC006035MBU;162;125;0.00001776
811;NCC006035MBU;163;125;0.00000698
811;NCC006035MBU;166;125;0.00000414
811;NCC006035MBU;167;125;0.00003379
811;NCC006035MBU;168;125;0.00001271
811;NCC006035MBU;160;126;0.00282999
811;NCC006035MBU;161;126;0.00061500
811;NCC006035MBU;167;126;0.00000167
811;NCC006035MBU;168;126;0.00002635
811;NCC006035MBU;156;127;0.00014053
811;NCC006035MBU;157;127;0.00002165
811;NCC006035MBU;159;127;0.00257575
811;NCC006035MBU;160;127;0.00025949
811;NCC006035MBU;165;127;0.00009342
811;NCC006035MBU;166;127;0.00012472
811;NCC006035MBU;167;127;0.00001698
811;NCC006035MBU;168;127;0.00000739
811;NCC006035MBU;156;128;0.00017413
811;NCC006035MBU;157;128;0.00013460
811;NCC006035MBU;158;128;0.00264646
811;NCC006035MBU;159;128;0.00209630
811;NCC006035MBU;160;128;0.00003682
811;NCC006035MBU;164;128;0.00008310
811;NCC006035MBU;165;128;0.00016596
811;NCC006035MBU;157;129;0.00294425
811;NCC006035MBU;158;129;0.00041303
811;NCC006035MBU;164;129;0.00005946
811;NCC006035MBU;156;130;0.00139688
811;NCC006035MBU;157;130;0.00221087
811;NCC006035MBU;164;130;0.00004209
811;NCC006035MBU;165;130;0.00002927
811;NCC006035MBU;156;131;0.00374010
811;NCC006035MBU;160;131;0.00007573
811;NCC006035MBU;161;131;0.00025490
811;NCC006035MBU;162;131;0.00024378
811;NCC006035MBU;163;131;0.00027305
811;NCC006035MBU;164;131;0.00005308
811;NCC006035MBU;155;132;0.00209005
811;NCC006035MBU;156;132;0.00129412
811;NCC006035MBU;157;132;0.00020406
811;NCC006035MBU;158;132;0.00028031
811;NCC006035MBU;159;132;0.00030145
811;NCC006035MBU;160;132;0.00026293
811;NCC006035MBU;163;132;0.00010378
811;NCC006035MBU;154;133;0.00009502
811;NCC006035MBU;155;133;0.00366642
811;NCC006035MBU;156;133;0.00030017
811;NCC006035MBU;157;133;0.00010158
811;NCC006035MBU;153;134;0.00037452
811;NCC006035MBU;154;134;0.00028312
811;NCC006035MBU;155;134;0.00354996
811;NCC006035MBU;156;134;0.00029810
811;NCC006035MBU;157;134;0.00000411
811;NCC006035MBU;150;135;0.00013541
811;NCC006035MBU;152;135;0.00117230
811;NCC006035MBU;153;135;0.00012669
811;NCC006035MBU;154;135;0.00495091
811;NCC006035MBU;155;135;0.00044328
811;NCC006035MBU;156;135;0.00030961
811;NCC006035MBU;157;135;0.00020376
811;NCC006035MBU;150;136;0.00037433
811;NCC006035MBU;151;136;0.00009867
811;NCC006035MBU;152;136;0.00451532
811;NCC006035MBU;153;136;0.00985569
811;NCC006035MBU;154;136;0.00574261
811;NCC006035MBU;155;136;0.00039323
811;NCC006035MBU;148;137;0.00168561
811;NCC006035MBU;149;137;0.05161114
811;NCC006035MBU;150;137;0.05367985
811;NCC006035MBU;151;137;0.02820112
811;NCC006035MBU;152;137;0.06924562
811;NCC006035MBU;153;137;0.01434247
811;NCC006035MBU;154;137;0.00027085
811;NCC006035MBU;155;137;0.00001151
811;NCC006035MBU;147;138;0.07597870
811;NCC006035MBU;148;138;0.17741971
811;NCC006035MBU;149;138;0.01898796
811;NCC006035MBU;150;138;0.00026524
811;NCC006035MBU;151;138;0.04956853
811;NCC006035MBU;152;138;0.08712607
811;NCC006035MBU;153;138;0.00388220
811;NCC006035MBU;154;138;0.00002714
811;NCC006035MBU;147;139;0.00342463
811;NCC006035MBU;148;139;0.03473862
811;NCC006035MBU;149;139;0.07561627
811;NCC006035MBU;151;139;0.04802121
811;NCC006035MBU;152;139;0.04004066
811;NCC006035MBU;153;139;0.00396527
811;NCC006035MBU;154;139;0.00003310
811;NCC006035MBU;155;139;0.00002184
811;NCC006035MBU;150;140;0.03638926
811;NCC006035MBU;151;140;0.01308855
811;NCC006035MBU;152;140;0.03536075
811;NCC006035MBU;153;140;0.00074866
811;NCC006035MBU;154;140;0.00027622
811;NCC006035MBU;151;141;0.00043878
811;NCC006035MBU;152;141;0.00116870
811;0SV006045SHA;120;233;0.00003537
811;0SV006045SHA;121;233;0.00021467
811;0SV006045SHA;122;233;0.00027696
811;0SV006045SHA;123;233;0.00047573
811;0SV006045SHA;134;233;0.00005955
811;0SV006045SHA;135;233;0.01432379
811;0SV006045SHA;120;234;0.00010324
811;0SV006045SHA;123;234;0.00007862
811;0SV006045SHA;124;234;0.00020258
811;0SV006045SHA;125;234;0.00013322
811;0SV006045SHA;130;234;0.00018182
811;0SV006045SHA;131;234;0.00014910
811;0SV006045SHA;132;234;0.00066581
811;0SV006045SHA;133;234;0.00080942
811;0SV006045SHA;134;234;0.00169411
811;0SV006045SHA;135;234;0.03084428
811;0SV006045SHA;136;234;0.00117197
811;0SV006045SHA;137;234;0.00081989
811;0SV006045SHA;141;234;0.00011660
811;0SV006045SHA;125;235;0.00016140
811;0SV006045SHA;126;235;0.00028609
811;0SV006045SHA;127;235;0.00038458
811;0SV006045SHA;128;235;0.00017956
811;0SV006045SHA;130;235;0.00036238
811;0SV006045SHA;131;235;0.00001779
811;0SV006045SHA;132;235;0.00167231
811;0SV006045SHA;133;235;0.00085800
811;0SV006045SHA;134;235;0.00249948
811;0SV006045SHA;135;235;0.04034457
811;0SV006045SHA;136;235;0.00168015
811;0SV006045SHA;137;235;0.00010679
811;0SV006045SHA;138;235;0.00023994
811;0SV006045SHA;139;235;0.00028407
811;0SV006045SHA;140;235;0.00025059
811;0SV006045SHA;141;235;0.00098229
811;0SV006045SHA;142;235;0.00013075
811;0SV006045SHA;143;235;0.00128484
811;0SV006045SHA;144;235;0.00019997
811;0SV006045SHA;145;235;0.00020118
811;0SV006045SHA;146;235;0.00000217
811;0SV006045SHA;150;235;0.00048280
811;0SV006045SHA;151;235;0.00122932
811;0SV006045SHA;152;235;0.00139578
811;0SV006045SHA;128;236;0.00097423
811;0SV006045SHA;129;236;0.00148914
811;0SV006045SHA;130;236;0.00148286
811;0SV006045SHA;131;236;0.00087368
811;0SV006045SHA;132;236;0.00126878
811;0SV006045SHA;133;236;0.00766707
811;0SV006045SHA;134;236;0.03894737
811;0SV006045SHA;135;236;0.01196994
811;0SV006045SHA;136;236;0.00283607
811;0SV006045SHA;137;236;0.00151045
811;0SV006045SHA;138;236;0.00111297
811;0SV006045SHA;139;236;0.00115090
811;0SV006045SHA;140;236;0.00057998
811;0SV006045SHA;141;236;0.00320579
811;0SV006045SHA;142;236;0.00138932
811;0SV006045SHA;143;236;0.00394104
811;0SV006045SHA;144;236;0.00167760
811;0SV006045SHA;146;236;0.00018219
811;0SV006045SHA;151;236;0.00054091
811;0SV006045SHA;152;236;0.00103099
811;0SV006045SHA;153;236;0.00029313
811;0SV006045SHA;130;237;0.00172281
811;0SV006045SHA;131;237;0.00167920
811;0SV006045SHA;132;237;0.00117842
811;0SV006045SHA;133;237;0.01918515
811;0SV006045SHA;134;237;0.03877817
811;0SV006045SHA;135;237;0.00482384
811;0SV006045SHA;136;237;0.00121488
811;0SV006045SHA;137;237;0.00072970
811;0SV006045SHA;138;237;0.00430157
811;0SV006045SHA;139;237;0.00419070
811;0SV006045SHA;140;237;0.00408734
811;0SV006045SHA;141;237;0.00137775
811;0SV006045SHA;142;237;0.00262810
811;0SV006045SHA;144;237;0.00064780
811;0SV006045SHA;145;237;0.00195749
811;0SV006045SHA;146;237;0.00188112
811;0SV006045SHA;147;237;0.00142638
811;0SV006045SHA;148;237;0.00118273
811;0SV006045SHA;149;237;0.00142086
811;0SV006045SHA;150;237;0.00074241
811;0SV006045SHA;151;237;0.00070517
811;0SV006045SHA;152;237;0.00049065
811;0SV006045SHA;131;238;0.00129824
811;0SV006045SHA;132;238;0.00460291
811;0SV006045SHA;133;238;0.04362372
811;0SV006045SHA;134;238;0.04455766
811;0SV006045SHA;135;238;0.01537200
811;0SV006045SHA;136;238;0.00988688
811;0SV006045SHA;137;238;0.00622128
811;0SV006045SHA;138;238;0.00066162
811;0SV006045SHA;139;238;0.00013811
811;0SV006045SHA;142;238;0.00000281
811;0SV006045SHA;143;238;0.00008243
811;0SV006045SHA;149;238;0.00042003
811;0SV006045SHA;150;238;0.00122887
811;0SV006045SHA;151;238;0.00079143
811;0SV006045SHA;130;239;0.00034721
811;0SV006045SHA;131;239;0.00453693
811;0SV006045SHA;132;239;0.01056477
811;0SV006045SHA;133;239;0.09190426
811;0SV006045SHA;134;239;0.02812820
811;0SV006045SHA;135;239;0.00321794
811;0SV006045SHA;136;239;0.00181547
811;0SV006045SHA;137;239;0.00042582
811;0SV006045SHA;138;239;0.00024039
811;0SV006045SHA;139;239;0.00060118
811;0SV006045SHA;140;239;0.00039851
811;0SV006045SHA;142;239;0.00003935
811;0SV006045SHA;143;239;0.00011331
811;0SV006045SHA;144;239;0.00014388
811;0SV006045SHA;150;239;0.00070143
811;0SV006045SHA;151;239;0.00079244
811;0SV006045SHA;126;240;0.00023092
811;0SV006045SHA;129;240;0.00153056
811;0SV006045SHA;130;240;0.00256195
811;0SV006045SHA;131;240;0.00077623
811;0SV006045SHA;132;240;0.00201080
811;0SV006045SHA;133;240;0.04465680
811;0SV006045SHA;134;240;0.01674561
811;0SV006045SHA;135;240;0.00904658
811;0SV006045SHA;136;240;0.00811374
811;0SV006045SHA;138;240;0.00027440
811;0SV006045SHA;139;240;0.00051593
811;0SV006045SHA;140;240;0.00025661
811;0SV006045SHA;141;240;0.00060830
811;0SV006045SHA;142;240;0.00064906
811;0SV006045SHA;143;240;0.00049577
811;0SV006045SHA;144;240;0.00007408
811;0SV006045SHA;145;240;0.00001588
811;0SV006045SHA;148;240;0.00000004
811;0SV006045SHA;149;240;0.00000663
811;0SV006045SHA;150;240;0.00000156
811;0SV006045SHA;151;240;0.00018626
811;0SV006045SHA;152;240;0.00081421
811;0SV006045SHA;154;240;0.00025175
811;0SV006045SHA;155;240;0.00020931
811;0SV006045SHA;126;241;0.00221017
811;0SV006045SHA;127;241;0.00320528
811;0SV006045SHA;128;241;0.00315544
811;0SV006045SHA;129;241;0.00152445
811;0SV006045SHA;131;241;0.00000425
811;0SV006045SHA;132;241;0.00000766
811;0SV006045SHA;133;241;0.00877553
811;0SV006045SHA;134;241;0.01932788
811;0SV006045SHA;135;241;0.00061786
811;0SV006045SHA;136;241;0.00237466
811;0SV006045SHA;137;241;0.00632004
811;0SV006045SHA;138;241;0.00348729
811;0SV006045SHA;139;241;0.00007970
811;0SV006045SHA;140;241;0.00020327
811;0SV006045SHA;142;241;0.00012199
811;0SV006045SHA;143;241;0.00016260
811;0SV006045SHA;145;241;0.00003011
811;0SV006045SHA;146;241;0.00005895
811;0SV006045SHA;148;241;0.00000936
811;0SV006045SHA;149;241;0.00000117
811;0SV006045SHA;152;241;0.00064298
811;0SV006045SHA;153;241;0.00182289
811;0SV006045SHA;154;241;0.00117310
811;0SV006045SHA;128;242;0.00039264
811;0SV006045SHA;132;242;0.00000233
811;0SV006045SHA;133;242;0.00058026
811;0SV006045SHA;134;242;0.01350637
811;0SV006045SHA;135;242;0.00023979
811;0SV006045SHA;136;242;0.00033124
811;0SV006045SHA;138;242;0.00199551
811;0SV006045SHA;139;242;0.00631645
811;0SV006045SHA;140;242;0.00011469
811;0SV006045SHA;141;242;0.00003858
811;0SV006045SHA;142;242;0.00005295
811;0SV006045SHA;143;242;0.00001078
811;0SV006045SHA;146;242;0.00001432
811;0SV006045SHA;147;242;0.00004825
811;0SV006045SHA;148;242;0.00000002
811;0SV006045SHA;152;242;0.00026322
811;0SV006045SHA;153;242;0.00140321
811;0SV006045SHA;154;242;0.00005051
811;0SV006045SHA;128;243;0.00020806
811;0SV006045SHA;134;243;0.01264979
811;0SV006045SHA;136;243;0.00005563
811;0SV006045SHA;139;243;0.00284693
811;0SV006045SHA;140;243;0.00576014
811;0SV006045SHA;141;243;0.00159154
811;0SV006045SHA;147;243;0.00005647
811;0SV006045SHA;151;243;0.00078681
811;0SV006045SHA;152;243;0.00084173
811;0SV006045SHA;154;243;0.00006471
811;0SV006045SHA;128;244;0.00003795
811;0SV006045SHA;134;244;0.01000864
811;0SV006045SHA;135;244;0.00301050
811;0SV006045SHA;141;244;0.00622833
811;0SV006045SHA;142;244;0.00403651
811;0SV006045SHA;147;244;0.00004280
811;0SV006045SHA;151;244;0.00101633
811;0SV006045SHA;153;244;0.00000099
811;0SV006045SHA;154;244;0.00006439
811;0SV006045SHA;127;245;0.00000463
811;0SV006045SHA;128;245;0.00004689
811;0SV006045SHA;134;245;0.01121900
811;0SV006045SHA;141;245;0.00016002
811;0SV006045SHA;142;245;0.00473452
811;0SV006045SHA;143;245;0.00005619
811;0SV006045SHA;147;245;0.00004073
811;0SV006045SHA;151;245;0.00113937
811;0SV006045SHA;152;245;0.00003401
811;0SV006045SHA;153;245;0.00007483
811;0SV006045SHA;127;246;0.00000503
811;0SV006045SHA;128;246;0.00003020
811;0SV006045SHA;133;246;0.00022625
811;0SV006045SHA;134;246;0.01466933
811;0SV006045SHA;135;246;0.00009593
811;0SV006045SHA;138;246;0.00000580
811;0SV006045SHA;139;246;0.00000287
811;0SV006045SHA;140;246;0.00011254
811;0SV006045SHA;141;246;0.00003137
811;0SV006045SHA;143;246;0.00835852
811;0SV006045SHA;144;246;0.00399002
811;0SV006045SHA;145;246;0.00408233
811;0SV006045SHA;146;246;0.00589621
811;0SV006045SHA;147;246;0.00397545
811;0SV006045SHA;148;246;0.00064392
811;0SV006045SHA;149;246;0.00032324
811;0SV006045SHA;150;246;0.00122946
811;0SV006045SHA;151;246;0.00027296
811;0SV006045SHA;153;246;0.00006979
811;0SV006045SHA;128;247;0.00001969
811;0SV006045SHA;129;247;0.00001174
811;0SV006045SHA;133;247;0.01223270
811;0SV006045SHA;135;247;0.00006347
811;0SV006045SHA;136;247;0.00010224
811;0SV006045SHA;137;247;0.00000451
811;0SV006045SHA;138;247;0.00007065
811;0SV006045SHA;139;247;0.00003720
811;0SV006045SHA;140;247;0.00010435
811;0SV006045SHA;143;247;0.00069939
811;0SV006045SHA;148;247;0.00463853
811;0SV006045SHA;149;247;0.00093321
811;0SV006045SHA;150;247;0.00060219
811;0SV006045SHA;152;247;0.00006004
811;0SV006045SHA;153;247;0.00000922
811;0SV006045SHA;129;248;0.00042290
811;0SV006045SHA;130;248;0.00115874
811;0SV006045SHA;131;248;0.00065451
811;0SV006045SHA;132;248;0.00423535
811;0SV006045SHA;133;248;0.01272548
811;0SV006045SHA;136;248;0.00012478
811;0SV006045SHA;137;248;0.00005914
811;0SV006045SHA;139;248;0.00007019
811;0SV006045SHA;142;248;0.00053409
811;0SV006045SHA;143;248;0.00040672
811;0SV006045SHA;149;248;0.00423035
811;0SV006045SHA;150;248;0.00023934
811;0SV006045SHA;151;248;0.00000294
811;0SV006045SHA;152;248;0.00007415
811;0SV006045SHA;129;249;0.00031325
811;0SV006045SHA;130;249;0.00032524
811;0SV006045SHA;131;249;0.00002841
811;0SV006045SHA;132;249;0.01156519
811;0SV006045SHA;133;249;0.00000415
811;0SV006045SHA;142;249;0.00064636
811;0SV006045SHA;149;249;0.00154549
811;0SV006045SHA;150;249;0.00300828
811;0SV006045SHA;151;249;0.00128585
811;0SV006045SHA;152;249;0.00002622
811;0SV006045SHA;153;249;0.00010210
811;0SV006045SHA;132;250;0.00507983
811;0SV006045SHA;133;250;0.00652486
811;0SV006045SHA;142;250;0.00001142
811;0SV006045SHA;143;250;0.00066485
811;0SV006045SHA;145;250;0.00005502
811;0SV006045SHA;146;250;0.00008192
811;0SV006045SHA;147;250;0.00007958
811;0SV006045SHA;148;250;0.00091730
811;0SV006045SHA;149;250;0.00072435
811;0SV006045SHA;151;250;0.00194318
811;0SV006045SHA;152;250;0.00307762
811;0SV006045SHA;153;250;0.00129711
811;0SV006045SHA;133;251;0.01322518
811;0SV006045SHA;142;251;0.00066464
811;0SV006045SHA;143;251;0.00030781
811;0SV006045SHA;144;251;0.00011434
811;0SV006045SHA;145;251;0.00004140
811;0SV006045SHA;148;251;0.00054840
811;0SV006045SHA;149;251;0.00040836
811;0SV006045SHA;151;251;0.00047509
811;0SV006045SHA;152;251;0.00061809
811;0SV006045SHA;153;251;0.00252833
811;0SV006045SHA;154;251;0.00199359
811;0SV006045SHA;155;251;0.00006629
811;0SV006045SHA;133;252;0.00173546
811;0SV006045SHA;134;252;0.01102002
811;0SV006045SHA;135;252;0.00000174
811;0SV006045SHA;141;252;0.00014251
811;0SV006045SHA;142;252;0.00057115
811;0SV006045SHA;148;252;0.00086572
811;0SV006045SHA;150;252;0.00019225
811;0SV006045SHA;151;252;0.00051783
811;0SV006045SHA;154;252;0.00033980
811;0SV006045SHA;155;252;0.00019326
811;0SV006045SHA;134;253;0.01073654
811;0SV006045SHA;135;253;0.00150628
811;0SV006045SHA;136;253;0.00000025
811;0SV006045SHA;140;253;0.00077071
811;0SV006045SHA;141;253;0.00052209
811;0SV006045SHA;142;253;0.00009733
811;0SV006045SHA;148;253;0.00086713
811;0SV006045SHA;149;253;0.00029132
811;0SV006045SHA;150;253;0.00019358
811;0SV006045SHA;135;254;0.01342423
811;0SV006045SHA;139;254;0.00052559
811;0SV006045SHA;140;254;0.00020346
811;0SV006045SHA;147;254;0.00036411
811;0SV006045SHA;148;254;0.00133780
811;0SV006045SHA;149;254;0.00005326
811;0SV006045SHA;135;255;0.00513959
811;0SV006045SHA;138;255;0.00028077
811;0SV006045SHA;139;255;0.00034555
811;0SV006045SHA;147;255;0.00045417
811;SJV006050SJU;153;147;0.00000085
811;SJV006050SJU;156;147;0.00000703
811;SJV006050SJU;157;147;0.00000335
811;SJV006050SJU;152;148;0.00000070
811;SJV006050SJU;153;148;0.00000310
811;SJV006050SJU;154;148;0.00000379
811;SJV006050SJU;155;148;0.00000531
811;SJV006050SJU;156;148;0.00000052
811;SJV006050SJU;157;148;0.00000438
811;SJV006050SJU;158;148;0.00001276
811;SJV006050SJU;159;148;0.00313594
811;SJV006050SJU;155;149;0.00000024
811;SJV006050SJU;156;149;0.00000114
811;SJV006050SJU;158;149;0.00000018
811;SJV006050SJU;159;149;0.01118875
811;SJV006050SJU;160;149;0.00002376
811;SJV006050SJU;156;150;0.00000008
811;SJV006050SJU;157;150;0.00000122
811;SJV006050SJU;158;150;0.00928441
811;SJV006050SJU;159;150;0.00225035
811;SJV006050SJU;160;150;0.00381413
811;SJV006050SJU;161;150;0.00064171
811;SJV006050SJU;158;151;0.01147792
811;SJV006050SJU;159;151;0.00003678
811;SJV006050SJU;160;151;0.00526146
811;SJV006050SJU;161;151;0.00184260
811;SJV006050SJU;153;152;0.00000163
811;SJV006050SJU;154;152;0.00002060
811;SJV006050SJU;155;152;0.00025314
811;SJV006050SJU;157;152;0.00000008
811;SJV006050SJU;158;152;0.01379600
811;SJV006050SJU;159;152;0.00397954
811;SJV006050SJU;160;152;0.00146309
811;SJV006050SJU;161;152;0.00162963
811;SJV006050SJU;155;153;0.00041247
811;SJV006050SJU;156;153;0.00104320
811;SJV006050SJU;157;153;0.00959855
811;SJV006050SJU;158;153;0.00566425
811;SJV006050SJU;159;153;0.00385994
811;SJV006050SJU;160;153;0.00345618
811;SJV006050SJU;161;153;0.00125543
811;SJV006050SJU;162;153;0.00125310
811;SJV006050SJU;163;153;0.00003379
811;SJV006050SJU;153;154;0.00019229
811;SJV006050SJU;154;154;0.00079014
811;SJV006050SJU;155;154;0.00111100
811;SJV006050SJU;156;154;0.00060962
811;SJV006050SJU;157;154;0.01912279
811;SJV006050SJU;158;154;0.00791322
811;SJV006050SJU;159;154;0.00022669
811;SJV006050SJU;160;154;0.00033056
811;SJV006050SJU;161;154;0.00129846
811;SJV006050SJU;162;154;0.00110033
811;SJV006050SJU;163;154;0.00097867
811;SJV006050SJU;164;154;0.02148278
811;SJV006050SJU;165;154;0.00278286
811;SJV006050SJU;153;155;0.00000992
811;SJV006050SJU;154;155;0.00000451
811;SJV006050SJU;156;155;0.01746730
811;SJV006050SJU;157;155;0.00386997
811;SJV006050SJU;158;155;0.00406750
811;SJV006050SJU;159;155;0.00580277
811;SJV006050SJU;160;155;0.00385274
811;SJV006050SJU;161;155;0.00365865
811;SJV006050SJU;162;155;0.00314356
811;SJV006050SJU;163;155;0.01795153
811;SJV006050SJU;164;155;0.03054010
811;SJV006050SJU;165;155;0.00196598
811;SJV006050SJU;166;155;0.00230682
811;SJV006050SJU;154;156;0.00002229
811;SJV006050SJU;155;156;0.01658843
811;SJV006050SJU;156;156;0.00524893
811;SJV006050SJU;157;156;0.00466552
811;SJV006050SJU;158;156;0.00012590
811;SJV006050SJU;159;156;0.00038348
811;SJV006050SJU;160;156;0.00259102
811;SJV006050SJU;161;156;0.00171916
811;SJV006050SJU;162;156;0.00168793
811;SJV006050SJU;163;156;0.04467832
811;SJV006050SJU;164;156;0.00860520
811;SJV006050SJU;165;156;0.00483192
811;SJV006050SJU;166;156;0.00084459
811;SJV006050SJU;167;156;0.00227395
811;SJV006050SJU;168;156;0.00050012
811;SJV006050SJU;169;156;0.00012281
811;SJV006050SJU;154;157;0.01643576
811;SJV006050SJU;155;157;0.00487123
811;SJV006050SJU;156;157;0.00378997
811;SJV006050SJU;157;157;0.00170624
811;SJV006050SJU;158;157;0.00171833
811;SJV006050SJU;159;157;0.00145346
811;SJV006050SJU;160;157;0.00278075
811;SJV006050SJU;161;157;0.00365831
811;SJV006050SJU;162;157;0.04131888
811;SJV006050SJU;163;157;0.00823964
811;SJV006050SJU;164;157;0.00499390
811;SJV006050SJU;165;157;0.00041958
811;SJV006050SJU;166;157;0.00119560
811;SJV006050SJU;167;157;0.00163202
811;SJV006050SJU;168;157;0.00004199
811;SJV006050SJU;171;157;0.00000891
811;SJV006050SJU;154;158;0.00247071
811;SJV006050SJU;155;158;0.00247578
811;SJV006050SJU;156;158;0.00125776
811;SJV006050SJU;157;158;0.00003892
811;SJV006050SJU;158;158;0.00133191
811;SJV006050SJU;159;158;0.00098048
811;SJV006050SJU;160;158;0.00559587
811;SJV006050SJU;161;158;0.04230231
811;SJV006050SJU;162;158;0.03028868
811;SJV006050SJU;163;158;0.00485312
811;SJV006050SJU;164;158;0.00377532
811;SJV006050SJU;165;158;0.00025521
811;SJV006050SJU;166;158;0.00307244
811;SJV006050SJU;167;158;0.00007451
811;SJV006050SJU;168;158;0.00009403
811;SJV006050SJU;169;158;0.00008145
811;SJV006050SJU;170;158;0.00003928
811;SJV006050SJU;171;158;0.00005733
811;SJV006050SJU;172;158;0.00028336
811;SJV006050SJU;173;158;0.00002708
811;SJV006050SJU;155;159;0.00366994
811;SJV006050SJU;156;159;0.00496541
811;SJV006050SJU;157;159;0.00488788
811;SJV006050SJU;158;159;0.00417404
811;SJV006050SJU;159;159;0.00464613
811;SJV006050SJU;160;159;0.03025497
811;SJV006050SJU;161;159;0.04861889
811;SJV006050SJU;162;159;0.02324142
811;SJV006050SJU;163;159;0.00532639
811;SJV006050SJU;164;159;0.00454948
811;SJV006050SJU;165;159;0.00385558
811;SJV006050SJU;166;159;0.00499888
811;SJV006050SJU;167;159;0.00071632
811;SJV006050SJU;168;159;0.00063093
811;SJV006050SJU;169;159;0.00066013
811;SJV006050SJU;170;159;0.00055991
811;SJV006050SJU;171;159;0.00057341
811;SJV006050SJU;172;159;0.00119360
811;SJV006050SJU;173;159;0.00046123
811;SJV006050SJU;174;159;0.00014078
811;SJV006050SJU;157;160;0.00015609
811;SJV006050SJU;158;160;0.00085240
811;SJV006050SJU;159;160;0.01447443
811;SJV006050SJU;160;160;0.05362732
811;SJV006050SJU;161;160;0.03396382
811;SJV006050SJU;162;160;0.02544140
811;SJV006050SJU;163;160;0.00221809
811;SJV006050SJU;164;160;0.00135049
811;SJV006050SJU;165;160;0.00361148
811;SJV006050SJU;166;160;0.00008421
811;SJV006050SJU;167;160;0.00003388
811;SJV006050SJU;169;160;0.00002950
811;SJV006050SJU;172;160;0.00099620
811;SJV006050SJU;158;161;0.00343674
811;SJV006050SJU;159;161;0.04636620
811;SJV006050SJU;160;161;0.01443683
811;SJV006050SJU;161;161;0.02200098
811;SJV006050SJU;162;161;0.01836878
811;SJV006050SJU;163;161;0.00575577
811;SJV006050SJU;164;161;0.00272989
811;SJV006050SJU;165;161;0.00168728
811;SJV006050SJU;166;161;0.00007240
811;SJV006050SJU;167;161;0.00004434
811;SJV006050SJU;168;161;0.00049592
811;SJV006050SJU;169;161;0.00045555
811;SJV006050SJU;170;161;0.00021869
811;SJV006050SJU;171;161;0.00081720
811;SJV006050SJU;172;161;0.00013820
811;SJV006050SJU;160;162;0.00004621
811;SJV006050SJU;161;162;0.00387581
811;SJV006050SJU;162;162;0.00137743
811;SJV006050SJU;163;162;0.00496125
811;SJV006050SJU;164;162;0.01012173
811;SJV006050SJU;165;162;0.00287056
811;SJV006050SJU;166;162;0.00054215
811;SJV006050SJU;167;162;0.00047039
811;SJV006050SJU;168;162;0.00005865
811;SJV006050SJU;169;162;0.00028467
811;SJV006050SJU;170;162;0.00059211
811;SJV006050SJU;171;162;0.00015573
811;SJV006050SJU;162;163;0.00015074
811;SJV006050SJU;163;163;0.00286457
811;SJV006050SJU;164;163;0.00438862
811;SJV006050SJU;165;163;0.00135842
811;SJV006050SJU;166;163;0.00186174
811;SJV006050SJU;167;163;0.00205615
811;SJV006050SJU;168;163;0.00100992
811;SJV006050SJU;169;163;0.00029551
811;SJV006050SJU;162;164;0.00020981
811;SJV006050SJU;163;164;0.00202511
811;SJV006050SJU;164;164;0.00116293
811;SJV006050SJU;165;164;0.00000188
811;SJV006050SJU;166;164;0.00000029
811;SJV006050SJU;167;164;0.00068232
811;SJV006050SJU;168;164;0.00165811
811;SJV006050SJU;162;165;0.00000904
811;SJV006050SJU;163;165;0.00140575
811;SJV006050SJU;164;165;0.00000329
811;SJV006050SJU;165;165;0.00070552
811;SJV006050SJU;166;165;0.00068956
811;SJV006050SJU;167;165;0.00019976
811;SJV006050SJU;163;166;0.00048195
811;SJV006050SJU;164;166;0.00257012
811;SJV006050SJU;165;166;0.00002574
811;SJV006050SJU;162;167;0.00027402
811;SJV006050SJU;163;167;0.00300673
811;SJV006050SJU;164;167;0.00501171
811;SJV006050SJU;165;167;0.00012047
811;SJV006050SJU;164;168;0.00061052
811;0MC006022MPA;179;148;0.08145341
811;0MC006022MPA;180;148;0.01415675
811;0MC006022MPA;177;151;0.00278551
811;0MC006022MPA;178;151;0.04646243
811;0MC006022MPA;178;152;0.02592221
811;0MC006022MPA;179;152;0.05804881
811;0MC006022MPA;179;153;0.01433584
811;0MC006022MPA;180;153;0.05416498
811;0MC006022MPA;181;153;0.00415072
811;0MC006022MPA;188;153;0.02804321
811;0MC006022MPA;176;154;0.02424492
811;0MC006022MPA;181;154;0.01702589
811;0MC006022MPA;182;154;0.02117662
811;0MC006022MPA;183;154;0.00476203
811;0MC006022MPA;184;154;0.00600152
811;0MC006022MPA;185;154;0.00633495
811;0MC006022MPA;186;154;0.01123220
811;0MC006022MPA;187;154;0.01245648
811;0MC006022MPA;188;154;0.00316664
811;0MC006022MPA;190;154;0.13122041
811;0MC006022MPA;176;155;0.05747895
811;0MC006022MPA;182;155;0.01068291
811;0MC006022MPA;183;155;0.02668999
811;0MC006022MPA;190;155;0.01794138
811;0MC006022MPA;175;156;0.02489007
811;0MC006022MPA;176;156;0.01200500
811;0MC006022MPA;180;156;0.00256379
811;0MC006022MPA;181;156;0.01789726
811;0MC006022MPA;182;156;0.00721435
811;0MC006022MPA;183;156;0.00011941
811;0MC006022MPA;184;156;0.00787483
811;0MC006022MPA;189;156;0.00972810
811;0MC006022MPA;190;156;0.00969274
811;0MC006022MPA;180;157;0.01736731
811;0MC006022MPA;183;157;0.00541213
811;0MC006022MPA;184;157;0.00165169
811;0MC006022MPA;189;157;0.01745204
811;0MC006022MPA;179;158;0.00883079
811;0MC006022MPA;180;158;0.00027771
811;0MC006022MPA;183;158;0.00695824
811;0MC006022MPA;189;158;0.00309889
811;0MC006022MPA;174;159;0.00431046
811;0MC006022MPA;179;159;0.00964371
811;0MC006022MPA;183;159;0.00128098
811;0MC006022MPA;184;159;0.00565640
811;0MC006022MPA;189;159;0.00309889
811;0MC006022MPA;174;160;0.00508493
811;0MC006022MPA;178;160;0.00561148
811;0MC006022MPA;179;160;0.00469878
811;0MC006022MPA;184;160;0.00432120
811;0MC006022MPA;185;160;0.00628500
811;0MC006022MPA;186;160;0.00628500
811;0MC006022MPA;187;160;0.00628500
811;0MC006022MPA;188;160;0.00209975
811;0MC006022MPA;189;160;0.00309889
811;0MC006022MPA;175;161;0.00738775
811;0MC006022MPA;176;161;0.00613061
811;0MC006022MPA;177;161;0.00924943
811;0MC006022MPA;178;161;0.01633816
811;0MC006022MPA;187;161;0.00058370
811;0MC006022MPA;188;161;0.00451990
811;0MC006022MPA;189;161;0.00307265
811;0MC006022MPA;177;162;0.00746024
811;0MC006022MPA;186;162;0.00210949
811;0MC006022MPA;187;162;0.00685948
811;0MC006022MPA;180;164;0.00133332
811;0MC006022MPA;181;164;0.00386983
811;0MC006022MPA;190;164;0.00178681
811;0MC006022MPA;191;164;0.00662954
811;0MC006022MPA;192;164;0.00662954
811;0MC006022MPA;193;164;0.00687362
811;0MC006022MPA;190;165;0.00220152
811;0MC006022MPA;193;165;0.00217464
811;0MC006022MPA;194;165;0.00405618
811;SJV006010SJU;177;116;0.00012150
811;SJV006010SJU;178;116;0.00047748
811;SJV006010SJU;180;116;0.00075191
811;SJV006010SJU;171;117;0.00012795
811;SJV006010SJU;172;117;0.00032027
811;SJV006010SJU;173;117;0.00032001
811;SJV006010SJU;174;117;0.00017857
811;SJV006010SJU;175;117;0.00000212
811;SJV006010SJU;177;117;0.00058040
811;SJV006010SJU;179;117;0.00038143
811;SJV006010SJU;180;117;0.00432461
811;SJV006010SJU;174;118;0.00030189
811;SJV006010SJU;175;118;0.00132605
811;SJV006010SJU;176;118;0.00079450
811;SJV006010SJU;177;118;0.00100662
811;SJV006010SJU;178;118;0.00067094
811;SJV006010SJU;179;118;0.00483138
811;SJV006010SJU;180;118;0.00075530
811;SJV006010SJU;181;118;0.00018589
811;SJV006010SJU;182;118;0.00005006
811;SJV006010SJU;174;119;0.00005858
811;SJV006010SJU;175;119;0.00148765
811;SJV006010SJU;176;119;0.00026361
811;SJV006010SJU;177;119;0.00010212
811;SJV006010SJU;178;119;0.00331881
811;SJV006010SJU;179;119;0.00143995
811;SJV006010SJU;180;119;0.00075915
811;SJV006010SJU;181;119;0.00000370
811;SJV006010SJU;183;119;0.00000507
811;SJV006010SJU;175;120;0.00091435
811;SJV006010SJU;176;120;0.00155313
811;SJV006010SJU;177;120;0.00001514
811;SJV006010SJU;178;120;0.00432129
811;SJV006010SJU;180;120;0.00088671
811;SJV006010SJU;181;120;0.00000576
811;SJV006010SJU;169;121;0.00000191
811;SJV006010SJU;176;121;0.00171987
811;SJV006010SJU;177;121;0.00479500
811;SJV006010SJU;178;121;0.00067916
811;SJV006010SJU;179;121;0.00044681
811;SJV006010SJU;180;121;0.00130954
811;SJV006010SJU;181;121;0.00039547
811;SJV006010SJU;182;121;0.00026473
811;SJV006010SJU;168;122;0.00000260
811;SJV006010SJU;169;122;0.00000094
811;SJV006010SJU;176;122;0.00197636
811;SJV006010SJU;177;122;0.00528064
811;SJV006010SJU;178;122;0.00021190
811;SJV006010SJU;180;122;0.00081844
811;SJV006010SJU;176;123;0.00503750
811;SJV006010SJU;177;123;0.00174450
811;SJV006010SJU;178;123;0.00059892
811;SJV006010SJU;180;123;0.00082019
811;SJV006010SJU;175;124;0.00331983
811;SJV006010SJU;176;124;0.00173725
811;SJV006010SJU;178;124;0.00208525
811;SJV006010SJU;179;124;0.00026412
811;SJV006010SJU;180;124;0.00082272
811;SJV006010SJU;181;124;0.00006064
811;SJV006010SJU;182;124;0.00002175
811;SJV006010SJU;183;124;0.00001754
811;SJV006010SJU;174;125;0.00136911
811;SJV006010SJU;175;125;0.00369627
811;SJV006010SJU;179;125;0.00209699
811;SJV006010SJU;180;125;0.00115595
811;SJV006010SJU;183;125;0.00048360
811;SJV006010SJU;184;125;0.00004504
811;SJV006010SJU;185;125;0.00000638
811;SJV006010SJU;186;125;0.00005735
811;SJV006010SJU;187;125;0.00025479
811;SJV006010SJU;174;126;0.00510560
811;SJV006010SJU;175;126;0.00007421
811;SJV006010SJU;176;126;0.00005152
811;SJV006010SJU;177;126;0.00005153
811;SJV006010SJU;178;126;0.00006907
811;SJV006010SJU;179;126;0.00010676
811;SJV006010SJU;180;126;0.00305081
811;SJV006010SJU;181;126;0.00057615
811;SJV006010SJU;182;126;0.00061124
811;SJV006010SJU;183;126;0.00066865
811;SJV006010SJU;184;126;0.00069469
811;SJV006010SJU;185;126;0.00072275
811;SJV006010SJU;186;126;0.00128925
811;SJV006010SJU;187;126;0.00235076
811;SJV006010SJU;188;126;0.00032900
811;SJV006010SJU;189;126;0.00057769
811;SJV006010SJU;190;126;0.00009868
811;SJV006010SJU;173;127;0.00425218
811;SJV006010SJU;174;127;0.00085952
811;SJV006010SJU;180;127;0.00227681
811;SJV006010SJU;183;127;0.00002036
811;SJV006010SJU;186;127;0.00031188
811;SJV006010SJU;187;127;0.00242991
811;SJV006010SJU;188;127;0.00027751
811;SJV006010SJU;189;127;0.00088626
811;SJV006010SJU;190;127;0.00107736
811;SJV006010SJU;172;128;0.00296711
811;SJV006010SJU;173;128;0.00198463
811;SJV006010SJU;174;128;0.00039756
811;SJV006010SJU;175;128;0.00006119
811;SJV006010SJU;176;128;0.00001782
811;SJV006010SJU;180;128;0.00224585
811;SJV006010SJU;183;128;0.00000592
811;SJV006010SJU;186;128;0.00041952
811;SJV006010SJU;187;128;0.00314777
811;SJV006010SJU;188;128;0.00057129
811;SJV006010SJU;189;128;0.00092065
811;SJV006010SJU;190;128;0.00071444
811;SJV006010SJU;191;128;0.00140098
811;SJV006010SJU;192;128;0.00296659
811;SJV006010SJU;171;129;0.00273799
811;SJV006010SJU;172;129;0.00275219
811;SJV006010SJU;173;129;0.00002195
811;SJV006010SJU;174;129;0.00035422
811;SJV006010SJU;176;129;0.00010365
811;SJV006010SJU;177;129;0.00006971
811;SJV006010SJU;178;129;0.00008410
811;SJV006010SJU;179;129;0.00014512
811;SJV006010SJU;180;129;0.00259181
811;SJV006010SJU;181;129;0.00015224
811;SJV006010SJU;182;129;0.00013893
811;SJV006010SJU;183;129;0.00020258
811;SJV006010SJU;184;129;0.00022894
811;SJV006010SJU;185;129;0.00022700
811;SJV006010SJU;186;129;0.00116946
811;SJV006010SJU;187;129;0.00357738
811;SJV006010SJU;188;129;0.00053218
811;SJV006010SJU;189;129;0.00088802
811;SJV006010SJU;190;129;0.00046825
811;SJV006010SJU;191;129;0.00910203
811;SJV006010SJU;192;129;0.01113730
811;SJV006010SJU;193;129;0.00073291
811;SJV006010SJU;170;130;0.00306392
811;SJV006010SJU;171;130;0.00249474
811;SJV006010SJU;174;130;0.00034641
811;SJV006010SJU;176;130;0.00003159
811;SJV006010SJU;178;130;0.00000538
811;SJV006010SJU;179;130;0.00030881
811;SJV006010SJU;180;130;0.00096547
811;SJV006010SJU;181;130;0.00208516
811;SJV006010SJU;183;130;0.00011900
811;SJV006010SJU;185;130;0.00021796
811;SJV006010SJU;186;130;0.00042656
811;SJV006010SJU;187;130;0.00346087
811;SJV006010SJU;188;130;0.00042881
811;SJV006010SJU;189;130;0.00079645
811;SJV006010SJU;190;130;0.00878959
811;SJV006010SJU;191;130;0.01296713
811;SJV006010SJU;192;130;0.00205263
811;SJV006010SJU;193;130;0.00108652
811;SJV006010SJU;194;130;0.00210997
811;SJV006010SJU;195;130;0.00050980
811;SJV006010SJU;196;130;0.00019942
811;SJV006010SJU;198;130;0.00005429
811;SJV006010SJU;169;131;0.00310812
811;SJV006010SJU;170;131;0.00228676
811;SJV006010SJU;171;131;0.00009355
811;SJV006010SJU;172;131;0.00009321
811;SJV006010SJU;173;131;0.00011718
811;SJV006010SJU;174;131;0.00044363
811;SJV006010SJU;175;131;0.00015281
811;SJV006010SJU;176;131;0.00019253
811;SJV006010SJU;177;131;0.00022183
811;SJV006010SJU;178;131;0.00079739
811;SJV006010SJU;179;131;0.00069775
811;SJV006010SJU;180;131;0.00036666
811;SJV006010SJU;181;131;0.00173728
811;SJV006010SJU;182;131;0.00202865
811;SJV006010SJU;183;131;0.00063067
811;SJV006010SJU;184;131;0.00053756
811;SJV006010SJU;185;131;0.00060070
811;SJV006010SJU;186;131;0.00096310
811;SJV006010SJU;187;131;0.00418335
811;SJV006010SJU;188;131;0.00090911
811;SJV006010SJU;189;131;0.00865397
811;SJV006010SJU;190;131;0.02105603
811;SJV006010SJU;191;131;0.00594969
811;SJV006010SJU;192;131;0.00699247
811;SJV006010SJU;193;131;0.00526490
811;SJV006010SJU;194;131;0.00629417
811;SJV006010SJU;195;131;0.00206250
811;SJV006010SJU;196;131;0.00138975
811;SJV006010SJU;197;131;0.00105804
811;SJV006010SJU;198;131;0.00028834
811;SJV006010SJU;168;132;0.00120230
811;SJV006010SJU;169;132;0.00361292
811;SJV006010SJU;170;132;0.00020351
811;SJV006010SJU;173;132;0.00002306
811;SJV006010SJU;174;132;0.00030240
811;SJV006010SJU;175;132;0.00018736
811;SJV006010SJU;176;132;0.00026490
811;SJV006010SJU;177;132;0.00057897
811;SJV006010SJU;178;132;0.00016873
811;SJV006010SJU;179;132;0.00070160
811;SJV006010SJU;180;132;0.00057529
811;SJV006010SJU;181;132;0.00108082
811;SJV006010SJU;182;132;0.00082272
811;SJV006010SJU;183;132;0.00172633
811;SJV006010SJU;184;132;0.00018973
811;SJV006010SJU;185;132;0.00038889
811;SJV006010SJU;186;132;0.00092721
811;SJV006010SJU;187;132;0.00475532
811;SJV006010SJU;188;132;0.00541745
811;SJV006010SJU;189;132;0.02339066
811;SJV006010SJU;190;132;0.00127515
811;SJV006010SJU;191;132;0.00090207
811;SJV006010SJU;192;132;0.00205129
811;SJV006010SJU;193;132;0.00020656
811;SJV006010SJU;194;132;0.00164730
811;SJV006010SJU;195;132;0.00071185
811;SJV006010SJU;196;132;0.00117116
811;SJV006010SJU;197;132;0.00132212
811;SJV006010SJU;198;132;0.00009195
811;SJV006010SJU;164;133;0.00025527
811;SJV006010SJU;168;133;0.00464617
811;SJV006010SJU;170;133;0.00005185
811;SJV006010SJU;171;133;0.00020717
811;SJV006010SJU;172;133;0.00012797
811;SJV006010SJU;173;133;0.00004521
811;SJV006010SJU;174;133;0.00029980
811;SJV006010SJU;175;133;0.00026873
811;SJV006010SJU;177;133;0.00013823
811;SJV006010SJU;178;133;0.00011259
811;SJV006010SJU;181;133;0.00119174
811;SJV006010SJU;183;133;0.00171510
811;SJV006010SJU;185;133;0.00007691
811;SJV006010SJU;186;133;0.00059789
811;SJV006010SJU;187;133;0.00814312
811;SJV006010SJU;188;133;0.02507898
811;SJV006010SJU;189;133;0.00280704
811;SJV006010SJU;190;133;0.00108245
811;SJV006010SJU;191;133;0.00167202
811;SJV006010SJU;192;133;0.00306190
811;SJV006010SJU;193;133;0.00072174
811;SJV006010SJU;194;133;0.00164398
811;SJV006010SJU;195;133;0.00007678
811;SJV006010SJU;196;133;0.00036867
811;SJV006010SJU;197;133;0.00078777
811;SJV006010SJU;198;133;0.00006363
811;SJV006010SJU;199;133;0.00008398
811;SJV006010SJU;200;133;0.00002322
811;SJV006010SJU;201;133;0.00001403
811;SJV006010SJU;204;133;0.00000855
811;SJV006010SJU;163;134;0.00035833
811;SJV006010SJU;164;134;0.00030031
811;SJV006010SJU;167;134;0.00260124
811;SJV006010SJU;168;134;0.00188974
811;SJV006010SJU;170;134;0.00005711
811;SJV006010SJU;172;134;0.00013086
811;SJV006010SJU;173;134;0.00020818
811;SJV006010SJU;174;134;0.00097101
811;SJV006010SJU;175;134;0.00192647
811;SJV006010SJU;176;134;0.00166576
811;SJV006010SJU;177;134;0.00167696
811;SJV006010SJU;178;134;0.00202732
811;SJV006010SJU;179;134;0.00193842
811;SJV006010SJU;180;134;0.00211308
811;SJV006010SJU;181;134;0.00381030
811;SJV006010SJU;182;134;0.00476918
811;SJV006010SJU;183;134;0.00648789
811;SJV006010SJU;184;134;0.00614008
811;SJV006010SJU;185;134;0.00619650
811;SJV006010SJU;186;134;0.00722089
811;SJV006010SJU;187;134;0.04040924
811;SJV006010SJU;188;134;0.00866684
811;SJV006010SJU;189;134;0.00865797
811;SJV006010SJU;190;134;0.00822803
811;SJV006010SJU;191;134;0.01046971
811;SJV006010SJU;192;134;0.00601766
811;SJV006010SJU;193;134;0.00340255
811;SJV006010SJU;194;134;0.00399409
811;SJV006010SJU;195;134;0.00171908
811;SJV006010SJU;196;134;0.00157728
811;SJV006010SJU;197;134;0.00114256
811;SJV006010SJU;198;134;0.00069574
811;SJV006010SJU;199;134;0.00059786
811;SJV006010SJU;200;134;0.00036329
811;SJV006010SJU;201;134;0.00037260
811;SJV006010SJU;202;134;0.00000834
811;SJV006010SJU;203;134;0.00001430
811;SJV006010SJU;204;134;0.00003441
811;SJV006010SJU;163;135;0.00009380
811;SJV006010SJU;164;135;0.00088608
811;SJV006010SJU;166;135;0.00002884
811;SJV006010SJU;167;135;0.00446224
811;SJV006010SJU;168;135;0.00023079
811;SJV006010SJU;169;135;0.00000479
811;SJV006010SJU;170;135;0.00010711
811;SJV006010SJU;171;135;0.00006831
811;SJV006010SJU;172;135;0.00011013
811;SJV006010SJU;173;135;0.00015972
811;SJV006010SJU;174;135;0.00236392
811;SJV006010SJU;179;135;0.00002686
811;SJV006010SJU;180;135;0.00051952
811;SJV006010SJU;181;135;0.00143939
811;SJV006010SJU;182;135;0.00027361
811;SJV006010SJU;183;135;0.00031720
811;SJV006010SJU;184;135;0.00063879
811;SJV006010SJU;185;135;0.00245513
811;SJV006010SJU;186;135;0.02421354
811;SJV006010SJU;187;135;0.04748674
811;SJV006010SJU;188;135;0.02790016
811;SJV006010SJU;189;135;0.01681222
811;SJV006010SJU;190;135;0.00402382
811;SJV006010SJU;191;135;0.00069799
811;SJV006010SJU;192;135;0.00078635
811;SJV006010SJU;193;135;0.00005303
811;SJV006010SJU;194;135;0.00027939
811;SJV006010SJU;195;135;0.00014535
811;SJV006010SJU;198;135;0.00015930
811;SJV006010SJU;199;135;0.00035602
811;SJV006010SJU;200;135;0.00030771
811;SJV006010SJU;201;135;0.00026307
811;SJV006010SJU;202;135;0.00024407
811;SJV006010SJU;203;135;0.00029548
811;SJV006010SJU;204;135;0.00000604
811;SJV006010SJU;164;136;0.00004953
811;SJV006010SJU;165;136;0.00068066
811;SJV006010SJU;166;136;0.00429910
811;SJV006010SJU;167;136;0.00096059
811;SJV006010SJU;168;136;0.00025875
811;SJV006010SJU;170;136;0.00007997
811;SJV006010SJU;173;136;0.00116937
811;SJV006010SJU;174;136;0.00038908
811;SJV006010SJU;179;136;0.00000094
811;SJV006010SJU;180;136;0.00007904
811;SJV006010SJU;181;136;0.00184907
811;SJV006010SJU;182;136;0.00177848
811;SJV006010SJU;183;136;0.00211429
811;SJV006010SJU;184;136;0.00292889
811;SJV006010SJU;185;136;0.01879045
811;SJV006010SJU;186;136;0.01776087
811;SJV006010SJU;187;136;0.03965590
811;SJV006010SJU;188;136;0.02838361
811;SJV006010SJU;189;136;0.01405837
811;SJV006010SJU;190;136;0.00440347
811;SJV006010SJU;191;136;0.00132777
811;SJV006010SJU;192;136;0.00078389
811;SJV006010SJU;193;136;0.00002593
811;SJV006010SJU;195;136;0.00004308
811;SJV006010SJU;196;136;0.00000069
811;SJV006010SJU;197;136;0.00000179
811;SJV006010SJU;198;136;0.00000069
811;SJV006010SJU;166;137;0.00478533
811;SJV006010SJU;167;137;0.00018301
811;SJV006010SJU;168;137;0.00052605
811;SJV006010SJU;169;137;0.00039771
811;SJV006010SJU;170;137;0.00050493
811;SJV006010SJU;171;137;0.00048202
811;SJV006010SJU;172;137;0.00039675
811;SJV006010SJU;173;137;0.00139011
811;SJV006010SJU;181;137;0.00024259
811;SJV006010SJU;184;137;0.00745417
811;SJV006010SJU;185;137;0.00911668
811;SJV006010SJU;186;137;0.01203624
811;SJV006010SJU;187;137;0.03715043
811;SJV006010SJU;188;137;0.02038901
811;SJV006010SJU;189;137;0.01552434
811;SJV006010SJU;190;137;0.00334171
811;SJV006010SJU;191;137;0.00029076
811;SJV006010SJU;192;137;0.00052574
811;SJV006010SJU;193;137;0.00000077
811;SJV006010SJU;194;137;0.00000178
811;SJV006010SJU;195;137;0.00000004
811;SJV006010SJU;196;137;0.00000524
811;SJV006010SJU;197;137;0.00000118
811;SJV006010SJU;165;138;0.00016532
811;SJV006010SJU;166;138;0.00017986
811;SJV006010SJU;168;138;0.00006849
811;SJV006010SJU;170;138;0.00002335
811;SJV006010SJU;171;138;0.00001191
811;SJV006010SJU;172;138;0.00067152
811;SJV006010SJU;173;138;0.00008058
811;SJV006010SJU;187;138;0.01461028
811;SJV006010SJU;188;138;0.00737414
811;SJV006010SJU;189;138;0.00372647
811;SJV006010SJU;190;138;0.00148537
811;SJV006010SJU;191;138;0.00058768
811;SJV006010SJU;192;138;0.00078455
811;SJV006010SJU;194;138;0.00000245
811;SJV006010SJU;196;138;0.00000068
811;SJV006010SJU;197;138;0.00000193
811;SJV006010SJU;198;138;0.00000116
811;SJV006010SJU;168;139;0.00007306
811;SJV006010SJU;170;139;0.00021020
811;SJV006010SJU;171;139;0.00023999
811;SJV006010SJU;172;139;0.00000388
811;SJV006010SJU;187;139;0.00115723
811;SJV006010SJU;188;139;0.00365825
811;SJV006010SJU;189;139;0.00162610
811;SJV006010SJU;192;139;0.00011285
811;SJV006010SJU;193;139;0.00041270
811;SJV006010SJU;194;139;0.00008939
811;SJV006010SJU;195;139;0.00000116
811;SJV006010SJU;197;139;0.00000084
811;SJV006010SJU;198;139;0.00000152
811;SJV006010SJU;168;140;0.00007364
811;SJV006010SJU;169;140;0.00023260
811;SJV006010SJU;170;140;0.00007025
811;SJV006010SJU;188;140;0.00179284
811;SJV006010SJU;189;140;0.00229718
811;SJV006010SJU;190;140;0.00141158
811;SJV006010SJU;193;140;0.00036930
811;SJV006010SJU;194;140;0.00000956
811;SJV006010SJU;195;140;0.00000032
811;SJV006010SJU;196;140;0.00000300
811;SJV006010SJU;197;140;0.00000103
811;SJV006010SJU;188;141;0.00124985
811;SJV006010SJU;189;141;0.00102273
811;SJV006010SJU;190;141;0.00177641
811;SJV006010SJU;191;141;0.00170589
811;SJV006010SJU;192;141;0.00036536
811;SJV006010SJU;193;141;0.00038177
811;SJV006010SJU;194;141;0.00037106
811;SJV006010SJU;195;141;0.00032956
811;SJV006010SJU;196;141;0.00003089
811;SJV006010SJU;191;142;0.00065167
811;SJV006010SJU;192;142;0.00118855
811;SJV006010SJU;193;142;0.00012581
811;SJV006010SJU;194;142;0.00003718
811;SJV006010SJU;195;142;0.00030507
811;SJV006010SJU;196;142;0.00009079
811;SJV006010SJU;202;142;0.00011629
811;SJV006010SJU;203;142;0.00009500
811;SJV006010SJU;204;142;0.00000253
811;SJV006010SJU;193;143;0.00131333
811;SJV006010SJU;194;143;0.00129809
811;SJV006010SJU;195;143;0.00115806
811;SJV006010SJU;196;143;0.00088407
811;SJV006010SJU;200;143;0.00004508
811;SJV006010SJU;201;143;0.00015313
811;SJV006010SJU;202;143;0.00000262
811;SJV006010SJU;193;144;0.00036612
811;SJV006010SJU;194;144;0.00002528
811;SJV006010SJU;196;144;0.00026283
811;SJV006010SJU;197;144;0.00118369
811;SJV006010SJU;198;144;0.00008045
811;SJV006010SJU;199;144;0.00008258
811;SJV006010SJU;200;144;0.00007566
811;SJV006010SJU;201;144;0.00001675
811;SJV006010SJU;193;145;0.00038107
811;SJV006010SJU;197;145;0.00036045
811;SJV006010SJU;193;146;0.00006452
811;SJV006010SJU;197;146;0.00016306
811;SJV006010SJU;198;146;0.00038414
811;SJV006010SJU;199;146;0.00038570
811;SJV006010SJU;200;146;0.00003925
811;SJV006010SJU;199;147;0.00022593
811;SJV006010SJU;200;147;0.00010053
811;SJV006010SJU;200;148;0.00047670
811;SJV006010SJU;200;149;0.00003501
811;GBV006002GBU;190;178;0.00336229
811;GBV006002GBU;181;181;0.00781362
811;GBV006002GBU;181;182;0.00127098
811;GBV006002GBU;182;182;0.00905823
811;GBV006002GBU;183;182;0.00891651
811;GBV006002GBU;183;183;0.00003612
811;GBV006002GBU;184;183;0.00895263
811;GBV006002GBU;185;183;0.00895263
811;GBV006002GBU;186;183;0.00196537
811;GBV006002GBU;186;184;0.01706631
811;GBV006002GBU;186;185;0.00240278
811;GBV006002GBU;187;185;0.01466353
811;GBV006002GBU;187;186;0.00861419
811;GBV006002GBU;188;186;0.00845213
811;GBV006002GBU;182;187;0.00763776
811;GBV006002GBU;187;187;0.08050469
811;GBV006002GBU;188;187;0.07376288
811;GBV006002GBU;189;187;0.06279752
811;GBV006002GBU;190;187;0.06279752
811;GBV006002GBU;191;187;0.00519834
811;GBV006002GBU;181;188;0.01530170
811;GBV006002GBU;182;188;0.00846920
811;GBV006002GBU;183;188;0.01298477
811;GBV006002GBU;186;188;0.05217002
811;GBV006002GBU;187;188;0.02615200
811;GBV006002GBU;183;189;0.01268452
811;GBV006002GBU;184;189;0.00327600
811;GBV006002GBU;186;189;0.07825103
811;GBV006002GBU;183;190;0.07705314
811;GBV006002GBU;184;190;0.13079945
811;GBV006002GBU;185;190;0.09381260
811;GBV006002GBU;186;190;0.06112960
811;GBV006002GBU;187;190;0.00620690
811;GBV006002GBU;187;191;0.02580658
811;GBV006002GBU;187;192;0.00167649
811;0SF0060210BA;129;164;0.01398005
811;0SF0060210BA;127;165;0.00002024
811;0SF0060210BA;129;165;0.07787430
811;0SF0060210BA;126;166;0.00008979
811;0SF0060210BA;127;166;0.00010594
811;0SF0060210BA;128;166;0.04742182
811;0SF0060210BA;129;166;0.02489549
811;0SF0060210BA;124;167;0.00004797
811;0SF0060210BA;125;167;0.00036568
811;0SF0060210BA;126;167;0.00003963
811;0SF0060210BA;127;167;0.00001412
811;0SF0060210BA;128;167;0.05998003
811;0SF0060210BA;129;167;0.01546504
811;0SF0060210BA;130;167;0.01651711
811;0SF0060210BA;124;168;0.00011094
811;0SF0060210BA;125;168;0.00033541
811;0SF0060210BA;126;168;0.00053066
811;0SF0060210BA;127;168;0.00007314
811;0SF0060210BA;128;168;0.05452840
811;0SF0060210BA;129;168;0.07388886
811;0SF0060210BA;130;168;0.00169350
811;0SF0060210BA;123;169;0.00001124
811;0SF0060210BA;124;169;0.00001440
811;0SF0060210BA;126;169;0.00031358
811;0SF0060210BA;127;169;0.00236249
811;0SF0060210BA;128;169;0.10403874
811;0SF0060210BA;129;169;0.00019561
811;0SF0060210BA;130;169;0.00000037
811;0SF0060210BA;123;170;0.00025471
811;0SF0060210BA;124;170;0.00021206
811;0SF0060210BA;125;170;0.00056484
811;0SF0060210BA;126;170;0.00034274
811;0SF0060210BA;127;170;0.00019739
811;0SF0060210BA;128;170;0.09649725
811;0SF0060210BA;122;171;0.00007551
811;0SF0060210BA;123;171;0.00097289
811;0SF0060210BA;124;171;0.00025139
811;0SF0060210BA;125;171;0.00041132
811;0SF0060210BA;127;171;0.00000224
811;0SF0060210BA;128;171;0.10951029
811;0SF0060210BA;121;172;0.00000407
811;0SF0060210BA;122;172;0.00002857
811;0SF0060210BA;124;172;0.00105505
811;0SF0060210BA;125;172;0.00005116
811;0SF0060210BA;126;172;0.00018313
811;0SF0060210BA;127;172;0.01100667
811;0SF0060210BA;128;172;0.09837663
811;0SF0060210BA;129;172;0.02303166
811;0SF0060210BA;121;173;0.00002740
811;0SF0060210BA;124;173;0.00051892
811;0SF0060210BA;125;173;0.00086438
811;0SF0060210BA;126;173;0.00006670
811;0SF0060210BA;127;173;0.07626268
811;0SF0060210BA;128;173;0.00813270
811;0SF0060210BA;120;174;0.00001316
811;0SF0060210BA;121;174;0.00001270
811;0SF0060210BA;123;174;0.00041191
811;0SF0060210BA;124;174;0.00053842
811;0SF0060210BA;125;174;0.00090202
811;0SF0060210BA;127;174;0.07195541
811;0SF0060210BA;120;175;0.00002268
811;0SF0060210BA;120;176;0.00056818
811;0SF0060210BA;121;176;0.00030285
811;0SF0060210BA;122;176;0.00024216
811;0SF0060210BA;120;177;0.00029213
811;0SF0060210BA;121;177;0.00060830
811;0SF0060210BA;121;178;0.00031320
811;0SV006011GLE;136;206;0.00536113
811;0SV006011GLE;136;207;0.07226174
811;0SV006011GLE;140;207;0.00115492
811;0SV006011GLE;136;208;0.07226174
811;0SV006011GLE;140;208;0.00510609
811;0SV006011GLE;141;208;0.00355245
811;0SV006011GLE;142;208;0.00576812
811;0SV006011GLE;143;208;0.01728738
811;0SV006011GLE;136;209;0.07309317
811;0SV006011GLE;140;209;0.00306128
811;0SV006011GLE;142;209;0.00122814
811;0SV006011GLE;134;210;0.00636041
811;0SV006011GLE;135;210;0.01490715
811;0SV006011GLE;136;210;0.09060646
811;0SV006011GLE;137;210;0.00593088
811;0SV006011GLE;138;210;0.00593088
811;0SV006011GLE;139;210;0.00468614
811;0SV006011GLE;140;210;0.00481229
811;0SV006011GLE;142;210;0.00161069
811;0SV006011GLE;136;211;0.07599611
811;0SV006011GLE;140;211;0.00302580
811;0SV006011GLE;136;212;0.07617559
811;0SV006011GLE;140;212;0.00301284
811;0SV006011GLE;136;213;0.07617559
811;0SV006011GLE;140;213;0.00275451
811;0SV006011GLE;136;214;0.07617559
811;0SV006011GLE;140;214;0.00079826
811;0SV006011GLE;136;215;0.07617559
811;0SV006011GLE;140;215;0.00067362
811;0SV006011GLE;136;216;0.07971763
811;0SV006011GLE;137;216;0.01343209
811;0SV006011GLE;138;216;0.01458807
811;0SV006011GLE;139;216;0.01458807
811;0SV006011GLE;140;216;0.01673397
811;0SV006011GLE;136;217;0.07016741
811;0SV006011GLE;136;218;0.00482818
811;NEP006018LAS;181;215;0.02463679
811;NEP006018LAS;181;216;0.03560050
811;NEP006018LAS;180;217;0.02331605
811;NEP006018LAS;181;217;0.03114114
811;NEP006018LAS;181;218;0.01469417
811;NEP006018LAS;181;219;0.01469417
811;NEP006018LAS;181;220;0.01469417
811;NEP006018LAS;181;221;0.01671650
811;NEP006018LAS;180;222;0.00623824
811;NEP006018LAS;181;222;0.01220329
811;NEP006018LAS;179;223;0.00050347
811;NEP006018LAS;180;223;0.01793806
811;NEP006018LAS;179;224;0.01844153
811;NEP006018LAS;178;225;0.01720581
811;NEP006018LAS;179;225;0.00523130
811;NEP006018LAS;176;226;0.00915232
811;NEP006018LAS;177;226;0.01736895
811;NEP006018LAS;178;226;0.00177810
811;NEP006018LAS;174;227;0.01141349
811;NEP006018LAS;175;227;0.01559921
811;NEP006018LAS;176;227;0.00820311
811;NEP006018LAS;173;228;0.01073536
811;NEP006018LAS;174;228;0.00844581
811;NEP006018LAS;172;229;0.00648745
811;NEP006018LAS;173;229;0.01249214
811;NEP006018LAS;181;229;0.00004100
811;NEP006018LAS;182;229;0.00007985
811;NEP006018LAS;171;230;0.00131542
811;NEP006018LAS;172;230;0.01765064
811;NEP006018LAS;180;230;0.00022216
811;NEP006018LAS;181;230;0.00019559
811;NEP006018LAS;160;231;0.01097934
811;NEP006018LAS;161;231;0.01827797
811;NEP006018LAS;162;231;0.00823624
811;NEP006018LAS;170;231;0.00095976
811;NEP006018LAS;171;231;0.01936533
811;NEP006018LAS;172;231;0.00024959
811;NEP006018LAS;173;231;0.00021017
811;NEP006018LAS;178;231;0.00076427
811;NEP006018LAS;179;231;0.00039145
811;NEP006018LAS;180;231;0.00001442
811;NEP006018LAS;161;232;0.00438694
811;NEP006018LAS;162;232;0.00916564
811;NEP006018LAS;163;232;0.01740188
811;NEP006018LAS;164;232;0.00759926
811;NEP006018LAS;170;232;0.01666325
811;NEP006018LAS;173;232;0.00042670
811;NEP006018LAS;176;232;0.00050841
811;NEP006018LAS;177;232;0.00108552
811;NEP006018LAS;178;232;0.00032124
811;NEP006018LAS;161;233;0.00210640
811;NEP006018LAS;164;233;0.00988010
811;NEP006018LAS;165;233;0.01750878
811;NEP006018LAS;166;233;0.00607489
811;NEP006018LAS;169;233;0.01284415
811;NEP006018LAS;170;233;0.00938807
811;NEP006018LAS;171;233;0.00019797
811;NEP006018LAS;172;233;0.00019797
811;NEP006018LAS;173;233;0.00011415
811;NEP006018LAS;174;233;0.00044260
811;NEP006018LAS;175;233;0.00115283
811;NEP006018LAS;176;233;0.00057711
811;NEP006018LAS;161;234;0.00210640
811;NEP006018LAS;165;234;0.01166193
811;NEP006018LAS;166;234;0.02519281
811;NEP006018LAS;167;234;0.02907752
811;NEP006018LAS;168;234;0.03857435
811;NEP006018LAS;169;234;0.01047729
811;NEP006018LAS;175;234;0.00011555
811;NEP006018LAS;176;234;0.00088644
811;NEP006018LAS;160;235;0.00204783
811;NEP006018LAS;161;235;0.00005857
811;NEP006018LAS;162;235;0.00327058
811;NEP006018LAS;163;235;0.01568506
811;NEP006018LAS;164;235;0.01303141
811;NEP006018LAS;165;235;0.00271938
811;NEP006018LAS;169;235;0.00228537
811;NEP006018LAS;170;235;0.00219492
811;NEP006018LAS;176;235;0.00100199
811;NEP006018LAS;160;236;0.00210640
811;NEP006018LAS;161;236;0.00277861
811;NEP006018LAS;162;236;0.01516579
811;NEP006018LAS;170;236;0.00452571
811;NEP006018LAS;171;236;0.00054106
811;NEP006018LAS;176;236;0.00100199
811;NEP006018LAS;160;237;0.00338352
811;NEP006018LAS;161;237;0.01639045
811;NEP006018LAS;169;237;0.00338933
811;NEP006018LAS;170;237;0.00217080
811;NEP006018LAS;176;237;0.00100199
811;NEP006018LAS;159;238;0.00181286
811;NEP006018LAS;160;238;0.01796112
811;NEP006018LAS;169;238;0.00468309
811;NEP006018LAS;176;238;0.00100199
811;NEP006018LAS;158;239;0.00342103
811;NEP006018LAS;159;239;0.01963768
811;NEP006018LAS;160;239;0.00022436
811;NEP006018LAS;168;239;0.00341863
811;NEP006018LAS;169;239;0.00084916
811;NEP006018LAS;176;239;0.00054855
811;NEP006018LAS;177;239;0.00045344
811;NEP006018LAS;155;240;0.04481566
811;NEP006018LAS;156;240;0.01503666
811;NEP006018LAS;157;240;0.01623296
811;NEP006018LAS;158;240;0.01479376
811;NEP006018LAS;168;240;0.00426779
811;NEP006018LAS;176;240;0.00051429
811;NEP006018LAS;177;240;0.00062473
811;NEP006018LAS;168;241;0.00426779
811;NEP006018LAS;175;241;0.00005324
811;NEP006018LAS;176;241;0.00116615
811;NEP006018LAS;168;242;0.00449859
811;NEP006018LAS;175;242;0.00121939
811;NEP006018LAS;167;243;0.00384697
811;NEP006018LAS;168;243;0.00076719
811;NEP006018LAS;174;243;0.00081157
811;NEP006018LAS;175;243;0.00040782
811;NEP006018LAS;167;244;0.00453011
811;NEP006018LAS;173;244;0.00035052
811;NEP006018LAS;174;244;0.00086887
811;NEP006018LAS;167;245;0.00431729
811;NEP006018LAS;173;245;0.00121939
811;NEP006018LAS;167;246;0.00431729
811;NEP006018LAS;172;246;0.00146997
811;NEP006018LAS;173;246;0.00011054
811;NEP006018LAS;166;247;0.00265854
811;NEP006018LAS;167;247;0.00054302
811;NEP006018LAS;172;247;0.00182372
811;NEP006018LAS;166;248;0.00072398
811;NEP006018LAS;172;248;0.00182372
811;NEP006018LAS;165;249;0.00064678
811;NEP006018LAS;166;249;0.00007721
811;NEP006018LAS;172;249;0.00182372
811;NEP006018LAS;164;250;0.00024880
811;NEP006018LAS;165;250;0.00047518
811;NEP006018LAS;172;250;0.00181982
811;NEP006018LAS;157;251;0.00166049
811;NEP006018LAS;164;251;0.00069113
811;NEP006018LAS;172;251;0.00181658
811;NEP006018LAS;155;252;0.00271758
811;NEP006018LAS;156;252;0.00307588
811;NEP006018LAS;157;252;0.00251194
811;NEP006018LAS;158;252;0.00200047
811;NEP006018LAS;163;252;0.00026701
811;NEP006018LAS;164;252;0.00039164
811;NEP006018LAS;172;252;0.00181658
811;NEP006018LAS;158;253;0.00278292
811;NEP006018LAS;159;253;0.00367698
811;NEP006018LAS;160;253;0.00084196
811;NEP006018LAS;163;253;0.00065865
811;NEP006018LAS;171;253;0.00058217
811;NEP006018LAS;172;253;0.00123441
811;NEP006018LAS;159;254;0.00039096
811;NEP006018LAS;160;254;0.00247323
811;NEP006018LAS;161;254;0.00374811
811;NEP006018LAS;162;254;0.00148683
811;NEP006018LAS;163;254;0.00065449
811;NEP006018LAS;171;254;0.00181656
811;NEP006018LAS;181;254;0.00014527
811;NEP006018LAS;182;254;0.00001503
811;NEP006018LAS;159;255;0.00004014
811;NEP006018LAS;162;255;0.00046395
811;NEP006018LAS;171;255;0.00007326
811;NEP006018LAS;181;255;0.00000972
811;0NC006008NCU;100;264;0.04869916
811;0NC006008NCU;100;265;0.05967119
811;0NC006008NCU;101;265;0.01243382
811;0NC006008NCU;100;266;0.06296638
811;0NC006008NCU;99;267;0.05644398
811;0NC006008NCU;100;267;0.00207951
811;0NC006008NCU;99;268;0.05384216
811;0NC006008NCU;99;269;0.05226295
811;0NC006008NCU;99;270;0.05658254
811;0NC006008NCU;97;271;0.00007043
811;0NC006008NCU;98;271;0.06684090
811;0NC006008NCU;99;271;0.00811150
811;0NC006008NCU;97;272;0.03598047
811;0NC006008NCU;98;272;0.04882813
811;0NC006008NCU;100;272;0.00119812
811;0NC006008NCU;98;273;0.06980734
811;0NC006008NCU;99;273;0.01652682
811;0NC006008NCU;100;273;0.02341917
811;0NC006008NCU;101;273;0.00827351
811;0NC006008NCU;98;274;0.00083228
811;0NC006008NCU;99;274;0.03469453
811;0NC006008NCU;101;274;0.01496614
811;0NC006008NCU;102;274;0.01662069
811;0NC006008NCU;103;274;0.01796683
811;0NC006008NCU;104;274;0.01806796
811;0NC006008NCU;105;274;0.00262537
811;0NC006008NCU;99;275;0.03994860
811;0NC006008NCU;105;275;0.01544259
811;0NC006008NCU;106;275;0.01706822
811;0NC006008NCU;98;276;0.01135211
811;0NC006008NCU;99;276;0.03255673
811;0NC006008NCU;106;276;0.01155193
811;0NC006008NCU;107;276;0.00637316
811;0NC006008NCU;97;277;0.02173620
811;0NC006008NCU;98;277;0.02159053
811;0NC006008NCU;107;277;0.01792509
811;0NC006008NCU;110;277;0.00003904
811;0NC006008NCU;111;277;0.00010186
811;0NC006008NCU;97;278;0.01098973
811;0NC006008NCU;107;278;0.00345989
811;0NC006008NCU;110;278;0.00005246
811;0SF0060280BA;131;173;0.01258368
811;0SF0060280BA;134;173;0.02727109
811;0SF0060280BA;135;173;0.04843849
811;0SF0060280BA;134;174;0.05915770
811;0SF0060280BA;135;174;0.00608823
811;0SF0060280BA;134;175;0.09421802
811;0SF0060280BA;135;175;0.02702215
811;0SF0060280BA;132;176;0.04432729
811;0SF0060280BA;133;176;0.10896048
811;0SF0060280BA;134;176;0.07135656
811;0SF0060280BA;132;177;0.00005598
811;0SF0060280BA;133;177;0.06811786
811;0SF0060280BA;134;177;0.02200685
811;0SF0060280BA;137;177;0.00000006
811;0SF0060280BA;132;178;0.00696049
811;0SF0060280BA;133;178;0.05785677
811;0SF0060280BA;134;178;0.00819138
811;0SF0060280BA;135;178;0.00001635
811;0SF0060280BA;136;178;0.00001589
811;0SF0060280BA;137;178;0.00003085
811;0SF0060280BA;131;179;0.00723627
811;0SF0060280BA;132;179;0.02812643
811;0SF0060280BA;133;179;0.01693283
811;0SF0060280BA;135;179;0.00028479
811;0SF0060280BA;136;179;0.00004281
811;0SF0060280BA;130;180;0.01275998
811;0SF0060280BA;131;180;0.01987185
811;0SF0060280BA;132;180;0.03406185
811;0SF0060280BA;135;180;0.00020372
811;0SF0060280BA;131;181;0.04045818
811;0SF0060280BA;132;181;0.00109392
811;0SF0060280BA;135;181;0.00011446
811;0SF0060280BA;136;181;0.00011424
811;0SF0060280BA;130;182;0.01535424
811;0SF0060280BA;131;182;0.00958143
811;0SF0060280BA;134;182;0.00003551
811;0SF0060280BA;135;182;0.00024659
811;0SF0060280BA;129;183;0.00858203
811;0SF0060280BA;130;183;0.02397268
811;0SF0060280BA;135;183;0.00032334
811;0SF0060280BA;137;183;0.03460446
811;0SF0060280BA;138;183;0.01452683
811;0SF0060280BA;128;184;0.01043806
811;0SF0060280BA;129;184;0.01577316
811;0SF0060280BA;130;184;0.00794812
811;0SF0060280BA;135;184;0.00022932
811;0SF0060280BA;126;185;0.00087137
811;0SF0060280BA;127;185;0.02344249
811;0SF0060280BA;128;185;0.00768737
811;0SF0060280BA;130;185;0.00029792
811;0SF0060280BA;131;185;0.00013338
811;0SF0060280BA;134;185;0.00022715
811;0SF0060280BA;135;185;0.00001797
811;0SF0060280BA;126;186;0.00011322
811;0SF0060280BA;131;186;0.00045531
811;0SF0060280BA;132;186;0.00038050
811;0SF0060280BA;133;186;0.00050707
811;0SF0060280BA;134;186;0.00016311
811;0SF0060280BA;132;187;0.00010991
811;SCC006040SLO;194;84;0.00002291
811;SCC006040SLO;192;85;0.00049435
811;SCC006040SLO;193;85;0.00073755
811;SCC006040SLO;194;85;0.00058068
811;SCC006040SLO;170;86;0.00008659
811;SCC006040SLO;174;86;0.00009342
811;SCC006040SLO;194;86;0.00073979
811;SCC006040SLO;170;87;0.00285863
811;SCC006040SLO;171;87;0.00072725
811;SCC006040SLO;172;87;0.00375740
811;SCC006040SLO;173;87;0.02101544
811;SCC006040SLO;174;87;0.00094123
811;SCC006040SLO;175;87;0.00048735
811;SCC006040SLO;193;87;0.00000071
811;SCC006040SLO;194;87;0.00004346
811;SCC006040SLO;169;88;0.00009321
811;SCC006040SLO;170;88;0.00377159
811;SCC006040SLO;171;88;0.00369882
811;SCC006040SLO;172;88;0.03243649
811;SCC006040SLO;173;88;0.00007154
811;SCC006040SLO;175;88;0.00076611
811;SCC006040SLO;176;88;0.00106634
811;SCC006040SLO;177;88;0.00080566
811;SCC006040SLO;178;88;0.00010583
811;SCC006040SLO;179;88;0.00002862
811;SCC006040SLO;185;88;0.00011162
811;SCC006040SLO;192;88;0.00001288
811;SCC006040SLO;193;88;0.00004598
811;SCC006040SLO;169;89;0.00100152
811;SCC006040SLO;170;89;0.00478500
811;SCC006040SLO;171;89;0.02443273
811;SCC006040SLO;172;89;0.00165805
811;SCC006040SLO;175;89;0.00000019
811;SCC006040SLO;176;89;0.00010674
811;SCC006040SLO;177;89;0.00004481
811;SCC006040SLO;178;89;0.00000066
811;SCC006040SLO;179;89;0.00004096
811;SCC006040SLO;182;89;0.00013932
811;SCC006040SLO;183;89;0.00027921
811;SCC006040SLO;184;89;0.00024812
811;SCC006040SLO;185;89;0.00009103
811;SCC006040SLO;190;89;0.00003211
811;SCC006040SLO;191;89;0.00003820
811;SCC006040SLO;192;89;0.00002840
811;SCC006040SLO;169;90;0.02174513
811;SCC006040SLO;170;90;0.03059312
811;SCC006040SLO;171;90;0.00498406
811;SCC006040SLO;172;90;0.00003452
811;SCC006040SLO;173;90;0.00001339
811;SCC006040SLO;174;90;0.00000283
811;SCC006040SLO;175;90;0.00000085
811;SCC006040SLO;176;90;0.00000069
811;SCC006040SLO;180;90;0.00006616
811;SCC006040SLO;181;90;0.00020973
811;SCC006040SLO;182;90;0.00012028
811;SCC006040SLO;183;90;0.00002387
811;SCC006040SLO;188;90;0.00001314
811;SCC006040SLO;189;90;0.00004865
811;SCC006040SLO;190;90;0.00000878
811;SCC006040SLO;167;91;0.00185947
811;SCC006040SLO;168;91;0.03608133
811;SCC006040SLO;169;91;0.03619644
811;SCC006040SLO;170;91;0.00356215
811;SCC006040SLO;171;91;0.00075446
811;SCC006040SLO;172;91;0.00021814
811;SCC006040SLO;173;91;0.00007446
811;SCC006040SLO;174;91;0.00000606
811;SCC006040SLO;175;91;0.00000821
811;SCC006040SLO;183;91;0.00002550
811;SCC006040SLO;187;91;0.00003556
811;SCC006040SLO;188;91;0.00004251
811;SCC006040SLO;164;92;0.00085423
811;SCC006040SLO;165;92;0.00198139
811;SCC006040SLO;166;92;0.00331087
811;SCC006040SLO;167;92;0.03604222
811;SCC006040SLO;168;92;0.00011055
811;SCC006040SLO;169;92;0.00259849
811;SCC006040SLO;170;92;0.00178274
811;SCC006040SLO;171;92;0.00062007
811;SCC006040SLO;172;92;0.00028040
811;SCC006040SLO;173;92;0.00013877
811;SCC006040SLO;175;92;0.00000166
811;SCC006040SLO;176;92;0.00000799
811;SCC006040SLO;177;92;0.00000906
811;SCC006040SLO;178;92;0.00000359
811;SCC006040SLO;183;92;0.00000961
811;SCC006040SLO;184;92;0.00001053
811;SCC006040SLO;186;92;0.00004276
811;SCC006040SLO;187;92;0.00000891
811;SCC006040SLO;188;92;0.00000347
811;SCC006040SLO;163;93;0.00020688
811;SCC006040SLO;164;93;0.00094188
811;SCC006040SLO;166;93;0.00012833
811;SCC006040SLO;167;93;0.03079244
811;SCC006040SLO;168;93;0.00029018
811;SCC006040SLO;169;93;0.00564814
811;SCC006040SLO;170;93;0.00046482
811;SCC006040SLO;173;93;0.00006131
811;SCC006040SLO;174;93;0.00019514
811;SCC006040SLO;177;93;0.00000026
811;SCC006040SLO;178;93;0.00000073
811;SCC006040SLO;184;93;0.00001825
811;SCC006040SLO;185;93;0.00004183
811;SCC006040SLO;186;93;0.00002155
811;SCC006040SLO;163;94;0.00039465
811;SCC006040SLO;165;94;0.00000208
811;SCC006040SLO;166;94;0.00015324
811;SCC006040SLO;167;94;0.01926275
811;SCC006040SLO;168;94;0.04622314
811;SCC006040SLO;169;94;0.00228762
811;SCC006040SLO;170;94;0.00002092
811;SCC006040SLO;174;94;0.00007173
811;SCC006040SLO;176;94;0.00000042
811;SCC006040SLO;177;94;0.00000078
811;SCC006040SLO;184;94;0.00005551
811;SCC006040SLO;185;94;0.00002028
811;SCC006040SLO;163;95;0.00038087
811;SCC006040SLO;164;95;0.00080521
811;SCC006040SLO;165;95;0.00406163
811;SCC006040SLO;166;95;0.00426728
811;SCC006040SLO;167;95;0.00489485
811;SCC006040SLO;168;95;0.06878361
811;SCC006040SLO;169;95;0.01103764
811;SCC006040SLO;171;95;0.00000010
811;SCC006040SLO;172;95;0.00001900
811;SCC006040SLO;173;95;0.00001717
811;SCC006040SLO;174;95;0.00003293
811;SCC006040SLO;175;95;0.00000232
811;SCC006040SLO;176;95;0.00000070
811;SCC006040SLO;183;95;0.00003263
811;SCC006040SLO;184;95;0.00004252
811;SCC006040SLO;185;95;0.00000087
811;SCC006040SLO;164;96;0.00678295
811;SCC006040SLO;165;96;0.00001772
811;SCC006040SLO;166;96;0.00870539
811;SCC006040SLO;167;96;0.01080166
811;SCC006040SLO;168;96;0.00001222
811;SCC006040SLO;169;96;0.02453986
811;SCC006040SLO;171;96;0.00001799
811;SCC006040SLO;175;96;0.00001017
811;SCC006040SLO;176;96;0.00000106
811;SCC006040SLO;177;96;0.00000327
811;SCC006040SLO;178;96;0.00002828
811;SCC006040SLO;182;96;0.00000390
811;SCC006040SLO;183;96;0.00037382
811;SCC006040SLO;184;96;0.00015489
811;SCC006040SLO;185;96;0.00004651
811;SCC006040SLO;186;96;0.00004420
811;SCC006040SLO;164;97;0.01277756
811;SCC006040SLO;165;97;0.00755275
811;SCC006040SLO;166;97;0.00060580
811;SCC006040SLO;168;97;0.01744894
811;SCC006040SLO;169;97;0.00883703
811;SCC006040SLO;170;97;0.00023330
811;SCC006040SLO;171;97;0.00026060
811;SCC006040SLO;172;97;0.00028204
811;SCC006040SLO;173;97;0.00009759
811;SCC006040SLO;175;97;0.00001306
811;SCC006040SLO;176;97;0.00003822
811;SCC006040SLO;177;97;0.00004304
811;SCC006040SLO;180;97;0.00020810
811;SCC006040SLO;181;97;0.00029148
811;SCC006040SLO;182;97;0.00039926
811;SCC006040SLO;183;97;0.00005427
811;SCC006040SLO;184;97;0.00003839
811;SCC006040SLO;185;97;0.00000033
811;SCC006040SLO;186;97;0.00001161
811;SCC006040SLO;187;97;0.00000143
811;SCC006040SLO;163;98;0.00380017
811;SCC006040SLO;164;98;0.00289112
811;SCC006040SLO;165;98;0.00010560
811;SCC006040SLO;169;98;0.02478945
811;SCC006040SLO;170;98;0.00130733
811;SCC006040SLO;172;98;0.00001461
811;SCC006040SLO;173;98;0.00001520
811;SCC006040SLO;176;98;0.00031576
811;SCC006040SLO;177;98;0.00028455
811;SCC006040SLO;178;98;0.00030568
811;SCC006040SLO;179;98;0.00033426
811;SCC006040SLO;180;98;0.00011918
811;SCC006040SLO;181;98;0.00005013
811;SCC006040SLO;183;98;0.00000073
811;SCC006040SLO;161;99;0.00007686
811;SCC006040SLO;162;99;0.00172897
811;SCC006040SLO;163;99;0.00421765
811;SCC006040SLO;164;99;0.00011620
811;SCC006040SLO;165;99;0.00012170
811;SCC006040SLO;166;99;0.00021301
811;SCC006040SLO;167;99;0.00039081
811;SCC006040SLO;168;99;0.01552136
811;SCC006040SLO;169;99;0.00890181
811;SCC006040SLO;170;99;0.00034451
811;SCC006040SLO;171;99;0.00104053
811;SCC006040SLO;172;99;0.00083524
811;SCC006040SLO;174;99;0.00011372
811;SCC006040SLO;175;99;0.00009496
811;SCC006040SLO;176;99;0.00053721
811;SCC006040SLO;177;99;0.00010447
811;SCC006040SLO;178;99;0.00013128
811;SCC006040SLO;181;99;0.00005051
811;SCC006040SLO;182;99;0.00002649
811;SCC006040SLO;183;99;0.00000024
811;SCC006040SLO;160;100;0.00047729
811;SCC006040SLO;161;100;0.00198114
811;SCC006040SLO;162;100;0.00006093
811;SCC006040SLO;163;100;0.00006284
811;SCC006040SLO;164;100;0.00009846
811;SCC006040SLO;165;100;0.00001774
811;SCC006040SLO;166;100;0.00029473
811;SCC006040SLO;167;100;0.00226842
811;SCC006040SLO;168;100;0.03927070
811;SCC006040SLO;169;100;0.00041411
811;SCC006040SLO;170;100;0.00009498
811;SCC006040SLO;171;100;0.00010535
811;SCC006040SLO;172;100;0.00015221
811;SCC006040SLO;173;100;0.00048364
811;SCC006040SLO;174;100;0.00042884
811;SCC006040SLO;175;100;0.00043588
811;SCC006040SLO;178;100;0.00003067
811;SCC006040SLO;181;100;0.00008722
811;SCC006040SLO;182;100;0.00004054
811;SCC006040SLO;159;101;0.00028971
811;SCC006040SLO;160;101;0.00201083
811;SCC006040SLO;162;101;0.00000505
811;SCC006040SLO;164;101;0.00012423
811;SCC006040SLO;165;101;0.00000818
811;SCC006040SLO;166;101;0.00016310
811;SCC006040SLO;167;101;0.02438897
811;SCC006040SLO;168;101;0.00742320
811;SCC006040SLO;169;101;0.00119173
811;SCC006040SLO;170;101;0.00065193
811;SCC006040SLO;171;101;0.00042209
811;SCC006040SLO;172;101;0.00050342
811;SCC006040SLO;173;101;0.00001639
811;SCC006040SLO;175;101;0.00005667
811;SCC006040SLO;178;101;0.00002381
811;SCC006040SLO;181;101;0.00003773
811;SCC006040SLO;158;102;0.00140027
811;SCC006040SLO;159;102;0.00460653
811;SCC006040SLO;160;102;0.00076670
811;SCC006040SLO;161;102;0.00077213
811;SCC006040SLO;162;102;0.00074025
811;SCC006040SLO;163;102;0.00075138
811;SCC006040SLO;164;102;0.00092924
811;SCC006040SLO;165;102;0.00146887
811;SCC006040SLO;166;102;0.00220271
811;SCC006040SLO;167;102;0.02526649
811;SCC006040SLO;168;102;0.00036340
811;SCC006040SLO;169;102;0.00154667
811;SCC006040SLO;170;102;0.00043143
811;SCC006040SLO;171;102;0.00116484
811;SCC006040SLO;172;102;0.00013780
811;SCC006040SLO;175;102;0.00005456
811;SCC006040SLO;177;102;0.00000561
811;SCC006040SLO;178;102;0.00000288
811;SCC006040SLO;180;102;0.00002444
811;SCC006040SLO;181;102;0.00001462
811;SCC006040SLO;158;103;0.00402837
811;SCC006040SLO;159;103;0.00041392
811;SCC006040SLO;160;103;0.00021266
811;SCC006040SLO;161;103;0.00004175
811;SCC006040SLO;162;103;0.00010361
811;SCC006040SLO;164;103;0.00034977
811;SCC006040SLO;165;103;0.00052160
811;SCC006040SLO;166;103;0.00041677
811;SCC006040SLO;167;103;0.02224958
811;SCC006040SLO;168;103;0.00134907
811;SCC006040SLO;169;103;0.00112954
811;SCC006040SLO;170;103;0.00187924
811;SCC006040SLO;171;103;0.00008270
811;SCC006040SLO;172;103;0.00010861
811;SCC006040SLO;173;103;0.00005737
811;SCC006040SLO;175;103;0.00006174
811;SCC006040SLO;176;103;0.00000696
811;SCC006040SLO;177;103;0.00000148
811;SCC006040SLO;179;103;0.00001649
811;SCC006040SLO;180;103;0.00002424
811;SCC006040SLO;157;104;0.00185405
811;SCC006040SLO;158;104;0.00019212
811;SCC006040SLO;159;104;0.00001406
811;SCC006040SLO;162;104;0.00003651
811;SCC006040SLO;163;104;0.00004435
811;SCC006040SLO;164;104;0.00059827
811;SCC006040SLO;165;104;0.00000007
811;SCC006040SLO;166;104;0.00003901
811;SCC006040SLO;167;104;0.02526285
811;SCC006040SLO;168;104;0.01355276
811;SCC006040SLO;169;104;0.00041492
811;SCC006040SLO;170;104;0.00102800
811;SCC006040SLO;171;104;0.00015584
811;SCC006040SLO;173;104;0.00000327
811;SCC006040SLO;174;104;0.00012423
811;SCC006040SLO;175;104;0.00004105
811;SCC006040SLO;178;104;0.00000980
811;SCC006040SLO;179;104;0.00001449
811;SCC006040SLO;154;105;0.00041011
811;SCC006040SLO;155;105;0.00140768
811;SCC006040SLO;156;105;0.00142785
811;SCC006040SLO;157;105;0.00036552
811;SCC006040SLO;159;105;0.00000669
811;SCC006040SLO;160;105;0.00001250
811;SCC006040SLO;161;105;0.00001469
811;SCC006040SLO;162;105;0.00041761
811;SCC006040SLO;163;105;0.00063171
811;SCC006040SLO;164;105;0.00023732
811;SCC006040SLO;165;105;0.00006428
811;SCC006040SLO;166;105;0.00081900
811;SCC006040SLO;167;105;0.01504441
811;SCC006040SLO;168;105;0.01130428
811;SCC006040SLO;169;105;0.00822236
811;SCC006040SLO;170;105;0.00573390
811;SCC006040SLO;171;105;0.00529949
811;SCC006040SLO;172;105;0.00479523
811;SCC006040SLO;173;105;0.00469960
811;SCC006040SLO;174;105;0.00480439
811;SCC006040SLO;175;105;0.00229905
811;SCC006040SLO;177;105;0.00001413
811;SCC006040SLO;178;105;0.00002901
811;SCC006040SLO;154;106;0.00146872
811;SCC006040SLO;156;106;0.00006497
811;SCC006040SLO;157;106;0.00000837
811;SCC006040SLO;161;106;0.00040032
811;SCC006040SLO;162;106;0.00034647
811;SCC006040SLO;164;106;0.00109209
811;SCC006040SLO;165;106;0.00267853
811;SCC006040SLO;166;106;0.00226855
811;SCC006040SLO;167;106;0.00701709
811;SCC006040SLO;168;106;0.00025526
811;SCC006040SLO;169;106;0.00054921
811;SCC006040SLO;170;106;0.00005577
811;SCC006040SLO;171;106;0.00001742
811;SCC006040SLO;172;106;0.00023800
811;SCC006040SLO;175;106;0.00455027
811;SCC006040SLO;176;106;0.00135098
811;SCC006040SLO;177;106;0.00003107
811;SCC006040SLO;153;107;0.00012790
811;SCC006040SLO;154;107;0.00107066
811;SCC006040SLO;160;107;0.00006979
811;SCC006040SLO;161;107;0.00016034
811;SCC006040SLO;163;107;0.00208456
811;SCC006040SLO;164;107;0.00152443
811;SCC006040SLO;166;107;0.00000019
811;SCC006040SLO;167;107;0.00709477
811;SCC006040SLO;168;107;0.00010184
811;SCC006040SLO;169;107;0.00015599
811;SCC006040SLO;170;107;0.00028371
811;SCC006040SLO;172;107;0.00001579
811;SCC006040SLO;176;107;0.00509309
811;SCC006040SLO;177;107;0.00235894
811;SCC006040SLO;178;107;0.00193655
811;SCC006040SLO;153;108;0.00108281
811;SCC006040SLO;154;108;0.00031711
811;SCC006040SLO;160;108;0.00002855
811;SCC006040SLO;161;108;0.00011132
811;SCC006040SLO;162;108;0.00024412
811;SCC006040SLO;163;108;0.00130034
811;SCC006040SLO;166;108;0.00032399
811;SCC006040SLO;167;108;0.00888775
811;SCC006040SLO;168;108;0.00000611
811;SCC006040SLO;169;108;0.00009477
811;SCC006040SLO;176;108;0.00000089
811;SCC006040SLO;177;108;0.00295421
811;SCC006040SLO;178;108;0.00209948
811;SCC006040SLO;153;109;0.00062325
811;SCC006040SLO;161;109;0.00012197
811;SCC006040SLO;162;109;0.00029349
811;SCC006040SLO;163;109;0.00014792
811;SCC006040SLO;166;109;0.00121527
811;0SF0060410BA;136;148;0.00003985
811;0SF0060410BA;130;149;0.00000386
811;0SF0060410BA;131;149;0.00000112
811;0SF0060410BA;130;150;0.00000312
811;0SF0060410BA;133;150;0.00014676
811;0SF0060410BA;134;150;0.00003475
811;0SF0060410BA;135;150;0.00003789
811;0SF0060410BA;136;150;0.00000124
811;0SF0060410BA;130;151;0.00000028
811;0SF0060410BA;131;151;0.00000321
811;0SF0060410BA;133;151;0.00041461
811;0SF0060410BA;135;151;0.00000452
811;0SF0060410BA;130;152;0.00000210
811;0SF0060410BA;131;152;0.00000115
811;0SF0060410BA;133;152;0.00027508
811;0SF0060410BA;134;152;0.00013876
811;0SF0060410BA;130;153;0.00000343
811;0SF0060410BA;132;153;0.00000006
811;0SF0060410BA;133;153;0.00005386
811;0SF0060410BA;134;153;0.01020868
811;0SF0060410BA;135;153;0.01855453
811;0SF0060410BA;130;154;0.00057819
811;0SF0060410BA;132;154;0.00000117
811;0SF0060410BA;133;154;0.01807818
811;0SF0060410BA;134;154;0.02326425
811;0SF0060410BA;135;154;0.00364131
811;0SF0060410BA;136;154;0.04420578
811;0SF0060410BA;129;155;0.00012901
811;0SF0060410BA;130;155;0.00260115
811;0SF0060410BA;131;155;0.00342545
811;0SF0060410BA;132;155;0.01073025
811;0SF0060410BA;133;155;0.02293318
811;0SF0060410BA;134;155;0.03997188
811;0SF0060410BA;135;155;0.08163651
811;0SF0060410BA;136;155;0.04969979
811;0SF0060410BA;137;155;0.00095926
811;0SF0060410BA;128;156;0.00027322
811;0SF0060410BA;129;156;0.00051170
811;0SF0060410BA;131;156;0.00332510
811;0SF0060410BA;132;156;0.03305680
811;0SF0060410BA;133;156;0.03202450
811;0SF0060410BA;134;156;0.06790527
811;0SF0060410BA;135;156;0.00060888
811;0SF0060410BA;137;156;0.00043963
811;0SF0060410BA;128;157;0.00048714
811;0SF0060410BA;131;157;0.02910527
811;0SF0060410BA;132;157;0.00765219
811;0SF0060410BA;133;157;0.08572876
811;0SF0060410BA;134;157;0.00361802
811;0SF0060410BA;128;158;0.00042674
811;0SF0060410BA;129;158;0.00047765
811;0SF0060410BA;130;158;0.01651784
811;0SF0060410BA;131;158;0.05743368
811;0SF0060410BA;132;158;0.06529681
811;0SF0060410BA;133;158;0.00001906
811;0SF0060410BA;134;158;0.01115041
811;0SF0060410BA;135;158;0.00717442
811;0SF0060410BA;129;159;0.00196294
811;0SF0060410BA;130;159;0.03509815
811;0SF0060410BA;131;159;0.06480829
811;0SF0060410BA;129;160;0.01275769
811;0SF0060410BA;130;160;0.00660412
811;0SF0060410BA;131;160;0.06793197
811;0SF0060410BA;129;161;0.01161051
811;0SF0060410BA;130;161;0.00010677
811;0SF0060410BA;131;161;0.04410224
811;0MC006029NSI;159;196;0.01014117
811;0MC006029NSI;159;197;0.02443090
811;0MC006029NSI;160;197;0.00121210
811;0MC006029NSI;161;197;0.00061398
811;0MC006029NSI;159;198;0.01696713
811;0MC006029NSI;161;198;0.00070864
811;0MC006029NSI;159;199;0.01735603
811;0MC006029NSI;160;199;0.00165921
811;0MC006029NSI;161;199;0.00283733
811;0MC006029NSI;162;199;0.00229863
811;0MC006029NSI;157;200;0.00045624
811;0MC006029NSI;158;200;0.00109015
811;0MC006029NSI;160;200;0.02435248
811;0MC006029NSI;161;200;0.00010223
811;0MC006029NSI;162;200;0.00651032
811;0MC006029NSI;155;201;0.00674517
811;0MC006029NSI;156;201;0.01280880
811;0MC006029NSI;157;201;0.01401181
811;0MC006029NSI;158;201;0.01249322
811;0MC006029NSI;159;201;0.01249435
811;0MC006029NSI;160;201;0.02917869
811;0MC006029NSI;161;201;0.00735791
811;0MC006029NSI;162;201;0.00193202
811;0MC006029NSI;158;202;0.00194552
811;0MC006029NSI;159;202;0.00258063
811;0MC006029NSI;160;202;0.03378410
811;0MC006029NSI;161;202;0.00541673
811;0MC006029NSI;159;203;0.00440927
811;0MC006029NSI;160;203;0.00539488
811;0MC006029NSI;161;203;0.01632818
811;0MC006029NSI;162;203;0.00300336
811;0MC006029NSI;159;204;0.00363335
811;0MC006029NSI;162;204;0.00068500
811;0MC006029NSI;163;204;0.00426947
811;0MC006029NSI;164;204;0.00356923
811;0MC006029NSI;165;204;0.00355022
811;0MC006029NSI;166;204;0.00415836
811;0MC006029NSI;167;204;0.00474088
811;0MC006029NSI;168;204;0.00170430
811;0MC006029NSI;169;204;0.02787111
811;0MC006029NSI;170;204;0.03183517
811;0MC006029NSI;173;204;0.03300845
811;0MC006029NSI;174;204;0.03117639
811;0MC006029NSI;177;204;0.03395960
811;0MC006029NSI;178;204;0.03116722
811;0MC006029NSI;179;204;0.00088762
811;0MC006029NSI;158;205;0.00025035
811;0MC006029NSI;159;205;0.00148822
811;0MC006029NSI;170;205;0.01949509
811;0MC006029NSI;174;205;0.03242465
811;0MC006029NSI;175;205;0.05813194
811;0MC006029NSI;176;205;0.05684352
811;0MC006029NSI;177;205;0.02285719
811;0MC006029NSI;178;205;0.05135557
811;0MC006029NSI;179;205;0.04224417
811;0MC006029NSI;159;206;0.00208300
811;0MC006029NSI;178;206;0.01327138
811;0MC006029NSI;179;206;0.00818512
811;0MC006029NSI;180;206;0.04920433
811;0MC006029NSI;181;206;0.06966559
811;0MC006029NSI;178;207;0.01276562
811;0MC006029NSI;181;207;0.04785974
811;0MC006029NSI;177;208;0.00116835
811;0MC006029NSI;178;208;0.00137709
811;0MC006029NSI;181;208;0.00064054
811;0MC006029NSI;182;208;0.01185100
811;SJV006039SJU;153;158;0.00950595
811;SJV006039SJU;154;158;0.00128588
811;SJV006039SJU;149;159;0.00023528
811;SJV006039SJU;150;159;0.00059178
811;SJV006039SJU;151;159;0.00100581
811;SJV006039SJU;152;159;0.01125172
811;SJV006039SJU;153;159;0.00619051
811;SJV006039SJU;154;159;0.00363071
811;SJV006039SJU;155;159;0.00170988
811;SJV006039SJU;150;160;0.00391688
811;SJV006039SJU;151;160;0.01191592
811;SJV006039SJU;152;160;0.00204328
811;SJV006039SJU;153;160;0.00392098
811;SJV006039SJU;154;160;0.00123412
811;SJV006039SJU;155;160;0.00119192
811;SJV006039SJU;156;160;0.00012461
811;SJV006039SJU;149;161;0.00701124
811;SJV006039SJU;150;161;0.00892384
811;SJV006039SJU;151;161;0.00550488
811;SJV006039SJU;152;161;0.00286591
811;SJV006039SJU;153;161;0.00346737
811;SJV006039SJU;154;161;0.00071985
811;SJV006039SJU;155;161;0.00011670
811;SJV006039SJU;156;161;0.00045586
811;SJV006039SJU;157;161;0.00000366
811;SJV006039SJU;158;161;0.00233815
811;SJV006039SJU;149;162;0.01721991
811;SJV006039SJU;150;162;0.02614543
811;SJV006039SJU;151;162;0.01992153
811;SJV006039SJU;152;162;0.01839024
811;SJV006039SJU;153;162;0.02061240
811;SJV006039SJU;154;162;0.00811448
811;SJV006039SJU;155;162;0.00030757
811;SJV006039SJU;156;162;0.00091037
811;SJV006039SJU;157;162;0.01243247
811;SJV006039SJU;158;162;0.02396480
811;SJV006039SJU;159;162;0.00122696
811;SJV006039SJU;160;162;0.00100450
811;SJV006039SJU;161;162;0.00143683
811;SJV006039SJU;162;162;0.00182173
811;SJV006039SJU;149;163;0.00206666
811;SJV006039SJU;150;163;0.00074577
811;SJV006039SJU;151;163;0.00157067
811;SJV006039SJU;152;163;0.00020999
811;SJV006039SJU;153;163;0.00064450
811;SJV006039SJU;154;163;0.02377022
811;SJV006039SJU;155;163;0.01141944
811;SJV006039SJU;156;163;0.01119173
811;SJV006039SJU;157;163;0.02340945
811;SJV006039SJU;158;163;0.00374358
811;SJV006039SJU;159;163;0.00321018
811;SJV006039SJU;160;163;0.00293492
811;SJV006039SJU;161;163;0.00525805
811;SJV006039SJU;162;163;0.00127958
811;SJV006039SJU;151;164;0.00121239
811;SJV006039SJU;153;164;0.00038393
811;SJV006039SJU;154;164;0.00307755
811;SJV006039SJU;155;164;0.01837918
811;SJV006039SJU;156;164;0.02049753
811;SJV006039SJU;157;164;0.00182344
811;SJV006039SJU;158;164;0.00240653
811;SJV006039SJU;159;164;0.00005524
811;SJV006039SJU;160;164;0.00082871
811;SJV006039SJU;161;164;0.00254010
811;SJV006039SJU;162;164;0.00063143
811;SJV006039SJU;151;165;0.00116621
811;SJV006039SJU;152;165;0.00016615
811;SJV006039SJU;153;165;0.00015774
811;SJV006039SJU;154;165;0.00016397
811;SJV006039SJU;155;165;0.02010647
811;SJV006039SJU;156;165;0.01705891
811;SJV006039SJU;157;165;0.00102303
811;SJV006039SJU;158;165;0.00089331
811;SJV006039SJU;159;165;0.00135579
811;SJV006039SJU;160;165;0.00164989
811;SJV006039SJU;161;165;0.00125612
811;SJV006039SJU;162;165;0.00095251
811;SJV006039SJU;149;166;0.00195238
811;SJV006039SJU;150;166;0.00204399
811;SJV006039SJU;151;166;0.00279530
811;SJV006039SJU;152;166;0.00005447
811;SJV006039SJU;153;166;0.00001733
811;SJV006039SJU;154;166;0.00072947
811;SJV006039SJU;155;166;0.02585543
811;SJV006039SJU;156;166;0.01729186
811;SJV006039SJU;157;166;0.00233192
811;SJV006039SJU;158;166;0.00272747
811;SJV006039SJU;159;166;0.00076608
811;SJV006039SJU;160;166;0.00020623
811;SJV006039SJU;161;166;0.00105297
811;SJV006039SJU;162;166;0.00095024
811;SJV006039SJU;150;167;0.00001648
811;SJV006039SJU;151;167;0.00032591
811;SJV006039SJU;152;167;0.00208486
811;SJV006039SJU;153;167;0.00206692
811;SJV006039SJU;154;167;0.02137469
811;SJV006039SJU;155;167;0.02703200
811;SJV006039SJU;156;167;0.02189068
811;SJV006039SJU;157;167;0.00234668
811;SJV006039SJU;158;167;0.00230385
811;SJV006039SJU;159;167;0.00168722
811;SJV006039SJU;160;167;0.00229015
811;SJV006039SJU;161;167;0.00269721
811;SJV006039SJU;162;167;0.00242930
811;SJV006039SJU;153;168;0.00443369
811;SJV006039SJU;154;168;0.03187897
811;SJV006039SJU;155;168;0.02343631
811;SJV006039SJU;156;168;0.01464716
811;SJV006039SJU;157;168;0.00194872
811;SJV006039SJU;158;168;0.00148788
811;SJV006039SJU;159;168;0.00074730
811;SJV006039SJU;160;168;0.00121972
811;SJV006039SJU;161;168;0.00065923
811;SJV006039SJU;162;168;0.00044010
811;SJV006039SJU;153;169;0.01568535
811;SJV006039SJU;154;169;0.01517029
811;SJV006039SJU;155;169;0.02596447
811;SJV006039SJU;156;169;0.00297994
811;SJV006039SJU;157;169;0.00126893
811;SJV006039SJU;158;169;0.00219384
811;SJV006039SJU;159;169;0.00103885
811;SJV006039SJU;160;169;0.00071233
811;SJV006039SJU;161;169;0.00008967
811;SJV006039SJU;162;169;0.00002933
811;SJV006039SJU;150;170;0.00000032
811;SJV006039SJU;151;170;0.00000450
811;SJV006039SJU;152;170;0.00011674
811;SJV006039SJU;153;170;0.01475701
811;SJV006039SJU;154;170;0.00784987
811;SJV006039SJU;155;170;0.01819685
811;SJV006039SJU;156;170;0.00162819
811;SJV006039SJU;157;170;0.00192075
811;SJV006039SJU;158;170;0.00135089
811;SJV006039SJU;159;170;0.00092848
811;SJV006039SJU;160;170;0.00070456
811;SJV006039SJU;161;170;0.00038353
811;SJV006039SJU;162;170;0.00003173
811;SJV006039SJU;153;171;0.01243353
811;SJV006039SJU;154;171;0.00358890
811;SJV006039SJU;155;171;0.01444512
811;SJV006039SJU;156;171;0.00068740
811;SJV006039SJU;157;171;0.00170963
811;SJV006039SJU;158;171;0.00095541
811;SJV006039SJU;159;171;0.00065328
811;SJV006039SJU;161;171;0.00025355
811;SJV006039SJU;162;171;0.00847254
811;SJV006039SJU;149;172;0.00017278
811;SJV006039SJU;150;172;0.00109459
811;SJV006039SJU;151;172;0.00293487
811;SJV006039SJU;152;172;0.01197497
811;SJV006039SJU;153;172;0.00337959
811;SJV006039SJU;154;172;0.00520858
811;SJV006039SJU;155;172;0.02112688
811;SJV006039SJU;156;172;0.00255191
811;SJV006039SJU;157;172;0.00338580
811;SJV006039SJU;158;172;0.00092405
811;SJV006039SJU;159;172;0.00063231
811;SJV006039SJU;152;173;0.00890939
811;SJV006039SJU;153;173;0.00037500
811;SJV006039SJU;154;173;0.00179757
811;SJV006039SJU;155;173;0.01127137
811;SJV006039SJU;156;173;0.00138849
811;SJV006039SJU;157;173;0.00108230
811;SJV006039SJU;158;173;0.00383108
811;SJV006039SJU;159;173;0.00061492
811;SJV006039SJU;160;173;0.00003013
811;SJV006039SJU;152;174;0.01031506
811;SJV006039SJU;153;174;0.00069107
811;SJV006039SJU;154;174;0.00063364
811;SJV006039SJU;155;174;0.01031364
811;SJV006039SJU;156;174;0.00122724
811;SJV006039SJU;157;174;0.00160761
811;SJV006039SJU;158;174;0.00043253
811;SJV006039SJU;159;174;0.00425138
811;SJV006039SJU;160;174;0.00724339
811;SJV006039SJU;161;174;0.00683599
811;SJV006039SJU;150;175;0.00203967
811;SJV006039SJU;151;175;0.00250792
811;SJV006039SJU;152;175;0.01151498
811;SJV006039SJU;155;175;0.00951983
811;SJV006039SJU;156;175;0.00036486
811;SJV006039SJU;157;175;0.00046970
811;SJV006039SJU;158;175;0.00026802
811;SJV006039SJU;159;175;0.00055634
811;SJV006039SJU;160;175;0.00253056
811;SJV006039SJU;161;175;0.00030217
811;SJV006039SJU;151;176;0.00068875
811;SJV006039SJU;152;176;0.00043736
811;SJV006039SJU;157;176;0.00004517
811;SJV006039SJU;160;176;0.01730011
811;SJV006039SJU;161;176;0.00687766
811;0SC0060360SC;233;59;0.00018202
811;0SC0060360SC;234;59;0.00000594
811;0SC0060360SC;235;59;0.00001620
811;0SC0060360SC;236;59;0.00349596
811;0SC0060360SC;237;59;0.00034928
811;0SC0060360SC;233;60;0.00014011
811;0SC0060360SC;234;60;0.00149963
811;0SC0060360SC;235;60;0.00628358
811;0SC0060360SC;236;60;0.00345246
811;0SC0060360SC;237;60;0.00165889
811;0SC0060360SC;238;60;0.00000035
811;0SC0060360SC;233;61;0.00044233
811;0SC0060360SC;234;61;0.00717377
811;0SC0060360SC;235;61;0.00932175
811;0SC0060360SC;236;61;0.00486803
811;0SC0060360SC;237;61;0.00209839
811;0SC0060360SC;238;61;0.00116232
811;0SC0060360SC;247;61;0.00003445
811;0SC0060360SC;248;61;0.00002308
811;0SC0060360SC;234;62;0.00473868
811;0SC0060360SC;235;62;0.03022459
811;0SC0060360SC;236;62;0.03222797
811;0SC0060360SC;237;62;0.03637587
811;0SC0060360SC;238;62;0.03724171
811;0SC0060360SC;239;62;0.00522583
811;0SC0060360SC;240;62;0.00070660
811;0SC0060360SC;241;62;0.00085850
811;0SC0060360SC;242;62;0.00161818
811;0SC0060360SC;243;62;0.00872200
811;0SC0060360SC;244;62;0.00725346
811;0SC0060360SC;245;62;0.00027751
811;0SC0060360SC;246;62;0.00046891
811;0SC0060360SC;247;62;0.00396235
811;0SC0060360SC;248;62;0.01460747
811;0SC0060360SC;249;62;0.01526518
811;0SC0060360SC;250;62;0.00106827
811;0SC0060360SC;251;62;0.00018983
811;0SC0060360SC;252;62;0.00001362
811;0SC0060360SC;235;63;0.02932572
811;0SC0060360SC;236;63;0.03668071
811;0SC0060360SC;237;63;0.04285505
811;0SC0060360SC;238;63;0.05996536
811;0SC0060360SC;239;63;0.02421216
811;0SC0060360SC;240;63;0.01895328
811;0SC0060360SC;241;63;0.01681370
811;0SC0060360SC;242;63;0.01603514
811;0SC0060360SC;243;63;0.01397522
811;0SC0060360SC;244;63;0.02802085
811;0SC0060360SC;245;63;0.01776395
811;0SC0060360SC;246;63;0.01864418
811;0SC0060360SC;247;63;0.01687377
811;0SC0060360SC;248;63;0.00082607
811;0SC0060360SC;249;63;0.00036386
811;0SC0060360SC;250;63;0.00053893
811;0SC0060360SC;251;63;0.00002062
811;0SC0060360SC;235;64;0.00769456
811;0SC0060360SC;236;64;0.00330217
811;0SC0060360SC;237;64;0.00328001
811;0SC0060360SC;238;64;0.00844506
811;0SC0060360SC;239;64;0.02477958
811;0SC0060360SC;240;64;0.00526787
811;0SC0060360SC;241;64;0.00361707
811;0SC0060360SC;242;64;0.00290025
811;0SC0060360SC;243;64;0.00331703
811;0SC0060360SC;244;64;0.01552758
811;0SC0060360SC;245;64;0.00293534
811;0SC0060360SC;246;64;0.00753584
811;0SC0060360SC;247;64;0.00083192
811;0SC0060360SC;248;64;0.00024610
811;0SC0060360SC;249;64;0.00019452
811;0SC0060360SC;250;64;0.00037286
811;0SC0060360SC;251;64;0.00030677
811;0SC0060360SC;252;64;0.00017427
811;0SC0060360SC;235;65;0.00304373
811;0SC0060360SC;236;65;0.01760599
811;0SC0060360SC;237;65;0.01766576
811;0SC0060360SC;238;65;0.01686221
811;0SC0060360SC;239;65;0.02096645
811;0SC0060360SC;240;65;0.03268298
811;0SC0060360SC;241;65;0.01280474
811;0SC0060360SC;242;65;0.01170494
811;0SC0060360SC;243;65;0.01583952
811;0SC0060360SC;244;65;0.01819227
811;0SC0060360SC;245;65;0.00989402
811;0SC0060360SC;246;65;0.00845492
811;0SC0060360SC;247;65;0.00017948
811;0SC0060360SC;251;65;0.00024206
811;0SC0060360SC;240;66;0.00848992
811;0SC0060360SC;241;66;0.02042027
811;0SC0060360SC;242;66;0.00152651
811;0SC0060360SC;243;66;0.00896579
811;0SC0060360SC;244;66;0.00168091
811;0SC0060360SC;245;66;0.00027896
811;0SC0060360SC;246;66;0.00005803
811;0SC0060360SC;247;66;0.00199556
811;0SC0060360SC;251;66;0.00010696
811;0SC0060360SC;252;66;0.00023014
811;0SC0060360SC;253;66;0.00025729
811;0SC0060360SC;254;66;0.00011186
811;0SC0060360SC;255;66;0.00011180
811;0SC0060360SC;256;66;0.00009906
811;0SC0060360SC;257;66;0.00002392
811;0SC0060360SC;239;67;0.00000929
811;0SC0060360SC;240;67;0.00020751
811;0SC0060360SC;241;67;0.02537994
811;0SC0060360SC;242;67;0.00717113
811;0SC0060360SC;243;67;0.00004689
811;0SC0060360SC;244;67;0.00157407
811;0SC0060360SC;245;67;0.00038883
811;0SC0060360SC;247;67;0.00119229
811;0SC0060360SC;248;67;0.00080746
811;0SC0060360SC;249;67;0.00043947
811;0SC0060360SC;250;67;0.00002904
811;0SC0060360SC;256;67;0.00002246
811;0SC0060360SC;257;67;0.00012105
811;0SC0060360SC;239;68;0.00004330
811;0SC0060360SC;240;68;0.01382342
811;0SC0060360SC;241;68;0.01935539
811;0SC0060360SC;242;68;0.00000120
811;0SC0060360SC;244;68;0.00057632
811;0SC0060360SC;245;68;0.00033147
811;0SC0060360SC;246;68;0.00050630
811;0SC0060360SC;247;68;0.00016045
811;0SC0060360SC;248;68;0.00002552
811;0SC0060360SC;249;68;0.00015042
811;0SC0060360SC;250;68;0.00075733
811;0SC0060360SC;251;68;0.00050443
811;0SC0060360SC;252;68;0.00043893
811;0SC0060360SC;253;68;0.00043907
811;0SC0060360SC;254;68;0.00004107
811;0SC0060360SC;255;68;0.00031424
811;0SC0060360SC;256;68;0.00012114
811;0SC0060360SC;240;69;0.01744702
811;0SC0060360SC;243;69;0.00016973
811;0SC0060360SC;244;69;0.00004475
811;0SC0060360SC;246;69;0.00025001
811;0SC0060360SC;247;69;0.00004137
811;0SC0060360SC;252;69;0.00000782
811;0SC0060360SC;253;69;0.00010947
811;0SC0060360SC;254;69;0.00027598
811;0SC0060360SC;255;69;0.00020615
811;0SC0060360SC;256;69;0.00004656
811;0SC0060360SC;255;70;0.00007325
811;0SV0060510FR;148;189;0.00000480
811;0SV0060510FR;149;189;0.00008263
811;0SV0060510FR;150;189;0.04900375
811;0SV0060510FR;151;189;0.00379059
811;0SV0060510FR;146;190;0.00000261
811;0SV0060510FR;148;190;0.00000480
811;0SV0060510FR;150;190;0.04353906
811;0SV0060510FR;151;190;0.00080614
811;0SV0060510FR;146;191;0.01135315
811;0SV0060510FR;148;191;0.00002874
811;0SV0060510FR;149;191;0.00018995
811;0SV0060510FR;150;191;0.04355929
811;0SV0060510FR;151;191;0.00096634
811;0SV0060510FR;146;192;0.01092938
811;0SV0060510FR;149;192;0.01357252
811;0SV0060510FR;150;192;0.03208587
811;0SV0060510FR;151;192;0.00104801
811;0SV0060510FR;146;193;0.01132299
811;0SV0060510FR;148;193;0.00534074
811;0SV0060510FR;149;193;0.01934092
811;0SV0060510FR;150;193;0.02423479
811;0SV0060510FR;151;193;0.00109204
811;0SV0060510FR;145;194;0.00154373
811;0SV0060510FR;146;194;0.00232401
811;0SV0060510FR;147;194;0.00724388
811;0SV0060510FR;148;194;0.01832638
811;0SV0060510FR;149;194;0.00179680
811;0SV0060510FR;150;194;0.02259924
811;0SV0060510FR;151;194;0.00025094
811;0SV0060510FR;145;195;0.00116645
811;0SV0060510FR;147;195;0.00879732
811;0SV0060510FR;148;195;0.01917414
811;0SV0060510FR;150;195;0.01746772
811;0SV0060510FR;151;195;0.00332572
811;0SV0060510FR;152;195;0.00190464
811;0SV0060510FR;145;196;0.00105024
811;0SV0060510FR;147;196;0.00869170
811;0SV0060510FR;148;196;0.02287102
811;0SV0060510FR;151;196;0.00111570
811;0SV0060510FR;144;197;0.00095214
811;0SV0060510FR;145;197;0.00017867
811;0SV0060510FR;147;197;0.00478012
811;0SV0060510FR;148;197;0.02375878
811;0SV0060510FR;144;198;0.00100821
811;0SV0060510FR;147;198;0.00820922
811;0SV0060510FR;148;198;0.03504038
811;0SV0060510FR;143;199;0.00131639
811;0SV0060510FR;144;199;0.00099085
811;0SV0060510FR;145;199;0.00010041
811;0SV0060510FR;146;199;0.00165930
811;0SV0060510FR;147;199;0.01819063
811;0SV0060510FR;148;199;0.10132130
811;0SV0060510FR;142;200;0.00921447
811;0SV0060510FR;143;200;0.01433383
811;0SV0060510FR;144;200;0.01411970
811;0SV0060510FR;145;200;0.01592527
811;0SV0060510FR;146;200;0.02263116
811;0SV0060510FR;147;200;0.03771395
811;0SV0060510FR;148;200;0.14094219
811;0SV0060510FR;146;201;0.00043016
811;0SV0060510FR;147;201;0.00471251
811;0SV0060510FR;148;201;0.03555909
811;0SV0060510FR;147;202;0.01409074
811;0SV0060510FR;148;202;0.02580335
811;0SV0060510FR;145;203;0.00047938
811;0SV0060510FR;146;203;0.00084310
811;0SV0060510FR;147;203;0.03819033
811;0SV0060510FR;147;204;0.01555564
811;0SC0060330SC;247;46;0.00000193
811;0SC0060330SC;248;46;0.00700021
811;0SC0060330SC;249;46;0.00007045
811;0SC0060330SC;250;46;0.00000359
811;0SC0060330SC;254;46;0.00012909
811;0SC0060330SC;255;46;0.00010612
811;0SC0060330SC;247;47;0.00015172
811;0SC0060330SC;248;47;0.01043302
811;0SC0060330SC;249;47;0.00213802
811;0SC0060330SC;250;47;0.00060975
811;0SC0060330SC;251;47;0.00028528
811;0SC0060330SC;252;47;0.00026619
811;0SC0060330SC;253;47;0.00029854
811;0SC0060330SC;254;47;0.00016992
811;0SC0060330SC;255;47;0.00028467
811;0SC0060330SC;247;48;0.00102845
811;0SC0060330SC;248;48;0.01597871
811;0SC0060330SC;249;48;0.00117172
811;0SC0060330SC;250;48;0.00041762
811;0SC0060330SC;251;48;0.00009289
811;0SC0060330SC;254;48;0.00000184
811;0SC0060330SC;255;48;0.00012207
811;0SC0060330SC;256;48;0.00032352
811;0SC0060330SC;260;48;0.00010579
811;0SC0060330SC;245;49;0.00017137
811;0SC0060330SC;246;49;0.00017927
811;0SC0060330SC;247;49;0.01760297
811;0SC0060330SC;248;49;0.00421716
811;0SC0060330SC;249;49;0.00113152
811;0SC0060330SC;250;49;0.00029084
811;0SC0060330SC;251;49;0.00011740
811;0SC0060330SC;252;49;0.00003617
811;0SC0060330SC;253;49;0.00000182
811;0SC0060330SC;254;49;0.00001872
811;0SC0060330SC;256;49;0.00007440
811;0SC0060330SC;257;49;0.00030644
811;0SC0060330SC;258;49;0.00012200
811;0SC0060330SC;259;49;0.00002614
811;0SC0060330SC;260;49;0.00012951
811;0SC0060330SC;241;50;0.00031226
811;0SC0060330SC;242;50;0.00009314
811;0SC0060330SC;243;50;0.00000748
811;0SC0060330SC;245;50;0.00025319
811;0SC0060330SC;246;50;0.01517163
811;0SC0060330SC;247;50;0.00600778
811;0SC0060330SC;248;50;0.00068389
811;0SC0060330SC;249;50;0.00059612
811;0SC0060330SC;250;50;0.00009404
811;0SC0060330SC;251;50;0.00002263
811;0SC0060330SC;252;50;0.00007785
811;0SC0060330SC;253;50;0.00001548
811;0SC0060330SC;257;50;0.00004094
811;0SC0060330SC;258;50;0.00017504
811;0SC0060330SC;259;50;0.00031793
811;0SC0060330SC;260;50;0.00031145
811;0SC0060330SC;261;50;0.00031612
811;0SC0060330SC;262;50;0.00028623
811;0SC0060330SC;242;51;0.00053607
811;0SC0060330SC;243;51;0.00061784
811;0SC0060330SC;244;51;0.00033391
811;0SC0060330SC;245;51;0.01395155
811;0SC0060330SC;246;51;0.00166073
811;0SC0060330SC;247;51;0.00488158
811;0SC0060330SC;248;51;0.00034978
811;0SC0060330SC;249;51;0.00097514
811;0SC0060330SC;252;51;0.00010201
811;0SC0060330SC;253;51;0.00000896
811;0SC0060330SC;256;51;0.00002008
811;0SC0060330SC;257;51;0.00026145
811;0SC0060330SC;258;51;0.00006063
811;0SC0060330SC;260;51;0.00006455
811;0SC0060330SC;261;51;0.00000136
811;0SC0060330SC;242;52;0.00085936
811;0SC0060330SC;243;52;0.00106669
811;0SC0060330SC;244;52;0.01169490
811;0SC0060330SC;245;52;0.00846854
811;0SC0060330SC;246;52;0.00100708
811;0SC0060330SC;247;52;0.00472832
811;0SC0060330SC;248;52;0.00075618
811;0SC0060330SC;249;52;0.00075837
811;0SC0060330SC;252;52;0.00012327
811;0SC0060330SC;253;52;0.00000511
811;0SC0060330SC;255;52;0.00008365
811;0SC0060330SC;256;52;0.00016502
811;0SC0060330SC;258;52;0.00001136
811;0SC0060330SC;259;52;0.00004604
811;0SC0060330SC;260;52;0.00001991
811;0SC0060330SC;242;53;0.00033177
811;0SC0060330SC;243;53;0.01254490
811;0SC0060330SC;244;53;0.00700189
811;0SC0060330SC;245;53;0.00046573
811;0SC0060330SC;246;53;0.00077397
811;0SC0060330SC;247;53;0.00675035
811;0SC0060330SC;248;53;0.00168091
811;0SC0060330SC;249;53;0.00161993
811;0SC0060330SC;250;53;0.00094603
811;0SC0060330SC;251;53;0.00016722
811;0SC0060330SC;252;53;0.00038370
811;0SC0060330SC;253;53;0.00012012
811;0SC0060330SC;254;53;0.00001297
811;0SC0060330SC;255;53;0.00016736
811;0SC0060330SC;257;53;0.00001951
811;0SC0060330SC;258;53;0.00004903
811;0SC0060330SC;259;53;0.00003348
811;0SC0060330SC;241;54;0.01509707
811;0SC0060330SC;242;54;0.01392997
811;0SC0060330SC;243;54;0.00621058
811;0SC0060330SC;244;54;0.00009405
811;0SC0060330SC;245;54;0.00114962
811;0SC0060330SC;246;54;0.00045914
811;0SC0060330SC;247;54;0.00586448
811;0SC0060330SC;248;54;0.00147562
811;0SC0060330SC;249;54;0.00127622
811;0SC0060330SC;250;54;0.00148566
811;0SC0060330SC;251;54;0.00189522
811;0SC0060330SC;252;54;0.00052643
811;0SC0060330SC;253;54;0.00016917
811;0SC0060330SC;254;54;0.00027070
811;0SC0060330SC;255;54;0.00003712
811;0SC0060330SC;256;54;0.00008029
811;0SC0060330SC;257;54;0.00011789
811;0SC0060330SC;258;54;0.00011216
811;0SC0060330SC;240;55;0.01802096
811;0SC0060330SC;241;55;0.00060284
811;0SC0060330SC;242;55;0.00012621
811;0SC0060330SC;243;55;0.00014051
811;0SC0060330SC;244;55;0.00006826
811;0SC0060330SC;245;55;0.00109140
811;0SC0060330SC;246;55;0.00540551
811;0SC0060330SC;247;55;0.00595977
811;0SC0060330SC;248;55;0.00013659
811;0SC0060330SC;249;55;0.00005065
811;0SC0060330SC;250;55;0.00021160
811;0SC0060330SC;251;55;0.00156719
811;0SC0060330SC;252;55;0.00140064
811;0SC0060330SC;253;55;0.00073608
811;0SC0060330SC;254;55;0.00020180
811;0SC0060330SC;255;55;0.00002297
811;0SC0060330SC;257;55;0.00023899
811;0SC0060330SC;258;55;0.00002307
811;0SC0060330SC;238;56;0.00010462
811;0SC0060330SC;239;56;0.01098261
811;0SC0060330SC;240;56;0.00728676
811;0SC0060330SC;241;56;0.00040342
811;0SC0060330SC;242;56;0.00029859
811;0SC0060330SC;243;56;0.00009824
811;0SC0060330SC;244;56;0.00014777
811;0SC0060330SC;245;56;0.00032771
811;0SC0060330SC;246;56;0.00901581
811;0SC0060330SC;247;56;0.00032613
811;0SC0060330SC;248;56;0.00023366
811;0SC0060330SC;249;56;0.00012779
811;0SC0060330SC;250;56;0.00008128
811;0SC0060330SC;251;56;0.00100268
811;0SC0060330SC;252;56;0.00166850
811;0SC0060330SC;253;56;0.00024906
811;0SC0060330SC;256;56;0.00016916
811;0SC0060330SC;257;56;0.00037938
811;0SC0060330SC;236;57;0.00962917
811;0SC0060330SC;237;57;0.00088755
811;0SC0060330SC;238;57;0.00162674
811;0SC0060330SC;239;57;0.01794925
811;0SC0060330SC;241;57;0.00012637
811;0SC0060330SC;242;57;0.00013531
811;0SC0060330SC;243;57;0.00041035
811;0SC0060330SC;244;57;0.00053263
811;0SC0060330SC;245;57;0.00794928
811;0SC0060330SC;246;57;0.00398304
811;0SC0060330SC;247;57;0.00057138
811;0SC0060330SC;248;57;0.00003175
811;0SC0060330SC;249;57;0.00005891
811;0SC0060330SC;250;57;0.00001906
811;0SC0060330SC;251;57;0.00239165
811;0SC0060330SC;252;57;0.00036458
811;0SC0060330SC;255;57;0.00010604
811;0SC0060330SC;256;57;0.00019604
811;0SC0060330SC;236;58;0.01732480
811;0SC0060330SC;237;58;0.02924889
811;0SC0060330SC;238;58;0.03991879
811;0SC0060330SC;239;58;0.02639508
811;0SC0060330SC;240;58;0.01790268
811;0SC0060330SC;241;58;0.00373585
811;0SC0060330SC;242;58;0.00222817
811;0SC0060330SC;243;58;0.00213856
811;0SC0060330SC;244;58;0.00243563
811;0SC0060330SC;245;58;0.00959872
811;0SC0060330SC;246;58;0.00270733
811;0SC0060330SC;247;58;0.00069134
811;0SC0060330SC;248;58;0.00003280
811;0SC0060330SC;249;58;0.00047791
811;0SC0060330SC;250;58;0.00090902
811;0SC0060330SC;251;58;0.00259476
811;0SC0060330SC;254;58;0.00005523
811;0SC0060330SC;255;58;0.00026126
811;0SC0060330SC;236;59;0.00108545
811;0SC0060330SC;237;59;0.00041955
811;0SC0060330SC;238;59;0.01632330
811;0SC0060330SC;239;59;0.00087157
811;0SC0060330SC;240;59;0.00137395
811;0SC0060330SC;241;59;0.01779177
811;0SC0060330SC;242;59;0.00877177
811;0SC0060330SC;243;59;0.00144135
811;0SC0060330SC;244;59;0.00736809
811;0SC0060330SC;245;59;0.00685434
811;0SC0060330SC;246;59;0.00136154
811;0SC0060330SC;247;59;0.00315146
811;0SC0060330SC;248;59;0.00154761
811;0SC0060330SC;249;59;0.00232255
811;0SC0060330SC;250;59;0.00049458
811;0SC0060330SC;251;59;0.00146796
811;0SC0060330SC;252;59;0.00076200
811;0SC0060330SC;253;59;0.00010156
811;0SC0060330SC;254;59;0.00066146
811;0SC0060330SC;255;59;0.00075365
811;0SC0060330SC;256;59;0.01119157
811;0SC0060330SC;237;60;0.00044664
811;0SC0060330SC;238;60;0.01587784
811;0SC0060330SC;239;60;0.00206464
811;0SC0060330SC;240;60;0.00227262
811;0SC0060330SC;241;60;0.00213871
811;0SC0060330SC;242;60;0.01745572
811;0SC0060330SC;243;60;0.00838054
811;0SC0060330SC;244;60;0.02698605
811;0SC0060330SC;245;60;0.01284480
811;0SC0060330SC;246;60;0.01208964
811;0SC0060330SC;247;60;0.01202589
811;0SC0060330SC;248;60;0.01009266
811;0SC0060330SC;249;60;0.00988887
811;0SC0060330SC;250;60;0.01321380
811;0SC0060330SC;251;60;0.02286418
811;0SC0060330SC;252;60;0.01891352
811;0SC0060330SC;253;60;0.01828385
811;0SC0060330SC;254;60;0.01821389
811;0SC0060330SC;255;60;0.01870157
811;0SC0060330SC;256;60;0.00622894
811;0SC0060330SC;257;60;0.01491355
811;0SC0060330SC;238;61;0.01552794
811;0SC0060330SC;239;61;0.00650907
811;0SC0060330SC;240;61;0.00332650
811;0SC0060330SC;241;61;0.01418318
811;0SC0060330SC;242;61;0.01554776
811;0SC0060330SC;243;61;0.03503245
811;0SC0060330SC;244;61;0.00040732
811;0SC0060330SC;245;61;0.00038580
811;0SC0060330SC;246;61;0.00039725
811;0SC0060330SC;247;61;0.00042392
811;0SC0060330SC;248;61;0.00012602
811;0SC0060330SC;249;61;0.00146627
811;0SC0060330SC;250;61;0.01246220
811;0SC0060330SC;251;61;0.00028696
811;0SC0060330SC;252;61;0.00008925
811;0SC0060330SC;253;61;0.00005950
811;0SC0060330SC;255;61;0.00021767
811;0SC0060330SC;238;62;0.01123700
811;0SC0060330SC;239;62;0.01248362
811;0SC0060330SC;240;62;0.01226696
811;0SC0060330SC;241;62;0.00104742
811;0SC0060330SC;242;62;0.00137520
811;0SC0060330SC;243;62;0.00258948
811;0SC0060330SC;244;62;0.00013277
811;0SC0060330SC;245;62;0.00009129
811;0SC0060330SC;249;62;0.00033749
811;0SC0060330SC;250;62;0.00009428
811;0SC0060330SC;252;62;0.00000648
811;0NC006053NCU;112;234;0.00130171
811;0NC006053NCU;113;234;0.00263607
811;0NC006053NCU;114;234;0.00252465
811;0NC006053NCU;115;234;0.00252465
811;0NC006053NCU;116;234;0.00072585
811;0NC006053NCU;117;234;0.00105443
811;0NC006053NCU;118;234;0.00109062
811;0NC006053NCU;119;234;0.00111421
811;0NC006053NCU;120;234;0.00035090
811;0NC006053NCU;110;235;0.00021610
811;0NC006053NCU;111;235;0.00253892
811;0NC006053NCU;112;235;0.00133582
811;0NC006053NCU;116;235;0.00216070
811;0NC006053NCU;117;235;0.00067218
811;0NC006053NCU;109;236;0.00054066
811;0NC006053NCU;110;236;0.00205158
811;0NC006053NCU;117;236;0.00142460
811;0NC006053NCU;109;237;0.00029861
811;0NC006053NCU;117;237;0.00099899
811;0NC006053NCU;117;238;0.00120041
811;0NC006053NCU;118;238;0.00033017
811;0NC006053NCU;118;239;0.00513401
811;0NC006053NCU;119;239;0.01250606
811;0NC006053NCU;120;239;0.01133726
811;0NC006053NCU;120;240;0.00564272
811;0NC006053NCU;121;240;0.01135389
811;0NC006053NCU;126;240;0.08087327
811;0NC006053NCU;121;241;0.00601269
811;0NC006053NCU;122;241;0.05492292
811;0NC006053NCU;123;241;0.03108288
811;0NC006053NCU;124;241;0.04038487
811;0NC006053NCU;125;241;0.06854653
811;0NC006053NCU;126;241;0.00026206
811;0NC006053NCU;122;242;0.03405739
811;0NC006053NCU;123;242;0.00304720
811;0NC006053NCU;124;242;0.01910692
811;0NC006053NCU;117;243;0.02398280
811;0NC006053NCU;118;243;0.03527606
811;0NC006053NCU;119;243;0.03527606
811;0NC006053NCU;120;243;0.03527606
811;0NC006053NCU;121;243;0.03527606
811;0NC006053NCU;122;243;0.03198048
811;0NC006053NCU;113;244;0.00378496
811;0NC006053NCU;114;244;0.03050631
811;0NC006053NCU;115;244;0.03050631
811;0NC006053NCU;116;244;0.03242506
811;0NC006053NCU;117;244;0.01129326
811;0NC006053NCU;122;244;0.00317260
811;0NC006053NCU;123;244;0.00021452
811;0NC006053NCU;111;245;0.01968836
811;0NC006053NCU;112;245;0.03050631
811;0NC006053NCU;113;245;0.02672134
811;0NC006053NCU;123;245;0.00368677
811;0NC006053NCU;111;246;0.04262631
811;0NC006053NCU;123;246;0.00124585
811;0NC006053NCU;124;246;0.00274108
811;0NC006053NCU;109;247;0.01411911
811;0NC006053NCU;110;247;0.04473626
811;0NC006053NCU;111;247;0.00738820
811;0NC006053NCU;124;247;0.00184095
811;0NC006053NCU;125;247;0.00210335
811;0NC006053NCU;108;248;0.02104470
811;0NC006053NCU;109;248;0.02586304
811;0NC006053NCU;125;248;0.00336721
811;0NC006053NCU;108;249;0.00179940
811;0NC006053NCU;125;249;0.00034044
811;0NC006053NCU;126;249;0.00302677
811;0NC006053NCU;126;250;0.00336721
811;0NC006053NCU;126;251;0.00026573
811;0NC006053NCU;127;251;0.00305200
811;0NC006053NCU;127;252;0.00308134
811;0NC006053NCU;127;253;0.00308134
811;0NC006053NCU;127;254;0.00164096
811;0NC006053NCU;128;254;0.00144039
811;0NC006053NCU;128;255;0.00308134
811;0NC006053NCU;128;256;0.00312643
811;0NC006053NCU;127;257;0.00188086
811;0NC006053NCU;128;257;0.00226531
811;0NC006053NCU;127;258;0.00053860
811;0SF0060070BA;141;161;0.00806736
811;0SF0060070BA;140;162;0.06344433
811;0SF0060070BA;141;162;0.01343819
811;0SF0060070BA;142;162;0.00001515
811;0SF0060070BA;144;162;0.00000342
811;0SF0060070BA;139;163;0.00009449
811;0SF0060070BA;140;163;0.05972950
811;0SF0060070BA;141;163;0.00319456
811;0SF0060070BA;142;163;0.00004305
811;0SF0060070BA;144;163;0.00002235
811;0SF0060070BA;145;163;0.00265524
811;0SF0060070BA;136;164;0.00036386
811;0SF0060070BA;137;164;0.00018447
811;0SF0060070BA;139;164;0.02337741
811;0SF0060070BA;140;164;0.03174255
811;0SF0060070BA;141;164;0.00040262
811;0SF0060070BA;143;164;0.00001858
811;0SF0060070BA;144;164;0.00000129
811;0SF0060070BA;145;164;0.00158329
811;0SF0060070BA;146;164;0.00171405
811;0SF0060070BA;148;164;0.00040000
811;0SF0060070BA;135;165;0.01130997
811;0SF0060070BA;136;165;0.00038035
811;0SF0060070BA;137;165;0.00136923
811;0SF0060070BA;138;165;0.00196118
811;0SF0060070BA;139;165;0.04940128
811;0SF0060070BA;140;165;0.00000082
811;0SF0060070BA;142;165;0.00001706
811;0SF0060070BA;143;165;0.00009269
811;0SF0060070BA;145;165;0.00000732
811;0SF0060070BA;146;165;0.00346395
811;0SF0060070BA;147;165;0.00040533
811;0SF0060070BA;148;165;0.00014559
811;0SF0060070BA;133;166;0.01735487
811;0SF0060070BA;134;166;0.00003437
811;0SF0060070BA;135;166;0.00591450
811;0SF0060070BA;136;166;0.02483806
811;0SF0060070BA;137;166;0.02347760
811;0SF0060070BA;138;166;0.06945024
811;0SF0060070BA;139;166;0.00048384
811;0SF0060070BA;142;166;0.00009665
811;0SF0060070BA;143;166;0.00005736
811;0SF0060070BA;144;166;0.00008448
811;0SF0060070BA;145;166;0.00115505
811;0SF0060070BA;146;166;0.00371942
811;0SF0060070BA;147;166;0.00085045
811;0SF0060070BA;130;167;0.00319218
811;0SF0060070BA;131;167;0.01411634
811;0SF0060070BA;132;167;0.02766290
811;0SF0060070BA;133;167;0.04931153
811;0SF0060070BA;134;167;0.00019392
811;0SF0060070BA;135;167;0.00011599
811;0SF0060070BA;136;167;0.00016089
811;0SF0060070BA;137;167;0.00044409
811;0SF0060070BA;138;167;0.05879222
811;0SF0060070BA;139;167;0.00411366
811;0SF0060070BA;140;167;0.00098828
811;0SF0060070BA;141;167;0.00015335
811;0SF0060070BA;142;167;0.00001294
811;0SF0060070BA;144;167;0.00003363
811;0SF0060070BA;145;167;0.00430529
811;0SF0060070BA;146;167;0.00207377
811;0SF0060070BA;147;167;0.00008153
811;0SF0060070BA;131;168;0.00006570
811;0SF0060070BA;132;168;0.02192759
811;0SF0060070BA;133;168;0.02726200
811;0SF0060070BA;134;168;0.00013198
811;0SF0060070BA;135;168;0.00012022
811;0SF0060070BA;136;168;0.00001834
811;0SF0060070BA;137;168;0.00024828
811;0SF0060070BA;138;168;0.04799997
811;0SF0060070BA;139;168;0.00999574
811;0SF0060070BA;140;168;0.00176856
811;0SF0060070BA;141;168;0.00050812
811;0SF0060070BA;142;168;0.00013371
811;0SF0060070BA;143;168;0.00010741
811;0SF0060070BA;144;168;0.00034550
811;0SF0060070BA;145;168;0.00613232
811;0SF0060070BA;146;168;0.00028635
811;0SF0060070BA;147;168;0.00003131
811;0SF0060070BA;132;169;0.00160435
811;0SF0060070BA;133;169;0.04417545
811;0SF0060070BA;134;169;0.02077923
811;0SF0060070BA;135;169;0.00345324
811;0SF0060070BA;136;169;0.00371349
811;0SF0060070BA;137;169;0.01388902
811;0SF0060070BA;138;169;0.03597148
811;0SF0060070BA;139;169;0.02598246
811;0SF0060070BA;140;169;0.01372850
811;0SF0060070BA;141;169;0.01516767
811;0SF0060070BA;142;169;0.01570948
811;0SF0060070BA;143;169;0.01319144
811;0SF0060070BA;144;169;0.00875627
811;0SF0060070BA;145;169;0.00283322
811;0SF0060070BA;146;169;0.00024399
811;0SF0060070BA;147;169;0.00007532
811;0SF0060070BA;134;170;0.03414112
811;0SF0060070BA;135;170;0.00999836
811;0SF0060070BA;136;170;0.00001564
811;0SF0060070BA;137;170;0.01559825
811;0SF0060070BA;138;170;0.00042281
811;0SF0060070BA;139;170;0.00000413
811;0SF0060070BA;140;170;0.00333610
811;0SF0060070BA;141;170;0.00005146
811;0SF0060070BA;142;170;0.00018971
811;0SF0060070BA;135;171;0.00756476
811;SCC006056VEN;206;61;0.00012375
811;SCC006056VEN;207;61;0.00065422
811;SCC006056VEN;204;62;0.00115526
811;SCC006056VEN;205;62;0.00263134
811;SCC006056VEN;206;62;0.00242224
811;SCC006056VEN;207;62;0.00000007
811;SCC006056VEN;203;63;0.00086044
811;SCC006056VEN;204;63;0.00243482
811;SCC006056VEN;207;63;0.00002539
811;SCC006056VEN;208;63;0.00002210
811;SCC006056VEN;200;64;0.00016286
811;SCC006056VEN;201;64;0.00340458
811;SCC006056VEN;202;64;0.00346578
811;SCC006056VEN;203;64;0.00433171
811;SCC006056VEN;204;64;0.00202688
811;SCC006056VEN;205;64;0.00131128
811;SCC006056VEN;206;64;0.00102720
811;SCC006056VEN;207;64;0.00020882
811;SCC006056VEN;208;64;0.00023505
811;SCC006056VEN;209;64;0.00845247
811;SCC006056VEN;210;64;0.00699428
811;SCC006056VEN;200;65;0.00146937
811;SCC006056VEN;201;65;0.00758622
811;SCC006056VEN;202;65;0.01172649
811;SCC006056VEN;203;65;0.00208917
811;SCC006056VEN;204;65;0.00169810
811;SCC006056VEN;205;65;0.00024594
811;SCC006056VEN;206;65;0.00099021
811;SCC006056VEN;207;65;0.04625142
811;SCC006056VEN;208;65;0.04599015
811;SCC006056VEN;209;65;0.04589817
811;SCC006056VEN;210;65;0.00129983
811;SCC006056VEN;211;65;0.00050641
811;SCC006056VEN;212;65;0.00004512
811;SCC006056VEN;213;65;0.00016613
811;SCC006056VEN;200;66;0.00207555
811;SCC006056VEN;201;66;0.01483921
811;SCC006056VEN;202;66;0.04505004
811;SCC006056VEN;203;66;0.03815954
811;SCC006056VEN;204;66;0.03934454
811;SCC006056VEN;205;66;0.04224731
811;SCC006056VEN;206;66;0.04102010
811;SCC006056VEN;207;66;0.00084025
811;SCC006056VEN;208;66;0.00189083
811;SCC006056VEN;209;66;0.00856423
811;SCC006056VEN;210;66;0.00015640
811;SCC006056VEN;213;66;0.00005905
811;SCC006056VEN;199;67;0.01972297
811;SCC006056VEN;200;67;0.03541790
811;SCC006056VEN;201;67;0.03783092
811;SCC006056VEN;202;67;0.00586408
811;SCC006056VEN;203;67;0.00178940
811;SCC006056VEN;204;67;0.00137251
811;SCC006056VEN;205;67;0.00331936
811;SCC006056VEN;206;67;0.00301022
811;SCC006056VEN;207;67;0.00134629
811;SCC006056VEN;208;67;0.00204180
811;SCC006056VEN;209;67;0.00996799
811;SCC006056VEN;210;67;0.00252526
811;SCC006056VEN;211;67;0.00134876
811;SCC006056VEN;212;67;0.00013526
811;SCC006056VEN;213;67;0.00036736
811;SCC006056VEN;214;67;0.00002423
811;SCC006056VEN;197;68;0.00415420
811;SCC006056VEN;198;68;0.02383445
811;SCC006056VEN;199;68;0.01682983
811;SCC006056VEN;200;68;0.00088597
811;SCC006056VEN;201;68;0.00238352
811;SCC006056VEN;202;68;0.00813606
811;SCC006056VEN;203;68;0.00064511
811;SCC006056VEN;204;68;0.00035828
811;SCC006056VEN;205;68;0.00034479
811;SCC006056VEN;206;68;0.00063302
811;SCC006056VEN;207;68;0.00213705
811;SCC006056VEN;208;68;0.00794538
811;SCC006056VEN;209;68;0.01229879
811;SCC006056VEN;210;68;0.01383003
811;SCC006056VEN;211;68;0.01567598
811;SCC006056VEN;212;68;0.01863981
811;SCC006056VEN;213;68;0.01996535
811;SCC006056VEN;214;68;0.00361742
811;SCC006056VEN;196;69;0.01561792
811;SCC006056VEN;197;69;0.01357069
811;SCC006056VEN;199;69;0.00931220
811;SCC006056VEN;202;69;0.00011041
811;SCC006056VEN;203;69;0.00654643
811;SCC006056VEN;204;69;0.00171255
811;SCC006056VEN;206;69;0.00060030
811;SCC006056VEN;207;69;0.00031198
811;SCC006056VEN;208;69;0.00198466
811;SCC006056VEN;212;69;0.00026212
811;SCC006056VEN;195;70;0.01711818
811;SCC006056VEN;196;70;0.00503155
811;SCC006056VEN;198;70;0.00871715
811;SCC006056VEN;199;70;0.00150638
811;SCC006056VEN;200;70;0.00076292
811;SCC006056VEN;202;70;0.00006703
811;SCC006056VEN;203;70;0.00007304
811;SCC006056VEN;204;70;0.00514691
811;SCC006056VEN;205;70;0.00483102
811;SCC006056VEN;206;70;0.00211818
811;SCC006056VEN;207;70;0.00222044
811;SCC006056VEN;208;70;0.00003886
811;SCC006056VEN;195;71;0.00073910
811;SCC006056VEN;197;71;0.00003782
811;SCC006056VEN;198;71;0.00434269
811;SCC006056VEN;199;71;0.00486444
811;SCC006056VEN;203;71;0.00022009
811;SCC006056VEN;204;71;0.00031920
811;SCC006056VEN;206;71;0.00351849
811;SCC006056VEN;207;71;0.00551780
811;SCC006056VEN;208;71;0.00500121
811;SCC006056VEN;209;71;0.00488369
811;SCC006056VEN;210;71;0.00531441
811;SCC006056VEN;211;71;0.00506015
811;SCC006056VEN;212;71;0.00406654
811;SCC006056VEN;198;72;0.00045830
811;SCC006056VEN;199;72;0.00915154
811;SCC006056VEN;200;72;0.00136503
811;SCC006056VEN;201;72;0.00067201
811;SCC006056VEN;202;72;0.00050334
811;SCC006056VEN;203;72;0.00055585
811;SCC006056VEN;210;72;0.00016808
811;SCC006056VEN;211;72;0.00019188
811;SCC006056VEN;198;73;0.00222329
811;SCC006056VEN;199;73;0.00673198
811;SCC006056VEN;200;73;0.00002800
811;SCC006056VEN;201;73;0.00016089
811;SCC006056VEN;197;74;0.00000001
811;SCC006056VEN;198;74;0.00111172
811;SCC006056VEN;199;74;0.01603779
811;SCC006056VEN;200;74;0.00095710
811;SCC006056VEN;199;75;0.00591007
811;SCC006056VEN;200;75;0.01291090
811;SCC006056VEN;197;76;0.00181626
811;SCC006056VEN;198;76;0.00783464
811;SCC006056VEN;199;76;0.01018460
811;SCC006056VEN;197;77;0.00886056
811;SCC006056VEN;197;78;0.01712018
811;SCC006056VEN;197;79;0.01027195
811;SCC006056VEN;198;79;0.00012660
811;SCC006056VEN;199;79;0.00010761
811;SCC006056VEN;196;80;0.00871032
811;SCC006056VEN;197;80;0.00171656
811;SCC006056VEN;199;80;0.00003933
811;SCC006056VEN;200;80;0.00014535
811;SCC006056VEN;201;80;0.00014238
811;SCC006056VEN;202;80;0.00013605
811;SCC006056VEN;203;80;0.00015026
811;SCC006056VEN;195;81;0.00310292
811;SCC006056VEN;196;81;0.00693325
811;SCC006056VEN;203;81;0.00002221
811;SCC006056VEN;204;81;0.00004762
811;SCC006056VEN;198;84;0.00092934
811;SCC006056VEN;199;84;0.00035794
811;0MC006055TUO;174;159;0.00659103
811;0MC006055TUO;174;160;0.00057411
811;0MC006055TUO;175;160;0.00565281
811;0MC006055TUO;175;161;0.00152267
811;0MC006055TUO;176;162;0.00019642
811;0MC006055TUO;177;162;0.00511786
811;0MC006055TUO;186;162;0.00481063
811;0MC006055TUO;187;162;0.00072928
811;0MC006055TUO;176;163;0.00870731
811;0MC006055TUO;185;163;0.00306984
811;0MC006055TUO;186;163;0.00212714
811;0MC006055TUO;187;163;0.00278044
811;0MC006055TUO;188;163;0.00219273
811;0MC006055TUO;168;164;0.00827496
811;0MC006055TUO;169;164;0.03743167
811;0MC006055TUO;170;164;0.00376666
811;0MC006055TUO;171;164;0.04250248
811;0MC006055TUO;174;164;0.00338074
811;0MC006055TUO;175;164;0.00671501
811;0MC006055TUO;176;164;0.01017401
811;0MC006055TUO;177;164;0.01450673
811;0MC006055TUO;178;164;0.00349543
811;0MC006055TUO;179;164;0.00372653
811;0MC006055TUO;180;164;0.00318997
811;0MC006055TUO;181;164;0.00199048
811;0MC006055TUO;182;164;0.00378378
811;0MC006055TUO;183;164;0.00378378
811;0MC006055TUO;184;164;0.00378378
811;0MC006055TUO;185;164;0.00203199
811;0MC006055TUO;188;164;0.00141049
811;0MC006055TUO;189;164;0.00356268
811;0MC006055TUO;169;165;0.02381525
811;0MC006055TUO;170;165;0.04534996
811;0MC006055TUO;171;165;0.04540281
811;0MC006055TUO;172;165;0.00569462
811;0MC006055TUO;173;165;0.00878996
811;0MC006055TUO;174;165;0.00376137
811;0MC006055TUO;176;165;0.01103780
811;0MC006055TUO;189;165;0.00004054
811;0MC006055TUO;190;165;0.00134221
811;0MC006055TUO;194;165;0.00165748
811;0MC006055TUO;195;165;0.00218590
811;0MC006055TUO;170;166;0.00268401
811;0MC006055TUO;171;166;0.00717153
811;0MC006055TUO;172;166;0.05284431
811;0MC006055TUO;173;166;0.01065240
811;0MC006055TUO;176;166;0.01080355
811;0MC006055TUO;195;166;0.00080400
811;0MC006055TUO;196;166;0.00306564
811;0MC006055TUO;197;166;0.00311011
811;0MC006055TUO;198;166;0.00156202
811;0MC006055TUO;173;167;0.06350137
811;0MC006055TUO;176;167;0.01693907
811;0MC006055TUO;172;168;0.00509278
811;0MC006055TUO;173;168;0.01859801
811;0MC006055TUO;174;168;0.05204669
811;0MC006055TUO;175;168;0.04556748
811;0MC006055TUO;176;168;0.03603148
811;0MC006055TUO;177;168;0.02705786
811;0MC006055TUO;172;169;0.01317413
811;0MC006055TUO;173;169;0.01513707
811;0MC006055TUO;174;169;0.01853746
811;0MC006055TUO;176;169;0.00625708
811;0MC006055TUO;177;169;0.02427882
811;0MC006055TUO;174;170;0.01857575
811;0MC006055TUO;175;170;0.00455425
811;0MC006055TUO;176;170;0.00509892
811;0MC006055TUO;177;170;0.00694037
811;0MC006055TUO;178;170;0.01666610
811;0MC006055TUO;178;171;0.00343846
811;0MC006055TUO;179;171;0.01914063
811;0MC006055TUO;179;172;0.00069098
811;0MC006055TUO;180;172;0.01983161
811;0MC006055TUO;181;172;0.00205650
811;0MC006055TUO;181;173;0.01777511
811;0MC006055TUO;182;173;0.00480398
811;0MC006055TUO;182;174;0.01136291
811;0MC006055TUO;182;175;0.00844261
811;0MC006055TUO;182;176;0.00663861
811;0MC006055TUO;183;176;0.00306927
811;0MC006055TUO;183;177;0.00962188
811;0MC006055TUO;184;177;0.00147719
811;0MC006055TUO;184;178;0.01001055
811;0MC006055TUO;185;178;0.00854271
811;0MC006055TUO;186;178;0.00854271
811;0MC006055TUO;187;178;0.00848397
811;0MC006055TUO;188;178;0.00836126
811;0MC006055TUO;189;178;0.00836126
811;0MC006055TUO;190;178;0.00193423
811;0SV006004BUT;144;204;0.00008781
811;0SV006004BUT;145;204;0.00006975
811;0SV006004BUT;147;204;0.00472755
811;0SV006004BUT;149;204;0.00295510
811;0SV006004BUT;150;204;0.00003981
811;0SV006004BUT;151;204;0.00000811
811;0SV006004BUT;144;205;0.00010249
811;0SV006004BUT;145;205;0.00053684
811;0SV006004BUT;146;205;0.00089722
811;0SV006004BUT;147;205;0.01411067
811;0SV006004BUT;148;205;0.00156792
811;0SV006004BUT;149;205;0.00566116
811;0SV006004BUT;150;205;0.00050872
811;0SV006004BUT;151;205;0.00014043
811;0SV006004BUT;152;205;0.00008568
811;0SV006004BUT;142;206;0.00002813
811;0SV006004BUT;143;206;0.00040906
811;0SV006004BUT;144;206;0.00045254
811;0SV006004BUT;145;206;0.00049929
811;0SV006004BUT;146;206;0.00334714
811;0SV006004BUT;147;206;0.01615252
811;0SV006004BUT;148;206;0.01491722
811;0SV006004BUT;149;206;0.00032180
811;0SV006004BUT;150;206;0.00047780
811;0SV006004BUT;152;206;0.00075174
811;0SV006004BUT;153;206;0.00022122
811;0SV006004BUT;143;207;0.00006017
811;0SV006004BUT;144;207;0.00011753
811;0SV006004BUT;145;207;0.00027191
811;0SV006004BUT;146;207;0.00231235
811;0SV006004BUT;147;207;0.00980098
811;0SV006004BUT;148;207;0.01137806
811;0SV006004BUT;149;207;0.00156836
811;0SV006004BUT;150;207;0.00124104
811;0SV006004BUT;151;207;0.00016591
811;0SV006004BUT;152;207;0.00510067
811;0SV006004BUT;153;207;0.00015608
811;0SV006004BUT;154;207;0.00008997
811;0SV006004BUT;143;208;0.00046451
811;0SV006004BUT;144;208;0.00087869
811;0SV006004BUT;145;208;0.00087684
811;0SV006004BUT;146;208;0.00092096
811;0SV006004BUT;147;208;0.00930989
811;0SV006004BUT;148;208;0.00229035
811;0SV006004BUT;149;208;0.01731439
811;0SV006004BUT;150;208;0.01043412
811;0SV006004BUT;151;208;0.00482530
811;0SV006004BUT;152;208;0.00483216
811;0SV006004BUT;153;208;0.00012050
811;0SV006004BUT;154;208;0.00017901
811;0SV006004BUT;145;209;0.00104791
811;0SV006004BUT;146;209;0.00305370
811;0SV006004BUT;147;209;0.00979827
811;0SV006004BUT;148;209;0.00311426
811;0SV006004BUT;149;209;0.02704769
811;0SV006004BUT;150;209;0.02733756
811;0SV006004BUT;151;209;0.00882282
811;0SV006004BUT;152;209;0.00331638
811;0SV006004BUT;153;209;0.00154793
811;0SV006004BUT;154;209;0.00183531
811;0SV006004BUT;155;209;0.00001693
811;0SV006004BUT;142;210;0.00004885
811;0SV006004BUT;145;210;0.00094779
811;0SV006004BUT;146;210;0.00010483
811;0SV006004BUT;147;210;0.00848694
811;0SV006004BUT;148;210;0.00044080
811;0SV006004BUT;149;210;0.02758062
811;0SV006004BUT;150;210;0.01438332
811;0SV006004BUT;151;210;0.00772887
811;0SV006004BUT;152;210;0.00487078
811;0SV006004BUT;153;210;0.00000237
811;0SV006004BUT;154;210;0.00059935
811;0SV006004BUT;155;210;0.00077669
811;0SV006004BUT;156;210;0.00030709
811;0SV006004BUT;142;211;0.00008099
811;0SV006004BUT;143;211;0.00004676
811;0SV006004BUT;144;211;0.00004679
811;0SV006004BUT;145;211;0.00109375
811;0SV006004BUT;146;211;0.00007736
811;0SV006004BUT;147;211;0.00844257
811;0SV006004BUT;148;211;0.01077722
811;0SV006004BUT;149;211;0.00985133
811;0SV006004BUT;150;211;0.00104891
811;0SV006004BUT;152;211;0.00367819
811;0SV006004BUT;154;211;0.00036941
811;0SV006004BUT;155;211;0.00025537
811;0SV006004BUT;141;212;0.00000209
811;0SV006004BUT;142;212;0.00009145
811;0SV006004BUT;143;212;0.00001034
811;0SV006004BUT;144;212;0.00004356
811;0SV006004BUT;145;212;0.00106623
811;0SV006004BUT;146;212;0.00000953
811;0SV006004BUT;147;212;0.01998114
811;0SV006004BUT;148;212;0.01692180
811;0SV006004BUT;149;212;0.00057215
811;0SV006004BUT;150;212;0.00071471
811;0SV006004BUT;152;212;0.00328145
811;0SV006004BUT;153;212;0.00062715
811;0SV006004BUT;154;212;0.00013412
811;0SV006004BUT;155;212;0.00018055
811;0SV006004BUT;156;212;0.00056689
811;0SV006004BUT;157;212;0.00002505
811;0SV006004BUT;141;213;0.00268459
811;0SV006004BUT;142;213;0.00129692
811;0SV006004BUT;143;213;0.00129890
811;0SV006004BUT;144;213;0.00196192
811;0SV006004BUT;145;213;0.00291496
811;0SV006004BUT;146;213;0.02160194
811;0SV006004BUT;147;213;0.01610376
811;0SV006004BUT;148;213;0.00739753
811;0SV006004BUT;149;213;0.00530762
811;0SV006004BUT;150;213;0.00100782
811;0SV006004BUT;152;213;0.00326161
811;0SV006004BUT;153;213;0.00154809
811;0SV006004BUT;154;213;0.00003382
811;0SV006004BUT;156;213;0.00039824
811;0SV006004BUT;157;213;0.00048629
811;0SV006004BUT;141;214;0.00009607
811;0SV006004BUT;142;214;0.00079593
811;0SV006004BUT;143;214;0.00206318
811;0SV006004BUT;144;214;0.00320105
811;0SV006004BUT;145;214;0.01918611
811;0SV006004BUT;146;214;0.01704250
811;0SV006004BUT;147;214;0.00005038
811;0SV006004BUT;148;214;0.00382165
811;0SV006004BUT;149;214;0.00354047
811;0SV006004BUT;150;214;0.00242480
811;0SV006004BUT;153;214;0.00066057
811;0SV006004BUT;154;214;0.00107885
811;0SV006004BUT;141;215;0.00000279
811;0SV006004BUT;142;215;0.00073750
811;0SV006004BUT;143;215;0.00329794
811;0SV006004BUT;144;215;0.04286846
811;0SV006004BUT;145;215;0.04411948
811;0SV006004BUT;146;215;0.01418145
811;0SV006004BUT;147;215;0.00611171
811;0SV006004BUT;148;215;0.00405810
811;0SV006004BUT;149;215;0.00324766
811;0SV006004BUT;150;215;0.00216311
811;0SV006004BUT;151;215;0.00045618
811;0SV006004BUT;152;215;0.00007404
811;0SV006004BUT;153;215;0.00135127
811;0SV006004BUT;154;215;0.00147211
811;0SV006004BUT;155;215;0.00064626
811;0SV006004BUT;140;216;0.00019199
811;0SV006004BUT;141;216;0.00779898
811;0SV006004BUT;142;216;0.00744099
811;0SV006004BUT;143;216;0.03961702
811;0SV006004BUT;144;216;0.09602391
811;0SV006004BUT;145;216;0.01604806
811;0SV006004BUT;146;216;0.00192818
811;0SV006004BUT;147;216;0.00931952
811;0SV006004BUT;148;216;0.02480810
811;0SV006004BUT;149;216;0.01632032
811;0SV006004BUT;150;216;0.00155238
811;0SV006004BUT;151;216;0.00115385
811;0SV006004BUT;155;216;0.00020436
811;0SV006004BUT;141;217;0.00086700
811;0SV006004BUT;142;217;0.00374937
811;0SV006004BUT;143;217;0.02422488
811;0SV006004BUT;144;217;0.00886680
811;0SV006004BUT;145;217;0.00007102
811;0SV006004BUT;146;217;0.00356166
811;0SV006004BUT;147;217;0.00006047
811;0SV006004BUT;148;217;0.00372586
811;0SV006004BUT;149;217;0.02274040
811;0SV006004BUT;150;217;0.00011946
811;0SV006004BUT;151;217;0.00162656
811;0SV006004BUT;152;217;0.00096289
811;0SV006004BUT;155;217;0.00010379
811;0SV006004BUT;140;218;0.00001834
811;0SV006004BUT;141;218;0.00010090
811;0SV006004BUT;142;218;0.00967312
811;0SV006004BUT;143;218;0.00180126
811;0SV006004BUT;144;218;0.00208189
811;0SV006004BUT;145;218;0.00007701
811;0SV006004BUT;146;218;0.00236051
811;0SV006004BUT;147;218;0.00234037
811;0SV006004BUT;148;218;0.00037137
811;0SV006004BUT;149;218;0.01712571
811;0SV006004BUT;152;218;0.00051266
811;0SV006004BUT;153;218;0.00070391
811;0SV006004BUT;140;219;0.00004366
811;0SV006004BUT;141;219;0.00589944
811;0SV006004BUT;142;219;0.00348861
811;0SV006004BUT;143;219;0.00010518
811;0SV006004BUT;144;219;0.00118814
811;0SV006004BUT;145;219;0.00122868
811;0SV006004BUT;147;219;0.00349323
811;0SV006004BUT;148;219;0.00037534
811;0SV006004BUT;149;219;0.00401972
811;0SV006004BUT;150;219;0.00002362
811;0SV006004BUT;153;219;0.00046310
811;0SV006004BUT;141;220;0.00223588
811;0SV006004BUT;142;220;0.00002321
811;0SV006004BUT;143;220;0.00001312
811;0SV006004BUT;145;220;0.00036965
811;0SV006004BUT;146;220;0.00086052
811;0SV006004BUT;147;220;0.00091403
811;0SV006004BUT;148;220;0.00056184
811;0SV006004BUT;149;220;0.00104794
811;0SV006004BUT;150;220;0.00087387
811;0SV006004BUT;146;221;0.00100933
811;0SV006004BUT;147;221;0.00000080
811;0SV006004BUT;148;221;0.00099796
811;0SV006004BUT;150;221;0.00065795
811;0SV006004BUT;146;222;0.00002914
811;0SV006004BUT;147;222;0.00004933
811;0SV006004BUT;148;222;0.00116394
811;0SV006004BUT;150;222;0.00100876
811;0SV006004BUT;151;222;0.00051613
811;0SV006004BUT;148;223;0.00102746
811;0SV006004BUT;150;223;0.00073135
811;0SV006004BUT;148;224;0.00041919
811;0SV006004BUT;149;224;0.00051657
811;0SV006004BUT;150;224;0.00017297
811;0SV006004BUT;149;225;0.00038036
811;0SV006004BUT;150;225;0.00077355
811;0SV006004BUT;151;225;0.00000160
811;0SV006004BUT;151;226;0.00000280
811;0SV006004BUT;152;226;0.00000220
811;0MC006046NSI;177;208;0.07058828
811;0MC006046NSI;182;208;0.15282699
811;0MC006046NSI;160;209;0.00053103
811;0MC006046NSI;161;209;0.00667326
811;0MC006046NSI;162;209;0.00077050
811;0MC006046NSI;176;209;0.03624690
811;0MC006046NSI;177;209;0.05420892
811;0MC006046NSI;178;209;0.00012620
811;0MC006046NSI;179;209;0.00001828
811;0MC006046NSI;162;210;0.00590276
811;0MC006046NSI;163;210;0.00667326
811;0MC006046NSI;164;210;0.00642551
811;0MC006046NSI;165;210;0.00031343
811;0MC006046NSI;175;210;0.02466743
811;0MC006046NSI;176;210;0.07234379
811;0MC006046NSI;179;210;0.00010792
811;0MC006046NSI;180;210;0.00012620
811;0MC006046NSI;181;210;0.00012620
811;0MC006046NSI;182;210;0.00004359
811;0MC006046NSI;165;211;0.00593055
811;0MC006046NSI;166;211;0.00624398
811;0MC006046NSI;167;211;0.00624398
811;0MC006046NSI;168;211;0.00624398
811;0MC006046NSI;169;211;0.00470344
811;0MC006046NSI;174;211;0.01547034
811;0MC006046NSI;175;211;0.06113498
811;0MC006046NSI;169;212;0.00181832
811;0MC006046NSI;170;212;0.00090064
811;0MC006046NSI;171;212;0.00058719
811;0MC006046NSI;172;212;0.00310976
811;0MC006046NSI;173;212;0.01483442
811;0MC006046NSI;174;212;0.03707497
811;0MC006046NSI;175;212;0.03300040
811;0MC006046NSI;169;213;0.00102391
811;0MC006046NSI;170;213;0.00040039
811;0MC006046NSI;171;213;0.00049563
811;0MC006046NSI;172;213;0.00418265
811;0MC006046NSI;173;213;0.02338756
811;0MC006046NSI;174;213;0.05054091
811;0MC006046NSI;175;213;0.00031446
811;0MC006046NSI;168;214;0.00023731
811;0MC006046NSI;169;214;0.00082923
811;0MC006046NSI;171;214;0.00179905
811;0MC006046NSI;172;214;0.00936236
811;0MC006046NSI;173;214;0.01978048
811;0MC006046NSI;175;214;0.05670802
811;0MC006046NSI;176;214;0.04501786
811;0MC006046NSI;177;214;0.06206957
811;0MC006046NSI;181;214;0.00345030
811;0MC006046NSI;182;214;0.03332644
811;0MC006046NSI;171;215;0.00433350
811;0MC006046NSI;173;215;0.00312155
811;0MC006046NSI;177;215;0.01225650
811;0MC006046NSI;181;215;0.03134489
811;0LC006017LAK;127;188;0.04224191
811;0LC006017LAK;127;189;0.04203350
811;0LC006017LAK;125;190;0.00067992
811;0LC006017LAK;126;190;0.00807626
811;0LC006017LAK;127;190;0.02587486
811;0LC006017LAK;128;190;0.01627808
811;0LC006017LAK;125;191;0.00622452
811;0LC006017LAK;128;191;0.02738447
811;0LC006017LAK;125;192;0.00654126
811;0LC006017LAK;127;192;0.03023494
811;0LC006017LAK;128;192;0.00710910
811;0LC006017LAK;124;193;0.00450800
811;0LC006017LAK;125;193;0.00730711
811;0LC006017LAK;127;193;0.03071907
811;0LC006017LAK;124;194;0.01503027
811;0LC006017LAK;125;194;0.01151734
811;0LC006017LAK;126;194;0.01088501
811;0LC006017LAK;127;194;0.04385427
811;0LC006017LAK;123;195;0.03186663
811;0LC006017LAK;124;195;0.00470666
811;0LC006017LAK;125;195;0.00223952
811;0LC006017LAK;127;195;0.04829559
811;0LC006017LAK;119;196;0.00659462
811;0LC006017LAK;120;196;0.03815769
811;0LC006017LAK;121;196;0.01690082
811;0LC006017LAK;122;196;0.01349088
811;0LC006017LAK;123;196;0.00398610
811;0LC006017LAK;127;196;0.03083839
811;0LC006017LAK;128;196;0.01289739
811;0LC006017LAK;129;196;0.03102259
811;0LC006017LAK;131;196;0.00705197
811;0LC006017LAK;121;197;0.03900647
811;0LC006017LAK;124;197;0.01199057
811;0LC006017LAK;125;197;0.01572263
811;0LC006017LAK;126;197;0.03141799
811;0LC006017LAK;127;197;0.01995197
811;0LC006017LAK;128;197;0.01919041
811;0LC006017LAK;129;197;0.00098750
811;0LC006017LAK;130;197;0.02705447
811;0LC006017LAK;131;197;0.01610853
811;0LC006017LAK;120;198;0.00774960
811;0LC006017LAK;121;198;0.02494776
811;0LC006017LAK;124;198;0.02816600
811;0LC006017LAK;120;199;0.00655447
811;0LC006017LAK;121;199;0.02866736
811;0LC006017LAK;123;199;0.02270172
811;0LC006017LAK;124;199;0.00278307
811;0LC006017LAK;119;200;0.00561021
811;0LC006017LAK;120;200;0.00018458
811;0LC006017LAK;121;200;0.01332666
811;0LC006017LAK;122;200;0.03229389
811;0LC006017LAK;123;200;0.00285618
811;0LC006017LAK;119;201;0.02506542
811;0LC006017LAK;120;201;0.01532167
811;0LC006017LAK;121;201;0.01343740
811;0LC006017LAK;118;202;0.00416208
811;0LC006017LAK;119;202;0.00019263
811;NEP006025MOD;159;255;0.00176764
811;NEP006025MOD;162;255;0.01106380
811;NEP006025MOD;163;255;0.01116070
811;NEP006025MOD;171;255;0.00879019
811;NEP006025MOD;180;255;0.00010565
811;NEP006025MOD;181;255;0.00053335
811;NEP006025MOD;159;256;0.00196989
811;NEP006025MOD;163;256;0.01891421
811;NEP006025MOD;171;256;0.00915973
811;NEP006025MOD;180;256;0.00068801
811;NEP006025MOD;159;257;0.00196989
811;NEP006025MOD;163;257;0.01285879
811;NEP006025MOD;164;257;0.00612528
811;NEP006025MOD;171;257;0.00915973
811;NEP006025MOD;180;257;0.00068801
811;NEP006025MOD;159;258;0.00169145
811;NEP006025MOD;163;258;0.01793890
811;NEP006025MOD;164;258;0.00169152
811;NEP006025MOD;171;258;0.00915973
811;NEP006025MOD;180;258;0.00068801
811;NEP006025MOD;158;259;0.00013879
811;NEP006025MOD;159;259;0.00000294
811;NEP006025MOD;162;259;0.00082877
811;NEP006025MOD;163;259;0.01880165
811;NEP006025MOD;171;259;0.00917615
811;NEP006025MOD;179;259;0.00064612
811;NEP006025MOD;180;259;0.00004189
811;NEP006025MOD;157;260;0.00002016
811;NEP006025MOD;158;260;0.00010013
811;NEP006025MOD;162;260;0.00663570
811;NEP006025MOD;163;260;0.01570842
811;NEP006025MOD;171;260;0.00918578
811;NEP006025MOD;179;260;0.00068801
811;NEP006025MOD;158;261;0.00011201
811;NEP006025MOD;163;261;0.01076775
811;NEP006025MOD;164;261;0.01255124
811;NEP006025MOD;166;261;0.01751167
811;NEP006025MOD;167;261;0.01867694
811;NEP006025MOD;168;261;0.01879429
811;NEP006025MOD;169;261;0.02145012
811;NEP006025MOD;171;261;0.00918580
811;NEP006025MOD;179;261;0.00068801
811;NEP006025MOD;158;262;0.00011201
811;NEP006025MOD;162;262;0.00014481
811;NEP006025MOD;163;262;0.00206686
811;NEP006025MOD;164;262;0.00999842
811;NEP006025MOD;165;262;0.01760078
811;NEP006025MOD;166;262;0.01760078
811;NEP006025MOD;167;262;0.01760078
811;NEP006025MOD;168;262;0.00526070
811;NEP006025MOD;169;262;0.00033178
811;NEP006025MOD;170;262;0.02444275
811;NEP006025MOD;171;262;0.00918397
811;NEP006025MOD;178;262;0.00049859
811;NEP006025MOD;179;262;0.00018943
811;NEP006025MOD;158;263;0.00011201
811;NEP006025MOD;160;263;0.00083963
811;NEP006025MOD;161;263;0.00170034
811;NEP006025MOD;162;263;0.00177125
811;NEP006025MOD;168;263;0.01234008
811;NEP006025MOD;169;263;0.01755833
811;NEP006025MOD;170;263;0.01877008
811;NEP006025MOD;171;263;0.10490939
811;NEP006025MOD;172;263;0.01233865
811;NEP006025MOD;178;263;0.00804072
811;NEP006025MOD;158;264;0.00124956
811;NEP006025MOD;159;264;0.00170034
811;NEP006025MOD;160;264;0.00086071
811;NEP006025MOD;171;264;0.04381232
811;NEP006025MOD;172;264;0.03098778
811;NEP006025MOD;173;264;0.01674108
811;NEP006025MOD;174;264;0.01674108
811;NEP006025MOD;175;264;0.00011938
811;NEP006025MOD;176;264;0.01249287
811;NEP006025MOD;177;264;0.01726496
811;NEP006025MOD;178;264;0.01475796
811;NEP006025MOD;179;264;0.00067236
811;NEP006025MOD;180;264;0.00067239
811;NEP006025MOD;181;264;0.00067240
811;NEP006025MOD;182;264;0.00000486
811;NEP006025MOD;158;265;0.00200637
811;NEP006025MOD;172;265;0.00115908
811;NEP006025MOD;173;265;0.01221360
811;NEP006025MOD;175;265;0.01671019
811;NEP006025MOD;176;265;0.00477325
811;NEP006025MOD;157;266;0.00181261
811;NEP006025MOD;158;266;0.00019375
811;NEP006025MOD;173;266;0.01337268
811;NEP006025MOD;156;267;0.00011002
811;NEP006025MOD;157;267;0.00187154
811;NEP006025MOD;173;267;0.01337268
811;NEP006025MOD;156;268;0.00194446
811;NEP006025MOD;173;268;0.00573415
811;NEP006025MOD;174;268;0.00763853
811;NEP006025MOD;156;269;0.00194446
811;NEP006025MOD;173;269;0.00020034
811;NEP006025MOD;174;269;0.01335293
811;NEP006025MOD;155;270;0.00179289
811;NEP006025MOD;156;270;0.00005657
811;NEP006025MOD;172;270;0.00019555
811;NEP006025MOD;173;270;0.00022689
811;NEP006025MOD;174;270;0.01281363
811;NEP006025MOD;155;271;0.00175160
811;NEP006025MOD;172;271;0.00033568
811;NEP006025MOD;174;271;0.01281363
811;NEP006025MOD;155;272;0.00543279
811;NEP006025MOD;172;272;0.00033568
811;NEP006025MOD;174;272;0.00456856
811;NEP006025MOD;175;272;0.00824506
811;NEP006025MOD;154;273;0.00778844
811;NEP006025MOD;155;273;0.01947118
811;NEP006025MOD;172;273;0.00033568
811;NEP006025MOD;175;273;0.01281363
811;NEP006025MOD;153;274;0.01056847
811;NEP006025MOD;154;274;0.00694418
811;NEP006025MOD;155;274;0.00974696
811;NEP006025MOD;172;274;0.00033568
811;NEP006025MOD;175;274;0.01281363
811;NEP006025MOD;152;275;0.00268162
811;NEP006025MOD;153;275;0.00507290
811;NEP006025MOD;155;275;0.00041070
811;NEP006025MOD;171;275;0.00028713
811;NEP006025MOD;172;275;0.00004855
811;NEP006025MOD;175;275;0.01281363
811;NEP006025MOD;154;276;0.00015678
811;NEP006025MOD;155;276;0.00017828
811;NEP006025MOD;171;276;0.00026592
811;NEP006025MOD;175;276;0.00840467
811;NEP006025MOD;176;276;0.00188381
811;0MC0060090ED;160;183;0.00039906
811;0MC0060090ED;161;183;0.00023364
811;0MC0060090ED;162;183;0.00236608
811;0MC0060090ED;166;183;0.00124630
811;0MC0060090ED;167;183;0.00004244
811;0MC0060090ED;171;183;0.00047828
811;0MC0060090ED;172;183;0.00069231
811;0MC0060090ED;173;183;0.00038452
811;0MC0060090ED;174;183;0.00000645
811;0MC0060090ED;175;183;0.00000429
811;0MC0060090ED;176;183;0.00000346
811;0MC0060090ED;160;184;0.00005986
811;0MC0060090ED;161;184;0.00510148
811;0MC0060090ED;162;184;0.00042744
811;0MC0060090ED;164;184;0.00433628
811;0MC0060090ED;166;184;0.00003793
811;0MC0060090ED;167;184;0.00042971
811;0MC0060090ED;168;184;0.00095938
811;0MC0060090ED;169;184;0.00101191
811;0MC0060090ED;170;184;0.00092366
811;0MC0060090ED;171;184;0.00025317
811;0MC0060090ED;172;184;0.00000257
811;0MC0060090ED;173;184;0.00000566
811;0MC0060090ED;176;184;0.00000583
811;0MC0060090ED;177;184;0.00000041
811;0MC0060090ED;160;185;0.00499943
811;0MC0060090ED;161;185;0.00185912
811;0MC0060090ED;162;185;0.00091911
811;0MC0060090ED;163;185;0.00000110
811;0MC0060090ED;164;185;0.00204140
811;0MC0060090ED;165;185;0.00083178
811;0MC0060090ED;166;185;0.00069975
811;0MC0060090ED;167;185;0.00199184
811;0MC0060090ED;168;185;0.00149432
811;0MC0060090ED;169;185;0.00088272
811;0MC0060090ED;170;185;0.00053510
811;0MC0060090ED;171;185;0.00000200
811;0MC0060090ED;172;185;0.00000533
811;0MC0060090ED;173;185;0.00000590
811;0MC0060090ED;177;185;0.00000729
811;0MC0060090ED;159;186;0.05571131
811;0MC0060090ED;160;186;0.09455389
811;0MC0060090ED;161;186;0.06697046
811;0MC0060090ED;162;186;0.03373089
811;0MC0060090ED;163;186;0.00115974
811;0MC0060090ED;164;186;0.00162064
811;0MC0060090ED;166;186;0.00035038
811;0MC0060090ED;167;186;0.00519344
811;0MC0060090ED;168;186;0.00301243
811;0MC0060090ED;169;186;0.00088989
811;0MC0060090ED;170;186;0.00066154
811;0MC0060090ED;171;186;0.00077103
811;0MC0060090ED;177;186;0.00002079
811;0MC0060090ED;178;186;0.00000071
811;0MC0060090ED;159;187;0.01798498
811;0MC0060090ED;160;187;0.01354896
811;0MC0060090ED;161;187;0.02191979
811;0MC0060090ED;162;187;0.04203831
811;0MC0060090ED;163;187;0.05924524
811;0MC0060090ED;164;187;0.01450711
811;0MC0060090ED;165;187;0.01020317
811;0MC0060090ED;166;187;0.00903765
811;0MC0060090ED;167;187;0.00748669
811;0MC0060090ED;168;187;0.00303688
811;0MC0060090ED;169;187;0.00040488
811;0MC0060090ED;170;187;0.00001121
811;0MC0060090ED;171;187;0.00001726
811;0MC0060090ED;174;187;0.00000332
811;0MC0060090ED;175;187;0.00000824
811;0MC0060090ED;176;187;0.00000860
811;0MC0060090ED;177;187;0.00000364
811;0MC0060090ED;178;187;0.00004239
811;0MC0060090ED;159;188;0.02444661
811;0MC0060090ED;160;188;0.00964618
811;0MC0060090ED;161;188;0.00887329
811;0MC0060090ED;162;188;0.00937075
811;0MC0060090ED;163;188;0.00526070
811;0MC0060090ED;164;188;0.05997838
811;0MC0060090ED;165;188;0.05426976
811;0MC0060090ED;166;188;0.02852961
811;0MC0060090ED;167;188;0.00347027
811;0MC0060090ED;168;188;0.00889772
811;0MC0060090ED;169;188;0.00175539
811;0MC0060090ED;170;188;0.00018196
811;0MC0060090ED;171;188;0.00000023
811;0MC0060090ED;172;188;0.00000936
811;0MC0060090ED;173;188;0.00000812
811;0MC0060090ED;174;188;0.00000441
811;0MC0060090ED;177;188;0.00006436
811;0MC0060090ED;178;188;0.00001998
811;0MC0060090ED;160;189;0.00261253
811;0MC0060090ED;161;189;0.00001365
811;0MC0060090ED;162;189;0.00460712
811;0MC0060090ED;163;189;0.00286684
811;0MC0060090ED;164;189;0.00494039
811;0MC0060090ED;165;189;0.00855814
811;0MC0060090ED;166;189;0.00741709
811;0MC0060090ED;167;189;0.02060675
811;0MC0060090ED;168;189;0.01751119
811;0MC0060090ED;169;189;0.01572946
811;0MC0060090ED;170;189;0.01747155
811;0MC0060090ED;171;189;0.01100864
811;0MC0060090ED;172;189;0.00825244
811;0MC0060090ED;173;189;0.00584216
811;0MC0060090ED;174;189;0.00760453
811;0MC0060090ED;175;189;0.01007501
811;0MC0060090ED;176;189;0.00283072
811;0MC0060090ED;177;189;0.00003669
811;0MC0060090ED;160;190;0.00133653
811;0MC0060090ED;161;190;0.00078270
811;0MC0060090ED;163;190;0.00867196
811;0MC0060090ED;164;190;0.00172280
811;0MC0060090ED;165;190;0.00472446
811;0MC0060090ED;166;190;0.00190798
811;0MC0060090ED;167;190;0.00104020
811;0MC0060090ED;172;190;0.00437062
811;0MC0060090ED;173;190;0.00532988
811;0MC0060090ED;174;190;0.00443169
811;0MC0060090ED;175;190;0.00019253
811;0MC0060090ED;176;190;0.00725974
811;0MC0060090ED;177;190;0.00998085
811;0MC0060090ED;178;190;0.00975726
811;0MC0060090ED;179;190;0.01146984
811;0MC0060090ED;160;191;0.00011659
811;0MC0060090ED;161;191;0.00595339
811;0MC0060090ED;162;191;0.00422265
811;0MC0060090ED;163;191;0.00789406
811;0MC0060090ED;164;191;0.00073045
811;0MC0060090ED;165;191;0.00251949
811;0MC0060090ED;167;191;0.00017116
811;0MC0060090ED;168;191;0.00014270
811;0MC0060090ED;179;191;0.00141302
811;0MC0060090ED;161;192;0.00597303
811;0MC0060090ED;164;192;0.00236356
811;0MC0060090ED;165;192;0.00172222
811;0MC0060090ED;160;193;0.00598848
811;0MC0060090ED;161;193;0.01376226
811;0MC0060090ED;162;193;0.00302954
811;0MC0060090ED;163;193;0.00336991
811;0MC0060090ED;164;193;0.00391573
811;0MC0060090ED;165;193;0.00090632
811;0MC0060090ED;165;194;0.00012314
811;0MC0060090ED;166;194;0.00008759
811;0MD0060190AV;226;71;0.00528093
811;0MD0060190AV;234;71;0.00010222
811;0MD0060190AV;235;71;0.00032506
811;0MD0060190AV;236;71;0.00007418
811;0MD0060190AV;226;72;0.00560709
811;0MD0060190AV;230;72;0.00007233
811;0MD0060190AV;231;72;0.00003345
811;0MD0060190AV;232;72;0.00014923
811;0MD0060190AV;233;72;0.00033250
811;0MD0060190AV;234;72;0.00034521
811;0MD0060190AV;225;73;0.00267688
811;0MD0060190AV;226;73;0.00298415
811;0MD0060190AV;230;73;0.00022435
811;0MD0060190AV;231;73;0.00030941
811;0MD0060190AV;232;73;0.00038843
811;0MD0060190AV;233;73;0.00002327
811;0MD0060190AV;235;73;0.00410280
811;0MD0060190AV;236;73;0.00003241
811;0MD0060190AV;224;74;0.05814472
811;0MD0060190AV;225;74;0.07171198
811;0MD0060190AV;226;74;0.00098477
811;0MD0060190AV;227;74;0.00067189
811;0MD0060190AV;228;74;0.00026930
811;0MD0060190AV;229;74;0.00083395
811;0MD0060190AV;230;74;0.00048466
811;0MD0060190AV;231;74;0.00000173
811;0MD0060190AV;232;74;0.00515893
811;0MD0060190AV;233;74;0.01049177
811;0MD0060190AV;234;74;0.01183571
811;0MD0060190AV;235;74;0.00704468
811;0MD0060190AV;225;75;0.07082898
811;0MD0060190AV;226;75;0.01003890
811;0MD0060190AV;227;75;0.00611751
811;0MD0060190AV;228;75;0.00730020
811;0MD0060190AV;229;75;0.00634642
811;0MD0060190AV;230;75;0.00761531
811;0MD0060190AV;231;75;0.01035017
811;0MD0060190AV;232;75;0.00582645
811;0MD0060190AV;233;75;0.00013310
811;0MD0060190AV;234;75;0.00010455
811;0MD0060190AV;235;75;0.00080769
811;0MD0060190AV;221;76;0.00010783
811;0MD0060190AV;223;76;0.00007981
811;0MD0060190AV;224;76;0.00084946
811;0MD0060190AV;225;76;0.06507840
811;0MD0060190AV;226;76;0.01013200
811;0MD0060190AV;227;76;0.00663885
811;0MD0060190AV;228;76;0.00215420
811;0MD0060190AV;229;76;0.00090206
811;0MD0060190AV;230;76;0.01513836
811;0MD0060190AV;231;76;0.00085347
811;0MD0060190AV;232;76;0.00710859
811;0MD0060190AV;233;76;0.01077202
811;0MD0060190AV;234;76;0.02614437
811;0MD0060190AV;235;76;0.01161663
811;0MD0060190AV;221;77;0.00060744
811;0MD0060190AV;222;77;0.00160898
811;0MD0060190AV;223;77;0.00301431
811;0MD0060190AV;224;77;0.03824119
811;0MD0060190AV;225;77;0.03749760
811;0MD0060190AV;226;77;0.03258450
811;0MD0060190AV;227;77;0.03531389
811;0MD0060190AV;228;77;0.00756876
811;0MD0060190AV;229;77;0.00740879
811;0MD0060190AV;230;77;0.04012144
811;0MD0060190AV;231;77;0.00018278
811;0MD0060190AV;232;77;0.00058358
811;0MD0060190AV;233;77;0.00031442
811;0MD0060190AV;234;77;0.00045571
811;0MD0060190AV;235;77;0.00012094
811;0MD0060190AV;219;78;0.00057327
811;0MD0060190AV;220;78;0.00050003
811;0MD0060190AV;221;78;0.00008454
811;0MD0060190AV;222;78;0.00110919
811;0MD0060190AV;223;78;0.00176990
811;0MD0060190AV;224;78;0.04802310
811;0MD0060190AV;225;78;0.00651480
811;0MD0060190AV;226;78;0.00043907
811;0MD0060190AV;227;78;0.00135523
811;0MD0060190AV;228;78;0.00143478
811;0MD0060190AV;229;78;0.00074726
811;0MD0060190AV;230;78;0.00105509
811;0MD0060190AV;231;78;0.00140191
811;0MD0060190AV;232;78;0.00023135
811;0MD0060190AV;233;78;0.00018587
811;0MD0060190AV;234;78;0.00011845
811;0MD0060190AV;216;79;0.00010411
811;0MD0060190AV;217;79;0.00016829
811;0MD0060190AV;218;79;0.00015888
811;0MD0060190AV;219;79;0.00057394
811;0MD0060190AV;220;79;0.00017968
811;0MD0060190AV;221;79;0.00079788
811;0MD0060190AV;222;79;0.00204470
811;0MD0060190AV;223;79;0.00502175
811;0MD0060190AV;224;79;0.05264999
811;0MD0060190AV;225;79;0.01177491
811;0MD0060190AV;226;79;0.00343183
811;0MD0060190AV;227;79;0.00098563
811;0MD0060190AV;228;79;0.00037608
811;0MD0060190AV;229;79;0.00039913
811;0MD0060190AV;231;79;0.00027487
811;0MD0060190AV;232;79;0.00007557
811;0MD0060190AV;233;79;0.00010711
811;0MD0060190AV;234;79;0.00010716
811;0MD0060190AV;213;80;0.00025705
811;0MD0060190AV;214;80;0.00033873
811;0MD0060190AV;215;80;0.00016939
811;0MD0060190AV;216;80;0.00005830
811;0MD0060190AV;218;80;0.00000881
811;0MD0060190AV;219;80;0.00014478
811;0MD0060190AV;220;80;0.00020319
811;0MD0060190AV;221;80;0.00042893
811;0MD0060190AV;222;80;0.00071580
811;0MD0060190AV;223;80;0.00237328
811;0MD0060190AV;224;80;0.03257101
811;0MD0060190AV;225;80;0.00537901
811;0MD0060190AV;226;80;0.00216261
811;0MD0060190AV;227;80;0.00057028
811;0MD0060190AV;228;80;0.00029633
811;0MD0060190AV;229;80;0.00066996
811;0MD0060190AV;230;80;0.00057867
811;0MD0060190AV;231;80;0.00053132
811;0MD0060190AV;232;80;0.00046563
811;0MD0060190AV;233;80;0.00061083
811;0MD0060190AV;234;80;0.00005385
811;0MD0060190AV;211;81;0.00057750
811;0MD0060190AV;212;81;0.00572307
811;0MD0060190AV;213;81;0.00008979
811;0MD0060190AV;214;81;0.00344751
811;0MD0060190AV;215;81;0.00510611
811;0MD0060190AV;216;81;0.00414371
811;0MD0060190AV;217;81;0.00077030
811;0MD0060190AV;218;81;0.00001185
811;0MD0060190AV;220;81;0.00001513
811;0MD0060190AV;221;81;0.00029867
811;0MD0060190AV;222;81;0.00057250
811;0MD0060190AV;223;81;0.00107875
811;0MD0060190AV;224;81;0.02468715
811;0MD0060190AV;225;81;0.00062008
811;0MD0060190AV;226;81;0.00024346
811;0MD0060190AV;227;81;0.00028795
811;0MD0060190AV;228;81;0.00015466
811;0MD0060190AV;229;81;0.00011134
811;0MD0060190AV;230;81;0.00031332
811;0MD0060190AV;231;81;0.00036880
811;0MD0060190AV;232;81;0.00032615
811;0MD0060190AV;233;81;0.00086712
811;0MD0060190AV;234;81;0.00059139
811;0MD0060190AV;235;81;0.00034271
811;0MD0060190AV;211;82;0.00073110
811;0MD0060190AV;212;82;0.00009433
811;0MD0060190AV;213;82;0.00530080
811;0MD0060190AV;214;82;0.00226697
811;0MD0060190AV;215;82;0.00011382
811;0MD0060190AV;216;82;0.00089994
811;0MD0060190AV;217;82;0.00427385
811;0MD0060190AV;218;82;0.00502767
811;0MD0060190AV;219;82;0.00502769
811;0MD0060190AV;220;82;0.00520849
811;0MD0060190AV;221;82;0.00529737
811;0MD0060190AV;222;82;0.00519596
811;0MD0060190AV;223;82;0.00594826
811;0MD0060190AV;224;82;0.02062922
811;0MD0060190AV;227;82;0.00004799
811;0MD0060190AV;228;82;0.00015614
811;0MD0060190AV;229;82;0.00020575
811;0MD0060190AV;230;82;0.00016559
811;0MD0060190AV;233;82;0.00000294
811;0MD0060190AV;234;82;0.00001272
811;0MD0060190AV;221;83;0.00000171
811;0MD0060190AV;222;83;0.00000020
811;0MD0060190AV;223;83;0.00000145
811;0MD0060190AV;224;83;0.00991019
811;0SF0060010BA;141;154;0.02489143
811;0SF0060010BA;140;155;0.02393129
811;0SF0060010BA;141;155;0.07040784
811;0SF0060010BA;137;156;0.00298615
811;0SF0060010BA;138;156;0.00123675
811;0SF0060010BA;139;156;0.02408198
811;0SF0060010BA;140;156;0.04078118
811;0SF0060010BA;141;156;0.04145340
811;0SF0060010BA;138;157;0.01897628
811;0SF0060010BA;139;157;0.01763753
811;0SF0060010BA;140;157;0.00126278
811;0SF0060010BA;141;157;0.04166416
811;0SF0060010BA;142;157;0.02328257
811;0SF0060010BA;135;158;0.00263961
811;0SF0060010BA;136;158;0.00152217
811;0SF0060010BA;137;158;0.00003038
811;0SF0060010BA;138;158;0.03396005
811;0SF0060010BA;139;158;0.00052197
811;0SF0060010BA;140;158;0.00001201
811;0SF0060010BA;142;158;0.04391766
811;0SF0060010BA;143;158;0.00581795
811;0SF0060010BA;136;159;0.00464312
811;0SF0060010BA;137;159;0.02904377
811;0SF0060010BA;138;159;0.01331894
811;0SF0060010BA;139;159;0.00001291
811;0SF0060010BA;140;159;0.00000075
811;0SF0060010BA;141;159;0.00053734
811;0SF0060010BA;142;159;0.04050162
811;0SF0060010BA;143;159;0.00460341
811;0SF0060010BA;144;159;0.00561731
811;0SF0060010BA;149;159;0.00534988
811;0SF0060010BA;136;160;0.00167386
811;0SF0060010BA;137;160;0.03726299
811;0SF0060010BA;138;160;0.00318654
811;0SF0060010BA;139;160;0.00000059
811;0SF0060010BA;140;160;0.00000016
811;0SF0060010BA;141;160;0.02989102
811;0SF0060010BA;142;160;0.00553731
811;0SF0060010BA;143;160;0.00210503
811;0SF0060010BA;144;160;0.00352739
811;0SF0060010BA;145;160;0.00098219
811;0SF0060010BA;146;160;0.00002717
811;0SF0060010BA;135;161;0.00212191
811;0SF0060010BA;136;161;0.04336699
811;0SF0060010BA;137;161;0.00556717
811;0SF0060010BA;138;161;0.00601567
811;0SF0060010BA;139;161;0.00621559
811;0SF0060010BA;140;161;0.00575561
811;0SF0060010BA;141;161;0.03341865
811;0SF0060010BA;142;161;0.00537599
811;0SF0060010BA;143;161;0.00239893
811;0SF0060010BA;144;161;0.00282200
811;0SF0060010BA;145;161;0.00233440
811;0SF0060010BA;146;161;0.00015859
811;0SF0060010BA;147;161;0.00015273
811;0SF0060010BA;148;161;0.00001013
811;0SF0060010BA;149;161;0.00115297
811;0SF0060010BA;134;162;0.00120585
811;0SF0060010BA;135;162;0.04145908
811;0SF0060010BA;136;162;0.00119745
811;0SF0060010BA;137;162;0.00012501
811;0SF0060010BA;138;162;0.00009561
811;0SF0060010BA;139;162;0.00018482
811;0SF0060010BA;141;162;0.00000024
811;0SF0060010BA;142;162;0.00000297
811;0SF0060010BA;144;162;0.00001372
811;0SF0060010BA;145;162;0.00126181
811;0SF0060010BA;148;162;0.00023050
811;0SF0060010BA;149;162;0.00411645
811;0SF0060010BA;133;163;0.00047235
811;0SF0060010BA;134;163;0.03863429
811;0SF0060010BA;135;163;0.01776944
811;0SF0060010BA;136;163;0.00081782
811;0SF0060010BA;137;163;0.00021394
811;0SF0060010BA;139;163;0.00007433
811;0SF0060010BA;145;163;0.00025010
811;0SF0060010BA;148;163;0.00016670
811;0SF0060010BA;132;164;0.01526685
811;0SF0060010BA;133;164;0.04851522
811;0SF0060010BA;134;164;0.02379016
811;0SF0060010BA;135;164;0.00196385
811;0SF0060010BA;136;164;0.00003347
811;0SF0060010BA;137;164;0.00001875
811;0SF0060010BA;148;164;0.00003442
811;0SF0060010BA;133;165;0.02873270
811;0SF0060010BA;134;165;0.01872418
811;0SF0060010BA;135;165;0.00540203
811;0SF0060010BA;133;166;0.02198850
811;0SF0060010BA;134;166;0.00153095
811;0SF0060010BA;135;166;0.00000062
811;GBV006014GBU;229;110;0.01089131
811;GBV006014GBU;229;111;0.01631566
811;GBV006014GBU;229;112;0.01631566
811;GBV006014GBU;229;113;0.01631566
811;GBV006014GBU;228;114;0.01453379
811;GBV006014GBU;229;114;0.00178188
811;GBV006014GBU;228;115;0.01631566
811;GBV006014GBU;228;116;0.01631566
811;GBV006014GBU;264;116;0.00041006
811;GBV006014GBU;265;116;0.00350309
811;GBV006014GBU;227;117;0.00081882
811;GBV006014GBU;228;117;0.01549685
811;GBV006014GBU;264;117;0.00490625
811;GBV006014GBU;265;117;0.00282115
811;GBV006014GBU;227;118;0.01631566
811;GBV006014GBU;264;118;0.00490625
811;GBV006014GBU;265;118;0.00148648
811;GBV006014GBU;266;118;0.00133467
811;GBV006014GBU;227;119;0.01631566
811;GBV006014GBU;263;119;0.00103314
811;GBV006014GBU;264;119;0.00387311
811;GBV006014GBU;266;119;0.00282115
811;GBV006014GBU;227;120;0.01631566
811;GBV006014GBU;263;120;0.00490625
811;GBV006014GBU;266;120;0.00257032
811;GBV006014GBU;267;120;0.00025083
811;GBV006014GBU;226;121;0.00295475
811;GBV006014GBU;227;121;0.01328542
811;GBV006014GBU;263;121;0.00490625
811;GBV006014GBU;267;121;0.00343869
811;GBV006014GBU;268;121;0.00118560
811;GBV006014GBU;226;122;0.01623330
811;GBV006014GBU;262;122;0.00182456
811;GBV006014GBU;263;122;0.00324142
811;GBV006014GBU;226;123;0.01548507
811;GBV006014GBU;227;123;0.00031236
811;GBV006014GBU;262;123;0.00537250
811;GBV006014GBU;226;124;0.01444562
811;GBV006014GBU;227;124;0.00085697
811;GBV006014GBU;228;124;0.00027714
811;GBV006014GBU;233;124;0.00037694
811;GBV006014GBU;261;124;0.00338841
811;GBV006014GBU;262;124;0.00198409
811;GBV006014GBU;226;125;0.01444562
811;GBV006014GBU;228;125;0.00089219
811;GBV006014GBU;229;125;0.00024192
811;GBV006014GBU;232;125;0.00119199
811;GBV006014GBU;233;125;0.00066029
811;GBV006014GBU;234;125;0.00098379
811;GBV006014GBU;235;125;0.00067398
811;GBV006014GBU;236;125;0.00065154
811;GBV006014GBU;237;125;0.00089678
811;GBV006014GBU;238;125;0.00089678
811;GBV006014GBU;239;125;0.00089678
811;GBV006014GBU;240;125;0.00089678
811;GBV006014GBU;241;125;0.00089678
811;GBV006014GBU;242;125;0.00022104
811;GBV006014GBU;259;125;0.00031484
811;GBV006014GBU;260;125;0.00042727
811;GBV006014GBU;261;125;0.00536545
811;GBV006014GBU;262;125;0.00004389
811;GBV006014GBU;226;126;0.01444850
811;GBV006014GBU;229;126;0.00092741
811;GBV006014GBU;230;126;0.00033313
811;GBV006014GBU;231;126;0.00120327
811;GBV006014GBU;232;126;0.00001128
811;GBV006014GBU;235;126;0.00028633
811;GBV006014GBU;236;126;0.00024524
811;GBV006014GBU;242;126;0.00098098
811;GBV006014GBU;256;126;0.00037981
811;GBV006014GBU;257;126;0.00042727
811;GBV006014GBU;258;126;0.00042727
811;GBV006014GBU;259;126;0.00011244
811;GBV006014GBU;261;126;0.00500519
811;GBV006014GBU;262;126;0.00005623
811;GBV006014GBU;263;126;0.00001365
811;GBV006014GBU;225;127;0.01216958
811;GBV006014GBU;226;127;0.00228258
811;GBV006014GBU;229;127;0.00003403
811;GBV006014GBU;230;127;0.00090558
811;GBV006014GBU;242;127;0.00097737
811;GBV006014GBU;243;127;0.00000360
811;GBV006014GBU;252;127;0.00000328
811;GBV006014GBU;253;127;0.00042889
811;GBV006014GBU;254;127;0.00042727
811;GBV006014GBU;255;127;0.00042727
811;GBV006014GBU;256;127;0.00004747
811;GBV006014GBU;261;127;0.00500519
811;GBV006014GBU;225;128;0.01445216
811;GBV006014GBU;228;128;0.00006317
811;GBV006014GBU;229;128;0.00006927
811;GBV006014GBU;243;128;0.00098098
811;GBV006014GBU;252;128;0.00051236
811;GBV006014GBU;261;128;0.00097811
811;GBV006014GBU;225;129;0.01445216
811;GBV006014GBU;227;129;0.00009230
811;GBV006014GBU;228;129;0.00004013
811;GBV006014GBU;243;129;0.00098098
811;GBV006014GBU;251;129;0.00035748
811;GBV006014GBU;252;129;0.00015488
811;GBV006014GBU;225;130;0.01447031
811;GBV006014GBU;226;130;0.00010330
811;GBV006014GBU;227;130;0.00001099
811;GBV006014GBU;243;130;0.00022698
811;GBV006014GBU;244;130;0.00075400
811;GBV006014GBU;250;130;0.00019932
811;GBV006014GBU;251;130;0.00031304
811;GBV006014GBU;225;131;0.01541451
811;GBV006014GBU;244;131;0.00098098
811;GBV006014GBU;249;131;0.00004116
811;GBV006014GBU;250;131;0.00047120
811;GBV006014GBU;224;132;0.01637582
811;GBV006014GBU;225;132;0.00097939
811;GBV006014GBU;244;132;0.00045756
811;GBV006014GBU;245;132;0.00068307
811;GBV006014GBU;248;132;0.00009583
811;GBV006014GBU;249;132;0.00052672
811;GBV006014GBU;223;133;0.00503205
811;GBV006014GBU;224;133;0.01250601
811;GBV006014GBU;245;133;0.00051560
811;GBV006014GBU;246;133;0.00097410
811;GBV006014GBU;247;133;0.00083733
811;GBV006014GBU;248;133;0.00039895
811;GBV006014GBU;223;134;0.01736725
811;GBV006014GBU;246;134;0.00015522
811;GBV006014GBU;247;134;0.00044201
811;GBV006014GBU;222;135;0.01044739
811;GBV006014GBU;223;135;0.00684534
811;GBV006014GBU;245;135;0.00007349
811;GBV006014GBU;246;135;0.00023840
811;GBV006014GBU;247;135;0.00004808
811;GBV006014GBU;248;135;0.00023259
811;GBV006014GBU;222;136;0.01729273
811;GBV006014GBU;245;136;0.00031189
811;GBV006014GBU;248;136;0.00026450
811;GBV006014GBU;249;136;0.00001617
811;GBV006014GBU;221;137;0.01536094
811;GBV006014GBU;222;137;0.00193179
811;GBV006014GBU;244;137;0.00030365
811;GBV006014GBU;245;137;0.00000824
811;GBV006014GBU;249;137;0.00028067
811;GBV006014GBU;221;138;0.01586392
811;GBV006014GBU;243;138;0.00022192
811;GBV006014GBU;244;138;0.00008996
811;GBV006014GBU;249;138;0.00002569
811;GBV006014GBU;220;139;0.00118562
811;GBV006014GBU;221;139;0.01399497
811;GBV006014GBU;242;139;0.00014376
811;GBV006014GBU;243;139;0.00017169
811;GBV006014GBU;220;140;0.01499453
811;GBV006014GBU;241;140;0.00011943
811;GBV006014GBU;242;140;0.00021965
811;GBV006014GBU;220;141;0.01499453
811;GBV006014GBU;240;141;0.00010531
811;GBV006014GBU;241;141;0.00023377
811;GBV006014GBU;220;142;0.01499453
811;GBV006014GBU;239;142;0.00009120
811;GBV006014GBU;240;142;0.00024788
811;GBV006014GBU;220;143;0.01499453
811;GBV006014GBU;238;143;0.00007708
811;GBV006014GBU;239;143;0.00026200
811;GBV006014GBU;220;144;0.01499453
811;GBV006014GBU;238;144;0.00024702
811;GBV006014GBU;239;144;0.00005945
811;GBV006014GBU;220;145;0.01547757
811;GBV006014GBU;239;145;0.00029819
811;GBV006014GBU;219;146;0.00290463
811;GBV006014GBU;220;146;0.01363048
811;GBV006014GBU;239;146;0.00007497
811;GBV006014GBU;240;146;0.00002411
811;GBV006014GBU;219;147;0.01942404
811;GBV006014GBU;220;147;0.00014941
811;GBV006014GBU;218;148;0.01589366
811;GBV006014GBU;219;148;0.00535421
811;GBV006014GBU;220;148;0.00018947
811;GBV006014GBU;221;148;0.00016455
811;GBV006014GBU;217;149;0.00186353
811;GBV006014GBU;218;149;0.01652034
811;GBV006014GBU;221;149;0.00017432
811;GBV006014GBU;222;149;0.00017657
811;GBV006014GBU;217;150;0.01649237
811;GBV006014GBU;222;150;0.00017409
811;GBV006014GBU;223;150;0.00016245
811;GBV006014GBU;217;151;0.02453419
811;GBV006014GBU;223;151;0.00019210
811;GBV006014GBU;224;151;0.00014925
811;GBV006014GBU;215;152;0.03188615
811;GBV006014GBU;216;152;0.02801522
811;GBV006014GBU;217;152;0.03052597
811;GBV006014GBU;224;152;0.00020079
811;GBV006014GBU;225;152;0.00014192
811;GBV006014GBU;213;153;0.01400548
811;GBV006014GBU;214;153;0.04311940
811;GBV006014GBU;215;153;0.00884291
811;GBV006014GBU;217;153;0.00263158
811;GBV006014GBU;218;153;0.00215084
811;GBV006014GBU;225;153;0.00020812
811;GBV006014GBU;226;153;0.00013459
811;GBV006014GBU;213;154;0.03654501
811;GBV006014GBU;218;154;0.00261127
811;GBV006014GBU;226;154;0.00023865
811;GBV006014GBU;227;154;0.00007549
811;GBV006014GBU;213;155;0.00197034
811;GBV006014GBU;218;155;0.00045147
811;GBV006014GBU;227;155;0.00015721
811;0SF0060380BA;129;161;0.01135626
811;0SF0060380BA;130;161;0.00510990
811;0SF0060380BA;131;161;0.05228845
811;0SF0060380BA;128;162;0.00012232
811;0SF0060380BA;129;162;0.03127224
811;0SF0060380BA;130;162;0.03830559
811;0SF0060380BA;131;162;0.21224241
811;0SF0060380BA;128;163;0.00016760
811;0SF0060380BA;129;163;0.03056883
811;0SF0060380BA;130;163;0.08403344
811;0SF0060380BA;131;163;0.29245989
811;0SF0060380BA;129;164;0.06505079
811;0SF0060380BA;130;164;0.05317491
811;0SF0060380BA;131;164;0.06823369
811;0SF0060380BA;132;164;0.05561368
811;NCC006044MBU;143;138;0.00008056
811;NCC006044MBU;142;139;0.00018030
811;NCC006044MBU;143;139;0.00525070
811;NCC006044MBU;144;139;0.06624609
811;NCC006044MBU;145;139;0.00442282
811;NCC006044MBU;146;139;0.00681147
811;NCC006044MBU;147;139;0.00987242
811;NCC006044MBU;148;139;0.00145922
811;NCC006044MBU;142;140;0.03408939
811;NCC006044MBU;143;140;0.06534601
811;NCC006044MBU;144;140;0.03440002
811;NCC006044MBU;145;140;0.00974761
811;NCC006044MBU;146;140;0.00228035
811;NCC006044MBU;136;141;0.00626367
811;NCC006044MBU;137;141;0.00733657
811;NCC006044MBU;138;141;0.06989160
811;NCC006044MBU;139;141;0.10166910
811;NCC006044MBU;140;141;0.08621137
811;NCC006044MBU;141;141;0.07094698
811;NCC006044MBU;142;141;0.05120223
811;NCC006044MBU;143;141;0.00462704
811;NCC006044MBU;144;141;0.00316686
811;NCC006044MBU;145;141;0.00705944
811;NCC006044MBU;134;142;0.00036932
811;NCC006044MBU;135;142;0.00830269
811;NCC006044MBU;136;142;0.00145099
811;NCC006044MBU;137;142;0.00378721
811;NCC006044MBU;138;142;0.03534091
811;NCC006044MBU;139;142;0.04533846
811;NCC006044MBU;140;142;0.00970935
811;NCC006044MBU;141;142;0.00034441
811;NCC006044MBU;142;142;0.00074158
811;NCC006044MBU;143;142;0.00124740
811;NCC006044MBU;144;142;0.00005925
811;NCC006044MBU;145;142;0.00083578
811;NCC006044MBU;134;143;0.00658090
811;NCC006044MBU;135;143;0.00019821
811;NCC006044MBU;136;143;0.00174909
811;NCC006044MBU;137;143;0.01102048
811;NCC006044MBU;138;143;0.02881629
811;NCC006044MBU;139;143;0.04623766
811;NCC006044MBU;140;143;0.00351830
811;NCC006044MBU;142;143;0.00005164
811;NCC006044MBU;143;143;0.00028501
811;NCC006044MBU;144;143;0.00012005
811;NCC006044MBU;145;143;0.00009311
811;NCC006044MBU;133;144;0.00443884
811;NCC006044MBU;134;144;0.00182493
811;NCC006044MBU;136;144;0.00271336
811;NCC006044MBU;137;144;0.01291997
811;NCC006044MBU;138;144;0.00278275
811;NCC006044MBU;139;144;0.02866760
811;NCC006044MBU;140;144;0.01870359
811;NCC006044MBU;141;144;0.00002191
811;NCC006044MBU;142;144;0.00015296
811;NCC006044MBU;143;144;0.00010074
811;NCC006044MBU;133;145;0.00042366
811;NCC006044MBU;134;145;0.00002317
811;NCC006044MBU;135;145;0.00006166
811;NCC006044MBU;136;145;0.00550802
811;NCC006044MBU;137;145;0.00637633
811;NCC006044MBU;138;145;0.00032578
811;NCC006044MBU;139;145;0.00755274
811;NCC006044MBU;140;145;0.03219262
811;NCC006044MBU;141;145;0.00020193
811;NCC006044MBU;142;145;0.00000530
811;NCC006044MBU;132;146;0.00000147
811;NCC006044MBU;133;146;0.00000038
811;NCC006044MBU;134;146;0.00000600
811;NCC006044MBU;135;146;0.00045292
811;NCC006044MBU;136;146;0.00430103
811;NCC006044MBU;137;146;0.00087448
811;NCC006044MBU;138;146;0.00032476
811;NCC006044MBU;139;146;0.00665400
811;NCC006044MBU;140;146;0.00018305
811;NCC006044MBU;134;147;0.00000035
811;NCC006044MBU;135;147;0.00020442
811;NCC006044MBU;136;147;0.00192197
811;NCC006044MBU;137;147;0.00001967
811;NCC006044MBU;138;147;0.00066390
811;NCC006044MBU;139;147;0.00003020
811;NCC006044MBU;136;148;0.00203210
811;NCC006044MBU;137;148;0.00078075
811;NCC006044MBU;138;148;0.00024767
811;NCC006044MBU;136;149;0.00152219
811;NCC006044MBU;137;149;0.00002091
811;SJV006016SJU;180;109;0.00575034
811;SJV006016SJU;181;109;0.00001840
811;SJV006016SJU;182;109;0.00071431
811;SJV006016SJU;183;109;0.00274681
811;SJV006016SJU;185;109;0.00009498
811;SJV006016SJU;187;109;0.02969042
811;SJV006016SJU;192;109;0.00130004
811;SJV006016SJU;180;110;0.00121706
811;SJV006016SJU;181;110;0.00504310
811;SJV006016SJU;182;110;0.00311929
811;SJV006016SJU;183;110;0.00003908
811;SJV006016SJU;184;110;0.00013626
811;SJV006016SJU;185;110;0.00001534
811;SJV006016SJU;186;110;0.01634509
811;SJV006016SJU;187;110;0.01902413
811;SJV006016SJU;192;110;0.00162341
811;SJV006016SJU;181;111;0.00763721
811;SJV006016SJU;182;111;0.00349252
811;SJV006016SJU;184;111;0.00010056
811;SJV006016SJU;185;111;0.00559742
811;SJV006016SJU;186;111;0.03075156
811;SJV006016SJU;192;111;0.00167939
811;SJV006016SJU;193;111;0.00001365
811;SJV006016SJU;178;112;0.00001006
811;SJV006016SJU;179;112;0.00001295
811;SJV006016SJU;181;112;0.00510965
811;SJV006016SJU;182;112;0.00527874
811;SJV006016SJU;184;112;0.00021276
811;SJV006016SJU;185;112;0.03715693
811;SJV006016SJU;192;112;0.00171902
811;SJV006016SJU;193;112;0.00000635
811;SJV006016SJU;179;113;0.00001998
811;SJV006016SJU;180;113;0.00406793
811;SJV006016SJU;181;113;0.00218426
811;SJV006016SJU;182;113;0.00403304
811;SJV006016SJU;183;113;0.00450853
811;SJV006016SJU;184;113;0.03635773
811;SJV006016SJU;185;113;0.00231992
811;SJV006016SJU;186;113;0.00070923
811;SJV006016SJU;187;113;0.00064851
811;SJV006016SJU;188;113;0.00063855
811;SJV006016SJU;189;113;0.00063355
811;SJV006016SJU;190;113;0.00087539
811;SJV006016SJU;191;113;0.00055920
811;SJV006016SJU;192;113;0.00216765
811;SJV006016SJU;193;113;0.00001558
811;SJV006016SJU;179;114;0.00032307
811;SJV006016SJU;180;114;0.00686330
811;SJV006016SJU;182;114;0.00000012
811;SJV006016SJU;183;114;0.03427610
811;SJV006016SJU;184;114;0.00879915
811;SJV006016SJU;190;114;0.00022310
811;SJV006016SJU;192;114;0.00209105
811;SJV006016SJU;179;115;0.00185014
811;SJV006016SJU;180;115;0.00598931
811;SJV006016SJU;182;115;0.03027009
811;SJV006016SJU;183;115;0.02151402
811;SJV006016SJU;184;115;0.00001321
811;SJV006016SJU;190;115;0.00041470
811;SJV006016SJU;191;115;0.00009838
811;SJV006016SJU;192;115;0.00226090
811;SJV006016SJU;193;115;0.00009712
811;SJV006016SJU;180;116;0.01100140
811;SJV006016SJU;181;116;0.03188082
811;SJV006016SJU;182;116;0.00168572
811;SJV006016SJU;184;116;0.01085933
811;SJV006016SJU;190;116;0.00042040
811;SJV006016SJU;191;116;0.00000084
811;SJV006016SJU;192;116;0.00372614
811;SJV006016SJU;193;116;0.00048309
811;SJV006016SJU;181;117;0.00211168
811;SJV006016SJU;182;117;0.00065271
811;SJV006016SJU;183;117;0.00016019
811;SJV006016SJU;184;117;0.00556188
811;SJV006016SJU;185;117;0.00486495
811;SJV006016SJU;189;117;0.00001108
811;SJV006016SJU;190;117;0.00077571
811;SJV006016SJU;191;117;0.00096981
811;SJV006016SJU;192;117;0.01315260
811;SJV006016SJU;193;117;0.00177516
811;SJV006016SJU;182;118;0.00375919
811;SJV006016SJU;183;118;0.00063492
811;SJV006016SJU;184;118;0.00007414
811;SJV006016SJU;185;118;0.01154971
811;SJV006016SJU;186;118;0.00010692
811;SJV006016SJU;188;118;0.00012989
811;SJV006016SJU;189;118;0.00043225
811;SJV006016SJU;190;118;0.00145021
811;SJV006016SJU;191;118;0.00155397
811;SJV006016SJU;192;118;0.01041246
811;SJV006016SJU;193;118;0.00083431
811;SJV006016SJU;183;119;0.00353717
811;SJV006016SJU;184;119;0.00061719
811;SJV006016SJU;186;119;0.01150850
811;SJV006016SJU;187;119;0.00013681
811;SJV006016SJU;188;119;0.00012723
811;SJV006016SJU;189;119;0.00032913
811;SJV006016SJU;190;119;0.00084165
811;SJV006016SJU;191;119;0.00870003
811;SJV006016SJU;192;119;0.00117909
811;SJV006016SJU;193;119;0.00003123
811;SJV006016SJU;184;120;0.00341205
811;SJV006016SJU;185;120;0.00118942
811;SJV006016SJU;186;120;0.00896031
811;SJV006016SJU;187;120;0.00660849
811;SJV006016SJU;188;120;0.00385180
811;SJV006016SJU;189;120;0.00308953
811;SJV006016SJU;190;120;0.00373468
811;SJV006016SJU;191;120;0.01029536
811;SJV006016SJU;192;120;0.00297664
811;SJV006016SJU;193;120;0.00166632
811;SJV006016SJU;183;121;0.00080909
811;SJV006016SJU;184;121;0.00359702
811;SJV006016SJU;185;121;0.01226522
811;SJV006016SJU;186;121;0.00943106
811;SJV006016SJU;187;121;0.01154537
811;SJV006016SJU;188;121;0.00388508
811;SJV006016SJU;189;121;0.00138214
811;SJV006016SJU;190;121;0.00181221
811;SJV006016SJU;191;121;0.00786855
811;SJV006016SJU;192;121;0.00125112
811;SJV006016SJU;193;121;0.00014351
811;SJV006016SJU;185;122;0.00077637
811;SJV006016SJU;186;122;0.01214451
811;SJV006016SJU;187;122;0.03382141
811;SJV006016SJU;188;122;0.00609078
811;SJV006016SJU;189;122;0.00181930
811;SJV006016SJU;190;122;0.00529892
811;SJV006016SJU;191;122;0.00866105
811;SJV006016SJU;192;122;0.00067833
811;SJV006016SJU;193;122;0.00053897
811;SJV006016SJU;194;122;0.00101718
811;SJV006016SJU;185;123;0.00002288
811;SJV006016SJU;186;123;0.00032521
811;SJV006016SJU;187;123;0.02691138
811;SJV006016SJU;188;123;0.02083544
811;SJV006016SJU;189;123;0.03116258
811;SJV006016SJU;190;123;0.05996196
811;SJV006016SJU;191;123;0.02284133
811;SJV006016SJU;192;123;0.01530351
811;SJV006016SJU;193;123;0.01454736
811;SJV006016SJU;194;123;0.01127396
811;SJV006016SJU;184;124;0.00023151
811;SJV006016SJU;185;124;0.00163734
811;SJV006016SJU;186;124;0.00274173
811;SJV006016SJU;187;124;0.01237021
811;SJV006016SJU;188;124;0.00200104
811;SJV006016SJU;189;124;0.00412645
811;SJV006016SJU;190;124;0.03393410
811;SJV006016SJU;191;124;0.01191408
811;SJV006016SJU;192;124;0.00251040
811;SJV006016SJU;193;124;0.00094514
811;SJV006016SJU;194;124;0.00052660
811;SJV006016SJU;183;125;0.00013047
811;SJV006016SJU;184;125;0.00081429
811;SJV006016SJU;185;125;0.00034231
811;SJV006016SJU;186;125;0.00048998
811;SJV006016SJU;187;125;0.01061849
811;SJV006016SJU;188;125;0.00306405
811;SJV006016SJU;189;125;0.00388742
811;SJV006016SJU;190;125;0.01161063
811;SJV006016SJU;191;125;0.00101979
811;SJV006016SJU;192;125;0.00153520
811;SJV006016SJU;193;125;0.00015267
811;SJV006016SJU;189;126;0.00108434
811;SJV006016SJU;190;126;0.00628512
811;SJV006016SJU;191;126;0.00001254
811;SJV006016SJU;192;126;0.00150230
811;SJV006016SJU;193;126;0.00011051
811;SJV006016SJU;192;127;0.00116758
811;SJV006016SJU;193;127;0.00005136
811;SJV006016SJU;192;128;0.00085584
811;SJV006016SJU;193;128;0.00000002
811;0NC006012NCU;104;224;0.00243864
811;0NC006012NCU;104;225;0.00586265
811;0NC006012NCU;104;226;0.00592526
811;0NC006012NCU;103;227;0.00068917
811;0NC006012NCU;104;227;0.00472865
811;0NC006012NCU;103;228;0.00328424
811;0NC006012NCU;104;228;0.00236506
811;0NC006012NCU;104;229;0.00591974
811;0NC006012NCU;103;230;0.00591776
811;0NC006012NCU;104;230;0.00412845
811;0NC006012NCU;102;231;0.00375419
811;0NC006012NCU;103;231;0.00651856
811;0NC006012NCU;102;232;0.00718008
811;0NC006012NCU;101;233;0.00760972
811;0NC006012NCU;102;233;0.00008886
811;0NC006012NCU;101;234;0.00751643
811;0NC006012NCU;100;235;0.00362720
811;0NC006012NCU;101;235;0.00727526
811;0NC006012NCU;99;236;0.00671180
811;0NC006012NCU;100;236;0.00688069
811;0NC006012NCU;106;236;0.00059887
811;0NC006012NCU;107;236;0.00038997
811;0NC006012NCU;98;237;0.00939551
811;0NC006012NCU;99;237;0.00165479
811;0NC006012NCU;101;237;0.00018751
811;0NC006012NCU;102;237;0.00050326
811;0NC006012NCU;103;237;0.00049699
811;0NC006012NCU;104;237;0.00053420
811;0NC006012NCU;105;237;0.00056466
811;0NC006012NCU;106;237;0.00014790
811;0NC006012NCU;107;237;0.00041304
811;0NC006012NCU;108;237;0.00052638
811;0NC006012NCU;109;237;0.00034021
811;0NC006012NCU;97;238;0.01230460
811;0NC006012NCU;98;238;0.00614514
811;0NC006012NCU;99;238;0.00022282
811;0NC006012NCU;100;238;0.00053367
811;0NC006012NCU;101;238;0.00033716
811;0NC006012NCU;103;238;0.00001533
811;0NC006012NCU;104;238;0.00001298
811;0NC006012NCU;97;239;0.01488882
811;0NC006012NCU;98;239;0.00029958
811;0NC006012NCU;99;239;0.00031909
811;0NC006012NCU;103;239;0.00003019
811;0NC006012NCU;94;240;0.00026525
811;0NC006012NCU;95;240;0.00832710
811;0NC006012NCU;97;240;0.01642625
811;0NC006012NCU;103;240;0.00002959
811;0NC006012NCU;95;241;0.00344099
811;0NC006012NCU;96;241;0.03907266
811;0NC006012NCU;97;241;0.00166205
811;0NC006012NCU;102;241;0.00002783
811;0NC006012NCU;103;241;0.00002149
811;0NC006012NCU;96;242;0.02599931
811;0NC006012NCU;101;242;0.00001727
811;0NC006012NCU;102;242;0.00001125
811;0NC006012NCU;96;243;0.02670896
811;0NC006012NCU;101;243;0.00002873
811;0NC006012NCU;96;244;0.03084725
811;0NC006012NCU;100;244;0.00000365
811;0NC006012NCU;101;244;0.00003504
811;0NC006012NCU;96;245;0.03976144
811;0NC006012NCU;97;245;0.01479314
811;0NC006012NCU;98;245;0.00279978
811;0NC006012NCU;99;245;0.00066392
811;0NC006012NCU;100;245;0.00003352
811;0NC006012NCU;96;246;0.00536606
811;0NC006012NCU;97;246;0.05547005
811;0NC006012NCU;98;246;0.04523324
811;0NC006012NCU;99;246;0.00314932
811;0NC006012NCU;100;246;0.00000850
811;0NC006012NCU;98;247;0.00708022
811;0NC006012NCU;99;247;0.04939390
811;0NC006012NCU;99;248;0.05361662
811;0NC006012NCU;100;248;0.00794239
811;0NC006012NCU;101;248;0.01022648
811;0NC006012NCU;102;248;0.00504199
811;0NC006012NCU;105;248;0.00042690
811;0NC006012NCU;106;248;0.00879299
811;0NC006012NCU;108;248;0.00226231
811;0NC006012NCU;98;249;0.03066999
811;0NC006012NCU;99;249;0.02604199
811;0NC006012NCU;100;249;0.00645235
811;0NC006012NCU;102;249;0.01150891
811;0NC006012NCU;103;249;0.00891096
811;0NC006012NCU;104;249;0.01134324
811;0NC006012NCU;105;249;0.00988325
811;0NC006012NCU;106;249;0.00240014
811;0NC006012NCU;107;249;0.01318363
811;0NC006012NCU;108;249;0.01134430
811;0NC006012NCU;98;250;0.02535963
811;0NC006012NCU;102;250;0.00313568
811;0NC006012NCU;103;250;0.00279951
811;0NC006012NCU;108;250;0.00064354
811;0NC006012NCU;98;251;0.02011700
811;0NC006012NCU;107;251;0.00000427
811;0NC006012NCU;108;251;0.00012266
811;0NC006012NCU;98;252;0.02299288
811;0NC006012NCU;107;252;0.00002008
811;0NC006012NCU;97;253;0.00107608
811;0NC006012NCU;98;253;0.01915179
811;0NC006012NCU;107;253;0.00002000
811;0NC006012NCU;97;254;0.01230178
811;0NC006012NCU;98;254;0.00008172
811;0NC006012NCU;107;254;0.00001939
811;0NC006012NCU;97;255;0.00471007
811;0NC006012NCU;98;255;0.01159590
811;0NC006012NCU;102;255;0.00003000
811;0NC006012NCU;103;255;0.00031489
811;0NC006012NCU;104;255;0.00031274
811;0NC006012NCU;107;255;0.00001972
811;0NC006012NCU;98;256;0.01346445
811;0NC006012NCU;99;256;0.00031609
811;0NC006012NCU;102;256;0.00030995
811;0NC006012NCU;104;256;0.00017154
811;0NC006012NCU;105;256;0.00030586
811;0NC006012NCU;106;256;0.00030031
811;0NC006012NCU;107;256;0.00036207
811;0NC006012NCU;108;256;0.00000019
811;0NC006012NCU;98;257;0.00826762
811;0NC006012NCU;99;257;0.00746636
811;0NC006012NCU;101;257;0.00013749
811;0NC006012NCU;102;257;0.00015564
811;0NC006012NCU;108;257;0.00028816
811;0NC006012NCU;99;258;0.01224729
811;0NC006012NCU;101;258;0.00029313
811;0NC006012NCU;108;258;0.00023096
811;0NC006012NCU;109;258;0.00032053
811;0NC006012NCU;110;258;0.00000364
811;0NC006012NCU;99;259;0.01195297
811;0NC006012NCU;100;259;0.00891161
811;0NC006012NCU;101;259;0.00012300
811;0NC006012NCU;110;259;0.00040818
811;0NC006012NCU;100;260;0.01329527
811;0NC006012NCU;110;260;0.00001534
811;0NC006012NCU;111;260;0.00028362
811;0NC006012NCU;100;261;0.00403780
811;0NC006012NCU;101;261;0.01553989
811;0NC006012NCU;111;261;0.00011484
811;0NC006012NCU;101;262;0.01263485
811;0NC006012NCU;100;263;0.00555771
811;0NC006012NCU;101;263;0.00906629
811;0NC006012NCU;100;264;0.00257683
811;0SF0060480BA;136;170;0.00461828
811;0SF0060480BA;137;170;0.03742310
811;0SF0060480BA;134;171;0.00069734
811;0SF0060480BA;135;171;0.08099162
811;0SF0060480BA;136;171;0.02530073
811;0SF0060480BA;137;171;0.02826983
811;0SF0060480BA;133;172;0.03608104
811;0SF0060480BA;134;172;0.03224134
811;0SF0060480BA;135;172;0.07791560
811;0SF0060480BA;136;172;0.00000472
811;0SF0060480BA;137;172;0.02812653
811;0SF0060480BA;131;173;0.02294989
811;0SF0060480BA;132;173;0.04934631
811;0SF0060480BA;133;173;0.01364786
811;0SF0060480BA;134;173;0.05218357
811;0SF0060480BA;135;173;0.06641514
811;0SF0060480BA;137;173;0.02812653
811;0SF0060480BA;135;174;0.01060835
811;0SF0060480BA;136;174;0.05803071
811;0SF0060480BA;137;174;0.03084456
811;0SF0060480BA;142;174;0.00031581
811;0SF0060480BA;143;174;0.00036335
811;0SF0060480BA;135;175;0.00282707
811;0SF0060480BA;136;175;0.02721465
811;0SF0060480BA;137;175;0.10419997
811;0SF0060480BA;138;175;0.02863489
811;0SF0060480BA;139;175;0.00082125
811;0SF0060480BA;140;175;0.00082453
811;0SF0060480BA;141;175;0.00069450
811;0SF0060480BA;142;175;0.00068914
811;0SF0060480BA;136;176;0.00130012
811;0SF0060480BA;137;176;0.00009716
811;0SF0060480BA;138;176;0.06339404
811;0SF0060480BA;139;176;0.03683285
811;0SF0060480BA;140;176;0.00939771
811;0SF0060480BA;141;176;0.00176275
811;0SF0060480BA;137;177;0.00001718
811;0SF0060480BA;138;177;0.00000149
811;0SF0060480BA;139;177;0.03250977
811;0SF0060480BA;140;177;0.00014682
811;0SF0060480BA;141;177;0.00010786
811;0SF0060480BA;139;178;0.00402403
811;SJV006024SJU;165;138;0.01423920
811;SJV006024SJU;164;139;0.00527661
811;SJV006024SJU;165;139;0.00983219
811;SJV006024SJU;166;139;0.00008298
811;SJV006024SJU;163;140;0.00400911
811;SJV006024SJU;164;140;0.01350836
811;SJV006024SJU;168;140;0.00007779
811;SJV006024SJU;169;140;0.00006485
811;SJV006024SJU;162;141;0.00010252
811;SJV006024SJU;163;141;0.01460208
811;SJV006024SJU;164;141;0.00070063
811;SJV006024SJU;167;141;0.00028170
811;SJV006024SJU;168;141;0.00069069
811;SJV006024SJU;169;141;0.00162709
811;SJV006024SJU;162;142;0.01452092
811;SJV006024SJU;163;142;0.00001931
811;SJV006024SJU;164;142;0.00077719
811;SJV006024SJU;166;142;0.00058899
811;SJV006024SJU;167;142;0.00009431
811;SJV006024SJU;168;142;0.00002763
811;SJV006024SJU;169;142;0.00266312
811;SJV006024SJU;156;143;0.00033959
811;SJV006024SJU;159;143;0.00272397
811;SJV006024SJU;160;143;0.00527188
811;SJV006024SJU;161;143;0.01338847
811;SJV006024SJU;162;143;0.00861513
811;SJV006024SJU;163;143;0.00432907
811;SJV006024SJU;164;143;0.01062366
811;SJV006024SJU;165;143;0.00706436
811;SJV006024SJU;166;143;0.00573633
811;SJV006024SJU;167;143;0.00632799
811;SJV006024SJU;168;143;0.00621074
811;SJV006024SJU;169;143;0.00671434
811;SJV006024SJU;170;143;0.00628184
811;SJV006024SJU;171;143;0.00484602
811;SJV006024SJU;156;144;0.00266175
811;SJV006024SJU;157;144;0.00535535
811;SJV006024SJU;158;144;0.00615548
811;SJV006024SJU;159;144;0.00287392
811;SJV006024SJU;160;144;0.00684221
811;SJV006024SJU;161;144;0.01171086
811;SJV006024SJU;162;144;0.00273822
811;SJV006024SJU;163;144;0.00424466
811;SJV006024SJU;164;144;0.00494236
811;SJV006024SJU;165;144;0.00146220
811;SJV006024SJU;166;144;0.00145032
811;SJV006024SJU;167;144;0.00158221
811;SJV006024SJU;168;144;0.00010571
811;SJV006024SJU;169;144;0.00000642
811;SJV006024SJU;171;144;0.00215720
811;SJV006024SJU;172;144;0.00477811
811;SJV006024SJU;160;145;0.01595235
811;SJV006024SJU;161;145;0.00015728
811;SJV006024SJU;162;145;0.00096018
811;SJV006024SJU;164;145;0.00264914
811;SJV006024SJU;167;145;0.00068070
811;SJV006024SJU;170;145;0.00002900
811;SJV006024SJU;171;145;0.00007342
811;SJV006024SJU;172;145;0.00547259
811;SJV006024SJU;173;145;0.00021972
811;SJV006024SJU;174;145;0.00017148
811;SJV006024SJU;159;146;0.00634812
811;SJV006024SJU;160;146;0.00905134
811;SJV006024SJU;161;146;0.00081045
811;SJV006024SJU;164;146;0.00268710
811;SJV006024SJU;167;146;0.00068744
811;SJV006024SJU;168;146;0.00025618
811;SJV006024SJU;172;146;0.00543023
811;SJV006024SJU;174;146;0.00024322
811;SJV006024SJU;175;146;0.01330516
811;SJV006024SJU;176;146;0.03328131
811;SJV006024SJU;177;146;0.00000128
811;SJV006024SJU;178;146;0.00027258
811;SJV006024SJU;159;147;0.01240465
811;SJV006024SJU;160;147;0.00204416
811;SJV006024SJU;161;147;0.00174136
811;SJV006024SJU;164;147;0.00265574
811;SJV006024SJU;168;147;0.00067035
811;SJV006024SJU;169;147;0.00070171
811;SJV006024SJU;170;147;0.00083501
811;SJV006024SJU;171;147;0.00046028
811;SJV006024SJU;172;147;0.00622163
811;SJV006024SJU;173;147;0.00409744
811;SJV006024SJU;174;147;0.01489418
811;SJV006024SJU;175;147;0.03198629
811;SJV006024SJU;176;147;0.00103185
811;SJV006024SJU;177;147;0.00039689
811;SJV006024SJU;178;147;0.00084750
811;SJV006024SJU;159;148;0.00868474
811;SJV006024SJU;160;148;0.00202808
811;SJV006024SJU;161;148;0.00218900
811;SJV006024SJU;164;148;0.00256192
811;SJV006024SJU;170;148;0.00029722
811;SJV006024SJU;172;148;0.00320181
811;SJV006024SJU;173;148;0.01161188
811;SJV006024SJU;174;148;0.03083514
811;SJV006024SJU;175;148;0.00211793
811;SJV006024SJU;176;148;0.00229767
811;SJV006024SJU;177;148;0.00157982
811;SJV006024SJU;178;148;0.00011132
811;SJV006024SJU;179;148;0.00016639
811;SJV006024SJU;180;148;0.00003888
811;SJV006024SJU;160;149;0.00078649
811;SJV006024SJU;161;149;0.00550159
811;SJV006024SJU;162;149;0.00264877
811;SJV006024SJU;164;149;0.00256430
811;SJV006024SJU;170;149;0.00054571
811;SJV006024SJU;171;149;0.00161713
811;SJV006024SJU;172;149;0.01752447
811;SJV006024SJU;173;149;0.03077647
811;SJV006024SJU;174;149;0.00351660
811;SJV006024SJU;175;149;0.00155294
811;SJV006024SJU;176;149;0.00127448
811;SJV006024SJU;177;149;0.00007678
811;SJV006024SJU;160;150;0.00110660
811;SJV006024SJU;161;150;0.00017233
811;SJV006024SJU;162;150;0.00254765
811;SJV006024SJU;163;150;0.00311956
811;SJV006024SJU;164;150;0.00597283
811;SJV006024SJU;165;150;0.00295232
811;SJV006024SJU;166;150;0.00291992
811;SJV006024SJU;167;150;0.00309273
811;SJV006024SJU;168;150;0.00275923
811;SJV006024SJU;169;150;0.00349742
811;SJV006024SJU;170;150;0.01926779
811;SJV006024SJU;171;150;0.04238453
811;SJV006024SJU;172;150;0.04369561
811;SJV006024SJU;173;150;0.00726272
811;SJV006024SJU;174;150;0.00351860
811;SJV006024SJU;175;150;0.00271064
811;SJV006024SJU;176;150;0.00144363
811;SJV006024SJU;177;150;0.00079803
811;SJV006024SJU;161;151;0.00105581
811;SJV006024SJU;162;151;0.00248512
811;SJV006024SJU;163;151;0.00216947
811;SJV006024SJU;164;151;0.00554057
811;SJV006024SJU;165;151;0.00198393
811;SJV006024SJU;166;151;0.00195683
811;SJV006024SJU;167;151;0.00242983
811;SJV006024SJU;168;151;0.01895629
811;SJV006024SJU;169;151;0.03421374
811;SJV006024SJU;170;151;0.02685777
811;SJV006024SJU;171;151;0.00994531
811;SJV006024SJU;172;151;0.00650393
811;SJV006024SJU;173;151;0.00266136
811;SJV006024SJU;174;151;0.00000935
811;SJV006024SJU;177;151;0.00068942
811;SJV006024SJU;178;151;0.00001429
811;SJV006024SJU;162;152;0.00117211
811;SJV006024SJU;163;152;0.00008117
811;SJV006024SJU;164;152;0.00438881
811;SJV006024SJU;165;152;0.00093212
811;SJV006024SJU;166;152;0.01542307
811;SJV006024SJU;167;152;0.02913730
811;SJV006024SJU;168;152;0.01115447
811;SJV006024SJU;169;152;0.00963152
811;SJV006024SJU;170;152;0.00124166
811;SJV006024SJU;171;152;0.00250812
811;SJV006024SJU;172;152;0.00176652
811;SJV006024SJU;173;152;0.00042020
811;SJV006024SJU;162;153;0.00072257
811;SJV006024SJU;163;153;0.00108189
811;SJV006024SJU;164;153;0.00639206
811;SJV006024SJU;165;153;0.00914173
811;SJV006024SJU;166;153;0.02439720
811;SJV006024SJU;167;153;0.00084951
811;SJV006024SJU;168;153;0.00612526
811;SJV006024SJU;169;153;0.00093929
811;SJV006024SJU;170;153;0.00175866
811;SJV006024SJU;171;153;0.00297231
811;SJV006024SJU;172;153;0.00003249
811;SJV006024SJU;173;153;0.00054461
811;SJV006024SJU;174;153;0.00013647
811;SJV006024SJU;175;153;0.00006826
811;SJV006024SJU;164;154;0.00238936
811;SJV006024SJU;165;154;0.02648382
811;SJV006024SJU;166;154;0.00327656
811;SJV006024SJU;167;154;0.00499742
811;SJV006024SJU;168;154;0.00059260
811;SJV006024SJU;169;154;0.00336871
811;SJV006024SJU;170;154;0.00036351
811;SJV006024SJU;171;154;0.00058875
811;SJV006024SJU;172;154;0.00005881
811;SJV006024SJU;173;154;0.00047396
811;SJV006024SJU;175;154;0.00006821
811;SJV006024SJU;176;154;0.00008943
811;SJV006024SJU;166;155;0.00133375
811;SJV006024SJU;167;155;0.00054541
811;SJV006024SJU;168;155;0.00316151
811;SJV006024SJU;169;155;0.00004746
811;SJV006024SJU;170;155;0.00006871
811;SJV006024SJU;171;155;0.00033363
811;SJV006024SJU;172;155;0.00062303
811;SJV006024SJU;173;155;0.00046692
811;SJV006024SJU;168;156;0.00027039
811;SJV006024SJU;169;156;0.00016842
811;SJV006024SJU;170;156;0.00027267
811;SJV006024SJU;171;156;0.00028901
811;SJV006024SJU;172;156;0.00015700
811;SJV006024SJU;173;156;0.00114427
811;SJV006024SJU;174;156;0.00022386
811;SJV006024SJU;175;156;0.00019487
811;SJV006024SJU;171;157;0.00003712
811;SJV006024SJU;173;157;0.00065442
811;SJV006024SJU;173;158;0.00037731
811;0NC0060490NS;117;178;0.00005347
811;0NC0060490NS;118;178;0.00092825
811;0NC0060490NS;119;178;0.00095682
811;0NC0060490NS;120;178;0.00061975
811;0NC0060490NS;117;179;0.00085423
811;0NC0060490NS;119;179;0.00984978
811;0NC0060490NS;120;179;0.00939029
811;0NC0060490NS;117;180;0.00074893
811;0NC0060490NS;120;180;0.00041168
811;0NC0060490NS;116;181;0.00535361
811;0NC0060490NS;117;181;0.00448868
811;0NC0060490NS;119;181;0.01210506
811;0NC0060490NS;120;181;0.00876769
811;0NC0060490NS;121;181;0.00443667
811;0NC0060490NS;115;182;0.00532636
811;0NC0060490NS;116;182;0.01421388
811;0NC0060490NS;117;182;0.01441412
811;0NC0060490NS;118;182;0.02312654
811;0NC0060490NS;119;182;0.00805138
811;0NC0060490NS;120;182;0.00926782
811;0NC0060490NS;121;182;0.01721315
811;0NC0060490NS;114;183;0.01287834
811;0NC0060490NS;115;183;0.00976117
811;0NC0060490NS;118;183;0.00217662
811;0NC0060490NS;119;183;0.01401046
811;0NC0060490NS;120;183;0.01065474
811;0NC0060490NS;121;183;0.02559076
811;0NC0060490NS;122;183;0.00417654
811;0NC0060490NS;113;184;0.00628583
811;0NC0060490NS;114;184;0.00192537
811;0NC0060490NS;121;184;0.00092499
811;0NC0060490NS;122;184;0.00240774
811;0NC0060490NS;121;185;0.00092499
811;0NC0060490NS;122;185;0.21832259
811;0NC0060490NS;121;186;0.06671627
811;0NC0060490NS;122;186;0.10588782
811;0NC0060490NS;124;186;0.00425660
811;0NC0060490NS;125;186;0.01522422
811;0NC0060490NS;126;186;0.01047223
811;0NC0060490NS;121;187;0.07102564
811;0NC0060490NS;122;187;0.00424465
811;0NC0060490NS;123;187;0.01474742
811;0NC0060490NS;124;187;0.01096762
811;0NC0060490NS;121;188;0.08099551
811;0NC0060490NS;120;189;0.04372004
811;0NC0060490NS;121;189;0.00977004
811;0NC0060490NS;119;190;0.04493011
811;0NC0060490NS;120;190;0.01166909
811;0NC0060490NS;118;191;0.00951168
811;0NC0060490NS;119;191;0.03137172
811;0NC0060490NS;118;192;0.00387104
811;0LT006031PLA;179;197;0.00154737
811;0LT006031PLA;178;198;0.00009021
811;0LT006031PLA;179;198;0.09140287
811;0LT006031PLA;178;199;0.00057636
811;0LT006031PLA;179;199;0.07758205
811;0LT006031PLA;177;200;0.00009507
811;0LT006031PLA;178;200;0.08384847
811;0LT006031PLA;179;200;0.17807393
811;0LT006031PLA;178;201;0.01469948
811;0LT006031PLA;179;201;0.04079044
811;0LT006031PLA;180;201;0.13033085
811;0LT006031PLA;180;202;0.06907505
811;0LT006031PLA;181;202;0.18691673
811;0LT006031PLA;182;202;0.07269640
811;0LT006031PLA;180;203;0.00316421
811;0LT006031PLA;181;203;0.04911053
811;0MC006031PLA;160;194;0.00051143
811;0MC006031PLA;161;194;0.01038945
811;0MC006031PLA;162;194;0.00545836
811;0MC006031PLA;160;195;0.00631305
811;0MC006031PLA;161;195;0.09057457
811;0MC006031PLA;162;195;0.01170393
811;0MC006031PLA;163;195;0.00130276
811;0MC006031PLA;161;196;0.09858069
811;0MC006031PLA;162;196;0.00392788
811;0MC006031PLA;163;196;0.00843568
811;0MC006031PLA;164;196;0.00944092
811;0MC006031PLA;165;196;0.00596394
811;0MC006031PLA;161;197;0.00271270
811;0MC006031PLA;162;197;0.07666905
811;0MC006031PLA;165;197;0.00193066
811;0MC006031PLA;166;197;0.00372160
811;0MC006031PLA;162;198;0.07846400
811;0MC006031PLA;166;198;0.00126715
811;0MC006031PLA;167;198;0.00094402
811;0MC006031PLA;162;199;0.07655104
811;0MC006031PLA;163;199;0.00892179
811;0MC006031PLA;167;199;0.00022936
811;0MC006031PLA;168;199;0.00000851
811;0MC006031PLA;163;200;0.05724988
811;0MC006031PLA;164;200;0.04489520
811;0MC006031PLA;168;200;0.00003548
811;0MC006031PLA;169;200;0.00002449
811;0MC006031PLA;170;200;0.00003110
811;0MC006031PLA;171;200;0.00003110
811;0MC006031PLA;172;200;0.00002930
811;0MC006031PLA;164;201;0.03418346
811;0MC006031PLA;165;201;0.06927613
811;0MC006031PLA;166;201;0.00875617
811;0MC006031PLA;169;201;0.00000926
811;0MC006031PLA;166;202;0.07823869
811;0MC006031PLA;166;203;0.00116129
811;0MC006031PLA;167;203;0.08394898
811;0MC006031PLA;168;203;0.00952129
811;0MC006031PLA;168;204;0.06712434
811;0MC006031PLA;169;204;0.02547224
811;0MC006031PLA;170;204;0.00839396
811;0MC006031PLA;171;204;0.00759509
811;0LT0060090ED;182;190;0.01553512
811;0LT0060090ED;183;190;0.00910779
811;0LT0060090ED;181;191;0.05778806
811;0LT0060090ED;182;191;0.01651399
811;0LT0060090ED;181;192;0.01390922
811;0LT0060090ED;182;192;0.10122749
811;0LT0060090ED;181;193;0.00937627
811;0LT0060090ED;182;193;0.11672912
811;0LT0060090ED;183;193;0.06038937
811;0LT0060090ED;180;194;0.06532253
811;0LT0060090ED;181;194;0.05649662
811;0LT0060090ED;182;194;0.11206142
811;0LT0060090ED;183;194;0.21466396
811;0LT0060090ED;180;195;0.04281472
811;0LT0060090ED;183;195;0.01920815
811;0LT0060090ED;179;196;0.01837864
811;0LT0060090ED;180;196;0.02464743
811;0LT0060090ED;179;197;0.02836412
811;0LT0060090ED;180;197;0.01746599
811;0SV0060480YS;146;173;0.00001644
811;0SV0060480YS;143;174;0.00000763
811;0SV0060480YS;144;174;0.00001480
811;0SV0060480YS;145;174;0.00001469
811;0SV0060480YS;146;174;0.00000386
811;0SV0060480YS;144;175;0.00000093
811;0SV0060480YS;144;176;0.00000093
811;0SV0060480YS;140;177;0.00000012
811;0SV0060480YS;141;177;0.00000023
811;0SV0060480YS;143;177;0.00000097
811;0SV0060480YS;144;177;0.00000031
811;0SV0060480YS;139;178;0.00041564
811;0SV0060480YS;140;178;0.00054722
811;0SV0060480YS;141;178;0.00000739
811;0SV0060480YS;142;178;0.00000034
811;0SV0060480YS;143;178;0.00000085
811;0SV0060480YS;139;179;0.00000275
811;0SV0060480YS;140;179;0.07967247
811;0SV0060480YS;141;179;0.02911640
811;0SV0060480YS;142;179;0.00000003
811;0SV0060480YS;143;179;0.00000024
811;0SV0060480YS;140;180;0.02618061
811;0SV0060480YS;141;180;0.16231960
811;0SV0060480YS;142;180;0.07338949
811;0SV0060480YS;143;180;0.00002694
811;0SV0060480YS;140;181;0.00647009
811;0SV0060480YS;141;181;0.01971039
811;0SV0060480YS;142;181;0.11788842
811;0SV0060480YS;143;181;0.11772958
811;0SV0060480YS;141;182;0.01677406
811;0SV0060480YS;143;182;0.07451448
811;0SV0060480YS;144;182;0.11681743
811;0SV0060480YS;138;183;0.00025194
811;0SV0060480YS;140;183;0.00045682
811;0SV0060480YS;141;183;0.00983168
811;0SV0060480YS;144;183;0.02682938
811;0SV0060480YS;145;183;0.12098488
811;SJV006015SJU;205;82;0.00030931
811;SJV006015SJU;206;82;0.00013138
811;SJV006015SJU;207;82;0.00064613
811;SJV006015SJU;208;82;0.00214572
811;SJV006015SJU;200;83;0.00000921
811;SJV006015SJU;201;83;0.00026670
811;SJV006015SJU;202;83;0.00028008
811;SJV006015SJU;203;83;0.00043492
811;SJV006015SJU;204;83;0.00043963
811;SJV006015SJU;205;83;0.00031565
811;SJV006015SJU;206;83;0.00052381
811;SJV006015SJU;207;83;0.00049022
811;SJV006015SJU;208;83;0.01189871
811;SJV006015SJU;197;84;0.00016263
811;SJV006015SJU;198;84;0.00000275
811;SJV006015SJU;199;84;0.00009333
811;SJV006015SJU;200;84;0.00015335
811;SJV006015SJU;207;84;0.00699080
811;SJV006015SJU;208;84;0.00652163
811;SJV006015SJU;196;85;0.00024085
811;SJV006015SJU;197;85;0.00004847
811;SJV006015SJU;207;85;0.01131220
811;SJV006015SJU;194;86;0.00001749
811;SJV006015SJU;195;86;0.00123364
811;SJV006015SJU;196;86;0.00010984
811;SJV006015SJU;206;86;0.00340757
811;SJV006015SJU;207;86;0.00690458
811;SJV006015SJU;194;87;0.00000136
811;SJV006015SJU;195;87;0.00030873
811;SJV006015SJU;196;87;0.00042894
811;SJV006015SJU;206;87;0.01175290
811;SJV006015SJU;207;87;0.00149980
811;SJV006015SJU;208;87;0.00021917
811;SJV006015SJU;196;88;0.00048907
811;SJV006015SJU;205;88;0.00017163
811;SJV006015SJU;206;88;0.01063167
811;SJV006015SJU;207;88;0.00043317
811;SJV006015SJU;208;88;0.00018417
811;SJV006015SJU;196;89;0.00080857
811;SJV006015SJU;197;89;0.00027594
811;SJV006015SJU;198;89;0.00027594
811;SJV006015SJU;199;89;0.00033664
811;SJV006015SJU;200;89;0.00047016
811;SJV006015SJU;201;89;0.00047016
811;SJV006015SJU;202;89;0.00056102
811;SJV006015SJU;203;89;0.00021815
811;SJV006015SJU;204;89;0.00041003
811;SJV006015SJU;205;89;0.00543545
811;SJV006015SJU;206;89;0.00576375
811;SJV006015SJU;207;89;0.00073769
811;SJV006015SJU;208;89;0.00026833
811;SJV006015SJU;195;90;0.00035397
811;SJV006015SJU;196;90;0.00109703
811;SJV006015SJU;197;90;0.00027057
811;SJV006015SJU;198;90;0.00031640
811;SJV006015SJU;199;90;0.00026551
811;SJV006015SJU;200;90;0.00026552
811;SJV006015SJU;201;90;0.00026555
811;SJV006015SJU;202;90;0.00044705
811;SJV006015SJU;203;90;0.00050779
811;SJV006015SJU;204;90;0.00474071
811;SJV006015SJU;205;90;0.00502287
811;SJV006015SJU;206;90;0.00171895
811;SJV006015SJU;207;90;0.00100360
811;SJV006015SJU;208;90;0.00069918
811;SJV006015SJU;194;91;0.00035531
811;SJV006015SJU;195;91;0.00280576
811;SJV006015SJU;196;91;0.00020090
811;SJV006015SJU;197;91;0.00008817
811;SJV006015SJU;198;91;0.00008146
811;SJV006015SJU;199;91;0.00001958
811;SJV006015SJU;200;91;0.00000763
811;SJV006015SJU;202;91;0.00000113
811;SJV006015SJU;203;91;0.00447982
811;SJV006015SJU;204;91;0.00078924
811;SJV006015SJU;205;91;0.00610669
811;SJV006015SJU;206;91;0.00011172
811;SJV006015SJU;207;91;0.00066687
811;SJV006015SJU;208;91;0.00050352
811;SJV006015SJU;193;92;0.00053526
811;SJV006015SJU;194;92;0.00047417
811;SJV006015SJU;195;92;0.00291222
811;SJV006015SJU;200;92;0.00000254
811;SJV006015SJU;201;92;0.00000382
811;SJV006015SJU;202;92;0.00398046
811;SJV006015SJU;203;92;0.00111320
811;SJV006015SJU;204;92;0.00006557
811;SJV006015SJU;205;92;0.00613883
811;SJV006015SJU;207;92;0.00070558
811;SJV006015SJU;208;92;0.00053720
811;SJV006015SJU;209;92;0.00001144
811;SJV006015SJU;192;93;0.00036333
811;SJV006015SJU;193;93;0.00032229
811;SJV006015SJU;195;93;0.00097364
811;SJV006015SJU;196;93;0.00230410
811;SJV006015SJU;197;93;0.00006394
811;SJV006015SJU;200;93;0.00001294
811;SJV006015SJU;201;93;0.00318516
811;SJV006015SJU;202;93;0.00210655
811;SJV006015SJU;203;93;0.00026596
811;SJV006015SJU;204;93;0.00032826
811;SJV006015SJU;205;93;0.00806845
811;SJV006015SJU;206;93;0.00159506
811;SJV006015SJU;207;93;0.00221463
811;SJV006015SJU;208;93;0.00288003
811;SJV006015SJU;209;93;0.00127925
811;SJV006015SJU;210;93;0.00052314
811;SJV006015SJU;211;93;0.00036451
811;SJV006015SJU;191;94;0.00009301
811;SJV006015SJU;192;94;0.00017410
811;SJV006015SJU;195;94;0.00061992
811;SJV006015SJU;197;94;0.00223065
811;SJV006015SJU;198;94;0.00092380
811;SJV006015SJU;200;94;0.00267654
811;SJV006015SJU;201;94;0.00190240
811;SJV006015SJU;202;94;0.00071132
811;SJV006015SJU;203;94;0.00034415
811;SJV006015SJU;204;94;0.00338897
811;SJV006015SJU;205;94;0.00738579
811;SJV006015SJU;206;94;0.00224705
811;SJV006015SJU;207;94;0.00291699
811;SJV006015SJU;208;94;0.00323509
811;SJV006015SJU;209;94;0.00107914
811;SJV006015SJU;210;94;0.00002315
811;SJV006015SJU;211;94;0.00018861
811;SJV006015SJU;212;94;0.00054344
811;SJV006015SJU;214;94;0.00124377
811;SJV006015SJU;190;95;0.00002531
811;SJV006015SJU;191;95;0.00025159
811;SJV006015SJU;194;95;0.00017299
811;SJV006015SJU;195;95;0.00034744
811;SJV006015SJU;198;95;0.00128878
811;SJV006015SJU;199;95;0.00563664
811;SJV006015SJU;200;95;0.00397795
811;SJV006015SJU;201;95;0.00162038
811;SJV006015SJU;202;95;0.00308454
811;SJV006015SJU;203;95;0.00523620
811;SJV006015SJU;204;95;0.02141682
811;SJV006015SJU;205;95;0.00417632
811;SJV006015SJU;206;95;0.00211571
811;SJV006015SJU;207;95;0.00219070
811;SJV006015SJU;208;95;0.00213652
811;SJV006015SJU;209;95;0.00037579
811;SJV006015SJU;210;95;0.00048145
811;SJV006015SJU;211;95;0.00295931
811;SJV006015SJU;212;95;0.00288914
811;SJV006015SJU;213;95;0.00331870
811;SJV006015SJU;214;95;0.00058254
811;SJV006015SJU;187;96;0.00001437
811;SJV006015SJU;188;96;0.00002392
811;SJV006015SJU;189;96;0.00002305
811;SJV006015SJU;190;96;0.00000014
811;SJV006015SJU;191;96;0.00024539
811;SJV006015SJU;194;96;0.00018841
811;SJV006015SJU;195;96;0.00035971
811;SJV006015SJU;198;96;0.00271558
811;SJV006015SJU;199;96;0.00398999
811;SJV006015SJU;201;96;0.00001562
811;SJV006015SJU;202;96;0.00675076
811;SJV006015SJU;203;96;0.01443635
811;SJV006015SJU;204;96;0.03377954
811;SJV006015SJU;205;96;0.00477904
811;SJV006015SJU;206;96;0.00064577
811;SJV006015SJU;207;96;0.00236604
811;SJV006015SJU;208;96;0.00201474
811;SJV006015SJU;209;96;0.00179475
811;SJV006015SJU;210;96;0.00328701
811;SJV006015SJU;213;96;0.00004106
811;SJV006015SJU;214;96;0.00005179
811;SJV006015SJU;186;97;0.00000766
811;SJV006015SJU;187;97;0.00000674
811;SJV006015SJU;190;97;0.00006166
811;SJV006015SJU;191;97;0.00012896
811;SJV006015SJU;192;97;0.00007881
811;SJV006015SJU;194;97;0.00056850
811;SJV006015SJU;196;97;0.00000513
811;SJV006015SJU;197;97;0.00458062
811;SJV006015SJU;198;97;0.00287314
811;SJV006015SJU;199;97;0.00241711
811;SJV006015SJU;200;97;0.00188007
811;SJV006015SJU;201;97;0.00371436
811;SJV006015SJU;202;97;0.02068304
811;SJV006015SJU;203;97;0.03161853
811;SJV006015SJU;204;97;0.05450910
811;SJV006015SJU;205;97;0.02222878
811;SJV006015SJU;206;97;0.01667620
811;SJV006015SJU;207;97;0.00911487
811;SJV006015SJU;208;97;0.00472516
811;SJV006015SJU;209;97;0.00157588
811;SJV006015SJU;190;98;0.00026979
811;SJV006015SJU;191;98;0.00009872
811;SJV006015SJU;192;98;0.00012915
811;SJV006015SJU;193;98;0.00036202
811;SJV006015SJU;194;98;0.00086865
811;SJV006015SJU;195;98;0.00074324
811;SJV006015SJU;196;98;0.00623997
811;SJV006015SJU;197;98;0.00175389
811;SJV006015SJU;198;98;0.00067086
811;SJV006015SJU;199;98;0.00213437
811;SJV006015SJU;200;98;0.00098693
811;SJV006015SJU;201;98;0.00283953
811;SJV006015SJU;202;98;0.01192240
811;SJV006015SJU;203;98;0.01971217
811;SJV006015SJU;204;98;0.04452980
811;SJV006015SJU;205;98;0.02653419
811;SJV006015SJU;206;98;0.01701867
811;SJV006015SJU;207;98;0.00581525
811;SJV006015SJU;208;98;0.00155843
811;SJV006015SJU;209;98;0.00000106
811;SJV006015SJU;189;99;0.00011750
811;SJV006015SJU;190;99;0.00016870
811;SJV006015SJU;194;99;0.00091352
811;SJV006015SJU;195;99;0.00570214
811;SJV006015SJU;196;99;0.00116261
811;SJV006015SJU;197;99;0.00064465
811;SJV006015SJU;198;99;0.00062109
811;SJV006015SJU;199;99;0.00203555
811;SJV006015SJU;200;99;0.00253425
811;SJV006015SJU;201;99;0.00711181
811;SJV006015SJU;202;99;0.00926391
811;SJV006015SJU;203;99;0.02786105
811;SJV006015SJU;204;99;0.01553852
811;SJV006015SJU;205;99;0.00294658
811;SJV006015SJU;206;99;0.00133297
811;SJV006015SJU;207;99;0.00080428
811;SJV006015SJU;208;99;0.00140644
811;SJV006015SJU;209;99;0.00053565
811;SJV006015SJU;189;100;0.00032163
811;SJV006015SJU;193;100;0.00132699
811;SJV006015SJU;194;100;0.00562304
811;SJV006015SJU;197;100;0.00036051
811;SJV006015SJU;198;100;0.00005866
811;SJV006015SJU;199;100;0.00227618
811;SJV006015SJU;200;100;0.00232918
811;SJV006015SJU;201;100;0.00079384
811;SJV006015SJU;202;100;0.01316912
811;SJV006015SJU;203;100;0.00562533
811;SJV006015SJU;204;100;0.00090399
811;SJV006015SJU;206;100;0.00006929
811;SJV006015SJU;207;100;0.00006836
811;SJV006015SJU;209;100;0.00015232
811;SJV006015SJU;210;100;0.00059884
811;SJV006015SJU;211;100;0.00022938
811;SJV006015SJU;188;101;0.00023883
811;SJV006015SJU;189;101;0.00050186
811;SJV006015SJU;190;101;0.00020426
811;SJV006015SJU;191;101;0.00020569
811;SJV006015SJU;192;101;0.00151718
811;SJV006015SJU;193;101;0.00542348
811;SJV006015SJU;194;101;0.00060779
811;SJV006015SJU;195;101;0.00039015
811;SJV006015SJU;196;101;0.00050300
811;SJV006015SJU;197;101;0.00096216
811;SJV006015SJU;198;101;0.00144006
811;SJV006015SJU;199;101;0.00548297
811;SJV006015SJU;200;101;0.00245359
811;SJV006015SJU;201;101;0.01510091
811;SJV006015SJU;202;101;0.00239082
811;SJV006015SJU;203;101;0.00130845
811;SJV006015SJU;204;101;0.00000770
811;SJV006015SJU;205;101;0.00021665
811;SJV006015SJU;209;101;0.00005806
811;SJV006015SJU;210;101;0.00019596
811;SJV006015SJU;211;101;0.00051442
811;SJV006015SJU;212;101;0.00018633
811;SJV006015SJU;181;102;0.00000182
811;SJV006015SJU;182;102;0.00000201
811;SJV006015SJU;187;102;0.00009761
811;SJV006015SJU;188;102;0.00007409
811;SJV006015SJU;189;102;0.00021759
811;SJV006015SJU;191;102;0.00063329
811;SJV006015SJU;192;102;0.00565885
811;SJV006015SJU;194;102;0.00024270
811;SJV006015SJU;197;102;0.00147238
811;SJV006015SJU;198;102;0.00206972
811;SJV006015SJU;199;102;0.00059357
811;SJV006015SJU;200;102;0.00619574
811;SJV006015SJU;201;102;0.00436516
811;SJV006015SJU;202;102;0.00009716
811;SJV006015SJU;203;102;0.00108659
811;SJV006015SJU;205;102;0.00007706
811;SJV006015SJU;206;102;0.00011370
811;SJV006015SJU;210;102;0.00000939
811;SJV006015SJU;211;102;0.00009241
811;SJV006015SJU;212;102;0.00047336
811;SJV006015SJU;213;102;0.00044618
811;SJV006015SJU;182;103;0.00000440
811;SJV006015SJU;183;103;0.00000650
811;SJV006015SJU;184;103;0.00000272
811;SJV006015SJU;186;103;0.00010083
811;SJV006015SJU;187;103;0.00007220
811;SJV006015SJU;189;103;0.00021761
811;SJV006015SJU;191;103;0.00607333
811;SJV006015SJU;194;103;0.00022675
811;SJV006015SJU;196;103;0.00000835
811;SJV006015SJU;197;103;0.00305355
811;SJV006015SJU;198;103;0.00021567
811;SJV006015SJU;199;103;0.00127104
811;SJV006015SJU;200;103;0.01137493
811;SJV006015SJU;201;103;0.00000110
811;SJV006015SJU;203;103;0.00090251
811;SJV006015SJU;206;103;0.00014349
811;SJV006015SJU;212;103;0.00009378
811;SJV006015SJU;213;103;0.00023469
811;SJV006015SJU;214;103;0.00021929
811;SJV006015SJU;178;104;0.00000918
811;SJV006015SJU;179;104;0.00001695
811;SJV006015SJU;182;104;0.00022221
811;SJV006015SJU;183;104;0.00096204
811;SJV006015SJU;184;104;0.00095116
811;SJV006015SJU;185;104;0.00103745
811;SJV006015SJU;186;104;0.00101133
811;SJV006015SJU;187;104;0.00094144
811;SJV006015SJU;188;104;0.00132749
811;SJV006015SJU;189;104;0.00191691
811;SJV006015SJU;190;104;0.00595146
811;SJV006015SJU;191;104;0.00138220
811;SJV006015SJU;192;104;0.00091384
811;SJV006015SJU;193;104;0.00063491
811;SJV006015SJU;194;104;0.00071141
811;SJV006015SJU;195;104;0.00088931
811;SJV006015SJU;196;104;0.00106381
811;SJV006015SJU;197;104;0.00241214
811;SJV006015SJU;198;104;0.00129185
811;SJV006015SJU;199;104;0.00128136
811;SJV006015SJU;200;104;0.01049112
811;SJV006015SJU;201;104;0.00007800
811;SJV006015SJU;202;104;0.00001351
811;SJV006015SJU;203;104;0.00087570
811;SJV006015SJU;204;104;0.00003218
811;SJV006015SJU;205;104;0.00004426
811;SJV006015SJU;206;104;0.00018786
811;SJV006015SJU;207;104;0.00008884
811;SJV006015SJU;208;104;0.00008626
811;SJV006015SJU;212;104;0.00004027
811;SJV006015SJU;213;104;0.00007615
811;SJV006015SJU;181;105;0.00091765
811;SJV006015SJU;182;105;0.00077231
811;SJV006015SJU;185;105;0.00012330
811;SJV006015SJU;189;105;0.00129732
811;SJV006015SJU;190;105;0.00290536
811;SJV006015SJU;192;105;0.00021381
811;SJV006015SJU;195;105;0.00011684
811;SJV006015SJU;197;105;0.00082028
811;SJV006015SJU;198;105;0.00001576
811;SJV006015SJU;199;105;0.00001576
811;SJV006015SJU;200;105;0.00975392
811;SJV006015SJU;202;105;0.00002674
811;SJV006015SJU;203;105;0.00068870
811;SJV006015SJU;204;105;0.00000920
811;SJV006015SJU;206;105;0.00008754
811;SJV006015SJU;207;105;0.00000728
811;SJV006015SJU;208;105;0.00002327
811;SJV006015SJU;209;105;0.00010614
811;SJV006015SJU;210;105;0.00005095
811;SJV006015SJU;213;105;0.00002764
811;SJV006015SJU;214;105;0.00005142
811;SJV006015SJU;179;106;0.00060053
811;SJV006015SJU;180;106;0.00096051
811;SJV006015SJU;181;106;0.00007327
811;SJV006015SJU;182;106;0.00000210
811;SJV006015SJU;184;106;0.00009940
811;SJV006015SJU;185;106;0.00002278
811;SJV006015SJU;189;106;0.00420325
811;SJV006015SJU;192;106;0.00021423
811;SJV006015SJU;195;106;0.00012064
811;SJV006015SJU;197;106;0.00070554
811;SJV006015SJU;198;106;0.00034203
811;SJV006015SJU;199;106;0.00039678
811;SJV006015SJU;200;106;0.01026995
811;SJV006015SJU;201;106;0.00072580
811;SJV006015SJU;202;106;0.00005981
811;SJV006015SJU;203;106;0.00052046
811;SJV006015SJU;207;106;0.00009535
811;SJV006015SJU;208;106;0.00003853
811;SJV006015SJU;210;106;0.00005485
811;SJV006015SJU;211;106;0.00002091
811;SJV006015SJU;214;106;0.00000583
811;SJV006015SJU;178;107;0.00022478
811;SJV006015SJU;179;107;0.00038554
811;SJV006015SJU;182;107;0.00000538
811;SJV006015SJU;183;107;0.00002499
811;SJV006015SJU;184;107;0.00029387
811;SJV006015SJU;185;107;0.00016612
811;SJV006015SJU;186;107;0.00018740
811;SJV006015SJU;187;107;0.00021692
811;SJV006015SJU;188;107;0.00304757
811;SJV006015SJU;189;107;0.00129818
811;SJV006015SJU;192;107;0.00021427
811;SJV006015SJU;195;107;0.00010133
811;SJV006015SJU;197;107;0.00054133
811;SJV006015SJU;198;107;0.00055750
811;SJV006015SJU;199;107;0.00963088
811;SJV006015SJU;200;107;0.00083412
811;SJV006015SJU;201;107;0.00068047
811;SJV006015SJU;203;107;0.00052171
811;SJV006015SJU;208;107;0.00011462
811;SJV006015SJU;209;107;0.00004764
811;SJV006015SJU;210;107;0.00004336
811;SJV006015SJU;211;107;0.00014541
811;SJV006015SJU;212;107;0.00005115
811;SJV006015SJU;178;108;0.00000012
811;SJV006015SJU;180;108;0.00155815
811;SJV006015SJU;183;108;0.00022046
811;SJV006015SJU;185;108;0.00003905
811;SJV006015SJU;187;108;0.00030096
811;SJV006015SJU;188;108;0.00377256
811;SJV006015SJU;192;108;0.00026340
811;SJV006015SJU;193;108;0.00025629
811;SJV006015SJU;194;108;0.00025629
811;SJV006015SJU;195;108;0.00034804
811;SJV006015SJU;196;108;0.00034796
811;SJV006015SJU;197;108;0.00101026
811;SJV006015SJU;198;108;0.00130739
811;SJV006015SJU;199;108;0.01267580
811;SJV006015SJU;200;108;0.00174034
811;SJV006015SJU;201;108;0.00075721
811;SJV006015SJU;202;108;0.00095309
811;SJV006015SJU;203;108;0.00073760
811;SJV006015SJU;204;108;0.00006186
811;SJV006015SJU;205;108;0.00006445
811;SJV006015SJU;206;108;0.00006603
811;SJV006015SJU;207;108;0.00006428
811;SJV006015SJU;208;108;0.00001985
811;SJV006015SJU;211;108;0.00003000
811;SJV006015SJU;212;108;0.00004114
811;SJV006015SJU;213;108;0.00009292
811;SJV006015SJU;214;108;0.00001908
811;SJV006015SJU;180;109;0.00028240
811;SJV006015SJU;187;109;0.00071462
811;SJV006015SJU;192;109;0.00000677
811;SJV006015SJU;197;109;0.00012817
811;SJV006015SJU;198;109;0.00012147
811;SJV006015SJU;199;109;0.00362549
811;SJV006015SJU;200;109;0.00049141
811;SJV006015SJU;201;109;0.00035696
811;SJV006015SJU;202;109;0.00037267
811;SJV006015SJU;203;109;0.00029281
811;SJV006015SJU;209;109;0.00085423
811;0SC0060190SC;222;52;0.00004144
811;0SC0060190SC;219;53;0.00003257
811;0SC0060190SC;220;53;0.00004457
811;0SC0060190SC;221;53;0.00018571
811;0SC0060190SC;222;53;0.00071581
811;0SC0060190SC;223;53;0.00111341
811;0SC0060190SC;224;53;0.00027605
811;0SC0060190SC;219;54;0.00006723
811;0SC0060190SC;220;54;0.00024129
811;0SC0060190SC;221;54;0.00027489
811;0SC0060190SC;222;54;0.00390401
811;0SC0060190SC;223;54;0.00423775
811;0SC0060190SC;224;54;0.00443381
811;0SC0060190SC;225;54;0.00094954
811;0SC0060190SC;226;54;0.00103430
811;0SC0060190SC;219;55;0.00002933
811;0SC0060190SC;220;55;0.00058551
811;0SC0060190SC;221;55;0.00135770
811;0SC0060190SC;222;55;0.00443342
811;0SC0060190SC;223;55;0.00304650
811;0SC0060190SC;224;55;0.00774246
811;0SC0060190SC;225;55;0.00739330
811;0SC0060190SC;226;55;0.00579083
811;0SC0060190SC;227;55;0.00047383
811;0SC0060190SC;219;56;0.00014190
811;0SC0060190SC;220;56;0.00123646
811;0SC0060190SC;221;56;0.00233387
811;0SC0060190SC;222;56;0.00954872
811;0SC0060190SC;223;56;0.00901873
811;0SC0060190SC;224;56;0.00867537
811;0SC0060190SC;225;56;0.00074627
811;0SC0060190SC;226;56;0.00220228
811;0SC0060190SC;227;56;0.00103056
811;0SC0060190SC;219;57;0.00033291
811;0SC0060190SC;220;57;0.00553847
811;0SC0060190SC;221;57;0.00857364
811;0SC0060190SC;222;57;0.01057369
811;0SC0060190SC;223;57;0.00606175
811;0SC0060190SC;224;57;0.01020700
811;0SC0060190SC;225;57;0.00623446
811;0SC0060190SC;226;57;0.00873123
811;0SC0060190SC;227;57;0.00499949
811;0SC0060190SC;228;57;0.00345799
811;0SC0060190SC;218;58;0.00002201
811;0SC0060190SC;219;58;0.00107599
811;0SC0060190SC;220;58;0.00887064
811;0SC0060190SC;221;58;0.00575600
811;0SC0060190SC;222;58;0.00768780
811;0SC0060190SC;223;58;0.00210077
811;0SC0060190SC;224;58;0.00932920
811;0SC0060190SC;225;58;0.00510202
811;0SC0060190SC;226;58;0.00893933
811;0SC0060190SC;227;58;0.00904894
811;0SC0060190SC;228;58;0.00235373
811;0SC0060190SC;229;58;0.00029790
811;0SC0060190SC;218;59;0.00025542
811;0SC0060190SC;219;59;0.00296781
811;0SC0060190SC;220;59;0.01140877
811;0SC0060190SC;221;59;0.00123727
811;0SC0060190SC;222;59;0.00577168
811;0SC0060190SC;223;59;0.00509628
811;0SC0060190SC;224;59;0.00550563
811;0SC0060190SC;225;59;0.00161035
811;0SC0060190SC;226;59;0.01419678
811;0SC0060190SC;227;59;0.00211361
811;0SC0060190SC;228;59;0.00112101
811;0SC0060190SC;229;59;0.00020647
811;0SC0060190SC;230;59;0.00008924
811;0SC0060190SC;231;59;0.00091030
811;0SC0060190SC;217;60;0.00025209
811;0SC0060190SC;218;60;0.00152486
811;0SC0060190SC;219;60;0.00795630
811;0SC0060190SC;220;60;0.00465057
811;0SC0060190SC;221;60;0.00179984
811;0SC0060190SC;222;60;0.00582205
811;0SC0060190SC;223;60;0.00321946
811;0SC0060190SC;224;60;0.00651868
811;0SC0060190SC;225;60;0.00931738
811;0SC0060190SC;226;60;0.00623158
811;0SC0060190SC;227;60;0.00426367
811;0SC0060190SC;228;60;0.00037080
811;0SC0060190SC;229;60;0.00046411
811;0SC0060190SC;230;60;0.00077657
811;0SC0060190SC;231;60;0.00096203
811;0SC0060190SC;232;60;0.00314615
811;0SC0060190SC;207;61;0.00019794
811;0SC0060190SC;208;61;0.00026937
811;0SC0060190SC;209;61;0.00032025
811;0SC0060190SC;210;61;0.00036405
811;0SC0060190SC;211;61;0.00035101
811;0SC0060190SC;212;61;0.00040551
811;0SC0060190SC;213;61;0.00046287
811;0SC0060190SC;214;61;0.00043895
811;0SC0060190SC;215;61;0.00050390
811;0SC0060190SC;216;61;0.00072059
811;0SC0060190SC;217;61;0.00267819
811;0SC0060190SC;218;61;0.00685112
811;0SC0060190SC;219;61;0.00812518
811;0SC0060190SC;220;61;0.00502545
811;0SC0060190SC;221;61;0.00518693
811;0SC0060190SC;222;61;0.01069275
811;0SC0060190SC;223;61;0.01178497
811;0SC0060190SC;224;61;0.01513635
811;0SC0060190SC;225;61;0.00831078
811;0SC0060190SC;226;61;0.00231385
811;0SC0060190SC;227;61;0.00792048
811;0SC0060190SC;228;61;0.00508260
811;0SC0060190SC;229;61;0.00658449
811;0SC0060190SC;230;61;0.00618648
811;0SC0060190SC;231;61;0.00539785
811;0SC0060190SC;232;61;0.00867682
811;0SC0060190SC;233;61;0.00279291
811;0SC0060190SC;234;61;0.00303886
811;0SC0060190SC;208;62;0.00002399
811;0SC0060190SC;209;62;0.00000424
811;0SC0060190SC;210;62;0.00004915
811;0SC0060190SC;211;62;0.00001243
811;0SC0060190SC;212;62;0.00015274
811;0SC0060190SC;213;62;0.00001660
811;0SC0060190SC;214;62;0.00002553
811;0SC0060190SC;215;62;0.00012924
811;0SC0060190SC;216;62;0.00012493
811;0SC0060190SC;217;62;0.00060082
811;0SC0060190SC;218;62;0.00851082
811;0SC0060190SC;219;62;0.00260105
811;0SC0060190SC;220;62;0.00422560
811;0SC0060190SC;221;62;0.00385946
811;0SC0060190SC;222;62;0.01064970
811;0SC0060190SC;223;62;0.01609781
811;0SC0060190SC;224;62;0.00870273
811;0SC0060190SC;225;62;0.00410619
811;0SC0060190SC;226;62;0.00385195
811;0SC0060190SC;227;62;0.00622053
811;0SC0060190SC;228;62;0.01088684
811;0SC0060190SC;229;62;0.00172870
811;0SC0060190SC;230;62;0.00072857
811;0SC0060190SC;231;62;0.00030367
811;0SC0060190SC;232;62;0.00084559
811;0SC0060190SC;233;62;0.00617095
811;0SC0060190SC;234;62;0.00268387
811;0SC0060190SC;235;62;0.00000030
811;0SC0060190SC;208;63;0.00000507
811;0SC0060190SC;209;63;0.00004719
811;0SC0060190SC;210;63;0.00009801
811;0SC0060190SC;211;63;0.00018441
811;0SC0060190SC;212;63;0.00021924
811;0SC0060190SC;213;63;0.00003369
811;0SC0060190SC;214;63;0.00005311
811;0SC0060190SC;215;63;0.00008482
811;0SC0060190SC;217;63;0.00482865
811;0SC0060190SC;218;63;0.00017457
811;0SC0060190SC;219;63;0.00058990
811;0SC0060190SC;220;63;0.00247734
811;0SC0060190SC;221;63;0.00513741
811;0SC0060190SC;222;63;0.00763239
811;0SC0060190SC;223;63;0.00879267
811;0SC0060190SC;224;63;0.00107194
811;0SC0060190SC;225;63;0.00318733
811;0SC0060190SC;226;63;0.00388026
811;0SC0060190SC;227;63;0.00309298
811;0SC0060190SC;228;63;0.00390181
811;0SC0060190SC;229;63;0.00507383
811;0SC0060190SC;230;63;0.00559724
811;0SC0060190SC;231;63;0.00527832
811;0SC0060190SC;232;63;0.00724248
811;0SC0060190SC;233;63;0.00706319
811;0SC0060190SC;234;63;0.00681546
811;0SC0060190SC;235;63;0.00149493
811;0SC0060190SC;209;64;0.00002860
811;0SC0060190SC;210;64;0.00398771
811;0SC0060190SC;211;64;0.00478249
811;0SC0060190SC;212;64;0.00522105
811;0SC0060190SC;213;64;0.00469867
811;0SC0060190SC;214;64;0.00022417
811;0SC0060190SC;215;64;0.00008236
811;0SC0060190SC;216;64;0.00000909
811;0SC0060190SC;217;64;0.00621820
811;0SC0060190SC;218;64;0.00057390
811;0SC0060190SC;219;64;0.00054927
811;0SC0060190SC;220;64;0.00345805
811;0SC0060190SC;221;64;0.00026959
811;0SC0060190SC;222;64;0.00913379
811;0SC0060190SC;223;64;0.00485744
811;0SC0060190SC;224;64;0.00353227
811;0SC0060190SC;225;64;0.00143777
811;0SC0060190SC;226;64;0.00096905
811;0SC0060190SC;227;64;0.00085828
811;0SC0060190SC;228;64;0.00604071
811;0SC0060190SC;229;64;0.00979758
811;0SC0060190SC;230;64;0.00736497
811;0SC0060190SC;231;64;0.00649757
811;0SC0060190SC;232;64;0.00694108
811;0SC0060190SC;233;64;0.00397110
811;0SC0060190SC;234;64;0.00370454
811;0SC0060190SC;235;64;0.00219173
811;0SC0060190SC;210;65;0.00003445
811;0SC0060190SC;211;65;0.00002687
811;0SC0060190SC;212;65;0.00000547
811;0SC0060190SC;213;65;0.00037732
811;0SC0060190SC;214;65;0.00616797
811;0SC0060190SC;215;65;0.00672235
811;0SC0060190SC;216;65;0.00677976
811;0SC0060190SC;217;65;0.01105671
811;0SC0060190SC;218;65;0.00617323
811;0SC0060190SC;219;65;0.00704440
811;0SC0060190SC;220;65;0.00598182
811;0SC0060190SC;221;65;0.01147522
811;0SC0060190SC;222;65;0.00715747
811;0SC0060190SC;223;65;0.00335194
811;0SC0060190SC;224;65;0.00328830
811;0SC0060190SC;225;65;0.00854525
811;0SC0060190SC;226;65;0.00726780
811;0SC0060190SC;227;65;0.00654416
811;0SC0060190SC;228;65;0.00141547
811;0SC0060190SC;229;65;0.00006670
811;0SC0060190SC;230;65;0.00011637
811;0SC0060190SC;231;65;0.00003270
811;0SC0060190SC;232;65;0.00002607
811;0SC0060190SC;233;65;0.00000158
811;0SC0060190SC;234;65;0.00000479
811;0SC0060190SC;235;65;0.00000620
811;0SC0060190SC;213;66;0.00010777
811;0SC0060190SC;214;66;0.00082036
811;0SC0060190SC;215;66;0.00133912
811;0SC0060190SC;216;66;0.00127665
811;0SC0060190SC;217;66;0.00458681
811;0SC0060190SC;218;66;0.00172623
811;0SC0060190SC;219;66;0.00256698
811;0SC0060190SC;220;66;0.00714196
811;0SC0060190SC;221;66;0.00237174
811;0SC0060190SC;222;66;0.00002557
811;0SC0060190SC;223;66;0.00360144
811;0SC0060190SC;224;66;0.00313340
811;0SC0060190SC;225;66;0.00015881
811;0SC0060190SC;226;66;0.00005380
811;0SC0060190SC;231;66;0.00001039
811;0SC0060190SC;213;67;0.00002176
811;0SC0060190SC;214;67;0.00067996
811;0SC0060190SC;215;67;0.00177234
811;0SC0060190SC;216;67;0.00121440
811;0SC0060190SC;217;67;0.00359918
811;0SC0060190SC;218;67;0.00421055
811;0SC0060190SC;219;67;0.00668423
811;0SC0060190SC;220;67;0.00112959
811;0SC0060190SC;221;67;0.00339610
811;0SC0060190SC;222;67;0.00318791
811;0SC0060190SC;223;67;0.00019074
811;0SC0060190SC;224;67;0.00022544
811;0SC0060190SC;225;67;0.00000173
811;0SC0060190SC;226;67;0.00000299
811;0SC0060190SC;231;67;0.00000967
811;0SC0060190SC;232;67;0.00000076
811;0SC0060190SC;214;68;0.00174380
811;0SC0060190SC;215;68;0.00277979
811;0SC0060190SC;216;68;0.00296240
811;0SC0060190SC;217;68;0.00690001
811;0SC0060190SC;218;68;0.00599213
811;0SC0060190SC;219;68;0.00370618
811;0SC0060190SC;220;68;0.00305815
811;0SC0060190SC;221;68;0.00043950
811;0SC0060190SC;222;68;0.00000733
811;0SC0060190SC;224;68;0.00039339
811;0SC0060190SC;225;68;0.00002227
811;0SC0060190SC;226;68;0.00000372
811;0SC0060190SC;227;68;0.00000048
811;0SC0060190SC;228;68;0.00000037
811;0SC0060190SC;231;68;0.00000256
811;0SC0060190SC;216;69;0.00018139
811;0SC0060190SC;217;69;0.00980515
811;0SC0060190SC;218;69;0.00266645
811;0SC0060190SC;219;69;0.00022528
811;0SC0060190SC;220;69;0.00001910
811;0SC0060190SC;224;69;0.00008801
811;0SC0060190SC;225;69;0.00019888
811;0SC0060190SC;228;69;0.00000075
811;0SC0060190SC;215;70;0.00265813
811;0SC0060190SC;216;70;0.00596174
811;0SC0060190SC;217;70;0.00211770
811;0SC0060190SC;225;70;0.00029934
811;0SC0060190SC;226;70;0.00000019
811;0SC0060190SC;228;70;0.00000048
811;0SC0060190SC;229;70;0.00000070
811;0SC0060190SC;230;70;0.00000063
811;0SC0060190SC;231;70;0.00000021
811;0SC0060190SC;212;71;0.00013048
811;0SC0060190SC;213;71;0.00020301
811;0SC0060190SC;214;71;0.00025337
811;0SC0060190SC;215;71;0.00539703
811;0SC0060190SC;216;71;0.00079549
811;0SC0060190SC;217;71;0.00289503
811;0SC0060190SC;218;71;0.00080898
811;0SC0060190SC;219;71;0.00000439
811;0SC0060190SC;226;71;0.00015082
811;0SC0060190SC;231;71;0.00000029
811;0SC0060190SC;212;72;0.00000142
811;0SC0060190SC;213;72;0.00075483
811;0SC0060190SC;214;72;0.00260008
811;0SC0060190SC;215;72;0.00407024
811;0SC0060190SC;216;72;0.00066203
811;0SC0060190SC;217;72;0.00044228
811;0SC0060190SC;218;72;0.00210691
811;0SC0060190SC;219;72;0.00210330
811;0SC0060190SC;220;72;0.00032796
811;0SC0060190SC;221;72;0.00000147
811;0SC0060190SC;222;72;0.00000282
811;0SC0060190SC;223;72;0.00000040
811;0SC0060190SC;213;73;0.00015237
811;0SC0060190SC;214;73;0.00354769
811;0SC0060190SC;215;73;0.00010485
811;0SC0060190SC;216;73;0.00009937
811;0SC0060190SC;217;73;0.00011546
811;0SC0060190SC;218;73;0.00005578
811;0SC0060190SC;219;73;0.00001774
811;0SC0060190SC;220;73;0.00230096
811;0SC0060190SC;221;73;0.00116414
811;0SC0060190SC;223;73;0.00000777
811;0SC0060190SC;213;74;0.00094713
811;0SC0060190SC;214;74;0.00280509
811;0SC0060190SC;215;74;0.00000081
811;0SC0060190SC;216;74;0.00001518
811;0SC0060190SC;217;74;0.00001546
811;0SC0060190SC;218;74;0.00002235
811;0SC0060190SC;219;74;0.00000364
811;0SC0060190SC;220;74;0.00003071
811;0SC0060190SC;221;74;0.00137260
811;0SC0060190SC;222;74;0.00208774
811;0SC0060190SC;223;74;0.00216039
811;0SC0060190SC;224;74;0.00047393
811;0SC0060190SC;213;75;0.00400319
811;0SC0060190SC;215;75;0.00000301
811;0SC0060190SC;216;75;0.00002353
811;0SC0060190SC;217;75;0.00000016
811;0SC0060190SC;218;75;0.00004546
811;0SC0060190SC;220;75;0.00000023
811;0SC0060190SC;221;75;0.00001498
811;0SC0060190SC;222;75;0.00001429
811;0SC0060190SC;212;76;0.00407125
811;0SC0060190SC;213;76;0.00009798
811;0SC0060190SC;216;76;0.00000050
811;0SC0060190SC;217;76;0.00002306
811;0SC0060190SC;218;76;0.00000601
811;0SC0060190SC;219;76;0.00004074
811;0SC0060190SC;220;76;0.00002694
811;0SC0060190SC;221;76;0.00000896
811;0SC0060190SC;211;77;0.00084858
811;0SC0060190SC;212;77;0.00260426
811;0SC0060190SC;217;77;0.00000256
811;0SC0060190SC;218;77;0.00002228
811;0SC0060190SC;219;77;0.00000317
811;0SC0060190SC;220;77;0.00000249
811;0SC0060190SC;210;78;0.00020620
811;0SC0060190SC;211;78;0.00412372
811;0SC0060190SC;212;78;0.00000360
811;0SC0060190SC;219;78;0.00001383
811;0SC0060190SC;210;79;0.00386482
811;0SC0060190SC;211;79;0.00000283
811;0SC0060190SC;212;79;0.00000223
811;0SC0060190SC;210;80;0.00307823
811;0SC0060190SC;213;80;0.00000065
811;0SC0060190SC;209;81;0.00108529
811;0SC0060190SC;210;81;0.00284768
811;0SC0060190SC;211;81;0.00025216
811;0SC0060190SC;212;81;0.00001525
811;0SC0060190SC;208;82;0.00265881
811;0SC0060190SC;209;82;0.00259854
811;0SC0060190SC;210;82;0.00000095
811;0SC0060190SC;211;82;0.00001791
811;0MD006015KER;218;83;0.00033676
811;0MD006015KER;219;83;0.00000120
811;0MD006015KER;220;83;0.00003457
811;0MD006015KER;221;83;0.00202241
811;0MD006015KER;222;83;0.00069017
811;0MD006015KER;223;83;0.00078226
811;0MD006015KER;224;83;0.01536282
811;0MD006015KER;218;84;0.00032442
811;0MD006015KER;219;84;0.00006520
811;0MD006015KER;220;84;0.00001230
811;0MD006015KER;221;84;0.00286075
811;0MD006015KER;222;84;0.00280169
811;0MD006015KER;223;84;0.00662046
811;0MD006015KER;224;84;0.03413114
811;0MD006015KER;225;84;0.00725507
811;0MD006015KER;226;84;0.00725387
811;0MD006015KER;227;84;0.00732565
811;0MD006015KER;228;84;0.00207712
811;0MD006015KER;221;85;0.00224083
811;0MD006015KER;222;85;0.00008624
811;0MD006015KER;223;85;0.00044749
811;0MD006015KER;224;85;0.01516536
811;0MD006015KER;228;85;0.00667058
811;0MD006015KER;229;85;0.00538228
811;0MD006015KER;221;86;0.00350622
811;0MD006015KER;222;86;0.00213522
811;0MD006015KER;223;86;0.00200666
811;0MD006015KER;224;86;0.01489756
811;0MD006015KER;229;86;0.00254460
811;0MD006015KER;230;86;0.00420278
811;0MD006015KER;220;87;0.00215787
811;0MD006015KER;221;87;0.00267139
811;0MD006015KER;223;87;0.00063537
811;0MD006015KER;224;87;0.01420068
811;0MD006015KER;230;87;0.00524066
811;0MD006015KER;219;88;0.00029602
811;0MD006015KER;220;88;0.00432381
811;0MD006015KER;223;88;0.00021561
811;0MD006015KER;224;88;0.01412928
811;0MD006015KER;227;88;0.00710495
811;0MD006015KER;228;88;0.00846624
811;0MD006015KER;229;88;0.01038076
811;0MD006015KER;230;88;0.01685264
811;0MD006015KER;231;88;0.01159755
811;0MD006015KER;232;88;0.01129186
811;0MD006015KER;233;88;0.01127653
811;0MD006015KER;234;88;0.01146629
811;0MD006015KER;235;88;0.00945190
811;0MD006015KER;236;88;0.00000147
811;0MD006015KER;219;89;0.00688348
811;0MD006015KER;220;89;0.00110680
811;0MD006015KER;221;89;0.00112034
811;0MD006015KER;222;89;0.00140145
811;0MD006015KER;223;89;0.00850546
811;0MD006015KER;224;89;0.01159154
811;0MD006015KER;225;89;0.01128353
811;0MD006015KER;226;89;0.00855968
811;0MD006015KER;227;89;0.00139189
811;0MD006015KER;229;89;0.00444282
811;0MD006015KER;231;89;0.00017303
811;0MD006015KER;233;89;0.00034766
811;0MD006015KER;234;89;0.00042079
811;0MD006015KER;235;89;0.00156210
811;0MD006015KER;236;89;0.00041370
811;0MD006015KER;212;90;0.00079510
811;0MD006015KER;213;90;0.00198977
811;0MD006015KER;214;90;0.00368243
811;0MD006015KER;215;90;0.00417733
811;0MD006015KER;216;90;0.00049443
811;0MD006015KER;217;90;0.00004327
811;0MD006015KER;218;90;0.00451633
811;0MD006015KER;219;90;0.00028700
811;0MD006015KER;220;90;0.00249467
811;0MD006015KER;221;90;0.00523150
811;0MD006015KER;223;90;0.00795845
811;0MD006015KER;224;90;0.00864038
811;0MD006015KER;225;90;0.00668463
811;0MD006015KER;229;90;0.00443320
811;0MD006015KER;231;90;0.00001297
811;0MD006015KER;232;90;0.00003660
811;0MD006015KER;212;91;0.00005441
811;0MD006015KER;214;91;0.00470123
811;0MD006015KER;215;91;0.00928463
811;0MD006015KER;216;91;0.01316227
811;0MD006015KER;217;91;0.03125154
811;0MD006015KER;218;91;0.02732742
811;0MD006015KER;219;91;0.01572734
811;0MD006015KER;220;91;0.01483795
811;0MD006015KER;221;91;0.01017606
811;0MD006015KER;222;91;0.01645878
811;0MD006015KER;223;91;0.01720540
811;0MD006015KER;224;91;0.01404313
811;0MD006015KER;225;91;0.00677093
811;0MD006015KER;226;91;0.00579082
811;0MD006015KER;227;91;0.00608984
811;0MD006015KER;228;91;0.00764030
811;0MD006015KER;229;91;0.00546643
811;0MD006015KER;213;92;0.00428433
811;0MD006015KER;214;92;0.00774417
811;0MD006015KER;216;92;0.00383234
811;0MD006015KER;217;92;0.01938253
811;0MD006015KER;218;92;0.00002801
811;0MD006015KER;225;92;0.00440079
811;0MD006015KER;228;92;0.00186058
811;0MD006015KER;229;92;0.00201295
811;0MD006015KER;230;92;0.00059060
811;0MD006015KER;215;93;0.01295689
811;0MD006015KER;216;93;0.02008330
811;0MD006015KER;225;93;0.00199912
811;0MD006015KER;226;93;0.00238917
811;0MD006015KER;228;93;0.00141424
811;0MD006015KER;230;93;0.00143257
811;0MD006015KER;231;93;0.00007627
811;0MD006015KER;214;94;0.01208570
811;0MD006015KER;215;94;0.01086010
811;0MD006015KER;226;94;0.00395585
811;0MD006015KER;227;94;0.00085490
811;0MD006015KER;228;94;0.00055955
811;0MD006015KER;230;94;0.00005009
811;0MD006015KER;231;94;0.00127218
811;0MD006015KER;232;94;0.00030716
811;0MD006015KER;226;95;0.00364734
811;0MD006015KER;227;95;0.00168999
811;0MD006015KER;232;95;0.00094853
811;0MD006015KER;233;95;0.00064407
811;0MD006015KER;214;96;0.00080641
811;0MD006015KER;215;96;0.00028951
811;0MD006015KER;216;96;0.00029136
811;0MD006015KER;217;96;0.00032477
811;0MD006015KER;218;96;0.00022700
811;0MD006015KER;225;96;0.00001161
811;0MD006015KER;226;96;0.00000797
811;0MD006015KER;227;96;0.00635540
811;0MD006015KER;233;96;0.00061189
811;0MD006015KER;234;96;0.00099493
811;0MD006015KER;214;97;0.00069534
811;0MD006015KER;215;97;0.00016759
811;0MD006015KER;218;97;0.00013492
811;0MD006015KER;219;97;0.00006963
811;0MD006015KER;225;97;0.00002847
811;0MD006015KER;226;97;0.00001218
811;0MD006015KER;227;97;0.00057003
811;0MD006015KER;228;97;0.00551872
811;0MD006015KER;229;97;0.00088161
811;0MD006015KER;234;97;0.00025115
811;0MD006015KER;235;97;0.00116612
811;0MD006015KER;215;98;0.00090563
811;0MD006015KER;217;98;0.00009986
811;0MD006015KER;218;98;0.00018565
811;0MD006015KER;219;98;0.00003952
811;0MD006015KER;220;98;0.00000246
811;0MD006015KER;221;98;0.00000631
811;0MD006015KER;222;98;0.00000979
811;0MD006015KER;223;98;0.00002152
811;0MD006015KER;224;98;0.00002405
811;0MD006015KER;225;98;0.00000961
811;0MD006015KER;227;98;0.00146406
811;0MD006015KER;228;98;0.00084282
811;0MD006015KER;229;98;0.00250712
811;0MD006015KER;230;98;0.00311666
811;0MD006015KER;231;98;0.00019537
811;0MD006015KER;234;98;0.00003672
811;0MD006015KER;235;98;0.00212263
811;0MD006015KER;215;99;0.00042936
811;0MD006015KER;216;99;0.00014400
811;0MD006015KER;217;99;0.00004894
811;0MD006015KER;218;99;0.00001481
811;0MD006015KER;220;99;0.00000460
811;0MD006015KER;227;99;0.00212659
811;0MD006015KER;231;99;0.00274371
811;0MD006015KER;232;99;0.00289075
811;0MD006015KER;233;99;0.00019510
811;0MD006015KER;234;99;0.00090652
811;0MD006015KER;235;99;0.00387998
811;0MD006015KER;215;100;0.00034732
811;0MD006015KER;218;100;0.00000772
811;0MD006015KER;219;100;0.00001754
811;0MD006015KER;220;100;0.00001378
811;0MD006015KER;221;100;0.00001710
811;0MD006015KER;222;100;0.00000243
811;0MD006015KER;227;100;0.00075975
811;0MD006015KER;228;100;0.00139631
811;0MD006015KER;232;100;0.00089228
811;0MD006015KER;233;100;0.00269921
811;0MD006015KER;234;100;0.00708327
811;0MD006015KER;235;100;0.00117008
811;0MD006015KER;215;101;0.00030926
811;0MD006015KER;222;101;0.00002454
811;0MD006015KER;228;101;0.00218978
811;0MD006015KER;235;101;0.00684046
811;0MD006015KER;215;102;0.00008480
811;0MD006015KER;216;102;0.00024238
811;0MD006015KER;222;102;0.00076151
811;0MD006015KER;228;102;0.00219025
811;0MD006015KER;234;102;0.00673022
811;0MD006015KER;235;102;0.00057098
811;0MD006015KER;214;103;0.00231898
811;0MD006015KER;215;103;0.00136850
811;0MD006015KER;216;103;0.00040424
811;0MD006015KER;221;103;0.00061628
811;0MD006015KER;222;103;0.00183939
811;0MD006015KER;228;103;0.00090535
811;0MD006015KER;229;103;0.00128397
811;0MD006015KER;233;103;0.00459877
811;0MD006015KER;234;103;0.00589635
811;0MD006015KER;215;104;0.00174520
811;0MD006015KER;216;104;0.00610243
811;0MD006015KER;221;104;0.00111206
811;0MD006015KER;222;104;0.00048117
811;0MD006015KER;229;104;0.00321353
811;0MD006015KER;232;104;0.00074537
811;0MD006015KER;233;104;0.00638935
811;0MD006015KER;234;104;0.00406876
811;0MD006015KER;235;104;0.00019887
811;0MD006015KER;214;105;0.00000002
811;0MD006015KER;216;105;0.00720778
811;0MD006015KER;217;105;0.00335570
811;0MD006015KER;218;105;0.00417370
811;0MD006015KER;219;105;0.00122059
811;0MD006015KER;221;105;0.00175373
811;0MD006015KER;227;105;0.00083744
811;0MD006015KER;228;105;0.00214403
811;0MD006015KER;229;105;0.00358765
811;0MD006015KER;230;105;0.00002023
811;0MD006015KER;231;105;0.00005193
811;0MD006015KER;232;105;0.00305878
811;0MD006015KER;233;105;0.00247221
811;0MD006015KER;234;105;0.02072351
811;0MD006015KER;235;105;0.00347377
811;0MD006015KER;214;106;0.00037904
811;0MD006015KER;215;106;0.00000013
811;0MD006015KER;216;106;0.00421873
811;0MD006015KER;217;106;0.00250170
811;0MD006015KER;218;106;0.00083668
811;0MD006015KER;219;106;0.00166932
811;0MD006015KER;220;106;0.00324292
811;0MD006015KER;221;106;0.00253609
811;0MD006015KER;226;106;0.00213473
811;0MD006015KER;227;106;0.00120769
811;0MD006015KER;229;106;0.00036445
811;0MD006015KER;230;106;0.00337923
811;0MD006015KER;231;106;0.01031976
811;0MD006015KER;232;106;0.00669923
811;0MD006015KER;233;106;0.00723410
811;0MD006015KER;234;106;0.01415219
811;0MD006015KER;235;106;0.00150264
811;0MD006015KER;214;107;0.00033965
811;0MD006015KER;215;107;0.00084229
811;0MD006015KER;216;107;0.00150771
811;0MD006015KER;217;107;0.00374965
811;0MD006015KER;218;107;0.00034623
811;0MD006015KER;221;107;0.00005013
811;0MD006015KER;222;107;0.00189960
811;0MD006015KER;223;107;0.00156569
811;0MD006015KER;225;107;0.00124911
811;0MD006015KER;226;107;0.00080424
811;0MD006015KER;230;107;0.00523912
811;0MD006015KER;231;107;0.00004684
811;0MD006015KER;214;108;0.00088192
811;0MD006015KER;215;108;0.00042620
811;0MD006015KER;217;108;0.00131494
811;0MD006015KER;218;108;0.00081909
811;0MD006015KER;223;108;0.00115843
811;0MD006015KER;224;108;0.00220322
811;0MD006015KER;225;108;0.00210729
811;0MD006015KER;230;108;0.00343182
811;0MD006015KER;217;109;0.00010710
811;0MD006015KER;230;109;0.00238107
811;0MD006036MOJ;260;63;0.00080749
811;0MD006036MOJ;261;63;0.00011236
811;0MD006036MOJ;260;64;0.00004255
811;0MD006036MOJ;261;64;0.00106528
811;0MD006036MOJ;262;64;0.00026686
811;0MD006036MOJ;273;64;0.00000285
811;0MD006036MOJ;262;65;0.00079782
811;0MD006036MOJ;263;65;0.00096470
811;0MD006036MOJ;264;65;0.00070392
811;0MD006036MOJ;265;65;0.00011909
811;0MD006036MOJ;266;65;0.00013740
811;0MD006036MOJ;267;65;0.00000197
811;0MD006036MOJ;273;65;0.00000305
811;0MD006036MOJ;283;65;0.00000340
811;0MD006036MOJ;284;65;0.00000227
811;0MD006036MOJ;264;66;0.00057086
811;0MD006036MOJ;265;66;0.00050690
811;0MD006036MOJ;266;66;0.00052058
811;0MD006036MOJ;267;66;0.00037045
811;0MD006036MOJ;268;66;0.00037620
811;0MD006036MOJ;269;66;0.00037223
811;0MD006036MOJ;270;66;0.00036340
811;0MD006036MOJ;271;66;0.00037368
811;0MD006036MOJ;272;66;0.00018771
811;0MD006036MOJ;273;66;0.00013991
811;0MD006036MOJ;274;66;0.00006154
811;0MD006036MOJ;275;66;0.00000896
811;0MD006036MOJ;276;66;0.00000289
811;0MD006036MOJ;277;66;0.00000269
811;0MD006036MOJ;278;66;0.00000269
811;0MD006036MOJ;279;66;0.00000270
811;0MD006036MOJ;280;66;0.00000270
811;0MD006036MOJ;281;66;0.00000528
811;0MD006036MOJ;282;66;0.00000543
811;0MD006036MOJ;283;66;0.00000281
811;0MD006036MOJ;284;66;0.00000757
811;0MD006036MOJ;285;66;0.00000544
811;0MD006036MOJ;286;66;0.00000554
811;0MD006036MOJ;287;66;0.00000520
811;0MD006036MOJ;288;66;0.00000275
811;0MD006036MOJ;289;66;0.00000119
811;0MD006036MOJ;293;66;0.00003041
811;0MD006036MOJ;294;66;0.00005480
811;0MD006036MOJ;295;66;0.00001170
811;0MD006036MOJ;300;66;0.00002418
811;0MD006036MOJ;257;67;0.00005080
811;0MD006036MOJ;263;67;0.00005790
811;0MD006036MOJ;264;67;0.00017720
811;0MD006036MOJ;265;67;0.00016430
811;0MD006036MOJ;266;67;0.00004506
811;0MD006036MOJ;267;67;0.00005642
811;0MD006036MOJ;268;67;0.00001223
811;0MD006036MOJ;270;67;0.00007012
811;0MD006036MOJ;271;67;0.00000752
811;0MD006036MOJ;272;67;0.00013858
811;0MD006036MOJ;273;67;0.00000269
811;0MD006036MOJ;274;67;0.00008187
811;0MD006036MOJ;275;67;0.00001913
811;0MD006036MOJ;276;67;0.00001613
811;0MD006036MOJ;277;67;0.00001613
811;0MD006036MOJ;278;67;0.00001613
811;0MD006036MOJ;279;67;0.00001117
811;0MD006036MOJ;295;67;0.00004310
811;0MD006036MOJ;296;67;0.00006917
811;0MD006036MOJ;297;67;0.00008116
811;0MD006036MOJ;298;67;0.00007345
811;0MD006036MOJ;299;67;0.00006894
811;0MD006036MOJ;300;67;0.00003650
811;0MD006036MOJ;301;67;0.00006239
811;0MD006036MOJ;302;67;0.00007286
811;0MD006036MOJ;303;67;0.00004467
811;0MD006036MOJ;308;67;0.00001502
811;0MD006036MOJ;263;68;0.00014497
811;0MD006036MOJ;264;68;0.00002753
811;0MD006036MOJ;265;68;0.00003527
811;0MD006036MOJ;266;68;0.00001829
811;0MD006036MOJ;267;68;0.00001710
811;0MD006036MOJ;268;68;0.00002940
811;0MD006036MOJ;269;68;0.00003269
811;0MD006036MOJ;270;68;0.00006755
811;0MD006036MOJ;271;68;0.00001412
811;0MD006036MOJ;272;68;0.00004601
811;0MD006036MOJ;273;68;0.00000807
811;0MD006036MOJ;274;68;0.00000810
811;0MD006036MOJ;279;68;0.00001235
811;0MD006036MOJ;280;68;0.00000508
811;0MD006036MOJ;296;68;0.00000373
811;0MD006036MOJ;297;68;0.00001266
811;0MD006036MOJ;303;68;0.00005121
811;0MD006036MOJ;304;68;0.00003444
811;0MD006036MOJ;307;68;0.00003668
811;0MD006036MOJ;308;68;0.00000114
811;0MD006036MOJ;238;69;0.00000162
811;0MD006036MOJ;239;69;0.00005582
811;0MD006036MOJ;240;69;0.00917230
811;0MD006036MOJ;243;69;0.00003880
811;0MD006036MOJ;246;69;0.00000551
811;0MD006036MOJ;263;69;0.00015995
811;0MD006036MOJ;264;69;0.00009016
811;0MD006036MOJ;265;69;0.00001963
811;0MD006036MOJ;266;69;0.00002367
811;0MD006036MOJ;267;69;0.00000807
811;0MD006036MOJ;268;69;0.00001214
811;0MD006036MOJ;269;69;0.00000199
811;0MD006036MOJ;270;69;0.00002950
811;0MD006036MOJ;271;69;0.00000064
811;0MD006036MOJ;272;69;0.00001023
811;0MD006036MOJ;279;69;0.00000290
811;0MD006036MOJ;280;69;0.00001333
811;0MD006036MOJ;295;69;0.00000408
811;0MD006036MOJ;296;69;0.00001353
811;0MD006036MOJ;304;69;0.00006408
811;0MD006036MOJ;305;69;0.00002732
811;0MD006036MOJ;306;69;0.00002991
811;0MD006036MOJ;307;69;0.00000650
811;0MD006036MOJ;310;69;0.00000958
811;0MD006036MOJ;237;70;0.00007010
811;0MD006036MOJ;238;70;0.00006590
811;0MD006036MOJ;239;70;0.00164401
811;0MD006036MOJ;240;70;0.02613201
811;0MD006036MOJ;241;70;0.00010938
811;0MD006036MOJ;242;70;0.00012813
811;0MD006036MOJ;243;70;0.00008247
811;0MD006036MOJ;244;70;0.00002758
811;0MD006036MOJ;245;70;0.00002436
811;0MD006036MOJ;246;70;0.00003212
811;0MD006036MOJ;255;70;0.00008142
811;0MD006036MOJ;262;70;0.00001231
811;0MD006036MOJ;263;70;0.00016739
811;0MD006036MOJ;266;70;0.00000718
811;0MD006036MOJ;269;70;0.00000974
811;0MD006036MOJ;270;70;0.00003472
811;0MD006036MOJ;271;70;0.00000761
811;0MD006036MOJ;279;70;0.00000820
811;0MD006036MOJ;280;70;0.00000835
811;0MD006036MOJ;294;70;0.00001084
811;0MD006036MOJ;295;70;0.00001078
811;0MD006036MOJ;304;70;0.00002033
811;0MD006036MOJ;305;70;0.00014067
811;0MD006036MOJ;306;70;0.00002967
811;0MD006036MOJ;307;70;0.00001762
811;0MD006036MOJ;308;70;0.00001758
811;0MD006036MOJ;309;70;0.00001799
811;0MD006036MOJ;310;70;0.00001551
811;0MD006036MOJ;236;71;0.00005371
811;0MD006036MOJ;237;71;0.00004287
811;0MD006036MOJ;238;71;0.00152620
811;0MD006036MOJ;239;71;0.00033915
811;0MD006036MOJ;240;71;0.00635056
811;0MD006036MOJ;241;71;0.01725977
811;0MD006036MOJ;242;71;0.00014140
811;0MD006036MOJ;243;71;0.00012049
811;0MD006036MOJ;245;71;0.00004847
811;0MD006036MOJ;254;71;0.00010677
811;0MD006036MOJ;255;71;0.00000902
811;0MD006036MOJ;261;71;0.00004122
811;0MD006036MOJ;262;71;0.00021543
811;0MD006036MOJ;280;71;0.00001651
811;0MD006036MOJ;291;71;0.00000539
811;0MD006036MOJ;292;71;0.00001246
811;0MD006036MOJ;293;71;0.00001431
811;0MD006036MOJ;294;71;0.00000359
811;0MD006036MOJ;304;71;0.00008899
811;0MD006036MOJ;237;72;0.00164781
811;0MD006036MOJ;238;72;0.00017567
811;0MD006036MOJ;240;72;0.00000658
811;0MD006036MOJ;241;72;0.01482082
811;0MD006036MOJ;242;72;0.00508894
811;0MD006036MOJ;243;72;0.00064592
811;0MD006036MOJ;244;72;0.00029594
811;0MD006036MOJ;245;72;0.00008217
811;0MD006036MOJ;246;72;0.00002792
811;0MD006036MOJ;251;72;0.00000068
811;0MD006036MOJ;252;72;0.00000125
811;0MD006036MOJ;253;72;0.00004969
811;0MD006036MOJ;254;72;0.00004443
811;0MD006036MOJ;258;72;0.00016728
811;0MD006036MOJ;259;72;0.00016831
811;0MD006036MOJ;260;72;0.00016693
811;0MD006036MOJ;261;72;0.00015840
811;0MD006036MOJ;280;72;0.00001651
811;0MD006036MOJ;289;72;0.00000684
811;0MD006036MOJ;290;72;0.00000977
811;0MD006036MOJ;291;72;0.00000926
811;0MD006036MOJ;304;72;0.00007686
811;0MD006036MOJ;236;73;0.00130537
811;0MD006036MOJ;237;73;0.00036619
811;0MD006036MOJ;238;73;0.00021720
811;0MD006036MOJ;239;73;0.00021020
811;0MD006036MOJ;240;73;0.00046732
811;0MD006036MOJ;241;73;0.00197716
811;0MD006036MOJ;242;73;0.01719602
811;0MD006036MOJ;243;73;0.00080267
811;0MD006036MOJ;244;73;0.00065182
811;0MD006036MOJ;245;73;0.00036654
811;0MD006036MOJ;246;73;0.00013818
811;0MD006036MOJ;247;73;0.00005041
811;0MD006036MOJ;248;73;0.00003135
811;0MD006036MOJ;249;73;0.00001109
811;0MD006036MOJ;251;73;0.00001188
811;0MD006036MOJ;252;73;0.00030728
811;0MD006036MOJ;253;73;0.00003508
811;0MD006036MOJ;254;73;0.00001971
811;0MD006036MOJ;255;73;0.00013018
811;0MD006036MOJ;256;73;0.00016973
811;0MD006036MOJ;257;73;0.00019093
811;0MD006036MOJ;258;73;0.00004883
811;0MD006036MOJ;280;73;0.00001625
811;0MD006036MOJ;289;73;0.00002389
811;0MD006036MOJ;290;73;0.00001569
811;0MD006036MOJ;303;73;0.00005920
811;0MD006036MOJ;304;73;0.00001614
811;0MD006036MOJ;236;74;0.00004414
811;0MD006036MOJ;237;74;0.00009749
811;0MD006036MOJ;238;74;0.00010634
811;0MD006036MOJ;239;74;0.00003921
811;0MD006036MOJ;240;74;0.00028215
811;0MD006036MOJ;241;74;0.00178219
811;0MD006036MOJ;242;74;0.00799478
811;0MD006036MOJ;243;74;0.01227257
811;0MD006036MOJ;244;74;0.00199691
811;0MD006036MOJ;245;74;0.00123582
811;0MD006036MOJ;246;74;0.00086170
811;0MD006036MOJ;247;74;0.00041254
811;0MD006036MOJ;248;74;0.00047237
811;0MD006036MOJ;249;74;0.00046109
811;0MD006036MOJ;250;74;0.00043997
811;0MD006036MOJ;251;74;0.00044600
811;0MD006036MOJ;252;74;0.00034138
811;0MD006036MOJ;253;74;0.00017134
811;0MD006036MOJ;254;74;0.00019583
811;0MD006036MOJ;255;74;0.00004215
811;0MD006036MOJ;279;74;0.00000363
811;0MD006036MOJ;280;74;0.00001412
811;0MD006036MOJ;288;74;0.00001542
811;0MD006036MOJ;289;74;0.00001322
811;0MD006036MOJ;303;74;0.00007534
811;0MD006036MOJ;235;75;0.00001117
811;0MD006036MOJ;236;75;0.00018908
811;0MD006036MOJ;237;75;0.00026882
811;0MD006036MOJ;238;75;0.00019766
811;0MD006036MOJ;239;75;0.00019346
811;0MD006036MOJ;240;75;0.00027877
811;0MD006036MOJ;241;75;0.00196892
811;0MD006036MOJ;242;75;0.00061294
811;0MD006036MOJ;243;75;0.01247895
811;0MD006036MOJ;244;75;0.00069918
811;0MD006036MOJ;245;75;0.00060072
811;0MD006036MOJ;246;75;0.00057325
811;0MD006036MOJ;247;75;0.00043913
811;0MD006036MOJ;252;75;0.00011226
811;0MD006036MOJ;253;75;0.00001460
811;0MD006036MOJ;254;75;0.00002068
811;0MD006036MOJ;255;75;0.00000087
811;0MD006036MOJ;279;75;0.00002131
811;0MD006036MOJ;286;75;0.00001152
811;0MD006036MOJ;287;75;0.00001837
811;0MD006036MOJ;288;75;0.00000297
811;0MD006036MOJ;303;75;0.00007522
811;0MD006036MOJ;235;76;0.00245888
811;0MD006036MOJ;236;76;0.00365052
811;0MD006036MOJ;237;76;0.00337165
811;0MD006036MOJ;238;76;0.00000367
811;0MD006036MOJ;239;76;0.00065630
811;0MD006036MOJ;240;76;0.00023494
811;0MD006036MOJ;241;76;0.00192724
811;0MD006036MOJ;242;76;0.00043442
811;0MD006036MOJ;243;76;0.00985056
811;0MD006036MOJ;244;76;0.00678352
811;0MD006036MOJ;245;76;0.00082823
811;0MD006036MOJ;246;76;0.00041882
811;0MD006036MOJ;247;76;0.00033116
811;0MD006036MOJ;251;76;0.00002167
811;0MD006036MOJ;252;76;0.00002567
811;0MD006036MOJ;255;76;0.00000784
811;0MD006036MOJ;256;76;0.00000924
811;0MD006036MOJ;257;76;0.00000112
811;0MD006036MOJ;259;76;0.00000804
811;0MD006036MOJ;279;76;0.00001623
811;0MD006036MOJ;285;76;0.00001581
811;0MD006036MOJ;286;76;0.00000793
811;0MD006036MOJ;303;76;0.00007498
811;0MD006036MOJ;235;77;0.00000662
811;0MD006036MOJ;236;77;0.00056636
811;0MD006036MOJ;237;77;0.00006834
811;0MD006036MOJ;238;77;0.00004034
811;0MD006036MOJ;239;77;0.00648174
811;0MD006036MOJ;240;77;0.00323605
811;0MD006036MOJ;241;77;0.00562103
811;0MD006036MOJ;242;77;0.00153496
811;0MD006036MOJ;243;77;0.00155949
811;0MD006036MOJ;244;77;0.01760137
811;0MD006036MOJ;245;77;0.00057916
811;0MD006036MOJ;246;77;0.00035479
811;0MD006036MOJ;247;77;0.00003188
811;0MD006036MOJ;251;77;0.00005360
811;0MD006036MOJ;257;77;0.00001195
811;0MD006036MOJ;258;77;0.00000261
811;0MD006036MOJ;259;77;0.00000916
811;0MD006036MOJ;278;77;0.00000233
811;0MD006036MOJ;279;77;0.00001378
811;0MD006036MOJ;284;77;0.00001164
811;0MD006036MOJ;285;77;0.00000836
811;0MD006036MOJ;303;77;0.00007498
811;0MD006036MOJ;237;78;0.00002951
811;0MD006036MOJ;239;78;0.00000610
811;0MD006036MOJ;240;78;0.00042779
811;0MD006036MOJ;241;78;0.00124264
811;0MD006036MOJ;242;78;0.00009797
811;0MD006036MOJ;243;78;0.00005249
811;0MD006036MOJ;244;78;0.00179697
811;0MD006036MOJ;245;78;0.01282315
811;0MD006036MOJ;246;78;0.00015293
811;0MD006036MOJ;251;78;0.00005233
811;0MD006036MOJ;258;78;0.00001120
811;0MD006036MOJ;259;78;0.00000265
811;0MD006036MOJ;276;78;0.00000010
811;0MD006036MOJ;277;78;0.00000137
811;0MD006036MOJ;278;78;0.00001872
811;0MD006036MOJ;279;78;0.00001483
811;0MD006036MOJ;280;78;0.00001483
811;0MD006036MOJ;281;78;0.00001975
811;0MD006036MOJ;282;78;0.00000990
811;0MD006036MOJ;283;78;0.00001388
811;0MD006036MOJ;284;78;0.00001228
811;0MD006036MOJ;303;78;0.00007498
811;0MD006036MOJ;240;79;0.00139215
811;0MD006036MOJ;241;79;0.00001858
811;0MD006036MOJ;242;79;0.00016444
811;0MD006036MOJ;245;79;0.01349935
811;0MD006036MOJ;251;79;0.00005327
811;0MD006036MOJ;274;79;0.00000133
811;0MD006036MOJ;275;79;0.00000138
811;0MD006036MOJ;276;79;0.00000127
811;0MD006036MOJ;280;79;0.00000565
811;0MD006036MOJ;281;79;0.00002414
811;0MD006036MOJ;282;79;0.00000717
811;0MD006036MOJ;283;79;0.00000849
811;0MD006036MOJ;303;79;0.00007492
811;0MD006036MOJ;240;80;0.00139162
811;0MD006036MOJ;242;80;0.00015738
811;0MD006036MOJ;243;80;0.00001886
811;0MD006036MOJ;245;80;0.01307135
811;0MD006036MOJ;251;80;0.00005243
811;0MD006036MOJ;280;80;0.00002998
811;0MD006036MOJ;303;80;0.00007523
811;0MD006036MOJ;235;81;0.00004328
811;0MD006036MOJ;236;81;0.00007104
811;0MD006036MOJ;237;81;0.00007552
811;0MD006036MOJ;238;81;0.00007251
811;0MD006036MOJ;239;81;0.00007415
811;0MD006036MOJ;240;81;0.00068959
811;0MD006036MOJ;241;81;0.00002087
811;0MD006036MOJ;242;81;0.00007468
811;0MD006036MOJ;243;81;0.00017771
811;0MD006036MOJ;245;81;0.00096843
811;0MD006036MOJ;246;81;0.01327987
811;0MD006036MOJ;250;81;0.00003579
811;0MD006036MOJ;251;81;0.00001531
811;0MD006036MOJ;271;81;0.00000236
811;0MD006036MOJ;272;81;0.00001909
811;0MD006036MOJ;280;81;0.00002704
811;0MD006036MOJ;303;81;0.00008434
811;0MD006036MOJ;239;82;0.00003377
811;0MD006036MOJ;242;82;0.00002694
811;0MD006036MOJ;243;82;0.00004849
811;0MD006036MOJ;244;82;0.00007403
811;0MD006036MOJ;245;82;0.00016547
811;0MD006036MOJ;246;82;0.01052097
811;0MD006036MOJ;247;82;0.00596444
811;0MD006036MOJ;250;82;0.00005005
811;0MD006036MOJ;265;82;0.00128204
811;0MD006036MOJ;266;82;0.00512159
811;0MD006036MOJ;267;82;0.00503206
811;0MD006036MOJ;268;82;0.00503538
811;0MD006036MOJ;269;82;0.00504877
811;0MD006036MOJ;270;82;0.00503305
811;0MD006036MOJ;271;82;0.00528666
811;0MD006036MOJ;272;82;0.00525000
811;0MD006036MOJ;273;82;0.00509849
811;0MD006036MOJ;274;82;0.00217050
811;0MD006036MOJ;277;82;0.00011104
811;0MD006036MOJ;278;82;0.00122022
811;0MD006036MOJ;280;82;0.00002689
811;0MD006036MOJ;303;82;0.00007911
811;0MD006036MOJ;239;83;0.00003365
811;0MD006036MOJ;243;83;0.00000810
811;0MD006036MOJ;244;83;0.00001823
811;0MD006036MOJ;245;83;0.00006023
811;0MD006036MOJ;246;83;0.00000189
811;0MD006036MOJ;247;83;0.01225093
811;0MD006036MOJ;248;83;0.00456842
811;0MD006036MOJ;249;83;0.00001656
811;0MD006036MOJ;250;83;0.00003095
811;0MD006036MOJ;263;83;0.00208774
811;0MD006036MOJ;264;83;0.00550682
811;0MD006036MOJ;265;83;0.00466788
811;0MD006036MOJ;269;83;0.00001357
811;0MD006036MOJ;274;83;0.00296142
811;0MD006036MOJ;275;83;0.00522974
811;0MD006036MOJ;276;83;0.00506785
811;0MD006036MOJ;277;83;0.00498793
811;0MD006036MOJ;278;83;0.00379797
811;0MD006036MOJ;279;83;0.00505782
811;0MD006036MOJ;280;83;0.00510412
811;0MD006036MOJ;281;83;0.00512530
811;0MD006036MOJ;282;83;0.00518081
811;0MD006036MOJ;283;83;0.00206710
811;0MD006036MOJ;303;83;0.00010345
811;0MD006036MOJ;304;83;0.00003331
811;0MD006036MOJ;239;84;0.00003326
811;0MD006036MOJ;242;84;0.00000261
811;0MD006036MOJ;243;84;0.00000543
811;0MD006036MOJ;245;84;0.00000730
811;0MD006036MOJ;246;84;0.00005729
811;0MD006036MOJ;247;84;0.00000033
811;0MD006036MOJ;248;84;0.01266711
811;0MD006036MOJ;249;84;0.00008465
811;0MD006036MOJ;250;84;0.00004228
811;0MD006036MOJ;256;84;0.00151726
811;0MD006036MOJ;257;84;0.00511810
811;0MD006036MOJ;258;84;0.00509522
811;0MD006036MOJ;259;84;0.00509262
811;0MD006036MOJ;260;84;0.00509390
811;0MD006036MOJ;261;84;0.00515697
811;0MD006036MOJ;262;84;0.00504321
811;0MD006036MOJ;263;84;0.00300552
811;0MD006036MOJ;268;84;0.00000468
811;0MD006036MOJ;269;84;0.00000888
811;0MD006036MOJ;280;84;0.00001393
811;0MD006036MOJ;281;84;0.00001858
811;0MD006036MOJ;283;84;0.00360618
811;0MD006036MOJ;284;84;0.00596935
811;0MD006036MOJ;285;84;0.00019259
811;0MD006036MOJ;304;84;0.00008872
811;0MD006036MOJ;305;84;0.00171230
811;0MD006036MOJ;306;84;0.00420589
811;0MD006036MOJ;238;85;0.00002350
811;0MD006036MOJ;239;85;0.00000973
811;0MD006036MOJ;242;85;0.00000804
811;0MD006036MOJ;245;85;0.00001218
811;0MD006036MOJ;246;85;0.00001364
811;0MD006036MOJ;247;85;0.00015826
811;0MD006036MOJ;248;85;0.01434199
811;0MD006036MOJ;249;85;0.00020034
811;0MD006036MOJ;250;85;0.00009822
811;0MD006036MOJ;251;85;0.00526346
811;0MD006036MOJ;252;85;0.00520895
811;0MD006036MOJ;253;85;0.00518090
811;0MD006036MOJ;254;85;0.00513253
811;0MD006036MOJ;255;85;0.00512862
811;0MD006036MOJ;256;85;0.00359455
811;0MD006036MOJ;257;85;0.00007852
811;0MD006036MOJ;268;85;0.00001410
811;0MD006036MOJ;281;85;0.00003135
811;0MD006036MOJ;285;85;0.00555750
811;0MD006036MOJ;286;85;0.00534577
811;0MD006036MOJ;287;85;0.00500894
811;0MD006036MOJ;288;85;0.00324339
811;0MD006036MOJ;304;85;0.00143379
811;0MD006036MOJ;305;85;0.00518974
811;0MD006036MOJ;238;86;0.00003336
811;0MD006036MOJ;242;86;0.00002819
811;0MD006036MOJ;243;86;0.00003767
811;0MD006036MOJ;244;86;0.00001792
811;0MD006036MOJ;245;86;0.00000209
811;0MD006036MOJ;246;86;0.00012368
811;0MD006036MOJ;247;86;0.00022007
811;0MD006036MOJ;248;86;0.00168670
811;0MD006036MOJ;249;86;0.01241307
811;0MD006036MOJ;250;86;0.01348200
811;0MD006036MOJ;251;86;0.00718715
811;0MD006036MOJ;252;86;0.00664416
811;0MD006036MOJ;253;86;0.00670021
811;0MD006036MOJ;254;86;0.00020327
811;0MD006036MOJ;255;86;0.00000918
811;0MD006036MOJ;256;86;0.00000673
811;0MD006036MOJ;257;86;0.00007278
811;0MD006036MOJ;258;86;0.00000840
811;0MD006036MOJ;268;86;0.00001410
811;0MD006036MOJ;280;86;0.00000571
811;0MD006036MOJ;281;86;0.00002455
811;0MD006036MOJ;288;86;0.00182645
811;0MD006036MOJ;289;86;0.00507765
811;0MD006036MOJ;290;86;0.00509215
811;0MD006036MOJ;291;86;0.00512661
811;0MD006036MOJ;292;86;0.00512703
811;0MD006036MOJ;293;86;0.00332381
811;0MD006036MOJ;303;86;0.00001516
811;0MD006036MOJ;304;86;0.00562302
811;0MD006036MOJ;238;87;0.00003374
811;0MD006036MOJ;240;87;0.00003886
811;0MD006036MOJ;241;87;0.00003846
811;0MD006036MOJ;242;87;0.00001698
811;0MD006036MOJ;246;87;0.00034769
811;0MD006036MOJ;247;87;0.00018338
811;0MD006036MOJ;248;87;0.00000189
811;0MD006036MOJ;249;87;0.00001544
811;0MD006036MOJ;250;87;0.00000248
811;0MD006036MOJ;252;87;0.00009614
811;0MD006036MOJ;254;87;0.00649121
811;0MD006036MOJ;255;87;0.00684134
811;0MD006036MOJ;256;87;0.00732122
811;0MD006036MOJ;257;87;0.00067965
811;0MD006036MOJ;268;87;0.00001363
811;0MD006036MOJ;280;87;0.00002911
811;0MD006036MOJ;293;87;0.00183341
811;0MD006036MOJ;294;87;0.00520906
811;0MD006036MOJ;295;87;0.00543247
811;0MD006036MOJ;296;87;0.00364878
811;0MD006036MOJ;303;87;0.00104895
811;0MD006036MOJ;304;87;0.00487795
811;0MD006036MOJ;237;88;0.00001190
811;0MD006036MOJ;238;88;0.00003311
811;0MD006036MOJ;239;88;0.00004137
811;0MD006036MOJ;240;88;0.00000221
811;0MD006036MOJ;245;88;0.00005668
811;0MD006036MOJ;246;88;0.00014844
811;0MD006036MOJ;249;88;0.00000798
811;0MD006036MOJ;250;88;0.00000925
811;0MD006036MOJ;251;88;0.00005292
811;0MD006036MOJ;252;88;0.00005328
811;0MD006036MOJ;257;88;0.00698581
811;0MD006036MOJ;258;88;0.00569271
811;0MD006036MOJ;268;88;0.00001406
811;0MD006036MOJ;280;88;0.00002679
811;0MD006036MOJ;293;88;0.00000815
811;0MD006036MOJ;296;88;0.00170048
811;0MD006036MOJ;297;88;0.00512915
811;0MD006036MOJ;298;88;0.00549932
811;0MD006036MOJ;299;88;0.00542689
811;0MD006036MOJ;300;88;0.00485639
811;0MD006036MOJ;302;88;0.00223897
811;0MD006036MOJ;303;88;0.00581562
811;0MD006036MOJ;237;89;0.00101543
811;0MD006036MOJ;245;89;0.00020590
811;0MD006036MOJ;250;89;0.00000736
811;0MD006036MOJ;251;89;0.00006805
811;0MD006036MOJ;252;89;0.00009327
811;0MD006036MOJ;258;89;0.00192907
811;0MD006036MOJ;259;89;0.00762277
811;0MD006036MOJ;260;89;0.00365635
811;0MD006036MOJ;267;89;0.00000719
811;0MD006036MOJ;268;89;0.00001312
811;0MD006036MOJ;280;89;0.00002743
811;0MD006036MOJ;293;89;0.00000917
811;0MD006036MOJ;300;89;0.00034148
811;0MD006036MOJ;301;89;0.00534190
811;0MD006036MOJ;302;89;0.00349757
811;0MD006036MOJ;237;90;0.00142465
811;0MD006036MOJ;252;90;0.00013469
811;0MD006036MOJ;260;90;0.00366903
811;0MD006036MOJ;261;90;0.00734734
811;0MD006036MOJ;262;90;0.00238708
811;0MD006036MOJ;280;90;0.00002810
811;0MD006036MOJ;292;90;0.00000467
811;0MD006036MOJ;293;90;0.00000455
811;0MD006036MOJ;237;91;0.00144198
811;0MD006036MOJ;252;91;0.00001670
811;0MD006036MOJ;253;91;0.00012377
811;0MD006036MOJ;262;91;0.00635113
811;0MD006036MOJ;263;91;0.00351246
811;0MD006036MOJ;279;91;0.00000137
811;0MD006036MOJ;280;91;0.00003356
811;0MD006036MOJ;292;91;0.00000961
811;0MD006036MOJ;236;92;0.00030946
811;0MD006036MOJ;237;92;0.00110707
811;0MD006036MOJ;253;92;0.00004289
811;0MD006036MOJ;254;92;0.00009754
811;0MD006036MOJ;263;92;0.00430816
811;0MD006036MOJ;264;92;0.00666779
811;0MD006036MOJ;265;92;0.00710609
811;0MD006036MOJ;266;92;0.00481010
811;0MD006036MOJ;279;92;0.00000273
811;0MD006036MOJ;280;92;0.00000022
811;0MD006036MOJ;281;92;0.00003085
811;0MD006036MOJ;291;92;0.00001077
811;0MD006036MOJ;292;92;0.00000087
811;0MD006036MOJ;236;93;0.00141653
811;0MD006036MOJ;254;93;0.00006917
811;0MD006036MOJ;255;93;0.00006547
811;0MD006036MOJ;266;93;0.00271637
811;0MD006036MOJ;267;93;0.00700129
811;0MD006036MOJ;279;93;0.00000279
811;0MD006036MOJ;281;93;0.00000864
811;0MD006036MOJ;282;93;0.00002116
811;0MD006036MOJ;290;93;0.00000566
811;0MD006036MOJ;291;93;0.00000290
811;0MD006036MOJ;236;94;0.00141652
811;0MD006036MOJ;255;94;0.00010911
811;0MD006036MOJ;267;94;0.00287657
811;0MD006036MOJ;268;94;0.00501860
811;0MD006036MOJ;276;94;0.00000083
811;0MD006036MOJ;277;94;0.00000271
811;0MD006036MOJ;278;94;0.00000324
811;0MD006036MOJ;279;94;0.00000178
811;0MD006036MOJ;282;94;0.00002569
811;0MD006036MOJ;290;94;0.00000843
811;0MD006036MOJ;236;95;0.00139108
811;0MD006036MOJ;255;95;0.00009751
811;0MD006036MOJ;256;95;0.00003822
811;0MD006036MOJ;268;95;0.00536367
811;0MD006036MOJ;269;95;0.00572343
811;0MD006036MOJ;275;95;0.00000340
811;0MD006036MOJ;276;95;0.00000201
811;0MD006036MOJ;282;95;0.00001130
811;0MD006036MOJ;283;95;0.00003123
811;0MD006036MOJ;290;95;0.00000841
811;0MD006036MOJ;236;96;0.00138291
811;0MD006036MOJ;256;96;0.00014855
811;0MD006036MOJ;269;96;0.00588750
811;0MD006036MOJ;270;96;0.00120186
811;0MD006036MOJ;274;96;0.00000213
811;0MD006036MOJ;275;96;0.00000073
811;0MD006036MOJ;283;96;0.00000879
811;0MD006036MOJ;289;96;0.00000134
811;0MD006036MOJ;290;96;0.00000696
811;0MD006036MOJ;236;97;0.00150474
811;0MD006036MOJ;270;97;0.00876105
811;0MD006036MOJ;271;97;0.00045816
811;0MD006036MOJ;274;97;0.00000282
811;0MD006036MOJ;282;97;0.00000049
811;0MD006036MOJ;283;97;0.00000876
811;0MD006036MOJ;289;97;0.00000833
811;0MD006036MOJ;235;98;0.00040034
811;0MD006036MOJ;236;98;0.00107486
811;0MD006036MOJ;271;98;0.00861310
811;0MD006036MOJ;272;98;0.00116491
811;0MD006036MOJ;274;98;0.00000278
811;0MD006036MOJ;282;98;0.00000605
811;0MD006036MOJ;283;98;0.00000270
811;0MD006036MOJ;288;98;0.00000152
811;0MD006036MOJ;289;98;0.00000978
811;0MD006036MOJ;236;99;0.00039256
811;0MD006036MOJ;272;99;0.00751064
811;0MD006036MOJ;273;99;0.00251243
811;0MD006036MOJ;274;99;0.00000166
811;0MD006036MOJ;281;99;0.00000243
811;0MD006036MOJ;282;99;0.00000411
811;0MD006036MOJ;283;99;0.00000229
811;0MD006036MOJ;284;99;0.00000195
811;0MD006036MOJ;288;99;0.00000387
811;0MD006036MOJ;289;99;0.00000690
811;0MD006036MOJ;236;100;0.00034648
811;0MD006036MOJ;273;100;0.00601692
811;0MD006036MOJ;274;100;0.00685115
811;0MD006036MOJ;280;100;0.00000019
811;0MD006036MOJ;281;100;0.00000703
811;0MD006036MOJ;284;100;0.00000293
811;0MD006036MOJ;286;100;0.00000152
811;0MD006036MOJ;287;100;0.00001020
811;0MD006036MOJ;288;100;0.00000940
811;0MD006036MOJ;289;100;0.00000014
811;0MD006036MOJ;236;101;0.00035335
811;0MD006036MOJ;274;101;0.00033632
811;0MD006036MOJ;275;101;0.00711075
811;0MD006036MOJ;276;101;0.00718365
811;0MD006036MOJ;277;101;0.00187732
811;0MD006036MOJ;279;101;0.00000070
811;0MD006036MOJ;280;101;0.00000716
811;0MD006036MOJ;284;101;0.00000062
811;0MD006036MOJ;285;101;0.00000253
811;0MD006036MOJ;286;101;0.00001031
811;0MD006036MOJ;236;102;0.00034215
811;0MD006036MOJ;277;102;0.00548364
811;0MD006036MOJ;278;102;0.00736321
811;0MD006036MOJ;279;102;0.00169468
811;0MD006036MOJ;285;102;0.00001218
811;0MD006036MOJ;286;102;0.00000107
811;0MD006036MOJ;236;103;0.00036649
811;0MD006036MOJ;278;103;0.00037601
811;0MD006036MOJ;279;103;0.00541997
811;0MD006036MOJ;280;103;0.00698263
811;0MD006036MOJ;281;103;0.00638394
811;0MD006036MOJ;282;103;0.00643249
811;0MD006036MOJ;283;103;0.00727148
811;0MD006036MOJ;284;103;0.00005969
811;0MD006036MOJ;285;103;0.00001431
811;0MD006036MOJ;236;104;0.00002900
811;0MD006036MOJ;237;104;0.00038653
811;0MD006036MOJ;278;104;0.00027965
811;0MD006036MOJ;283;104;0.00000814
811;0MD006036MOJ;284;104;0.00654326
811;0MD006036MOJ;237;105;0.00029107
811;0MD006036MOJ;238;105;0.00008420
811;0MD006036MOJ;277;105;0.00012816
811;0MD006036MOJ;278;105;0.00026924
811;0MD006036MOJ;284;105;0.00653003
811;0MD006036MOJ;238;106;0.00044822
811;0MD006036MOJ;239;106;0.00036707
811;0MD006036MOJ;284;106;0.00657284
811;0MD006036MOJ;239;107;0.00003525
811;0MD006036MOJ;240;107;0.00052267
811;0MD006036MOJ;284;107;0.00355366
811;0MD006036MOJ;285;107;0.00132951
811;0MD006036MOJ;240;108;0.00036383
811;0MD006036MOJ;240;109;0.00032719
811;0MD006036MOJ;241;109;0.00013808
811;0MD006036MOJ;240;110;0.00004333
811;0MD006036MOJ;241;110;0.00003560
811;0SS0060330SC;272;47;0.00033836
811;0SS0060330SC;273;47;0.00434303
811;0SS0060330SC;278;47;0.00014499
811;0SS0060330SC;282;47;0.00000351
811;0SS0060330SC;272;48;0.00538257
811;0SS0060330SC;273;48;0.00004611
811;0SS0060330SC;277;48;0.00029550
811;0SS0060330SC;278;48;0.00030514
811;0SS0060330SC;280;48;0.00001373
811;0SS0060330SC;281;48;0.00002653
811;0SS0060330SC;282;48;0.00000341
811;0SS0060330SC;271;49;0.00017814
811;0SS0060330SC;272;49;0.00549426
811;0SS0060330SC;276;49;0.00030856
811;0SS0060330SC;277;49;0.00028193
811;0SS0060330SC;278;49;0.00007088
811;0SS0060330SC;279;49;0.00000137
811;0SS0060330SC;280;49;0.00002823
811;0SS0060330SC;262;50;0.00007152
811;0SS0060330SC;263;50;0.00057477
811;0SS0060330SC;270;50;0.00011793
811;0SS0060330SC;271;50;0.00056078
811;0SS0060330SC;272;50;0.00530934
811;0SS0060330SC;273;50;0.00079490
811;0SS0060330SC;274;50;0.00059533
811;0SS0060330SC;275;50;0.00050982
811;0SS0060330SC;276;50;0.00035004
811;0SS0060330SC;277;50;0.00008852
811;0SS0060330SC;278;50;0.00011985
811;0SS0060330SC;279;50;0.00003486
811;0SS0060330SC;280;50;0.00000199
811;0SS0060330SC;263;51;0.00026278
811;0SS0060330SC;264;51;0.00091671
811;0SS0060330SC;265;51;0.00056718
811;0SS0060330SC;269;51;0.00036179
811;0SS0060330SC;270;51;0.00054064
811;0SS0060330SC;271;51;0.00009309
811;0SS0060330SC;272;51;0.00722364
811;0SS0060330SC;273;51;0.00023794
811;0SS0060330SC;274;51;0.00001781
811;0SS0060330SC;275;51;0.00002102
811;0SS0060330SC;276;51;0.00000654
811;0SS0060330SC;265;52;0.00100423
811;0SS0060330SC;268;52;0.00008416
811;0SS0060330SC;269;52;0.00054141
811;0SS0060330SC;270;52;0.00031127
811;0SS0060330SC;271;52;0.00413060
811;0SS0060330SC;272;52;0.00456781
811;0SS0060330SC;275;52;0.00000225
811;0SS0060330SC;276;52;0.00002158
811;0SS0060330SC;265;53;0.00151088
811;0SS0060330SC;267;53;0.00045517
811;0SS0060330SC;268;53;0.00083891
811;0SS0060330SC;269;53;0.00161912
811;0SS0060330SC;270;53;0.00228073
811;0SS0060330SC;271;53;0.00991574
811;0SS0060330SC;272;53;0.00008190
811;0SS0060330SC;276;53;0.00000395
811;0SS0060330SC;277;53;0.00001881
811;0SS0060330SC;278;53;0.00001808
811;0SS0060330SC;279;53;0.00000278
811;0SS0060330SC;258;54;0.00000557
811;0SS0060330SC;265;54;0.00214165
811;0SS0060330SC;266;54;0.00035166
811;0SS0060330SC;267;54;0.00186313
811;0SS0060330SC;268;54;0.00370919
811;0SS0060330SC;269;54;0.00351224
811;0SS0060330SC;270;54;0.01276153
811;0SS0060330SC;271;54;0.02828640
811;0SS0060330SC;272;54;0.02201702
811;0SS0060330SC;273;54;0.02301275
811;0SS0060330SC;274;54;0.02206356
811;0SS0060330SC;275;54;0.02193962
811;0SS0060330SC;276;54;0.02196607
811;0SS0060330SC;277;54;0.02176300
811;0SS0060330SC;278;54;0.02173847
811;0SS0060330SC;279;54;0.02179738
811;0SS0060330SC;280;54;0.02183496
811;0SS0060330SC;281;54;0.02235143
811;0SS0060330SC;282;54;0.02200194
811;0SS0060330SC;283;54;0.02199492
811;0SS0060330SC;284;54;0.01257831
811;0SS0060330SC;258;55;0.00009489
811;0SS0060330SC;262;55;0.00000194
811;0SS0060330SC;264;55;0.00111081
811;0SS0060330SC;265;55;0.00517874
811;0SS0060330SC;266;55;0.00418623
811;0SS0060330SC;267;55;0.00466726
811;0SS0060330SC;268;55;0.03483783
811;0SS0060330SC;269;55;0.04139439
811;0SS0060330SC;270;55;0.02438959
811;0SS0060330SC;271;55;0.00106399
811;0SS0060330SC;272;55;0.00000648
811;0SS0060330SC;273;55;0.00000614
811;0SS0060330SC;274;55;0.00000126
811;0SS0060330SC;278;55;0.00000539
811;0SS0060330SC;279;55;0.00000157
811;0SS0060330SC;261;56;0.00016144
811;0SS0060330SC;262;56;0.00062817
811;0SS0060330SC;263;56;0.00363891
811;0SS0060330SC;264;56;0.00231402
811;0SS0060330SC;265;56;0.00410031
811;0SS0060330SC;266;56;0.04041325
811;0SS0060330SC;267;56;0.03766150
811;0SS0060330SC;268;56;0.00442567
811;0SS0060330SC;269;56;0.00054093
811;0SS0060330SC;270;56;0.00003676
811;0SS0060330SC;271;56;0.00015990
811;0SS0060330SC;272;56;0.00000064
811;0SS0060330SC;278;56;0.00000455
811;0SS0060330SC;261;57;0.00112819
811;0SS0060330SC;262;57;0.00480499
811;0SS0060330SC;263;57;0.00456636
811;0SS0060330SC;264;57;0.01929919
811;0SS0060330SC;265;57;0.04582336
811;0SS0060330SC;266;57;0.00310634
811;0SS0060330SC;267;57;0.00005668
811;0SS0060330SC;269;57;0.00002302
811;0SS0060330SC;270;57;0.00002273
811;0SS0060330SC;261;58;0.00461228
811;0SS0060330SC;262;58;0.00433080
811;0SS0060330SC;263;58;0.04281777
811;0SS0060330SC;264;58;0.02506064
811;0SS0060330SC;267;58;0.00007765
811;0SS0060330SC;268;58;0.00003780
811;0SS0060330SC;269;58;0.00002179
811;0SS0060330SC;258;59;0.00000013
811;0SS0060330SC;259;59;0.00309196
811;0SS0060330SC;260;59;0.01066516
811;0SS0060330SC;261;59;0.03765495
811;0SS0060330SC;262;59;0.04786805
811;0SS0060330SC;263;59;0.00325139
811;0SS0060330SC;266;59;0.00010499
811;0SS0060330SC;267;59;0.00009412
811;0SS0060330SC;268;59;0.00000265
811;0SS0060330SC;257;60;0.00526461
811;0SS0060330SC;258;60;0.04060540
811;0SS0060330SC;259;60;0.04057317
811;0SS0060330SC;260;60;0.03508455
811;0SS0060330SC;261;60;0.00123225
811;0SS0060330SC;262;60;0.00209025
811;0SS0060330SC;263;60;0.00072875
811;0SS0060330SC;264;60;0.00033964
811;0SS0060330SC;265;60;0.00031821
811;0SS0060330SC;266;60;0.00001502
811;0SS0060330SC;260;61;0.00287425
811;0SS0060330SC;261;61;0.00110243
811;0SS0060330SC;262;61;0.00193769
811;0SS0060330SC;263;61;0.00052563
811;0SS0060330SC;260;62;0.00219589
811;0SS0060330SC;261;62;0.00080135
811;0SS0060330SC;260;63;0.00101018
811;0MD006033MOJ;303;49;0.00027232
811;0MD006033MOJ;300;50;0.00000619
811;0MD006033MOJ;303;50;0.00049470
811;0MD006033MOJ;304;50;0.00033462
811;0MD006033MOJ;300;51;0.00003660
811;0MD006033MOJ;304;51;0.00064772
811;0MD006033MOJ;305;51;0.00041526
811;0MD006033MOJ;299;52;0.00001634
811;0MD006033MOJ;300;52;0.00002458
811;0MD006033MOJ;304;52;0.00013064
811;0MD006033MOJ;305;52;0.00084359
811;0MD006033MOJ;296;53;0.00004382
811;0MD006033MOJ;297;53;0.08062895
811;0MD006033MOJ;298;53;0.08361238
811;0MD006033MOJ;299;53;0.07523486
811;0MD006033MOJ;305;53;0.00118728
811;0MD006033MOJ;306;53;0.00008541
811;0MD006033MOJ;296;54;0.05388726
811;0MD006033MOJ;297;54;0.00465460
811;0MD006033MOJ;299;54;0.00927698
811;0MD006033MOJ;300;54;0.08386818
811;0MD006033MOJ;301;54;0.08361882
811;0MD006033MOJ;302;54;0.08368930
811;0MD006033MOJ;303;54;0.08413068
811;0MD006033MOJ;304;54;0.08377867
811;0MD006033MOJ;305;54;0.08447087
811;0MD006033MOJ;306;54;0.08700041
811;0MD006033MOJ;307;54;0.08256251
811;0MD006033MOJ;308;54;0.00861364
811;0MD006033MOJ;298;55;0.00017409
811;0MD006033MOJ;299;55;0.00001595
811;0MD006033MOJ;305;55;0.00035581
811;0MD006033MOJ;306;55;0.00009883
811;0MD006033MOJ;307;55;0.00033438
811;0MD006033MOJ;298;56;0.00023173
811;0MD006033MOJ;305;56;0.00009689
811;0MD006033MOJ;306;56;0.00002441
811;0MD006033MOJ;307;56;0.00033571
811;0MD006033MOJ;298;57;0.00018418
811;0MD006033MOJ;306;57;0.00002821
811;0MD006033MOJ;307;57;0.00043692
811;0MD006033MOJ;308;57;0.00018746
811;0MD006033MOJ;297;58;0.00014069
811;0MD006033MOJ;298;58;0.00004424
811;0MD006033MOJ;308;58;0.00037899
811;0MD006033MOJ;297;59;0.00018308
811;0MD006033MOJ;298;59;0.00003426
811;0MD006033MOJ;307;59;0.00030353
811;0MD006033MOJ;308;59;0.00008457
811;0MD006033MOJ;298;60;0.00003355
811;0MD006033MOJ;307;60;0.00038486
811;0MD006033MOJ;307;61;0.00037944
811;0MD006033MOJ;307;62;0.00039179
811;0MD006033MOJ;307;63;0.00030693
811;0MD006033MOJ;307;64;0.00026618
811;0MD006033MOJ;308;64;0.00004946
811;0MD006033MOJ;308;65;0.00026546
811;0MD006033MOJ;300;66;0.00009279
811;0MD006033MOJ;308;66;0.00030092
811;0MD006033MOJ;301;67;0.00008744
811;0MD006033MOJ;308;67;0.00020007
811;0MD0060330SC;295;52;0.00012979
811;0MD0060330SC;294;53;0.00016350
811;0MD0060330SC;295;53;0.00021431
811;0MD0060330SC;296;53;0.00002669
811;0MD0060330SC;284;54;0.02342966
811;0MD0060330SC;292;54;0.00009965
811;0MD0060330SC;293;54;0.04200998
811;0MD0060330SC;294;54;0.08328122
811;0MD0060330SC;295;54;0.08543510
811;0MD0060330SC;296;54;0.03044049
811;0MD0060330SC;284;55;0.01568610
811;0MD0060330SC;285;55;0.08577224
811;0MD0060330SC;286;55;0.08540346
811;0MD0060330SC;287;55;0.07296050
811;0MD0060330SC;289;55;0.05668414
811;0MD0060330SC;290;55;0.08291564
811;0MD0060330SC;291;55;0.08375382
811;0MD0060330SC;292;55;0.08355351
811;0MD0060330SC;293;55;0.04163985
811;0MD0060330SC;278;56;0.00001318
811;0MD0060330SC;287;56;0.01194090
811;0MD0060330SC;288;56;0.08178852
811;0MD0060330SC;289;56;0.02420778
811;0MD0060330SC;278;57;0.00001867
811;0MD0060330SC;279;57;0.00002365
811;0MD0060330SC;288;57;0.00008128
811;0MD0060330SC;289;57;0.00084124
811;0MD0060330SC;279;58;0.00004324
811;0MD0060330SC;289;58;0.00019706
811;0MD0060330SC;290;58;0.00071881
811;0MD0060330SC;278;59;0.00002331
811;0MD0060330SC;279;59;0.00002637
811;0MD0060330SC;290;59;0.00036617
811;0MD0060330SC;291;59;0.00044132
811;0MD0060330SC;276;60;0.00000495
811;0MD0060330SC;277;60;0.00003610
811;0MD0060330SC;278;60;0.00002971
811;0MD0060330SC;291;60;0.00068948
811;0MD0060330SC;274;61;0.00003027
811;0MD0060330SC;275;61;0.00003788
811;0MD0060330SC;276;61;0.00003473
811;0MD0060330SC;277;61;0.00000244
811;0MD0060330SC;291;61;0.00068939
811;0MD0060330SC;273;62;0.00002674
811;0MD0060330SC;274;62;0.00002424
811;0MD0060330SC;291;62;0.00068921
811;0MD0060330SC;273;63;0.00003677
811;0MD0060330SC;291;63;0.00068922
811;0MD0060330SC;273;64;0.00000120
811;0MD0060330SC;291;64;0.00068922
811;0MD0060330SC;289;65;0.00001453
811;0MD0060330SC;290;65;0.00003568
811;0MD0060330SC;291;65;0.00074325
811;0MD0060330SC;292;65;0.00025550
811;0MD0060330SC;289;66;0.00000585
811;0MD0060330SC;292;66;0.00052478
811;0MD0060330SC;293;66;0.00037770
