#GRID CA_State4k -684000. -564000. 4000. 4000. 321 291 1 LAMBERT METERS 30. 60. -120.5 -120.5 37.
806;0SC0060300SC;238;44;0.00164698
806;0SC0060300SC;237;45;0.00204767
806;0SC0060300SC;238;45;0.01359772
806;0SC0060300SC;235;46;0.00020887
806;0SC0060300SC;236;46;0.00972043
806;0SC0060300SC;237;46;0.01691387
806;0SC0060300SC;238;46;0.00116129
806;0SC0060300SC;239;46;0.00009728
806;0SC0060300SC;234;47;0.00021945
806;0SC0060300SC;235;47;0.00132400
806;0SC0060300SC;236;47;0.01761143
806;0SC0060300SC;237;47;0.00045421
806;0SC0060300SC;238;47;0.00009661
806;0SC0060300SC;239;47;0.00003411
806;0SC0060300SC;233;48;0.00039187
806;0SC0060300SC;234;48;0.00121859
806;0SC0060300SC;235;48;0.00112414
806;0SC0060300SC;236;48;0.01888534
806;0SC0060300SC;237;48;0.00104897
806;0SC0060300SC;238;48;0.00095250
806;0SC0060300SC;239;48;0.00042098
806;0SC0060300SC;232;49;0.00082572
806;0SC0060300SC;233;49;0.00057203
806;0SC0060300SC;234;49;0.00094812
806;0SC0060300SC;235;49;0.00614992
806;0SC0060300SC;236;49;0.01888018
806;0SC0060300SC;237;49;0.00212603
806;0SC0060300SC;238;49;0.00023154
806;0SC0060300SC;239;49;0.00048578
806;0SC0060300SC;230;50;0.00133602
806;0SC0060300SC;231;50;0.00222069
806;0SC0060300SC;232;50;0.00169577
806;0SC0060300SC;233;50;0.00488137
806;0SC0060300SC;234;50;0.00545761
806;0SC0060300SC;235;50;0.01460628
806;0SC0060300SC;236;50;0.01524945
806;0SC0060300SC;237;50;0.00183041
806;0SC0060300SC;238;50;0.00010530
806;0SC0060300SC;239;50;0.00010121
806;0SC0060300SC;240;50;0.00037865
806;0SC0060300SC;241;50;0.00022159
806;0SC0060300SC;228;51;0.00024533
806;0SC0060300SC;229;51;0.00197207
806;0SC0060300SC;230;51;0.00371813
806;0SC0060300SC;231;51;0.00462362
806;0SC0060300SC;232;51;0.01066578
806;0SC0060300SC;233;51;0.00129731
806;0SC0060300SC;234;51;0.01872675
806;0SC0060300SC;235;51;0.02142549
806;0SC0060300SC;236;51;0.00256444
806;0SC0060300SC;237;51;0.00297203
806;0SC0060300SC;238;51;0.00166576
806;0SC0060300SC;241;51;0.00004367
806;0SC0060300SC;227;52;0.00025117
806;0SC0060300SC;228;52;0.00163046
806;0SC0060300SC;229;52;0.00302668
806;0SC0060300SC;230;52;0.01802101
806;0SC0060300SC;231;52;0.02630365
806;0SC0060300SC;232;52;0.02158489
806;0SC0060300SC;233;52;0.01288152
806;0SC0060300SC;234;52;0.02504541
806;0SC0060300SC;235;52;0.00265090
806;0SC0060300SC;236;52;0.00666794
806;0SC0060300SC;237;52;0.00149743
806;0SC0060300SC;238;52;0.00015494
806;0SC0060300SC;226;53;0.00032657
806;0SC0060300SC;227;53;0.00137773
806;0SC0060300SC;228;53;0.00431240
806;0SC0060300SC;229;53;0.02678714
806;0SC0060300SC;230;53;0.00960332
806;0SC0060300SC;231;53;0.00658567
806;0SC0060300SC;232;53;0.01746017
806;0SC0060300SC;233;53;0.02258553
806;0SC0060300SC;234;53;0.00778665
806;0SC0060300SC;235;53;0.00705344
806;0SC0060300SC;236;53;0.00020678
806;0SC0060300SC;237;53;0.00012947
806;0SC0060300SC;226;54;0.00506687
806;0SC0060300SC;227;54;0.02487431
806;0SC0060300SC;228;54;0.03162343
806;0SC0060300SC;229;54;0.01060503
806;0SC0060300SC;230;54;0.01087695
806;0SC0060300SC;231;54;0.01021291
806;0SC0060300SC;232;54;0.03125642
806;0SC0060300SC;233;54;0.00493453
806;0SC0060300SC;234;54;0.00282453
806;0SC0060300SC;235;54;0.00538465
806;0SC0060300SC;236;54;0.00024464
806;0SC0060300SC;237;54;0.00004053
806;0SC0060300SC;226;55;0.00618243
806;0SC0060300SC;227;55;0.00469204
806;0SC0060300SC;228;55;0.00622895
806;0SC0060300SC;229;55;0.00412082
806;0SC0060300SC;230;55;0.00449683
806;0SC0060300SC;231;55;0.03798342
806;0SC0060300SC;232;55;0.01443048
806;0SC0060300SC;233;55;0.00144052
806;0SC0060300SC;234;55;0.00732302
806;0SC0060300SC;235;55;0.00189093
806;0SC0060300SC;227;56;0.00187183
806;0SC0060300SC;228;56;0.00563228
806;0SC0060300SC;229;56;0.01030076
806;0SC0060300SC;230;56;0.02237750
806;0SC0060300SC;231;56;0.01478502
806;0SC0060300SC;232;56;0.01326517
806;0SC0060300SC;233;56;0.00170966
806;0SC0060300SC;234;56;0.00045450
806;0SC0060300SC;235;56;0.00580168
806;0SC0060300SC;227;57;0.00178627
806;0SC0060300SC;228;57;0.02612727
806;0SC0060300SC;229;57;0.03072330
806;0SC0060300SC;230;57;0.02000361
806;0SC0060300SC;231;57;0.02825865
806;0SC0060300SC;232;57;0.02025859
806;0SC0060300SC;233;57;0.01789490
806;0SC0060300SC;234;57;0.01514579
806;0SC0060300SC;235;57;0.02257432
806;0SC0060300SC;236;57;0.00501527
806;0SC0060300SC;228;58;0.00032908
806;0SC0060300SC;229;58;0.00382289
806;0SC0060300SC;230;58;0.00547305
806;0SC0060300SC;231;58;0.01416598
806;0SC0060300SC;232;58;0.00356431
806;0SC0060300SC;233;58;0.00142664
806;0SC0060300SC;234;58;0.00062909
806;0SC0060300SC;235;58;0.00003978
806;0SC0060300SC;229;59;0.00253670
806;0SC0060300SC;230;59;0.00352705
806;0SC0060300SC;231;59;0.00969534
806;0SC0060300SC;232;59;0.00196932
806;0SC0060300SC;233;59;0.00076890
806;0SV006052TEH;136;218;0.04129260
806;0SV006052TEH;136;219;0.04434213
806;0SV006052TEH;136;220;0.04434217
806;0SV006052TEH;138;220;0.00248781
806;0SV006052TEH;139;220;0.00020395
806;0SV006052TEH;140;220;0.00497137
806;0SV006052TEH;141;220;0.02451333
806;0SV006052TEH;136;221;0.04675105
806;0SV006052TEH;137;221;0.00752266
806;0SV006052TEH;138;221;0.00161378
806;0SV006052TEH;139;221;0.00626815
806;0SV006052TEH;140;221;0.02117526
806;0SV006052TEH;136;222;0.04710267
806;0SV006052TEH;137;222;0.00368283
806;0SV006052TEH;139;222;0.01697504
806;0SV006052TEH;136;223;0.04569861
806;0SV006052TEH;137;223;0.00604035
806;0SV006052TEH;138;223;0.00203472
806;0SV006052TEH;139;223;0.01404270
806;0SV006052TEH;136;224;0.04131270
806;0SV006052TEH;138;224;0.02189558
806;0SV006052TEH;149;224;0.00077988
806;0SV006052TEH;136;225;0.04131270
806;0SV006052TEH;137;225;0.00265002
806;0SV006052TEH;138;225;0.00909896
806;0SV006052TEH;149;225;0.00070592
806;0SV006052TEH;136;226;0.04353617
806;0SV006052TEH;137;226;0.00633552
806;0SV006052TEH;138;226;0.01019391
806;0SV006052TEH;149;226;0.00145712
806;0SV006052TEH;136;227;0.04971868
806;0SV006052TEH;137;227;0.00269275
806;0SV006052TEH;138;227;0.00832997
806;0SV006052TEH;149;227;0.00120105
806;0SV006052TEH;150;227;0.00056351
806;0SV006052TEH;135;228;0.00002440
806;0SV006052TEH;136;228;0.06634386
806;0SV006052TEH;137;228;0.00950285
806;0SV006052TEH;150;228;0.00135911
806;0SV006052TEH;151;228;0.00059187
806;0SV006052TEH;131;229;0.00016330
806;0SV006052TEH;132;229;0.00019809
806;0SV006052TEH;133;229;0.00019809
806;0SV006052TEH;134;229;0.00020531
806;0SV006052TEH;135;229;0.03701751
806;0SV006052TEH;136;229;0.02083449
806;0SV006052TEH;137;229;0.00036218
806;0SV006052TEH;151;229;0.00133075
806;0SV006052TEH;152;229;0.00062023
806;0SV006052TEH;129;230;0.00005314
806;0SV006052TEH;130;230;0.00024358
806;0SV006052TEH;131;230;0.00006253
806;0SV006052TEH;135;230;0.05523856
806;0SV006052TEH;136;230;0.00254652
806;0SV006052TEH;137;230;0.00003197
806;0SV006052TEH;138;230;0.00033978
806;0SV006052TEH;152;230;0.00130239
806;0SV006052TEH;153;230;0.00279421
806;0SV006052TEH;154;230;0.00115278
806;0SV006052TEH;126;231;0.00005566
806;0SV006052TEH;127;231;0.00020849
806;0SV006052TEH;128;231;0.00020849
806;0SV006052TEH;129;231;0.00015655
806;0SV006052TEH;135;231;0.05350360
806;0SV006052TEH;138;231;0.00019861
806;0SV006052TEH;139;231;0.00031153
806;0SV006052TEH;140;231;0.00031004
806;0SV006052TEH;141;231;0.00031004
806;0SV006052TEH;142;231;0.00002304
806;0SV006052TEH;152;231;0.00101406
806;0SV006052TEH;153;231;0.00024128
806;0SV006052TEH;123;232;0.00005939
806;0SV006052TEH;124;232;0.00020849
806;0SV006052TEH;125;232;0.00020849
806;0SV006052TEH;126;232;0.00015283
806;0SV006052TEH;135;232;0.05242974
806;0SV006052TEH;136;232;0.00028925
806;0SV006052TEH;142;232;0.00028700
806;0SV006052TEH;143;232;0.00031004
806;0SV006052TEH;144;232;0.00031004
806;0SV006052TEH;145;232;0.00031004
806;0SV006052TEH;146;232;0.00030805
806;0SV006052TEH;147;232;0.00030607
806;0SV006052TEH;148;232;0.00030607
806;0SV006052TEH;149;232;0.00031956
806;0SV006052TEH;150;232;0.00030604
806;0SV006052TEH;151;232;0.00141449
806;0SV006052TEH;152;232;0.00020407
806;0SV006052TEH;123;233;0.00069620
806;0SV006052TEH;135;233;0.05265665
806;0SV006052TEH;136;233;0.00296650
806;0SV006052TEH;150;233;0.00101165
806;0SV006052TEH;151;233;0.00012356
806;0SV006052TEH;150;234;0.00077002
806;0SV006052TEH;150;235;0.00214121
806;0SV006006COL;133;194;0.00065562
806;0SV006006COL;140;194;0.03746166
806;0SV006006COL;133;195;0.00155626
806;0SV006006COL;139;195;0.04041399
806;0SV006006COL;140;195;0.03135646
806;0SV006006COL;131;196;0.00051443
806;0SV006006COL;132;196;0.00672072
806;0SV006006COL;133;196;0.00185183
806;0SV006006COL;139;196;0.07429208
806;0SV006006COL;140;196;0.00012160
806;0SV006006COL;133;197;0.00529392
806;0SV006006COL;138;197;0.03627078
806;0SV006006COL;139;197;0.03246556
806;0SV006006COL;140;197;0.00106299
806;0SV006006COL;141;197;0.00059594
806;0SV006006COL;142;197;0.00017578
806;0SV006006COL;133;198;0.00529392
806;0SV006006COL;138;198;0.06720636
806;0SV006006COL;142;198;0.00079534
806;0SV006006COL;133;199;0.00506599
806;0SV006006COL;134;199;0.00278914
806;0SV006006COL;137;199;0.02770495
806;0SV006006COL;138;199;0.03897981
806;0SV006006COL;141;199;0.00048403
806;0SV006006COL;142;199;0.00021457
806;0SV006006COL;134;200;0.00379920
806;0SV006006COL;135;200;0.00547559
806;0SV006006COL;136;200;0.00524678
806;0SV006006COL;137;200;0.07041509
806;0SV006006COL;140;200;0.00012598
806;0SV006006COL;141;200;0.01071505
806;0SV006006COL;142;200;0.00841883
806;0SV006006COL;136;201;0.01155848
806;0SV006006COL;137;201;0.06515405
806;0SV006006COL;138;201;0.00829750
806;0SV006006COL;139;201;0.00738069
806;0SV006006COL;140;201;0.00801982
806;0SV006006COL;136;202;0.06446836
806;0SV006006COL;140;202;0.01020264
806;0SV006006COL;136;203;0.06749412
806;0SV006006COL;137;203;0.00687068
806;0SV006006COL;138;203;0.00687068
806;0SV006006COL;139;203;0.01062849
806;0SV006006COL;140;203;0.00544303
806;0SV006006COL;136;204;0.06463289
806;0SV006006COL;139;204;0.00308220
806;0SV006006COL;140;204;0.00157513
806;0SV006006COL;136;205;0.06343352
806;0SV006006COL;140;205;0.00484756
806;0SV006006COL;141;205;0.00049220
806;0SV006006COL;136;206;0.05860397
806;0SV006006COL;140;206;0.00415960
806;0SV006006COL;141;206;0.00023070
806;0SV006006COL;142;206;0.00044663
806;0SV006006COL;140;207;0.00256679
806;SCC0060420SB;194;70;0.01248961
806;SCC0060420SB;195;70;0.00383671
806;SCC0060420SB;185;71;0.00000425
806;SCC0060420SB;186;71;0.00906220
806;SCC0060420SB;187;71;0.00305494
806;SCC0060420SB;188;71;0.00101292
806;SCC0060420SB;189;71;0.03939822
806;SCC0060420SB;190;71;0.05243289
806;SCC0060420SB;191;71;0.03864943
806;SCC0060420SB;192;71;0.03176004
806;SCC0060420SB;193;71;0.03404220
806;SCC0060420SB;194;71;0.02365555
806;SCC0060420SB;195;71;0.00110146
806;SCC0060420SB;175;72;0.00002070
806;SCC0060420SB;180;72;0.00024751
806;SCC0060420SB;181;72;0.00711090
806;SCC0060420SB;182;72;0.00800875
806;SCC0060420SB;183;72;0.00849244
806;SCC0060420SB;184;72;0.00947960
806;SCC0060420SB;185;72;0.01152056
806;SCC0060420SB;186;72;0.02941860
806;SCC0060420SB;187;72;0.05171268
806;SCC0060420SB;188;72;0.06310242
806;SCC0060420SB;189;72;0.04244394
806;SCC0060420SB;190;72;0.00802235
806;SCC0060420SB;191;72;0.00346268
806;SCC0060420SB;192;72;0.00089865
806;SCC0060420SB;193;72;0.00006457
806;SCC0060420SB;175;73;0.00003893
806;SCC0060420SB;176;73;0.00014090
806;SCC0060420SB;177;73;0.00011563
806;SCC0060420SB;178;73;0.01314562
806;SCC0060420SB;179;73;0.00765062
806;SCC0060420SB;180;73;0.00783609
806;SCC0060420SB;181;73;0.00152935
806;SCC0060420SB;183;73;0.00000559
806;SCC0060420SB;184;73;0.00000535
806;SCC0060420SB;186;73;0.00000097
806;SCC0060420SB;187;73;0.00306395
806;SCC0060420SB;188;73;0.00520705
806;SCC0060420SB;189;73;0.00000002
806;SCC0060420SB;190;73;0.00000421
806;SCC0060420SB;191;73;0.00000001
806;SCC0060420SB;173;74;0.00024603
806;SCC0060420SB;174;74;0.00021435
806;SCC0060420SB;175;74;0.00322867
806;SCC0060420SB;176;74;0.00364943
806;SCC0060420SB;177;74;0.00361325
806;SCC0060420SB;178;74;0.00711941
806;SCC0060420SB;179;74;0.00011909
806;SCC0060420SB;181;74;0.00020983
806;SCC0060420SB;182;74;0.00013511
806;SCC0060420SB;183;74;0.00000448
806;SCC0060420SB;184;74;0.00000294
806;SCC0060420SB;185;74;0.00000124
806;SCC0060420SB;186;74;0.00307929
806;SCC0060420SB;187;74;0.00475792
806;SCC0060420SB;188;74;0.00006816
806;SCC0060420SB;189;74;0.00000009
806;SCC0060420SB;171;75;0.00000008
806;SCC0060420SB;172;75;0.00000004
806;SCC0060420SB;173;75;0.00003625
806;SCC0060420SB;174;75;0.00128078
806;SCC0060420SB;175;75;0.00274167
806;SCC0060420SB;178;75;0.00463597
806;SCC0060420SB;179;75;0.00013149
806;SCC0060420SB;180;75;0.00016487
806;SCC0060420SB;181;75;0.00044339
806;SCC0060420SB;183;75;0.00020594
806;SCC0060420SB;184;75;0.00461177
806;SCC0060420SB;185;75;0.00478484
806;SCC0060420SB;186;75;0.00173696
806;SCC0060420SB;187;75;0.00001465
806;SCC0060420SB;188;75;0.00000013
806;SCC0060420SB;189;75;0.00000006
806;SCC0060420SB;171;76;0.00000044
806;SCC0060420SB;172;76;0.00035334
806;SCC0060420SB;173;76;0.00232585
806;SCC0060420SB;174;76;0.00399684
806;SCC0060420SB;175;76;0.00004798
806;SCC0060420SB;176;76;0.00005468
806;SCC0060420SB;177;76;0.00006288
806;SCC0060420SB;178;76;0.00483046
806;SCC0060420SB;179;76;0.00569338
806;SCC0060420SB;180;76;0.00586262
806;SCC0060420SB;181;76;0.00321292
806;SCC0060420SB;182;76;0.00550434
806;SCC0060420SB;183;76;0.00435104
806;SCC0060420SB;171;77;0.00008937
806;SCC0060420SB;172;77;0.00583987
806;SCC0060420SB;173;77;0.00913337
806;SCC0060420SB;174;77;0.00005442
806;SCC0060420SB;175;77;0.00000716
806;SCC0060420SB;176;77;0.00321754
806;SCC0060420SB;177;77;0.00338958
806;SCC0060420SB;178;77;0.00639057
806;SCC0060420SB;179;77;0.00312776
806;SCC0060420SB;180;77;0.00084988
806;SCC0060420SB;181;77;0.00594115
806;SCC0060420SB;182;77;0.00022874
806;SCC0060420SB;183;77;0.00016288
806;SCC0060420SB;184;77;0.00002724
806;SCC0060420SB;170;78;0.00000002
806;SCC0060420SB;171;78;0.00008733
806;SCC0060420SB;172;78;0.01317042
806;SCC0060420SB;173;78;0.00553330
806;SCC0060420SB;174;78;0.00324333
806;SCC0060420SB;175;78;0.00336571
806;SCC0060420SB;176;78;0.00128393
806;SCC0060420SB;178;78;0.00000363
806;SCC0060420SB;179;78;0.00732922
806;SCC0060420SB;180;78;0.00613096
806;SCC0060420SB;181;78;0.00122662
806;SCC0060420SB;182;78;0.00006289
806;SCC0060420SB;184;78;0.00000227
806;SCC0060420SB;185;78;0.00000072
806;SCC0060420SB;170;79;0.00000049
806;SCC0060420SB;171;79;0.00042086
806;SCC0060420SB;172;79;0.00929104
806;SCC0060420SB;173;79;0.00267702
806;SCC0060420SB;176;79;0.00008094
806;SCC0060420SB;177;79;0.00003536
806;SCC0060420SB;178;79;0.00447783
806;SCC0060420SB;179;79;0.00979918
806;SCC0060420SB;180;79;0.00017473
806;SCC0060420SB;184;79;0.00000021
806;SCC0060420SB;185;79;0.00000165
806;SCC0060420SB;170;80;0.00000055
806;SCC0060420SB;171;80;0.00684294
806;SCC0060420SB;172;80;0.00147682
806;SCC0060420SB;173;80;0.00264585
806;SCC0060420SB;174;80;0.00007615
806;SCC0060420SB;175;80;0.00009057
806;SCC0060420SB;176;80;0.00526858
806;SCC0060420SB;177;80;0.00996433
806;SCC0060420SB;178;80;0.00501784
806;SCC0060420SB;179;80;0.00004116
806;SCC0060420SB;180;80;0.00010143
806;SCC0060420SB;181;80;0.00002455
806;SCC0060420SB;182;80;0.00000804
806;SCC0060420SB;183;80;0.00000036
806;SCC0060420SB;184;80;0.00000125
806;SCC0060420SB;185;80;0.00000042
806;SCC0060420SB;170;81;0.00003936
806;SCC0060420SB;171;81;0.00366045
806;SCC0060420SB;172;81;0.00661682
806;SCC0060420SB;173;81;0.00282529
806;SCC0060420SB;174;81;0.00003423
806;SCC0060420SB;175;81;0.00413638
806;SCC0060420SB;176;81;0.00846247
806;SCC0060420SB;177;81;0.00002445
806;SCC0060420SB;179;81;0.00010177
806;SCC0060420SB;180;81;0.00003798
806;SCC0060420SB;195;81;0.00007426
806;SCC0060420SB;171;82;0.00008340
806;SCC0060420SB;173;82;0.00760890
806;SCC0060420SB;174;82;0.00017626
806;SCC0060420SB;175;82;0.01101736
806;SCC0060420SB;176;82;0.00000185
806;SCC0060420SB;177;82;0.00003528
806;SCC0060420SB;178;82;0.00001969
806;SCC0060420SB;179;82;0.00000228
806;SCC0060420SB;193;82;0.00000001
806;SCC0060420SB;195;82;0.00004634
806;SCC0060420SB;171;83;0.00013404
806;SCC0060420SB;172;83;0.00038440
806;SCC0060420SB;173;83;0.01133895
806;SCC0060420SB;174;83;0.01289400
806;SCC0060420SB;175;83;0.00018816
806;SCC0060420SB;176;83;0.00017936
806;SCC0060420SB;177;83;0.00022063
806;SCC0060420SB;193;83;0.00000003
806;SCC0060420SB;194;83;0.00005913
806;SCC0060420SB;195;83;0.00001419
806;SCC0060420SB;171;84;0.00115538
806;SCC0060420SB;172;84;0.00229529
806;SCC0060420SB;173;84;0.03062450
806;SCC0060420SB;174;84;0.00520605
806;SCC0060420SB;175;84;0.00020314
806;SCC0060420SB;176;84;0.00058578
806;SCC0060420SB;177;84;0.00037319
806;SCC0060420SB;178;84;0.00001482
806;SCC0060420SB;190;84;0.00000029
806;SCC0060420SB;191;84;0.00000163
806;SCC0060420SB;192;84;0.00004360
806;SCC0060420SB;193;84;0.00000002
806;SCC0060420SB;194;84;0.00008106
806;SCC0060420SB;170;85;0.00115840
806;SCC0060420SB;171;85;0.00041176
806;SCC0060420SB;172;85;0.00400868
806;SCC0060420SB;173;85;0.05107301
806;SCC0060420SB;174;85;0.00083530
806;SCC0060420SB;175;85;0.00045816
806;SCC0060420SB;176;85;0.00002490
806;SCC0060420SB;178;85;0.00000425
806;SCC0060420SB;190;85;0.00004690
806;SCC0060420SB;191;85;0.00015898
806;SCC0060420SB;192;85;0.00017932
806;SCC0060420SB;170;86;0.00451433
806;SCC0060420SB;171;86;0.00372998
806;SCC0060420SB;172;86;0.00374741
806;SCC0060420SB;173;86;0.05114286
806;SCC0060420SB;174;86;0.00114885
806;SCC0060420SB;178;86;0.00001987
806;SCC0060420SB;186;86;0.00000118
806;SCC0060420SB;188;86;0.00009177
806;SCC0060420SB;189;86;0.00039443
806;SCC0060420SB;190;86;0.00031635
806;SCC0060420SB;191;86;0.00011082
806;SCC0060420SB;171;87;0.00000061
806;SCC0060420SB;173;87;0.00822905
806;SCC0060420SB;178;87;0.00001456
806;SCC0060420SB;186;87;0.00012780
806;SCC0060420SB;187;87;0.00025398
806;SCC0060420SB;188;87;0.00015954
806;SCC0060420SB;177;88;0.00010854
806;SCC0060420SB;178;88;0.00036948
806;SCC0060420SB;179;88;0.00009713
806;SCC0060420SB;185;88;0.00007721
806;SCC0060420SB;186;88;0.00016285
806;SCC0060420SB;179;89;0.00029676
806;SCC0060420SB;179;90;0.00000931
806;SCC0060420SB;180;90;0.00023640
806;SCC0060420SB;181;90;0.00007080
806;GBV006026GBU;212;155;0.02839947
806;GBV006026GBU;213;155;0.00396462
806;GBV006026GBU;218;155;0.00162844
806;GBV006026GBU;227;155;0.00015596
806;GBV006026GBU;228;155;0.00030649
806;GBV006026GBU;229;155;0.00007072
806;GBV006026GBU;212;156;0.03416128
806;GBV006026GBU;217;156;0.00180240
806;GBV006026GBU;218;156;0.00017827
806;GBV006026GBU;227;156;0.00015511
806;GBV006026GBU;228;156;0.00002034
806;GBV006026GBU;210;157;0.01220926
806;GBV006026GBU;211;157;0.02818421
806;GBV006026GBU;212;157;0.00461137
806;GBV006026GBU;217;157;0.00198067
806;GBV006026GBU;207;158;0.00389988
806;GBV006026GBU;208;158;0.02073410
806;GBV006026GBU;209;158;0.02073410
806;GBV006026GBU;210;158;0.00852484
806;GBV006026GBU;217;158;0.00198067
806;GBV006026GBU;204;159;0.00002675
806;GBV006026GBU;205;159;0.01133377
806;GBV006026GBU;206;159;0.02073410
806;GBV006026GBU;207;159;0.01683423
806;GBV006026GBU;216;159;0.00145295
806;GBV006026GBU;217;159;0.00052772
806;GBV006026GBU;205;160;0.01494747
806;GBV006026GBU;216;160;0.00198067
806;GBV006026GBU;204;161;0.01663505
806;GBV006026GBU;205;161;0.00648730
806;GBV006026GBU;216;161;0.00198067
806;GBV006026GBU;203;162;0.00591522
806;GBV006026GBU;204;162;0.01878463
806;GBV006026GBU;215;162;0.00110350
806;GBV006026GBU;216;162;0.00087717
806;GBV006026GBU;203;163;0.02469985
806;GBV006026GBU;213;163;0.00257533
806;GBV006026GBU;214;163;0.00008719
806;GBV006026GBU;215;163;0.00198067
806;GBV006026GBU;202;164;0.01773651
806;GBV006026GBU;203;164;0.00480460
806;GBV006026GBU;212;164;0.00245472
806;GBV006026GBU;213;164;0.00245404
806;GBV006026GBU;214;164;0.00429489
806;GBV006026GBU;215;164;0.00418401
806;GBV006026GBU;202;165;0.02178668
806;GBV006026GBU;211;165;0.00198982
806;GBV006026GBU;212;165;0.00291893
806;GBV006026GBU;215;165;0.00570763
806;GBV006026GBU;198;166;0.00055047
806;GBV006026GBU;201;166;0.00609772
806;GBV006026GBU;202;166;0.02086669
806;GBV006026GBU;203;166;0.00365399
806;GBV006026GBU;204;166;0.00365399
806;GBV006026GBU;205;166;0.00365399
806;GBV006026GBU;206;166;0.00365399
806;GBV006026GBU;207;166;0.00012564
806;GBV006026GBU;210;166;0.00152493
806;GBV006026GBU;211;166;0.00338383
806;GBV006026GBU;215;166;0.00638412
806;GBV006026GBU;216;166;0.00056727
806;GBV006026GBU;198;167;0.00072441
806;GBV006026GBU;199;167;0.00256027
806;GBV006026GBU;200;167;0.00256027
806;GBV006026GBU;201;167;0.02653692
806;GBV006026GBU;207;167;0.00352835
806;GBV006026GBU;208;167;0.00365399
806;GBV006026GBU;209;167;0.00365399
806;GBV006026GBU;210;167;0.00325409
806;GBV006026GBU;216;167;0.00008081
806;GBV006026GBU;201;168;0.01698062
806;GBV006026GBU;200;169;0.00949399
806;GBV006026GBU;201;169;0.00741181
806;GBV006026GBU;200;170;0.01644130
806;GBV006026GBU;201;170;0.00011844
806;GBV006026GBU;200;171;0.01586632
806;GBV006026GBU;201;171;0.00005386
806;GBV006026GBU;202;171;0.00017229
806;GBV006026GBU;203;171;0.00017024
806;GBV006026GBU;199;172;0.00479197
806;GBV006026GBU;200;172;0.01107044
806;GBV006026GBU;203;172;0.00000205
806;GBV006026GBU;204;172;0.00017229
806;GBV006026GBU;205;172;0.00017229
806;GBV006026GBU;206;172;0.00004975
806;GBV006026GBU;199;173;0.01586241
806;GBV006026GBU;206;173;0.00012254
806;GBV006026GBU;207;173;0.00017229
806;GBV006026GBU;208;173;0.00003766
806;GBV006026GBU;199;174;0.01583916
806;GBV006026GBU;199;175;0.01589150
806;GBV006026GBU;197;176;0.00889801
806;GBV006026GBU;198;176;0.01905753
806;GBV006026GBU;199;176;0.00702467
806;GBV006026GBU;197;177;0.01844433
806;GBV006026GBU;199;177;0.00081940
806;GBV006026GBU;190;178;0.00780967
806;GBV006026GBU;191;178;0.01161837
806;GBV006026GBU;192;178;0.01162776
806;GBV006026GBU;193;178;0.01163979
806;GBV006026GBU;194;178;0.02131069
806;GBV006026GBU;195;178;0.01655722
806;GBV006026GBU;196;178;0.01762567
806;GBV006026GBU;197;178;0.00998299
806;GBV006026GBU;199;178;0.00081940
806;GBV006026GBU;193;179;0.00082686
806;GBV006026GBU;194;179;0.01952996
806;GBV006026GBU;199;179;0.00027609
806;GBV006026GBU;200;179;0.00054331
806;GBV006026GBU;193;180;0.02035682
806;GBV006026GBU;200;180;0.00052397
806;GBV006026GBU;193;181;0.02043017
806;GBV006026GBU;193;182;0.02051184
806;GBV006026GBU;193;183;0.02051184
806;GBV006026GBU;192;184;0.01133358
806;GBV006026GBU;193;184;0.00917826
806;GBV006026GBU;192;185;0.02051184
806;GBV006026GBU;191;186;0.00077131
806;GBV006026GBU;192;186;0.03222055
806;GBV006026GBU;191;187;0.02022880
806;GBV006026GBU;192;187;0.01644815
806;NCC006027MBU;162;109;0.00000496
806;NCC006027MBU;166;109;0.00147018
806;NCC006027MBU;151;110;0.00011870
806;NCC006027MBU;152;110;0.00024025
806;NCC006027MBU;165;110;0.00367823
806;NCC006027MBU;166;110;0.00428322
806;NCC006027MBU;169;110;0.00000029
806;NCC006027MBU;170;110;0.00000019
806;NCC006027MBU;150;111;0.00016757
806;NCC006027MBU;151;111;0.00031883
806;NCC006027MBU;162;111;0.00014570
806;NCC006027MBU;163;111;0.00026424
806;NCC006027MBU;164;111;0.00529683
806;NCC006027MBU;165;111;0.00143500
806;NCC006027MBU;166;111;0.00012157
806;NCC006027MBU;170;111;0.00000185
806;NCC006027MBU;173;111;0.00003566
806;NCC006027MBU;150;112;0.00040099
806;NCC006027MBU;159;112;0.00001240
806;NCC006027MBU;160;112;0.00005808
806;NCC006027MBU;161;112;0.00005291
806;NCC006027MBU;162;112;0.00002276
806;NCC006027MBU;163;112;0.00170731
806;NCC006027MBU;164;112;0.00407382
806;NCC006027MBU;166;112;0.00003283
806;NCC006027MBU;167;112;0.00012830
806;NCC006027MBU;168;112;0.00000717
806;NCC006027MBU;170;112;0.00000064
806;NCC006027MBU;171;112;0.00004143
806;NCC006027MBU;172;112;0.00014797
806;NCC006027MBU;173;112;0.00006224
806;NCC006027MBU;150;113;0.00039254
806;NCC006027MBU;154;113;0.00002409
806;NCC006027MBU;157;113;0.00005468
806;NCC006027MBU;158;113;0.00010444
806;NCC006027MBU;159;113;0.00006237
806;NCC006027MBU;163;113;0.00534832
806;NCC006027MBU;168;113;0.00004008
806;NCC006027MBU;169;113;0.00000457
806;NCC006027MBU;170;113;0.00003999
806;NCC006027MBU;171;113;0.00013733
806;NCC006027MBU;149;114;0.00006763
806;NCC006027MBU;150;114;0.00054106
806;NCC006027MBU;152;114;0.00002937
806;NCC006027MBU;153;114;0.00004922
806;NCC006027MBU;154;114;0.00001454
806;NCC006027MBU;155;114;0.00006284
806;NCC006027MBU;156;114;0.00002035
806;NCC006027MBU;157;114;0.00003938
806;NCC006027MBU;159;114;0.00002616
806;NCC006027MBU;160;114;0.00002006
806;NCC006027MBU;161;114;0.00001692
806;NCC006027MBU;162;114;0.00161258
806;NCC006027MBU;163;114;0.00361570
806;NCC006027MBU;168;114;0.00000035
806;NCC006027MBU;169;114;0.00003650
806;NCC006027MBU;170;114;0.00017194
806;NCC006027MBU;148;115;0.00049085
806;NCC006027MBU;149;115;0.00021506
806;NCC006027MBU;150;115;0.00002017
806;NCC006027MBU;151;115;0.00007116
806;NCC006027MBU;152;115;0.00002986
806;NCC006027MBU;154;115;0.00000085
806;NCC006027MBU;155;115;0.00001899
806;NCC006027MBU;156;115;0.00000189
806;NCC006027MBU;157;115;0.00003668
806;NCC006027MBU;159;115;0.00002267
806;NCC006027MBU;161;115;0.00018496
806;NCC006027MBU;162;115;0.00653016
806;NCC006027MBU;163;115;0.00028663
806;NCC006027MBU;168;115;0.00000037
806;NCC006027MBU;169;115;0.00014474
806;NCC006027MBU;170;115;0.00006012
806;NCC006027MBU;147;116;0.00004490
806;NCC006027MBU;148;116;0.00036409
806;NCC006027MBU;152;116;0.00000043
806;NCC006027MBU;153;116;0.00001740
806;NCC006027MBU;154;116;0.00008493
806;NCC006027MBU;155;116;0.00000296
806;NCC006027MBU;156;116;0.00020334
806;NCC006027MBU;157;116;0.00009166
806;NCC006027MBU;159;116;0.00002037
806;NCC006027MBU;160;116;0.00009993
806;NCC006027MBU;161;116;0.00692837
806;NCC006027MBU;162;116;0.00001256
806;NCC006027MBU;168;116;0.00009696
806;NCC006027MBU;169;116;0.00006068
806;NCC006027MBU;147;117;0.00059549
806;NCC006027MBU;150;117;0.00000030
806;NCC006027MBU;151;117;0.00000186
806;NCC006027MBU;152;117;0.00000126
806;NCC006027MBU;154;117;0.00001824
806;NCC006027MBU;155;117;0.00015751
806;NCC006027MBU;157;117;0.00033980
806;NCC006027MBU;158;117;0.00010408
806;NCC006027MBU;159;117;0.00004722
806;NCC006027MBU;160;117;0.00642016
806;NCC006027MBU;161;117;0.00010803
806;NCC006027MBU;162;117;0.00002384
806;NCC006027MBU;163;117;0.00000562
806;NCC006027MBU;167;117;0.00012379
806;NCC006027MBU;168;117;0.00006734
806;NCC006027MBU;146;118;0.00042669
806;NCC006027MBU;147;118;0.00029198
806;NCC006027MBU;150;118;0.00000325
806;NCC006027MBU;154;118;0.00000009
806;NCC006027MBU;155;118;0.00006299
806;NCC006027MBU;156;118;0.00008111
806;NCC006027MBU;158;118;0.00025059
806;NCC006027MBU;160;118;0.00701463
806;NCC006027MBU;161;118;0.00021529
806;NCC006027MBU;162;118;0.00034332
806;NCC006027MBU;163;118;0.00000464
806;NCC006027MBU;166;118;0.00016193
806;NCC006027MBU;167;118;0.00000016
806;NCC006027MBU;145;119;0.00027241
806;NCC006027MBU;146;119;0.00048016
806;NCC006027MBU;147;119;0.00045005
806;NCC006027MBU;150;119;0.00000220
806;NCC006027MBU;154;119;0.00000025
806;NCC006027MBU;156;119;0.00001068
806;NCC006027MBU;157;119;0.00040481
806;NCC006027MBU;158;119;0.00034704
806;NCC006027MBU;159;119;0.00598718
806;NCC006027MBU;160;119;0.00065581
806;NCC006027MBU;161;119;0.00033946
806;NCC006027MBU;162;119;0.00015460
806;NCC006027MBU;163;119;0.00051113
806;NCC006027MBU;164;119;0.00066554
806;NCC006027MBU;165;119;0.00023177
806;NCC006027MBU;166;119;0.00009021
806;NCC006027MBU;167;119;0.00006892
806;NCC006027MBU;144;120;0.00038106
806;NCC006027MBU;145;120;0.00113296
806;NCC006027MBU;146;120;0.00071359
806;NCC006027MBU;150;120;0.00000342
806;NCC006027MBU;154;120;0.00000025
806;NCC006027MBU;157;120;0.01029221
806;NCC006027MBU;158;120;0.00801070
806;NCC006027MBU;159;120;0.00259401
806;NCC006027MBU;163;120;0.00007739
806;NCC006027MBU;164;120;0.00018362
806;NCC006027MBU;165;120;0.00034865
806;NCC006027MBU;166;120;0.00035405
806;NCC006027MBU;167;120;0.00017978
806;NCC006027MBU;143;121;0.00044098
806;NCC006027MBU;144;121;0.00162472
806;NCC006027MBU;145;121;0.00021700
806;NCC006027MBU;150;121;0.00000240
806;NCC006027MBU;151;121;0.00016544
806;NCC006027MBU;154;121;0.00000023
806;NCC006027MBU;157;121;0.00797348
806;NCC006027MBU;158;121;0.00044883
806;NCC006027MBU;159;121;0.00007452
806;NCC006027MBU;160;121;0.00003803
806;NCC006027MBU;161;121;0.00000521
806;NCC006027MBU;162;121;0.00007027
806;NCC006027MBU;163;121;0.00010990
806;NCC006027MBU;142;122;0.00100586
806;NCC006027MBU;143;122;0.00114777
806;NCC006027MBU;150;122;0.00001215
806;NCC006027MBU;151;122;0.00008030
806;NCC006027MBU;152;122;0.00024315
806;NCC006027MBU;153;122;0.00027581
806;NCC006027MBU;154;122;0.00020514
806;NCC006027MBU;155;122;0.00023543
806;NCC006027MBU;156;122;0.00722615
806;NCC006027MBU;157;122;0.00317465
806;NCC006027MBU;159;122;0.00010025
806;NCC006027MBU;161;122;0.00000319
806;NCC006027MBU;162;122;0.00015546
806;NCC006027MBU;163;122;0.00001715
806;NCC006027MBU;164;122;0.00000737
806;NCC006027MBU;141;123;0.00116367
806;NCC006027MBU;142;123;0.00032036
806;NCC006027MBU;150;123;0.00003542
806;NCC006027MBU;154;123;0.00016114
806;NCC006027MBU;155;123;0.00933547
806;NCC006027MBU;156;123;0.00399377
806;NCC006027MBU;157;123;0.00021140
806;NCC006027MBU;159;123;0.00000618
806;NCC006027MBU;160;123;0.00002022
806;NCC006027MBU;162;123;0.00001330
806;NCC006027MBU;163;123;0.00000403
806;NCC006027MBU;141;124;0.00149572
806;NCC006027MBU;148;124;0.00000750
806;NCC006027MBU;149;124;0.00004046
806;NCC006027MBU;150;124;0.00000833
806;NCC006027MBU;153;124;0.00002974
806;NCC006027MBU;154;124;0.00311262
806;NCC006027MBU;155;124;0.00936094
806;NCC006027MBU;156;124;0.00038079
806;NCC006027MBU;141;125;0.00124626
806;NCC006027MBU;148;125;0.00006391
806;NCC006027MBU;152;125;0.00000486
806;NCC006027MBU;153;125;0.00065113
806;NCC006027MBU;154;125;0.01203606
806;NCC006027MBU;155;125;0.00002466
806;NCC006027MBU;140;126;0.00021334
806;NCC006027MBU;141;126;0.00155195
806;NCC006027MBU;143;126;0.00004391
806;NCC006027MBU;144;126;0.00000481
806;NCC006027MBU;147;126;0.00031669
806;NCC006027MBU;148;126;0.00006434
806;NCC006027MBU;151;126;0.00002371
806;NCC006027MBU;152;126;0.00005434
806;NCC006027MBU;153;126;0.01204298
806;NCC006027MBU;154;126;0.00404876
806;NCC006027MBU;155;126;0.00012076
806;NCC006027MBU;156;126;0.00003415
806;NCC006027MBU;140;127;0.00164797
806;NCC006027MBU;143;127;0.00006581
806;NCC006027MBU;145;127;0.00090529
806;NCC006027MBU;146;127;0.00059731
806;NCC006027MBU;147;127;0.00002687
806;NCC006027MBU;150;127;0.00007518
806;NCC006027MBU;151;127;0.00009007
806;NCC006027MBU;152;127;0.01292423
806;NCC006027MBU;153;127;0.00432316
806;NCC006027MBU;156;127;0.00004417
806;NCC006027MBU;140;128;0.00172040
806;NCC006027MBU;143;128;0.00008401
806;NCC006027MBU;144;128;0.00515802
806;NCC006027MBU;145;128;0.00051753
806;NCC006027MBU;149;128;0.00000308
806;NCC006027MBU;150;128;0.00013040
806;NCC006027MBU;151;128;0.01329088
806;NCC006027MBU;152;128;0.00110584
806;NCC006027MBU;156;128;0.00000810
806;NCC006027MBU;140;129;0.00152967
806;NCC006027MBU;141;129;0.00815804
806;NCC006027MBU;142;129;0.00467491
806;NCC006027MBU;143;129;0.00346895
806;NCC006027MBU;144;129;0.00454399
806;NCC006027MBU;146;129;0.00023933
806;NCC006027MBU;149;129;0.00000926
806;NCC006027MBU;150;129;0.01517781
806;NCC006027MBU;151;129;0.00715147
806;NCC006027MBU;152;129;0.00011004
806;NCC006027MBU;140;130;0.00298894
806;NCC006027MBU;141;130;0.02760440
806;NCC006027MBU;142;130;0.00761011
806;NCC006027MBU;143;130;0.01056642
806;NCC006027MBU;144;130;0.01167674
806;NCC006027MBU;145;130;0.00783329
806;NCC006027MBU;146;130;0.00004476
806;NCC006027MBU;147;130;0.00016244
806;NCC006027MBU;148;130;0.00013210
806;NCC006027MBU;149;130;0.01417809
806;NCC006027MBU;150;130;0.00325164
806;NCC006027MBU;151;130;0.00000756
806;NCC006027MBU;152;130;0.00004101
806;NCC006027MBU;140;131;0.00599420
806;NCC006027MBU;141;131;0.02657547
806;NCC006027MBU;142;131;0.04084981
806;NCC006027MBU;143;131;0.00197672
806;NCC006027MBU;145;131;0.00718945
806;NCC006027MBU;146;131;0.00692141
806;NCC006027MBU;147;131;0.00160824
806;NCC006027MBU;148;131;0.01258101
806;NCC006027MBU;149;131;0.00728422
806;NCC006027MBU;150;131;0.00003234
806;NCC006027MBU;140;132;0.00030059
806;NCC006027MBU;141;132;0.00028618
806;NCC006027MBU;142;132;0.01363700
806;NCC006027MBU;143;132;0.02447864
806;NCC006027MBU;144;132;0.00282273
806;NCC006027MBU;145;132;0.00585261
806;NCC006027MBU;146;132;0.01633334
806;NCC006027MBU;147;132;0.01858261
806;NCC006027MBU;148;132;0.00745370
806;NCC006027MBU;149;132;0.00024102
806;NCC006027MBU;143;133;0.02970434
806;NCC006027MBU;144;133;0.01100450
806;NCC006027MBU;145;133;0.00915776
806;NCC006027MBU;146;133;0.04529581
806;NCC006027MBU;147;133;0.04001614
806;NCC006027MBU;148;133;0.00204069
806;NCC006027MBU;149;133;0.00011394
806;NCC006027MBU;143;134;0.01800538
806;NCC006027MBU;144;134;0.00370460
806;NCC006027MBU;145;134;0.00642902
806;NCC006027MBU;146;134;0.03338158
806;NCC006027MBU;147;134;0.00657863
806;NCC006027MBU;148;134;0.00057767
806;NCC006027MBU;144;135;0.02829017
806;NCC006027MBU;145;135;0.00668140
806;NCC006027MBU;146;135;0.02501470
806;NCC006027MBU;147;135;0.00134062
806;NCC006027MBU;148;135;0.00013610
806;NCC006027MBU;143;136;0.00002009
806;NCC006027MBU;144;136;0.01520449
806;NCC006027MBU;145;136;0.01013500
806;NCC006027MBU;146;136;0.03594774
806;NCC006027MBU;147;136;0.00436586
806;NCC006027MBU;148;136;0.00029917
806;NCC006027MBU;144;137;0.01396014
806;NCC006027MBU;145;137;0.00048727
806;NCC006027MBU;146;137;0.00810496
806;NCC006027MBU;147;137;0.02387391
806;NCC006027MBU;148;137;0.00007222
806;NCC006027MBU;143;138;0.00000472
806;NCC006027MBU;144;138;0.01906700
806;NCC006027MBU;145;138;0.00754036
806;NCC006027MBU;146;138;0.00670783
806;NCC006027MBU;147;138;0.00860980
806;NCC006027MBU;144;139;0.00472482
806;NCC006027MBU;145;139;0.00304019
806;NCC006027MBU;146;139;0.00325875
806;NCC006027MBU;147;139;0.00008956
806;0SV006031PLA;153;188;0.00257111
806;0SV006031PLA;154;188;0.00218221
806;0SV006031PLA;155;188;0.04956048
806;0SV006031PLA;156;188;0.01343366
806;0SV006031PLA;157;188;0.01053427
806;0SV006031PLA;151;189;0.00162264
806;0SV006031PLA;152;189;0.00208305
806;0SV006031PLA;153;189;0.01927886
806;0SV006031PLA;154;189;0.02225761
806;0SV006031PLA;155;189;0.11125250
806;0SV006031PLA;156;189;0.07666957
806;0SV006031PLA;157;189;0.02005980
806;0SV006031PLA;158;189;0.00244016
806;0SV006031PLA;151;190;0.00007632
806;0SV006031PLA;153;190;0.00786332
806;0SV006031PLA;154;190;0.01980606
806;0SV006031PLA;155;190;0.08948542
806;0SV006031PLA;156;190;0.07303010
806;0SV006031PLA;157;190;0.02562139
806;0SV006031PLA;158;190;0.00341577
806;0SV006031PLA;151;191;0.00011738
806;0SV006031PLA;152;191;0.00017109
806;0SV006031PLA;153;191;0.00015005
806;0SV006031PLA;154;191;0.00752288
806;0SV006031PLA;155;191;0.04497728
806;0SV006031PLA;156;191;0.00807164
806;0SV006031PLA;157;191;0.05178564
806;0SV006031PLA;158;191;0.01388245
806;0SV006031PLA;159;191;0.00036049
806;0SV006031PLA;151;192;0.00007910
806;0SV006031PLA;152;192;0.00022468
806;0SV006031PLA;153;192;0.00062540
806;0SV006031PLA;154;192;0.01076631
806;0SV006031PLA;155;192;0.03439075
806;0SV006031PLA;156;192;0.00564574
806;0SV006031PLA;157;192;0.00337231
806;0SV006031PLA;158;192;0.05363630
806;0SV006031PLA;159;192;0.01333984
806;0SV006031PLA;151;193;0.00011384
806;0SV006031PLA;152;193;0.00030234
806;0SV006031PLA;153;193;0.00970376
806;0SV006031PLA;154;193;0.00879674
806;0SV006031PLA;155;193;0.00913692
806;0SV006031PLA;156;193;0.00394727
806;0SV006031PLA;157;193;0.00273954
806;0SV006031PLA;159;193;0.04867736
806;0SV006031PLA;160;193;0.01418665
806;0SV006031PLA;153;194;0.00905069
806;0SV006031PLA;154;194;0.00332672
806;0SV006031PLA;155;194;0.00147197
806;0SV006031PLA;156;194;0.00046201
806;0SV006031PLA;157;194;0.00129625
806;0SV006031PLA;158;194;0.00158006
806;0SV006031PLA;159;194;0.01785568
806;0SV006031PLA;160;194;0.02807311
806;0SV006031PLA;152;195;0.00009232
806;0SV006031PLA;153;195;0.01521971
806;0SV006031PLA;154;195;0.00004644
806;0SV006031PLA;155;195;0.00036545
806;0SV006031PLA;158;195;0.00052051
806;0SV006031PLA;159;195;0.00827895
806;0SV006031PLA;160;195;0.00516082
806;0SV006031PLA;152;196;0.00144370
806;0SV006031PLA;153;196;0.00323829
806;0SV006031PLA;154;196;0.00026366
806;0SV006031PLA;155;196;0.00007670
806;0SV006031PLA;159;196;0.00216232
806;0SV006031PLA;154;197;0.00002442
806;0SV006031PLA;155;197;0.00002214
806;0MC006003AMA;161;175;0.00005266
806;0MC006003AMA;160;176;0.00032256
806;0MC006003AMA;161;176;0.02868551
806;0MC006003AMA;161;177;0.03019066
806;0MC006003AMA;162;177;0.05725520
806;0MC006003AMA;163;177;0.00509070
806;0MC006003AMA;166;177;0.00102538
806;0MC006003AMA;167;177;0.01468034
806;0MC006003AMA;162;178;0.03432744
806;0MC006003AMA;163;178;0.02251237
806;0MC006003AMA;164;178;0.02556601
806;0MC006003AMA;165;178;0.03532658
806;0MC006003AMA;166;178;0.05496038
806;0MC006003AMA;160;179;0.00199070
806;0MC006003AMA;161;179;0.01113486
806;0MC006003AMA;162;179;0.00056879
806;0MC006003AMA;163;179;0.01838082
806;0MC006003AMA;165;179;0.05266619
806;0MC006003AMA;166;179;0.00234814
806;0MC006003AMA;167;179;0.02893500
806;0MC006003AMA;168;179;0.01108171
806;0MC006003AMA;169;179;0.00404284
806;0MC006003AMA;163;180;0.01646585
806;0MC006003AMA;164;180;0.01779117
806;0MC006003AMA;165;180;0.02831145
806;0MC006003AMA;168;180;0.02481067
806;0MC006003AMA;169;180;0.01936209
806;0MC006003AMA;170;180;0.00966494
806;0MC006003AMA;171;180;0.00027748
806;0MC006003AMA;161;181;0.04369989
806;0MC006003AMA;162;181;0.04161033
806;0MC006003AMA;163;181;0.06627721
806;0MC006003AMA;164;181;0.06430936
806;0MC006003AMA;170;181;0.00171875
806;0MC006003AMA;171;181;0.00743494
806;0MC006003AMA;160;182;0.00940665
806;0MC006003AMA;161;182;0.01407502
806;0MC006003AMA;162;182;0.02819162
806;0MC006003AMA;163;182;0.00175840
806;0MC006003AMA;164;182;0.02727396
806;0MC006003AMA;165;182;0.00470002
806;0MC006003AMA;171;182;0.00068838
806;0MC006003AMA;172;182;0.00821395
806;0MC006003AMA;162;183;0.01407930
806;0MC006003AMA;164;183;0.01901603
806;0MC006003AMA;165;183;0.00799427
806;0MC006003AMA;166;183;0.00886302
806;0MC006003AMA;172;183;0.00116699
806;0MC006003AMA;173;183;0.00643699
806;0MC006003AMA;174;183;0.01043054
806;0MC006003AMA;175;183;0.00617299
806;0MC006003AMA;176;183;0.00002393
806;0MC006003AMA;164;184;0.00056090
806;0MC006003AMA;176;184;0.00828566
806;0MC006003AMA;177;184;0.00816981
806;0MC006003AMA;177;185;0.00467661
806;0MC006003AMA;178;185;0.00015967
806;0MC006003AMA;178;186;0.00764911
806;0MC006003AMA;179;186;0.00630104
806;0MC006003AMA;179;187;0.00150834
806;0MC006003AMA;180;187;0.00485148
806;0MC006003AMA;180;188;0.00646634
806;0MC006005CAL;169;166;0.00109535
806;0MC006005CAL;170;166;0.00873854
806;0MC006005CAL;166;167;0.02426090
806;0MC006005CAL;167;167;0.01262115
806;0MC006005CAL;169;167;0.01180921
806;0MC006005CAL;167;168;0.01673601
806;0MC006005CAL;168;168;0.03480723
806;0MC006005CAL;169;168;0.00682171
806;0MC006005CAL;168;169;0.01705011
806;0MC006005CAL;171;169;0.02683912
806;0MC006005CAL;172;169;0.00178313
806;0MC006005CAL;168;170;0.00869934
806;0MC006005CAL;169;170;0.03551334
806;0MC006005CAL;170;170;0.00396604
806;0MC006005CAL;171;170;0.03776900
806;0MC006005CAL;162;171;0.05744176
806;0MC006005CAL;163;171;0.02946362
806;0MC006005CAL;169;171;0.00488678
806;0MC006005CAL;170;171;0.06979344
806;0MC006005CAL;171;171;0.01581597
806;0MC006005CAL;172;171;0.01159130
806;0MC006005CAL;163;172;0.04003070
806;0MC006005CAL;164;172;0.00061603
806;0MC006005CAL;168;172;0.00046411
806;0MC006005CAL;169;172;0.04244612
806;0MC006005CAL;172;172;0.00413100
806;0MC006005CAL;173;172;0.01031343
806;0MC006005CAL;164;173;0.02967175
806;0MC006005CAL;168;173;0.03664920
806;0MC006005CAL;173;173;0.01573389
806;0MC006005CAL;174;173;0.00103726
806;0MC006005CAL;161;174;0.04873055
806;0MC006005CAL;162;174;0.02411998
806;0MC006005CAL;163;174;0.02134299
806;0MC006005CAL;164;174;0.02596552
806;0MC006005CAL;165;174;0.03421291
806;0MC006005CAL;166;174;0.03324116
806;0MC006005CAL;167;174;0.03748880
806;0MC006005CAL;168;174;0.02350564
806;0MC006005CAL;174;174;0.01677115
806;0MC006005CAL;166;175;0.00895689
806;0MC006005CAL;167;175;0.01343916
806;0MC006005CAL;174;175;0.00760128
806;0MC006005CAL;175;175;0.00516817
806;0MC006005CAL;167;176;0.02239605
806;0MC006005CAL;175;176;0.00180370
806;0MC006005CAL;176;176;0.00068958
806;0MC006005CAL;167;177;0.02554121
806;0MC006005CAL;168;177;0.00231540
806;0MC006005CAL;176;177;0.00154439
806;0MC006005CAL;177;177;0.00085112
806;0MC006005CAL;168;178;0.00021396
806;0MC006005CAL;169;178;0.00252936
806;0MC006005CAL;170;178;0.00102313
806;0MC006005CAL;177;178;0.00138285
806;0MC006005CAL;178;178;0.00145552
806;0MC006005CAL;170;179;0.00150623
806;0MC006005CAL;171;179;0.00299208
806;0MC006005CAL;178;179;0.00240892
806;0MC006005CAL;179;179;0.00213410
806;0MC006005CAL;171;180;0.00325953
806;0MC006005CAL;179;180;0.00222335
806;0MC006005CAL;180;180;0.00231967
806;0MC006005CAL;180;181;0.00203779
806;0MC006005CAL;181;181;0.00023136
806;0SS006013IMP;273;25;0.00176162
806;0SS006013IMP;273;26;0.01179135
806;0SS006013IMP;274;26;0.00445994
806;0SS006013IMP;278;26;0.00000903
806;0SS006013IMP;279;26;0.00003028
806;0SS006013IMP;273;27;0.00095768
806;0SS006013IMP;274;27;0.01373871
806;0SS006013IMP;278;27;0.00000303
806;0SS006013IMP;279;27;0.00000149
806;0SS006013IMP;280;27;0.00003082
806;0SS006013IMP;281;27;0.00003082
806;0SS006013IMP;282;27;0.00003073
806;0SS006013IMP;283;27;0.00002610
806;0SS006013IMP;284;27;0.00021463
806;0SS006013IMP;285;27;0.00041089
806;0SS006013IMP;286;27;0.00081902
806;0SS006013IMP;287;27;0.00574365
806;0SS006013IMP;288;27;0.00175108
806;0SS006013IMP;289;27;0.00030756
806;0SS006013IMP;290;27;0.00018433
806;0SS006013IMP;274;28;0.00468408
806;0SS006013IMP;275;28;0.01299069
806;0SS006013IMP;276;28;0.01391441
806;0SS006013IMP;277;28;0.01299550
806;0SS006013IMP;278;28;0.00030540
806;0SS006013IMP;283;28;0.00007328
806;0SS006013IMP;284;28;0.00062941
806;0SS006013IMP;285;28;0.00047630
806;0SS006013IMP;286;28;0.00241777
806;0SS006013IMP;287;28;0.00656185
806;0SS006013IMP;288;28;0.00145792
806;0SS006013IMP;289;28;0.00153672
806;0SS006013IMP;290;28;0.00136915
806;0SS006013IMP;291;28;0.00099898
806;0SS006013IMP;292;28;0.00097925
806;0SS006013IMP;293;28;0.00094419
806;0SS006013IMP;294;28;0.00088737
806;0SS006013IMP;295;28;0.00040800
806;0SS006013IMP;277;29;0.00000461
806;0SS006013IMP;278;29;0.01273789
806;0SS006013IMP;279;29;0.01314154
806;0SS006013IMP;280;29;0.01327638
806;0SS006013IMP;281;29;0.01281216
806;0SS006013IMP;282;29;0.01274836
806;0SS006013IMP;283;29;0.01021570
806;0SS006013IMP;284;29;0.00105601
806;0SS006013IMP;285;29;0.00072934
806;0SS006013IMP;286;29;0.00616245
806;0SS006013IMP;287;29;0.00515008
806;0SS006013IMP;288;29;0.00032075
806;0SS006013IMP;289;29;0.00026480
806;0SS006013IMP;290;29;0.00055663
806;0SS006013IMP;291;29;0.00012469
806;0SS006013IMP;292;29;0.00000820
806;0SS006013IMP;294;29;0.01576178
806;0SS006013IMP;295;29;0.01788459
806;0SS006013IMP;296;29;0.01832610
806;0SS006013IMP;297;29;0.01783308
806;0SS006013IMP;298;29;0.01761882
806;0SS006013IMP;299;29;0.01763600
806;0SS006013IMP;300;29;0.01896234
806;0SS006013IMP;301;29;0.01041389
806;0SS006013IMP;282;30;0.00026208
806;0SS006013IMP;283;30;0.00297592
806;0SS006013IMP;284;30;0.01612818
806;0SS006013IMP;285;30;0.02057780
806;0SS006013IMP;286;30;0.02598348
806;0SS006013IMP;287;30;0.02363730
806;0SS006013IMP;288;30;0.01736596
806;0SS006013IMP;289;30;0.01716480
806;0SS006013IMP;290;30;0.01697313
806;0SS006013IMP;291;30;0.01660221
806;0SS006013IMP;292;30;0.01800253
806;0SS006013IMP;293;30;0.01727762
806;0SS006013IMP;294;30;0.00164083
806;0SS006013IMP;301;30;0.01417511
806;0SS006013IMP;302;30;0.01949396
806;0SS006013IMP;303;30;0.01778776
806;0SS006013IMP;304;30;0.01781403
806;0SS006013IMP;305;30;0.01833578
806;0SS006013IMP;306;30;0.01826170
806;0SS006013IMP;307;30;0.01813212
806;0SS006013IMP;282;31;0.00013055
806;0SS006013IMP;283;31;0.00056301
806;0SS006013IMP;284;31;0.00414361
806;0SS006013IMP;285;31;0.00708501
806;0SS006013IMP;286;31;0.00235351
806;0SS006013IMP;287;31;0.00751515
806;0SS006013IMP;288;31;0.00166554
806;0SS006013IMP;289;31;0.00216041
806;0SS006013IMP;290;31;0.00163985
806;0SS006013IMP;291;31;0.00074396
806;0SS006013IMP;292;31;0.00005644
806;0SS006013IMP;302;31;0.00006116
806;0SS006013IMP;304;31;0.00009960
806;0SS006013IMP;307;31;0.00108570
806;0SS006013IMP;308;31;0.00198243
806;0SS006013IMP;309;31;0.00006165
806;0SS006013IMP;282;32;0.00005159
806;0SS006013IMP;283;32;0.00009065
806;0SS006013IMP;284;32;0.00309458
806;0SS006013IMP;285;32;0.00630303
806;0SS006013IMP;286;32;0.00198128
806;0SS006013IMP;287;32;0.00693862
806;0SS006013IMP;288;32;0.00020769
806;0SS006013IMP;289;32;0.00050348
806;0SS006013IMP;290;32;0.00037249
806;0SS006013IMP;291;32;0.00024678
806;0SS006013IMP;302;32;0.00006135
806;0SS006013IMP;309;32;0.00003065
806;0SS006013IMP;284;33;0.00284085
806;0SS006013IMP;285;33;0.00435909
806;0SS006013IMP;286;33;0.00193084
806;0SS006013IMP;287;33;0.00597245
806;0SS006013IMP;288;33;0.00004608
806;0SS006013IMP;289;33;0.00031903
806;0SS006013IMP;290;33;0.00027474
806;0SS006013IMP;291;33;0.00023201
806;0SS006013IMP;302;33;0.00006125
806;0SS006013IMP;284;34;0.00291669
806;0SS006013IMP;285;34;0.00447949
806;0SS006013IMP;286;34;0.00328792
806;0SS006013IMP;287;34;0.00430280
806;0SS006013IMP;288;34;0.00014915
806;0SS006013IMP;289;34;0.00060269
806;0SS006013IMP;290;34;0.00008459
806;0SS006013IMP;291;34;0.00017717
806;0SS006013IMP;302;34;0.00006132
806;0SS006013IMP;284;35;0.00283882
806;0SS006013IMP;285;35;0.00538945
806;0SS006013IMP;286;35;0.01057855
806;0SS006013IMP;287;35;0.00368331
806;0SS006013IMP;288;35;0.00104881
806;0SS006013IMP;289;35;0.00086640
806;0SS006013IMP;290;35;0.00060203
806;0SS006013IMP;291;35;0.00034620
806;0SS006013IMP;292;35;0.00026244
806;0SS006013IMP;293;35;0.00001557
806;0SS006013IMP;301;35;0.00005885
806;0SS006013IMP;302;35;0.00005282
806;0SS006013IMP;284;36;0.00950929
806;0SS006013IMP;285;36;0.00710630
806;0SS006013IMP;286;36;0.00781440
806;0SS006013IMP;287;36;0.00261184
806;0SS006013IMP;288;36;0.00017141
806;0SS006013IMP;290;36;0.00027482
806;0SS006013IMP;291;36;0.00017977
806;0SS006013IMP;293;36;0.00024504
806;0SS006013IMP;294;36;0.00028865
806;0SS006013IMP;295;36;0.00030066
806;0SS006013IMP;296;36;0.00027919
806;0SS006013IMP;300;36;0.00000084
806;0SS006013IMP;301;36;0.00006079
806;0SS006013IMP;281;37;0.00792708
806;0SS006013IMP;282;37;0.01271427
806;0SS006013IMP;283;37;0.01136934
806;0SS006013IMP;284;37;0.00911292
806;0SS006013IMP;285;37;0.00050848
806;0SS006013IMP;286;37;0.00122424
806;0SS006013IMP;287;37;0.00049612
806;0SS006013IMP;288;37;0.00023804
806;0SS006013IMP;289;37;0.00017634
806;0SS006013IMP;290;37;0.00014972
806;0SS006013IMP;296;37;0.00001465
806;0SS006013IMP;297;37;0.00030426
806;0SS006013IMP;298;37;0.00027557
806;0SS006013IMP;299;37;0.00008744
806;0SS006013IMP;300;37;0.00006251
806;0SS006013IMP;279;38;0.01067797
806;0SS006013IMP;280;38;0.01284217
806;0SS006013IMP;281;38;0.00771190
806;0SS006013IMP;284;38;0.00128027
806;0SS006013IMP;285;38;0.00009260
806;0SS006013IMP;286;38;0.00098614
806;0SS006013IMP;288;38;0.00013796
806;0SS006013IMP;289;38;0.00006220
806;0SS006013IMP;299;38;0.00028506
806;0SS006013IMP;300;38;0.00006780
806;0SS006013IMP;278;39;0.01223329
806;0SS006013IMP;279;39;0.00121727
806;0SS006013IMP;284;39;0.00079931
806;0SS006013IMP;285;39;0.00037941
806;0SS006013IMP;286;39;0.00106681
806;0SS006013IMP;287;39;0.00012514
806;0SS006013IMP;288;39;0.00026140
806;0SS006013IMP;289;39;0.00008120
806;0SS006013IMP;299;39;0.00018366
806;0SS006013IMP;300;39;0.00031442
806;0SS006013IMP;277;40;0.00642309
806;0SS006013IMP;278;40;0.00934839
806;0SS006013IMP;284;40;0.00001496
806;0SS006013IMP;285;40;0.00003087
806;0SS006013IMP;286;40;0.00090326
806;0SS006013IMP;287;40;0.00006925
806;0SS006013IMP;288;40;0.00023182
806;0SS006013IMP;289;40;0.00015443
806;0SS006013IMP;290;40;0.00008938
806;0SS006013IMP;300;40;0.00030099
806;0SS006013IMP;301;40;0.00008300
806;0SS006013IMP;277;41;0.01250240
806;0SS006013IMP;284;41;0.00000853
806;0SS006013IMP;285;41;0.00007189
806;0SS006013IMP;286;41;0.00085549
806;0SS006013IMP;287;41;0.00011529
806;0SS006013IMP;301;41;0.00036614
806;0SS006013IMP;276;42;0.01286454
806;0SS006013IMP;277;42;0.00128940
806;0SS006013IMP;284;42;0.00005481
806;0SS006013IMP;285;42;0.00017239
806;0SS006013IMP;286;42;0.00099525
806;0SS006013IMP;287;42;0.00008712
806;0SS006013IMP;301;42;0.00035893
806;0SS006013IMP;275;43;0.00786329
806;0SS006013IMP;276;43;0.00599102
806;0SS006013IMP;284;43;0.00022348
806;0SS006013IMP;285;43;0.00077966
806;0SS006013IMP;286;43;0.00023947
806;0SS006013IMP;301;43;0.00040136
806;0SS006013IMP;274;44;0.00205440
806;0SS006013IMP;275;44;0.01253617
806;0SS006013IMP;276;44;0.00030418
806;0SS006013IMP;284;44;0.00092575
806;0SS006013IMP;301;44;0.00003301
806;0SS006013IMP;302;44;0.00042558
806;0SS006013IMP;274;45;0.01300444
806;0SS006013IMP;280;45;0.00047017
806;0SS006013IMP;281;45;0.00038329
806;0SS006013IMP;282;45;0.00012161
806;0SS006013IMP;283;45;0.00077943
806;0SS006013IMP;284;45;0.00016811
806;0SS006013IMP;302;45;0.00007933
806;0SS006013IMP;303;45;0.00045025
806;0SS006013IMP;273;46;0.00588199
806;0SS006013IMP;274;46;0.00783939
806;0SS006013IMP;279;46;0.00070151
806;0SS006013IMP;280;46;0.00048424
806;0SS006013IMP;281;46;0.00049892
806;0SS006013IMP;282;46;0.00058384
806;0SS006013IMP;283;46;0.00030314
806;0SS006013IMP;303;46;0.00005040
806;0SS006013IMP;304;46;0.00031594
806;0SS006013IMP;273;47;0.00533916
806;0SS006013IMP;278;47;0.00027936
806;0SS006013IMP;279;47;0.00049748
806;0SS006013IMP;282;47;0.00003473
806;0SS006013IMP;304;47;0.00038130
806;0SS006013IMP;303;48;0.00009905
806;0SS006013IMP;304;48;0.00027896
806;0SS006013IMP;303;49;0.00015229
806;NEP006047SIS;135;255;0.03475053
806;NEP006047SIS;136;255;0.00001272
806;NEP006047SIS;146;255;0.00297817
806;NEP006047SIS;147;255;0.00319735
806;NEP006047SIS;135;256;0.00484547
806;NEP006047SIS;136;256;0.02783388
806;NEP006047SIS;145;256;0.00472547
806;NEP006047SIS;146;256;0.00308503
806;NEP006047SIS;135;257;0.01268155
806;NEP006047SIS;136;257;0.03087031
806;NEP006047SIS;137;257;0.00512673
806;NEP006047SIS;138;257;0.00506699
806;NEP006047SIS;139;257;0.00337639
806;NEP006047SIS;140;257;0.00337639
806;NEP006047SIS;141;257;0.00337639
806;NEP006047SIS;142;257;0.00337639
806;NEP006047SIS;143;257;0.00337639
806;NEP006047SIS;144;257;0.00386115
806;NEP006047SIS;145;257;0.00133773
806;NEP006047SIS;125;258;0.00000597
806;NEP006047SIS;126;258;0.00040910
806;NEP006047SIS;127;258;0.00017991
806;NEP006047SIS;135;258;0.04074363
806;NEP006047SIS;136;258;0.00149435
806;NEP006047SIS;125;259;0.00052090
806;NEP006047SIS;134;259;0.02839322
806;NEP006047SIS;135;259;0.01153009
806;NEP006047SIS;124;260;0.00034356
806;NEP006047SIS;125;260;0.00001789
806;NEP006047SIS;134;260;0.03852488
806;NEP006047SIS;111;261;0.00010904
806;NEP006047SIS;124;261;0.00036144
806;NEP006047SIS;133;261;0.01168379
806;NEP006047SIS;134;261;0.02749836
806;NEP006047SIS;111;262;0.00016109
806;NEP006047SIS;124;262;0.00036144
806;NEP006047SIS;132;262;0.01548768
806;NEP006047SIS;133;262;0.02171379
806;NEP006047SIS;134;262;0.00666754
806;NEP006047SIS;111;263;0.00016109
806;NEP006047SIS;123;263;0.00029362
806;NEP006047SIS;124;263;0.00012200
806;NEP006047SIS;125;263;0.00000119
806;NEP006047SIS;132;263;0.02606411
806;NEP006047SIS;134;263;0.00825203
806;NEP006047SIS;135;263;0.00261625
806;NEP006047SIS;111;264;0.00016098
806;NEP006047SIS;123;264;0.00031936
806;NEP006047SIS;132;264;0.02586469
806;NEP006047SIS;135;264;0.00912058
806;NEP006047SIS;136;264;0.01118698
806;NEP006047SIS;111;265;0.00016057
806;NEP006047SIS;123;265;0.00037081
806;NEP006047SIS;131;265;0.02274834
806;NEP006047SIS;132;265;0.00307323
806;NEP006047SIS;134;265;0.00009917
806;NEP006047SIS;135;265;0.00092222
806;NEP006047SIS;136;265;0.00182437
806;NEP006047SIS;137;265;0.00964484
806;NEP006047SIS;111;266;0.00016057
806;NEP006047SIS;122;266;0.00019298
806;NEP006047SIS;123;266;0.00002510
806;NEP006047SIS;124;266;0.00041352
806;NEP006047SIS;131;266;0.02575509
806;NEP006047SIS;133;266;0.00073843
806;NEP006047SIS;134;266;0.00082305
806;NEP006047SIS;137;266;0.01092911
806;NEP006047SIS;111;267;0.00015765
806;NEP006047SIS;119;267;0.00009317
806;NEP006047SIS;120;267;0.00016118
806;NEP006047SIS;122;267;0.00043169
806;NEP006047SIS;124;267;0.00232715
806;NEP006047SIS;125;267;0.00289671
806;NEP006047SIS;126;267;0.00256751
806;NEP006047SIS;131;267;0.02662223
806;NEP006047SIS;132;267;0.00092222
806;NEP006047SIS;133;267;0.00018379
806;NEP006047SIS;137;267;0.00542218
806;NEP006047SIS;138;267;0.01125219
806;NEP006047SIS;139;267;0.00114758
806;NEP006047SIS;111;268;0.00006542
806;NEP006047SIS;112;268;0.00006083
806;NEP006047SIS;119;268;0.00040226
806;NEP006047SIS;120;268;0.00015963
806;NEP006047SIS;121;268;0.00031163
806;NEP006047SIS;122;268;0.00002988
806;NEP006047SIS;126;268;0.00116583
806;NEP006047SIS;127;268;0.00329576
806;NEP006047SIS;128;268;0.00093744
806;NEP006047SIS;129;268;0.02483192
806;NEP006047SIS;130;268;0.02662400
806;NEP006047SIS;131;268;0.00178616
806;NEP006047SIS;139;268;0.01010461
806;NEP006047SIS;140;268;0.01125219
806;NEP006047SIS;141;268;0.00139241
806;NEP006047SIS;112;269;0.00012625
806;NEP006047SIS;119;269;0.00006151
806;NEP006047SIS;120;269;0.00037852
806;NEP006047SIS;128;269;0.00746861
806;NEP006047SIS;129;269;0.02207077
806;NEP006047SIS;131;269;0.00102475
806;NEP006047SIS;140;269;0.00884435
806;NEP006047SIS;141;269;0.00167861
806;NEP006047SIS;112;270;0.00001192
806;NEP006047SIS;113;270;0.00011433
806;NEP006047SIS;120;270;0.00003353
806;NEP006047SIS;121;270;0.00039680
806;NEP006047SIS;129;270;0.02495373
806;NEP006047SIS;130;270;0.00014290
806;NEP006047SIS;131;270;0.00179765
806;NEP006047SIS;140;270;0.01043957
806;NEP006047SIS;113;271;0.00008466
806;NEP006047SIS;114;271;0.00004159
806;NEP006047SIS;120;271;0.00001279
806;NEP006047SIS;121;271;0.00038692
806;NEP006047SIS;129;271;0.02523255
806;NEP006047SIS;131;271;0.00082745
806;NEP006047SIS;140;271;0.00565115
806;NEP006047SIS;141;271;0.00455398
806;NEP006047SIS;114;272;0.00013171
806;NEP006047SIS;119;272;0.00011139
806;NEP006047SIS;120;272;0.00018154
806;NEP006047SIS;121;272;0.00053679
806;NEP006047SIS;122;272;0.00004261
806;NEP006047SIS;129;272;0.00988676
806;NEP006047SIS;130;272;0.01539718
806;NEP006047SIS;141;272;0.01020513
806;NEP006047SIS;114;273;0.00001194
806;NEP006047SIS;115;273;0.00012255
806;NEP006047SIS;117;273;0.00011535
806;NEP006047SIS;118;273;0.00011930
806;NEP006047SIS;119;273;0.00000791
806;NEP006047SIS;122;273;0.00039863
806;NEP006047SIS;123;273;0.00042308
806;NEP006047SIS;124;273;0.00045182
806;NEP006047SIS;125;273;0.00032479
806;NEP006047SIS;126;273;0.00042414
806;NEP006047SIS;127;273;0.00046399
806;NEP006047SIS;128;273;0.00046399
806;NEP006047SIS;129;273;0.00046399
806;NEP006047SIS;130;273;0.02486778
806;NEP006047SIS;141;273;0.00345470
806;NEP006047SIS;142;273;0.00675043
806;NEP006047SIS;115;274;0.00005262
806;NEP006047SIS;116;274;0.00012294
806;NEP006047SIS;117;274;0.00000395
806;NEP006047SIS;125;274;0.00026736
806;NEP006047SIS;126;274;0.00003985
806;NEP006047SIS;130;274;0.02433017
806;NEP006047SIS;131;274;0.00003686
806;NEP006047SIS;142;274;0.01020513
806;NEP006047SIS;130;275;0.02432983
806;NEP006047SIS;142;275;0.00125826
806;NEP006047SIS;143;275;0.00905377
806;NEP006047SIS;152;275;0.00073885
806;NEP006047SIS;129;276;0.00790396
806;NEP006047SIS;130;276;0.01689913
806;NEP006047SIS;143;276;0.00949078
806;NEP006047SIS;144;276;0.00127773
806;NEP006047SIS;151;276;0.00036048
806;NEP006047SIS;152;276;0.00069539
806;NEP006047SIS;129;277;0.01619980
806;NEP006047SIS;144;277;0.00529726
806;NEP006047SIS;145;277;0.00323472
806;NEP006047SIS;146;277;0.00323472
806;NEP006047SIS;147;277;0.00323472
806;NEP006047SIS;148;277;0.00323472
806;NEP006047SIS;149;277;0.00323469
806;NEP006047SIS;150;277;0.00116904
806;NEP006047SIS;151;277;0.00028863
806;0SF0060490BA;129;172;0.01421089
806;0SF0060490BA;129;173;0.02396881
806;0SF0060490BA;130;173;0.03974476
806;0SF0060490BA;131;173;0.01284143
806;0SF0060490BA;125;174;0.00004539
806;0SF0060490BA;126;174;0.00020924
806;0SF0060490BA;127;174;0.02300596
806;0SF0060490BA;128;174;0.00357512
806;0SF0060490BA;129;174;0.00519762
806;0SF0060490BA;130;174;0.00603573
806;0SF0060490BA;126;175;0.00320907
806;0SF0060490BA;127;175;0.07624041
806;0SF0060490BA;128;175;0.00852187
806;0SF0060490BA;130;175;0.00603573
806;0SF0060490BA;122;176;0.00003190
806;0SF0060490BA;123;176;0.00068440
806;0SF0060490BA;124;176;0.00299792
806;0SF0060490BA;125;176;0.00420600
806;0SF0060490BA;126;176;0.10149333
806;0SF0060490BA;127;176;0.01270444
806;0SF0060490BA;128;176;0.00564977
806;0SF0060490BA;129;176;0.01047052
806;0SF0060490BA;130;176;0.01570028
806;0SF0060490BA;131;176;0.01212946
806;0SF0060490BA;132;176;0.00090684
806;0SF0060490BA;122;177;0.00026054
806;0SF0060490BA;123;177;0.00041427
806;0SF0060490BA;124;177;0.00019248
806;0SF0060490BA;125;177;0.07707003
806;0SF0060490BA;126;177;0.01020029
806;0SF0060490BA;127;177;0.00074373
806;0SF0060490BA;129;177;0.00167312
806;0SF0060490BA;130;177;0.00384746
806;0SF0060490BA;120;178;0.00122139
806;0SF0060490BA;121;178;0.00068969
806;0SF0060490BA;122;178;0.00026333
806;0SF0060490BA;124;178;0.00648431
806;0SF0060490BA;125;178;0.06780741
806;0SF0060490BA;126;178;0.00173497
806;0SF0060490BA;129;178;0.00319494
806;0SF0060490BA;120;179;0.00157689
806;0SF0060490BA;121;179;0.00008055
806;0SF0060490BA;123;179;0.00452250
806;0SF0060490BA;124;179;0.00717770
806;0SF0060490BA;125;179;0.06110795
806;0SF0060490BA;126;179;0.00114305
806;0SF0060490BA;127;179;0.00035258
806;0SF0060490BA;128;179;0.00180116
806;0SF0060490BA;129;179;0.00661915
806;0SF0060490BA;120;180;0.00004804
806;0SF0060490BA;121;180;0.00232751
806;0SF0060490BA;122;180;0.00544957
806;0SF0060490BA;123;180;0.00260264
806;0SF0060490BA;124;180;0.00363472
806;0SF0060490BA;125;180;0.05508060
806;0SF0060490BA;126;180;0.00170527
806;0SF0060490BA;127;180;0.00144857
806;0SF0060490BA;128;180;0.01016489
806;0SF0060490BA;129;180;0.00978150
806;0SF0060490BA;130;180;0.00347231
806;0SF0060490BA;120;181;0.00021762
806;0SF0060490BA;121;181;0.00054869
806;0SF0060490BA;122;181;0.00376988
806;0SF0060490BA;123;181;0.00512831
806;0SF0060490BA;124;181;0.02819746
806;0SF0060490BA;125;181;0.05432753
806;0SF0060490BA;126;181;0.00044758
806;0SF0060490BA;127;181;0.01311973
806;0SF0060490BA;128;181;0.00617649
806;0SF0060490BA;121;182;0.00000812
806;0SF0060490BA;122;182;0.00192364
806;0SF0060490BA;123;182;0.00191985
806;0SF0060490BA;124;182;0.04292948
806;0SF0060490BA;125;182;0.01117731
806;0SF0060490BA;126;182;0.01656395
806;0SF0060490BA;122;183;0.00027899
806;0SF0060490BA;123;183;0.01680446
806;0SF0060490BA;124;183;0.01959264
806;0SF0060490BA;125;183;0.00101897
806;0SF0060490BA;126;183;0.00362261
806;0SF0060490BA;122;184;0.00364475
806;0SF0060490BA;123;184;0.01007471
806;0SF0060490BA;125;184;0.00293208
806;0SF0060490BA;126;184;0.00698689
806;0SF0060490BA;122;185;0.00156306
806;0SF0060490BA;126;185;0.00096680
806;0SF0060490BA;127;185;0.00034633
806;0SF0060430BA;149;140;0.00000053
806;0SF0060430BA;150;140;0.00000007
806;0SF0060430BA;148;141;0.00000050
806;0SF0060430BA;149;141;0.00000097
806;0SF0060430BA;150;141;0.00000534
806;0SF0060430BA;151;141;0.00000741
806;0SF0060430BA;152;141;0.00001249
806;0SF0060430BA;145;142;0.00001311
806;0SF0060430BA;147;142;0.00001071
806;0SF0060430BA;148;142;0.00233978
806;0SF0060430BA;149;142;0.00112565
806;0SF0060430BA;150;142;0.00000308
806;0SF0060430BA;152;142;0.00000050
806;0SF0060430BA;153;142;0.00000063
806;0SF0060430BA;143;143;0.00000002
806;0SF0060430BA;144;143;0.00000003
806;0SF0060430BA;146;143;0.00004441
806;0SF0060430BA;147;143;0.00000031
806;0SF0060430BA;148;143;0.00463004
806;0SF0060430BA;149;143;0.00040406
806;0SF0060430BA;156;143;0.00000001
806;0SF0060430BA;142;144;0.00002043
806;0SF0060430BA;143;144;0.00000560
806;0SF0060430BA;145;144;0.00000058
806;0SF0060430BA;146;144;0.00009620
806;0SF0060430BA;147;144;0.00084059
806;0SF0060430BA;148;144;0.00481303
806;0SF0060430BA;140;145;0.00000012
806;0SF0060430BA;141;145;0.00003413
806;0SF0060430BA;145;145;0.00000274
806;0SF0060430BA;146;145;0.00020708
806;0SF0060430BA;147;145;0.00883356
806;0SF0060430BA;148;145;0.00000805
806;0SF0060430BA;139;146;0.00015477
806;0SF0060430BA;144;146;0.00000125
806;0SF0060430BA;145;146;0.00000109
806;0SF0060430BA;146;146;0.00944032
806;0SF0060430BA;147;146;0.00437262
806;0SF0060430BA;138;147;0.00000157
806;0SF0060430BA;139;147;0.00013712
806;0SF0060430BA;142;147;0.00006103
806;0SF0060430BA;143;147;0.00003072
806;0SF0060430BA;144;147;0.00007280
806;0SF0060430BA;145;147;0.00751143
806;0SF0060430BA;146;147;0.00454604
806;0SF0060430BA;137;148;0.00031627
806;0SF0060430BA;138;148;0.00005861
806;0SF0060430BA;139;148;0.00045338
806;0SF0060430BA;140;148;0.00210162
806;0SF0060430BA;141;148;0.00063293
806;0SF0060430BA;142;148;0.00277004
806;0SF0060430BA;143;148;0.00099877
806;0SF0060430BA;144;148;0.01162858
806;0SF0060430BA;145;148;0.00639181
806;0SF0060430BA;146;148;0.00017383
806;0SF0060430BA;136;149;0.00009541
806;0SF0060430BA;137;149;0.00000397
806;0SF0060430BA;138;149;0.00019662
806;0SF0060430BA;139;149;0.00152263
806;0SF0060430BA;140;149;0.00760050
806;0SF0060430BA;141;149;0.00256590
806;0SF0060430BA;142;149;0.00668472
806;0SF0060430BA;143;149;0.01474307
806;0SF0060430BA;144;149;0.00525169
806;0SF0060430BA;145;149;0.00007056
806;0SF0060430BA;146;149;0.00002887
806;0SF0060430BA;135;150;0.00000454
806;0SF0060430BA;136;150;0.00000094
806;0SF0060430BA;137;150;0.00002909
806;0SF0060430BA;138;150;0.00067118
806;0SF0060430BA;139;150;0.00921735
806;0SF0060430BA;140;150;0.03537302
806;0SF0060430BA;141;150;0.01733129
806;0SF0060430BA;142;150;0.00986769
806;0SF0060430BA;143;150;0.02073636
806;0SF0060430BA;144;150;0.00091356
806;0SF0060430BA;135;151;0.00006390
806;0SF0060430BA;137;151;0.02093757
806;0SF0060430BA;138;151;0.02845255
806;0SF0060430BA;139;151;0.02477696
806;0SF0060430BA;140;151;0.00987381
806;0SF0060430BA;141;151;0.02968267
806;0SF0060430BA;142;151;0.02802760
806;0SF0060430BA;143;151;0.01832338
806;0SF0060430BA;144;151;0.00014259
806;0SF0060430BA;135;152;0.00001648
806;0SF0060430BA;136;152;0.02563038
806;0SF0060430BA;137;152;0.01604097
806;0SF0060430BA;138;152;0.01366758
806;0SF0060430BA;139;152;0.02537128
806;0SF0060430BA;140;152;0.05031030
806;0SF0060430BA;141;152;0.05119102
806;0SF0060430BA;142;152;0.02534619
806;0SF0060430BA;143;152;0.00345996
806;0SF0060430BA;135;153;0.01894348
806;0SF0060430BA;136;153;0.01316398
806;0SF0060430BA;137;153;0.03463981
806;0SF0060430BA;138;153;0.05565925
806;0SF0060430BA;139;153;0.04272107
806;0SF0060430BA;140;153;0.03183208
806;0SF0060430BA;141;153;0.07139458
806;0SF0060430BA;142;153;0.03089229
806;0SF0060430BA;135;154;0.00262480
806;0SF0060430BA;136;154;0.01372614
806;0SF0060430BA;137;154;0.03660216
806;0SF0060430BA;140;154;0.00008608
806;0SF0060430BA;141;154;0.04580729
806;0SF0060430BA;142;154;0.02236446
806;0SV0060570YS;147;177;0.00015900
806;0SV0060570YS;148;177;0.00011221
806;0SV0060570YS;148;178;0.00122521
806;0SV0060570YS;149;178;0.00018407
806;0SV0060570YS;150;178;0.00000341
806;0SV0060570YS;148;179;0.00003194
806;0SV0060570YS;149;179;0.00078765
806;0SV0060570YS;150;179;0.00011326
806;0SV0060570YS;148;180;0.00006246
806;0SV0060570YS;149;180;0.00118370
806;0SV0060570YS;150;180;0.00105863
806;0SV0060570YS;149;181;0.00076669
806;0SV0060570YS;150;181;0.00157779
806;0SV0060570YS;139;182;0.00069041
806;0SV0060570YS;149;182;0.00087014
806;0SV0060570YS;150;182;0.00003971
806;0SV0060570YS;138;183;0.00100771
806;0SV0060570YS;139;183;0.00089960
806;0SV0060570YS;140;183;0.00202455
806;0SV0060570YS;141;183;0.01486133
806;0SV0060570YS;144;183;0.00020433
806;0SV0060570YS;145;183;0.03321086
806;0SV0060570YS;146;183;0.00283309
806;0SV0060570YS;149;183;0.00582812
806;0SV0060570YS;140;184;0.00010658
806;0SV0060570YS;141;184;0.01085219
806;0SV0060570YS;142;184;0.00366771
806;0SV0060570YS;143;184;0.00383849
806;0SV0060570YS;144;184;0.00634263
806;0SV0060570YS;145;184;0.03688493
806;0SV0060570YS;146;184;0.07899693
806;0SV0060570YS;147;184;0.07494988
806;0SV0060570YS;148;184;0.07503103
806;0SV0060570YS;149;184;0.09187859
806;0SV0060570YS;150;184;0.07002972
806;0SV0060570YS;140;185;0.00033061
806;0SV0060570YS;141;185;0.01046886
806;0SV0060570YS;142;185;0.00042258
806;0SV0060570YS;143;185;0.00045470
806;0SV0060570YS;144;185;0.00104555
806;0SV0060570YS;145;185;0.01443764
806;0SV0060570YS;146;185;0.00139529
806;0SV0060570YS;149;185;0.02486082
806;0SV0060570YS;150;185;0.00565348
806;0SV0060570YS;140;186;0.00021560
806;0SV0060570YS;141;186;0.01062770
806;0SV0060570YS;142;186;0.00076705
806;0SV0060570YS;143;186;0.00105793
806;0SV0060570YS;144;186;0.00382831
806;0SV0060570YS;145;186;0.01496364
806;0SV0060570YS;146;186;0.00229155
806;0SV0060570YS;148;186;0.00001719
806;0SV0060570YS;149;186;0.00001685
806;0SV0060570YS;140;187;0.00313321
806;0SV0060570YS;141;187;0.01328512
806;0SV0060570YS;142;187;0.00329024
806;0SV0060570YS;143;187;0.00410358
806;0SV0060570YS;144;187;0.00903542
806;0SV0060570YS;145;187;0.04471770
806;0SV0060570YS;146;187;0.04493054
806;0SV0060570YS;147;187;0.04035478
806;0SV0060570YS;148;187;0.01006448
806;0SV0060570YS;137;188;0.00159625
806;0SV0060570YS;138;188;0.00205457
806;0SV0060570YS;139;188;0.00281427
806;0SV0060570YS;140;188;0.00129289
806;0SV0060570YS;141;188;0.00819261
806;0SV0060570YS;143;188;0.00006099
806;0SV0060570YS;144;188;0.01611456
806;0SV0060570YS;145;188;0.01527146
806;0SV0060570YS;146;188;0.00180165
806;0SV0060570YS;136;189;0.00009783
806;0SV0060570YS;137;189;0.00105221
806;0SV0060570YS;139;189;0.00007026
806;0SV0060570YS;140;189;0.00018371
806;0SV0060570YS;141;189;0.00828195
806;0SV0060570YS;143;189;0.00932874
806;0SV0060570YS;144;189;0.00947452
806;0SV0060570YS;145;189;0.00271530
806;0SV0060570YS;146;189;0.00175850
806;0SV0060570YS;136;190;0.00101076
806;0SV0060570YS;139;190;0.00007842
806;0SV0060570YS;140;190;0.00033344
806;0SV0060570YS;141;190;0.00853227
806;0SV0060570YS;142;190;0.00386615
806;0SV0060570YS;143;190;0.01544203
806;0SV0060570YS;144;190;0.00052529
806;0SV0060570YS;145;190;0.00340498
806;0SV0060570YS;146;190;0.00284435
806;0SV0060570YS;136;191;0.00062181
806;0SV0060570YS;139;191;0.00003272
806;0SV0060570YS;141;191;0.00814156
806;0SV0060570YS;142;191;0.01872435
806;0SV0060570YS;145;191;0.00014477
806;0SV0060570YS;146;191;0.00005245
806;0SV0060570YS;135;192;0.00018128
806;0SV0060570YS;136;192;0.00021581
806;0SV0060570YS;139;192;0.00007492
806;0SV0060570YS;141;192;0.02787260
806;0SV0060570YS;142;192;0.00030625
806;0SV0060570YS;144;192;0.00017406
806;0SV0060570YS;145;192;0.00015705
806;0SV0060570YS;134;193;0.00007324
806;0SV0060570YS;135;193;0.00040549
806;0SV0060570YS;139;193;0.00008753
806;0SV0060570YS;140;193;0.01851723
806;0SV0060570YS;141;193;0.00698067
806;0SV0060570YS;143;193;0.00017265
806;0SV0060570YS;144;193;0.00006710
806;0SV0060570YS;133;194;0.00017464
806;0SV0060570YS;134;194;0.00038501
806;0SV0060570YS;140;194;0.01009523
806;0SV0060570YS;143;194;0.00005665
806;0NC006023MEN;108;190;0.00026438
806;0NC006023MEN;107;191;0.00052290
806;0NC006023MEN;108;191;0.00051453
806;0NC006023MEN;106;192;0.00094615
806;0NC006023MEN;107;192;0.00021064
806;0NC006023MEN;105;193;0.00042457
806;0NC006023MEN;106;193;0.00037021
806;0NC006023MEN;118;193;0.02630364
806;0NC006023MEN;104;194;0.00004070
806;0NC006023MEN;105;194;0.00021357
806;0NC006023MEN;113;194;0.00121980
806;0NC006023MEN;114;194;0.00164144
806;0NC006023MEN;115;194;0.00164144
806;0NC006023MEN;116;194;0.00133529
806;0NC006023MEN;118;194;0.02533212
806;0NC006023MEN;104;195;0.00024221
806;0NC006023MEN;107;195;0.00027246
806;0NC006023MEN;108;195;0.00080333
806;0NC006023MEN;112;195;0.00091934
806;0NC006023MEN;113;195;0.00092220
806;0NC006023MEN;117;195;0.02365326
806;0NC006023MEN;118;195;0.01177895
806;0NC006023MEN;104;196;0.00087370
806;0NC006023MEN;105;196;0.00167100
806;0NC006023MEN;108;196;0.00238112
806;0NC006023MEN;109;196;0.00318445
806;0NC006023MEN;110;196;0.00150204
806;0NC006023MEN;112;196;0.00184154
806;0NC006023MEN;117;196;0.03854531
806;0NC006023MEN;118;196;0.01225821
806;0NC006023MEN;119;196;0.01097466
806;0NC006023MEN;105;197;0.00301656
806;0NC006023MEN;110;197;0.00168241
806;0NC006023MEN;111;197;0.00916959
806;0NC006023MEN;112;197;0.00586523
806;0NC006023MEN;113;197;0.00367861
806;0NC006023MEN;116;197;0.02313401
806;0NC006023MEN;117;197;0.00313770
806;0NC006023MEN;105;198;0.00303464
806;0NC006023MEN;110;198;0.00618873
806;0NC006023MEN;111;198;0.00260318
806;0NC006023MEN;113;198;0.00184066
806;0NC006023MEN;114;198;0.00534960
806;0NC006023MEN;116;198;0.02611874
806;0NC006023MEN;104;199;0.00119746
806;0NC006023MEN;105;199;0.00193889
806;0NC006023MEN;109;199;0.00576677
806;0NC006023MEN;110;199;0.00278636
806;0NC006023MEN;114;199;0.00259842
806;0NC006023MEN;115;199;0.02860836
806;0NC006023MEN;116;199;0.00090409
806;0NC006023MEN;104;200;0.00315023
806;0NC006023MEN;108;200;0.00389347
806;0NC006023MEN;109;200;0.00401607
806;0NC006023MEN;115;200;0.03043245
806;0NC006023MEN;116;200;0.00043513
806;0NC006023MEN;104;201;0.00264978
806;0NC006023MEN;105;201;0.00013118
806;0NC006023MEN;106;201;0.00050790
806;0NC006023MEN;107;201;0.00098133
806;0NC006023MEN;108;201;0.00560433
806;0NC006023MEN;115;201;0.05792217
806;0NC006023MEN;103;202;0.00161380
806;0NC006023MEN;104;202;0.00119471
806;0NC006023MEN;105;202;0.00041699
806;0NC006023MEN;107;202;0.00061161
806;0NC006023MEN;115;202;0.03354874
806;0NC006023MEN;117;202;0.00152944
806;0NC006023MEN;118;202;0.01030115
806;0NC006023MEN;103;203;0.00507012
806;0NC006023MEN;107;203;0.00058568
806;0NC006023MEN;115;203;0.03763722
806;0NC006023MEN;116;203;0.01208090
806;0NC006023MEN;117;203;0.01293843
806;0NC006023MEN;103;204;0.00862246
806;0NC006023MEN;104;204;0.00013248
806;0NC006023MEN;105;204;0.00029689
806;0NC006023MEN;106;204;0.00062479
806;0NC006023MEN;107;204;0.00052744
806;0NC006023MEN;113;204;0.00061179
806;0NC006023MEN;114;204;0.02358107
806;0NC006023MEN;115;204;0.00634723
806;0NC006023MEN;117;204;0.00653599
806;0NC006023MEN;103;205;0.00849942
806;0NC006023MEN;104;205;0.00048333
806;0NC006023MEN;105;205;0.00033416
806;0NC006023MEN;106;205;0.00029647
806;0NC006023MEN;113;205;0.02224351
806;0NC006023MEN;117;205;0.00383865
806;0NC006023MEN;102;206;0.00040405
806;0NC006023MEN;103;206;0.00489589
806;0NC006023MEN;106;206;0.00057432
806;0NC006023MEN;107;206;0.00478341
806;0NC006023MEN;108;206;0.00478341
806;0NC006023MEN;109;206;0.00241032
806;0NC006023MEN;113;206;0.02204358
806;0NC006023MEN;102;207;0.00918071
806;0NC006023MEN;105;207;0.00491220
806;0NC006023MEN;106;207;0.00460663
806;0NC006023MEN;109;207;0.00398540
806;0NC006023MEN;110;207;0.00280925
806;0NC006023MEN;112;207;0.01495149
806;0NC006023MEN;113;207;0.00851418
806;0NC006023MEN;102;208;0.00216273
806;0NC006023MEN;103;208;0.01339401
806;0NC006023MEN;104;208;0.00535598
806;0NC006023MEN;105;208;0.00158499
806;0NC006023MEN;110;208;0.00221367
806;0NC006023MEN;111;208;0.00375299
806;0NC006023MEN;112;208;0.02007456
806;0NC006023MEN;103;209;0.01155383
806;0NC006023MEN;112;209;0.02042020
806;0NC006023MEN;103;210;0.00807791
806;0NC006023MEN;111;210;0.00094307
806;0NC006023MEN;112;210;0.01494417
806;0NC006023MEN;103;211;0.00064305
806;0NC006023MEN;104;211;0.00124943
806;0NC006023MEN;111;211;0.01352214
806;0NC006023MEN;103;212;0.00024628
806;0NC006023MEN;104;212;0.00145224
806;0NC006023MEN;110;212;0.00596548
806;0NC006023MEN;111;212;0.00915262
806;0NC006023MEN;103;213;0.00187861
806;0NC006023MEN;110;213;0.01021342
806;0NC006023MEN;111;213;0.00127231
806;0NC006023MEN;112;213;0.00417970
806;0NC006023MEN;103;214;0.00138352
806;0NC006023MEN;107;214;0.00004546
806;0NC006023MEN;108;214;0.00009111
806;0NC006023MEN;109;214;0.00002228
806;0NC006023MEN;110;214;0.01021410
806;0NC006023MEN;112;214;0.00411079
806;0NC006023MEN;103;215;0.00200215
806;0NC006023MEN;104;215;0.00006315
806;0NC006023MEN;105;215;0.00006315
806;0NC006023MEN;106;215;0.00007177
806;0NC006023MEN;107;215;0.00003450
806;0NC006023MEN;109;215;0.00166376
806;0NC006023MEN;110;215;0.01027422
806;0NC006023MEN;112;215;0.00389372
806;0NC006023MEN;103;216;0.00167096
806;0NC006023MEN;109;216;0.00811317
806;0NC006023MEN;110;216;0.00016897
806;0NC006023MEN;112;216;0.00160032
806;0NC006023MEN;103;217;0.00173544
806;0NC006023MEN;109;217;0.00783835
806;0NC006023MEN;102;218;0.00080670
806;0NC006023MEN;103;218;0.00094428
806;0NC006023MEN;108;218;0.00447267
806;0NC006023MEN;109;218;0.00268963
806;0NC006023MEN;102;219;0.00039477
806;0NC006023MEN;103;219;0.00055878
806;0NC006023MEN;104;219;0.00002610
806;0NC006023MEN;106;219;0.00755861
806;0NC006023MEN;107;219;0.00716567
806;0NC006023MEN;108;219;0.00923659
806;0NC006023MEN;104;220;0.00060590
806;0NC006023MEN;105;220;0.00945900
806;0NC006023MEN;106;220;0.00028330
806;0NC006023MEN;104;221;0.00698236
806;0NC006023MEN;105;221;0.00447585
806;0NC006023MEN;104;222;0.00891965
806;0NC006023MEN;103;223;0.00484013
806;0NC006023MEN;104;223;0.00426881
806;0NC006023MEN;103;224;0.00324830
806;0NC006023MEN;104;224;0.00324003
806;0SV006034SAC;147;172;0.00142717
806;0SV006034SAC;148;172;0.00242582
806;0SV006034SAC;149;172;0.00013037
806;0SV006034SAC;146;173;0.00101258
806;0SV006034SAC;147;173;0.00311292
806;0SV006034SAC;148;173;0.00155609
806;0SV006034SAC;148;174;0.00022668
806;0SV006034SAC;149;174;0.00054896
806;0SV006034SAC;148;175;0.00002713
806;0SV006034SAC;149;175;0.00077198
806;0SV006034SAC;150;175;0.00073713
806;0SV006034SAC;152;175;0.00016709
806;0SV006034SAC;153;175;0.00036841
806;0SV006034SAC;154;175;0.00029498
806;0SV006034SAC;155;175;0.00078094
806;0SV006034SAC;148;176;0.00002799
806;0SV006034SAC;149;176;0.00005306
806;0SV006034SAC;150;176;0.00127508
806;0SV006034SAC;151;176;0.00748061
806;0SV006034SAC;152;176;0.00000234
806;0SV006034SAC;154;176;0.00506982
806;0SV006034SAC;155;176;0.00275614
806;0SV006034SAC;156;176;0.00011961
806;0SV006034SAC;149;177;0.00011424
806;0SV006034SAC;150;177;0.00008817
806;0SV006034SAC;151;177;0.00478763
806;0SV006034SAC;152;177;0.00009861
806;0SV006034SAC;153;177;0.00007036
806;0SV006034SAC;154;177;0.00773205
806;0SV006034SAC;155;177;0.00025348
806;0SV006034SAC;156;177;0.00032245
806;0SV006034SAC;157;177;0.00007135
806;0SV006034SAC;149;178;0.00017717
806;0SV006034SAC;150;178;0.00010647
806;0SV006034SAC;151;178;0.00478305
806;0SV006034SAC;152;178;0.00006415
806;0SV006034SAC;153;178;0.00001197
806;0SV006034SAC;154;178;0.00788505
806;0SV006034SAC;155;178;0.00020905
806;0SV006034SAC;156;178;0.00021197
806;0SV006034SAC;157;178;0.00013953
806;0SV006034SAC;158;178;0.00004528
806;0SV006034SAC;159;178;0.00001380
806;0SV006034SAC;150;179;0.00018490
806;0SV006034SAC;151;179;0.00619386
806;0SV006034SAC;152;179;0.00134742
806;0SV006034SAC;153;179;0.00943752
806;0SV006034SAC;154;179;0.00097264
806;0SV006034SAC;155;179;0.00014617
806;0SV006034SAC;156;179;0.00020275
806;0SV006034SAC;157;179;0.00005861
806;0SV006034SAC;159;179;0.00000284
806;0SV006034SAC;160;179;0.00001365
806;0SV006034SAC;150;180;0.00000252
806;0SV006034SAC;151;180;0.01170117
806;0SV006034SAC;152;180;0.01113971
806;0SV006034SAC;153;180;0.01375247
806;0SV006034SAC;154;180;0.00228000
806;0SV006034SAC;155;180;0.00103801
806;0SV006034SAC;156;180;0.00033495
806;0SV006034SAC;157;180;0.00010993
806;0SV006034SAC;150;181;0.00650931
806;0SV006034SAC;151;181;0.00532605
806;0SV006034SAC;152;181;0.02175686
806;0SV006034SAC;153;181;0.00587172
806;0SV006034SAC;154;181;0.00298844
806;0SV006034SAC;155;181;0.00223810
806;0SV006034SAC;156;181;0.00003700
806;0SV006034SAC;157;181;0.00022572
806;0SV006034SAC;149;182;0.00011496
806;0SV006034SAC;150;182;0.01522510
806;0SV006034SAC;151;182;0.01571610
806;0SV006034SAC;152;182;0.02238104
806;0SV006034SAC;153;182;0.00520708
806;0SV006034SAC;154;182;0.00295584
806;0SV006034SAC;155;182;0.00089375
806;0SV006034SAC;156;182;0.00337615
806;0SV006034SAC;157;182;0.00178642
806;0SV006034SAC;158;182;0.00130714
806;0SV006034SAC;159;182;0.00152380
806;0SV006034SAC;160;182;0.00319603
806;0SV006034SAC;149;183;0.00012236
806;0SV006034SAC;150;183;0.01664115
806;0SV006034SAC;151;183;0.02799255
806;0SV006034SAC;152;183;0.01021336
806;0SV006034SAC;153;183;0.00776019
806;0SV006034SAC;154;183;0.00525075
806;0SV006034SAC;155;183;0.00159878
806;0SV006034SAC;156;183;0.00157749
806;0SV006034SAC;157;183;0.00093178
806;0SV006034SAC;159;183;0.00022172
806;0SV006034SAC;160;183;0.00000943
806;0SV006034SAC;150;184;0.03038013
806;0SV006034SAC;151;184;0.05001855
806;0SV006034SAC;152;184;0.02944992
806;0SV006034SAC;153;184;0.02968531
806;0SV006034SAC;154;184;0.02448234
806;0SV006034SAC;155;184;0.00701880
806;0SV006034SAC;156;184;0.00212969
806;0SV006034SAC;157;184;0.00109326
806;0SV006034SAC;158;184;0.00023374
806;0SV006034SAC;159;184;0.00003700
806;0SV006034SAC;149;185;0.00225390
806;0SV006034SAC;150;185;0.02709301
806;0SV006034SAC;151;185;0.01600063
806;0SV006034SAC;152;185;0.02970199
806;0SV006034SAC;153;185;0.01073129
806;0SV006034SAC;154;185;0.00434119
806;0SV006034SAC;155;185;0.02914105
806;0SV006034SAC;156;185;0.00706846
806;0SV006034SAC;157;185;0.00117009
806;0SV006034SAC;158;185;0.00142898
806;0SV006034SAC;159;185;0.00008405
806;0SV006034SAC;148;186;0.00000332
806;0SV006034SAC;149;186;0.00011893
806;0SV006034SAC;150;186;0.03203478
806;0SV006034SAC;151;186;0.01849961
806;0SV006034SAC;152;186;0.02606448
806;0SV006034SAC;153;186;0.03490556
806;0SV006034SAC;154;186;0.00839868
806;0SV006034SAC;155;186;0.01285292
806;0SV006034SAC;156;186;0.01638167
806;0SV006034SAC;157;186;0.01679742
806;0SV006034SAC;158;186;0.01452079
806;0SV006034SAC;159;186;0.01016397
806;0SV006034SAC;148;187;0.00721650
806;0SV006034SAC;149;187;0.01049767
806;0SV006034SAC;150;187;0.01023137
806;0SV006034SAC;151;187;0.00314556
806;0SV006034SAC;152;187;0.00342026
806;0SV006034SAC;153;187;0.01947684
806;0SV006034SAC;154;187;0.03668039
806;0SV006034SAC;155;187;0.01996843
806;0SV006034SAC;156;187;0.01148727
806;0SV006034SAC;157;187;0.00945309
806;0SV006034SAC;158;187;0.00757577
806;0SV006034SAC;159;187;0.00039946
806;0SV006034SAC;148;188;0.00001507
806;0SV006034SAC;149;188;0.00001635
806;0SV006034SAC;150;188;0.00451015
806;0SV006034SAC;151;188;0.00158543
806;0SV006034SAC;152;188;0.00227672
806;0SV006034SAC;153;188;0.00671574
806;0SV006034SAC;154;188;0.01651524
806;0SV006034SAC;155;188;0.01666827
806;0SV006034SAC;156;188;0.00440328
806;0SV006034SAC;157;188;0.00323028
806;0SV006034SAC;158;188;0.00177126
806;0SV006034SAC;159;188;0.00037177
806;0SV006034SAC;150;189;0.00063062
806;0SV006034SAC;151;189;0.00001758
806;0SV006034SAC;152;189;0.00000006
806;SJV006020SJU;175;137;0.00009920
806;SJV006020SJU;176;137;0.00090446
806;SJV006020SJU;177;137;0.00090564
806;SJV006020SJU;178;137;0.00111300
806;SJV006020SJU;179;137;0.00111305
806;SJV006020SJU;180;137;0.00156505
806;SJV006020SJU;181;137;0.00515718
806;SJV006020SJU;182;137;0.00196209
806;SJV006020SJU;183;137;0.00009715
806;SJV006020SJU;184;137;0.01394445
806;SJV006020SJU;173;138;0.00355453
806;SJV006020SJU;174;138;0.00453948
806;SJV006020SJU;175;138;0.00288261
806;SJV006020SJU;176;138;0.00103439
806;SJV006020SJU;180;138;0.00096169
806;SJV006020SJU;181;138;0.00474461
806;SJV006020SJU;182;138;0.00013020
806;SJV006020SJU;183;138;0.05030710
806;SJV006020SJU;184;138;0.01690122
806;SJV006020SJU;185;138;0.01077396
806;SJV006020SJU;186;138;0.01053669
806;SJV006020SJU;187;138;0.00888993
806;SJV006020SJU;174;139;0.00136893
806;SJV006020SJU;176;139;0.00160191
806;SJV006020SJU;177;139;0.00203400
806;SJV006020SJU;178;139;0.00183994
806;SJV006020SJU;179;139;0.00194213
806;SJV006020SJU;180;139;0.00334243
806;SJV006020SJU;181;139;0.00766069
806;SJV006020SJU;182;139;0.04221614
806;SJV006020SJU;183;139;0.01576871
806;SJV006020SJU;184;139;0.00373768
806;SJV006020SJU;185;139;0.00604468
806;SJV006020SJU;186;139;0.00586269
806;SJV006020SJU;187;139;0.02637849
806;SJV006020SJU;174;140;0.00157250
806;SJV006020SJU;175;140;0.00035312
806;SJV006020SJU;176;140;0.00038900
806;SJV006020SJU;177;140;0.00090438
806;SJV006020SJU;178;140;0.00063222
806;SJV006020SJU;179;140;0.00123068
806;SJV006020SJU;180;140;0.00899070
806;SJV006020SJU;181;140;0.05825525
806;SJV006020SJU;182;140;0.02656219
806;SJV006020SJU;183;140;0.00001225
806;SJV006020SJU;185;140;0.00180457
806;SJV006020SJU;187;140;0.01242153
806;SJV006020SJU;174;141;0.00126127
806;SJV006020SJU;177;141;0.00077339
806;SJV006020SJU;178;141;0.00040342
806;SJV006020SJU;179;141;0.00046853
806;SJV006020SJU;180;141;0.03063796
806;SJV006020SJU;181;141;0.05507872
806;SJV006020SJU;182;141;0.01090156
806;SJV006020SJU;183;141;0.00349460
806;SJV006020SJU;184;141;0.00159856
806;SJV006020SJU;185;141;0.00262521
806;SJV006020SJU;186;141;0.00207125
806;SJV006020SJU;187;141;0.01214495
806;SJV006020SJU;188;141;0.00134388
806;SJV006020SJU;189;141;0.00006406
806;SJV006020SJU;172;142;0.00023097
806;SJV006020SJU;173;142;0.00024129
806;SJV006020SJU;174;142;0.00178482
806;SJV006020SJU;175;142;0.00109226
806;SJV006020SJU;176;142;0.00057766
806;SJV006020SJU;177;142;0.00153420
806;SJV006020SJU;178;142;0.00107275
806;SJV006020SJU;179;142;0.02015088
806;SJV006020SJU;180;142;0.02644702
806;SJV006020SJU;181;142;0.00442388
806;SJV006020SJU;182;142;0.00134687
806;SJV006020SJU;183;142;0.00441241
806;SJV006020SJU;184;142;0.00546167
806;SJV006020SJU;185;142;0.00545565
806;SJV006020SJU;186;142;0.00559983
806;SJV006020SJU;187;142;0.02010178
806;SJV006020SJU;188;142;0.00716086
806;SJV006020SJU;189;142;0.00017040
806;SJV006020SJU;172;143;0.00029040
806;SJV006020SJU;174;143;0.00090163
806;SJV006020SJU;175;143;0.00086413
806;SJV006020SJU;176;143;0.00065871
806;SJV006020SJU;177;143;0.00134498
806;SJV006020SJU;178;143;0.01775019
806;SJV006020SJU;179;143;0.02698998
806;SJV006020SJU;180;143;0.00059414
806;SJV006020SJU;181;143;0.00192448
806;SJV006020SJU;182;143;0.00102890
806;SJV006020SJU;183;143;0.00057648
806;SJV006020SJU;184;143;0.00052365
806;SJV006020SJU;187;143;0.01494173
806;SJV006020SJU;172;144;0.00854402
806;SJV006020SJU;173;144;0.00881542
806;SJV006020SJU;174;144;0.00955099
806;SJV006020SJU;175;144;0.00846407
806;SJV006020SJU;176;144;0.01074600
806;SJV006020SJU;177;144;0.01562777
806;SJV006020SJU;178;144;0.03153622
806;SJV006020SJU;179;144;0.00087896
806;SJV006020SJU;181;144;0.00076648
806;SJV006020SJU;183;144;0.00072782
806;SJV006020SJU;184;144;0.00042427
806;SJV006020SJU;185;144;0.00099067
806;SJV006020SJU;186;144;0.00014162
806;SJV006020SJU;187;144;0.00325927
806;SJV006020SJU;188;144;0.01263365
806;SJV006020SJU;174;145;0.00039150
806;SJV006020SJU;175;145;0.00036112
806;SJV006020SJU;176;145;0.01077978
806;SJV006020SJU;177;145;0.03087155
806;SJV006020SJU;178;145;0.00161682
806;SJV006020SJU;179;145;0.00118538
806;SJV006020SJU;180;145;0.00091450
806;SJV006020SJU;181;145;0.00104526
806;SJV006020SJU;182;145;0.00070068
806;SJV006020SJU;183;145;0.00051009
806;SJV006020SJU;184;145;0.00135024
806;SJV006020SJU;185;145;0.00095487
806;SJV006020SJU;186;145;0.00016189
806;SJV006020SJU;188;145;0.01505693
806;SJV006020SJU;189;145;0.00339891
806;SJV006020SJU;176;146;0.00393474
806;SJV006020SJU;178;146;0.00012200
806;SJV006020SJU;179;146;0.00012616
806;SJV006020SJU;184;146;0.00071692
806;SJV006020SJU;185;146;0.00002823
806;SJV006020SJU;186;146;0.00105234
806;SJV006020SJU;187;146;0.00067298
806;SJV006020SJU;188;146;0.01297063
806;SJV006020SJU;189;146;0.00059657
806;SJV006020SJU;190;146;0.00213759
806;SJV006020SJU;193;146;0.00057117
806;SJV006020SJU;184;147;0.00059886
806;SJV006020SJU;186;147;0.00033078
806;SJV006020SJU;187;147;0.00358085
806;SJV006020SJU;188;147;0.00790866
806;SJV006020SJU;189;147;0.00433477
806;SJV006020SJU;190;147;0.00038900
806;SJV006020SJU;191;147;0.00188225
806;SJV006020SJU;192;147;0.00191848
806;SJV006020SJU;193;147;0.00120157
806;SJV006020SJU;194;147;0.00005541
806;SJV006020SJU;184;148;0.00048797
806;SJV006020SJU;185;148;0.00032590
806;SJV006020SJU;186;148;0.00095331
806;SJV006020SJU;187;148;0.00232940
806;SJV006020SJU;188;148;0.00393892
806;SJV006020SJU;189;148;0.00842238
806;SJV006020SJU;192;148;0.00086617
806;SJV006020SJU;193;148;0.00248159
806;SJV006020SJU;183;149;0.00009018
806;SJV006020SJU;184;149;0.00015998
806;SJV006020SJU;185;149;0.00003634
806;SJV006020SJU;186;149;0.00007568
806;SJV006020SJU;187;149;0.00002233
806;SJV006020SJU;188;149;0.00106065
806;SJV006020SJU;189;149;0.01528031
806;SJV006020SJU;190;149;0.00499999
806;SJV006020SJU;191;149;0.00037206
806;SJV006020SJU;192;149;0.00026513
806;SJV006020SJU;193;149;0.00121315
806;SJV006020SJU;187;150;0.00053636
806;SJV006020SJU;190;150;0.01499633
806;SJV006020SJU;191;150;0.00111403
806;SJV006020SJU;192;150;0.00200580
806;SJV006020SJU;193;150;0.00039226
806;SJV006020SJU;187;151;0.00043092
806;SJV006020SJU;188;151;0.00282321
806;SJV006020SJU;189;151;0.00536344
806;SJV006020SJU;190;151;0.01278214
806;SJV006020SJU;191;151;0.00235070
806;SJV006020SJU;192;151;0.00043316
806;SJV006020SJU;188;152;0.00274348
806;SJV006020SJU;190;152;0.00386718
806;SJV006020SJU;188;153;0.00100412
806;SJV006020SJU;190;153;0.00312262
806;SJV006020SJU;190;154;0.00154971
806;0SV0060580FR;150;195;0.01667928
806;0SV0060580FR;149;196;0.00256298
806;0SV0060580FR;150;196;0.03608099
806;0SV0060580FR;151;196;0.00287728
806;0SV0060580FR;152;196;0.05520909
806;0SV0060580FR;153;196;0.00171277
806;0SV0060580FR;149;197;0.00422375
806;0SV0060580FR;150;197;0.04819474
806;0SV0060580FR;151;197;0.05202428
806;0SV0060580FR;152;197;0.00198910
806;0SV0060580FR;153;197;0.00853574
806;0SV0060580FR;154;197;0.00169392
806;0SV0060580FR;149;198;0.01284336
806;0SV0060580FR;150;198;0.09067875
806;0SV0060580FR;151;198;0.00131353
806;0SV0060580FR;152;198;0.00074907
806;0SV0060580FR;153;198;0.00006404
806;0SV0060580FR;154;198;0.00569105
806;0SV0060580FR;149;199;0.14788560
806;0SV0060580FR;150;199;0.03561931
806;0SV0060580FR;151;199;0.00607695
806;0SV0060580FR;152;199;0.00475672
806;0SV0060580FR;154;199;0.00558032
806;0SV0060580FR;148;200;0.02642915
806;0SV0060580FR;149;200;0.12513429
806;0SV0060580FR;150;200;0.00744235
806;0SV0060580FR;151;200;0.01533484
806;0SV0060580FR;152;200;0.01492387
806;0SV0060580FR;153;200;0.00050061
806;0SV0060580FR;154;200;0.00334130
806;0SV0060580FR;149;201;0.02312905
806;0SV0060580FR;150;201;0.02543535
806;0SV0060580FR;153;201;0.01465674
806;0SV0060580FR;154;201;0.01414860
806;0SV0060580FR;155;201;0.01281432
806;0SV0060580FR;148;202;0.01285136
806;0SV0060580FR;149;202;0.00866731
806;0SV0060580FR;150;202;0.01028965
806;0SV0060580FR;151;202;0.01295932
806;0SV0060580FR;152;202;0.00661841
806;0SV0060580FR;153;202;0.00072135
806;0SV0060580FR;154;202;0.00058556
806;0SV0060580FR;149;203;0.02138030
806;0SV0060580FR;150;203;0.00101446
806;0SV0060580FR;151;203;0.00940915
806;0SV0060580FR;152;203;0.00763201
806;0SV0060580FR;153;203;0.00718867
806;0SV0060580FR;149;204;0.01237605
806;0SV0060580FR;150;204;0.00022792
806;0SV0060580FR;151;204;0.00283709
806;0SV0060580FR;152;204;0.00633430
806;0SV0060580FR;153;204;0.01062799
806;0SV0060580FR;154;204;0.00300425
806;0SV0060580FR;151;205;0.00026316
806;0SV0060580FR;152;205;0.00022748
806;0SV0060580FR;153;205;0.00168072
806;0SV0060580FR;154;205;0.00994945
806;0SV0060580FR;155;205;0.00242887
806;0SV0060580FR;156;205;0.00042271
806;0SV0060580FR;157;205;0.00038634
806;0SV0060580FR;158;205;0.00022749
806;0SV0060580FR;154;206;0.00670497
806;0SV0060580FR;155;206;0.00035195
806;0SV0060580FR;156;206;0.00240240
806;0SV0060580FR;157;206;0.00340244
806;0SV0060580FR;158;206;0.00413094
806;0SV0060580FR;155;207;0.00203990
806;0SV0060580FR;158;207;0.00106889
806;0SV0060580FR;159;207;0.00118535
806;0SV0060580FR;159;208;0.00004983
806;0SV0060580FR;160;208;0.00135965
806;0SV0060580FR;160;209;0.00065922
806;SJV006054SJU;194;109;0.00011178
806;SJV006054SJU;196;109;0.00002360
806;SJV006054SJU;197;109;0.00019836
806;SJV006054SJU;198;109;0.00013735
806;SJV006054SJU;199;109;0.00668143
806;SJV006054SJU;200;109;0.00051042
806;SJV006054SJU;201;109;0.00050804
806;SJV006054SJU;202;109;0.00133414
806;SJV006054SJU;203;109;0.00142918
806;SJV006054SJU;208;109;0.00003616
806;SJV006054SJU;209;109;0.00047076
806;SJV006054SJU;194;110;0.00015108
806;SJV006054SJU;196;110;0.00036768
806;SJV006054SJU;197;110;0.00058383
806;SJV006054SJU;198;110;0.00067613
806;SJV006054SJU;199;110;0.01185816
806;SJV006054SJU;200;110;0.00104620
806;SJV006054SJU;201;110;0.00125762
806;SJV006054SJU;202;110;0.00152305
806;SJV006054SJU;203;110;0.00339986
806;SJV006054SJU;208;110;0.00027380
806;SJV006054SJU;209;110;0.00016669
806;SJV006054SJU;193;111;0.00020473
806;SJV006054SJU;194;111;0.00068549
806;SJV006054SJU;195;111;0.00018197
806;SJV006054SJU;196;111;0.00043212
806;SJV006054SJU;198;111;0.00007362
806;SJV006054SJU;199;111;0.01166277
806;SJV006054SJU;200;111;0.00037926
806;SJV006054SJU;201;111;0.00053757
806;SJV006054SJU;202;111;0.00039539
806;SJV006054SJU;203;111;0.00347876
806;SJV006054SJU;207;111;0.00043238
806;SJV006054SJU;208;111;0.00017596
806;SJV006054SJU;209;111;0.00046302
806;SJV006054SJU;210;111;0.00055433
806;SJV006054SJU;211;111;0.00055467
806;SJV006054SJU;193;112;0.00001382
806;SJV006054SJU;194;112;0.00011964
806;SJV006054SJU;195;112;0.00107695
806;SJV006054SJU;196;112;0.00100299
806;SJV006054SJU;197;112;0.00102864
806;SJV006054SJU;198;112;0.01316640
806;SJV006054SJU;199;112;0.00343761
806;SJV006054SJU;200;112;0.00088917
806;SJV006054SJU;201;112;0.00127039
806;SJV006054SJU;202;112;0.00106320
806;SJV006054SJU;203;112;0.00421601
806;SJV006054SJU;204;112;0.00140079
806;SJV006054SJU;205;112;0.00058200
806;SJV006054SJU;206;112;0.00065150
806;SJV006054SJU;207;112;0.00047098
806;SJV006054SJU;208;112;0.00032838
806;SJV006054SJU;209;112;0.00027331
806;SJV006054SJU;210;112;0.00055214
806;SJV006054SJU;211;112;0.00056293
806;SJV006054SJU;193;113;0.00001687
806;SJV006054SJU;194;113;0.00015300
806;SJV006054SJU;195;113;0.00034379
806;SJV006054SJU;196;113;0.00000325
806;SJV006054SJU;198;113;0.01451438
806;SJV006054SJU;199;113;0.00006536
806;SJV006054SJU;201;113;0.00042809
806;SJV006054SJU;202;113;0.00022072
806;SJV006054SJU;203;113;0.00346899
806;SJV006054SJU;204;113;0.00084120
806;SJV006054SJU;206;113;0.00015166
806;SJV006054SJU;208;113;0.00036364
806;SJV006054SJU;209;113;0.00042891
806;SJV006054SJU;194;114;0.00051995
806;SJV006054SJU;196;114;0.00000282
806;SJV006054SJU;197;114;0.00016752
806;SJV006054SJU;198;114;0.01587638
806;SJV006054SJU;199;114;0.00090961
806;SJV006054SJU;200;114;0.00070097
806;SJV006054SJU;201;114;0.00114461
806;SJV006054SJU;202;114;0.00109356
806;SJV006054SJU;203;114;0.00494415
806;SJV006054SJU;204;114;0.00186701
806;SJV006054SJU;205;114;0.00066071
806;SJV006054SJU;206;114;0.00002907
806;SJV006054SJU;207;114;0.00055284
806;SJV006054SJU;208;114;0.00025223
806;SJV006054SJU;193;115;0.00021508
806;SJV006054SJU;194;115;0.00046519
806;SJV006054SJU;195;115;0.00031543
806;SJV006054SJU;196;115;0.00065177
806;SJV006054SJU;197;115;0.00095032
806;SJV006054SJU;198;115;0.01596481
806;SJV006054SJU;199;115;0.00130163
806;SJV006054SJU;200;115;0.00094839
806;SJV006054SJU;201;115;0.00130048
806;SJV006054SJU;202;115;0.00188286
806;SJV006054SJU;203;115;0.00084003
806;SJV006054SJU;204;115;0.00670280
806;SJV006054SJU;205;115;0.00026080
806;SJV006054SJU;206;115;0.00074207
806;SJV006054SJU;207;115;0.00042569
806;SJV006054SJU;208;115;0.00072086
806;SJV006054SJU;209;115;0.00039960
806;SJV006054SJU;193;116;0.00155503
806;SJV006054SJU;194;116;0.00119293
806;SJV006054SJU;195;116;0.00134593
806;SJV006054SJU;196;116;0.00136095
806;SJV006054SJU;197;116;0.00234513
806;SJV006054SJU;198;116;0.01924292
806;SJV006054SJU;199;116;0.00316477
806;SJV006054SJU;200;116;0.00293948
806;SJV006054SJU;201;116;0.00331469
806;SJV006054SJU;202;116;0.00325672
806;SJV006054SJU;203;116;0.00565537
806;SJV006054SJU;204;116;0.01908131
806;SJV006054SJU;205;116;0.00458610
806;SJV006054SJU;206;116;0.00346877
806;SJV006054SJU;207;116;0.00039793
806;SJV006054SJU;208;116;0.00024105
806;SJV006054SJU;193;117;0.00016494
806;SJV006054SJU;197;117;0.01416025
806;SJV006054SJU;198;117;0.00295812
806;SJV006054SJU;199;117;0.00050948
806;SJV006054SJU;200;117;0.00039163
806;SJV006054SJU;201;117;0.00099592
806;SJV006054SJU;202;117;0.00080142
806;SJV006054SJU;203;117;0.00444652
806;SJV006054SJU;204;117;0.01709449
806;SJV006054SJU;205;117;0.00079788
806;SJV006054SJU;206;117;0.00009544
806;SJV006054SJU;207;117;0.00194122
806;SJV006054SJU;208;117;0.00034816
806;SJV006054SJU;193;118;0.00097280
806;SJV006054SJU;194;118;0.00088486
806;SJV006054SJU;195;118;0.00133719
806;SJV006054SJU;196;118;0.00144330
806;SJV006054SJU;197;118;0.01941366
806;SJV006054SJU;198;118;0.00065823
806;SJV006054SJU;199;118;0.00082386
806;SJV006054SJU;201;118;0.00081438
806;SJV006054SJU;202;118;0.00006290
806;SJV006054SJU;203;118;0.01335037
806;SJV006054SJU;204;118;0.00041592
806;SJV006054SJU;205;118;0.00026802
806;SJV006054SJU;206;118;0.00033425
806;SJV006054SJU;207;118;0.00038708
806;SJV006054SJU;208;118;0.00037455
806;SJV006054SJU;209;118;0.00031283
806;SJV006054SJU;193;119;0.00005971
806;SJV006054SJU;194;119;0.00037066
806;SJV006054SJU;196;119;0.00004668
806;SJV006054SJU;197;119;0.02025828
806;SJV006054SJU;198;119;0.00049650
806;SJV006054SJU;199;119;0.00134060
806;SJV006054SJU;200;119;0.00071314
806;SJV006054SJU;201;119;0.00139618
806;SJV006054SJU;202;119;0.00200790
806;SJV006054SJU;203;119;0.01186664
806;SJV006054SJU;204;119;0.00052225
806;SJV006054SJU;205;119;0.00029980
806;SJV006054SJU;206;119;0.00000558
806;SJV006054SJU;209;119;0.00024396
806;SJV006054SJU;210;119;0.00002006
806;SJV006054SJU;193;120;0.00036789
806;SJV006054SJU;194;120;0.00184001
806;SJV006054SJU;195;120;0.00196133
806;SJV006054SJU;196;120;0.00259464
806;SJV006054SJU;197;120;0.03230558
806;SJV006054SJU;198;120;0.00693458
806;SJV006054SJU;199;120;0.00587948
806;SJV006054SJU;200;120;0.00481983
806;SJV006054SJU;201;120;0.00737221
806;SJV006054SJU;202;120;0.01569668
806;SJV006054SJU;203;120;0.00157655
806;SJV006054SJU;204;120;0.00009521
806;SJV006054SJU;209;120;0.00016695
806;SJV006054SJU;195;121;0.00082360
806;SJV006054SJU;196;121;0.00286298
806;SJV006054SJU;197;121;0.03145606
806;SJV006054SJU;198;121;0.00811634
806;SJV006054SJU;199;121;0.00278869
806;SJV006054SJU;200;121;0.00194421
806;SJV006054SJU;201;121;0.00426606
806;SJV006054SJU;202;121;0.00435143
806;SJV006054SJU;203;121;0.00023496
806;SJV006054SJU;206;121;0.00000224
806;SJV006054SJU;207;121;0.00016116
806;SJV006054SJU;208;121;0.00012177
806;SJV006054SJU;209;121;0.00002142
806;SJV006054SJU;193;122;0.00035480
806;SJV006054SJU;194;122;0.00015956
806;SJV006054SJU;195;122;0.00133640
806;SJV006054SJU;196;122;0.02205645
806;SJV006054SJU;197;122;0.00934334
806;SJV006054SJU;198;122;0.00783314
806;SJV006054SJU;199;122;0.00378085
806;SJV006054SJU;200;122;0.00063992
806;SJV006054SJU;201;122;0.00484310
806;SJV006054SJU;202;122;0.00302807
806;SJV006054SJU;203;122;0.00007774
806;SJV006054SJU;204;122;0.00009505
806;SJV006054SJU;205;122;0.00011123
806;SJV006054SJU;206;122;0.00010996
806;SJV006054SJU;194;123;0.00266761
806;SJV006054SJU;195;123;0.01075634
806;SJV006054SJU;196;123;0.03396979
806;SJV006054SJU;197;123;0.03958911
806;SJV006054SJU;198;123;0.03255541
806;SJV006054SJU;199;123;0.02285074
806;SJV006054SJU;200;123;0.01653403
806;SJV006054SJU;201;123;0.01766635
806;SJV006054SJU;202;123;0.00577506
806;SJV006054SJU;203;123;0.00042921
806;SJV006054SJU;194;124;0.00042572
806;SJV006054SJU;195;124;0.02070275
806;SJV006054SJU;196;124;0.00855663
806;SJV006054SJU;197;124;0.00936461
806;SJV006054SJU;198;124;0.01261753
806;SJV006054SJU;199;124;0.00330907
806;SJV006054SJU;200;124;0.00208368
806;SJV006054SJU;201;124;0.00223578
806;SJV006054SJU;202;124;0.00120647
806;SJV006054SJU;203;124;0.00215249
806;SJV006054SJU;204;124;0.00014863
806;SJV006054SJU;194;125;0.00647582
806;SJV006054SJU;195;125;0.01093163
806;SJV006054SJU;196;125;0.00478839
806;SJV006054SJU;197;125;0.00144479
806;SJV006054SJU;198;125;0.00572056
806;SJV006054SJU;199;125;0.00287790
806;SJV006054SJU;200;125;0.00239761
806;SJV006054SJU;201;125;0.00243622
806;SJV006054SJU;202;125;0.00143833
806;SJV006054SJU;203;125;0.00004978
806;SJV006054SJU;204;125;0.00167238
806;SJV006054SJU;205;125;0.00227758
806;SJV006054SJU;207;125;0.00031941
806;SJV006054SJU;208;125;0.00024269
806;SJV006054SJU;194;126;0.01760900
806;SJV006054SJU;196;126;0.00429615
806;SJV006054SJU;197;126;0.00056283
806;SJV006054SJU;198;126;0.00465749
806;SJV006054SJU;199;126;0.00102628
806;SJV006054SJU;200;126;0.00035761
806;SJV006054SJU;201;126;0.00090345
806;SJV006054SJU;202;126;0.00321935
806;SJV006054SJU;203;126;0.00067324
806;SJV006054SJU;204;126;0.00129133
806;SJV006054SJU;205;126;0.00032110
806;SJV006054SJU;206;126;0.00227733
806;SJV006054SJU;207;126;0.00033174
806;SJV006054SJU;193;127;0.00678286
806;SJV006054SJU;194;127;0.01187724
806;SJV006054SJU;195;127;0.00032308
806;SJV006054SJU;196;127;0.00458145
806;SJV006054SJU;197;127;0.00068684
806;SJV006054SJU;198;127;0.00436278
806;SJV006054SJU;199;127;0.00030201
806;SJV006054SJU;200;127;0.00027549
806;SJV006054SJU;201;127;0.00050989
806;SJV006054SJU;202;127;0.00093141
806;SJV006054SJU;204;127;0.00020009
806;SJV006054SJU;206;127;0.00053629
806;SJV006054SJU;207;127;0.00058733
806;SJV006054SJU;192;128;0.00238895
806;SJV006054SJU;193;128;0.00990317
806;SJV006054SJU;194;128;0.00555622
806;SJV006054SJU;195;128;0.00157941
806;SJV006054SJU;196;128;0.00549903
806;SJV006054SJU;197;128;0.00054532
806;SJV006054SJU;198;128;0.00442286
806;SJV006054SJU;199;128;0.00157545
806;SJV006054SJU;200;128;0.00093409
806;SJV006054SJU;201;128;0.00054225
806;SJV006054SJU;202;128;0.00007956
806;SJV006054SJU;204;128;0.00019901
806;SJV006054SJU;207;128;0.00002246
806;SJV006054SJU;208;128;0.00022609
806;SJV006054SJU;193;129;0.00101167
806;SJV006054SJU;194;129;0.00583475
806;SJV006054SJU;195;129;0.00518410
806;SJV006054SJU;196;129;0.01002503
806;SJV006054SJU;197;129;0.00388148
806;SJV006054SJU;198;129;0.00692275
806;SJV006054SJU;199;129;0.00100515
806;SJV006054SJU;200;129;0.00018297
806;SJV006054SJU;201;129;0.00008028
806;SJV006054SJU;202;129;0.00001357
806;SJV006054SJU;204;129;0.00022392
806;SJV006054SJU;194;130;0.00064038
806;SJV006054SJU;195;130;0.00110776
806;SJV006054SJU;196;130;0.00437421
806;SJV006054SJU;197;130;0.00162900
806;SJV006054SJU;198;130;0.00165494
806;SJV006054SJU;199;130;0.00000082
806;SJV006054SJU;200;130;0.00026753
806;SJV006054SJU;201;130;0.00051713
806;SJV006054SJU;202;130;0.00004701
806;SJV006054SJU;204;130;0.00024985
806;SJV006054SJU;198;131;0.00088722
806;SJV006054SJU;202;131;0.00045630
806;SJV006054SJU;203;131;0.00043023
806;SJV006054SJU;204;131;0.00035063
806;SJV006054SJU;198;132;0.00025602
806;SJV006054SJU;204;132;0.00037622
806;0SD0060370SD;251;21;0.00000012
806;0SD0060370SD;250;22;0.00016891
806;0SD0060370SD;251;22;0.00302887
806;0SD0060370SD;252;22;0.00480513
806;0SD0060370SD;253;22;0.00366231
806;0SD0060370SD;254;22;0.00268489
806;0SD0060370SD;255;22;0.00000276
806;0SD0060370SD;249;23;0.00007352
806;0SD0060370SD;250;23;0.00248078
806;0SD0060370SD;251;23;0.00312245
806;0SD0060370SD;252;23;0.00558950
806;0SD0060370SD;253;23;0.00087496
806;0SD0060370SD;254;23;0.00006721
806;0SD0060370SD;260;23;0.00007233
806;0SD0060370SD;261;23;0.00038719
806;0SD0060370SD;263;23;0.00015792
806;0SD0060370SD;264;23;0.00021188
806;0SD0060370SD;249;24;0.00032370
806;0SD0060370SD;250;24;0.00751243
806;0SD0060370SD;251;24;0.00646578
806;0SD0060370SD;252;24;0.00396831
806;0SD0060370SD;253;24;0.00258304
806;0SD0060370SD;254;24;0.00027320
806;0SD0060370SD;255;24;0.00005767
806;0SD0060370SD;256;24;0.00000480
806;0SD0060370SD;258;24;0.00010882
806;0SD0060370SD;259;24;0.00010055
806;0SD0060370SD;260;24;0.00002923
806;0SD0060370SD;261;24;0.00027714
806;0SD0060370SD;262;24;0.00034650
806;0SD0060370SD;263;24;0.00018326
806;0SD0060370SD;264;24;0.00023070
806;0SD0060370SD;265;24;0.00032654
806;0SD0060370SD;267;24;0.00000001
806;0SD0060370SD;271;24;0.00000238
806;0SD0060370SD;247;25;0.00000027
806;0SD0060370SD;248;25;0.00046711
806;0SD0060370SD;249;25;0.00215799
806;0SD0060370SD;250;25;0.01363610
806;0SD0060370SD;251;25;0.01011161
806;0SD0060370SD;252;25;0.00382762
806;0SD0060370SD;253;25;0.00314121
806;0SD0060370SD;254;25;0.00005580
806;0SD0060370SD;256;25;0.00010200
806;0SD0060370SD;257;25;0.00013843
806;0SD0060370SD;258;25;0.00003440
806;0SD0060370SD;259;25;0.00000401
806;0SD0060370SD;264;25;0.00001946
806;0SD0060370SD;265;25;0.00024399
806;0SD0060370SD;266;25;0.00052832
806;0SD0060370SD;267;25;0.00039259
806;0SD0060370SD;268;25;0.00009564
806;0SD0060370SD;270;25;0.00000316
806;0SD0060370SD;271;25;0.00132293
806;0SD0060370SD;272;25;0.00255233
806;0SD0060370SD;273;25;0.00199043
806;0SD0060370SD;246;26;0.00000023
806;0SD0060370SD;247;26;0.00043856
806;0SD0060370SD;248;26;0.00156322
806;0SD0060370SD;249;26;0.01673443
806;0SD0060370SD;250;26;0.02115653
806;0SD0060370SD;251;26;0.00179154
806;0SD0060370SD;252;26;0.00466172
806;0SD0060370SD;253;26;0.00012067
806;0SD0060370SD;254;26;0.00000017
806;0SD0060370SD;255;26;0.00004475
806;0SD0060370SD;256;26;0.00006637
806;0SD0060370SD;257;26;0.00000054
806;0SD0060370SD;258;26;0.00000553
806;0SD0060370SD;259;26;0.00000216
806;0SD0060370SD;264;26;0.00003669
806;0SD0060370SD;266;26;0.00000014
806;0SD0060370SD;267;26;0.00000029
806;0SD0060370SD;268;26;0.00086473
806;0SD0060370SD;269;26;0.00272808
806;0SD0060370SD;270;26;0.00242980
806;0SD0060370SD;271;26;0.00135650
806;0SD0060370SD;273;26;0.00097692
806;0SD0060370SD;247;27;0.00227381
806;0SD0060370SD;248;27;0.01570155
806;0SD0060370SD;249;27;0.00881686
806;0SD0060370SD;250;27;0.01583259
806;0SD0060370SD;251;27;0.00455542
806;0SD0060370SD;252;27;0.00743304
806;0SD0060370SD;253;27;0.00148466
806;0SD0060370SD;254;27;0.00060056
806;0SD0060370SD;255;27;0.00014099
806;0SD0060370SD;256;27;0.00003257
806;0SD0060370SD;257;27;0.00001974
806;0SD0060370SD;258;27;0.00000498
806;0SD0060370SD;259;27;0.00000152
806;0SD0060370SD;260;27;0.00000171
806;0SD0060370SD;264;27;0.00078917
806;0SD0060370SD;265;27;0.00227032
806;0SD0060370SD;266;27;0.00207111
806;0SD0060370SD;267;27;0.00219949
806;0SD0060370SD;268;27;0.00166380
806;0SD0060370SD;269;27;0.00000011
806;0SD0060370SD;270;27;0.00000001
806;0SD0060370SD;246;28;0.00004503
806;0SD0060370SD;247;28;0.00270872
806;0SD0060370SD;248;28;0.00775869
806;0SD0060370SD;249;28;0.02200942
806;0SD0060370SD;250;28;0.01664864
806;0SD0060370SD;251;28;0.00587999
806;0SD0060370SD;252;28;0.00893424
806;0SD0060370SD;253;28;0.00454413
806;0SD0060370SD;254;28;0.00039286
806;0SD0060370SD;255;28;0.00015639
806;0SD0060370SD;256;28;0.00008360
806;0SD0060370SD;257;28;0.00000081
806;0SD0060370SD;258;28;0.00000216
806;0SD0060370SD;259;28;0.00000261
806;0SD0060370SD;260;28;0.00000261
806;0SD0060370SD;264;28;0.00213574
806;0SD0060370SD;265;28;0.00000009
806;0SD0060370SD;269;28;0.00000001
806;0SD0060370SD;246;29;0.00030184
806;0SD0060370SD;247;29;0.01161239
806;0SD0060370SD;248;29;0.00472013
806;0SD0060370SD;249;29;0.01845851
806;0SD0060370SD;250;29;0.01025423
806;0SD0060370SD;251;29;0.00034310
806;0SD0060370SD;252;29;0.00228677
806;0SD0060370SD;253;29;0.00843081
806;0SD0060370SD;254;29;0.00496496
806;0SD0060370SD;255;29;0.00051622
806;0SD0060370SD;256;29;0.00005792
806;0SD0060370SD;257;29;0.00001903
806;0SD0060370SD;258;29;0.00000658
806;0SD0060370SD;259;29;0.00000102
806;0SD0060370SD;260;29;0.00000178
806;0SD0060370SD;261;29;0.00000221
806;0SD0060370SD;263;29;0.00022905
806;0SD0060370SD;264;29;0.00242049
806;0SD0060370SD;265;29;0.00000002
806;0SD0060370SD;246;30;0.00072086
806;0SD0060370SD;247;30;0.01098225
806;0SD0060370SD;248;30;0.02058116
806;0SD0060370SD;249;30;0.01068667
806;0SD0060370SD;250;30;0.02183268
806;0SD0060370SD;251;30;0.00761018
806;0SD0060370SD;252;30;0.00843624
806;0SD0060370SD;253;30;0.00567280
806;0SD0060370SD;254;30;0.00166516
806;0SD0060370SD;255;30;0.00364673
806;0SD0060370SD;256;30;0.00280991
806;0SD0060370SD;257;30;0.00301404
806;0SD0060370SD;258;30;0.00230226
806;0SD0060370SD;259;30;0.00221421
806;0SD0060370SD;260;30;0.00206908
806;0SD0060370SD;261;30;0.00231701
806;0SD0060370SD;262;30;0.00206957
806;0SD0060370SD;263;30;0.00188462
806;0SD0060370SD;264;30;0.00000264
806;0SD0060370SD;265;30;0.00000043
806;0SD0060370SD;271;30;0.00000001
806;0SD0060370SD;272;30;0.00000001
806;0SD0060370SD;273;30;0.00000001
806;0SD0060370SD;247;31;0.02034723
806;0SD0060370SD;248;31;0.01013093
806;0SD0060370SD;249;31;0.00391343
806;0SD0060370SD;250;31;0.01807373
806;0SD0060370SD;251;31;0.00000218
806;0SD0060370SD;253;31;0.00001720
806;0SD0060370SD;254;31;0.00134003
806;0SD0060370SD;255;31;0.00021746
806;0SD0060370SD;256;31;0.00000291
806;0SD0060370SD;260;31;0.00000018
806;0SD0060370SD;261;31;0.00000398
806;0SD0060370SD;262;31;0.00011406
806;0SD0060370SD;264;31;0.00000078
806;0SD0060370SD;265;31;0.00000175
806;0SD0060370SD;266;31;0.00000092
806;0SD0060370SD;271;31;0.00000001
806;0SD0060370SD;246;32;0.00050025
806;0SD0060370SD;247;32;0.02274293
806;0SD0060370SD;248;32;0.00048762
806;0SD0060370SD;249;32;0.00144448
806;0SD0060370SD;250;32;0.01726904
806;0SD0060370SD;251;32;0.00249280
806;0SD0060370SD;252;32;0.00037574
806;0SD0060370SD;253;32;0.00105182
806;0SD0060370SD;254;32;0.00020146
806;0SD0060370SD;255;32;0.00034646
806;0SD0060370SD;260;32;0.00000016
806;0SD0060370SD;261;32;0.00000001
806;0SD0060370SD;262;32;0.00009819
806;0SD0060370SD;264;32;0.00000004
806;0SD0060370SD;265;32;0.00000025
806;0SD0060370SD;270;32;0.00000001
806;0SD0060370SD;246;33;0.01483450
806;0SD0060370SD;247;33;0.00460095
806;0SD0060370SD;248;33;0.00287794
806;0SD0060370SD;249;33;0.00284347
806;0SD0060370SD;250;33;0.01837612
806;0SD0060370SD;251;33;0.00195961
806;0SD0060370SD;252;33;0.00105332
806;0SD0060370SD;253;33;0.00118391
806;0SD0060370SD;255;33;0.00006241
806;0SD0060370SD;256;33;0.00018291
806;0SD0060370SD;260;33;0.00000001
806;0SD0060370SD;261;33;0.00000001
806;0SD0060370SD;262;33;0.00011353
806;0SD0060370SD;263;33;0.00000002
806;0SD0060370SD;264;33;0.00000020
806;0SD0060370SD;269;33;0.00000001
806;0SD0060370SD;245;34;0.00000181
806;0SD0060370SD;246;34;0.02008201
806;0SD0060370SD;247;34;0.00065190
806;0SD0060370SD;248;34;0.00068020
806;0SD0060370SD;249;34;0.00070493
806;0SD0060370SD;250;34;0.01621967
806;0SD0060370SD;251;34;0.00050783
806;0SD0060370SD;252;34;0.00017221
806;0SD0060370SD;253;34;0.00075589
806;0SD0060370SD;254;34;0.00028845
806;0SD0060370SD;255;34;0.00008205
806;0SD0060370SD;256;34;0.00032175
806;0SD0060370SD;257;34;0.00002525
806;0SD0060370SD;260;34;0.00000001
806;0SD0060370SD;261;34;0.00000012
806;0SD0060370SD;262;34;0.00013727
806;0SD0060370SD;263;34;0.00000022
806;0SD0060370SD;265;34;0.00000033
806;0SD0060370SD;268;34;0.00000001
806;0SD0060370SD;245;35;0.00931501
806;0SD0060370SD;246;35;0.00953958
806;0SD0060370SD;247;35;0.00048294
806;0SD0060370SD;248;35;0.00043268
806;0SD0060370SD;249;35;0.00058747
806;0SD0060370SD;250;35;0.01428556
806;0SD0060370SD;251;35;0.00048563
806;0SD0060370SD;252;35;0.00000790
806;0SD0060370SD;253;35;0.00015788
806;0SD0060370SD;254;35;0.00028745
806;0SD0060370SD;255;35;0.00039566
806;0SD0060370SD;256;35;0.00006762
806;0SD0060370SD;257;35;0.00001086
806;0SD0060370SD;260;35;0.00000053
806;0SD0060370SD;261;35;0.00000153
806;0SD0060370SD;262;35;0.00009558
806;0SD0060370SD;263;35;0.00000001
806;0SD0060370SD;265;35;0.00000115
806;0SD0060370SD;266;35;0.00000003
806;0SD0060370SD;245;36;0.01724898
806;0SD0060370SD;246;36;0.00202936
806;0SD0060370SD;247;36;0.00056646
806;0SD0060370SD;248;36;0.00026689
806;0SD0060370SD;249;36;0.00044592
806;0SD0060370SD;250;36;0.01502806
806;0SD0060370SD;251;36;0.00060830
806;0SD0060370SD;252;36;0.00031703
806;0SD0060370SD;253;36;0.00004890
806;0SD0060370SD;254;36;0.00021462
806;0SD0060370SD;255;36;0.00031472
806;0SD0060370SD;256;36;0.00015569
806;0SD0060370SD;257;36;0.00006575
806;0SD0060370SD;258;36;0.00008659
806;0SD0060370SD;260;36;0.00000030
806;0SD0060370SD;261;36;0.00003196
806;0SD0060370SD;262;36;0.00011425
806;0SD0060370SD;265;36;0.00000034
806;0SD0060370SD;266;36;0.00000040
806;0SD0060370SD;244;37;0.00407171
806;0SD0060370SD;245;37;0.01507358
806;0SD0060370SD;246;37;0.00343714
806;0SD0060370SD;247;37;0.00152740
806;0SD0060370SD;248;37;0.00036079
806;0SD0060370SD;249;37;0.00216567
806;0SD0060370SD;250;37;0.01572835
806;0SD0060370SD;251;37;0.00075815
806;0SD0060370SD;252;37;0.00034630
806;0SD0060370SD;253;37;0.00031840
806;0SD0060370SD;254;37;0.00020745
806;0SD0060370SD;255;37;0.00000129
806;0SD0060370SD;256;37;0.00000011
806;0SD0060370SD;257;37;0.00003044
806;0SD0060370SD;258;37;0.00000110
806;0SD0060370SD;259;37;0.00010173
806;0SD0060370SD;260;37;0.00013600
806;0SD0060370SD;261;37;0.00010537
806;0SD0060370SD;262;37;0.00003874
806;0SD0060370SD;263;37;0.00003538
806;0SD0060370SD;264;37;0.00003647
806;0SD0060370SD;265;37;0.00000296
806;0SD0060370SD;244;38;0.01416895
806;0SD0060370SD;245;38;0.00199174
806;0SD0060370SD;246;38;0.00222389
806;0SD0060370SD;247;38;0.00790545
806;0SD0060370SD;248;38;0.00884720
806;0SD0060370SD;249;38;0.00842238
806;0SD0060370SD;250;38;0.00597007
806;0SD0060370SD;251;38;0.00080562
806;0SD0060370SD;252;38;0.00000022
806;0SD0060370SD;256;38;0.00000004
806;0SD0060370SD;257;38;0.00000013
806;0SD0060370SD;259;38;0.00003734
806;0SD0060370SD;263;38;0.00000116
806;0SD0060370SD;264;38;0.00000042
806;0SD0060370SD;265;38;0.00005175
806;0SD0060370SD;266;38;0.00002505
806;0SD0060370SD;267;38;0.00001091
806;0SD0060370SD;268;38;0.00000668
806;0SD0060370SD;243;39;0.00952523
806;0SD0060370SD;244;39;0.01356035
806;0SD0060370SD;245;39;0.00642762
806;0SD0060370SD;246;39;0.00652650
806;0SD0060370SD;247;39;0.00397715
806;0SD0060370SD;248;39;0.00079795
806;0SD0060370SD;249;39;0.00570616
806;0SD0060370SD;250;39;0.00005452
806;0SD0060370SD;251;39;0.00038602
806;0SD0060370SD;252;39;0.00034709
806;0SD0060370SD;253;39;0.00005347
806;0SD0060370SD;257;39;0.00000002
806;0SD0060370SD;258;39;0.00000005
806;0SD0060370SD;259;39;0.00004321
806;0SD0060370SD;262;39;0.00000117
806;0SD0060370SD;263;39;0.00000004
806;0SD0060370SD;266;39;0.00001121
806;0SD0060370SD;267;39;0.00002519
806;0SD0060370SD;268;39;0.00001219
806;0SD0060370SD;269;39;0.00002151
806;0SD0060370SD;270;39;0.00001993
806;0SD0060370SD;271;39;0.00001995
806;0SD0060370SD;272;39;0.00001152
806;0SD0060370SD;242;40;0.00482070
806;0SD0060370SD;243;40;0.01141078
806;0SD0060370SD;244;40;0.00173415
806;0SD0060370SD;245;40;0.00128471
806;0SD0060370SD;246;40;0.00126540
806;0SD0060370SD;247;40;0.00031498
806;0SD0060370SD;248;40;0.00168057
806;0SD0060370SD;249;40;0.00404611
806;0SD0060370SD;250;40;0.00000185
806;0SD0060370SD;251;40;0.00039078
806;0SD0060370SD;252;40;0.00017293
806;0SD0060370SD;253;40;0.00014765
806;0SD0060370SD;257;40;0.00000087
806;0SD0060370SD;258;40;0.00005306
806;0SD0060370SD;259;40;0.00002834
806;0SD0060370SD;261;40;0.00000374
806;0SD0060370SD;262;40;0.00000889
806;0SD0060370SD;263;40;0.00000785
806;0SD0060370SD;264;40;0.00000422
806;0SD0060370SD;265;40;0.00000305
806;0SD0060370SD;267;40;0.00001766
806;0SD0060370SD;268;40;0.00000518
806;0SD0060370SD;269;40;0.00000202
806;0SD0060370SD;241;41;0.00207371
806;0SD0060370SD;242;41;0.01188443
806;0SD0060370SD;243;41;0.00172336
806;0SD0060370SD;244;41;0.00011081
806;0SD0060370SD;245;41;0.00170635
806;0SD0060370SD;246;41;0.00167349
806;0SD0060370SD;247;41;0.00082352
806;0SD0060370SD;248;41;0.00549097
806;0SD0060370SD;249;41;0.00018920
806;0SD0060370SD;250;41;0.00016277
806;0SD0060370SD;251;41;0.00022570
806;0SD0060370SD;252;41;0.00000524
806;0SD0060370SD;253;41;0.00017575
806;0SD0060370SD;256;41;0.00001499
806;0SD0060370SD;257;41;0.00005323
806;0SD0060370SD;259;41;0.00005207
806;0SD0060370SD;260;41;0.00001201
806;0SD0060370SD;261;41;0.00000942
806;0SD0060370SD;262;41;0.00000163
806;0SD0060370SD;264;41;0.00000772
806;0SD0060370SD;265;41;0.00001378
806;0SD0060370SD;266;41;0.00001963
806;0SD0060370SD;267;41;0.00002046
806;0SD0060370SD;241;42;0.01369064
806;0SD0060370SD;242;42;0.00007140
806;0SD0060370SD;243;42;0.00069097
806;0SD0060370SD;244;42;0.00108603
806;0SD0060370SD;245;42;0.00106629
806;0SD0060370SD;246;42;0.00023775
806;0SD0060370SD;247;42;0.00094184
806;0SD0060370SD;248;42;0.00456342
806;0SD0060370SD;249;42;0.00000585
806;0SD0060370SD;250;42;0.00002788
806;0SD0060370SD;251;42;0.00019014
806;0SD0060370SD;252;42;0.00003013
806;0SD0060370SD;253;42;0.00011439
806;0SD0060370SD;254;42;0.00006668
806;0SD0060370SD;255;42;0.00004817
806;0SD0060370SD;256;42;0.00002817
806;0SD0060370SD;257;42;0.00000667
806;0SD0060370SD;259;42;0.00001052
806;0SD0060370SD;260;42;0.00002120
806;0SD0060370SD;261;42;0.00000012
806;0SD0060370SD;265;42;0.00000180
806;0SD0060370SD;266;42;0.00002194
806;0SD0060370SD;267;42;0.00000496
806;0SD0060370SD;268;42;0.00000003
806;0SD0060370SD;239;43;0.00190221
806;0SD0060370SD;240;43;0.01317819
806;0SD0060370SD;241;43;0.00155086
806;0SD0060370SD;242;43;0.00023639
806;0SD0060370SD;243;43;0.00021275
806;0SD0060370SD;244;43;0.00042480
806;0SD0060370SD;245;43;0.00067477
806;0SD0060370SD;246;43;0.00065373
806;0SD0060370SD;247;43;0.00055318
806;0SD0060370SD;248;43;0.00512994
806;0SD0060370SD;249;43;0.00018963
806;0SD0060370SD;250;43;0.00000125
806;0SD0060370SD;251;43;0.00006045
806;0SD0060370SD;252;43;0.00012724
806;0SD0060370SD;253;43;0.00000531
806;0SD0060370SD;254;43;0.00000022
806;0SD0060370SD;255;43;0.00000086
806;0SD0060370SD;258;43;0.00000249
806;0SD0060370SD;259;43;0.00001346
806;0SD0060370SD;266;43;0.00000065
806;0SD0060370SD;267;43;0.00000027
806;0SD0060370SD;238;44;0.00675671
806;0SD0060370SD;239;44;0.01171816
806;0SD0060370SD;240;44;0.00051892
806;0SD0060370SD;241;44;0.00018630
806;0SD0060370SD;242;44;0.00003451
806;0SD0060370SD;245;44;0.00025756
806;0SD0060370SD;246;44;0.00105169
806;0SD0060370SD;247;44;0.00011024
806;0SD0060370SD;248;44;0.00455396
806;0SD0060370SD;249;44;0.00021746
806;0SD0060370SD;250;44;0.00017720
806;0SD0060370SD;251;44;0.00013140
806;0SD0060370SD;252;44;0.00000063
806;0SD0060370SD;254;44;0.00000009
806;0SD0060370SD;255;44;0.00000032
806;0SD0060370SD;257;44;0.00000370
806;0SD0060370SD;258;44;0.00001365
806;0SD0060370SD;266;44;0.00000003
806;0SD0060370SD;238;45;0.00032934
806;0SD0060370SD;239;45;0.00054848
806;0SD0060370SD;240;45;0.00012397
806;0SD0060370SD;244;45;0.00003272
806;0SD0060370SD;245;45;0.00008287
806;0SD0060370SD;246;45;0.00014998
806;0SD0060370SD;247;45;0.00065506
806;0SD0060370SD;248;45;0.00426457
806;0SD0060370SD;249;45;0.00000005
806;0SD0060370SD;250;45;0.00000598
806;0SD0060370SD;256;45;0.00000006
806;0SD0060370SD;257;45;0.00000164
806;0SD0060370SD;258;45;0.00000382
806;0SD0060370SD;259;45;0.00000075
806;0SD0060370SD;239;46;0.00006307
806;0SD0060370SD;240;46;0.00005468
806;0SD0060370SD;241;46;0.00005165
806;0SD0060370SD;242;46;0.00002525
806;0SD0060370SD;243;46;0.00006001
806;0SD0060370SD;244;46;0.00010772
806;0SD0060370SD;246;46;0.00000125
806;0SD0060370SD;248;46;0.00152215
806;0SD0060370SD;250;46;0.00000089
806;0SD0060370SD;242;47;0.00003389
806;0SD0060370SD;243;47;0.00000026
806;0SD0060370SD;244;47;0.00003074
806;0MC006032NSI;168;214;0.00025522
806;0MC006032NSI;168;215;0.00198848
806;0MC006032NSI;170;215;0.00812224
806;0MC006032NSI;171;215;0.00539195
806;0MC006032NSI;173;215;0.00022798
806;0MC006032NSI;174;215;0.00936421
806;0MC006032NSI;177;215;0.03680072
806;0MC006032NSI;178;215;0.00443304
806;0MC006032NSI;168;216;0.00048861
806;0MC006032NSI;169;216;0.01054192
806;0MC006032NSI;170;216;0.00729396
806;0MC006032NSI;174;216;0.01098234
806;0MC006032NSI;178;216;0.05673424
806;0MC006032NSI;169;217;0.02348874
806;0MC006032NSI;170;217;0.00744468
806;0MC006032NSI;171;217;0.00744468
806;0MC006032NSI;172;217;0.00273855
806;0MC006032NSI;173;217;0.00010827
806;0MC006032NSI;174;217;0.01057232
806;0MC006032NSI;177;217;0.00139290
806;0MC006032NSI;178;217;0.07027771
806;0MC006032NSI;179;217;0.05807111
806;0MC006032NSI;180;217;0.00641429
806;0MC006032NSI;168;218;0.02119453
806;0MC006032NSI;169;218;0.00088818
806;0MC006032NSI;173;218;0.00066072
806;0MC006032NSI;174;218;0.00524746
806;0MC006032NSI;175;218;0.00242833
806;0MC006032NSI;176;218;0.00242833
806;0MC006032NSI;177;218;0.00103544
806;0MC006032NSI;153;219;0.00943503
806;0MC006032NSI;166;219;0.00934337
806;0MC006032NSI;167;219;0.01899027
806;0MC006032NSI;168;219;0.00882900
806;0MC006032NSI;153;220;0.00216702
806;0MC006032NSI;154;220;0.01848672
806;0MC006032NSI;165;220;0.01355905
806;0MC006032NSI;166;220;0.01363318
806;0MC006032NSI;154;221;0.01312995
806;0MC006032NSI;155;221;0.00752379
806;0MC006032NSI;162;221;0.02080419
806;0MC006032NSI;163;221;0.01797341
806;0MC006032NSI;164;221;0.01851349
806;0MC006032NSI;165;221;0.01028629
806;0MC006032NSI;155;222;0.02065374
806;0MC006032NSI;162;222;0.02722953
806;0MC006032NSI;155;223;0.00343914
806;0MC006032NSI;156;223;0.00208977
806;0MC006032NSI;157;223;0.00180726
806;0MC006032NSI;158;223;0.00180726
806;0MC006032NSI;159;223;0.00180726
806;0MC006032NSI;160;223;0.00173596
806;0MC006032NSI;162;223;0.02933831
806;0MC006032NSI;160;224;0.00007130
806;0MC006032NSI;161;224;0.00180726
806;0MC006032NSI;162;224;0.02722420
806;0MC006032NSI;162;225;0.02647387
806;0MC006032NSI;162;226;0.02647387
806;0MC006032NSI;159;227;0.00376470
806;0MC006032NSI;160;227;0.02859201
806;0MC006032NSI;161;227;0.02640025
806;0MC006032NSI;162;227;0.01947981
806;0MC006032NSI;158;228;0.00737993
806;0MC006032NSI;159;228;0.01212040
806;0MC006032NSI;160;228;0.01318037
806;0MC006032NSI;157;229;0.01120578
806;0MC006032NSI;158;229;0.00829455
806;0MC006032NSI;160;229;0.01318037
806;0MC006032NSI;154;230;0.01074697
806;0MC006032NSI;155;230;0.01922953
806;0MC006032NSI;156;230;0.01836172
806;0MC006032NSI;157;230;0.00446870
806;0MC006032NSI;160;230;0.01318037
806;0MC006032NSI;156;231;0.00176571
806;0MC006032NSI;157;231;0.01472882
806;0MC006032NSI;158;231;0.01782002
806;0MC006032NSI;159;231;0.01550981
806;0MC006032NSI;160;231;0.01149554
806;NCC006035MBU;161;122;0.00013907
806;NCC006035MBU;162;122;0.00002243
806;NCC006035MBU;163;122;0.00001538
806;NCC006035MBU;160;123;0.00025037
806;NCC006035MBU;162;123;0.00084408
806;NCC006035MBU;160;124;0.00032709
806;NCC006035MBU;161;124;0.00082298
806;NCC006035MBU;162;124;0.00024871
806;NCC006035MBU;163;124;0.00000944
806;NCC006035MBU;164;124;0.00002218
806;NCC006035MBU;165;124;0.00001717
806;NCC006035MBU;166;124;0.00001790
806;NCC006035MBU;160;125;0.00038329
806;NCC006035MBU;161;125;0.00088800
806;NCC006035MBU;162;125;0.00002223
806;NCC006035MBU;163;125;0.00000873
806;NCC006035MBU;166;125;0.00000442
806;NCC006035MBU;167;125;0.00003607
806;NCC006035MBU;168;125;0.00001357
806;NCC006035MBU;160;126;0.00118047
806;NCC006035MBU;161;126;0.00025721
806;NCC006035MBU;167;126;0.00000179
806;NCC006035MBU;168;126;0.00002813
806;NCC006035MBU;156;127;0.00007808
806;NCC006035MBU;157;127;0.00001607
806;NCC006035MBU;159;127;0.00107442
806;NCC006035MBU;160;127;0.00011476
806;NCC006035MBU;165;127;0.00008175
806;NCC006035MBU;166;127;0.00011065
806;NCC006035MBU;167;127;0.00001813
806;NCC006035MBU;168;127;0.00000789
806;NCC006035MBU;156;128;0.00009566
806;NCC006035MBU;157;128;0.00009991
806;NCC006035MBU;158;128;0.00116018
806;NCC006035MBU;159;128;0.00090116
806;NCC006035MBU;160;128;0.00003418
806;NCC006035MBU;164;128;0.00007719
806;NCC006035MBU;165;128;0.00014524
806;NCC006035MBU;157;129;0.00138414
806;NCC006035MBU;158;129;0.00018460
806;NCC006035MBU;164;129;0.00007212
806;NCC006035MBU;156;130;0.00075291
806;NCC006035MBU;157;130;0.00119164
806;NCC006035MBU;164;130;0.00005105
806;NCC006035MBU;165;130;0.00003550
806;NCC006035MBU;156;131;0.00201589
806;NCC006035MBU;160;131;0.00008613
806;NCC006035MBU;161;131;0.00028989
806;NCC006035MBU;162;131;0.00027724
806;NCC006035MBU;163;131;0.00029863
806;NCC006035MBU;164;131;0.00006439
806;NCC006035MBU;155;132;0.00119343
806;NCC006035MBU;156;132;0.00071034
806;NCC006035MBU;157;132;0.00023208
806;NCC006035MBU;158;132;0.00031879
806;NCC006035MBU;159;132;0.00034283
806;NCC006035MBU;160;132;0.00029903
806;NCC006035MBU;163;132;0.00010174
806;NCC006035MBU;154;133;0.00007546
806;NCC006035MBU;155;133;0.00212534
806;NCC006035MBU;156;133;0.00034137
806;NCC006035MBU;157;133;0.00011552
806;NCC006035MBU;153;134;0.00031525
806;NCC006035MBU;154;134;0.00017895
806;NCC006035MBU;155;134;0.00229033
806;NCC006035MBU;156;134;0.00023904
806;NCC006035MBU;157;134;0.00000258
806;NCC006035MBU;150;135;0.00013180
806;NCC006035MBU;152;135;0.00116400
806;NCC006035MBU;153;135;0.00012583
806;NCC006035MBU;154;135;0.00321891
806;NCC006035MBU;155;135;0.00028883
806;NCC006035MBU;156;135;0.00032051
806;NCC006035MBU;157;135;0.00017266
806;NCC006035MBU;150;136;0.00033461
806;NCC006035MBU;151;136;0.00009604
806;NCC006035MBU;152;136;0.00277762
806;NCC006035MBU;153;136;0.00775733
806;NCC006035MBU;154;136;0.00435513
806;NCC006035MBU;155;136;0.00040601
806;NCC006035MBU;148;137;0.00100701
806;NCC006035MBU;149;137;0.05725776
806;NCC006035MBU;150;137;0.06130492
806;NCC006035MBU;151;137;0.03173459
806;NCC006035MBU;152;137;0.06175893
806;NCC006035MBU;153;137;0.01205086
806;NCC006035MBU;154;137;0.00023456
806;NCC006035MBU;155;137;0.00001060
806;NCC006035MBU;147;138;0.08008621
806;NCC006035MBU;148;138;0.18151335
806;NCC006035MBU;149;138;0.01925703
806;NCC006035MBU;150;138;0.00064319
806;NCC006035MBU;151;138;0.05696080
806;NCC006035MBU;152;138;0.08656132
806;NCC006035MBU;153;138;0.00335388
806;NCC006035MBU;154;138;0.00002623
806;NCC006035MBU;147;139;0.00245789
806;NCC006035MBU;148;139;0.03021667
806;NCC006035MBU;149;139;0.07052680
806;NCC006035MBU;151;139;0.06045205
806;NCC006035MBU;152;139;0.03532752
806;NCC006035MBU;153;139;0.00333645
806;NCC006035MBU;154;139;0.00002412
806;NCC006035MBU;155;139;0.00001592
806;NCC006035MBU;150;140;0.04919998
806;NCC006035MBU;151;140;0.01603811
806;NCC006035MBU;152;140;0.03012635
806;NCC006035MBU;153;140;0.00064639
806;NCC006035MBU;154;140;0.00022915
806;NCC006035MBU;151;141;0.00036480
806;NCC006035MBU;152;141;0.00096509
806;0SV006045SHA;120;233;0.00001372
806;0SV006045SHA;121;233;0.00010148
806;0SV006045SHA;122;233;0.00014165
806;0SV006045SHA;123;233;0.00017315
806;0SV006045SHA;134;233;0.00009714
806;0SV006045SHA;135;233;0.01158562
806;0SV006045SHA;120;234;0.00004005
806;0SV006045SHA;123;234;0.00003501
806;0SV006045SHA;124;234;0.00009021
806;0SV006045SHA;125;234;0.00005932
806;0SV006045SHA;130;234;0.00025302
806;0SV006045SHA;131;234;0.00020749
806;0SV006045SHA;132;234;0.00106350
806;0SV006045SHA;133;234;0.00105395
806;0SV006045SHA;134;234;0.00229785
806;0SV006045SHA;135;234;0.02860860
806;0SV006045SHA;136;234;0.00116682
806;0SV006045SHA;137;234;0.00012866
806;0SV006045SHA;141;234;0.00000847
806;0SV006045SHA;125;235;0.00008346
806;0SV006045SHA;126;235;0.00015703
806;0SV006045SHA;127;235;0.00032928
806;0SV006045SHA;128;235;0.00020195
806;0SV006045SHA;130;235;0.00051057
806;0SV006045SHA;131;235;0.00003610
806;0SV006045SHA;132;235;0.00289625
806;0SV006045SHA;133;235;0.00101891
806;0SV006045SHA;134;235;0.00292604
806;0SV006045SHA;135;235;0.04015794
806;0SV006045SHA;136;235;0.00134819
806;0SV006045SHA;137;235;0.00006449
806;0SV006045SHA;138;235;0.00015205
806;0SV006045SHA;139;235;0.00014678
806;0SV006045SHA;140;235;0.00009672
806;0SV006045SHA;141;235;0.00017410
806;0SV006045SHA;142;235;0.00008717
806;0SV006045SHA;143;235;0.00050214
806;0SV006045SHA;144;235;0.00033135
806;0SV006045SHA;145;235;0.00028685
806;0SV006045SHA;146;235;0.00000086
806;0SV006045SHA;150;235;0.00007338
806;0SV006045SHA;151;235;0.00018684
806;0SV006045SHA;152;235;0.00021214
806;0SV006045SHA;128;236;0.00118831
806;0SV006045SHA;129;236;0.00187950
806;0SV006045SHA;130;236;0.00195162
806;0SV006045SHA;131;236;0.00105323
806;0SV006045SHA;132;236;0.00162372
806;0SV006045SHA;133;236;0.01073075
806;0SV006045SHA;134;236;0.04445018
806;0SV006045SHA;135;236;0.01338352
806;0SV006045SHA;136;236;0.00306646
806;0SV006045SHA;137;236;0.00158969
806;0SV006045SHA;138;236;0.00111192
806;0SV006045SHA;139;236;0.00110451
806;0SV006045SHA;140;236;0.00062544
806;0SV006045SHA;141;236;0.00336677
806;0SV006045SHA;142;236;0.00169493
806;0SV006045SHA;143;236;0.00422504
806;0SV006045SHA;144;236;0.00179994
806;0SV006045SHA;146;236;0.00007270
806;0SV006045SHA;151;236;0.00008221
806;0SV006045SHA;152;236;0.00015670
806;0SV006045SHA;153;236;0.00004455
806;0SV006045SHA;130;237;0.00221820
806;0SV006045SHA;131;237;0.00227236
806;0SV006045SHA;132;237;0.00151963
806;0SV006045SHA;133;237;0.02657735
806;0SV006045SHA;134;237;0.04593910
806;0SV006045SHA;135;237;0.00602161
806;0SV006045SHA;136;237;0.00155704
806;0SV006045SHA;137;237;0.00078659
806;0SV006045SHA;138;237;0.00513160
806;0SV006045SHA;139;237;0.00494941
806;0SV006045SHA;140;237;0.00470424
806;0SV006045SHA;141;237;0.00154900
806;0SV006045SHA;142;237;0.00315212
806;0SV006045SHA;144;237;0.00067121
806;0SV006045SHA;145;237;0.00184244
806;0SV006045SHA;146;237;0.00171762
806;0SV006045SHA;147;237;0.00066317
806;0SV006045SHA;148;237;0.00046305
806;0SV006045SHA;149;237;0.00057835
806;0SV006045SHA;150;237;0.00011284
806;0SV006045SHA;151;237;0.00010718
806;0SV006045SHA;152;237;0.00007457
806;0SV006045SHA;131;238;0.00173619
806;0SV006045SHA;132;238;0.00589316
806;0SV006045SHA;133;238;0.05642634
806;0SV006045SHA;134;238;0.05585467
806;0SV006045SHA;135;238;0.02053736
806;0SV006045SHA;136;238;0.01329638
806;0SV006045SHA;137;238;0.00790865
806;0SV006045SHA;138;238;0.00113506
806;0SV006045SHA;139;238;0.00023694
806;0SV006045SHA;142;238;0.00000109
806;0SV006045SHA;143;238;0.00003198
806;0SV006045SHA;149;238;0.00025806
806;0SV006045SHA;150;238;0.00042858
806;0SV006045SHA;151;238;0.00012029
806;0SV006045SHA;130;239;0.00016786
806;0SV006045SHA;131;239;0.00348178
806;0SV006045SHA;132;239;0.01205937
806;0SV006045SHA;133;239;0.11597045
806;0SV006045SHA;134;239;0.03597130
806;0SV006045SHA;135;239;0.00472425
806;0SV006045SHA;136;239;0.00271312
806;0SV006045SHA;137;239;0.00056575
806;0SV006045SHA;138;239;0.00031938
806;0SV006045SHA;139;239;0.00103137
806;0SV006045SHA;140;239;0.00068368
806;0SV006045SHA;142;239;0.00006805
806;0SV006045SHA;143;239;0.00015931
806;0SV006045SHA;144;239;0.00017926
806;0SV006045SHA;150;239;0.00042668
806;0SV006045SHA;151;239;0.00048496
806;0SV006045SHA;126;240;0.00007872
806;0SV006045SHA;129;240;0.00074528
806;0SV006045SHA;130;240;0.00124167
806;0SV006045SHA;131;240;0.00095157
806;0SV006045SHA;132;240;0.00228648
806;0SV006045SHA;133;240;0.05139033
806;0SV006045SHA;134;240;0.02454476
806;0SV006045SHA;135;240;0.01353017
806;0SV006045SHA;136;240;0.01248012
806;0SV006045SHA;138;240;0.00036456
806;0SV006045SHA;139;240;0.00068586
806;0SV006045SHA;140;240;0.00044023
806;0SV006045SHA;141;240;0.00104210
806;0SV006045SHA;142;240;0.00110347
806;0SV006045SHA;143;240;0.00067730
806;0SV006045SHA;144;240;0.00009347
806;0SV006045SHA;145;240;0.00001584
806;0SV006045SHA;151;240;0.00011016
806;0SV006045SHA;152;240;0.00045775
806;0SV006045SHA;154;240;0.00007699
806;0SV006045SHA;155;240;0.00006401
806;0SV006045SHA;126;241;0.00075345
806;0SV006045SHA;127;241;0.00109721
806;0SV006045SHA;128;241;0.00159412
806;0SV006045SHA;129;241;0.00074569
806;0SV006045SHA;131;241;0.00000778
806;0SV006045SHA;132;241;0.00000527
806;0SV006045SHA;133;241;0.00878391
806;0SV006045SHA;134;241;0.01707795
806;0SV006045SHA;135;241;0.00077874
806;0SV006045SHA;136;241;0.00344514
806;0SV006045SHA;137;241;0.00918975
806;0SV006045SHA;138;241;0.00509702
806;0SV006045SHA;139;241;0.00011384
806;0SV006045SHA;140;241;0.00026875
806;0SV006045SHA;142;241;0.00019303
806;0SV006045SHA;143;241;0.00018844
806;0SV006045SHA;145;241;0.00003004
806;0SV006045SHA;146;241;0.00005695
806;0SV006045SHA;152;241;0.00029694
806;0SV006045SHA;153;241;0.00067516
806;0SV006045SHA;154;241;0.00035877
806;0SV006045SHA;128;242;0.00053475
806;0SV006045SHA;132;242;0.00000352
806;0SV006045SHA;133;242;0.00067624
806;0SV006045SHA;134;242;0.00676163
806;0SV006045SHA;135;242;0.00036595
806;0SV006045SHA;136;242;0.00051332
806;0SV006045SHA;138;242;0.00291663
806;0SV006045SHA;139;242;0.00923212
806;0SV006045SHA;140;242;0.00010786
806;0SV006045SHA;141;242;0.00002526
806;0SV006045SHA;142;242;0.00004670
806;0SV006045SHA;143;242;0.00001459
806;0SV006045SHA;146;242;0.00001380
806;0SV006045SHA;147;242;0.00004127
806;0SV006045SHA;152;242;0.00013525
806;0SV006045SHA;153;242;0.00064000
806;0SV006045SHA;154;242;0.00001370
806;0SV006045SHA;128;243;0.00024174
806;0SV006045SHA;134;243;0.00509455
806;0SV006045SHA;136;243;0.00008053
806;0SV006045SHA;139;243;0.00416108
806;0SV006045SHA;140;243;0.00839100
806;0SV006045SHA;141;243;0.00225885
806;0SV006045SHA;147;243;0.00005857
806;0SV006045SHA;151;243;0.00040044
806;0SV006045SHA;152;243;0.00042840
806;0SV006045SHA;154;243;0.00001755
806;0SV006045SHA;128;244;0.00001969
806;0SV006045SHA;134;244;0.00412408
806;0SV006045SHA;135;244;0.00108255
806;0SV006045SHA;141;244;0.00873345
806;0SV006045SHA;142;244;0.00567182
806;0SV006045SHA;147;244;0.00004658
806;0SV006045SHA;151;244;0.00051726
806;0SV006045SHA;153;244;0.00000027
806;0SV006045SHA;154;244;0.00001731
806;0SV006045SHA;127;245;0.00000140
806;0SV006045SHA;128;245;0.00001424
806;0SV006045SHA;134;245;0.00446910
806;0SV006045SHA;141;245;0.00023078
806;0SV006045SHA;142;245;0.00660964
806;0SV006045SHA;143;245;0.00007740
806;0SV006045SHA;147;245;0.00004432
806;0SV006045SHA;151;245;0.00071892
806;0SV006045SHA;152;245;0.00007151
806;0SV006045SHA;153;245;0.00003994
806;0SV006045SHA;127;246;0.00000153
806;0SV006045SHA;128;246;0.00000917
806;0SV006045SHA;133;246;0.00009226
806;0SV006045SHA;134;246;0.00572709
806;0SV006045SHA;135;246;0.00013071
806;0SV006045SHA;138;246;0.00000162
806;0SV006045SHA;139;246;0.00000080
806;0SV006045SHA;140;246;0.00016230
806;0SV006045SHA;141;246;0.00004524
806;0SV006045SHA;143;246;0.01150991
806;0SV006045SHA;144;246;0.00598271
806;0SV006045SHA;145;246;0.00612113
806;0SV006045SHA;146;246;0.00884089
806;0SV006045SHA;147;246;0.00586791
806;0SV006045SHA;148;246;0.00103967
806;0SV006045SHA;149;246;0.00034082
806;0SV006045SHA;150;246;0.00083703
806;0SV006045SHA;151;246;0.00017623
806;0SV006045SHA;153;246;0.00004084
806;0SV006045SHA;128;247;0.00000598
806;0SV006045SHA;129;247;0.00000356
806;0SV006045SHA;133;247;0.00454496
806;0SV006045SHA;135;247;0.00006766
806;0SV006045SHA;136;247;0.00010199
806;0SV006045SHA;137;247;0.00000450
806;0SV006045SHA;138;247;0.00006911
806;0SV006045SHA;139;247;0.00002177
806;0SV006045SHA;140;247;0.00015049
806;0SV006045SHA;143;247;0.00034102
806;0SV006045SHA;148;247;0.00478186
806;0SV006045SHA;149;247;0.00072199
806;0SV006045SHA;150;247;0.00036857
806;0SV006045SHA;152;247;0.00002795
806;0SV006045SHA;153;247;0.00000429
806;0SV006045SHA;129;248;0.00005464
806;0SV006045SHA;130;248;0.00015931
806;0SV006045SHA;131;248;0.00010848
806;0SV006045SHA;132;248;0.00132436
806;0SV006045SHA;133;248;0.00417662
806;0SV006045SHA;136;248;0.00012448
806;0SV006045SHA;137;248;0.00005899
806;0SV006045SHA;139;248;0.00008739
806;0SV006045SHA;142;248;0.00020311
806;0SV006045SHA;143;248;0.00018391
806;0SV006045SHA;149;248;0.00313312
806;0SV006045SHA;150;248;0.00038599
806;0SV006045SHA;152;248;0.00003274
806;0SV006045SHA;129;249;0.00003687
806;0SV006045SHA;130;249;0.00004071
806;0SV006045SHA;131;249;0.00000400
806;0SV006045SHA;132;249;0.00375540
806;0SV006045SHA;133;249;0.00000223
806;0SV006045SHA;142;249;0.00024581
806;0SV006045SHA;149;249;0.00096516
806;0SV006045SHA;150;249;0.00220838
806;0SV006045SHA;151;249;0.00090419
806;0SV006045SHA;152;249;0.00001417
806;0SV006045SHA;153;249;0.00009059
806;0SV006045SHA;132;250;0.00165826
806;0SV006045SHA;133;250;0.00211788
806;0SV006045SHA;142;250;0.00000434
806;0SV006045SHA;143;250;0.00023037
806;0SV006045SHA;145;250;0.00001082
806;0SV006045SHA;146;250;0.00001611
806;0SV006045SHA;147;250;0.00001565
806;0SV006045SHA;148;250;0.00046310
806;0SV006045SHA;149;250;0.00035708
806;0SV006045SHA;151;250;0.00136642
806;0SV006045SHA;152;250;0.00222575
806;0SV006045SHA;153;250;0.00072879
806;0SV006045SHA;133;251;0.00431791
806;0SV006045SHA;142;251;0.00008623
806;0SV006045SHA;143;251;0.00005990
806;0SV006045SHA;144;251;0.00004388
806;0SV006045SHA;145;251;0.00000814
806;0SV006045SHA;148;251;0.00024785
806;0SV006045SHA;149;251;0.00019176
806;0SV006045SHA;151;251;0.00047070
806;0SV006045SHA;152;251;0.00052569
806;0SV006045SHA;153;251;0.00140641
806;0SV006045SHA;154;251;0.00073127
806;0SV006045SHA;155;251;0.00002117
806;0SV006045SHA;133;252;0.00056947
806;0SV006045SHA;134;252;0.00360896
806;0SV006045SHA;135;252;0.00000270
806;0SV006045SHA;141;252;0.00001845
806;0SV006045SHA;142;252;0.00007393
806;0SV006045SHA;148;252;0.00039920
806;0SV006045SHA;150;252;0.00013704
806;0SV006045SHA;151;252;0.00039413
806;0SV006045SHA;154;252;0.00011860
806;0SV006045SHA;155;252;0.00006745
806;0SV006045SHA;134;253;0.00351693
806;0SV006045SHA;135;253;0.00052874
806;0SV006045SHA;140;253;0.00009976
806;0SV006045SHA;141;253;0.00006758
806;0SV006045SHA;142;253;0.00001260
806;0SV006045SHA;148;253;0.00033062
806;0SV006045SHA;149;253;0.00015744
806;0SV006045SHA;150;253;0.00012697
806;0SV006045SHA;135;254;0.00454418
806;0SV006045SHA;139;254;0.00006803
806;0SV006045SHA;140;254;0.00002634
806;0SV006045SHA;147;254;0.00015631
806;0SV006045SHA;148;254;0.00057343
806;0SV006045SHA;149;254;0.00002878
806;0SV006045SHA;135;255;0.00175427
806;0SV006045SHA;138;255;0.00003634
806;0SV006045SHA;139;255;0.00004473
806;0SV006045SHA;147;255;0.00019498
806;SJV006050SJU;153;147;0.00000056
806;SJV006050SJU;156;147;0.00000457
806;SJV006050SJU;157;147;0.00000218
806;SJV006050SJU;152;148;0.00000045
806;SJV006050SJU;153;148;0.00000202
806;SJV006050SJU;154;148;0.00000248
806;SJV006050SJU;155;148;0.00000347
806;SJV006050SJU;156;148;0.00000034
806;SJV006050SJU;157;148;0.00000285
806;SJV006050SJU;158;148;0.00000859
806;SJV006050SJU;159;148;0.00286721
806;SJV006050SJU;155;149;0.00000016
806;SJV006050SJU;156;149;0.00000075
806;SJV006050SJU;158;149;0.00000012
806;SJV006050SJU;159;149;0.01028478
806;SJV006050SJU;160;149;0.00003179
806;SJV006050SJU;156;150;0.00000005
806;SJV006050SJU;157;150;0.00000080
806;SJV006050SJU;158;150;0.00887241
806;SJV006050SJU;159;150;0.00253911
806;SJV006050SJU;160;150;0.00432164
806;SJV006050SJU;161;150;0.00092938
806;SJV006050SJU;158;151;0.01139314
806;SJV006050SJU;159;151;0.00057295
806;SJV006050SJU;160;151;0.00524988
806;SJV006050SJU;161;151;0.00238869
806;SJV006050SJU;153;152;0.00000144
806;SJV006050SJU;154;152;0.00001888
806;SJV006050SJU;155;152;0.00026581
806;SJV006050SJU;157;152;0.00000008
806;SJV006050SJU;158;152;0.01344871
806;SJV006050SJU;159;152;0.00390517
806;SJV006050SJU;160;152;0.00232945
806;SJV006050SJU;161;152;0.00215366
806;SJV006050SJU;155;153;0.00044926
806;SJV006050SJU;156;153;0.00113474
806;SJV006050SJU;157;153;0.00923274
806;SJV006050SJU;158;153;0.00555268
806;SJV006050SJU;159;153;0.00417475
806;SJV006050SJU;160;153;0.00404966
806;SJV006050SJU;161;153;0.00182483
806;SJV006050SJU;162;153;0.00201334
806;SJV006050SJU;163;153;0.00008907
806;SJV006050SJU;153;154;0.00020835
806;SJV006050SJU;154;154;0.00084600
806;SJV006050SJU;155;154;0.00117243
806;SJV006050SJU;156;154;0.00064408
806;SJV006050SJU;157;154;0.01864825
806;SJV006050SJU;158;154;0.00776692
806;SJV006050SJU;159;154;0.00073727
806;SJV006050SJU;160;154;0.00042331
806;SJV006050SJU;161;154;0.00169977
806;SJV006050SJU;162;154;0.00161049
806;SJV006050SJU;163;154;0.00203135
806;SJV006050SJU;164;154;0.02043880
806;SJV006050SJU;165;154;0.00313158
806;SJV006050SJU;153;155;0.00000814
806;SJV006050SJU;154;155;0.00000364
806;SJV006050SJU;156;155;0.01700118
806;SJV006050SJU;157;155;0.00351155
806;SJV006050SJU;158;155;0.00444529
806;SJV006050SJU;159;155;0.00618699
806;SJV006050SJU;160;155;0.00343337
806;SJV006050SJU;161;155;0.00370284
806;SJV006050SJU;162;155;0.00315233
806;SJV006050SJU;163;155;0.01752051
806;SJV006050SJU;164;155;0.02875623
806;SJV006050SJU;165;155;0.00303816
806;SJV006050SJU;166;155;0.00291459
806;SJV006050SJU;154;156;0.00001751
806;SJV006050SJU;155;156;0.01677292
806;SJV006050SJU;156;156;0.00600253
806;SJV006050SJU;157;156;0.00512861
806;SJV006050SJU;158;156;0.00134963
806;SJV006050SJU;159;156;0.00168446
806;SJV006050SJU;160;156;0.00314261
806;SJV006050SJU;161;156;0.00272513
806;SJV006050SJU;162;156;0.00281345
806;SJV006050SJU;163;156;0.04083710
806;SJV006050SJU;164;156;0.00776688
806;SJV006050SJU;165;156;0.00512712
806;SJV006050SJU;166;156;0.00121522
806;SJV006050SJU;167;156;0.00243470
806;SJV006050SJU;168;156;0.00054860
806;SJV006050SJU;169;156;0.00014449
806;SJV006050SJU;154;157;0.01618982
806;SJV006050SJU;155;157;0.00564330
806;SJV006050SJU;156;157;0.00446504
806;SJV006050SJU;157;157;0.00398466
806;SJV006050SJU;158;157;0.00321112
806;SJV006050SJU;159;157;0.00277040
806;SJV006050SJU;160;157;0.00339720
806;SJV006050SJU;161;157;0.00429216
806;SJV006050SJU;162;157;0.03790736
806;SJV006050SJU;163;157;0.00773326
806;SJV006050SJU;164;157;0.00544096
806;SJV006050SJU;165;157;0.00045175
806;SJV006050SJU;166;157;0.00131934
806;SJV006050SJU;167;157;0.00157451
806;SJV006050SJU;168;157;0.00003469
806;SJV006050SJU;171;157;0.00006224
806;SJV006050SJU;154;158;0.00289026
806;SJV006050SJU;155;158;0.00325981
806;SJV006050SJU;156;158;0.00265798
806;SJV006050SJU;157;158;0.00004087
806;SJV006050SJU;158;158;0.00164119
806;SJV006050SJU;159;158;0.00120322
806;SJV006050SJU;160;158;0.00627185
806;SJV006050SJU;161;158;0.03917658
806;SJV006050SJU;162;158;0.02776205
806;SJV006050SJU;163;158;0.00512081
806;SJV006050SJU;164;158;0.00419638
806;SJV006050SJU;165;158;0.00033100
806;SJV006050SJU;166;158;0.00321110
806;SJV006050SJU;167;158;0.00006964
806;SJV006050SJU;168;158;0.00008384
806;SJV006050SJU;169;158;0.00018276
806;SJV006050SJU;170;158;0.00016242
806;SJV006050SJU;171;158;0.00027153
806;SJV006050SJU;172;158;0.00076913
806;SJV006050SJU;173;158;0.00007351
806;SJV006050SJU;155;159;0.00443418
806;SJV006050SJU;156;159;0.00523327
806;SJV006050SJU;157;159;0.00487137
806;SJV006050SJU;158;159;0.00393760
806;SJV006050SJU;159;159;0.00430490
806;SJV006050SJU;160;159;0.02743473
806;SJV006050SJU;161;159;0.04367587
806;SJV006050SJU;162;159;0.02143038
806;SJV006050SJU;163;159;0.00493810
806;SJV006050SJU;164;159;0.00447604
806;SJV006050SJU;165;159;0.00338139
806;SJV006050SJU;166;159;0.00485076
806;SJV006050SJU;167;159;0.00090472
806;SJV006050SJU;168;159;0.00088357
806;SJV006050SJU;169;159;0.00087076
806;SJV006050SJU;170;159;0.00069979
806;SJV006050SJU;171;159;0.00063983
806;SJV006050SJU;172;159;0.00246602
806;SJV006050SJU;173;159;0.00108015
806;SJV006050SJU;174;159;0.00032969
806;SJV006050SJU;157;160;0.00022228
806;SJV006050SJU;158;160;0.00106129
806;SJV006050SJU;159;160;0.01388808
806;SJV006050SJU;160;160;0.04695470
806;SJV006050SJU;161;160;0.02898923
806;SJV006050SJU;162;160;0.02361950
806;SJV006050SJU;163;160;0.00251452
806;SJV006050SJU;164;160;0.00169544
806;SJV006050SJU;165;160;0.00332212
806;SJV006050SJU;166;160;0.00025906
806;SJV006050SJU;167;160;0.00022438
806;SJV006050SJU;169;160;0.00002470
806;SJV006050SJU;172;160;0.00160571
806;SJV006050SJU;158;161;0.00338435
806;SJV006050SJU;159;161;0.04544736
806;SJV006050SJU;160;161;0.01265347
806;SJV006050SJU;161;161;0.02074120
806;SJV006050SJU;162;161;0.01733788
806;SJV006050SJU;163;161;0.00549271
806;SJV006050SJU;164;161;0.00286175
806;SJV006050SJU;165;161;0.00188570
806;SJV006050SJU;166;161;0.00032599
806;SJV006050SJU;167;161;0.00026766
806;SJV006050SJU;168;161;0.00046506
806;SJV006050SJU;169;161;0.00043805
806;SJV006050SJU;170;161;0.00032935
806;SJV006050SJU;171;161;0.00125339
806;SJV006050SJU;172;161;0.00021216
806;SJV006050SJU;160;162;0.00004162
806;SJV006050SJU;161;162;0.00455705
806;SJV006050SJU;162;162;0.00150526
806;SJV006050SJU;163;162;0.00459364
806;SJV006050SJU;164;162;0.00984014
806;SJV006050SJU;165;162;0.00317971
806;SJV006050SJU;166;162;0.00049463
806;SJV006050SJU;167;162;0.00044021
806;SJV006050SJU;168;162;0.00005506
806;SJV006050SJU;169;162;0.00061564
806;SJV006050SJU;170;162;0.00094358
806;SJV006050SJU;171;162;0.00023885
806;SJV006050SJU;162;163;0.00028339
806;SJV006050SJU;163;163;0.00349481
806;SJV006050SJU;164;163;0.00478391
806;SJV006050SJU;165;163;0.00174581
806;SJV006050SJU;166;163;0.00243393
806;SJV006050SJU;167;163;0.00281096
806;SJV006050SJU;168;163;0.00150982
806;SJV006050SJU;169;163;0.00062405
806;SJV006050SJU;162;164;0.00032442
806;SJV006050SJU;163;164;0.00274901
806;SJV006050SJU;164;164;0.00140595
806;SJV006050SJU;165;164;0.00000193
806;SJV006050SJU;166;164;0.00000028
806;SJV006050SJU;167;164;0.00117228
806;SJV006050SJU;168;164;0.00259711
806;SJV006050SJU;162;165;0.00006647
806;SJV006050SJU;163;165;0.00279848
806;SJV006050SJU;164;165;0.00015089
806;SJV006050SJU;165;165;0.00129983
806;SJV006050SJU;166;165;0.00126106
806;SJV006050SJU;167;165;0.00036458
806;SJV006050SJU;163;166;0.00081899
806;SJV006050SJU;164;166;0.00446294
806;SJV006050SJU;165;166;0.00004743
806;SJV006050SJU;162;167;0.00024370
806;SJV006050SJU;163;167;0.00267434
806;SJV006050SJU;164;167;0.00563328
806;SJV006050SJU;165;167;0.00021891
806;SJV006050SJU;164;168;0.00047306
806;0MC006022MPA;179;148;0.11541212
806;0MC006022MPA;180;148;0.01738675
806;0MC006022MPA;177;151;0.00201909
806;0MC006022MPA;178;151;0.03367850
806;0MC006022MPA;178;152;0.01878983
806;0MC006022MPA;179;152;0.04207693
806;0MC006022MPA;179;153;0.01039140
806;0MC006022MPA;180;153;0.03986226
806;0MC006022MPA;181;153;0.00333950
806;0MC006022MPA;188;153;0.03168437
806;0MC006022MPA;176;154;0.03522689
806;0MC006022MPA;181;154;0.01369833
806;0MC006022MPA;182;154;0.01703783
806;0MC006022MPA;183;154;0.00397345
806;0MC006022MPA;184;154;0.00756783
806;0MC006022MPA;185;154;0.00789439
806;0MC006022MPA;186;154;0.01269060
806;0MC006022MPA;187;154;0.01407384
806;0MC006022MPA;188;154;0.00357780
806;0MC006022MPA;190;154;0.15255046
806;0MC006022MPA;176;155;0.07725392
806;0MC006022MPA;182;155;0.00876723
806;0MC006022MPA;183;155;0.02534993
806;0MC006022MPA;190;155;0.01514439
806;0MC006022MPA;175;156;0.03345321
806;0MC006022MPA;176;156;0.01613519
806;0MC006022MPA;180;156;0.00210405
806;0MC006022MPA;181;156;0.01468790
806;0MC006022MPA;182;156;0.00592066
806;0MC006022MPA;183;156;0.00013080
806;0MC006022MPA;184;156;0.00862614
806;0MC006022MPA;189;156;0.00821153
806;0MC006022MPA;190;156;0.00818168
806;0MC006022MPA;180;157;0.01386632
806;0MC006022MPA;183;157;0.00592848
806;0MC006022MPA;184;157;0.00180928
806;0MC006022MPA;189;157;0.01472909
806;0MC006022MPA;179;158;0.00657202
806;0MC006022MPA;180;158;0.00020667
806;0MC006022MPA;183;158;0.00762210
806;0MC006022MPA;189;158;0.00259717
806;0MC006022MPA;174;159;0.00465119
806;0MC006022MPA;179;159;0.00717701
806;0MC006022MPA;183;159;0.00140319
806;0MC006022MPA;184;159;0.00619605
806;0MC006022MPA;189;159;0.00259717
806;0MC006022MPA;174;160;0.00548688
806;0MC006022MPA;178;160;0.00417616
806;0MC006022MPA;179;160;0.00349691
806;0MC006022MPA;184;160;0.00473347
806;0MC006022MPA;185;160;0.00688463
806;0MC006022MPA;186;160;0.00688463
806;0MC006022MPA;187;160;0.00688463
806;0MC006022MPA;188;160;0.00203567
806;0MC006022MPA;189;160;0.00259717
806;0MC006022MPA;175;161;0.00663699
806;0MC006022MPA;176;161;0.00552561
806;0MC006022MPA;177;161;0.00794437
806;0MC006022MPA;178;161;0.01295152
806;0MC006022MPA;187;161;0.00045796
806;0MC006022MPA;188;161;0.00351269
806;0MC006022MPA;189;161;0.00257517
806;0MC006022MPA;177;162;0.00578569
806;0MC006022MPA;186;162;0.00128086
806;0MC006022MPA;187;162;0.00469090
806;0MC006022MPA;180;164;0.00074650
806;0MC006022MPA;181;164;0.00216664
806;0MC006022MPA;190;164;0.00119449
806;0MC006022MPA;191;164;0.00443188
806;0MC006022MPA;192;164;0.00443188
806;0MC006022MPA;193;164;0.00459504
806;0MC006022MPA;190;165;0.00147173
806;0MC006022MPA;193;165;0.00145376
806;0MC006022MPA;194;165;0.00271157
806;SJV006010SJU;177;116;0.00010025
806;SJV006010SJU;178;116;0.00039398
806;SJV006010SJU;180;116;0.00071169
806;SJV006010SJU;171;117;0.00016715
806;SJV006010SJU;172;117;0.00041497
806;SJV006010SJU;173;117;0.00040516
806;SJV006010SJU;174;117;0.00022608
806;SJV006010SJU;175;117;0.00000248
806;SJV006010SJU;177;117;0.00047888
806;SJV006010SJU;179;117;0.00037122
806;SJV006010SJU;180;117;0.00404352
806;SJV006010SJU;174;118;0.00034712
806;SJV006010SJU;175;118;0.00141206
806;SJV006010SJU;176;118;0.00082349
806;SJV006010SJU;177;118;0.00092868
806;SJV006010SJU;178;118;0.00063612
806;SJV006010SJU;179;118;0.00464700
806;SJV006010SJU;180;118;0.00071542
806;SJV006010SJU;181;118;0.00021337
806;SJV006010SJU;182;118;0.00005639
806;SJV006010SJU;174;119;0.00007242
806;SJV006010SJU;175;119;0.00161637
806;SJV006010SJU;176;119;0.00022617
806;SJV006010SJU;177;119;0.00008840
806;SJV006010SJU;178;119;0.00308563
806;SJV006010SJU;179;119;0.00140175
806;SJV006010SJU;180;119;0.00067109
806;SJV006010SJU;181;119;0.00000488
806;SJV006010SJU;183;119;0.00000943
806;SJV006010SJU;175;120;0.00099533
806;SJV006010SJU;176;120;0.00152537
806;SJV006010SJU;177;120;0.00001853
806;SJV006010SJU;178;120;0.00409071
806;SJV006010SJU;180;120;0.00081903
806;SJV006010SJU;181;120;0.00000739
806;SJV006010SJU;169;121;0.00000266
806;SJV006010SJU;176;121;0.00172754
806;SJV006010SJU;177;121;0.00453498
806;SJV006010SJU;178;121;0.00062947
806;SJV006010SJU;179;121;0.00043694
806;SJV006010SJU;180;121;0.00124749
806;SJV006010SJU;181;121;0.00037757
806;SJV006010SJU;182;121;0.00025062
806;SJV006010SJU;168;122;0.00000362
806;SJV006010SJU;169;122;0.00000131
806;SJV006010SJU;176;122;0.00211142
806;SJV006010SJU;177;122;0.00508528
806;SJV006010SJU;178;122;0.00017740
806;SJV006010SJU;180;122;0.00075082
806;SJV006010SJU;176;123;0.00495629
806;SJV006010SJU;177;123;0.00168189
806;SJV006010SJU;178;123;0.00055223
806;SJV006010SJU;180;123;0.00075476
806;SJV006010SJU;175;124;0.00327794
806;SJV006010SJU;176;124;0.00169445
806;SJV006010SJU;178;124;0.00196561
806;SJV006010SJU;179;124;0.00025943
806;SJV006010SJU;180;124;0.00076033
806;SJV006010SJU;181;124;0.00006840
806;SJV006010SJU;182;124;0.00002829
806;SJV006010SJU;183;124;0.00002282
806;SJV006010SJU;174;125;0.00135627
806;SJV006010SJU;175;125;0.00362648
806;SJV006010SJU;179;125;0.00197023
806;SJV006010SJU;180;125;0.00106663
806;SJV006010SJU;183;125;0.00061586
806;SJV006010SJU;184;125;0.00011590
806;SJV006010SJU;185;125;0.00000557
806;SJV006010SJU;186;125;0.00006068
806;SJV006010SJU;187;125;0.00027933
806;SJV006010SJU;174;126;0.00503597
806;SJV006010SJU;175;126;0.00009597
806;SJV006010SJU;176;126;0.00006662
806;SJV006010SJU;177;126;0.00006662
806;SJV006010SJU;178;126;0.00008959
806;SJV006010SJU;179;126;0.00013912
806;SJV006010SJU;180;126;0.00291480
806;SJV006010SJU;181;126;0.00065034
806;SJV006010SJU;182;126;0.00068888
806;SJV006010SJU;183;126;0.00075827
806;SJV006010SJU;184;126;0.00078386
806;SJV006010SJU;185;126;0.00079407
806;SJV006010SJU;186;126;0.00142127
806;SJV006010SJU;187;126;0.00233019
806;SJV006010SJU;188;126;0.00036752
806;SJV006010SJU;189;126;0.00064257
806;SJV006010SJU;190;126;0.00010120
806;SJV006010SJU;173;127;0.00415083
806;SJV006010SJU;174;127;0.00089347
806;SJV006010SJU;180;127;0.00211363
806;SJV006010SJU;183;127;0.00002712
806;SJV006010SJU;186;127;0.00038141
806;SJV006010SJU;187;127;0.00240197
806;SJV006010SJU;188;127;0.00032924
806;SJV006010SJU;189;127;0.00097034
806;SJV006010SJU;190;127;0.00098292
806;SJV006010SJU;172;128;0.00289410
806;SJV006010SJU;173;128;0.00191045
806;SJV006010SJU;174;128;0.00046430
806;SJV006010SJU;175;128;0.00007542
806;SJV006010SJU;176;128;0.00002252
806;SJV006010SJU;180;128;0.00207995
806;SJV006010SJU;183;128;0.00000765
806;SJV006010SJU;186;128;0.00051257
806;SJV006010SJU;187;128;0.00324830
806;SJV006010SJU;188;128;0.00069022
806;SJV006010SJU;189;128;0.00104442
806;SJV006010SJU;190;128;0.00072251
806;SJV006010SJU;191;128;0.00136427
806;SJV006010SJU;192;128;0.00302586
806;SJV006010SJU;171;129;0.00267153
806;SJV006010SJU;172;129;0.00268246
806;SJV006010SJU;173;129;0.00002855
806;SJV006010SJU;174;129;0.00041327
806;SJV006010SJU;176;129;0.00012434
806;SJV006010SJU;177;129;0.00008369
806;SJV006010SJU;178;129;0.00010292
806;SJV006010SJU;179;129;0.00018367
806;SJV006010SJU;180;129;0.00251362
806;SJV006010SJU;181;129;0.00018254
806;SJV006010SJU;182;129;0.00016520
806;SJV006010SJU;183;129;0.00024880
806;SJV006010SJU;184;129;0.00027717
806;SJV006010SJU;185;129;0.00027454
806;SJV006010SJU;186;129;0.00133382
806;SJV006010SJU;187;129;0.00376178
806;SJV006010SJU;188;129;0.00063442
806;SJV006010SJU;189;129;0.00105276
806;SJV006010SJU;190;129;0.00054438
806;SJV006010SJU;191;129;0.00899458
806;SJV006010SJU;192;129;0.01126813
806;SJV006010SJU;193;129;0.00077591
806;SJV006010SJU;170;130;0.00298851
806;SJV006010SJU;171;130;0.00241931
806;SJV006010SJU;174;130;0.00040296
806;SJV006010SJU;176;130;0.00003680
806;SJV006010SJU;178;130;0.00000534
806;SJV006010SJU;179;130;0.00033794
806;SJV006010SJU;180;130;0.00092773
806;SJV006010SJU;181;130;0.00196294
806;SJV006010SJU;183;130;0.00015347
806;SJV006010SJU;185;130;0.00028009
806;SJV006010SJU;186;130;0.00052874
806;SJV006010SJU;187;130;0.00362161
806;SJV006010SJU;188;130;0.00048938
806;SJV006010SJU;189;130;0.00088492
806;SJV006010SJU;190;130;0.00815963
806;SJV006010SJU;191;130;0.01269458
806;SJV006010SJU;192;130;0.00229103
806;SJV006010SJU;193;130;0.00121791
806;SJV006010SJU;194;130;0.00231641
806;SJV006010SJU;195;130;0.00051569
806;SJV006010SJU;196;130;0.00024763
806;SJV006010SJU;198;130;0.00006860
806;SJV006010SJU;169;131;0.00304885
806;SJV006010SJU;170;131;0.00223014
806;SJV006010SJU;171;131;0.00010989
806;SJV006010SJU;172;131;0.00010942
806;SJV006010SJU;173;131;0.00014015
806;SJV006010SJU;174;131;0.00051800
806;SJV006010SJU;175;131;0.00018462
806;SJV006010SJU;176;131;0.00023330
806;SJV006010SJU;177;131;0.00022135
806;SJV006010SJU;178;131;0.00085163
806;SJV006010SJU;179;131;0.00074742
806;SJV006010SJU;180;131;0.00042697
806;SJV006010SJU;181;131;0.00174214
806;SJV006010SJU;182;131;0.00207422
806;SJV006010SJU;183;131;0.00077833
806;SJV006010SJU;184;131;0.00065207
806;SJV006010SJU;185;131;0.00072144
806;SJV006010SJU;186;131;0.00116894
806;SJV006010SJU;187;131;0.00449357
806;SJV006010SJU;188;131;0.00105669
806;SJV006010SJU;189;131;0.00800112
806;SJV006010SJU;190;131;0.02042641
806;SJV006010SJU;191;131;0.00569374
806;SJV006010SJU;192;131;0.00676426
806;SJV006010SJU;193;131;0.00496513
806;SJV006010SJU;194;131;0.00616390
806;SJV006010SJU;195;131;0.00206973
806;SJV006010SJU;196;131;0.00153229
806;SJV006010SJU;197;131;0.00109966
806;SJV006010SJU;198;131;0.00034687
806;SJV006010SJU;168;132;0.00118320
806;SJV006010SJU;169;132;0.00351818
806;SJV006010SJU;170;132;0.00022231
806;SJV006010SJU;173;132;0.00002941
806;SJV006010SJU;174;132;0.00034787
806;SJV006010SJU;175;132;0.00021797
806;SJV006010SJU;176;132;0.00030925
806;SJV006010SJU;177;132;0.00067282
806;SJV006010SJU;178;132;0.00016602
806;SJV006010SJU;179;132;0.00066511
806;SJV006010SJU;180;132;0.00057225
806;SJV006010SJU;181;132;0.00104783
806;SJV006010SJU;182;132;0.00082136
806;SJV006010SJU;183;132;0.00177357
806;SJV006010SJU;184;132;0.00023220
806;SJV006010SJU;185;132;0.00046455
806;SJV006010SJU;186;132;0.00113797
806;SJV006010SJU;187;132;0.00508449
806;SJV006010SJU;188;132;0.00499313
806;SJV006010SJU;189;132;0.02300042
806;SJV006010SJU;190;132;0.00147840
806;SJV006010SJU;191;132;0.00097286
806;SJV006010SJU;192;132;0.00226137
806;SJV006010SJU;193;132;0.00019886
806;SJV006010SJU;194;132;0.00205870
806;SJV006010SJU;195;132;0.00077058
806;SJV006010SJU;196;132;0.00132394
806;SJV006010SJU;197;132;0.00151753
806;SJV006010SJU;198;132;0.00011420
806;SJV006010SJU;164;133;0.00039970
806;SJV006010SJU;168;133;0.00455022
806;SJV006010SJU;170;133;0.00006688
806;SJV006010SJU;171;133;0.00022128
806;SJV006010SJU;172;133;0.00013446
806;SJV006010SJU;173;133;0.00005618
806;SJV006010SJU;174;133;0.00034377
806;SJV006010SJU;175;133;0.00030975
806;SJV006010SJU;177;133;0.00016373
806;SJV006010SJU;178;133;0.00013358
806;SJV006010SJU;181;133;0.00113950
806;SJV006010SJU;183;133;0.00172077
806;SJV006010SJU;185;133;0.00008870
806;SJV006010SJU;186;133;0.00076949
806;SJV006010SJU;187;133;0.00793010
806;SJV006010SJU;188;133;0.02426946
806;SJV006010SJU;189;133;0.00304247
806;SJV006010SJU;190;133;0.00141230
806;SJV006010SJU;191;133;0.00191933
806;SJV006010SJU;192;133;0.00334404
806;SJV006010SJU;193;133;0.00081105
806;SJV006010SJU;194;133;0.00204558
806;SJV006010SJU;195;133;0.00007414
806;SJV006010SJU;196;133;0.00049727
806;SJV006010SJU;197;133;0.00097072
806;SJV006010SJU;198;133;0.00007447
806;SJV006010SJU;199;133;0.00009917
806;SJV006010SJU;200;133;0.00002797
806;SJV006010SJU;201;133;0.00001690
806;SJV006010SJU;204;133;0.00000938
806;SJV006010SJU;163;134;0.00056107
806;SJV006010SJU;164;134;0.00047023
806;SJV006010SJU;167;134;0.00253269
806;SJV006010SJU;168;134;0.00186625
806;SJV006010SJU;170;134;0.00007317
806;SJV006010SJU;172;134;0.00013749
806;SJV006010SJU;173;134;0.00022883
806;SJV006010SJU;174;134;0.00107072
806;SJV006010SJU;175;134;0.00207103
806;SJV006010SJU;176;134;0.00177502
806;SJV006010SJU;177;134;0.00178876
806;SJV006010SJU;178;134;0.00220490
806;SJV006010SJU;179;134;0.00210019
806;SJV006010SJU;180;134;0.00232724
806;SJV006010SJU;181;134;0.00381285
806;SJV006010SJU;182;134;0.00475335
806;SJV006010SJU;183;134;0.00646930
806;SJV006010SJU;184;134;0.00614422
806;SJV006010SJU;185;134;0.00620508
806;SJV006010SJU;186;134;0.00770629
806;SJV006010SJU;187;134;0.03890418
806;SJV006010SJU;188;134;0.00908034
806;SJV006010SJU;189;134;0.00889270
806;SJV006010SJU;190;134;0.00957694
806;SJV006010SJU;191;134;0.01165876
806;SJV006010SJU;192;134;0.00693137
806;SJV006010SJU;193;134;0.00423440
806;SJV006010SJU;194;134;0.00499685
806;SJV006010SJU;195;134;0.00217064
806;SJV006010SJU;196;134;0.00197064
806;SJV006010SJU;197;134;0.00139971
806;SJV006010SJU;198;134;0.00084428
806;SJV006010SJU;199;134;0.00073123
806;SJV006010SJU;200;134;0.00045249
806;SJV006010SJU;201;134;0.00045928
806;SJV006010SJU;202;134;0.00000786
806;SJV006010SJU;203;134;0.00001347
806;SJV006010SJU;204;134;0.00004054
806;SJV006010SJU;163;135;0.00014688
806;SJV006010SJU;164;135;0.00138744
806;SJV006010SJU;166;135;0.00004496
806;SJV006010SJU;167;135;0.00438081
806;SJV006010SJU;168;135;0.00028649
806;SJV006010SJU;169;135;0.00000641
806;SJV006010SJU;170;135;0.00013730
806;SJV006010SJU;171;135;0.00008609
806;SJV006010SJU;172;135;0.00013643
806;SJV006010SJU;173;135;0.00019946
806;SJV006010SJU;174;135;0.00252961
806;SJV006010SJU;179;135;0.00003274
806;SJV006010SJU;180;135;0.00059696
806;SJV006010SJU;181;135;0.00157894
806;SJV006010SJU;182;135;0.00042510
806;SJV006010SJU;183;135;0.00051058
806;SJV006010SJU;184;135;0.00079756
806;SJV006010SJU;185;135;0.00274277
806;SJV006010SJU;186;135;0.02499672
806;SJV006010SJU;187;135;0.04363595
806;SJV006010SJU;188;135;0.02855868
806;SJV006010SJU;189;135;0.01763370
806;SJV006010SJU;190;135;0.00506099
806;SJV006010SJU;191;135;0.00081800
806;SJV006010SJU;192;135;0.00096125
806;SJV006010SJU;193;135;0.00006705
806;SJV006010SJU;194;135;0.00035881
806;SJV006010SJU;195;135;0.00017212
806;SJV006010SJU;198;135;0.00019384
806;SJV006010SJU;199;135;0.00042936
806;SJV006010SJU;200;135;0.00037015
806;SJV006010SJU;201;135;0.00031899
806;SJV006010SJU;202;135;0.00029917
806;SJV006010SJU;203;135;0.00036305
806;SJV006010SJU;204;135;0.00000804
806;SJV006010SJU;164;136;0.00007755
806;SJV006010SJU;165;136;0.00106578
806;SJV006010SJU;166;136;0.00486209
806;SJV006010SJU;167;136;0.00098816
806;SJV006010SJU;168;136;0.00031845
806;SJV006010SJU;170;136;0.00010363
806;SJV006010SJU;173;136;0.00126354
806;SJV006010SJU;174;136;0.00041862
806;SJV006010SJU;179;136;0.00000118
806;SJV006010SJU;180;136;0.00009980
806;SJV006010SJU;181;136;0.00171359
806;SJV006010SJU;182;136;0.00182200
806;SJV006010SJU;183;136;0.00221293
806;SJV006010SJU;184;136;0.00325547
806;SJV006010SJU;185;136;0.01849800
806;SJV006010SJU;186;136;0.01719195
806;SJV006010SJU;187;136;0.03388022
806;SJV006010SJU;188;136;0.02733292
806;SJV006010SJU;189;136;0.01289436
806;SJV006010SJU;190;136;0.00491233
806;SJV006010SJU;191;136;0.00144035
806;SJV006010SJU;192;136;0.00096240
806;SJV006010SJU;193;136;0.00003146
806;SJV006010SJU;195;136;0.00005778
806;SJV006010SJU;196;136;0.00000093
806;SJV006010SJU;197;136;0.00000237
806;SJV006010SJU;198;136;0.00000096
806;SJV006010SJU;166;137;0.00503848
806;SJV006010SJU;167;137;0.00020619
806;SJV006010SJU;168;137;0.00062757
806;SJV006010SJU;169;137;0.00046700
806;SJV006010SJU;170;137;0.00060289
806;SJV006010SJU;171;137;0.00056805
806;SJV006010SJU;172;137;0.00046307
806;SJV006010SJU;173;137;0.00149022
806;SJV006010SJU;181;137;0.00018894
806;SJV006010SJU;184;137;0.00778599
806;SJV006010SJU;185;137;0.00910975
806;SJV006010SJU;186;137;0.01058436
806;SJV006010SJU;187;137;0.03193696
806;SJV006010SJU;188;137;0.01902550
806;SJV006010SJU;189;137;0.01583986
806;SJV006010SJU;190;137;0.00374322
806;SJV006010SJU;191;137;0.00033585
806;SJV006010SJU;192;137;0.00066131
806;SJV006010SJU;193;137;0.00000105
806;SJV006010SJU;194;137;0.00000243
806;SJV006010SJU;195;137;0.00000006
806;SJV006010SJU;196;137;0.00000691
806;SJV006010SJU;197;137;0.00000156
806;SJV006010SJU;165;138;0.00018696
806;SJV006010SJU;166;138;0.00017395
806;SJV006010SJU;168;138;0.00008584
806;SJV006010SJU;170;138;0.00003186
806;SJV006010SJU;171;138;0.00001375
806;SJV006010SJU;172;138;0.00075069
806;SJV006010SJU;173;138;0.00008360
806;SJV006010SJU;187;138;0.01378944
806;SJV006010SJU;188;138;0.00764981
806;SJV006010SJU;189;138;0.00433582
806;SJV006010SJU;190;138;0.00179999
806;SJV006010SJU;191;138;0.00076321
806;SJV006010SJU;192;138;0.00099389
806;SJV006010SJU;194;138;0.00000335
806;SJV006010SJU;196;138;0.00000087
806;SJV006010SJU;197;138;0.00000249
806;SJV006010SJU;198;138;0.00000149
806;SJV006010SJU;168;139;0.00009207
806;SJV006010SJU;170;139;0.00024811
806;SJV006010SJU;171;139;0.00027681
806;SJV006010SJU;172;139;0.00000485
806;SJV006010SJU;187;139;0.00104419
806;SJV006010SJU;188;139;0.00356412
806;SJV006010SJU;189;139;0.00169682
806;SJV006010SJU;192;139;0.00014171
806;SJV006010SJU;193;139;0.00052047
806;SJV006010SJU;194;139;0.00011922
806;SJV006010SJU;195;139;0.00000165
806;SJV006010SJU;197;139;0.00000108
806;SJV006010SJU;198;139;0.00000196
806;SJV006010SJU;168;140;0.00009279
806;SJV006010SJU;169;140;0.00027511
806;SJV006010SJU;170;140;0.00008236
806;SJV006010SJU;188;140;0.00150008
806;SJV006010SJU;189;140;0.00238621
806;SJV006010SJU;190;140;0.00146552
806;SJV006010SJU;193;140;0.00045908
806;SJV006010SJU;194;140;0.00001272
806;SJV006010SJU;195;140;0.00000046
806;SJV006010SJU;196;140;0.00000412
806;SJV006010SJU;197;140;0.00000132
806;SJV006010SJU;188;141;0.00104550
806;SJV006010SJU;189;141;0.00084349
806;SJV006010SJU;190;141;0.00174933
806;SJV006010SJU;191;141;0.00176911
806;SJV006010SJU;192;141;0.00041845
806;SJV006010SJU;193;141;0.00044868
806;SJV006010SJU;194;141;0.00046098
806;SJV006010SJU;195;141;0.00041202
806;SJV006010SJU;196;141;0.00003977
806;SJV006010SJU;191;142;0.00064958
806;SJV006010SJU;192;142;0.00117385
806;SJV006010SJU;193;142;0.00012536
806;SJV006010SJU;194;142;0.00004381
806;SJV006010SJU;195;142;0.00036372
806;SJV006010SJU;196;142;0.00010979
806;SJV006010SJU;202;142;0.00014071
806;SJV006010SJU;203;142;0.00011494
806;SJV006010SJU;204;142;0.00000306
806;SJV006010SJU;193;143;0.00129281
806;SJV006010SJU;194;143;0.00131943
806;SJV006010SJU;195;143;0.00115765
806;SJV006010SJU;196;143;0.00092416
806;SJV006010SJU;200;143;0.00005455
806;SJV006010SJU;201;143;0.00018528
806;SJV006010SJU;202;143;0.00000317
806;SJV006010SJU;193;144;0.00033666
806;SJV006010SJU;194;144;0.00002712
806;SJV006010SJU;196;144;0.00026458
806;SJV006010SJU;197;144;0.00119140
806;SJV006010SJU;198;144;0.00009735
806;SJV006010SJU;199;144;0.00009992
806;SJV006010SJU;200;144;0.00009154
806;SJV006010SJU;201;144;0.00002027
806;SJV006010SJU;193;145;0.00034078
806;SJV006010SJU;197;145;0.00036632
806;SJV006010SJU;193;146;0.00005770
806;SJV006010SJU;197;146;0.00016933
806;SJV006010SJU;198;146;0.00039889
806;SJV006010SJU;199;146;0.00040051
806;SJV006010SJU;200;146;0.00004076
806;SJV006010SJU;199;147;0.00023461
806;SJV006010SJU;200;147;0.00010439
806;SJV006010SJU;200;148;0.00049500
806;SJV006010SJU;200;149;0.00003635
806;GBV006002GBU;190;178;0.00381257
806;GBV006002GBU;181;181;0.00590986
806;GBV006002GBU;181;182;0.00096131
806;GBV006002GBU;182;182;0.00685122
806;GBV006002GBU;183;182;0.00674403
806;GBV006002GBU;183;183;0.00002732
806;GBV006002GBU;184;183;0.00677135
806;GBV006002GBU;185;183;0.00677135
806;GBV006002GBU;186;183;0.00153555
806;GBV006002GBU;186;184;0.01393704
806;GBV006002GBU;186;185;0.00196221
806;GBV006002GBU;187;185;0.01197484
806;GBV006002GBU;187;186;0.00703470
806;GBV006002GBU;188;186;0.00690235
806;GBV006002GBU;182;187;0.00842869
806;GBV006002GBU;187;187;0.08257293
806;GBV006002GBU;188;187;0.07712110
806;GBV006002GBU;189;187;0.06687720
806;GBV006002GBU;190;187;0.06687720
806;GBV006002GBU;191;187;0.00553606
806;GBV006002GBU;181;188;0.01688626
806;GBV006002GBU;182;188;0.00934622
806;GBV006002GBU;183;188;0.01432940
806;GBV006002GBU;186;188;0.05351031
806;GBV006002GBU;187;188;0.02682387
806;GBV006002GBU;183;189;0.01399806
806;GBV006002GBU;184;189;0.00361525
806;GBV006002GBU;186;189;0.08026138
806;GBV006002GBU;183;190;0.07279645
806;GBV006002GBU;184;190;0.12797824
806;GBV006002GBU;185;190;0.09379710
806;GBV006002GBU;186;190;0.06270795
806;GBV006002GBU;187;190;0.00651101
806;GBV006002GBU;187;191;0.02707098
806;GBV006002GBU;187;192;0.00175863
806;0SF0060210BA;129;164;0.01493635
806;0SF0060210BA;127;165;0.00002338
806;0SF0060210BA;129;165;0.08166861
806;0SF0060210BA;126;166;0.00009714
806;0SF0060210BA;127;166;0.00012101
806;0SF0060210BA;128;166;0.04961419
806;0SF0060210BA;129;166;0.02605558
806;0SF0060210BA;124;167;0.00005037
806;0SF0060210BA;125;167;0.00038567
806;0SF0060210BA;126;167;0.00004173
806;0SF0060210BA;127;167;0.00000633
806;0SF0060210BA;128;167;0.06924463
806;0SF0060210BA;129;167;0.00944141
806;0SF0060210BA;130;167;0.01465327
806;0SF0060210BA;124;168;0.00022346
806;0SF0060210BA;125;168;0.00023207
806;0SF0060210BA;126;168;0.00036611
806;0SF0060210BA;127;168;0.00005140
806;0SF0060210BA;128;168;0.05673640
806;0SF0060210BA;129;168;0.07312156
806;0SF0060210BA;130;168;0.00168601
806;0SF0060210BA;123;169;0.00006966
806;0SF0060210BA;124;169;0.00008921
806;0SF0060210BA;126;169;0.00045262
806;0SF0060210BA;127;169;0.00223718
806;0SF0060210BA;128;169;0.10747422
806;0SF0060210BA;129;169;0.00020713
806;0SF0060210BA;130;169;0.00000411
806;0SF0060210BA;123;170;0.00041680
806;0SF0060210BA;124;170;0.00026338
806;0SF0060210BA;125;170;0.00086611
806;0SF0060210BA;126;170;0.00038191
806;0SF0060210BA;127;170;0.00018101
806;0SF0060210BA;128;170;0.10011808
806;0SF0060210BA;122;171;0.00008220
806;0SF0060210BA;123;171;0.00116057
806;0SF0060210BA;124;171;0.00033537
806;0SF0060210BA;125;171;0.00051922
806;0SF0060210BA;127;171;0.00003579
806;0SF0060210BA;128;171;0.11220756
806;0SF0060210BA;121;172;0.00000677
806;0SF0060210BA;122;172;0.00004753
806;0SF0060210BA;124;172;0.00140225
806;0SF0060210BA;125;172;0.00005456
806;0SF0060210BA;126;172;0.00019529
806;0SF0060210BA;127;172;0.01076952
806;0SF0060210BA;128;172;0.08995521
806;0SF0060210BA;129;172;0.01920361
806;0SF0060210BA;121;173;0.00004560
806;0SF0060210BA;122;173;0.00000005
806;0SF0060210BA;124;173;0.00069577
806;0SF0060210BA;125;173;0.00108801
806;0SF0060210BA;126;173;0.00007112
806;0SF0060210BA;127;173;0.07382843
806;0SF0060210BA;128;173;0.00475153
806;0SF0060210BA;120;174;0.00002194
806;0SF0060210BA;121;174;0.00002119
806;0SF0060210BA;122;174;0.00000004
806;0SF0060210BA;123;174;0.00042480
806;0SF0060210BA;124;174;0.00055526
806;0SF0060210BA;125;174;0.00122114
806;0SF0060210BA;127;174;0.06713461
806;0SF0060210BA;128;174;0.00002584
806;0SF0060210BA;120;175;0.00003781
806;0SF0060210BA;120;176;0.00060229
806;0SF0060210BA;121;176;0.00040467
806;0SF0060210BA;122;176;0.00032357
806;0SF0060210BA;120;177;0.00030156
806;0SF0060210BA;121;177;0.00062794
806;0SF0060210BA;121;178;0.00032331
806;0SV006011GLE;136;206;0.00527628
806;0SV006011GLE;136;207;0.07111804
806;0SV006011GLE;140;207;0.00150733
806;0SV006011GLE;136;208;0.07111804
806;0SV006011GLE;140;208;0.00667516
806;0SV006011GLE;141;208;0.00436051
806;0SV006011GLE;142;208;0.00639224
806;0SV006011GLE;143;208;0.01890132
806;0SV006011GLE;136;209;0.07193631
806;0SV006011GLE;140;209;0.00431171
806;0SV006011GLE;142;209;0.00162436
806;0SV006011GLE;134;210;0.00515022
806;0SV006011GLE;135;210;0.01277291
806;0SV006011GLE;136;210;0.08905484
806;0SV006011GLE;137;210;0.00752875
806;0SV006011GLE;138;210;0.00752875
806;0SV006011GLE;139;210;0.00658018
806;0SV006011GLE;140;210;0.00750578
806;0SV006011GLE;142;210;0.00213033
806;0SV006011GLE;136;211;0.07427994
806;0SV006011GLE;140;211;0.00531336
806;0SV006011GLE;136;212;0.07447061
806;0SV006011GLE;140;212;0.00529059
806;0SV006011GLE;136;213;0.07447061
806;0SV006011GLE;140;213;0.00487842
806;0SV006011GLE;136;214;0.07447061
806;0SV006011GLE;140;214;0.00105204
806;0SV006011GLE;136;215;0.07447061
806;0SV006011GLE;140;215;0.00078965
806;0SV006011GLE;136;216;0.07841111
806;0SV006011GLE;137;216;0.01229531
806;0SV006011GLE;138;216;0.01337376
806;0SV006011GLE;139;216;0.01337376
806;0SV006011GLE;140;216;0.01482341
806;0SV006011GLE;136;217;0.07182116
806;0SV006011GLE;136;218;0.00494198
806;NEP006018LAS;181;215;0.02540195
806;NEP006018LAS;181;216;0.03670617
806;NEP006018LAS;180;217;0.02603351
806;NEP006018LAS;181;217;0.03306905
806;NEP006018LAS;181;218;0.01483671
806;NEP006018LAS;181;219;0.01483671
806;NEP006018LAS;181;220;0.01483671
806;NEP006018LAS;181;221;0.01687866
806;NEP006018LAS;180;222;0.00629876
806;NEP006018LAS;181;222;0.01232167
806;NEP006018LAS;179;223;0.00050835
806;NEP006018LAS;180;223;0.01811207
806;NEP006018LAS;179;224;0.01862043
806;NEP006018LAS;178;225;0.01774732
806;NEP006018LAS;179;225;0.00528205
806;NEP006018LAS;176;226;0.00954001
806;NEP006018LAS;177;226;0.01810469
806;NEP006018LAS;178;226;0.00185342
806;NEP006018LAS;174;227;0.01189696
806;NEP006018LAS;175;227;0.01625999
806;NEP006018LAS;176;227;0.00855059
806;NEP006018LAS;173;228;0.01119010
806;NEP006018LAS;174;228;0.00880357
806;NEP006018LAS;172;229;0.00676225
806;NEP006018LAS;173;229;0.01302130
806;NEP006018LAS;181;229;0.00005375
806;NEP006018LAS;182;229;0.00010469
806;NEP006018LAS;171;230;0.00136130
806;NEP006018LAS;172;230;0.01839506
806;NEP006018LAS;180;230;0.00029126
806;NEP006018LAS;181;230;0.00025642
806;NEP006018LAS;160;231;0.01090342
806;NEP006018LAS;161;231;0.01774754
806;NEP006018LAS;162;231;0.00769555
806;NEP006018LAS;170;231;0.00098086
806;NEP006018LAS;171;231;0.01984831
806;NEP006018LAS;172;231;0.00043851
806;NEP006018LAS;173;231;0.00036927
806;NEP006018LAS;178;231;0.00085924
806;NEP006018LAS;179;231;0.00047622
806;NEP006018LAS;180;231;0.00001891
806;NEP006018LAS;161;232;0.00391339
806;NEP006018LAS;162;232;0.00856394
806;NEP006018LAS;163;232;0.01625948
806;NEP006018LAS;164;232;0.00710039
806;NEP006018LAS;170;232;0.01702957
806;NEP006018LAS;173;232;0.00060635
806;NEP006018LAS;176;232;0.00057158
806;NEP006018LAS;177;232;0.00122040
806;NEP006018LAS;178;232;0.00036116
806;NEP006018LAS;161;233;0.00189158
806;NEP006018LAS;164;233;0.00923150
806;NEP006018LAS;165;233;0.01635937
806;NEP006018LAS;166;233;0.00567609
806;NEP006018LAS;169;233;0.01306322
806;NEP006018LAS;170;233;0.00952100
806;NEP006018LAS;171;233;0.00012977
806;NEP006018LAS;172;233;0.00012977
806;NEP006018LAS;173;233;0.00012522
806;NEP006018LAS;174;233;0.00055826
806;NEP006018LAS;175;233;0.00133999
806;NEP006018LAS;176;233;0.00064882
806;NEP006018LAS;161;234;0.00189158
806;NEP006018LAS;165;234;0.01059237
806;NEP006018LAS;166;234;0.02316783
806;NEP006018LAS;167;234;0.02682526
806;NEP006018LAS;168;234;0.03328616
806;NEP006018LAS;169;234;0.01041749
806;NEP006018LAS;175;234;0.00012832
806;NEP006018LAS;176;234;0.00098447
806;NEP006018LAS;160;235;0.00183898
806;NEP006018LAS;161;235;0.00005260
806;NEP006018LAS;162;235;0.00297062
806;NEP006018LAS;163;235;0.01424652
806;NEP006018LAS;164;235;0.01183625
806;NEP006018LAS;165;235;0.00246997
806;NEP006018LAS;169;235;0.00274778
806;NEP006018LAS;170;235;0.00263903
806;NEP006018LAS;176;235;0.00111279
806;NEP006018LAS;160;236;0.00189158
806;NEP006018LAS;161;236;0.00252542
806;NEP006018LAS;162;236;0.01378173
806;NEP006018LAS;170;236;0.00550127
806;NEP006018LAS;171;236;0.00065600
806;NEP006018LAS;176;236;0.00111279
806;NEP006018LAS;160;237;0.00305233
806;NEP006018LAS;161;237;0.01489697
806;NEP006018LAS;169;237;0.00412368
806;NEP006018LAS;170;237;0.00264113
806;NEP006018LAS;176;237;0.00111279
806;NEP006018LAS;159;238;0.00162798
806;NEP006018LAS;160;238;0.01632132
806;NEP006018LAS;169;238;0.00569774
806;NEP006018LAS;176;238;0.00111279
806;NEP006018LAS;158;239;0.00310433
806;NEP006018LAS;159;239;0.01782223
806;NEP006018LAS;160;239;0.00020392
806;NEP006018LAS;168;239;0.00415932
806;NEP006018LAS;169;239;0.00103314
806;NEP006018LAS;176;239;0.00060921
806;NEP006018LAS;177;239;0.00050359
806;NEP006018LAS;155;240;0.04066689
806;NEP006018LAS;156;240;0.01364466
806;NEP006018LAS;157;240;0.01473021
806;NEP006018LAS;158;240;0.01342424
806;NEP006018LAS;168;240;0.00519246
806;NEP006018LAS;176;240;0.00057117
806;NEP006018LAS;177;240;0.00069382
806;NEP006018LAS;168;241;0.00519246
806;NEP006018LAS;175;241;0.00005913
806;NEP006018LAS;176;241;0.00129511
806;NEP006018LAS;168;242;0.00547327
806;NEP006018LAS;175;242;0.00135424
806;NEP006018LAS;167;243;0.00468047
806;NEP006018LAS;168;243;0.00093342
806;NEP006018LAS;174;243;0.00090132
806;NEP006018LAS;175;243;0.00045292
806;NEP006018LAS;167;244;0.00551162
806;NEP006018LAS;173;244;0.00038928
806;NEP006018LAS;174;244;0.00096496
806;NEP006018LAS;167;245;0.00525268
806;NEP006018LAS;173;245;0.00135424
806;NEP006018LAS;167;246;0.00525268
806;NEP006018LAS;172;246;0.00196883
806;NEP006018LAS;173;246;0.00012276
806;NEP006018LAS;166;247;0.00336611
806;NEP006018LAS;167;247;0.00066067
806;NEP006018LAS;172;247;0.00258819
806;NEP006018LAS;166;248;0.00130453
806;NEP006018LAS;172;248;0.00258819
806;NEP006018LAS;165;249;0.00116541
806;NEP006018LAS;166;249;0.00013912
806;NEP006018LAS;172;249;0.00258819
806;NEP006018LAS;164;250;0.00044831
806;NEP006018LAS;165;250;0.00085622
806;NEP006018LAS;172;250;0.00258266
806;NEP006018LAS;157;251;0.00146816
806;NEP006018LAS;164;251;0.00124532
806;NEP006018LAS;172;251;0.00257805
806;NEP006018LAS;155;252;0.00240280
806;NEP006018LAS;156;252;0.00271960
806;NEP006018LAS;157;252;0.00222098
806;NEP006018LAS;158;252;0.00176875
806;NEP006018LAS;163;252;0.00048111
806;NEP006018LAS;164;252;0.00070568
806;NEP006018LAS;172;252;0.00257805
806;NEP006018LAS;158;253;0.00246057
806;NEP006018LAS;159;253;0.00312204
806;NEP006018LAS;160;253;0.00070019
806;NEP006018LAS;163;253;0.00118680
806;NEP006018LAS;171;253;0.00082620
806;NEP006018LAS;172;253;0.00175185
806;NEP006018LAS;159;254;0.00039326
806;NEP006018LAS;160;254;0.00205678
806;NEP006018LAS;161;254;0.00311700
806;NEP006018LAS;162;254;0.00124051
806;NEP006018LAS;163;254;0.00117930
806;NEP006018LAS;171;254;0.00257803
806;NEP006018LAS;159;255;0.00004038
806;NEP006018LAS;162;255;0.00043075
806;NEP006018LAS;171;255;0.00010397
806;0NC006008NCU;100;264;0.04893301
806;0NC006008NCU;100;265;0.05912773
806;0NC006008NCU;101;265;0.01076328
806;0NC006008NCU;100;266;0.06136012
806;0NC006008NCU;99;267;0.05500410
806;0NC006008NCU;100;267;0.00202646
806;0NC006008NCU;99;268;0.05246865
806;0NC006008NCU;99;269;0.05092973
806;0NC006008NCU;99;270;0.05513912
806;0NC006008NCU;97;271;0.00005691
806;0NC006008NCU;98;271;0.06513580
806;0NC006008NCU;99;271;0.00790458
806;0NC006008NCU;97;272;0.03516112
806;0NC006008NCU;98;272;0.04499522
806;0NC006008NCU;100;272;0.00147079
806;0NC006008NCU;98;273;0.06168194
806;0NC006008NCU;99;273;0.02027767
806;0NC006008NCU;100;273;0.02874900
806;0NC006008NCU;101;273;0.01015643
806;0NC006008NCU;98;274;0.00072756
806;0NC006008NCU;99;274;0.03032934
806;0NC006008NCU;101;274;0.01837219
806;0NC006008NCU;102;274;0.02040329
806;0NC006008NCU;103;274;0.02235198
806;0NC006008NCU;104;274;0.02249838
806;0NC006008NCU;105;274;0.00326913
806;0NC006008NCU;99;275;0.03506046
806;0NC006008NCU;105;275;0.01922924
806;0NC006008NCU;106;275;0.02125350
806;0NC006008NCU;98;276;0.00995841
806;0NC006008NCU;99;276;0.02858709
806;0NC006008NCU;106;276;0.01438456
806;0NC006008NCU;107;276;0.00793591
806;0NC006008NCU;97;277;0.01908113
806;0NC006008NCU;98;277;0.01893984
806;0NC006008NCU;107;277;0.02232047
806;0NC006008NCU;97;278;0.00964759
806;0NC006008NCU;107;278;0.00430828
806;0SF0060280BA;131;173;0.00974542
806;0SF0060280BA;134;173;0.02785991
806;0SF0060280BA;135;173;0.03719381
806;0SF0060280BA;134;174;0.06796687
806;0SF0060280BA;135;174;0.00474334
806;0SF0060280BA;134;175;0.10540446
806;0SF0060280BA;135;175;0.02677244
806;0SF0060280BA;132;176;0.02641162
806;0SF0060280BA;133;176;0.10048819
806;0SF0060280BA;134;176;0.07498324
806;0SF0060280BA;132;177;0.00004309
806;0SF0060280BA;133;177;0.06845848
806;0SF0060280BA;134;177;0.02103531
806;0SF0060280BA;137;177;0.00000011
806;0SF0060280BA;132;178;0.01609254
806;0SF0060280BA;133;178;0.07077030
806;0SF0060280BA;134;178;0.00701207
806;0SF0060280BA;135;178;0.00000679
806;0SF0060280BA;136;178;0.00003075
806;0SF0060280BA;137;178;0.00005968
806;0SF0060280BA;131;179;0.01710537
806;0SF0060280BA;132;179;0.04090906
806;0SF0060280BA;133;179;0.01417571
806;0SF0060280BA;135;179;0.00014381
806;0SF0060280BA;136;179;0.00008283
806;0SF0060280BA;130;180;0.02430474
806;0SF0060280BA;131;180;0.03717835
806;0SF0060280BA;132;180;0.02913826
806;0SF0060280BA;135;180;0.00014551
806;0SF0060280BA;131;181;0.03684693
806;0SF0060280BA;132;181;0.00094008
806;0SF0060280BA;135;181;0.00008176
806;0SF0060280BA;136;181;0.00008160
806;0SF0060280BA;130;182;0.01443043
806;0SF0060280BA;131;182;0.00900183
806;0SF0060280BA;134;182;0.00002537
806;0SF0060280BA;135;182;0.00017614
806;0SF0060280BA;129;183;0.00856548
806;0SF0060280BA;130;183;0.02220356
806;0SF0060280BA;135;183;0.00023096
806;0SF0060280BA;137;183;0.00821433
806;0SF0060280BA;138;183;0.00344835
806;0SF0060280BA;128;184;0.01041126
806;0SF0060280BA;129;184;0.01574274
806;0SF0060280BA;130;184;0.00691597
806;0SF0060280BA;135;184;0.00016380
806;0SF0060280BA;126;185;0.00142975
806;0SF0060280BA;127;185;0.02307868
806;0SF0060280BA;128;185;0.00764216
806;0SF0060280BA;130;185;0.00025538
806;0SF0060280BA;131;185;0.00011434
806;0SF0060280BA;134;185;0.00016225
806;0SF0060280BA;135;185;0.00001284
806;0SF0060280BA;126;186;0.00018577
806;0SF0060280BA;131;186;0.00039031
806;0SF0060280BA;132;186;0.00032618
806;0SF0060280BA;133;186;0.00043468
806;0SF0060280BA;134;186;0.00013079
806;0SF0060280BA;132;187;0.00009422
806;SCC006040SLO;194;84;0.00002309
806;SCC006040SLO;192;85;0.00048223
806;SCC006040SLO;193;85;0.00071947
806;SCC006040SLO;194;85;0.00057861
806;SCC006040SLO;170;86;0.00007174
806;SCC006040SLO;174;86;0.00008761
806;SCC006040SLO;194;86;0.00072826
806;SCC006040SLO;170;87;0.00239164
806;SCC006040SLO;171;87;0.00072761
806;SCC006040SLO;172;87;0.00310086
806;SCC006040SLO;173;87;0.01669425
806;SCC006040SLO;174;87;0.00090833
806;SCC006040SLO;175;87;0.00048149
806;SCC006040SLO;193;87;0.00000083
806;SCC006040SLO;194;87;0.00005069
806;SCC006040SLO;169;88;0.00009673
806;SCC006040SLO;170;88;0.00322605
806;SCC006040SLO;171;88;0.00396885
806;SCC006040SLO;172;88;0.02706643
806;SCC006040SLO;173;88;0.00009097
806;SCC006040SLO;175;88;0.00075518
806;SCC006040SLO;176;88;0.00105151
806;SCC006040SLO;177;88;0.00077951
806;SCC006040SLO;178;88;0.00008678
806;SCC006040SLO;179;88;0.00001174
806;SCC006040SLO;185;88;0.00004576
806;SCC006040SLO;192;88;0.00001503
806;SCC006040SLO;193;88;0.00005363
806;SCC006040SLO;169;89;0.00097753
806;SCC006040SLO;170;89;0.00424839
806;SCC006040SLO;171;89;0.02031189
806;SCC006040SLO;172;89;0.00157111
806;SCC006040SLO;176;89;0.00012140
806;SCC006040SLO;177;89;0.00004961
806;SCC006040SLO;179;89;0.00001688
806;SCC006040SLO;182;89;0.00005739
806;SCC006040SLO;183;89;0.00011730
806;SCC006040SLO;184;89;0.00010222
806;SCC006040SLO;185;89;0.00004412
806;SCC006040SLO;190;89;0.00003746
806;SCC006040SLO;191;89;0.00004456
806;SCC006040SLO;192;89;0.00003313
806;SCC006040SLO;169;90;0.02031093
806;SCC006040SLO;170;90;0.02663653
806;SCC006040SLO;171;90;0.00424912
806;SCC006040SLO;172;90;0.00004084
806;SCC006040SLO;173;90;0.00001584
806;SCC006040SLO;174;90;0.00000242
806;SCC006040SLO;180;90;0.00002725
806;SCC006040SLO;181;90;0.00009140
806;SCC006040SLO;182;90;0.00004955
806;SCC006040SLO;183;90;0.00001503
806;SCC006040SLO;188;90;0.00001533
806;SCC006040SLO;189;90;0.00005674
806;SCC006040SLO;190;90;0.00001024
806;SCC006040SLO;167;91;0.00164622
806;SCC006040SLO;168;91;0.03450396
806;SCC006040SLO;169;91;0.03371102
806;SCC006040SLO;170;91;0.00379456
806;SCC006040SLO;171;91;0.00082718
806;SCC006040SLO;172;91;0.00021214
806;SCC006040SLO;173;91;0.00007424
806;SCC006040SLO;174;91;0.00000645
806;SCC006040SLO;175;91;0.00000801
806;SCC006040SLO;183;91;0.00001277
806;SCC006040SLO;187;91;0.00004189
806;SCC006040SLO;188;91;0.00004955
806;SCC006040SLO;164;92;0.00081319
806;SCC006040SLO;165;92;0.00188620
806;SCC006040SLO;166;92;0.00310782
806;SCC006040SLO;167;92;0.03425895
806;SCC006040SLO;168;92;0.00010947
806;SCC006040SLO;169;92;0.00287363
806;SCC006040SLO;170;92;0.00221213
806;SCC006040SLO;171;92;0.00072057
806;SCC006040SLO;172;92;0.00027338
806;SCC006040SLO;173;92;0.00014063
806;SCC006040SLO;175;92;0.00000162
806;SCC006040SLO;176;92;0.00000779
806;SCC006040SLO;177;92;0.00000898
806;SCC006040SLO;178;92;0.00000369
806;SCC006040SLO;183;92;0.00000463
806;SCC006040SLO;184;92;0.00000507
806;SCC006040SLO;186;92;0.00005037
806;SCC006040SLO;187;92;0.00001050
806;SCC006040SLO;188;92;0.00000377
806;SCC006040SLO;163;93;0.00016939
806;SCC006040SLO;164;93;0.00088113
806;SCC006040SLO;166;93;0.00013969
806;SCC006040SLO;167;93;0.02934235
806;SCC006040SLO;168;93;0.00024536
806;SCC006040SLO;169;93;0.00613766
806;SCC006040SLO;170;93;0.00052547
806;SCC006040SLO;173;93;0.00006820
806;SCC006040SLO;174;93;0.00021709
806;SCC006040SLO;184;93;0.00000880
806;SCC006040SLO;185;93;0.00004928
806;SCC006040SLO;186;93;0.00002538
806;SCC006040SLO;163;94;0.00032313
806;SCC006040SLO;165;94;0.00000169
806;SCC006040SLO;166;94;0.00016734
806;SCC006040SLO;167;94;0.01702435
806;SCC006040SLO;168;94;0.04082865
806;SCC006040SLO;169;94;0.00239226
806;SCC006040SLO;170;94;0.00002269
806;SCC006040SLO;174;94;0.00008629
806;SCC006040SLO;184;94;0.00004919
806;SCC006040SLO;185;94;0.00002389
806;SCC006040SLO;163;95;0.00031201
806;SCC006040SLO;164;95;0.00071290
806;SCC006040SLO;165;95;0.00337678
806;SCC006040SLO;166;95;0.00357807
806;SCC006040SLO;167;95;0.00486638
806;SCC006040SLO;168;95;0.07255373
806;SCC006040SLO;169;95;0.01300690
806;SCC006040SLO;171;95;0.00000014
806;SCC006040SLO;172;95;0.00002649
806;SCC006040SLO;173;95;0.00002394
806;SCC006040SLO;174;95;0.00004264
806;SCC006040SLO;175;95;0.00000227
806;SCC006040SLO;183;95;0.00003779
806;SCC006040SLO;184;95;0.00003429
806;SCC006040SLO;164;96;0.00715881
806;SCC006040SLO;165;96;0.00002048
806;SCC006040SLO;166;96;0.01093923
806;SCC006040SLO;167;96;0.01112635
806;SCC006040SLO;168;96;0.00001060
806;SCC006040SLO;169;96;0.02902217
806;SCC006040SLO;171;96;0.00002508
806;SCC006040SLO;175;96;0.00001160
806;SCC006040SLO;177;96;0.00000355
806;SCC006040SLO;178;96;0.00003067
806;SCC006040SLO;182;96;0.00000454
806;SCC006040SLO;183;96;0.00043606
806;SCC006040SLO;184;96;0.00018060
806;SCC006040SLO;185;96;0.00004610
806;SCC006040SLO;186;96;0.00004579
806;SCC006040SLO;164;97;0.01438554
806;SCC006040SLO;165;97;0.01018232
806;SCC006040SLO;166;97;0.00078097
806;SCC006040SLO;168;97;0.02086039
806;SCC006040SLO;169;97;0.01026605
806;SCC006040SLO;170;97;0.00026887
806;SCC006040SLO;171;97;0.00029804
806;SCC006040SLO;172;97;0.00032062
806;SCC006040SLO;173;97;0.00011129
806;SCC006040SLO;175;97;0.00001518
806;SCC006040SLO;176;97;0.00004129
806;SCC006040SLO;177;97;0.00004507
806;SCC006040SLO;180;97;0.00024325
806;SCC006040SLO;181;97;0.00033488
806;SCC006040SLO;182;97;0.00045715
806;SCC006040SLO;183;97;0.00005636
806;SCC006040SLO;184;97;0.00003771
806;SCC006040SLO;185;97;0.00000032
806;SCC006040SLO;186;97;0.00001196
806;SCC006040SLO;187;97;0.00000147
806;SCC006040SLO;163;98;0.00378111
806;SCC006040SLO;164;98;0.00286157
806;SCC006040SLO;165;98;0.00011112
806;SCC006040SLO;169;98;0.02940252
806;SCC006040SLO;170;98;0.00153688
806;SCC006040SLO;172;98;0.00001743
806;SCC006040SLO;173;98;0.00001813
806;SCC006040SLO;176;98;0.00035879
806;SCC006040SLO;177;98;0.00033274
806;SCC006040SLO;178;98;0.00035731
806;SCC006040SLO;179;98;0.00039071
806;SCC006040SLO;180;98;0.00013931
806;SCC006040SLO;181;98;0.00006307
806;SCC006040SLO;161;99;0.00007259
806;SCC006040SLO;162;99;0.00163631
806;SCC006040SLO;163;99;0.00404300
806;SCC006040SLO;164;99;0.00013230
806;SCC006040SLO;165;99;0.00012963
806;SCC006040SLO;166;99;0.00022415
806;SCC006040SLO;167;99;0.00041839
806;SCC006040SLO;168;99;0.01829830
806;SCC006040SLO;169;99;0.01026483
806;SCC006040SLO;170;99;0.00042536
806;SCC006040SLO;171;99;0.00119712
806;SCC006040SLO;172;99;0.00094958
806;SCC006040SLO;174;99;0.00012589
806;SCC006040SLO;175;99;0.00010914
806;SCC006040SLO;176;99;0.00061738
806;SCC006040SLO;177;99;0.00012216
806;SCC006040SLO;178;99;0.00015292
806;SCC006040SLO;181;99;0.00006355
806;SCC006040SLO;182;99;0.00003465
806;SCC006040SLO;160;100;0.00045080
806;SCC006040SLO;161;100;0.00187119
806;SCC006040SLO;162;100;0.00006391
806;SCC006040SLO;163;100;0.00005622
806;SCC006040SLO;164;100;0.00008435
806;SCC006040SLO;165;100;0.00002309
806;SCC006040SLO;166;100;0.00032287
806;SCC006040SLO;167;100;0.00246532
806;SCC006040SLO;168;100;0.04240444
806;SCC006040SLO;169;100;0.00039180
806;SCC006040SLO;170;100;0.00007599
806;SCC006040SLO;171;100;0.00014357
806;SCC006040SLO;172;100;0.00017032
806;SCC006040SLO;173;100;0.00055003
806;SCC006040SLO;174;100;0.00048923
806;SCC006040SLO;175;100;0.00049112
806;SCC006040SLO;178;100;0.00003506
806;SCC006040SLO;181;100;0.00011163
806;SCC006040SLO;182;100;0.00005367
806;SCC006040SLO;159;101;0.00026785
806;SCC006040SLO;160;101;0.00185988
806;SCC006040SLO;162;101;0.00000519
806;SCC006040SLO;164;101;0.00010252
806;SCC006040SLO;165;101;0.00000887
806;SCC006040SLO;166;101;0.00017488
806;SCC006040SLO;167;101;0.02534825
806;SCC006040SLO;168;101;0.00804930
806;SCC006040SLO;169;101;0.00132870
806;SCC006040SLO;170;101;0.00071826
806;SCC006040SLO;171;101;0.00048228
806;SCC006040SLO;172;101;0.00059018
806;SCC006040SLO;173;101;0.00001999
806;SCC006040SLO;175;101;0.00005992
806;SCC006040SLO;178;101;0.00002738
806;SCC006040SLO;181;101;0.00005070
806;SCC006040SLO;158;102;0.00131285
806;SCC006040SLO;159;102;0.00448157
806;SCC006040SLO;160;102;0.00086134
806;SCC006040SLO;161;102;0.00087338
806;SCC006040SLO;162;102;0.00083585
806;SCC006040SLO;163;102;0.00084413
806;SCC006040SLO;164;102;0.00102734
806;SCC006040SLO;165;102;0.00163451
806;SCC006040SLO;166;102;0.00239395
806;SCC006040SLO;167;102;0.02582182
806;SCC006040SLO;168;102;0.00042575
806;SCC006040SLO;169;102;0.00184198
806;SCC006040SLO;170;102;0.00046665
806;SCC006040SLO;171;102;0.00133257
806;SCC006040SLO;172;102;0.00016530
806;SCC006040SLO;175;102;0.00005770
806;SCC006040SLO;177;102;0.00000684
806;SCC006040SLO;178;102;0.00000352
806;SCC006040SLO;180;102;0.00003285
806;SCC006040SLO;181;102;0.00001965
806;SCC006040SLO;158;103;0.00383529
806;SCC006040SLO;159;103;0.00051204
806;SCC006040SLO;160;103;0.00028987
806;SCC006040SLO;161;103;0.00006060
806;SCC006040SLO;162;103;0.00015039
806;SCC006040SLO;164;103;0.00034189
806;SCC006040SLO;165;103;0.00051902
806;SCC006040SLO;166;103;0.00042587
806;SCC006040SLO;167;103;0.02178818
806;SCC006040SLO;168;103;0.00140351
806;SCC006040SLO;169;103;0.00131695
806;SCC006040SLO;170;103;0.00216500
806;SCC006040SLO;171;103;0.00010299
806;SCC006040SLO;172;103;0.00013043
806;SCC006040SLO;173;103;0.00006892
806;SCC006040SLO;175;103;0.00006954
806;SCC006040SLO;176;103;0.00000849
806;SCC006040SLO;177;103;0.00000181
806;SCC006040SLO;179;103;0.00002216
806;SCC006040SLO;180;103;0.00003258
806;SCC006040SLO;157;104;0.00167483
806;SCC006040SLO;158;104;0.00018589
806;SCC006040SLO;159;104;0.00001307
806;SCC006040SLO;162;104;0.00005307
806;SCC006040SLO;163;104;0.00006428
806;SCC006040SLO;164;104;0.00058710
806;SCC006040SLO;166;104;0.00005315
806;SCC006040SLO;167;104;0.02529850
806;SCC006040SLO;168;104;0.01409628
806;SCC006040SLO;169;104;0.00040843
806;SCC006040SLO;170;104;0.00113611
806;SCC006040SLO;171;104;0.00017512
806;SCC006040SLO;173;104;0.00000393
806;SCC006040SLO;174;104;0.00014112
806;SCC006040SLO;175;104;0.00004744
806;SCC006040SLO;178;104;0.00001317
806;SCC006040SLO;179;104;0.00001947
806;SCC006040SLO;154;105;0.00033521
806;SCC006040SLO;155;105;0.00115036
806;SCC006040SLO;156;105;0.00121400
806;SCC006040SLO;157;105;0.00031026
806;SCC006040SLO;159;105;0.00000622
806;SCC006040SLO;160;105;0.00001162
806;SCC006040SLO;161;105;0.00001490
806;SCC006040SLO;162;105;0.00048224
806;SCC006040SLO;163;105;0.00072915
806;SCC006040SLO;164;105;0.00020513
806;SCC006040SLO;165;105;0.00004244
806;SCC006040SLO;166;105;0.00087112
806;SCC006040SLO;167;105;0.01523046
806;SCC006040SLO;168;105;0.01146938
806;SCC006040SLO;169;105;0.00822281
806;SCC006040SLO;170;105;0.00557225
806;SCC006040SLO;171;105;0.00505439
806;SCC006040SLO;172;105;0.00451918
806;SCC006040SLO;173;105;0.00441621
806;SCC006040SLO;174;105;0.00454939
806;SCC006040SLO;175;105;0.00216407
806;SCC006040SLO;177;105;0.00001898
806;SCC006040SLO;178;105;0.00003898
806;SCC006040SLO;154;106;0.00120049
806;SCC006040SLO;156;106;0.00008822
806;SCC006040SLO;157;106;0.00001136
806;SCC006040SLO;161;106;0.00046103
806;SCC006040SLO;162;106;0.00040055
806;SCC006040SLO;164;106;0.00118980
806;SCC006040SLO;165;106;0.00292800
806;SCC006040SLO;166;106;0.00246994
806;SCC006040SLO;167;106;0.00700844
806;SCC006040SLO;168;106;0.00023730
806;SCC006040SLO;169;106;0.00063669
806;SCC006040SLO;170;106;0.00006541
806;SCC006040SLO;171;106;0.00002030
806;SCC006040SLO;172;106;0.00025982
806;SCC006040SLO;175;106;0.00426858
806;SCC006040SLO;176;106;0.00127752
806;SCC006040SLO;177;106;0.00004176
806;SCC006040SLO;153;107;0.00009926
806;SCC006040SLO;154;107;0.00083420
806;SCC006040SLO;160;107;0.00008083
806;SCC006040SLO;161;107;0.00018572
806;SCC006040SLO;163;107;0.00215946
806;SCC006040SLO;164;107;0.00165406
806;SCC006040SLO;166;107;0.00000021
806;SCC006040SLO;167;107;0.00718517
806;SCC006040SLO;168;107;0.00010843
806;SCC006040SLO;169;107;0.00018607
806;SCC006040SLO;170;107;0.00032341
806;SCC006040SLO;172;107;0.00001724
806;SCC006040SLO;176;107;0.00475630
806;SCC006040SLO;177;107;0.00232778
806;SCC006040SLO;178;107;0.00194802
806;SCC006040SLO;153;108;0.00084033
806;SCC006040SLO;154;108;0.00024610
806;SCC006040SLO;160;108;0.00003573
806;SCC006040SLO;161;108;0.00012310
806;SCC006040SLO;162;108;0.00026909
806;SCC006040SLO;163;108;0.00129575
806;SCC006040SLO;166;108;0.00038266
806;SCC006040SLO;167;108;0.00940655
806;SCC006040SLO;168;108;0.00000745
806;SCC006040SLO;169;108;0.00011483
806;SCC006040SLO;176;108;0.00000124
806;SCC006040SLO;177;108;0.00260241
806;SCC006040SLO;178;108;0.00184946
806;SCC006040SLO;153;109;0.00048368
806;SCC006040SLO;161;109;0.00013372
806;SCC006040SLO;162;109;0.00032176
806;SCC006040SLO;163;109;0.00013758
806;SCC006040SLO;166;109;0.00128216
806;0SF0060410BA;136;148;0.00010176
806;0SF0060410BA;130;149;0.00000190
806;0SF0060410BA;131;149;0.00000055
806;0SF0060410BA;130;150;0.00000154
806;0SF0060410BA;132;150;0.00000064
806;0SF0060410BA;133;150;0.00013317
806;0SF0060410BA;134;150;0.00010635
806;0SF0060410BA;135;150;0.00011449
806;0SF0060410BA;136;150;0.00000226
806;0SF0060410BA;130;151;0.00000014
806;0SF0060410BA;131;151;0.00000432
806;0SF0060410BA;132;151;0.00000092
806;0SF0060410BA;133;151;0.00034440
806;0SF0060410BA;135;151;0.00001437
806;0SF0060410BA;130;152;0.00000201
806;0SF0060410BA;131;152;0.00000111
806;0SF0060410BA;133;152;0.00022809
806;0SF0060410BA;134;152;0.00011769
806;0SF0060410BA;135;152;0.00000312
806;0SF0060410BA;130;153;0.00000329
806;0SF0060410BA;132;153;0.00000021
806;0SF0060410BA;133;153;0.00004510
806;0SF0060410BA;134;153;0.01410241
806;0SF0060410BA;135;153;0.02429868
806;0SF0060410BA;130;154;0.00057718
806;0SF0060410BA;132;154;0.00000390
806;0SF0060410BA;133;154;0.02505856
806;0SF0060410BA;134;154;0.03286369
806;0SF0060410BA;135;154;0.00449387
806;0SF0060410BA;136;154;0.03190340
806;0SF0060410BA;137;154;0.00000151
806;0SF0060410BA;129;155;0.00014531
806;0SF0060410BA;130;155;0.00227551
806;0SF0060410BA;131;155;0.00270919
806;0SF0060410BA;132;155;0.01481785
806;0SF0060410BA;133;155;0.03178321
806;0SF0060410BA;134;155;0.03177092
806;0SF0060410BA;135;155;0.06084785
806;0SF0060410BA;136;155;0.03740096
806;0SF0060410BA;137;155;0.00102712
806;0SF0060410BA;128;156;0.00045770
806;0SF0060410BA;129;156;0.00064852
806;0SF0060410BA;131;156;0.00457166
806;0SF0060410BA;132;156;0.04437722
806;0SF0060410BA;133;156;0.02522476
806;0SF0060410BA;134;156;0.05131724
806;0SF0060410BA;135;156;0.00060940
806;0SF0060410BA;137;156;0.00047078
806;0SF0060410BA;128;157;0.00091232
806;0SF0060410BA;131;157;0.03977351
806;0SF0060410BA;132;157;0.00801168
806;0SF0060410BA;133;157;0.07613473
806;0SF0060410BA;134;157;0.00586602
806;0SF0060410BA;128;158;0.00078581
806;0SF0060410BA;129;158;0.00056146
806;0SF0060410BA;130;158;0.02230146
806;0SF0060410BA;131;158;0.05826161
806;0SF0060410BA;132;158;0.05592214
806;0SF0060410BA;133;158;0.00001179
806;0SF0060410BA;134;158;0.01999484
806;0SF0060410BA;135;158;0.01248038
806;0SF0060410BA;129;159;0.00228253
806;0SF0060410BA;130;159;0.03947780
806;0SF0060410BA;131;159;0.06182086
806;0SF0060410BA;129;160;0.01282176
806;0SF0060410BA;130;160;0.00647900
806;0SF0060410BA;131;160;0.07266489
806;0SF0060410BA;129;161;0.01126689
806;0SF0060410BA;130;161;0.00011111
806;0SF0060410BA;131;161;0.04707159
806;0MC006029NSI;159;196;0.00754952
806;0MC006029NSI;159;197;0.01817055
806;0MC006029NSI;160;197;0.00054427
806;0MC006029NSI;161;197;0.00028529
806;0MC006029NSI;159;198;0.01192682
806;0MC006029NSI;161;198;0.00038008
806;0MC006029NSI;159;199;0.01269802
806;0MC006029NSI;160;199;0.00122679
806;0MC006029NSI;161;199;0.00222095
806;0MC006029NSI;162;199;0.00240492
806;0MC006029NSI;157;200;0.00045285
806;0MC006029NSI;158;200;0.00108204
806;0MC006029NSI;160;200;0.01807633
806;0MC006029NSI;161;200;0.00008719
806;0MC006029NSI;162;200;0.00709544
806;0MC006029NSI;155;201;0.00656376
806;0MC006029NSI;156;201;0.01246431
806;0MC006029NSI;157;201;0.01282903
806;0MC006029NSI;158;201;0.01105514
806;0MC006029NSI;159;201;0.01105615
806;0MC006029NSI;160;201;0.02210350
806;0MC006029NSI;161;201;0.00757347
806;0MC006029NSI;162;201;0.00223150
806;0MC006029NSI;158;202;0.00185361
806;0MC006029NSI;159;202;0.00245871
806;0MC006029NSI;160;202;0.02783640
806;0MC006029NSI;161;202;0.00472684
806;0MC006029NSI;159;203;0.00296009
806;0MC006029NSI;160;203;0.00362177
806;0MC006029NSI;161;203;0.01433227
806;0MC006029NSI;162;203;0.00339993
806;0MC006029NSI;159;204;0.00282531
806;0MC006029NSI;162;204;0.00077545
806;0MC006029NSI;163;204;0.00483321
806;0MC006029NSI;164;204;0.00404052
806;0MC006029NSI;165;204;0.00401899
806;0MC006029NSI;166;204;0.00470744
806;0MC006029NSI;167;204;0.00536687
806;0MC006029NSI;168;204;0.00192934
806;0MC006029NSI;169;204;0.02962516
806;0MC006029NSI;170;204;0.03373313
806;0MC006029NSI;173;204;0.03497636
806;0MC006029NSI;174;204;0.03203019
806;0MC006029NSI;177;204;0.03543043
806;0MC006029NSI;178;204;0.03180497
806;0MC006029NSI;179;204;0.00081801
806;0MC006029NSI;158;205;0.00024584
806;0MC006029NSI;159;205;0.00146841
806;0MC006029NSI;170;205;0.02065735
806;0MC006029NSI;174;205;0.03382899
806;0MC006029NSI;175;205;0.06064969
806;0MC006029NSI;176;205;0.05930547
806;0MC006029NSI;177;205;0.02378471
806;0MC006029NSI;178;205;0.05269046
806;0MC006029NSI;179;205;0.04767072
806;0MC006029NSI;180;205;0.00000438
806;0MC006029NSI;159;206;0.00200270
806;0MC006029NSI;178;206;0.01292904
806;0MC006029NSI;179;206;0.00923656
806;0MC006029NSI;180;206;0.05553516
806;0MC006029NSI;181;206;0.07863165
806;0MC006029NSI;178;207;0.01255408
806;0MC006029NSI;181;207;0.05401936
806;0MC006029NSI;177;208;0.00114899
806;0MC006029NSI;178;208;0.00135427
806;0MC006029NSI;181;208;0.00072297
806;0MC006029NSI;182;208;0.01337625
806;SJV006039SJU;153;158;0.00840124
806;SJV006039SJU;154;158;0.00134288
806;SJV006039SJU;149;159;0.00018561
806;SJV006039SJU;150;159;0.00049298
806;SJV006039SJU;151;159;0.00079907
806;SJV006039SJU;152;159;0.00952371
806;SJV006039SJU;153;159;0.00563303
806;SJV006039SJU;154;159;0.00341664
806;SJV006039SJU;155;159;0.00164473
806;SJV006039SJU;150;160;0.00309148
806;SJV006039SJU;151;160;0.01023412
806;SJV006039SJU;152;160;0.00264335
806;SJV006039SJU;153;160;0.00509542
806;SJV006039SJU;154;160;0.00172150
806;SJV006039SJU;155;160;0.00222056
806;SJV006039SJU;156;160;0.00019164
806;SJV006039SJU;149;161;0.00544869
806;SJV006039SJU;150;161;0.00753923
806;SJV006039SJU;151;161;0.00642057
806;SJV006039SJU;152;161;0.00396083
806;SJV006039SJU;153;161;0.00383800
806;SJV006039SJU;154;161;0.00108759
806;SJV006039SJU;155;161;0.00015634
806;SJV006039SJU;156;161;0.00083854
806;SJV006039SJU;157;161;0.00000336
806;SJV006039SJU;158;161;0.00258983
806;SJV006039SJU;149;162;0.02228643
806;SJV006039SJU;150;162;0.04687948
806;SJV006039SJU;151;162;0.02572573
806;SJV006039SJU;152;162;0.02006509
806;SJV006039SJU;153;162;0.02087482
806;SJV006039SJU;154;162;0.00782910
806;SJV006039SJU;155;162;0.00051094
806;SJV006039SJU;156;162;0.00134409
806;SJV006039SJU;157;162;0.01140492
806;SJV006039SJU;158;162;0.02213295
806;SJV006039SJU;159;162;0.00148552
806;SJV006039SJU;160;162;0.00162482
806;SJV006039SJU;161;162;0.00161018
806;SJV006039SJU;162;162;0.00197872
806;SJV006039SJU;149;163;0.00189289
806;SJV006039SJU;150;163;0.00102617
806;SJV006039SJU;151;163;0.00184782
806;SJV006039SJU;152;163;0.00036709
806;SJV006039SJU;153;163;0.00119669
806;SJV006039SJU;154;163;0.02326652
806;SJV006039SJU;155;163;0.01170896
806;SJV006039SJU;156;163;0.01113817
806;SJV006039SJU;157;163;0.02153676
806;SJV006039SJU;158;163;0.00379386
806;SJV006039SJU;159;163;0.00290592
806;SJV006039SJU;160;163;0.00279389
806;SJV006039SJU;161;163;0.00523856
806;SJV006039SJU;162;163;0.00142566
806;SJV006039SJU;151;164;0.00136803
806;SJV006039SJU;153;164;0.00059266
806;SJV006039SJU;154;164;0.00303011
806;SJV006039SJU;155;164;0.01735422
806;SJV006039SJU;156;164;0.01924858
806;SJV006039SJU;157;164;0.00258432
806;SJV006039SJU;158;164;0.00340759
806;SJV006039SJU;159;164;0.00058507
806;SJV006039SJU;160;164;0.00165059
806;SJV006039SJU;161;164;0.00244964
806;SJV006039SJU;162;164;0.00088396
806;SJV006039SJU;151;165;0.00133094
806;SJV006039SJU;152;165;0.00121112
806;SJV006039SJU;153;165;0.00069711
806;SJV006039SJU;154;165;0.00078619
806;SJV006039SJU;155;165;0.01899492
806;SJV006039SJU;156;165;0.01537331
806;SJV006039SJU;157;165;0.00121657
806;SJV006039SJU;158;165;0.00113760
806;SJV006039SJU;159;165;0.00152524
806;SJV006039SJU;160;165;0.00193068
806;SJV006039SJU;161;165;0.00139055
806;SJV006039SJU;162;165;0.00121037
806;SJV006039SJU;149;166;0.00276805
806;SJV006039SJU;150;166;0.00289780
806;SJV006039SJU;151;166;0.00332083
806;SJV006039SJU;152;166;0.00003101
806;SJV006039SJU;153;166;0.00064147
806;SJV006039SJU;154;166;0.00111633
806;SJV006039SJU;155;166;0.02371447
806;SJV006039SJU;156;166;0.01583046
806;SJV006039SJU;157;166;0.00241769
806;SJV006039SJU;158;166;0.00287223
806;SJV006039SJU;159;166;0.00066629
806;SJV006039SJU;160;166;0.00035317
806;SJV006039SJU;161;166;0.00104696
806;SJV006039SJU;162;166;0.00090931
806;SJV006039SJU;150;167;0.00001561
806;SJV006039SJU;151;167;0.00038545
806;SJV006039SJU;152;167;0.00243675
806;SJV006039SJU;153;167;0.00275453
806;SJV006039SJU;154;167;0.01929039
806;SJV006039SJU;155;167;0.02483291
806;SJV006039SJU;156;167;0.01937035
806;SJV006039SJU;157;167;0.00258996
806;SJV006039SJU;158;167;0.00232078
806;SJV006039SJU;159;167;0.00155384
806;SJV006039SJU;160;167;0.00202513
806;SJV006039SJU;161;167;0.00234456
806;SJV006039SJU;162;167;0.00175145
806;SJV006039SJU;153;168;0.00391871
806;SJV006039SJU;154;168;0.02893818
806;SJV006039SJU;155;168;0.02106408
806;SJV006039SJU;156;168;0.01282226
806;SJV006039SJU;157;168;0.00208457
806;SJV006039SJU;158;168;0.00157768
806;SJV006039SJU;159;168;0.00114774
806;SJV006039SJU;160;168;0.00169984
806;SJV006039SJU;161;168;0.00119332
806;SJV006039SJU;162;168;0.00073144
806;SJV006039SJU;153;169;0.01400344
806;SJV006039SJU;154;169;0.01378788
806;SJV006039SJU;155;169;0.02299523
806;SJV006039SJU;156;169;0.00265023
806;SJV006039SJU;157;169;0.00138252
806;SJV006039SJU;158;169;0.00211628
806;SJV006039SJU;159;169;0.00155171
806;SJV006039SJU;160;169;0.00090463
806;SJV006039SJU;161;169;0.00034406
806;SJV006039SJU;162;169;0.00026166
806;SJV006039SJU;150;170;0.00000029
806;SJV006039SJU;151;170;0.00000417
806;SJV006039SJU;152;170;0.00008124
806;SJV006039SJU;153;170;0.01323153
806;SJV006039SJU;154;170;0.00723070
806;SJV006039SJU;155;170;0.01594348
806;SJV006039SJU;156;170;0.00180447
806;SJV006039SJU;157;170;0.00203836
806;SJV006039SJU;158;170;0.00162083
806;SJV006039SJU;159;170;0.00138294
806;SJV006039SJU;160;170;0.00128244
806;SJV006039SJU;161;170;0.00074031
806;SJV006039SJU;162;170;0.00003131
806;SJV006039SJU;153;171;0.01140806
806;SJV006039SJU;154;171;0.00324670
806;SJV006039SJU;155;171;0.01260086
806;SJV006039SJU;156;171;0.00080676
806;SJV006039SJU;157;171;0.00145016
806;SJV006039SJU;158;171;0.00109089
806;SJV006039SJU;159;171;0.00090139
806;SJV006039SJU;161;171;0.00043434
806;SJV006039SJU;162;171;0.01411954
806;SJV006039SJU;149;172;0.00009576
806;SJV006039SJU;150;172;0.00189597
806;SJV006039SJU;151;172;0.00475653
806;SJV006039SJU;152;172;0.01275033
806;SJV006039SJU;153;172;0.00334644
806;SJV006039SJU;154;172;0.00513436
806;SJV006039SJU;155;172;0.01771160
806;SJV006039SJU;156;172;0.00224085
806;SJV006039SJU;157;172;0.00286750
806;SJV006039SJU;158;172;0.00106198
806;SJV006039SJU;159;172;0.00086763
806;SJV006039SJU;152;173;0.00776313
806;SJV006039SJU;153;173;0.00116032
806;SJV006039SJU;154;173;0.00244804
806;SJV006039SJU;155;173;0.00940394
806;SJV006039SJU;156;173;0.00137802
806;SJV006039SJU;157;173;0.00091362
806;SJV006039SJU;158;173;0.00298406
806;SJV006039SJU;159;173;0.00071535
806;SJV006039SJU;160;173;0.00002579
806;SJV006039SJU;152;174;0.00905607
806;SJV006039SJU;153;174;0.00106056
806;SJV006039SJU;154;174;0.00084176
806;SJV006039SJU;155;174;0.00882899
806;SJV006039SJU;156;174;0.00153899
806;SJV006039SJU;157;174;0.00169879
806;SJV006039SJU;158;174;0.00047569
806;SJV006039SJU;159;174;0.00348037
806;SJV006039SJU;160;174;0.00676809
806;SJV006039SJU;161;174;0.00638849
806;SJV006039SJU;150;175;0.00149531
806;SJV006039SJU;151;175;0.00225005
806;SJV006039SJU;152;175;0.00943652
806;SJV006039SJU;155;175;0.00877584
806;SJV006039SJU;156;175;0.00068079
806;SJV006039SJU;157;175;0.00064665
806;SJV006039SJU;158;175;0.00025249
806;SJV006039SJU;159;175;0.00048018
806;SJV006039SJU;160;175;0.00195817
806;SJV006039SJU;161;175;0.00014923
806;SJV006039SJU;151;176;0.00063996
806;SJV006039SJU;152;176;0.00027577
806;SJV006039SJU;157;176;0.00004710
806;SJV006039SJU;160;176;0.01573939
806;SJV006039SJU;161;176;0.00625750
806;0SC0060360SC;233;59;0.00028005
806;0SC0060360SC;234;59;0.00000636
806;0SC0060360SC;235;59;0.00001482
806;0SC0060360SC;236;59;0.00368467
806;0SC0060360SC;237;59;0.00045540
806;0SC0060360SC;233;60;0.00021882
806;0SC0060360SC;234;60;0.00210357
806;0SC0060360SC;235;60;0.00720365
806;0SC0060360SC;236;60;0.00418729
806;0SC0060360SC;237;60;0.00204803
806;0SC0060360SC;238;60;0.00000047
806;0SC0060360SC;233;61;0.00079428
806;0SC0060360SC;234;61;0.00777974
806;0SC0060360SC;235;61;0.00997586
806;0SC0060360SC;236;61;0.00614859
806;0SC0060360SC;237;61;0.00349211
806;0SC0060360SC;238;61;0.00189285
806;0SC0060360SC;247;61;0.00004914
806;0SC0060360SC;248;61;0.00003236
806;0SC0060360SC;234;62;0.00423164
806;0SC0060360SC;235;62;0.02791217
806;0SC0060360SC;236;62;0.02947881
806;0SC0060360SC;237;62;0.03350175
806;0SC0060360SC;238;62;0.03429433
806;0SC0060360SC;239;62;0.00554950
806;0SC0060360SC;240;62;0.00089190
806;0SC0060360SC;241;62;0.00083819
806;0SC0060360SC;242;62;0.00177616
806;0SC0060360SC;243;62;0.00781276
806;0SC0060360SC;244;62;0.00643157
806;0SC0060360SC;245;62;0.00036189
806;0SC0060360SC;246;62;0.00057293
806;0SC0060360SC;247;62;0.00445858
806;0SC0060360SC;248;62;0.01617216
806;0SC0060360SC;249;62;0.01701014
806;0SC0060360SC;250;62;0.00117116
806;0SC0060360SC;251;62;0.00016228
806;0SC0060360SC;252;62;0.00001638
806;0SC0060360SC;235;63;0.02808311
806;0SC0060360SC;236;63;0.03606927
806;0SC0060360SC;237;63;0.04277775
806;0SC0060360SC;238;63;0.05615344
806;0SC0060360SC;239;63;0.02617574
806;0SC0060360SC;240;63;0.02172262
806;0SC0060360SC;241;63;0.01947884
806;0SC0060360SC;242;63;0.01901977
806;0SC0060360SC;243;63;0.01657113
806;0SC0060360SC;244;63;0.02934854
806;0SC0060360SC;245;63;0.01986104
806;0SC0060360SC;246;63;0.02024412
806;0SC0060360SC;247;63;0.01837731
806;0SC0060360SC;248;63;0.00097444
806;0SC0060360SC;249;63;0.00039693
806;0SC0060360SC;250;63;0.00065119
806;0SC0060360SC;251;63;0.00004256
806;0SC0060360SC;235;64;0.00899941
806;0SC0060360SC;236;64;0.00470727
806;0SC0060360SC;237;64;0.00394978
806;0SC0060360SC;238;64;0.00830129
806;0SC0060360SC;239;64;0.02131130
806;0SC0060360SC;240;64;0.00537030
806;0SC0060360SC;241;64;0.00378518
806;0SC0060360SC;242;64;0.00316085
806;0SC0060360SC;243;64;0.00315344
806;0SC0060360SC;244;64;0.01510190
806;0SC0060360SC;245;64;0.00306147
806;0SC0060360SC;246;64;0.00692840
806;0SC0060360SC;247;64;0.00088704
806;0SC0060360SC;248;64;0.00030910
806;0SC0060360SC;249;64;0.00021495
806;0SC0060360SC;250;64;0.00041486
806;0SC0060360SC;251;64;0.00032935
806;0SC0060360SC;252;64;0.00018025
806;0SC0060360SC;235;65;0.00294221
806;0SC0060360SC;236;65;0.01702040
806;0SC0060360SC;237;65;0.01723426
806;0SC0060360SC;238;65;0.01674813
806;0SC0060360SC;239;65;0.02031066
806;0SC0060360SC;240;65;0.03046167
806;0SC0060360SC;241;65;0.01179744
806;0SC0060360SC;242;65;0.01089747
806;0SC0060360SC;243;65;0.01476164
806;0SC0060360SC;244;65;0.01729783
806;0SC0060360SC;245;65;0.00924048
806;0SC0060360SC;246;65;0.00780670
806;0SC0060360SC;247;65;0.00020326
806;0SC0060360SC;251;65;0.00026513
806;0SC0060360SC;240;66;0.00794009
806;0SC0060360SC;241;66;0.01923881
806;0SC0060360SC;242;66;0.00147981
806;0SC0060360SC;243;66;0.00892484
806;0SC0060360SC;244;66;0.00184151
806;0SC0060360SC;245;66;0.00028856
806;0SC0060360SC;246;66;0.00005473
806;0SC0060360SC;247;66;0.00192964
806;0SC0060360SC;251;66;0.00011715
806;0SC0060360SC;252;66;0.00025207
806;0SC0060360SC;253;66;0.00026963
806;0SC0060360SC;254;66;0.00013193
806;0SC0060360SC;255;66;0.00013185
806;0SC0060360SC;256;66;0.00011683
806;0SC0060360SC;257;66;0.00002821
806;0SC0060360SC;239;67;0.00000960
806;0SC0060360SC;240;67;0.00021447
806;0SC0060360SC;241;67;0.02396063
806;0SC0060360SC;242;67;0.00706517
806;0SC0060360SC;243;67;0.00010323
806;0SC0060360SC;244;67;0.00155092
806;0SC0060360SC;245;67;0.00043579
806;0SC0060360SC;247;67;0.00115174
806;0SC0060360SC;248;67;0.00080006
806;0SC0060360SC;249;67;0.00043289
806;0SC0060360SC;250;67;0.00002860
806;0SC0060360SC;256;67;0.00002649
806;0SC0060360SC;257;67;0.00014277
806;0SC0060360SC;239;68;0.00004475
806;0SC0060360SC;240;68;0.01431750
806;0SC0060360SC;241;68;0.01836370
806;0SC0060360SC;242;68;0.00000124
806;0SC0060360SC;244;68;0.00064613
806;0SC0060360SC;245;68;0.00024070
806;0SC0060360SC;246;68;0.00051824
806;0SC0060360SC;247;68;0.00016844
806;0SC0060360SC;248;68;0.00002917
806;0SC0060360SC;249;68;0.00014815
806;0SC0060360SC;250;68;0.00074722
806;0SC0060360SC;251;68;0.00049963
806;0SC0060360SC;252;68;0.00044827
806;0SC0060360SC;253;68;0.00044821
806;0SC0060360SC;254;68;0.00005886
806;0SC0060360SC;255;68;0.00033016
806;0SC0060360SC;256;68;0.00014287
806;0SC0060360SC;240;69;0.01667441
806;0SC0060360SC;243;69;0.00020380
806;0SC0060360SC;244;69;0.00006886
806;0SC0060360SC;246;69;0.00025122
806;0SC0060360SC;247;69;0.00003972
806;0SC0060360SC;253;69;0.00011853
806;0SC0060360SC;254;69;0.00032640
806;0SC0060360SC;255;69;0.00023453
806;0SC0060360SC;256;69;0.00004653
806;0SC0060360SC;255;70;0.00010112
806;0SV0060510FR;149;189;0.00010938
806;0SV0060510FR;150;189;0.05605233
806;0SV0060510FR;151;189;0.00314353
806;0SV0060510FR;146;190;0.00000241
806;0SV0060510FR;150;190;0.05464916
806;0SV0060510FR;151;190;0.00071178
806;0SV0060510FR;146;191;0.01046850
806;0SV0060510FR;148;191;0.00002702
806;0SV0060510FR;149;191;0.00017860
806;0SV0060510FR;150;191;0.05466347
806;0SV0060510FR;151;191;0.00085116
806;0SV0060510FR;146;192;0.01008104
806;0SV0060510FR;149;192;0.01696420
806;0SV0060510FR;150;192;0.04046906
806;0SV0060510FR;151;192;0.00105802
806;0SV0060510FR;146;193;0.01036824
806;0SV0060510FR;148;193;0.00661875
806;0SV0060510FR;149;193;0.02400496
806;0SV0060510FR;150;193;0.03055285
806;0SV0060510FR;151;193;0.00103173
806;0SV0060510FR;145;194;0.00147294
806;0SV0060510FR;146;194;0.00211827
806;0SV0060510FR;147;194;0.00650321
806;0SV0060510FR;148;194;0.02271178
806;0SV0060510FR;149;194;0.00228367
806;0SV0060510FR;150;194;0.02868874
806;0SV0060510FR;151;194;0.00023000
806;0SV0060510FR;145;195;0.00105824
806;0SV0060510FR;147;195;0.00789782
806;0SV0060510FR;148;195;0.02376300
806;0SV0060510FR;150;195;0.02160319
806;0SV0060510FR;151;195;0.00297081
806;0SV0060510FR;152;195;0.00153359
806;0SV0060510FR;145;196;0.00094061
806;0SV0060510FR;147;196;0.00781555
806;0SV0060510FR;148;196;0.02771212
806;0SV0060510FR;151;196;0.00120380
806;0SV0060510FR;144;197;0.00085275
806;0SV0060510FR;145;197;0.00016002
806;0SV0060510FR;147;197;0.00359792
806;0SV0060510FR;148;197;0.02778898
806;0SV0060510FR;144;198;0.00090297
806;0SV0060510FR;147;198;0.00680735
806;0SV0060510FR;148;198;0.03782400
806;0SV0060510FR;143;199;0.00115579
806;0SV0060510FR;144;199;0.00088742
806;0SV0060510FR;145;199;0.00006995
806;0SV0060510FR;146;199;0.00148456
806;0SV0060510FR;147;199;0.01539877
806;0SV0060510FR;148;199;0.08812698
806;0SV0060510FR;142;200;0.00852127
806;0SV0060510FR;143;200;0.01324372
806;0SV0060510FR;144;200;0.01313306
806;0SV0060510FR;145;200;0.01489416
806;0SV0060510FR;146;200;0.02177137
806;0SV0060510FR;147;200;0.03315175
806;0SV0060510FR;148;200;0.11849671
806;0SV0060510FR;146;201;0.00032012
806;0SV0060510FR;147;201;0.00244731
806;0SV0060510FR;148;201;0.03071255
806;0SV0060510FR;147;202;0.01050904
806;0SV0060510FR;148;202;0.02253832
806;0SV0060510FR;145;203;0.00044622
806;0SV0060510FR;146;203;0.00078478
806;0SV0060510FR;147;203;0.03067515
806;0SV0060510FR;147;204;0.01078348
806;0SC0060330SC;247;46;0.00000167
806;0SC0060330SC;248;46;0.00739800
806;0SC0060330SC;249;46;0.00007550
806;0SC0060330SC;250;46;0.00000186
806;0SC0060330SC;254;46;0.00017045
806;0SC0060330SC;255;46;0.00014012
806;0SC0060330SC;247;47;0.00016464
806;0SC0060330SC;248;47;0.01101386
806;0SC0060330SC;249;47;0.00231166
806;0SC0060330SC;250;47;0.00069799
806;0SC0060330SC;251;47;0.00037366
806;0SC0060330SC;252;47;0.00035122
806;0SC0060330SC;253;47;0.00039246
806;0SC0060330SC;254;47;0.00022435
806;0SC0060330SC;255;47;0.00037586
806;0SC0060330SC;247;48;0.00109508
806;0SC0060330SC;248;48;0.01704423
806;0SC0060330SC;249;48;0.00125049
806;0SC0060330SC;250;48;0.00043849
806;0SC0060330SC;251;48;0.00009054
806;0SC0060330SC;254;48;0.00000239
806;0SC0060330SC;255;48;0.00016087
806;0SC0060330SC;256;48;0.00042294
806;0SC0060330SC;260;48;0.00010726
806;0SC0060330SC;245;49;0.00016918
806;0SC0060330SC;246;49;0.00019487
806;0SC0060330SC;247;49;0.01855337
806;0SC0060330SC;248;49;0.00464615
806;0SC0060330SC;249;49;0.00113065
806;0SC0060330SC;250;49;0.00030442
806;0SC0060330SC;251;49;0.00012037
806;0SC0060330SC;252;49;0.00003747
806;0SC0060330SC;253;49;0.00000189
806;0SC0060330SC;254;49;0.00002098
806;0SC0060330SC;256;49;0.00009176
806;0SC0060330SC;257;49;0.00041109
806;0SC0060330SC;258;49;0.00017402
806;0SC0060330SC;259;49;0.00002651
806;0SC0060330SC;260;49;0.00013131
806;0SC0060330SC;241;50;0.00038172
806;0SC0060330SC;242;50;0.00011349
806;0SC0060330SC;243;50;0.00000810
806;0SC0060330SC;245;50;0.00033948
806;0SC0060330SC;246;50;0.01605861
806;0SC0060330SC;247;50;0.00624319
806;0SC0060330SC;248;50;0.00082272
806;0SC0060330SC;249;50;0.00071359
806;0SC0060330SC;250;50;0.00010890
806;0SC0060330SC;251;50;0.00002219
806;0SC0060330SC;252;50;0.00007359
806;0SC0060330SC;253;50;0.00001545
806;0SC0060330SC;257;50;0.00003989
806;0SC0060330SC;258;50;0.00021279
806;0SC0060330SC;259;50;0.00039821
806;0SC0060330SC;260;50;0.00044312
806;0SC0060330SC;261;50;0.00044016
806;0SC0060330SC;262;50;0.00039443
806;0SC0060330SC;242;51;0.00064561
806;0SC0060330SC;243;51;0.00071092
806;0SC0060330SC;244;51;0.00038168
806;0SC0060330SC;245;51;0.01481245
806;0SC0060330SC;246;51;0.00184831
806;0SC0060330SC;247;51;0.00504319
806;0SC0060330SC;248;51;0.00038720
806;0SC0060330SC;249;51;0.00110666
806;0SC0060330SC;252;51;0.00010239
806;0SC0060330SC;253;51;0.00000729
806;0SC0060330SC;256;51;0.00001990
806;0SC0060330SC;257;51;0.00026095
806;0SC0060330SC;258;51;0.00006017
806;0SC0060330SC;260;51;0.00010151
806;0SC0060330SC;261;51;0.00000213
806;0SC0060330SC;242;52;0.00091886
806;0SC0060330SC;243;52;0.00124779
806;0SC0060330SC;244;52;0.01229877
806;0SC0060330SC;245;52;0.00890681
806;0SC0060330SC;246;52;0.00102956
806;0SC0060330SC;247;52;0.00491226
806;0SC0060330SC;248;52;0.00084639
806;0SC0060330SC;249;52;0.00090881
806;0SC0060330SC;252;52;0.00014674
806;0SC0060330SC;253;52;0.00000664
806;0SC0060330SC;255;52;0.00008289
806;0SC0060330SC;256;52;0.00016353
806;0SC0060330SC;258;52;0.00001181
806;0SC0060330SC;259;52;0.00007240
806;0SC0060330SC;260;52;0.00003131
806;0SC0060330SC;242;53;0.00027816
806;0SC0060330SC;243;53;0.01330247
806;0SC0060330SC;244;53;0.00736704
806;0SC0060330SC;245;53;0.00051699
806;0SC0060330SC;246;53;0.00081053
806;0SC0060330SC;247;53;0.00704308
806;0SC0060330SC;248;53;0.00152202
806;0SC0060330SC;249;53;0.00156514
806;0SC0060330SC;250;53;0.00096466
806;0SC0060330SC;251;53;0.00017540
806;0SC0060330SC;252;53;0.00042114
806;0SC0060330SC;253;53;0.00013042
806;0SC0060330SC;254;53;0.00001286
806;0SC0060330SC;255;53;0.00016586
806;0SC0060330SC;257;53;0.00002173
806;0SC0060330SC;258;53;0.00007710
806;0SC0060330SC;259;53;0.00005265
806;0SC0060330SC;240;54;0.00002165
806;0SC0060330SC;241;54;0.01578795
806;0SC0060330SC;242;54;0.01448427
806;0SC0060330SC;243;54;0.00648105
806;0SC0060330SC;244;54;0.00009810
806;0SC0060330SC;245;54;0.00126882
806;0SC0060330SC;246;54;0.00049861
806;0SC0060330SC;247;54;0.00630735
806;0SC0060330SC;248;54;0.00158665
806;0SC0060330SC;249;54;0.00135380
806;0SC0060330SC;250;54;0.00155328
806;0SC0060330SC;251;54;0.00203972
806;0SC0060330SC;252;54;0.00058489
806;0SC0060330SC;253;54;0.00017428
806;0SC0060330SC;254;54;0.00026995
806;0SC0060330SC;255;54;0.00004134
806;0SC0060330SC;256;54;0.00008940
806;0SC0060330SC;257;54;0.00013370
806;0SC0060330SC;258;54;0.00014884
806;0SC0060330SC;240;55;0.01875262
806;0SC0060330SC;241;55;0.00062529
806;0SC0060330SC;242;55;0.00017223
806;0SC0060330SC;243;55;0.00030253
806;0SC0060330SC;244;55;0.00024819
806;0SC0060330SC;245;55;0.00132403
806;0SC0060330SC;246;55;0.00595745
806;0SC0060330SC;247;55;0.00629763
806;0SC0060330SC;248;55;0.00018245
806;0SC0060330SC;249;55;0.00005796
806;0SC0060330SC;250;55;0.00022413
806;0SC0060330SC;251;55;0.00170117
806;0SC0060330SC;252;55;0.00161322
806;0SC0060330SC;253;55;0.00077380
806;0SC0060330SC;254;55;0.00022617
806;0SC0060330SC;255;55;0.00002558
806;0SC0060330SC;257;55;0.00026737
806;0SC0060330SC;258;55;0.00002950
806;0SC0060330SC;238;56;0.00028880
806;0SC0060330SC;239;56;0.01170273
806;0SC0060330SC;240;56;0.00797982
806;0SC0060330SC;241;56;0.00054545
806;0SC0060330SC;242;56;0.00043365
806;0SC0060330SC;243;56;0.00011831
806;0SC0060330SC;244;56;0.00019074
806;0SC0060330SC;245;56;0.00037785
806;0SC0060330SC;246;56;0.00948137
806;0SC0060330SC;247;56;0.00029456
806;0SC0060330SC;248;56;0.00025114
806;0SC0060330SC;249;56;0.00010856
806;0SC0060330SC;250;56;0.00012451
806;0SC0060330SC;251;56;0.00107294
806;0SC0060330SC;252;56;0.00184661
806;0SC0060330SC;253;56;0.00025649
806;0SC0060330SC;256;56;0.00018752
806;0SC0060330SC;257;56;0.00042055
806;0SC0060330SC;236;57;0.00883935
806;0SC0060330SC;237;57;0.00196396
806;0SC0060330SC;238;57;0.00250761
806;0SC0060330SC;239;57;0.01818126
806;0SC0060330SC;241;57;0.00035076
806;0SC0060330SC;242;57;0.00028700
806;0SC0060330SC;243;57;0.00056640
806;0SC0060330SC;244;57;0.00073228
806;0SC0060330SC;245;57;0.00818354
806;0SC0060330SC;246;57;0.00438672
806;0SC0060330SC;247;57;0.00068622
806;0SC0060330SC;248;57;0.00007172
806;0SC0060330SC;249;57;0.00007438
806;0SC0060330SC;250;57;0.00002268
806;0SC0060330SC;251;57;0.00236434
806;0SC0060330SC;252;57;0.00038316
806;0SC0060330SC;255;57;0.00011755
806;0SC0060330SC;256;57;0.00021731
806;0SC0060330SC;236;58;0.01631293
806;0SC0060330SC;237;58;0.02632924
806;0SC0060330SC;238;58;0.03716094
806;0SC0060330SC;239;58;0.02394637
806;0SC0060330SC;240;58;0.01558156
806;0SC0060330SC;241;58;0.00340289
806;0SC0060330SC;242;58;0.00211457
806;0SC0060330SC;243;58;0.00214505
806;0SC0060330SC;244;58;0.00267246
806;0SC0060330SC;245;58;0.00964088
806;0SC0060330SC;246;58;0.00320086
806;0SC0060330SC;247;58;0.00078428
806;0SC0060330SC;248;58;0.00007410
806;0SC0060330SC;249;58;0.00044327
806;0SC0060330SC;250;58;0.00081440
806;0SC0060330SC;251;58;0.00259029
806;0SC0060330SC;254;58;0.00006122
806;0SC0060330SC;255;58;0.00028961
806;0SC0060330SC;236;59;0.00124700
806;0SC0060330SC;237;59;0.00066843
806;0SC0060330SC;238;59;0.01694355
806;0SC0060330SC;239;59;0.00096821
806;0SC0060330SC;240;59;0.00161409
806;0SC0060330SC;241;59;0.01579494
806;0SC0060330SC;242;59;0.00767347
806;0SC0060330SC;243;59;0.00197257
806;0SC0060330SC;244;59;0.00801155
806;0SC0060330SC;245;59;0.00776117
806;0SC0060330SC;246;59;0.00182042
806;0SC0060330SC;247;59;0.00368155
806;0SC0060330SC;248;59;0.00182107
806;0SC0060330SC;249;59;0.00238688
806;0SC0060330SC;250;59;0.00047466
806;0SC0060330SC;251;59;0.00157561
806;0SC0060330SC;252;59;0.00072773
806;0SC0060330SC;253;59;0.00011143
806;0SC0060330SC;254;59;0.00072785
806;0SC0060330SC;255;59;0.00076759
806;0SC0060330SC;256;59;0.01134944
806;0SC0060330SC;237;60;0.00065142
806;0SC0060330SC;238;60;0.01645326
806;0SC0060330SC;239;60;0.00233796
806;0SC0060330SC;240;60;0.00301321
806;0SC0060330SC;241;60;0.00278312
806;0SC0060330SC;242;60;0.01497406
806;0SC0060330SC;243;60;0.00952460
806;0SC0060330SC;244;60;0.02401903
806;0SC0060330SC;245;60;0.01076772
806;0SC0060330SC;246;60;0.00982680
806;0SC0060330SC;247;60;0.01011019
806;0SC0060330SC;248;60;0.00806937
806;0SC0060330SC;249;60;0.00771967
806;0SC0060330SC;250;60;0.01171906
806;0SC0060330SC;251;60;0.02386967
806;0SC0060330SC;252;60;0.01923831
806;0SC0060330SC;253;60;0.01860744
806;0SC0060330SC;254;60;0.01847739
806;0SC0060330SC;255;60;0.01900555
806;0SC0060330SC;256;60;0.00631530
806;0SC0060330SC;257;60;0.01511260
806;0SC0060330SC;238;61;0.01567808
806;0SC0060330SC;239;61;0.00710131
806;0SC0060330SC;240;61;0.00400608
806;0SC0060330SC;241;61;0.01334546
806;0SC0060330SC;242;61;0.01459279
806;0SC0060330SC;243;61;0.03045958
806;0SC0060330SC;244;61;0.00056198
806;0SC0060330SC;245;61;0.00059928
806;0SC0060330SC;246;61;0.00064585
806;0SC0060330SC;247;61;0.00065494
806;0SC0060330SC;248;61;0.00014911
806;0SC0060330SC;249;61;0.00176834
806;0SC0060330SC;250;61;0.01530213
806;0SC0060330SC;251;61;0.00031412
806;0SC0060330SC;252;61;0.00010760
806;0SC0060330SC;253;61;0.00005503
806;0SC0060330SC;255;61;0.00023369
806;0SC0060330SC;238;62;0.01072657
806;0SC0060330SC;239;62;0.01206115
806;0SC0060330SC;240;62;0.01136635
806;0SC0060330SC;241;62;0.00114227
806;0SC0060330SC;242;62;0.00151494
806;0SC0060330SC;243;62;0.00255641
806;0SC0060330SC;244;62;0.00017583
806;0SC0060330SC;245;62;0.00015767
806;0SC0060330SC;249;62;0.00039905
806;0SC0060330SC;250;62;0.00008099
806;0SC0060330SC;252;62;0.00000929
806;0NC006053NCU;112;234;0.00130970
806;0NC006053NCU;113;234;0.00265226
806;0NC006053NCU;114;234;0.00254016
806;0NC006053NCU;115;234;0.00254016
806;0NC006053NCU;116;234;0.00073031
806;0NC006053NCU;117;234;0.00115984
806;0NC006053NCU;118;234;0.00119965
806;0NC006053NCU;119;234;0.00122560
806;0NC006053NCU;120;234;0.00038598
806;0NC006053NCU;110;235;0.00028065
806;0NC006053NCU;111;235;0.00288544
806;0NC006053NCU;112;235;0.00134402
806;0NC006053NCU;116;235;0.00214867
806;0NC006053NCU;117;235;0.00063179
806;0NC006053NCU;109;236;0.00070218
806;0NC006053NCU;110;236;0.00266449
806;0NC006053NCU;117;236;0.00133485
806;0NC006053NCU;109;237;0.00038781
806;0NC006053NCU;117;237;0.00110345
806;0NC006053NCU;117;238;0.00155403
806;0NC006053NCU;118;238;0.00042743
806;0NC006053NCU;118;239;0.00574203
806;0NC006053NCU;119;239;0.01392791
806;0NC006053NCU;120;239;0.01262622
806;0NC006053NCU;120;240;0.00628425
806;0NC006053NCU;121;240;0.01264474
806;0NC006053NCU;126;240;0.08444981
806;0NC006053NCU;121;241;0.00669629
806;0NC006053NCU;122;241;0.05769104
806;0NC006053NCU;123;241;0.03359841
806;0NC006053NCU;124;241;0.04301182
806;0NC006053NCU;125;241;0.07154564
806;0NC006053NCU;126;241;0.00027365
806;0NC006053NCU;122;242;0.03395920
806;0NC006053NCU;123;242;0.00329381
806;0NC006053NCU;124;242;0.01896730
806;0NC006053NCU;117;243;0.02427362
806;0NC006053NCU;118;243;0.03570381
806;0NC006053NCU;119;243;0.03570381
806;0NC006053NCU;120;243;0.03570381
806;0NC006053NCU;121;243;0.03570381
806;0NC006053NCU;122;243;0.03183656
806;0NC006053NCU;113;244;0.00378714
806;0NC006053NCU;114;244;0.03052388
806;0NC006053NCU;115;244;0.03052388
806;0NC006053NCU;116;244;0.03257586
806;0NC006053NCU;117;244;0.01143020
806;0NC006053NCU;122;244;0.00272656
806;0NC006053NCU;123;244;0.00018436
806;0NC006053NCU;111;245;0.01694942
806;0NC006053NCU;112;245;0.03052388
806;0NC006053NCU;113;245;0.02673673
806;0NC006053NCU;123;245;0.00316844
806;0NC006053NCU;111;246;0.03851244
806;0NC006053NCU;123;246;0.00107069
806;0NC006053NCU;124;246;0.00235571
806;0NC006053NCU;109;247;0.01275648
806;0NC006053NCU;110;247;0.04041875
806;0NC006053NCU;111;247;0.00667516
806;0NC006053NCU;124;247;0.00158212
806;0NC006053NCU;125;247;0.00180764
806;0NC006053NCU;108;248;0.01901368
806;0NC006053NCU;109;248;0.02336700
806;0NC006053NCU;125;248;0.00289381
806;0NC006053NCU;108;249;0.00162574
806;0NC006053NCU;125;249;0.00029257
806;0NC006053NCU;126;249;0.00260123
806;0NC006053NCU;126;250;0.00289381
806;0NC006053NCU;126;251;0.00022837
806;0NC006053NCU;127;251;0.00262292
806;0NC006053NCU;127;252;0.00264813
806;0NC006053NCU;127;253;0.00264813
806;0NC006053NCU;127;254;0.00141025
806;0NC006053NCU;128;254;0.00123788
806;0NC006053NCU;128;255;0.00264813
806;0NC006053NCU;128;256;0.00268688
806;0NC006053NCU;127;257;0.00161642
806;0NC006053NCU;128;257;0.00194682
806;0NC006053NCU;127;258;0.00046288
806;0SF0060070BA;141;161;0.00741040
806;0SF0060070BA;140;162;0.05753522
806;0SF0060070BA;141;162;0.01515943
806;0SF0060070BA;142;162;0.00003863
806;0SF0060070BA;144;162;0.00000330
806;0SF0060070BA;139;163;0.00022793
806;0SF0060070BA;140;163;0.05293056
806;0SF0060070BA;141;163;0.00396903
806;0SF0060070BA;142;163;0.00005486
806;0SF0060070BA;144;163;0.00002425
806;0SF0060070BA;145;163;0.00264496
806;0SF0060070BA;136;164;0.00067293
806;0SF0060070BA;137;164;0.00035331
806;0SF0060070BA;139;164;0.02081481
806;0SF0060070BA;140;164;0.02971633
806;0SF0060070BA;141;164;0.00059451
806;0SF0060070BA;143;164;0.00003443
806;0SF0060070BA;144;164;0.00000845
806;0SF0060070BA;145;164;0.00157717
806;0SF0060070BA;146;164;0.00170741
806;0SF0060070BA;148;164;0.00039172
806;0SF0060070BA;135;165;0.01293711
806;0SF0060070BA;136;165;0.00030278
806;0SF0060070BA;137;165;0.00167918
806;0SF0060070BA;138;165;0.00147821
806;0SF0060070BA;139;165;0.04551944
806;0SF0060070BA;140;165;0.00005852
806;0SF0060070BA;142;165;0.00003160
806;0SF0060070BA;143;165;0.00017173
806;0SF0060070BA;145;165;0.00011004
806;0SF0060070BA;146;165;0.00366796
806;0SF0060070BA;147;165;0.00045345
806;0SF0060070BA;148;165;0.00014258
806;0SF0060070BA;133;166;0.01738666
806;0SF0060070BA;134;166;0.00032740
806;0SF0060070BA;135;166;0.00734246
806;0SF0060070BA;136;166;0.02844474
806;0SF0060070BA;137;166;0.02650992
806;0SF0060070BA;138;166;0.06691211
806;0SF0060070BA;139;166;0.00021187
806;0SF0060070BA;142;166;0.00017853
806;0SF0060070BA;143;166;0.00007957
806;0SF0060070BA;144;166;0.00011433
806;0SF0060070BA;145;166;0.00141458
806;0SF0060070BA;146;166;0.00330620
806;0SF0060070BA;147;166;0.00093492
806;0SF0060070BA;130;167;0.00284814
806;0SF0060070BA;131;167;0.01254984
806;0SF0060070BA;132;167;0.02638307
806;0SF0060070BA;133;167;0.05073369
806;0SF0060070BA;134;167;0.00037900
806;0SF0060070BA;135;167;0.00020567
806;0SF0060070BA;136;167;0.00017350
806;0SF0060070BA;137;167;0.00173117
806;0SF0060070BA;138;167;0.05747195
806;0SF0060070BA;139;167;0.00517072
806;0SF0060070BA;140;167;0.00144426
806;0SF0060070BA;141;167;0.00021554
806;0SF0060070BA;142;167;0.00003552
806;0SF0060070BA;144;167;0.00004137
806;0SF0060070BA;145;167;0.00466581
806;0SF0060070BA;146;167;0.00210983
806;0SF0060070BA;147;167;0.00013187
806;0SF0060070BA;131;168;0.00008326
806;0SF0060070BA;132;168;0.02373636
806;0SF0060070BA;133;168;0.02728078
806;0SF0060070BA;134;168;0.00024729
806;0SF0060070BA;135;168;0.00012855
806;0SF0060070BA;136;168;0.00001884
806;0SF0060070BA;137;168;0.00148139
806;0SF0060070BA;138;168;0.04788508
806;0SF0060070BA;139;168;0.01004422
806;0SF0060070BA;140;168;0.00225946
806;0SF0060070BA;141;168;0.00138752
806;0SF0060070BA;142;168;0.00038785
806;0SF0060070BA;143;168;0.00018195
806;0SF0060070BA;144;168;0.00037340
806;0SF0060070BA;145;168;0.00661212
806;0SF0060070BA;146;168;0.00019447
806;0SF0060070BA;147;168;0.00007188
806;0SF0060070BA;132;169;0.00223773
806;0SF0060070BA;133;169;0.04545372
806;0SF0060070BA;134;169;0.02152414
806;0SF0060070BA;135;169;0.00368941
806;0SF0060070BA;136;169;0.00397371
806;0SF0060070BA;137;169;0.01608191
806;0SF0060070BA;138;169;0.03561096
806;0SF0060070BA;139;169;0.02437131
806;0SF0060070BA;140;169;0.01359564
806;0SF0060070BA;141;169;0.01474128
806;0SF0060070BA;142;169;0.01614065
806;0SF0060070BA;143;169;0.01369141
806;0SF0060070BA;144;169;0.00919927
806;0SF0060070BA;145;169;0.00300763
806;0SF0060070BA;146;169;0.00020899
806;0SF0060070BA;147;169;0.00006314
806;0SF0060070BA;134;170;0.03523688
806;0SF0060070BA;135;170;0.01044498
806;0SF0060070BA;136;170;0.00001724
806;0SF0060070BA;137;170;0.01481414
806;0SF0060070BA;138;170;0.00045764
806;0SF0060070BA;139;170;0.00003834
806;0SF0060070BA;140;170;0.00306042
806;0SF0060070BA;141;170;0.00007913
806;0SF0060070BA;142;170;0.00019150
806;0SF0060070BA;135;171;0.00781795
806;SCC006056VEN;206;61;0.00019460
806;SCC006056VEN;207;61;0.00102633
806;SCC006056VEN;204;62;0.00183140
806;SCC006056VEN;205;62;0.00417137
806;SCC006056VEN;206;62;0.00379456
806;SCC006056VEN;203;63;0.00132587
806;SCC006056VEN;204;63;0.00399376
806;SCC006056VEN;207;63;0.00000657
806;SCC006056VEN;208;63;0.00001600
806;SCC006056VEN;200;64;0.00016206
806;SCC006056VEN;201;64;0.00377224
806;SCC006056VEN;202;64;0.00409938
806;SCC006056VEN;203;64;0.00592467
806;SCC006056VEN;204;64;0.00223247
806;SCC006056VEN;205;64;0.00131523
806;SCC006056VEN;206;64;0.00103939
806;SCC006056VEN;207;64;0.00021248
806;SCC006056VEN;208;64;0.00022734
806;SCC006056VEN;209;64;0.00814183
806;SCC006056VEN;210;64;0.00642811
806;SCC006056VEN;200;65;0.00145175
806;SCC006056VEN;201;65;0.00818050
806;SCC006056VEN;202;65;0.01265333
806;SCC006056VEN;203;65;0.00256158
806;SCC006056VEN;204;65;0.00178714
806;SCC006056VEN;205;65;0.00025561
806;SCC006056VEN;206;65;0.00092709
806;SCC006056VEN;207;65;0.04278112
806;SCC006056VEN;208;65;0.04341857
806;SCC006056VEN;209;65;0.04305358
806;SCC006056VEN;210;65;0.00129199
806;SCC006056VEN;211;65;0.00051782
806;SCC006056VEN;212;65;0.00005260
806;SCC006056VEN;213;65;0.00016997
806;SCC006056VEN;200;66;0.00204012
806;SCC006056VEN;201;66;0.01526220
806;SCC006056VEN;202;66;0.04314009
806;SCC006056VEN;203;66;0.03490533
806;SCC006056VEN;204;66;0.03621792
806;SCC006056VEN;205;66;0.03877341
806;SCC006056VEN;206;66;0.03759992
806;SCC006056VEN;207;66;0.00091204
806;SCC006056VEN;208;66;0.00232750
806;SCC006056VEN;209;66;0.00869206
806;SCC006056VEN;210;66;0.00016370
806;SCC006056VEN;213;66;0.00005451
806;SCC006056VEN;199;67;0.01865648
806;SCC006056VEN;200;67;0.03507048
806;SCC006056VEN;201;67;0.03717759
806;SCC006056VEN;202;67;0.00555997
806;SCC006056VEN;203;67;0.00158801
806;SCC006056VEN;204;67;0.00115024
806;SCC006056VEN;205;67;0.00302432
806;SCC006056VEN;206;67;0.00255709
806;SCC006056VEN;207;67;0.00105367
806;SCC006056VEN;208;67;0.00195695
806;SCC006056VEN;209;67;0.01029135
806;SCC006056VEN;210;67;0.00292589
806;SCC006056VEN;211;67;0.00140807
806;SCC006056VEN;212;67;0.00013875
806;SCC006056VEN;213;67;0.00058419
806;SCC006056VEN;214;67;0.00002768
806;SCC006056VEN;197;68;0.00426651
806;SCC006056VEN;198;68;0.02346470
806;SCC006056VEN;199;68;0.01578875
806;SCC006056VEN;200;68;0.00100193
806;SCC006056VEN;201;68;0.00256094
806;SCC006056VEN;202;68;0.00861617
806;SCC006056VEN;203;68;0.00070138
806;SCC006056VEN;204;68;0.00037592
806;SCC006056VEN;205;68;0.00047970
806;SCC006056VEN;206;68;0.00061823
806;SCC006056VEN;207;68;0.00179964
806;SCC006056VEN;208;68;0.00750368
806;SCC006056VEN;209;68;0.01150967
806;SCC006056VEN;210;68;0.01341382
806;SCC006056VEN;211;68;0.01561861
806;SCC006056VEN;212;68;0.01834969
806;SCC006056VEN;213;68;0.01942524
806;SCC006056VEN;214;68;0.00348845
806;SCC006056VEN;196;69;0.01603448
806;SCC006056VEN;197;69;0.01393839
806;SCC006056VEN;199;69;0.00756605
806;SCC006056VEN;202;69;0.00013409
806;SCC006056VEN;203;69;0.00695755
806;SCC006056VEN;204;69;0.00185622
806;SCC006056VEN;206;69;0.00079708
806;SCC006056VEN;207;69;0.00060476
806;SCC006056VEN;208;69;0.00177640
806;SCC006056VEN;212;69;0.00024736
806;SCC006056VEN;195;70;0.01757015
806;SCC006056VEN;196;70;0.00515230
806;SCC006056VEN;198;70;0.00707478
806;SCC006056VEN;199;70;0.00118965
806;SCC006056VEN;200;70;0.00075482
806;SCC006056VEN;202;70;0.00005956
806;SCC006056VEN;203;70;0.00007800
806;SCC006056VEN;204;70;0.00742117
806;SCC006056VEN;205;70;0.00685835
806;SCC006056VEN;206;70;0.00286402
806;SCC006056VEN;207;70;0.00234404
806;SCC006056VEN;208;70;0.00013703
806;SCC006056VEN;195;71;0.00024658
806;SCC006056VEN;197;71;0.00003774
806;SCC006056VEN;198;71;0.00405870
806;SCC006056VEN;199;71;0.00337079
806;SCC006056VEN;203;71;0.00087117
806;SCC006056VEN;204;71;0.00122101
806;SCC006056VEN;206;71;0.00494990
806;SCC006056VEN;207;71;0.00710408
806;SCC006056VEN;208;71;0.00699496
806;SCC006056VEN;209;71;0.00700906
806;SCC006056VEN;210;71;0.00783189
806;SCC006056VEN;211;71;0.00717989
806;SCC006056VEN;212;71;0.00577827
806;SCC006056VEN;198;72;0.00043592
806;SCC006056VEN;199;72;0.00844559
806;SCC006056VEN;200;72;0.00275294
806;SCC006056VEN;201;72;0.00300043
806;SCC006056VEN;202;72;0.00202681
806;SCC006056VEN;203;72;0.00215892
806;SCC006056VEN;210;72;0.00014656
806;SCC006056VEN;211;72;0.00015425
806;SCC006056VEN;198;73;0.00215487
806;SCC006056VEN;199;73;0.00652303
806;SCC006056VEN;200;73;0.00002301
806;SCC006056VEN;201;73;0.00016383
806;SCC006056VEN;198;74;0.00107751
806;SCC006056VEN;199;74;0.01554429
806;SCC006056VEN;200;74;0.00092765
806;SCC006056VEN;199;75;0.00572821
806;SCC006056VEN;200;75;0.01251362
806;SCC006056VEN;197;76;0.00176037
806;SCC006056VEN;198;76;0.00759356
806;SCC006056VEN;199;76;0.00987121
806;SCC006056VEN;197;77;0.00858791
806;SCC006056VEN;197;78;0.01659338
806;SCC006056VEN;197;79;0.00985909
806;SCC006056VEN;198;79;0.00011102
806;SCC006056VEN;199;79;0.00009437
806;SCC006056VEN;196;80;0.00834855
806;SCC006056VEN;197;80;0.00164527
806;SCC006056VEN;199;80;0.00003449
806;SCC006056VEN;200;80;0.00012747
806;SCC006056VEN;201;80;0.00012486
806;SCC006056VEN;202;80;0.00011931
806;SCC006056VEN;203;80;0.00013177
806;SCC006056VEN;195;81;0.00297404
806;SCC006056VEN;196;81;0.00664528
806;SCC006056VEN;203;81;0.00002073
806;SCC006056VEN;204;81;0.00004409
806;SCC006056VEN;198;84;0.00159162
806;SCC006056VEN;199;84;0.00061302
806;0MC006055TUO;174;159;0.00776053
806;0MC006055TUO;174;160;0.00066814
806;0MC006055TUO;175;160;0.00553708
806;0MC006055TUO;175;161;0.00149149
806;0MC006055TUO;176;162;0.00016622
806;0MC006055TUO;177;162;0.00433100
806;0MC006055TUO;186;162;0.00321422
806;0MC006055TUO;187;162;0.00053198
806;0MC006055TUO;176;163;0.00736858
806;0MC006055TUO;185;163;0.00187546
806;0MC006055TUO;186;163;0.00129953
806;0MC006055TUO;187;163;0.00202822
806;0MC006055TUO;188;163;0.00159951
806;0MC006055TUO;168;164;0.00857996
806;0MC006055TUO;169;164;0.03881136
806;0MC006055TUO;170;164;0.00390549
806;0MC006055TUO;171;164;0.04400903
806;0MC006055TUO;174;164;0.00314483
806;0MC006055TUO;175;164;0.00624642
806;0MC006055TUO;176;164;0.00919388
806;0MC006055TUO;177;164;0.01355955
806;0MC006055TUO;178;164;0.00233978
806;0MC006055TUO;179;164;0.00233770
806;0MC006055TUO;180;164;0.00194885
806;0MC006055TUO;181;164;0.00121605
806;0MC006055TUO;182;164;0.00231163
806;0MC006055TUO;183;164;0.00231163
806;0MC006055TUO;184;164;0.00231163
806;0MC006055TUO;185;164;0.00124141
806;0MC006055TUO;188;164;0.00102890
806;0MC006055TUO;189;164;0.00259884
806;0MC006055TUO;169;165;0.02469305
806;0MC006055TUO;170;165;0.04702151
806;0MC006055TUO;171;165;0.04658685
806;0MC006055TUO;172;165;0.00550046
806;0MC006055TUO;173;165;0.00865474
806;0MC006055TUO;174;165;0.00382043
806;0MC006055TUO;176;165;0.00991972
806;0MC006055TUO;189;165;0.00002957
806;0MC006055TUO;190;165;0.00097909
806;0MC006055TUO;194;165;0.00120906
806;0MC006055TUO;195;165;0.00159452
806;0MC006055TUO;170;166;0.00234593
806;0MC006055TUO;171;166;0.00633958
806;0MC006055TUO;172;166;0.05506239
806;0MC006055TUO;173;166;0.01012846
806;0MC006055TUO;176;166;0.00970920
806;0MC006055TUO;195;166;0.00058649
806;0MC006055TUO;196;166;0.00223626
806;0MC006055TUO;197;166;0.00226870
806;0MC006055TUO;198;166;0.00113943
806;0MC006055TUO;173;167;0.06487076
806;0MC006055TUO;176;167;0.01662484
806;0MC006055TUO;172;168;0.00495578
806;0MC006055TUO;173;168;0.01907124
806;0MC006055TUO;174;168;0.05536780
806;0MC006055TUO;175;168;0.04752811
806;0MC006055TUO;176;168;0.03744178
806;0MC006055TUO;177;168;0.02055804
806;0MC006055TUO;172;169;0.01281973
806;0MC006055TUO;173;169;0.01588056
806;0MC006055TUO;174;169;0.01807056
806;0MC006055TUO;176;169;0.00605127
806;0MC006055TUO;177;169;0.02335263
806;0MC006055TUO;174;170;0.01922807
806;0MC006055TUO;175;170;0.00397197
806;0MC006055TUO;176;170;0.00426169
806;0MC006055TUO;177;170;0.00601620
806;0MC006055TUO;178;170;0.01697395
806;0MC006055TUO;178;171;0.00347020
806;0MC006055TUO;179;171;0.01931731
806;0MC006055TUO;179;172;0.00069736
806;0MC006055TUO;180;172;0.02001467
806;0MC006055TUO;181;172;0.00207548
806;0MC006055TUO;181;173;0.01793919
806;0MC006055TUO;182;173;0.00484833
806;0MC006055TUO;182;174;0.01281022
806;0MC006055TUO;182;175;0.01021248
806;0MC006055TUO;182;176;0.00803030
806;0MC006055TUO;183;176;0.00371270
806;0MC006055TUO;183;177;0.01163898
806;0MC006055TUO;184;177;0.00178686
806;0MC006055TUO;184;178;0.01210912
806;0MC006055TUO;185;178;0.01033357
806;0MC006055TUO;186;178;0.01033357
806;0MC006055TUO;187;178;0.01026251
806;0MC006055TUO;188;178;0.01011408
806;0MC006055TUO;189;178;0.01011408
806;0MC006055TUO;190;178;0.00233972
806;0SV006004BUT;144;204;0.00001685
806;0SV006004BUT;145;204;0.00005621
806;0SV006004BUT;147;204;0.00130532
806;0SV006004BUT;149;204;0.00138158
806;0SV006004BUT;150;204;0.00002651
806;0SV006004BUT;151;204;0.00000758
806;0SV006004BUT;144;205;0.00002159
806;0SV006004BUT;145;205;0.00031209
806;0SV006004BUT;146;205;0.00062014
806;0SV006004BUT;147;205;0.00528456
806;0SV006004BUT;148;205;0.00074404
806;0SV006004BUT;149;205;0.00271885
806;0SV006004BUT;150;205;0.00042979
806;0SV006004BUT;151;205;0.00011068
806;0SV006004BUT;152;205;0.00002548
806;0SV006004BUT;142;206;0.00000552
806;0SV006004BUT;143;206;0.00008033
806;0SV006004BUT;144;206;0.00010575
806;0SV006004BUT;145;206;0.00009345
806;0SV006004BUT;146;206;0.00229242
806;0SV006004BUT;147;206;0.01106302
806;0SV006004BUT;148;206;0.00612646
806;0SV006004BUT;149;206;0.00024941
806;0SV006004BUT;150;206;0.00042295
806;0SV006004BUT;152;206;0.00062070
806;0SV006004BUT;153;206;0.00011011
806;0SV006004BUT;143;207;0.00001249
806;0SV006004BUT;144;207;0.00006302
806;0SV006004BUT;145;207;0.00004953
806;0SV006004BUT;146;207;0.00146165
806;0SV006004BUT;147;207;0.00730652
806;0SV006004BUT;148;207;0.00469252
806;0SV006004BUT;149;207;0.00146445
806;0SV006004BUT;150;207;0.00114155
806;0SV006004BUT;151;207;0.00015706
806;0SV006004BUT;152;207;0.00487533
806;0SV006004BUT;153;207;0.00006322
806;0SV006004BUT;154;207;0.00003644
806;0SV006004BUT;143;208;0.00015345
806;0SV006004BUT;144;208;0.00029113
806;0SV006004BUT;145;208;0.00029052
806;0SV006004BUT;146;208;0.00065269
806;0SV006004BUT;147;208;0.00732543
806;0SV006004BUT;148;208;0.00095141
806;0SV006004BUT;149;208;0.01315296
806;0SV006004BUT;150;208;0.01277597
806;0SV006004BUT;151;208;0.00463770
806;0SV006004BUT;152;208;0.00470088
806;0SV006004BUT;153;208;0.00013968
806;0SV006004BUT;154;208;0.00015348
806;0SV006004BUT;145;209;0.00099707
806;0SV006004BUT;146;209;0.00226879
806;0SV006004BUT;147;209;0.00829066
806;0SV006004BUT;148;209;0.00317505
806;0SV006004BUT;149;209;0.02295727
806;0SV006004BUT;150;209;0.02599206
806;0SV006004BUT;151;209;0.00895176
806;0SV006004BUT;152;209;0.00324266
806;0SV006004BUT;153;209;0.00200456
806;0SV006004BUT;154;209;0.00223877
806;0SV006004BUT;155;209;0.00000744
806;0SV006004BUT;142;210;0.00006533
806;0SV006004BUT;145;210;0.00085567
806;0SV006004BUT;146;210;0.00011574
806;0SV006004BUT;147;210;0.00579837
806;0SV006004BUT;148;210;0.00049348
806;0SV006004BUT;149;210;0.03774103
806;0SV006004BUT;150;210;0.01388370
806;0SV006004BUT;151;210;0.00783314
806;0SV006004BUT;152;210;0.00435676
806;0SV006004BUT;153;210;0.00000208
806;0SV006004BUT;154;210;0.00056468
806;0SV006004BUT;155;210;0.00034128
806;0SV006004BUT;156;210;0.00013494
806;0SV006004BUT;142;211;0.00007960
806;0SV006004BUT;143;211;0.00012360
806;0SV006004BUT;144;211;0.00012369
806;0SV006004BUT;145;211;0.00097150
806;0SV006004BUT;146;211;0.00008443
806;0SV006004BUT;147;211;0.00577128
806;0SV006004BUT;148;211;0.01776914
806;0SV006004BUT;149;211;0.01652905
806;0SV006004BUT;150;211;0.00097453
806;0SV006004BUT;152;211;0.00297026
806;0SV006004BUT;154;211;0.00034804
806;0SV006004BUT;155;211;0.00024060
806;0SV006004BUT;141;212;0.00000170
806;0SV006004BUT;142;212;0.00004151
806;0SV006004BUT;143;212;0.00001271
806;0SV006004BUT;144;212;0.00004165
806;0SV006004BUT;145;212;0.00086047
806;0SV006004BUT;146;212;0.00000996
806;0SV006004BUT;147;212;0.02624988
806;0SV006004BUT;148;212;0.02816923
806;0SV006004BUT;149;212;0.00069080
806;0SV006004BUT;150;212;0.00067771
806;0SV006004BUT;152;212;0.00258564
806;0SV006004BUT;153;212;0.00059485
806;0SV006004BUT;154;212;0.00012349
806;0SV006004BUT;155;212;0.00017010
806;0SV006004BUT;156;212;0.00053410
806;0SV006004BUT;157;212;0.00002360
806;0SV006004BUT;141;213;0.00096719
806;0SV006004BUT;142;213;0.00069722
806;0SV006004BUT;143;213;0.00084741
806;0SV006004BUT;144;213;0.00182952
806;0SV006004BUT;145;213;0.00306591
806;0SV006004BUT;146;213;0.03196454
806;0SV006004BUT;147;213;0.02446863
806;0SV006004BUT;148;213;0.01351723
806;0SV006004BUT;149;213;0.00567823
806;0SV006004BUT;150;213;0.00107563
806;0SV006004BUT;152;213;0.00256387
806;0SV006004BUT;153;213;0.00115113
806;0SV006004BUT;154;213;0.00003132
806;0SV006004BUT;156;213;0.00037520
806;0SV006004BUT;157;213;0.00045816
806;0SV006004BUT;141;214;0.00001942
806;0SV006004BUT;142;214;0.00016088
806;0SV006004BUT;143;214;0.00122264
806;0SV006004BUT;144;214;0.00280149
806;0SV006004BUT;145;214;0.02796920
806;0SV006004BUT;146;214;0.02564167
806;0SV006004BUT;147;214;0.00004772
806;0SV006004BUT;148;214;0.00491174
806;0SV006004BUT;149;214;0.00303323
806;0SV006004BUT;150;214;0.00255560
806;0SV006004BUT;153;214;0.00031366
806;0SV006004BUT;154;214;0.00051359
806;0SV006004BUT;141;215;0.00000039
806;0SV006004BUT;142;215;0.00016962
806;0SV006004BUT;143;215;0.00222584
806;0SV006004BUT;144;215;0.04793972
806;0SV006004BUT;145;215;0.06159388
806;0SV006004BUT;146;215;0.01934270
806;0SV006004BUT;147;215;0.00847330
806;0SV006004BUT;148;215;0.00512549
806;0SV006004BUT;149;215;0.00268407
806;0SV006004BUT;150;215;0.00225647
806;0SV006004BUT;151;215;0.00105776
806;0SV006004BUT;152;215;0.00051633
806;0SV006004BUT;153;215;0.00194839
806;0SV006004BUT;154;215;0.00074732
806;0SV006004BUT;155;215;0.00030520
806;0SV006004BUT;140;216;0.00004248
806;0SV006004BUT;141;216;0.00172448
806;0SV006004BUT;142;216;0.00229544
806;0SV006004BUT;143;216;0.03247974
806;0SV006004BUT;144;216;0.09788587
806;0SV006004BUT;145;216;0.01515428
806;0SV006004BUT;146;216;0.00199912
806;0SV006004BUT;147;216;0.01329526
806;0SV006004BUT;148;216;0.02729153
806;0SV006004BUT;149;216;0.01396365
806;0SV006004BUT;150;216;0.00145483
806;0SV006004BUT;151;216;0.00114409
806;0SV006004BUT;155;216;0.00004188
806;0SV006004BUT;141;217;0.00019097
806;0SV006004BUT;142;217;0.00189687
806;0SV006004BUT;143;217;0.01726908
806;0SV006004BUT;144;217;0.00902817
806;0SV006004BUT;145;217;0.00003056
806;0SV006004BUT;146;217;0.00372136
806;0SV006004BUT;147;217;0.00005555
806;0SV006004BUT;148;217;0.00354124
806;0SV006004BUT;149;217;0.02018906
806;0SV006004BUT;150;217;0.00011202
806;0SV006004BUT;151;217;0.00150367
806;0SV006004BUT;152;217;0.00064238
806;0SV006004BUT;155;217;0.00002127
806;0SV006004BUT;140;218;0.00001616
806;0SV006004BUT;141;218;0.00006526
806;0SV006004BUT;142;218;0.00486633
806;0SV006004BUT;143;218;0.00167344
806;0SV006004BUT;144;218;0.00192432
806;0SV006004BUT;145;218;0.00006526
806;0SV006004BUT;146;218;0.00247446
806;0SV006004BUT;147;218;0.00237377
806;0SV006004BUT;148;218;0.00034575
806;0SV006004BUT;149;218;0.01580999
806;0SV006004BUT;152;218;0.00034201
806;0SV006004BUT;153;218;0.00046960
806;0SV006004BUT;140;219;0.00003847
806;0SV006004BUT;141;219;0.00285030
806;0SV006004BUT;142;219;0.00178827
806;0SV006004BUT;143;219;0.00009446
806;0SV006004BUT;144;219;0.00106019
806;0SV006004BUT;145;219;0.00109139
806;0SV006004BUT;147;219;0.00349583
806;0SV006004BUT;148;219;0.00030420
806;0SV006004BUT;149;219;0.00366581
806;0SV006004BUT;150;219;0.00002151
806;0SV006004BUT;153;219;0.00030895
806;0SV006004BUT;141;220;0.00102927
806;0SV006004BUT;142;220;0.00001990
806;0SV006004BUT;143;220;0.00001125
806;0SV006004BUT;145;220;0.00033069
806;0SV006004BUT;146;220;0.00076981
806;0SV006004BUT;147;220;0.00096435
806;0SV006004BUT;148;220;0.00055017
806;0SV006004BUT;149;220;0.00087690
806;0SV006004BUT;150;220;0.00071898
806;0SV006004BUT;146;221;0.00088630
806;0SV006004BUT;148;221;0.00122121
806;0SV006004BUT;150;221;0.00054133
806;0SV006004BUT;146;222;0.00000601
806;0SV006004BUT;147;222;0.00001019
806;0SV006004BUT;148;222;0.00143093
806;0SV006004BUT;150;222;0.00087658
806;0SV006004BUT;151;222;0.00051803
806;0SV006004BUT;148;223;0.00126315
806;0SV006004BUT;150;223;0.00086819
806;0SV006004BUT;148;224;0.00051014
806;0SV006004BUT;149;224;0.00062044
806;0SV006004BUT;150;224;0.00033593
806;0SV006004BUT;149;225;0.00045685
806;0SV006004BUT;150;225;0.00092843
806;0MC006046NSI;177;208;0.06706850
806;0MC006046NSI;182;208;0.16665640
806;0MC006046NSI;160;209;0.00052725
806;0MC006046NSI;161;209;0.00662579
806;0MC006046NSI;162;209;0.00076502
806;0MC006046NSI;176;209;0.03441863
806;0MC006046NSI;177;209;0.05160473
806;0MC006046NSI;178;209;0.00021877
806;0MC006046NSI;179;209;0.00003169
806;0MC006046NSI;162;210;0.00586077
806;0MC006046NSI;163;210;0.00662579
806;0MC006046NSI;164;210;0.00637979
806;0MC006046NSI;165;210;0.00031120
806;0MC006046NSI;175;210;0.02391246
806;0MC006046NSI;176;210;0.06863860
806;0MC006046NSI;179;210;0.00018708
806;0MC006046NSI;180;210;0.00021877
806;0MC006046NSI;181;210;0.00021877
806;0MC006046NSI;182;210;0.00007556
806;0MC006046NSI;165;211;0.00588836
806;0MC006046NSI;166;211;0.00619956
806;0MC006046NSI;167;211;0.00619956
806;0MC006046NSI;168;211;0.00619956
806;0MC006046NSI;169;211;0.00478880
806;0MC006046NSI;174;211;0.01570040
806;0MC006046NSI;175;211;0.06204412
806;0MC006046NSI;169;212;0.00239717
806;0MC006046NSI;170;212;0.00085275
806;0MC006046NSI;171;212;0.00050543
806;0MC006046NSI;172;212;0.00265904
806;0MC006046NSI;173;212;0.01409618
806;0MC006046NSI;174;212;0.03732356
806;0MC006046NSI;175;212;0.03353057
806;0MC006046NSI;169;213;0.00165026
806;0MC006046NSI;170;213;0.00034464
806;0MC006046NSI;171;213;0.00042662
806;0MC006046NSI;172;213;0.00357318
806;0MC006046NSI;173;213;0.02190356
806;0MC006046NSI;174;213;0.05135289
806;0MC006046NSI;175;213;0.00031952
806;0MC006046NSI;168;214;0.00038247
806;0MC006046NSI;169;214;0.00133648
806;0MC006046NSI;171;214;0.00207884
806;0MC006046NSI;172;214;0.01081846
806;0MC006046NSI;173;214;0.01880931
806;0MC006046NSI;175;214;0.05761907
806;0MC006046NSI;176;214;0.04574111
806;0MC006046NSI;177;214;0.06306677
806;0MC006046NSI;181;214;0.00313582
806;0MC006046NSI;182;214;0.03028889
806;0MC006046NSI;171;215;0.00500748
806;0MC006046NSI;173;215;0.00247268
806;0MC006046NSI;177;215;0.01245341
806;0MC006046NSI;181;215;0.02848794
806;0LC006017LAK;127;188;0.03944491
806;0LC006017LAK;127;189;0.03995742
806;0LC006017LAK;125;190;0.00063852
806;0LC006017LAK;126;190;0.00803370
806;0LC006017LAK;127;190;0.02739430
806;0LC006017LAK;128;190;0.01675392
806;0LC006017LAK;125;191;0.00584555
806;0LC006017LAK;128;191;0.02815125
806;0LC006017LAK;125;192;0.00688077
806;0LC006017LAK;127;192;0.03107782
806;0LC006017LAK;128;192;0.00730728
806;0LC006017LAK;124;193;0.00536717
806;0LC006017LAK;125;193;0.00869975
806;0LC006017LAK;127;193;0.03157546
806;0LC006017LAK;124;194;0.01755990
806;0LC006017LAK;125;194;0.01178659
806;0LC006017LAK;126;194;0.01113948
806;0LC006017LAK;127;194;0.04327629
806;0LC006017LAK;123;195;0.03375035
806;0LC006017LAK;124;195;0.00551257
806;0LC006017LAK;125;195;0.00168247
806;0LC006017LAK;127;195;0.04486115
806;0LC006017LAK;119;196;0.00682594
806;0LC006017LAK;120;196;0.03949617
806;0LC006017LAK;121;196;0.01772272
806;0LC006017LAK;122;196;0.01458125
806;0LC006017LAK;123;196;0.00410539
806;0LC006017LAK;127;196;0.03016353
806;0LC006017LAK;128;196;0.01223678
806;0LC006017LAK;129;196;0.02943358
806;0LC006017LAK;131;196;0.00669077
806;0LC006017LAK;121;197;0.04029165
806;0LC006017LAK;124;197;0.01256308
806;0LC006017LAK;125;197;0.01647334
806;0LC006017LAK;126;197;0.03320820
806;0LC006017LAK;127;197;0.02042370
806;0LC006017LAK;128;197;0.01820746
806;0LC006017LAK;129;197;0.00093692
806;0LC006017LAK;130;197;0.02566872
806;0LC006017LAK;131;197;0.01528344
806;0LC006017LAK;120;198;0.00925320
806;0LC006017LAK;121;198;0.02069670
806;0LC006017LAK;124;198;0.02621806
806;0LC006017LAK;120;199;0.00813929
806;0LC006017LAK;121;199;0.02345571
806;0LC006017LAK;123;199;0.02154849
806;0LC006017LAK;124;199;0.00255740
806;0LC006017LAK;119;200;0.00696672
806;0LC006017LAK;120;200;0.00022921
806;0LC006017LAK;121;200;0.01107089
806;0LC006017LAK;122;200;0.02894559
806;0LC006017LAK;123;200;0.00284274
806;0LC006017LAK;119;201;0.02930340
806;0LC006017LAK;120;201;0.01748627
806;0LC006017LAK;121;201;0.01518893
806;0LC006017LAK;118;202;0.00486305
806;0LC006017LAK;119;202;0.00022508
806;NEP006025MOD;159;255;0.00169617
806;NEP006025MOD;162;255;0.00930467
806;NEP006025MOD;163;255;0.01171327
806;NEP006025MOD;171;255;0.01190048
806;NEP006025MOD;159;256;0.00189024
806;NEP006025MOD;163;256;0.01925944
806;NEP006025MOD;171;256;0.01240077
806;NEP006025MOD;159;257;0.00189024
806;NEP006025MOD;163;257;0.01309350
806;NEP006025MOD;164;257;0.00623708
806;NEP006025MOD;171;257;0.01240077
806;NEP006025MOD;159;258;0.00174060
806;NEP006025MOD;163;258;0.01826633
806;NEP006025MOD;164;258;0.00172239
806;NEP006025MOD;171;258;0.01240077
806;NEP006025MOD;158;259;0.00088888
806;NEP006025MOD;159;259;0.00001882
806;NEP006025MOD;162;259;0.00084390
806;NEP006025MOD;163;259;0.01914483
806;NEP006025MOD;171;259;0.01242301
806;NEP006025MOD;157;260;0.00012913
806;NEP006025MOD;158;260;0.00064130
806;NEP006025MOD;162;260;0.00675682
806;NEP006025MOD;163;260;0.01599513
806;NEP006025MOD;171;260;0.01243604
806;NEP006025MOD;158;261;0.00071735
806;NEP006025MOD;163;261;0.01096429
806;NEP006025MOD;164;261;0.01284817
806;NEP006025MOD;166;261;0.01358247
806;NEP006025MOD;167;261;0.01448627
806;NEP006025MOD;168;261;0.01457730
806;NEP006025MOD;169;261;0.01663722
806;NEP006025MOD;171;261;0.01243607
806;NEP006025MOD;158;262;0.00071735
806;NEP006025MOD;162;262;0.00043466
806;NEP006025MOD;163;262;0.00620391
806;NEP006025MOD;164;262;0.00907615
806;NEP006025MOD;165;262;0.01443443
806;NEP006025MOD;166;262;0.01443443
806;NEP006025MOD;167;262;0.01443443
806;NEP006025MOD;168;262;0.00431430
806;NEP006025MOD;169;262;0.00025734
806;NEP006025MOD;170;262;0.01892146
806;NEP006025MOD;171;262;0.01243359
806;NEP006025MOD;158;263;0.00071735
806;NEP006025MOD;160;263;0.00252023
806;NEP006025MOD;161;263;0.00510375
806;NEP006025MOD;162;263;0.00531661
806;NEP006025MOD;168;263;0.01012012
806;NEP006025MOD;169;263;0.01439962
806;NEP006025MOD;170;263;0.01509799
806;NEP006025MOD;171;263;0.08723122
806;NEP006025MOD;172;263;0.00895046
806;NEP006025MOD;178;263;0.00433073
806;NEP006025MOD;158;264;0.00415454
806;NEP006025MOD;159;264;0.00510375
806;NEP006025MOD;160;264;0.00258352
806;NEP006025MOD;171;264;0.03749738
806;NEP006025MOD;172;264;0.02275589
806;NEP006025MOD;173;264;0.01093809
806;NEP006025MOD;174;264;0.01093809
806;NEP006025MOD;175;264;0.00007800
806;NEP006025MOD;176;264;0.00816245
806;NEP006025MOD;177;264;0.01128038
806;NEP006025MOD;178;264;0.01015886
806;NEP006025MOD;179;264;0.00063067
806;NEP006025MOD;180;264;0.00063070
806;NEP006025MOD;181;264;0.00063071
806;NEP006025MOD;182;264;0.00000456
806;NEP006025MOD;158;265;0.00644903
806;NEP006025MOD;172;265;0.00094783
806;NEP006025MOD;173;265;0.00998764
806;NEP006025MOD;175;265;0.01091791
806;NEP006025MOD;176;265;0.00311869
806;NEP006025MOD;178;265;0.00124626
806;NEP006025MOD;157;266;0.00582625
806;NEP006025MOD;158;266;0.00062278
806;NEP006025MOD;173;266;0.01093547
806;NEP006025MOD;177;266;0.00014856
806;NEP006025MOD;178;266;0.00126884
806;NEP006025MOD;156;267;0.00035364
806;NEP006025MOD;157;267;0.00601565
806;NEP006025MOD;173;267;0.01093547
806;NEP006025MOD;177;267;0.00133310
806;NEP006025MOD;156;268;0.00625003
806;NEP006025MOD;173;268;0.00468909
806;NEP006025MOD;174;268;0.00624638
806;NEP006025MOD;177;268;0.00125380
806;NEP006025MOD;156;269;0.00625003
806;NEP006025MOD;173;269;0.00037585
806;NEP006025MOD;174;269;0.01096268
806;NEP006025MOD;177;269;0.00032039
806;NEP006025MOD;178;269;0.00093341
806;NEP006025MOD;155;270;0.00576286
806;NEP006025MOD;156;270;0.00018182
806;NEP006025MOD;172;270;0.00036684
806;NEP006025MOD;173;270;0.00042565
806;NEP006025MOD;174;270;0.01012146
806;NEP006025MOD;178;270;0.00125380
806;NEP006025MOD;155;271;0.00563014
806;NEP006025MOD;172;271;0.00062974
806;NEP006025MOD;174;271;0.01012146
806;NEP006025MOD;178;271;0.00125380
806;NEP006025MOD;155;272;0.01171876
806;NEP006025MOD;172;272;0.00062974
806;NEP006025MOD;174;272;0.00360870
806;NEP006025MOD;175;272;0.00651276
806;NEP006025MOD;178;272;0.00132540
806;NEP006025MOD;154;273;0.01436768
806;NEP006025MOD;155;273;0.03345224
806;NEP006025MOD;172;273;0.00062974
806;NEP006025MOD;175;273;0.01012146
806;NEP006025MOD;178;273;0.00032624
806;NEP006025MOD;179;273;0.00113731
806;NEP006025MOD;153;274;0.01949614
806;NEP006025MOD;154;274;0.01281023
806;NEP006025MOD;155;274;0.01551355
806;NEP006025MOD;172;274;0.00062974
806;NEP006025MOD;175;274;0.01012146
806;NEP006025MOD;179;274;0.00116089
806;NEP006025MOD;180;274;0.00030266
806;NEP006025MOD;152;275;0.00494691
806;NEP006025MOD;153;275;0.00935821
806;NEP006025MOD;155;275;0.00011899
806;NEP006025MOD;171;275;0.00053865
806;NEP006025MOD;172;275;0.00009109
806;NEP006025MOD;175;275;0.01012146
806;NEP006025MOD;180;275;0.00146355
806;NEP006025MOD;171;276;0.00049887
806;NEP006025MOD;175;276;0.00663883
806;NEP006025MOD;176;276;0.00148802
806;NEP006025MOD;180;276;0.00053199
806;NEP006025MOD;181;276;0.00076095
806;0MC0060090ED;160;183;0.00036865
806;0MC0060090ED;161;183;0.00016074
806;0MC0060090ED;162;183;0.00160905
806;0MC0060090ED;166;183;0.00101495
806;0MC0060090ED;167;183;0.00003456
806;0MC0060090ED;171;183;0.00033011
806;0MC0060090ED;172;183;0.00047784
806;0MC0060090ED;173;183;0.00026139
806;0MC0060090ED;174;183;0.00000424
806;0MC0060090ED;175;183;0.00000283
806;0MC0060090ED;176;183;0.00000228
806;0MC0060090ED;160;184;0.00005529
806;0MC0060090ED;161;184;0.00385911
806;0MC0060090ED;162;184;0.00037809
806;0MC0060090ED;164;184;0.00277510
806;0MC0060090ED;166;184;0.00003348
806;0MC0060090ED;167;184;0.00033389
806;0MC0060090ED;168;184;0.00076210
806;0MC0060090ED;169;184;0.00078820
806;0MC0060090ED;170;184;0.00064948
806;0MC0060090ED;171;184;0.00017474
806;0MC0060090ED;176;184;0.00000384
806;0MC0060090ED;177;184;0.00000027
806;0MC0060090ED;160;185;0.00428389
806;0MC0060090ED;161;185;0.00162033
806;0MC0060090ED;162;185;0.00087582
806;0MC0060090ED;163;185;0.00000081
806;0MC0060090ED;164;185;0.00212856
806;0MC0060090ED;165;185;0.00125501
806;0MC0060090ED;166;185;0.00105579
806;0MC0060090ED;167;185;0.00189529
806;0MC0060090ED;168;185;0.00141081
806;0MC0060090ED;169;185;0.00105798
806;0MC0060090ED;170;185;0.00070515
806;0MC0060090ED;177;185;0.00000479
806;0MC0060090ED;159;186;0.05662323
806;0MC0060090ED;160;186;0.09977551
806;0MC0060090ED;161;186;0.07324417
806;0MC0060090ED;162;186;0.03503789
806;0MC0060090ED;163;186;0.00126119
806;0MC0060090ED;164;186;0.00159976
806;0MC0060090ED;166;186;0.00045995
806;0MC0060090ED;167;186;0.00533523
806;0MC0060090ED;168;186;0.00322533
806;0MC0060090ED;169;186;0.00110805
806;0MC0060090ED;170;186;0.00086986
806;0MC0060090ED;171;186;0.00101191
806;0MC0060090ED;177;186;0.00001348
806;0MC0060090ED;178;186;0.00000047
806;0MC0060090ED;159;187;0.01878684
806;0MC0060090ED;160;187;0.01333010
806;0MC0060090ED;161;187;0.02035591
806;0MC0060090ED;162;187;0.04328334
806;0MC0060090ED;163;187;0.06325148
806;0MC0060090ED;164;187;0.01296736
806;0MC0060090ED;165;187;0.01049650
806;0MC0060090ED;166;187;0.01016346
806;0MC0060090ED;167;187;0.00805670
806;0MC0060090ED;168;187;0.00290553
806;0MC0060090ED;169;187;0.00035592
806;0MC0060090ED;170;187;0.00000443
806;0MC0060090ED;171;187;0.00001301
806;0MC0060090ED;174;187;0.00000219
806;0MC0060090ED;175;187;0.00000543
806;0MC0060090ED;176;187;0.00000566
806;0MC0060090ED;177;187;0.00000199
806;0MC0060090ED;178;187;0.00004478
806;0MC0060090ED;159;188;0.02740747
806;0MC0060090ED;160;188;0.01049700
806;0MC0060090ED;161;188;0.00857829
806;0MC0060090ED;162;188;0.00960645
806;0MC0060090ED;163;188;0.00472573
806;0MC0060090ED;164;188;0.05869014
806;0MC0060090ED;165;188;0.04964593
806;0MC0060090ED;166;188;0.02777266
806;0MC0060090ED;167;188;0.00396162
806;0MC0060090ED;168;188;0.00940216
806;0MC0060090ED;169;188;0.00181313
806;0MC0060090ED;170;188;0.00012222
806;0MC0060090ED;171;188;0.00000014
806;0MC0060090ED;172;188;0.00000692
806;0MC0060090ED;173;188;0.00000534
806;0MC0060090ED;174;188;0.00000290
806;0MC0060090ED;177;188;0.00007086
806;0MC0060090ED;178;188;0.00002200
806;0MC0060090ED;160;189;0.00321597
806;0MC0060090ED;161;189;0.00002190
806;0MC0060090ED;162;189;0.00500723
806;0MC0060090ED;163;189;0.00291353
806;0MC0060090ED;164;189;0.00455046
806;0MC0060090ED;165;189;0.00804493
806;0MC0060090ED;166;189;0.00701196
806;0MC0060090ED;167;189;0.02042037
806;0MC0060090ED;168;189;0.01695050
806;0MC0060090ED;169;189;0.01494747
806;0MC0060090ED;170;189;0.01578722
806;0MC0060090ED;171;189;0.01015899
806;0MC0060090ED;172;189;0.00760042
806;0MC0060090ED;173;189;0.00539803
806;0MC0060090ED;174;189;0.00704955
806;0MC0060090ED;175;189;0.00934491
806;0MC0060090ED;176;189;0.00263574
806;0MC0060090ED;177;189;0.00004039
806;0MC0060090ED;160;190;0.00158953
806;0MC0060090ED;161;190;0.00093087
806;0MC0060090ED;163;190;0.00857003
806;0MC0060090ED;164;190;0.00157005
806;0MC0060090ED;165;190;0.00450615
806;0MC0060090ED;166;190;0.00188626
806;0MC0060090ED;167;190;0.00094294
806;0MC0060090ED;172;190;0.00405445
806;0MC0060090ED;173;190;0.00486586
806;0MC0060090ED;174;190;0.00388099
806;0MC0060090ED;175;190;0.00014918
806;0MC0060090ED;176;190;0.00671949
806;0MC0060090ED;177;190;0.00923553
806;0MC0060090ED;178;190;0.00902864
806;0MC0060090ED;179;190;0.01017851
806;0MC0060090ED;160;191;0.00013861
806;0MC0060090ED;161;191;0.00608907
806;0MC0060090ED;162;191;0.00419251
806;0MC0060090ED;163;191;0.00790627
806;0MC0060090ED;164;191;0.00064408
806;0MC0060090ED;165;191;0.00230560
806;0MC0060090ED;167;191;0.00010337
806;0MC0060090ED;168;191;0.00008618
806;0MC0060090ED;179;191;0.00124134
806;0MC0060090ED;161;192;0.00616062
806;0MC0060090ED;164;192;0.00211822
806;0MC0060090ED;165;192;0.00152407
806;0MC0060090ED;160;193;0.00639430
806;0MC0060090ED;161;193;0.01471680
806;0MC0060090ED;162;193;0.00308075
806;0MC0060090ED;163;193;0.00342688
806;0MC0060090ED;164;193;0.00339600
806;0MC0060090ED;165;193;0.00077490
806;0MC0060090ED;165;194;0.00011118
806;0MC0060090ED;166;194;0.00007908
806;0MD0060190AV;226;71;0.00416851
806;0MD0060190AV;233;71;0.00007258
806;0MD0060190AV;234;71;0.00077754
806;0MD0060190AV;235;71;0.00182841
806;0MD0060190AV;236;71;0.00041953
806;0MD0060190AV;226;72;0.00442045
806;0MD0060190AV;230;72;0.00005979
806;0MD0060190AV;231;72;0.00002765
806;0MD0060190AV;232;72;0.00066208
806;0MD0060190AV;233;72;0.00145199
806;0MD0060190AV;234;72;0.00152306
806;0MD0060190AV;224;73;0.00020985
806;0MD0060190AV;225;73;0.00214775
806;0MD0060190AV;226;73;0.00229914
806;0MD0060190AV;230;73;0.00042959
806;0MD0060190AV;231;73;0.00150258
806;0MD0060190AV;232;73;0.00115699
806;0MD0060190AV;233;73;0.00006412
806;0MD0060190AV;235;73;0.00384195
806;0MD0060190AV;236;73;0.00003275
806;0MD0060190AV;224;74;0.05205537
806;0MD0060190AV;225;74;0.06407462
806;0MD0060190AV;226;74;0.00073007
806;0MD0060190AV;227;74;0.00046745
806;0MD0060190AV;228;74;0.00015899
806;0MD0060190AV;229;74;0.00168771
806;0MD0060190AV;230;74;0.00122356
806;0MD0060190AV;231;74;0.00000126
806;0MD0060190AV;232;74;0.00457584
806;0MD0060190AV;233;74;0.00926311
806;0MD0060190AV;234;74;0.01069993
806;0MD0060190AV;235;74;0.00641295
806;0MD0060190AV;225;75;0.06459034
806;0MD0060190AV;226;75;0.00690795
806;0MD0060190AV;227;75;0.00483332
806;0MD0060190AV;228;75;0.00568096
806;0MD0060190AV;229;75;0.00334333
806;0MD0060190AV;230;75;0.00817141
806;0MD0060190AV;231;75;0.00973374
806;0MD0060190AV;232;75;0.00517124
806;0MD0060190AV;233;75;0.00011460
806;0MD0060190AV;234;75;0.00007349
806;0MD0060190AV;235;75;0.00042803
806;0MD0060190AV;221;76;0.00017825
806;0MD0060190AV;223;76;0.00003925
806;0MD0060190AV;224;76;0.00067474
806;0MD0060190AV;225;76;0.06034151
806;0MD0060190AV;226;76;0.00934112
806;0MD0060190AV;227;76;0.00545739
806;0MD0060190AV;228;76;0.00162476
806;0MD0060190AV;229;76;0.00089796
806;0MD0060190AV;230;76;0.02314556
806;0MD0060190AV;231;76;0.00049286
806;0MD0060190AV;232;76;0.00682416
806;0MD0060190AV;233;76;0.01214297
806;0MD0060190AV;234;76;0.02871921
806;0MD0060190AV;235;76;0.01345399
806;0MD0060190AV;221;77;0.00067517
806;0MD0060190AV;222;77;0.00229116
806;0MD0060190AV;223;77;0.00263693
806;0MD0060190AV;224;77;0.03381536
806;0MD0060190AV;225;77;0.03416478
806;0MD0060190AV;226;77;0.04284044
806;0MD0060190AV;227;77;0.03612540
806;0MD0060190AV;228;77;0.00787823
806;0MD0060190AV;229;77;0.00816588
806;0MD0060190AV;230;77;0.04556052
806;0MD0060190AV;231;77;0.00015362
806;0MD0060190AV;232;77;0.00050714
806;0MD0060190AV;233;77;0.00029669
806;0MD0060190AV;234;77;0.00044798
806;0MD0060190AV;235;77;0.00010865
806;0MD0060190AV;219;78;0.00087935
806;0MD0060190AV;220;78;0.00092639
806;0MD0060190AV;221;78;0.00007641
806;0MD0060190AV;222;78;0.00129275
806;0MD0060190AV;223;78;0.00166450
806;0MD0060190AV;224;78;0.04295242
806;0MD0060190AV;225;78;0.00513216
806;0MD0060190AV;226;78;0.00052559
806;0MD0060190AV;227;78;0.00121498
806;0MD0060190AV;228;78;0.00127678
806;0MD0060190AV;229;78;0.00057066
806;0MD0060190AV;230;78;0.00086266
806;0MD0060190AV;231;78;0.00122324
806;0MD0060190AV;232;78;0.00024191
806;0MD0060190AV;233;78;0.00014618
806;0MD0060190AV;234;78;0.00006535
806;0MD0060190AV;216;79;0.00008605
806;0MD0060190AV;217;79;0.00013910
806;0MD0060190AV;218;79;0.00013132
806;0MD0060190AV;219;79;0.00052368
806;0MD0060190AV;220;79;0.00054435
806;0MD0060190AV;221;79;0.00128573
806;0MD0060190AV;222;79;0.00193876
806;0MD0060190AV;223;79;0.00411505
806;0MD0060190AV;224;79;0.04821658
806;0MD0060190AV;225;79;0.01041788
806;0MD0060190AV;226;79;0.00306283
806;0MD0060190AV;227;79;0.00100032
806;0MD0060190AV;228;79;0.00033166
806;0MD0060190AV;229;79;0.00024984
806;0MD0060190AV;231;79;0.00022961
806;0MD0060190AV;232;79;0.00012492
806;0MD0060190AV;233;79;0.00006335
806;0MD0060190AV;234;79;0.00004245
806;0MD0060190AV;213;80;0.00019067
806;0MD0060190AV;214;80;0.00026645
806;0MD0060190AV;215;80;0.00014001
806;0MD0060190AV;216;80;0.00004818
806;0MD0060190AV;219;80;0.00013338
806;0MD0060190AV;220;80;0.00021780
806;0MD0060190AV;221;80;0.00052012
806;0MD0060190AV;222;80;0.00067232
806;0MD0060190AV;223;80;0.00219044
806;0MD0060190AV;224;80;0.03110218
806;0MD0060190AV;225;80;0.00490911
806;0MD0060190AV;226;80;0.00201209
806;0MD0060190AV;227;80;0.00048027
806;0MD0060190AV;228;80;0.00028068
806;0MD0060190AV;229;80;0.00055528
806;0MD0060190AV;230;80;0.00045245
806;0MD0060190AV;231;80;0.00043872
806;0MD0060190AV;232;80;0.00033017
806;0MD0060190AV;233;80;0.00039076
806;0MD0060190AV;234;80;0.00002354
806;0MD0060190AV;211;81;0.00092688
806;0MD0060190AV;212;81;0.00867452
806;0MD0060190AV;213;81;0.00006726
806;0MD0060190AV;214;81;0.00516394
806;0MD0060190AV;215;81;0.00791696
806;0MD0060190AV;216;81;0.00579018
806;0MD0060190AV;217;81;0.00063059
806;0MD0060190AV;221;81;0.00026322
806;0MD0060190AV;222;81;0.00041248
806;0MD0060190AV;223;81;0.00079666
806;0MD0060190AV;224;81;0.02407710
806;0MD0060190AV;225;81;0.00054631
806;0MD0060190AV;226;81;0.00021970
806;0MD0060190AV;227;81;0.00023942
806;0MD0060190AV;228;81;0.00007139
806;0MD0060190AV;229;81;0.00005108
806;0MD0060190AV;230;81;0.00031242
806;0MD0060190AV;231;81;0.00033606
806;0MD0060190AV;232;81;0.00029142
806;0MD0060190AV;233;81;0.00071144
806;0MD0060190AV;234;81;0.00048926
806;0MD0060190AV;235;81;0.00028546
806;0MD0060190AV;211;82;0.00061498
806;0MD0060190AV;212;82;0.00021452
806;0MD0060190AV;213;82;0.00820546
806;0MD0060190AV;214;82;0.00357229
806;0MD0060190AV;215;82;0.00010691
806;0MD0060190AV;216;82;0.00205623
806;0MD0060190AV;217;82;0.00720807
806;0MD0060190AV;218;82;0.00783089
806;0MD0060190AV;219;82;0.00783684
806;0MD0060190AV;220;82;0.00796505
806;0MD0060190AV;221;82;0.00803237
806;0MD0060190AV;222;82;0.00795549
806;0MD0060190AV;223;82;0.00861961
806;0MD0060190AV;224;82;0.01915084
806;0MD0060190AV;227;82;0.00001239
806;0MD0060190AV;228;82;0.00015131
806;0MD0060190AV;229;82;0.00017262
806;0MD0060190AV;230;82;0.00014476
806;0MD0060190AV;213;83;0.00000142
806;0MD0060190AV;218;83;0.00001010
806;0MD0060190AV;219;83;0.00001395
806;0MD0060190AV;221;83;0.00000244
806;0MD0060190AV;222;83;0.00000023
806;0MD0060190AV;223;83;0.00000204
806;0MD0060190AV;224;83;0.00843877
806;0SF0060010BA;141;154;0.02250553
806;0SF0060010BA;140;155;0.01671151
806;0SF0060010BA;141;155;0.07005176
806;0SF0060010BA;137;156;0.00341153
806;0SF0060010BA;138;156;0.00182804
806;0SF0060010BA;139;156;0.01728919
806;0SF0060010BA;140;156;0.03518998
806;0SF0060010BA;141;156;0.04461089
806;0SF0060010BA;138;157;0.01410617
806;0SF0060010BA;139;157;0.01285973
806;0SF0060010BA;140;157;0.00233360
806;0SF0060010BA;141;157;0.04436846
806;0SF0060010BA;142;157;0.02442850
806;0SF0060010BA;135;158;0.00499379
806;0SF0060010BA;136;158;0.00245232
806;0SF0060010BA;137;158;0.00032925
806;0SF0060010BA;138;158;0.02476768
806;0SF0060010BA;139;158;0.00128457
806;0SF0060010BA;140;158;0.00030774
806;0SF0060010BA;141;158;0.00035706
806;0SF0060010BA;142;158;0.04665560
806;0SF0060010BA;143;158;0.00610062
806;0SF0060010BA;136;159;0.00930965
806;0SF0060010BA;137;159;0.02870022
806;0SF0060010BA;138;159;0.00989004
806;0SF0060010BA;139;159;0.00003832
806;0SF0060010BA;140;159;0.00002541
806;0SF0060010BA;141;159;0.00061870
806;0SF0060010BA;142;159;0.04300488
806;0SF0060010BA;143;159;0.00603634
806;0SF0060010BA;144;159;0.00449746
806;0SF0060010BA;149;159;0.00639963
806;0SF0060010BA;136;160;0.00160328
806;0SF0060010BA;137;160;0.03659562
806;0SF0060010BA;138;160;0.00312666
806;0SF0060010BA;139;160;0.00002008
806;0SF0060010BA;140;160;0.00000533
806;0SF0060010BA;141;160;0.03242545
806;0SF0060010BA;142;160;0.00609352
806;0SF0060010BA;143;160;0.00343770
806;0SF0060010BA;144;160;0.00343954
806;0SF0060010BA;145;160;0.00106366
806;0SF0060010BA;146;160;0.00003066
806;0SF0060010BA;135;161;0.00204435
806;0SF0060010BA;136;161;0.04388718
806;0SF0060010BA;137;161;0.00552236
806;0SF0060010BA;138;161;0.00564952
806;0SF0060010BA;139;161;0.00549688
806;0SF0060010BA;140;161;0.00497337
806;0SF0060010BA;141;161;0.03384251
806;0SF0060010BA;142;161;0.00596539
806;0SF0060010BA;143;161;0.00269336
806;0SF0060010BA;144;161;0.00277324
806;0SF0060010BA;145;161;0.00238093
806;0SF0060010BA;146;161;0.00016165
806;0SF0060010BA;147;161;0.00015160
806;0SF0060010BA;148;161;0.00000526
806;0SF0060010BA;149;161;0.00143778
806;0SF0060010BA;134;162;0.00148173
806;0SF0060010BA;135;162;0.04174251
806;0SF0060010BA;136;162;0.00154334
806;0SF0060010BA;137;162;0.00021989
806;0SF0060010BA;138;162;0.00016818
806;0SF0060010BA;139;162;0.00045632
806;0SF0060010BA;141;162;0.00008134
806;0SF0060010BA;142;162;0.00000772
806;0SF0060010BA;144;162;0.00001354
806;0SF0060010BA;145;162;0.00128664
806;0SF0060010BA;148;162;0.00023243
806;0SF0060010BA;149;162;0.00656867
806;0SF0060010BA;133;163;0.00045604
806;0SF0060010BA;134;163;0.03900649
806;0SF0060010BA;135;163;0.01775759
806;0SF0060010BA;136;163;0.00123213
806;0SF0060010BA;137;163;0.00037521
806;0SF0060010BA;139;163;0.00018352
806;0SF0060010BA;145;163;0.00025502
806;0SF0060010BA;148;163;0.00016711
806;0SF0060010BA;149;163;0.00373082
806;0SF0060010BA;132;164;0.01615638
806;0SF0060010BA;133;164;0.04814419
806;0SF0060010BA;134;164;0.02627591
806;0SF0060010BA;135;164;0.00217112
806;0SF0060010BA;136;164;0.00005242
806;0SF0060010BA;137;164;0.00003240
806;0SF0060010BA;148;164;0.00003450
806;0SF0060010BA;133;165;0.02833964
806;0SF0060010BA;134;165;0.02096403
806;0SF0060010BA;135;165;0.00632106
806;0SF0060010BA;133;166;0.02216442
806;0SF0060010BA;134;166;0.00208210
806;0SF0060010BA;135;166;0.00000452
806;GBV006014GBU;229;110;0.01067547
806;GBV006014GBU;229;111;0.01599232
806;GBV006014GBU;229;112;0.01599232
806;GBV006014GBU;229;113;0.01599232
806;GBV006014GBU;228;114;0.01424576
806;GBV006014GBU;229;114;0.00174656
806;GBV006014GBU;228;115;0.01599232
806;GBV006014GBU;228;116;0.01599232
806;GBV006014GBU;264;116;0.00049768
806;GBV006014GBU;265;116;0.00354726
806;GBV006014GBU;227;117;0.00080259
806;GBV006014GBU;228;117;0.01518973
806;GBV006014GBU;264;117;0.00595466
806;GBV006014GBU;265;117;0.00203300
806;GBV006014GBU;227;118;0.01599232
806;GBV006014GBU;264;118;0.00595466
806;GBV006014GBU;265;118;0.00107120
806;GBV006014GBU;266;118;0.00096180
806;GBV006014GBU;227;119;0.01599232
806;GBV006014GBU;263;119;0.00125391
806;GBV006014GBU;264;119;0.00470075
806;GBV006014GBU;266;119;0.00203300
806;GBV006014GBU;227;120;0.01599232
806;GBV006014GBU;263;120;0.00595466
806;GBV006014GBU;266;120;0.00185224
806;GBV006014GBU;267;120;0.00018075
806;GBV006014GBU;226;121;0.00289619
806;GBV006014GBU;227;121;0.01302213
806;GBV006014GBU;263;121;0.00595466
806;GBV006014GBU;267;121;0.00247802
806;GBV006014GBU;268;121;0.00085438
806;GBV006014GBU;226;122;0.01591159
806;GBV006014GBU;262;122;0.00221445
806;GBV006014GBU;263;122;0.00393408
806;GBV006014GBU;226;123;0.01545697
806;GBV006014GBU;227;123;0.00012005
806;GBV006014GBU;262;123;0.00652054
806;GBV006014GBU;226;124;0.01497404
806;GBV006014GBU;227;124;0.00032936
806;GBV006014GBU;228;124;0.00010652
806;GBV006014GBU;233;124;0.00019755
806;GBV006014GBU;261;124;0.00411247
806;GBV006014GBU;262;124;0.00240807
806;GBV006014GBU;226;125;0.01497404
806;GBV006014GBU;228;125;0.00034290
806;GBV006014GBU;229;125;0.00009298
806;GBV006014GBU;232;125;0.00062471
806;GBV006014GBU;233;125;0.00034605
806;GBV006014GBU;234;125;0.00051560
806;GBV006014GBU;235;125;0.00035323
806;GBV006014GBU;236;125;0.00034147
806;GBV006014GBU;237;125;0.00047000
806;GBV006014GBU;238;125;0.00047000
806;GBV006014GBU;239;125;0.00047000
806;GBV006014GBU;240;125;0.00047000
806;GBV006014GBU;241;125;0.00047000
806;GBV006014GBU;242;125;0.00011585
806;GBV006014GBU;259;125;0.00036301
806;GBV006014GBU;260;125;0.00049265
806;GBV006014GBU;261;125;0.00648557
806;GBV006014GBU;226;126;0.01497702
806;GBV006014GBU;229;126;0.00035643
806;GBV006014GBU;230;126;0.00014570
806;GBV006014GBU;231;126;0.00063063
806;GBV006014GBU;232;126;0.00000591
806;GBV006014GBU;235;126;0.00015006
806;GBV006014GBU;236;126;0.00012853
806;GBV006014GBU;242;126;0.00051412
806;GBV006014GBU;256;126;0.00043792
806;GBV006014GBU;257;126;0.00049265
806;GBV006014GBU;258;126;0.00049265
806;GBV006014GBU;259;126;0.00012964
806;GBV006014GBU;261;126;0.00614943
806;GBV006014GBU;225;127;0.01261474
806;GBV006014GBU;226;127;0.00236608
806;GBV006014GBU;229;127;0.00006539
806;GBV006014GBU;230;127;0.00049376
806;GBV006014GBU;242;127;0.00051224
806;GBV006014GBU;243;127;0.00000189
806;GBV006014GBU;252;127;0.00000379
806;GBV006014GBU;253;127;0.00049451
806;GBV006014GBU;254;127;0.00049265
806;GBV006014GBU;255;127;0.00049265
806;GBV006014GBU;256;127;0.00005473
806;GBV006014GBU;261;127;0.00614943
806;GBV006014GBU;225;128;0.01498082
806;GBV006014GBU;228;128;0.00012138
806;GBV006014GBU;229;128;0.00013312
806;GBV006014GBU;243;128;0.00051412
806;GBV006014GBU;252;128;0.00059075
806;GBV006014GBU;261;128;0.00120171
806;GBV006014GBU;225;129;0.01498082
806;GBV006014GBU;227;129;0.00017738
806;GBV006014GBU;228;129;0.00007712
806;GBV006014GBU;243;129;0.00051412
806;GBV006014GBU;251;129;0.00041218
806;GBV006014GBU;252;129;0.00017857
806;GBV006014GBU;225;130;0.01501569
806;GBV006014GBU;226;130;0.00019851
806;GBV006014GBU;227;130;0.00002113
806;GBV006014GBU;243;130;0.00011896
806;GBV006014GBU;244;130;0.00039517
806;GBV006014GBU;250;130;0.00022982
806;GBV006014GBU;251;130;0.00036094
806;GBV006014GBU;225;131;0.01605550
806;GBV006014GBU;244;131;0.00051412
806;GBV006014GBU;249;131;0.00004746
806;GBV006014GBU;250;131;0.00054330
806;GBV006014GBU;224;132;0.01686458
806;GBV006014GBU;225;132;0.00100863
806;GBV006014GBU;244;132;0.00023980
806;GBV006014GBU;245;132;0.00035799
806;GBV006014GBU;248;132;0.00011050
806;GBV006014GBU;249;132;0.00060731
806;GBV006014GBU;223;133;0.00518224
806;GBV006014GBU;224;133;0.01287927
806;GBV006014GBU;245;133;0.00027022
806;GBV006014GBU;246;133;0.00051052
806;GBV006014GBU;247;133;0.00053843
806;GBV006014GBU;248;133;0.00045999
806;GBV006014GBU;223;134;0.01788560
806;GBV006014GBU;222;135;0.01075921
806;GBV006014GBU;223;135;0.00704965
806;GBV006014GBU;222;136;0.01780886
806;GBV006014GBU;221;137;0.01581941
806;GBV006014GBU;222;137;0.00198945
806;GBV006014GBU;221;138;0.01633740
806;GBV006014GBU;220;139;0.00122101
806;GBV006014GBU;221;139;0.01441267
806;GBV006014GBU;220;140;0.01544206
806;GBV006014GBU;220;141;0.01544206
806;GBV006014GBU;220;142;0.01544206
806;GBV006014GBU;220;143;0.01544206
806;GBV006014GBU;220;144;0.01544206
806;GBV006014GBU;220;145;0.01593952
806;GBV006014GBU;219;146;0.00299132
806;GBV006014GBU;220;146;0.01403730
806;GBV006014GBU;219;147;0.01980474
806;GBV006014GBU;220;147;0.00019141
806;GBV006014GBU;218;148;0.01595185
806;GBV006014GBU;219;148;0.00537381
806;GBV006014GBU;220;148;0.00024273
806;GBV006014GBU;221;148;0.00021081
806;GBV006014GBU;217;149;0.00187035
806;GBV006014GBU;218;149;0.01658082
806;GBV006014GBU;221;149;0.00022333
806;GBV006014GBU;222;149;0.00022621
806;GBV006014GBU;217;150;0.01716072
806;GBV006014GBU;222;150;0.00022303
806;GBV006014GBU;223;150;0.00020812
806;GBV006014GBU;217;151;0.02451739
806;GBV006014GBU;223;151;0.00024610
806;GBV006014GBU;224;151;0.00019121
806;GBV006014GBU;215;152;0.03218725
806;GBV006014GBU;216;152;0.02893592
806;GBV006014GBU;217;152;0.03028717
806;GBV006014GBU;224;152;0.00025723
806;GBV006014GBU;225;152;0.00018182
806;GBV006014GBU;213;153;0.01388919
806;GBV006014GBU;214;153;0.04351012
806;GBV006014GBU;215;153;0.00892704
806;GBV006014GBU;217;153;0.00189639
806;GBV006014GBU;218;153;0.00154995
806;GBV006014GBU;225;153;0.00026663
806;GBV006014GBU;226;153;0.00017242
806;GBV006014GBU;213;154;0.03624157
806;GBV006014GBU;218;154;0.00188175
806;GBV006014GBU;226;154;0.00030574
806;GBV006014GBU;227;154;0.00009671
806;GBV006014GBU;213;155;0.00195398
806;GBV006014GBU;218;155;0.00032534
806;GBV006014GBU;227;155;0.00020141
806;0SF0060380BA;129;161;0.01092528
806;0SF0060380BA;130;161;0.00570166
806;0SF0060380BA;131;161;0.05411451
806;0SF0060380BA;128;162;0.00011309
806;0SF0060380BA;129;162;0.02769730
806;0SF0060380BA;130;162;0.03881855
806;0SF0060380BA;131;162;0.21881445
806;0SF0060380BA;128;163;0.00018681
806;0SF0060380BA;129;163;0.02581702
806;0SF0060380BA;130;163;0.08265376
806;0SF0060380BA;131;163;0.29915701
806;0SF0060380BA;129;164;0.06174611
806;0SF0060380BA;130;164;0.05510232
806;0SF0060380BA;131;164;0.06572625
806;0SF0060380BA;132;164;0.05342589
806;NCC006044MBU;143;138;0.00005948
806;NCC006044MBU;142;139;0.00006944
806;NCC006044MBU;143;139;0.00279559
806;NCC006044MBU;144;139;0.06608485
806;NCC006044MBU;145;139;0.00404636
806;NCC006044MBU;146;139;0.00619713
806;NCC006044MBU;147;139;0.00898870
806;NCC006044MBU;148;139;0.00132839
806;NCC006044MBU;142;140;0.03393271
806;NCC006044MBU;143;140;0.06746321
806;NCC006044MBU;144;140;0.03240940
806;NCC006044MBU;145;140;0.00900168
806;NCC006044MBU;146;140;0.00207552
806;NCC006044MBU;136;141;0.00379231
806;NCC006044MBU;137;141;0.00444447
806;NCC006044MBU;138;141;0.05866380
806;NCC006044MBU;139;141;0.09506915
806;NCC006044MBU;140;141;0.08669914
806;NCC006044MBU;141;141;0.07229077
806;NCC006044MBU;142;141;0.05311298
806;NCC006044MBU;143;141;0.00411419
806;NCC006044MBU;144;141;0.00284392
806;NCC006044MBU;145;141;0.00681489
806;NCC006044MBU;134;142;0.00019484
806;NCC006044MBU;135;142;0.00489605
806;NCC006044MBU;136;142;0.00091518
806;NCC006044MBU;137;142;0.00380865
806;NCC006044MBU;138;142;0.03783054
806;NCC006044MBU;139;142;0.05112735
806;NCC006044MBU;140;142;0.00844282
806;NCC006044MBU;141;142;0.00027423
806;NCC006044MBU;142;142;0.00064287
806;NCC006044MBU;143;142;0.00116263
806;NCC006044MBU;144;142;0.00005039
806;NCC006044MBU;145;142;0.00078640
806;NCC006044MBU;134;143;0.00343459
806;NCC006044MBU;135;143;0.00014834
806;NCC006044MBU;136;143;0.00152458
806;NCC006044MBU;137;143;0.01126251
806;NCC006044MBU;138;143;0.03024222
806;NCC006044MBU;139;143;0.05122148
806;NCC006044MBU;140;143;0.00313445
806;NCC006044MBU;142;143;0.00004785
806;NCC006044MBU;143;143;0.00024719
806;NCC006044MBU;144;143;0.00011001
806;NCC006044MBU;145;143;0.00008535
806;NCC006044MBU;133;144;0.00236927
806;NCC006044MBU;134;144;0.00098983
806;NCC006044MBU;136;144;0.00241793
806;NCC006044MBU;137;144;0.01420391
806;NCC006044MBU;138;144;0.00285734
806;NCC006044MBU;139;144;0.03353567
806;NCC006044MBU;140;144;0.02224016
806;NCC006044MBU;141;144;0.00002458
806;NCC006044MBU;142;144;0.00017280
806;NCC006044MBU;143;144;0.00010689
806;NCC006044MBU;133;145;0.00021289
806;NCC006044MBU;134;145;0.00001233
806;NCC006044MBU;135;145;0.00006835
806;NCC006044MBU;136;145;0.00590875
806;NCC006044MBU;137;145;0.00695167
806;NCC006044MBU;138;145;0.00032182
806;NCC006044MBU;139;145;0.00844327
806;NCC006044MBU;140;145;0.03922362
806;NCC006044MBU;141;145;0.00027635
806;NCC006044MBU;142;145;0.00000906
806;NCC006044MBU;132;146;0.00000076
806;NCC006044MBU;133;146;0.00000019
806;NCC006044MBU;134;146;0.00000350
806;NCC006044MBU;135;146;0.00048059
806;NCC006044MBU;136;146;0.00530937
806;NCC006044MBU;137;146;0.00077257
806;NCC006044MBU;138;146;0.00027726
806;NCC006044MBU;139;146;0.00739820
806;NCC006044MBU;140;146;0.00024850
806;NCC006044MBU;134;147;0.00000037
806;NCC006044MBU;135;147;0.00019443
806;NCC006044MBU;136;147;0.00293555
806;NCC006044MBU;137;147;0.00001575
806;NCC006044MBU;138;147;0.00033262
806;NCC006044MBU;139;147;0.00001315
806;NCC006044MBU;136;148;0.00414911
806;NCC006044MBU;137;148;0.00034841
806;NCC006044MBU;138;148;0.00010801
806;NCC006044MBU;136;149;0.00316709
806;NCC006044MBU;137;149;0.00000941
806;SJV006016SJU;180;109;0.00421420
806;SJV006016SJU;181;109;0.00001285
806;SJV006016SJU;182;109;0.00057749
806;SJV006016SJU;183;109;0.00235691
806;SJV006016SJU;185;109;0.00018213
806;SJV006016SJU;187;109;0.02674136
806;SJV006016SJU;192;109;0.00128289
806;SJV006016SJU;180;110;0.00089154
806;SJV006016SJU;181;110;0.00369250
806;SJV006016SJU;182;110;0.00252891
806;SJV006016SJU;183;110;0.00009872
806;SJV006016SJU;184;110;0.00030248
806;SJV006016SJU;185;110;0.00002936
806;SJV006016SJU;186;110;0.01467476
806;SJV006016SJU;187;110;0.01718574
806;SJV006016SJU;192;110;0.00159407
806;SJV006016SJU;181;111;0.00564238
806;SJV006016SJU;182;111;0.00274823
806;SJV006016SJU;184;111;0.00021048
806;SJV006016SJU;185;111;0.00499093
806;SJV006016SJU;186;111;0.02776345
806;SJV006016SJU;192;111;0.00165623
806;SJV006016SJU;193;111;0.00001639
806;SJV006016SJU;178;112;0.00000685
806;SJV006016SJU;179;112;0.00000882
806;SJV006016SJU;181;112;0.00414232
806;SJV006016SJU;182;112;0.00375307
806;SJV006016SJU;184;112;0.00029663
806;SJV006016SJU;185;112;0.03348781
806;SJV006016SJU;192;112;0.00170116
806;SJV006016SJU;193;112;0.00000762
806;SJV006016SJU;179;113;0.00001361
806;SJV006016SJU;180;113;0.00343208
806;SJV006016SJU;181;113;0.00195712
806;SJV006016SJU;182;113;0.00315149
806;SJV006016SJU;183;113;0.00338816
806;SJV006016SJU;184;113;0.03263913
806;SJV006016SJU;185;113;0.00246065
806;SJV006016SJU;186;113;0.00096778
806;SJV006016SJU;187;113;0.00085064
806;SJV006016SJU;188;113;0.00083142
806;SJV006016SJU;189;113;0.00081434
806;SJV006016SJU;190;113;0.00106127
806;SJV006016SJU;191;113;0.00071894
806;SJV006016SJU;192;113;0.00230513
806;SJV006016SJU;193;113;0.00002107
806;SJV006016SJU;179;114;0.00037733
806;SJV006016SJU;180;114;0.00596548
806;SJV006016SJU;182;114;0.00000010
806;SJV006016SJU;183;114;0.02967842
806;SJV006016SJU;184;114;0.00793071
806;SJV006016SJU;190;114;0.00019565
806;SJV006016SJU;192;114;0.00221356
806;SJV006016SJU;179;115;0.00242994
806;SJV006016SJU;180;115;0.00555386
806;SJV006016SJU;182;115;0.02660702
806;SJV006016SJU;183;115;0.01868064
806;SJV006016SJU;184;115;0.00001236
806;SJV006016SJU;190;115;0.00037671
806;SJV006016SJU;191;115;0.00011535
806;SJV006016SJU;192;115;0.00238569
806;SJV006016SJU;193;115;0.00012184
806;SJV006016SJU;180;116;0.00998269
806;SJV006016SJU;181;116;0.02830853
806;SJV006016SJU;182;116;0.00181176
806;SJV006016SJU;184;116;0.00877199
806;SJV006016SJU;190;116;0.00037110
806;SJV006016SJU;191;116;0.00000063
806;SJV006016SJU;192;116;0.00417768
806;SJV006016SJU;193;116;0.00086419
806;SJV006016SJU;181;117;0.00331997
806;SJV006016SJU;182;117;0.00095225
806;SJV006016SJU;183;117;0.00018934
806;SJV006016SJU;184;117;0.00454169
806;SJV006016SJU;185;117;0.00394583
806;SJV006016SJU;189;117;0.00000914
806;SJV006016SJU;190;117;0.00070034
806;SJV006016SJU;191;117;0.00100251
806;SJV006016SJU;192;117;0.01459371
806;SJV006016SJU;193;117;0.00213749
806;SJV006016SJU;182;118;0.00518270
806;SJV006016SJU;183;118;0.00084841
806;SJV006016SJU;184;118;0.00008528
806;SJV006016SJU;185;118;0.00938004
806;SJV006016SJU;186;118;0.00008677
806;SJV006016SJU;188;118;0.00010985
806;SJV006016SJU;189;118;0.00044781
806;SJV006016SJU;190;118;0.00137929
806;SJV006016SJU;191;118;0.00176317
806;SJV006016SJU;192;118;0.01254785
806;SJV006016SJU;193;118;0.00113716
806;SJV006016SJU;183;119;0.00483322
806;SJV006016SJU;184;119;0.00084338
806;SJV006016SJU;186;119;0.00935389
806;SJV006016SJU;187;119;0.00010767
806;SJV006016SJU;188;119;0.00010478
806;SJV006016SJU;189;119;0.00034363
806;SJV006016SJU;190;119;0.00073442
806;SJV006016SJU;191;119;0.00988023
806;SJV006016SJU;192;119;0.00185275
806;SJV006016SJU;193;119;0.00003207
806;SJV006016SJU;184;120;0.00467099
806;SJV006016SJU;185;120;0.00145886
806;SJV006016SJU;186;120;0.00790540
806;SJV006016SJU;187;120;0.00612756
806;SJV006016SJU;188;120;0.00421997
806;SJV006016SJU;189;120;0.00358218
806;SJV006016SJU;190;120;0.00410577
806;SJV006016SJU;191;120;0.01200110
806;SJV006016SJU;192;120;0.00448473
806;SJV006016SJU;193;120;0.00255586
806;SJV006016SJU;183;121;0.00095868
806;SJV006016SJU;184;121;0.00426181
806;SJV006016SJU;185;121;0.01554161
806;SJV006016SJU;186;121;0.00889871
806;SJV006016SJU;187;121;0.00940198
806;SJV006016SJU;188;121;0.00370968
806;SJV006016SJU;189;121;0.00145384
806;SJV006016SJU;190;121;0.00158400
806;SJV006016SJU;191;121;0.00903255
806;SJV006016SJU;192;121;0.00168512
806;SJV006016SJU;193;121;0.00014212
806;SJV006016SJU;185;122;0.00069869
806;SJV006016SJU;186;122;0.01601540
806;SJV006016SJU;187;122;0.03624051
806;SJV006016SJU;188;122;0.00714106
806;SJV006016SJU;189;122;0.00190496
806;SJV006016SJU;190;122;0.00529052
806;SJV006016SJU;191;122;0.01005805
806;SJV006016SJU;192;122;0.00085183
806;SJV006016SJU;193;122;0.00071579
806;SJV006016SJU;194;122;0.00135605
806;SJV006016SJU;185;123;0.00002006
806;SJV006016SJU;186;123;0.00026653
806;SJV006016SJU;187;123;0.02484748
806;SJV006016SJU;188;123;0.02267637
806;SJV006016SJU;189;123;0.03450385
806;SJV006016SJU;190;123;0.05433985
806;SJV006016SJU;191;123;0.02488117
806;SJV006016SJU;192;123;0.01841538
806;SJV006016SJU;193;123;0.01740095
806;SJV006016SJU;194;123;0.01396356
806;SJV006016SJU;184;124;0.00054852
806;SJV006016SJU;185;124;0.00243650
806;SJV006016SJU;186;124;0.00335786
806;SJV006016SJU;187;124;0.01205641
806;SJV006016SJU;188;124;0.00231122
806;SJV006016SJU;189;124;0.00480991
806;SJV006016SJU;190;124;0.03433370
806;SJV006016SJU;191;124;0.01306575
806;SJV006016SJU;192;124;0.00346904
806;SJV006016SJU;193;124;0.00105610
806;SJV006016SJU;194;124;0.00065842
806;SJV006016SJU;183;125;0.00026732
806;SJV006016SJU;184;125;0.00165355
806;SJV006016SJU;185;125;0.00046816
806;SJV006016SJU;186;125;0.00038993
806;SJV006016SJU;187;125;0.00990506
806;SJV006016SJU;188;125;0.00342569
806;SJV006016SJU;189;125;0.00447857
806;SJV006016SJU;190;125;0.01464634
806;SJV006016SJU;191;125;0.00141163
806;SJV006016SJU;192;125;0.00222414
806;SJV006016SJU;193;125;0.00021688
806;SJV006016SJU;189;126;0.00151814
806;SJV006016SJU;190;126;0.00909345
806;SJV006016SJU;191;126;0.00001828
806;SJV006016SJU;192;126;0.00228945
806;SJV006016SJU;193;126;0.00016985
806;SJV006016SJU;192;127;0.00196950
806;SJV006016SJU;193;127;0.00008115
806;SJV006016SJU;192;128;0.00150784
806;SJV006016SJU;193;128;0.00000004
806;0NC006012NCU;104;224;0.00279290
806;0NC006012NCU;104;225;0.00671430
806;0NC006012NCU;104;226;0.00678601
806;0NC006012NCU;103;227;0.00078947
806;0NC006012NCU;104;227;0.00541656
806;0NC006012NCU;103;228;0.00376225
806;0NC006012NCU;104;228;0.00270929
806;0NC006012NCU;104;229;0.00678046
806;0NC006012NCU;103;230;0.00710688
806;0NC006012NCU;104;230;0.00472963
806;0NC006012NCU;102;231;0.00450205
806;0NC006012NCU;103;231;0.00781711
806;0NC006012NCU;102;232;0.00861041
806;0NC006012NCU;101;233;0.00912563
806;0NC006012NCU;102;233;0.00010656
806;0NC006012NCU;101;234;0.00916886
806;0NC006012NCU;100;235;0.00446279
806;0NC006012NCU;101;235;0.00895123
806;0NC006012NCU;99;236;0.00828870
806;0NC006012NCU;100;236;0.00847834
806;0NC006012NCU;106;236;0.00075761
806;0NC006012NCU;107;236;0.00049334
806;0NC006012NCU;98;237;0.01160293
806;0NC006012NCU;99;237;0.00204357
806;0NC006012NCU;101;237;0.00025079
806;0NC006012NCU;102;237;0.00067309
806;0NC006012NCU;103;237;0.00066470
806;0NC006012NCU;104;237;0.00065804
806;0NC006012NCU;105;237;0.00071433
806;0NC006012NCU;106;237;0.00018710
806;0NC006012NCU;107;237;0.00052253
806;0NC006012NCU;108;237;0.00066591
806;0NC006012NCU;109;237;0.00043039
806;0NC006012NCU;97;238;0.01220993
806;0NC006012NCU;98;238;0.00665089
806;0NC006012NCU;99;238;0.00029801
806;0NC006012NCU;100;238;0.00071376
806;0NC006012NCU;101;238;0.00045093
806;0NC006012NCU;97;239;0.01484552
806;0NC006012NCU;98;239;0.00038118
806;0NC006012NCU;99;239;0.00042678
806;0NC006012NCU;94;240;0.00025120
806;0NC006012NCU;95;240;0.00788598
806;0NC006012NCU;97;240;0.01655239
806;0NC006012NCU;95;241;0.00326017
806;0NC006012NCU;96;241;0.03877062
806;0NC006012NCU;97;241;0.00153206
806;0NC006012NCU;96;242;0.02657977
806;0NC006012NCU;96;243;0.02718666
806;0NC006012NCU;96;244;0.03118863
806;0NC006012NCU;96;245;0.03867427
806;0NC006012NCU;97;245;0.01315962
806;0NC006012NCU;98;245;0.00285609
806;0NC006012NCU;99;245;0.00069040
806;0NC006012NCU;96;246;0.00544777
806;0NC006012NCU;97;246;0.05427860
806;0NC006012NCU;98;246;0.04303070
806;0NC006012NCU;99;246;0.00302690
806;0NC006012NCU;98;247;0.00660332
806;0NC006012NCU;99;247;0.04495974
806;0NC006012NCU;99;248;0.04559476
806;0NC006012NCU;100;248;0.00706763
806;0NC006012NCU;101;248;0.00898102
806;0NC006012NCU;102;248;0.00442793
806;0NC006012NCU;105;248;0.00037491
806;0NC006012NCU;106;248;0.00772211
806;0NC006012NCU;108;248;0.00199097
806;0NC006012NCU;98;249;0.02879222
806;0NC006012NCU;99;249;0.02170464
806;0NC006012NCU;100;249;0.00509333
806;0NC006012NCU;102;249;0.01010726
806;0NC006012NCU;103;249;0.00782572
806;0NC006012NCU;104;249;0.00996177
806;0NC006012NCU;105;249;0.00867959
806;0NC006012NCU;106;249;0.00210783
806;0NC006012NCU;107;249;0.01157802
806;0NC006012NCU;108;249;0.00998297
806;0NC006012NCU;98;250;0.02537612
806;0NC006012NCU;102;250;0.00275379
806;0NC006012NCU;103;250;0.00245856
806;0NC006012NCU;108;250;0.00058448
806;0NC006012NCU;98;251;0.02164830
806;0NC006012NCU;107;251;0.00000360
806;0NC006012NCU;108;251;0.00011059
806;0NC006012NCU;98;252;0.02463072
806;0NC006012NCU;107;252;0.00001691
806;0NC006012NCU;97;253;0.00099481
806;0NC006012NCU;98;253;0.02072184
806;0NC006012NCU;107;253;0.00001684
806;0NC006012NCU;97;254;0.01308299
806;0NC006012NCU;98;254;0.00008962
806;0NC006012NCU;107;254;0.00001634
806;0NC006012NCU;97;255;0.00501546
806;0NC006012NCU;98;255;0.01234776
806;0NC006012NCU;102;255;0.00003822
806;0NC006012NCU;103;255;0.00040118
806;0NC006012NCU;104;255;0.00039844
806;0NC006012NCU;107;255;0.00001661
806;0NC006012NCU;98;256;0.01433746
806;0NC006012NCU;99;256;0.00033659
806;0NC006012NCU;102;256;0.00039489
806;0NC006012NCU;104;256;0.00021854
806;0NC006012NCU;105;256;0.00038967
806;0NC006012NCU;106;256;0.00038260
806;0NC006012NCU;107;256;0.00044858
806;0NC006012NCU;108;256;0.00000024
806;0NC006012NCU;98;257;0.00880368
806;0NC006012NCU;99;257;0.00795046
806;0NC006012NCU;101;257;0.00017516
806;0NC006012NCU;102;257;0.00019828
806;0NC006012NCU;108;257;0.00035894
806;0NC006012NCU;99;258;0.01304138
806;0NC006012NCU;101;258;0.00037345
806;0NC006012NCU;108;258;0.00028770
806;0NC006012NCU;109;258;0.00039926
806;0NC006012NCU;110;258;0.00000454
806;0NC006012NCU;99;259;0.01272798
806;0NC006012NCU;100;259;0.00955127
806;0NC006012NCU;101;259;0.00015671
806;0NC006012NCU;110;259;0.00050845
806;0NC006012NCU;100;260;0.01421511
806;0NC006012NCU;110;260;0.00001911
806;0NC006012NCU;111;260;0.00035329
806;0NC006012NCU;100;261;0.00431716
806;0NC006012NCU;101;261;0.01661503
806;0NC006012NCU;111;261;0.00014305
806;0NC006012NCU;101;262;0.01350900
806;0NC006012NCU;100;263;0.00594222
806;0NC006012NCU;101;263;0.00969354
806;0NC006012NCU;100;264;0.00275511
806;0SF0060480BA;136;170;0.00569997
806;0SF0060480BA;137;170;0.03833377
806;0SF0060480BA;134;171;0.00467323
806;0SF0060480BA;135;171;0.08688139
806;0SF0060480BA;136;171;0.03024210
806;0SF0060480BA;137;171;0.02458251
806;0SF0060480BA;133;172;0.03399027
806;0SF0060480BA;134;172;0.04589907
806;0SF0060480BA;135;172;0.07181464
806;0SF0060480BA;136;172;0.00000201
806;0SF0060480BA;137;172;0.02446579
806;0SF0060480BA;131;173;0.02162676
806;0SF0060480BA;132;173;0.04650136
806;0SF0060480BA;133;173;0.01286103
806;0SF0060480BA;134;173;0.05313931
806;0SF0060480BA;135;173;0.05825219
806;0SF0060480BA;137;173;0.02446579
806;0SF0060480BA;135;174;0.00992236
806;0SF0060480BA;136;174;0.05427334
806;0SF0060480BA;137;174;0.02672778
806;0SF0060480BA;142;174;0.00028220
806;0SF0060480BA;143;174;0.00032468
806;0SF0060480BA;135;175;0.00340795
806;0SF0060480BA;136;175;0.02909259
806;0SF0060480BA;137;175;0.10547458
806;0SF0060480BA;138;175;0.03209259
806;0SF0060480BA;139;175;0.00153007
806;0SF0060480BA;140;175;0.00206450
806;0SF0060480BA;141;175;0.00062058
806;0SF0060480BA;142;175;0.00061579
806;0SF0060480BA;136;176;0.00134745
806;0SF0060480BA;137;176;0.00017451
806;0SF0060480BA;138;176;0.06086841
806;0SF0060480BA;139;176;0.03623485
806;0SF0060480BA;140;176;0.01177744
806;0SF0060480BA;141;176;0.00191173
806;0SF0060480BA;137;177;0.00004045
806;0SF0060480BA;138;177;0.00000152
806;0SF0060480BA;139;177;0.03337242
806;0SF0060480BA;140;177;0.00015883
806;0SF0060480BA;141;177;0.00011903
806;0SF0060480BA;139;178;0.00413316
806;SJV006024SJU;165;138;0.01047047
806;SJV006024SJU;164;139;0.00391663
806;SJV006024SJU;165;139;0.00727263
806;SJV006024SJU;166;139;0.00009133
806;SJV006024SJU;163;140;0.00287721
806;SJV006024SJU;164;140;0.01035711
806;SJV006024SJU;168;140;0.00007845
806;SJV006024SJU;169;140;0.00004664
806;SJV006024SJU;162;141;0.00008370
806;SJV006024SJU;163;141;0.01043752
806;SJV006024SJU;164;141;0.00092951
806;SJV006024SJU;167;141;0.00027105
806;SJV006024SJU;168;141;0.00073917
806;SJV006024SJU;169;141;0.00190848
806;SJV006024SJU;162;142;0.01038221
806;SJV006024SJU;163;142;0.00002276
806;SJV006024SJU;164;142;0.00099122
806;SJV006024SJU;166;142;0.00055224
806;SJV006024SJU;167;142;0.00009097
806;SJV006024SJU;168;142;0.00003158
806;SJV006024SJU;169;142;0.00318771
806;SJV006024SJU;156;143;0.00029830
806;SJV006024SJU;159;143;0.00239277
806;SJV006024SJU;160;143;0.00460172
806;SJV006024SJU;161;143;0.01080736
806;SJV006024SJU;162;143;0.00764650
806;SJV006024SJU;163;143;0.00477039
806;SJV006024SJU;164;143;0.01054944
806;SJV006024SJU;165;143;0.00663626
806;SJV006024SJU;166;143;0.00536309
806;SJV006024SJU;167;143;0.00646164
806;SJV006024SJU;168;143;0.00631357
806;SJV006024SJU;169;143;0.00698986
806;SJV006024SJU;170;143;0.00644373
806;SJV006024SJU;171;143;0.00499032
806;SJV006024SJU;156;144;0.00233811
806;SJV006024SJU;157;144;0.00470421
806;SJV006024SJU;158;144;0.00540705
806;SJV006024SJU;159;144;0.00252449
806;SJV006024SJU;160;144;0.00581884
806;SJV006024SJU;161;144;0.00993168
806;SJV006024SJU;162;144;0.00327776
806;SJV006024SJU;163;144;0.00501440
806;SJV006024SJU;164;144;0.00621334
806;SJV006024SJU;165;144;0.00196444
806;SJV006024SJU;166;144;0.00195695
806;SJV006024SJU;167;144;0.00226942
806;SJV006024SJU;168;144;0.00011584
806;SJV006024SJU;169;144;0.00000694
806;SJV006024SJU;171;144;0.00221007
806;SJV006024SJU;172;144;0.00582457
806;SJV006024SJU;160;145;0.01351679
806;SJV006024SJU;161;145;0.00021611
806;SJV006024SJU;162;145;0.00131267
806;SJV006024SJU;164;145;0.00335591
806;SJV006024SJU;167;145;0.00078398
806;SJV006024SJU;170;145;0.00003737
806;SJV006024SJU;171;145;0.00009459
806;SJV006024SJU;172;145;0.00657960
806;SJV006024SJU;173;145;0.00020026
806;SJV006024SJU;174;145;0.00021860
806;SJV006024SJU;159;146;0.00527402
806;SJV006024SJU;160;146;0.00772965
806;SJV006024SJU;161;146;0.00111016
806;SJV006024SJU;164;146;0.00340413
806;SJV006024SJU;167;146;0.00079238
806;SJV006024SJU;168;146;0.00029574
806;SJV006024SJU;172;146;0.00651649
806;SJV006024SJU;174;146;0.00030295
806;SJV006024SJU;175;146;0.01141957
806;SJV006024SJU;176;146;0.02857696
806;SJV006024SJU;177;146;0.00000132
806;SJV006024SJU;178;146;0.00034195
806;SJV006024SJU;159;147;0.01030474
806;SJV006024SJU;160;147;0.00215627
806;SJV006024SJU;161;147;0.00196060
806;SJV006024SJU;164;147;0.00336584
806;SJV006024SJU;168;147;0.00077386
806;SJV006024SJU;169;147;0.00080273
806;SJV006024SJU;170;147;0.00099451
806;SJV006024SJU;171;147;0.00043944
806;SJV006024SJU;172;147;0.00711072
806;SJV006024SJU;173;147;0.00346308
806;SJV006024SJU;174;147;0.01265840
806;SJV006024SJU;175;147;0.02754220
806;SJV006024SJU;176;147;0.00103157
806;SJV006024SJU;177;147;0.00048820
806;SJV006024SJU;178;147;0.00105371
806;SJV006024SJU;159;148;0.00809128
806;SJV006024SJU;160;148;0.00351959
806;SJV006024SJU;161;148;0.00287373
806;SJV006024SJU;164;148;0.00324819
806;SJV006024SJU;170;148;0.00043506
806;SJV006024SJU;172;148;0.00474135
806;SJV006024SJU;173;148;0.01021949
806;SJV006024SJU;174;148;0.02707647
806;SJV006024SJU;175;148;0.00205265
806;SJV006024SJU;176;148;0.00233710
806;SJV006024SJU;177;148;0.00180883
806;SJV006024SJU;178;148;0.00012243
806;SJV006024SJU;179;148;0.00018474
806;SJV006024SJU;180;148;0.00003979
806;SJV006024SJU;160;149;0.00104237
806;SJV006024SJU;161;149;0.00660217
806;SJV006024SJU;162;149;0.00351954
806;SJV006024SJU;164;149;0.00325204
806;SJV006024SJU;170;149;0.00114356
806;SJV006024SJU;171;149;0.00235545
806;SJV006024SJU;172;149;0.01756141
806;SJV006024SJU;173;149;0.02754514
806;SJV006024SJU;174;149;0.00334637
806;SJV006024SJU;175;149;0.00192752
806;SJV006024SJU;176;149;0.00150845
806;SJV006024SJU;177;149;0.00009341
806;SJV006024SJU;160;150;0.00121644
806;SJV006024SJU;161;150;0.00032166
806;SJV006024SJU;162;150;0.00337177
806;SJV006024SJU;163;150;0.00409270
806;SJV006024SJU;164;150;0.00779890
806;SJV006024SJU;165;150;0.00465253
806;SJV006024SJU;166;150;0.00460356
806;SJV006024SJU;167;150;0.00480669
806;SJV006024SJU;168;150;0.00421870
806;SJV006024SJU;169;150;0.00508596
806;SJV006024SJU;170;150;0.01952728
806;SJV006024SJU;171;150;0.03904264
806;SJV006024SJU;172;150;0.03964160
806;SJV006024SJU;173;150;0.00783498
806;SJV006024SJU;174;150;0.00425905
806;SJV006024SJU;175;150;0.00332524
806;SJV006024SJU;176;150;0.00239644
806;SJV006024SJU;177;150;0.00132714
806;SJV006024SJU;161;151;0.00141950
806;SJV006024SJU;162;151;0.00323074
806;SJV006024SJU;163;151;0.00238806
806;SJV006024SJU;164;151;0.00619458
806;SJV006024SJU;165;151;0.00237866
806;SJV006024SJU;166;151;0.00235068
806;SJV006024SJU;167;151;0.00303422
806;SJV006024SJU;168;151;0.01885677
806;SJV006024SJU;169;151;0.03246341
806;SJV006024SJU;170;151;0.02479103
806;SJV006024SJU;171;151;0.00994500
806;SJV006024SJU;172;151;0.00718124
806;SJV006024SJU;173;151;0.00303933
806;SJV006024SJU;174;151;0.00000832
806;SJV006024SJU;177;151;0.00115065
806;SJV006024SJU;178;151;0.00002386
806;SJV006024SJU;162;152;0.00218492
806;SJV006024SJU;163;152;0.00020615
806;SJV006024SJU;164;152;0.00490153
806;SJV006024SJU;165;152;0.00096282
806;SJV006024SJU;166;152;0.01544625
806;SJV006024SJU;167;152;0.02853822
806;SJV006024SJU;168;152;0.01118616
806;SJV006024SJU;169;152;0.01030147
806;SJV006024SJU;170;152;0.00122919
806;SJV006024SJU;171;152;0.00364747
806;SJV006024SJU;172;152;0.00290422
806;SJV006024SJU;173;152;0.00051997
806;SJV006024SJU;162;153;0.00121878
806;SJV006024SJU;163;153;0.00209997
806;SJV006024SJU;164;153;0.00702522
806;SJV006024SJU;165;153;0.00910131
806;SJV006024SJU;166;153;0.02546441
806;SJV006024SJU;167;153;0.00154118
806;SJV006024SJU;168;153;0.00709692
806;SJV006024SJU;169;153;0.00208839
806;SJV006024SJU;170;153;0.00210887
806;SJV006024SJU;171;153;0.00429137
806;SJV006024SJU;172;153;0.00009489
806;SJV006024SJU;173;153;0.00145100
806;SJV006024SJU;174;153;0.00017007
806;SJV006024SJU;175;153;0.00008507
806;SJV006024SJU;164;154;0.00279241
806;SJV006024SJU;165;154;0.02588279
806;SJV006024SJU;166;154;0.00440427
806;SJV006024SJU;167;154;0.00511910
806;SJV006024SJU;168;154;0.00080276
806;SJV006024SJU;169;154;0.00430590
806;SJV006024SJU;170;154;0.00043902
806;SJV006024SJU;171;154;0.00137207
806;SJV006024SJU;172;154;0.00013736
806;SJV006024SJU;173;154;0.00138922
806;SJV006024SJU;175;154;0.00008500
806;SJV006024SJU;176;154;0.00011145
806;SJV006024SJU;166;155;0.00170097
806;SJV006024SJU;167;155;0.00139161
806;SJV006024SJU;168;155;0.00420778
806;SJV006024SJU;169;155;0.00029520
806;SJV006024SJU;170;155;0.00042732
806;SJV006024SJU;171;155;0.00101608
806;SJV006024SJU;172;155;0.00119409
806;SJV006024SJU;173;155;0.00137933
806;SJV006024SJU;168;156;0.00030528
806;SJV006024SJU;169;156;0.00021278
806;SJV006024SJU;170;156;0.00035403
806;SJV006024SJU;171;156;0.00051762
806;SJV006024SJU;172;156;0.00040469
806;SJV006024SJU;173;156;0.00284746
806;SJV006024SJU;174;156;0.00025738
806;SJV006024SJU;175;156;0.00022402
806;SJV006024SJU;171;157;0.00026451
806;SJV006024SJU;173;157;0.00181183
806;SJV006024SJU;173;158;0.00104463
806;0NC0060490NS;117;178;0.00020912
806;0NC0060490NS;118;178;0.00363045
806;0NC0060490NS;119;178;0.00501459
806;0NC0060490NS;120;178;0.00343592
806;0NC0060490NS;117;179;0.00334092
806;0NC0060490NS;119;179;0.00954997
806;0NC0060490NS;120;179;0.00677484
806;0NC0060490NS;117;180;0.00292909
806;0NC0060490NS;120;180;0.00041390
806;0NC0060490NS;116;181;0.00627288
806;0NC0060490NS;117;181;0.00348661
806;0NC0060490NS;119;181;0.00858262
806;0NC0060490NS;120;181;0.00615417
806;0NC0060490NS;121;181;0.00351575
806;0NC0060490NS;115;182;0.00492190
806;0NC0060490NS;116;182;0.01287221
806;0NC0060490NS;117;182;0.01071148
806;0NC0060490NS;118;182;0.01723351
806;0NC0060490NS;119;182;0.00640086
806;0NC0060490NS;120;182;0.00813734
806;0NC0060490NS;121;182;0.01651397
806;0NC0060490NS;114;183;0.01190042
806;0NC0060490NS;115;183;0.00901995
806;0NC0060490NS;118;183;0.00208249
806;0NC0060490NS;119;183;0.01286179
806;0NC0060490NS;120;183;0.01027499
806;0NC0060490NS;121;183;0.02517791
806;0NC0060490NS;122;183;0.00397818
806;0NC0060490NS;113;184;0.00580851
806;0NC0060490NS;114;184;0.00177916
806;0NC0060490NS;121;184;0.00131306
806;0NC0060490NS;122;184;0.00264567
806;0NC0060490NS;121;185;0.00131306
806;0NC0060490NS;122;185;0.19532013
806;0NC0060490NS;121;186;0.08034644
806;0NC0060490NS;122;186;0.09465018
806;0NC0060490NS;124;186;0.00744872
806;0NC0060490NS;125;186;0.02664120
806;0NC0060490NS;126;186;0.01832560
806;0NC0060490NS;121;187;0.06786728
806;0NC0060490NS;122;187;0.01441689
806;0NC0060490NS;123;187;0.02611035
806;0NC0060490NS;124;187;0.01919249
806;0NC0060490NS;121;188;0.07526976
806;0NC0060490NS;120;189;0.04126965
806;0NC0060490NS;121;189;0.00920963
806;0NC0060490NS;119;190;0.04241251
806;0NC0060490NS;120;190;0.01101523
806;0NC0060490NS;118;191;0.00897870
806;0NC0060490NS;119;191;0.02961385
806;0NC0060490NS;118;192;0.00365413
806;0LT006031PLA;179;197;0.00174697
806;0LT006031PLA;178;198;0.00011480
806;0LT006031PLA;179;198;0.10288769
806;0LT006031PLA;178;199;0.00065122
806;0LT006031PLA;179;199;0.08727148
806;0LT006031PLA;177;200;0.00014447
806;0LT006031PLA;178;200;0.06646882
806;0LT006031PLA;179;200;0.16973158
806;0LT006031PLA;178;201;0.01148048
806;0LT006031PLA;179;201;0.03835688
806;0LT006031PLA;180;201;0.12680477
806;0LT006031PLA;180;202;0.06803487
806;0LT006031PLA;181;202;0.19184671
806;0LT006031PLA;182;202;0.07590877
806;0LT006031PLA;180;203;0.00352975
806;0LT006031PLA;181;203;0.05502076
806;0MC006031PLA;160;194;0.00063374
806;0MC006031PLA;161;194;0.01286698
806;0MC006031PLA;162;194;0.00676424
806;0MC006031PLA;160;195;0.00627092
806;0MC006031PLA;161;195;0.08993779
806;0MC006031PLA;162;195;0.01463232
806;0MC006031PLA;163;195;0.00164966
806;0MC006031PLA;161;196;0.09662377
806;0MC006031PLA;162;196;0.00396613
806;0MC006031PLA;163;196;0.01007147
806;0MC006031PLA;164;196;0.01136334
806;0MC006031PLA;165;196;0.00703734
806;0MC006031PLA;161;197;0.00265030
806;0MC006031PLA;162;197;0.07423198
806;0MC006031PLA;165;197;0.00212950
806;0MC006031PLA;166;197;0.00406457
806;0MC006031PLA;162;198;0.07356019
806;0MC006031PLA;166;198;0.00131774
806;0MC006031PLA;167;198;0.00098172
806;0MC006031PLA;162;199;0.07104395
806;0MC006031PLA;163;199;0.00894917
806;0MC006031PLA;167;199;0.00026675
806;0MC006031PLA;168;199;0.00001662
806;0MC006031PLA;163;200;0.05742557
806;0MC006031PLA;164;200;0.04503297
806;0MC006031PLA;168;200;0.00006933
806;0MC006031PLA;169;200;0.00004786
806;0MC006031PLA;170;200;0.00006078
806;0MC006031PLA;171;200;0.00006078
806;0MC006031PLA;172;200;0.00005726
806;0MC006031PLA;164;201;0.03428836
806;0MC006031PLA;165;201;0.06948873
806;0MC006031PLA;166;201;0.00878304
806;0MC006031PLA;169;201;0.00001809
806;0MC006031PLA;166;202;0.07847879
806;0MC006031PLA;166;203;0.00116486
806;0MC006031PLA;167;203;0.08420660
806;0MC006031PLA;168;203;0.00955051
806;0MC006031PLA;168;204;0.06733033
806;0MC006031PLA;169;204;0.02555041
806;0MC006031PLA;170;204;0.00911134
806;0MC006031PLA;171;204;0.00824420
806;0LT0060090ED;182;190;0.01459461
806;0LT0060090ED;183;190;0.00848823
806;0LT0060090ED;181;191;0.04224180
806;0LT0060090ED;182;191;0.01601732
806;0LT0060090ED;181;192;0.01404181
806;0LT0060090ED;182;192;0.09272742
806;0LT0060090ED;181;193;0.00978423
806;0LT0060090ED;182;193;0.11531354
806;0LT0060090ED;183;193;0.06361351
806;0LT0060090ED;180;194;0.06401448
806;0LT0060090ED;181;194;0.04983360
806;0LT0060090ED;182;194;0.11776278
806;0LT0060090ED;183;194;0.23869234
806;0LT0060090ED;180;195;0.04245662
806;0LT0060090ED;183;195;0.02131335
806;0LT0060090ED;179;196;0.01843350
806;0LT0060090ED;180;196;0.02469976
806;0LT0060090ED;179;197;0.02833589
806;0LT0060090ED;180;197;0.01763521
806;0SV0060480YS;146;173;0.00004400
806;0SV0060480YS;143;174;0.00001793
806;0SV0060480YS;144;174;0.00003717
806;0SV0060480YS;145;174;0.00003618
806;0SV0060480YS;146;174;0.00000951
806;0SV0060480YS;144;175;0.00000380
806;0SV0060480YS;144;176;0.00000380
806;0SV0060480YS;140;177;0.00000034
806;0SV0060480YS;141;177;0.00000066
806;0SV0060480YS;143;177;0.00000397
806;0SV0060480YS;144;177;0.00000125
806;0SV0060480YS;139;178;0.00112343
806;0SV0060480YS;140;178;0.00147416
806;0SV0060480YS;141;178;0.00001959
806;0SV0060480YS;142;178;0.00000102
806;0SV0060480YS;143;178;0.00000345
806;0SV0060480YS;139;179;0.00000735
806;0SV0060480YS;140;179;0.08026024
806;0SV0060480YS;141;179;0.02891418
806;0SV0060480YS;142;179;0.00000011
806;0SV0060480YS;143;179;0.00000179
806;0SV0060480YS;140;180;0.03041044
806;0SV0060480YS;141;180;0.15886686
806;0SV0060480YS;142;180;0.07200507
806;0SV0060480YS;143;180;0.00007255
806;0SV0060480YS;140;181;0.00750070
806;0SV0060480YS;141;181;0.02290944
806;0SV0060480YS;142;181;0.11533179
806;0SV0060480YS;143;181;0.11529521
806;0SV0060480YS;141;182;0.01931589
806;0SV0060480YS;143;182;0.07286357
806;0SV0060480YS;144;182;0.11440874
806;0SV0060480YS;138;183;0.00019010
806;0SV0060480YS;140;183;0.00039086
806;0SV0060480YS;141;183;0.01061448
806;0SV0060480YS;144;183;0.02659924
806;0SV0060480YS;145;183;0.12126112
806;SJV006015SJU;205;82;0.00032923
806;SJV006015SJU;206;82;0.00013687
806;SJV006015SJU;207;82;0.00066242
806;SJV006015SJU;208;82;0.00184533
806;SJV006015SJU;200;83;0.00000955
806;SJV006015SJU;201;83;0.00027665
806;SJV006015SJU;202;83;0.00029130
806;SJV006015SJU;203;83;0.00046093
806;SJV006015SJU;204;83;0.00046048
806;SJV006015SJU;205;83;0.00033509
806;SJV006015SJU;206;83;0.00055535
806;SJV006015SJU;207;83;0.00050258
806;SJV006015SJU;208;83;0.01295417
806;SJV006015SJU;197;84;0.00016233
806;SJV006015SJU;198;84;0.00000274
806;SJV006015SJU;199;84;0.00009316
806;SJV006015SJU;200;84;0.00015375
806;SJV006015SJU;207;84;0.00762635
806;SJV006015SJU;208;84;0.00710221
806;SJV006015SJU;196;85;0.00024041
806;SJV006015SJU;197;85;0.00004838
806;SJV006015SJU;207;85;0.01235052
806;SJV006015SJU;194;86;0.00000868
806;SJV006015SJU;195;86;0.00075376
806;SJV006015SJU;196;86;0.00010964
806;SJV006015SJU;206;86;0.00368056
806;SJV006015SJU;207;86;0.00752977
806;SJV006015SJU;194;87;0.00000080
806;SJV006015SJU;195;87;0.00031899
806;SJV006015SJU;196;87;0.00045237
806;SJV006015SJU;206;87;0.01244000
806;SJV006015SJU;207;87;0.00127699
806;SJV006015SJU;208;87;0.00020597
806;SJV006015SJU;196;88;0.00051556
806;SJV006015SJU;205;88;0.00020734
806;SJV006015SJU;206;88;0.01180263
806;SJV006015SJU;207;88;0.00041130
806;SJV006015SJU;208;88;0.00017308
806;SJV006015SJU;196;89;0.00083587
806;SJV006015SJU;197;89;0.00028003
806;SJV006015SJU;198;89;0.00028003
806;SJV006015SJU;199;89;0.00033850
806;SJV006015SJU;200;89;0.00046711
806;SJV006015SJU;201;89;0.00046711
806;SJV006015SJU;202;89;0.00055587
806;SJV006015SJU;203;89;0.00021158
806;SJV006015SJU;204;89;0.00038577
806;SJV006015SJU;205;89;0.00656066
806;SJV006015SJU;206;89;0.00594095
806;SJV006015SJU;207;89;0.00070165
806;SJV006015SJU;208;89;0.00024280
806;SJV006015SJU;195;90;0.00034413
806;SJV006015SJU;196;90;0.00105612
806;SJV006015SJU;197;90;0.00025434
806;SJV006015SJU;198;90;0.00029885
806;SJV006015SJU;199;90;0.00025079
806;SJV006015SJU;200;90;0.00025080
806;SJV006015SJU;201;90;0.00025083
806;SJV006015SJU;202;90;0.00043236
806;SJV006015SJU;203;90;0.00049573
806;SJV006015SJU;204;90;0.00581854
806;SJV006015SJU;205;90;0.00524931
806;SJV006015SJU;206;90;0.00176465
806;SJV006015SJU;207;90;0.00097076
806;SJV006015SJU;208;90;0.00065404
806;SJV006015SJU;194;91;0.00032782
806;SJV006015SJU;195;91;0.00265256
806;SJV006015SJU;196;91;0.00017422
806;SJV006015SJU;197;91;0.00008436
806;SJV006015SJU;198;91;0.00007795
806;SJV006015SJU;199;91;0.00002129
806;SJV006015SJU;200;91;0.00001017
806;SJV006015SJU;202;91;0.00000113
806;SJV006015SJU;203;91;0.00546601
806;SJV006015SJU;204;91;0.00098305
806;SJV006015SJU;205;91;0.00627758
806;SJV006015SJU;206;91;0.00010978
806;SJV006015SJU;207;91;0.00065926
806;SJV006015SJU;208;91;0.00047415
806;SJV006015SJU;193;92;0.00049337
806;SJV006015SJU;194;92;0.00044150
806;SJV006015SJU;195;92;0.00288201
806;SJV006015SJU;200;92;0.00000338
806;SJV006015SJU;201;92;0.00000509
806;SJV006015SJU;202;92;0.00490560
806;SJV006015SJU;203;92;0.00138821
806;SJV006015SJU;204;92;0.00006052
806;SJV006015SJU;205;92;0.00630509
806;SJV006015SJU;207;92;0.00069199
806;SJV006015SJU;208;92;0.00050211
806;SJV006015SJU;209;92;0.00001130
806;SJV006015SJU;192;93;0.00033666
806;SJV006015SJU;193;93;0.00029763
806;SJV006015SJU;195;93;0.00094103
806;SJV006015SJU;196;93;0.00230832
806;SJV006015SJU;197;93;0.00006398
806;SJV006015SJU;200;93;0.00001725
806;SJV006015SJU;201;93;0.00403558
806;SJV006015SJU;202;93;0.00243559
806;SJV006015SJU;203;93;0.00025925
806;SJV006015SJU;204;93;0.00031958
806;SJV006015SJU;205;93;0.00820902
806;SJV006015SJU;206;93;0.00158568
806;SJV006015SJU;207;93;0.00219452
806;SJV006015SJU;208;93;0.00284032
806;SJV006015SJU;209;93;0.00126253
806;SJV006015SJU;210;93;0.00051865
806;SJV006015SJU;211;93;0.00036373
806;SJV006015SJU;191;94;0.00008781
806;SJV006015SJU;192;94;0.00016438
806;SJV006015SJU;195;94;0.00059811
806;SJV006015SJU;197;94;0.00223182
806;SJV006015SJU;198;94;0.00092429
806;SJV006015SJU;200;94;0.00338798
806;SJV006015SJU;201;94;0.00240941
806;SJV006015SJU;202;94;0.00064632
806;SJV006015SJU;203;94;0.00037904
806;SJV006015SJU;204;94;0.00345447
806;SJV006015SJU;205;94;0.00740878
806;SJV006015SJU;206;94;0.00215413
806;SJV006015SJU;207;94;0.00277488
806;SJV006015SJU;208;94;0.00312621
806;SJV006015SJU;209;94;0.00105327
806;SJV006015SJU;210;94;0.00001949
806;SJV006015SJU;211;94;0.00018795
806;SJV006015SJU;212;94;0.00054155
806;SJV006015SJU;214;94;0.00126923
806;SJV006015SJU;190;95;0.00002582
806;SJV006015SJU;191;95;0.00023897
806;SJV006015SJU;194;95;0.00016754
806;SJV006015SJU;195;95;0.00033649
806;SJV006015SJU;198;95;0.00128562
806;SJV006015SJU;199;95;0.00620891
806;SJV006015SJU;200;95;0.00458791
806;SJV006015SJU;201;95;0.00159496
806;SJV006015SJU;202;95;0.00302729
806;SJV006015SJU;203;95;0.00535244
806;SJV006015SJU;204;95;0.02140300
806;SJV006015SJU;205;95;0.00403446
806;SJV006015SJU;206;95;0.00209515
806;SJV006015SJU;207;95;0.00212066
806;SJV006015SJU;208;95;0.00209354
806;SJV006015SJU;209;95;0.00036579
806;SJV006015SJU;210;95;0.00048792
806;SJV006015SJU;211;95;0.00303462
806;SJV006015SJU;212;95;0.00295869
806;SJV006015SJU;213;95;0.00339410
806;SJV006015SJU;214;95;0.00059416
806;SJV006015SJU;187;96;0.00001467
806;SJV006015SJU;188;96;0.00002441
806;SJV006015SJU;189;96;0.00002352
806;SJV006015SJU;190;96;0.00000014
806;SJV006015SJU;191;96;0.00023390
806;SJV006015SJU;194;96;0.00018247
806;SJV006015SJU;195;96;0.00034825
806;SJV006015SJU;198;96;0.00343613
806;SJV006015SJU;199;96;0.00468530
806;SJV006015SJU;201;96;0.00001648
806;SJV006015SJU;202;96;0.00677923
806;SJV006015SJU;203;96;0.01315028
806;SJV006015SJU;204;96;0.03136871
806;SJV006015SJU;205;96;0.00447705
806;SJV006015SJU;206;96;0.00063725
806;SJV006015SJU;207;96;0.00232682
806;SJV006015SJU;208;96;0.00195832
806;SJV006015SJU;209;96;0.00179869
806;SJV006015SJU;210;96;0.00326664
806;SJV006015SJU;213;96;0.00004466
806;SJV006015SJU;214;96;0.00005634
806;SJV006015SJU;186;97;0.00000398
806;SJV006015SJU;187;97;0.00000521
806;SJV006015SJU;190;97;0.00005808
806;SJV006015SJU;191;97;0.00012209
806;SJV006015SJU;192;97;0.00007731
806;SJV006015SJU;194;97;0.00054464
806;SJV006015SJU;196;97;0.00000527
806;SJV006015SJU;197;97;0.00555331
806;SJV006015SJU;198;97;0.00340400
806;SJV006015SJU;199;97;0.00244261
806;SJV006015SJU;200;97;0.00192152
806;SJV006015SJU;201;97;0.00372841
806;SJV006015SJU;202;97;0.02000334
806;SJV006015SJU;203;97;0.02889313
806;SJV006015SJU;204;97;0.04942123
806;SJV006015SJU;205;97;0.02063224
806;SJV006015SJU;206;97;0.01577097
806;SJV006015SJU;207;97;0.00877450
806;SJV006015SJU;208;97;0.00470915
806;SJV006015SJU;209;97;0.00158018
806;SJV006015SJU;190;98;0.00024494
806;SJV006015SJU;191;98;0.00008368
806;SJV006015SJU;192;98;0.00011337
806;SJV006015SJU;193;98;0.00034184
806;SJV006015SJU;194;98;0.00082321
806;SJV006015SJU;195;98;0.00069793
806;SJV006015SJU;196;98;0.00735466
806;SJV006015SJU;197;98;0.00200490
806;SJV006015SJU;198;98;0.00063171
806;SJV006015SJU;199;98;0.00204951
806;SJV006015SJU;200;98;0.00089485
806;SJV006015SJU;201;98;0.00289400
806;SJV006015SJU;202;98;0.01169577
806;SJV006015SJU;203;98;0.01775288
806;SJV006015SJU;204;98;0.04103541
806;SJV006015SJU;205;98;0.02503782
806;SJV006015SJU;206;98;0.01661314
806;SJV006015SJU;207;98;0.00628950
806;SJV006015SJU;208;98;0.00165741
806;SJV006015SJU;209;98;0.00000103
806;SJV006015SJU;189;99;0.00010627
806;SJV006015SJU;190;99;0.00015269
806;SJV006015SJU;194;99;0.00100445
806;SJV006015SJU;195;99;0.00699900
806;SJV006015SJU;196;99;0.00117288
806;SJV006015SJU;197;99;0.00058007
806;SJV006015SJU;198;99;0.00057732
806;SJV006015SJU;199;99;0.00197722
806;SJV006015SJU;200;99;0.00246849
806;SJV006015SJU;201;99;0.00695044
806;SJV006015SJU;202;99;0.00918812
806;SJV006015SJU;203;99;0.02627195
806;SJV006015SJU;204;99;0.01441949
806;SJV006015SJU;205;99;0.00277961
806;SJV006015SJU;206;99;0.00130971
806;SJV006015SJU;207;99;0.00087406
806;SJV006015SJU;208;99;0.00148678
806;SJV006015SJU;209;99;0.00056629
806;SJV006015SJU;189;100;0.00029037
806;SJV006015SJU;193;100;0.00161799
806;SJV006015SJU;194;100;0.00683892
806;SJV006015SJU;197;100;0.00031740
806;SJV006015SJU;198;100;0.00005935
806;SJV006015SJU;199;100;0.00216127
806;SJV006015SJU;200;100;0.00228234
806;SJV006015SJU;201;100;0.00077531
806;SJV006015SJU;202;100;0.01312883
806;SJV006015SJU;203;100;0.00549509
806;SJV006015SJU;204;100;0.00080830
806;SJV006015SJU;206;100;0.00007851
806;SJV006015SJU;207;100;0.00007593
806;SJV006015SJU;209;100;0.00016405
806;SJV006015SJU;210;100;0.00062900
806;SJV006015SJU;211;100;0.00024094
806;SJV006015SJU;188;101;0.00021616
806;SJV006015SJU;189;101;0.00043878
806;SJV006015SJU;190;101;0.00019287
806;SJV006015SJU;191;101;0.00019472
806;SJV006015SJU;192;101;0.00177432
806;SJV006015SJU;193;101;0.00648629
806;SJV006015SJU;194;101;0.00056054
806;SJV006015SJU;195;101;0.00035232
806;SJV006015SJU;196;101;0.00047068
806;SJV006015SJU;197;101;0.00087185
806;SJV006015SJU;198;101;0.00136231
806;SJV006015SJU;199;101;0.00509922
806;SJV006015SJU;200;101;0.00227067
806;SJV006015SJU;201;101;0.01506757
806;SJV006015SJU;202;101;0.00232806
806;SJV006015SJU;203;101;0.00125188
806;SJV006015SJU;204;101;0.00000819
806;SJV006015SJU;205;101;0.00022896
806;SJV006015SJU;209;101;0.00006463
806;SJV006015SJU;210;101;0.00021008
806;SJV006015SJU;211;101;0.00054032
806;SJV006015SJU;212;101;0.00019571
806;SJV006015SJU;181;102;0.00000181
806;SJV006015SJU;182;102;0.00000200
806;SJV006015SJU;187;102;0.00009037
806;SJV006015SJU;188;102;0.00006859
806;SJV006015SJU;189;102;0.00018511
806;SJV006015SJU;191;102;0.00076080
806;SJV006015SJU;192;102;0.00682445
806;SJV006015SJU;194;102;0.00023464
806;SJV006015SJU;197;102;0.00138663
806;SJV006015SJU;198;102;0.00201891
806;SJV006015SJU;199;102;0.00054088
806;SJV006015SJU;200;102;0.00634353
806;SJV006015SJU;201;102;0.00445171
806;SJV006015SJU;202;102;0.00008608
806;SJV006015SJU;203;102;0.00105691
806;SJV006015SJU;205;102;0.00008073
806;SJV006015SJU;206;102;0.00011884
806;SJV006015SJU;210;102;0.00001045
806;SJV006015SJU;211;102;0.00010286
806;SJV006015SJU;212;102;0.00049808
806;SJV006015SJU;213;102;0.00046867
806;SJV006015SJU;182;103;0.00000438
806;SJV006015SJU;183;103;0.00000648
806;SJV006015SJU;184;103;0.00000271
806;SJV006015SJU;186;103;0.00009335
806;SJV006015SJU;187;103;0.00006684
806;SJV006015SJU;189;103;0.00018513
806;SJV006015SJU;191;103;0.00732152
806;SJV006015SJU;194;103;0.00021918
806;SJV006015SJU;196;103;0.00000771
806;SJV006015SJU;197;103;0.00294769
806;SJV006015SJU;198;103;0.00022206
806;SJV006015SJU;199;103;0.00125456
806;SJV006015SJU;200;103;0.01151284
806;SJV006015SJU;201;103;0.00000091
806;SJV006015SJU;203;103;0.00090865
806;SJV006015SJU;206;103;0.00014999
806;SJV006015SJU;212;103;0.00010438
806;SJV006015SJU;213;103;0.00024652
806;SJV006015SJU;214;103;0.00023034
806;SJV006015SJU;178;104;0.00000622
806;SJV006015SJU;179;104;0.00001148
806;SJV006015SJU;182;104;0.00025799
806;SJV006015SJU;183;104;0.00111641
806;SJV006015SJU;184;104;0.00108658
806;SJV006015SJU;185;104;0.00114714
806;SJV006015SJU;186;104;0.00112117
806;SJV006015SJU;187;104;0.00105647
806;SJV006015SJU;188;104;0.00140317
806;SJV006015SJU;189;104;0.00193245
806;SJV006015SJU;190;104;0.00690637
806;SJV006015SJU;191;104;0.00146287
806;SJV006015SJU;192;104;0.00085205
806;SJV006015SJU;193;104;0.00059815
806;SJV006015SJU;194;104;0.00067153
806;SJV006015SJU;195;104;0.00083983
806;SJV006015SJU;196;104;0.00094970
806;SJV006015SJU;197;104;0.00226129
806;SJV006015SJU;198;104;0.00121860
806;SJV006015SJU;199;104;0.00121081
806;SJV006015SJU;200;104;0.01059187
806;SJV006015SJU;201;104;0.00007262
806;SJV006015SJU;202;104;0.00001438
806;SJV006015SJU;203;104;0.00089178
806;SJV006015SJU;204;104;0.00003281
806;SJV006015SJU;205;104;0.00004506
806;SJV006015SJU;206;104;0.00019562
806;SJV006015SJU;207;104;0.00009129
806;SJV006015SJU;208;104;0.00008864
806;SJV006015SJU;212;104;0.00004482
806;SJV006015SJU;213;104;0.00008476
806;SJV006015SJU;181;105;0.00106417
806;SJV006015SJU;182;105;0.00089671
806;SJV006015SJU;185;105;0.00010836
806;SJV006015SJU;189;105;0.00159478
806;SJV006015SJU;190;105;0.00357583
806;SJV006015SJU;192;105;0.00020045
806;SJV006015SJU;195;105;0.00011717
806;SJV006015SJU;197;105;0.00079528
806;SJV006015SJU;198;105;0.00001832
806;SJV006015SJU;199;105;0.00001832
806;SJV006015SJU;200;105;0.00987838
806;SJV006015SJU;202;105;0.00002708
806;SJV006015SJU;203;105;0.00070845
806;SJV006015SJU;204;105;0.00000930
806;SJV006015SJU;206;105;0.00009274
806;SJV006015SJU;207;105;0.00000772
806;SJV006015SJU;208;105;0.00002391
806;SJV006015SJU;209;105;0.00010717
806;SJV006015SJU;210;105;0.00005021
806;SJV006015SJU;213;105;0.00003076
806;SJV006015SJU;214;105;0.00005723
806;SJV006015SJU;179;106;0.00069400
806;SJV006015SJU;180;106;0.00111096
806;SJV006015SJU;181;106;0.00008433
806;SJV006015SJU;182;106;0.00000202
806;SJV006015SJU;184;106;0.00008736
806;SJV006015SJU;185;106;0.00002002
806;SJV006015SJU;189;106;0.00517132
806;SJV006015SJU;192;106;0.00020087
806;SJV006015SJU;195;106;0.00012122
806;SJV006015SJU;197;106;0.00068537
806;SJV006015SJU;198;106;0.00033021
806;SJV006015SJU;199;106;0.00038088
806;SJV006015SJU;200;106;0.01028515
806;SJV006015SJU;201;106;0.00069882
806;SJV006015SJU;202;106;0.00006068
806;SJV006015SJU;203;106;0.00054018
806;SJV006015SJU;207;106;0.00010102
806;SJV006015SJU;208;106;0.00004082
806;SJV006015SJU;210;106;0.00005406
806;SJV006015SJU;211;106;0.00002061
806;SJV006015SJU;214;106;0.00000649
806;SJV006015SJU;178;107;0.00025985
806;SJV006015SJU;179;107;0.00044688
806;SJV006015SJU;182;107;0.00000516
806;SJV006015SJU;183;107;0.00002354
806;SJV006015SJU;184;107;0.00026889
806;SJV006015SJU;185;107;0.00015574
806;SJV006015SJU;186;107;0.00017539
806;SJV006015SJU;187;107;0.00020084
806;SJV006015SJU;188;107;0.00370187
806;SJV006015SJU;189;107;0.00159850
806;SJV006015SJU;192;107;0.00020091
806;SJV006015SJU;195;107;0.00010071
806;SJV006015SJU;197;107;0.00052597
806;SJV006015SJU;198;107;0.00054977
806;SJV006015SJU;199;107;0.00957914
806;SJV006015SJU;200;107;0.00080363
806;SJV006015SJU;201;107;0.00064513
806;SJV006015SJU;203;107;0.00054099
806;SJV006015SJU;208;107;0.00011626
806;SJV006015SJU;209;107;0.00004734
806;SJV006015SJU;210;107;0.00004309
806;SJV006015SJU;211;107;0.00014582
806;SJV006015SJU;212;107;0.00005209
806;SJV006015SJU;178;108;0.00000005
806;SJV006015SJU;180;108;0.00085741
806;SJV006015SJU;183;108;0.00020188
806;SJV006015SJU;185;108;0.00003606
806;SJV006015SJU;187;108;0.00037172
806;SJV006015SJU;188;108;0.00467305
806;SJV006015SJU;192;108;0.00025018
806;SJV006015SJU;193;108;0.00024525
806;SJV006015SJU;194;108;0.00024525
806;SJV006015SJU;195;108;0.00033552
806;SJV006015SJU;196;108;0.00033510
806;SJV006015SJU;197;108;0.00098403
806;SJV006015SJU;198;108;0.00115978
806;SJV006015SJU;199;108;0.01207407
806;SJV006015SJU;200;108;0.00159595
806;SJV006015SJU;201;108;0.00069377
806;SJV006015SJU;202;108;0.00088947
806;SJV006015SJU;203;108;0.00072993
806;SJV006015SJU;204;108;0.00006264
806;SJV006015SJU;205;108;0.00006526
806;SJV006015SJU;206;108;0.00006686
806;SJV006015SJU;207;108;0.00006509
806;SJV006015SJU;208;108;0.00002010
806;SJV006015SJU;211;108;0.00003032
806;SJV006015SJU;212;108;0.00004152
806;SJV006015SJU;213;108;0.00009380
806;SJV006015SJU;214;108;0.00001926
806;SJV006015SJU;180;109;0.00015540
806;SJV006015SJU;187;109;0.00088502
806;SJV006015SJU;192;109;0.00000539
806;SJV006015SJU;197;109;0.00012928
806;SJV006015SJU;198;109;0.00011059
806;SJV006015SJU;199;109;0.00348875
806;SJV006015SJU;200;109;0.00046155
806;SJV006015SJU;201;109;0.00031964
806;SJV006015SJU;202;109;0.00033468
806;SJV006015SJU;203;109;0.00028706
806;SJV006015SJU;209;109;0.00052691
806;0SC0060190SC;222;52;0.00004764
806;0SC0060190SC;219;53;0.00004957
806;0SC0060190SC;220;53;0.00005104
806;0SC0060190SC;221;53;0.00019696
806;0SC0060190SC;222;53;0.00078141
806;0SC0060190SC;223;53;0.00090179
806;0SC0060190SC;224;53;0.00021880
806;0SC0060190SC;219;54;0.00009285
806;0SC0060190SC;220;54;0.00028197
806;0SC0060190SC;221;54;0.00032282
806;0SC0060190SC;222;54;0.00353602
806;0SC0060190SC;223;54;0.00376535
806;0SC0060190SC;224;54;0.00424372
806;0SC0060190SC;225;54;0.00114052
806;0SC0060190SC;226;54;0.00143646
806;0SC0060190SC;219;55;0.00003552
806;0SC0060190SC;220;55;0.00068431
806;0SC0060190SC;221;55;0.00142508
806;0SC0060190SC;222;55;0.00407517
806;0SC0060190SC;223;55;0.00285462
806;0SC0060190SC;224;55;0.00749354
806;0SC0060190SC;225;55;0.00699700
806;0SC0060190SC;226;55;0.00524499
806;0SC0060190SC;227;55;0.00039703
806;0SC0060190SC;219;56;0.00016323
806;0SC0060190SC;220;56;0.00131860
806;0SC0060190SC;221;56;0.00242954
806;0SC0060190SC;222;56;0.00843425
806;0SC0060190SC;223;56;0.00759898
806;0SC0060190SC;224;56;0.00841229
806;0SC0060190SC;225;56;0.00094403
806;0SC0060190SC;226;56;0.00216631
806;0SC0060190SC;227;56;0.00103219
806;0SC0060190SC;219;57;0.00044873
806;0SC0060190SC;220;57;0.00465737
806;0SC0060190SC;221;57;0.00707637
806;0SC0060190SC;222;57;0.00996451
806;0SC0060190SC;223;57;0.00573969
806;0SC0060190SC;224;57;0.01051046
806;0SC0060190SC;225;57;0.00597065
806;0SC0060190SC;226;57;0.00768705
806;0SC0060190SC;227;57;0.00461410
806;0SC0060190SC;228;57;0.00313063
806;0SC0060190SC;218;58;0.00002582
806;0SC0060190SC;219;58;0.00131948
806;0SC0060190SC;220;58;0.00752417
806;0SC0060190SC;221;58;0.00553005
806;0SC0060190SC;222;58;0.00778814
806;0SC0060190SC;223;58;0.00243775
806;0SC0060190SC;224;58;0.00971119
806;0SC0060190SC;225;58;0.00452102
806;0SC0060190SC;226;58;0.00740359
806;0SC0060190SC;227;58;0.00832465
806;0SC0060190SC;228;58;0.00258331
806;0SC0060190SC;229;58;0.00034026
806;0SC0060190SC;218;59;0.00033367
806;0SC0060190SC;219;59;0.00365263
806;0SC0060190SC;220;59;0.00984499
806;0SC0060190SC;221;59;0.00161425
806;0SC0060190SC;222;59;0.00647110
806;0SC0060190SC;223;59;0.00483094
806;0SC0060190SC;224;59;0.00640090
806;0SC0060190SC;225;59;0.00200264
806;0SC0060190SC;226;59;0.01216556
806;0SC0060190SC;227;59;0.00269740
806;0SC0060190SC;228;59;0.00168425
806;0SC0060190SC;229;59;0.00031809
806;0SC0060190SC;230;59;0.00011162
806;0SC0060190SC;231;59;0.00072420
806;0SC0060190SC;210;60;0.00000187
806;0SC0060190SC;217;60;0.00034671
806;0SC0060190SC;218;60;0.00194019
806;0SC0060190SC;219;60;0.00647980
806;0SC0060190SC;220;60;0.00444929
806;0SC0060190SC;221;60;0.00236265
806;0SC0060190SC;222;60;0.00679788
806;0SC0060190SC;223;60;0.00388202
806;0SC0060190SC;224;60;0.00739370
806;0SC0060190SC;225;60;0.00861365
806;0SC0060190SC;226;60;0.00596184
806;0SC0060190SC;227;60;0.00413394
806;0SC0060190SC;228;60;0.00076764
806;0SC0060190SC;229;60;0.00066595
806;0SC0060190SC;230;60;0.00102347
806;0SC0060190SC;231;60;0.00102775
806;0SC0060190SC;232;60;0.00256563
806;0SC0060190SC;207;61;0.00029740
806;0SC0060190SC;208;61;0.00039909
806;0SC0060190SC;209;61;0.00047942
806;0SC0060190SC;210;61;0.00052702
806;0SC0060190SC;211;61;0.00049754
806;0SC0060190SC;212;61;0.00053410
806;0SC0060190SC;213;61;0.00059354
806;0SC0060190SC;214;61;0.00056910
806;0SC0060190SC;215;61;0.00065844
806;0SC0060190SC;216;61;0.00091421
806;0SC0060190SC;217;61;0.00323388
806;0SC0060190SC;218;61;0.00607024
806;0SC0060190SC;219;61;0.00712507
806;0SC0060190SC;220;61;0.00521065
806;0SC0060190SC;221;61;0.00555987
806;0SC0060190SC;222;61;0.01232669
806;0SC0060190SC;223;61;0.01229047
806;0SC0060190SC;224;61;0.01593683
806;0SC0060190SC;225;61;0.00859547
806;0SC0060190SC;226;61;0.00283333
806;0SC0060190SC;227;61;0.00668776
806;0SC0060190SC;228;61;0.00432615
806;0SC0060190SC;229;61;0.00602110
806;0SC0060190SC;230;61;0.00572903
806;0SC0060190SC;231;61;0.00499458
806;0SC0060190SC;232;61;0.00766048
806;0SC0060190SC;233;61;0.00260901
806;0SC0060190SC;234;61;0.00275968
806;0SC0060190SC;208;62;0.00002413
806;0SC0060190SC;209;62;0.00000539
806;0SC0060190SC;210;62;0.00005610
806;0SC0060190SC;211;62;0.00001200
806;0SC0060190SC;212;62;0.00012525
806;0SC0060190SC;213;62;0.00002758
806;0SC0060190SC;214;62;0.00009554
806;0SC0060190SC;215;62;0.00014353
806;0SC0060190SC;216;62;0.00017620
806;0SC0060190SC;217;62;0.00060242
806;0SC0060190SC;218;62;0.00710894
806;0SC0060190SC;219;62;0.00334798
806;0SC0060190SC;220;62;0.00534042
806;0SC0060190SC;221;62;0.00514084
806;0SC0060190SC;222;62;0.01399288
806;0SC0060190SC;223;62;0.01859797
806;0SC0060190SC;224;62;0.00955323
806;0SC0060190SC;225;62;0.00469376
806;0SC0060190SC;226;62;0.00403478
806;0SC0060190SC;227;62;0.00642929
806;0SC0060190SC;228;62;0.01013022
806;0SC0060190SC;229;62;0.00199595
806;0SC0060190SC;230;62;0.00103523
806;0SC0060190SC;231;62;0.00053427
806;0SC0060190SC;232;62;0.00111098
806;0SC0060190SC;233;62;0.00575731
806;0SC0060190SC;234;62;0.00274385
806;0SC0060190SC;235;62;0.00000065
806;0SC0060190SC;208;63;0.00000651
806;0SC0060190SC;209;63;0.00005221
806;0SC0060190SC;210;63;0.00011448
806;0SC0060190SC;211;63;0.00019299
806;0SC0060190SC;212;63;0.00025317
806;0SC0060190SC;213;63;0.00017067
806;0SC0060190SC;214;63;0.00006230
806;0SC0060190SC;215;63;0.00007472
806;0SC0060190SC;217;63;0.00346038
806;0SC0060190SC;218;63;0.00020547
806;0SC0060190SC;219;63;0.00067138
806;0SC0060190SC;220;63;0.00292998
806;0SC0060190SC;221;63;0.00682340
806;0SC0060190SC;222;63;0.00843054
806;0SC0060190SC;223;63;0.00856250
806;0SC0060190SC;224;63;0.00138951
806;0SC0060190SC;225;63;0.00408955
806;0SC0060190SC;226;63;0.00464057
806;0SC0060190SC;227;63;0.00377738
806;0SC0060190SC;228;63;0.00401580
806;0SC0060190SC;229;63;0.00527944
806;0SC0060190SC;230;63;0.00558806
806;0SC0060190SC;231;63;0.00523703
806;0SC0060190SC;232;63;0.00640990
806;0SC0060190SC;233;63;0.00634284
806;0SC0060190SC;234;63;0.00647743
806;0SC0060190SC;235;63;0.00153220
806;0SC0060190SC;209;64;0.00002357
806;0SC0060190SC;210;64;0.00354534
806;0SC0060190SC;211;64;0.00428690
806;0SC0060190SC;212;64;0.00464808
806;0SC0060190SC;213;64;0.00418243
806;0SC0060190SC;214;64;0.00028849
806;0SC0060190SC;215;64;0.00007182
806;0SC0060190SC;216;64;0.00001059
806;0SC0060190SC;217;64;0.00400254
806;0SC0060190SC;218;64;0.00066011
806;0SC0060190SC;219;64;0.00071908
806;0SC0060190SC;220;64;0.00488737
806;0SC0060190SC;221;64;0.00048393
806;0SC0060190SC;222;64;0.00899984
806;0SC0060190SC;223;64;0.00532547
806;0SC0060190SC;224;64;0.00360260
806;0SC0060190SC;225;64;0.00201380
806;0SC0060190SC;226;64;0.00145388
806;0SC0060190SC;227;64;0.00114212
806;0SC0060190SC;228;64;0.00542232
806;0SC0060190SC;229;64;0.00913764
806;0SC0060190SC;230;64;0.00713420
806;0SC0060190SC;231;64;0.00636756
806;0SC0060190SC;232;64;0.00683888
806;0SC0060190SC;233;64;0.00463995
806;0SC0060190SC;234;64;0.00417913
806;0SC0060190SC;235;64;0.00250489
806;0SC0060190SC;210;65;0.00003407
806;0SC0060190SC;211;65;0.00002533
806;0SC0060190SC;212;65;0.00000706
806;0SC0060190SC;213;65;0.00042214
806;0SC0060190SC;214;65;0.00575751
806;0SC0060190SC;215;65;0.00627924
806;0SC0060190SC;216;65;0.00632494
806;0SC0060190SC;217;65;0.00941811
806;0SC0060190SC;218;65;0.00651628
806;0SC0060190SC;219;65;0.00736198
806;0SC0060190SC;220;65;0.00597900
806;0SC0060190SC;221;65;0.01105641
806;0SC0060190SC;222;65;0.00694026
806;0SC0060190SC;223;65;0.00374793
806;0SC0060190SC;224;65;0.00319472
806;0SC0060190SC;225;65;0.00824885
806;0SC0060190SC;226;65;0.00673885
806;0SC0060190SC;227;65;0.00573030
806;0SC0060190SC;228;65;0.00124995
806;0SC0060190SC;229;65;0.00007158
806;0SC0060190SC;230;65;0.00012790
806;0SC0060190SC;231;65;0.00008456
806;0SC0060190SC;232;65;0.00004775
806;0SC0060190SC;233;65;0.00000389
806;0SC0060190SC;234;65;0.00000570
806;0SC0060190SC;235;65;0.00000658
806;0SC0060190SC;213;66;0.00014378
806;0SC0060190SC;214;66;0.00102447
806;0SC0060190SC;215;66;0.00159432
806;0SC0060190SC;216;66;0.00152913
806;0SC0060190SC;217;66;0.00413393
806;0SC0060190SC;218;66;0.00229583
806;0SC0060190SC;219;66;0.00301971
806;0SC0060190SC;220;66;0.00718819
806;0SC0060190SC;221;66;0.00242756
806;0SC0060190SC;222;66;0.00003086
806;0SC0060190SC;223;66;0.00429530
806;0SC0060190SC;224;66;0.00318645
806;0SC0060190SC;225;66;0.00019003
806;0SC0060190SC;226;66;0.00005137
806;0SC0060190SC;231;66;0.00001551
806;0SC0060190SC;213;67;0.00002705
806;0SC0060190SC;214;67;0.00075890
806;0SC0060190SC;215;67;0.00194841
806;0SC0060190SC;216;67;0.00152388
806;0SC0060190SC;217;67;0.00330908
806;0SC0060190SC;218;67;0.00433394
806;0SC0060190SC;219;67;0.00671291
806;0SC0060190SC;220;67;0.00124324
806;0SC0060190SC;221;67;0.00402547
806;0SC0060190SC;222;67;0.00378305
806;0SC0060190SC;223;67;0.00022041
806;0SC0060190SC;224;67;0.00021096
806;0SC0060190SC;225;67;0.00000258
806;0SC0060190SC;226;67;0.00000447
806;0SC0060190SC;231;67;0.00001444
806;0SC0060190SC;232;67;0.00000114
806;0SC0060190SC;214;68;0.00165501
806;0SC0060190SC;215;68;0.00251019
806;0SC0060190SC;216;68;0.00269102
806;0SC0060190SC;217;68;0.00635068
806;0SC0060190SC;218;68;0.00609497
806;0SC0060190SC;219;68;0.00429838
806;0SC0060190SC;220;68;0.00354796
806;0SC0060190SC;221;68;0.00051906
806;0SC0060190SC;222;68;0.00000954
806;0SC0060190SC;223;68;0.00000684
806;0SC0060190SC;224;68;0.00036222
806;0SC0060190SC;225;68;0.00004400
806;0SC0060190SC;226;68;0.00002469
806;0SC0060190SC;227;68;0.00001717
806;0SC0060190SC;228;68;0.00001314
806;0SC0060190SC;231;68;0.00000383
806;0SC0060190SC;216;69;0.00019816
806;0SC0060190SC;217;69;0.00991001
806;0SC0060190SC;218;69;0.00324986
806;0SC0060190SC;219;69;0.00024613
806;0SC0060190SC;220;69;0.00001798
806;0SC0060190SC;222;69;0.00000698
806;0SC0060190SC;223;69;0.00000139
806;0SC0060190SC;224;69;0.00008203
806;0SC0060190SC;225;69;0.00017639
806;0SC0060190SC;228;69;0.00002671
806;0SC0060190SC;215;70;0.00260767
806;0SC0060190SC;216;70;0.00593771
806;0SC0060190SC;217;70;0.00220689
806;0SC0060190SC;225;70;0.00027274
806;0SC0060190SC;226;70;0.00000017
806;0SC0060190SC;228;70;0.00001719
806;0SC0060190SC;229;70;0.00002503
806;0SC0060190SC;230;70;0.00002249
806;0SC0060190SC;231;70;0.00000833
806;0SC0060190SC;232;70;0.00001859
806;0SC0060190SC;212;71;0.00018658
806;0SC0060190SC;213;71;0.00029132
806;0SC0060190SC;214;71;0.00024930
806;0SC0060190SC;215;71;0.00533939
806;0SC0060190SC;216;71;0.00089514
806;0SC0060190SC;217;71;0.00293698
806;0SC0060190SC;218;71;0.00080523
806;0SC0060190SC;219;71;0.00000738
806;0SC0060190SC;226;71;0.00013763
806;0SC0060190SC;231;71;0.00001415
806;0SC0060190SC;232;71;0.00001606
806;0SC0060190SC;233;71;0.00002138
806;0SC0060190SC;212;72;0.00000174
806;0SC0060190SC;213;72;0.00095323
806;0SC0060190SC;214;72;0.00279667
806;0SC0060190SC;215;72;0.00412337
806;0SC0060190SC;216;72;0.00076451
806;0SC0060190SC;217;72;0.00052444
806;0SC0060190SC;218;72;0.00220953
806;0SC0060190SC;219;72;0.00211161
806;0SC0060190SC;220;72;0.00037268
806;0SC0060190SC;221;72;0.00004696
806;0SC0060190SC;222;72;0.00004383
806;0SC0060190SC;223;72;0.00001911
806;0SC0060190SC;213;73;0.00013190
806;0SC0060190SC;214;73;0.00327741
806;0SC0060190SC;215;73;0.00011087
806;0SC0060190SC;216;73;0.00012892
806;0SC0060190SC;217;73;0.00014999
806;0SC0060190SC;218;73;0.00011115
806;0SC0060190SC;219;73;0.00008693
806;0SC0060190SC;220;73;0.00230521
806;0SC0060190SC;221;73;0.00114737
806;0SC0060190SC;223;73;0.00005351
806;0SC0060190SC;224;73;0.00000700
806;0SC0060190SC;213;74;0.00086156
806;0SC0060190SC;214;74;0.00260660
806;0SC0060190SC;215;74;0.00000291
806;0SC0060190SC;216;74;0.00002560
806;0SC0060190SC;217;74;0.00002560
806;0SC0060190SC;218;74;0.00003701
806;0SC0060190SC;219;74;0.00005477
806;0SC0060190SC;220;74;0.00009080
806;0SC0060190SC;221;74;0.00143767
806;0SC0060190SC;222;74;0.00214685
806;0SC0060190SC;223;74;0.00221491
806;0SC0060190SC;224;74;0.00048086
806;0SC0060190SC;213;75;0.00369463
806;0SC0060190SC;215;75;0.00001078
806;0SC0060190SC;216;75;0.00004661
806;0SC0060190SC;217;75;0.00000036
806;0SC0060190SC;218;75;0.00007502
806;0SC0060190SC;220;75;0.00000224
806;0SC0060190SC;221;75;0.00001827
806;0SC0060190SC;222;75;0.00001531
806;0SC0060190SC;212;76;0.00375482
806;0SC0060190SC;213;76;0.00008927
806;0SC0060190SC;216;76;0.00000266
806;0SC0060190SC;217;76;0.00005347
806;0SC0060190SC;218;76;0.00001000
806;0SC0060190SC;219;76;0.00006783
806;0SC0060190SC;220;76;0.00004872
806;0SC0060190SC;221;76;0.00001713
806;0SC0060190SC;211;77;0.00078256
806;0SC0060190SC;212;77;0.00240359
806;0SC0060190SC;217;77;0.00000594
806;0SC0060190SC;218;77;0.00005127
806;0SC0060190SC;219;77;0.00000258
806;0SC0060190SC;220;77;0.00000255
806;0SC0060190SC;210;78;0.00019078
806;0SC0060190SC;211;78;0.00380271
806;0SC0060190SC;212;78;0.00000478
806;0SC0060190SC;219;78;0.00003396
806;0SC0060190SC;210;79;0.00356080
806;0SC0060190SC;211;79;0.00000375
806;0SC0060190SC;212;79;0.00000296
806;0SC0060190SC;210;80;0.00283535
806;0SC0060190SC;213;80;0.00000055
806;0SC0060190SC;209;81;0.00103912
806;0SC0060190SC;210;81;0.00276937
806;0SC0060190SC;211;81;0.00038943
806;0SC0060190SC;212;81;0.00001367
806;0SC0060190SC;208;82;0.00255019
806;0SC0060190SC;209;82;0.00248800
806;0SC0060190SC;210;82;0.00000093
806;0SC0060190SC;211;82;0.00001742
806;0MD006015KER;218;83;0.00034413
806;0MD006015KER;219;83;0.00000141
806;0MD006015KER;220;83;0.00004059
806;0MD006015KER;221;83;0.00205042
806;0MD006015KER;222;83;0.00062789
806;0MD006015KER;223;83;0.00077379
806;0MD006015KER;224;83;0.01409674
806;0MD006015KER;218;84;0.00030325
806;0MD006015KER;219;84;0.00006445
806;0MD006015KER;220;84;0.00001254
806;0MD006015KER;221;84;0.00296621
806;0MD006015KER;222;84;0.00283638
806;0MD006015KER;223;84;0.00687069
806;0MD006015KER;224;84;0.03141822
806;0MD006015KER;225;84;0.00584564
806;0MD006015KER;226;84;0.00584446
806;0MD006015KER;227;84;0.00590277
806;0MD006015KER;228;84;0.00167356
806;0MD006015KER;221;85;0.00227797
806;0MD006015KER;222;85;0.00009097
806;0MD006015KER;223;85;0.00050395
806;0MD006015KER;224;85;0.01465903
806;0MD006015KER;228;85;0.00537457
806;0MD006015KER;229;85;0.00440261
806;0MD006015KER;221;86;0.00348560
806;0MD006015KER;222;86;0.00212597
806;0MD006015KER;223;86;0.00203147
806;0MD006015KER;224;86;0.01438433
806;0MD006015KER;229;86;0.00234435
806;0MD006015KER;230;86;0.00387205
806;0MD006015KER;220;87;0.00213344
806;0MD006015KER;221;87;0.00264115
806;0MD006015KER;223;87;0.00063916
806;0MD006015KER;224;87;0.01372360
806;0MD006015KER;230;87;0.00482825
806;0MD006015KER;219;88;0.00029353
806;0MD006015KER;220;88;0.00428222
806;0MD006015KER;223;88;0.00021810
806;0MD006015KER;224;88;0.01362497
806;0MD006015KER;227;88;0.00750126
806;0MD006015KER;228;88;0.00888465
806;0MD006015KER;229;88;0.01075668
806;0MD006015KER;230;88;0.01678614
806;0MD006015KER;231;88;0.01184633
806;0MD006015KER;232;88;0.01150288
806;0MD006015KER;233;88;0.01150239
806;0MD006015KER;234;88;0.01161462
806;0MD006015KER;235;88;0.00970579
806;0MD006015KER;236;88;0.00000165
806;0MD006015KER;219;89;0.00682398
806;0MD006015KER;220;89;0.00109639
806;0MD006015KER;221;89;0.00108102
806;0MD006015KER;222;89;0.00132564
806;0MD006015KER;223;89;0.00809829
806;0MD006015KER;224;89;0.01103109
806;0MD006015KER;225;89;0.01171348
806;0MD006015KER;226;89;0.00898326
806;0MD006015KER;227;89;0.00141527
806;0MD006015KER;229;89;0.00433821
806;0MD006015KER;231;89;0.00019624
806;0MD006015KER;233;89;0.00032895
806;0MD006015KER;234;89;0.00036558
806;0MD006015KER;235;89;0.00145252
806;0MD006015KER;236;89;0.00042622
806;0MD006015KER;212;90;0.00081661
806;0MD006015KER;213;90;0.00206391
806;0MD006015KER;214;90;0.00393711
806;0MD006015KER;215;90;0.00451313
806;0MD006015KER;216;90;0.00053403
806;0MD006015KER;217;90;0.00004781
806;0MD006015KER;218;90;0.00448019
806;0MD006015KER;219;90;0.00028449
806;0MD006015KER;220;90;0.00253359
806;0MD006015KER;221;90;0.00527549
806;0MD006015KER;223;90;0.00759537
806;0MD006015KER;224;90;0.00887336
806;0MD006015KER;225;90;0.00700451
806;0MD006015KER;229;90;0.00432874
806;0MD006015KER;231;90;0.00001471
806;0MD006015KER;232;90;0.00004151
806;0MD006015KER;212;91;0.00005588
806;0MD006015KER;214;91;0.00485542
806;0MD006015KER;215;91;0.00907300
806;0MD006015KER;216;91;0.01323835
806;0MD006015KER;217;91;0.03063150
806;0MD006015KER;218;91;0.02693043
806;0MD006015KER;219;91;0.01579306
806;0MD006015KER;220;91;0.01488147
806;0MD006015KER;221;91;0.01019584
806;0MD006015KER;222;91;0.01652999
806;0MD006015KER;223;91;0.01718112
806;0MD006015KER;224;91;0.01448409
806;0MD006015KER;225;91;0.00677290
806;0MD006015KER;226;91;0.00571736
806;0MD006015KER;227;91;0.00595459
806;0MD006015KER;228;91;0.00759623
806;0MD006015KER;229;91;0.00534777
806;0MD006015KER;213;92;0.00450241
806;0MD006015KER;214;92;0.00813838
806;0MD006015KER;216;92;0.00405579
806;0MD006015KER;217;92;0.01988541
806;0MD006015KER;218;92;0.00002895
806;0MD006015KER;225;92;0.00468618
806;0MD006015KER;228;92;0.00189517
806;0MD006015KER;229;92;0.00179291
806;0MD006015KER;230;92;0.00047603
806;0MD006015KER;215;93;0.01343142
806;0MD006015KER;216;93;0.02071276
806;0MD006015KER;225;93;0.00211374
806;0MD006015KER;226;93;0.00255070
806;0MD006015KER;228;93;0.00142427
806;0MD006015KER;230;93;0.00134347
806;0MD006015KER;231;93;0.00005728
806;0MD006015KER;214;94;0.01251276
806;0MD006015KER;215;94;0.01122506
806;0MD006015KER;226;94;0.00420645
806;0MD006015KER;227;94;0.00086096
806;0MD006015KER;228;94;0.00056352
806;0MD006015KER;230;94;0.00004738
806;0MD006015KER;231;94;0.00120324
806;0MD006015KER;232;94;0.00029052
806;0MD006015KER;226;95;0.00387122
806;0MD006015KER;227;95;0.00173501
806;0MD006015KER;232;95;0.00089713
806;0MD006015KER;233;95;0.00060917
806;0MD006015KER;214;96;0.00089013
806;0MD006015KER;215;96;0.00032357
806;0MD006015KER;216;96;0.00032564
806;0MD006015KER;217;96;0.00036298
806;0MD006015KER;218;96;0.00025597
806;0MD006015KER;225;96;0.00001302
806;0MD006015KER;226;96;0.00000894
806;0MD006015KER;227;96;0.00667909
806;0MD006015KER;233;96;0.00057873
806;0MD006015KER;234;96;0.00094102
806;0MD006015KER;214;97;0.00076473
806;0MD006015KER;215;97;0.00018431
806;0MD006015KER;218;97;0.00015249
806;0MD006015KER;219;97;0.00007869
806;0MD006015KER;225;97;0.00003192
806;0MD006015KER;226;97;0.00001366
806;0MD006015KER;227;97;0.00062261
806;0MD006015KER;228;97;0.00570527
806;0MD006015KER;229;97;0.00085245
806;0MD006015KER;234;97;0.00023754
806;0MD006015KER;235;97;0.00110293
806;0MD006015KER;215;98;0.00092468
806;0MD006015KER;217;98;0.00010121
806;0MD006015KER;218;98;0.00018966
806;0MD006015KER;219;98;0.00004380
806;0MD006015KER;220;98;0.00000302
806;0MD006015KER;221;98;0.00000775
806;0MD006015KER;222;98;0.00001142
806;0MD006015KER;223;98;0.00002414
806;0MD006015KER;224;98;0.00002697
806;0MD006015KER;225;98;0.00001077
806;0MD006015KER;227;98;0.00168038
806;0MD006015KER;228;98;0.00097338
806;0MD006015KER;229;98;0.00242419
806;0MD006015KER;230;98;0.00301357
806;0MD006015KER;231;98;0.00018891
806;0MD006015KER;234;98;0.00003932
806;0MD006015KER;235;98;0.00207045
806;0MD006015KER;215;99;0.00045009
806;0MD006015KER;216;99;0.00014595
806;0MD006015KER;217;99;0.00004960
806;0MD006015KER;218;99;0.00001747
806;0MD006015KER;220;99;0.00000564
806;0MD006015KER;227;99;0.00243822
806;0MD006015KER;231;99;0.00265295
806;0MD006015KER;232;99;0.00279453
806;0MD006015KER;233;99;0.00020894
806;0MD006015KER;234;99;0.00100897
806;0MD006015KER;235;99;0.00435230
806;0MD006015KER;215;100;0.00037570
806;0MD006015KER;218;100;0.00000910
806;0MD006015KER;219;100;0.00002069
806;0MD006015KER;220;100;0.00001647
806;0MD006015KER;221;100;0.00002041
806;0MD006015KER;222;100;0.00000290
806;0MD006015KER;227;100;0.00086898
806;0MD006015KER;228;100;0.00160311
806;0MD006015KER;232;100;0.00085583
806;0MD006015KER;233;100;0.00258895
806;0MD006015KER;234;100;0.00740211
806;0MD006015KER;235;100;0.00123724
806;0MD006015KER;215;101;0.00033544
806;0MD006015KER;222;101;0.00002929
806;0MD006015KER;228;101;0.00251065
806;0MD006015KER;235;101;0.00723341
806;0MD006015KER;215;102;0.00009287
806;0MD006015KER;216;102;0.00026547
806;0MD006015KER;222;102;0.00080021
806;0MD006015KER;228;102;0.00251120
806;0MD006015KER;234;102;0.00711728
806;0MD006015KER;235;102;0.00060382
806;0MD006015KER;214;103;0.00247638
806;0MD006015KER;215;103;0.00146138
806;0MD006015KER;216;103;0.00044275
806;0MD006015KER;221;103;0.00064678
806;0MD006015KER;222;103;0.00193043
806;0MD006015KER;228;103;0.00103802
806;0MD006015KER;229;103;0.00147211
806;0MD006015KER;233;103;0.00487440
806;0MD006015KER;234;103;0.00623545
806;0MD006015KER;215;104;0.00186365
806;0MD006015KER;216;104;0.00641547
806;0MD006015KER;221;104;0.00116710
806;0MD006015KER;222;104;0.00050499
806;0MD006015KER;229;104;0.00349178
806;0MD006015KER;232;104;0.00099889
806;0MD006015KER;233;104;0.00685382
806;0MD006015KER;234;104;0.00395345
806;0MD006015KER;235;104;0.00022361
806;0MD006015KER;214;105;0.00000002
806;0MD006015KER;216;105;0.00730501
806;0MD006015KER;217;105;0.00348970
806;0MD006015KER;218;105;0.00436371
806;0MD006015KER;219;105;0.00129243
806;0MD006015KER;221;105;0.00184053
806;0MD006015KER;227;105;0.00080350
806;0MD006015KER;228;105;0.00205713
806;0MD006015KER;229;105;0.00376887
806;0MD006015KER;230;105;0.00001890
806;0MD006015KER;231;105;0.00007011
806;0MD006015KER;232;105;0.00412913
806;0MD006015KER;233;105;0.00252439
806;0MD006015KER;234;105;0.01972388
806;0MD006015KER;235;105;0.00321191
806;0MD006015KER;214;106;0.00042891
806;0MD006015KER;215;106;0.00000017
806;0MD006015KER;216;106;0.00422940
806;0MD006015KER;217;106;0.00260372
806;0MD006015KER;218;106;0.00084833
806;0MD006015KER;219;106;0.00173604
806;0MD006015KER;220;106;0.00335119
806;0MD006015KER;221;106;0.00253405
806;0MD006015KER;226;106;0.00204822
806;0MD006015KER;227;106;0.00115874
806;0MD006015KER;229;106;0.00045014
806;0MD006015KER;230;106;0.00345485
806;0MD006015KER;231;106;0.01109525
806;0MD006015KER;232;106;0.00634629
806;0MD006015KER;233;106;0.00693998
806;0MD006015KER;234;106;0.01219290
806;0MD006015KER;235;106;0.00123857
806;0MD006015KER;214;107;0.00038433
806;0MD006015KER;215;107;0.00093706
806;0MD006015KER;216;107;0.00161728
806;0MD006015KER;217;107;0.00366501
806;0MD006015KER;218;107;0.00034465
806;0MD006015KER;221;107;0.00004976
806;0MD006015KER;222;107;0.00188580
806;0MD006015KER;223;107;0.00155432
806;0MD006015KER;225;107;0.00119849
806;0MD006015KER;226;107;0.00077165
806;0MD006015KER;230;107;0.00646450
806;0MD006015KER;231;107;0.00005633
806;0MD006015KER;214;108;0.00093334
806;0MD006015KER;215;108;0.00047361
806;0MD006015KER;217;108;0.00126080
806;0MD006015KER;218;108;0.00081528
806;0MD006015KER;223;108;0.00115001
806;0MD006015KER;224;108;0.00215376
806;0MD006015KER;225;108;0.00202188
806;0MD006015KER;230;108;0.00429920
806;0MD006015KER;217;109;0.00009875
806;0MD006015KER;230;109;0.00298288
806;0MD006036MOJ;260;63;0.00105637
806;0MD006036MOJ;261;63;0.00015469
806;0MD006036MOJ;260;64;0.00004548
806;0MD006036MOJ;261;64;0.00146656
806;0MD006036MOJ;262;64;0.00036739
806;0MD006036MOJ;273;64;0.00001753
806;0MD006036MOJ;262;65;0.00109835
806;0MD006036MOJ;263;65;0.00128525
806;0MD006036MOJ;264;65;0.00077547
806;0MD006036MOJ;265;65;0.00012374
806;0MD006036MOJ;266;65;0.00013590
806;0MD006036MOJ;267;65;0.00000203
806;0MD006036MOJ;273;65;0.00001873
806;0MD006036MOJ;283;65;0.00000209
806;0MD006036MOJ;284;65;0.00000139
806;0MD006036MOJ;263;66;0.00008788
806;0MD006036MOJ;264;66;0.00107648
806;0MD006036MOJ;265;66;0.00054960
806;0MD006036MOJ;266;66;0.00056128
806;0MD006036MOJ;267;66;0.00041512
806;0MD006036MOJ;268;66;0.00041914
806;0MD006036MOJ;269;66;0.00040963
806;0MD006036MOJ;270;66;0.00040036
806;0MD006036MOJ;271;66;0.00041538
806;0MD006036MOJ;272;66;0.00023814
806;0MD006036MOJ;273;66;0.00015676
806;0MD006036MOJ;274;66;0.00005965
806;0MD006036MOJ;275;66;0.00000615
806;0MD006036MOJ;281;66;0.00000314
806;0MD006036MOJ;282;66;0.00000334
806;0MD006036MOJ;283;66;0.00000172
806;0MD006036MOJ;284;66;0.00000465
806;0MD006036MOJ;285;66;0.00000334
806;0MD006036MOJ;286;66;0.00000341
806;0MD006036MOJ;287;66;0.00000305
806;0MD006036MOJ;293;66;0.00005234
806;0MD006036MOJ;294;66;0.00009430
806;0MD006036MOJ;295;66;0.00002013
806;0MD006036MOJ;300;66;0.00004279
806;0MD006036MOJ;257;67;0.00006154
806;0MD006036MOJ;263;67;0.00021093
806;0MD006036MOJ;264;67;0.00047190
806;0MD006036MOJ;265;67;0.00018430
806;0MD006036MOJ;266;67;0.00005134
806;0MD006036MOJ;267;67;0.00006218
806;0MD006036MOJ;268;67;0.00002299
806;0MD006036MOJ;270;67;0.00006983
806;0MD006036MOJ;271;67;0.00000924
806;0MD006036MOJ;272;67;0.00018186
806;0MD006036MOJ;274;67;0.00007198
806;0MD006036MOJ;275;67;0.00001811
806;0MD006036MOJ;276;67;0.00001322
806;0MD006036MOJ;277;67;0.00001322
806;0MD006036MOJ;278;67;0.00001322
806;0MD006036MOJ;279;67;0.00000915
806;0MD006036MOJ;295;67;0.00007416
806;0MD006036MOJ;296;67;0.00011639
806;0MD006036MOJ;297;67;0.00013282
806;0MD006036MOJ;298;67;0.00012579
806;0MD006036MOJ;299;67;0.00012202
806;0MD006036MOJ;300;67;0.00006460
806;0MD006036MOJ;301;67;0.00011043
806;0MD006036MOJ;302;67;0.00012896
806;0MD006036MOJ;303;67;0.00007907
806;0MD006036MOJ;308;67;0.00002400
806;0MD006036MOJ;263;68;0.00053458
806;0MD006036MOJ;264;68;0.00002849
806;0MD006036MOJ;265;68;0.00003837
806;0MD006036MOJ;266;68;0.00002202
806;0MD006036MOJ;267;68;0.00002467
806;0MD006036MOJ;268;68;0.00004352
806;0MD006036MOJ;269;68;0.00004100
806;0MD006036MOJ;270;68;0.00007128
806;0MD006036MOJ;271;68;0.00001446
806;0MD006036MOJ;272;68;0.00008435
806;0MD006036MOJ;273;68;0.00000225
806;0MD006036MOJ;279;68;0.00001012
806;0MD006036MOJ;280;68;0.00000417
806;0MD006036MOJ;296;68;0.00000408
806;0MD006036MOJ;297;68;0.00001383
806;0MD006036MOJ;303;68;0.00009064
806;0MD006036MOJ;304;68;0.00006096
806;0MD006036MOJ;307;68;0.00005861
806;0MD006036MOJ;308;68;0.00000183
806;0MD006036MOJ;238;69;0.00000522
806;0MD006036MOJ;239;69;0.00017992
806;0MD006036MOJ;240;69;0.00888675
806;0MD006036MOJ;243;69;0.00003736
806;0MD006036MOJ;246;69;0.00000698
806;0MD006036MOJ;263;69;0.00056543
806;0MD006036MOJ;264;69;0.00010697
806;0MD006036MOJ;265;69;0.00002708
806;0MD006036MOJ;266;69;0.00003345
806;0MD006036MOJ;268;69;0.00001820
806;0MD006036MOJ;269;69;0.00000488
806;0MD006036MOJ;270;69;0.00002440
806;0MD006036MOJ;271;69;0.00000158
806;0MD006036MOJ;272;69;0.00002115
806;0MD006036MOJ;279;69;0.00000238
806;0MD006036MOJ;280;69;0.00001092
806;0MD006036MOJ;295;69;0.00000446
806;0MD006036MOJ;296;69;0.00001478
806;0MD006036MOJ;304;69;0.00011342
806;0MD006036MOJ;305;69;0.00004836
806;0MD006036MOJ;306;69;0.00004779
806;0MD006036MOJ;307;69;0.00001038
806;0MD006036MOJ;310;69;0.00001009
806;0MD006036MOJ;237;70;0.00022593
806;0MD006036MOJ;238;70;0.00021240
806;0MD006036MOJ;239;70;0.00211242
806;0MD006036MOJ;240;70;0.02479285
806;0MD006036MOJ;241;70;0.00014729
806;0MD006036MOJ;242;70;0.00014920
806;0MD006036MOJ;243;70;0.00008610
806;0MD006036MOJ;244;70;0.00003955
806;0MD006036MOJ;245;70;0.00003404
806;0MD006036MOJ;246;70;0.00004441
806;0MD006036MOJ;255;70;0.00011166
806;0MD006036MOJ;262;70;0.00004201
806;0MD006036MOJ;263;70;0.00057115
806;0MD006036MOJ;266;70;0.00001030
806;0MD006036MOJ;269;70;0.00002395
806;0MD006036MOJ;270;70;0.00004412
806;0MD006036MOJ;271;70;0.00001871
806;0MD006036MOJ;279;70;0.00000672
806;0MD006036MOJ;280;70;0.00000684
806;0MD006036MOJ;294;70;0.00001184
806;0MD006036MOJ;295;70;0.00001178
806;0MD006036MOJ;304;70;0.00003839
806;0MD006036MOJ;305;70;0.00025836
806;0MD006036MOJ;306;70;0.00003903
806;0MD006036MOJ;307;70;0.00001999
806;0MD006036MOJ;308;70;0.00001995
806;0MD006036MOJ;309;70;0.00002041
806;0MD006036MOJ;310;70;0.00001755
806;0MD006036MOJ;236;71;0.00023191
806;0MD006036MOJ;237;71;0.00013270
806;0MD006036MOJ;238;71;0.00193292
806;0MD006036MOJ;239;71;0.00042873
806;0MD006036MOJ;240;71;0.00585460
806;0MD006036MOJ;241;71;0.01622637
806;0MD006036MOJ;242;71;0.00021245
806;0MD006036MOJ;243;71;0.00018029
806;0MD006036MOJ;245;71;0.00007207
806;0MD006036MOJ;254;71;0.00014583
806;0MD006036MOJ;255;71;0.00001232
806;0MD006036MOJ;261;71;0.00014066
806;0MD006036MOJ;262;71;0.00073506
806;0MD006036MOJ;280;71;0.00001353
806;0MD006036MOJ;291;71;0.00000589
806;0MD006036MOJ;292;71;0.00001362
806;0MD006036MOJ;293;71;0.00001563
806;0MD006036MOJ;294;71;0.00000392
806;0MD006036MOJ;304;71;0.00016798
806;0MD006036MOJ;237;72;0.00207908
806;0MD006036MOJ;238;72;0.00019985
806;0MD006036MOJ;240;72;0.00000610
806;0MD006036MOJ;241;72;0.01385947
806;0MD006036MOJ;242;72;0.00485809
806;0MD006036MOJ;243;72;0.00066732
806;0MD006036MOJ;244;72;0.00034727
806;0MD006036MOJ;245;72;0.00011011
806;0MD006036MOJ;246;72;0.00003431
806;0MD006036MOJ;251;72;0.00000055
806;0MD006036MOJ;252;72;0.00000103
806;0MD006036MOJ;253;72;0.00007218
806;0MD006036MOJ;254;72;0.00006697
806;0MD006036MOJ;258;72;0.00053955
806;0MD006036MOJ;259;72;0.00054247
806;0MD006036MOJ;260;72;0.00054456
806;0MD006036MOJ;261;72;0.00053931
806;0MD006036MOJ;280;72;0.00001353
806;0MD006036MOJ;289;72;0.00000612
806;0MD006036MOJ;290;72;0.00001067
806;0MD006036MOJ;291;72;0.00001012
806;0MD006036MOJ;304;72;0.00014508
806;0MD006036MOJ;236;73;0.00150873
806;0MD006036MOJ;237;73;0.00083401
806;0MD006036MOJ;238;73;0.00028951
806;0MD006036MOJ;239;73;0.00025387
806;0MD006036MOJ;240;73;0.00038788
806;0MD006036MOJ;241;73;0.00173378
806;0MD006036MOJ;242;73;0.01642857
806;0MD006036MOJ;243;73;0.00087760
806;0MD006036MOJ;244;73;0.00072098
806;0MD006036MOJ;245;73;0.00041228
806;0MD006036MOJ;246;73;0.00017719
806;0MD006036MOJ;247;73;0.00007028
806;0MD006036MOJ;248;73;0.00004197
806;0MD006036MOJ;249;73;0.00000910
806;0MD006036MOJ;251;73;0.00000974
806;0MD006036MOJ;252;73;0.00034318
806;0MD006036MOJ;253;73;0.00005096
806;0MD006036MOJ;254;73;0.00003859
806;0MD006036MOJ;255;73;0.00042586
806;0MD006036MOJ;256;73;0.00055524
806;0MD006036MOJ;257;73;0.00061978
806;0MD006036MOJ;258;73;0.00015749
806;0MD006036MOJ;280;73;0.00001332
806;0MD006036MOJ;289;73;0.00002059
806;0MD006036MOJ;290;73;0.00001435
806;0MD006036MOJ;303;73;0.00011175
806;0MD006036MOJ;304;73;0.00003046
806;0MD006036MOJ;236;74;0.00025001
806;0MD006036MOJ;237;74;0.00030635
806;0MD006036MOJ;238;74;0.00013415
806;0MD006036MOJ;239;74;0.00005697
806;0MD006036MOJ;240;74;0.00021495
806;0MD006036MOJ;241;74;0.00170748
806;0MD006036MOJ;242;74;0.00760970
806;0MD006036MOJ;243;74;0.01174344
806;0MD006036MOJ;244;74;0.00204923
806;0MD006036MOJ;245;74;0.00121852
806;0MD006036MOJ;246;74;0.00086156
806;0MD006036MOJ;247;74;0.00038950
806;0MD006036MOJ;248;74;0.00050302
806;0MD006036MOJ;249;74;0.00051497
806;0MD006036MOJ;250;74;0.00048686
806;0MD006036MOJ;251;74;0.00049703
806;0MD006036MOJ;252;74;0.00094814
806;0MD006036MOJ;253;74;0.00054518
806;0MD006036MOJ;254;74;0.00059787
806;0MD006036MOJ;255;74;0.00013789
806;0MD006036MOJ;279;74;0.00000297
806;0MD006036MOJ;280;74;0.00001157
806;0MD006036MOJ;288;74;0.00001263
806;0MD006036MOJ;289;74;0.00001083
806;0MD006036MOJ;303;74;0.00014221
806;0MD006036MOJ;235;75;0.00000707
806;0MD006036MOJ;236;75;0.00013676
806;0MD006036MOJ;237;75;0.00023284
806;0MD006036MOJ;238;75;0.00014567
806;0MD006036MOJ;239;75;0.00013510
806;0MD006036MOJ;240;75;0.00021467
806;0MD006036MOJ;241;75;0.00173296
806;0MD006036MOJ;242;75;0.00059132
806;0MD006036MOJ;243;75;0.01196713
806;0MD006036MOJ;244;75;0.00077727
806;0MD006036MOJ;245;75;0.00065508
806;0MD006036MOJ;246;75;0.00064474
806;0MD006036MOJ;247;75;0.00051456
806;0MD006036MOJ;252;75;0.00044541
806;0MD006036MOJ;253;75;0.00002499
806;0MD006036MOJ;254;75;0.00002044
806;0MD006036MOJ;279;75;0.00001747
806;0MD006036MOJ;286;75;0.00000944
806;0MD006036MOJ;287;75;0.00001506
806;0MD006036MOJ;288;75;0.00000243
806;0MD006036MOJ;303;75;0.00014199
806;0MD006036MOJ;235;76;0.00344468
806;0MD006036MOJ;236;76;0.00511826
806;0MD006036MOJ;237;76;0.00505066
806;0MD006036MOJ;238;76;0.00000404
806;0MD006036MOJ;239;76;0.00077633
806;0MD006036MOJ;240;76;0.00028022
806;0MD006036MOJ;241;76;0.00180727
806;0MD006036MOJ;242;76;0.00049934
806;0MD006036MOJ;243;76;0.00941901
806;0MD006036MOJ;244;76;0.00639636
806;0MD006036MOJ;245;76;0.00089741
806;0MD006036MOJ;246;76;0.00044025
806;0MD006036MOJ;247;76;0.00038674
806;0MD006036MOJ;251;76;0.00017478
806;0MD006036MOJ;252;76;0.00019600
806;0MD006036MOJ;279;76;0.00001330
806;0MD006036MOJ;285;76;0.00001296
806;0MD006036MOJ;286;76;0.00000650
806;0MD006036MOJ;303;76;0.00014153
806;0MD006036MOJ;235;77;0.00000814
806;0MD006036MOJ;236;77;0.00078765
806;0MD006036MOJ;237;77;0.00007252
806;0MD006036MOJ;238;77;0.00003966
806;0MD006036MOJ;239;77;0.00859775
806;0MD006036MOJ;240;77;0.00416848
806;0MD006036MOJ;241;77;0.00688822
806;0MD006036MOJ;242;77;0.00195824
806;0MD006036MOJ;243;77;0.00204706
806;0MD006036MOJ;244;77;0.01752516
806;0MD006036MOJ;245;77;0.00070048
806;0MD006036MOJ;246;77;0.00042062
806;0MD006036MOJ;247;77;0.00004016
806;0MD006036MOJ;251;77;0.00043019
806;0MD006036MOJ;278;77;0.00000191
806;0MD006036MOJ;279;77;0.00001129
806;0MD006036MOJ;284;77;0.00000954
806;0MD006036MOJ;285;77;0.00000685
806;0MD006036MOJ;303;77;0.00014155
806;0MD006036MOJ;237;78;0.00003155
806;0MD006036MOJ;239;78;0.00001200
806;0MD006036MOJ;240;78;0.00041980
806;0MD006036MOJ;241;78;0.00122069
806;0MD006036MOJ;242;78;0.00010189
806;0MD006036MOJ;243;78;0.00005490
806;0MD006036MOJ;244;78;0.00170729
806;0MD006036MOJ;245;78;0.01220207
806;0MD006036MOJ;246;78;0.00016223
806;0MD006036MOJ;251;78;0.00042002
806;0MD006036MOJ;278;78;0.00001494
806;0MD006036MOJ;279;78;0.00001326
806;0MD006036MOJ;280;78;0.00001326
806;0MD006036MOJ;281;78;0.00001704
806;0MD006036MOJ;282;78;0.00000811
806;0MD006036MOJ;283;78;0.00001137
806;0MD006036MOJ;284;78;0.00001006
806;0MD006036MOJ;303;78;0.00014154
806;0MD006036MOJ;240;79;0.00136897
806;0MD006036MOJ;241;79;0.00002460
806;0MD006036MOJ;242;79;0.00017791
806;0MD006036MOJ;245;79;0.01284525
806;0MD006036MOJ;251;79;0.00042756
806;0MD006036MOJ;280;79;0.00000694
806;0MD006036MOJ;281;79;0.00002796
806;0MD006036MOJ;282;79;0.00000514
806;0MD006036MOJ;283;79;0.00000696
806;0MD006036MOJ;303;79;0.00014031
806;0MD006036MOJ;240;80;0.00136845
806;0MD006036MOJ;242;80;0.00017383
806;0MD006036MOJ;243;80;0.00001962
806;0MD006036MOJ;245;80;0.01242846
806;0MD006036MOJ;251;80;0.00042792
806;0MD006036MOJ;280;80;0.00003685
806;0MD006036MOJ;303;80;0.00013870
806;0MD006036MOJ;235;81;0.00004092
806;0MD006036MOJ;236;81;0.00006688
806;0MD006036MOJ;237;81;0.00007006
806;0MD006036MOJ;238;81;0.00006726
806;0MD006036MOJ;239;81;0.00006825
806;0MD006036MOJ;240;81;0.00068100
806;0MD006036MOJ;241;81;0.00003078
806;0MD006036MOJ;242;81;0.00009795
806;0MD006036MOJ;243;81;0.00018860
806;0MD006036MOJ;245;81;0.00092032
806;0MD006036MOJ;246;81;0.01262719
806;0MD006036MOJ;250;81;0.00029242
806;0MD006036MOJ;251;81;0.00012512
806;0MD006036MOJ;271;81;0.00000116
806;0MD006036MOJ;272;81;0.00001358
806;0MD006036MOJ;280;81;0.00003324
806;0MD006036MOJ;303;81;0.00015550
806;0MD006036MOJ;239;82;0.00002421
806;0MD006036MOJ;242;82;0.00002917
806;0MD006036MOJ;243;82;0.00004773
806;0MD006036MOJ;244;82;0.00007558
806;0MD006036MOJ;245;82;0.00016471
806;0MD006036MOJ;246;82;0.01001179
806;0MD006036MOJ;247;82;0.00565879
806;0MD006036MOJ;250;82;0.00040519
806;0MD006036MOJ;265;82;0.00123525
806;0MD006036MOJ;266;82;0.00493254
806;0MD006036MOJ;267;82;0.00484632
806;0MD006036MOJ;268;82;0.00484952
806;0MD006036MOJ;269;82;0.00486839
806;0MD006036MOJ;270;82;0.00484661
806;0MD006036MOJ;271;82;0.00509237
806;0MD006036MOJ;272;82;0.00506264
806;0MD006036MOJ;273;82;0.00491654
806;0MD006036MOJ;274;82;0.00210674
806;0MD006036MOJ;277;82;0.00010826
806;0MD006036MOJ;278;82;0.00118886
806;0MD006036MOJ;280;82;0.00003305
806;0MD006036MOJ;303;82;0.00014475
806;0MD006036MOJ;239;83;0.00002413
806;0MD006036MOJ;244;83;0.00002061
806;0MD006036MOJ;245;83;0.00008116
806;0MD006036MOJ;246;83;0.00000281
806;0MD006036MOJ;247;83;0.01162594
806;0MD006036MOJ;248;83;0.00433561
806;0MD006036MOJ;249;83;0.00013175
806;0MD006036MOJ;250;83;0.00024617
806;0MD006036MOJ;263;83;0.00201170
806;0MD006036MOJ;264;83;0.00530358
806;0MD006036MOJ;265;83;0.00449502
806;0MD006036MOJ;269;83;0.00002002
806;0MD006036MOJ;274;83;0.00284241
806;0MD006036MOJ;275;83;0.00504265
806;0MD006036MOJ;276;83;0.00488706
806;0MD006036MOJ;277;83;0.00480880
806;0MD006036MOJ;278;83;0.00365029
806;0MD006036MOJ;279;83;0.00487740
806;0MD006036MOJ;280;83;0.00492377
806;0MD006036MOJ;281;83;0.00493494
806;0MD006036MOJ;282;83;0.00498839
806;0MD006036MOJ;283;83;0.00199117
806;0MD006036MOJ;303;83;0.00015597
806;0MD006036MOJ;304;83;0.00005937
806;0MD006036MOJ;239;84;0.00002385
806;0MD006036MOJ;245;84;0.00000798
806;0MD006036MOJ;246;84;0.00007965
806;0MD006036MOJ;247;84;0.00000052
806;0MD006036MOJ;248;84;0.01202080
806;0MD006036MOJ;249;84;0.00042493
806;0MD006036MOJ;250;84;0.00005555
806;0MD006036MOJ;256;84;0.00146642
806;0MD006036MOJ;257;84;0.00494148
806;0MD006036MOJ;258;84;0.00491412
806;0MD006036MOJ;259;84;0.00490597
806;0MD006036MOJ;260;84;0.00490588
806;0MD006036MOJ;261;84;0.00496661
806;0MD006036MOJ;262;84;0.00485706
806;0MD006036MOJ;263;84;0.00289355
806;0MD006036MOJ;268;84;0.00000690
806;0MD006036MOJ;269;84;0.00001309
806;0MD006036MOJ;280;84;0.00001713
806;0MD006036MOJ;281;84;0.00002284
806;0MD006036MOJ;283;84;0.00347143
806;0MD006036MOJ;284;84;0.00574768
806;0MD006036MOJ;285;84;0.00018634
806;0MD006036MOJ;304;84;0.00013638
806;0MD006036MOJ;305;84;0.00169595
806;0MD006036MOJ;306;84;0.00408919
806;0MD006036MOJ;238;85;0.00001685
806;0MD006036MOJ;239;85;0.00000698
806;0MD006036MOJ;245;85;0.00001331
806;0MD006036MOJ;246;85;0.00001490
806;0MD006036MOJ;247;85;0.00016743
806;0MD006036MOJ;248;85;0.01363728
806;0MD006036MOJ;249;85;0.00039398
806;0MD006036MOJ;250;85;0.00024954
806;0MD006036MOJ;251;85;0.00507390
806;0MD006036MOJ;252;85;0.00502110
806;0MD006036MOJ;253;85;0.00499731
806;0MD006036MOJ;254;85;0.00495081
806;0MD006036MOJ;255;85;0.00494356
806;0MD006036MOJ;256;85;0.00346093
806;0MD006036MOJ;257;85;0.00008248
806;0MD006036MOJ;268;85;0.00002079
806;0MD006036MOJ;281;85;0.00003854
806;0MD006036MOJ;285;85;0.00535020
806;0MD006036MOJ;286;85;0.00514728
806;0MD006036MOJ;287;85;0.00482206
806;0MD006036MOJ;288;85;0.00312065
806;0MD006036MOJ;304;85;0.00139406
806;0MD006036MOJ;305;85;0.00498833
806;0MD006036MOJ;238;86;0.00002392
806;0MD006036MOJ;242;86;0.00002633
806;0MD006036MOJ;243;86;0.00004630
806;0MD006036MOJ;244;86;0.00002202
806;0MD006036MOJ;245;86;0.00000236
806;0MD006036MOJ;246;86;0.00014173
806;0MD006036MOJ;247;86;0.00022063
806;0MD006036MOJ;248;86;0.00163041
806;0MD006036MOJ;249;86;0.01195673
806;0MD006036MOJ;250;86;0.01318608
806;0MD006036MOJ;251;86;0.00707793
806;0MD006036MOJ;252;86;0.00656246
806;0MD006036MOJ;253;86;0.00661773
806;0MD006036MOJ;254;86;0.00020102
806;0MD006036MOJ;257;86;0.00007331
806;0MD006036MOJ;258;86;0.00000964
806;0MD006036MOJ;268;86;0.00002080
806;0MD006036MOJ;280;86;0.00000702
806;0MD006036MOJ;281;86;0.00003017
806;0MD006036MOJ;288;86;0.00175362
806;0MD006036MOJ;289;86;0.00488179
806;0MD006036MOJ;290;86;0.00489573
806;0MD006036MOJ;291;86;0.00493808
806;0MD006036MOJ;292;86;0.00493942
806;0MD006036MOJ;293;86;0.00320425
806;0MD006036MOJ;303;86;0.00001952
806;0MD006036MOJ;304;86;0.00541821
806;0MD006036MOJ;238;87;0.00002419
806;0MD006036MOJ;240;87;0.00004956
806;0MD006036MOJ;241;87;0.00004903
806;0MD006036MOJ;242;87;0.00002166
806;0MD006036MOJ;246;87;0.00034651
806;0MD006036MOJ;247;87;0.00018143
806;0MD006036MOJ;248;87;0.00000412
806;0MD006036MOJ;249;87;0.00002915
806;0MD006036MOJ;252;87;0.00009454
806;0MD006036MOJ;254;87;0.00641105
806;0MD006036MOJ;255;87;0.00675466
806;0MD006036MOJ;256;87;0.00723185
806;0MD006036MOJ;257;87;0.00067151
806;0MD006036MOJ;268;87;0.00002011
806;0MD006036MOJ;280;87;0.00003578
806;0MD006036MOJ;293;87;0.00176858
806;0MD006036MOJ;294;87;0.00501914
806;0MD006036MOJ;295;87;0.00523467
806;0MD006036MOJ;296;87;0.00351613
806;0MD006036MOJ;303;87;0.00101893
806;0MD006036MOJ;304;87;0.00470766
806;0MD006036MOJ;237;88;0.00000900
806;0MD006036MOJ;238;88;0.00002285
806;0MD006036MOJ;239;88;0.00005273
806;0MD006036MOJ;240;88;0.00000278
806;0MD006036MOJ;245;88;0.00005647
806;0MD006036MOJ;246;88;0.00014787
806;0MD006036MOJ;249;88;0.00001569
806;0MD006036MOJ;250;88;0.00001820
806;0MD006036MOJ;251;88;0.00005204
806;0MD006036MOJ;252;88;0.00005239
806;0MD006036MOJ;257;88;0.00690039
806;0MD006036MOJ;258;88;0.00562491
806;0MD006036MOJ;268;88;0.00002074
806;0MD006036MOJ;280;88;0.00002990
806;0MD006036MOJ;293;88;0.00001336
806;0MD006036MOJ;296;88;0.00163753
806;0MD006036MOJ;297;88;0.00494148
806;0MD006036MOJ;298;88;0.00529801
806;0MD006036MOJ;299;88;0.00522850
806;0MD006036MOJ;300;88;0.00468110
806;0MD006036MOJ;302;88;0.00215961
806;0MD006036MOJ;303;88;0.00560703
806;0MD006036MOJ;237;89;0.00099999
806;0MD006036MOJ;245;89;0.00020839
806;0MD006036MOJ;250;89;0.00001447
806;0MD006036MOJ;251;89;0.00008084
806;0MD006036MOJ;252;89;0.00010318
806;0MD006036MOJ;258;89;0.00190595
806;0MD006036MOJ;259;89;0.00753203
806;0MD006036MOJ;260;89;0.00361298
806;0MD006036MOJ;267;89;0.00000354
806;0MD006036MOJ;268;89;0.00001345
806;0MD006036MOJ;280;89;0.00003034
806;0MD006036MOJ;293;89;0.00001503
806;0MD006036MOJ;300;89;0.00032737
806;0MD006036MOJ;301;89;0.00514662
806;0MD006036MOJ;302;89;0.00336908
806;0MD006036MOJ;237;90;0.00140298
806;0MD006036MOJ;252;90;0.00014901
806;0MD006036MOJ;260;90;0.00362520
806;0MD006036MOJ;261;90;0.00725987
806;0MD006036MOJ;262;90;0.00235879
806;0MD006036MOJ;280;90;0.00003109
806;0MD006036MOJ;292;90;0.00000574
806;0MD006036MOJ;293;90;0.00000726
806;0MD006036MOJ;237;91;0.00142005
806;0MD006036MOJ;252;91;0.00001848
806;0MD006036MOJ;253;91;0.00013693
806;0MD006036MOJ;262;91;0.00627539
806;0MD006036MOJ;263;91;0.00347036
806;0MD006036MOJ;280;91;0.00002812
806;0MD006036MOJ;292;91;0.00001181
806;0MD006036MOJ;236;92;0.00030475
806;0MD006036MOJ;237;92;0.00109023
806;0MD006036MOJ;253;92;0.00004745
806;0MD006036MOJ;254;92;0.00010790
806;0MD006036MOJ;263;92;0.00425456
806;0MD006036MOJ;264;92;0.00658505
806;0MD006036MOJ;265;92;0.00701791
806;0MD006036MOJ;266;92;0.00475278
806;0MD006036MOJ;280;92;0.00000018
806;0MD006036MOJ;281;92;0.00002528
806;0MD006036MOJ;291;92;0.00001324
806;0MD006036MOJ;292;92;0.00000108
806;0MD006036MOJ;236;93;0.00139499
806;0MD006036MOJ;254;93;0.00007652
806;0MD006036MOJ;255;93;0.00007243
806;0MD006036MOJ;266;93;0.00268390
806;0MD006036MOJ;267;93;0.00691727
806;0MD006036MOJ;281;93;0.00000708
806;0MD006036MOJ;282;93;0.00001734
806;0MD006036MOJ;290;93;0.00000696
806;0MD006036MOJ;291;93;0.00000357
806;0MD006036MOJ;236;94;0.00139498
806;0MD006036MOJ;255;94;0.00012071
806;0MD006036MOJ;267;94;0.00284191
806;0MD006036MOJ;268;94;0.00495842
806;0MD006036MOJ;282;94;0.00002105
806;0MD006036MOJ;290;94;0.00001037
806;0MD006036MOJ;236;95;0.00137172
806;0MD006036MOJ;255;95;0.00010787
806;0MD006036MOJ;256;95;0.00004228
806;0MD006036MOJ;268;95;0.00529911
806;0MD006036MOJ;269;95;0.00564904
806;0MD006036MOJ;282;95;0.00000926
806;0MD006036MOJ;283;95;0.00003730
806;0MD006036MOJ;290;95;0.00001034
806;0MD006036MOJ;236;96;0.00136387
806;0MD006036MOJ;256;96;0.00016434
806;0MD006036MOJ;269;96;0.00581061
806;0MD006036MOJ;270;96;0.00118645
806;0MD006036MOJ;283;96;0.00000730
806;0MD006036MOJ;289;96;0.00000164
806;0MD006036MOJ;290;96;0.00000856
806;0MD006036MOJ;236;97;0.00148403
806;0MD006036MOJ;270;97;0.00864682
806;0MD006036MOJ;271;97;0.00045233
806;0MD006036MOJ;274;97;0.00000266
806;0MD006036MOJ;283;97;0.00000721
806;0MD006036MOJ;289;97;0.00001024
806;0MD006036MOJ;235;98;0.00039624
806;0MD006036MOJ;236;98;0.00105731
806;0MD006036MOJ;271;98;0.00850083
806;0MD006036MOJ;272;98;0.00114990
806;0MD006036MOJ;274;98;0.00000342
806;0MD006036MOJ;283;98;0.00000663
806;0MD006036MOJ;288;98;0.00000187
806;0MD006036MOJ;289;98;0.00001202
806;0MD006036MOJ;236;99;0.00037614
806;0MD006036MOJ;272;99;0.00741268
806;0MD006036MOJ;273;99;0.00248017
806;0MD006036MOJ;274;99;0.00000204
806;0MD006036MOJ;283;99;0.00000563
806;0MD006036MOJ;284;99;0.00000480
806;0MD006036MOJ;288;99;0.00000476
806;0MD006036MOJ;289;99;0.00000848
806;0MD006036MOJ;236;100;0.00033199
806;0MD006036MOJ;273;100;0.00593877
806;0MD006036MOJ;274;100;0.00676631
806;0MD006036MOJ;284;100;0.00000721
806;0MD006036MOJ;286;100;0.00000187
806;0MD006036MOJ;287;100;0.00001254
806;0MD006036MOJ;288;100;0.00001155
806;0MD006036MOJ;289;100;0.00000017
806;0MD006036MOJ;236;101;0.00033858
806;0MD006036MOJ;274;101;0.00033214
806;0MD006036MOJ;275;101;0.00702604
806;0MD006036MOJ;276;101;0.00709380
806;0MD006036MOJ;277;101;0.00185291
806;0MD006036MOJ;284;101;0.00000153
806;0MD006036MOJ;285;101;0.00000621
806;0MD006036MOJ;286;101;0.00001267
806;0MD006036MOJ;236;102;0.00032784
806;0MD006036MOJ;277;102;0.00541145
806;0MD006036MOJ;278;102;0.00726914
806;0MD006036MOJ;279;102;0.00166928
806;0MD006036MOJ;285;102;0.00001939
806;0MD006036MOJ;286;102;0.00000131
806;0MD006036MOJ;236;103;0.00035117
806;0MD006036MOJ;278;103;0.00034385
806;0MD006036MOJ;279;103;0.00537113
806;0MD006036MOJ;280;103;0.00691996
806;0MD006036MOJ;281;103;0.00632664
806;0MD006036MOJ;282;103;0.00637477
806;0MD006036MOJ;283;103;0.00720620
806;0MD006036MOJ;284;103;0.00006240
806;0MD006036MOJ;285;103;0.00002226
806;0MD006036MOJ;236;104;0.00002779
806;0MD006036MOJ;237;104;0.00037037
806;0MD006036MOJ;278;104;0.00025573
806;0MD006036MOJ;283;104;0.00000828
806;0MD006036MOJ;284;104;0.00648194
806;0MD006036MOJ;237;105;0.00027890
806;0MD006036MOJ;238;105;0.00008068
806;0MD006036MOJ;277;105;0.00011720
806;0MD006036MOJ;278;105;0.00024621
806;0MD006036MOJ;284;105;0.00646789
806;0MD006036MOJ;238;106;0.00043394
806;0MD006036MOJ;239;106;0.00035735
806;0MD006036MOJ;284;106;0.00651029
806;0MD006036MOJ;239;107;0.00003431
806;0MD006036MOJ;240;107;0.00051000
806;0MD006036MOJ;284;107;0.00351985
806;0MD006036MOJ;285;107;0.00131686
806;0MD006036MOJ;240;108;0.00035561
806;0MD006036MOJ;240;109;0.00032028
806;0MD006036MOJ;241;109;0.00013182
806;0MD006036MOJ;240;110;0.00004307
806;0MD006036MOJ;241;110;0.00002753
806;0SS0060330SC;272;47;0.00034012
806;0SS0060330SC;273;47;0.00435534
806;0SS0060330SC;278;47;0.00015445
806;0SS0060330SC;272;48;0.00544057
806;0SS0060330SC;273;48;0.00004847
806;0SS0060330SC;277;48;0.00031479
806;0SS0060330SC;278;48;0.00032505
806;0SS0060330SC;280;48;0.00000431
806;0SS0060330SC;281;48;0.00001329
806;0SS0060330SC;282;48;0.00000037
806;0SS0060330SC;271;49;0.00017917
806;0SS0060330SC;272;49;0.00553593
806;0SS0060330SC;276;49;0.00032869
806;0SS0060330SC;277;49;0.00029994
806;0SS0060330SC;278;49;0.00005663
806;0SS0060330SC;280;49;0.00000971
806;0SS0060330SC;262;50;0.00009615
806;0SS0060330SC;263;50;0.00077270
806;0SS0060330SC;270;50;0.00012409
806;0SS0060330SC;271;50;0.00060751
806;0SS0060330SC;272;50;0.00535704
806;0SS0060330SC;273;50;0.00084665
806;0SS0060330SC;274;50;0.00060748
806;0SS0060330SC;275;50;0.00051066
806;0SS0060330SC;276;50;0.00036269
806;0SS0060330SC;277;50;0.00009359
806;0SS0060330SC;278;50;0.00012547
806;0SS0060330SC;279;50;0.00002492
806;0SS0060330SC;280;50;0.00000125
806;0SS0060330SC;263;51;0.00032555
806;0SS0060330SC;264;51;0.00114955
806;0SS0060330SC;265;51;0.00073195
806;0SS0060330SC;269;51;0.00035953
806;0SS0060330SC;270;51;0.00057116
806;0SS0060330SC;271;51;0.00010969
806;0SS0060330SC;272;51;0.00734254
806;0SS0060330SC;273;51;0.00025399
806;0SS0060330SC;274;51;0.00001664
806;0SS0060330SC;275;51;0.00002639
806;0SS0060330SC;276;51;0.00000821
806;0SS0060330SC;265;52;0.00129196
806;0SS0060330SC;268;52;0.00009244
806;0SS0060330SC;269;52;0.00054905
806;0SS0060330SC;270;52;0.00032284
806;0SS0060330SC;271;52;0.00417844
806;0SS0060330SC;272;52;0.00461925
806;0SS0060330SC;275;52;0.00000283
806;0SS0060330SC;276;52;0.00002709
806;0SS0060330SC;265;53;0.00191955
806;0SS0060330SC;267;53;0.00050118
806;0SS0060330SC;268;53;0.00087110
806;0SS0060330SC;269;53;0.00152195
806;0SS0060330SC;270;53;0.00233776
806;0SS0060330SC;271;53;0.00997060
806;0SS0060330SC;272;53;0.00008601
806;0SS0060330SC;276;53;0.00000496
806;0SS0060330SC;277;53;0.00002361
806;0SS0060330SC;278;53;0.00002270
806;0SS0060330SC;279;53;0.00000349
806;0SS0060330SC;258;54;0.00000688
806;0SS0060330SC;265;54;0.00238021
806;0SS0060330SC;266;54;0.00028441
806;0SS0060330SC;267;54;0.00201874
806;0SS0060330SC;268;54;0.00407115
806;0SS0060330SC;269;54;0.00365101
806;0SS0060330SC;270;54;0.01309165
806;0SS0060330SC;271;54;0.02792478
806;0SS0060330SC;272;54;0.02170120
806;0SS0060330SC;273;54;0.02267483
806;0SS0060330SC;274;54;0.02174153
806;0SS0060330SC;275;54;0.02161976
806;0SS0060330SC;276;54;0.02164543
806;0SS0060330SC;277;54;0.02144499
806;0SS0060330SC;278;54;0.02142082
806;0SS0060330SC;279;54;0.02153326
806;0SS0060330SC;280;54;0.02152398
806;0SS0060330SC;281;54;0.02202990
806;0SS0060330SC;282;54;0.02168951
806;0SS0060330SC;283;54;0.02168986
806;0SS0060330SC;284;54;0.01240293
806;0SS0060330SC;258;55;0.00011744
806;0SS0060330SC;262;55;0.00000391
806;0SS0060330SC;264;55;0.00122172
806;0SS0060330SC;265;55;0.00555156
806;0SS0060330SC;266;55;0.00460590
806;0SS0060330SC;267;55;0.00495227
806;0SS0060330SC;268;55;0.03453776
806;0SS0060330SC;269;55;0.04110683
806;0SS0060330SC;270;55;0.02408777
806;0SS0060330SC;271;55;0.00103737
806;0SS0060330SC;272;55;0.00000813
806;0SS0060330SC;273;55;0.00000771
806;0SS0060330SC;274;55;0.00000158
806;0SS0060330SC;278;55;0.00005418
806;0SS0060330SC;279;55;0.00001582
806;0SS0060330SC;261;56;0.00016169
806;0SS0060330SC;262;56;0.00067302
806;0SS0060330SC;263;56;0.00387778
806;0SS0060330SC;264;56;0.00247773
806;0SS0060330SC;265;56;0.00410765
806;0SS0060330SC;266;56;0.03992058
806;0SS0060330SC;267;56;0.03722862
806;0SS0060330SC;268;56;0.00436836
806;0SS0060330SC;269;56;0.00054388
806;0SS0060330SC;270;56;0.00006153
806;0SS0060330SC;271;56;0.00016643
806;0SS0060330SC;272;56;0.00000080
806;0SS0060330SC;278;56;0.00003980
806;0SS0060330SC;261;57;0.00122469
806;0SS0060330SC;262;57;0.00537156
806;0SS0060330SC;263;57;0.00500038
806;0SS0060330SC;264;57;0.01910137
806;0SS0060330SC;265;57;0.04525699
806;0SS0060330SC;266;57;0.00306088
806;0SS0060330SC;267;57;0.00007302
806;0SS0060330SC;269;57;0.00003853
806;0SS0060330SC;270;57;0.00003804
806;0SS0060330SC;261;58;0.00463925
806;0SS0060330SC;262;58;0.00504558
806;0SS0060330SC;263;58;0.04222749
806;0SS0060330SC;264;58;0.02469667
806;0SS0060330SC;267;58;0.00008124
806;0SS0060330SC;268;58;0.00006328
806;0SS0060330SC;269;58;0.00003648
806;0SS0060330SC;258;59;0.00000010
806;0SS0060330SC;259;59;0.00304360
806;0SS0060330SC;260;59;0.01062708
806;0SS0060330SC;261;59;0.03770590
806;0SS0060330SC;262;59;0.04819777
806;0SS0060330SC;263;59;0.00325257
806;0SS0060330SC;266;59;0.00010688
806;0SS0060330SC;267;59;0.00011151
806;0SS0060330SC;268;59;0.00000443
806;0SS0060330SC;257;60;0.00515605
806;0SS0060330SC;258;60;0.03973791
806;0SS0060330SC;259;60;0.03964598
806;0SS0060330SC;260;60;0.03461901
806;0SS0060330SC;261;60;0.00159208
806;0SS0060330SC;262;60;0.00204598
806;0SS0060330SC;263;60;0.00083252
806;0SS0060330SC;264;60;0.00034005
806;0SS0060330SC;265;60;0.00032128
806;0SS0060330SC;266;60;0.00001529
806;0SS0060330SC;260;61;0.00311296
806;0SS0060330SC;261;61;0.00172473
806;0SS0060330SC;262;61;0.00208405
806;0SS0060330SC;263;61;0.00059288
806;0SS0060330SC;260;62;0.00260401
806;0SS0060330SC;261;62;0.00157152
806;0SS0060330SC;260;63;0.00133473
806;0MD006033MOJ;303;49;0.00027821
806;0MD006033MOJ;300;50;0.00003163
806;0MD006033MOJ;303;50;0.00047421
806;0MD006033MOJ;304;50;0.00031748
806;0MD006033MOJ;300;51;0.00018695
806;0MD006033MOJ;304;51;0.00062715
806;0MD006033MOJ;305;51;0.00043210
806;0MD006033MOJ;299;52;0.00008346
806;0MD006033MOJ;300;52;0.00012555
806;0MD006033MOJ;304;52;0.00006049
806;0MD006033MOJ;305;52;0.00081109
806;0MD006033MOJ;296;53;0.00005596
806;0MD006033MOJ;297;53;0.08016623
806;0MD006033MOJ;298;53;0.08328041
806;0MD006033MOJ;299;53;0.07510968
806;0MD006033MOJ;305;53;0.00111774
806;0MD006033MOJ;306;53;0.00010636
806;0MD006033MOJ;296;54;0.05347237
806;0MD006033MOJ;297;54;0.00462507
806;0MD006033MOJ;299;54;0.00930243
806;0MD006033MOJ;300;54;0.08377147
806;0MD006033MOJ;301;54;0.08352240
806;0MD006033MOJ;302;54;0.08359280
806;0MD006033MOJ;303;54;0.08400896
806;0MD006033MOJ;304;54;0.08365073
806;0MD006033MOJ;305;54;0.08426707
806;0MD006033MOJ;306;54;0.08654499
806;0MD006033MOJ;307;54;0.08266344
806;0MD006033MOJ;308;54;0.00870758
806;0MD006033MOJ;298;55;0.00017785
806;0MD006033MOJ;299;55;0.00001630
806;0MD006033MOJ;305;55;0.00036351
806;0MD006033MOJ;306;55;0.00004207
806;0MD006033MOJ;307;55;0.00049959
806;0MD006033MOJ;298;56;0.00023674
806;0MD006033MOJ;305;56;0.00009899
806;0MD006033MOJ;306;56;0.00003266
806;0MD006033MOJ;307;56;0.00046759
806;0MD006033MOJ;298;57;0.00018816
806;0MD006033MOJ;306;57;0.00003774
806;0MD006033MOJ;307;57;0.00058453
806;0MD006033MOJ;308;57;0.00025080
806;0MD006033MOJ;297;58;0.00014373
806;0MD006033MOJ;298;58;0.00004520
806;0MD006033MOJ;308;58;0.00050703
806;0MD006033MOJ;297;59;0.00018704
806;0MD006033MOJ;298;59;0.00003501
806;0MD006033MOJ;307;59;0.00040607
806;0MD006033MOJ;308;59;0.00011314
806;0MD006033MOJ;298;60;0.00003427
806;0MD006033MOJ;307;60;0.00051488
806;0MD006033MOJ;307;61;0.00050764
806;0MD006033MOJ;307;62;0.00052415
806;0MD006033MOJ;307;63;0.00047665
806;0MD006033MOJ;307;64;0.00043704
806;0MD006033MOJ;308;64;0.00008120
806;0MD006033MOJ;308;65;0.00043585
806;0MD006033MOJ;300;66;0.00017064
806;0MD006033MOJ;308;66;0.00049699
806;0MD006033MOJ;301;67;0.00016079
806;0MD006033MOJ;308;67;0.00033214
806;0MD0060330SC;295;52;0.00014176
806;0MD0060330SC;294;53;0.00016696
806;0MD0060330SC;295;53;0.00024669
806;0MD0060330SC;296;53;0.00003401
806;0MD0060330SC;284;54;0.02335276
806;0MD0060330SC;292;54;0.00010159
806;0MD0060330SC;293;54;0.04159763
806;0MD0060330SC;294;54;0.08246469
806;0MD0060330SC;295;54;0.08459640
806;0MD0060330SC;296;54;0.03014165
806;0MD0060330SC;284;55;0.01565437
806;0MD0060330SC;285;55;0.08551495
806;0MD0060330SC;286;55;0.08515149
806;0MD0060330SC;287;55;0.07274034
806;0MD0060330SC;289;55;0.05612330
806;0MD0060330SC;290;55;0.08211696
806;0MD0060330SC;291;55;0.08294417
806;0MD0060330SC;292;55;0.08273629
806;0MD0060330SC;293;55;0.04123694
806;0MD0060330SC;278;56;0.00006717
806;0MD0060330SC;287;56;0.01195231
806;0MD0060330SC;288;56;0.08170100
806;0MD0060330SC;289;56;0.02398946
806;0MD0060330SC;278;57;0.00009516
806;0MD0060330SC;279;57;0.00012053
806;0MD0060330SC;288;57;0.00013982
806;0MD0060330SC;289;57;0.00144605
806;0MD0060330SC;279;58;0.00022041
806;0MD0060330SC;289;58;0.00032644
806;0MD0060330SC;290;58;0.00119078
806;0MD0060330SC;278;59;0.00011882
806;0MD0060330SC;279;59;0.00013444
806;0MD0060330SC;290;59;0.00060660
806;0MD0060330SC;291;59;0.00073109
806;0MD0060330SC;276;60;0.00001893
806;0MD0060330SC;277;60;0.00013959
806;0MD0060330SC;278;60;0.00015145
806;0MD0060330SC;291;60;0.00114218
806;0MD0060330SC;274;61;0.00011571
806;0MD0060330SC;275;61;0.00014482
806;0MD0060330SC;276;61;0.00013277
806;0MD0060330SC;277;61;0.00000932
806;0MD0060330SC;291;61;0.00114204
806;0MD0060330SC;273;62;0.00010224
806;0MD0060330SC;274;62;0.00009267
806;0MD0060330SC;291;62;0.00114174
806;0MD0060330SC;273;63;0.00017356
806;0MD0060330SC;291;63;0.00114176
806;0MD0060330SC;273;64;0.00000762
806;0MD0060330SC;291;64;0.00114176
806;0MD0060330SC;291;65;0.00123292
806;0MD0060330SC;292;65;0.00045582
806;0MD0060330SC;292;66;0.00093623
806;0MD0060330SC;293;66;0.00067383
