#GRID CA_State4k -684000. -564000. 4000. 4000. 321 291 1 LAMBERT METERS 30. 60. -120.5 -120.5 37.
802;0SC0060300SC;238;44;0.00077631
802;0SC0060300SC;237;45;0.00107425
802;0SC0060300SC;238;45;0.00679554
802;0SC0060300SC;235;46;0.00050546
802;0SC0060300SC;236;46;0.00608340
802;0SC0060300SC;237;46;0.00942816
802;0SC0060300SC;238;46;0.00173253
802;0SC0060300SC;239;46;0.00032173
802;0SC0060300SC;234;47;0.00063816
802;0SC0060300SC;235;47;0.00315699
802;0SC0060300SC;236;47;0.01048994
802;0SC0060300SC;237;47;0.00117850
802;0SC0060300SC;238;47;0.00053706
802;0SC0060300SC;239;47;0.00009640
802;0SC0060300SC;233;48;0.00071074
802;0SC0060300SC;234;48;0.00228274
802;0SC0060300SC;235;48;0.00211577
802;0SC0060300SC;236;48;0.01214296
802;0SC0060300SC;237;48;0.00304981
802;0SC0060300SC;238;48;0.00162845
802;0SC0060300SC;239;48;0.00158189
802;0SC0060300SC;232;49;0.00144112
802;0SC0060300SC;233;49;0.00103417
802;0SC0060300SC;234;49;0.00140985
802;0SC0060300SC;235;49;0.00541140
802;0SC0060300SC;236;49;0.01617196
802;0SC0060300SC;237;49;0.00527939
802;0SC0060300SC;238;49;0.00055122
802;0SC0060300SC;239;49;0.00187430
802;0SC0060300SC;230;50;0.00207769
802;0SC0060300SC;231;50;0.00338263
802;0SC0060300SC;232;50;0.00222742
802;0SC0060300SC;233;50;0.00057522
802;0SC0060300SC;234;50;0.00156468
802;0SC0060300SC;235;50;0.01600868
802;0SC0060300SC;236;50;0.01663442
802;0SC0060300SC;237;50;0.00387598
802;0SC0060300SC;238;50;0.00033363
802;0SC0060300SC;239;50;0.00041654
802;0SC0060300SC;240;50;0.00155833
802;0SC0060300SC;241;50;0.00087711
802;0SC0060300SC;228;51;0.00039383
802;0SC0060300SC;229;51;0.00287126
802;0SC0060300SC;230;51;0.00538211
802;0SC0060300SC;231;51;0.00626255
802;0SC0060300SC;232;51;0.00766128
802;0SC0060300SC;233;51;0.00295942
802;0SC0060300SC;234;51;0.01938927
802;0SC0060300SC;235;51;0.02177673
802;0SC0060300SC;236;51;0.00520817
802;0SC0060300SC;237;51;0.00498153
802;0SC0060300SC;238;51;0.00246925
802;0SC0060300SC;241;51;0.00010490
802;0SC0060300SC;227;52;0.00036132
802;0SC0060300SC;228;52;0.00252102
802;0SC0060300SC;229;52;0.00519356
802;0SC0060300SC;230;52;0.01745325
802;0SC0060300SC;231;52;0.02507307
802;0SC0060300SC;232;52;0.02145787
802;0SC0060300SC;233;52;0.01577102
802;0SC0060300SC;234;52;0.02179780
802;0SC0060300SC;235;52;0.00383834
802;0SC0060300SC;236;52;0.00516751
802;0SC0060300SC;237;52;0.00229372
802;0SC0060300SC;238;52;0.00048547
802;0SC0060300SC;226;53;0.00049389
802;0SC0060300SC;227;53;0.00204166
802;0SC0060300SC;228;53;0.00500975
802;0SC0060300SC;229;53;0.02324291
802;0SC0060300SC;230;53;0.00946496
802;0SC0060300SC;231;53;0.00823854
802;0SC0060300SC;232;53;0.01815703
802;0SC0060300SC;233;53;0.02328914
802;0SC0060300SC;234;53;0.00993405
802;0SC0060300SC;235;53;0.00186931
802;0SC0060300SC;236;53;0.00020288
802;0SC0060300SC;237;53;0.00056626
802;0SC0060300SC;226;54;0.00452701
802;0SC0060300SC;227;54;0.01913414
802;0SC0060300SC;228;54;0.02451950
802;0SC0060300SC;229;54;0.01439955
802;0SC0060300SC;230;54;0.01455295
802;0SC0060300SC;231;54;0.01335575
802;0SC0060300SC;232;54;0.03515636
802;0SC0060300SC;233;54;0.00617716
802;0SC0060300SC;234;54;0.00195598
802;0SC0060300SC;235;54;0.00156270
802;0SC0060300SC;236;54;0.00084315
802;0SC0060300SC;237;54;0.00006049
802;0SC0060300SC;226;55;0.00492093
802;0SC0060300SC;227;55;0.00480987
802;0SC0060300SC;228;55;0.00674047
802;0SC0060300SC;229;55;0.00801856
802;0SC0060300SC;230;55;0.00768222
802;0SC0060300SC;231;55;0.04030584
802;0SC0060300SC;232;55;0.01737164
802;0SC0060300SC;233;55;0.00294995
802;0SC0060300SC;234;55;0.00327447
802;0SC0060300SC;235;55;0.00042138
802;0SC0060300SC;236;55;0.00000146
802;0SC0060300SC;227;56;0.00296171
802;0SC0060300SC;228;56;0.00805230
802;0SC0060300SC;229;56;0.01375911
802;0SC0060300SC;230;56;0.02439910
802;0SC0060300SC;231;56;0.01539043
802;0SC0060300SC;232;56;0.01589565
802;0SC0060300SC;233;56;0.00370209
802;0SC0060300SC;234;56;0.00094448
802;0SC0060300SC;235;56;0.00100921
802;0SC0060300SC;236;56;0.00000065
802;0SC0060300SC;227;57;0.00125658
802;0SC0060300SC;228;57;0.02289631
802;0SC0060300SC;229;57;0.02671901
802;0SC0060300SC;230;57;0.01634964
802;0SC0060300SC;231;57;0.02558839
802;0SC0060300SC;232;57;0.01505801
802;0SC0060300SC;233;57;0.02086396
802;0SC0060300SC;234;57;0.01672811
802;0SC0060300SC;235;57;0.01706321
802;0SC0060300SC;236;57;0.00385857
802;0SC0060300SC;228;58;0.00047526
802;0SC0060300SC;229;58;0.00494443
802;0SC0060300SC;230;58;0.00874573
802;0SC0060300SC;231;58;0.01767342
802;0SC0060300SC;232;58;0.00457229
802;0SC0060300SC;233;58;0.00228056
802;0SC0060300SC;234;58;0.00083868
802;0SC0060300SC;235;58;0.00009798
802;0SC0060300SC;229;59;0.00321188
802;0SC0060300SC;230;59;0.00420344
802;0SC0060300SC;231;59;0.01247388
802;0SC0060300SC;232;59;0.00186418
802;0SC0060300SC;233;59;0.00096303
802;0SV006052TEH;136;218;0.02982895
802;0SV006052TEH;136;219;0.03203187
802;0SV006052TEH;136;220;0.03203190
802;0SV006052TEH;138;220;0.00477111
802;0SV006052TEH;139;220;0.00039230
802;0SV006052TEH;140;220;0.00683061
802;0SV006052TEH;141;220;0.03368107
802;0SV006052TEH;136;221;0.03936163
802;0SV006052TEH;137;221;0.01800671
802;0SV006052TEH;138;221;0.00277253
802;0SV006052TEH;139;221;0.01079915
802;0SV006052TEH;140;221;0.02919371
802;0SV006052TEH;136;222;0.04043651
802;0SV006052TEH;137;222;0.00532735
802;0SV006052TEH;139;222;0.02164957
802;0SV006052TEH;136;223;0.03738613
802;0SV006052TEH;137;223;0.01125061
802;0SV006052TEH;138;223;0.00328125
802;0SV006052TEH;139;223;0.01790973
802;0SV006052TEH;136;224;0.02792180
802;0SV006052TEH;138;224;0.02158104
802;0SV006052TEH;149;224;0.00217218
802;0SV006052TEH;136;225;0.02792180
802;0SV006052TEH;137;225;0.00526688
802;0SV006052TEH;138;225;0.01071408
802;0SV006052TEH;149;225;0.00196620
802;0SV006052TEH;136;226;0.03234092
802;0SV006052TEH;137;226;0.01259174
802;0SV006052TEH;138;226;0.01200340
802;0SV006052TEH;149;226;0.00354740
802;0SV006052TEH;136;227;0.04459914
802;0SV006052TEH;137;227;0.00317073
802;0SV006052TEH;138;227;0.00980860
802;0SV006052TEH;149;227;0.00292399
802;0SV006052TEH;150;227;0.00137188
802;0SV006052TEH;135;228;0.00005034
802;0SV006052TEH;136;228;0.08180631
802;0SV006052TEH;137;228;0.01123012
802;0SV006052TEH;150;228;0.00330879
802;0SV006052TEH;151;228;0.00144093
802;0SV006052TEH;131;229;0.00033697
802;0SV006052TEH;132;229;0.00040878
802;0SV006052TEH;133;229;0.00040878
802;0SV006052TEH;134;229;0.00042366
802;0SV006052TEH;135;229;0.04058215
802;0SV006052TEH;136;229;0.02252135
802;0SV006052TEH;137;229;0.00050739
802;0SV006052TEH;151;229;0.00323974
802;0SV006052TEH;152;229;0.00150997
802;0SV006052TEH;129;230;0.00011340
802;0SV006052TEH;130;230;0.00050446
802;0SV006052TEH;131;230;0.00012904
802;0SV006052TEH;135;230;0.04106753
802;0SV006052TEH;136;230;0.01987686
802;0SV006052TEH;137;230;0.00004577
802;0SV006052TEH;138;230;0.00048649
802;0SV006052TEH;152;230;0.00317070
802;0SV006052TEH;153;230;0.00449968
802;0SV006052TEH;154;230;0.00188075
802;0SV006052TEH;126;231;0.00011884
802;0SV006052TEH;127;231;0.00044510
802;0SV006052TEH;128;231;0.00044510
802;0SV006052TEH;129;231;0.00033421
802;0SV006052TEH;130;231;0.00001379
802;0SV006052TEH;131;231;0.00001560
802;0SV006052TEH;132;231;0.00000358
802;0SV006052TEH;135;231;0.03734039
802;0SV006052TEH;138;231;0.00028437
802;0SV006052TEH;139;231;0.00044605
802;0SV006052TEH;140;231;0.00044391
802;0SV006052TEH;141;231;0.00044391
802;0SV006052TEH;142;231;0.00003299
802;0SV006052TEH;152;231;0.00072064
802;0SV006052TEH;153;231;0.00017147
802;0SV006052TEH;123;232;0.00012678
802;0SV006052TEH;124;232;0.00044510
802;0SV006052TEH;125;232;0.00044510
802;0SV006052TEH;126;232;0.00032627
802;0SV006052TEH;132;232;0.00001202
802;0SV006052TEH;133;232;0.00001560
802;0SV006052TEH;134;232;0.00000535
802;0SV006052TEH;135;232;0.03659094
802;0SV006052TEH;136;232;0.00190240
802;0SV006052TEH;142;232;0.00041092
802;0SV006052TEH;143;232;0.00044391
802;0SV006052TEH;144;232;0.00044391
802;0SV006052TEH;145;232;0.00044391
802;0SV006052TEH;146;232;0.00044106
802;0SV006052TEH;147;232;0.00043823
802;0SV006052TEH;148;232;0.00043823
802;0SV006052TEH;149;232;0.00045754
802;0SV006052TEH;150;232;0.00030394
802;0SV006052TEH;151;232;0.00100520
802;0SV006052TEH;152;232;0.00014502
802;0SV006052TEH;123;233;0.00148627
802;0SV006052TEH;134;233;0.00001025
802;0SV006052TEH;135;233;0.05455279
802;0SV006052TEH;136;233;0.01951037
802;0SV006052TEH;150;233;0.00062141
802;0SV006052TEH;151;233;0.00008781
802;0SV006052TEH;150;234;0.00032674
802;0SV006052TEH;150;235;0.00090857
802;0SV006006COL;133;194;0.00327793
802;0SV006006COL;140;194;0.03576596
802;0SV006006COL;133;195;0.00778093
802;0SV006006COL;139;195;0.03858465
802;0SV006006COL;140;195;0.02993712
802;0SV006006COL;131;196;0.00090029
802;0SV006006COL;132;196;0.01176166
802;0SV006006COL;133;196;0.00773956
802;0SV006006COL;139;196;0.07442831
802;0SV006006COL;140;196;0.00019838
802;0SV006006COL;133;197;0.00434054
802;0SV006006COL;138;197;0.03511984
802;0SV006006COL;139;197;0.03143536
802;0SV006006COL;140;197;0.00173416
802;0SV006006COL;141;197;0.00097221
802;0SV006006COL;142;197;0.00028676
802;0SV006006COL;133;198;0.00434054
802;0SV006006COL;138;198;0.06507377
802;0SV006006COL;142;198;0.00129751
802;0SV006006COL;133;199;0.00415366
802;0SV006006COL;134;199;0.00228685
802;0SV006006COL;137;199;0.02682582
802;0SV006006COL;138;199;0.03774290
802;0SV006006COL;141;199;0.00078964
802;0SV006006COL;142;199;0.00035005
802;0SV006006COL;134;200;0.00311501
802;0SV006006COL;135;200;0.00448949
802;0SV006006COL;136;200;0.00432313
802;0SV006006COL;137;200;0.07119486
802;0SV006006COL;140;200;0.00027058
802;0SV006006COL;141;200;0.02250693
802;0SV006006COL;142;200;0.01773563
802;0SV006006COL;136;201;0.00995372
802;0SV006006COL;137;201;0.06346600
802;0SV006006COL;138;201;0.02010847
802;0SV006006COL;139;201;0.01788664
802;0SV006006COL;140;201;0.01655115
802;0SV006006COL;136;202;0.05551769
802;0SV006006COL;140;202;0.01166418
802;0SV006006COL;136;203;0.05959402
802;0SV006006COL;137;203;0.00808396
802;0SV006006COL;138;203;0.00808396
802;0SV006006COL;139;203;0.01215168
802;0SV006006COL;140;203;0.00589549
802;0SV006006COL;136;204;0.05094492
802;0SV006006COL;139;204;0.00229342
802;0SV006006COL;140;204;0.00121390
802;0SV006006COL;136;205;0.04999955
802;0SV006006COL;140;205;0.00366486
802;0SV006006COL;141;205;0.00040764
802;0SV006006COL;136;206;0.04619281
802;0SV006006COL;140;206;0.00309509
802;0SV006006COL;141;206;0.00019106
802;0SV006006COL;142;206;0.00036990
802;0SV006006COL;140;207;0.00190991
802;SCC0060420SB;194;70;0.01249069
802;SCC0060420SB;195;70;0.00383704
802;SCC0060420SB;185;71;0.00000425
802;SCC0060420SB;186;71;0.00906298
802;SCC0060420SB;187;71;0.00305521
802;SCC0060420SB;188;71;0.00101301
802;SCC0060420SB;189;71;0.03940163
802;SCC0060420SB;190;71;0.05243744
802;SCC0060420SB;191;71;0.03865278
802;SCC0060420SB;192;71;0.03176279
802;SCC0060420SB;193;71;0.03404515
802;SCC0060420SB;194;71;0.02365760
802;SCC0060420SB;195;71;0.00110170
802;SCC0060420SB;175;72;0.00002070
802;SCC0060420SB;180;72;0.00024753
802;SCC0060420SB;181;72;0.00711152
802;SCC0060420SB;182;72;0.00800945
802;SCC0060420SB;183;72;0.00849318
802;SCC0060420SB;184;72;0.00948042
802;SCC0060420SB;185;72;0.01152155
802;SCC0060420SB;186;72;0.02942115
802;SCC0060420SB;187;72;0.05171716
802;SCC0060420SB;188;72;0.06310789
802;SCC0060420SB;189;72;0.04244762
802;SCC0060420SB;190;72;0.00802304
802;SCC0060420SB;191;72;0.00346298
802;SCC0060420SB;192;72;0.00089873
802;SCC0060420SB;193;72;0.00006457
802;SCC0060420SB;175;73;0.00003894
802;SCC0060420SB;176;73;0.00014091
802;SCC0060420SB;177;73;0.00011564
802;SCC0060420SB;178;73;0.01314676
802;SCC0060420SB;179;73;0.00765128
802;SCC0060420SB;180;73;0.00783677
802;SCC0060420SB;181;73;0.00152948
802;SCC0060420SB;183;73;0.00000559
802;SCC0060420SB;184;73;0.00000535
802;SCC0060420SB;186;73;0.00000097
802;SCC0060420SB;187;73;0.00306421
802;SCC0060420SB;188;73;0.00520750
802;SCC0060420SB;189;73;0.00000002
802;SCC0060420SB;190;73;0.00000421
802;SCC0060420SB;191;73;0.00000001
802;SCC0060420SB;173;74;0.00024606
802;SCC0060420SB;174;74;0.00021437
802;SCC0060420SB;175;74;0.00322895
802;SCC0060420SB;176;74;0.00364975
802;SCC0060420SB;177;74;0.00361356
802;SCC0060420SB;178;74;0.00712003
802;SCC0060420SB;179;74;0.00011910
802;SCC0060420SB;181;74;0.00020984
802;SCC0060420SB;182;74;0.00013513
802;SCC0060420SB;183;74;0.00000448
802;SCC0060420SB;184;74;0.00000294
802;SCC0060420SB;185;74;0.00000124
802;SCC0060420SB;186;74;0.00307956
802;SCC0060420SB;187;74;0.00475833
802;SCC0060420SB;188;74;0.00006816
802;SCC0060420SB;189;74;0.00000009
802;SCC0060420SB;171;75;0.00000008
802;SCC0060420SB;172;75;0.00000004
802;SCC0060420SB;173;75;0.00003625
802;SCC0060420SB;174;75;0.00128089
802;SCC0060420SB;175;75;0.00274191
802;SCC0060420SB;178;75;0.00463637
802;SCC0060420SB;179;75;0.00013150
802;SCC0060420SB;180;75;0.00016489
802;SCC0060420SB;181;75;0.00044343
802;SCC0060420SB;183;75;0.00020596
802;SCC0060420SB;184;75;0.00461217
802;SCC0060420SB;185;75;0.00478526
802;SCC0060420SB;186;75;0.00173711
802;SCC0060420SB;187;75;0.00001465
802;SCC0060420SB;188;75;0.00000013
802;SCC0060420SB;189;75;0.00000006
802;SCC0060420SB;171;76;0.00000044
802;SCC0060420SB;172;76;0.00035337
802;SCC0060420SB;173;76;0.00232605
802;SCC0060420SB;174;76;0.00399719
802;SCC0060420SB;175;76;0.00004798
802;SCC0060420SB;176;76;0.00005468
802;SCC0060420SB;177;76;0.00006289
802;SCC0060420SB;178;76;0.00483088
802;SCC0060420SB;179;76;0.00569387
802;SCC0060420SB;180;76;0.00586313
802;SCC0060420SB;181;76;0.00321320
802;SCC0060420SB;182;76;0.00550482
802;SCC0060420SB;183;76;0.00435142
802;SCC0060420SB;171;77;0.00008937
802;SCC0060420SB;172;77;0.00584037
802;SCC0060420SB;173;77;0.00913416
802;SCC0060420SB;174;77;0.00005442
802;SCC0060420SB;175;77;0.00000716
802;SCC0060420SB;176;77;0.00321782
802;SCC0060420SB;177;77;0.00338988
802;SCC0060420SB;178;77;0.00639113
802;SCC0060420SB;179;77;0.00312804
802;SCC0060420SB;180;77;0.00084995
802;SCC0060420SB;181;77;0.00594166
802;SCC0060420SB;182;77;0.00022876
802;SCC0060420SB;183;77;0.00016289
802;SCC0060420SB;184;77;0.00002724
802;SCC0060420SB;170;78;0.00000002
802;SCC0060420SB;171;78;0.00008734
802;SCC0060420SB;172;78;0.01317156
802;SCC0060420SB;173;78;0.00553378
802;SCC0060420SB;174;78;0.00324361
802;SCC0060420SB;175;78;0.00336600
802;SCC0060420SB;176;78;0.00128404
802;SCC0060420SB;178;78;0.00000363
802;SCC0060420SB;179;78;0.00732986
802;SCC0060420SB;180;78;0.00613149
802;SCC0060420SB;181;78;0.00122673
802;SCC0060420SB;182;78;0.00006289
802;SCC0060420SB;184;78;0.00000227
802;SCC0060420SB;185;78;0.00000072
802;SCC0060420SB;170;79;0.00000049
802;SCC0060420SB;171;79;0.00042089
802;SCC0060420SB;172;79;0.00929185
802;SCC0060420SB;173;79;0.00267725
802;SCC0060420SB;176;79;0.00008095
802;SCC0060420SB;177;79;0.00003536
802;SCC0060420SB;178;79;0.00447821
802;SCC0060420SB;179;79;0.00980003
802;SCC0060420SB;180;79;0.00017475
802;SCC0060420SB;184;79;0.00000021
802;SCC0060420SB;185;79;0.00000165
802;SCC0060420SB;170;80;0.00000055
802;SCC0060420SB;171;80;0.00684353
802;SCC0060420SB;172;80;0.00147695
802;SCC0060420SB;173;80;0.00264608
802;SCC0060420SB;174;80;0.00007616
802;SCC0060420SB;175;80;0.00009057
802;SCC0060420SB;176;80;0.00526904
802;SCC0060420SB;177;80;0.00996519
802;SCC0060420SB;178;80;0.00501827
802;SCC0060420SB;179;80;0.00004116
802;SCC0060420SB;180;80;0.00010144
802;SCC0060420SB;181;80;0.00002455
802;SCC0060420SB;182;80;0.00000804
802;SCC0060420SB;183;80;0.00000036
802;SCC0060420SB;184;80;0.00000125
802;SCC0060420SB;185;80;0.00000042
802;SCC0060420SB;170;81;0.00003936
802;SCC0060420SB;171;81;0.00366076
802;SCC0060420SB;172;81;0.00661739
802;SCC0060420SB;173;81;0.00282554
802;SCC0060420SB;174;81;0.00003423
802;SCC0060420SB;175;81;0.00413674
802;SCC0060420SB;176;81;0.00846320
802;SCC0060420SB;177;81;0.00002446
802;SCC0060420SB;179;81;0.00010178
802;SCC0060420SB;180;81;0.00003798
802;SCC0060420SB;195;81;0.00007427
802;SCC0060420SB;171;82;0.00008341
802;SCC0060420SB;173;82;0.00760956
802;SCC0060420SB;174;82;0.00017627
802;SCC0060420SB;175;82;0.01101831
802;SCC0060420SB;176;82;0.00000185
802;SCC0060420SB;177;82;0.00003529
802;SCC0060420SB;178;82;0.00001970
802;SCC0060420SB;179;82;0.00000228
802;SCC0060420SB;193;82;0.00000001
802;SCC0060420SB;195;82;0.00004634
802;SCC0060420SB;171;83;0.00013405
802;SCC0060420SB;172;83;0.00038443
802;SCC0060420SB;173;83;0.01133993
802;SCC0060420SB;174;83;0.01289512
802;SCC0060420SB;175;83;0.00018818
802;SCC0060420SB;176;83;0.00017937
802;SCC0060420SB;177;83;0.00022064
802;SCC0060420SB;193;83;0.00000003
802;SCC0060420SB;194;83;0.00005913
802;SCC0060420SB;195;83;0.00001419
802;SCC0060420SB;171;84;0.00115548
802;SCC0060420SB;172;84;0.00229549
802;SCC0060420SB;173;84;0.03062716
802;SCC0060420SB;174;84;0.00520650
802;SCC0060420SB;175;84;0.00020316
802;SCC0060420SB;176;84;0.00058584
802;SCC0060420SB;177;84;0.00037323
802;SCC0060420SB;178;84;0.00001482
802;SCC0060420SB;190;84;0.00000029
802;SCC0060420SB;191;84;0.00000163
802;SCC0060420SB;192;84;0.00004360
802;SCC0060420SB;193;84;0.00000002
802;SCC0060420SB;194;84;0.00008106
802;SCC0060420SB;170;85;0.00115850
802;SCC0060420SB;171;85;0.00041180
802;SCC0060420SB;172;85;0.00400903
802;SCC0060420SB;173;85;0.05107744
802;SCC0060420SB;174;85;0.00083537
802;SCC0060420SB;175;85;0.00045820
802;SCC0060420SB;176;85;0.00002491
802;SCC0060420SB;178;85;0.00000425
802;SCC0060420SB;190;85;0.00004691
802;SCC0060420SB;191;85;0.00015900
802;SCC0060420SB;192;85;0.00017934
802;SCC0060420SB;170;86;0.00451473
802;SCC0060420SB;171;86;0.00373031
802;SCC0060420SB;172;86;0.00374774
802;SCC0060420SB;173;86;0.05114729
802;SCC0060420SB;174;86;0.00114895
802;SCC0060420SB;178;86;0.00001987
802;SCC0060420SB;186;86;0.00000118
802;SCC0060420SB;188;86;0.00009178
802;SCC0060420SB;189;86;0.00039447
802;SCC0060420SB;190;86;0.00031638
802;SCC0060420SB;191;86;0.00011083
802;SCC0060420SB;171;87;0.00000061
802;SCC0060420SB;173;87;0.00822976
802;SCC0060420SB;178;87;0.00001456
802;SCC0060420SB;186;87;0.00012781
802;SCC0060420SB;187;87;0.00025400
802;SCC0060420SB;188;87;0.00015955
802;SCC0060420SB;177;88;0.00002170
802;SCC0060420SB;178;88;0.00036951
802;SCC0060420SB;179;88;0.00009714
802;SCC0060420SB;185;88;0.00007721
802;SCC0060420SB;186;88;0.00016287
802;SCC0060420SB;179;89;0.00029678
802;SCC0060420SB;179;90;0.00000931
802;SCC0060420SB;180;90;0.00023642
802;SCC0060420SB;181;90;0.00007080
802;GBV006026GBU;212;155;0.02615369
802;GBV006026GBU;213;155;0.00365110
802;GBV006026GBU;218;155;0.00178910
802;GBV006026GBU;227;155;0.00051697
802;GBV006026GBU;228;155;0.00072319
802;GBV006026GBU;229;155;0.00016688
802;GBV006026GBU;212;156;0.03145987
802;GBV006026GBU;217;156;0.00198022
802;GBV006026GBU;218;156;0.00019585
802;GBV006026GBU;227;156;0.00072373
802;GBV006026GBU;228;156;0.00004798
802;GBV006026GBU;210;157;0.01565089
802;GBV006026GBU;211;157;0.03223903
802;GBV006026GBU;212;157;0.00424671
802;GBV006026GBU;217;157;0.00217607
802;GBV006026GBU;226;157;0.00035072
802;GBV006026GBU;227;157;0.00001408
802;GBV006026GBU;207;158;0.00499920
802;GBV006026GBU;208;158;0.02657877
802;GBV006026GBU;209;158;0.02657877
802;GBV006026GBU;210;158;0.01092788
802;GBV006026GBU;217;158;0.00217607
802;GBV006026GBU;226;158;0.00014853
802;GBV006026GBU;204;159;0.00007783
802;GBV006026GBU;205;159;0.02176266
802;GBV006026GBU;206;159;0.02657877
802;GBV006026GBU;207;159;0.02157957
802;GBV006026GBU;216;159;0.00159629
802;GBV006026GBU;217;159;0.00057978
802;GBV006026GBU;205;160;0.00637483
802;GBV006026GBU;216;160;0.00217607
802;GBV006026GBU;204;161;0.01961458
802;GBV006026GBU;205;161;0.00571473
802;GBV006026GBU;216;161;0.00217607
802;GBV006026GBU;203;162;0.00697471
802;GBV006026GBU;204;162;0.02214917
802;GBV006026GBU;215;162;0.00121236
802;GBV006026GBU;216;162;0.00096371
802;GBV006026GBU;203;163;0.02912388
802;GBV006026GBU;213;163;0.00216019
802;GBV006026GBU;214;163;0.00008599
802;GBV006026GBU;215;163;0.00217607
802;GBV006026GBU;202;164;0.02091332
802;GBV006026GBU;203;164;0.00566516
802;GBV006026GBU;212;164;0.00153632
802;GBV006026GBU;213;164;0.00153590
802;GBV006026GBU;214;164;0.00423602
802;GBV006026GBU;215;164;0.00434690
802;GBV006026GBU;202;165;0.02568892
802;GBV006026GBU;211;165;0.00124536
802;GBV006026GBU;212;165;0.00182686
802;GBV006026GBU;215;165;0.00584318
802;GBV006026GBU;198;166;0.00097142
802;GBV006026GBU;201;166;0.00649738
802;GBV006026GBU;202;166;0.02178629
802;GBV006026GBU;203;166;0.00228690
802;GBV006026GBU;204;166;0.00228690
802;GBV006026GBU;205;166;0.00228690
802;GBV006026GBU;206;166;0.00228690
802;GBV006026GBU;207;166;0.00007863
802;GBV006026GBU;210;166;0.00095440
802;GBV006026GBU;211;166;0.00211782
802;GBV006026GBU;215;166;0.00653573
802;GBV006026GBU;216;166;0.00058074
802;GBV006026GBU;198;167;0.00127839
802;GBV006026GBU;199;167;0.00451817
802;GBV006026GBU;200;167;0.00451817
802;GBV006026GBU;201;167;0.02936584
802;GBV006026GBU;207;167;0.00220827
802;GBV006026GBU;208;167;0.00228690
802;GBV006026GBU;209;167;0.00228690
802;GBV006026GBU;210;167;0.00203662
802;GBV006026GBU;216;167;0.00008273
802;GBV006026GBU;201;168;0.01782173
802;GBV006026GBU;200;169;0.00995346
802;GBV006026GBU;201;169;0.00777051
802;GBV006026GBU;200;170;0.01730183
802;GBV006026GBU;201;170;0.00040072
802;GBV006026GBU;200;171;0.01640086
802;GBV006026GBU;201;171;0.00018221
802;GBV006026GBU;202;171;0.00058293
802;GBV006026GBU;203;171;0.00057600
802;GBV006026GBU;199;172;0.00495341
802;GBV006026GBU;200;172;0.01144341
802;GBV006026GBU;203;172;0.00000694
802;GBV006026GBU;204;172;0.00058293
802;GBV006026GBU;205;172;0.00058293
802;GBV006026GBU;206;172;0.00016833
802;GBV006026GBU;199;173;0.01639681
802;GBV006026GBU;206;173;0.00041460
802;GBV006026GBU;207;173;0.00058293
802;GBV006026GBU;208;173;0.00012742
802;GBV006026GBU;199;174;0.01637278
802;GBV006026GBU;199;175;0.01646618
802;GBV006026GBU;197;176;0.00917373
802;GBV006026GBU;198;176;0.01964807
802;GBV006026GBU;199;176;0.00759479
802;GBV006026GBU;197;177;0.01901586
802;GBV006026GBU;199;177;0.00112939
802;GBV006026GBU;190;178;0.00843490
802;GBV006026GBU;191;178;0.01254852
802;GBV006026GBU;192;178;0.01255866
802;GBV006026GBU;193;178;0.01257166
802;GBV006026GBU;194;178;0.01906644
802;GBV006026GBU;195;178;0.01707027
802;GBV006026GBU;196;178;0.01817183
802;GBV006026GBU;197;178;0.01029233
802;GBV006026GBU;199;178;0.00112939
802;GBV006026GBU;193;179;0.00044111
802;GBV006026GBU;194;179;0.01041879
802;GBV006026GBU;199;179;0.00038054
802;GBV006026GBU;200;179;0.00074885
802;GBV006026GBU;193;180;0.01085990
802;GBV006026GBU;200;180;0.00072220
802;GBV006026GBU;193;181;0.01169029
802;GBV006026GBU;193;182;0.01261496
802;GBV006026GBU;193;183;0.01261496
802;GBV006026GBU;192;184;0.00697025
802;GBV006026GBU;193;184;0.00564471
802;GBV006026GBU;192;185;0.01261496
802;GBV006026GBU;191;186;0.00091005
802;GBV006026GBU;192;186;0.02927156
802;GBV006026GBU;191;187;0.02386740
802;GBV006026GBU;192;187;0.01607222
802;NCC006027MBU;162;109;0.00000709
802;NCC006027MBU;166;109;0.00226907
802;NCC006027MBU;151;110;0.00015266
802;NCC006027MBU;152;110;0.00030898
802;NCC006027MBU;165;110;0.00569435
802;NCC006027MBU;166;110;0.00660875
802;NCC006027MBU;169;110;0.00000017
802;NCC006027MBU;170;110;0.00000011
802;NCC006027MBU;150;111;0.00021552
802;NCC006027MBU;151;111;0.00041005
802;NCC006027MBU;162;111;0.00015034
802;NCC006027MBU;163;111;0.00027120
802;NCC006027MBU;164;111;0.00794432
802;NCC006027MBU;165;111;0.00211963
802;NCC006027MBU;166;111;0.00011212
802;NCC006027MBU;170;111;0.00000108
802;NCC006027MBU;173;111;0.00003401
802;NCC006027MBU;150;112;0.00051572
802;NCC006027MBU;159;112;0.00001436
802;NCC006027MBU;160;112;0.00006725
802;NCC006027MBU;161;112;0.00006126
802;NCC006027MBU;162;112;0.00002635
802;NCC006027MBU;163;112;0.00260855
802;NCC006027MBU;164;112;0.00614924
802;NCC006027MBU;166;112;0.00003020
802;NCC006027MBU;167;112;0.00011776
802;NCC006027MBU;168;112;0.00000626
802;NCC006027MBU;170;112;0.00000038
802;NCC006027MBU;171;112;0.00003897
802;NCC006027MBU;172;112;0.00014114
802;NCC006027MBU;173;112;0.00005936
802;NCC006027MBU;150;113;0.00050485
802;NCC006027MBU;154;113;0.00002586
802;NCC006027MBU;157;113;0.00005001
802;NCC006027MBU;158;113;0.00010797
802;NCC006027MBU;159;113;0.00006816
802;NCC006027MBU;163;113;0.00810461
802;NCC006027MBU;168;113;0.00003503
802;NCC006027MBU;169;113;0.00000401
802;NCC006027MBU;170;113;0.00003832
802;NCC006027MBU;171;113;0.00013158
802;NCC006027MBU;149;114;0.00008368
802;NCC006027MBU;150;114;0.00065467
802;NCC006027MBU;152;114;0.00002821
802;NCC006027MBU;153;114;0.00004895
802;NCC006027MBU;154;114;0.00001561
802;NCC006027MBU;155;114;0.00006843
802;NCC006027MBU;156;114;0.00001909
802;NCC006027MBU;157;114;0.00003627
802;NCC006027MBU;159;114;0.00002749
802;NCC006027MBU;160;114;0.00001898
802;NCC006027MBU;161;114;0.00001601
802;NCC006027MBU;162;114;0.00246274
802;NCC006027MBU;163;114;0.00545806
802;NCC006027MBU;168;114;0.00000017
802;NCC006027MBU;169;114;0.00003206
802;NCC006027MBU;170;114;0.00016474
802;NCC006027MBU;148;115;0.00055437
802;NCC006027MBU;149;115;0.00024289
802;NCC006027MBU;150;115;0.00001937
802;NCC006027MBU;151;115;0.00006833
802;NCC006027MBU;152;115;0.00002868
802;NCC006027MBU;154;115;0.00000011
802;NCC006027MBU;155;115;0.00002369
802;NCC006027MBU;156;115;0.00000240
802;NCC006027MBU;157;115;0.00003384
802;NCC006027MBU;159;115;0.00002429
802;NCC006027MBU;161;115;0.00029300
802;NCC006027MBU;162;115;0.00954571
802;NCC006027MBU;163;115;0.00028608
802;NCC006027MBU;168;115;0.00000018
802;NCC006027MBU;169;115;0.00014064
802;NCC006027MBU;170;115;0.00005760
802;NCC006027MBU;147;116;0.00005071
802;NCC006027MBU;148;116;0.00041120
802;NCC006027MBU;152;116;0.00000017
802;NCC006027MBU;153;116;0.00001457
802;NCC006027MBU;154;116;0.00007441
802;NCC006027MBU;155;116;0.00000263
802;NCC006027MBU;156;116;0.00020376
802;NCC006027MBU;157;116;0.00008942
802;NCC006027MBU;159;116;0.00002182
802;NCC006027MBU;160;116;0.00011727
802;NCC006027MBU;161;116;0.01018473
802;NCC006027MBU;162;116;0.00001067
802;NCC006027MBU;168;116;0.00009488
802;NCC006027MBU;169;116;0.00005952
802;NCC006027MBU;147;117;0.00067255
802;NCC006027MBU;150;117;0.00000012
802;NCC006027MBU;151;117;0.00000073
802;NCC006027MBU;152;117;0.00000049
802;NCC006027MBU;154;117;0.00001611
802;NCC006027MBU;155;117;0.00013905
802;NCC006027MBU;157;117;0.00033166
802;NCC006027MBU;158;117;0.00010793
802;NCC006027MBU;159;117;0.00005703
802;NCC006027MBU;160;117;0.00938842
802;NCC006027MBU;161;117;0.00009092
802;NCC006027MBU;162;117;0.00001878
802;NCC006027MBU;163;117;0.00000730
802;NCC006027MBU;167;117;0.00012121
802;NCC006027MBU;168;117;0.00006594
802;NCC006027MBU;146;118;0.00048191
802;NCC006027MBU;147;118;0.00032977
802;NCC006027MBU;150;118;0.00000128
802;NCC006027MBU;154;118;0.00000008
802;NCC006027MBU;155;118;0.00005561
802;NCC006027MBU;156;118;0.00007159
802;NCC006027MBU;158;118;0.00025067
802;NCC006027MBU;160;118;0.00981116
802;NCC006027MBU;161;118;0.00025077
802;NCC006027MBU;162;118;0.00040101
802;NCC006027MBU;163;118;0.00000603
802;NCC006027MBU;166;118;0.00015992
802;NCC006027MBU;167;118;0.00000016
802;NCC006027MBU;145;119;0.00030766
802;NCC006027MBU;146;119;0.00054791
802;NCC006027MBU;147;119;0.00052752
802;NCC006027MBU;150;119;0.00000087
802;NCC006027MBU;154;119;0.00000023
802;NCC006027MBU;156;119;0.00000942
802;NCC006027MBU;157;119;0.00037689
802;NCC006027MBU;158;119;0.00037338
802;NCC006027MBU;159;119;0.00864768
802;NCC006027MBU;160;119;0.00091860
802;NCC006027MBU;161;119;0.00039651
802;NCC006027MBU;162;119;0.00018058
802;NCC006027MBU;163;119;0.00059734
802;NCC006027MBU;164;119;0.00077851
802;NCC006027MBU;165;119;0.00024872
802;NCC006027MBU;166;119;0.00010811
802;NCC006027MBU;167;119;0.00009245
802;NCC006027MBU;144;120;0.00043037
802;NCC006027MBU;145;120;0.00130712
802;NCC006027MBU;146;120;0.00083642
802;NCC006027MBU;150;120;0.00000135
802;NCC006027MBU;154;120;0.00000023
802;NCC006027MBU;157;120;0.01240849
802;NCC006027MBU;158;120;0.01024204
802;NCC006027MBU;159;120;0.00366076
802;NCC006027MBU;163;120;0.00008088
802;NCC006027MBU;164;120;0.00019763
802;NCC006027MBU;165;120;0.00046770
802;NCC006027MBU;166;120;0.00047494
802;NCC006027MBU;167;120;0.00024117
802;NCC006027MBU;143;121;0.00052997
802;NCC006027MBU;144;121;0.00190695
802;NCC006027MBU;145;121;0.00025435
802;NCC006027MBU;150;121;0.00000094
802;NCC006027MBU;151;121;0.00015934
802;NCC006027MBU;154;121;0.00000021
802;NCC006027MBU;157;121;0.00973798
802;NCC006027MBU;158;121;0.00043731
802;NCC006027MBU;159;121;0.00007524
802;NCC006027MBU;160;121;0.00003491
802;NCC006027MBU;161;121;0.00000467
802;NCC006027MBU;162;121;0.00007287
802;NCC006027MBU;163;121;0.00011405
802;NCC006027MBU;142;122;0.00165296
802;NCC006027MBU;143;122;0.00184314
802;NCC006027MBU;150;122;0.00001039
802;NCC006027MBU;151;122;0.00007535
802;NCC006027MBU;152;122;0.00024066
802;NCC006027MBU;153;122;0.00027307
802;NCC006027MBU;154;122;0.00020868
802;NCC006027MBU;155;122;0.00019483
802;NCC006027MBU;156;122;0.00884480
802;NCC006027MBU;157;122;0.00382760
802;NCC006027MBU;159;122;0.00011151
802;NCC006027MBU;161;122;0.00000286
802;NCC006027MBU;162;122;0.00016001
802;NCC006027MBU;163;122;0.00001437
802;NCC006027MBU;164;122;0.00000617
802;NCC006027MBU;141;123;0.00191230
802;NCC006027MBU;142;123;0.00052645
802;NCC006027MBU;150;123;0.00003028
802;NCC006027MBU;154;123;0.00015650
802;NCC006027MBU;155;123;0.01044223
802;NCC006027MBU;156;123;0.00485713
802;NCC006027MBU;157;123;0.00023494
802;NCC006027MBU;159;123;0.00000694
802;NCC006027MBU;160;123;0.00002269
802;NCC006027MBU;162;123;0.00001227
802;NCC006027MBU;163;123;0.00000338
802;NCC006027MBU;141;124;0.00245796
802;NCC006027MBU;148;124;0.00000533
802;NCC006027MBU;149;124;0.00002873
802;NCC006027MBU;150;124;0.00000693
802;NCC006027MBU;153;124;0.00002916
802;NCC006027MBU;154;124;0.00361484
802;NCC006027MBU;155;124;0.01081495
802;NCC006027MBU;156;124;0.00040619
802;NCC006027MBU;141;125;0.00204216
802;NCC006027MBU;148;125;0.00005444
802;NCC006027MBU;152;125;0.00000433
802;NCC006027MBU;153;125;0.00062125
802;NCC006027MBU;154;125;0.01391072
802;NCC006027MBU;155;125;0.00002363
802;NCC006027MBU;140;126;0.00033707
802;NCC006027MBU;141;126;0.00245202
802;NCC006027MBU;143;126;0.00004044
802;NCC006027MBU;144;126;0.00000443
802;NCC006027MBU;147;126;0.00030154
802;NCC006027MBU;148;126;0.00006272
802;NCC006027MBU;151;126;0.00002074
802;NCC006027MBU;152;126;0.00004747
802;NCC006027MBU;153;126;0.01333236
802;NCC006027MBU;154;126;0.00446769
802;NCC006027MBU;155;126;0.00019695
802;NCC006027MBU;156;126;0.00005509
802;NCC006027MBU;140;127;0.00260372
802;NCC006027MBU;143;127;0.00006061
802;NCC006027MBU;145;127;0.00084092
802;NCC006027MBU;146;127;0.00055454
802;NCC006027MBU;147;127;0.00002495
802;NCC006027MBU;150;127;0.00007496
802;NCC006027MBU;151;127;0.00008701
802;NCC006027MBU;152;127;0.01464919
802;NCC006027MBU;153;127;0.00482185
802;NCC006027MBU;156;127;0.00007044
802;NCC006027MBU;140;128;0.00269126
802;NCC006027MBU;143;128;0.00007737
802;NCC006027MBU;144;128;0.00400439
802;NCC006027MBU;145;128;0.00044674
802;NCC006027MBU;149;128;0.00000069
802;NCC006027MBU;150;128;0.00012697
802;NCC006027MBU;151;128;0.01472369
802;NCC006027MBU;152;128;0.00120836
802;NCC006027MBU;156;128;0.00001299
802;NCC006027MBU;140;129;0.00218811
802;NCC006027MBU;141;129;0.00781272
802;NCC006027MBU;142;129;0.00384969
802;NCC006027MBU;143;129;0.00257029
802;NCC006027MBU;144;129;0.00334120
802;NCC006027MBU;146;129;0.00019550
802;NCC006027MBU;149;129;0.00000207
802;NCC006027MBU;150;129;0.01649125
802;NCC006027MBU;151;129;0.00788230
802;NCC006027MBU;152;129;0.00011409
802;NCC006027MBU;140;130;0.00293301
802;NCC006027MBU;141;130;0.02456613
802;NCC006027MBU;142;130;0.00746173
802;NCC006027MBU;143;130;0.01014209
802;NCC006027MBU;144;130;0.01052923
802;NCC006027MBU;145;130;0.00699235
802;NCC006027MBU;146;130;0.00003656
802;NCC006027MBU;147;130;0.00014149
802;NCC006027MBU;148;130;0.00008857
802;NCC006027MBU;149;130;0.01525123
802;NCC006027MBU;150;130;0.00342271
802;NCC006027MBU;151;130;0.00000660
802;NCC006027MBU;152;130;0.00004024
802;NCC006027MBU;140;131;0.00572437
802;NCC006027MBU;141;131;0.02543459
802;NCC006027MBU;142;131;0.03625923
802;NCC006027MBU;143;131;0.00138821
802;NCC006027MBU;145;131;0.00647632
802;NCC006027MBU;146;131;0.00630455
802;NCC006027MBU;147;131;0.00173183
802;NCC006027MBU;148;131;0.01349021
802;NCC006027MBU;149;131;0.00774480
802;NCC006027MBU;150;131;0.00002765
802;NCC006027MBU;140;132;0.00033500
802;NCC006027MBU;141;132;0.00030630
802;NCC006027MBU;142;132;0.01198068
802;NCC006027MBU;143;132;0.02029273
802;NCC006027MBU;144;132;0.00058100
802;NCC006027MBU;145;132;0.00202185
802;NCC006027MBU;146;132;0.01397052
802;NCC006027MBU;147;132;0.01856850
802;NCC006027MBU;148;132;0.00782737
802;NCC006027MBU;149;132;0.00021127
802;NCC006027MBU;143;133;0.02653270
802;NCC006027MBU;144;133;0.00979358
802;NCC006027MBU;145;133;0.00912208
802;NCC006027MBU;146;133;0.04053938
802;NCC006027MBU;147;133;0.03577430
802;NCC006027MBU;148;133;0.00172067
802;NCC006027MBU;149;133;0.00010265
802;NCC006027MBU;143;134;0.01669341
802;NCC006027MBU;144;134;0.00340140
802;NCC006027MBU;145;134;0.00907521
802;NCC006027MBU;146;134;0.02768967
802;NCC006027MBU;147;134;0.00532079
802;NCC006027MBU;148;134;0.00043332
802;NCC006027MBU;144;135;0.02818322
802;NCC006027MBU;145;135;0.00699982
802;NCC006027MBU;146;135;0.02032651
802;NCC006027MBU;147;135;0.00091874
802;NCC006027MBU;148;135;0.00008405
802;NCC006027MBU;143;136;0.00001679
802;NCC006027MBU;144;136;0.01822792
802;NCC006027MBU;145;136;0.00882567
802;NCC006027MBU;146;136;0.03112834
802;NCC006027MBU;147;136;0.00394808
802;NCC006027MBU;148;136;0.00024554
802;NCC006027MBU;144;137;0.01699067
802;NCC006027MBU;145;137;0.00036779
802;NCC006027MBU;146;137;0.00403391
802;NCC006027MBU;147;137;0.02384616
802;NCC006027MBU;148;137;0.00005990
802;NCC006027MBU;144;138;0.01984586
802;NCC006027MBU;145;138;0.00518097
802;NCC006027MBU;146;138;0.00553524
802;NCC006027MBU;147;138;0.00881652
802;NCC006027MBU;144;139;0.00357234
802;NCC006027MBU;145;139;0.00200011
802;NCC006027MBU;146;139;0.00211780
802;NCC006027MBU;147;139;0.00007428
802;0SV006031PLA;153;188;0.00257111
802;0SV006031PLA;154;188;0.00218221
802;0SV006031PLA;155;188;0.04956048
802;0SV006031PLA;156;188;0.01343366
802;0SV006031PLA;157;188;0.01053427
802;0SV006031PLA;151;189;0.00162264
802;0SV006031PLA;152;189;0.00208305
802;0SV006031PLA;153;189;0.01927886
802;0SV006031PLA;154;189;0.02225761
802;0SV006031PLA;155;189;0.11125250
802;0SV006031PLA;156;189;0.07666957
802;0SV006031PLA;157;189;0.02005980
802;0SV006031PLA;158;189;0.00244016
802;0SV006031PLA;151;190;0.00007632
802;0SV006031PLA;153;190;0.00786332
802;0SV006031PLA;154;190;0.01980606
802;0SV006031PLA;155;190;0.08948542
802;0SV006031PLA;156;190;0.07303010
802;0SV006031PLA;157;190;0.02562139
802;0SV006031PLA;158;190;0.00341577
802;0SV006031PLA;151;191;0.00011738
802;0SV006031PLA;152;191;0.00017109
802;0SV006031PLA;153;191;0.00015005
802;0SV006031PLA;154;191;0.00752288
802;0SV006031PLA;155;191;0.04497728
802;0SV006031PLA;156;191;0.00807164
802;0SV006031PLA;157;191;0.05178564
802;0SV006031PLA;158;191;0.01388245
802;0SV006031PLA;159;191;0.00036049
802;0SV006031PLA;151;192;0.00007910
802;0SV006031PLA;152;192;0.00022468
802;0SV006031PLA;153;192;0.00062540
802;0SV006031PLA;154;192;0.01076631
802;0SV006031PLA;155;192;0.03439075
802;0SV006031PLA;156;192;0.00564574
802;0SV006031PLA;157;192;0.00337231
802;0SV006031PLA;158;192;0.05363630
802;0SV006031PLA;159;192;0.01333984
802;0SV006031PLA;151;193;0.00011384
802;0SV006031PLA;152;193;0.00030234
802;0SV006031PLA;153;193;0.00970376
802;0SV006031PLA;154;193;0.00879674
802;0SV006031PLA;155;193;0.00913692
802;0SV006031PLA;156;193;0.00394727
802;0SV006031PLA;157;193;0.00273954
802;0SV006031PLA;159;193;0.04867736
802;0SV006031PLA;160;193;0.01418665
802;0SV006031PLA;153;194;0.00905069
802;0SV006031PLA;154;194;0.00332672
802;0SV006031PLA;155;194;0.00147197
802;0SV006031PLA;156;194;0.00046201
802;0SV006031PLA;157;194;0.00129625
802;0SV006031PLA;158;194;0.00158006
802;0SV006031PLA;159;194;0.01785568
802;0SV006031PLA;160;194;0.02807311
802;0SV006031PLA;152;195;0.00009232
802;0SV006031PLA;153;195;0.01521971
802;0SV006031PLA;154;195;0.00004644
802;0SV006031PLA;155;195;0.00036545
802;0SV006031PLA;158;195;0.00052051
802;0SV006031PLA;159;195;0.00827895
802;0SV006031PLA;160;195;0.00516082
802;0SV006031PLA;152;196;0.00144370
802;0SV006031PLA;153;196;0.00323829
802;0SV006031PLA;154;196;0.00026366
802;0SV006031PLA;155;196;0.00007670
802;0SV006031PLA;159;196;0.00216232
802;0SV006031PLA;154;197;0.00002442
802;0SV006031PLA;155;197;0.00002214
802;0MC006003AMA;161;175;0.00000766
802;0MC006003AMA;160;176;0.00027800
802;0MC006003AMA;161;176;0.02472218
802;0MC006003AMA;161;177;0.02601936
802;0MC006003AMA;162;177;0.05147883
802;0MC006003AMA;163;177;0.00517695
802;0MC006003AMA;166;177;0.00091569
802;0MC006003AMA;167;177;0.01359659
802;0MC006003AMA;162;178;0.02254745
802;0MC006003AMA;163;178;0.02218084
802;0MC006003AMA;164;178;0.02622108
802;0MC006003AMA;165;178;0.04424319
802;0MC006003AMA;166;178;0.07325841
802;0MC006003AMA;160;179;0.00113513
802;0MC006003AMA;161;179;0.00634931
802;0MC006003AMA;162;179;0.00032433
802;0MC006003AMA;163;179;0.00949234
802;0MC006003AMA;165;179;0.06895320
802;0MC006003AMA;166;179;0.00434961
802;0MC006003AMA;167;179;0.05356632
802;0MC006003AMA;168;179;0.02049914
802;0MC006003AMA;169;179;0.00750545
802;0MC006003AMA;163;180;0.00850340
802;0MC006003AMA;164;180;0.01300772
802;0MC006003AMA;165;180;0.03473658
802;0MC006003AMA;168;180;0.04589519
802;0MC006003AMA;169;180;0.03807241
802;0MC006003AMA;170;180;0.02033613
802;0MC006003AMA;171;180;0.00095743
802;0MC006003AMA;161;181;0.03244277
802;0MC006003AMA;162;181;0.03177415
802;0MC006003AMA;163;181;0.04789915
802;0MC006003AMA;164;181;0.04878112
802;0MC006003AMA;170;181;0.00078859
802;0MC006003AMA;171;181;0.00509615
802;0MC006003AMA;160;182;0.00698349
802;0MC006003AMA;161;182;0.01044929
802;0MC006003AMA;162;182;0.02084722
802;0MC006003AMA;163;182;0.00130031
802;0MC006003AMA;164;182;0.03253556
802;0MC006003AMA;165;182;0.00772276
802;0MC006003AMA;171;182;0.00053238
802;0MC006003AMA;172;182;0.00635245
802;0MC006003AMA;162;183;0.01001371
802;0MC006003AMA;164;183;0.02218083
802;0MC006003AMA;165;183;0.01313565
802;0MC006003AMA;166;183;0.01456287
802;0MC006003AMA;172;183;0.00090252
802;0MC006003AMA;173;183;0.00472295
802;0MC006003AMA;174;183;0.00580822
802;0MC006003AMA;175;183;0.00348090
802;0MC006003AMA;176;183;0.00001612
802;0MC006003AMA;164;184;0.00065425
802;0MC006003AMA;176;184;0.00461948
802;0MC006003AMA;177;184;0.00456318
802;0MC006003AMA;177;185;0.00262528
802;0MC006003AMA;178;185;0.00010756
802;0MC006003AMA;178;186;0.00423655
802;0MC006003AMA;179;186;0.00347042
802;0MC006003AMA;179;187;0.00083075
802;0MC006003AMA;180;187;0.00267204
802;0MC006003AMA;180;188;0.00356145
802;0MC006005CAL;169;166;0.00089474
802;0MC006005CAL;170;166;0.00713809
802;0MC006005CAL;166;167;0.01451940
802;0MC006005CAL;167;167;0.00755337
802;0MC006005CAL;169;167;0.00964637
802;0MC006005CAL;167;168;0.01001599
802;0MC006005CAL;168;168;0.02007918
802;0MC006005CAL;169;168;0.00525569
802;0MC006005CAL;168;169;0.00862973
802;0MC006005CAL;171;169;0.02113709
802;0MC006005CAL;172;169;0.00140430
802;0MC006005CAL;168;170;0.00672098
802;0MC006005CAL;169;170;0.05344829
802;0MC006005CAL;170;170;0.00596897
802;0MC006005CAL;171;170;0.02991774
802;0MC006005CAL;162;171;0.08108291
802;0MC006005CAL;163;171;0.04158988
802;0MC006005CAL;169;171;0.00403166
802;0MC006005CAL;170;171;0.07790775
802;0MC006005CAL;171;171;0.01414062
802;0MC006005CAL;172;171;0.01097748
802;0MC006005CAL;163;172;0.05521700
802;0MC006005CAL;164;172;0.00076846
802;0MC006005CAL;168;172;0.00038290
802;0MC006005CAL;169;172;0.03501869
802;0MC006005CAL;172;172;0.00391224
802;0MC006005CAL;173;172;0.01601236
802;0MC006005CAL;164;173;0.03631665
802;0MC006005CAL;168;173;0.03023615
802;0MC006005CAL;173;173;0.02838342
802;0MC006005CAL;174;173;0.00187118
802;0MC006005CAL;161;174;0.04137083
802;0MC006005CAL;162;174;0.02047717
802;0MC006005CAL;163;174;0.01811959
802;0MC006005CAL;164;174;0.02115296
802;0MC006005CAL;165;174;0.02881271
802;0MC006005CAL;166;174;0.03024887
802;0MC006005CAL;167;174;0.03064300
802;0MC006005CAL;168;174;0.01873477
802;0MC006005CAL;174;174;0.03025461
802;0MC006005CAL;166;175;0.00801934
802;0MC006005CAL;167;175;0.00609102
802;0MC006005CAL;174;175;0.01149248
802;0MC006005CAL;175;175;0.00746099
802;0MC006005CAL;167;176;0.01411036
802;0MC006005CAL;175;176;0.00130809
802;0MC006005CAL;176;176;0.00046442
802;0MC006005CAL;167;177;0.02059329
802;0MC006005CAL;168;177;0.00643928
802;0MC006005CAL;176;177;0.00104012
802;0MC006005CAL;177;177;0.00057321
802;0MC006005CAL;168;178;0.00059503
802;0MC006005CAL;169;178;0.00703431
802;0MC006005CAL;170;178;0.00284539
802;0MC006005CAL;177;178;0.00093132
802;0MC006005CAL;178;178;0.00107441
802;0MC006005CAL;170;179;0.00418892
802;0MC006005CAL;171;179;0.00816467
802;0MC006005CAL;178;179;0.00186444
802;0MC006005CAL;179;179;0.00165174
802;0MC006005CAL;171;180;0.00879096
802;0MC006005CAL;179;180;0.00172082
802;0MC006005CAL;180;180;0.00179536
802;0MC006005CAL;180;181;0.00157719
802;0MC006005CAL;181;181;0.00017906
802;0SS006013IMP;273;25;0.00102422
802;0SS006013IMP;273;26;0.00686352
802;0SS006013IMP;274;26;0.00259959
802;0SS006013IMP;278;26;0.00023736
802;0SS006013IMP;279;26;0.00050800
802;0SS006013IMP;273;27;0.00055963
802;0SS006013IMP;274;27;0.00801819
802;0SS006013IMP;277;27;0.00048930
802;0SS006013IMP;278;27;0.00030032
802;0SS006013IMP;279;27;0.00002523
802;0SS006013IMP;280;27;0.00052099
802;0SS006013IMP;281;27;0.00052102
802;0SS006013IMP;282;27;0.00051947
802;0SS006013IMP;283;27;0.00052076
802;0SS006013IMP;284;27;0.00093268
802;0SS006013IMP;285;27;0.00145652
802;0SS006013IMP;286;27;0.00275529
802;0SS006013IMP;287;27;0.02456479
802;0SS006013IMP;288;27;0.00795008
802;0SS006013IMP;289;27;0.00145381
802;0SS006013IMP;290;27;0.00426568
802;0SS006013IMP;274;28;0.00273660
802;0SS006013IMP;275;28;0.00793088
802;0SS006013IMP;276;28;0.01150371
802;0SS006013IMP;277;28;0.00925858
802;0SS006013IMP;278;28;0.00020945
802;0SS006013IMP;283;28;0.00022965
802;0SS006013IMP;284;28;0.00120364
802;0SS006013IMP;285;28;0.00079314
802;0SS006013IMP;286;28;0.00497456
802;0SS006013IMP;287;28;0.03043783
802;0SS006013IMP;288;28;0.00527400
802;0SS006013IMP;289;28;0.00475780
802;0SS006013IMP;290;28;0.00864513
802;0SS006013IMP;291;28;0.00127159
802;0SS006013IMP;292;28;0.00088423
802;0SS006013IMP;293;28;0.00085911
802;0SS006013IMP;294;28;0.00080741
802;0SS006013IMP;295;28;0.00037124
802;0SS006013IMP;277;29;0.00000328
802;0SS006013IMP;278;29;0.00891315
802;0SS006013IMP;279;29;0.00919134
802;0SS006013IMP;280;29;0.00926806
802;0SS006013IMP;281;29;0.00884845
802;0SS006013IMP;282;29;0.00880414
802;0SS006013IMP;283;29;0.00701474
802;0SS006013IMP;284;29;0.00148297
802;0SS006013IMP;285;29;0.00173421
802;0SS006013IMP;286;29;0.01636513
802;0SS006013IMP;287;29;0.02502515
802;0SS006013IMP;288;29;0.00082895
802;0SS006013IMP;289;29;0.00079110
802;0SS006013IMP;290;29;0.00676400
802;0SS006013IMP;291;29;0.00023747
802;0SS006013IMP;292;29;0.00000467
802;0SS006013IMP;294;29;0.00211999
802;0SS006013IMP;295;29;0.00277998
802;0SS006013IMP;296;29;0.00315589
802;0SS006013IMP;297;29;0.00311002
802;0SS006013IMP;298;29;0.00305759
802;0SS006013IMP;299;29;0.00306161
802;0SS006013IMP;300;29;0.00329403
802;0SS006013IMP;301;29;0.00180817
802;0SS006013IMP;305;29;0.00021987
802;0SS006013IMP;280;30;0.00007420
802;0SS006013IMP;281;30;0.00009901
802;0SS006013IMP;282;30;0.00067716
802;0SS006013IMP;283;30;0.00270625
802;0SS006013IMP;284;30;0.01328987
802;0SS006013IMP;285;30;0.03294786
802;0SS006013IMP;286;30;0.04058522
802;0SS006013IMP;287;30;0.03333690
802;0SS006013IMP;288;30;0.00951051
802;0SS006013IMP;289;30;0.00964088
802;0SS006013IMP;290;30;0.00672612
802;0SS006013IMP;291;30;0.00285644
802;0SS006013IMP;292;30;0.00288747
802;0SS006013IMP;293;30;0.00233501
802;0SS006013IMP;294;30;0.00022350
802;0SS006013IMP;301;30;0.00246092
802;0SS006013IMP;302;30;0.00340090
802;0SS006013IMP;303;30;0.00315179
802;0SS006013IMP;304;30;0.00324983
802;0SS006013IMP;305;30;0.00416501
802;0SS006013IMP;306;30;0.00242612
802;0SS006013IMP;307;30;0.00952750
802;0SS006013IMP;282;31;0.00016207
802;0SS006013IMP;283;31;0.00102454
802;0SS006013IMP;284;31;0.00547918
802;0SS006013IMP;285;31;0.02066019
802;0SS006013IMP;286;31;0.00552246
802;0SS006013IMP;287;31;0.01773446
802;0SS006013IMP;288;31;0.00547049
802;0SS006013IMP;289;31;0.00665410
802;0SS006013IMP;290;31;0.00438343
802;0SS006013IMP;291;31;0.00071587
802;0SS006013IMP;292;31;0.00000808
802;0SS006013IMP;302;31;0.00007385
802;0SS006013IMP;304;31;0.00014856
802;0SS006013IMP;307;31;0.00264937
802;0SS006013IMP;308;31;0.01089653
802;0SS006013IMP;309;31;0.00029480
802;0SS006013IMP;282;32;0.00005384
802;0SS006013IMP;283;32;0.00020486
802;0SS006013IMP;284;32;0.00271539
802;0SS006013IMP;285;32;0.01685032
802;0SS006013IMP;286;32;0.00544623
802;0SS006013IMP;287;32;0.01576606
802;0SS006013IMP;288;32;0.00064709
802;0SS006013IMP;289;32;0.00098582
802;0SS006013IMP;290;32;0.00075709
802;0SS006013IMP;291;32;0.00023582
802;0SS006013IMP;302;32;0.00007409
802;0SS006013IMP;309;32;0.00014655
802;0SS006013IMP;284;33;0.00214080
802;0SS006013IMP;285;33;0.01018034
802;0SS006013IMP;286;33;0.00326906
802;0SS006013IMP;287;33;0.01365825
802;0SS006013IMP;288;33;0.00009476
802;0SS006013IMP;289;33;0.00046193
802;0SS006013IMP;290;33;0.00038697
802;0SS006013IMP;291;33;0.00018978
802;0SS006013IMP;302;33;0.00007396
802;0SS006013IMP;284;34;0.00212890
802;0SS006013IMP;285;34;0.01062641
802;0SS006013IMP;286;34;0.00779620
802;0SS006013IMP;287;34;0.00979500
802;0SS006013IMP;288;34;0.00019074
802;0SS006013IMP;289;34;0.00085222
802;0SS006013IMP;290;34;0.00012403
802;0SS006013IMP;291;34;0.00008906
802;0SS006013IMP;302;34;0.00007405
802;0SS006013IMP;284;35;0.00200304
802;0SS006013IMP;285;35;0.00793255
802;0SS006013IMP;286;35;0.02571654
802;0SS006013IMP;287;35;0.00680309
802;0SS006013IMP;288;35;0.00132377
802;0SS006013IMP;289;35;0.00120597
802;0SS006013IMP;290;35;0.00050606
802;0SS006013IMP;291;35;0.00017304
802;0SS006013IMP;292;35;0.00020160
802;0SS006013IMP;293;35;0.00001196
802;0SS006013IMP;301;35;0.00007106
802;0SS006013IMP;302;35;0.00006378
802;0SS006013IMP;283;36;0.00017887
802;0SS006013IMP;284;36;0.01043000
802;0SS006013IMP;285;36;0.01052982
802;0SS006013IMP;286;36;0.01624012
802;0SS006013IMP;287;36;0.00513701
802;0SS006013IMP;288;36;0.00073466
802;0SS006013IMP;289;36;0.00003843
802;0SS006013IMP;290;36;0.00036791
802;0SS006013IMP;291;36;0.00013810
802;0SS006013IMP;293;36;0.00018824
802;0SS006013IMP;294;36;0.00022037
802;0SS006013IMP;295;36;0.00022709
802;0SS006013IMP;296;36;0.00021088
802;0SS006013IMP;300;36;0.00000102
802;0SS006013IMP;301;36;0.00007341
802;0SS006013IMP;281;37;0.00793217
802;0SS006013IMP;282;37;0.01266208
802;0SS006013IMP;283;37;0.01138030
802;0SS006013IMP;284;37;0.01020286
802;0SS006013IMP;285;37;0.00085312
802;0SS006013IMP;286;37;0.00350331
802;0SS006013IMP;287;37;0.00068948
802;0SS006013IMP;288;37;0.00072031
802;0SS006013IMP;289;37;0.00019109
802;0SS006013IMP;290;37;0.00016578
802;0SS006013IMP;296;37;0.00001123
802;0SS006013IMP;297;37;0.00023373
802;0SS006013IMP;298;37;0.00021169
802;0SS006013IMP;299;37;0.00006717
802;0SS006013IMP;300;37;0.00007548
802;0SS006013IMP;279;38;0.01067480
802;0SS006013IMP;280;38;0.01280585
802;0SS006013IMP;281;38;0.00782738
802;0SS006013IMP;284;38;0.00133092
802;0SS006013IMP;285;38;0.00011557
802;0SS006013IMP;286;38;0.00346949
802;0SS006013IMP;288;38;0.00067343
802;0SS006013IMP;289;38;0.00001395
802;0SS006013IMP;299;38;0.00021898
802;0SS006013IMP;300;38;0.00008187
802;0SS006013IMP;273;39;0.00009447
802;0SS006013IMP;274;39;0.00020093
802;0SS006013IMP;275;39;0.00020040
802;0SS006013IMP;276;39;0.00020040
802;0SS006013IMP;277;39;0.00020041
802;0SS006013IMP;278;39;0.01221549
802;0SS006013IMP;279;39;0.00117881
802;0SS006013IMP;284;39;0.00100654
802;0SS006013IMP;285;39;0.00091828
802;0SS006013IMP;286;39;0.00337729
802;0SS006013IMP;287;39;0.00049981
802;0SS006013IMP;288;39;0.00088593
802;0SS006013IMP;289;39;0.00002052
802;0SS006013IMP;299;39;0.00014109
802;0SS006013IMP;300;39;0.00026304
802;0SS006013IMP;277;40;0.00629813
802;0SS006013IMP;278;40;0.00910374
802;0SS006013IMP;284;40;0.00004104
802;0SS006013IMP;285;40;0.00017298
802;0SS006013IMP;286;40;0.00241136
802;0SS006013IMP;287;40;0.00018057
802;0SS006013IMP;288;40;0.00056836
802;0SS006013IMP;289;40;0.00024036
802;0SS006013IMP;290;40;0.00013911
802;0SS006013IMP;300;40;0.00023879
802;0SS006013IMP;301;40;0.00006585
802;0SS006013IMP;277;41;0.01220808
802;0SS006013IMP;284;41;0.00002340
802;0SS006013IMP;285;41;0.00020962
802;0SS006013IMP;286;41;0.00228470
802;0SS006013IMP;287;41;0.00055557
802;0SS006013IMP;301;41;0.00029048
802;0SS006013IMP;274;42;0.00006435
802;0SS006013IMP;275;42;0.00006686
802;0SS006013IMP;276;42;0.01258887
802;0SS006013IMP;277;42;0.00123199
802;0SS006013IMP;284;42;0.00026327
802;0SS006013IMP;285;42;0.00093004
802;0SS006013IMP;286;42;0.00274574
802;0SS006013IMP;287;42;0.00053843
802;0SS006013IMP;301;42;0.00028476
802;0SS006013IMP;273;43;0.00020116
802;0SS006013IMP;274;43;0.00023545
802;0SS006013IMP;275;43;0.00826218
802;0SS006013IMP;276;43;0.00602876
802;0SS006013IMP;284;43;0.00030574
802;0SS006013IMP;285;43;0.00109151
802;0SS006013IMP;286;43;0.00031926
802;0SS006013IMP;301;43;0.00031842
802;0SS006013IMP;274;44;0.00247184
802;0SS006013IMP;275;44;0.01648704
802;0SS006013IMP;276;44;0.00274347
802;0SS006013IMP;284;44;0.00132878
802;0SS006013IMP;301;44;0.00002619
802;0SS006013IMP;302;44;0.00034808
802;0SS006013IMP;274;45;0.01540320
802;0SS006013IMP;280;45;0.00051868
802;0SS006013IMP;281;45;0.00074089
802;0SS006013IMP;282;45;0.00066298
802;0SS006013IMP;283;45;0.00118021
802;0SS006013IMP;284;45;0.00024247
802;0SS006013IMP;302;45;0.00006515
802;0SS006013IMP;303;45;0.00035649
802;0SS006013IMP;273;46;0.00704422
802;0SS006013IMP;274;46;0.00920849
802;0SS006013IMP;279;46;0.00077389
802;0SS006013IMP;280;46;0.00053420
802;0SS006013IMP;281;46;0.00051073
802;0SS006013IMP;282;46;0.00053975
802;0SS006013IMP;283;46;0.00047597
802;0SS006013IMP;303;46;0.00003959
802;0SS006013IMP;304;46;0.00030356
802;0SS006013IMP;273;47;0.00632232
802;0SS006013IMP;278;47;0.00030791
802;0SS006013IMP;279;47;0.00054881
802;0SS006013IMP;282;47;0.00023400
802;0SS006013IMP;304;47;0.00065653
802;0SS006013IMP;303;48;0.00015794
802;0SS006013IMP;304;48;0.00044480
802;0SS006013IMP;303;49;0.00027808
802;NEP006047SIS;135;255;0.01844998
802;NEP006047SIS;136;255;0.00005686
802;NEP006047SIS;146;255;0.00099300
802;NEP006047SIS;147;255;0.00106608
802;NEP006047SIS;135;256;0.00246306
802;NEP006047SIS;136;256;0.01750960
802;NEP006047SIS;145;256;0.00157560
802;NEP006047SIS;146;256;0.00102863
802;NEP006047SIS;135;257;0.00969041
802;NEP006047SIS;136;257;0.02616153
802;NEP006047SIS;137;257;0.00754828
802;NEP006047SIS;138;257;0.00732909
802;NEP006047SIS;139;257;0.00112578
802;NEP006047SIS;140;257;0.00112578
802;NEP006047SIS;141;257;0.00112578
802;NEP006047SIS;142;257;0.00112578
802;NEP006047SIS;143;257;0.00112578
802;NEP006047SIS;144;257;0.00128741
802;NEP006047SIS;145;257;0.00044603
802;NEP006047SIS;125;258;0.00001223
802;NEP006047SIS;126;258;0.00083853
802;NEP006047SIS;127;258;0.00036877
802;NEP006047SIS;135;258;0.03192117
802;NEP006047SIS;136;258;0.00220019
802;NEP006047SIS;125;259;0.00106770
802;NEP006047SIS;134;259;0.02740107
802;NEP006047SIS;135;259;0.01159788
802;NEP006047SIS;124;260;0.00070419
802;NEP006047SIS;125;260;0.00003666
802;NEP006047SIS;134;260;0.03944690
802;NEP006047SIS;111;261;0.00026590
802;NEP006047SIS;124;261;0.00074085
802;NEP006047SIS;133;261;0.00906415
802;NEP006047SIS;134;261;0.02801086
802;NEP006047SIS;111;262;0.00039285
802;NEP006047SIS;124;262;0.00074085
802;NEP006047SIS;132;262;0.00809773
802;NEP006047SIS;133;262;0.01178948
802;NEP006047SIS;134;262;0.00468779
802;NEP006047SIS;111;263;0.00039285
802;NEP006047SIS;123;263;0.00059444
802;NEP006047SIS;124;263;0.00025590
802;NEP006047SIS;125;263;0.00000314
802;NEP006047SIS;132;263;0.01941168
802;NEP006047SIS;134;263;0.00708863
802;NEP006047SIS;135;263;0.00224740
802;NEP006047SIS;111;264;0.00039257
802;NEP006047SIS;123;264;0.00064655
802;NEP006047SIS;132;264;0.01898191
802;NEP006047SIS;135;264;0.00783473
802;NEP006047SIS;136;264;0.01069510
802;NEP006047SIS;111;265;0.00039158
802;NEP006047SIS;123;265;0.00075071
802;NEP006047SIS;131;265;0.01669484
802;NEP006047SIS;132;265;0.00225542
802;NEP006047SIS;134;265;0.00034115
802;NEP006047SIS;135;265;0.00317258
802;NEP006047SIS;136;265;0.00322055
802;NEP006047SIS;137;265;0.01023250
802;NEP006047SIS;111;266;0.00039158
802;NEP006047SIS;122;266;0.00020554
802;NEP006047SIS;123;266;0.00005081
802;NEP006047SIS;124;266;0.00083717
802;NEP006047SIS;131;266;0.01890147
802;NEP006047SIS;133;266;0.00254032
802;NEP006047SIS;134;266;0.00283143
802;NEP006047SIS;137;266;0.01159502
802;NEP006047SIS;111;267;0.00038468
802;NEP006047SIS;119;267;0.00009923
802;NEP006047SIS;120;267;0.00017167
802;NEP006047SIS;122;267;0.00045979
802;NEP006047SIS;124;267;0.01271579
802;NEP006047SIS;125;267;0.01492137
802;NEP006047SIS;126;267;0.01322565
802;NEP006047SIS;131;267;0.02093124
802;NEP006047SIS;132;267;0.00317258
802;NEP006047SIS;133;267;0.00063226
802;NEP006047SIS;137;267;0.00575255
802;NEP006047SIS;138;267;0.01193779
802;NEP006047SIS;139;267;0.00121751
802;NEP006047SIS;111;268;0.00016091
802;NEP006047SIS;112;268;0.00014961
802;NEP006047SIS;119;268;0.00042845
802;NEP006047SIS;120;268;0.00017002
802;NEP006047SIS;121;268;0.00033192
802;NEP006047SIS;122;268;0.00003183
802;NEP006047SIS;126;268;0.00600539
802;NEP006047SIS;127;268;0.01697693
802;NEP006047SIS;128;268;0.00482891
802;NEP006047SIS;129;268;0.01937755
802;NEP006047SIS;130;268;0.02077600
802;NEP006047SIS;131;268;0.00338472
802;NEP006047SIS;139;268;0.01072028
802;NEP006047SIS;140;268;0.01193779
802;NEP006047SIS;141;268;0.00147725
802;NEP006047SIS;112;269;0.00031052
802;NEP006047SIS;119;269;0.00006551
802;NEP006047SIS;120;269;0.00040316
802;NEP006047SIS;128;269;0.01880428
802;NEP006047SIS;129;269;0.01817592
802;NEP006047SIS;131;269;0.00609671
802;NEP006047SIS;140;269;0.00938324
802;NEP006047SIS;141;269;0.00178089
802;NEP006047SIS;112;270;0.00002931
802;NEP006047SIS;113;270;0.00028121
802;NEP006047SIS;120;270;0.00003572
802;NEP006047SIS;121;270;0.00064089
802;NEP006047SIS;129;270;0.02250561
802;NEP006047SIS;130;270;0.00007232
802;NEP006047SIS;131;270;0.01228109
802;NEP006047SIS;140;270;0.01063496
802;NEP006047SIS;113;271;0.00020822
802;NEP006047SIS;114;271;0.00010229
802;NEP006047SIS;120;271;0.00004269
802;NEP006047SIS;121;271;0.00129131
802;NEP006047SIS;129;271;0.02442703
802;NEP006047SIS;131;271;0.00568697
802;NEP006047SIS;140;271;0.00506536
802;NEP006047SIS;141;271;0.00408193
802;NEP006047SIS;114;272;0.00050179
802;NEP006047SIS;119;272;0.00025390
802;NEP006047SIS;120;272;0.00047198
802;NEP006047SIS;121;272;0.00155462
802;NEP006047SIS;122;272;0.00012341
802;NEP006047SIS;129;272;0.00971041
802;NEP006047SIS;130;272;0.01476566
802;NEP006047SIS;141;272;0.00914729
802;NEP006047SIS;113;273;0.00017950
802;NEP006047SIS;114;273;0.00014014
802;NEP006047SIS;115;273;0.00027933
802;NEP006047SIS;117;273;0.00026292
802;NEP006047SIS;118;273;0.00027192
802;NEP006047SIS;119;273;0.00001802
802;NEP006047SIS;122;273;0.00115450
802;NEP006047SIS;123;273;0.00122532
802;NEP006047SIS;124;273;0.00130855
802;NEP006047SIS;125;273;0.00094066
802;NEP006047SIS;126;273;0.00122838
802;NEP006047SIS;127;273;0.00134379
802;NEP006047SIS;128;273;0.00134379
802;NEP006047SIS;129;273;0.00134379
802;NEP006047SIS;130;273;0.02441625
802;NEP006047SIS;141;273;0.00309660
802;NEP006047SIS;142;273;0.00605069
802;NEP006047SIS;113;274;0.00029242
802;NEP006047SIS;115;274;0.00011995
802;NEP006047SIS;116;274;0.00028022
802;NEP006047SIS;117;274;0.00000900
802;NEP006047SIS;125;274;0.00077430
802;NEP006047SIS;126;274;0.00011541
802;NEP006047SIS;130;274;0.02539433
802;NEP006047SIS;131;274;0.00225714
802;NEP006047SIS;142;274;0.00914729
802;NEP006047SIS;112;275;0.00012361
802;NEP006047SIS;113;275;0.00021991
802;NEP006047SIS;130;275;0.02707921
802;NEP006047SIS;142;275;0.00112783
802;NEP006047SIS;143;275;0.00846906
802;NEP006047SIS;152;275;0.00215238
802;NEP006047SIS;111;276;0.00008808
802;NEP006047SIS;112;276;0.00032240
802;NEP006047SIS;129;276;0.00879714
802;NEP006047SIS;130;276;0.01880881
802;NEP006047SIS;143;276;0.01023524
802;NEP006047SIS;144;276;0.00137796
802;NEP006047SIS;151;276;0.00163643
802;NEP006047SIS;152;276;0.00315679
802;NEP006047SIS;111;277;0.00022083
802;NEP006047SIS;129;277;0.01803045
802;NEP006047SIS;144;277;0.00638278
802;NEP006047SIS;145;277;0.00433765
802;NEP006047SIS;146;277;0.00433765
802;NEP006047SIS;147;277;0.00433765
802;NEP006047SIS;148;277;0.00433765
802;NEP006047SIS;149;277;0.00433761
802;NEP006047SIS;150;277;0.00156765
802;NEP006047SIS;151;277;0.00062735
802;0SF0060490BA;129;172;0.00828940
802;0SF0060490BA;129;173;0.01196458
802;0SF0060490BA;130;173;0.02219533
802;0SF0060490BA;131;173;0.00627174
802;0SF0060490BA;125;174;0.00003095
802;0SF0060490BA;126;174;0.00014265
802;0SF0060490BA;127;174;0.01114705
802;0SF0060490BA;128;174;0.00096349
802;0SF0060490BA;129;174;0.00140075
802;0SF0060490BA;130;174;0.00626429
802;0SF0060490BA;126;175;0.00422216
802;0SF0060490BA;127;175;0.03656803
802;0SF0060490BA;128;175;0.00394443
802;0SF0060490BA;130;175;0.00626429
802;0SF0060490BA;122;176;0.00003911
802;0SF0060490BA;123;176;0.00043639
802;0SF0060490BA;124;176;0.00420115
802;0SF0060490BA;125;176;0.00601088
802;0SF0060490BA;126;176;0.06863374
802;0SF0060490BA;127;176;0.01641334
802;0SF0060490BA;128;176;0.00584160
802;0SF0060490BA;129;176;0.01316752
802;0SF0060490BA;130;176;0.01545275
802;0SF0060490BA;131;176;0.01398642
802;0SF0060490BA;132;176;0.00101998
802;0SF0060490BA;122;177;0.00003664
802;0SF0060490BA;123;177;0.00005826
802;0SF0060490BA;125;177;0.04792478
802;0SF0060490BA;126;177;0.01097100
802;0SF0060490BA;127;177;0.00075811
802;0SF0060490BA;129;177;0.00356728
802;0SF0060490BA;130;177;0.01104803
802;0SF0060490BA;120;178;0.00068939
802;0SF0060490BA;121;178;0.00022178
802;0SF0060490BA;122;178;0.00003703
802;0SF0060490BA;124;178;0.00910047
802;0SF0060490BA;125;178;0.04958803
802;0SF0060490BA;126;178;0.00284475
802;0SF0060490BA;129;178;0.00826328
802;0SF0060490BA;120;179;0.00271198
802;0SF0060490BA;121;179;0.00015449
802;0SF0060490BA;123;179;0.00905071
802;0SF0060490BA;124;179;0.01467456
802;0SF0060490BA;125;179;0.05068775
802;0SF0060490BA;126;179;0.00153680
802;0SF0060490BA;127;179;0.00043703
802;0SF0060490BA;128;179;0.00223258
802;0SF0060490BA;129;179;0.00644262
802;0SF0060490BA;120;180;0.00028320
802;0SF0060490BA;121;180;0.00579112
802;0SF0060490BA;122;180;0.01329164
802;0SF0060490BA;123;180;0.00675027
802;0SF0060490BA;124;180;0.00964074
802;0SF0060490BA;125;180;0.04225181
802;0SF0060490BA;126;180;0.00214075
802;0SF0060490BA;127;180;0.00179554
802;0SF0060490BA;128;180;0.00518723
802;0SF0060490BA;129;180;0.00295117
802;0SF0060490BA;130;180;0.00065048
802;0SF0060490BA;120;181;0.00150624
802;0SF0060490BA;121;181;0.00316345
802;0SF0060490BA;122;181;0.01095573
802;0SF0060490BA;123;181;0.01534428
802;0SF0060490BA;124;181;0.06121908
802;0SF0060490BA;125;181;0.08277236
802;0SF0060490BA;126;181;0.00164181
802;0SF0060490BA;127;181;0.00823278
802;0SF0060490BA;128;181;0.00307742
802;0SF0060490BA;121;182;0.00002765
802;0SF0060490BA;122;182;0.00514018
802;0SF0060490BA;123;182;0.00657534
802;0SF0060490BA;124;182;0.07056406
802;0SF0060490BA;125;182;0.02414222
802;0SF0060490BA;126;182;0.02049699
802;0SF0060490BA;122;183;0.00120802
802;0SF0060490BA;123;183;0.02530184
802;0SF0060490BA;124;183;0.02513354
802;0SF0060490BA;125;183;0.00055848
802;0SF0060490BA;126;183;0.00541784
802;0SF0060490BA;122;184;0.00767417
802;0SF0060490BA;123;184;0.01764141
802;0SF0060490BA;125;184;0.00161074
802;0SF0060490BA;126;184;0.00830016
802;0SF0060490BA;122;185;0.00212020
802;0SF0060490BA;126;185;0.00112699
802;0SF0060490BA;127;185;0.00040371
802;0SF0060430BA;149;139;0.00060504
802;0SF0060430BA;149;140;0.00709159
802;0SF0060430BA;150;140;0.00008357
802;0SF0060430BA;148;141;0.00046564
802;0SF0060430BA;149;141;0.00787941
802;0SF0060430BA;150;141;0.00604605
802;0SF0060430BA;151;141;0.00429492
802;0SF0060430BA;152;141;0.00682535
802;0SF0060430BA;145;142;0.00023849
802;0SF0060430BA;146;142;0.00080475
802;0SF0060430BA;147;142;0.00055214
802;0SF0060430BA;148;142;0.00895084
802;0SF0060430BA;149;142;0.00884072
802;0SF0060430BA;150;142;0.00217018
802;0SF0060430BA;152;142;0.00026394
802;0SF0060430BA;153;142;0.00484139
802;0SF0060430BA;154;142;0.00180577
802;0SF0060430BA;146;143;0.00064489
802;0SF0060430BA;147;143;0.00001052
802;0SF0060430BA;148;143;0.00874757
802;0SF0060430BA;149;143;0.00129754
802;0SF0060430BA;154;143;0.00277310
802;0SF0060430BA;155;143;0.00419359
802;0SF0060430BA;156;143;0.00179711
802;0SF0060430BA;142;144;0.00000004
802;0SF0060430BA;143;144;0.00000001
802;0SF0060430BA;145;144;0.00000232
802;0SF0060430BA;146;144;0.00040547
802;0SF0060430BA;147;144;0.00187330
802;0SF0060430BA;148;144;0.00821918
802;0SF0060430BA;141;145;0.00000009
802;0SF0060430BA;145;145;0.00001094
802;0SF0060430BA;146;145;0.00044419
802;0SF0060430BA;147;145;0.01371652
802;0SF0060430BA;148;145;0.00007661
802;0SF0060430BA;139;146;0.00587499
802;0SF0060430BA;144;146;0.00000498
802;0SF0060430BA;145;146;0.00000436
802;0SF0060430BA;146;146;0.00912013
802;0SF0060430BA;147;146;0.00503615
802;0SF0060430BA;138;147;0.00000022
802;0SF0060430BA;139;147;0.00706078
802;0SF0060430BA;142;147;0.00047628
802;0SF0060430BA;143;147;0.00009833
802;0SF0060430BA;144;147;0.00012485
802;0SF0060430BA;145;147;0.00702095
802;0SF0060430BA;146;147;0.00423666
802;0SF0060430BA;137;148;0.00000111
802;0SF0060430BA;138;148;0.00000032
802;0SF0060430BA;139;148;0.00319293
802;0SF0060430BA;140;148;0.00914216
802;0SF0060430BA;141;148;0.00328706
802;0SF0060430BA;142;148;0.00836268
802;0SF0060430BA;143;148;0.00704487
802;0SF0060430BA;144;148;0.01190416
802;0SF0060430BA;145;148;0.00581849
802;0SF0060430BA;146;148;0.00015062
802;0SF0060430BA;136;149;0.00004378
802;0SF0060430BA;137;149;0.00037931
802;0SF0060430BA;138;149;0.00057330
802;0SF0060430BA;139;149;0.00954576
802;0SF0060430BA;140;149;0.02716746
802;0SF0060430BA;141;149;0.01362949
802;0SF0060430BA;142;149;0.02755215
802;0SF0060430BA;143;149;0.01888098
802;0SF0060430BA;144;149;0.00399828
802;0SF0060430BA;145;149;0.00008284
802;0SF0060430BA;146;149;0.00003389
802;0SF0060430BA;135;150;0.00001141
802;0SF0060430BA;136;150;0.00001187
802;0SF0060430BA;137;150;0.00000182
802;0SF0060430BA;138;150;0.00708143
802;0SF0060430BA;139;150;0.01592820
802;0SF0060430BA;140;150;0.03855662
802;0SF0060430BA;141;150;0.02447166
802;0SF0060430BA;142;150;0.02072195
802;0SF0060430BA;143;150;0.02641973
802;0SF0060430BA;144;150;0.00320177
802;0SF0060430BA;146;150;0.00000001
802;0SF0060430BA;135;151;0.00004877
802;0SF0060430BA;137;151;0.00642794
802;0SF0060430BA;138;151;0.02380364
802;0SF0060430BA;139;151;0.02162489
802;0SF0060430BA;140;151;0.01836430
802;0SF0060430BA;141;151;0.03860271
802;0SF0060430BA;142;151;0.03770026
802;0SF0060430BA;143;151;0.02270232
802;0SF0060430BA;144;151;0.00117300
802;0SF0060430BA;145;151;0.00000018
802;0SF0060430BA;146;151;0.00000021
802;0SF0060430BA;147;151;0.00000010
802;0SF0060430BA;135;152;0.00001114
802;0SF0060430BA;136;152;0.00649238
802;0SF0060430BA;137;152;0.00987481
802;0SF0060430BA;138;152;0.02241178
802;0SF0060430BA;139;152;0.02214199
802;0SF0060430BA;140;152;0.03552754
802;0SF0060430BA;141;152;0.04654725
802;0SF0060430BA;142;152;0.02255958
802;0SF0060430BA;143;152;0.00582883
802;0SF0060430BA;144;152;0.00000017
802;0SF0060430BA;145;152;0.00000001
802;0SF0060430BA;135;153;0.00532090
802;0SF0060430BA;136;153;0.00857553
802;0SF0060430BA;137;153;0.02268870
802;0SF0060430BA;138;153;0.02905104
802;0SF0060430BA;139;153;0.02338641
802;0SF0060430BA;140;153;0.01790124
802;0SF0060430BA;141;153;0.04213362
802;0SF0060430BA;142;153;0.01367118
802;0SF0060430BA;143;153;0.00000834
802;0SF0060430BA;135;154;0.00185460
802;0SF0060430BA;136;154;0.01583541
802;0SF0060430BA;137;154;0.01886518
802;0SF0060430BA;140;154;0.00006711
802;0SF0060430BA;141;154;0.02162460
802;0SF0060430BA;142;154;0.00494279
802;0SV0060570YS;147;177;0.00015900
802;0SV0060570YS;148;177;0.00011221
802;0SV0060570YS;148;178;0.00122521
802;0SV0060570YS;149;178;0.00018407
802;0SV0060570YS;150;178;0.00000341
802;0SV0060570YS;148;179;0.00003194
802;0SV0060570YS;149;179;0.00078765
802;0SV0060570YS;150;179;0.00011326
802;0SV0060570YS;148;180;0.00006246
802;0SV0060570YS;149;180;0.00118370
802;0SV0060570YS;150;180;0.00105863
802;0SV0060570YS;149;181;0.00076669
802;0SV0060570YS;150;181;0.00157779
802;0SV0060570YS;139;182;0.00069041
802;0SV0060570YS;149;182;0.00087014
802;0SV0060570YS;150;182;0.00003971
802;0SV0060570YS;138;183;0.00100771
802;0SV0060570YS;139;183;0.00089960
802;0SV0060570YS;140;183;0.00202455
802;0SV0060570YS;141;183;0.01486133
802;0SV0060570YS;144;183;0.00020433
802;0SV0060570YS;145;183;0.03321086
802;0SV0060570YS;146;183;0.00283309
802;0SV0060570YS;149;183;0.00582812
802;0SV0060570YS;140;184;0.00010658
802;0SV0060570YS;141;184;0.01085219
802;0SV0060570YS;142;184;0.00366771
802;0SV0060570YS;143;184;0.00383849
802;0SV0060570YS;144;184;0.00634263
802;0SV0060570YS;145;184;0.03688493
802;0SV0060570YS;146;184;0.07899693
802;0SV0060570YS;147;184;0.07494988
802;0SV0060570YS;148;184;0.07503103
802;0SV0060570YS;149;184;0.09187859
802;0SV0060570YS;150;184;0.07002972
802;0SV0060570YS;140;185;0.00033061
802;0SV0060570YS;141;185;0.01046886
802;0SV0060570YS;142;185;0.00042258
802;0SV0060570YS;143;185;0.00045470
802;0SV0060570YS;144;185;0.00104555
802;0SV0060570YS;145;185;0.01443764
802;0SV0060570YS;146;185;0.00139529
802;0SV0060570YS;149;185;0.02486082
802;0SV0060570YS;150;185;0.00565348
802;0SV0060570YS;140;186;0.00021560
802;0SV0060570YS;141;186;0.01062770
802;0SV0060570YS;142;186;0.00076705
802;0SV0060570YS;143;186;0.00105793
802;0SV0060570YS;144;186;0.00382831
802;0SV0060570YS;145;186;0.01496364
802;0SV0060570YS;146;186;0.00229155
802;0SV0060570YS;148;186;0.00001719
802;0SV0060570YS;149;186;0.00001685
802;0SV0060570YS;140;187;0.00313321
802;0SV0060570YS;141;187;0.01328512
802;0SV0060570YS;142;187;0.00329024
802;0SV0060570YS;143;187;0.00410358
802;0SV0060570YS;144;187;0.00903542
802;0SV0060570YS;145;187;0.04471770
802;0SV0060570YS;146;187;0.04493054
802;0SV0060570YS;147;187;0.04035478
802;0SV0060570YS;148;187;0.01006448
802;0SV0060570YS;137;188;0.00159625
802;0SV0060570YS;138;188;0.00205457
802;0SV0060570YS;139;188;0.00281427
802;0SV0060570YS;140;188;0.00129289
802;0SV0060570YS;141;188;0.00819261
802;0SV0060570YS;143;188;0.00006099
802;0SV0060570YS;144;188;0.01611456
802;0SV0060570YS;145;188;0.01527146
802;0SV0060570YS;146;188;0.00180165
802;0SV0060570YS;136;189;0.00009783
802;0SV0060570YS;137;189;0.00105221
802;0SV0060570YS;139;189;0.00007026
802;0SV0060570YS;140;189;0.00018371
802;0SV0060570YS;141;189;0.00828195
802;0SV0060570YS;143;189;0.00932874
802;0SV0060570YS;144;189;0.00947452
802;0SV0060570YS;145;189;0.00271530
802;0SV0060570YS;146;189;0.00175850
802;0SV0060570YS;136;190;0.00101076
802;0SV0060570YS;139;190;0.00007842
802;0SV0060570YS;140;190;0.00033344
802;0SV0060570YS;141;190;0.00853227
802;0SV0060570YS;142;190;0.00386615
802;0SV0060570YS;143;190;0.01544203
802;0SV0060570YS;144;190;0.00052529
802;0SV0060570YS;145;190;0.00340498
802;0SV0060570YS;146;190;0.00284435
802;0SV0060570YS;136;191;0.00062181
802;0SV0060570YS;139;191;0.00003272
802;0SV0060570YS;141;191;0.00814156
802;0SV0060570YS;142;191;0.01872435
802;0SV0060570YS;145;191;0.00014477
802;0SV0060570YS;146;191;0.00005245
802;0SV0060570YS;135;192;0.00018128
802;0SV0060570YS;136;192;0.00021581
802;0SV0060570YS;139;192;0.00007492
802;0SV0060570YS;141;192;0.02787260
802;0SV0060570YS;142;192;0.00030625
802;0SV0060570YS;144;192;0.00017406
802;0SV0060570YS;145;192;0.00015705
802;0SV0060570YS;134;193;0.00007324
802;0SV0060570YS;135;193;0.00040549
802;0SV0060570YS;139;193;0.00008753
802;0SV0060570YS;140;193;0.01851723
802;0SV0060570YS;141;193;0.00698067
802;0SV0060570YS;143;193;0.00017265
802;0SV0060570YS;144;193;0.00006710
802;0SV0060570YS;133;194;0.00017464
802;0SV0060570YS;134;194;0.00038501
802;0SV0060570YS;140;194;0.01009523
802;0SV0060570YS;143;194;0.00005665
802;0NC006023MEN;108;190;0.00019952
802;0NC006023MEN;107;191;0.00039462
802;0NC006023MEN;108;191;0.00038830
802;0NC006023MEN;106;192;0.00071403
802;0NC006023MEN;107;192;0.00015896
802;0NC006023MEN;105;193;0.00026319
802;0NC006023MEN;106;193;0.00027939
802;0NC006023MEN;118;193;0.01965874
802;0NC006023MEN;104;194;0.00000186
802;0NC006023MEN;105;194;0.00000978
802;0NC006023MEN;113;194;0.00359125
802;0NC006023MEN;114;194;0.00483262
802;0NC006023MEN;115;194;0.00483262
802;0NC006023MEN;116;194;0.00393126
802;0NC006023MEN;118;194;0.01893265
802;0NC006023MEN;104;195;0.00001109
802;0NC006023MEN;107;195;0.00017863
802;0NC006023MEN;108;195;0.00052667
802;0NC006023MEN;112;195;0.00270667
802;0NC006023MEN;113;195;0.00271507
802;0NC006023MEN;117;195;0.01767791
802;0NC006023MEN;118;195;0.00880332
802;0NC006023MEN;104;196;0.00055861
802;0NC006023MEN;105;196;0.00111876
802;0NC006023MEN;108;196;0.00156109
802;0NC006023MEN;109;196;0.00208776
802;0NC006023MEN;110;196;0.00098475
802;0NC006023MEN;112;196;0.00542173
802;0NC006023MEN;117;196;0.03209689
802;0NC006023MEN;118;196;0.00915510
802;0NC006023MEN;119;196;0.00819648
802;0NC006023MEN;105;197;0.00201962
802;0NC006023MEN;110;197;0.00110301
802;0NC006023MEN;111;197;0.00863486
802;0NC006023MEN;112;197;0.00355845
802;0NC006023MEN;113;197;0.00168454
802;0NC006023MEN;116;197;0.02178559
802;0NC006023MEN;117;197;0.00295481
802;0NC006023MEN;105;198;0.00203173
802;0NC006023MEN;110;198;0.00628529
802;0NC006023MEN;111;198;0.00264380
802;0NC006023MEN;113;198;0.00084289
802;0NC006023MEN;114;198;0.00244973
802;0NC006023MEN;116;198;0.02459635
802;0NC006023MEN;104;199;0.00080171
802;0NC006023MEN;105;199;0.00129811
802;0NC006023MEN;109;199;0.00585674
802;0NC006023MEN;110;199;0.00282984
802;0NC006023MEN;114;199;0.00118989
802;0NC006023MEN;115;199;0.02511455
802;0NC006023MEN;116;199;0.00085139
802;0NC006023MEN;104;200;0.00210912
802;0NC006023MEN;108;200;0.00395421
802;0NC006023MEN;109;200;0.00407873
802;0NC006023MEN;115;200;0.02749641
802;0NC006023MEN;116;200;0.00027278
802;0NC006023MEN;104;201;0.00174078
802;0NC006023MEN;105;201;0.00037604
802;0NC006023MEN;106;201;0.00145597
802;0NC006023MEN;107;201;0.00248773
802;0NC006023MEN;108;201;0.00583492
802;0NC006023MEN;115;201;0.07491401
802;0NC006023MEN;103;202;0.00130933
802;0NC006023MEN;104;202;0.00183760
802;0NC006023MEN;105;202;0.00119535
802;0NC006023MEN;107;202;0.00134944
802;0NC006023MEN;115;202;0.04533033
802;0NC006023MEN;117;202;0.00135590
802;0NC006023MEN;118;202;0.00913228
802;0NC006023MEN;103;203;0.00563372
802;0NC006023MEN;107;203;0.00129222
802;0NC006023MEN;115;203;0.04885411
802;0NC006023MEN;116;203;0.01468804
802;0NC006023MEN;117;203;0.01284374
802;0NC006023MEN;103;204;0.00951895
802;0NC006023MEN;104;204;0.00029230
802;0NC006023MEN;105;204;0.00065506
802;0NC006023MEN;106;204;0.00137852
802;0NC006023MEN;107;204;0.00116374
802;0NC006023MEN;113;204;0.00071978
802;0NC006023MEN;114;204;0.02774330
802;0NC006023MEN;115;204;0.00735532
802;0NC006023MEN;117;204;0.00882390
802;0NC006023MEN;103;205;0.00935039
802;0NC006023MEN;104;205;0.00106639
802;0NC006023MEN;105;205;0.00073728
802;0NC006023MEN;106;205;0.00065411
802;0NC006023MEN;113;205;0.02616966
802;0NC006023MEN;117;205;0.00518236
802;0NC006023MEN;102;206;0.00033909
802;0NC006023MEN;103;206;0.00410870
802;0NC006023MEN;106;206;0.00025985
802;0NC006023MEN;107;206;0.00216424
802;0NC006023MEN;108;206;0.00216424
802;0NC006023MEN;109;206;0.00109054
802;0NC006023MEN;113;206;0.02593444
802;0NC006023MEN;102;207;0.01255200
802;0NC006023MEN;105;207;0.00222251
802;0NC006023MEN;106;207;0.00208426
802;0NC006023MEN;109;207;0.00180319
802;0NC006023MEN;110;207;0.00127104
802;0NC006023MEN;112;207;0.01649538
802;0NC006023MEN;113;207;0.01001699
802;0NC006023MEN;102;208;0.00313095
802;0NC006023MEN;103;208;0.01475949
802;0NC006023MEN;104;208;0.00242330
802;0NC006023MEN;105;208;0.00071712
802;0NC006023MEN;110;208;0.00093542
802;0NC006023MEN;111;208;0.00157962
802;0NC006023MEN;112;208;0.02782393
802;0NC006023MEN;103;209;0.01547646
802;0NC006023MEN;112;209;0.03476331
802;0NC006023MEN;103;210;0.00962177
802;0NC006023MEN;111;210;0.00085408
802;0NC006023MEN;112;210;0.01911238
802;0NC006023MEN;103;211;0.00026138
802;0NC006023MEN;104;211;0.00050785
802;0NC006023MEN;111;211;0.01224611
802;0NC006023MEN;103;212;0.00010010
802;0NC006023MEN;104;212;0.00059028
802;0NC006023MEN;110;212;0.00456558
802;0NC006023MEN;111;212;0.01033783
802;0NC006023MEN;103;213;0.00076359
802;0NC006023MEN;110;213;0.00781667
802;0NC006023MEN;111;213;0.00186647
802;0NC006023MEN;112;213;0.00613158
802;0NC006023MEN;103;214;0.00056235
802;0NC006023MEN;110;214;0.00781720
802;0NC006023MEN;112;214;0.00603049
802;0NC006023MEN;103;215;0.00082432
802;0NC006023MEN;109;215;0.00155471
802;0NC006023MEN;110;215;0.00784647
802;0NC006023MEN;112;215;0.00571206
802;0NC006023MEN;103;216;0.00070504
802;0NC006023MEN;109;216;0.00562135
802;0NC006023MEN;110;216;0.00011708
802;0NC006023MEN;112;216;0.00234765
802;0NC006023MEN;103;217;0.00073225
802;0NC006023MEN;109;217;0.00543094
802;0NC006023MEN;102;218;0.00032557
802;0NC006023MEN;103;218;0.00041909
802;0NC006023MEN;108;218;0.00309897
802;0NC006023MEN;109;218;0.00186356
802;0NC006023MEN;102;219;0.00014750
802;0NC006023MEN;103;219;0.00030631
802;0NC006023MEN;104;219;0.00001431
802;0NC006023MEN;106;219;0.00523711
802;0NC006023MEN;107;219;0.00496485
802;0NC006023MEN;108;219;0.00639973
802;0NC006023MEN;104;220;0.00033213
802;0NC006023MEN;105;220;0.00656783
802;0NC006023MEN;106;220;0.00019629
802;0NC006023MEN;104;221;0.00486329
802;0NC006023MEN;105;221;0.00311748
802;0NC006023MEN;104;222;0.00621263
802;0NC006023MEN;103;223;0.00337120
802;0NC006023MEN;104;223;0.00297327
802;0NC006023MEN;103;224;0.00226247
802;0NC006023MEN;104;224;0.00225672
802;0SV006034SAC;147;172;0.00142717
802;0SV006034SAC;148;172;0.00242582
802;0SV006034SAC;149;172;0.00013037
802;0SV006034SAC;146;173;0.00101258
802;0SV006034SAC;147;173;0.00311292
802;0SV006034SAC;148;173;0.00155609
802;0SV006034SAC;148;174;0.00022668
802;0SV006034SAC;149;174;0.00054896
802;0SV006034SAC;148;175;0.00002713
802;0SV006034SAC;149;175;0.00077198
802;0SV006034SAC;150;175;0.00073713
802;0SV006034SAC;152;175;0.00016709
802;0SV006034SAC;153;175;0.00036841
802;0SV006034SAC;154;175;0.00029498
802;0SV006034SAC;155;175;0.00078094
802;0SV006034SAC;148;176;0.00002799
802;0SV006034SAC;149;176;0.00005306
802;0SV006034SAC;150;176;0.00127508
802;0SV006034SAC;151;176;0.00748061
802;0SV006034SAC;152;176;0.00000234
802;0SV006034SAC;154;176;0.00506982
802;0SV006034SAC;155;176;0.00275614
802;0SV006034SAC;156;176;0.00011961
802;0SV006034SAC;149;177;0.00011424
802;0SV006034SAC;150;177;0.00008817
802;0SV006034SAC;151;177;0.00478763
802;0SV006034SAC;152;177;0.00009861
802;0SV006034SAC;153;177;0.00007036
802;0SV006034SAC;154;177;0.00773205
802;0SV006034SAC;155;177;0.00025348
802;0SV006034SAC;156;177;0.00032245
802;0SV006034SAC;157;177;0.00007135
802;0SV006034SAC;149;178;0.00017717
802;0SV006034SAC;150;178;0.00010647
802;0SV006034SAC;151;178;0.00478305
802;0SV006034SAC;152;178;0.00006415
802;0SV006034SAC;153;178;0.00001197
802;0SV006034SAC;154;178;0.00788505
802;0SV006034SAC;155;178;0.00020905
802;0SV006034SAC;156;178;0.00021197
802;0SV006034SAC;157;178;0.00013953
802;0SV006034SAC;158;178;0.00004528
802;0SV006034SAC;159;178;0.00001380
802;0SV006034SAC;150;179;0.00018490
802;0SV006034SAC;151;179;0.00619386
802;0SV006034SAC;152;179;0.00134742
802;0SV006034SAC;153;179;0.00943752
802;0SV006034SAC;154;179;0.00097264
802;0SV006034SAC;155;179;0.00014617
802;0SV006034SAC;156;179;0.00020275
802;0SV006034SAC;157;179;0.00005861
802;0SV006034SAC;159;179;0.00000284
802;0SV006034SAC;160;179;0.00001365
802;0SV006034SAC;150;180;0.00000252
802;0SV006034SAC;151;180;0.01170117
802;0SV006034SAC;152;180;0.01113971
802;0SV006034SAC;153;180;0.01375247
802;0SV006034SAC;154;180;0.00228000
802;0SV006034SAC;155;180;0.00103801
802;0SV006034SAC;156;180;0.00033495
802;0SV006034SAC;157;180;0.00010993
802;0SV006034SAC;150;181;0.00650931
802;0SV006034SAC;151;181;0.00532605
802;0SV006034SAC;152;181;0.02175686
802;0SV006034SAC;153;181;0.00587172
802;0SV006034SAC;154;181;0.00298844
802;0SV006034SAC;155;181;0.00223810
802;0SV006034SAC;156;181;0.00003700
802;0SV006034SAC;157;181;0.00022572
802;0SV006034SAC;149;182;0.00011496
802;0SV006034SAC;150;182;0.01522510
802;0SV006034SAC;151;182;0.01571610
802;0SV006034SAC;152;182;0.02238104
802;0SV006034SAC;153;182;0.00520708
802;0SV006034SAC;154;182;0.00295584
802;0SV006034SAC;155;182;0.00089375
802;0SV006034SAC;156;182;0.00337615
802;0SV006034SAC;157;182;0.00178642
802;0SV006034SAC;158;182;0.00130714
802;0SV006034SAC;159;182;0.00152380
802;0SV006034SAC;160;182;0.00319603
802;0SV006034SAC;149;183;0.00012236
802;0SV006034SAC;150;183;0.01664115
802;0SV006034SAC;151;183;0.02799255
802;0SV006034SAC;152;183;0.01021336
802;0SV006034SAC;153;183;0.00776019
802;0SV006034SAC;154;183;0.00525075
802;0SV006034SAC;155;183;0.00159878
802;0SV006034SAC;156;183;0.00157749
802;0SV006034SAC;157;183;0.00093178
802;0SV006034SAC;159;183;0.00022172
802;0SV006034SAC;160;183;0.00000943
802;0SV006034SAC;150;184;0.03038013
802;0SV006034SAC;151;184;0.05001855
802;0SV006034SAC;152;184;0.02944992
802;0SV006034SAC;153;184;0.02968531
802;0SV006034SAC;154;184;0.02448234
802;0SV006034SAC;155;184;0.00701880
802;0SV006034SAC;156;184;0.00212969
802;0SV006034SAC;157;184;0.00109326
802;0SV006034SAC;158;184;0.00023374
802;0SV006034SAC;159;184;0.00003700
802;0SV006034SAC;149;185;0.00225390
802;0SV006034SAC;150;185;0.02709301
802;0SV006034SAC;151;185;0.01600063
802;0SV006034SAC;152;185;0.02970199
802;0SV006034SAC;153;185;0.01073129
802;0SV006034SAC;154;185;0.00434119
802;0SV006034SAC;155;185;0.02914105
802;0SV006034SAC;156;185;0.00706846
802;0SV006034SAC;157;185;0.00117009
802;0SV006034SAC;158;185;0.00142898
802;0SV006034SAC;159;185;0.00008405
802;0SV006034SAC;148;186;0.00000332
802;0SV006034SAC;149;186;0.00011893
802;0SV006034SAC;150;186;0.03203478
802;0SV006034SAC;151;186;0.01849961
802;0SV006034SAC;152;186;0.02606448
802;0SV006034SAC;153;186;0.03490556
802;0SV006034SAC;154;186;0.00839868
802;0SV006034SAC;155;186;0.01285292
802;0SV006034SAC;156;186;0.01638167
802;0SV006034SAC;157;186;0.01679742
802;0SV006034SAC;158;186;0.01452079
802;0SV006034SAC;159;186;0.01016397
802;0SV006034SAC;148;187;0.00721650
802;0SV006034SAC;149;187;0.01049767
802;0SV006034SAC;150;187;0.01023137
802;0SV006034SAC;151;187;0.00314556
802;0SV006034SAC;152;187;0.00342026
802;0SV006034SAC;153;187;0.01947684
802;0SV006034SAC;154;187;0.03668039
802;0SV006034SAC;155;187;0.01996843
802;0SV006034SAC;156;187;0.01148727
802;0SV006034SAC;157;187;0.00945309
802;0SV006034SAC;158;187;0.00757577
802;0SV006034SAC;159;187;0.00039946
802;0SV006034SAC;148;188;0.00001507
802;0SV006034SAC;149;188;0.00001635
802;0SV006034SAC;150;188;0.00451015
802;0SV006034SAC;151;188;0.00158543
802;0SV006034SAC;152;188;0.00227672
802;0SV006034SAC;153;188;0.00671574
802;0SV006034SAC;154;188;0.01651524
802;0SV006034SAC;155;188;0.01666827
802;0SV006034SAC;156;188;0.00440328
802;0SV006034SAC;157;188;0.00323028
802;0SV006034SAC;158;188;0.00177126
802;0SV006034SAC;159;188;0.00037177
802;0SV006034SAC;150;189;0.00063062
802;0SV006034SAC;151;189;0.00001758
802;0SV006034SAC;152;189;0.00000006
802;SJV006020SJU;175;137;0.00011331
802;SJV006020SJU;176;137;0.00103315
802;SJV006020SJU;177;137;0.00103474
802;SJV006020SJU;178;137;0.00131299
802;SJV006020SJU;179;137;0.00131304
802;SJV006020SJU;180;137;0.00164644
802;SJV006020SJU;181;137;0.00447358
802;SJV006020SJU;182;137;0.00198270
802;SJV006020SJU;183;137;0.00009391
802;SJV006020SJU;184;137;0.01338246
802;SJV006020SJU;173;138;0.00291680
802;SJV006020SJU;174;138;0.00386568
802;SJV006020SJU;175;138;0.00252142
802;SJV006020SJU;176;138;0.00079647
802;SJV006020SJU;180;138;0.00109646
802;SJV006020SJU;181;138;0.00404556
802;SJV006020SJU;182;138;0.00018288
802;SJV006020SJU;183;138;0.04776843
802;SJV006020SJU;184;138;0.01384391
802;SJV006020SJU;185;138;0.00856423
802;SJV006020SJU;186;138;0.00848397
802;SJV006020SJU;187;138;0.00676415
802;SJV006020SJU;174;139;0.00113747
802;SJV006020SJU;176;139;0.00127690
802;SJV006020SJU;177;139;0.00167476
802;SJV006020SJU;178;139;0.00159686
802;SJV006020SJU;179;139;0.00170525
802;SJV006020SJU;180;139;0.00395795
802;SJV006020SJU;181;139;0.00714757
802;SJV006020SJU;182;139;0.04038681
802;SJV006020SJU;183;139;0.01582164
802;SJV006020SJU;184;139;0.00421426
802;SJV006020SJU;185;139;0.00628508
802;SJV006020SJU;186;139;0.00611684
802;SJV006020SJU;187;139;0.02265373
802;SJV006020SJU;174;140;0.00142585
802;SJV006020SJU;175;140;0.00046604
802;SJV006020SJU;176;140;0.00053747
802;SJV006020SJU;177;140;0.00116340
802;SJV006020SJU;178;140;0.00084131
802;SJV006020SJU;179;140;0.00140522
802;SJV006020SJU;180;140;0.00943830
802;SJV006020SJU;181;140;0.05793349
802;SJV006020SJU;182;140;0.02543276
802;SJV006020SJU;183;140;0.00000831
802;SJV006020SJU;185;140;0.00175813
802;SJV006020SJU;187;140;0.01089924
802;SJV006020SJU;174;141;0.00106399
802;SJV006020SJU;177;141;0.00099183
802;SJV006020SJU;178;141;0.00052185
802;SJV006020SJU;179;141;0.00062406
802;SJV006020SJU;180;141;0.03526870
802;SJV006020SJU;181;141;0.05854741
802;SJV006020SJU;182;141;0.01070480
802;SJV006020SJU;183;141;0.00364110
802;SJV006020SJU;184;141;0.00185444
802;SJV006020SJU;185;141;0.00264596
802;SJV006020SJU;186;141;0.00207005
802;SJV006020SJU;187;141;0.01058954
802;SJV006020SJU;188;141;0.00096340
802;SJV006020SJU;189;141;0.00004291
802;SJV006020SJU;172;142;0.00024735
802;SJV006020SJU;173;142;0.00035787
802;SJV006020SJU;174;142;0.00178633
802;SJV006020SJU;175;142;0.00128741
802;SJV006020SJU;176;142;0.00079597
802;SJV006020SJU;177;142;0.00194845
802;SJV006020SJU;178;142;0.00135689
802;SJV006020SJU;179;142;0.02358478
802;SJV006020SJU;180;142;0.03089194
802;SJV006020SJU;181;142;0.00474679
802;SJV006020SJU;182;142;0.00146076
802;SJV006020SJU;183;142;0.00402470
802;SJV006020SJU;184;142;0.00491650
802;SJV006020SJU;185;142;0.00483512
802;SJV006020SJU;186;142;0.00491595
802;SJV006020SJU;187;142;0.01668335
802;SJV006020SJU;188;142;0.00501129
802;SJV006020SJU;189;142;0.00019289
802;SJV006020SJU;172;143;0.00028598
802;SJV006020SJU;174;143;0.00078572
802;SJV006020SJU;175;143;0.00093014
802;SJV006020SJU;176;143;0.00078185
802;SJV006020SJU;177;143;0.00168269
802;SJV006020SJU;178;143;0.02062634
802;SJV006020SJU;179;143;0.03150817
802;SJV006020SJU;180;143;0.00073459
802;SJV006020SJU;181;143;0.00234466
802;SJV006020SJU;182;143;0.00108263
802;SJV006020SJU;183;143;0.00057904
802;SJV006020SJU;184;143;0.00053783
802;SJV006020SJU;187;143;0.01316881
802;SJV006020SJU;172;144;0.00792632
802;SJV006020SJU;173;144;0.00897967
802;SJV006020SJU;174;144;0.00975207
802;SJV006020SJU;175;144;0.00895791
802;SJV006020SJU;176;144;0.01157402
802;SJV006020SJU;177;144;0.01816470
802;SJV006020SJU;178;144;0.03640752
802;SJV006020SJU;179;144;0.00105663
802;SJV006020SJU;181;144;0.00100800
802;SJV006020SJU;183;144;0.00073106
802;SJV006020SJU;184;144;0.00043271
802;SJV006020SJU;185;144;0.00103339
802;SJV006020SJU;186;144;0.00016641
802;SJV006020SJU;187;144;0.00296434
802;SJV006020SJU;188;144;0.01114202
802;SJV006020SJU;174;145;0.00035748
802;SJV006020SJU;175;145;0.00046491
802;SJV006020SJU;176;145;0.01165943
802;SJV006020SJU;177;145;0.03351596
802;SJV006020SJU;178;145;0.00172962
802;SJV006020SJU;179;145;0.00129462
802;SJV006020SJU;180;145;0.00103813
802;SJV006020SJU;181;145;0.00116460
802;SJV006020SJU;182;145;0.00070915
802;SJV006020SJU;183;145;0.00050321
802;SJV006020SJU;184;145;0.00134525
802;SJV006020SJU;185;145;0.00099788
802;SJV006020SJU;186;145;0.00016830
802;SJV006020SJU;188;145;0.01348512
802;SJV006020SJU;189;145;0.00367960
802;SJV006020SJU;176;146;0.00426943
802;SJV006020SJU;178;146;0.00010009
802;SJV006020SJU;179;146;0.00011039
802;SJV006020SJU;184;146;0.00069136
802;SJV006020SJU;185;146;0.00002930
802;SJV006020SJU;186;146;0.00109236
802;SJV006020SJU;187;146;0.00059814
802;SJV006020SJU;188;146;0.01154911
802;SJV006020SJU;189;146;0.00064990
802;SJV006020SJU;190;146;0.00255875
802;SJV006020SJU;193;146;0.00039637
802;SJV006020SJU;184;147;0.00056654
802;SJV006020SJU;186;147;0.00034335
802;SJV006020SJU;187;147;0.00372576
802;SJV006020SJU;188;147;0.00717354
802;SJV006020SJU;189;147;0.00414288
802;SJV006020SJU;190;147;0.00046565
802;SJV006020SJU;191;147;0.00225309
802;SJV006020SJU;192;147;0.00236652
802;SJV006020SJU;193;147;0.00113726
802;SJV006020SJU;194;147;0.00006542
802;SJV006020SJU;184;148;0.00043764
802;SJV006020SJU;185;148;0.00032450
802;SJV006020SJU;186;148;0.00109983
802;SJV006020SJU;187;148;0.00263371
802;SJV006020SJU;188;148;0.00461036
802;SJV006020SJU;189;148;0.00768382
802;SJV006020SJU;192;148;0.00090884
802;SJV006020SJU;193;148;0.00299337
802;SJV006020SJU;183;149;0.00007809
802;SJV006020SJU;184;149;0.00013854
802;SJV006020SJU;185;149;0.00003233
802;SJV006020SJU;186;149;0.00006733
802;SJV006020SJU;187;149;0.00002063
802;SJV006020SJU;188;149;0.00130135
802;SJV006020SJU;189;149;0.01531779
802;SJV006020SJU;190;149;0.00497516
802;SJV006020SJU;191;149;0.00041457
802;SJV006020SJU;192;149;0.00029662
802;SJV006020SJU;193;149;0.00146763
802;SJV006020SJU;187;150;0.00060696
802;SJV006020SJU;190;150;0.01505282
802;SJV006020SJU;191;150;0.00123441
802;SJV006020SJU;192;150;0.00223485
802;SJV006020SJU;193;150;0.00043827
802;SJV006020SJU;187;151;0.00049970
802;SJV006020SJU;188;151;0.00233909
802;SJV006020SJU;189;151;0.00485524
802;SJV006020SJU;190;151;0.01270049
802;SJV006020SJU;191;151;0.00254951
802;SJV006020SJU;192;151;0.00047258
802;SJV006020SJU;188;152;0.00165079
802;SJV006020SJU;190;152;0.00344096
802;SJV006020SJU;188;153;0.00059201
802;SJV006020SJU;190;153;0.00253797
802;SJV006020SJU;190;154;0.00115325
802;0SV0060580FR;150;195;0.01667928
802;0SV0060580FR;149;196;0.00256298
802;0SV0060580FR;150;196;0.03608099
802;0SV0060580FR;151;196;0.00287728
802;0SV0060580FR;152;196;0.05520909
802;0SV0060580FR;153;196;0.00171277
802;0SV0060580FR;149;197;0.00422375
802;0SV0060580FR;150;197;0.04819474
802;0SV0060580FR;151;197;0.05202428
802;0SV0060580FR;152;197;0.00198910
802;0SV0060580FR;153;197;0.00853574
802;0SV0060580FR;154;197;0.00169392
802;0SV0060580FR;149;198;0.01284336
802;0SV0060580FR;150;198;0.09067875
802;0SV0060580FR;151;198;0.00131353
802;0SV0060580FR;152;198;0.00074907
802;0SV0060580FR;153;198;0.00006404
802;0SV0060580FR;154;198;0.00569105
802;0SV0060580FR;149;199;0.14788560
802;0SV0060580FR;150;199;0.03561931
802;0SV0060580FR;151;199;0.00607695
802;0SV0060580FR;152;199;0.00475672
802;0SV0060580FR;154;199;0.00558032
802;0SV0060580FR;148;200;0.02642915
802;0SV0060580FR;149;200;0.12513429
802;0SV0060580FR;150;200;0.00744235
802;0SV0060580FR;151;200;0.01533484
802;0SV0060580FR;152;200;0.01492387
802;0SV0060580FR;153;200;0.00050061
802;0SV0060580FR;154;200;0.00334130
802;0SV0060580FR;149;201;0.02312905
802;0SV0060580FR;150;201;0.02543535
802;0SV0060580FR;153;201;0.01465674
802;0SV0060580FR;154;201;0.01414860
802;0SV0060580FR;155;201;0.01281432
802;0SV0060580FR;148;202;0.01285136
802;0SV0060580FR;149;202;0.00866731
802;0SV0060580FR;150;202;0.01028965
802;0SV0060580FR;151;202;0.01295932
802;0SV0060580FR;152;202;0.00661841
802;0SV0060580FR;153;202;0.00072135
802;0SV0060580FR;154;202;0.00058556
802;0SV0060580FR;149;203;0.02138030
802;0SV0060580FR;150;203;0.00101446
802;0SV0060580FR;151;203;0.00940915
802;0SV0060580FR;152;203;0.00763201
802;0SV0060580FR;153;203;0.00718867
802;0SV0060580FR;149;204;0.01237605
802;0SV0060580FR;150;204;0.00022792
802;0SV0060580FR;151;204;0.00283709
802;0SV0060580FR;152;204;0.00633430
802;0SV0060580FR;153;204;0.01062799
802;0SV0060580FR;154;204;0.00300425
802;0SV0060580FR;151;205;0.00026316
802;0SV0060580FR;152;205;0.00022748
802;0SV0060580FR;153;205;0.00168072
802;0SV0060580FR;154;205;0.00994945
802;0SV0060580FR;155;205;0.00242887
802;0SV0060580FR;156;205;0.00042271
802;0SV0060580FR;157;205;0.00038634
802;0SV0060580FR;158;205;0.00022749
802;0SV0060580FR;154;206;0.00670497
802;0SV0060580FR;155;206;0.00035195
802;0SV0060580FR;156;206;0.00240240
802;0SV0060580FR;157;206;0.00340244
802;0SV0060580FR;158;206;0.00413094
802;0SV0060580FR;155;207;0.00203990
802;0SV0060580FR;158;207;0.00106889
802;0SV0060580FR;159;207;0.00118535
802;0SV0060580FR;159;208;0.00004983
802;0SV0060580FR;160;208;0.00135965
802;0SV0060580FR;160;209;0.00065922
802;SJV006054SJU;194;109;0.00007211
802;SJV006054SJU;196;109;0.00001519
802;SJV006054SJU;197;109;0.00018534
802;SJV006054SJU;198;109;0.00031130
802;SJV006054SJU;199;109;0.00689512
802;SJV006054SJU;200;109;0.00188684
802;SJV006054SJU;201;109;0.00074658
802;SJV006054SJU;202;109;0.00108059
802;SJV006054SJU;203;109;0.00147181
802;SJV006054SJU;208;109;0.00003217
802;SJV006054SJU;209;109;0.00041891
802;SJV006054SJU;194;110;0.00009746
802;SJV006054SJU;196;110;0.00048173
802;SJV006054SJU;197;110;0.00052026
802;SJV006054SJU;198;110;0.00058736
802;SJV006054SJU;199;110;0.01061674
802;SJV006054SJU;200;110;0.00090351
802;SJV006054SJU;201;110;0.00113923
802;SJV006054SJU;202;110;0.00128650
802;SJV006054SJU;203;110;0.00273999
802;SJV006054SJU;208;110;0.00025915
802;SJV006054SJU;209;110;0.00015716
802;SJV006054SJU;193;111;0.00013904
802;SJV006054SJU;194;111;0.00053299
802;SJV006054SJU;195;111;0.00016857
802;SJV006054SJU;196;111;0.00058837
802;SJV006054SJU;198;111;0.00008101
802;SJV006054SJU;199;111;0.01053320
802;SJV006054SJU;200;111;0.00050381
802;SJV006054SJU;201;111;0.00072882
802;SJV006054SJU;202;111;0.00043605
802;SJV006054SJU;203;111;0.00277513
802;SJV006054SJU;207;111;0.00050122
802;SJV006054SJU;208;111;0.00017975
802;SJV006054SJU;209;111;0.00046493
802;SJV006054SJU;210;111;0.00055750
802;SJV006054SJU;211;111;0.00056321
802;SJV006054SJU;193;112;0.00000651
802;SJV006054SJU;194;112;0.00015578
802;SJV006054SJU;195;112;0.00119254
802;SJV006054SJU;196;112;0.00102535
802;SJV006054SJU;197;112;0.00104830
802;SJV006054SJU;198;112;0.01273789
802;SJV006054SJU;199;112;0.00368470
802;SJV006054SJU;200;112;0.00115527
802;SJV006054SJU;201;112;0.00153583
802;SJV006054SJU;202;112;0.00118795
802;SJV006054SJU;203;112;0.00418383
802;SJV006054SJU;204;112;0.00121303
802;SJV006054SJU;205;112;0.00059358
802;SJV006054SJU;206;112;0.00064198
802;SJV006054SJU;207;112;0.00048313
802;SJV006054SJU;208;112;0.00033069
802;SJV006054SJU;209;112;0.00027954
802;SJV006054SJU;210;112;0.00056705
802;SJV006054SJU;211;112;0.00058004
802;SJV006054SJU;193;113;0.00000736
802;SJV006054SJU;194;113;0.00020689
802;SJV006054SJU;195;113;0.00051933
802;SJV006054SJU;196;113;0.00000547
802;SJV006054SJU;198;113;0.01408633
802;SJV006054SJU;199;113;0.00007507
802;SJV006054SJU;201;113;0.00052170
802;SJV006054SJU;202;113;0.00015819
802;SJV006054SJU;203;113;0.00341569
802;SJV006054SJU;204;113;0.00057373
802;SJV006054SJU;206;113;0.00017393
802;SJV006054SJU;208;113;0.00037346
802;SJV006054SJU;209;113;0.00044049
802;SJV006054SJU;194;114;0.00075371
802;SJV006054SJU;196;114;0.00000476
802;SJV006054SJU;197;114;0.00023675
802;SJV006054SJU;198;114;0.01553087
802;SJV006054SJU;199;114;0.00098071
802;SJV006054SJU;200;114;0.00083418
802;SJV006054SJU;201;114;0.00118112
802;SJV006054SJU;202;114;0.00113729
802;SJV006054SJU;203;114;0.00505314
802;SJV006054SJU;204;114;0.00175318
802;SJV006054SJU;205;114;0.00081663
802;SJV006054SJU;206;114;0.00003108
802;SJV006054SJU;207;114;0.00057665
802;SJV006054SJU;208;114;0.00026039
802;SJV006054SJU;193;115;0.00030342
802;SJV006054SJU;194;115;0.00066650
802;SJV006054SJU;195;115;0.00046293
802;SJV006054SJU;196;115;0.00087203
802;SJV006054SJU;197;115;0.00123311
802;SJV006054SJU;198;115;0.01590492
802;SJV006054SJU;199;115;0.00125419
802;SJV006054SJU;200;115;0.00095003
802;SJV006054SJU;201;115;0.00121325
802;SJV006054SJU;202;115;0.00149753
802;SJV006054SJU;203;115;0.00067380
802;SJV006054SJU;204;115;0.00674998
802;SJV006054SJU;205;115;0.00032766
802;SJV006054SJU;206;115;0.00079573
802;SJV006054SJU;207;115;0.00047885
802;SJV006054SJU;208;115;0.00081283
802;SJV006054SJU;209;115;0.00045058
802;SJV006054SJU;193;116;0.00144903
802;SJV006054SJU;194;116;0.00106065
802;SJV006054SJU;195;116;0.00125619
802;SJV006054SJU;196;116;0.00127656
802;SJV006054SJU;197;116;0.00254370
802;SJV006054SJU;198;116;0.01930914
802;SJV006054SJU;199;116;0.00286424
802;SJV006054SJU;200;116;0.00246463
802;SJV006054SJU;201;116;0.00287242
802;SJV006054SJU;202;116;0.00285233
802;SJV006054SJU;203;116;0.00533065
802;SJV006054SJU;204;116;0.01945727
802;SJV006054SJU;205;116;0.00477170
802;SJV006054SJU;206;116;0.00380504
802;SJV006054SJU;207;116;0.00044762
802;SJV006054SJU;208;116;0.00027151
802;SJV006054SJU;193;117;0.00008490
802;SJV006054SJU;197;117;0.01455339
802;SJV006054SJU;198;117;0.00300636
802;SJV006054SJU;199;117;0.00064001
802;SJV006054SJU;200;117;0.00044354
802;SJV006054SJU;201;117;0.00111874
802;SJV006054SJU;202;117;0.00091674
802;SJV006054SJU;203;117;0.00464509
802;SJV006054SJU;204;117;0.01662900
802;SJV006054SJU;205;117;0.00047811
802;SJV006054SJU;206;117;0.00010484
802;SJV006054SJU;207;117;0.00212758
802;SJV006054SJU;208;117;0.00039882
802;SJV006054SJU;193;118;0.00102133
802;SJV006054SJU;194;118;0.00090621
802;SJV006054SJU;195;118;0.00146768
802;SJV006054SJU;196;118;0.00159776
802;SJV006054SJU;197;118;0.02020890
802;SJV006054SJU;198;118;0.00083030
802;SJV006054SJU;199;118;0.00107156
802;SJV006054SJU;201;118;0.00089643
802;SJV006054SJU;202;118;0.00006361
802;SJV006054SJU;203;118;0.01219712
802;SJV006054SJU;204;118;0.00051420
802;SJV006054SJU;205;118;0.00028132
802;SJV006054SJU;206;118;0.00033937
802;SJV006054SJU;207;118;0.00038882
802;SJV006054SJU;208;118;0.00042495
802;SJV006054SJU;209;118;0.00035784
802;SJV006054SJU;193;119;0.00006618
802;SJV006054SJU;194;119;0.00046267
802;SJV006054SJU;196;119;0.00006754
802;SJV006054SJU;197;119;0.02122278
802;SJV006054SJU;198;119;0.00062758
802;SJV006054SJU;199;119;0.00156416
802;SJV006054SJU;200;119;0.00064441
802;SJV006054SJU;201;119;0.00145659
802;SJV006054SJU;202;119;0.00191984
802;SJV006054SJU;203;119;0.01082865
802;SJV006054SJU;204;119;0.00061468
802;SJV006054SJU;205;119;0.00032811
802;SJV006054SJU;206;119;0.00000869
802;SJV006054SJU;209;119;0.00028440
802;SJV006054SJU;210;119;0.00002276
802;SJV006054SJU;193;120;0.00027821
802;SJV006054SJU;194;120;0.00170703
802;SJV006054SJU;195;120;0.00181220
802;SJV006054SJU;196;120;0.00252772
802;SJV006054SJU;197;120;0.03349300
802;SJV006054SJU;198;120;0.00638339
802;SJV006054SJU;199;120;0.00570738
802;SJV006054SJU;200;120;0.00453489
802;SJV006054SJU;201;120;0.00670439
802;SJV006054SJU;202;120;0.01513451
802;SJV006054SJU;203;120;0.00136696
802;SJV006054SJU;204;120;0.00012141
802;SJV006054SJU;209;120;0.00019600
802;SJV006054SJU;195;121;0.00080195
802;SJV006054SJU;196;121;0.00277572
802;SJV006054SJU;197;121;0.03094059
802;SJV006054SJU;198;121;0.00870788
802;SJV006054SJU;199;121;0.00276609
802;SJV006054SJU;200;121;0.00199210
802;SJV006054SJU;201;121;0.00503538
802;SJV006054SJU;202;121;0.00242274
802;SJV006054SJU;203;121;0.00009585
802;SJV006054SJU;206;121;0.00000249
802;SJV006054SJU;207;121;0.00017881
802;SJV006054SJU;208;121;0.00013624
802;SJV006054SJU;209;121;0.00002514
802;SJV006054SJU;193;122;0.00018067
802;SJV006054SJU;194;122;0.00021734
802;SJV006054SJU;195;122;0.00154571
802;SJV006054SJU;196;122;0.02144524
802;SJV006054SJU;197;122;0.00821323
802;SJV006054SJU;198;122;0.00891799
802;SJV006054SJU;199;122;0.00323179
802;SJV006054SJU;200;122;0.00080078
802;SJV006054SJU;201;122;0.00558299
802;SJV006054SJU;202;122;0.00165280
802;SJV006054SJU;203;122;0.00009189
802;SJV006054SJU;204;122;0.00011169
802;SJV006054SJU;205;122;0.00012870
802;SJV006054SJU;206;122;0.00012200
802;SJV006054SJU;194;123;0.00232110
802;SJV006054SJU;195;123;0.01064739
802;SJV006054SJU;196;123;0.03496064
802;SJV006054SJU;197;123;0.04181170
802;SJV006054SJU;198;123;0.03603064
802;SJV006054SJU;199;123;0.02442026
802;SJV006054SJU;200;123;0.01664142
802;SJV006054SJU;201;123;0.01836298
802;SJV006054SJU;202;123;0.00462913
802;SJV006054SJU;203;123;0.00050581
802;SJV006054SJU;194;124;0.00038525
802;SJV006054SJU;195;124;0.01901830
802;SJV006054SJU;196;124;0.00890962
802;SJV006054SJU;197;124;0.00985959
802;SJV006054SJU;198;124;0.01341046
802;SJV006054SJU;199;124;0.00338071
802;SJV006054SJU;200;124;0.00256674
802;SJV006054SJU;201;124;0.00245234
802;SJV006054SJU;202;124;0.00127431
802;SJV006054SJU;203;124;0.00250477
802;SJV006054SJU;204;124;0.00016943
802;SJV006054SJU;194;125;0.00589866
802;SJV006054SJU;195;125;0.00974885
802;SJV006054SJU;196;125;0.00440135
802;SJV006054SJU;197;125;0.00174275
802;SJV006054SJU;198;125;0.00621251
802;SJV006054SJU;199;125;0.00342183
802;SJV006054SJU;200;125;0.00278453
802;SJV006054SJU;201;125;0.00263411
802;SJV006054SJU;202;125;0.00145852
802;SJV006054SJU;203;125;0.00005458
802;SJV006054SJU;204;125;0.00192265
802;SJV006054SJU;205;125;0.00262679
802;SJV006054SJU;207;125;0.00039925
802;SJV006054SJU;208;125;0.00030336
802;SJV006054SJU;194;126;0.01579681
802;SJV006054SJU;196;126;0.00386330
802;SJV006054SJU;197;126;0.00061117
802;SJV006054SJU;198;126;0.00501634
802;SJV006054SJU;199;126;0.00124703
802;SJV006054SJU;200;126;0.00047218
802;SJV006054SJU;201;126;0.00099021
802;SJV006054SJU;202;126;0.00311717
802;SJV006054SJU;203;126;0.00084926
802;SJV006054SJU;204;126;0.00152116
802;SJV006054SJU;205;126;0.00036789
802;SJV006054SJU;206;126;0.00257374
802;SJV006054SJU;207;126;0.00038187
802;SJV006054SJU;193;127;0.00601143
802;SJV006054SJU;194;127;0.01075027
802;SJV006054SJU;195;127;0.00044958
802;SJV006054SJU;196;127;0.00418848
802;SJV006054SJU;197;127;0.00082322
802;SJV006054SJU;198;127;0.00469026
802;SJV006054SJU;199;127;0.00038620
802;SJV006054SJU;200;127;0.00036604
802;SJV006054SJU;201;127;0.00042865
802;SJV006054SJU;202;127;0.00081855
802;SJV006054SJU;204;127;0.00023748
802;SJV006054SJU;206;127;0.00065245
802;SJV006054SJU;207;127;0.00067122
802;SJV006054SJU;192;128;0.00229485
802;SJV006054SJU;193;128;0.00871269
802;SJV006054SJU;194;128;0.00491870
802;SJV006054SJU;195;128;0.00166111
802;SJV006054SJU;196;128;0.00478024
802;SJV006054SJU;197;128;0.00050214
802;SJV006054SJU;198;128;0.00464282
802;SJV006054SJU;199;128;0.00155456
802;SJV006054SJU;200;128;0.00085958
802;SJV006054SJU;201;128;0.00046410
802;SJV006054SJU;202;128;0.00009972
802;SJV006054SJU;204;128;0.00023620
802;SJV006054SJU;207;128;0.00002348
802;SJV006054SJU;208;128;0.00023636
802;SJV006054SJU;193;129;0.00073873
802;SJV006054SJU;194;129;0.00488824
802;SJV006054SJU;195;129;0.00547306
802;SJV006054SJU;196;129;0.00957670
802;SJV006054SJU;197;129;0.00388686
802;SJV006054SJU;198;129;0.00712708
802;SJV006054SJU;199;129;0.00099073
802;SJV006054SJU;200;129;0.00021570
802;SJV006054SJU;201;129;0.00010061
802;SJV006054SJU;202;129;0.00001700
802;SJV006054SJU;204;129;0.00026576
802;SJV006054SJU;194;130;0.00065122
802;SJV006054SJU;195;130;0.00162186
802;SJV006054SJU;196;130;0.00426520
802;SJV006054SJU;197;130;0.00221492
802;SJV006054SJU;198;130;0.00192533
802;SJV006054SJU;199;130;0.00000081
802;SJV006054SJU;200;130;0.00029891
802;SJV006054SJU;201;130;0.00055139
802;SJV006054SJU;202;130;0.00005352
802;SJV006054SJU;204;130;0.00029654
802;SJV006054SJU;198;131;0.00103990
802;SJV006054SJU;202;131;0.00047585
802;SJV006054SJU;203;131;0.00043526
802;SJV006054SJU;204;131;0.00038638
802;SJV006054SJU;198;132;0.00036392
802;SJV006054SJU;204;132;0.00042341
802;0SD0060370SD;250;21;0.00000349
802;0SD0060370SD;251;21;0.00000132
802;0SD0060370SD;252;21;0.00013396
802;0SD0060370SD;250;22;0.00063292
802;0SD0060370SD;251;22;0.00596939
802;0SD0060370SD;252;22;0.00932202
802;0SD0060370SD;253;22;0.00462843
802;0SD0060370SD;254;22;0.00421404
802;0SD0060370SD;255;22;0.00049957
802;0SD0060370SD;249;23;0.00008012
802;0SD0060370SD;250;23;0.00361730
802;0SD0060370SD;251;23;0.00626752
802;0SD0060370SD;252;23;0.01000811
802;0SD0060370SD;253;23;0.00265645
802;0SD0060370SD;254;23;0.00023700
802;0SD0060370SD;255;23;0.00000002
802;0SD0060370SD;260;23;0.00031925
802;0SD0060370SD;261;23;0.00036064
802;0SD0060370SD;263;23;0.00003052
802;0SD0060370SD;264;23;0.00004095
802;0SD0060370SD;249;24;0.00038270
802;0SD0060370SD;250;24;0.00856838
802;0SD0060370SD;251;24;0.01060189
802;0SD0060370SD;252;24;0.00743065
802;0SD0060370SD;253;24;0.00584548
802;0SD0060370SD;254;24;0.00103335
802;0SD0060370SD;255;24;0.00026208
802;0SD0060370SD;256;24;0.00002127
802;0SD0060370SD;258;24;0.00052854
802;0SD0060370SD;259;24;0.00046954
802;0SD0060370SD;260;24;0.00013242
802;0SD0060370SD;261;24;0.00011644
802;0SD0060370SD;262;24;0.00010717
802;0SD0060370SD;263;24;0.00003823
802;0SD0060370SD;264;24;0.00004633
802;0SD0060370SD;265;24;0.00004747
802;0SD0060370SD;267;24;0.00000033
802;0SD0060370SD;268;24;0.00000004
802;0SD0060370SD;271;24;0.00003672
802;0SD0060370SD;247;25;0.00000539
802;0SD0060370SD;248;25;0.00056254
802;0SD0060370SD;249;25;0.00255853
802;0SD0060370SD;250;25;0.01443373
802;0SD0060370SD;251;25;0.01287765
802;0SD0060370SD;252;25;0.00473699
802;0SD0060370SD;253;25;0.00182333
802;0SD0060370SD;254;25;0.00028115
802;0SD0060370SD;256;25;0.00051182
802;0SD0060370SD;257;25;0.00075643
802;0SD0060370SD;258;25;0.00021255
802;0SD0060370SD;259;25;0.00005791
802;0SD0060370SD;264;25;0.00008180
802;0SD0060370SD;265;25;0.00005054
802;0SD0060370SD;266;25;0.00006870
802;0SD0060370SD;267;25;0.00005274
802;0SD0060370SD;268;25;0.00002752
802;0SD0060370SD;270;25;0.00004759
802;0SD0060370SD;271;25;0.00025922
802;0SD0060370SD;272;25;0.00043029
802;0SD0060370SD;273;25;0.00029824
802;0SD0060370SD;246;26;0.00000192
802;0SD0060370SD;247;26;0.00133080
802;0SD0060370SD;248;26;0.00346560
802;0SD0060370SD;249;26;0.02266165
802;0SD0060370SD;250;26;0.02324803
802;0SD0060370SD;251;26;0.00365311
802;0SD0060370SD;252;26;0.00604532
802;0SD0060370SD;253;26;0.00043762
802;0SD0060370SD;254;26;0.00000341
802;0SD0060370SD;255;26;0.00026655
802;0SD0060370SD;256;26;0.00040943
802;0SD0060370SD;257;26;0.00000101
802;0SD0060370SD;258;26;0.00003693
802;0SD0060370SD;259;26;0.00001027
802;0SD0060370SD;264;26;0.00017093
802;0SD0060370SD;266;26;0.00000415
802;0SD0060370SD;267;26;0.00000215
802;0SD0060370SD;268;26;0.00025123
802;0SD0060370SD;269;26;0.00056845
802;0SD0060370SD;270;26;0.00043913
802;0SD0060370SD;271;26;0.00022686
802;0SD0060370SD;273;26;0.00015869
802;0SD0060370SD;247;27;0.00642821
802;0SD0060370SD;248;27;0.01970250
802;0SD0060370SD;249;27;0.01500294
802;0SD0060370SD;250;27;0.01551833
802;0SD0060370SD;251;27;0.00764066
802;0SD0060370SD;252;27;0.01111540
802;0SD0060370SD;253;27;0.00366734
802;0SD0060370SD;254;27;0.00221908
802;0SD0060370SD;255;27;0.00084563
802;0SD0060370SD;256;27;0.00019730
802;0SD0060370SD;257;27;0.00012882
802;0SD0060370SD;258;27;0.00002495
802;0SD0060370SD;259;27;0.00000704
802;0SD0060370SD;260;27;0.00000797
802;0SD0060370SD;264;27;0.00037104
802;0SD0060370SD;265;27;0.00059791
802;0SD0060370SD;266;27;0.00051844
802;0SD0060370SD;267;27;0.00055015
802;0SD0060370SD;268;27;0.00035771
802;0SD0060370SD;269;27;0.00000650
802;0SD0060370SD;270;27;0.00000602
802;0SD0060370SD;246;28;0.00015878
802;0SD0060370SD;247;28;0.00388674
802;0SD0060370SD;248;28;0.00844727
802;0SD0060370SD;249;28;0.02659563
802;0SD0060370SD;250;28;0.02186503
802;0SD0060370SD;251;28;0.01035483
802;0SD0060370SD;252;28;0.01450097
802;0SD0060370SD;253;28;0.00712647
802;0SD0060370SD;254;28;0.00171146
802;0SD0060370SD;255;28;0.00041424
802;0SD0060370SD;256;28;0.00017506
802;0SD0060370SD;257;28;0.00000803
802;0SD0060370SD;258;28;0.00002316
802;0SD0060370SD;259;28;0.00003443
802;0SD0060370SD;260;28;0.00001159
802;0SD0060370SD;262;28;0.00000146
802;0SD0060370SD;264;28;0.00075263
802;0SD0060370SD;265;28;0.00002012
802;0SD0060370SD;269;28;0.00000782
802;0SD0060370SD;246;29;0.00092259
802;0SD0060370SD;247;29;0.01161918
802;0SD0060370SD;248;29;0.00628103
802;0SD0060370SD;249;29;0.01779965
802;0SD0060370SD;250;29;0.00982764
802;0SD0060370SD;251;29;0.00102620
802;0SD0060370SD;252;29;0.00332232
802;0SD0060370SD;253;29;0.01026800
802;0SD0060370SD;254;29;0.00685230
802;0SD0060370SD;255;29;0.00080338
802;0SD0060370SD;256;29;0.00022160
802;0SD0060370SD;257;29;0.00013172
802;0SD0060370SD;258;29;0.00007427
802;0SD0060370SD;259;29;0.00001447
802;0SD0060370SD;260;29;0.00001172
802;0SD0060370SD;261;29;0.00002541
802;0SD0060370SD;262;29;0.00000130
802;0SD0060370SD;263;29;0.00008596
802;0SD0060370SD;264;29;0.00083561
802;0SD0060370SD;265;29;0.00000443
802;0SD0060370SD;269;29;0.00000082
802;0SD0060370SD;273;29;0.00000004
802;0SD0060370SD;246;30;0.00128140
802;0SD0060370SD;247;30;0.01234715
802;0SD0060370SD;248;30;0.01625057
802;0SD0060370SD;249;30;0.00803438
802;0SD0060370SD;250;30;0.01534877
802;0SD0060370SD;251;30;0.00468224
802;0SD0060370SD;252;30;0.00628089
802;0SD0060370SD;253;30;0.00656308
802;0SD0060370SD;254;30;0.00301536
802;0SD0060370SD;255;30;0.00356555
802;0SD0060370SD;256;30;0.00238686
802;0SD0060370SD;257;30;0.00258446
802;0SD0060370SD;258;30;0.00154325
802;0SD0060370SD;259;30;0.00132758
802;0SD0060370SD;260;30;0.00117515
802;0SD0060370SD;261;30;0.00137202
802;0SD0060370SD;262;30;0.00089683
802;0SD0060370SD;263;30;0.00084275
802;0SD0060370SD;264;30;0.00005165
802;0SD0060370SD;265;30;0.00000939
802;0SD0060370SD;271;30;0.00000013
802;0SD0060370SD;272;30;0.00000021
802;0SD0060370SD;273;30;0.00000009
802;0SD0060370SD;247;31;0.01642976
802;0SD0060370SD;248;31;0.00891491
802;0SD0060370SD;249;31;0.00371325
802;0SD0060370SD;250;31;0.01398727
802;0SD0060370SD;251;31;0.00001108
802;0SD0060370SD;253;31;0.00005789
802;0SD0060370SD;254;31;0.00160889
802;0SD0060370SD;255;31;0.00042072
802;0SD0060370SD;256;31;0.00003227
802;0SD0060370SD;259;31;0.00000031
802;0SD0060370SD;260;31;0.00001078
802;0SD0060370SD;261;31;0.00004458
802;0SD0060370SD;262;31;0.00028600
802;0SD0060370SD;263;31;0.00000048
802;0SD0060370SD;264;31;0.00001619
802;0SD0060370SD;265;31;0.00003704
802;0SD0060370SD;266;31;0.00002442
802;0SD0060370SD;270;31;0.00000006
802;0SD0060370SD;271;31;0.00000016
802;0SD0060370SD;246;32;0.00055761
802;0SD0060370SD;247;32;0.01690459
802;0SD0060370SD;248;32;0.00061190
802;0SD0060370SD;249;32;0.00370176
802;0SD0060370SD;250;32;0.01358291
802;0SD0060370SD;251;32;0.00264162
802;0SD0060370SD;252;32;0.00039096
802;0SD0060370SD;253;32;0.00092653
802;0SD0060370SD;254;32;0.00016241
802;0SD0060370SD;255;32;0.00060223
802;0SD0060370SD;260;32;0.00001279
802;0SD0060370SD;261;32;0.00000136
802;0SD0060370SD;262;32;0.00020186
802;0SD0060370SD;264;32;0.00000105
802;0SD0060370SD;265;32;0.00001166
802;0SD0060370SD;270;32;0.00000024
802;0SD0060370SD;246;33;0.00851765
802;0SD0060370SD;247;33;0.00395796
802;0SD0060370SD;248;33;0.00467436
802;0SD0060370SD;249;33;0.00523962
802;0SD0060370SD;250;33;0.01490396
802;0SD0060370SD;251;33;0.00380169
802;0SD0060370SD;252;33;0.00157901
802;0SD0060370SD;253;33;0.00129550
802;0SD0060370SD;255;33;0.00012910
802;0SD0060370SD;256;33;0.00038770
802;0SD0060370SD;257;33;0.00000254
802;0SD0060370SD;260;33;0.00000061
802;0SD0060370SD;261;33;0.00000030
802;0SD0060370SD;262;33;0.00020927
802;0SD0060370SD;263;33;0.00000072
802;0SD0060370SD;264;33;0.00000581
802;0SD0060370SD;269;33;0.00000023
802;0SD0060370SD;270;33;0.00000007
802;0SD0060370SD;245;34;0.00000157
802;0SD0060370SD;246;34;0.01095078
802;0SD0060370SD;247;34;0.00095068
802;0SD0060370SD;248;34;0.00092193
802;0SD0060370SD;249;34;0.00132278
802;0SD0060370SD;250;34;0.01338303
802;0SD0060370SD;251;34;0.00140466
802;0SD0060370SD;252;34;0.00036584
802;0SD0060370SD;253;34;0.00197777
802;0SD0060370SD;254;34;0.00077966
802;0SD0060370SD;255;34;0.00020828
802;0SD0060370SD;256;34;0.00078172
802;0SD0060370SD;257;34;0.00012459
802;0SD0060370SD;258;34;0.00000425
802;0SD0060370SD;260;34;0.00000072
802;0SD0060370SD;261;34;0.00000197
802;0SD0060370SD;262;34;0.00024323
802;0SD0060370SD;263;34;0.00000645
802;0SD0060370SD;265;34;0.00001285
802;0SD0060370SD;268;34;0.00000007
802;0SD0060370SD;269;34;0.00000002
802;0SD0060370SD;245;35;0.00507430
802;0SD0060370SD;246;35;0.00644994
802;0SD0060370SD;247;35;0.00088077
802;0SD0060370SD;248;35;0.00065803
802;0SD0060370SD;249;35;0.00105243
802;0SD0060370SD;250;35;0.01130149
802;0SD0060370SD;251;35;0.00107354
802;0SD0060370SD;252;35;0.00001299
802;0SD0060370SD;253;35;0.00014298
802;0SD0060370SD;254;35;0.00055143
802;0SD0060370SD;255;35;0.00127314
802;0SD0060370SD;256;35;0.00028636
802;0SD0060370SD;257;35;0.00006032
802;0SD0060370SD;260;35;0.00000862
802;0SD0060370SD;261;35;0.00002437
802;0SD0060370SD;262;35;0.00015545
802;0SD0060370SD;263;35;0.00000015
802;0SD0060370SD;265;35;0.00004563
802;0SD0060370SD;266;35;0.00000112
802;0SD0060370SD;245;36;0.00931552
802;0SD0060370SD;246;36;0.00367340
802;0SD0060370SD;247;36;0.00110326
802;0SD0060370SD;248;36;0.00017209
802;0SD0060370SD;249;36;0.00063139
802;0SD0060370SD;250;36;0.01082416
802;0SD0060370SD;251;36;0.00145339
802;0SD0060370SD;252;36;0.00032183
802;0SD0060370SD;253;36;0.00004517
802;0SD0060370SD;254;36;0.00038905
802;0SD0060370SD;255;36;0.00077812
802;0SD0060370SD;256;36;0.00072272
802;0SD0060370SD;257;36;0.00034357
802;0SD0060370SD;258;36;0.00046384
802;0SD0060370SD;259;36;0.00000002
802;0SD0060370SD;260;36;0.00000493
802;0SD0060370SD;261;36;0.00007350
802;0SD0060370SD;262;36;0.00024913
802;0SD0060370SD;265;36;0.00004018
802;0SD0060370SD;266;36;0.00002199
802;0SD0060370SD;244;37;0.00254038
802;0SD0060370SD;245;37;0.00918304
802;0SD0060370SD;246;37;0.00437315
802;0SD0060370SD;247;37;0.00318135
802;0SD0060370SD;248;37;0.00121311
802;0SD0060370SD;249;37;0.00214081
802;0SD0060370SD;250;37;0.01343524
802;0SD0060370SD;251;37;0.00187972
802;0SD0060370SD;252;37;0.00069448
802;0SD0060370SD;253;37;0.00059712
802;0SD0060370SD;254;37;0.00037095
802;0SD0060370SD;255;37;0.00002676
802;0SD0060370SD;256;37;0.00000478
802;0SD0060370SD;257;37;0.00017298
802;0SD0060370SD;258;37;0.00000573
802;0SD0060370SD;259;37;0.00052035
802;0SD0060370SD;260;37;0.00049702
802;0SD0060370SD;261;37;0.00051563
802;0SD0060370SD;262;37;0.00028016
802;0SD0060370SD;263;37;0.00024935
802;0SD0060370SD;264;37;0.00023218
802;0SD0060370SD;265;37;0.00009663
802;0SD0060370SD;244;38;0.00926323
802;0SD0060370SD;245;38;0.00333335
802;0SD0060370SD;246;38;0.00304975
802;0SD0060370SD;247;38;0.00815772
802;0SD0060370SD;248;38;0.00958452
802;0SD0060370SD;249;38;0.00857963
802;0SD0060370SD;250;38;0.00949119
802;0SD0060370SD;251;38;0.00242498
802;0SD0060370SD;252;38;0.00000240
802;0SD0060370SD;256;38;0.00000173
802;0SD0060370SD;257;38;0.00000731
802;0SD0060370SD;259;38;0.00022414
802;0SD0060370SD;263;38;0.00000342
802;0SD0060370SD;264;38;0.00000128
802;0SD0060370SD;265;38;0.00018451
802;0SD0060370SD;266;38;0.00008946
802;0SD0060370SD;267;38;0.00004003
802;0SD0060370SD;268;38;0.00002451
802;0SD0060370SD;243;39;0.00567480
802;0SD0060370SD;244;39;0.01078898
802;0SD0060370SD;245;39;0.00779011
802;0SD0060370SD;246;39;0.00804240
802;0SD0060370SD;247;39;0.00448371
802;0SD0060370SD;248;39;0.00048354
802;0SD0060370SD;249;39;0.00579602
802;0SD0060370SD;250;39;0.00016194
802;0SD0060370SD;251;39;0.00114469
802;0SD0060370SD;252;39;0.00074841
802;0SD0060370SD;253;39;0.00013030
802;0SD0060370SD;257;39;0.00000161
802;0SD0060370SD;258;39;0.00000256
802;0SD0060370SD;259;39;0.00025966
802;0SD0060370SD;262;39;0.00000429
802;0SD0060370SD;263;39;0.00000017
802;0SD0060370SD;266;39;0.00003889
802;0SD0060370SD;267;39;0.00008473
802;0SD0060370SD;268;39;0.00004473
802;0SD0060370SD;269;39;0.00008766
802;0SD0060370SD;270;39;0.00008363
802;0SD0060370SD;271;39;0.00008370
802;0SD0060370SD;272;39;0.00006063
802;0SD0060370SD;273;39;0.00001412
802;0SD0060370SD;242;40;0.00164568
802;0SD0060370SD;243;40;0.00591642
802;0SD0060370SD;244;40;0.00301256
802;0SD0060370SD;245;40;0.00355118
802;0SD0060370SD;246;40;0.00283692
802;0SD0060370SD;247;40;0.00101710
802;0SD0060370SD;248;40;0.00160192
802;0SD0060370SD;249;40;0.00402813
802;0SD0060370SD;250;40;0.00001847
802;0SD0060370SD;251;40;0.00110949
802;0SD0060370SD;252;40;0.00040072
802;0SD0060370SD;253;40;0.00035413
802;0SD0060370SD;257;40;0.00000676
802;0SD0060370SD;258;40;0.00026426
802;0SD0060370SD;259;40;0.00017951
802;0SD0060370SD;261;40;0.00002743
802;0SD0060370SD;262;40;0.00007490
802;0SD0060370SD;263;40;0.00006567
802;0SD0060370SD;264;40;0.00002351
802;0SD0060370SD;265;40;0.00001646
802;0SD0060370SD;267;40;0.00006148
802;0SD0060370SD;268;40;0.00003617
802;0SD0060370SD;269;40;0.00001421
802;0SD0060370SD;241;41;0.00070772
802;0SD0060370SD;242;41;0.00399967
802;0SD0060370SD;243;41;0.00206736
802;0SD0060370SD;244;41;0.00020392
802;0SD0060370SD;245;41;0.00260907
802;0SD0060370SD;246;41;0.00291437
802;0SD0060370SD;247;41;0.00081258
802;0SD0060370SD;248;41;0.00549358
802;0SD0060370SD;249;41;0.00034950
802;0SD0060370SD;250;41;0.00025614
802;0SD0060370SD;251;41;0.00050806
802;0SD0060370SD;252;41;0.00003822
802;0SD0060370SD;253;41;0.00045595
802;0SD0060370SD;256;41;0.00008392
802;0SD0060370SD;257;41;0.00030060
802;0SD0060370SD;259;41;0.00035236
802;0SD0060370SD;260;41;0.00009755
802;0SD0060370SD;261;41;0.00007742
802;0SD0060370SD;262;41;0.00001371
802;0SD0060370SD;264;41;0.00004159
802;0SD0060370SD;265;41;0.00007423
802;0SD0060370SD;266;41;0.00009057
802;0SD0060370SD;267;41;0.00008630
802;0SD0060370SD;241;42;0.00469931
802;0SD0060370SD;242;42;0.00000038
802;0SD0060370SD;243;42;0.00082890
802;0SD0060370SD;244;42;0.00153612
802;0SD0060370SD;245;42;0.00117233
802;0SD0060370SD;246;42;0.00025937
802;0SD0060370SD;247;42;0.00208331
802;0SD0060370SD;248;42;0.00459091
802;0SD0060370SD;249;42;0.00002140
802;0SD0060370SD;250;42;0.00006177
802;0SD0060370SD;251;42;0.00037928
802;0SD0060370SD;252;42;0.00012140
802;0SD0060370SD;253;42;0.00055296
802;0SD0060370SD;254;42;0.00037415
802;0SD0060370SD;255;42;0.00026468
802;0SD0060370SD;256;42;0.00015866
802;0SD0060370SD;257;42;0.00005760
802;0SD0060370SD;259;42;0.00011740
802;0SD0060370SD;260;42;0.00024792
802;0SD0060370SD;261;42;0.00000319
802;0SD0060370SD;265;42;0.00001307
802;0SD0060370SD;266;42;0.00014538
802;0SD0060370SD;267;42;0.00002018
802;0SD0060370SD;268;42;0.00000190
802;0SD0060370SD;239;43;0.00067100
802;0SD0060370SD;240;43;0.00461589
802;0SD0060370SD;241;43;0.00053755
802;0SD0060370SD;242;43;0.00002266
802;0SD0060370SD;243;43;0.00006670
802;0SD0060370SD;244;43;0.00045175
802;0SD0060370SD;245;43;0.00054356
802;0SD0060370SD;246;43;0.00090896
802;0SD0060370SD;247;43;0.00058699
802;0SD0060370SD;248;43;0.00578303
802;0SD0060370SD;249;43;0.00034188
802;0SD0060370SD;250;43;0.00002133
802;0SD0060370SD;251;43;0.00013141
802;0SD0060370SD;252;43;0.00035364
802;0SD0060370SD;253;43;0.00002901
802;0SD0060370SD;254;43;0.00000693
802;0SD0060370SD;255;43;0.00002856
802;0SD0060370SD;258;43;0.00002742
802;0SD0060370SD;259;43;0.00014819
802;0SD0060370SD;266;43;0.00001848
802;0SD0060370SD;267;43;0.00000382
802;0SD0060370SD;268;43;0.00000091
802;0SD0060370SD;269;43;0.00000081
802;0SD0060370SD;270;43;0.00000084
802;0SD0060370SD;271;43;0.00000086
802;0SD0060370SD;272;43;0.00000081
802;0SD0060370SD;273;43;0.00000021
802;0SD0060370SD;238;44;0.00238211
802;0SD0060370SD;239;44;0.00408624
802;0SD0060370SD;240;44;0.00036680
802;0SD0060370SD;241;44;0.00013847
802;0SD0060370SD;242;44;0.00002652
802;0SD0060370SD;245;44;0.00015945
802;0SD0060370SD;246;44;0.00152612
802;0SD0060370SD;247;44;0.00024892
802;0SD0060370SD;248;44;0.00506944
802;0SD0060370SD;249;44;0.00038924
802;0SD0060370SD;250;44;0.00039891
802;0SD0060370SD;251;44;0.00023347
802;0SD0060370SD;252;44;0.00000645
802;0SD0060370SD;254;44;0.00000312
802;0SD0060370SD;255;44;0.00001091
802;0SD0060370SD;257;44;0.00004292
802;0SD0060370SD;258;44;0.00015225
802;0SD0060370SD;266;44;0.00000255
802;0SD0060370SD;238;45;0.00006548
802;0SD0060370SD;239;45;0.00011290
802;0SD0060370SD;240;45;0.00002549
802;0SD0060370SD;244;45;0.00005252
802;0SD0060370SD;245;45;0.00013303
802;0SD0060370SD;246;45;0.00022018
802;0SD0060370SD;247;45;0.00061227
802;0SD0060370SD;248;45;0.00484557
802;0SD0060370SD;249;45;0.00000022
802;0SD0060370SD;250;45;0.00012832
802;0SD0060370SD;256;45;0.00004844
802;0SD0060370SD;257;45;0.00007726
802;0SD0060370SD;258;45;0.00004338
802;0SD0060370SD;259;45;0.00000973
802;0SD0060370SD;239;46;0.00001615
802;0SD0060370SD;240;46;0.00001400
802;0SD0060370SD;241;46;0.00001322
802;0SD0060370SD;242;46;0.00000646
802;0SD0060370SD;243;46;0.00001536
802;0SD0060370SD;244;46;0.00015718
802;0SD0060370SD;246;46;0.00000578
802;0SD0060370SD;248;46;0.00175372
802;0SD0060370SD;250;46;0.00003200
802;0SD0060370SD;255;46;0.00001425
802;0SD0060370SD;256;46;0.00002159
802;0SD0060370SD;242;47;0.00000867
802;0SD0060370SD;243;47;0.00000060
802;0SD0060370SD;244;47;0.00006887
802;0MC006032NSI;168;214;0.00011019
802;0MC006032NSI;168;215;0.00085849
802;0MC006032NSI;170;215;0.00277220
802;0MC006032NSI;171;215;0.00184032
802;0MC006032NSI;173;215;0.00024904
802;0MC006032NSI;174;215;0.01022928
802;0MC006032NSI;177;215;0.03238600
802;0MC006032NSI;178;215;0.00390124
802;0MC006032NSI;168;216;0.00021095
802;0MC006032NSI;169;216;0.00386281
802;0MC006032NSI;170;216;0.00248950
802;0MC006032NSI;174;216;0.01199689
802;0MC006032NSI;178;216;0.04992824
802;0MC006032NSI;169;217;0.02291189
802;0MC006032NSI;170;217;0.01388265
802;0MC006032NSI;171;217;0.01388265
802;0MC006032NSI;172;217;0.00946503
802;0MC006032NSI;173;217;0.00107231
802;0MC006032NSI;174;217;0.01154899
802;0MC006032NSI;177;217;0.01210303
802;0MC006032NSI;178;217;0.08098775
802;0MC006032NSI;179;217;0.07062615
802;0MC006032NSI;180;217;0.00780107
802;0MC006032NSI;168;218;0.01996734
802;0MC006032NSI;169;218;0.00083675
802;0MC006032NSI;173;218;0.00654391
802;0MC006032NSI;174;218;0.02144988
802;0MC006032NSI;175;218;0.02110004
802;0MC006032NSI;176;218;0.02110004
802;0MC006032NSI;177;218;0.00899701
802;0MC006032NSI;153;219;0.00915003
802;0MC006032NSI;166;219;0.00880238
802;0MC006032NSI;167;219;0.01789071
802;0MC006032NSI;168;219;0.00831779
802;0MC006032NSI;153;220;0.00210157
802;0MC006032NSI;154;220;0.01792831
802;0MC006032NSI;165;220;0.01277397
802;0MC006032NSI;166;220;0.01284380
802;0MC006032NSI;154;221;0.01273335
802;0MC006032NSI;155;221;0.00729653
802;0MC006032NSI;162;221;0.01609908
802;0MC006032NSI;163;221;0.01693273
802;0MC006032NSI;164;221;0.01744154
802;0MC006032NSI;165;221;0.00969070
802;0MC006032NSI;155;222;0.02002988
802;0MC006032NSI;162;222;0.01997621
802;0MC006032NSI;155;223;0.00333526
802;0MC006032NSI;156;223;0.00694200
802;0MC006032NSI;157;223;0.00671506
802;0MC006032NSI;158;223;0.00671506
802;0MC006032NSI;159;223;0.00671506
802;0MC006032NSI;160;223;0.00645014
802;0MC006032NSI;162;223;0.02152326
802;0MC006032NSI;160;224;0.00026492
802;0MC006032NSI;161;224;0.00671506
802;0MC006032NSI;162;224;0.01879692
802;0MC006032NSI;162;225;0.01721704
802;0MC006032NSI;162;226;0.01721704
802;0MC006032NSI;159;227;0.00250270
802;0MC006032NSI;160;227;0.01277208
802;0MC006032NSI;161;227;0.01221882
802;0MC006032NSI;162;227;0.00933647
802;0MC006032NSI;158;228;0.00508947
802;0MC006032NSI;159;228;0.00835867
802;0MC006032NSI;160;228;0.00332712
802;0MC006032NSI;157;229;0.00772791
802;0MC006032NSI;158;229;0.00572022
802;0MC006032NSI;160;229;0.00332712
802;0MC006032NSI;154;230;0.00949524
802;0MC006032NSI;155;230;0.01698982
802;0MC006032NSI;156;230;0.01672135
802;0MC006032NSI;157;230;0.00308178
802;0MC006032NSI;160;230;0.00332712
802;0MC006032NSI;156;231;0.00504897
802;0MC006032NSI;157;231;0.02162018
802;0MC006032NSI;158;231;0.02579676
802;0MC006032NSI;159;231;0.02245242
802;0MC006032NSI;160;231;0.01135877
802;NCC006035MBU;161;122;0.00012192
802;NCC006035MBU;162;122;0.00001966
802;NCC006035MBU;163;122;0.00001261
802;NCC006035MBU;160;123;0.00027491
802;NCC006035MBU;162;123;0.00085999
802;NCC006035MBU;160;124;0.00035715
802;NCC006035MBU;161;124;0.00084500
802;NCC006035MBU;162;124;0.00025537
802;NCC006035MBU;163;124;0.00000802
802;NCC006035MBU;164;124;0.00001884
802;NCC006035MBU;165;124;0.00001498
802;NCC006035MBU;166;124;0.00001660
802;NCC006035MBU;160;125;0.00040523
802;NCC006035MBU;161;125;0.00092141
802;NCC006035MBU;162;125;0.00001888
802;NCC006035MBU;163;125;0.00000741
802;NCC006035MBU;166;125;0.00000410
802;NCC006035MBU;167;125;0.00003345
802;NCC006035MBU;168;125;0.00001259
802;NCC006035MBU;160;126;0.00124091
802;NCC006035MBU;161;126;0.00027017
802;NCC006035MBU;167;126;0.00000166
802;NCC006035MBU;168;126;0.00002608
802;NCC006035MBU;156;127;0.00012179
802;NCC006035MBU;157;127;0.00001444
802;NCC006035MBU;159;127;0.00112943
802;NCC006035MBU;160;127;0.00011981
802;NCC006035MBU;165;127;0.00007039
802;NCC006035MBU;166;127;0.00009583
802;NCC006035MBU;167;127;0.00001681
802;NCC006035MBU;168;127;0.00000732
802;NCC006035MBU;156;128;0.00015007
802;NCC006035MBU;157;128;0.00008981
802;NCC006035MBU;158;128;0.00120461
802;NCC006035MBU;159;128;0.00094392
802;NCC006035MBU;160;128;0.00003355
802;NCC006035MBU;164;128;0.00006518
802;NCC006035MBU;165;128;0.00012506
802;NCC006035MBU;157;129;0.00139848
802;NCC006035MBU;158;129;0.00019060
802;NCC006035MBU;164;129;0.00005632
802;NCC006035MBU;156;130;0.00071965
802;NCC006035MBU;157;130;0.00113899
802;NCC006035MBU;164;130;0.00003987
802;NCC006035MBU;165;130;0.00002772
802;NCC006035MBU;156;131;0.00192682
802;NCC006035MBU;160;131;0.00007065
802;NCC006035MBU;161;131;0.00023782
802;NCC006035MBU;162;131;0.00022743
802;NCC006035MBU;163;131;0.00025202
802;NCC006035MBU;164;131;0.00005029
802;NCC006035MBU;155;132;0.00112869
802;NCC006035MBU;156;132;0.00067665
802;NCC006035MBU;157;132;0.00019038
802;NCC006035MBU;158;132;0.00026152
802;NCC006035MBU;159;132;0.00028124
802;NCC006035MBU;160;132;0.00024531
802;NCC006035MBU;163;132;0.00009314
802;NCC006035MBU;154;133;0.00007411
802;NCC006035MBU;155;133;0.00200113
802;NCC006035MBU;156;133;0.00028004
802;NCC006035MBU;157;133;0.00009477
802;NCC006035MBU;153;134;0.00024899
802;NCC006035MBU;154;134;0.00016269
802;NCC006035MBU;155;134;0.00204914
802;NCC006035MBU;156;134;0.00017836
802;NCC006035MBU;157;134;0.00000199
802;NCC006035MBU;150;135;0.00011532
802;NCC006035MBU;152;135;0.00081995
802;NCC006035MBU;153;135;0.00008842
802;NCC006035MBU;154;135;0.00279316
802;NCC006035MBU;155;135;0.00025785
802;NCC006035MBU;156;135;0.00025971
802;NCC006035MBU;157;135;0.00013753
802;NCC006035MBU;150;136;0.00034430
802;NCC006035MBU;151;136;0.00008403
802;NCC006035MBU;152;136;0.00352687
802;NCC006035MBU;153;136;0.00663560
802;NCC006035MBU;154;136;0.00366995
802;NCC006035MBU;155;136;0.00032957
802;NCC006035MBU;148;137;0.00085409
802;NCC006035MBU;149;137;0.05489886
802;NCC006035MBU;150;137;0.05778469
802;NCC006035MBU;151;137;0.02978312
802;NCC006035MBU;152;137;0.05405772
802;NCC006035MBU;153;137;0.01043488
802;NCC006035MBU;154;137;0.00020614
802;NCC006035MBU;155;137;0.00000927
802;NCC006035MBU;147;138;0.08261181
802;NCC006035MBU;148;138;0.18941038
802;NCC006035MBU;149;138;0.01654155
802;NCC006035MBU;150;138;0.00026059
802;NCC006035MBU;151;138;0.05351796
802;NCC006035MBU;152;138;0.08456572
802;NCC006035MBU;153;138;0.00266110
802;NCC006035MBU;154;138;0.00002420
802;NCC006035MBU;147;139;0.00211465
802;NCC006035MBU;148;139;0.03026682
802;NCC006035MBU;149;139;0.07883889
802;NCC006035MBU;151;139;0.06229799
802;NCC006035MBU;152;139;0.03945324
802;NCC006035MBU;153;139;0.00269641
802;NCC006035MBU;154;139;0.00002370
802;NCC006035MBU;155;139;0.00001564
802;NCC006035MBU;150;140;0.05038765
802;NCC006035MBU;151;140;0.01587986
802;NCC006035MBU;152;140;0.03484194
802;NCC006035MBU;153;140;0.00060250
802;NCC006035MBU;154;140;0.00020717
802;NCC006035MBU;151;141;0.00028999
802;NCC006035MBU;152;141;0.00115946
802;0SV006045SHA;120;233;0.00003537
802;0SV006045SHA;121;233;0.00021467
802;0SV006045SHA;122;233;0.00027696
802;0SV006045SHA;123;233;0.00047573
802;0SV006045SHA;134;233;0.00005955
802;0SV006045SHA;135;233;0.01432379
802;0SV006045SHA;120;234;0.00010324
802;0SV006045SHA;123;234;0.00007862
802;0SV006045SHA;124;234;0.00020258
802;0SV006045SHA;125;234;0.00013322
802;0SV006045SHA;130;234;0.00018182
802;0SV006045SHA;131;234;0.00014910
802;0SV006045SHA;132;234;0.00066581
802;0SV006045SHA;133;234;0.00080942
802;0SV006045SHA;134;234;0.00169411
802;0SV006045SHA;135;234;0.03084428
802;0SV006045SHA;136;234;0.00117197
802;0SV006045SHA;137;234;0.00081989
802;0SV006045SHA;141;234;0.00011660
802;0SV006045SHA;125;235;0.00016140
802;0SV006045SHA;126;235;0.00028609
802;0SV006045SHA;127;235;0.00038458
802;0SV006045SHA;128;235;0.00017956
802;0SV006045SHA;130;235;0.00036238
802;0SV006045SHA;131;235;0.00001779
802;0SV006045SHA;132;235;0.00167231
802;0SV006045SHA;133;235;0.00085800
802;0SV006045SHA;134;235;0.00249948
802;0SV006045SHA;135;235;0.04034457
802;0SV006045SHA;136;235;0.00168015
802;0SV006045SHA;137;235;0.00010679
802;0SV006045SHA;138;235;0.00023994
802;0SV006045SHA;139;235;0.00028407
802;0SV006045SHA;140;235;0.00025059
802;0SV006045SHA;141;235;0.00098229
802;0SV006045SHA;142;235;0.00013075
802;0SV006045SHA;143;235;0.00128484
802;0SV006045SHA;144;235;0.00019997
802;0SV006045SHA;145;235;0.00020118
802;0SV006045SHA;146;235;0.00000217
802;0SV006045SHA;150;235;0.00048280
802;0SV006045SHA;151;235;0.00122932
802;0SV006045SHA;152;235;0.00139578
802;0SV006045SHA;128;236;0.00097423
802;0SV006045SHA;129;236;0.00148914
802;0SV006045SHA;130;236;0.00148286
802;0SV006045SHA;131;236;0.00087368
802;0SV006045SHA;132;236;0.00126878
802;0SV006045SHA;133;236;0.00766707
802;0SV006045SHA;134;236;0.03894737
802;0SV006045SHA;135;236;0.01196994
802;0SV006045SHA;136;236;0.00283607
802;0SV006045SHA;137;236;0.00151045
802;0SV006045SHA;138;236;0.00111297
802;0SV006045SHA;139;236;0.00115090
802;0SV006045SHA;140;236;0.00057998
802;0SV006045SHA;141;236;0.00320579
802;0SV006045SHA;142;236;0.00138932
802;0SV006045SHA;143;236;0.00394104
802;0SV006045SHA;144;236;0.00167760
802;0SV006045SHA;146;236;0.00018219
802;0SV006045SHA;151;236;0.00054091
802;0SV006045SHA;152;236;0.00103099
802;0SV006045SHA;153;236;0.00029313
802;0SV006045SHA;130;237;0.00172281
802;0SV006045SHA;131;237;0.00167920
802;0SV006045SHA;132;237;0.00117842
802;0SV006045SHA;133;237;0.01918515
802;0SV006045SHA;134;237;0.03877817
802;0SV006045SHA;135;237;0.00482384
802;0SV006045SHA;136;237;0.00121488
802;0SV006045SHA;137;237;0.00072970
802;0SV006045SHA;138;237;0.00430157
802;0SV006045SHA;139;237;0.00419070
802;0SV006045SHA;140;237;0.00408734
802;0SV006045SHA;141;237;0.00137775
802;0SV006045SHA;142;237;0.00262810
802;0SV006045SHA;144;237;0.00064780
802;0SV006045SHA;145;237;0.00195749
802;0SV006045SHA;146;237;0.00188112
802;0SV006045SHA;147;237;0.00142638
802;0SV006045SHA;148;237;0.00118273
802;0SV006045SHA;149;237;0.00142086
802;0SV006045SHA;150;237;0.00074241
802;0SV006045SHA;151;237;0.00070517
802;0SV006045SHA;152;237;0.00049065
802;0SV006045SHA;131;238;0.00129824
802;0SV006045SHA;132;238;0.00460291
802;0SV006045SHA;133;238;0.04362372
802;0SV006045SHA;134;238;0.04455766
802;0SV006045SHA;135;238;0.01537200
802;0SV006045SHA;136;238;0.00988688
802;0SV006045SHA;137;238;0.00622128
802;0SV006045SHA;138;238;0.00066162
802;0SV006045SHA;139;238;0.00013811
802;0SV006045SHA;142;238;0.00000281
802;0SV006045SHA;143;238;0.00008243
802;0SV006045SHA;149;238;0.00042003
802;0SV006045SHA;150;238;0.00122887
802;0SV006045SHA;151;238;0.00079143
802;0SV006045SHA;130;239;0.00034721
802;0SV006045SHA;131;239;0.00453693
802;0SV006045SHA;132;239;0.01056477
802;0SV006045SHA;133;239;0.09190426
802;0SV006045SHA;134;239;0.02812820
802;0SV006045SHA;135;239;0.00321794
802;0SV006045SHA;136;239;0.00181547
802;0SV006045SHA;137;239;0.00042582
802;0SV006045SHA;138;239;0.00024039
802;0SV006045SHA;139;239;0.00060118
802;0SV006045SHA;140;239;0.00039851
802;0SV006045SHA;142;239;0.00003935
802;0SV006045SHA;143;239;0.00011331
802;0SV006045SHA;144;239;0.00014388
802;0SV006045SHA;150;239;0.00070143
802;0SV006045SHA;151;239;0.00079244
802;0SV006045SHA;126;240;0.00023092
802;0SV006045SHA;129;240;0.00153056
802;0SV006045SHA;130;240;0.00256195
802;0SV006045SHA;131;240;0.00077623
802;0SV006045SHA;132;240;0.00201080
802;0SV006045SHA;133;240;0.04465680
802;0SV006045SHA;134;240;0.01674561
802;0SV006045SHA;135;240;0.00904658
802;0SV006045SHA;136;240;0.00811374
802;0SV006045SHA;138;240;0.00027440
802;0SV006045SHA;139;240;0.00051593
802;0SV006045SHA;140;240;0.00025661
802;0SV006045SHA;141;240;0.00060830
802;0SV006045SHA;142;240;0.00064906
802;0SV006045SHA;143;240;0.00049577
802;0SV006045SHA;144;240;0.00007408
802;0SV006045SHA;145;240;0.00001588
802;0SV006045SHA;148;240;0.00000004
802;0SV006045SHA;149;240;0.00000663
802;0SV006045SHA;150;240;0.00000156
802;0SV006045SHA;151;240;0.00018626
802;0SV006045SHA;152;240;0.00081421
802;0SV006045SHA;154;240;0.00025175
802;0SV006045SHA;155;240;0.00020931
802;0SV006045SHA;126;241;0.00221017
802;0SV006045SHA;127;241;0.00320528
802;0SV006045SHA;128;241;0.00315544
802;0SV006045SHA;129;241;0.00152445
802;0SV006045SHA;131;241;0.00000425
802;0SV006045SHA;132;241;0.00000766
802;0SV006045SHA;133;241;0.00877553
802;0SV006045SHA;134;241;0.01932788
802;0SV006045SHA;135;241;0.00061786
802;0SV006045SHA;136;241;0.00237466
802;0SV006045SHA;137;241;0.00632004
802;0SV006045SHA;138;241;0.00348729
802;0SV006045SHA;139;241;0.00007970
802;0SV006045SHA;140;241;0.00020327
802;0SV006045SHA;142;241;0.00012199
802;0SV006045SHA;143;241;0.00016260
802;0SV006045SHA;145;241;0.00003011
802;0SV006045SHA;146;241;0.00005895
802;0SV006045SHA;148;241;0.00000936
802;0SV006045SHA;149;241;0.00000117
802;0SV006045SHA;152;241;0.00064298
802;0SV006045SHA;153;241;0.00182289
802;0SV006045SHA;154;241;0.00117310
802;0SV006045SHA;128;242;0.00039264
802;0SV006045SHA;132;242;0.00000233
802;0SV006045SHA;133;242;0.00058026
802;0SV006045SHA;134;242;0.01350637
802;0SV006045SHA;135;242;0.00023979
802;0SV006045SHA;136;242;0.00033124
802;0SV006045SHA;138;242;0.00199551
802;0SV006045SHA;139;242;0.00631645
802;0SV006045SHA;140;242;0.00011469
802;0SV006045SHA;141;242;0.00003858
802;0SV006045SHA;142;242;0.00005295
802;0SV006045SHA;143;242;0.00001078
802;0SV006045SHA;146;242;0.00001432
802;0SV006045SHA;147;242;0.00004825
802;0SV006045SHA;148;242;0.00000002
802;0SV006045SHA;152;242;0.00026322
802;0SV006045SHA;153;242;0.00140321
802;0SV006045SHA;154;242;0.00005051
802;0SV006045SHA;128;243;0.00020806
802;0SV006045SHA;134;243;0.01264979
802;0SV006045SHA;136;243;0.00005563
802;0SV006045SHA;139;243;0.00284693
802;0SV006045SHA;140;243;0.00576014
802;0SV006045SHA;141;243;0.00159154
802;0SV006045SHA;147;243;0.00005647
802;0SV006045SHA;151;243;0.00078681
802;0SV006045SHA;152;243;0.00084173
802;0SV006045SHA;154;243;0.00006471
802;0SV006045SHA;128;244;0.00003795
802;0SV006045SHA;134;244;0.01000864
802;0SV006045SHA;135;244;0.00301050
802;0SV006045SHA;141;244;0.00622833
802;0SV006045SHA;142;244;0.00403651
802;0SV006045SHA;147;244;0.00004280
802;0SV006045SHA;151;244;0.00101633
802;0SV006045SHA;153;244;0.00000099
802;0SV006045SHA;154;244;0.00006439
802;0SV006045SHA;127;245;0.00000463
802;0SV006045SHA;128;245;0.00004689
802;0SV006045SHA;134;245;0.01121900
802;0SV006045SHA;141;245;0.00016002
802;0SV006045SHA;142;245;0.00473452
802;0SV006045SHA;143;245;0.00005619
802;0SV006045SHA;147;245;0.00004073
802;0SV006045SHA;151;245;0.00113937
802;0SV006045SHA;152;245;0.00003401
802;0SV006045SHA;153;245;0.00007483
802;0SV006045SHA;127;246;0.00000503
802;0SV006045SHA;128;246;0.00003020
802;0SV006045SHA;133;246;0.00022625
802;0SV006045SHA;134;246;0.01466933
802;0SV006045SHA;135;246;0.00009593
802;0SV006045SHA;138;246;0.00000580
802;0SV006045SHA;139;246;0.00000287
802;0SV006045SHA;140;246;0.00011254
802;0SV006045SHA;141;246;0.00003137
802;0SV006045SHA;143;246;0.00835852
802;0SV006045SHA;144;246;0.00399002
802;0SV006045SHA;145;246;0.00408233
802;0SV006045SHA;146;246;0.00589621
802;0SV006045SHA;147;246;0.00397545
802;0SV006045SHA;148;246;0.00064392
802;0SV006045SHA;149;246;0.00032324
802;0SV006045SHA;150;246;0.00122946
802;0SV006045SHA;151;246;0.00027296
802;0SV006045SHA;153;246;0.00006979
802;0SV006045SHA;128;247;0.00001969
802;0SV006045SHA;129;247;0.00001174
802;0SV006045SHA;133;247;0.01223270
802;0SV006045SHA;135;247;0.00006347
802;0SV006045SHA;136;247;0.00010224
802;0SV006045SHA;137;247;0.00000451
802;0SV006045SHA;138;247;0.00007065
802;0SV006045SHA;139;247;0.00003720
802;0SV006045SHA;140;247;0.00010435
802;0SV006045SHA;143;247;0.00069939
802;0SV006045SHA;148;247;0.00463853
802;0SV006045SHA;149;247;0.00093321
802;0SV006045SHA;150;247;0.00060219
802;0SV006045SHA;152;247;0.00006004
802;0SV006045SHA;153;247;0.00000922
802;0SV006045SHA;129;248;0.00042290
802;0SV006045SHA;130;248;0.00115874
802;0SV006045SHA;131;248;0.00065451
802;0SV006045SHA;132;248;0.00423535
802;0SV006045SHA;133;248;0.01272548
802;0SV006045SHA;136;248;0.00012478
802;0SV006045SHA;137;248;0.00005914
802;0SV006045SHA;139;248;0.00007019
802;0SV006045SHA;142;248;0.00053409
802;0SV006045SHA;143;248;0.00040672
802;0SV006045SHA;149;248;0.00423035
802;0SV006045SHA;150;248;0.00023934
802;0SV006045SHA;151;248;0.00000294
802;0SV006045SHA;152;248;0.00007415
802;0SV006045SHA;129;249;0.00031325
802;0SV006045SHA;130;249;0.00032524
802;0SV006045SHA;131;249;0.00002841
802;0SV006045SHA;132;249;0.01156519
802;0SV006045SHA;133;249;0.00000415
802;0SV006045SHA;142;249;0.00064636
802;0SV006045SHA;149;249;0.00154549
802;0SV006045SHA;150;249;0.00300828
802;0SV006045SHA;151;249;0.00128585
802;0SV006045SHA;152;249;0.00002622
802;0SV006045SHA;153;249;0.00010210
802;0SV006045SHA;132;250;0.00507983
802;0SV006045SHA;133;250;0.00652486
802;0SV006045SHA;142;250;0.00001142
802;0SV006045SHA;143;250;0.00066485
802;0SV006045SHA;145;250;0.00005502
802;0SV006045SHA;146;250;0.00008192
802;0SV006045SHA;147;250;0.00007958
802;0SV006045SHA;148;250;0.00091730
802;0SV006045SHA;149;250;0.00072435
802;0SV006045SHA;151;250;0.00194318
802;0SV006045SHA;152;250;0.00307762
802;0SV006045SHA;153;250;0.00129711
802;0SV006045SHA;133;251;0.01322518
802;0SV006045SHA;142;251;0.00066464
802;0SV006045SHA;143;251;0.00030781
802;0SV006045SHA;144;251;0.00011434
802;0SV006045SHA;145;251;0.00004140
802;0SV006045SHA;148;251;0.00054840
802;0SV006045SHA;149;251;0.00040836
802;0SV006045SHA;151;251;0.00047509
802;0SV006045SHA;152;251;0.00061809
802;0SV006045SHA;153;251;0.00252833
802;0SV006045SHA;154;251;0.00199359
802;0SV006045SHA;155;251;0.00006629
802;0SV006045SHA;133;252;0.00173546
802;0SV006045SHA;134;252;0.01102002
802;0SV006045SHA;135;252;0.00000174
802;0SV006045SHA;141;252;0.00014251
802;0SV006045SHA;142;252;0.00057115
802;0SV006045SHA;148;252;0.00086572
802;0SV006045SHA;150;252;0.00019225
802;0SV006045SHA;151;252;0.00051783
802;0SV006045SHA;154;252;0.00033980
802;0SV006045SHA;155;252;0.00019326
802;0SV006045SHA;134;253;0.01073654
802;0SV006045SHA;135;253;0.00150628
802;0SV006045SHA;136;253;0.00000025
802;0SV006045SHA;140;253;0.00077071
802;0SV006045SHA;141;253;0.00052209
802;0SV006045SHA;142;253;0.00009733
802;0SV006045SHA;148;253;0.00086713
802;0SV006045SHA;149;253;0.00029132
802;0SV006045SHA;150;253;0.00019358
802;0SV006045SHA;135;254;0.01342423
802;0SV006045SHA;139;254;0.00052559
802;0SV006045SHA;140;254;0.00020346
802;0SV006045SHA;147;254;0.00036411
802;0SV006045SHA;148;254;0.00133780
802;0SV006045SHA;149;254;0.00005326
802;0SV006045SHA;135;255;0.00513959
802;0SV006045SHA;138;255;0.00028077
802;0SV006045SHA;139;255;0.00034555
802;0SV006045SHA;147;255;0.00045417
802;SJV006050SJU;153;147;0.00000013
802;SJV006050SJU;156;147;0.00000112
802;SJV006050SJU;157;147;0.00000053
802;SJV006050SJU;152;148;0.00000011
802;SJV006050SJU;153;148;0.00000049
802;SJV006050SJU;154;148;0.00000060
802;SJV006050SJU;155;148;0.00000085
802;SJV006050SJU;156;148;0.00000008
802;SJV006050SJU;157;148;0.00000070
802;SJV006050SJU;158;148;0.00000317
802;SJV006050SJU;159;148;0.00169966
802;SJV006050SJU;155;149;0.00000004
802;SJV006050SJU;156;149;0.00000020
802;SJV006050SJU;158;149;0.00000003
802;SJV006050SJU;159;149;0.00603939
802;SJV006050SJU;160;149;0.00002006
802;SJV006050SJU;156;150;0.00000001
802;SJV006050SJU;157;150;0.00000021
802;SJV006050SJU;158;150;0.00507411
802;SJV006050SJU;159;150;0.00127464
802;SJV006050SJU;160;150;0.00310929
802;SJV006050SJU;161;150;0.00073579
802;SJV006050SJU;158;151;0.00624065
802;SJV006050SJU;159;151;0.00003735
802;SJV006050SJU;160;151;0.00354933
802;SJV006050SJU;161;151;0.00101448
802;SJV006050SJU;153;152;0.00000099
802;SJV006050SJU;154;152;0.00002595
802;SJV006050SJU;155;152;0.00040623
802;SJV006050SJU;157;152;0.00000008
802;SJV006050SJU;158;152;0.00703339
802;SJV006050SJU;159;152;0.00235833
802;SJV006050SJU;160;152;0.00113170
802;SJV006050SJU;161;152;0.00097508
802;SJV006050SJU;155;153;0.00070393
802;SJV006050SJU;156;153;0.00177510
802;SJV006050SJU;157;153;0.00552147
802;SJV006050SJU;158;153;0.00318767
802;SJV006050SJU;159;153;0.00262196
802;SJV006050SJU;160;153;0.00214635
802;SJV006050SJU;161;153;0.00080518
802;SJV006050SJU;162;153;0.00076801
802;SJV006050SJU;163;153;0.00002617
802;SJV006050SJU;153;154;0.00022417
802;SJV006050SJU;154;154;0.00090308
802;SJV006050SJU;155;154;0.00123826
802;SJV006050SJU;156;154;0.00068114
802;SJV006050SJU;157;154;0.01112083
802;SJV006050SJU;158;154;0.00674632
802;SJV006050SJU;159;154;0.00025636
802;SJV006050SJU;160;154;0.00013835
802;SJV006050SJU;161;154;0.00177608
802;SJV006050SJU;162;154;0.00113909
802;SJV006050SJU;163;154;0.00104462
802;SJV006050SJU;164;154;0.03036726
802;SJV006050SJU;165;154;0.00387687
802;SJV006050SJU;153;155;0.00000778
802;SJV006050SJU;154;155;0.00000334
802;SJV006050SJU;156;155;0.00910630
802;SJV006050SJU;157;155;0.00201896
802;SJV006050SJU;158;155;0.00303020
802;SJV006050SJU;159;155;0.00728212
802;SJV006050SJU;160;155;0.00502327
802;SJV006050SJU;161;155;0.00386128
802;SJV006050SJU;162;155;0.00310093
802;SJV006050SJU;163;155;0.02221858
802;SJV006050SJU;164;155;0.03732893
802;SJV006050SJU;165;155;0.00119060
802;SJV006050SJU;166;155;0.00101175
802;SJV006050SJU;154;156;0.00001481
802;SJV006050SJU;155;156;0.00810747
802;SJV006050SJU;156;156;0.00227341
802;SJV006050SJU;157;156;0.00209506
802;SJV006050SJU;158;156;0.00008898
802;SJV006050SJU;159;156;0.00004422
802;SJV006050SJU;160;156;0.00397873
802;SJV006050SJU;161;156;0.00200679
802;SJV006050SJU;162;156;0.00189803
802;SJV006050SJU;163;156;0.05485063
802;SJV006050SJU;164;156;0.00901687
802;SJV006050SJU;165;156;0.00331225
802;SJV006050SJU;166;156;0.00092403
802;SJV006050SJU;167;156;0.00087949
802;SJV006050SJU;168;156;0.00028103
802;SJV006050SJU;169;156;0.00011366
802;SJV006050SJU;154;157;0.00798554
802;SJV006050SJU;155;157;0.00235458
802;SJV006050SJU;156;157;0.00121998
802;SJV006050SJU;157;157;0.00087522
802;SJV006050SJU;158;157;0.00092242
802;SJV006050SJU;159;157;0.00037281
802;SJV006050SJU;160;157;0.00284595
802;SJV006050SJU;161;157;0.00393312
802;SJV006050SJU;162;157;0.05099990
802;SJV006050SJU;163;157;0.00975433
802;SJV006050SJU;164;157;0.00336302
802;SJV006050SJU;165;157;0.00034785
802;SJV006050SJU;166;157;0.00087501
802;SJV006050SJU;167;157;0.00051867
802;SJV006050SJU;168;157;0.00003624
802;SJV006050SJU;171;157;0.00000943
802;SJV006050SJU;154;158;0.00120713
802;SJV006050SJU;155;158;0.00071864
802;SJV006050SJU;156;158;0.00034354
802;SJV006050SJU;157;158;0.00000251
802;SJV006050SJU;158;158;0.00083231
802;SJV006050SJU;159;158;0.00037465
802;SJV006050SJU;160;158;0.00498453
802;SJV006050SJU;161;158;0.05239969
802;SJV006050SJU;162;158;0.03675231
802;SJV006050SJU;163;158;0.00399726
802;SJV006050SJU;164;158;0.00327111
802;SJV006050SJU;165;158;0.00022118
802;SJV006050SJU;166;158;0.00158170
802;SJV006050SJU;167;158;0.00008568
802;SJV006050SJU;168;158;0.00009515
802;SJV006050SJU;169;158;0.00008485
802;SJV006050SJU;170;158;0.00004525
802;SJV006050SJU;171;158;0.00006611
802;SJV006050SJU;172;158;0.00048895
802;SJV006050SJU;173;158;0.00004673
802;SJV006050SJU;155;159;0.00228442
802;SJV006050SJU;156;159;0.00351893
802;SJV006050SJU;157;159;0.00338064
802;SJV006050SJU;158;159;0.00385886
802;SJV006050SJU;159;159;0.00424342
802;SJV006050SJU;160;159;0.03504291
802;SJV006050SJU;161;159;0.05417791
802;SJV006050SJU;162;159;0.02813452
802;SJV006050SJU;163;159;0.00554700
802;SJV006050SJU;164;159;0.00512031
802;SJV006050SJU;165;159;0.00432758
802;SJV006050SJU;166;159;0.00410506
802;SJV006050SJU;167;159;0.00092660
802;SJV006050SJU;168;159;0.00085501
802;SJV006050SJU;169;159;0.00090927
802;SJV006050SJU;170;159;0.00078295
802;SJV006050SJU;171;159;0.00080582
802;SJV006050SJU;172;159;0.00201855
802;SJV006050SJU;173;159;0.00108835
802;SJV006050SJU;174;159;0.00033219
802;SJV006050SJU;157;160;0.00002262
802;SJV006050SJU;158;160;0.00045342
802;SJV006050SJU;159;160;0.01648790
802;SJV006050SJU;160;160;0.06371345
802;SJV006050SJU;161;160;0.03712681
802;SJV006050SJU;162;160;0.02795984
802;SJV006050SJU;163;160;0.00105455
802;SJV006050SJU;164;160;0.00102866
802;SJV006050SJU;165;160;0.00195076
802;SJV006050SJU;166;160;0.00003326
802;SJV006050SJU;167;160;0.00003166
802;SJV006050SJU;169;160;0.00002749
802;SJV006050SJU;172;160;0.00065919
802;SJV006050SJU;158;161;0.00433621
802;SJV006050SJU;159;161;0.05729564
802;SJV006050SJU;160;161;0.01577958
802;SJV006050SJU;161;161;0.02529624
802;SJV006050SJU;162;161;0.02224838
802;SJV006050SJU;163;161;0.00689484
802;SJV006050SJU;164;161;0.00176442
802;SJV006050SJU;165;161;0.00091358
802;SJV006050SJU;166;161;0.00006303
802;SJV006050SJU;167;161;0.00005577
802;SJV006050SJU;168;161;0.00027869
802;SJV006050SJU;169;161;0.00028679
802;SJV006050SJU;170;161;0.00011161
802;SJV006050SJU;171;161;0.00040454
802;SJV006050SJU;172;161;0.00006842
802;SJV006050SJU;160;162;0.00006265
802;SJV006050SJU;161;162;0.00321264
802;SJV006050SJU;162;162;0.00090007
802;SJV006050SJU;163;162;0.00514867
802;SJV006050SJU;164;162;0.01116067
802;SJV006050SJU;165;162;0.00321890
802;SJV006050SJU;166;162;0.00030964
802;SJV006050SJU;167;162;0.00026502
802;SJV006050SJU;168;162;0.00003302
802;SJV006050SJU;169;162;0.00011654
802;SJV006050SJU;170;162;0.00029186
802;SJV006050SJU;171;162;0.00007709
802;SJV006050SJU;162;163;0.00012889
802;SJV006050SJU;163;163;0.00205023
802;SJV006050SJU;164;163;0.00344128
802;SJV006050SJU;165;163;0.00159134
802;SJV006050SJU;166;163;0.00244300
802;SJV006050SJU;167;163;0.00267272
802;SJV006050SJU;168;163;0.00114556
802;SJV006050SJU;169;163;0.00011830
802;SJV006050SJU;162;164;0.00008898
802;SJV006050SJU;163;164;0.00105830
802;SJV006050SJU;164;164;0.00101320
802;SJV006050SJU;165;164;0.00000311
802;SJV006050SJU;166;164;0.00000040
802;SJV006050SJU;167;164;0.00067809
802;SJV006050SJU;168;164;0.00196927
802;SJV006050SJU;162;165;0.00000634
802;SJV006050SJU;163;165;0.00115866
802;SJV006050SJU;164;165;0.00000530
802;SJV006050SJU;165;165;0.00063954
802;SJV006050SJU;166;165;0.00062999
802;SJV006050SJU;167;165;0.00018319
802;SJV006050SJU;163;166;0.00039704
802;SJV006050SJU;164;166;0.00218003
802;SJV006050SJU;165;166;0.00002333
802;SJV006050SJU;162;167;0.00021313
802;SJV006050SJU;163;167;0.00233794
802;SJV006050SJU;164;167;0.00385883
802;SJV006050SJU;165;167;0.00020644
802;SJV006050SJU;164;168;0.00026725
802;0MC006022MPA;179;148;0.01627439
802;0MC006022MPA;180;148;0.00210879
802;0MC006022MPA;177;151;0.00373194
802;0MC006022MPA;178;151;0.06224880
802;0MC006022MPA;178;152;0.03472971
802;0MC006022MPA;179;152;0.07777183
802;0MC006022MPA;179;153;0.01920668
802;0MC006022MPA;180;153;0.06909073
802;0MC006022MPA;181;153;0.00364518
802;0MC006022MPA;188;153;0.05561677
802;0MC006022MPA;176;154;0.00516827
802;0MC006022MPA;181;154;0.01495221
802;0MC006022MPA;182;154;0.01859739
802;0MC006022MPA;183;154;0.00471293
802;0MC006022MPA;184;154;0.01550349
802;0MC006022MPA;185;154;0.01593523
802;0MC006022MPA;186;154;0.02227630
802;0MC006022MPA;187;154;0.02470435
802;0MC006022MPA;188;154;0.00628024
802;0MC006022MPA;190;154;0.05329232
802;0MC006022MPA;176;155;0.01034617
802;0MC006022MPA;182;155;0.01392040
802;0MC006022MPA;183;155;0.03374824
802;0MC006022MPA;190;155;0.03354474
802;0MC006022MPA;175;156;0.00448020
802;0MC006022MPA;176;156;0.00216089
802;0MC006022MPA;180;156;0.00334076
802;0MC006022MPA;181;156;0.02332108
802;0MC006022MPA;182;156;0.00940068
802;0MC006022MPA;183;156;0.00012304
802;0MC006022MPA;184;156;0.00811399
802;0MC006022MPA;189;156;0.01818849
802;0MC006022MPA;190;156;0.01812238
802;0MC006022MPA;180;157;0.02077006
802;0MC006022MPA;183;157;0.00557650
802;0MC006022MPA;184;157;0.00170186
802;0MC006022MPA;189;157;0.03258323
802;0MC006022MPA;179;158;0.00825809
802;0MC006022MPA;180;158;0.00025970
802;0MC006022MPA;183;158;0.00716956
802;0MC006022MPA;189;158;0.00540771
802;0MC006022MPA;174;159;0.00654862
802;0MC006022MPA;179;159;0.00901829
802;0MC006022MPA;183;159;0.00131988
802;0MC006022MPA;184;159;0.00582818
802;0MC006022MPA;189;159;0.00540771
802;0MC006022MPA;174;160;0.00772523
802;0MC006022MPA;178;160;0.00524756
802;0MC006022MPA;179;160;0.00439405
802;0MC006022MPA;184;160;0.00445244
802;0MC006022MPA;185;160;0.00647587
802;0MC006022MPA;186;160;0.00647587
802;0MC006022MPA;187;160;0.00647587
802;0MC006022MPA;188;160;0.00300891
802;0MC006022MPA;189;160;0.00540771
802;0MC006022MPA;175;161;0.01022439
802;0MC006022MPA;176;161;0.00705463
802;0MC006022MPA;177;161;0.01038865
802;0MC006022MPA;178;161;0.01731328
802;0MC006022MPA;187;161;0.00113335
802;0MC006022MPA;188;161;0.00889919
802;0MC006022MPA;189;161;0.00536191
802;0MC006022MPA;177;162;0.00797497
802;0MC006022MPA;186;162;0.00320520
802;0MC006022MPA;187;162;0.01167423
802;0MC006022MPA;180;164;0.00211505
802;0MC006022MPA;181;164;0.00613874
802;0MC006022MPA;190;164;0.00261058
802;0MC006022MPA;191;164;0.00968595
802;0MC006022MPA;192;164;0.00968595
802;0MC006022MPA;193;164;0.01004255
802;0MC006022MPA;190;165;0.00321649
802;0MC006022MPA;193;165;0.00317721
802;0MC006022MPA;194;165;0.00592619
802;SJV006010SJU;177;116;0.00012443
802;SJV006010SJU;178;116;0.00048896
802;SJV006010SJU;180;116;0.00054096
802;SJV006010SJU;171;117;0.00009315
802;SJV006010SJU;172;117;0.00023641
802;SJV006010SJU;173;117;0.00024514
802;SJV006010SJU;174;117;0.00013662
802;SJV006010SJU;175;117;0.00000288
802;SJV006010SJU;177;117;0.00059439
802;SJV006010SJU;179;117;0.00028525
802;SJV006010SJU;180;117;0.00313596
802;SJV006010SJU;174;118;0.00030423
802;SJV006010SJU;175;118;0.00144778
802;SJV006010SJU;176;118;0.00075759
802;SJV006010SJU;177;118;0.00099132
802;SJV006010SJU;178;118;0.00064052
802;SJV006010SJU;179;118;0.00366906
802;SJV006010SJU;180;118;0.00056481
802;SJV006010SJU;181;118;0.00014921
802;SJV006010SJU;182;118;0.00003672
802;SJV006010SJU;174;119;0.00008486
802;SJV006010SJU;175;119;0.00168552
802;SJV006010SJU;176;119;0.00023194
802;SJV006010SJU;177;119;0.00010632
802;SJV006010SJU;178;119;0.00257288
802;SJV006010SJU;179;119;0.00113418
802;SJV006010SJU;180;119;0.00065305
802;SJV006010SJU;181;119;0.00000441
802;SJV006010SJU;183;119;0.00000265
802;SJV006010SJU;175;120;0.00103755
802;SJV006010SJU;176;120;0.00157068
802;SJV006010SJU;177;120;0.00001180
802;SJV006010SJU;178;120;0.00331516
802;SJV006010SJU;180;120;0.00083870
802;SJV006010SJU;181;120;0.00000709
802;SJV006010SJU;169;121;0.00000244
802;SJV006010SJU;176;121;0.00184419
802;SJV006010SJU;177;121;0.00370224
802;SJV006010SJU;178;121;0.00062893
802;SJV006010SJU;179;121;0.00035774
802;SJV006010SJU;180;121;0.00121101
802;SJV006010SJU;181;121;0.00035779
802;SJV006010SJU;182;121;0.00023755
802;SJV006010SJU;168;122;0.00000333
802;SJV006010SJU;169;122;0.00000120
802;SJV006010SJU;176;122;0.00211106
802;SJV006010SJU;177;122;0.00440907
802;SJV006010SJU;178;122;0.00025884
802;SJV006010SJU;180;122;0.00081864
802;SJV006010SJU;176;123;0.00393023
802;SJV006010SJU;177;123;0.00204774
802;SJV006010SJU;178;123;0.00071939
802;SJV006010SJU;180;123;0.00082483
802;SJV006010SJU;175;124;0.00259148
802;SJV006010SJU;176;124;0.00135365
802;SJV006010SJU;178;124;0.00246711
802;SJV006010SJU;179;124;0.00031139
802;SJV006010SJU;180;124;0.00083351
802;SJV006010SJU;181;124;0.00006667
802;SJV006010SJU;182;124;0.00002873
802;SJV006010SJU;183;124;0.00002317
802;SJV006010SJU;174;125;0.00106926
802;SJV006010SJU;175;125;0.00288261
802;SJV006010SJU;179;125;0.00248018
802;SJV006010SJU;180;125;0.00123219
802;SJV006010SJU;183;125;0.00066697
802;SJV006010SJU;184;125;0.00003478
802;SJV006010SJU;185;125;0.00000273
802;SJV006010SJU;186;125;0.00005319
802;SJV006010SJU;187;125;0.00017411
802;SJV006010SJU;174;126;0.00400121
802;SJV006010SJU;175;126;0.00009861
802;SJV006010SJU;176;126;0.00006866
802;SJV006010SJU;177;126;0.00006866
802;SJV006010SJU;178;126;0.00009195
802;SJV006010SJU;179;126;0.00014271
802;SJV006010SJU;180;126;0.00349639
802;SJV006010SJU;181;126;0.00070768
802;SJV006010SJU;182;126;0.00075294
802;SJV006010SJU;183;126;0.00083786
802;SJV006010SJU;184;126;0.00088328
802;SJV006010SJU;185;126;0.00091411
802;SJV006010SJU;186;126;0.00150550
802;SJV006010SJU;187;126;0.00219989
802;SJV006010SJU;188;126;0.00037764
802;SJV006010SJU;189;126;0.00059995
802;SJV006010SJU;190;126;0.00009320
802;SJV006010SJU;173;127;0.00318894
802;SJV006010SJU;174;127;0.00080975
802;SJV006010SJU;180;127;0.00255856
802;SJV006010SJU;183;127;0.00002704
802;SJV006010SJU;186;127;0.00036842
802;SJV006010SJU;187;127;0.00229655
802;SJV006010SJU;188;127;0.00036042
802;SJV006010SJU;189;127;0.00087222
802;SJV006010SJU;190;127;0.00082018
802;SJV006010SJU;172;128;0.00222493
802;SJV006010SJU;173;128;0.00148518
802;SJV006010SJU;174;128;0.00048176
802;SJV006010SJU;175;128;0.00008263
802;SJV006010SJU;176;128;0.00002855
802;SJV006010SJU;180;128;0.00252270
802;SJV006010SJU;183;128;0.00000745
802;SJV006010SJU;186;128;0.00049091
802;SJV006010SJU;187;128;0.00311681
802;SJV006010SJU;188;128;0.00065372
802;SJV006010SJU;189;128;0.00095836
802;SJV006010SJU;190;128;0.00072748
802;SJV006010SJU;191;128;0.00126815
802;SJV006010SJU;192;128;0.00264867
802;SJV006010SJU;171;129;0.00205473
802;SJV006010SJU;172;129;0.00207862
802;SJV006010SJU;173;129;0.00002862
802;SJV006010SJU;174;129;0.00042539
802;SJV006010SJU;176;129;0.00013444
802;SJV006010SJU;177;129;0.00009482
802;SJV006010SJU;178;129;0.00011499
802;SJV006010SJU;179;129;0.00019922
802;SJV006010SJU;180;129;0.00297366
802;SJV006010SJU;181;129;0.00017761
802;SJV006010SJU;182;129;0.00016042
802;SJV006010SJU;183;129;0.00024443
802;SJV006010SJU;184;129;0.00027018
802;SJV006010SJU;185;129;0.00026783
802;SJV006010SJU;186;129;0.00127653
802;SJV006010SJU;187;129;0.00361462
802;SJV006010SJU;188;129;0.00068775
802;SJV006010SJU;189;129;0.00106665
802;SJV006010SJU;190;129;0.00059096
802;SJV006010SJU;191;129;0.00821774
802;SJV006010SJU;192;129;0.01012892
802;SJV006010SJU;193;129;0.00063995
802;SJV006010SJU;170;130;0.00229920
802;SJV006010SJU;171;130;0.00187040
802;SJV006010SJU;174;130;0.00041621
802;SJV006010SJU;176;130;0.00003068
802;SJV006010SJU;178;130;0.00000463
802;SJV006010SJU;179;130;0.00032214
802;SJV006010SJU;180;130;0.00110898
802;SJV006010SJU;181;130;0.00243912
802;SJV006010SJU;183;130;0.00015466
802;SJV006010SJU;185;130;0.00027444
802;SJV006010SJU;186;130;0.00049998
802;SJV006010SJU;187;130;0.00340705
802;SJV006010SJU;188;130;0.00051987
802;SJV006010SJU;189;130;0.00088305
802;SJV006010SJU;190;130;0.00774181
802;SJV006010SJU;191;130;0.01189277
802;SJV006010SJU;192;130;0.00222903
802;SJV006010SJU;193;130;0.00123373
802;SJV006010SJU;194;130;0.00236408
802;SJV006010SJU;195;130;0.00054155
802;SJV006010SJU;196;130;0.00023054
802;SJV006010SJU;198;130;0.00006465
802;SJV006010SJU;169;131;0.00235534
802;SJV006010SJU;170;131;0.00175278
802;SJV006010SJU;171;131;0.00011736
802;SJV006010SJU;172;131;0.00011694
802;SJV006010SJU;173;131;0.00014718
802;SJV006010SJU;174;131;0.00053930
802;SJV006010SJU;175;131;0.00019514
802;SJV006010SJU;176;131;0.00024513
802;SJV006010SJU;177;131;0.00026717
802;SJV006010SJU;178;131;0.00085816
802;SJV006010SJU;179;131;0.00074287
802;SJV006010SJU;180;131;0.00043774
802;SJV006010SJU;181;131;0.00190266
802;SJV006010SJU;182;131;0.00260637
802;SJV006010SJU;183;131;0.00080462
802;SJV006010SJU;184;131;0.00067824
802;SJV006010SJU;185;131;0.00075993
802;SJV006010SJU;186;131;0.00119824
802;SJV006010SJU;187;131;0.00439302
802;SJV006010SJU;188;131;0.00115473
802;SJV006010SJU;189;131;0.00836158
802;SJV006010SJU;190;131;0.02010298
802;SJV006010SJU;191;131;0.00633695
802;SJV006010SJU;192;131;0.00733483
802;SJV006010SJU;193;131;0.00522003
802;SJV006010SJU;194;131;0.00634559
802;SJV006010SJU;195;131;0.00219107
802;SJV006010SJU;196;131;0.00153083
802;SJV006010SJU;197;131;0.00107992
802;SJV006010SJU;198;131;0.00034349
802;SJV006010SJU;168;132;0.00092561
802;SJV006010SJU;169;132;0.00281544
802;SJV006010SJU;170;132;0.00025225
802;SJV006010SJU;173;132;0.00002929
802;SJV006010SJU;174;132;0.00036040
802;SJV006010SJU;175;132;0.00020072
802;SJV006010SJU;176;132;0.00028550
802;SJV006010SJU;177;132;0.00061001
802;SJV006010SJU;178;132;0.00015716
802;SJV006010SJU;179;132;0.00063421
802;SJV006010SJU;180;132;0.00055188
802;SJV006010SJU;181;132;0.00093669
802;SJV006010SJU;182;132;0.00106051
802;SJV006010SJU;183;132;0.00222909
802;SJV006010SJU;184;132;0.00023142
802;SJV006010SJU;185;132;0.00049274
802;SJV006010SJU;186;132;0.00113664
802;SJV006010SJU;187;132;0.00490755
802;SJV006010SJU;188;132;0.00537488
802;SJV006010SJU;189;132;0.02186752
802;SJV006010SJU;190;132;0.00156194
802;SJV006010SJU;191;132;0.00100776
802;SJV006010SJU;192;132;0.00216567
802;SJV006010SJU;193;132;0.00018991
802;SJV006010SJU;194;132;0.00173695
802;SJV006010SJU;195;132;0.00075344
802;SJV006010SJU;196;132;0.00134255
802;SJV006010SJU;197;132;0.00146632
802;SJV006010SJU;198;132;0.00011482
802;SJV006010SJU;164;133;0.00020986
802;SJV006010SJU;168;133;0.00356262
802;SJV006010SJU;170;133;0.00006849
802;SJV006010SJU;171;133;0.00026099
802;SJV006010SJU;172;133;0.00016333
802;SJV006010SJU;173;133;0.00005807
802;SJV006010SJU;174;133;0.00035666
802;SJV006010SJU;175;133;0.00028327
802;SJV006010SJU;177;133;0.00013972
802;SJV006010SJU;178;133;0.00011591
802;SJV006010SJU;181;133;0.00101753
802;SJV006010SJU;183;133;0.00223436
802;SJV006010SJU;185;133;0.00009511
802;SJV006010SJU;186;133;0.00071105
802;SJV006010SJU;187;133;0.00811130
802;SJV006010SJU;188;133;0.02348308
802;SJV006010SJU;189;133;0.00301122
802;SJV006010SJU;190;133;0.00134086
802;SJV006010SJU;191;133;0.00180536
802;SJV006010SJU;192;133;0.00316683
802;SJV006010SJU;193;133;0.00076580
802;SJV006010SJU;194;133;0.00176201
802;SJV006010SJU;195;133;0.00007672
802;SJV006010SJU;196;133;0.00047158
802;SJV006010SJU;197;133;0.00092284
802;SJV006010SJU;198;133;0.00007524
802;SJV006010SJU;199;133;0.00010200
802;SJV006010SJU;200;133;0.00002387
802;SJV006010SJU;201;133;0.00001442
802;SJV006010SJU;204;133;0.00000904
802;SJV006010SJU;163;134;0.00029458
802;SJV006010SJU;164;134;0.00024689
802;SJV006010SJU;167;134;0.00192840
802;SJV006010SJU;168;134;0.00147563
802;SJV006010SJU;170;134;0.00007182
802;SJV006010SJU;172;134;0.00016702
802;SJV006010SJU;173;134;0.00026686
802;SJV006010SJU;174;134;0.00117757
802;SJV006010SJU;175;134;0.00232219
802;SJV006010SJU;176;134;0.00203866
802;SJV006010SJU;177;134;0.00205370
802;SJV006010SJU;178;134;0.00242277
802;SJV006010SJU;179;134;0.00233554
802;SJV006010SJU;180;134;0.00256249
802;SJV006010SJU;181;134;0.00402292
802;SJV006010SJU;182;134;0.00512593
802;SJV006010SJU;183;134;0.00753003
802;SJV006010SJU;184;134;0.00705948
802;SJV006010SJU;185;134;0.00712031
802;SJV006010SJU;186;134;0.00835595
802;SJV006010SJU;187;134;0.03888813
802;SJV006010SJU;188;134;0.00898606
802;SJV006010SJU;189;134;0.00921511
802;SJV006010SJU;190;134;0.00926512
802;SJV006010SJU;191;134;0.01121785
802;SJV006010SJU;192;134;0.00690893
802;SJV006010SJU;193;134;0.00410472
802;SJV006010SJU;194;134;0.00475845
802;SJV006010SJU;195;134;0.00219975
802;SJV006010SJU;196;134;0.00201234
802;SJV006010SJU;197;134;0.00150920
802;SJV006010SJU;198;134;0.00094928
802;SJV006010SJU;199;134;0.00079940
802;SJV006010SJU;200;134;0.00050407
802;SJV006010SJU;201;134;0.00050374
802;SJV006010SJU;202;134;0.00000733
802;SJV006010SJU;203;134;0.00001257
802;SJV006010SJU;204;134;0.00003918
802;SJV006010SJU;163;135;0.00007712
802;SJV006010SJU;164;135;0.00072844
802;SJV006010SJU;166;135;0.00002419
802;SJV006010SJU;167;135;0.00331394
802;SJV006010SJU;168;135;0.00024801
802;SJV006010SJU;169;135;0.00000587
802;SJV006010SJU;170;135;0.00015545
802;SJV006010SJU;171;135;0.00010320
802;SJV006010SJU;172;135;0.00015926
802;SJV006010SJU;173;135;0.00024155
802;SJV006010SJU;174;135;0.00280418
802;SJV006010SJU;179;135;0.00003438
802;SJV006010SJU;180;135;0.00064114
802;SJV006010SJU;181;135;0.00150843
802;SJV006010SJU;182;135;0.00035375
802;SJV006010SJU;183;135;0.00040562
802;SJV006010SJU;184;135;0.00079362
802;SJV006010SJU;185;135;0.00287571
802;SJV006010SJU;186;135;0.02505615
802;SJV006010SJU;187;135;0.04399396
802;SJV006010SJU;188;135;0.02818388
802;SJV006010SJU;189;135;0.01852906
802;SJV006010SJU;190;135;0.00478670
802;SJV006010SJU;191;135;0.00079163
802;SJV006010SJU;192;135;0.00101982
802;SJV006010SJU;193;135;0.00007386
802;SJV006010SJU;194;135;0.00038866
802;SJV006010SJU;195;135;0.00019249
802;SJV006010SJU;198;135;0.00021967
802;SJV006010SJU;199;135;0.00050538
802;SJV006010SJU;200;135;0.00043904
802;SJV006010SJU;201;135;0.00037017
802;SJV006010SJU;202;135;0.00035749
802;SJV006010SJU;203;135;0.00043377
802;SJV006010SJU;204;135;0.00000775
802;SJV006010SJU;164;136;0.00004072
802;SJV006010SJU;165;136;0.00055956
802;SJV006010SJU;166;136;0.00332553
802;SJV006010SJU;167;136;0.00073239
802;SJV006010SJU;168;136;0.00025978
802;SJV006010SJU;170;136;0.00011504
802;SJV006010SJU;173;136;0.00133302
802;SJV006010SJU;174;136;0.00043794
802;SJV006010SJU;179;136;0.00000125
802;SJV006010SJU;180;136;0.00010636
802;SJV006010SJU;181;136;0.00174949
802;SJV006010SJU;182;136;0.00180359
802;SJV006010SJU;183;136;0.00222745
802;SJV006010SJU;184;136;0.00322892
802;SJV006010SJU;185;136;0.01888320
802;SJV006010SJU;186;136;0.01743647
802;SJV006010SJU;187;136;0.03490188
802;SJV006010SJU;188;136;0.02826866
802;SJV006010SJU;189;136;0.01510696
802;SJV006010SJU;190;136;0.00514387
802;SJV006010SJU;191;136;0.00153630
802;SJV006010SJU;192;136;0.00101409
802;SJV006010SJU;193;136;0.00003646
802;SJV006010SJU;195;136;0.00006122
802;SJV006010SJU;196;136;0.00000090
802;SJV006010SJU;197;136;0.00000269
802;SJV006010SJU;198;136;0.00000099
802;SJV006010SJU;166;137;0.00364321
802;SJV006010SJU;167;137;0.00014227
802;SJV006010SJU;168;137;0.00050404
802;SJV006010SJU;169;137;0.00036676
802;SJV006010SJU;170;137;0.00050401
802;SJV006010SJU;171;137;0.00047087
802;SJV006010SJU;172;137;0.00038987
802;SJV006010SJU;173;137;0.00156174
802;SJV006010SJU;181;137;0.00015686
802;SJV006010SJU;184;137;0.00740619
802;SJV006010SJU;185;137;0.00995078
802;SJV006010SJU;186;137;0.01233882
802;SJV006010SJU;187;137;0.03234813
802;SJV006010SJU;188;137;0.02050520
802;SJV006010SJU;189;137;0.01608517
802;SJV006010SJU;190;137;0.00408281
802;SJV006010SJU;191;137;0.00038619
802;SJV006010SJU;192;137;0.00070069
802;SJV006010SJU;193;137;0.00000123
802;SJV006010SJU;194;137;0.00000282
802;SJV006010SJU;195;137;0.00000005
802;SJV006010SJU;196;137;0.00000786
802;SJV006010SJU;197;137;0.00000178
802;SJV006010SJU;165;138;0.00012657
802;SJV006010SJU;166;138;0.00013591
802;SJV006010SJU;168;138;0.00007872
802;SJV006010SJU;170;138;0.00003152
802;SJV006010SJU;171;138;0.00001554
802;SJV006010SJU;172;138;0.00083606
802;SJV006010SJU;173;138;0.00009526
802;SJV006010SJU;187;138;0.01330410
802;SJV006010SJU;188;138;0.00821815
802;SJV006010SJU;189;138;0.00456173
802;SJV006010SJU;190;138;0.00199279
802;SJV006010SJU;191;138;0.00081192
802;SJV006010SJU;192;138;0.00109975
802;SJV006010SJU;194;138;0.00000386
802;SJV006010SJU;196;138;0.00000114
802;SJV006010SJU;197;138;0.00000326
802;SJV006010SJU;198;138;0.00000195
802;SJV006010SJU;168;139;0.00008550
802;SJV006010SJU;170;139;0.00027568
802;SJV006010SJU;171;139;0.00031326
802;SJV006010SJU;172;139;0.00000503
802;SJV006010SJU;187;139;0.00118611
802;SJV006010SJU;188;139;0.00391402
802;SJV006010SJU;189;139;0.00200751
802;SJV006010SJU;192;139;0.00017017
802;SJV006010SJU;193;139;0.00062377
802;SJV006010SJU;194;139;0.00013292
802;SJV006010SJU;195;139;0.00000149
802;SJV006010SJU;197;139;0.00000142
802;SJV006010SJU;198;139;0.00000256
802;SJV006010SJU;168;140;0.00008617
802;SJV006010SJU;169;140;0.00028661
802;SJV006010SJU;170;140;0.00009205
802;SJV006010SJU;188;140;0.00163314
802;SJV006010SJU;189;140;0.00278496
802;SJV006010SJU;190;140;0.00171067
802;SJV006010SJU;193;140;0.00056039
802;SJV006010SJU;194;140;0.00001419
802;SJV006010SJU;195;140;0.00000041
802;SJV006010SJU;196;140;0.00000430
802;SJV006010SJU;197;140;0.00000173
802;SJV006010SJU;188;141;0.00113722
802;SJV006010SJU;189;141;0.00095258
802;SJV006010SJU;190;141;0.00199137
802;SJV006010SJU;191;141;0.00216647
802;SJV006010SJU;192;141;0.00033815
802;SJV006010SJU;193;141;0.00042399
802;SJV006010SJU;194;141;0.00056308
802;SJV006010SJU;195;141;0.00050174
802;SJV006010SJU;196;141;0.00004779
802;SJV006010SJU;191;142;0.00091649
802;SJV006010SJU;192;142;0.00161464
802;SJV006010SJU;193;142;0.00016603
802;SJV006010SJU;194;142;0.00004039
802;SJV006010SJU;195;142;0.00042976
802;SJV006010SJU;196;142;0.00016419
802;SJV006010SJU;202;142;0.00018130
802;SJV006010SJU;203;142;0.00014810
802;SJV006010SJU;204;142;0.00000394
802;SJV006010SJU;193;143;0.00174747
802;SJV006010SJU;194;143;0.00169679
802;SJV006010SJU;195;143;0.00160131
802;SJV006010SJU;196;143;0.00129228
802;SJV006010SJU;200;143;0.00007029
802;SJV006010SJU;201;143;0.00023873
802;SJV006010SJU;202;143;0.00000409
802;SJV006010SJU;193;144;0.00039832
802;SJV006010SJU;194;144;0.00002435
802;SJV006010SJU;196;144;0.00035621
802;SJV006010SJU;197;144;0.00159138
802;SJV006010SJU;198;144;0.00012543
802;SJV006010SJU;199;144;0.00012875
802;SJV006010SJU;200;144;0.00011795
802;SJV006010SJU;201;144;0.00002612
802;SJV006010SJU;193;145;0.00040177
802;SJV006010SJU;197;145;0.00045784
802;SJV006010SJU;193;146;0.00006803
802;SJV006010SJU;197;146;0.00020748
802;SJV006010SJU;198;146;0.00048876
802;SJV006010SJU;199;146;0.00049074
802;SJV006010SJU;200;146;0.00004994
802;SJV006010SJU;199;147;0.00028746
802;SJV006010SJU;200;147;0.00012791
802;SJV006010SJU;200;148;0.00060653
802;SJV006010SJU;200;149;0.00004454
802;GBV006002GBU;190;178;0.00326467
802;GBV006002GBU;181;181;0.00685734
802;GBV006002GBU;181;182;0.00111543
802;GBV006002GBU;182;182;0.00794963
802;GBV006002GBU;183;182;0.00782525
802;GBV006002GBU;183;183;0.00003170
802;GBV006002GBU;184;183;0.00785695
802;GBV006002GBU;185;183;0.00785695
802;GBV006002GBU;186;183;0.00163272
802;GBV006002GBU;186;184;0.01304503
802;GBV006002GBU;186;185;0.00183662
802;GBV006002GBU;187;185;0.01120841
802;GBV006002GBU;187;186;0.00658445
802;GBV006002GBU;188;186;0.00646058
802;GBV006002GBU;182;187;0.00543991
802;GBV006002GBU;187;187;0.06851221
802;GBV006002GBU;188;187;0.06841709
802;GBV006002GBU;189;187;0.06255854
802;GBV006002GBU;190;187;0.06255854
802;GBV006002GBU;191;187;0.00517856
802;GBV006002GBU;181;188;0.01089846
802;GBV006002GBU;182;188;0.00603209
802;GBV006002GBU;183;188;0.00924826
802;GBV006002GBU;186;188;0.04439845
802;GBV006002GBU;187;188;0.02225624
802;GBV006002GBU;183;189;0.00903440
802;GBV006002GBU;184;189;0.00233330
802;GBV006002GBU;186;189;0.06659428
802;GBV006002GBU;183;190;0.08789049
802;GBV006002GBU;184;190;0.14475325
802;GBV006002GBU;185;190;0.10263080
802;GBV006002GBU;186;190;0.08016141
802;GBV006002GBU;187;190;0.01060794
802;GBV006002GBU;187;191;0.04410486
802;GBV006002GBU;187;192;0.00286521
802;0SF0060210BA;129;164;0.01344392
802;0SF0060210BA;127;165;0.00012197
802;0SF0060210BA;129;165;0.07386777
802;0SF0060210BA;126;166;0.00056444
802;0SF0060210BA;127;166;0.00064161
802;0SF0060210BA;128;166;0.05554054
802;0SF0060210BA;129;166;0.03697371
802;0SF0060210BA;124;167;0.00027086
802;0SF0060210BA;125;167;0.00214359
802;0SF0060210BA;126;167;0.00025281
802;0SF0060210BA;127;167;0.00011766
802;0SF0060210BA;128;167;0.07287027
802;0SF0060210BA;129;167;0.01832607
802;0SF0060210BA;130;167;0.03838544
802;0SF0060210BA;124;168;0.00064668
802;0SF0060210BA;125;168;0.00180377
802;0SF0060210BA;126;168;0.00293847
802;0SF0060210BA;127;168;0.00047217
802;0SF0060210BA;128;168;0.09269929
802;0SF0060210BA;129;168;0.10959963
802;0SF0060210BA;130;168;0.00466044
802;0SF0060210BA;123;169;0.00007472
802;0SF0060210BA;124;169;0.00009570
802;0SF0060210BA;126;169;0.00348760
802;0SF0060210BA;127;169;0.02067846
802;0SF0060210BA;128;169;0.09820232
802;0SF0060210BA;129;169;0.00144769
802;0SF0060210BA;123;170;0.00064060
802;0SF0060210BA;124;170;0.00113147
802;0SF0060210BA;125;170;0.00199095
802;0SF0060210BA;126;170;0.00187471
802;0SF0060210BA;127;170;0.00039004
802;0SF0060210BA;128;170;0.07445624
802;0SF0060210BA;122;171;0.00066894
802;0SF0060210BA;123;171;0.00175814
802;0SF0060210BA;124;171;0.00036333
802;0SF0060210BA;125;171;0.00061995
802;0SF0060210BA;127;171;0.00026070
802;0SF0060210BA;128;171;0.07868718
802;0SF0060210BA;121;172;0.00000257
802;0SF0060210BA;122;172;0.00001805
802;0SF0060210BA;124;172;0.00120859
802;0SF0060210BA;125;172;0.00021939
802;0SF0060210BA;126;172;0.00078530
802;0SF0060210BA;127;172;0.01791411
802;0SF0060210BA;128;172;0.06460920
802;0SF0060210BA;129;172;0.01264171
802;0SF0060210BA;121;173;0.00001731
802;0SF0060210BA;124;173;0.00075147
802;0SF0060210BA;125;173;0.00178095
802;0SF0060210BA;126;173;0.00028601
802;0SF0060210BA;127;173;0.03813099
802;0SF0060210BA;128;173;0.00495363
802;0SF0060210BA;120;174;0.00000831
802;0SF0060210BA;121;174;0.00000802
802;0SF0060210BA;123;174;0.00118230
802;0SF0060210BA;124;174;0.00154544
802;0SF0060210BA;125;174;0.00094050
802;0SF0060210BA;127;174;0.03714984
802;0SF0060210BA;120;175;0.00001433
802;0SF0060210BA;120;176;0.00054568
802;0SF0060210BA;121;176;0.00056059
802;0SF0060210BA;122;176;0.00044824
802;0SF0060210BA;120;177;0.00026662
802;0SF0060210BA;121;177;0.00055517
802;0SF0060210BA;121;178;0.00028584
802;0SV006011GLE;136;206;0.00456509
802;0SV006011GLE;136;207;0.06153197
802;0SV006011GLE;140;207;0.00107985
802;0SV006011GLE;136;208;0.06153197
802;0SV006011GLE;140;208;0.00446326
802;0SV006011GLE;141;208;0.00295006
802;0SV006011GLE;142;208;0.00452673
802;0SV006011GLE;143;208;0.01352484
802;0SV006011GLE;136;209;0.06223994
802;0SV006011GLE;140;209;0.00247017
802;0SV006011GLE;142;209;0.00097931
802;0SV006011GLE;134;210;0.01202323
802;0SV006011GLE;135;210;0.02769330
802;0SV006011GLE;136;210;0.08705047
802;0SV006011GLE;137;210;0.00560685
802;0SV006011GLE;138;210;0.00560685
802;0SV006011GLE;139;210;0.00436170
802;0SV006011GLE;140;210;0.00439134
802;0SV006011GLE;142;210;0.00128434
802;0SV006011GLE;136;211;0.06563007
802;0SV006011GLE;140;211;0.00310825
802;0SV006011GLE;136;212;0.06625028
802;0SV006011GLE;140;212;0.00309493
802;0SV006011GLE;136;213;0.06625028
802;0SV006011GLE;140;213;0.00279071
802;0SV006011GLE;136;214;0.06625028
802;0SV006011GLE;140;214;0.00048424
802;0SV006011GLE;136;215;0.06625028
802;0SV006011GLE;140;215;0.00040485
802;0SV006011GLE;136;216;0.07421423
802;0SV006011GLE;137;216;0.03293948
802;0SV006011GLE;138;216;0.03778155
802;0SV006011GLE;139;216;0.03778155
802;0SV006011GLE;140;216;0.04432158
802;0SV006011GLE;136;217;0.06040940
802;0SV006011GLE;136;218;0.00415674
802;NEP006018LAS;181;215;0.04200484
802;NEP006018LAS;181;216;0.06069757
802;NEP006018LAS;180;217;0.04901422
802;NEP006018LAS;181;217;0.04836718
802;NEP006018LAS;181;218;0.01350320
802;NEP006018LAS;181;219;0.01350320
802;NEP006018LAS;181;220;0.01350320
802;NEP006018LAS;181;221;0.01536162
802;NEP006018LAS;180;222;0.00573263
802;NEP006018LAS;181;222;0.01121421
802;NEP006018LAS;179;223;0.00046266
802;NEP006018LAS;180;223;0.01648418
802;NEP006018LAS;179;224;0.01694684
802;NEP006018LAS;178;225;0.01780517
802;NEP006018LAS;179;225;0.00480730
802;NEP006018LAS;176;226;0.01000148
802;NEP006018LAS;177;226;0.01898045
802;NEP006018LAS;178;226;0.00194307
802;NEP006018LAS;174;227;0.01247245
802;NEP006018LAS;175;227;0.01704652
802;NEP006018LAS;176;227;0.00896421
802;NEP006018LAS;173;228;0.01173140
802;NEP006018LAS;174;228;0.00922942
802;NEP006018LAS;172;229;0.00708936
802;NEP006018LAS;173;229;0.01365117
802;NEP006018LAS;181;229;0.00029863
802;NEP006018LAS;182;229;0.00058168
802;NEP006018LAS;171;230;0.00155209
802;NEP006018LAS;172;230;0.01928716
802;NEP006018LAS;180;230;0.00161831
802;NEP006018LAS;181;230;0.00142474
802;NEP006018LAS;160;231;0.01129840
802;NEP006018LAS;161;231;0.02717431
802;NEP006018LAS;162;231;0.01145727
802;NEP006018LAS;170;231;0.00086689
802;NEP006018LAS;171;231;0.01872006
802;NEP006018LAS;172;231;0.00033410
802;NEP006018LAS;173;231;0.00028134
802;NEP006018LAS;178;231;0.00097071
802;NEP006018LAS;179;231;0.00166049
802;NEP006018LAS;180;231;0.00010505
802;NEP006018LAS;161;232;0.00526018
802;NEP006018LAS;162;232;0.01275014
802;NEP006018LAS;163;232;0.02420741
802;NEP006018LAS;164;232;0.01057119
802;NEP006018LAS;170;232;0.01505080
802;NEP006018LAS;173;232;0.00124188
802;NEP006018LAS;176;232;0.00064574
802;NEP006018LAS;177;232;0.00137873
802;NEP006018LAS;178;232;0.00040801
802;NEP006018LAS;161;233;0.00015979
802;NEP006018LAS;164;233;0.01374402
802;NEP006018LAS;165;233;0.02435612
802;NEP006018LAS;166;233;0.00845066
802;NEP006018LAS;169;233;0.01258272
802;NEP006018LAS;170;233;0.00959717
802;NEP006018LAS;171;233;0.00128527
802;NEP006018LAS;172;233;0.00128527
802;NEP006018LAS;173;233;0.00050535
802;NEP006018LAS;174;233;0.00161895
802;NEP006018LAS;175;233;0.00194855
802;NEP006018LAS;176;233;0.00073299
802;NEP006018LAS;161;234;0.00015979
802;NEP006018LAS;165;234;0.00154770
802;NEP006018LAS;166;234;0.01712841
802;NEP006018LAS;167;234;0.02387156
802;NEP006018LAS;168;234;0.06954405
802;NEP006018LAS;169;234;0.01567691
802;NEP006018LAS;175;234;0.00006718
802;NEP006018LAS;176;234;0.00051535
802;NEP006018LAS;160;235;0.00015535
802;NEP006018LAS;161;235;0.00000444
802;NEP006018LAS;162;235;0.00043405
802;NEP006018LAS;163;235;0.00208162
802;NEP006018LAS;164;235;0.00172945
802;NEP006018LAS;165;235;0.00036090
802;NEP006018LAS;169;235;0.00270375
802;NEP006018LAS;170;235;0.00259674
802;NEP006018LAS;176;235;0.00058253
802;NEP006018LAS;160;236;0.00015979
802;NEP006018LAS;161;236;0.00051054
802;NEP006018LAS;162;236;0.00260125
802;NEP006018LAS;170;236;0.00565006
802;NEP006018LAS;171;236;0.00066713
802;NEP006018LAS;176;236;0.00058253
802;NEP006018LAS;160;237;0.00039445
802;NEP006018LAS;161;237;0.00301160
802;NEP006018LAS;169;237;0.00424986
802;NEP006018LAS;170;237;0.00272195
802;NEP006018LAS;176;237;0.00058253
802;NEP006018LAS;159;238;0.00013753
802;NEP006018LAS;160;238;0.00326853
802;NEP006018LAS;169;238;0.00587209
802;NEP006018LAS;176;238;0.00058253
802;NEP006018LAS;158;239;0.00057917
802;NEP006018LAS;159;239;0.00334938
802;NEP006018LAS;160;239;0.00004122
802;NEP006018LAS;168;239;0.00428660
802;NEP006018LAS;169;239;0.00106476
802;NEP006018LAS;176;239;0.00031891
802;NEP006018LAS;177;239;0.00026362
802;NEP006018LAS;155;240;0.00758711
802;NEP006018LAS;156;240;0.00254565
802;NEP006018LAS;157;240;0.00274818
802;NEP006018LAS;158;240;0.00250452
802;NEP006018LAS;168;240;0.00535135
802;NEP006018LAS;176;240;0.00029900
802;NEP006018LAS;177;240;0.00036320
802;NEP006018LAS;168;241;0.00535135
802;NEP006018LAS;175;241;0.00003095
802;NEP006018LAS;176;241;0.00067797
802;NEP006018LAS;168;242;0.00564075
802;NEP006018LAS;175;242;0.00070892
802;NEP006018LAS;167;243;0.00482369
802;NEP006018LAS;168;243;0.00096198
802;NEP006018LAS;174;243;0.00047182
802;NEP006018LAS;175;243;0.00023709
802;NEP006018LAS;167;244;0.00568028
802;NEP006018LAS;173;244;0.00020378
802;NEP006018LAS;174;244;0.00050514
802;NEP006018LAS;167;245;0.00541341
802;NEP006018LAS;173;245;0.00070892
802;NEP006018LAS;167;246;0.00541341
802;NEP006018LAS;170;246;0.00004442
802;NEP006018LAS;171;246;0.00004693
802;NEP006018LAS;172;246;0.00096106
802;NEP006018LAS;173;246;0.00006426
802;NEP006018LAS;166;247;0.00381188
802;NEP006018LAS;167;247;0.00072782
802;NEP006018LAS;168;247;0.00004693
802;NEP006018LAS;169;247;0.00004693
802;NEP006018LAS;170;247;0.00000251
802;NEP006018LAS;172;247;0.00117766
802;NEP006018LAS;166;248;0.00243546
802;NEP006018LAS;172;248;0.00117766
802;NEP006018LAS;165;249;0.00217574
802;NEP006018LAS;166;249;0.00025972
802;NEP006018LAS;172;249;0.00117766
802;NEP006018LAS;164;250;0.00083696
802;NEP006018LAS;165;250;0.00159850
802;NEP006018LAS;172;250;0.00117514
802;NEP006018LAS;157;251;0.00275277
802;NEP006018LAS;164;251;0.00232493
802;NEP006018LAS;172;251;0.00117305
802;NEP006018LAS;155;252;0.00450521
802;NEP006018LAS;156;252;0.00509920
802;NEP006018LAS;157;252;0.00416430
802;NEP006018LAS;158;252;0.00331638
802;NEP006018LAS;163;252;0.00089820
802;NEP006018LAS;164;252;0.00131746
802;NEP006018LAS;172;252;0.00117305
802;NEP006018LAS;158;253;0.00461352
802;NEP006018LAS;159;253;0.00519133
802;NEP006018LAS;160;253;0.00098393
802;NEP006018LAS;163;253;0.00221567
802;NEP006018LAS;171;253;0.00037593
802;NEP006018LAS;172;253;0.00079711
802;NEP006018LAS;159;254;0.00227681
802;NEP006018LAS;160;254;0.00289028
802;NEP006018LAS;161;254;0.00438014
802;NEP006018LAS;162;254;0.00174668
802;NEP006018LAS;163;254;0.00220167
802;NEP006018LAS;171;254;0.00117304
802;NEP006018LAS;181;254;0.00130154
802;NEP006018LAS;182;254;0.00013463
802;NEP006018LAS;159;255;0.00023376
802;NEP006018LAS;162;255;0.00064382
802;NEP006018LAS;171;255;0.00004731
802;NEP006018LAS;181;255;0.00008707
802;0NC006008NCU;100;264;0.02022692
802;0NC006008NCU;100;265;0.02945077
802;0NC006008NCU;101;265;0.01326338
802;0NC006008NCU;100;266;0.03805438
802;0NC006008NCU;99;267;0.03411250
802;0NC006008NCU;100;267;0.00125677
802;0NC006008NCU;99;268;0.03254007
802;0NC006008NCU;99;269;0.03158565
802;0NC006008NCU;99;270;0.03419624
802;0NC006008NCU;97;271;0.00103000
802;0NC006008NCU;98;271;0.04039599
802;0NC006008NCU;99;271;0.00490227
802;0NC006008NCU;97;272;0.07178664
802;0NC006008NCU;98;272;0.06480454
802;0NC006008NCU;100;272;0.00158771
802;0NC006008NCU;98;273;0.09183850
802;0NC006008NCU;99;273;0.02197965
802;0NC006008NCU;100;273;0.03103445
802;0NC006008NCU;101;273;0.01096384
802;0NC006008NCU;98;274;0.00087308
802;0NC006008NCU;99;274;0.03639550
802;0NC006008NCU;101;274;0.01983272
802;0NC006008NCU;102;274;0.02202528
802;0NC006008NCU;103;274;0.02689924
802;0NC006008NCU;104;274;0.02726541
802;0NC006008NCU;105;274;0.00396181
802;0NC006008NCU;99;275;0.05070101
802;0NC006008NCU;105;275;0.02330360
802;0NC006008NCU;106;275;0.02575676
802;0NC006008NCU;98;276;0.01413585
802;0NC006008NCU;99;276;0.04222591
802;0NC006008NCU;106;276;0.01743241
802;0NC006008NCU;107;276;0.00961740
802;0NC006008NCU;97;277;0.02968201
802;0NC006008NCU;98;277;0.02688491
802;0NC006008NCU;107;277;0.02704981
802;0NC006008NCU;110;277;0.00013528
802;0NC006008NCU;111;277;0.00035300
802;0NC006008NCU;97;278;0.01505581
802;0NC006008NCU;107;278;0.00522114
802;0NC006008NCU;110;278;0.00018178
802;0SF0060280BA;131;173;0.00480606
802;0SF0060280BA;134;173;0.02490174
802;0SF0060280BA;135;173;0.05158038
802;0SF0060280BA;134;174;0.04118981
802;0SF0060280BA;135;174;0.00638292
802;0SF0060280BA;134;175;0.09460695
802;0SF0060280BA;135;175;0.03856109
802;0SF0060280BA;132;176;0.03047380
802;0SF0060280BA;133;176;0.09731912
802;0SF0060280BA;134;176;0.07520958
802;0SF0060280BA;132;177;0.00088727
802;0SF0060280BA;133;177;0.10088682
802;0SF0060280BA;134;177;0.04337688
802;0SF0060280BA;137;177;0.00000070
802;0SF0060280BA;132;178;0.00230350
802;0SF0060280BA;133;178;0.06820168
802;0SF0060280BA;134;178;0.01963486
802;0SF0060280BA;135;178;0.00009499
802;0SF0060280BA;136;178;0.00019046
802;0SF0060280BA;137;178;0.00036971
802;0SF0060280BA;131;179;0.00231998
802;0SF0060280BA;132;179;0.01889664
802;0SF0060280BA;133;179;0.01615551
802;0SF0060280BA;135;179;0.00175813
802;0SF0060280BA;136;179;0.00051309
802;0SF0060280BA;130;180;0.00459746
802;0SF0060280BA;131;180;0.00721808
802;0SF0060280BA;132;180;0.02594798
802;0SF0060280BA;135;180;0.00143097
802;0SF0060280BA;131;181;0.02756931
802;0SF0060280BA;132;181;0.00080608
802;0SF0060280BA;135;181;0.00074508
802;0SF0060280BA;136;181;0.00106909
802;0SF0060280BA;137;181;0.00005069
802;0SF0060280BA;130;182;0.01505762
802;0SF0060280BA;131;182;0.00938751
802;0SF0060280BA;132;182;0.00001632
802;0SF0060280BA;133;182;0.00001632
802;0SF0060280BA;134;182;0.00024376
802;0SF0060280BA;135;182;0.00159159
802;0SF0060280BA;137;182;0.00019894
802;0SF0060280BA;129;183;0.00773534
802;0SF0060280BA;130;183;0.02619924
802;0SF0060280BA;131;183;0.00000463
802;0SF0060280BA;135;183;0.00206813
802;0SF0060280BA;137;183;0.00027550
802;0SF0060280BA;138;183;0.00011955
802;0SF0060280BA;128;184;0.00947386
802;0SF0060280BA;129;184;0.01421786
802;0SF0060280BA;130;184;0.01066083
802;0SF0060280BA;135;184;0.00146676
802;0SF0060280BA;126;185;0.00070598
802;0SF0060280BA;127;185;0.02948404
802;0SF0060280BA;128;185;0.00843028
802;0SF0060280BA;129;185;0.00000062
802;0SF0060280BA;130;185;0.00154101
802;0SF0060280BA;131;185;0.00068993
802;0SF0060280BA;134;185;0.00145292
802;0SF0060280BA;135;185;0.00011496
802;0SF0060280BA;126;186;0.00009173
802;0SF0060280BA;127;186;0.02042172
802;0SF0060280BA;131;186;0.00235519
802;0SF0060280BA;132;186;0.00196822
802;0SF0060280BA;133;186;0.00262290
802;0SF0060280BA;134;186;0.00092104
802;0SF0060280BA;127;187;0.01984076
802;0SF0060280BA;132;187;0.00056852
802;SCC006040SLO;194;84;0.00001247
802;SCC006040SLO;192;85;0.00028769
802;SCC006040SLO;193;85;0.00042922
802;SCC006040SLO;194;85;0.00032383
802;SCC006040SLO;170;86;0.00009559
802;SCC006040SLO;174;86;0.00006311
802;SCC006040SLO;194;86;0.00042216
802;SCC006040SLO;170;87;0.00315505
802;SCC006040SLO;171;87;0.00082517
802;SCC006040SLO;172;87;0.00353549
802;SCC006040SLO;173;87;0.01944654
802;SCC006040SLO;174;87;0.00068367
802;SCC006040SLO;175;87;0.00033086
802;SCC006040SLO;193;87;0.00000070
802;SCC006040SLO;194;87;0.00004294
802;SCC006040SLO;169;88;0.00009947
802;SCC006040SLO;170;88;0.00404907
802;SCC006040SLO;171;88;0.00393478
802;SCC006040SLO;172;88;0.03057955
802;SCC006040SLO;173;88;0.00006654
802;SCC006040SLO;175;88;0.00051508
802;SCC006040SLO;176;88;0.00070869
802;SCC006040SLO;177;88;0.00048397
802;SCC006040SLO;178;88;0.00008227
802;SCC006040SLO;179;88;0.00003648
802;SCC006040SLO;185;88;0.00014214
802;SCC006040SLO;192;88;0.00001273
802;SCC006040SLO;193;88;0.00004543
802;SCC006040SLO;169;89;0.00112059
802;SCC006040SLO;170;89;0.00505283
802;SCC006040SLO;171;89;0.02243832
802;SCC006040SLO;172;89;0.00150131
802;SCC006040SLO;176;89;0.00012642
802;SCC006040SLO;177;89;0.00005233
802;SCC006040SLO;179;89;0.00005242
802;SCC006040SLO;182;89;0.00017827
802;SCC006040SLO;183;89;0.00035597
802;SCC006040SLO;184;89;0.00031748
802;SCC006040SLO;185;89;0.00010838
802;SCC006040SLO;190;89;0.00003173
802;SCC006040SLO;191;89;0.00003774
802;SCC006040SLO;192;89;0.00002806
802;SCC006040SLO;169;90;0.02241012
802;SCC006040SLO;170;90;0.02811276
802;SCC006040SLO;171;90;0.00448220
802;SCC006040SLO;172;90;0.00004036
802;SCC006040SLO;173;90;0.00001566
802;SCC006040SLO;174;90;0.00000226
802;SCC006040SLO;180;90;0.00008465
802;SCC006040SLO;181;90;0.00026227
802;SCC006040SLO;182;90;0.00015390
802;SCC006040SLO;183;90;0.00002758
802;SCC006040SLO;188;90;0.00001298
802;SCC006040SLO;189;90;0.00004806
802;SCC006040SLO;190;90;0.00000868
802;SCC006040SLO;167;91;0.00190622
802;SCC006040SLO;168;91;0.03596051
802;SCC006040SLO;169;91;0.03586688
802;SCC006040SLO;170;91;0.00365900
802;SCC006040SLO;171;91;0.00078298
802;SCC006040SLO;172;91;0.00023738
802;SCC006040SLO;173;91;0.00008110
802;SCC006040SLO;174;91;0.00000668
802;SCC006040SLO;175;91;0.00000905
802;SCC006040SLO;183;91;0.00002870
802;SCC006040SLO;187;91;0.00003548
802;SCC006040SLO;188;91;0.00004264
802;SCC006040SLO;164;92;0.00102323
802;SCC006040SLO;165;92;0.00237337
802;SCC006040SLO;166;92;0.00378018
802;SCC006040SLO;167;92;0.03614437
802;SCC006040SLO;168;92;0.00010194
802;SCC006040SLO;169;92;0.00255117
802;SCC006040SLO;170;92;0.00194887
802;SCC006040SLO;171;92;0.00066572
802;SCC006040SLO;172;92;0.00033566
802;SCC006040SLO;173;92;0.00016892
802;SCC006040SLO;175;92;0.00000183
802;SCC006040SLO;176;92;0.00000880
802;SCC006040SLO;177;92;0.00001014
802;SCC006040SLO;178;92;0.00000417
802;SCC006040SLO;183;92;0.00001079
802;SCC006040SLO;184;92;0.00001182
802;SCC006040SLO;186;92;0.00004267
802;SCC006040SLO;187;92;0.00000889
802;SCC006040SLO;188;92;0.00000479
802;SCC006040SLO;163;93;0.00025048
802;SCC006040SLO;164;93;0.00112971
802;SCC006040SLO;166;93;0.00014571
802;SCC006040SLO;167;93;0.03075548
802;SCC006040SLO;168;93;0.00024168
802;SCC006040SLO;169;93;0.00568017
802;SCC006040SLO;170;93;0.00051104
802;SCC006040SLO;173;93;0.00007691
802;SCC006040SLO;174;93;0.00024288
802;SCC006040SLO;184;93;0.00002049
802;SCC006040SLO;185;93;0.00004174
802;SCC006040SLO;186;93;0.00002150
802;SCC006040SLO;163;94;0.00047781
802;SCC006040SLO;165;94;0.00000286
802;SCC006040SLO;166;94;0.00016869
802;SCC006040SLO;167;94;0.01943818
802;SCC006040SLO;168;94;0.04257679
802;SCC006040SLO;169;94;0.00230838
802;SCC006040SLO;170;94;0.00002487
802;SCC006040SLO;174;94;0.00007899
802;SCC006040SLO;184;94;0.00005826
802;SCC006040SLO;185;94;0.00002024
802;SCC006040SLO;163;95;0.00046084
802;SCC006040SLO;164;95;0.00093241
802;SCC006040SLO;165;95;0.00488342
802;SCC006040SLO;166;95;0.00512547
802;SCC006040SLO;167;95;0.00529377
802;SCC006040SLO;168;95;0.06457563
802;SCC006040SLO;169;95;0.01181270
802;SCC006040SLO;171;95;0.00000009
802;SCC006040SLO;172;95;0.00001746
802;SCC006040SLO;173;95;0.00001577
802;SCC006040SLO;174;95;0.00003118
802;SCC006040SLO;175;95;0.00000192
802;SCC006040SLO;183;95;0.00003201
802;SCC006040SLO;184;95;0.00004387
802;SCC006040SLO;164;96;0.00740039
802;SCC006040SLO;165;96;0.00001914
802;SCC006040SLO;166;96;0.00945585
802;SCC006040SLO;167;96;0.00962777
802;SCC006040SLO;168;96;0.00001048
802;SCC006040SLO;169;96;0.02622378
802;SCC006040SLO;171;96;0.00001652
802;SCC006040SLO;175;96;0.00000982
802;SCC006040SLO;177;96;0.00000376
802;SCC006040SLO;178;96;0.00003248
802;SCC006040SLO;182;96;0.00000466
802;SCC006040SLO;183;96;0.00045043
802;SCC006040SLO;184;96;0.00019010
802;SCC006040SLO;185;96;0.00004126
802;SCC006040SLO;186;96;0.00004078
802;SCC006040SLO;164;97;0.01382528
802;SCC006040SLO;165;97;0.00890572
802;SCC006040SLO;166;97;0.00072984
802;SCC006040SLO;168;97;0.01853938
802;SCC006040SLO;169;97;0.00952988
802;SCC006040SLO;170;97;0.00027472
802;SCC006040SLO;171;97;0.00031573
802;SCC006040SLO;172;97;0.00034418
802;SCC006040SLO;173;97;0.00011774
802;SCC006040SLO;175;97;0.00001286
802;SCC006040SLO;176;97;0.00004103
802;SCC006040SLO;177;97;0.00004943
802;SCC006040SLO;180;97;0.00023887
802;SCC006040SLO;181;97;0.00033610
802;SCC006040SLO;182;97;0.00046240
802;SCC006040SLO;183;97;0.00005339
802;SCC006040SLO;184;97;0.00003394
802;SCC006040SLO;185;97;0.00000029
802;SCC006040SLO;186;97;0.00001067
802;SCC006040SLO;187;97;0.00000131
802;SCC006040SLO;163;98;0.00410776
802;SCC006040SLO;164;98;0.00310645
802;SCC006040SLO;165;98;0.00010387
802;SCC006040SLO;169;98;0.02641101
802;SCC006040SLO;170;98;0.00161288
802;SCC006040SLO;172;98;0.00001477
802;SCC006040SLO;173;98;0.00001536
802;SCC006040SLO;176;98;0.00036411
802;SCC006040SLO;177;98;0.00032828
802;SCC006040SLO;178;98;0.00034895
802;SCC006040SLO;179;98;0.00038265
802;SCC006040SLO;180;98;0.00013680
802;SCC006040SLO;181;98;0.00005342
802;SCC006040SLO;161;99;0.00007914
802;SCC006040SLO;162;99;0.00177987
802;SCC006040SLO;163;99;0.00443840
802;SCC006040SLO;164;99;0.00013844
802;SCC006040SLO;165;99;0.00011906
802;SCC006040SLO;166;99;0.00020952
802;SCC006040SLO;167;99;0.00042699
802;SCC006040SLO;168;99;0.01625180
802;SCC006040SLO;169;99;0.00941913
802;SCC006040SLO;170;99;0.00042847
802;SCC006040SLO;171;99;0.00128811
802;SCC006040SLO;172;99;0.00099911
802;SCC006040SLO;174;99;0.00013864
802;SCC006040SLO;175;99;0.00010933
802;SCC006040SLO;176;99;0.00061850
802;SCC006040SLO;177;99;0.00012053
802;SCC006040SLO;178;99;0.00015307
802;SCC006040SLO;181;99;0.00005383
802;SCC006040SLO;182;99;0.00002768
802;SCC006040SLO;160;100;0.00049144
802;SCC006040SLO;161;100;0.00203989
802;SCC006040SLO;162;100;0.00006717
802;SCC006040SLO;163;100;0.00006761
802;SCC006040SLO;164;100;0.00010180
802;SCC006040SLO;165;100;0.00001565
802;SCC006040SLO;166;100;0.00031223
802;SCC006040SLO;167;100;0.00255619
802;SCC006040SLO;168;100;0.04008605
802;SCC006040SLO;169;100;0.00045487
802;SCC006040SLO;170;100;0.00012069
802;SCC006040SLO;171;100;0.00010995
802;SCC006040SLO;172;100;0.00017651
802;SCC006040SLO;173;100;0.00056448
802;SCC006040SLO;174;100;0.00049658
802;SCC006040SLO;175;100;0.00050836
802;SCC006040SLO;178;100;0.00003884
802;SCC006040SLO;181;100;0.00009288
802;SCC006040SLO;182;100;0.00004287
802;SCC006040SLO;159;101;0.00030000
802;SCC006040SLO;160;101;0.00207667
802;SCC006040SLO;162;101;0.00000586
802;SCC006040SLO;164;101;0.00012406
802;SCC006040SLO;165;101;0.00000751
802;SCC006040SLO;166;101;0.00019049
802;SCC006040SLO;167;101;0.02460935
802;SCC006040SLO;168;101;0.00802153
802;SCC006040SLO;169;101;0.00147159
802;SCC006040SLO;170;101;0.00081113
802;SCC006040SLO;171;101;0.00045148
802;SCC006040SLO;172;101;0.00056503
802;SCC006040SLO;173;101;0.00001773
802;SCC006040SLO;175;101;0.00006638
802;SCC006040SLO;178;101;0.00002963
802;SCC006040SLO;181;101;0.00004069
802;SCC006040SLO;158;102;0.00147753
802;SCC006040SLO;159;102;0.00479763
802;SCC006040SLO;160;102;0.00076243
802;SCC006040SLO;161;102;0.00076288
802;SCC006040SLO;162;102;0.00073260
802;SCC006040SLO;163;102;0.00074719
802;SCC006040SLO;164;102;0.00094211
802;SCC006040SLO;165;102;0.00159075
802;SCC006040SLO;166;102;0.00241999
802;SCC006040SLO;167;102;0.02504720
802;SCC006040SLO;168;102;0.00037105
802;SCC006040SLO;169;102;0.00184583
802;SCC006040SLO;170;102;0.00049778
802;SCC006040SLO;171;102;0.00132504
802;SCC006040SLO;172;102;0.00016433
802;SCC006040SLO;175;102;0.00006391
802;SCC006040SLO;177;102;0.00000580
802;SCC006040SLO;178;102;0.00000298
802;SCC006040SLO;180;102;0.00002636
802;SCC006040SLO;181;102;0.00001577
802;SCC006040SLO;158;103;0.00431358
802;SCC006040SLO;159;103;0.00035584
802;SCC006040SLO;160;103;0.00017374
802;SCC006040SLO;161;103;0.00003009
802;SCC006040SLO;162;103;0.00007468
802;SCC006040SLO;164;103;0.00042579
802;SCC006040SLO;165;103;0.00062346
802;SCC006040SLO;166;103;0.00041211
802;SCC006040SLO;167;103;0.02186274
802;SCC006040SLO;168;103;0.00141021
802;SCC006040SLO;169;103;0.00126718
802;SCC006040SLO;170;103;0.00219932
802;SCC006040SLO;171;103;0.00008656
802;SCC006040SLO;172;103;0.00012828
802;SCC006040SLO;173;103;0.00005838
802;SCC006040SLO;175;103;0.00006790
802;SCC006040SLO;176;103;0.00000719
802;SCC006040SLO;177;103;0.00000153
802;SCC006040SLO;179;103;0.00001778
802;SCC006040SLO;180;103;0.00002615
802;SCC006040SLO;157;104;0.00201644
802;SCC006040SLO;158;104;0.00021001
802;SCC006040SLO;159;104;0.00001661
802;SCC006040SLO;162;104;0.00002640
802;SCC006040SLO;163;104;0.00003187
802;SCC006040SLO;164;104;0.00073311
802;SCC006040SLO;166;104;0.00004002
802;SCC006040SLO;167;104;0.02465677
802;SCC006040SLO;168;104;0.01394123
802;SCC006040SLO;169;104;0.00043564
802;SCC006040SLO;170;104;0.00117777
802;SCC006040SLO;171;104;0.00018280
802;SCC006040SLO;173;104;0.00000333
802;SCC006040SLO;174;104;0.00011759
802;SCC006040SLO;175;104;0.00004116
802;SCC006040SLO;178;104;0.00001057
802;SCC006040SLO;179;104;0.00001563
802;SCC006040SLO;154;105;0.00044498
802;SCC006040SLO;155;105;0.00152807
802;SCC006040SLO;156;105;0.00155153
802;SCC006040SLO;157;105;0.00039707
802;SCC006040SLO;159;105;0.00000791
802;SCC006040SLO;160;105;0.00001476
802;SCC006040SLO;161;105;0.00001753
802;SCC006040SLO;162;105;0.00051116
802;SCC006040SLO;163;105;0.00076308
802;SCC006040SLO;164;105;0.00024823
802;SCC006040SLO;165;105;0.00006717
802;SCC006040SLO;166;105;0.00091388
802;SCC006040SLO;167;105;0.01487816
802;SCC006040SLO;168;105;0.01094252
802;SCC006040SLO;169;105;0.00808425
802;SCC006040SLO;170;105;0.00542761
802;SCC006040SLO;171;105;0.00486834
802;SCC006040SLO;172;105;0.00431398
802;SCC006040SLO;173;105;0.00420203
802;SCC006040SLO;174;105;0.00427257
802;SCC006040SLO;175;105;0.00199646
802;SCC006040SLO;177;105;0.00001523
802;SCC006040SLO;178;105;0.00003128
802;SCC006040SLO;154;106;0.00159363
802;SCC006040SLO;156;106;0.00007162
802;SCC006040SLO;157;106;0.00000922
802;SCC006040SLO;161;106;0.00049504
802;SCC006040SLO;162;106;0.00042524
802;SCC006040SLO;164;106;0.00127259
802;SCC006040SLO;165;106;0.00311542
802;SCC006040SLO;166;106;0.00263257
802;SCC006040SLO;167;106;0.00647213
802;SCC006040SLO;168;106;0.00026310
802;SCC006040SLO;169;106;0.00061390
802;SCC006040SLO;170;106;0.00005417
802;SCC006040SLO;171;106;0.00001727
802;SCC006040SLO;172;106;0.00027835
802;SCC006040SLO;175;106;0.00393497
802;SCC006040SLO;176;106;0.00117492
802;SCC006040SLO;177;106;0.00003351
802;SCC006040SLO;153;107;0.00013602
802;SCC006040SLO;154;107;0.00114036
802;SCC006040SLO;160;107;0.00008660
802;SCC006040SLO;161;107;0.00019897
802;SCC006040SLO;163;107;0.00231840
802;SCC006040SLO;164;107;0.00177639
802;SCC006040SLO;166;107;0.00000017
802;SCC006040SLO;167;107;0.00664076
802;SCC006040SLO;168;107;0.00011053
802;SCC006040SLO;169;107;0.00018274
802;SCC006040SLO;170;107;0.00032913
802;SCC006040SLO;172;107;0.00001847
802;SCC006040SLO;176;107;0.00439034
802;SCC006040SLO;177;107;0.00214673
802;SCC006040SLO;178;107;0.00179568
802;SCC006040SLO;153;108;0.00115156
802;SCC006040SLO;154;108;0.00033725
802;SCC006040SLO;160;108;0.00003632
802;SCC006040SLO;161;108;0.00013327
802;SCC006040SLO;162;108;0.00029009
802;SCC006040SLO;163;108;0.00145415
802;SCC006040SLO;166;108;0.00032068
802;SCC006040SLO;167;108;0.00848517
802;SCC006040SLO;168;108;0.00000631
802;SCC006040SLO;169;108;0.00011345
802;SCC006040SLO;176;108;0.00000093
802;SCC006040SLO;177;108;0.00240591
802;SCC006040SLO;178;108;0.00170981
802;SCC006040SLO;153;109;0.00066282
802;SCC006040SLO;161;109;0.00014543
802;SCC006040SLO;162;109;0.00034993
802;SCC006040SLO;163;109;0.00016109
802;SCC006040SLO;166;109;0.00115394
802;0SF0060410BA;132;145;0.00050772
802;0SF0060410BA;133;145;0.00051744
802;0SF0060410BA;131;146;0.00055136
802;0SF0060410BA;132;146;0.00140833
802;0SF0060410BA;130;147;0.00002743
802;0SF0060410BA;131;147;0.00182329
802;0SF0060410BA;130;148;0.00139517
802;0SF0060410BA;136;148;0.00000083
802;0SF0060410BA;130;149;0.00084427
802;0SF0060410BA;131;149;0.00139791
802;0SF0060410BA;132;149;0.00086003
802;0SF0060410BA;130;150;0.00009186
802;0SF0060410BA;132;150;0.00058102
802;0SF0060410BA;133;150;0.00245211
802;0SF0060410BA;134;150;0.00009543
802;0SF0060410BA;135;150;0.00015707
802;0SF0060410BA;136;150;0.00005633
802;0SF0060410BA;130;151;0.00000838
802;0SF0060410BA;131;151;0.00009454
802;0SF0060410BA;133;151;0.00353752
802;0SF0060410BA;134;151;0.00000051
802;0SF0060410BA;135;151;0.00002212
802;0SF0060410BA;130;152;0.00006179
802;0SF0060410BA;131;152;0.00003398
802;0SF0060410BA;133;152;0.00234717
802;0SF0060410BA;134;152;0.00121633
802;0SF0060410BA;130;153;0.00010082
802;0SF0060410BA;132;153;0.00000104
802;0SF0060410BA;133;153;0.00046050
802;0SF0060410BA;134;153;0.00939191
802;0SF0060410BA;135;153;0.01485337
802;0SF0060410BA;130;154;0.00171277
802;0SF0060410BA;132;154;0.00001941
802;0SF0060410BA;133;154;0.00615139
802;0SF0060410BA;134;154;0.01734198
802;0SF0060410BA;135;154;0.01281958
802;0SF0060410BA;136;154;0.03552153
802;0SF0060410BA;129;155;0.00053897
802;0SF0060410BA;130;155;0.00743696
802;0SF0060410BA;131;155;0.00852881
802;0SF0060410BA;132;155;0.00425041
802;0SF0060410BA;133;155;0.00891619
802;0SF0060410BA;134;155;0.04311112
802;0SF0060410BA;135;155;0.06208365
802;0SF0060410BA;136;155;0.05083597
802;0SF0060410BA;137;155;0.00351658
802;0SF0060410BA;128;156;0.00170044
802;0SF0060410BA;129;156;0.00245584
802;0SF0060410BA;131;156;0.00120668
802;0SF0060410BA;132;156;0.02492710
802;0SF0060410BA;133;156;0.03591190
802;0SF0060410BA;134;156;0.05163728
802;0SF0060410BA;135;156;0.00100993
802;0SF0060410BA;137;156;0.00182078
802;0SF0060410BA;128;157;0.00329364
802;0SF0060410BA;131;157;0.01093909
802;0SF0060410BA;132;157;0.01905498
802;0SF0060410BA;133;157;0.09233854
802;0SF0060410BA;134;157;0.00778961
802;0SF0060410BA;128;158;0.00287488
802;0SF0060410BA;129;158;0.00518274
802;0SF0060410BA;130;158;0.00698850
802;0SF0060410BA;131;158;0.04736630
802;0SF0060410BA;132;158;0.05387641
802;0SF0060410BA;133;158;0.00021883
802;0SF0060410BA;134;158;0.01821150
802;0SF0060410BA;135;158;0.01141861
802;0SF0060410BA;129;159;0.01460249
802;0SF0060410BA;130;159;0.04179434
802;0SF0060410BA;131;159;0.05024390
802;0SF0060410BA;129;160;0.04005515
802;0SF0060410BA;130;160;0.02233917
802;0SF0060410BA;131;160;0.04836817
802;0SF0060410BA;129;161;0.04015386
802;0SF0060410BA;130;161;0.00229422
802;0SF0060410BA;131;161;0.03224224
802;0MC006029NSI;159;196;0.01641181
802;0MC006029NSI;159;197;0.04232875
802;0MC006029NSI;160;197;0.00320731
802;0MC006029NSI;161;197;0.00150031
802;0MC006029NSI;159;198;0.02363786
802;0MC006029NSI;161;198;0.00107330
802;0MC006029NSI;159;199;0.02263019
802;0MC006029NSI;160;199;0.00203418
802;0MC006029NSI;161;199;0.00440897
802;0MC006029NSI;162;199;0.00333913
802;0MC006029NSI;157;200;0.00120190
802;0MC006029NSI;158;200;0.00287185
802;0MC006029NSI;160;200;0.03891999
802;0MC006029NSI;161;200;0.00016523
802;0MC006029NSI;162;200;0.00921695
802;0MC006029NSI;155;201;0.00718490
802;0MC006029NSI;156;201;0.01364382
802;0MC006029NSI;157;201;0.02012341
802;0MC006029NSI;158;201;0.01732947
802;0MC006029NSI;159;201;0.01733104
802;0MC006029NSI;160;201;0.04486377
802;0MC006029NSI;161;201;0.01267788
802;0MC006029NSI;162;201;0.00263143
802;0MC006029NSI;158;202;0.00948403
802;0MC006029NSI;159;202;0.01258003
802;0MC006029NSI;160;202;0.05440823
802;0MC006029NSI;161;202;0.00912695
802;0MC006029NSI;159;203;0.00645776
802;0MC006029NSI;160;203;0.00790129
802;0MC006029NSI;161;203;0.02729242
802;0MC006029NSI;162;203;0.00403722
802;0MC006029NSI;159;204;0.00624526
802;0MC006029NSI;162;204;0.00092081
802;0MC006029NSI;163;204;0.00573916
802;0MC006029NSI;164;204;0.00479788
802;0MC006029NSI;165;204;0.00477232
802;0MC006029NSI;166;204;0.00558981
802;0MC006029NSI;167;204;0.00637285
802;0MC006029NSI;168;204;0.00229098
802;0MC006029NSI;169;204;0.01920213
802;0MC006029NSI;170;204;0.02093226
802;0MC006029NSI;173;204;0.02170372
802;0MC006029NSI;174;204;0.02333393
802;0MC006029NSI;177;204;0.02391827
802;0MC006029NSI;178;204;0.02757617
802;0MC006029NSI;179;204;0.00179779
802;0MC006029NSI;158;205;0.00051555
802;0MC006029NSI;159;205;0.00313925
802;0MC006029NSI;170;205;0.01281841
802;0MC006029NSI;174;205;0.02283718
802;0MC006029NSI;175;205;0.04094322
802;0MC006029NSI;176;205;0.04003577
802;0MC006029NSI;177;205;0.01621631
802;0MC006029NSI;178;205;0.04551865
802;0MC006029NSI;179;205;0.03156712
802;0MC006029NSI;159;206;0.00383679
802;0MC006029NSI;178;206;0.01277297
802;0MC006029NSI;179;206;0.00611637
802;0MC006029NSI;180;206;0.03676812
802;0MC006029NSI;181;206;0.05205788
802;0MC006029NSI;178;207;0.01212605
802;0MC006029NSI;181;207;0.03576338
802;0MC006029NSI;177;208;0.00110981
802;0MC006029NSI;178;208;0.00130810
802;0MC006029NSI;181;208;0.00047864
802;0MC006029NSI;182;208;0.00885571
802;SJV006039SJU;153;158;0.00419184
802;SJV006039SJU;154;158;0.00060035
802;SJV006039SJU;149;159;0.00014877
802;SJV006039SJU;150;159;0.00048599
802;SJV006039SJU;151;159;0.00051547
802;SJV006039SJU;152;159;0.00494780
802;SJV006039SJU;153;159;0.00429800
802;SJV006039SJU;154;159;0.00216137
802;SJV006039SJU;155;159;0.00103026
802;SJV006039SJU;150;160;0.00191160
802;SJV006039SJU;151;160;0.00629335
802;SJV006039SJU;152;160;0.00114186
802;SJV006039SJU;153;160;0.00259670
802;SJV006039SJU;154;160;0.00065348
802;SJV006039SJU;155;160;0.00041220
802;SJV006039SJU;156;160;0.00006551
802;SJV006039SJU;149;161;0.00398396
802;SJV006039SJU;150;161;0.00443075
802;SJV006039SJU;151;161;0.00614806
802;SJV006039SJU;152;161;0.00307025
802;SJV006039SJU;153;161;0.00249398
802;SJV006039SJU;154;161;0.00048407
802;SJV006039SJU;155;161;0.00005987
802;SJV006039SJU;156;161;0.00018462
802;SJV006039SJU;157;161;0.00000527
802;SJV006039SJU;158;161;0.00262100
802;SJV006039SJU;149;162;0.02592490
802;SJV006039SJU;150;162;0.02346747
802;SJV006039SJU;151;162;0.02471880
802;SJV006039SJU;152;162;0.02269874
802;SJV006039SJU;153;162;0.02360642
802;SJV006039SJU;154;162;0.00929182
802;SJV006039SJU;155;162;0.00026336
802;SJV006039SJU;156;162;0.00068145
802;SJV006039SJU;157;162;0.01548352
802;SJV006039SJU;158;162;0.02838198
802;SJV006039SJU;159;162;0.00063693
802;SJV006039SJU;160;162;0.00032641
802;SJV006039SJU;161;162;0.00101909
802;SJV006039SJU;162;162;0.00108097
802;SJV006039SJU;149;163;0.00275051
802;SJV006039SJU;150;163;0.00041694
802;SJV006039SJU;151;163;0.00067097
802;SJV006039SJU;152;163;0.00015724
802;SJV006039SJU;153;163;0.00087762
802;SJV006039SJU;154;163;0.02708843
802;SJV006039SJU;155;163;0.01655159
802;SJV006039SJU;156;163;0.01537090
802;SJV006039SJU;157;163;0.02722889
802;SJV006039SJU;158;163;0.00277659
802;SJV006039SJU;159;163;0.00267100
802;SJV006039SJU;160;163;0.00227948
802;SJV006039SJU;161;163;0.00406703
802;SJV006039SJU;162;163;0.00105220
802;SJV006039SJU;151;164;0.00049799
802;SJV006039SJU;153;164;0.00051541
802;SJV006039SJU;154;164;0.00330051
802;SJV006039SJU;155;164;0.01895661
802;SJV006039SJU;156;164;0.02347086
802;SJV006039SJU;157;164;0.00136169
802;SJV006039SJU;158;164;0.00176091
802;SJV006039SJU;159;164;0.00002486
802;SJV006039SJU;160;164;0.00033852
802;SJV006039SJU;161;164;0.00151226
802;SJV006039SJU;162;164;0.00046929
802;SJV006039SJU;151;165;0.00041558
802;SJV006039SJU;152;165;0.00016265
802;SJV006039SJU;153;165;0.00012828
802;SJV006039SJU;154;165;0.00015413
802;SJV006039SJU;155;165;0.02152552
802;SJV006039SJU;156;165;0.02015867
802;SJV006039SJU;157;165;0.00081517
802;SJV006039SJU;158;165;0.00058690
802;SJV006039SJU;159;165;0.00066874
802;SJV006039SJU;160;165;0.00091395
802;SJV006039SJU;161;165;0.00080501
802;SJV006039SJU;162;165;0.00026161
802;SJV006039SJU;149;166;0.00286330
802;SJV006039SJU;150;166;0.00299749
802;SJV006039SJU;151;166;0.00319810
802;SJV006039SJU;152;166;0.00007235
802;SJV006039SJU;153;166;0.00010111
802;SJV006039SJU;154;166;0.00081421
802;SJV006039SJU;155;166;0.03103990
802;SJV006039SJU;156;166;0.01563409
802;SJV006039SJU;157;166;0.00181169
802;SJV006039SJU;158;166;0.00171689
802;SJV006039SJU;159;166;0.00060710
802;SJV006039SJU;160;166;0.00018616
802;SJV006039SJU;161;166;0.00053797
802;SJV006039SJU;162;166;0.00018517
802;SJV006039SJU;150;167;0.00001789
802;SJV006039SJU;151;167;0.00044800
802;SJV006039SJU;152;167;0.00289905
802;SJV006039SJU;153;167;0.00283575
802;SJV006039SJU;154;167;0.02669064
802;SJV006039SJU;155;167;0.02831630
802;SJV006039SJU;156;167;0.02078907
802;SJV006039SJU;157;167;0.00238041
802;SJV006039SJU;158;167;0.00168077
802;SJV006039SJU;159;167;0.00140253
802;SJV006039SJU;160;167;0.00178527
802;SJV006039SJU;161;167;0.00176808
802;SJV006039SJU;162;167;0.00190413
802;SJV006039SJU;153;168;0.00470135
802;SJV006039SJU;154;168;0.03457130
802;SJV006039SJU;155;168;0.02392903
802;SJV006039SJU;156;168;0.01657571
802;SJV006039SJU;157;168;0.00179294
802;SJV006039SJU;158;168;0.00071806
802;SJV006039SJU;159;168;0.00045305
802;SJV006039SJU;160;168;0.00056530
802;SJV006039SJU;161;168;0.00020594
802;SJV006039SJU;162;168;0.00010204
802;SJV006039SJU;153;169;0.01533998
802;SJV006039SJU;154;169;0.01860210
802;SJV006039SJU;155;169;0.02916521
802;SJV006039SJU;156;169;0.00251258
802;SJV006039SJU;157;169;0.00130161
802;SJV006039SJU;158;169;0.00227037
802;SJV006039SJU;159;169;0.00142863
802;SJV006039SJU;160;169;0.00052568
802;SJV006039SJU;161;169;0.00007826
802;SJV006039SJU;162;169;0.00001023
802;SJV006039SJU;150;170;0.00000044
802;SJV006039SJU;151;170;0.00000639
802;SJV006039SJU;152;170;0.00013895
802;SJV006039SJU;153;170;0.01413420
802;SJV006039SJU;154;170;0.00978655
802;SJV006039SJU;155;170;0.01997051
802;SJV006039SJU;156;170;0.00098673
802;SJV006039SJU;157;170;0.00191701
802;SJV006039SJU;158;170;0.00109115
802;SJV006039SJU;159;170;0.00068929
802;SJV006039SJU;160;170;0.00089243
802;SJV006039SJU;161;170;0.00067593
802;SJV006039SJU;162;170;0.00001106
802;SJV006039SJU;153;171;0.01053675
802;SJV006039SJU;154;171;0.00368315
802;SJV006039SJU;155;171;0.01461392
802;SJV006039SJU;156;171;0.00059904
802;SJV006039SJU;157;171;0.00136995
802;SJV006039SJU;158;171;0.00053336
802;SJV006039SJU;159;171;0.00030895
802;SJV006039SJU;161;171;0.00046934
802;SJV006039SJU;162;171;0.01486743
802;SJV006039SJU;149;172;0.00092339
802;SJV006039SJU;150;172;0.00183191
802;SJV006039SJU;151;172;0.00475399
802;SJV006039SJU;152;172;0.01152984
802;SJV006039SJU;153;172;0.00403033
802;SJV006039SJU;154;172;0.00596188
802;SJV006039SJU;155;172;0.02265599
802;SJV006039SJU;156;172;0.00319461
802;SJV006039SJU;157;172;0.00376049
802;SJV006039SJU;158;172;0.00050192
802;SJV006039SJU;159;172;0.00032903
802;SJV006039SJU;152;173;0.00619789
802;SJV006039SJU;153;173;0.00056649
802;SJV006039SJU;154;173;0.00127234
802;SJV006039SJU;155;173;0.00941273
802;SJV006039SJU;156;173;0.00128511
802;SJV006039SJU;157;173;0.00097554
802;SJV006039SJU;158;173;0.00342476
802;SJV006039SJU;159;173;0.00028131
802;SJV006039SJU;160;173;0.00003468
802;SJV006039SJU;152;174;0.00700409
802;SJV006039SJU;153;174;0.00042162
802;SJV006039SJU;154;174;0.00048639
802;SJV006039SJU;155;174;0.00785541
802;SJV006039SJU;156;174;0.00141927
802;SJV006039SJU;157;174;0.00161409
802;SJV006039SJU;158;174;0.00086853
802;SJV006039SJU;159;174;0.00416771
802;SJV006039SJU;160;174;0.00739407
802;SJV006039SJU;161;174;0.00697879
802;SJV006039SJU;150;175;0.00092051
802;SJV006039SJU;151;175;0.00168777
802;SJV006039SJU;152;175;0.00741139
802;SJV006039SJU;155;175;0.00659925
802;SJV006039SJU;156;175;0.00015133
802;SJV006039SJU;157;175;0.00027240
802;SJV006039SJU;158;175;0.00005179
802;SJV006039SJU;159;175;0.00029653
802;SJV006039SJU;160;175;0.00219916
802;SJV006039SJU;161;175;0.00031082
802;SJV006039SJU;151;176;0.00046433
802;SJV006039SJU;152;176;0.00026057
802;SJV006039SJU;157;176;0.00004522
802;SJV006039SJU;160;176;0.01151740
802;SJV006039SJU;161;176;0.00457929
802;0SC0060360SC;233;59;0.00045755
802;0SC0060360SC;234;59;0.00001297
802;0SC0060360SC;235;59;0.00008518
802;0SC0060360SC;236;59;0.00740817
802;0SC0060360SC;237;59;0.00102903
802;0SC0060360SC;233;60;0.00035627
802;0SC0060360SC;234;60;0.00487038
802;0SC0060360SC;235;60;0.01311722
802;0SC0060360SC;236;60;0.00663967
802;0SC0060360SC;237;60;0.00352561
802;0SC0060360SC;238;60;0.00000212
802;0SC0060360SC;233;61;0.00217211
802;0SC0060360SC;234;61;0.01241074
802;0SC0060360SC;235;61;0.01122692
802;0SC0060360SC;236;61;0.00736120
802;0SC0060360SC;237;61;0.00458965
802;0SC0060360SC;238;61;0.00373948
802;0SC0060360SC;247;61;0.00018654
802;0SC0060360SC;248;61;0.00017221
802;0SC0060360SC;234;62;0.00390231
802;0SC0060360SC;235;62;0.02500123
802;0SC0060360SC;236;62;0.02647609
802;0SC0060360SC;237;62;0.02518178
802;0SC0060360SC;238;62;0.02904916
802;0SC0060360SC;239;62;0.00286904
802;0SC0060360SC;240;62;0.00243710
802;0SC0060360SC;241;62;0.00213422
802;0SC0060360SC;242;62;0.00230766
802;0SC0060360SC;243;62;0.01291230
802;0SC0060360SC;244;62;0.01059013
802;0SC0060360SC;245;62;0.00075377
802;0SC0060360SC;246;62;0.00153495
802;0SC0060360SC;247;62;0.00551442
802;0SC0060360SC;248;62;0.01199760
802;0SC0060360SC;249;62;0.01332005
802;0SC0060360SC;250;62;0.00300688
802;0SC0060360SC;251;62;0.00083657
802;0SC0060360SC;252;62;0.00007791
802;0SC0060360SC;235;63;0.02359005
802;0SC0060360SC;236;63;0.02846754
802;0SC0060360SC;237;63;0.03048724
802;0SC0060360SC;238;63;0.04456100
802;0SC0060360SC;239;63;0.01832319
802;0SC0060360SC;240;63;0.01923575
802;0SC0060360SC;241;63;0.02018814
802;0SC0060360SC;242;63;0.02049717
802;0SC0060360SC;243;63;0.01734320
802;0SC0060360SC;244;63;0.03335988
802;0SC0060360SC;245;63;0.02372245
802;0SC0060360SC;246;63;0.02157657
802;0SC0060360SC;247;63;0.01782900
802;0SC0060360SC;248;63;0.00218820
802;0SC0060360SC;249;63;0.00108496
802;0SC0060360SC;250;63;0.00199143
802;0SC0060360SC;251;63;0.00009273
802;0SC0060360SC;235;64;0.00790572
802;0SC0060360SC;236;64;0.01011961
802;0SC0060360SC;237;64;0.00944076
802;0SC0060360SC;238;64;0.01385306
802;0SC0060360SC;239;64;0.02726050
802;0SC0060360SC;240;64;0.00791425
802;0SC0060360SC;241;64;0.00952067
802;0SC0060360SC;242;64;0.00763450
802;0SC0060360SC;243;64;0.00788969
802;0SC0060360SC;244;64;0.01833491
802;0SC0060360SC;245;64;0.00553810
802;0SC0060360SC;246;64;0.00695221
802;0SC0060360SC;247;64;0.00310733
802;0SC0060360SC;248;64;0.00060401
802;0SC0060360SC;249;64;0.00048310
802;0SC0060360SC;250;64;0.00071419
802;0SC0060360SC;251;64;0.00049537
802;0SC0060360SC;252;64;0.00034101
802;0SC0060360SC;235;65;0.00172212
802;0SC0060360SC;236;65;0.01128649
802;0SC0060360SC;237;65;0.01259784
802;0SC0060360SC;238;65;0.01285118
802;0SC0060360SC;239;65;0.01448288
802;0SC0060360SC;240;65;0.02437305
802;0SC0060360SC;241;65;0.01171940
802;0SC0060360SC;242;65;0.01090334
802;0SC0060360SC;243;65;0.01494745
802;0SC0060360SC;244;65;0.02129323
802;0SC0060360SC;245;65;0.00982360
802;0SC0060360SC;246;65;0.00758719
802;0SC0060360SC;247;65;0.00089232
802;0SC0060360SC;251;65;0.00027052
802;0SC0060360SC;240;66;0.00600431
802;0SC0060360SC;241;66;0.01428163
802;0SC0060360SC;242;66;0.00151285
802;0SC0060360SC;243;66;0.01015543
802;0SC0060360SC;244;66;0.00477977
802;0SC0060360SC;245;66;0.00083303
802;0SC0060360SC;246;66;0.00012486
802;0SC0060360SC;247;66;0.00304893
802;0SC0060360SC;251;66;0.00011953
802;0SC0060360SC;252;66;0.00025719
802;0SC0060360SC;253;66;0.00035811
802;0SC0060360SC;254;66;0.00017956
802;0SC0060360SC;255;66;0.00017945
802;0SC0060360SC;256;66;0.00015901
802;0SC0060360SC;257;66;0.00003839
802;0SC0060360SC;239;67;0.00003312
802;0SC0060360SC;240;67;0.00073977
802;0SC0060360SC;241;67;0.01676533
802;0SC0060360SC;242;67;0.00689273
802;0SC0060360SC;243;67;0.00029043
802;0SC0060360SC;244;67;0.00378571
802;0SC0060360SC;245;67;0.00085282
802;0SC0060360SC;247;67;0.00182995
802;0SC0060360SC;248;67;0.00133733
802;0SC0060360SC;249;67;0.00067435
802;0SC0060360SC;250;67;0.00004454
802;0SC0060360SC;256;67;0.00003610
802;0SC0060360SC;257;67;0.00019656
802;0SC0060360SC;239;68;0.00015450
802;0SC0060360SC;240;68;0.00924229
802;0SC0060360SC;241;68;0.01310158
802;0SC0060360SC;242;68;0.00000349
802;0SC0060360SC;244;68;0.00156785
802;0SC0060360SC;245;68;0.00104823
802;0SC0060360SC;246;68;0.00138262
802;0SC0060360SC;247;68;0.00058186
802;0SC0060360SC;248;68;0.00009968
802;0SC0060360SC;249;68;0.00023070
802;0SC0060360SC;250;68;0.00116457
802;0SC0060360SC;251;68;0.00078898
802;0SC0060360SC;252;68;0.00072263
802;0SC0060360SC;253;68;0.00094371
802;0SC0060360SC;254;68;0.00004454
802;0SC0060360SC;255;68;0.00082568
802;0SC0060360SC;256;68;0.00019761
802;0SC0060360SC;240;69;0.01172815
802;0SC0060360SC;243;69;0.00048357
802;0SC0060360SC;244;69;0.00013749
802;0SC0060360SC;246;69;0.00085830
802;0SC0060360SC;247;69;0.00013324
802;0SC0060360SC;248;69;0.00000553
802;0SC0060360SC;252;69;0.00007119
802;0SC0060360SC;253;69;0.00035370
802;0SC0060360SC;254;69;0.00102873
802;0SC0060360SC;255;69;0.00064299
802;0SC0060360SC;256;69;0.00014825
802;0SC0060360SC;255;70;0.00013331
802;0SV0060510FR;149;189;0.00010938
802;0SV0060510FR;150;189;0.05605233
802;0SV0060510FR;151;189;0.00314353
802;0SV0060510FR;146;190;0.00000241
802;0SV0060510FR;150;190;0.05464916
802;0SV0060510FR;151;190;0.00071178
802;0SV0060510FR;146;191;0.01046850
802;0SV0060510FR;148;191;0.00002702
802;0SV0060510FR;149;191;0.00017860
802;0SV0060510FR;150;191;0.05466347
802;0SV0060510FR;151;191;0.00085116
802;0SV0060510FR;146;192;0.01008104
802;0SV0060510FR;149;192;0.01696420
802;0SV0060510FR;150;192;0.04046906
802;0SV0060510FR;151;192;0.00105802
802;0SV0060510FR;146;193;0.01036824
802;0SV0060510FR;148;193;0.00661875
802;0SV0060510FR;149;193;0.02400496
802;0SV0060510FR;150;193;0.03055285
802;0SV0060510FR;151;193;0.00103173
802;0SV0060510FR;145;194;0.00147294
802;0SV0060510FR;146;194;0.00211827
802;0SV0060510FR;147;194;0.00650321
802;0SV0060510FR;148;194;0.02271178
802;0SV0060510FR;149;194;0.00228367
802;0SV0060510FR;150;194;0.02868874
802;0SV0060510FR;151;194;0.00023000
802;0SV0060510FR;145;195;0.00105824
802;0SV0060510FR;147;195;0.00789782
802;0SV0060510FR;148;195;0.02376300
802;0SV0060510FR;150;195;0.02160319
802;0SV0060510FR;151;195;0.00297081
802;0SV0060510FR;152;195;0.00153359
802;0SV0060510FR;145;196;0.00094061
802;0SV0060510FR;147;196;0.00781555
802;0SV0060510FR;148;196;0.02771212
802;0SV0060510FR;151;196;0.00120380
802;0SV0060510FR;144;197;0.00085275
802;0SV0060510FR;145;197;0.00016002
802;0SV0060510FR;147;197;0.00359792
802;0SV0060510FR;148;197;0.02778898
802;0SV0060510FR;144;198;0.00090297
802;0SV0060510FR;147;198;0.00680735
802;0SV0060510FR;148;198;0.03782400
802;0SV0060510FR;143;199;0.00115579
802;0SV0060510FR;144;199;0.00088742
802;0SV0060510FR;145;199;0.00006995
802;0SV0060510FR;146;199;0.00148456
802;0SV0060510FR;147;199;0.01539877
802;0SV0060510FR;148;199;0.08812698
802;0SV0060510FR;142;200;0.00852127
802;0SV0060510FR;143;200;0.01324372
802;0SV0060510FR;144;200;0.01313306
802;0SV0060510FR;145;200;0.01489416
802;0SV0060510FR;146;200;0.02177137
802;0SV0060510FR;147;200;0.03315175
802;0SV0060510FR;148;200;0.11849671
802;0SV0060510FR;146;201;0.00032012
802;0SV0060510FR;147;201;0.00244731
802;0SV0060510FR;148;201;0.03071255
802;0SV0060510FR;147;202;0.01050904
802;0SV0060510FR;148;202;0.02253832
802;0SV0060510FR;145;203;0.00044622
802;0SV0060510FR;146;203;0.00078478
802;0SV0060510FR;147;203;0.03067515
802;0SV0060510FR;147;204;0.01078348
802;0SC0060330SC;246;46;0.00001845
802;0SC0060330SC;247;46;0.00000740
802;0SC0060330SC;248;46;0.01070819
802;0SC0060330SC;249;46;0.00061389
802;0SC0060330SC;250;46;0.00014383
802;0SC0060330SC;254;46;0.00024201
802;0SC0060330SC;255;46;0.00024796
802;0SC0060330SC;245;47;0.00004108
802;0SC0060330SC;246;47;0.00014466
802;0SC0060330SC;247;47;0.00047228
802;0SC0060330SC;248;47;0.01568415
802;0SC0060330SC;249;47;0.00517421
802;0SC0060330SC;250;47;0.00150891
802;0SC0060330SC;251;47;0.00058265
802;0SC0060330SC;252;47;0.00054391
802;0SC0060330SC;253;47;0.00065840
802;0SC0060330SC;254;47;0.00032149
802;0SC0060330SC;255;47;0.00058617
802;0SC0060330SC;243;48;0.00002052
802;0SC0060330SC;244;48;0.00005051
802;0SC0060330SC;245;48;0.00003901
802;0SC0060330SC;246;48;0.00006702
802;0SC0060330SC;247;48;0.00126836
802;0SC0060330SC;248;48;0.02360439
802;0SC0060330SC;249;48;0.00362390
802;0SC0060330SC;250;48;0.00110445
802;0SC0060330SC;251;48;0.00040313
802;0SC0060330SC;254;48;0.00001849
802;0SC0060330SC;255;48;0.00030961
802;0SC0060330SC;256;48;0.00070562
802;0SC0060330SC;260;48;0.00027169
802;0SC0060330SC;245;49;0.00047526
802;0SC0060330SC;246;49;0.00099691
802;0SC0060330SC;247;49;0.01986870
802;0SC0060330SC;248;49;0.00960699
802;0SC0060330SC;249;49;0.00252068
802;0SC0060330SC;250;49;0.00061897
802;0SC0060330SC;251;49;0.00038434
802;0SC0060330SC;252;49;0.00014297
802;0SC0060330SC;253;49;0.00000791
802;0SC0060330SC;254;49;0.00009609
802;0SC0060330SC;256;49;0.00016226
802;0SC0060330SC;257;49;0.00055322
802;0SC0060330SC;258;49;0.00022481
802;0SC0060330SC;259;49;0.00006713
802;0SC0060330SC;260;49;0.00033252
802;0SC0060330SC;241;50;0.00155160
802;0SC0060330SC;242;50;0.00045783
802;0SC0060330SC;243;50;0.00002289
802;0SC0060330SC;245;50;0.00229585
802;0SC0060330SC;246;50;0.01352456
802;0SC0060330SC;247;50;0.01037213
802;0SC0060330SC;248;50;0.00400663
802;0SC0060330SC;249;50;0.00220094
802;0SC0060330SC;250;50;0.00020368
802;0SC0060330SC;251;50;0.00006067
802;0SC0060330SC;252;50;0.00032434
802;0SC0060330SC;253;50;0.00008066
802;0SC0060330SC;257;50;0.00006849
802;0SC0060330SC;258;50;0.00034602
802;0SC0060330SC;259;50;0.00062718
802;0SC0060330SC;260;50;0.00055269
802;0SC0060330SC;261;50;0.00056710
802;0SC0060330SC;262;50;0.00050182
802;0SC0060330SC;242;51;0.00248425
802;0SC0060330SC;243;51;0.00291965
802;0SC0060330SC;244;51;0.00229107
802;0SC0060330SC;245;51;0.01066072
802;0SC0060330SC;246;51;0.00286490
802;0SC0060330SC;247;51;0.00748506
802;0SC0060330SC;248;51;0.00118927
802;0SC0060330SC;249;51;0.00426239
802;0SC0060330SC;252;51;0.00037514
802;0SC0060330SC;253;51;0.00005514
802;0SC0060330SC;256;51;0.00003386
802;0SC0060330SC;257;51;0.00045052
802;0SC0060330SC;258;51;0.00011963
802;0SC0060330SC;260;51;0.00012244
802;0SC0060330SC;261;51;0.00000257
802;0SC0060330SC;242;52;0.00307462
802;0SC0060330SC;243;52;0.00372425
802;0SC0060330SC;244;52;0.00895357
802;0SC0060330SC;245;52;0.00872769
802;0SC0060330SC;246;52;0.00225723
802;0SC0060330SC;247;52;0.00736733
802;0SC0060330SC;248;52;0.00256658
802;0SC0060330SC;249;52;0.00283520
802;0SC0060330SC;252;52;0.00030281
802;0SC0060330SC;253;52;0.00004139
802;0SC0060330SC;255;52;0.00014123
802;0SC0060330SC;256;52;0.00027831
802;0SC0060330SC;258;52;0.00001993
802;0SC0060330SC;259;52;0.00008733
802;0SC0060330SC;260;52;0.00003777
802;0SC0060330SC;242;53;0.00093515
802;0SC0060330SC;243;53;0.00841739
802;0SC0060330SC;244;53;0.00655189
802;0SC0060330SC;245;53;0.00138672
802;0SC0060330SC;246;53;0.00250344
802;0SC0060330SC;247;53;0.01054719
802;0SC0060330SC;248;53;0.00259246
802;0SC0060330SC;249;53;0.00249746
802;0SC0060330SC;250;53;0.00167772
802;0SC0060330SC;251;53;0.00044910
802;0SC0060330SC;252;53;0.00116745
802;0SC0060330SC;253;53;0.00043104
802;0SC0060330SC;254;53;0.00002190
802;0SC0060330SC;255;53;0.00028257
802;0SC0060330SC;257;53;0.00004270
802;0SC0060330SC;258;53;0.00009300
802;0SC0060330SC;259;53;0.00006351
802;0SC0060330SC;241;54;0.00849591
802;0SC0060330SC;242;54;0.00771068
802;0SC0060330SC;243;54;0.00301190
802;0SC0060330SC;244;54;0.00019711
802;0SC0060330SC;245;54;0.00213669
802;0SC0060330SC;246;54;0.00138823
802;0SC0060330SC;247;54;0.00806489
802;0SC0060330SC;248;54;0.00311289
802;0SC0060330SC;249;54;0.00275313
802;0SC0060330SC;250;54;0.00288267
802;0SC0060330SC;251;54;0.00460769
802;0SC0060330SC;252;54;0.00219440
802;0SC0060330SC;253;54;0.00067997
802;0SC0060330SC;254;54;0.00061374
802;0SC0060330SC;255;54;0.00008125
802;0SC0060330SC;256;54;0.00017573
802;0SC0060330SC;257;54;0.00025587
802;0SC0060330SC;258;54;0.00022482
802;0SC0060330SC;240;55;0.01155062
802;0SC0060330SC;241;55;0.00032524
802;0SC0060330SC;242;55;0.00019536
802;0SC0060330SC;243;55;0.00023772
802;0SC0060330SC;244;55;0.00011766
802;0SC0060330SC;245;55;0.00230409
802;0SC0060330SC;246;55;0.00818964
802;0SC0060330SC;247;55;0.00747516
802;0SC0060330SC;248;55;0.00040707
802;0SC0060330SC;249;55;0.00021139
802;0SC0060330SC;250;55;0.00065681
802;0SC0060330SC;251;55;0.00414390
802;0SC0060330SC;252;55;0.00408522
802;0SC0060330SC;253;55;0.00254538
802;0SC0060330SC;254;55;0.00062102
802;0SC0060330SC;255;55;0.00005028
802;0SC0060330SC;257;55;0.00037841
802;0SC0060330SC;258;55;0.00004672
802;0SC0060330SC;238;56;0.00035496
802;0SC0060330SC;239;56;0.00757627
802;0SC0060330SC;240;56;0.00507265
802;0SC0060330SC;241;56;0.00073548
802;0SC0060330SC;242;56;0.00054554
802;0SC0060330SC;243;56;0.00020472
802;0SC0060330SC;244;56;0.00032381
802;0SC0060330SC;245;56;0.00101248
802;0SC0060330SC;246;56;0.01181102
802;0SC0060330SC;247;56;0.00098226
802;0SC0060330SC;248;56;0.00059549
802;0SC0060330SC;249;56;0.00036659
802;0SC0060330SC;250;56;0.00018334
802;0SC0060330SC;251;56;0.00297418
802;0SC0060330SC;252;56;0.00410725
802;0SC0060330SC;253;56;0.00068409
802;0SC0060330SC;256;56;0.00024386
802;0SC0060330SC;257;56;0.00054691
802;0SC0060330SC;236;57;0.00724028
802;0SC0060330SC;237;57;0.00194156
802;0SC0060330SC;238;57;0.00481393
802;0SC0060330SC;239;57;0.01291778
802;0SC0060330SC;241;57;0.00038387
802;0SC0060330SC;242;57;0.00038401
802;0SC0060330SC;243;57;0.00120754
802;0SC0060330SC;244;57;0.00147991
802;0SC0060330SC;245;57;0.00966748
802;0SC0060330SC;246;57;0.00741804
802;0SC0060330SC;247;57;0.00185583
802;0SC0060330SC;248;57;0.00013835
802;0SC0060330SC;249;57;0.00015598
802;0SC0060330SC;250;57;0.00004163
802;0SC0060330SC;251;57;0.00469389
802;0SC0060330SC;252;57;0.00024785
802;0SC0060330SC;255;57;0.00015287
802;0SC0060330SC;256;57;0.00028261
802;0SC0060330SC;236;58;0.01577340
802;0SC0060330SC;237;58;0.02296179
802;0SC0060330SC;238;58;0.03169407
802;0SC0060330SC;239;58;0.02123930
802;0SC0060330SC;240;58;0.01695457
802;0SC0060330SC;241;58;0.00439291
802;0SC0060330SC;242;58;0.00391916
802;0SC0060330SC;243;58;0.00361370
802;0SC0060330SC;244;58;0.00429698
802;0SC0060330SC;245;58;0.01008279
802;0SC0060330SC;246;58;0.00565514
802;0SC0060330SC;247;58;0.00227876
802;0SC0060330SC;248;58;0.00014280
802;0SC0060330SC;249;58;0.00054037
802;0SC0060330SC;250;58;0.00156272
802;0SC0060330SC;251;58;0.00450501
802;0SC0060330SC;254;58;0.00007961
802;0SC0060330SC;255;58;0.00037662
802;0SC0060330SC;236;59;0.00206009
802;0SC0060330SC;237;59;0.00108465
802;0SC0060330SC;238;59;0.01270920
802;0SC0060330SC;239;59;0.00186933
802;0SC0060330SC;240;59;0.00450501
802;0SC0060330SC;241;59;0.01851457
802;0SC0060330SC;242;59;0.00828020
802;0SC0060330SC;243;59;0.00341308
802;0SC0060330SC;244;59;0.00948525
802;0SC0060330SC;245;59;0.01073531
802;0SC0060330SC;246;59;0.00525689
802;0SC0060330SC;247;59;0.00567132
802;0SC0060330SC;248;59;0.00140668
802;0SC0060330SC;249;59;0.00183497
802;0SC0060330SC;250;59;0.00036200
802;0SC0060330SC;251;59;0.00248577
802;0SC0060330SC;252;59;0.00149130
802;0SC0060330SC;253;59;0.00029137
802;0SC0060330SC;254;59;0.00091797
802;0SC0060330SC;255;59;0.00041986
802;0SC0060330SC;256;59;0.00462070
802;0SC0060330SC;237;60;0.00144709
802;0SC0060330SC;238;60;0.01275966
802;0SC0060330SC;239;60;0.00420010
802;0SC0060330SC;240;60;0.00737391
802;0SC0060330SC;241;60;0.00661083
802;0SC0060330SC;242;60;0.01760642
802;0SC0060330SC;243;60;0.01186351
802;0SC0060330SC;244;60;0.01999581
802;0SC0060330SC;245;60;0.00998680
802;0SC0060330SC;246;60;0.00745831
802;0SC0060330SC;247;60;0.00751870
802;0SC0060330SC;248;60;0.00427593
802;0SC0060330SC;249;60;0.00387070
802;0SC0060330SC;250;60;0.00603436
802;0SC0060330SC;251;60;0.01211462
802;0SC0060330SC;252;60;0.01043880
802;0SC0060330SC;253;60;0.00887423
802;0SC0060330SC;254;60;0.00866627
802;0SC0060330SC;255;60;0.00922224
802;0SC0060330SC;256;60;0.00237062
802;0SC0060330SC;257;60;0.00566685
802;0SC0060330SC;238;61;0.01052410
802;0SC0060330SC;239;61;0.00732875
802;0SC0060330SC;240;61;0.00635882
802;0SC0060330SC;241;61;0.01282389
802;0SC0060330SC;242;61;0.01368559
802;0SC0060330SC;243;61;0.02942738
802;0SC0060330SC;244;61;0.00121469
802;0SC0060330SC;245;61;0.00146424
802;0SC0060330SC;246;61;0.00116318
802;0SC0060330SC;247;61;0.00223790
802;0SC0060330SC;248;61;0.00037810
802;0SC0060330SC;249;61;0.00091587
802;0SC0060330SC;250;61;0.00813560
802;0SC0060330SC;251;61;0.00111188
802;0SC0060330SC;252;61;0.00039140
802;0SC0060330SC;253;61;0.00029214
802;0SC0060330SC;255;61;0.00134486
802;0SC0060330SC;238;62;0.00833132
802;0SC0060330SC;239;62;0.00822615
802;0SC0060330SC;240;62;0.00700992
802;0SC0060330SC;241;62;0.00197439
802;0SC0060330SC;242;62;0.00157040
802;0SC0060330SC;243;62;0.00340201
802;0SC0060330SC;244;62;0.00035176
802;0SC0060330SC;245;62;0.00024456
802;0SC0060330SC;249;62;0.00021159
802;0SC0060330SC;250;62;0.00012786
802;0SC0060330SC;252;62;0.00003437
802;0NC006053NCU;112;234;0.00170341
802;0NC006053NCU;113;234;0.00344955
802;0NC006053NCU;114;234;0.00330375
802;0NC006053NCU;115;234;0.00330375
802;0NC006053NCU;116;234;0.00094984
802;0NC006053NCU;117;234;0.00186496
802;0NC006053NCU;118;234;0.00192897
802;0NC006053NCU;119;234;0.00197069
802;0NC006053NCU;120;234;0.00062063
802;0NC006053NCU;110;235;0.00042975
802;0NC006053NCU;111;235;0.00409157
802;0NC006053NCU;112;235;0.00174805
802;0NC006053NCU;116;235;0.00270346
802;0NC006053NCU;117;235;0.00066135
802;0NC006053NCU;109;236;0.00107519
802;0NC006053NCU;110;236;0.00407995
802;0NC006053NCU;117;236;0.00138126
802;0NC006053NCU;109;237;0.00059383
802;0NC006053NCU;117;237;0.00096485
802;0NC006053NCU;117;238;0.00115426
802;0NC006053NCU;118;238;0.00031747
802;0NC006053NCU;118;239;0.00883949
802;0NC006053NCU;119;239;0.02178794
802;0NC006053NCU;120;239;0.01975166
802;0NC006053NCU;120;240;0.00983068
802;0NC006053NCU;121;240;0.01978063
802;0NC006053NCU;126;240;0.09746120
802;0NC006053NCU;121;241;0.01047525
802;0NC006053NCU;122;241;0.04966802
802;0NC006053NCU;123;241;0.02628543
802;0NC006053NCU;124;241;0.04043275
802;0NC006053NCU;125;241;0.08292229
802;0NC006053NCU;126;241;0.00031581
802;0NC006053NCU;122;242;0.03294164
802;0NC006053NCU;123;242;0.00257689
802;0NC006053NCU;124;242;0.03266804
802;0NC006053NCU;117;243;0.02696071
802;0NC006053NCU;118;243;0.03965624
802;0NC006053NCU;119;243;0.03965624
802;0NC006053NCU;120;243;0.03965624
802;0NC006053NCU;121;243;0.03965624
802;0NC006053NCU;122;243;0.03511077
802;0NC006053NCU;113;244;0.00252632
802;0NC006053NCU;114;244;0.02036184
802;0NC006053NCU;115;244;0.02036184
802;0NC006053NCU;116;244;0.02686715
802;0NC006053NCU;117;244;0.01269553
802;0NC006053NCU;122;244;0.00306854
802;0NC006053NCU;123;244;0.00020748
802;0NC006053NCU;111;245;0.01298475
802;0NC006053NCU;112;245;0.02036184
802;0NC006053NCU;113;245;0.01783552
802;0NC006053NCU;123;245;0.00356584
802;0NC006053NCU;111;246;0.02821599
802;0NC006053NCU;123;246;0.00120498
802;0NC006053NCU;124;246;0.00265117
802;0NC006053NCU;109;247;0.00934598
802;0NC006053NCU;110;247;0.02961264
802;0NC006053NCU;111;247;0.00489053
802;0NC006053NCU;124;247;0.00178056
802;0NC006053NCU;125;247;0.00203436
802;0NC006053NCU;108;248;0.01393029
802;0NC006053NCU;109;248;0.01711974
802;0NC006053NCU;125;248;0.00325676
802;0NC006053NCU;108;249;0.00119109
802;0NC006053NCU;125;249;0.00032927
802;0NC006053NCU;126;249;0.00292749
802;0NC006053NCU;126;250;0.00325676
802;0NC006053NCU;126;251;0.00025702
802;0NC006053NCU;127;251;0.00295189
802;0NC006053NCU;127;252;0.00298027
802;0NC006053NCU;127;253;0.00298027
802;0NC006053NCU;127;254;0.00158713
802;0NC006053NCU;128;254;0.00139314
802;0NC006053NCU;128;255;0.00298027
802;0NC006053NCU;128;256;0.00302388
802;0NC006053NCU;127;257;0.00181916
802;0NC006053NCU;128;257;0.00219100
802;0NC006053NCU;127;258;0.00052093
802;0SF0060070BA;141;161;0.00375722
802;0SF0060070BA;140;162;0.02697977
802;0SF0060070BA;141;162;0.00840012
802;0SF0060070BA;142;162;0.00045408
802;0SF0060070BA;144;162;0.00010598
802;0SF0060070BA;139;163;0.00030575
802;0SF0060070BA;140;163;0.03233216
802;0SF0060070BA;141;163;0.00670575
802;0SF0060070BA;142;163;0.00008239
802;0SF0060070BA;144;163;0.00069389
802;0SF0060070BA;145;163;0.00537761
802;0SF0060070BA;136;164;0.00095819
802;0SF0060070BA;137;164;0.00041779
802;0SF0060070BA;139;164;0.01261658
802;0SF0060070BA;140;164;0.01967608
802;0SF0060070BA;141;164;0.00241830
802;0SF0060070BA;143;164;0.00008208
802;0SF0060070BA;144;164;0.00002523
802;0SF0060070BA;145;164;0.00320661
802;0SF0060070BA;146;164;0.00347143
802;0SF0060070BA;148;164;0.00290463
802;0SF0060070BA;135;165;0.01765649
802;0SF0060070BA;136;165;0.00226261
802;0SF0060070BA;137;165;0.00292336
802;0SF0060070BA;138;165;0.00163976
802;0SF0060070BA;139;165;0.03054582
802;0SF0060070BA;140;165;0.00004853
802;0SF0060070BA;142;165;0.00007535
802;0SF0060070BA;143;165;0.00040946
802;0SF0060070BA;145;165;0.00001107
802;0SF0060070BA;146;165;0.00706890
802;0SF0060070BA;147;165;0.00263420
802;0SF0060070BA;148;165;0.00105723
802;0SF0060070BA;133;166;0.01315620
802;0SF0060070BA;134;166;0.00048879
802;0SF0060070BA;135;166;0.01028915
802;0SF0060070BA;136;166;0.03654384
802;0SF0060070BA;137;166;0.03462399
802;0SF0060070BA;138;166;0.06068011
802;0SF0060070BA;139;166;0.00084099
802;0SF0060070BA;142;166;0.00040080
802;0SF0060070BA;143;166;0.00013645
802;0SF0060070BA;144;166;0.00021346
802;0SF0060070BA;145;166;0.00321439
802;0SF0060070BA;146;166;0.00908938
802;0SF0060070BA;147;166;0.00687088
802;0SF0060070BA;148;166;0.00328624
802;0SF0060070BA;149;166;0.00001660
802;0SF0060070BA;130;167;0.00373242
802;0SF0060070BA;131;167;0.01582589
802;0SF0060070BA;132;167;0.02436546
802;0SF0060070BA;133;167;0.03521238
802;0SF0060070BA;134;167;0.00085288
802;0SF0060070BA;135;167;0.00052767
802;0SF0060070BA;136;167;0.00085799
802;0SF0060070BA;137;167;0.00142838
802;0SF0060070BA;138;167;0.05311459
802;0SF0060070BA;139;167;0.01099594
802;0SF0060070BA;140;167;0.00298510
802;0SF0060070BA;141;167;0.00117802
802;0SF0060070BA;142;167;0.00008027
802;0SF0060070BA;144;167;0.00010112
802;0SF0060070BA;145;167;0.00796003
802;0SF0060070BA;146;167;0.00415357
802;0SF0060070BA;147;167;0.00161704
802;0SF0060070BA;131;168;0.00014208
802;0SF0060070BA;132;168;0.02076392
802;0SF0060070BA;133;168;0.02329779
802;0SF0060070BA;134;168;0.00099925
802;0SF0060070BA;135;168;0.00114690
802;0SF0060070BA;136;168;0.00057860
802;0SF0060070BA;137;168;0.00164543
802;0SF0060070BA;138;168;0.04670123
802;0SF0060070BA;139;168;0.02123364
802;0SF0060070BA;140;168;0.00849122
802;0SF0060070BA;141;168;0.00187879
802;0SF0060070BA;142;168;0.00048378
802;0SF0060070BA;143;168;0.00098000
802;0SF0060070BA;144;168;0.00282239
802;0SF0060070BA;145;168;0.01323202
802;0SF0060070BA;146;168;0.00270460
802;0SF0060070BA;147;168;0.00054527
802;0SF0060070BA;132;169;0.00374031
802;0SF0060070BA;133;169;0.03222276
802;0SF0060070BA;134;169;0.01720220
802;0SF0060070BA;135;169;0.00558712
802;0SF0060070BA;136;169;0.00618243
802;0SF0060070BA;137;169;0.01538839
802;0SF0060070BA;138;169;0.02960395
802;0SF0060070BA;139;169;0.03385666
802;0SF0060070BA;140;169;0.02080691
802;0SF0060070BA;141;169;0.02101290
802;0SF0060070BA;142;169;0.02431255
802;0SF0060070BA;143;169;0.02496873
802;0SF0060070BA;144;169;0.01741184
802;0SF0060070BA;145;169;0.00794068
802;0SF0060070BA;146;169;0.00158032
802;0SF0060070BA;147;169;0.00119819
802;0SF0060070BA;134;170;0.01924869
802;0SF0060070BA;135;170;0.00630289
802;0SF0060070BA;136;170;0.00007345
802;0SF0060070BA;137;170;0.01147367
802;0SF0060070BA;138;170;0.00037936
802;0SF0060070BA;139;170;0.00004272
802;0SF0060070BA;140;170;0.00447365
802;0SF0060070BA;141;170;0.00095187
802;0SF0060070BA;142;170;0.00059991
802;0SF0060070BA;135;171;0.00364654
802;SCC006056VEN;206;61;0.00006929
802;SCC006056VEN;207;61;0.00036598
802;SCC006056VEN;204;62;0.00068114
802;SCC006056VEN;205;62;0.00155143
802;SCC006056VEN;206;62;0.00158858
802;SCC006056VEN;207;62;0.00000089
802;SCC006056VEN;203;63;0.00150786
802;SCC006056VEN;204;63;0.00155863
802;SCC006056VEN;207;63;0.00028058
802;SCC006056VEN;208;63;0.00009864
802;SCC006056VEN;200;64;0.00063333
802;SCC006056VEN;201;64;0.00511110
802;SCC006056VEN;202;64;0.00544868
802;SCC006056VEN;203;64;0.00405601
802;SCC006056VEN;204;64;0.00246400
802;SCC006056VEN;205;64;0.00154668
802;SCC006056VEN;206;64;0.00125920
802;SCC006056VEN;207;64;0.00076748
802;SCC006056VEN;208;64;0.00094038
802;SCC006056VEN;209;64;0.01073488
802;SCC006056VEN;210;64;0.00564079
802;SCC006056VEN;200;65;0.00494244
802;SCC006056VEN;201;65;0.01852393
802;SCC006056VEN;202;65;0.01726335
802;SCC006056VEN;203;65;0.00625043
802;SCC006056VEN;204;65;0.00220871
802;SCC006056VEN;205;65;0.00096152
802;SCC006056VEN;206;65;0.00195604
802;SCC006056VEN;207;65;0.03834769
802;SCC006056VEN;208;65;0.03769173
802;SCC006056VEN;209;65;0.04343722
802;SCC006056VEN;210;65;0.00396277
802;SCC006056VEN;211;65;0.00237508
802;SCC006056VEN;212;65;0.00014531
802;SCC006056VEN;213;65;0.00022008
802;SCC006056VEN;200;66;0.00545935
802;SCC006056VEN;201;66;0.02421967
802;SCC006056VEN;202;66;0.03679454
802;SCC006056VEN;203;66;0.03127765
802;SCC006056VEN;204;66;0.03702796
802;SCC006056VEN;205;66;0.03680603
802;SCC006056VEN;206;66;0.03189003
802;SCC006056VEN;207;66;0.00124978
802;SCC006056VEN;208;66;0.00886871
802;SCC006056VEN;209;66;0.01804847
802;SCC006056VEN;210;66;0.00069054
802;SCC006056VEN;213;66;0.00023003
802;SCC006056VEN;199;67;0.01586425
802;SCC006056VEN;200;67;0.03128200
802;SCC006056VEN;201;67;0.04148002
802;SCC006056VEN;202;67;0.00892899
802;SCC006056VEN;203;67;0.00565622
802;SCC006056VEN;204;67;0.00382279
802;SCC006056VEN;205;67;0.00765271
802;SCC006056VEN;206;67;0.00760533
802;SCC006056VEN;207;67;0.00306891
802;SCC006056VEN;208;67;0.00681082
802;SCC006056VEN;209;67;0.01792365
802;SCC006056VEN;210;67;0.01206067
802;SCC006056VEN;211;67;0.00390649
802;SCC006056VEN;212;67;0.00035291
802;SCC006056VEN;213;67;0.00198723
802;SCC006056VEN;214;67;0.00017437
802;SCC006056VEN;197;68;0.00357474
802;SCC006056VEN;198;68;0.01982846
802;SCC006056VEN;199;68;0.01604903
802;SCC006056VEN;200;68;0.00286098
802;SCC006056VEN;201;68;0.00726606
802;SCC006056VEN;202;68;0.01497277
802;SCC006056VEN;203;68;0.00112408
802;SCC006056VEN;204;68;0.00048277
802;SCC006056VEN;205;68;0.00024310
802;SCC006056VEN;206;68;0.00098259
802;SCC006056VEN;207;68;0.00555932
802;SCC006056VEN;208;68;0.01287070
802;SCC006056VEN;209;68;0.01263966
802;SCC006056VEN;210;68;0.01957414
802;SCC006056VEN;211;68;0.02624745
802;SCC006056VEN;212;68;0.02959067
802;SCC006056VEN;213;68;0.03056825
802;SCC006056VEN;214;68;0.00544790
802;SCC006056VEN;196;69;0.01347329
802;SCC006056VEN;197;69;0.01171428
802;SCC006056VEN;199;69;0.00571097
802;SCC006056VEN;202;69;0.00025234
802;SCC006056VEN;203;69;0.01081625
802;SCC006056VEN;204;69;0.00266731
802;SCC006056VEN;206;69;0.00078957
802;SCC006056VEN;207;69;0.00055868
802;SCC006056VEN;208;69;0.00479394
802;SCC006056VEN;211;69;0.00001071
802;SCC006056VEN;212;69;0.00037114
802;SCC006056VEN;195;70;0.01451620
802;SCC006056VEN;196;70;0.00448103
802;SCC006056VEN;197;70;0.00002644
802;SCC006056VEN;198;70;0.00429254
802;SCC006056VEN;199;70;0.00093425
802;SCC006056VEN;200;70;0.00111336
802;SCC006056VEN;202;70;0.00014030
802;SCC006056VEN;203;70;0.00015777
802;SCC006056VEN;204;70;0.00801606
802;SCC006056VEN;205;70;0.00554731
802;SCC006056VEN;206;70;0.00226544
802;SCC006056VEN;207;70;0.00474594
802;SCC006056VEN;208;70;0.00010957
802;SCC006056VEN;195;71;0.00007645
802;SCC006056VEN;196;71;0.00003414
802;SCC006056VEN;197;71;0.00021550
802;SCC006056VEN;198;71;0.00129455
802;SCC006056VEN;199;71;0.00471313
802;SCC006056VEN;203;71;0.00040049
802;SCC006056VEN;204;71;0.00058272
802;SCC006056VEN;206;71;0.00382744
802;SCC006056VEN;207;71;0.00757492
802;SCC006056VEN;208;71;0.00569991
802;SCC006056VEN;209;71;0.00529816
802;SCC006056VEN;210;71;0.00582087
802;SCC006056VEN;211;71;0.00533745
802;SCC006056VEN;212;71;0.00428939
802;SCC006056VEN;198;72;0.00020407
802;SCC006056VEN;199;72;0.00328836
802;SCC006056VEN;200;72;0.00403770
802;SCC006056VEN;201;72;0.00131281
802;SCC006056VEN;202;72;0.00101088
802;SCC006056VEN;203;72;0.00101738
802;SCC006056VEN;210;72;0.00052043
802;SCC006056VEN;211;72;0.00060250
802;SCC006056VEN;198;73;0.00012755
802;SCC006056VEN;199;73;0.00044770
802;SCC006056VEN;200;73;0.00011402
802;SCC006056VEN;201;73;0.00065213
802;SCC006056VEN;198;74;0.00006378
802;SCC006056VEN;199;74;0.00092012
802;SCC006056VEN;200;74;0.00005491
802;SCC006056VEN;199;75;0.00033907
802;SCC006056VEN;200;75;0.00074073
802;SCC006056VEN;197;76;0.00010420
802;SCC006056VEN;198;76;0.00044949
802;SCC006056VEN;199;76;0.00058431
802;SCC006056VEN;197;77;0.00050835
802;SCC006056VEN;197;78;0.00098222
802;SCC006056VEN;197;79;0.00029542
802;SCC006056VEN;198;79;0.00033485
802;SCC006056VEN;199;79;0.00028462
802;SCC006056VEN;196;80;0.00010204
802;SCC006056VEN;197;80;0.00002011
802;SCC006056VEN;199;80;0.00010404
802;SCC006056VEN;200;80;0.00038446
802;SCC006056VEN;201;80;0.00037660
802;SCC006056VEN;202;80;0.00035987
802;SCC006056VEN;203;80;0.00039743
802;SCC006056VEN;195;81;0.00003635
802;SCC006056VEN;196;81;0.00008123
802;SCC006056VEN;203;81;0.00005095
802;SCC006056VEN;204;81;0.00022145
802;SCC006056VEN;204;82;0.00005285
802;SCC006056VEN;205;82;0.00004918
802;SCC006056VEN;198;84;0.00034753
802;SCC006056VEN;199;84;0.00013385
802;0MC006055TUO;174;159;0.00748924
802;0MC006055TUO;174;160;0.00064999
802;0MC006055TUO;175;160;0.00608699
802;0MC006055TUO;175;161;0.00163962
802;0MC006055TUO;176;162;0.00015704
802;0MC006055TUO;177;162;0.00409188
802;0MC006055TUO;186;162;0.00544078
802;0MC006055TUO;187;162;0.00078148
802;0MC006055TUO;176;163;0.00696175
802;0MC006055TUO;185;163;0.00364217
802;0MC006055TUO;186;163;0.00252371
802;0MC006055TUO;187;163;0.00297946
802;0MC006055TUO;188;163;0.00234969
802;0MC006055TUO;168;164;0.00598570
802;0MC006055TUO;169;164;0.02707623
802;0MC006055TUO;170;164;0.00272461
802;0MC006055TUO;171;164;0.03060542
802;0MC006055TUO;174;164;0.00711463
802;0MC006055TUO;175;164;0.01413145
802;0MC006055TUO;176;164;0.01455608
802;0MC006055TUO;177;164;0.02018165
802;0MC006055TUO;178;164;0.00424315
802;0MC006055TUO;179;164;0.00444999
802;0MC006055TUO;180;164;0.00378470
802;0MC006055TUO;181;164;0.00236158
802;0MC006055TUO;182;164;0.00448921
802;0MC006055TUO;183;164;0.00448921
802;0MC006055TUO;184;164;0.00448921
802;0MC006055TUO;185;164;0.00241083
802;0MC006055TUO;188;164;0.00151145
802;0MC006055TUO;189;164;0.00381770
802;0MC006055TUO;169;165;0.01722678
802;0MC006055TUO;170;165;0.03280393
802;0MC006055TUO;171;165;0.03175999
802;0MC006055TUO;172;165;0.00582399
802;0MC006055TUO;173;165;0.01039515
802;0MC006055TUO;174;165;0.00519754
802;0MC006055TUO;176;165;0.01013092
802;0MC006055TUO;189;165;0.00004344
802;0MC006055TUO;190;165;0.00144978
802;0MC006055TUO;194;165;0.00181119
802;0MC006055TUO;195;165;0.00238861
802;0MC006055TUO;170;166;0.00307591
802;0MC006055TUO;171;166;0.00750309
802;0MC006055TUO;172;166;0.04064779
802;0MC006055TUO;173;166;0.00760537
802;0MC006055TUO;176;166;0.00991593
802;0MC006055TUO;195;166;0.00087856
802;0MC006055TUO;196;166;0.00334995
802;0MC006055TUO;197;166;0.00339854
802;0MC006055TUO;198;166;0.00170687
802;0MC006055TUO;173;167;0.05044063
802;0MC006055TUO;176;167;0.01152188
802;0MC006055TUO;172;168;0.00626477
802;0MC006055TUO;173;168;0.01914409
802;0MC006055TUO;174;168;0.05241371
802;0MC006055TUO;175;168;0.04372609
802;0MC006055TUO;176;168;0.03439245
802;0MC006055TUO;177;168;0.01529239
802;0MC006055TUO;172;169;0.01620587
802;0MC006055TUO;173;169;0.01913706
802;0MC006055TUO;174;169;0.02518129
802;0MC006055TUO;176;169;0.01784369
802;0MC006055TUO;177;169;0.03544093
802;0MC006055TUO;174;170;0.03157406
802;0MC006055TUO;175;170;0.00715812
802;0MC006055TUO;176;170;0.00896393
802;0MC006055TUO;177;170;0.00888661
802;0MC006055TUO;178;170;0.01793994
802;0MC006055TUO;178;171;0.00371030
802;0MC006055TUO;179;171;0.02065386
802;0MC006055TUO;179;172;0.00074561
802;0MC006055TUO;180;172;0.02139946
802;0MC006055TUO;181;172;0.00221908
802;0MC006055TUO;181;173;0.01918038
802;0MC006055TUO;182;173;0.00518378
802;0MC006055TUO;182;174;0.01246196
802;0MC006055TUO;182;175;0.00936304
802;0MC006055TUO;182;176;0.00736236
802;0MC006055TUO;183;176;0.00340389
802;0MC006055TUO;183;177;0.01067088
802;0MC006055TUO;184;177;0.00163823
802;0MC006055TUO;184;178;0.01110192
802;0MC006055TUO;185;178;0.00947405
802;0MC006055TUO;186;178;0.00947405
802;0MC006055TUO;187;178;0.00940891
802;0MC006055TUO;188;178;0.00927282
802;0MC006055TUO;189;178;0.00927282
802;0MC006055TUO;190;178;0.00214510
802;0SV006004BUT;144;204;0.00009443
802;0SV006004BUT;145;204;0.00007653
802;0SV006004BUT;147;204;0.00519384
802;0SV006004BUT;149;204;0.00343391
802;0SV006004BUT;150;204;0.00004708
802;0SV006004BUT;151;204;0.00001023
802;0SV006004BUT;144;205;0.00011188
802;0SV006004BUT;145;205;0.00058601
802;0SV006004BUT;146;205;0.00100007
802;0SV006004BUT;147;205;0.01492583
802;0SV006004BUT;148;205;0.00182491
802;0SV006004BUT;149;205;0.00658959
802;0SV006004BUT;150;205;0.00057140
802;0SV006004BUT;151;205;0.00017231
802;0SV006004BUT;152;205;0.00009480
802;0SV006004BUT;142;206;0.00003034
802;0SV006004BUT;143;206;0.00044117
802;0SV006004BUT;144;206;0.00047943
802;0SV006004BUT;145;206;0.00046413
802;0SV006004BUT;146;206;0.00329225
802;0SV006004BUT;147;206;0.01888864
802;0SV006004BUT;148;206;0.01285729
802;0SV006004BUT;149;206;0.00038265
802;0SV006004BUT;150;206;0.00052668
802;0SV006004BUT;152;206;0.00081782
802;0SV006004BUT;153;206;0.00022418
802;0SV006004BUT;143;207;0.00006398
802;0SV006004BUT;144;207;0.00013208
802;0SV006004BUT;145;207;0.00012304
802;0SV006004BUT;146;207;0.00175288
802;0SV006004BUT;147;207;0.01253089
802;0SV006004BUT;148;207;0.01032746
802;0SV006004BUT;149;207;0.00168607
802;0SV006004BUT;150;207;0.00134003
802;0SV006004BUT;151;207;0.00019535
802;0SV006004BUT;152;207;0.00559953
802;0SV006004BUT;153;207;0.00017039
802;0SV006004BUT;154;207;0.00009822
802;0SV006004BUT;143;208;0.00051282
802;0SV006004BUT;144;208;0.00097292
802;0SV006004BUT;145;208;0.00097087
802;0SV006004BUT;146;208;0.00096182
802;0SV006004BUT;147;208;0.01202758
802;0SV006004BUT;148;208;0.00189380
802;0SV006004BUT;149;208;0.01667440
802;0SV006004BUT;150;208;0.01171323
802;0SV006004BUT;151;208;0.00436086
802;0SV006004BUT;152;208;0.00515012
802;0SV006004BUT;153;208;0.00015819
802;0SV006004BUT;154;208;0.00021405
802;0SV006004BUT;145;209;0.00114943
802;0SV006004BUT;146;209;0.00327248
802;0SV006004BUT;147;209;0.01342672
802;0SV006004BUT;148;209;0.00447658
802;0SV006004BUT;149;209;0.02662715
802;0SV006004BUT;150;209;0.03334523
802;0SV006004BUT;151;209;0.01043402
802;0SV006004BUT;152;209;0.00293577
802;0SV006004BUT;153;209;0.00131561
802;0SV006004BUT;154;209;0.00159516
802;0SV006004BUT;155;209;0.00001926
802;0SV006004BUT;142;210;0.00006433
802;0SV006004BUT;145;210;0.00122394
802;0SV006004BUT;146;210;0.00013493
802;0SV006004BUT;147;210;0.00963152
802;0SV006004BUT;148;210;0.00051568
802;0SV006004BUT;149;210;0.02476000
802;0SV006004BUT;150;210;0.01147775
802;0SV006004BUT;151;210;0.00697722
802;0SV006004BUT;152;210;0.00485480
802;0SV006004BUT;153;210;0.00000274
802;0SV006004BUT;154;210;0.00061546
802;0SV006004BUT;155;210;0.00088356
802;0SV006004BUT;156;210;0.00034934
802;0SV006004BUT;142;211;0.00010128
802;0SV006004BUT;143;211;0.00007303
802;0SV006004BUT;144;211;0.00007308
802;0SV006004BUT;145;211;0.00139058
802;0SV006004BUT;146;211;0.00008876
802;0SV006004BUT;147;211;0.00958345
802;0SV006004BUT;148;211;0.00924417
802;0SV006004BUT;149;211;0.00833600
802;0SV006004BUT;150;211;0.00113819
802;0SV006004BUT;152;211;0.00372931
802;0SV006004BUT;154;211;0.00037934
802;0SV006004BUT;155;211;0.00026224
802;0SV006004BUT;141;212;0.00000251
802;0SV006004BUT;142;212;0.00010222
802;0SV006004BUT;143;212;0.00001183
802;0SV006004BUT;144;212;0.00005203
802;0SV006004BUT;145;212;0.00133867
802;0SV006004BUT;146;212;0.00001039
802;0SV006004BUT;147;212;0.01960720
802;0SV006004BUT;148;212;0.01495479
802;0SV006004BUT;149;212;0.00062732
802;0SV006004BUT;150;212;0.00075783
802;0SV006004BUT;152;212;0.00332497
802;0SV006004BUT;153;212;0.00064213
802;0SV006004BUT;154;212;0.00013842
802;0SV006004BUT;155;212;0.00018540
802;0SV006004BUT;156;212;0.00058213
802;0SV006004BUT;157;212;0.00002572
802;0SV006004BUT;141;213;0.00290744
802;0SV006004BUT;142;213;0.00174724
802;0SV006004BUT;143;213;0.00167177
802;0SV006004BUT;144;213;0.00229326
802;0SV006004BUT;145;213;0.00353238
802;0SV006004BUT;146;213;0.01905401
802;0SV006004BUT;147;213;0.01411490
802;0SV006004BUT;148;213;0.00502395
802;0SV006004BUT;149;213;0.00576411
802;0SV006004BUT;150;213;0.00105276
802;0SV006004BUT;152;213;0.00328552
802;0SV006004BUT;153;213;0.00156738
802;0SV006004BUT;154;213;0.00003612
802;0SV006004BUT;156;213;0.00040894
802;0SV006004BUT;157;213;0.00049936
802;0SV006004BUT;141;214;0.00007724
802;0SV006004BUT;142;214;0.00063993
802;0SV006004BUT;143;214;0.00252187
802;0SV006004BUT;144;214;0.00370594
802;0SV006004BUT;145;214;0.01664652
802;0SV006004BUT;146;214;0.01385004
802;0SV006004BUT;147;214;0.00005210
802;0SV006004BUT;148;214;0.00332671
802;0SV006004BUT;149;214;0.00378994
802;0SV006004BUT;150;214;0.00259189
802;0SV006004BUT;153;214;0.00067252
802;0SV006004BUT;154;214;0.00109820
802;0SV006004BUT;141;215;0.00000115
802;0SV006004BUT;142;215;0.00059143
802;0SV006004BUT;143;215;0.00333967
802;0SV006004BUT;144;215;0.03804514
802;0SV006004BUT;145;215;0.04076817
802;0SV006004BUT;146;215;0.01284961
802;0SV006004BUT;147;215;0.00550473
802;0SV006004BUT;148;215;0.00357809
802;0SV006004BUT;149;215;0.00348963
802;0SV006004BUT;150;215;0.00229678
802;0SV006004BUT;151;215;0.00052049
802;0SV006004BUT;152;215;0.00006979
802;0SV006004BUT;153;215;0.00134503
802;0SV006004BUT;154;215;0.00148367
802;0SV006004BUT;155;215;0.00065746
802;0SV006004BUT;140;216;0.00020856
802;0SV006004BUT;141;216;0.00845555
802;0SV006004BUT;142;216;0.00859359
802;0SV006004BUT;143;216;0.04042770
802;0SV006004BUT;144;216;0.08961288
802;0SV006004BUT;145;216;0.01831483
802;0SV006004BUT;146;216;0.00215741
802;0SV006004BUT;147;216;0.00840219
802;0SV006004BUT;148;216;0.02299065
802;0SV006004BUT;149;216;0.01610498
802;0SV006004BUT;150;216;0.00153549
802;0SV006004BUT;151;216;0.00137790
802;0SV006004BUT;155;216;0.00022270
802;0SV006004BUT;141;217;0.00065209
802;0SV006004BUT;142;217;0.00376248
802;0SV006004BUT;143;217;0.02576073
802;0SV006004BUT;144;217;0.01004427
802;0SV006004BUT;145;217;0.00006163
802;0SV006004BUT;146;217;0.00404811
802;0SV006004BUT;147;217;0.00006612
802;0SV006004BUT;148;217;0.00387197
802;0SV006004BUT;149;217;0.02233284
802;0SV006004BUT;150;217;0.00011817
802;0SV006004BUT;151;217;0.00162631
802;0SV006004BUT;152;217;0.00116238
802;0SV006004BUT;155;217;0.00011310
802;0SV006004BUT;140;218;0.00002060
802;0SV006004BUT;141;218;0.00011592
802;0SV006004BUT;142;218;0.01095281
802;0SV006004BUT;143;218;0.00206794
802;0SV006004BUT;144;218;0.00230135
802;0SV006004BUT;145;218;0.00008255
802;0SV006004BUT;146;218;0.00265848
802;0SV006004BUT;147;218;0.00263598
802;0SV006004BUT;148;218;0.00038606
802;0SV006004BUT;149;218;0.01818322
802;0SV006004BUT;152;218;0.00061887
802;0SV006004BUT;153;218;0.00084974
802;0SV006004BUT;140;219;0.00004903
802;0SV006004BUT;141;219;0.00669837
802;0SV006004BUT;142;219;0.00397025
802;0SV006004BUT;143;219;0.00012043
802;0SV006004BUT;144;219;0.00130416
802;0SV006004BUT;145;219;0.00135386
802;0SV006004BUT;147;219;0.00394271
802;0SV006004BUT;148;219;0.00039874
802;0SV006004BUT;149;219;0.00423718
802;0SV006004BUT;150;219;0.00002492
802;0SV006004BUT;153;219;0.00055904
802;0SV006004BUT;141;220;0.00259060
802;0SV006004BUT;142;220;0.00002613
802;0SV006004BUT;143;220;0.00001477
802;0SV006004BUT;145;220;0.00040903
802;0SV006004BUT;146;220;0.00095219
802;0SV006004BUT;147;220;0.00107015
802;0SV006004BUT;148;220;0.00064597
802;0SV006004BUT;149;220;0.00109866
802;0SV006004BUT;150;220;0.00090911
802;0SV006004BUT;146;221;0.00111711
802;0SV006004BUT;147;221;0.00000208
802;0SV006004BUT;148;221;0.00120546
802;0SV006004BUT;150;221;0.00068449
802;0SV006004BUT;146;222;0.00003208
802;0SV006004BUT;147;222;0.00005417
802;0SV006004BUT;148;222;0.00140912
802;0SV006004BUT;150;222;0.00104922
802;0SV006004BUT;151;222;0.00053648
802;0SV006004BUT;148;223;0.00124390
802;0SV006004BUT;150;223;0.00075727
802;0SV006004BUT;148;224;0.00050528
802;0SV006004BUT;149;224;0.00057102
802;0SV006004BUT;150;224;0.00018627
802;0SV006004BUT;149;225;0.00042046
802;0SV006004BUT;150;225;0.00085389
802;0SV006004BUT;151;225;0.00000139
802;0SV006004BUT;151;226;0.00000243
802;0SV006004BUT;152;226;0.00000191
802;0MC006046NSI;177;208;0.07320930
802;0MC006046NSI;182;208;0.12468795
802;0MC006046NSI;160;209;0.00052506
802;0MC006046NSI;161;209;0.00659828
802;0MC006046NSI;162;209;0.00076184
802;0MC006046NSI;176;209;0.03738742
802;0MC006046NSI;177;209;0.05752405
802;0MC006046NSI;178;209;0.00143319
802;0MC006046NSI;179;209;0.00020760
802;0MC006046NSI;162;210;0.00583643
802;0MC006046NSI;163;210;0.00659828
802;0MC006046NSI;164;210;0.00635330
802;0MC006046NSI;165;210;0.00030991
802;0MC006046NSI;175;210;0.02435219
802;0MC006046NSI;176;210;0.07396012
802;0MC006046NSI;179;210;0.00122559
802;0MC006046NSI;180;210;0.00143319
802;0MC006046NSI;181;210;0.00143319
802;0MC006046NSI;182;210;0.00049500
802;0MC006046NSI;165;211;0.00586391
802;0MC006046NSI;166;211;0.00617382
802;0MC006046NSI;167;211;0.00617382
802;0MC006046NSI;168;211;0.00617382
802;0MC006046NSI;169;211;0.00518696
802;0MC006046NSI;174;211;0.01407377
802;0MC006046NSI;175;211;0.05561609
802;0MC006046NSI;169;212;0.00314165
802;0MC006046NSI;170;212;0.00257510
802;0MC006046NSI;171;212;0.00183278
802;0MC006046NSI;172;212;0.00399794
802;0MC006046NSI;173;212;0.01395158
802;0MC006046NSI;174;212;0.03855267
802;0MC006046NSI;175;212;0.03538136
802;0MC006046NSI;169;213;0.00085427
802;0MC006046NSI;170;213;0.00124975
802;0MC006046NSI;171;213;0.00154700
802;0MC006046NSI;172;213;0.00432965
802;0MC006046NSI;173;213;0.01931680
802;0MC006046NSI;174;213;0.05418742
802;0MC006046NSI;175;213;0.00033715
802;0MC006046NSI;168;214;0.00019799
802;0MC006046NSI;169;214;0.00069184
802;0MC006046NSI;171;214;0.00085075
802;0MC006046NSI;172;214;0.00442737
802;0MC006046NSI;173;214;0.01564316
802;0MC006046NSI;175;214;0.06079948
802;0MC006046NSI;176;214;0.04826588
802;0MC006046NSI;177;214;0.06654787
802;0MC006046NSI;181;214;0.00401636
802;0MC006046NSI;182;214;0.03879397
802;0MC006046NSI;171;215;0.00204927
802;0MC006046NSI;173;215;0.00323873
802;0MC006046NSI;177;215;0.01314080
802;0MC006046NSI;181;215;0.03648732
802;0LC006017LAK;127;188;0.03444568
802;0LC006017LAK;127;189;0.03171830
802;0LC006017LAK;125;190;0.00047977
802;0LC006017LAK;126;190;0.00651919
802;0LC006017LAK;127;190;0.02185578
802;0LC006017LAK;128;190;0.01237482
802;0LC006017LAK;125;191;0.00439224
802;0LC006017LAK;128;191;0.02526192
802;0LC006017LAK;125;192;0.00605506
802;0LC006017LAK;127;192;0.02838062
802;0LC006017LAK;128;192;0.00667309
802;0LC006017LAK;124;193;0.00539261
802;0LC006017LAK;125;193;0.00874099
802;0LC006017LAK;127;193;0.02883507
802;0LC006017LAK;124;194;0.01917724
802;0LC006017LAK;125;194;0.01883218
802;0LC006017LAK;126;194;0.01779824
802;0LC006017LAK;127;194;0.05262711
802;0LC006017LAK;123;195;0.05739821
802;0LC006017LAK;124;195;0.00684039
802;0LC006017LAK;125;195;0.00437494
802;0LC006017LAK;127;195;0.06221442
802;0LC006017LAK;119;196;0.00363046
802;0LC006017LAK;120;196;0.02100655
802;0LC006017LAK;121;196;0.01432396
802;0LC006017LAK;122;196;0.02245439
802;0LC006017LAK;123;196;0.00767645
802;0LC006017LAK;127;196;0.02454211
802;0LC006017LAK;128;196;0.00832873
802;0LC006017LAK;129;196;0.02003342
802;0LC006017LAK;131;196;0.00455394
802;0LC006017LAK;121;197;0.04701277
802;0LC006017LAK;124;197;0.01230945
802;0LC006017LAK;125;197;0.01614076
802;0LC006017LAK;126;197;0.03158387
802;0LC006017LAK;127;197;0.01839304
802;0LC006017LAK;128;197;0.01239257
802;0LC006017LAK;129;197;0.00063769
802;0LC006017LAK;130;197;0.01747093
802;0LC006017LAK;131;197;0.01040239
802;0LC006017LAK;120;198;0.00485792
802;0LC006017LAK;121;198;0.03660563
802;0LC006017LAK;124;198;0.02628859
802;0LC006017LAK;120;199;0.00387770
802;0LC006017LAK;121;199;0.04204393
802;0LC006017LAK;123;199;0.02052612
802;0LC006017LAK;124;199;0.00257109
802;0LC006017LAK;119;200;0.00331907
802;0LC006017LAK;120;200;0.00010920
802;0LC006017LAK;121;200;0.01910778
802;0LC006017LAK;122;200;0.04045704
802;0LC006017LAK;123;200;0.00249697
802;0LC006017LAK;119;201;0.01845694
802;0LC006017LAK;120;201;0.01212994
802;0LC006017LAK;121;201;0.01065842
802;0LC006017LAK;118;202;0.00307019
802;0LC006017LAK;119;202;0.00014210
802;NEP006025MOD;159;255;0.00482465
802;NEP006025MOD;162;255;0.00664615
802;NEP006025MOD;163;255;0.00799398
802;NEP006025MOD;171;255;0.00266034
802;NEP006025MOD;180;255;0.00044362
802;NEP006025MOD;181;255;0.00223960
802;NEP006025MOD;159;256;0.00537670
802;NEP006025MOD;163;256;0.01261506
802;NEP006025MOD;171;256;0.00277218
802;NEP006025MOD;180;256;0.00288906
802;NEP006025MOD;159;257;0.00537670
802;NEP006025MOD;163;257;0.00857632
802;NEP006025MOD;164;257;0.00408533
802;NEP006025MOD;171;257;0.00277218
802;NEP006025MOD;180;257;0.00288906
802;NEP006025MOD;159;258;0.00499998
802;NEP006025MOD;163;258;0.01196456
802;NEP006025MOD;164;258;0.00112818
802;NEP006025MOD;171;258;0.00277218
802;NEP006025MOD;180;258;0.00288906
802;NEP006025MOD;158;259;0.00284313
802;NEP006025MOD;159;259;0.00006020
802;NEP006025MOD;162;259;0.00055276
802;NEP006025MOD;163;259;0.01253998
802;NEP006025MOD;171;259;0.00277715
802;NEP006025MOD;179;259;0.00271316
802;NEP006025MOD;180;259;0.00017590
802;NEP006025MOD;157;260;0.00041302
802;NEP006025MOD;158;260;0.00205122
802;NEP006025MOD;162;260;0.00442576
802;NEP006025MOD;163;260;0.01047691
802;NEP006025MOD;171;260;0.00278007
802;NEP006025MOD;179;260;0.00288906
802;NEP006025MOD;158;261;0.00229448
802;NEP006025MOD;163;261;0.00718168
802;NEP006025MOD;164;261;0.00977623
802;NEP006025MOD;166;261;0.01133547
802;NEP006025MOD;167;261;0.01208976
802;NEP006025MOD;168;261;0.01216573
802;NEP006025MOD;169;261;0.01388487
802;NEP006025MOD;171;261;0.00278007
802;NEP006025MOD;179;261;0.00288906
802;NEP006025MOD;158;262;0.00229448
802;NEP006025MOD;162;262;0.00049914
802;NEP006025MOD;163;262;0.00712433
802;NEP006025MOD;164;262;0.00943531
802;NEP006025MOD;165;262;0.01476501
802;NEP006025MOD;166;262;0.01476501
802;NEP006025MOD;167;262;0.01476501
802;NEP006025MOD;168;262;0.00441311
802;NEP006025MOD;169;262;0.00021477
802;NEP006025MOD;170;262;0.01575590
802;NEP006025MOD;171;262;0.00277952
802;NEP006025MOD;178;262;0.00209363
802;NEP006025MOD;179;262;0.00079543
802;NEP006025MOD;158;263;0.00229448
802;NEP006025MOD;160;263;0.00289414
802;NEP006025MOD;161;263;0.00586096
802;NEP006025MOD;162;263;0.00610540
802;NEP006025MOD;168;263;0.01035190
802;NEP006025MOD;169;263;0.01472941
802;NEP006025MOD;170;263;0.01475772
802;NEP006025MOD;171;263;0.08241765
802;NEP006025MOD;172;263;0.01290102
802;NEP006025MOD;178;263;0.00950349
802;NEP006025MOD;158;264;0.00632923
802;NEP006025MOD;159;264;0.00586096
802;NEP006025MOD;160;264;0.00296682
802;NEP006025MOD;171;264;0.02905416
802;NEP006025MOD;172;264;0.03288036
802;NEP006025MOD;173;264;0.01862592
802;NEP006025MOD;174;264;0.01862592
802;NEP006025MOD;175;264;0.00013282
802;NEP006025MOD;176;264;0.01389941
802;NEP006025MOD;177;264;0.01920878
802;NEP006025MOD;178;264;0.01718829
802;NEP006025MOD;179;264;0.00242437
802;NEP006025MOD;180;264;0.00242448
802;NEP006025MOD;181;264;0.00242453
802;NEP006025MOD;182;264;0.00001752
802;NEP006025MOD;158;265;0.00905230
802;NEP006025MOD;172;265;0.00129356
802;NEP006025MOD;173;265;0.01363067
802;NEP006025MOD;175;265;0.01859154
802;NEP006025MOD;176;265;0.00531065
802;NEP006025MOD;178;265;0.00059376
802;NEP006025MOD;157;266;0.00817813
802;NEP006025MOD;158;266;0.00087417
802;NEP006025MOD;173;266;0.01492422
802;NEP006025MOD;177;266;0.00015253
802;NEP006025MOD;178;266;0.00130274
802;NEP006025MOD;156;267;0.00049640
802;NEP006025MOD;157;267;0.00844398
802;NEP006025MOD;173;267;0.01492422
802;NEP006025MOD;177;267;0.00136871
802;NEP006025MOD;156;268;0.00877297
802;NEP006025MOD;173;268;0.00639945
802;NEP006025MOD;174;268;0.00852477
802;NEP006025MOD;177;268;0.00128729
802;NEP006025MOD;156;269;0.00877297
802;NEP006025MOD;173;269;0.00158012
802;NEP006025MOD;174;269;0.01517959
802;NEP006025MOD;177;269;0.00032895
802;NEP006025MOD;178;269;0.00095834
802;NEP006025MOD;155;270;0.00808915
802;NEP006025MOD;156;270;0.00025521
802;NEP006025MOD;172;270;0.00154228
802;NEP006025MOD;173;270;0.00178950
802;NEP006025MOD;174;270;0.01201711
802;NEP006025MOD;178;270;0.00128729
802;NEP006025MOD;155;271;0.00790285
802;NEP006025MOD;172;271;0.00264752
802;NEP006025MOD;174;271;0.01201711
802;NEP006025MOD;178;271;0.00128729
802;NEP006025MOD;155;272;0.01099086
802;NEP006025MOD;172;272;0.00264752
802;NEP006025MOD;174;272;0.00428457
802;NEP006025MOD;175;272;0.00773254
802;NEP006025MOD;178;272;0.00136081
802;NEP006025MOD;154;273;0.00959455
802;NEP006025MOD;155;273;0.01970601
802;NEP006025MOD;172;273;0.00264752
802;NEP006025MOD;175;273;0.01201711
802;NEP006025MOD;178;273;0.00033495
802;NEP006025MOD;179;273;0.00116770
802;NEP006025MOD;153;274;0.01301926
802;NEP006025MOD;154;274;0.00855451
802;NEP006025MOD;155;274;0.00772678
802;NEP006025MOD;172;274;0.00264752
802;NEP006025MOD;175;274;0.01201711
802;NEP006025MOD;179;274;0.00119190
802;NEP006025MOD;180;274;0.00031075
802;NEP006025MOD;152;275;0.00330348
802;NEP006025MOD;153;275;0.00624929
802;NEP006025MOD;155;275;0.00247577
802;NEP006025MOD;171;275;0.00226458
802;NEP006025MOD;172;275;0.00038294
802;NEP006025MOD;175;275;0.01201711
802;NEP006025MOD;180;275;0.00150265
802;NEP006025MOD;154;276;0.00112774
802;NEP006025MOD;155;276;0.00128244
802;NEP006025MOD;171;276;0.00209732
802;NEP006025MOD;175;276;0.00788222
802;NEP006025MOD;176;276;0.00176671
802;NEP006025MOD;180;276;0.00054620
802;NEP006025MOD;181;276;0.00078128
802;0MC0060090ED;160;183;0.00036865
802;0MC0060090ED;161;183;0.00016074
802;0MC0060090ED;162;183;0.00160905
802;0MC0060090ED;166;183;0.00101495
802;0MC0060090ED;167;183;0.00003456
802;0MC0060090ED;171;183;0.00033011
802;0MC0060090ED;172;183;0.00047784
802;0MC0060090ED;173;183;0.00026139
802;0MC0060090ED;174;183;0.00000424
802;0MC0060090ED;175;183;0.00000283
802;0MC0060090ED;176;183;0.00000228
802;0MC0060090ED;160;184;0.00005529
802;0MC0060090ED;161;184;0.00385911
802;0MC0060090ED;162;184;0.00037809
802;0MC0060090ED;164;184;0.00277510
802;0MC0060090ED;166;184;0.00003348
802;0MC0060090ED;167;184;0.00033389
802;0MC0060090ED;168;184;0.00076210
802;0MC0060090ED;169;184;0.00078820
802;0MC0060090ED;170;184;0.00064948
802;0MC0060090ED;171;184;0.00017474
802;0MC0060090ED;176;184;0.00000384
802;0MC0060090ED;177;184;0.00000027
802;0MC0060090ED;160;185;0.00428389
802;0MC0060090ED;161;185;0.00162033
802;0MC0060090ED;162;185;0.00087582
802;0MC0060090ED;163;185;0.00000081
802;0MC0060090ED;164;185;0.00212856
802;0MC0060090ED;165;185;0.00125501
802;0MC0060090ED;166;185;0.00105579
802;0MC0060090ED;167;185;0.00189529
802;0MC0060090ED;168;185;0.00141081
802;0MC0060090ED;169;185;0.00105798
802;0MC0060090ED;170;185;0.00070515
802;0MC0060090ED;177;185;0.00000479
802;0MC0060090ED;159;186;0.05662323
802;0MC0060090ED;160;186;0.09977551
802;0MC0060090ED;161;186;0.07324417
802;0MC0060090ED;162;186;0.03503789
802;0MC0060090ED;163;186;0.00126119
802;0MC0060090ED;164;186;0.00159976
802;0MC0060090ED;166;186;0.00045995
802;0MC0060090ED;167;186;0.00533523
802;0MC0060090ED;168;186;0.00322533
802;0MC0060090ED;169;186;0.00110805
802;0MC0060090ED;170;186;0.00086986
802;0MC0060090ED;171;186;0.00101191
802;0MC0060090ED;177;186;0.00001348
802;0MC0060090ED;178;186;0.00000047
802;0MC0060090ED;159;187;0.01878684
802;0MC0060090ED;160;187;0.01333010
802;0MC0060090ED;161;187;0.02035591
802;0MC0060090ED;162;187;0.04328334
802;0MC0060090ED;163;187;0.06325148
802;0MC0060090ED;164;187;0.01296736
802;0MC0060090ED;165;187;0.01049650
802;0MC0060090ED;166;187;0.01016346
802;0MC0060090ED;167;187;0.00805670
802;0MC0060090ED;168;187;0.00290553
802;0MC0060090ED;169;187;0.00035592
802;0MC0060090ED;170;187;0.00000443
802;0MC0060090ED;171;187;0.00001301
802;0MC0060090ED;174;187;0.00000219
802;0MC0060090ED;175;187;0.00000543
802;0MC0060090ED;176;187;0.00000566
802;0MC0060090ED;177;187;0.00000199
802;0MC0060090ED;178;187;0.00004478
802;0MC0060090ED;159;188;0.02740747
802;0MC0060090ED;160;188;0.01049700
802;0MC0060090ED;161;188;0.00857829
802;0MC0060090ED;162;188;0.00960645
802;0MC0060090ED;163;188;0.00472573
802;0MC0060090ED;164;188;0.05869014
802;0MC0060090ED;165;188;0.04964593
802;0MC0060090ED;166;188;0.02777266
802;0MC0060090ED;167;188;0.00396162
802;0MC0060090ED;168;188;0.00940216
802;0MC0060090ED;169;188;0.00181313
802;0MC0060090ED;170;188;0.00012222
802;0MC0060090ED;171;188;0.00000014
802;0MC0060090ED;172;188;0.00000692
802;0MC0060090ED;173;188;0.00000534
802;0MC0060090ED;174;188;0.00000290
802;0MC0060090ED;177;188;0.00007086
802;0MC0060090ED;178;188;0.00002200
802;0MC0060090ED;160;189;0.00321597
802;0MC0060090ED;161;189;0.00002190
802;0MC0060090ED;162;189;0.00500723
802;0MC0060090ED;163;189;0.00291353
802;0MC0060090ED;164;189;0.00455046
802;0MC0060090ED;165;189;0.00804493
802;0MC0060090ED;166;189;0.00701196
802;0MC0060090ED;167;189;0.02042037
802;0MC0060090ED;168;189;0.01695050
802;0MC0060090ED;169;189;0.01494747
802;0MC0060090ED;170;189;0.01578722
802;0MC0060090ED;171;189;0.01015899
802;0MC0060090ED;172;189;0.00760042
802;0MC0060090ED;173;189;0.00539803
802;0MC0060090ED;174;189;0.00704955
802;0MC0060090ED;175;189;0.00934491
802;0MC0060090ED;176;189;0.00263574
802;0MC0060090ED;177;189;0.00004039
802;0MC0060090ED;160;190;0.00158953
802;0MC0060090ED;161;190;0.00093087
802;0MC0060090ED;163;190;0.00857003
802;0MC0060090ED;164;190;0.00157005
802;0MC0060090ED;165;190;0.00450615
802;0MC0060090ED;166;190;0.00188626
802;0MC0060090ED;167;190;0.00094294
802;0MC0060090ED;172;190;0.00405445
802;0MC0060090ED;173;190;0.00486586
802;0MC0060090ED;174;190;0.00388099
802;0MC0060090ED;175;190;0.00014918
802;0MC0060090ED;176;190;0.00671949
802;0MC0060090ED;177;190;0.00923553
802;0MC0060090ED;178;190;0.00902864
802;0MC0060090ED;179;190;0.01017851
802;0MC0060090ED;160;191;0.00013861
802;0MC0060090ED;161;191;0.00608907
802;0MC0060090ED;162;191;0.00419251
802;0MC0060090ED;163;191;0.00790627
802;0MC0060090ED;164;191;0.00064408
802;0MC0060090ED;165;191;0.00230560
802;0MC0060090ED;167;191;0.00010337
802;0MC0060090ED;168;191;0.00008618
802;0MC0060090ED;179;191;0.00124134
802;0MC0060090ED;161;192;0.00616062
802;0MC0060090ED;164;192;0.00211822
802;0MC0060090ED;165;192;0.00152407
802;0MC0060090ED;160;193;0.00639430
802;0MC0060090ED;161;193;0.01471680
802;0MC0060090ED;162;193;0.00308075
802;0MC0060090ED;163;193;0.00342688
802;0MC0060090ED;164;193;0.00339600
802;0MC0060090ED;165;193;0.00077490
802;0MC0060090ED;165;194;0.00011118
802;0MC0060090ED;166;194;0.00007908
802;0MD0060190AV;226;71;0.00917834
802;0MD0060190AV;233;71;0.00000852
802;0MD0060190AV;234;71;0.00013363
802;0MD0060190AV;235;71;0.00034137
802;0MD0060190AV;236;71;0.00007681
802;0MD0060190AV;225;72;0.00011703
802;0MD0060190AV;226;72;0.00975359
802;0MD0060190AV;230;72;0.00012473
802;0MD0060190AV;231;72;0.00005287
802;0MD0060190AV;232;72;0.00010932
802;0MD0060190AV;233;72;0.00030393
802;0MD0060190AV;234;72;0.00032177
802;0MD0060190AV;224;73;0.00017230
802;0MD0060190AV;225;73;0.00405709
802;0MD0060190AV;226;73;0.00599040
802;0MD0060190AV;229;73;0.00002333
802;0MD0060190AV;230;73;0.00027998
802;0MD0060190AV;231;73;0.00024567
802;0MD0060190AV;232;73;0.00049866
802;0MD0060190AV;233;73;0.00007432
802;0MD0060190AV;235;73;0.00381041
802;0MD0060190AV;236;73;0.00003747
802;0MD0060190AV;224;74;0.03024814
802;0MD0060190AV;225;74;0.04057124
802;0MD0060190AV;226;74;0.00252806
802;0MD0060190AV;227;74;0.00153794
802;0MD0060190AV;228;74;0.00036539
802;0MD0060190AV;229;74;0.00173376
802;0MD0060190AV;230;74;0.00115509
802;0MD0060190AV;231;74;0.00000534
802;0MD0060190AV;232;74;0.00579041
802;0MD0060190AV;233;74;0.01160574
802;0MD0060190AV;234;74;0.01297451
802;0MD0060190AV;235;74;0.00707275
802;0MD0060190AV;225;75;0.03019135
802;0MD0060190AV;226;75;0.02187195
802;0MD0060190AV;227;75;0.01408573
802;0MD0060190AV;228;75;0.01356389
802;0MD0060190AV;229;75;0.00973205
802;0MD0060190AV;230;75;0.00940252
802;0MD0060190AV;231;75;0.01125356
802;0MD0060190AV;232;75;0.00621924
802;0MD0060190AV;233;75;0.00057246
802;0MD0060190AV;234;75;0.00040631
802;0MD0060190AV;235;75;0.00184349
802;0MD0060190AV;221;76;0.00055142
802;0MD0060190AV;223;76;0.00028424
802;0MD0060190AV;224;76;0.00296689
802;0MD0060190AV;225;76;0.04412453
802;0MD0060190AV;226;76;0.03006252
802;0MD0060190AV;227;76;0.02476352
802;0MD0060190AV;228;76;0.00434641
802;0MD0060190AV;229;76;0.00253377
802;0MD0060190AV;230;76;0.00909482
802;0MD0060190AV;231;76;0.00084957
802;0MD0060190AV;232;76;0.00409622
802;0MD0060190AV;233;76;0.00180537
802;0MD0060190AV;234;76;0.00388710
802;0MD0060190AV;235;76;0.00182745
802;0MD0060190AV;221;77;0.00193089
802;0MD0060190AV;222;77;0.00715476
802;0MD0060190AV;223;77;0.00977215
802;0MD0060190AV;224;77;0.04550594
802;0MD0060190AV;225;77;0.03129635
802;0MD0060190AV;226;77;0.02013128
802;0MD0060190AV;227;77;0.01933586
802;0MD0060190AV;228;77;0.00565630
802;0MD0060190AV;229;77;0.00848903
802;0MD0060190AV;230;77;0.01636639
802;0MD0060190AV;231;77;0.00047905
802;0MD0060190AV;232;77;0.00224327
802;0MD0060190AV;233;77;0.00164729
802;0MD0060190AV;234;77;0.00217734
802;0MD0060190AV;235;77;0.00109607
802;0MD0060190AV;219;78;0.00168446
802;0MD0060190AV;220;78;0.00174854
802;0MD0060190AV;221;78;0.00021103
802;0MD0060190AV;222;78;0.00568759
802;0MD0060190AV;223;78;0.00725617
802;0MD0060190AV;224;78;0.03817411
802;0MD0060190AV;225;78;0.01132960
802;0MD0060190AV;226;78;0.00073847
802;0MD0060190AV;227;78;0.00269439
802;0MD0060190AV;228;78;0.00333757
802;0MD0060190AV;229;78;0.00309315
802;0MD0060190AV;230;78;0.00450983
802;0MD0060190AV;231;78;0.00514969
802;0MD0060190AV;232;78;0.00099099
802;0MD0060190AV;233;78;0.00106904
802;0MD0060190AV;234;78;0.00075288
802;0MD0060190AV;216;79;0.00035005
802;0MD0060190AV;217;79;0.00056588
802;0MD0060190AV;218;79;0.00053272
802;0MD0060190AV;219;79;0.00152794
802;0MD0060190AV;220;79;0.00092786
802;0MD0060190AV;221;79;0.00373431
802;0MD0060190AV;222;79;0.00902753
802;0MD0060190AV;223;79;0.01911543
802;0MD0060190AV;224;79;0.05767818
802;0MD0060190AV;225;79;0.02526326
802;0MD0060190AV;226;79;0.00957624
802;0MD0060190AV;227;79;0.00270600
802;0MD0060190AV;228;79;0.00071268
802;0MD0060190AV;229;79;0.00103901
802;0MD0060190AV;230;79;0.00005528
802;0MD0060190AV;231;79;0.00038387
802;0MD0060190AV;232;79;0.00000682
802;0MD0060190AV;233;79;0.00028189
802;0MD0060190AV;234;79;0.00027290
802;0MD0060190AV;213;80;0.00048240
802;0MD0060190AV;214;80;0.00078090
802;0MD0060190AV;215;80;0.00056957
802;0MD0060190AV;216;80;0.00019602
802;0MD0060190AV;218;80;0.00007132
802;0MD0060190AV;219;80;0.00055166
802;0MD0060190AV;220;80;0.00100270
802;0MD0060190AV;221;80;0.00151505
802;0MD0060190AV;222;80;0.00234590
802;0MD0060190AV;223;80;0.00392759
802;0MD0060190AV;224;80;0.03530842
802;0MD0060190AV;225;80;0.01454442
802;0MD0060190AV;226;80;0.00567933
802;0MD0060190AV;227;80;0.00122163
802;0MD0060190AV;228;80;0.00087746
802;0MD0060190AV;229;80;0.00200725
802;0MD0060190AV;230;80;0.00134554
802;0MD0060190AV;231;80;0.00104341
802;0MD0060190AV;232;80;0.00101584
802;0MD0060190AV;233;80;0.00140982
802;0MD0060190AV;234;80;0.00015173
802;0MD0060190AV;211;81;0.00033163
802;0MD0060190AV;212;81;0.00354370
802;0MD0060190AV;213;81;0.00015862
802;0MD0060190AV;214;81;0.00232644
802;0MD0060190AV;215;81;0.00297898
802;0MD0060190AV;216;81;0.00241968
802;0MD0060190AV;217;81;0.00055597
802;0MD0060190AV;218;81;0.00008288
802;0MD0060190AV;220;81;0.00019475
802;0MD0060190AV;221;81;0.00091881
802;0MD0060190AV;222;81;0.00215327
802;0MD0060190AV;223;81;0.00319073
802;0MD0060190AV;224;81;0.02357175
802;0MD0060190AV;225;81;0.00188042
802;0MD0060190AV;226;81;0.00115323
802;0MD0060190AV;227;81;0.00150594
802;0MD0060190AV;228;81;0.00084027
802;0MD0060190AV;229;81;0.00168587
802;0MD0060190AV;230;81;0.00137555
802;0MD0060190AV;231;81;0.00151547
802;0MD0060190AV;232;81;0.00116912
802;0MD0060190AV;233;81;0.00230151
802;0MD0060190AV;234;81;0.00160670
802;0MD0060190AV;235;81;0.00092618
802;0MD0060190AV;211;82;0.00081132
802;0MD0060190AV;212;82;0.00005032
802;0MD0060190AV;213;82;0.00307153
802;0MD0060190AV;214;82;0.00130757
802;0MD0060190AV;215;82;0.00036677
802;0MD0060190AV;216;82;0.00046779
802;0MD0060190AV;217;82;0.00233662
802;0MD0060190AV;218;82;0.00276032
802;0MD0060190AV;219;82;0.00276854
802;0MD0060190AV;220;82;0.00322189
802;0MD0060190AV;221;82;0.00358308
802;0MD0060190AV;222;82;0.00439856
802;0MD0060190AV;223;82;0.00554969
802;0MD0060190AV;224;82;0.02119505
802;0MD0060190AV;225;82;0.00002474
802;0MD0060190AV;226;82;0.00002474
802;0MD0060190AV;227;82;0.00019458
802;0MD0060190AV;228;82;0.00070477
802;0MD0060190AV;229;82;0.00235615
802;0MD0060190AV;230;82;0.00076985
802;0MD0060190AV;233;82;0.00004568
802;0MD0060190AV;234;82;0.00006579
802;0MD0060190AV;213;83;0.00000395
802;0MD0060190AV;214;83;0.00000110
802;0MD0060190AV;215;83;0.00000265
802;0MD0060190AV;216;83;0.00000004
802;0MD0060190AV;217;83;0.00000778
802;0MD0060190AV;218;83;0.00002126
802;0MD0060190AV;219;83;0.00002017
802;0MD0060190AV;221;83;0.00009905
802;0MD0060190AV;222;83;0.00025516
802;0MD0060190AV;223;83;0.00025125
802;0MD0060190AV;224;83;0.01068344
802;0MD0060190AV;229;83;0.00101174
802;0MD0060190AV;230;83;0.00000173
802;0MD0060190AV;231;83;0.00000291
802;0MD0060190AV;232;83;0.00000291
802;0MD0060190AV;233;83;0.00002043
802;0SF0060010BA;141;154;0.01210105
802;0SF0060010BA;140;155;0.01431231
802;0SF0060010BA;141;155;0.02789445
802;0SF0060010BA;137;156;0.00749869
802;0SF0060010BA;138;156;0.00305908
802;0SF0060010BA;139;156;0.01819929
802;0SF0060010BA;140;156;0.02611182
802;0SF0060010BA;141;156;0.01511031
802;0SF0060010BA;138;157;0.02018088
802;0SF0060010BA;139;157;0.01716743
802;0SF0060010BA;140;157;0.00509226
802;0SF0060010BA;141;157;0.01547740
802;0SF0060010BA;142;157;0.00815504
802;0SF0060010BA;135;158;0.00277036
802;0SF0060010BA;136;158;0.00139554
802;0SF0060010BA;137;158;0.00014112
802;0SF0060010BA;138;158;0.02858147
802;0SF0060010BA;139;158;0.00482018
802;0SF0060010BA;140;158;0.00011512
802;0SF0060010BA;142;158;0.01428571
802;0SF0060010BA;143;158;0.00554007
802;0SF0060010BA;136;159;0.00500279
802;0SF0060010BA;137;159;0.02676054
802;0SF0060010BA;138;159;0.01646104
802;0SF0060010BA;139;159;0.00017437
802;0SF0060010BA;140;159;0.00000052
802;0SF0060010BA;141;159;0.00012143
802;0SF0060010BA;142;159;0.00981699
802;0SF0060010BA;143;159;0.00716063
802;0SF0060010BA;144;159;0.00222457
802;0SF0060010BA;149;159;0.00001138
802;0SF0060010BA;136;160;0.00244235
802;0SF0060010BA;137;160;0.03261061
802;0SF0060010BA;138;160;0.00930338
802;0SF0060010BA;139;160;0.00000041
802;0SF0060010BA;140;160;0.00000011
802;0SF0060010BA;141;160;0.01070131
802;0SF0060010BA;142;160;0.00661518
802;0SF0060010BA;143;160;0.00822091
802;0SF0060010BA;144;160;0.00677608
802;0SF0060010BA;145;160;0.00286454
802;0SF0060010BA;146;160;0.00026065
802;0SF0060010BA;135;161;0.00418996
802;0SF0060010BA;136;161;0.02898880
802;0SF0060010BA;137;161;0.02526097
802;0SF0060010BA;138;161;0.01739915
802;0SF0060010BA;139;161;0.01623724
802;0SF0060010BA;140;161;0.01489815
802;0SF0060010BA;141;161;0.03172025
802;0SF0060010BA;142;161;0.02121663
802;0SF0060010BA;143;161;0.01440596
802;0SF0060010BA;144;161;0.02139538
802;0SF0060010BA;145;161;0.02275694
802;0SF0060010BA;146;161;0.01616396
802;0SF0060010BA;147;161;0.01581782
802;0SF0060010BA;148;161;0.00126361
802;0SF0060010BA;149;161;0.00000257
802;0SF0060010BA;134;162;0.00279925
802;0SF0060010BA;135;162;0.02600690
802;0SF0060010BA;136;162;0.01697451
802;0SF0060010BA;137;162;0.00007348
802;0SF0060010BA;138;162;0.00005620
802;0SF0060010BA;139;162;0.00083971
802;0SF0060010BA;141;162;0.00001611
802;0SF0060010BA;142;162;0.00012515
802;0SF0060010BA;144;162;0.00059675
802;0SF0060010BA;145;162;0.00359044
802;0SF0060010BA;148;162;0.01683505
802;0SF0060010BA;149;162;0.00576815
802;0SF0060010BA;133;163;0.00227299
802;0SF0060010BA;134;163;0.02863545
802;0SF0060010BA;135;163;0.02369695
802;0SF0060010BA;136;163;0.01399917
802;0SF0060010BA;137;163;0.00018472
802;0SF0060010BA;139;163;0.00033770
802;0SF0060010BA;145;163;0.00071165
802;0SF0060010BA;148;163;0.00208678
802;0SF0060010BA;149;163;0.00016259
802;0SF0060010BA;132;164;0.01541209
802;0SF0060010BA;133;164;0.04172444
802;0SF0060010BA;134;164;0.03835331
802;0SF0060010BA;135;164;0.01401065
802;0SF0060010BA;136;164;0.00036499
802;0SF0060010BA;137;164;0.00004189
802;0SF0060010BA;148;164;0.00046275
802;0SF0060010BA;149;164;0.00007727
802;0SF0060010BA;133;165;0.02898385
802;0SF0060010BA;134;165;0.02664069
802;0SF0060010BA;135;165;0.01427965
802;0SF0060010BA;133;166;0.02258120
802;0SF0060010BA;134;166;0.00403552
802;0SF0060010BA;135;166;0.00000521
802;GBV006014GBU;229;110;0.01344050
802;GBV006014GBU;229;111;0.02013446
802;GBV006014GBU;229;112;0.02013446
802;GBV006014GBU;229;113;0.02013446
802;GBV006014GBU;228;114;0.01793552
802;GBV006014GBU;229;114;0.00219894
802;GBV006014GBU;228;115;0.02013446
802;GBV006014GBU;228;116;0.02013446
802;GBV006014GBU;264;116;0.00026359
802;GBV006014GBU;265;116;0.00280301
802;GBV006014GBU;227;117;0.00101047
802;GBV006014GBU;228;117;0.01912399
802;GBV006014GBU;264;117;0.00315378
802;GBV006014GBU;265;117;0.00290192
802;GBV006014GBU;227;118;0.02013446
802;GBV006014GBU;264;118;0.00315378
802;GBV006014GBU;265;118;0.00152904
802;GBV006014GBU;266;118;0.00137288
802;GBV006014GBU;227;119;0.02013446
802;GBV006014GBU;263;119;0.00066411
802;GBV006014GBU;264;119;0.00248967
802;GBV006014GBU;266;119;0.00290192
802;GBV006014GBU;227;120;0.02013446
802;GBV006014GBU;263;120;0.00315378
802;GBV006014GBU;266;120;0.00264391
802;GBV006014GBU;267;120;0.00025801
802;GBV006014GBU;226;121;0.00364633
802;GBV006014GBU;227;121;0.01639497
802;GBV006014GBU;263;121;0.00315378
802;GBV006014GBU;267;121;0.00353714
802;GBV006014GBU;268;121;0.00121955
802;GBV006014GBU;226;122;0.02003282
802;GBV006014GBU;262;122;0.00117284
802;GBV006014GBU;263;122;0.00208361
802;GBV006014GBU;226;123;0.01482691
802;GBV006014GBU;227;123;0.00049041
802;GBV006014GBU;262;123;0.00345349
802;GBV006014GBU;226;124;0.01118152
802;GBV006014GBU;227;124;0.00134546
802;GBV006014GBU;228;124;0.00043512
802;GBV006014GBU;233;124;0.00060341
802;GBV006014GBU;261;124;0.00217810
802;GBV006014GBU;262;124;0.00127539
802;GBV006014GBU;226;125;0.01118152
802;GBV006014GBU;228;125;0.00140076
802;GBV006014GBU;229;125;0.00037983
802;GBV006014GBU;232;125;0.00190815
802;GBV006014GBU;233;125;0.00105700
802;GBV006014GBU;234;125;0.00157486
802;GBV006014GBU;235;125;0.00107892
802;GBV006014GBU;236;125;0.00104299
802;GBV006014GBU;237;125;0.00143558
802;GBV006014GBU;238;125;0.00143558
802;GBV006014GBU;239;125;0.00143558
802;GBV006014GBU;240;125;0.00143558
802;GBV006014GBU;241;125;0.00143558
802;GBV006014GBU;242;125;0.00035385
802;GBV006014GBU;259;125;0.00020267
802;GBV006014GBU;260;125;0.00027505
802;GBV006014GBU;261;125;0.00320632
802;GBV006014GBU;262;125;0.00037776
802;GBV006014GBU;226;126;0.01118375
802;GBV006014GBU;229;126;0.00145605
802;GBV006014GBU;230;126;0.00052691
802;GBV006014GBU;231;126;0.00192621
802;GBV006014GBU;232;126;0.00001806
802;GBV006014GBU;235;126;0.00045836
802;GBV006014GBU;236;126;0.00039259
802;GBV006014GBU;242;126;0.00157036
802;GBV006014GBU;256;126;0.00024449
802;GBV006014GBU;257;126;0.00027505
802;GBV006014GBU;258;126;0.00027505
802;GBV006014GBU;259;126;0.00007238
802;GBV006014GBU;261;126;0.00223868
802;GBV006014GBU;262;126;0.00048401
802;GBV006014GBU;263;126;0.00011750
802;GBV006014GBU;225;127;0.00941977
802;GBV006014GBU;226;127;0.00176682
802;GBV006014GBU;229;127;0.00004393
802;GBV006014GBU;230;127;0.00142129
802;GBV006014GBU;242;127;0.00156459
802;GBV006014GBU;243;127;0.00000577
802;GBV006014GBU;252;127;0.00000211
802;GBV006014GBU;253;127;0.00027609
802;GBV006014GBU;254;127;0.00027505
802;GBV006014GBU;255;127;0.00027505
802;GBV006014GBU;256;127;0.00003056
802;GBV006014GBU;261;127;0.00223868
802;GBV006014GBU;225;128;0.01118659
802;GBV006014GBU;228;128;0.00008156
802;GBV006014GBU;229;128;0.00008944
802;GBV006014GBU;243;128;0.00157036
802;GBV006014GBU;252;128;0.00032982
802;GBV006014GBU;261;128;0.00043748
802;GBV006014GBU;225;129;0.01118659
802;GBV006014GBU;227;129;0.00011918
802;GBV006014GBU;228;129;0.00005182
802;GBV006014GBU;243;129;0.00157036
802;GBV006014GBU;251;129;0.00023012
802;GBV006014GBU;252;129;0.00009970
802;GBV006014GBU;225;130;0.01121002
802;GBV006014GBU;226;130;0.00013338
802;GBV006014GBU;227;130;0.00001419
802;GBV006014GBU;243;130;0.00036335
802;GBV006014GBU;244;130;0.00120702
802;GBV006014GBU;250;130;0.00012831
802;GBV006014GBU;251;130;0.00020151
802;GBV006014GBU;225;131;0.01229379
802;GBV006014GBU;244;131;0.00157036
802;GBV006014GBU;249;131;0.00002649
802;GBV006014GBU;250;131;0.00030333
802;GBV006014GBU;224;132;0.01603466
802;GBV006014GBU;225;132;0.00095899
802;GBV006014GBU;244;132;0.00073246
802;GBV006014GBU;245;132;0.00109346
802;GBV006014GBU;248;132;0.00006169
802;GBV006014GBU;249;132;0.00033906
802;GBV006014GBU;223;133;0.00492722
802;GBV006014GBU;224;133;0.01224548
802;GBV006014GBU;245;133;0.00082539
802;GBV006014GBU;246;133;0.00155934
802;GBV006014GBU;247;133;0.00123464
802;GBV006014GBU;248;133;0.00025681
802;GBV006014GBU;223;134;0.01700544
802;GBV006014GBU;246;134;0.00057123
802;GBV006014GBU;247;134;0.00120024
802;GBV006014GBU;222;135;0.01022974
802;GBV006014GBU;223;135;0.00670273
802;GBV006014GBU;245;135;0.00027046
802;GBV006014GBU;246;135;0.00087735
802;GBV006014GBU;247;135;0.00010467
802;GBV006014GBU;248;135;0.00050634
802;GBV006014GBU;222;136;0.01693247
802;GBV006014GBU;245;136;0.00114781
802;GBV006014GBU;248;136;0.00057580
802;GBV006014GBU;249;136;0.00003521
802;GBV006014GBU;221;137;0.01504093
802;GBV006014GBU;222;137;0.00189155
802;GBV006014GBU;244;137;0.00111750
802;GBV006014GBU;245;137;0.00003031
802;GBV006014GBU;249;137;0.00061101
802;GBV006014GBU;221;138;0.01553343
802;GBV006014GBU;243;138;0.00081673
802;GBV006014GBU;244;138;0.00033107
802;GBV006014GBU;249;138;0.00005592
802;GBV006014GBU;220;139;0.00116092
802;GBV006014GBU;221;139;0.01370342
802;GBV006014GBU;242;139;0.00052905
802;GBV006014GBU;243;139;0.00063184
802;GBV006014GBU;220;140;0.01468215
802;GBV006014GBU;241;140;0.00043953
802;GBV006014GBU;242;140;0.00080836
802;GBV006014GBU;220;141;0.01468215
802;GBV006014GBU;240;141;0.00038757
802;GBV006014GBU;241;141;0.00086031
802;GBV006014GBU;220;142;0.01468215
802;GBV006014GBU;239;142;0.00033562
802;GBV006014GBU;240;142;0.00091226
802;GBV006014GBU;220;143;0.01468215
802;GBV006014GBU;238;143;0.00028367
802;GBV006014GBU;239;143;0.00096422
802;GBV006014GBU;220;144;0.01468215
802;GBV006014GBU;238;144;0.00090907
802;GBV006014GBU;239;144;0.00021877
802;GBV006014GBU;220;145;0.01515513
802;GBV006014GBU;239;145;0.00109741
802;GBV006014GBU;219;146;0.00284411
802;GBV006014GBU;220;146;0.01334651
802;GBV006014GBU;239;146;0.00027591
802;GBV006014GBU;240;146;0.00008872
802;GBV006014GBU;219;147;0.02210547
802;GBV006014GBU;220;147;0.00049487
802;GBV006014GBU;218;148;0.01965301
802;GBV006014GBU;219;148;0.00662065
802;GBV006014GBU;220;148;0.00062755
802;GBV006014GBU;221;148;0.00054503
802;GBV006014GBU;217;149;0.00230431
802;GBV006014GBU;218;149;0.02042792
802;GBV006014GBU;221;149;0.00057739
802;GBV006014GBU;222;149;0.00058484
802;GBV006014GBU;217;150;0.02111239
802;GBV006014GBU;222;150;0.00057663
802;GBV006014GBU;223;150;0.00053806
802;GBV006014GBU;217;151;0.02634711
802;GBV006014GBU;223;151;0.00063626
802;GBV006014GBU;224;151;0.00049436
802;GBV006014GBU;215;152;0.02561345
802;GBV006014GBU;216;152;0.02218259
802;GBV006014GBU;217;152;0.02716679
802;GBV006014GBU;224;152;0.00066505
802;GBV006014GBU;225;152;0.00047007
802;GBV006014GBU;213;153;0.00997664
802;GBV006014GBU;214;153;0.03487436
802;GBV006014GBU;215;153;0.00717423
802;GBV006014GBU;217;153;0.00142656
802;GBV006014GBU;218;153;0.00127361
802;GBV006014GBU;225;153;0.00068934
802;GBV006014GBU;226;153;0.00044578
802;GBV006014GBU;213;154;0.02603242
802;GBV006014GBU;218;154;0.00161253
802;GBV006014GBU;226;154;0.00079045
802;GBV006014GBU;227;154;0.00025004
802;GBV006014GBU;213;155;0.00140355
802;GBV006014GBU;218;155;0.00027880
802;GBV006014GBU;227;155;0.00052073
802;0SF0060380BA;129;161;0.02366565
802;0SF0060380BA;130;161;0.02471443
802;0SF0060380BA;131;161;0.02625657
802;0SF0060380BA;128;162;0.00058983
802;0SF0060380BA;129;162;0.06754978
802;0SF0060380BA;130;162;0.11612307
802;0SF0060380BA;131;162;0.14777114
802;0SF0060380BA;128;163;0.00098346
802;0SF0060380BA;129;163;0.06361659
802;0SF0060380BA;130;163;0.12561433
802;0SF0060380BA;131;163;0.21465636
802;0SF0060380BA;129;164;0.04293529
802;0SF0060380BA;130;164;0.03238657
802;0SF0060380BA;131;164;0.05806354
802;0SF0060380BA;132;164;0.05507339
802;NCC006044MBU;143;138;0.00007142
802;NCC006044MBU;142;139;0.00017503
802;NCC006044MBU;143;139;0.00469712
802;NCC006044MBU;144;139;0.06659682
802;NCC006044MBU;145;139;0.00435322
802;NCC006044MBU;146;139;0.00644366
802;NCC006044MBU;147;139;0.00955915
802;NCC006044MBU;148;139;0.00141604
802;NCC006044MBU;142;140;0.03447797
802;NCC006044MBU;143;140;0.06601488
802;NCC006044MBU;144;140;0.02941970
802;NCC006044MBU;145;140;0.00922913
802;NCC006044MBU;146;140;0.00213108
802;NCC006044MBU;136;141;0.00456507
802;NCC006044MBU;137;141;0.00530617
802;NCC006044MBU;138;141;0.05714523
802;NCC006044MBU;139;141;0.09692493
802;NCC006044MBU;140;141;0.08568167
802;NCC006044MBU;141;141;0.06961996
802;NCC006044MBU;142;141;0.05165602
802;NCC006044MBU;143;141;0.00360928
802;NCC006044MBU;144;141;0.00263881
802;NCC006044MBU;145;141;0.00717063
802;NCC006044MBU;134;142;0.00027349
802;NCC006044MBU;135;142;0.00611998
802;NCC006044MBU;136;142;0.00109650
802;NCC006044MBU;137;142;0.00353377
802;NCC006044MBU;138;142;0.03477403
802;NCC006044MBU;139;142;0.05112363
802;NCC006044MBU;140;142;0.00720089
802;NCC006044MBU;141;142;0.00018728
802;NCC006044MBU;142;142;0.00067200
802;NCC006044MBU;143;142;0.00110904
802;NCC006044MBU;144;142;0.00005370
802;NCC006044MBU;145;142;0.00074932
802;NCC006044MBU;134;143;0.00490689
802;NCC006044MBU;135;143;0.00014504
802;NCC006044MBU;136;143;0.00156137
802;NCC006044MBU;137;143;0.01029579
802;NCC006044MBU;138;143;0.03042719
802;NCC006044MBU;139;143;0.05221254
802;NCC006044MBU;140;143;0.00275159
802;NCC006044MBU;142;143;0.00004139
802;NCC006044MBU;143;143;0.00024378
802;NCC006044MBU;144;143;0.00009521
802;NCC006044MBU;145;143;0.00007391
802;NCC006044MBU;133;144;0.00295157
802;NCC006044MBU;134;144;0.00124530
802;NCC006044MBU;136;144;0.00232406
802;NCC006044MBU;137;144;0.01396375
802;NCC006044MBU;138;144;0.00237371
802;NCC006044MBU;139;144;0.03494631
802;NCC006044MBU;140;144;0.02362010
802;NCC006044MBU;141;144;0.00001987
802;NCC006044MBU;142;144;0.00013384
802;NCC006044MBU;143;144;0.00007847
802;NCC006044MBU;133;145;0.00027921
802;NCC006044MBU;134;145;0.00001909
802;NCC006044MBU;135;145;0.00005999
802;NCC006044MBU;136;145;0.00580192
802;NCC006044MBU;137;145;0.00680321
802;NCC006044MBU;138;145;0.00030878
802;NCC006044MBU;139;145;0.00860638
802;NCC006044MBU;140;145;0.04155094
802;NCC006044MBU;141;145;0.00019553
802;NCC006044MBU;142;145;0.00000431
802;NCC006044MBU;132;146;0.00000103
802;NCC006044MBU;133;146;0.00000027
802;NCC006044MBU;134;146;0.00000504
802;NCC006044MBU;135;146;0.00042117
802;NCC006044MBU;136;146;0.00547260
802;NCC006044MBU;137;146;0.00081527
802;NCC006044MBU;138;146;0.00025930
802;NCC006044MBU;139;146;0.00748796
802;NCC006044MBU;140;146;0.00020775
802;NCC006044MBU;134;147;0.00000036
802;NCC006044MBU;135;147;0.00017951
802;NCC006044MBU;136;147;0.00326818
802;NCC006044MBU;137;147;0.00001748
802;NCC006044MBU;138;147;0.00023030
802;NCC006044MBU;139;147;0.00000734
802;NCC006044MBU;136;148;0.00432498
802;NCC006044MBU;137;148;0.00020059
802;NCC006044MBU;138;148;0.00006040
802;NCC006044MBU;136;149;0.00319734
802;NCC006044MBU;137;149;0.00000546
802;SJV006016SJU;180;109;0.00399516
802;SJV006016SJU;181;109;0.00001554
802;SJV006016SJU;182;109;0.00070620
802;SJV006016SJU;183;109;0.00277757
802;SJV006016SJU;185;109;0.00014266
802;SJV006016SJU;187;109;0.02752870
802;SJV006016SJU;192;109;0.00124987
802;SJV006016SJU;180;110;0.00084581
802;SJV006016SJU;181;110;0.00350503
802;SJV006016SJU;182;110;0.00309270
802;SJV006016SJU;183;110;0.00006713
802;SJV006016SJU;184;110;0.00022233
802;SJV006016SJU;185;110;0.00002301
802;SJV006016SJU;186;110;0.01516905
802;SJV006016SJU;187;110;0.01762366
802;SJV006016SJU;192;110;0.00155150
802;SJV006016SJU;181;111;0.00542061
802;SJV006016SJU;182;111;0.00324574
802;SJV006016SJU;184;111;0.00017989
802;SJV006016SJU;185;111;0.00520502
802;SJV006016SJU;186;111;0.02849270
802;SJV006016SJU;192;111;0.00160630
802;SJV006016SJU;193;111;0.00001411
802;SJV006016SJU;178;112;0.00000920
802;SJV006016SJU;179;112;0.00001185
802;SJV006016SJU;181;112;0.00438572
802;SJV006016SJU;182;112;0.00386379
802;SJV006016SJU;184;112;0.00029988
802;SJV006016SJU;185;112;0.03444512
802;SJV006016SJU;192;112;0.00164867
802;SJV006016SJU;193;112;0.00000656
802;SJV006016SJU;179;113;0.00001828
802;SJV006016SJU;180;113;0.00375047
802;SJV006016SJU;181;113;0.00221378
802;SJV006016SJU;182;113;0.00342304
802;SJV006016SJU;183;113;0.00360654
802;SJV006016SJU;184;113;0.03372126
802;SJV006016SJU;185;113;0.00235645
802;SJV006016SJU;186;113;0.00086889
802;SJV006016SJU;187;113;0.00076465
802;SJV006016SJU;188;113;0.00074754
802;SJV006016SJU;189;113;0.00073568
802;SJV006016SJU;190;113;0.00100079
802;SJV006016SJU;191;113;0.00064657
802;SJV006016SJU;192;113;0.00220065
802;SJV006016SJU;193;113;0.00001681
802;SJV006016SJU;179;114;0.00034861
802;SJV006016SJU;180;114;0.00660481
802;SJV006016SJU;182;114;0.00000012
802;SJV006016SJU;183;114;0.03090471
802;SJV006016SJU;184;114;0.00814405
802;SJV006016SJU;190;114;0.00024350
802;SJV006016SJU;192;114;0.00213106
802;SJV006016SJU;179;115;0.00207700
802;SJV006016SJU;180;115;0.00608601
802;SJV006016SJU;182;115;0.02840744
802;SJV006016SJU;183;115;0.01913773
802;SJV006016SJU;184;115;0.00001172
802;SJV006016SJU;190;115;0.00046647
802;SJV006016SJU;191;115;0.00012762
802;SJV006016SJU;192;115;0.00234099
802;SJV006016SJU;193;115;0.00011483
802;SJV006016SJU;180;116;0.01090869
802;SJV006016SJU;181;116;0.03008725
802;SJV006016SJU;182;116;0.00180412
802;SJV006016SJU;184;116;0.00869937
802;SJV006016SJU;190;116;0.00046689
802;SJV006016SJU;191;116;0.00000086
802;SJV006016SJU;192;116;0.00409220
802;SJV006016SJU;193;116;0.00067618
802;SJV006016SJU;181;117;0.00312360
802;SJV006016SJU;182;117;0.00093438
802;SJV006016SJU;183;117;0.00020563
802;SJV006016SJU;184;117;0.00455782
802;SJV006016SJU;185;117;0.00393649
802;SJV006016SJU;189;117;0.00001259
802;SJV006016SJU;190;117;0.00082963
802;SJV006016SJU;191;117;0.00105826
802;SJV006016SJU;192;117;0.01422564
802;SJV006016SJU;193;117;0.00194521
802;SJV006016SJU;182;118;0.00477677
802;SJV006016SJU;183;118;0.00078430
802;SJV006016SJU;184;118;0.00007431
802;SJV006016SJU;185;118;0.00939458
802;SJV006016SJU;186;118;0.00008700
802;SJV006016SJU;188;118;0.00014052
802;SJV006016SJU;189;118;0.00043552
802;SJV006016SJU;190;118;0.00153637
802;SJV006016SJU;191;118;0.00177315
802;SJV006016SJU;192;118;0.01231078
802;SJV006016SJU;193;118;0.00091825
802;SJV006016SJU;183;119;0.00449303
802;SJV006016SJU;184;119;0.00078202
802;SJV006016SJU;186;119;0.00938686
802;SJV006016SJU;187;119;0.00012747
802;SJV006016SJU;188;119;0.00013554
802;SJV006016SJU;189;119;0.00032309
802;SJV006016SJU;190;119;0.00091103
802;SJV006016SJU;191;119;0.00991243
802;SJV006016SJU;192;119;0.00172168
802;SJV006016SJU;193;119;0.00003549
802;SJV006016SJU;184;120;0.00434978
802;SJV006016SJU;185;120;0.00138677
802;SJV006016SJU;186;120;0.00801063
802;SJV006016SJU;187;120;0.00642053
802;SJV006016SJU;188;120;0.00440686
802;SJV006016SJU;189;120;0.00350746
802;SJV006016SJU;190;120;0.00418825
802;SJV006016SJU;191;120;0.01176162
802;SJV006016SJU;192;120;0.00396159
802;SJV006016SJU;193;120;0.00203246
802;SJV006016SJU;183;121;0.00089542
802;SJV006016SJU;184;121;0.00398046
802;SJV006016SJU;185;121;0.01533808
802;SJV006016SJU;186;121;0.00942188
802;SJV006016SJU;187;121;0.01069746
802;SJV006016SJU;188;121;0.00406151
802;SJV006016SJU;189;121;0.00141063
802;SJV006016SJU;190;121;0.00182364
802;SJV006016SJU;191;121;0.00894829
802;SJV006016SJU;192;121;0.00166373
802;SJV006016SJU;193;121;0.00012571
802;SJV006016SJU;185;122;0.00068985
802;SJV006016SJU;186;122;0.01501702
802;SJV006016SJU;187;122;0.03528273
802;SJV006016SJU;188;122;0.00721236
802;SJV006016SJU;189;122;0.00154846
802;SJV006016SJU;190;122;0.00554124
802;SJV006016SJU;191;122;0.00992103
802;SJV006016SJU;192;122;0.00083902
802;SJV006016SJU;193;122;0.00066777
802;SJV006016SJU;194;122;0.00127525
802;SJV006016SJU;185;123;0.00002506
802;SJV006016SJU;186;123;0.00031620
802;SJV006016SJU;187;123;0.02534972
802;SJV006016SJU;188;123;0.02395865
802;SJV006016SJU;189;123;0.03543288
802;SJV006016SJU;190;123;0.05614464
802;SJV006016SJU;191;123;0.02365185
802;SJV006016SJU;192;123;0.01606900
802;SJV006016SJU;193;123;0.01516254
802;SJV006016SJU;194;123;0.01193413
802;SJV006016SJU;184;124;0.00042060
802;SJV006016SJU;185;124;0.00218121
802;SJV006016SJU;186;124;0.00335135
802;SJV006016SJU;187;124;0.01163089
802;SJV006016SJU;188;124;0.00232887
802;SJV006016SJU;189;124;0.00449376
802;SJV006016SJU;190;124;0.03553750
802;SJV006016SJU;191;124;0.01250480
802;SJV006016SJU;192;124;0.00287642
802;SJV006016SJU;193;124;0.00102981
802;SJV006016SJU;194;124;0.00059265
802;SJV006016SJU;183;125;0.00020748
802;SJV006016SJU;184;125;0.00128570
802;SJV006016SJU;185;125;0.00040995
802;SJV006016SJU;186;125;0.00043640
802;SJV006016SJU;187;125;0.00957151
802;SJV006016SJU;188;125;0.00342093
802;SJV006016SJU;189;125;0.00442459
802;SJV006016SJU;190;125;0.01333853
802;SJV006016SJU;191;125;0.00132331
802;SJV006016SJU;192;125;0.00193211
802;SJV006016SJU;193;125;0.00019060
802;SJV006016SJU;189;126;0.00131243
802;SJV006016SJU;190;126;0.00761975
802;SJV006016SJU;191;126;0.00001540
802;SJV006016SJU;192;126;0.00195072
802;SJV006016SJU;193;126;0.00014203
802;SJV006016SJU;192;127;0.00158955
802;SJV006016SJU;193;127;0.00006463
802;SJV006016SJU;192;128;0.00119016
802;SJV006016SJU;193;128;0.00000003
802;0NC006012NCU;104;224;0.00183816
802;0NC006012NCU;104;225;0.00441906
802;0NC006012NCU;104;226;0.00446626
802;0NC006012NCU;103;227;0.00047275
802;0NC006012NCU;104;227;0.00332224
802;0NC006012NCU;103;228;0.00225290
802;0NC006012NCU;104;228;0.00162237
802;0NC006012NCU;104;229;0.00406069
802;0NC006012NCU;103;230;0.00421951
802;0NC006012NCU;104;230;0.00387269
802;0NC006012NCU;102;231;0.00267248
802;0NC006012NCU;103;231;0.00464035
802;0NC006012NCU;102;232;0.00511127
802;0NC006012NCU;101;233;0.00541711
802;0NC006012NCU;102;233;0.00006326
802;0NC006012NCU;101;234;0.00590916
802;0NC006012NCU;100;235;0.00298904
802;0NC006012NCU;101;235;0.00599525
802;0NC006012NCU;99;236;0.00511903
802;0NC006012NCU;100;236;0.00550164
802;0NC006012NCU;106;236;0.00084312
802;0NC006012NCU;107;236;0.00054903
802;0NC006012NCU;98;237;0.00716587
802;0NC006012NCU;99;237;0.00126209
802;0NC006012NCU;101;237;0.00021299
802;0NC006012NCU;102;237;0.00057166
802;0NC006012NCU;103;237;0.00056453
802;0NC006012NCU;104;237;0.00081881
802;0NC006012NCU;105;237;0.00079496
802;0NC006012NCU;106;237;0.00020822
802;0NC006012NCU;107;237;0.00058151
802;0NC006012NCU;108;237;0.00074108
802;0NC006012NCU;109;237;0.00047897
802;0NC006012NCU;97;238;0.01754238
802;0NC006012NCU;98;238;0.00724987
802;0NC006012NCU;99;238;0.00025310
802;0NC006012NCU;100;238;0.00060620
802;0NC006012NCU;101;238;0.00038298
802;0NC006012NCU;103;238;0.00009442
802;0NC006012NCU;104;238;0.00007998
802;0NC006012NCU;97;239;0.02116184
802;0NC006012NCU;98;239;0.00022752
802;0NC006012NCU;99;239;0.00036246
802;0NC006012NCU;103;239;0.00018597
802;0NC006012NCU;94;240;0.00023489
802;0NC006012NCU;95;240;0.00737420
802;0NC006012NCU;97;240;0.02088858
802;0NC006012NCU;103;240;0.00018228
802;0NC006012NCU;95;241;0.00304040
802;0NC006012NCU;96;241;0.04990642
802;0NC006012NCU;97;241;0.00288439
802;0NC006012NCU;102;241;0.00017143
802;0NC006012NCU;103;241;0.00013241
802;0NC006012NCU;96;242;0.03327630
802;0NC006012NCU;101;242;0.00010637
802;0NC006012NCU;102;242;0.00006929
802;0NC006012NCU;96;243;0.03442030
802;0NC006012NCU;101;243;0.00017701
802;0NC006012NCU;96;244;0.03980380
802;0NC006012NCU;100;244;0.00002247
802;0NC006012NCU;101;244;0.00021585
802;0NC006012NCU;96;245;0.05212376
802;0NC006012NCU;97;245;0.02660044
802;0NC006012NCU;98;245;0.00619732
802;0NC006012NCU;99;245;0.00160376
802;0NC006012NCU;100;245;0.00020649
802;0NC006012NCU;96;246;0.00593655
802;0NC006012NCU;97;246;0.07051448
802;0NC006012NCU;98;246;0.05868500
802;0NC006012NCU;99;246;0.00576521
802;0NC006012NCU;100;246;0.00005234
802;0NC006012NCU;98;247;0.00891011
802;0NC006012NCU;99;247;0.06855756
802;0NC006012NCU;99;248;0.07937760
802;0NC006012NCU;100;248;0.00341960
802;0NC006012NCU;101;248;0.00468296
802;0NC006012NCU;102;248;0.00230885
802;0NC006012NCU;105;248;0.00019549
802;0NC006012NCU;106;248;0.00402653
802;0NC006012NCU;108;248;0.00106014
802;0NC006012NCU;98;249;0.04380148
802;0NC006012NCU;99;249;0.02525250
802;0NC006012NCU;100;249;0.00469948
802;0NC006012NCU;102;249;0.00527022
802;0NC006012NCU;103;249;0.00408055
802;0NC006012NCU;104;249;0.00519435
802;0NC006012NCU;105;249;0.00452579
802;0NC006012NCU;106;249;0.00109908
802;0NC006012NCU;107;249;0.00603711
802;0NC006012NCU;108;249;0.00540293
802;0NC006012NCU;98;250;0.02623374
802;0NC006012NCU;102;250;0.00143590
802;0NC006012NCU;103;250;0.00128196
802;0NC006012NCU;108;250;0.00066632
802;0NC006012NCU;98;251;0.01297667
802;0NC006012NCU;107;251;0.00004065
802;0NC006012NCU;108;251;0.00023190
802;0NC006012NCU;98;252;0.01521553
802;0NC006012NCU;107;252;0.00019110
802;0NC006012NCU;97;253;0.00077154
802;0NC006012NCU;98;253;0.01331560
802;0NC006012NCU;107;253;0.00019031
802;0NC006012NCU;97;254;0.00698625
802;0NC006012NCU;98;254;0.00004728
802;0NC006012NCU;107;254;0.00018459
802;0NC006012NCU;97;255;0.00267690
802;0NC006012NCU;98;255;0.00659037
802;0NC006012NCU;102;255;0.00001884
802;0NC006012NCU;103;255;0.00019772
802;0NC006012NCU;104;255;0.00019637
802;0NC006012NCU;107;255;0.00018769
802;0NC006012NCU;98;256;0.00765233
802;0NC006012NCU;99;256;0.00017965
802;0NC006012NCU;102;256;0.00019462
802;0NC006012NCU;104;256;0.00010771
802;0NC006012NCU;105;256;0.00019205
802;0NC006012NCU;106;256;0.00018857
802;0NC006012NCU;107;256;0.00048901
802;0NC006012NCU;108;256;0.00000023
802;0NC006012NCU;98;257;0.00469879
802;0NC006012NCU;99;257;0.00424340
802;0NC006012NCU;101;257;0.00008633
802;0NC006012NCU;102;257;0.00009772
802;0NC006012NCU;108;257;0.00034931
802;0NC006012NCU;99;258;0.00696058
802;0NC006012NCU;101;258;0.00018405
802;0NC006012NCU;108;258;0.00027997
802;0NC006012NCU;109;258;0.00038854
802;0NC006012NCU;110;258;0.00000441
802;0NC006012NCU;99;259;0.00679331
802;0NC006012NCU;100;259;0.00508240
802;0NC006012NCU;101;259;0.00007723
802;0NC006012NCU;110;259;0.00049479
802;0NC006012NCU;100;260;0.00757264
802;0NC006012NCU;110;260;0.00001859
802;0NC006012NCU;111;260;0.00034381
802;0NC006012NCU;100;261;0.00229983
802;0NC006012NCU;101;261;0.00885112
802;0NC006012NCU;111;261;0.00013920
802;0NC006012NCU;101;262;0.00719649
802;0NC006012NCU;100;263;0.00316553
802;0NC006012NCU;101;263;0.00516392
802;0NC006012NCU;100;264;0.00146770
802;0SF0060480BA;136;170;0.00614491
802;0SF0060480BA;137;170;0.03626352
802;0SF0060480BA;134;171;0.00118387
802;0SF0060480BA;135;171;0.07234719
802;0SF0060480BA;136;171;0.03261797
802;0SF0060480BA;137;171;0.02649835
802;0SF0060480BA;133;172;0.01131963
802;0SF0060480BA;134;172;0.02834852
802;0SF0060480BA;135;172;0.07624981
802;0SF0060480BA;136;172;0.00057680
802;0SF0060480BA;137;172;0.02639624
802;0SF0060480BA;131;173;0.00704271
802;0SF0060480BA;132;173;0.01514307
802;0SF0060480BA;133;173;0.00418817
802;0SF0060480BA;134;173;0.03206123
802;0SF0060480BA;135;173;0.05185689
802;0SF0060480BA;137;173;0.02639624
802;0SF0060480BA;135;174;0.00892610
802;0SF0060480BA;136;174;0.04998139
802;0SF0060480BA;137;174;0.02971763
802;0SF0060480BA;142;174;0.00266844
802;0SF0060480BA;143;174;0.00307013
802;0SF0060480BA;135;175;0.00326281
802;0SF0060480BA;136;175;0.02751147
802;0SF0060480BA;137;175;0.10465671
802;0SF0060480BA;138;175;0.03373563
802;0SF0060480BA;139;175;0.00441958
802;0SF0060480BA;140;175;0.00689090
802;0SF0060480BA;141;175;0.00586820
802;0SF0060480BA;142;175;0.00582291
802;0SF0060480BA;136;176;0.00280640
802;0SF0060480BA;137;176;0.00303703
802;0SF0060480BA;138;176;0.08193826
802;0SF0060480BA;139;176;0.07066125
802;0SF0060480BA;140;176;0.01366770
802;0SF0060480BA;141;176;0.00156144
802;0SF0060480BA;137;177;0.00019222
802;0SF0060480BA;138;177;0.00019228
802;0SF0060480BA;139;177;0.06872174
802;0SF0060480BA;140;177;0.00416314
802;0SF0060480BA;141;177;0.00355948
802;0SF0060480BA;139;178;0.00833201
802;SJV006024SJU;165;138;0.00708156
802;SJV006024SJU;164;139;0.00265518
802;SJV006024SJU;165;139;0.00498248
802;SJV006024SJU;166;139;0.00008717
802;SJV006024SJU;163;140;0.00188162
802;SJV006024SJU;164;140;0.00731849
802;SJV006024SJU;168;140;0.00006846
802;SJV006024SJU;169;140;0.00020643
802;SJV006024SJU;162;141;0.00005176
802;SJV006024SJU;163;141;0.00684825
802;SJV006024SJU;164;141;0.00096225
802;SJV006024SJU;167;141;0.00027433
802;SJV006024SJU;168;141;0.00084400
802;SJV006024SJU;169;141;0.00246307
802;SJV006024SJU;162;142;0.00680119
802;SJV006024SJU;163;142;0.00002323
802;SJV006024SJU;164;142;0.00104534
802;SJV006024SJU;166;142;0.00056099
802;SJV006024SJU;167;142;0.00010931
802;SJV006024SJU;168;142;0.00004587
802;SJV006024SJU;169;142;0.00387365
802;SJV006024SJU;156;143;0.00021747
802;SJV006024SJU;159;143;0.00174446
802;SJV006024SJU;160;143;0.00359035
802;SJV006024SJU;161;143;0.00883774
802;SJV006024SJU;162;143;0.00708557
802;SJV006024SJU;163;143;0.00602571
802;SJV006024SJU;164;143;0.01458199
802;SJV006024SJU;165;143;0.00821145
802;SJV006024SJU;166;143;0.00635527
802;SJV006024SJU;167;143;0.00695847
802;SJV006024SJU;168;143;0.00676719
802;SJV006024SJU;169;143;0.00724278
802;SJV006024SJU;170;143;0.00637078
802;SJV006024SJU;171;143;0.00489690
802;SJV006024SJU;156;144;0.00170462
802;SJV006024SJU;157;144;0.00342963
802;SJV006024SJU;158;144;0.00394204
802;SJV006024SJU;159;144;0.00184049
802;SJV006024SJU;160;144;0.00533921
802;SJV006024SJU;161;144;0.00848497
802;SJV006024SJU;162;144;0.00330431
802;SJV006024SJU;163;144;0.00536634
802;SJV006024SJU;164;144;0.00705418
802;SJV006024SJU;165;144;0.00139701
802;SJV006024SJU;166;144;0.00138566
802;SJV006024SJU;167;144;0.00158174
802;SJV006024SJU;168;144;0.00012870
802;SJV006024SJU;169;144;0.00000719
802;SJV006024SJU;171;144;0.00217022
802;SJV006024SJU;172;144;0.00606246
802;SJV006024SJU;160;145;0.01117379
802;SJV006024SJU;161;145;0.00020323
802;SJV006024SJU;162;145;0.00124726
802;SJV006024SJU;164;145;0.00408749
802;SJV006024SJU;167;145;0.00063262
802;SJV006024SJU;170;145;0.00005016
802;SJV006024SJU;171;145;0.00012697
802;SJV006024SJU;172;145;0.00717614
802;SJV006024SJU;173;145;0.00021420
802;SJV006024SJU;174;145;0.00029402
802;SJV006024SJU;159;146;0.00378973
802;SJV006024SJU;160;146;0.00657621
802;SJV006024SJU;161;146;0.00104561
802;SJV006024SJU;164;146;0.00414598
802;SJV006024SJU;167;146;0.00063990
802;SJV006024SJU;168;146;0.00023917
802;SJV006024SJU;172;146;0.00709323
802;SJV006024SJU;174;146;0.00039962
802;SJV006024SJU;175;146;0.00963163
802;SJV006024SJU;176;146;0.02606759
802;SJV006024SJU;177;146;0.00000152
802;SJV006024SJU;178;146;0.00036527
802;SJV006024SJU;159;147;0.00739272
802;SJV006024SJU;160;147;0.00263849
802;SJV006024SJU;161;147;0.00161051
802;SJV006024SJU;164;147;0.00409752
802;SJV006024SJU;168;147;0.00062583
802;SJV006024SJU;169;147;0.00067150
802;SJV006024SJU;170;147;0.00076934
802;SJV006024SJU;171;147;0.00052311
802;SJV006024SJU;172;147;0.00779781
802;SJV006024SJU;173;147;0.00333759
802;SJV006024SJU;174;147;0.01092987
802;SJV006024SJU;175;147;0.02249617
802;SJV006024SJU;176;147;0.00091536
802;SJV006024SJU;177;147;0.00053072
802;SJV006024SJU;178;147;0.00113700
802;SJV006024SJU;159;148;0.00539116
802;SJV006024SJU;160;148;0.00285895
802;SJV006024SJU;161;148;0.00235846
802;SJV006024SJU;164;148;0.00395501
802;SJV006024SJU;170;148;0.00020382
802;SJV006024SJU;172;148;0.00551259
802;SJV006024SJU;173;148;0.00929110
802;SJV006024SJU;174;148;0.02448811
802;SJV006024SJU;175;148;0.00366650
802;SJV006024SJU;176;148;0.00325350
802;SJV006024SJU;177;148;0.00184966
802;SJV006024SJU;178;148;0.00012795
802;SJV006024SJU;179;148;0.00019509
802;SJV006024SJU;180;148;0.00003813
802;SJV006024SJU;160;149;0.00073598
802;SJV006024SJU;161;149;0.00471309
802;SJV006024SJU;162;149;0.00218117
802;SJV006024SJU;164;149;0.00396001
802;SJV006024SJU;170;149;0.00028794
802;SJV006024SJU;171;149;0.00060921
802;SJV006024SJU;172;149;0.01944486
802;SJV006024SJU;173;149;0.02594224
802;SJV006024SJU;174;149;0.00064271
802;SJV006024SJU;175;149;0.00113541
802;SJV006024SJU;176;149;0.00043980
802;SJV006024SJU;177;149;0.00011500
802;SJV006024SJU;160;150;0.00091349
802;SJV006024SJU;161;150;0.00014609
802;SJV006024SJU;162;150;0.00213896
802;SJV006024SJU;163;150;0.00273191
802;SJV006024SJU;164;150;0.00692839
802;SJV006024SJU;165;150;0.00179979
802;SJV006024SJU;166;150;0.00178490
802;SJV006024SJU;167;150;0.00195092
802;SJV006024SJU;168;150;0.00185288
802;SJV006024SJU;169;150;0.00247567
802;SJV006024SJU;170;150;0.02086554
802;SJV006024SJU;171;150;0.04558556
802;SJV006024SJU;172;150;0.04685246
802;SJV006024SJU;173;150;0.00691140
802;SJV006024SJU;174;150;0.00418334
802;SJV006024SJU;175;150;0.00364692
802;SJV006024SJU;176;150;0.00259649
802;SJV006024SJU;177;150;0.00142047
802;SJV006024SJU;161;151;0.00071324
802;SJV006024SJU;162;151;0.00161555
802;SJV006024SJU;163;151;0.00138214
802;SJV006024SJU;164;151;0.00670898
802;SJV006024SJU;165;151;0.00074201
802;SJV006024SJU;166;151;0.00078833
802;SJV006024SJU;167;151;0.00129691
802;SJV006024SJU;168;151;0.02798963
802;SJV006024SJU;169;151;0.04750060
802;SJV006024SJU;170;151;0.02803813
802;SJV006024SJU;171;151;0.01010002
802;SJV006024SJU;172;151;0.00565426
802;SJV006024SJU;173;151;0.00134901
802;SJV006024SJU;174;151;0.00000613
802;SJV006024SJU;177;151;0.00123579
802;SJV006024SJU;178;151;0.00002562
802;SJV006024SJU;162;152;0.00107893
802;SJV006024SJU;163;152;0.00009707
802;SJV006024SJU;164;152;0.00724348
802;SJV006024SJU;165;152;0.00155425
802;SJV006024SJU;166;152;0.02576120
802;SJV006024SJU;167;152;0.04592239
802;SJV006024SJU;168;152;0.01551806
802;SJV006024SJU;169;152;0.00600864
802;SJV006024SJU;170;152;0.00059926
802;SJV006024SJU;171;152;0.00189198
802;SJV006024SJU;172;152;0.00180325
802;SJV006024SJU;173;152;0.00062230
802;SJV006024SJU;162;153;0.00051615
802;SJV006024SJU;163;153;0.00085617
802;SJV006024SJU;164;153;0.01146515
802;SJV006024SJU;165;153;0.01442644
802;SJV006024SJU;166;153;0.03997457
802;SJV006024SJU;167;153;0.00051228
802;SJV006024SJU;168;153;0.00269904
802;SJV006024SJU;169;153;0.00104735
802;SJV006024SJU;170;153;0.00043531
802;SJV006024SJU;171;153;0.00206002
802;SJV006024SJU;172;153;0.00003305
802;SJV006024SJU;173;153;0.00059413
802;SJV006024SJU;174;153;0.00020446
802;SJV006024SJU;175;153;0.00010227
802;SJV006024SJU;164;154;0.00451248
802;SJV006024SJU;165;154;0.03934402
802;SJV006024SJU;166;154;0.00193224
802;SJV006024SJU;167;154;0.00223281
802;SJV006024SJU;168;154;0.00023494
802;SJV006024SJU;169;154;0.00130633
802;SJV006024SJU;170;154;0.00008633
802;SJV006024SJU;171;154;0.00134925
802;SJV006024SJU;172;154;0.00013497
802;SJV006024SJU;173;154;0.00048089
802;SJV006024SJU;175;154;0.00010219
802;SJV006024SJU;176;154;0.00013399
802;SJV006024SJU;166;155;0.00054053
802;SJV006024SJU;167;155;0.00031782
802;SJV006024SJU;168;155;0.00124430
802;SJV006024SJU;169;155;0.00006523
802;SJV006024SJU;170;155;0.00009442
802;SJV006024SJU;171;155;0.00070641
802;SJV006024SJU;172;155;0.00150784
802;SJV006024SJU;173;155;0.00049825
802;SJV006024SJU;168;156;0.00019790
802;SJV006024SJU;169;156;0.00022326
802;SJV006024SJU;170;156;0.00032815
802;SJV006024SJU;171;156;0.00034555
802;SJV006024SJU;172;156;0.00014044
802;SJV006024SJU;173;156;0.00201307
802;SJV006024SJU;174;156;0.00028296
802;SJV006024SJU;175;156;0.00024630
802;SJV006024SJU;171;157;0.00004525
802;SJV006024SJU;173;157;0.00130108
802;SJV006024SJU;173;158;0.00075015
802;0NC0060490NS;117;178;0.00005289
802;0NC0060490NS;118;178;0.00091823
802;0NC0060490NS;119;178;0.00082277
802;0NC0060490NS;120;178;0.00051465
802;0NC0060490NS;117;179;0.00084500
802;0NC0060490NS;119;179;0.00741833
802;0NC0060490NS;120;179;0.00687930
802;0NC0060490NS;117;180;0.00074084
802;0NC0060490NS;120;180;0.00085303
802;0NC0060490NS;116;181;0.00662943
802;0NC0060490NS;117;181;0.00571961
802;0NC0060490NS;119;181;0.02091623
802;0NC0060490NS;120;181;0.01491830
802;0NC0060490NS;121;181;0.00664291
802;0NC0060490NS;115;182;0.00671565
802;0NC0060490NS;116;182;0.01794518
802;0NC0060490NS;117;182;0.01841098
802;0NC0060490NS;118;182;0.03221413
802;0NC0060490NS;119;182;0.01364225
802;0NC0060490NS;120;182;0.00652309
802;0NC0060490NS;121;182;0.02057387
802;0NC0060490NS;114;183;0.01623744
802;0NC0060490NS;115;183;0.01230720
802;0NC0060490NS;118;183;0.00612464
802;0NC0060490NS;119;183;0.01893725
802;0NC0060490NS;120;183;0.01481074
802;0NC0060490NS;121;183;0.02946642
802;0NC0060490NS;122;183;0.00420161
802;0NC0060490NS;112;184;0.00025280
802;0NC0060490NS;113;184;0.01736555
802;0NC0060490NS;114;184;0.00242757
802;0NC0060490NS;121;184;0.00088677
802;0NC0060490NS;122;184;0.00539892
802;0NC0060490NS;112;185;0.01506945
802;0NC0060490NS;121;185;0.00088677
802;0NC0060490NS;122;185;0.10011831
802;0NC0060490NS;111;186;0.01312801
802;0NC0060490NS;112;186;0.00141774
802;0NC0060490NS;121;186;0.05320404
802;0NC0060490NS;122;186;0.05921184
802;0NC0060490NS;124;186;0.00127343
802;0NC0060490NS;125;186;0.00455458
802;0NC0060490NS;126;186;0.00313294
802;0NC0060490NS;110;187;0.00636499
802;0NC0060490NS;111;187;0.00629743
802;0NC0060490NS;121;187;0.05979110
802;0NC0060490NS;122;187;0.00296947
802;0NC0060490NS;123;187;0.00448574
802;0NC0060490NS;124;187;0.00328115
802;0NC0060490NS;110;188;0.01375005
802;0NC0060490NS;121;188;0.06880578
802;0NC0060490NS;109;189;0.01154775
802;0NC0060490NS;110;189;0.00322363
802;0NC0060490NS;120;189;0.05601767
802;0NC0060490NS;121;189;0.01226665
802;0NC0060490NS;108;190;0.00822727
802;0NC0060490NS;109;190;0.00462096
802;0NC0060490NS;119;190;0.05764397
802;0NC0060490NS;120;190;0.01497109
802;0NC0060490NS;118;191;0.01220320
802;0NC0060490NS;119;191;0.04024897
802;0NC0060490NS;117;192;0.00124153
802;0NC0060490NS;118;192;0.04173090
802;0LT006031PLA;179;197;0.00174697
802;0LT006031PLA;178;198;0.00011480
802;0LT006031PLA;179;198;0.10288769
802;0LT006031PLA;178;199;0.00065122
802;0LT006031PLA;179;199;0.08727148
802;0LT006031PLA;177;200;0.00014447
802;0LT006031PLA;178;200;0.06646882
802;0LT006031PLA;179;200;0.16973158
802;0LT006031PLA;178;201;0.01148048
802;0LT006031PLA;179;201;0.03835688
802;0LT006031PLA;180;201;0.12680477
802;0LT006031PLA;180;202;0.06803487
802;0LT006031PLA;181;202;0.19184671
802;0LT006031PLA;182;202;0.07590877
802;0LT006031PLA;180;203;0.00352975
802;0LT006031PLA;181;203;0.05502076
802;0MC006031PLA;160;194;0.00063374
802;0MC006031PLA;161;194;0.01286698
802;0MC006031PLA;162;194;0.00676424
802;0MC006031PLA;160;195;0.00627092
802;0MC006031PLA;161;195;0.08993779
802;0MC006031PLA;162;195;0.01463232
802;0MC006031PLA;163;195;0.00164966
802;0MC006031PLA;161;196;0.09662377
802;0MC006031PLA;162;196;0.00396613
802;0MC006031PLA;163;196;0.01007147
802;0MC006031PLA;164;196;0.01136334
802;0MC006031PLA;165;196;0.00703734
802;0MC006031PLA;161;197;0.00265030
802;0MC006031PLA;162;197;0.07423198
802;0MC006031PLA;165;197;0.00212950
802;0MC006031PLA;166;197;0.00406457
802;0MC006031PLA;162;198;0.07356019
802;0MC006031PLA;166;198;0.00131774
802;0MC006031PLA;167;198;0.00098172
802;0MC006031PLA;162;199;0.07104395
802;0MC006031PLA;163;199;0.00894917
802;0MC006031PLA;167;199;0.00026675
802;0MC006031PLA;168;199;0.00001662
802;0MC006031PLA;163;200;0.05742557
802;0MC006031PLA;164;200;0.04503297
802;0MC006031PLA;168;200;0.00006933
802;0MC006031PLA;169;200;0.00004786
802;0MC006031PLA;170;200;0.00006078
802;0MC006031PLA;171;200;0.00006078
802;0MC006031PLA;172;200;0.00005726
802;0MC006031PLA;164;201;0.03428836
802;0MC006031PLA;165;201;0.06948873
802;0MC006031PLA;166;201;0.00878304
802;0MC006031PLA;169;201;0.00001809
802;0MC006031PLA;166;202;0.07847879
802;0MC006031PLA;166;203;0.00116486
802;0MC006031PLA;167;203;0.08420660
802;0MC006031PLA;168;203;0.00955051
802;0MC006031PLA;168;204;0.06733033
802;0MC006031PLA;169;204;0.02555041
802;0MC006031PLA;170;204;0.00911134
802;0MC006031PLA;171;204;0.00824420
802;0LT0060090ED;182;190;0.01459461
802;0LT0060090ED;183;190;0.00848823
802;0LT0060090ED;181;191;0.04224180
802;0LT0060090ED;182;191;0.01601732
802;0LT0060090ED;181;192;0.01404181
802;0LT0060090ED;182;192;0.09272742
802;0LT0060090ED;181;193;0.00978423
802;0LT0060090ED;182;193;0.11531354
802;0LT0060090ED;183;193;0.06361351
802;0LT0060090ED;180;194;0.06401448
802;0LT0060090ED;181;194;0.04983360
802;0LT0060090ED;182;194;0.11776278
802;0LT0060090ED;183;194;0.23869234
802;0LT0060090ED;180;195;0.04245662
802;0LT0060090ED;183;195;0.02131335
802;0LT0060090ED;179;196;0.01843350
802;0LT0060090ED;180;196;0.02469976
802;0LT0060090ED;179;197;0.02833589
802;0LT0060090ED;180;197;0.01763521
802;0SV0060480YS;146;173;0.00601635
802;0SV0060480YS;143;174;0.00309551
802;0SV0060480YS;144;174;0.00961502
802;0SV0060480YS;145;174;0.00847258
802;0SV0060480YS;146;174;0.00222633
802;0SV0060480YS;144;175;0.00282864
802;0SV0060480YS;144;176;0.00282864
802;0SV0060480YS;140;177;0.00015288
802;0SV0060480YS;141;177;0.00035984
802;0SV0060480YS;143;177;0.00295588
802;0SV0060480YS;144;177;0.00092836
802;0SV0060480YS;139;178;0.04145341
802;0SV0060480YS;140;178;0.07580015
802;0SV0060480YS;141;178;0.01011372
802;0SV0060480YS;142;178;0.00079054
802;0SV0060480YS;143;178;0.00278638
802;0SV0060480YS;139;179;0.00118906
802;0SV0060480YS;140;179;0.06602455
802;0SV0060480YS;141;179;0.07435109
802;0SV0060480YS;142;179;0.00011116
802;0SV0060480YS;143;179;0.00178419
802;0SV0060480YS;139;180;0.00084188
802;0SV0060480YS;140;180;0.01098197
802;0SV0060480YS;141;180;0.08140770
802;0SV0060480YS;142;180;0.08616571
802;0SV0060480YS;143;180;0.00449274
802;0SV0060480YS;139;181;0.00085988
802;0SV0060480YS;140;181;0.00254656
802;0SV0060480YS;141;181;0.01972396
802;0SV0060480YS;142;181;0.05760998
802;0SV0060480YS;143;181;0.11186768
802;0SV0060480YS;139;182;0.00118620
802;0SV0060480YS;141;182;0.01929208
802;0SV0060480YS;143;182;0.03389401
802;0SV0060480YS;144;182;0.09684597
802;0SV0060480YS;138;183;0.00117190
802;0SV0060480YS;139;183;0.00059846
802;0SV0060480YS;140;183;0.00014512
802;0SV0060480YS;141;183;0.01100327
802;0SV0060480YS;144;183;0.03225021
802;0SV0060480YS;145;183;0.11323046
802;SJV006015SJU;205;82;0.00034053
802;SJV006015SJU;206;82;0.00014080
802;SJV006015SJU;207;82;0.00068696
802;SJV006015SJU;208;82;0.00162471
802;SJV006015SJU;200;83;0.00000877
802;SJV006015SJU;201;83;0.00025411
802;SJV006015SJU;202;83;0.00027376
802;SJV006015SJU;203;83;0.00050134
802;SJV006015SJU;204;83;0.00050401
802;SJV006015SJU;205;83;0.00034900
802;SJV006015SJU;206;83;0.00057352
802;SJV006015SJU;207;83;0.00052119
802;SJV006015SJU;208;83;0.01210543
802;SJV006015SJU;197;84;0.00012594
802;SJV006015SJU;198;84;0.00000213
802;SJV006015SJU;199;84;0.00007228
802;SJV006015SJU;200;84;0.00012184
802;SJV006015SJU;207;84;0.00711496
802;SJV006015SJU;208;84;0.00663566
802;SJV006015SJU;196;85;0.00018652
802;SJV006015SJU;197;85;0.00003753
802;SJV006015SJU;207;85;0.01151656
802;SJV006015SJU;194;86;0.00000128
802;SJV006015SJU;195;86;0.00029736
802;SJV006015SJU;196;86;0.00008506
802;SJV006015SJU;206;86;0.00341150
802;SJV006015SJU;207;86;0.00699726
802;SJV006015SJU;194;87;0.00000017
802;SJV006015SJU;195;87;0.00026929
802;SJV006015SJU;196;87;0.00039022
802;SJV006015SJU;206;87;0.01176594
802;SJV006015SJU;207;87;0.00134364
802;SJV006015SJU;208;87;0.00021804
802;SJV006015SJU;196;88;0.00044981
802;SJV006015SJU;205;88;0.00016887
802;SJV006015SJU;206;88;0.01089185
802;SJV006015SJU;207;88;0.00046915
802;SJV006015SJU;208;88;0.00018322
802;SJV006015SJU;196;89;0.00080745
802;SJV006015SJU;197;89;0.00032083
802;SJV006015SJU;198;89;0.00032082
802;SJV006015SJU;199;89;0.00041823
802;SJV006015SJU;200;89;0.00063253
802;SJV006015SJU;201;89;0.00063253
802;SJV006015SJU;202;89;0.00074854
802;SJV006015SJU;203;89;0.00027561
802;SJV006015SJU;204;89;0.00053462
802;SJV006015SJU;205;89;0.00542645
802;SJV006015SJU;206;89;0.00613824
802;SJV006015SJU;207;89;0.00080071
802;SJV006015SJU;208;89;0.00026236
802;SJV006015SJU;195;90;0.00034624
802;SJV006015SJU;196;90;0.00107698
802;SJV006015SJU;197;90;0.00028202
802;SJV006015SJU;198;90;0.00033124
802;SJV006015SJU;199;90;0.00027797
802;SJV006015SJU;200;90;0.00027798
802;SJV006015SJU;201;90;0.00027801
802;SJV006015SJU;202;90;0.00052566
802;SJV006015SJU;203;90;0.00061005
802;SJV006015SJU;204;90;0.00462120
802;SJV006015SJU;205;90;0.00535479
802;SJV006015SJU;206;90;0.00188649
802;SJV006015SJU;207;90;0.00113387
802;SJV006015SJU;208;90;0.00067148
802;SJV006015SJU;194;91;0.00038132
802;SJV006015SJU;195;91;0.00256538
802;SJV006015SJU;196;91;0.00018292
802;SJV006015SJU;197;91;0.00008765
802;SJV006015SJU;198;91;0.00008098
802;SJV006015SJU;199;91;0.00001958
802;SJV006015SJU;200;91;0.00000772
802;SJV006015SJU;202;91;0.00000150
802;SJV006015SJU;203;91;0.00450465
802;SJV006015SJU;204;91;0.00076527
802;SJV006015SJU;205;91;0.00661614
802;SJV006015SJU;206;91;0.00016670
802;SJV006015SJU;207;91;0.00084474
802;SJV006015SJU;208;91;0.00048220
802;SJV006015SJU;193;92;0.00062267
802;SJV006015SJU;194;92;0.00057128
802;SJV006015SJU;195;92;0.00260208
802;SJV006015SJU;200;92;0.00000257
802;SJV006015SJU;201;92;0.00000386
802;SJV006015SJU;202;92;0.00398533
802;SJV006015SJU;203;92;0.00107609
802;SJV006015SJU;204;92;0.00009202
802;SJV006015SJU;205;92;0.00669284
802;SJV006015SJU;207;92;0.00087961
802;SJV006015SJU;208;92;0.00051860
802;SJV006015SJU;209;92;0.00001409
802;SJV006015SJU;192;93;0.00041835
802;SJV006015SJU;193;93;0.00037744
802;SJV006015SJU;195;93;0.00086418
802;SJV006015SJU;196;93;0.00215978
802;SJV006015SJU;197;93;0.00006108
802;SJV006015SJU;200;93;0.00001309
802;SJV006015SJU;201;93;0.00314118
802;SJV006015SJU;202;93;0.00214778
802;SJV006015SJU;203;93;0.00029650
802;SJV006015SJU;204;93;0.00037886
802;SJV006015SJU;205;93;0.00868947
802;SJV006015SJU;206;93;0.00167863
802;SJV006015SJU;207;93;0.00250311
802;SJV006015SJU;208;93;0.00291758
802;SJV006015SJU;209;93;0.00135139
802;SJV006015SJU;210;93;0.00060425
802;SJV006015SJU;211;93;0.00042406
802;SJV006015SJU;191;94;0.00009677
802;SJV006015SJU;192;94;0.00018114
802;SJV006015SJU;195;94;0.00052552
802;SJV006015SJU;197;94;0.00213077
802;SJV006015SJU;198;94;0.00088244
802;SJV006015SJU;200;94;0.00264051
802;SJV006015SJU;201;94;0.00187697
802;SJV006015SJU;202;94;0.00073786
802;SJV006015SJU;203;94;0.00039420
802;SJV006015SJU;204;94;0.00366621
802;SJV006015SJU;205;94;0.00785070
802;SJV006015SJU;206;94;0.00230480
802;SJV006015SJU;207;94;0.00313669
802;SJV006015SJU;208;94;0.00367960
802;SJV006015SJU;209;94;0.00121119
802;SJV006015SJU;210;94;0.00002289
802;SJV006015SJU;211;94;0.00021845
802;SJV006015SJU;212;94;0.00062941
802;SJV006015SJU;214;94;0.00136994
802;SJV006015SJU;190;95;0.00002185
802;SJV006015SJU;191;95;0.00025922
802;SJV006015SJU;194;95;0.00014562
802;SJV006015SJU;195;95;0.00029248
802;SJV006015SJU;198;95;0.00126794
802;SJV006015SJU;199;95;0.00562822
802;SJV006015SJU;200;95;0.00398035
802;SJV006015SJU;201;95;0.00165873
802;SJV006015SJU;202;95;0.00300118
802;SJV006015SJU;203;95;0.00534300
802;SJV006015SJU;204;95;0.02168042
802;SJV006015SJU;205;95;0.00395949
802;SJV006015SJU;206;95;0.00219746
802;SJV006015SJU;207;95;0.00222007
802;SJV006015SJU;208;95;0.00242814
802;SJV006015SJU;209;95;0.00039652
802;SJV006015SJU;210;95;0.00051912
802;SJV006015SJU;211;95;0.00322328
802;SJV006015SJU;212;95;0.00315699
802;SJV006015SJU;213;95;0.00366958
802;SJV006015SJU;214;95;0.00064180
802;SJV006015SJU;187;96;0.00001241
802;SJV006015SJU;188;96;0.00002066
802;SJV006015SJU;189;96;0.00001990
802;SJV006015SJU;190;96;0.00000012
802;SJV006015SJU;191;96;0.00025245
802;SJV006015SJU;194;96;0.00015862
802;SJV006015SJU;195;96;0.00030293
802;SJV006015SJU;198;96;0.00271664
802;SJV006015SJU;199;96;0.00404203
802;SJV006015SJU;201;96;0.00001451
802;SJV006015SJU;202;96;0.00645468
802;SJV006015SJU;203;96;0.01282803
802;SJV006015SJU;204;96;0.03134494
802;SJV006015SJU;205;96;0.00425025
802;SJV006015SJU;206;96;0.00059193
802;SJV006015SJU;207;96;0.00247566
802;SJV006015SJU;208;96;0.00223768
802;SJV006015SJU;209;96;0.00192097
802;SJV006015SJU;210;96;0.00345629
802;SJV006015SJU;213;96;0.00005158
802;SJV006015SJU;214;96;0.00006507
802;SJV006015SJU;186;97;0.00000090
802;SJV006015SJU;187;97;0.00000334
802;SJV006015SJU;190;97;0.00006403
802;SJV006015SJU;191;97;0.00013340
802;SJV006015SJU;192;97;0.00008021
802;SJV006015SJU;194;97;0.00048536
802;SJV006015SJU;196;97;0.00000698
802;SJV006015SJU;197;97;0.00476823
802;SJV006015SJU;198;97;0.00305043
802;SJV006015SJU;199;97;0.00279004
802;SJV006015SJU;200;97;0.00231269
802;SJV006015SJU;201;97;0.00386249
802;SJV006015SJU;202;97;0.02001129
802;SJV006015SJU;203;97;0.02922385
802;SJV006015SJU;204;97;0.04928281
802;SJV006015SJU;205;97;0.02066407
802;SJV006015SJU;206;97;0.01587972
802;SJV006015SJU;207;97;0.00928295
802;SJV006015SJU;208;97;0.00505511
802;SJV006015SJU;209;97;0.00167901
802;SJV006015SJU;190;98;0.00030576
802;SJV006015SJU;191;98;0.00012854
802;SJV006015SJU;192;98;0.00016136
802;SJV006015SJU;193;98;0.00041907
802;SJV006015SJU;194;98;0.00085792
802;SJV006015SJU;195;98;0.00076689
802;SJV006015SJU;196;98;0.00636760
802;SJV006015SJU;197;98;0.00181591
802;SJV006015SJU;198;98;0.00073591
802;SJV006015SJU;199;98;0.00225963
802;SJV006015SJU;200;98;0.00078904
802;SJV006015SJU;201;98;0.00291215
802;SJV006015SJU;202;98;0.01185853
802;SJV006015SJU;203;98;0.01818047
802;SJV006015SJU;204;98;0.04203770
802;SJV006015SJU;205;98;0.02467769
802;SJV006015SJU;206;98;0.01642872
802;SJV006015SJU;207;98;0.00646390
802;SJV006015SJU;208;98;0.00174292
802;SJV006015SJU;209;98;0.00000163
802;SJV006015SJU;189;99;0.00013462
802;SJV006015SJU;190;99;0.00019253
802;SJV006015SJU;194;99;0.00094631
802;SJV006015SJU;195;99;0.00590747
802;SJV006015SJU;196;99;0.00114066
802;SJV006015SJU;197;99;0.00065006
802;SJV006015SJU;198;99;0.00068975
802;SJV006015SJU;199;99;0.00214351
802;SJV006015SJU;200;99;0.00277992
802;SJV006015SJU;201;99;0.00777662
802;SJV006015SJU;202;99;0.00969456
802;SJV006015SJU;203;99;0.02752626
802;SJV006015SJU;204;99;0.01466232
802;SJV006015SJU;205;99;0.00257729
802;SJV006015SJU;206;99;0.00123883
802;SJV006015SJU;207;99;0.00085743
802;SJV006015SJU;208;99;0.00158579
802;SJV006015SJU;209;99;0.00072260
802;SJV006015SJU;189;100;0.00036289
802;SJV006015SJU;193;100;0.00137992
802;SJV006015SJU;194;100;0.00584054
802;SJV006015SJU;197;100;0.00029446
802;SJV006015SJU;198;100;0.00006475
802;SJV006015SJU;199;100;0.00226343
802;SJV006015SJU;200;100;0.00241664
802;SJV006015SJU;201;100;0.00095098
802;SJV006015SJU;202;100;0.01349145
802;SJV006015SJU;203;100;0.00604605
802;SJV006015SJU;204;100;0.00091779
802;SJV006015SJU;206;100;0.00007895
802;SJV006015SJU;207;100;0.00007789
802;SJV006015SJU;209;100;0.00020290
802;SJV006015SJU;210;100;0.00081146
802;SJV006015SJU;211;100;0.00031083
802;SJV006015SJU;188;101;0.00024736
802;SJV006015SJU;189;101;0.00050424
802;SJV006015SJU;190;101;0.00024672
802;SJV006015SJU;191;101;0.00024974
802;SJV006015SJU;192;101;0.00162194
802;SJV006015SJU;193;101;0.00566469
802;SJV006015SJU;194;101;0.00065052
802;SJV006015SJU;195;101;0.00042507
802;SJV006015SJU;196;101;0.00055742
802;SJV006015SJU;197;101;0.00094159
802;SJV006015SJU;198;101;0.00145574
802;SJV006015SJU;199;101;0.00519645
802;SJV006015SJU;200;101;0.00222151
802;SJV006015SJU;201;101;0.01567747
802;SJV006015SJU;202;101;0.00244187
802;SJV006015SJU;203;101;0.00153574
802;SJV006015SJU;204;101;0.00000871
802;SJV006015SJU;205;101;0.00024472
802;SJV006015SJU;209;101;0.00007556
802;SJV006015SJU;210;101;0.00026189
802;SJV006015SJU;211;101;0.00069706
802;SJV006015SJU;212;101;0.00025249
802;SJV006015SJU;181;102;0.00000153
802;SJV006015SJU;182;102;0.00000169
802;SJV006015SJU;187;102;0.00009949
802;SJV006015SJU;188;102;0.00007552
802;SJV006015SJU;189;102;0.00019068
802;SJV006015SJU;191;102;0.00065546
802;SJV006015SJU;192;102;0.00586323
802;SJV006015SJU;194;102;0.00025617
802;SJV006015SJU;197;102;0.00146650
802;SJV006015SJU;198;102;0.00214218
802;SJV006015SJU;199;102;0.00061298
802;SJV006015SJU;200;102;0.00656567
802;SJV006015SJU;201;102;0.00462161
802;SJV006015SJU;202;102;0.00009913
802;SJV006015SJU;203;102;0.00132728
802;SJV006015SJU;205;102;0.00008693
802;SJV006015SJU;206;102;0.00012827
802;SJV006015SJU;210;102;0.00001222
802;SJV006015SJU;211;102;0.00012026
802;SJV006015SJU;212;102;0.00064068
802;SJV006015SJU;213;102;0.00060464
802;SJV006015SJU;182;103;0.00000370
802;SJV006015SJU;183;103;0.00000548
802;SJV006015SJU;184;103;0.00000229
802;SJV006015SJU;186;103;0.00010277
802;SJV006015SJU;187;103;0.00007359
802;SJV006015SJU;189;103;0.00019070
802;SJV006015SJU;191;103;0.00629200
802;SJV006015SJU;194;103;0.00023567
802;SJV006015SJU;196;103;0.00001053
802;SJV006015SJU;197;103;0.00308740
802;SJV006015SJU;198;103;0.00023609
802;SJV006015SJU;199;103;0.00136729
802;SJV006015SJU;200;103;0.01204561
802;SJV006015SJU;201;103;0.00000103
802;SJV006015SJU;203;103;0.00115529
802;SJV006015SJU;206;103;0.00016198
802;SJV006015SJU;212;103;0.00012205
802;SJV006015SJU;213;103;0.00031804
802;SJV006015SJU;214;103;0.00029717
802;SJV006015SJU;178;104;0.00000127
802;SJV006015SJU;179;104;0.00000234
802;SJV006015SJU;182;104;0.00021060
802;SJV006015SJU;183;104;0.00091179
802;SJV006015SJU;184;104;0.00094577
802;SJV006015SJU;185;104;0.00103057
802;SJV006015SJU;186;104;0.00100504
802;SJV006015SJU;187;104;0.00093380
802;SJV006015SJU;188;104;0.00141773
802;SJV006015SJU;189;104;0.00211083
802;SJV006015SJU;190;104;0.00623493
802;SJV006015SJU;191;104;0.00152031
802;SJV006015SJU;192;104;0.00106858
802;SJV006015SJU;193;104;0.00076411
802;SJV006015SJU;194;104;0.00084849
802;SJV006015SJU;195;104;0.00105242
802;SJV006015SJU;196;104;0.00125709
802;SJV006015SJU;197;104;0.00255426
802;SJV006015SJU;198;104;0.00142478
802;SJV006015SJU;199;104;0.00141761
802;SJV006015SJU;200;104;0.01122589
802;SJV006015SJU;201;104;0.00008651
802;SJV006015SJU;202;104;0.00001702
802;SJV006015SJU;203;104;0.00113658
802;SJV006015SJU;204;104;0.00004036
802;SJV006015SJU;205;104;0.00005592
802;SJV006015SJU;206;104;0.00021537
802;SJV006015SJU;207;104;0.00009722
802;SJV006015SJU;208;104;0.00009440
802;SJV006015SJU;212;104;0.00005241
802;SJV006015SJU;213;104;0.00009910
802;SJV006015SJU;181;105;0.00087042
802;SJV006015SJU;182;105;0.00073195
802;SJV006015SJU;185;105;0.00013208
802;SJV006015SJU;189;105;0.00128173
802;SJV006015SJU;190;105;0.00287075
802;SJV006015SJU;192;105;0.00024611
802;SJV006015SJU;195;105;0.00013701
802;SJV006015SJU;197;105;0.00084282
802;SJV006015SJU;198;105;0.00002586
802;SJV006015SJU;199;105;0.00002586
802;SJV006015SJU;200;105;0.01041425
802;SJV006015SJU;202;105;0.00003675
802;SJV006015SJU;203;105;0.00088207
802;SJV006015SJU;204;105;0.00001209
802;SJV006015SJU;206;105;0.00010641
802;SJV006015SJU;207;105;0.00000886
802;SJV006015SJU;208;105;0.00002546
802;SJV006015SJU;209;105;0.00011364
802;SJV006015SJU;210;105;0.00005292
802;SJV006015SJU;213;105;0.00003597
802;SJV006015SJU;214;105;0.00006691
802;SJV006015SJU;179;106;0.00057070
802;SJV006015SJU;180;106;0.00091280
802;SJV006015SJU;181;106;0.00007152
802;SJV006015SJU;182;106;0.00000286
802;SJV006015SJU;184;106;0.00010648
802;SJV006015SJU;185;106;0.00002440
802;SJV006015SJU;189;106;0.00415304
802;SJV006015SJU;192;106;0.00024673
802;SJV006015SJU;195;106;0.00014186
802;SJV006015SJU;197;106;0.00075746
802;SJV006015SJU;198;106;0.00036599
802;SJV006015SJU;199;106;0.00043758
802;SJV006015SJU;200;106;0.01086369
802;SJV006015SJU;201;106;0.00094561
802;SJV006015SJU;202;106;0.00008069
802;SJV006015SJU;203;106;0.00065055
802;SJV006015SJU;207;106;0.00011591
802;SJV006015SJU;208;106;0.00004683
802;SJV006015SJU;210;106;0.00005697
802;SJV006015SJU;211;106;0.00002172
802;SJV006015SJU;214;106;0.00000758
802;SJV006015SJU;178;107;0.00021361
802;SJV006015SJU;179;107;0.00036637
802;SJV006015SJU;182;107;0.00000732
802;SJV006015SJU;183;107;0.00003116
802;SJV006015SJU;184;107;0.00033859
802;SJV006015SJU;185;107;0.00019975
802;SJV006015SJU;186;107;0.00022416
802;SJV006015SJU;187;107;0.00025305
802;SJV006015SJU;188;107;0.00302777
802;SJV006015SJU;189;107;0.00128277
802;SJV006015SJU;192;107;0.00024678
802;SJV006015SJU;195;107;0.00011793
802;SJV006015SJU;197;107;0.00056983
802;SJV006015SJU;198;107;0.00058189
802;SJV006015SJU;199;107;0.01005513
802;SJV006015SJU;200;107;0.00094396
802;SJV006015SJU;201;107;0.00088266
802;SJV006015SJU;203;107;0.00065431
802;SJV006015SJU;208;107;0.00014061
802;SJV006015SJU;209;107;0.00005979
802;SJV006015SJU;210;107;0.00005442
802;SJV006015SJU;211;107;0.00016322
802;SJV006015SJU;212;107;0.00006005
802;SJV006015SJU;178;108;0.00000001
802;SJV006015SJU;180;108;0.00009399
802;SJV006015SJU;183;108;0.00025497
802;SJV006015SJU;185;108;0.00004545
802;SJV006015SJU;187;108;0.00029450
802;SJV006015SJU;188;108;0.00369171
802;SJV006015SJU;192;108;0.00030364
802;SJV006015SJU;193;108;0.00029563
802;SJV006015SJU;194;108;0.00029563
802;SJV006015SJU;195;108;0.00040044
802;SJV006015SJU;196;108;0.00039905
802;SJV006015SJU;197;108;0.00114045
802;SJV006015SJU;198;108;0.00142202
802;SJV006015SJU;199;108;0.01269469
802;SJV006015SJU;200;108;0.00193553
802;SJV006015SJU;201;108;0.00094455
802;SJV006015SJU;202;108;0.00122084
802;SJV006015SJU;203;108;0.00097224
802;SJV006015SJU;204;108;0.00007592
802;SJV006015SJU;205;108;0.00007910
802;SJV006015SJU;206;108;0.00008103
802;SJV006015SJU;207;108;0.00007889
802;SJV006015SJU;208;108;0.00002436
802;SJV006015SJU;211;108;0.00003426
802;SJV006015SJU;212;108;0.00004869
802;SJV006015SJU;213;108;0.00010999
802;SJV006015SJU;214;108;0.00002258
802;SJV006015SJU;180;109;0.00001704
802;SJV006015SJU;187;109;0.00069930
802;SJV006015SJU;192;109;0.00000047
802;SJV006015SJU;197;109;0.00015005
802;SJV006015SJU;198;109;0.00014433
802;SJV006015SJU;199;109;0.00372197
802;SJV006015SJU;200;109;0.00053202
802;SJV006015SJU;201;109;0.00038904
802;SJV006015SJU;202;109;0.00044691
802;SJV006015SJU;203;109;0.00039278
802;SJV006015SJU;209;109;0.00009919
802;0SC0060190SC;222;52;0.00006323
802;0SC0060190SC;219;53;0.00009231
802;0SC0060190SC;220;53;0.00016013
802;0SC0060190SC;221;53;0.00051892
802;0SC0060190SC;222;53;0.00101409
802;0SC0060190SC;223;53;0.00002634
802;0SC0060190SC;219;54;0.00025974
802;0SC0060190SC;220;54;0.00068422
802;0SC0060190SC;221;54;0.00077496
802;0SC0060190SC;222;54;0.00243685
802;0SC0060190SC;223;54;0.00095049
802;0SC0060190SC;224;54;0.00172553
802;0SC0060190SC;225;54;0.00166618
802;0SC0060190SC;226;54;0.00214545
802;0SC0060190SC;219;55;0.00016458
802;0SC0060190SC;220;55;0.00171133
802;0SC0060190SC;221;55;0.00243966
802;0SC0060190SC;222;55;0.00414170
802;0SC0060190SC;223;55;0.00170820
802;0SC0060190SC;224;55;0.00494607
802;0SC0060190SC;225;55;0.00667133
802;0SC0060190SC;226;55;0.00478907
802;0SC0060190SC;227;55;0.00052867
802;0SC0060190SC;219;56;0.00025119
802;0SC0060190SC;220;56;0.00268606
802;0SC0060190SC;221;56;0.00264120
802;0SC0060190SC;222;56;0.00730724
802;0SC0060190SC;223;56;0.00580091
802;0SC0060190SC;224;56;0.00656660
802;0SC0060190SC;225;56;0.00143955
802;0SC0060190SC;226;56;0.00383235
802;0SC0060190SC;227;56;0.00172443
802;0SC0060190SC;219;57;0.00084813
802;0SC0060190SC;220;57;0.00573683
802;0SC0060190SC;221;57;0.00708845
802;0SC0060190SC;222;57;0.00820253
802;0SC0060190SC;223;57;0.00393649
802;0SC0060190SC;224;57;0.00768979
802;0SC0060190SC;225;57;0.00532929
802;0SC0060190SC;226;57;0.00780953
802;0SC0060190SC;227;57;0.00417555
802;0SC0060190SC;228;57;0.00367388
802;0SC0060190SC;218;58;0.00003695
802;0SC0060190SC;219;58;0.00136457
802;0SC0060190SC;220;58;0.00808335
802;0SC0060190SC;221;58;0.00609498
802;0SC0060190SC;222;58;0.00846120
802;0SC0060190SC;223;58;0.00229109
802;0SC0060190SC;224;58;0.00973993
802;0SC0060190SC;225;58;0.00627632
802;0SC0060190SC;226;58;0.00952033
802;0SC0060190SC;227;58;0.00978352
802;0SC0060190SC;228;58;0.00320847
802;0SC0060190SC;229;58;0.00052133
802;0SC0060190SC;218;59;0.00034800
802;0SC0060190SC;219;59;0.00387747
802;0SC0060190SC;220;59;0.01026370
802;0SC0060190SC;221;59;0.00244051
802;0SC0060190SC;222;59;0.00779554
802;0SC0060190SC;223;59;0.00679415
802;0SC0060190SC;224;59;0.00524190
802;0SC0060190SC;225;59;0.00287782
802;0SC0060190SC;226;59;0.01338373
802;0SC0060190SC;227;59;0.00215301
802;0SC0060190SC;228;59;0.00289624
802;0SC0060190SC;229;59;0.00074637
802;0SC0060190SC;230;59;0.00030701
802;0SC0060190SC;231;59;0.00125290
802;0SC0060190SC;217;60;0.00021672
802;0SC0060190SC;218;60;0.00225368
802;0SC0060190SC;219;60;0.00842917
802;0SC0060190SC;220;60;0.00630152
802;0SC0060190SC;221;60;0.00291191
802;0SC0060190SC;222;60;0.00802299
802;0SC0060190SC;223;60;0.00365978
802;0SC0060190SC;224;60;0.00617900
802;0SC0060190SC;225;60;0.00832037
802;0SC0060190SC;226;60;0.00600169
802;0SC0060190SC;227;60;0.00442472
802;0SC0060190SC;228;60;0.00112024
802;0SC0060190SC;229;60;0.00174249
802;0SC0060190SC;230;60;0.00175640
802;0SC0060190SC;231;60;0.00184447
802;0SC0060190SC;232;60;0.00428471
802;0SC0060190SC;207;61;0.00008553
802;0SC0060190SC;208;61;0.00013302
802;0SC0060190SC;209;61;0.00015006
802;0SC0060190SC;210;61;0.00024385
802;0SC0060190SC;211;61;0.00027723
802;0SC0060190SC;212;61;0.00036203
802;0SC0060190SC;213;61;0.00038395
802;0SC0060190SC;214;61;0.00035266
802;0SC0060190SC;215;61;0.00052108
802;0SC0060190SC;216;61;0.00101619
802;0SC0060190SC;217;61;0.00304251
802;0SC0060190SC;218;61;0.00814135
802;0SC0060190SC;219;61;0.01055523
802;0SC0060190SC;220;61;0.00888565
802;0SC0060190SC;221;61;0.00950780
802;0SC0060190SC;222;61;0.01417113
802;0SC0060190SC;223;61;0.01136089
802;0SC0060190SC;224;61;0.01431915
802;0SC0060190SC;225;61;0.00804850
802;0SC0060190SC;226;61;0.00296971
802;0SC0060190SC;227;61;0.00643618
802;0SC0060190SC;228;61;0.00374788
802;0SC0060190SC;229;61;0.00505852
802;0SC0060190SC;230;61;0.00517735
802;0SC0060190SC;231;61;0.00426016
802;0SC0060190SC;232;61;0.00774237
802;0SC0060190SC;233;61;0.00214963
802;0SC0060190SC;234;61;0.00202829
802;0SC0060190SC;208;62;0.00006949
802;0SC0060190SC;209;62;0.00001137
802;0SC0060190SC;210;62;0.00009359
802;0SC0060190SC;211;62;0.00004529
802;0SC0060190SC;212;62;0.00022896
802;0SC0060190SC;213;62;0.00004158
802;0SC0060190SC;214;62;0.00006129
802;0SC0060190SC;215;62;0.00034729
802;0SC0060190SC;216;62;0.00033000
802;0SC0060190SC;217;62;0.00135333
802;0SC0060190SC;218;62;0.01043040
802;0SC0060190SC;219;62;0.00352175
802;0SC0060190SC;220;62;0.00532312
802;0SC0060190SC;221;62;0.00490074
802;0SC0060190SC;222;62;0.01345636
802;0SC0060190SC;223;62;0.01535159
802;0SC0060190SC;224;62;0.00864853
802;0SC0060190SC;225;62;0.00584952
802;0SC0060190SC;226;62;0.00429882
802;0SC0060190SC;227;62;0.00706391
802;0SC0060190SC;228;62;0.01001141
802;0SC0060190SC;229;62;0.00246908
802;0SC0060190SC;230;62;0.00194775
802;0SC0060190SC;231;62;0.00106344
802;0SC0060190SC;232;62;0.00164585
802;0SC0060190SC;233;62;0.00610793
802;0SC0060190SC;234;62;0.00335223
802;0SC0060190SC;235;62;0.00000044
802;0SC0060190SC;208;63;0.00002060
802;0SC0060190SC;209;63;0.00011378
802;0SC0060190SC;210;63;0.00021520
802;0SC0060190SC;211;63;0.00026688
802;0SC0060190SC;212;63;0.00024911
802;0SC0060190SC;213;63;0.00005380
802;0SC0060190SC;214;63;0.00018368
802;0SC0060190SC;215;63;0.00011106
802;0SC0060190SC;217;63;0.00583107
802;0SC0060190SC;218;63;0.00055558
802;0SC0060190SC;219;63;0.00111670
802;0SC0060190SC;220;63;0.00434811
802;0SC0060190SC;221;63;0.01047360
802;0SC0060190SC;222;63;0.00862161
802;0SC0060190SC;223;63;0.00860095
802;0SC0060190SC;224;63;0.00279595
802;0SC0060190SC;225;63;0.00554261
802;0SC0060190SC;226;63;0.00692752
802;0SC0060190SC;227;63;0.00467078
802;0SC0060190SC;228;63;0.00353357
802;0SC0060190SC;229;63;0.00562477
802;0SC0060190SC;230;63;0.00632513
802;0SC0060190SC;231;63;0.00574701
802;0SC0060190SC;232;63;0.00614673
802;0SC0060190SC;233;63;0.00625206
802;0SC0060190SC;234;63;0.00609094
802;0SC0060190SC;235;63;0.00147731
802;0SC0060190SC;209;64;0.00005602
802;0SC0060190SC;210;64;0.00286803
802;0SC0060190SC;211;64;0.00388032
802;0SC0060190SC;212;64;0.00380618
802;0SC0060190SC;213;64;0.00355136
802;0SC0060190SC;214;64;0.00047797
802;0SC0060190SC;215;64;0.00013117
802;0SC0060190SC;216;64;0.00005307
802;0SC0060190SC;217;64;0.00729372
802;0SC0060190SC;218;64;0.00109310
802;0SC0060190SC;219;64;0.00128619
802;0SC0060190SC;220;64;0.00885691
802;0SC0060190SC;221;64;0.00075246
802;0SC0060190SC;222;64;0.00593390
802;0SC0060190SC;223;64;0.00613952
802;0SC0060190SC;224;64;0.00482117
802;0SC0060190SC;225;64;0.00401818
802;0SC0060190SC;226;64;0.00253294
802;0SC0060190SC;227;64;0.00208429
802;0SC0060190SC;228;64;0.00453532
802;0SC0060190SC;229;64;0.00624009
802;0SC0060190SC;230;64;0.00577338
802;0SC0060190SC;231;64;0.00515878
802;0SC0060190SC;232;64;0.00500585
802;0SC0060190SC;233;64;0.00303555
802;0SC0060190SC;234;64;0.00300434
802;0SC0060190SC;235;64;0.00176222
802;0SC0060190SC;210;65;0.00006226
802;0SC0060190SC;211;65;0.00011298
802;0SC0060190SC;212;65;0.00000958
802;0SC0060190SC;213;65;0.00049015
802;0SC0060190SC;214;65;0.00580867
802;0SC0060190SC;215;65;0.00649550
802;0SC0060190SC;216;65;0.00731748
802;0SC0060190SC;217;65;0.01265109
802;0SC0060190SC;218;65;0.00764157
802;0SC0060190SC;219;65;0.01027416
802;0SC0060190SC;220;65;0.00634808
802;0SC0060190SC;221;65;0.00840583
802;0SC0060190SC;222;65;0.00589622
802;0SC0060190SC;223;65;0.00435410
802;0SC0060190SC;224;65;0.00260515
802;0SC0060190SC;225;65;0.00654525
802;0SC0060190SC;226;65;0.00534803
802;0SC0060190SC;227;65;0.00416882
802;0SC0060190SC;228;65;0.00104471
802;0SC0060190SC;229;65;0.00010292
802;0SC0060190SC;230;65;0.00018869
802;0SC0060190SC;231;65;0.00013856
802;0SC0060190SC;232;65;0.00010674
802;0SC0060190SC;233;65;0.00000980
802;0SC0060190SC;234;65;0.00001626
802;0SC0060190SC;235;65;0.00002300
802;0SC0060190SC;213;66;0.00033022
802;0SC0060190SC;214;66;0.00165681
802;0SC0060190SC;215;66;0.00208454
802;0SC0060190SC;216;66;0.00225459
802;0SC0060190SC;217;66;0.00657996
802;0SC0060190SC;218;66;0.00257152
802;0SC0060190SC;219;66;0.00502232
802;0SC0060190SC;220;66;0.00535731
802;0SC0060190SC;221;66;0.00173737
802;0SC0060190SC;222;66;0.00011591
802;0SC0060190SC;223;66;0.00322786
802;0SC0060190SC;224;66;0.00220931
802;0SC0060190SC;225;66;0.00029113
802;0SC0060190SC;226;66;0.00009546
802;0SC0060190SC;231;66;0.00002616
802;0SC0060190SC;213;67;0.00008370
802;0SC0060190SC;214;67;0.00090796
802;0SC0060190SC;215;67;0.00195724
802;0SC0060190SC;216;67;0.00233517
802;0SC0060190SC;217;67;0.00619739
802;0SC0060190SC;218;67;0.00517316
802;0SC0060190SC;219;67;0.00581023
802;0SC0060190SC;220;67;0.00144392
802;0SC0060190SC;221;67;0.00154576
802;0SC0060190SC;222;67;0.00188754
802;0SC0060190SC;223;67;0.00025534
802;0SC0060190SC;224;67;0.00052528
802;0SC0060190SC;225;67;0.00000209
802;0SC0060190SC;226;67;0.00000359
802;0SC0060190SC;231;67;0.00002434
802;0SC0060190SC;232;67;0.00000192
802;0SC0060190SC;214;68;0.00219390
802;0SC0060190SC;215;68;0.00318361
802;0SC0060190SC;216;68;0.00357828
802;0SC0060190SC;217;68;0.00755065
802;0SC0060190SC;218;68;0.00584820
802;0SC0060190SC;219;68;0.00257136
802;0SC0060190SC;220;68;0.00145573
802;0SC0060190SC;221;68;0.00059971
802;0SC0060190SC;222;68;0.00003918
802;0SC0060190SC;223;68;0.00000248
802;0SC0060190SC;224;68;0.00092253
802;0SC0060190SC;225;68;0.00004099
802;0SC0060190SC;226;68;0.00000621
802;0SC0060190SC;227;68;0.00000240
802;0SC0060190SC;228;68;0.00000119
802;0SC0060190SC;231;68;0.00000641
802;0SC0060190SC;216;69;0.00074008
802;0SC0060190SC;217;69;0.00761138
802;0SC0060190SC;218;69;0.00153692
802;0SC0060190SC;219;69;0.00029624
802;0SC0060190SC;220;69;0.00004073
802;0SC0060190SC;222;69;0.00000258
802;0SC0060190SC;223;69;0.00000051
802;0SC0060190SC;224;69;0.00020975
802;0SC0060190SC;225;69;0.00047229
802;0SC0060190SC;226;69;0.00000061
802;0SC0060190SC;227;69;0.00000033
802;0SC0060190SC;228;69;0.00000242
802;0SC0060190SC;215;70;0.00149728
802;0SC0060190SC;216;70;0.00396943
802;0SC0060190SC;217;70;0.00248583
802;0SC0060190SC;219;70;0.00000010
802;0SC0060190SC;220;70;0.00000012
802;0SC0060190SC;225;70;0.00047814
802;0SC0060190SC;226;70;0.00000029
802;0SC0060190SC;228;70;0.00000156
802;0SC0060190SC;229;70;0.00000227
802;0SC0060190SC;230;70;0.00000204
802;0SC0060190SC;231;70;0.00000076
802;0SC0060190SC;232;70;0.00000169
802;0SC0060190SC;212;71;0.00011504
802;0SC0060190SC;213;71;0.00017320
802;0SC0060190SC;214;71;0.00055886
802;0SC0060190SC;215;71;0.00342412
802;0SC0060190SC;216;71;0.00109934
802;0SC0060190SC;217;71;0.00348733
802;0SC0060190SC;218;71;0.00074904
802;0SC0060190SC;219;71;0.00001906
802;0SC0060190SC;226;71;0.00023400
802;0SC0060190SC;231;71;0.00000128
802;0SC0060190SC;232;71;0.00000146
802;0SC0060190SC;233;71;0.00000194
802;0SC0060190SC;212;72;0.00000082
802;0SC0060190SC;213;72;0.00057774
802;0SC0060190SC;214;72;0.00122709
802;0SC0060190SC;215;72;0.00240583
802;0SC0060190SC;216;72;0.00176397
802;0SC0060190SC;217;72;0.00120234
802;0SC0060190SC;218;72;0.00226965
802;0SC0060190SC;219;72;0.00162515
802;0SC0060190SC;220;72;0.00023995
802;0SC0060190SC;221;72;0.00000387
802;0SC0060190SC;222;72;0.00000849
802;0SC0060190SC;223;72;0.00000243
802;0SC0060190SC;213;73;0.00011758
802;0SC0060190SC;214;73;0.00118030
802;0SC0060190SC;215;73;0.00020211
802;0SC0060190SC;216;73;0.00040540
802;0SC0060190SC;217;73;0.00047939
802;0SC0060190SC;218;73;0.00010793
802;0SC0060190SC;219;73;0.00009497
802;0SC0060190SC;220;73;0.00169731
802;0SC0060190SC;221;73;0.00081918
802;0SC0060190SC;223;73;0.00003114
802;0SC0060190SC;224;73;0.00000108
802;0SC0060190SC;213;74;0.00023365
802;0SC0060190SC;214;74;0.00069284
802;0SC0060190SC;215;74;0.00000298
802;0SC0060190SC;216;74;0.00004513
802;0SC0060190SC;217;74;0.00005499
802;0SC0060190SC;218;74;0.00007949
802;0SC0060190SC;219;74;0.00004266
802;0SC0060190SC;220;74;0.00009702
802;0SC0060190SC;221;74;0.00104725
802;0SC0060190SC;222;74;0.00153694
802;0SC0060190SC;223;74;0.00160853
802;0SC0060190SC;224;74;0.00021698
802;0SC0060190SC;213;75;0.00083552
802;0SC0060190SC;215;75;0.00001107
802;0SC0060190SC;216;75;0.00007537
802;0SC0060190SC;217;75;0.00000057
802;0SC0060190SC;218;75;0.00015930
802;0SC0060190SC;220;75;0.00000135
802;0SC0060190SC;221;75;0.00003632
802;0SC0060190SC;222;75;0.00003372
802;0SC0060190SC;212;76;0.00083473
802;0SC0060190SC;213;76;0.00002089
802;0SC0060190SC;216;76;0.00000271
802;0SC0060190SC;217;76;0.00008364
802;0SC0060190SC;218;76;0.00002381
802;0SC0060190SC;219;76;0.00016254
802;0SC0060190SC;220;76;0.00011849
802;0SC0060190SC;221;76;0.00004091
802;0SC0060190SC;211;77;0.00017361
802;0SC0060190SC;212;77;0.00053509
802;0SC0060190SC;217;77;0.00000929
802;0SC0060190SC;218;77;0.00008233
802;0SC0060190SC;219;77;0.00001921
802;0SC0060190SC;220;77;0.00000815
802;0SC0060190SC;210;78;0.00004218
802;0SC0060190SC;211;78;0.00084558
802;0SC0060190SC;212;78;0.00000144
802;0SC0060190SC;219;78;0.00005521
802;0SC0060190SC;210;79;0.00079067
802;0SC0060190SC;211;79;0.00000621
802;0SC0060190SC;212;79;0.00000252
802;0SC0060190SC;210;80;0.00062965
802;0SC0060190SC;211;80;0.00000110
802;0SC0060190SC;212;80;0.00000491
802;0SC0060190SC;213;80;0.00000108
802;0SC0060190SC;209;81;0.00021240
802;0SC0060190SC;210;81;0.00074505
802;0SC0060190SC;211;81;0.00023799
802;0SC0060190SC;212;81;0.00002987
802;0SC0060190SC;208;82;0.00055003
802;0SC0060190SC;209;82;0.00054006
802;0SC0060190SC;210;82;0.00000361
802;0SC0060190SC;211;82;0.00001774
802;0MD006015KER;214;83;0.00000278
802;0MD006015KER;215;83;0.00000152
802;0MD006015KER;216;83;0.00000371
802;0MD006015KER;217;83;0.00000502
802;0MD006015KER;218;83;0.00032178
802;0MD006015KER;219;83;0.00000130
802;0MD006015KER;220;83;0.00003757
802;0MD006015KER;221;83;0.00218270
802;0MD006015KER;222;83;0.00067429
802;0MD006015KER;223;83;0.00076140
802;0MD006015KER;224;83;0.01609281
802;0MD006015KER;229;83;0.00000248
802;0MD006015KER;218;84;0.00027853
802;0MD006015KER;219;84;0.00006273
802;0MD006015KER;220;84;0.00001608
802;0MD006015KER;221;84;0.00306474
802;0MD006015KER;222;84;0.00254970
802;0MD006015KER;223;84;0.00646423
802;0MD006015KER;224;84;0.03463427
802;0MD006015KER;225;84;0.00675958
802;0MD006015KER;226;84;0.00675843
802;0MD006015KER;227;84;0.00682539
802;0MD006015KER;228;84;0.00193525
802;0MD006015KER;221;85;0.00238593
802;0MD006015KER;222;85;0.00006963
802;0MD006015KER;223;85;0.00043581
802;0MD006015KER;224;85;0.01568378
802;0MD006015KER;228;85;0.00621499
802;0MD006015KER;229;85;0.00515165
802;0MD006015KER;221;86;0.00381787
802;0MD006015KER;222;86;0.00242600
802;0MD006015KER;223;86;0.00217335
802;0MD006015KER;224;86;0.01539220
802;0MD006015KER;229;86;0.00298091
802;0MD006015KER;230;86;0.00492341
802;0MD006015KER;220;87;0.00238947
802;0MD006015KER;221;87;0.00295810
802;0MD006015KER;223;87;0.00071066
802;0MD006015KER;224;87;0.01439733
802;0MD006015KER;230;87;0.00613925
802;0MD006015KER;219;88;0.00032677
802;0MD006015KER;220;88;0.00477910
802;0MD006015KER;223;88;0.00023289
802;0MD006015KER;224;88;0.01417829
802;0MD006015KER;227;88;0.00784657
802;0MD006015KER;228;88;0.00933530
802;0MD006015KER;229;88;0.01182371
802;0MD006015KER;230;88;0.01923809
802;0MD006015KER;231;88;0.01261951
802;0MD006015KER;232;88;0.01230929
802;0MD006015KER;233;88;0.01227720
802;0MD006015KER;234;88;0.01217532
802;0MD006015KER;235;88;0.01022164
802;0MD006015KER;236;88;0.00000164
802;0MD006015KER;219;89;0.00762864
802;0MD006015KER;220;89;0.00122724
802;0MD006015KER;221;89;0.00119287
802;0MD006015KER;222;89;0.00144609
802;0MD006015KER;223;89;0.00833190
802;0MD006015KER;224;89;0.01159441
802;0MD006015KER;225;89;0.01241784
802;0MD006015KER;226;89;0.00943848
802;0MD006015KER;227;89;0.00152241
802;0MD006015KER;229;89;0.00575362
802;0MD006015KER;231;89;0.00019214
802;0MD006015KER;233;89;0.00043784
802;0MD006015KER;234;89;0.00038606
802;0MD006015KER;235;89;0.00165380
802;0MD006015KER;236;89;0.00045008
802;0MD006015KER;212;90;0.00074873
802;0MD006015KER;213;90;0.00192409
802;0MD006015KER;214;90;0.00381725
802;0MD006015KER;215;90;0.00432781
802;0MD006015KER;216;90;0.00051466
802;0MD006015KER;217;90;0.00004776
802;0MD006015KER;218;90;0.00500308
802;0MD006015KER;219;90;0.00031865
802;0MD006015KER;220;90;0.00255917
802;0MD006015KER;221;90;0.00535906
802;0MD006015KER;223;90;0.00791888
802;0MD006015KER;224;90;0.00875213
802;0MD006015KER;225;90;0.00738664
802;0MD006015KER;229;90;0.00574299
802;0MD006015KER;231;90;0.00001441
802;0MD006015KER;232;90;0.00004065
802;0MD006015KER;212;91;0.00005123
802;0MD006015KER;214;91;0.00482970
802;0MD006015KER;215;91;0.00888673
802;0MD006015KER;216;91;0.01276558
802;0MD006015KER;217;91;0.02964644
802;0MD006015KER;218;91;0.02761026
802;0MD006015KER;219;91;0.01605196
802;0MD006015KER;220;91;0.01515718
802;0MD006015KER;221;91;0.01041074
802;0MD006015KER;222;91;0.01684636
802;0MD006015KER;223;91;0.01750940
802;0MD006015KER;224;91;0.01390037
802;0MD006015KER;225;91;0.00670112
802;0MD006015KER;226;91;0.00592393
802;0MD006015KER;227;91;0.00602501
802;0MD006015KER;228;91;0.00780126
802;0MD006015KER;229;91;0.00694052
802;0MD006015KER;213;92;0.00436373
802;0MD006015KER;214;92;0.00788770
802;0MD006015KER;216;92;0.00389773
802;0MD006015KER;217;92;0.01981514
802;0MD006015KER;218;92;0.00002358
802;0MD006015KER;225;92;0.00342003
802;0MD006015KER;228;92;0.00187805
802;0MD006015KER;229;92;0.00186055
802;0MD006015KER;230;92;0.00046775
802;0MD006015KER;215;93;0.01335090
802;0MD006015KER;216;93;0.02060471
802;0MD006015KER;225;93;0.00155267
802;0MD006015KER;226;93;0.00185555
802;0MD006015KER;228;93;0.00143599
802;0MD006015KER;230;93;0.00140432
802;0MD006015KER;231;93;0.00004878
802;0MD006015KER;214;94;0.01242330
802;0MD006015KER;215;94;0.01116601
802;0MD006015KER;226;94;0.00305631
802;0MD006015KER;227;94;0.00086804
802;0MD006015KER;228;94;0.00056816
802;0MD006015KER;230;94;0.00004984
802;0MD006015KER;231;94;0.00126567
802;0MD006015KER;232;94;0.00030559
802;0MD006015KER;226;95;0.00280435
802;0MD006015KER;227;95;0.00164905
802;0MD006015KER;232;95;0.00094368
802;0MD006015KER;233;95;0.00064078
802;0MD006015KER;214;96;0.00094742
802;0MD006015KER;215;96;0.00033564
802;0MD006015KER;216;96;0.00033779
802;0MD006015KER;217;96;0.00037653
802;0MD006015KER;218;96;0.00026205
802;0MD006015KER;225;96;0.00001257
802;0MD006015KER;226;96;0.00000862
802;0MD006015KER;227;96;0.00526342
802;0MD006015KER;233;96;0.00060876
802;0MD006015KER;234;96;0.00098984
802;0MD006015KER;214;97;0.00082009
802;0MD006015KER;215;97;0.00019765
802;0MD006015KER;218;97;0.00015557
802;0MD006015KER;219;97;0.00008028
802;0MD006015KER;225;97;0.00003081
802;0MD006015KER;226;97;0.00001319
802;0MD006015KER;227;97;0.00053388
802;0MD006015KER;228;97;0.00443124
802;0MD006015KER;229;97;0.00057306
802;0MD006015KER;234;97;0.00024987
802;0MD006015KER;235;97;0.00116016
802;0MD006015KER;215;98;0.00098246
802;0MD006015KER;217;98;0.00009662
802;0MD006015KER;218;98;0.00018137
802;0MD006015KER;219;98;0.00004415
802;0MD006015KER;220;98;0.00000278
802;0MD006015KER;221;98;0.00000715
802;0MD006015KER;222;98;0.00001081
802;0MD006015KER;223;98;0.00002330
802;0MD006015KER;224;98;0.00002603
802;0MD006015KER;225;98;0.00001040
802;0MD006015KER;227;98;0.00156592
802;0MD006015KER;228;98;0.00091025
802;0MD006015KER;229;98;0.00162968
802;0MD006015KER;230;98;0.00202590
802;0MD006015KER;231;98;0.00012699
802;0MD006015KER;234;98;0.00004116
802;0MD006015KER;235;98;0.00219551
802;0MD006015KER;215;99;0.00049632
802;0MD006015KER;216;99;0.00013934
802;0MD006015KER;217;99;0.00004736
802;0MD006015KER;218;99;0.00001811
802;0MD006015KER;220;99;0.00000521
802;0MD006015KER;227;99;0.00227079
802;0MD006015KER;231;99;0.00178347
802;0MD006015KER;232;99;0.00187635
802;0MD006015KER;233;99;0.00021873
802;0MD006015KER;234;99;0.00090566
802;0MD006015KER;235;99;0.00376744
802;0MD006015KER;215;100;0.00039638
802;0MD006015KER;218;100;0.00000943
802;0MD006015KER;219;100;0.00002144
802;0MD006015KER;220;100;0.00001651
802;0MD006015KER;221;100;0.00002055
802;0MD006015KER;222;100;0.00000292
802;0MD006015KER;227;100;0.00080807
802;0MD006015KER;228;100;0.00149433
802;0MD006015KER;232;100;0.00054860
802;0MD006015KER;233;100;0.00165954
802;0MD006015KER;234;100;0.00568208
802;0MD006015KER;235;100;0.00097024
802;0MD006015KER;215;101;0.00035163
802;0MD006015KER;222;101;0.00002949
802;0MD006015KER;228;101;0.00233825
802;0MD006015KER;235;101;0.00568948
802;0MD006015KER;215;102;0.00009509
802;0MD006015KER;216;102;0.00027180
802;0MD006015KER;222;102;0.00084515
802;0MD006015KER;228;102;0.00233876
802;0MD006015KER;234;102;0.00562325
802;0MD006015KER;235;102;0.00047707
802;0MD006015KER;214;103;0.00293264
802;0MD006015KER;215;103;0.00173063
802;0MD006015KER;216;103;0.00045331
802;0MD006015KER;221;103;0.00068344
802;0MD006015KER;222;103;0.00203985
802;0MD006015KER;228;103;0.00096674
802;0MD006015KER;229;103;0.00137102
802;0MD006015KER;233;103;0.00389037
802;0MD006015KER;234;103;0.00492653
802;0MD006015KER;215;104;0.00220702
802;0MD006015KER;216;104;0.00662011
802;0MD006015KER;221;104;0.00123326
802;0MD006015KER;222;104;0.00053361
802;0MD006015KER;229;104;0.00319191
802;0MD006015KER;232;104;0.00067276
802;0MD006015KER;233;104;0.00530111
802;0MD006015KER;234;104;0.00358536
802;0MD006015KER;235;104;0.00022396
802;0MD006015KER;214;105;0.00000002
802;0MD006015KER;216;105;0.00703373
802;0MD006015KER;217;105;0.00322242
802;0MD006015KER;218;105;0.00408280
802;0MD006015KER;219;105;0.00124538
802;0MD006015KER;221;105;0.00194486
802;0MD006015KER;227;105;0.00071325
802;0MD006015KER;228;105;0.00182608
802;0MD006015KER;229;105;0.00324375
802;0MD006015KER;230;105;0.00001873
802;0MD006015KER;231;105;0.00004385
802;0MD006015KER;232;105;0.00254366
802;0MD006015KER;233;105;0.00218879
802;0MD006015KER;234;105;0.01885773
802;0MD006015KER;235;105;0.00364348
802;0MD006015KER;214;106;0.00046033
802;0MD006015KER;215;106;0.00000016
802;0MD006015KER;216;106;0.00401527
802;0MD006015KER;217;106;0.00239670
802;0MD006015KER;218;106;0.00068417
802;0MD006015KER;219;106;0.00155920
802;0MD006015KER;220;106;0.00309211
802;0MD006015KER;221;106;0.00223728
802;0MD006015KER;226;106;0.00181816
802;0MD006015KER;227;106;0.00102859
802;0MD006015KER;229;106;0.00033268
802;0MD006015KER;230;106;0.00311695
802;0MD006015KER;231;106;0.00980812
802;0MD006015KER;232;106;0.00663278
802;0MD006015KER;233;106;0.00721350
802;0MD006015KER;234;106;0.01296373
802;0MD006015KER;235;106;0.00166397
802;0MD006015KER;214;107;0.00041250
802;0MD006015KER;215;107;0.00085467
802;0MD006015KER;216;107;0.00148313
802;0MD006015KER;217;107;0.00339191
802;0MD006015KER;218;107;0.00028922
802;0MD006015KER;221;107;0.00004205
802;0MD006015KER;222;107;0.00159352
802;0MD006015KER;223;107;0.00131342
802;0MD006015KER;225;107;0.00106387
802;0MD006015KER;226;107;0.00068498
802;0MD006015KER;230;107;0.00496902
802;0MD006015KER;231;107;0.00004609
802;0MD006015KER;214;108;0.00094866
802;0MD006015KER;215;108;0.00042673
802;0MD006015KER;217;108;0.00122923
802;0MD006015KER;218;108;0.00068559
802;0MD006015KER;223;108;0.00097178
802;0MD006015KER;224;108;0.00186113
802;0MD006015KER;225;108;0.00179479
802;0MD006015KER;230;108;0.00311875
802;0MD006015KER;217;109;0.00010447
802;0MD006015KER;230;109;0.00216385
802;0MD006036MOJ;260;63;0.00222198
802;0MD006036MOJ;261;63;0.00033861
802;0MD006036MOJ;260;64;0.00024062
802;0MD006036MOJ;261;64;0.00321030
802;0MD006036MOJ;262;64;0.00080421
802;0MD006036MOJ;268;64;0.00003808
802;0MD006036MOJ;273;64;0.00001092
802;0MD006036MOJ;262;65;0.00240428
802;0MD006036MOJ;263;65;0.00314690
802;0MD006036MOJ;264;65;0.00340915
802;0MD006036MOJ;265;65;0.00040815
802;0MD006036MOJ;266;65;0.00068384
802;0MD006036MOJ;267;65;0.00008991
802;0MD006036MOJ;268;65;0.00003789
802;0MD006036MOJ;273;65;0.00001166
802;0MD006036MOJ;283;65;0.00000514
802;0MD006036MOJ;284;65;0.00000342
802;0MD006036MOJ;260;66;0.00000105
802;0MD006036MOJ;262;66;0.00000320
802;0MD006036MOJ;263;66;0.00000282
802;0MD006036MOJ;264;66;0.00376179
802;0MD006036MOJ;265;66;0.00195159
802;0MD006036MOJ;266;66;0.00231092
802;0MD006036MOJ;267;66;0.00136448
802;0MD006036MOJ;268;66;0.00137660
802;0MD006036MOJ;269;66;0.00112667
802;0MD006036MOJ;270;66;0.00106747
802;0MD006036MOJ;271;66;0.00107373
802;0MD006036MOJ;272;66;0.00062713
802;0MD006036MOJ;273;66;0.00070246
802;0MD006036MOJ;274;66;0.00026215
802;0MD006036MOJ;275;66;0.00001248
802;0MD006036MOJ;276;66;0.00000639
802;0MD006036MOJ;277;66;0.00000596
802;0MD006036MOJ;278;66;0.00000596
802;0MD006036MOJ;279;66;0.00000598
802;0MD006036MOJ;280;66;0.00000611
802;0MD006036MOJ;281;66;0.00000873
802;0MD006036MOJ;282;66;0.00000821
802;0MD006036MOJ;283;66;0.00000424
802;0MD006036MOJ;284;66;0.00001144
802;0MD006036MOJ;285;66;0.00000822
802;0MD006036MOJ;286;66;0.00000838
802;0MD006036MOJ;287;66;0.00000822
802;0MD006036MOJ;288;66;0.00000832
802;0MD006036MOJ;289;66;0.00000359
802;0MD006036MOJ;293;66;0.00004014
802;0MD006036MOJ;294;66;0.00007232
802;0MD006036MOJ;295;66;0.00001544
802;0MD006036MOJ;300;66;0.00002397
802;0MD006036MOJ;257;67;0.00013236
802;0MD006036MOJ;258;67;0.00000869
802;0MD006036MOJ;259;67;0.00000427
802;0MD006036MOJ;260;67;0.00000360
802;0MD006036MOJ;261;67;0.00000426
802;0MD006036MOJ;262;67;0.00000014
802;0MD006036MOJ;263;67;0.00015562
802;0MD006036MOJ;264;67;0.00087193
802;0MD006036MOJ;265;67;0.00112897
802;0MD006036MOJ;266;67;0.00041804
802;0MD006036MOJ;267;67;0.00047920
802;0MD006036MOJ;268;67;0.00042725
802;0MD006036MOJ;270;67;0.00054286
802;0MD006036MOJ;271;67;0.00009316
802;0MD006036MOJ;272;67;0.00077803
802;0MD006036MOJ;273;67;0.00001940
802;0MD006036MOJ;274;67;0.00044648
802;0MD006036MOJ;275;67;0.00003960
802;0MD006036MOJ;276;67;0.00003575
802;0MD006036MOJ;277;67;0.00003575
802;0MD006036MOJ;278;67;0.00003575
802;0MD006036MOJ;279;67;0.00002479
802;0MD006036MOJ;280;67;0.00000255
802;0MD006036MOJ;295;67;0.00005688
802;0MD006036MOJ;296;67;0.00006837
802;0MD006036MOJ;297;67;0.00007142
802;0MD006036MOJ;298;67;0.00007231
802;0MD006036MOJ;299;67;0.00006938
802;0MD006036MOJ;300;67;0.00003618
802;0MD006036MOJ;301;67;0.00006184
802;0MD006036MOJ;302;67;0.00007222
802;0MD006036MOJ;303;67;0.00004428
802;0MD006036MOJ;308;67;0.00005326
802;0MD006036MOJ;263;68;0.00039151
802;0MD006036MOJ;264;68;0.00019704
802;0MD006036MOJ;265;68;0.00026483
802;0MD006036MOJ;266;68;0.00021231
802;0MD006036MOJ;267;68;0.00015810
802;0MD006036MOJ;268;68;0.00062276
802;0MD006036MOJ;269;68;0.00035830
802;0MD006036MOJ;270;68;0.00071492
802;0MD006036MOJ;271;68;0.00030462
802;0MD006036MOJ;272;68;0.00022168
802;0MD006036MOJ;273;68;0.00007881
802;0MD006036MOJ;274;68;0.00007889
802;0MD006036MOJ;279;68;0.00002957
802;0MD006036MOJ;280;68;0.00001212
802;0MD006036MOJ;296;68;0.00000435
802;0MD006036MOJ;297;68;0.00001474
802;0MD006036MOJ;303;68;0.00005076
802;0MD006036MOJ;304;68;0.00003414
802;0MD006036MOJ;307;68;0.00013006
802;0MD006036MOJ;308;68;0.00000406
802;0MD006036MOJ;238;69;0.00000762
802;0MD006036MOJ;239;69;0.00026243
802;0MD006036MOJ;240;69;0.01104068
802;0MD006036MOJ;243;69;0.00016286
802;0MD006036MOJ;246;69;0.00006157
802;0MD006036MOJ;263;69;0.00048535
802;0MD006036MOJ;264;69;0.00064674
802;0MD006036MOJ;265;69;0.00015683
802;0MD006036MOJ;266;69;0.00018518
802;0MD006036MOJ;267;69;0.00005038
802;0MD006036MOJ;268;69;0.00045477
802;0MD006036MOJ;269;69;0.00009774
802;0MD006036MOJ;270;69;0.00009150
802;0MD006036MOJ;271;69;0.00002077
802;0MD006036MOJ;272;69;0.00010370
802;0MD006036MOJ;279;69;0.00000692
802;0MD006036MOJ;280;69;0.00003178
802;0MD006036MOJ;295;69;0.00000475
802;0MD006036MOJ;296;69;0.00001575
802;0MD006036MOJ;304;69;0.00006352
802;0MD006036MOJ;305;69;0.00002708
802;0MD006036MOJ;306;69;0.00010666
802;0MD006036MOJ;307;69;0.00002308
802;0MD006036MOJ;310;69;0.00041949
802;0MD006036MOJ;311;69;0.00067381
802;0MD006036MOJ;237;70;0.00033017
802;0MD006036MOJ;238;70;0.00030990
802;0MD006036MOJ;239;70;0.00465770
802;0MD006036MOJ;240;70;0.02968317
802;0MD006036MOJ;241;70;0.00061806
802;0MD006036MOJ;242;70;0.00079567
802;0MD006036MOJ;243;70;0.00038512
802;0MD006036MOJ;244;70;0.00012781
802;0MD006036MOJ;245;70;0.00026471
802;0MD006036MOJ;246;70;0.00037776
802;0MD006036MOJ;255;70;0.00027945
802;0MD006036MOJ;262;70;0.00003948
802;0MD006036MOJ;263;70;0.00053707
802;0MD006036MOJ;266;70;0.00005836
802;0MD006036MOJ;269;70;0.00047953
802;0MD006036MOJ;270;70;0.00042950
802;0MD006036MOJ;271;70;0.00013418
802;0MD006036MOJ;279;70;0.00001955
802;0MD006036MOJ;280;70;0.00001991
802;0MD006036MOJ;294;70;0.00001262
802;0MD006036MOJ;295;70;0.00001255
802;0MD006036MOJ;304;70;0.00025812
802;0MD006036MOJ;305;70;0.00115773
802;0MD006036MOJ;306;70;0.00095663
802;0MD006036MOJ;307;70;0.00089070
802;0MD006036MOJ;308;70;0.00088900
802;0MD006036MOJ;309;70;0.00090933
802;0MD006036MOJ;310;70;0.00084759
802;0MD006036MOJ;311;70;0.00046958
802;0MD006036MOJ;312;70;0.00052198
802;0MD006036MOJ;313;70;0.00014094
802;0MD006036MOJ;236;71;0.00023273
802;0MD006036MOJ;237;71;0.00032617
802;0MD006036MOJ;238;71;0.00426920
802;0MD006036MOJ;239;71;0.00094325
802;0MD006036MOJ;240;71;0.00599491
802;0MD006036MOJ;241;71;0.01871777
802;0MD006036MOJ;242;71;0.00099650
802;0MD006036MOJ;243;71;0.00062607
802;0MD006036MOJ;245;71;0.00047690
802;0MD006036MOJ;254;71;0.00038245
802;0MD006036MOJ;255;71;0.00003230
802;0MD006036MOJ;261;71;0.00013218
802;0MD006036MOJ;262;71;0.00069075
802;0MD006036MOJ;280;71;0.00003935
802;0MD006036MOJ;291;71;0.00000628
802;0MD006036MOJ;292;71;0.00001451
802;0MD006036MOJ;293;71;0.00001665
802;0MD006036MOJ;294;71;0.00000418
802;0MD006036MOJ;304;71;0.00112955
802;0MD006036MOJ;313;71;0.00016676
802;0MD006036MOJ;314;71;0.00007913
802;0MD006036MOJ;236;72;0.00000820
802;0MD006036MOJ;237;72;0.00456207
802;0MD006036MOJ;238;72;0.00115574
802;0MD006036MOJ;240;72;0.00007635
802;0MD006036MOJ;241;72;0.01632116
802;0MD006036MOJ;242;72;0.00836214
802;0MD006036MOJ;243;72;0.00484015
802;0MD006036MOJ;244;72;0.00249278
802;0MD006036MOJ;245;72;0.00069401
802;0MD006036MOJ;246;72;0.00022463
802;0MD006036MOJ;253;72;0.00018658
802;0MD006036MOJ;254;72;0.00014618
802;0MD006036MOJ;258;72;0.00037695
802;0MD006036MOJ;259;72;0.00037852
802;0MD006036MOJ;260;72;0.00042588
802;0MD006036MOJ;261;72;0.00050523
802;0MD006036MOJ;280;72;0.00003936
802;0MD006036MOJ;289;72;0.00000489
802;0MD006036MOJ;290;72;0.00001137
802;0MD006036MOJ;291;72;0.00001078
802;0MD006036MOJ;304;72;0.00097556
802;0MD006036MOJ;314;72;0.00024699
802;0MD006036MOJ;236;73;0.00340877
802;0MD006036MOJ;237;73;0.00158939
802;0MD006036MOJ;238;73;0.00124714
802;0MD006036MOJ;239;73;0.00136454
802;0MD006036MOJ;240;73;0.00140788
802;0MD006036MOJ;241;73;0.00515936
802;0MD006036MOJ;242;73;0.01923464
802;0MD006036MOJ;243;73;0.00555808
802;0MD006036MOJ;244;73;0.00438929
802;0MD006036MOJ;245;73;0.00313256
802;0MD006036MOJ;246;73;0.00116040
802;0MD006036MOJ;247;73;0.00037185
802;0MD006036MOJ;248;73;0.00020631
802;0MD006036MOJ;249;73;0.00006442
802;0MD006036MOJ;252;73;0.00081261
802;0MD006036MOJ;253;73;0.00013173
802;0MD006036MOJ;254;73;0.00003685
802;0MD006036MOJ;255;73;0.00029530
802;0MD006036MOJ;256;73;0.00038501
802;0MD006036MOJ;257;73;0.00043152
802;0MD006036MOJ;258;73;0.00011003
802;0MD006036MOJ;261;73;0.00000409
802;0MD006036MOJ;280;73;0.00003874
802;0MD006036MOJ;289;73;0.00001558
802;0MD006036MOJ;290;73;0.00001207
802;0MD006036MOJ;303;73;0.00075143
802;0MD006036MOJ;304;73;0.00020485
802;0MD006036MOJ;314;73;0.00002075
802;0MD006036MOJ;315;73;0.00029999
802;0MD006036MOJ;236;74;0.00021485
802;0MD006036MOJ;237;74;0.00037386
802;0MD006036MOJ;238;74;0.00066376
802;0MD006036MOJ;239;74;0.00045771
802;0MD006036MOJ;240;74;0.00081627
802;0MD006036MOJ;241;74;0.00488735
802;0MD006036MOJ;242;74;0.01283513
802;0MD006036MOJ;243;74;0.01935448
802;0MD006036MOJ;244;74;0.00975193
802;0MD006036MOJ;245;74;0.00571112
802;0MD006036MOJ;246;74;0.00322229
802;0MD006036MOJ;247;74;0.00104124
802;0MD006036MOJ;248;74;0.00103119
802;0MD006036MOJ;249;74;0.00103407
802;0MD006036MOJ;250;74;0.00101363
802;0MD006036MOJ;251;74;0.00101675
802;0MD006036MOJ;252;74;0.00091181
802;0MD006036MOJ;253;74;0.00040485
802;0MD006036MOJ;254;74;0.00046891
802;0MD006036MOJ;255;74;0.00009562
802;0MD006036MOJ;261;74;0.00000157
802;0MD006036MOJ;262;74;0.00000363
802;0MD006036MOJ;279;74;0.00000865
802;0MD006036MOJ;280;74;0.00003367
802;0MD006036MOJ;288;74;0.00000880
802;0MD006036MOJ;289;74;0.00000754
802;0MD006036MOJ;303;74;0.00095628
802;0MD006036MOJ;315;74;0.00001604
802;0MD006036MOJ;235;75;0.00005386
802;0MD006036MOJ;236;75;0.00101049
802;0MD006036MOJ;237;75;0.00131130
802;0MD006036MOJ;238;75;0.00121643
802;0MD006036MOJ;239;75;0.00123053
802;0MD006036MOJ;240;75;0.00194066
802;0MD006036MOJ;241;75;0.00588438
802;0MD006036MOJ;242;75;0.00460665
802;0MD006036MOJ;243;75;0.01678642
802;0MD006036MOJ;244;75;0.00459305
802;0MD006036MOJ;245;75;0.00444260
802;0MD006036MOJ;246;75;0.00357690
802;0MD006036MOJ;247;75;0.00121684
802;0MD006036MOJ;252;75;0.00042559
802;0MD006036MOJ;253;75;0.00004229
802;0MD006036MOJ;254;75;0.00007047
802;0MD006036MOJ;255;75;0.00000222
802;0MD006036MOJ;261;75;0.00000245
802;0MD006036MOJ;262;75;0.00000349
802;0MD006036MOJ;279;75;0.00005082
802;0MD006036MOJ;286;75;0.00000658
802;0MD006036MOJ;287;75;0.00001049
802;0MD006036MOJ;288;75;0.00000170
802;0MD006036MOJ;303;75;0.00095482
802;0MD006036MOJ;235;76;0.00063449
802;0MD006036MOJ;236;76;0.00088491
802;0MD006036MOJ;237;76;0.00127529
802;0MD006036MOJ;238;76;0.00000487
802;0MD006036MOJ;239;76;0.00026172
802;0MD006036MOJ;240;76;0.00106230
802;0MD006036MOJ;241;76;0.00428974
802;0MD006036MOJ;242;76;0.00229472
802;0MD006036MOJ;243;76;0.01201642
802;0MD006036MOJ;244;76;0.01163873
802;0MD006036MOJ;245;76;0.00412722
802;0MD006036MOJ;246;76;0.00221007
802;0MD006036MOJ;247;76;0.00080669
802;0MD006036MOJ;251;76;0.00008621
802;0MD006036MOJ;252;76;0.00010073
802;0MD006036MOJ;253;76;0.00000518
802;0MD006036MOJ;255;76;0.00002002
802;0MD006036MOJ;256;76;0.00002358
802;0MD006036MOJ;257;76;0.00000285
802;0MD006036MOJ;259;76;0.00002186
802;0MD006036MOJ;261;76;0.00000054
802;0MD006036MOJ;262;76;0.00000298
802;0MD006036MOJ;279;76;0.00003870
802;0MD006036MOJ;285;76;0.00000903
802;0MD006036MOJ;286;76;0.00000453
802;0MD006036MOJ;303;76;0.00095171
802;0MD006036MOJ;235;77;0.00015008
802;0MD006036MOJ;236;77;0.00066174
802;0MD006036MOJ;237;77;0.00061330
802;0MD006036MOJ;238;77;0.00052554
802;0MD006036MOJ;239;77;0.00252896
802;0MD006036MOJ;240;77;0.00204021
802;0MD006036MOJ;241;77;0.00458931
802;0MD006036MOJ;242;77;0.00145399
802;0MD006036MOJ;243;77;0.00218738
802;0MD006036MOJ;244;77;0.01370074
802;0MD006036MOJ;245;77;0.00060826
802;0MD006036MOJ;246;77;0.00097510
802;0MD006036MOJ;247;77;0.00004593
802;0MD006036MOJ;251;77;0.00021282
802;0MD006036MOJ;257;77;0.00003051
802;0MD006036MOJ;258;77;0.00000666
802;0MD006036MOJ;259;77;0.00003149
802;0MD006036MOJ;260;77;0.00000339
802;0MD006036MOJ;261;77;0.00000352
802;0MD006036MOJ;278;77;0.00000555
802;0MD006036MOJ;279;77;0.00003285
802;0MD006036MOJ;284;77;0.00000664
802;0MD006036MOJ;285;77;0.00000477
802;0MD006036MOJ;303;77;0.00095180
802;0MD006036MOJ;237;78;0.00006360
802;0MD006036MOJ;239;78;0.00003468
802;0MD006036MOJ;240;78;0.00130317
802;0MD006036MOJ;241;78;0.00131162
802;0MD006036MOJ;242;78;0.00042454
802;0MD006036MOJ;243;78;0.00021293
802;0MD006036MOJ;244;78;0.00137804
802;0MD006036MOJ;245;78;0.01002623
802;0MD006036MOJ;246;78;0.00066013
802;0MD006036MOJ;251;78;0.00020779
802;0MD006036MOJ;258;78;0.00003145
802;0MD006036MOJ;259;78;0.00000946
802;0MD006036MOJ;276;78;0.00000141
802;0MD006036MOJ;277;78;0.00001990
802;0MD006036MOJ;278;78;0.00005120
802;0MD006036MOJ;279;78;0.00002119
802;0MD006036MOJ;280;78;0.00002119
802;0MD006036MOJ;281;78;0.00001644
802;0MD006036MOJ;282;78;0.00000565
802;0MD006036MOJ;283;78;0.00000792
802;0MD006036MOJ;284;78;0.00000701
802;0MD006036MOJ;303;78;0.00095175
802;0MD006036MOJ;240;79;0.00101545
802;0MD006036MOJ;241;79;0.00005645
802;0MD006036MOJ;242;79;0.00069546
802;0MD006036MOJ;245;79;0.01084625
802;0MD006036MOJ;246;79;0.00000364
802;0MD006036MOJ;247;79;0.00001102
802;0MD006036MOJ;248;79;0.00000302
802;0MD006036MOJ;251;79;0.00021152
802;0MD006036MOJ;259;79;0.00000320
802;0MD006036MOJ;260;79;0.00000072
802;0MD006036MOJ;273;79;0.00001022
802;0MD006036MOJ;274;79;0.00002040
802;0MD006036MOJ;275;79;0.00001995
802;0MD006036MOJ;276;79;0.00001846
802;0MD006036MOJ;280;79;0.00000376
802;0MD006036MOJ;281;79;0.00001905
802;0MD006036MOJ;282;79;0.00000648
802;0MD006036MOJ;283;79;0.00000631
802;0MD006036MOJ;284;79;0.00000242
802;0MD006036MOJ;285;79;0.00000144
802;0MD006036MOJ;303;79;0.00095103
802;0MD006036MOJ;240;80;0.00101506
802;0MD006036MOJ;242;80;0.00064972
802;0MD006036MOJ;243;80;0.00007894
802;0MD006036MOJ;245;80;0.01047135
802;0MD006036MOJ;248;80;0.00001125
802;0MD006036MOJ;251;80;0.00020816
802;0MD006036MOJ;260;80;0.00000281
802;0MD006036MOJ;261;80;0.00000184
802;0MD006036MOJ;272;80;0.00001271
802;0MD006036MOJ;273;80;0.00001474
802;0MD006036MOJ;280;80;0.00001993
802;0MD006036MOJ;285;80;0.00000160
802;0MD006036MOJ;286;80;0.00000149
802;0MD006036MOJ;303;80;0.00095488
802;0MD006036MOJ;235;81;0.00029984
802;0MD006036MOJ;236;81;0.00049006
802;0MD006036MOJ;237;81;0.00051334
802;0MD006036MOJ;238;81;0.00049285
802;0MD006036MOJ;239;81;0.00054082
802;0MD006036MOJ;240;81;0.00115131
802;0MD006036MOJ;241;81;0.00032202
802;0MD006036MOJ;242;81;0.00056085
802;0MD006036MOJ;243;81;0.00100743
802;0MD006036MOJ;245;81;0.00077412
802;0MD006036MOJ;246;81;0.01064061
802;0MD006036MOJ;248;81;0.00001306
802;0MD006036MOJ;250;81;0.00014210
802;0MD006036MOJ;251;81;0.00006080
802;0MD006036MOJ;261;81;0.00000208
802;0MD006036MOJ;262;81;0.00000215
802;0MD006036MOJ;271;81;0.00000524
802;0MD006036MOJ;272;81;0.00004981
802;0MD006036MOJ;280;81;0.00001798
802;0MD006036MOJ;286;81;0.00000154
802;0MD006036MOJ;287;81;0.00000154
802;0MD006036MOJ;303;81;0.00107057
802;0MD006036MOJ;239;82;0.00070922
802;0MD006036MOJ;242;82;0.00018494
802;0MD006036MOJ;243;82;0.00061675
802;0MD006036MOJ;244;82;0.00072241
802;0MD006036MOJ;245;82;0.00058507
802;0MD006036MOJ;246;82;0.00879924
802;0MD006036MOJ;247;82;0.00459222
802;0MD006036MOJ;248;82;0.00000276
802;0MD006036MOJ;249;82;0.00000739
802;0MD006036MOJ;250;82;0.00019770
802;0MD006036MOJ;262;82;0.00000205
802;0MD006036MOJ;263;82;0.00000192
802;0MD006036MOJ;265;82;0.00030750
802;0MD006036MOJ;266;82;0.00120835
802;0MD006036MOJ;267;82;0.00118725
802;0MD006036MOJ;268;82;0.00118803
802;0MD006036MOJ;269;82;0.00119710
802;0MD006036MOJ;270;82;0.00119509
802;0MD006036MOJ;271;82;0.00125107
802;0MD006036MOJ;272;82;0.00121570
802;0MD006036MOJ;273;82;0.00118070
802;0MD006036MOJ;274;82;0.00061534
802;0MD006036MOJ;277;82;0.00003544
802;0MD006036MOJ;278;82;0.00038287
802;0MD006036MOJ;280;82;0.00001788
802;0MD006036MOJ;287;82;0.00000149
802;0MD006036MOJ;288;82;0.00000159
802;0MD006036MOJ;303;82;0.00100430
802;0MD006036MOJ;239;83;0.00070685
802;0MD006036MOJ;243;83;0.00002655
802;0MD006036MOJ;244;83;0.00024501
802;0MD006036MOJ;245;83;0.00061805
802;0MD006036MOJ;246;83;0.00001528
802;0MD006036MOJ;247;83;0.00939559
802;0MD006036MOJ;248;83;0.00351294
802;0MD006036MOJ;249;83;0.00007523
802;0MD006036MOJ;250;83;0.00012106
802;0MD006036MOJ;259;83;0.00000097
802;0MD006036MOJ;263;83;0.00050625
802;0MD006036MOJ;264;83;0.00130032
802;0MD006036MOJ;265;83;0.00109603
802;0MD006036MOJ;269;83;0.00000520
802;0MD006036MOJ;274;83;0.00057616
802;0MD006036MOJ;275;83;0.00120729
802;0MD006036MOJ;276;83;0.00117413
802;0MD006036MOJ;277;83;0.00114587
802;0MD006036MOJ;278;83;0.00077958
802;0MD006036MOJ;279;83;0.00117186
802;0MD006036MOJ;280;83;0.00118477
802;0MD006036MOJ;281;83;0.00118070
802;0MD006036MOJ;282;83;0.00119349
802;0MD006036MOJ;283;83;0.00048520
802;0MD006036MOJ;288;83;0.00000144
802;0MD006036MOJ;289;83;0.00000166
802;0MD006036MOJ;303;83;0.00154909
802;0MD006036MOJ;304;83;0.00016315
802;0MD006036MOJ;239;84;0.00069859
802;0MD006036MOJ;242;84;0.00000701
802;0MD006036MOJ;243;84;0.00001459
802;0MD006036MOJ;245;84;0.00002991
802;0MD006036MOJ;246;84;0.00066505
802;0MD006036MOJ;247;84;0.00000568
802;0MD006036MOJ;248;84;0.00972176
802;0MD006036MOJ;249;84;0.00037983
802;0MD006036MOJ;250;84;0.00021192
802;0MD006036MOJ;256;84;0.00041012
802;0MD006036MOJ;257;84;0.00129720
802;0MD006036MOJ;258;84;0.00124489
802;0MD006036MOJ;259;84;0.00120575
802;0MD006036MOJ;260;84;0.00120403
802;0MD006036MOJ;261;84;0.00121888
802;0MD006036MOJ;262;84;0.00119189
802;0MD006036MOJ;263;84;0.00070021
802;0MD006036MOJ;268;84;0.00000189
802;0MD006036MOJ;269;84;0.00000358
802;0MD006036MOJ;280;84;0.00000590
802;0MD006036MOJ;281;84;0.00000786
802;0MD006036MOJ;283;84;0.00082196
802;0MD006036MOJ;284;84;0.00137547
802;0MD006036MOJ;285;84;0.00005407
802;0MD006036MOJ;289;84;0.00000139
802;0MD006036MOJ;290;84;0.00000159
802;0MD006036MOJ;304;84;0.00016247
802;0MD006036MOJ;305;84;0.00040787
802;0MD006036MOJ;306;84;0.00096513
802;0MD006036MOJ;238;85;0.00049361
802;0MD006036MOJ;239;85;0.00020447
802;0MD006036MOJ;242;85;0.00002160
802;0MD006036MOJ;245;85;0.00004992
802;0MD006036MOJ;246;85;0.00005587
802;0MD006036MOJ;247;85;0.00075233
802;0MD006036MOJ;248;85;0.01230280
802;0MD006036MOJ;249;85;0.00134740
802;0MD006036MOJ;250;85;0.00060783
802;0MD006036MOJ;251;85;0.00130385
802;0MD006036MOJ;252;85;0.00127826
802;0MD006036MOJ;253;85;0.00127244
802;0MD006036MOJ;254;85;0.00126077
802;0MD006036MOJ;255;85;0.00125960
802;0MD006036MOJ;256;85;0.00084535
802;0MD006036MOJ;257;85;0.00006716
802;0MD006036MOJ;268;85;0.00000568
802;0MD006036MOJ;281;85;0.00001327
802;0MD006036MOJ;285;85;0.00127070
802;0MD006036MOJ;286;85;0.00123203
802;0MD006036MOJ;287;85;0.00115409
802;0MD006036MOJ;288;85;0.00077309
802;0MD006036MOJ;290;85;0.00000230
802;0MD006036MOJ;304;85;0.00045727
802;0MD006036MOJ;305;85;0.00116767
802;0MD006036MOJ;238;86;0.00070066
802;0MD006036MOJ;242;86;0.00021780
802;0MD006036MOJ;243;86;0.00034750
802;0MD006036MOJ;244;86;0.00016528
802;0MD006036MOJ;245;86;0.00002075
802;0MD006036MOJ;246;86;0.00081484
802;0MD006036MOJ;247;86;0.00087591
802;0MD006036MOJ;248;86;0.00287336
802;0MD006036MOJ;249;86;0.01204509
802;0MD006036MOJ;250;86;0.01081826
802;0MD006036MOJ;251;86;0.00786427
802;0MD006036MOJ;252;86;0.00762748
802;0MD006036MOJ;253;86;0.00771725
802;0MD006036MOJ;254;86;0.00024892
802;0MD006036MOJ;255;86;0.00029188
802;0MD006036MOJ;256;86;0.00024055
802;0MD006036MOJ;257;86;0.00030312
802;0MD006036MOJ;258;86;0.00003260
802;0MD006036MOJ;268;86;0.00000568
802;0MD006036MOJ;280;86;0.00000242
802;0MD006036MOJ;281;86;0.00001039
802;0MD006036MOJ;286;86;0.00000279
802;0MD006036MOJ;287;86;0.00000575
802;0MD006036MOJ;288;86;0.00039931
802;0MD006036MOJ;289;86;0.00117390
802;0MD006036MOJ;290;86;0.00117837
802;0MD006036MOJ;291;86;0.00118698
802;0MD006036MOJ;292;86;0.00118695
802;0MD006036MOJ;293;86;0.00078809
802;0MD006036MOJ;303;86;0.00003738
802;0MD006036MOJ;304;86;0.00135618
802;0MD006036MOJ;238;87;0.00070877
802;0MD006036MOJ;240;87;0.00037177
802;0MD006036MOJ;241;87;0.00036793
802;0MD006036MOJ;242;87;0.00016230
802;0MD006036MOJ;246;87;0.00075997
802;0MD006036MOJ;247;87;0.00077200
802;0MD006036MOJ;248;87;0.00004884
802;0MD006036MOJ;249;87;0.00054369
802;0MD006036MOJ;250;87;0.00010268
802;0MD006036MOJ;252;87;0.00008856
802;0MD006036MOJ;253;87;0.00006683
802;0MD006036MOJ;254;87;0.00750728
802;0MD006036MOJ;255;87;0.00785041
802;0MD006036MOJ;256;87;0.00821906
802;0MD006036MOJ;257;87;0.00077468
802;0MD006036MOJ;258;87;0.00000854
802;0MD006036MOJ;268;87;0.00000571
802;0MD006036MOJ;280;87;0.00001232
802;0MD006036MOJ;285;87;0.00000144
802;0MD006036MOJ;286;87;0.00000464
802;0MD006036MOJ;293;87;0.00040460
802;0MD006036MOJ;294;87;0.00120380
802;0MD006036MOJ;295;87;0.00125611
802;0MD006036MOJ;296;87;0.00084923
802;0MD006036MOJ;303;87;0.00036178
802;0MD006036MOJ;304;87;0.00121968
802;0MD006036MOJ;236;88;0.00092691
802;0MD006036MOJ;237;88;0.00099955
802;0MD006036MOJ;238;88;0.00086563
802;0MD006036MOJ;239;88;0.00039510
802;0MD006036MOJ;240;88;0.00002042
802;0MD006036MOJ;245;88;0.00011421
802;0MD006036MOJ;246;88;0.00029908
802;0MD006036MOJ;249;88;0.00026581
802;0MD006036MOJ;250;88;0.00030834
802;0MD006036MOJ;251;88;0.00004814
802;0MD006036MOJ;252;88;0.00004846
802;0MD006036MOJ;257;88;0.00783565
802;0MD006036MOJ;258;88;0.00641114
802;0MD006036MOJ;268;88;0.00000623
802;0MD006036MOJ;280;88;0.00002002
802;0MD006036MOJ;281;88;0.00000569
802;0MD006036MOJ;282;88;0.00000568
802;0MD006036MOJ;283;88;0.00000544
802;0MD006036MOJ;284;88;0.00000529
802;0MD006036MOJ;285;88;0.00000628
802;0MD006036MOJ;296;88;0.00038696
802;0MD006036MOJ;297;88;0.00118441
802;0MD006036MOJ;298;88;0.00126909
802;0MD006036MOJ;299;88;0.00125456
802;0MD006036MOJ;300;88;0.00118545
802;0MD006036MOJ;302;88;0.00099655
802;0MD006036MOJ;303;88;0.00287203
802;0MD006036MOJ;237;89;0.00031808
802;0MD006036MOJ;238;89;0.00000004
802;0MD006036MOJ;245;89;0.00041384
802;0MD006036MOJ;250;89;0.00024525
802;0MD006036MOJ;251;89;0.00052066
802;0MD006036MOJ;252;89;0.00046243
802;0MD006036MOJ;258;89;0.00216016
802;0MD006036MOJ;259;89;0.00856807
802;0MD006036MOJ;260;89;0.00411786
802;0MD006036MOJ;267;89;0.00001246
802;0MD006036MOJ;268;89;0.00002242
802;0MD006036MOJ;280;89;0.00001824
802;0MD006036MOJ;293;89;0.00008710
802;0MD006036MOJ;294;89;0.00008320
802;0MD006036MOJ;295;89;0.00008488
802;0MD006036MOJ;296;89;0.00008646
802;0MD006036MOJ;297;89;0.00001785
802;0MD006036MOJ;299;89;0.00000285
802;0MD006036MOJ;300;89;0.00016105
802;0MD006036MOJ;301;89;0.00132501
802;0MD006036MOJ;302;89;0.00157895
802;0MD006036MOJ;303;89;0.00011439
802;0MD006036MOJ;237;90;0.00044589
802;0MD006036MOJ;252;90;0.00066766
802;0MD006036MOJ;260;90;0.00411580
802;0MD006036MOJ;261;90;0.00825797
802;0MD006036MOJ;262;90;0.00269005
802;0MD006036MOJ;268;90;0.00002138
802;0MD006036MOJ;280;90;0.00001868
802;0MD006036MOJ;292;90;0.00004801
802;0MD006036MOJ;293;90;0.00004652
802;0MD006036MOJ;297;90;0.00007170
802;0MD006036MOJ;298;90;0.00008745
802;0MD006036MOJ;299;90;0.00009205
802;0MD006036MOJ;302;90;0.00111369
802;0MD006036MOJ;237;91;0.00045131
802;0MD006036MOJ;252;91;0.00008304
802;0MD006036MOJ;253;91;0.00061517
802;0MD006036MOJ;262;91;0.00713161
802;0MD006036MOJ;263;91;0.00395446
802;0MD006036MOJ;266;91;0.00001297
802;0MD006036MOJ;267;91;0.00001601
802;0MD006036MOJ;268;91;0.00002571
802;0MD006036MOJ;269;91;0.00000095
802;0MD006036MOJ;279;91;0.00000913
802;0MD006036MOJ;280;91;0.00004224
802;0MD006036MOJ;292;91;0.00009877
802;0MD006036MOJ;302;91;0.00192187
802;0MD006036MOJ;236;92;0.00009685
802;0MD006036MOJ;237;92;0.00034649
802;0MD006036MOJ;253;92;0.00021308
802;0MD006036MOJ;254;92;0.00048393
802;0MD006036MOJ;263;92;0.00483548
802;0MD006036MOJ;264;92;0.00749352
802;0MD006036MOJ;265;92;0.00798598
802;0MD006036MOJ;266;92;0.00542324
802;0MD006036MOJ;269;92;0.00000610
802;0MD006036MOJ;279;92;0.00001815
802;0MD006036MOJ;280;92;0.00000026
802;0MD006036MOJ;281;92;0.00003591
802;0MD006036MOJ;291;92;0.00011070
802;0MD006036MOJ;292;92;0.00000899
802;0MD006036MOJ;301;92;0.00014893
802;0MD006036MOJ;302;92;0.00193023
802;0MD006036MOJ;236;93;0.00044334
802;0MD006036MOJ;254;93;0.00034340
802;0MD006036MOJ;255;93;0.00032503
802;0MD006036MOJ;266;93;0.00304052
802;0MD006036MOJ;267;93;0.00786446
802;0MD006036MOJ;268;93;0.00000465
802;0MD006036MOJ;269;93;0.00000268
802;0MD006036MOJ;279;93;0.00001856
802;0MD006036MOJ;281;93;0.00001006
802;0MD006036MOJ;282;93;0.00002463
802;0MD006036MOJ;290;93;0.00005816
802;0MD006036MOJ;291;93;0.00002982
802;0MD006036MOJ;301;93;0.00085558
802;0MD006036MOJ;236;94;0.00044334
802;0MD006036MOJ;255;94;0.00054164
802;0MD006036MOJ;267;94;0.00322260
802;0MD006036MOJ;268;94;0.00564459
802;0MD006036MOJ;276;94;0.00000550
802;0MD006036MOJ;277;94;0.00001803
802;0MD006036MOJ;278;94;0.00002154
802;0MD006036MOJ;279;94;0.00001181
802;0MD006036MOJ;282;94;0.00002991
802;0MD006036MOJ;290;94;0.00008665
802;0MD006036MOJ;236;95;0.00043500
802;0MD006036MOJ;255;95;0.00048378
802;0MD006036MOJ;256;95;0.00018943
802;0MD006036MOJ;268;95;0.00601706
802;0MD006036MOJ;269;95;0.00643233
802;0MD006036MOJ;275;95;0.00002263
802;0MD006036MOJ;276;95;0.00001333
802;0MD006036MOJ;282;95;0.00001315
802;0MD006036MOJ;283;95;0.00004243
802;0MD006036MOJ;290;95;0.00008646
802;0MD006036MOJ;236;96;0.00043240
802;0MD006036MOJ;256;96;0.00073679
802;0MD006036MOJ;269;96;0.00660175
802;0MD006036MOJ;270;96;0.00135933
802;0MD006036MOJ;274;96;0.00001419
802;0MD006036MOJ;275;96;0.00000488
802;0MD006036MOJ;283;96;0.00000492
802;0MD006036MOJ;289;96;0.00001373
802;0MD006036MOJ;290;96;0.00007154
802;0MD006036MOJ;236;97;0.00047049
802;0MD006036MOJ;270;97;0.00982984
802;0MD006036MOJ;271;97;0.00053422
802;0MD006036MOJ;272;97;0.00001522
802;0MD006036MOJ;273;97;0.00001526
802;0MD006036MOJ;274;97;0.00001672
802;0MD006036MOJ;282;97;0.00000020
802;0MD006036MOJ;283;97;0.00000389
802;0MD006036MOJ;289;97;0.00008558
802;0MD006036MOJ;235;98;0.00013589
802;0MD006036MOJ;236;98;0.00032363
802;0MD006036MOJ;271;98;0.00964805
802;0MD006036MOJ;272;98;0.00131206
802;0MD006036MOJ;274;98;0.00000337
802;0MD006036MOJ;282;98;0.00000244
802;0MD006036MOJ;283;98;0.00000054
802;0MD006036MOJ;288;98;0.00001560
802;0MD006036MOJ;289;98;0.00010047
802;0MD006036MOJ;236;99;0.00007224
802;0MD006036MOJ;272;99;0.00841085
802;0MD006036MOJ;273;99;0.00282250
802;0MD006036MOJ;274;99;0.00000200
802;0MD006036MOJ;281;99;0.00000098
802;0MD006036MOJ;282;99;0.00000166
802;0MD006036MOJ;283;99;0.00000046
802;0MD006036MOJ;284;99;0.00000039
802;0MD006036MOJ;288;99;0.00003979
802;0MD006036MOJ;289;99;0.00007087
802;0MD006036MOJ;236;100;0.00006376
802;0MD006036MOJ;273;100;0.00673730
802;0MD006036MOJ;274;100;0.00768799
802;0MD006036MOJ;280;100;0.00000008
802;0MD006036MOJ;281;100;0.00000283
802;0MD006036MOJ;284;100;0.00000059
802;0MD006036MOJ;286;100;0.00001563
802;0MD006036MOJ;287;100;0.00010484
802;0MD006036MOJ;288;100;0.00009658
802;0MD006036MOJ;289;100;0.00000140
802;0MD006036MOJ;236;101;0.00006503
802;0MD006036MOJ;274;101;0.00036788
802;0MD006036MOJ;275;101;0.00797016
802;0MD006036MOJ;276;101;0.00805084
802;0MD006036MOJ;277;101;0.00211232
802;0MD006036MOJ;279;101;0.00000028
802;0MD006036MOJ;280;101;0.00000289
802;0MD006036MOJ;284;101;0.00000013
802;0MD006036MOJ;285;101;0.00000051
802;0MD006036MOJ;286;101;0.00010594
802;0MD006036MOJ;236;102;0.00006297
802;0MD006036MOJ;277;102;0.00613659
802;0MD006036MOJ;278;102;0.00825180
802;0MD006036MOJ;279;102;0.00191860
802;0MD006036MOJ;285;102;0.00008910
802;0MD006036MOJ;286;102;0.00001096
802;0MD006036MOJ;236;103;0.00006745
802;0MD006036MOJ;278;103;0.00015724
802;0MD006036MOJ;279;103;0.00623581
802;0MD006036MOJ;280;103;0.00804645
802;0MD006036MOJ;281;103;0.00735512
802;0MD006036MOJ;282;103;0.00741343
802;0MD006036MOJ;283;103;0.00837580
802;0MD006036MOJ;284;103;0.00014133
802;0MD006036MOJ;285;103;0.00008936
802;0MD006036MOJ;236;104;0.00000534
802;0MD006036MOJ;237;104;0.00007113
802;0MD006036MOJ;278;104;0.00011704
802;0MD006036MOJ;283;104;0.00001102
802;0MD006036MOJ;284;104;0.00760847
802;0MD006036MOJ;235;105;0.00012497
802;0MD006036MOJ;236;105;0.00015772
802;0MD006036MOJ;237;105;0.00005357
802;0MD006036MOJ;238;105;0.00001550
802;0MD006036MOJ;277;105;0.00005339
802;0MD006036MOJ;278;105;0.00011267
802;0MD006036MOJ;284;105;0.00759210
802;0MD006036MOJ;236;106;0.00008855
802;0MD006036MOJ;237;106;0.00022155
802;0MD006036MOJ;238;106;0.00030066
802;0MD006036MOJ;239;106;0.00030234
802;0MD006036MOJ;284;106;0.00764563
802;0MD006036MOJ;239;107;0.00002903
802;0MD006036MOJ;240;107;0.00043101
802;0MD006036MOJ;284;107;0.00411969
802;0MD006036MOJ;285;107;0.00155821
802;0MD006036MOJ;240;108;0.00030066
802;0MD006036MOJ;240;109;0.00027844
802;0MD006036MOJ;241;109;0.00011224
802;0MD006036MOJ;240;110;0.00004309
802;0MD006036MOJ;241;110;0.00001940
802;0SS0060330SC;272;47;0.00045095
802;0SS0060330SC;273;47;0.00536637
802;0SS0060330SC;278;47;0.00015991
802;0SS0060330SC;282;47;0.00001701
802;0SS0060330SC;272;48;0.00716022
802;0SS0060330SC;273;48;0.00013972
802;0SS0060330SC;277;48;0.00032590
802;0SS0060330SC;278;48;0.00033653
802;0SS0060330SC;280;48;0.00006581
802;0SS0060330SC;281;48;0.00012805
802;0SS0060330SC;282;48;0.00001653
802;0SS0060330SC;271;49;0.00088390
802;0SS0060330SC;272;49;0.00720537
802;0SS0060330SC;276;49;0.00034030
802;0SS0060330SC;277;49;0.00071851
802;0SS0060330SC;278;49;0.00060647
802;0SS0060330SC;279;49;0.00001145
802;0SS0060330SC;280;49;0.00013542
802;0SS0060330SC;262;50;0.00024553
802;0SS0060330SC;263;50;0.00197308
802;0SS0060330SC;270;50;0.00054742
802;0SS0060330SC;271;50;0.00219400
802;0SS0060330SC;272;50;0.00667057
802;0SS0060330SC;273;50;0.00243184
802;0SS0060330SC;274;50;0.00177381
802;0SS0060330SC;275;50;0.00145724
802;0SS0060330SC;276;50;0.00160554
802;0SS0060330SC;277;50;0.00085048
802;0SS0060330SC;278;50;0.00114642
802;0SS0060330SC;279;50;0.00021945
802;0SS0060330SC;280;50;0.00000963
802;0SS0060330SC;263;51;0.00085262
802;0SS0060330SC;264;51;0.00298233
802;0SS0060330SC;265;51;0.00187995
802;0SS0060330SC;269;51;0.00125811
802;0SS0060330SC;270;51;0.00206097
802;0SS0060330SC;271;51;0.00016306
802;0SS0060330SC;272;51;0.01251762
802;0SS0060330SC;273;51;0.00064491
802;0SS0060330SC;274;51;0.00007269
802;0SS0060330SC;275;51;0.00008313
802;0SS0060330SC;276;51;0.00002586
802;0SS0060330SC;265;52;0.00332856
802;0SS0060330SC;268;52;0.00049503
802;0SS0060330SC;269;52;0.00189478
802;0SS0060330SC;270;52;0.00141479
802;0SS0060330SC;271;52;0.00730334
802;0SS0060330SC;272;52;0.00820360
802;0SS0060330SC;275;52;0.00000891
802;0SS0060330SC;276;52;0.00008535
802;0SS0060330SC;265;53;0.00500784
802;0SS0060330SC;267;53;0.00348280
802;0SS0060330SC;268;53;0.00541147
802;0SS0060330SC;269;53;0.00791762
802;0SS0060330SC;270;53;0.01087962
802;0SS0060330SC;271;53;0.01943005
802;0SS0060330SC;272;53;0.00201878
802;0SS0060330SC;276;53;0.00001562
802;0SS0060330SC;277;53;0.00007438
802;0SS0060330SC;278;53;0.00007152
802;0SS0060330SC;279;53;0.00001109
802;0SS0060330SC;258;54;0.00002254
802;0SS0060330SC;265;54;0.00978555
802;0SS0060330SC;266;54;0.00175094
802;0SS0060330SC;267;54;0.01209909
802;0SS0060330SC;268;54;0.02149795
802;0SS0060330SC;269;54;0.01538428
802;0SS0060330SC;270;54;0.02854956
802;0SS0060330SC;271;54;0.01120053
802;0SS0060330SC;272;54;0.00548981
802;0SS0060330SC;273;54;0.00496413
802;0SS0060330SC;274;54;0.00494280
802;0SS0060330SC;275;54;0.00490133
802;0SS0060330SC;276;54;0.00489715
802;0SS0060330SC;277;54;0.00484329
802;0SS0060330SC;278;54;0.00483783
802;0SS0060330SC;279;54;0.00493113
802;0SS0060330SC;280;54;0.00491570
802;0SS0060330SC;281;54;0.00503112
802;0SS0060330SC;282;54;0.00495356
802;0SS0060330SC;283;54;0.00495360
802;0SS0060330SC;284;54;0.00283391
802;0SS0060330SC;258;55;0.00038416
802;0SS0060330SC;262;55;0.00001722
802;0SS0060330SC;264;55;0.00593395
802;0SS0060330SC;265;55;0.02218603
802;0SS0060330SC;266;55;0.02176220
802;0SS0060330SC;267;55;0.02369034
802;0SS0060330SC;268;55;0.03718800
802;0SS0060330SC;269;55;0.03986443
802;0SS0060330SC;270;55;0.01181483
802;0SS0060330SC;271;55;0.00089861
802;0SS0060330SC;272;55;0.00016991
802;0SS0060330SC;273;55;0.00016115
802;0SS0060330SC;274;55;0.00003295
802;0SS0060330SC;278;55;0.00002339
802;0SS0060330SC;279;55;0.00000683
802;0SS0060330SC;261;56;0.00082149
802;0SS0060330SC;262;56;0.00298890
802;0SS0060330SC;263;56;0.01293923
802;0SS0060330SC;264;56;0.01145375
802;0SS0060330SC;265;56;0.01686063
802;0SS0060330SC;266;56;0.03751820
802;0SS0060330SC;267;56;0.03442741
802;0SS0060330SC;268;56;0.00452037
802;0SS0060330SC;269;56;0.00172718
802;0SS0060330SC;270;56;0.00012721
802;0SS0060330SC;271;56;0.00057592
802;0SS0060330SC;272;56;0.00001668
802;0SS0060330SC;278;56;0.00002108
802;0SS0060330SC;261;57;0.00439614
802;0SS0060330SC;262;57;0.01693796
802;0SS0060330SC;263;57;0.01843900
802;0SS0060330SC;264;57;0.02128843
802;0SS0060330SC;265;57;0.03991608
802;0SS0060330SC;266;57;0.00254209
802;0SS0060330SC;267;57;0.00049884
802;0SS0060330SC;269;57;0.00007967
802;0SS0060330SC;270;57;0.00007865
802;0SS0060330SC;261;58;0.01372487
802;0SS0060330SC;262;58;0.01563320
802;0SS0060330SC;263;58;0.03119087
802;0SS0060330SC;264;58;0.01688940
802;0SS0060330SC;267;58;0.00069689
802;0SS0060330SC;268;58;0.00013082
802;0SS0060330SC;269;58;0.00007541
802;0SS0060330SC;258;59;0.00000024
802;0SS0060330SC;259;59;0.00589467
802;0SS0060330SC;260;59;0.01082733
802;0SS0060330SC;261;59;0.02153869
802;0SS0060330SC;262;59;0.03119711
802;0SS0060330SC;263;59;0.00566142
802;0SS0060330SC;266;59;0.00073039
802;0SS0060330SC;267;59;0.00062329
802;0SS0060330SC;268;59;0.00000916
802;0SS0060330SC;257;60;0.00400239
802;0SS0060330SC;258;60;0.03032940
802;0SS0060330SC;259;60;0.02543039
802;0SS0060330SC;260;60;0.02500641
802;0SS0060330SC;261;60;0.00692912
802;0SS0060330SC;262;60;0.00970102
802;0SS0060330SC;263;60;0.00512675
802;0SS0060330SC;264;60;0.00203560
802;0SS0060330SC;265;60;0.00196894
802;0SS0060330SC;266;60;0.00010447
802;0SS0060330SC;260;61;0.00531366
802;0SS0060330SC;261;61;0.00655384
802;0SS0060330SC;262;61;0.00849018
802;0SS0060330SC;263;61;0.00196968
802;0SS0060330SC;260;62;0.00458673
802;0SS0060330SC;261;62;0.00492069
802;0SS0060330SC;260;63;0.00282242
802;0MD006033MOJ;303;49;0.00195828
802;0MD006033MOJ;303;50;0.00330638
802;0MD006033MOJ;304;50;0.00230692
802;0MD006033MOJ;304;51;0.00451784
802;0MD006033MOJ;305;51;0.00228607
802;0MD006033MOJ;304;52;0.00373546
802;0MD006033MOJ;305;52;0.00576331
802;0MD006033MOJ;296;53;0.00183181
802;0MD006033MOJ;297;53;0.06884107
802;0MD006033MOJ;298;53;0.07064508
802;0MD006033MOJ;299;53;0.06402216
802;0MD006033MOJ;305;53;0.01371185
802;0MD006033MOJ;306;53;0.00366785
802;0MD006033MOJ;296;54;0.04399774
802;0MD006033MOJ;297;54;0.00359198
802;0MD006033MOJ;299;54;0.00978410
802;0MD006033MOJ;300;54;0.07070342
802;0MD006033MOJ;301;54;0.07049318
802;0MD006033MOJ;302;54;0.07055249
802;0MD006033MOJ;303;54;0.07083081
802;0MD006033MOJ;304;54;0.07044756
802;0MD006033MOJ;305;54;0.07725180
802;0MD006033MOJ;306;54;0.10393590
802;0MD006033MOJ;307;54;0.07541879
802;0MD006033MOJ;308;54;0.00649801
802;0MD006033MOJ;298;55;0.00179695
802;0MD006033MOJ;299;55;0.00016468
802;0MD006033MOJ;306;55;0.00047711
802;0MD006033MOJ;307;55;0.00528062
802;0MD006033MOJ;298;56;0.00239194
802;0MD006033MOJ;306;56;0.00067169
802;0MD006033MOJ;307;56;0.00512395
802;0MD006033MOJ;298;57;0.00190113
802;0MD006033MOJ;306;57;0.00042157
802;0MD006033MOJ;307;57;0.00652866
802;0MD006033MOJ;308;57;0.00280115
802;0MD006033MOJ;297;58;0.00145218
802;0MD006033MOJ;298;58;0.00045669
802;0MD006033MOJ;308;58;0.00566306
802;0MD006033MOJ;297;59;0.00196411
802;0MD006033MOJ;298;59;0.00038198
802;0MD006033MOJ;307;59;0.00453541
802;0MD006033MOJ;308;59;0.00126369
802;0MD006033MOJ;297;60;0.00007895
802;0MD006033MOJ;298;60;0.00037398
802;0MD006033MOJ;307;60;0.00575069
802;0MD006033MOJ;296;61;0.00001343
802;0MD006033MOJ;297;61;0.00007356
802;0MD006033MOJ;307;61;0.00566980
802;0MD006033MOJ;296;62;0.00005898
802;0MD006033MOJ;307;62;0.00585429
802;0MD006033MOJ;307;63;0.00453178
802;0MD006033MOJ;307;64;0.00386617
802;0MD006033MOJ;308;64;0.00071833
802;0MD006033MOJ;308;65;0.00385565
802;0MD006033MOJ;300;66;0.00023562
802;0MD006033MOJ;308;66;0.00350307
802;0MD006033MOJ;301;67;0.00022202
802;0MD006033MOJ;308;67;0.00181728
802;0MD0060330SC;295;52;0.00340597
802;0MD0060330SC;294;53;0.00295929
802;0MD0060330SC;295;53;0.00706742
802;0MD0060330SC;296;53;0.00125683
802;0MD0060330SC;284;54;0.02231835
802;0MD0060330SC;292;54;0.00178421
802;0MD0060330SC;293;54;0.04226773
802;0MD0060330SC;294;54;0.07719079
802;0MD0060330SC;295;54;0.07857349
802;0MD0060330SC;296;54;0.02799603
802;0MD0060330SC;284;55;0.01513329
802;0MD0060330SC;285;55;0.08381398
802;0MD0060330SC;286;55;0.08345142
802;0MD0060330SC;287;55;0.07184186
802;0MD0060330SC;289;55;0.05476918
802;0MD0060330SC;290;55;0.07916202
802;0MD0060330SC;291;55;0.08026581
802;0MD0060330SC;292;55;0.07856753
802;0MD0060330SC;293;55;0.03807711
802;0MD0060330SC;278;56;0.00018387
802;0MD0060330SC;287;56;0.01112101
802;0MD0060330SC;288;56;0.08062201
802;0MD0060330SC;289;56;0.02245940
802;0MD0060330SC;278;57;0.00026046
802;0MD0060330SC;279;57;0.00032991
802;0MD0060330SC;288;57;0.00028822
802;0MD0060330SC;289;57;0.00298314
802;0MD0060330SC;279;58;0.00060330
802;0MD0060330SC;289;58;0.00069879
802;0MD0060330SC;290;58;0.00254898
802;0MD0060330SC;278;59;0.00032524
802;0MD0060330SC;279;59;0.00036798
802;0MD0060330SC;290;59;0.00129849
802;0MD0060330SC;291;59;0.00156498
802;0MD0060330SC;276;60;0.00006910
802;0MD0060330SC;277;60;0.00050371
802;0MD0060330SC;278;60;0.00041453
802;0MD0060330SC;291;60;0.00244496
802;0MD0060330SC;274;61;0.00042230
802;0MD0060330SC;275;61;0.00052852
802;0MD0060330SC;276;61;0.00048456
802;0MD0060330SC;277;61;0.00003401
802;0MD0060330SC;291;61;0.00253857
802;0MD0060330SC;292;61;0.00008089
802;0MD0060330SC;293;61;0.00008091
802;0MD0060330SC;294;61;0.00009578
802;0MD0060330SC;295;61;0.00000568
802;0MD0060330SC;273;62;0.00037312
802;0MD0060330SC;274;62;0.00033821
802;0MD0060330SC;291;62;0.00254418
802;0MD0060330SC;294;62;0.00000600
802;0MD0060330SC;295;62;0.00008899
802;0MD0060330SC;296;62;0.00001490
802;0MD0060330SC;273;63;0.00047533
802;0MD0060330SC;291;63;0.00254421
802;0MD0060330SC;273;64;0.00001321
802;0MD0060330SC;291;64;0.00254422
802;0MD0060330SC;289;65;0.00012674
802;0MD0060330SC;290;65;0.00031117
802;0MD0060330SC;291;65;0.00289786
802;0MD0060330SC;292;65;0.00097287
802;0MD0060330SC;289;66;0.00005098
802;0MD0060330SC;292;66;0.00199822
802;0MD0060330SC;293;66;0.00143818
