#GRID CA_State4k -684000. -564000. 4000. 4000. 321 291 1 LAMBERT METERS 30. 60. -120.5 -120.5 37.
809;0SC0060300SC;238;44;0.00163694
809;0SC0060300SC;237;45;0.00202203
809;0SC0060300SC;238;45;0.01365227
809;0SC0060300SC;235;46;0.00017305
809;0SC0060300SC;236;46;0.00970126
809;0SC0060300SC;237;46;0.01705040
809;0SC0060300SC;238;46;0.00101550
809;0SC0060300SC;239;46;0.00008667
809;0SC0060300SC;234;47;0.00018585
809;0SC0060300SC;235;47;0.00114436
809;0SC0060300SC;236;47;0.01773807
809;0SC0060300SC;237;47;0.00038702
809;0SC0060300SC;238;47;0.00013413
809;0SC0060300SC;239;47;0.00003421
809;0SC0060300SC;233;48;0.00033897
809;0SC0060300SC;234;48;0.00110260
809;0SC0060300SC;235;48;0.00100703
809;0SC0060300SC;236;48;0.01897419
809;0SC0060300SC;237;48;0.00095559
809;0SC0060300SC;238;48;0.00092079
809;0SC0060300SC;239;48;0.00038914
809;0SC0060300SC;232;49;0.00072732
809;0SC0060300SC;233;49;0.00050606
809;0SC0060300SC;234;49;0.00093659
809;0SC0060300SC;235;49;0.00270219
809;0SC0060300SC;236;49;0.01992958
809;0SC0060300SC;237;49;0.00208251
809;0SC0060300SC;238;49;0.00022846
809;0SC0060300SC;239;49;0.00043214
809;0SC0060300SC;230;50;0.00110077
809;0SC0060300SC;231;50;0.00173816
809;0SC0060300SC;232;50;0.00129893
809;0SC0060300SC;233;50;0.00052652
809;0SC0060300SC;234;50;0.00137973
809;0SC0060300SC;235;50;0.01587357
809;0SC0060300SC;236;50;0.01898717
809;0SC0060300SC;237;50;0.00159267
809;0SC0060300SC;238;50;0.00010512
809;0SC0060300SC;239;50;0.00008732
809;0SC0060300SC;240;50;0.00032671
809;0SC0060300SC;241;50;0.00019178
809;0SC0060300SC;228;51;0.00017754
809;0SC0060300SC;229;51;0.00152083
809;0SC0060300SC;230;51;0.00352713
809;0SC0060300SC;231;51;0.00387588
809;0SC0060300SC;232;51;0.00545190
809;0SC0060300SC;233;51;0.00124406
809;0SC0060300SC;234;51;0.02279303
809;0SC0060300SC;235;51;0.02489776
809;0SC0060300SC;236;51;0.00253121
809;0SC0060300SC;237;51;0.00270869
809;0SC0060300SC;238;51;0.00140067
809;0SC0060300SC;241;51;0.00003893
809;0SC0060300SC;227;52;0.00014194
809;0SC0060300SC;228;52;0.00136201
809;0SC0060300SC;229;52;0.00259107
809;0SC0060300SC;230;52;0.01859524
809;0SC0060300SC;231;52;0.02595349
809;0SC0060300SC;232;52;0.02522014
809;0SC0060300SC;233;52;0.01666612
809;0SC0060300SC;234;52;0.02408079
809;0SC0060300SC;235;52;0.00227006
809;0SC0060300SC;236;52;0.00559754
809;0SC0060300SC;237;52;0.00124471
809;0SC0060300SC;238;52;0.00014645
809;0SC0060300SC;226;53;0.00021596
809;0SC0060300SC;227;53;0.00097482
809;0SC0060300SC;228;53;0.00366936
809;0SC0060300SC;229;53;0.02759570
809;0SC0060300SC;230;53;0.00891234
809;0SC0060300SC;231;53;0.00561940
809;0SC0060300SC;232;53;0.01775440
809;0SC0060300SC;233;53;0.02283410
809;0SC0060300SC;234;53;0.00761110
809;0SC0060300SC;235;53;0.00588755
809;0SC0060300SC;236;53;0.00016190
809;0SC0060300SC;237;53;0.00013766
809;0SC0060300SC;226;54;0.00499250
809;0SC0060300SC;227;54;0.02603987
809;0SC0060300SC;228;54;0.03339072
809;0SC0060300SC;229;54;0.01016237
809;0SC0060300SC;230;54;0.01034734
809;0SC0060300SC;231;54;0.00971659
809;0SC0060300SC;232;54;0.03268898
809;0SC0060300SC;233;54;0.00413158
809;0SC0060300SC;234;54;0.00207983
809;0SC0060300SC;235;54;0.00479296
809;0SC0060300SC;236;54;0.00025999
809;0SC0060300SC;237;54;0.00004120
809;0SC0060300SC;226;55;0.00743234
809;0SC0060300SC;227;55;0.00416864
809;0SC0060300SC;228;55;0.00539456
809;0SC0060300SC;229;55;0.00330006
809;0SC0060300SC;230;55;0.00392585
809;0SC0060300SC;231;55;0.03839068
809;0SC0060300SC;232;55;0.01411312
809;0SC0060300SC;233;55;0.00107198
809;0SC0060300SC;234;55;0.00604523
809;0SC0060300SC;235;55;0.00173847
809;0SC0060300SC;227;56;0.00127651
809;0SC0060300SC;228;56;0.00474329
809;0SC0060300SC;229;56;0.00966529
809;0SC0060300SC;230;56;0.02251064
809;0SC0060300SC;231;56;0.01432417
809;0SC0060300SC;232;56;0.01367809
809;0SC0060300SC;233;56;0.00112355
809;0SC0060300SC;234;56;0.00029796
809;0SC0060300SC;235;56;0.00531014
809;0SC0060300SC;227;57;0.00182631
809;0SC0060300SC;228;57;0.02711741
809;0SC0060300SC;229;57;0.03213103
809;0SC0060300SC;230;57;0.02050718
809;0SC0060300SC;231;57;0.03063154
809;0SC0060300SC;232;57;0.02184151
809;0SC0060300SC;233;57;0.02093909
809;0SC0060300SC;234;57;0.01783379
809;0SC0060300SC;235;57;0.02463971
809;0SC0060300SC;236;57;0.00563263
809;0SC0060300SC;228;58;0.00032190
809;0SC0060300SC;229;58;0.00311390
809;0SC0060300SC;230;58;0.00412720
809;0SC0060300SC;231;58;0.01480422
809;0SC0060300SC;232;58;0.00286718
809;0SC0060300SC;233;58;0.00111596
809;0SC0060300SC;234;58;0.00036820
809;0SC0060300SC;235;58;0.00004229
809;0SC0060300SC;229;59;0.00180850
809;0SC0060300SC;230;59;0.00292907
809;0SC0060300SC;231;59;0.01127662
809;0SC0060300SC;232;59;0.00166805
809;0SC0060300SC;233;59;0.00048732
809;0SV006052TEH;136;218;0.04129260
809;0SV006052TEH;136;219;0.04434213
809;0SV006052TEH;136;220;0.04434217
809;0SV006052TEH;138;220;0.00248781
809;0SV006052TEH;139;220;0.00020395
809;0SV006052TEH;140;220;0.00497137
809;0SV006052TEH;141;220;0.02451333
809;0SV006052TEH;136;221;0.04675105
809;0SV006052TEH;137;221;0.00752266
809;0SV006052TEH;138;221;0.00161378
809;0SV006052TEH;139;221;0.00626815
809;0SV006052TEH;140;221;0.02117526
809;0SV006052TEH;136;222;0.04710267
809;0SV006052TEH;137;222;0.00368283
809;0SV006052TEH;139;222;0.01697504
809;0SV006052TEH;136;223;0.04569861
809;0SV006052TEH;137;223;0.00604035
809;0SV006052TEH;138;223;0.00203472
809;0SV006052TEH;139;223;0.01404270
809;0SV006052TEH;136;224;0.04131270
809;0SV006052TEH;138;224;0.02189558
809;0SV006052TEH;149;224;0.00077988
809;0SV006052TEH;136;225;0.04131270
809;0SV006052TEH;137;225;0.00265002
809;0SV006052TEH;138;225;0.00909896
809;0SV006052TEH;149;225;0.00070592
809;0SV006052TEH;136;226;0.04353617
809;0SV006052TEH;137;226;0.00633552
809;0SV006052TEH;138;226;0.01019391
809;0SV006052TEH;149;226;0.00145712
809;0SV006052TEH;136;227;0.04971868
809;0SV006052TEH;137;227;0.00269275
809;0SV006052TEH;138;227;0.00832997
809;0SV006052TEH;149;227;0.00120105
809;0SV006052TEH;150;227;0.00056351
809;0SV006052TEH;135;228;0.00002440
809;0SV006052TEH;136;228;0.06634386
809;0SV006052TEH;137;228;0.00950285
809;0SV006052TEH;150;228;0.00135911
809;0SV006052TEH;151;228;0.00059187
809;0SV006052TEH;131;229;0.00016330
809;0SV006052TEH;132;229;0.00019809
809;0SV006052TEH;133;229;0.00019809
809;0SV006052TEH;134;229;0.00020531
809;0SV006052TEH;135;229;0.03701751
809;0SV006052TEH;136;229;0.02083449
809;0SV006052TEH;137;229;0.00036218
809;0SV006052TEH;151;229;0.00133075
809;0SV006052TEH;152;229;0.00062023
809;0SV006052TEH;129;230;0.00005314
809;0SV006052TEH;130;230;0.00024358
809;0SV006052TEH;131;230;0.00006253
809;0SV006052TEH;135;230;0.05523856
809;0SV006052TEH;136;230;0.00254652
809;0SV006052TEH;137;230;0.00003197
809;0SV006052TEH;138;230;0.00033978
809;0SV006052TEH;152;230;0.00130239
809;0SV006052TEH;153;230;0.00279421
809;0SV006052TEH;154;230;0.00115278
809;0SV006052TEH;126;231;0.00005566
809;0SV006052TEH;127;231;0.00020849
809;0SV006052TEH;128;231;0.00020849
809;0SV006052TEH;129;231;0.00015655
809;0SV006052TEH;135;231;0.05350360
809;0SV006052TEH;138;231;0.00019861
809;0SV006052TEH;139;231;0.00031153
809;0SV006052TEH;140;231;0.00031004
809;0SV006052TEH;141;231;0.00031004
809;0SV006052TEH;142;231;0.00002304
809;0SV006052TEH;152;231;0.00101406
809;0SV006052TEH;153;231;0.00024128
809;0SV006052TEH;123;232;0.00005939
809;0SV006052TEH;124;232;0.00020849
809;0SV006052TEH;125;232;0.00020849
809;0SV006052TEH;126;232;0.00015283
809;0SV006052TEH;135;232;0.05242974
809;0SV006052TEH;136;232;0.00028925
809;0SV006052TEH;142;232;0.00028700
809;0SV006052TEH;143;232;0.00031004
809;0SV006052TEH;144;232;0.00031004
809;0SV006052TEH;145;232;0.00031004
809;0SV006052TEH;146;232;0.00030805
809;0SV006052TEH;147;232;0.00030607
809;0SV006052TEH;148;232;0.00030607
809;0SV006052TEH;149;232;0.00031956
809;0SV006052TEH;150;232;0.00030604
809;0SV006052TEH;151;232;0.00141449
809;0SV006052TEH;152;232;0.00020407
809;0SV006052TEH;123;233;0.00069620
809;0SV006052TEH;135;233;0.05265665
809;0SV006052TEH;136;233;0.00296650
809;0SV006052TEH;150;233;0.00101165
809;0SV006052TEH;151;233;0.00012356
809;0SV006052TEH;150;234;0.00077002
809;0SV006052TEH;150;235;0.00214121
809;0SV006006COL;133;194;0.00065562
809;0SV006006COL;140;194;0.03746166
809;0SV006006COL;133;195;0.00155626
809;0SV006006COL;139;195;0.04041399
809;0SV006006COL;140;195;0.03135646
809;0SV006006COL;131;196;0.00051443
809;0SV006006COL;132;196;0.00672072
809;0SV006006COL;133;196;0.00185183
809;0SV006006COL;139;196;0.07429208
809;0SV006006COL;140;196;0.00012160
809;0SV006006COL;133;197;0.00529392
809;0SV006006COL;138;197;0.03627078
809;0SV006006COL;139;197;0.03246556
809;0SV006006COL;140;197;0.00106299
809;0SV006006COL;141;197;0.00059594
809;0SV006006COL;142;197;0.00017578
809;0SV006006COL;133;198;0.00529392
809;0SV006006COL;138;198;0.06720636
809;0SV006006COL;142;198;0.00079534
809;0SV006006COL;133;199;0.00506599
809;0SV006006COL;134;199;0.00278914
809;0SV006006COL;137;199;0.02770495
809;0SV006006COL;138;199;0.03897981
809;0SV006006COL;141;199;0.00048403
809;0SV006006COL;142;199;0.00021457
809;0SV006006COL;134;200;0.00379920
809;0SV006006COL;135;200;0.00547559
809;0SV006006COL;136;200;0.00524678
809;0SV006006COL;137;200;0.07041509
809;0SV006006COL;140;200;0.00012598
809;0SV006006COL;141;200;0.01071505
809;0SV006006COL;142;200;0.00841883
809;0SV006006COL;136;201;0.01155848
809;0SV006006COL;137;201;0.06515405
809;0SV006006COL;138;201;0.00829750
809;0SV006006COL;139;201;0.00738069
809;0SV006006COL;140;201;0.00801982
809;0SV006006COL;136;202;0.06446836
809;0SV006006COL;140;202;0.01020264
809;0SV006006COL;136;203;0.06749412
809;0SV006006COL;137;203;0.00687068
809;0SV006006COL;138;203;0.00687068
809;0SV006006COL;139;203;0.01062849
809;0SV006006COL;140;203;0.00544303
809;0SV006006COL;136;204;0.06463289
809;0SV006006COL;139;204;0.00308220
809;0SV006006COL;140;204;0.00157513
809;0SV006006COL;136;205;0.06343352
809;0SV006006COL;140;205;0.00484756
809;0SV006006COL;141;205;0.00049220
809;0SV006006COL;136;206;0.05860397
809;0SV006006COL;140;206;0.00415960
809;0SV006006COL;141;206;0.00023070
809;0SV006006COL;142;206;0.00044663
809;0SV006006COL;140;207;0.00256679
809;SCC0060420SB;194;70;0.01134920
809;SCC0060420SB;195;70;0.00341492
809;SCC0060420SB;185;71;0.00000683
809;SCC0060420SB;186;71;0.01391695
809;SCC0060420SB;187;71;0.00366623
809;SCC0060420SB;188;71;0.00125324
809;SCC0060420SB;189;71;0.03984737
809;SCC0060420SB;190;71;0.04842232
809;SCC0060420SB;191;71;0.03560774
809;SCC0060420SB;192;71;0.02968458
809;SCC0060420SB;193;71;0.03168320
809;SCC0060420SB;194;71;0.02183850
809;SCC0060420SB;195;71;0.00124824
809;SCC0060420SB;175;72;0.00002404
809;SCC0060420SB;180;72;0.00023559
809;SCC0060420SB;181;72;0.00673943
809;SCC0060420SB;182;72;0.00763943
809;SCC0060420SB;183;72;0.00808058
809;SCC0060420SB;184;72;0.00906006
809;SCC0060420SB;185;72;0.01182233
809;SCC0060420SB;186;72;0.03570736
809;SCC0060420SB;187;72;0.06120992
809;SCC0060420SB;188;72;0.06760227
809;SCC0060420SB;189;72;0.04559858
809;SCC0060420SB;190;72;0.00874311
809;SCC0060420SB;191;72;0.00394107
809;SCC0060420SB;192;72;0.00106164
809;SCC0060420SB;193;72;0.00007465
809;SCC0060420SB;175;73;0.00004988
809;SCC0060420SB;176;73;0.00018673
809;SCC0060420SB;177;73;0.00014983
809;SCC0060420SB;178;73;0.01235932
809;SCC0060420SB;179;73;0.00720756
809;SCC0060420SB;180;73;0.00740475
809;SCC0060420SB;181;73;0.00142384
809;SCC0060420SB;183;73;0.00000663
809;SCC0060420SB;184;73;0.00000634
809;SCC0060420SB;186;73;0.00000127
809;SCC0060420SB;187;73;0.00292979
809;SCC0060420SB;188;73;0.00461259
809;SCC0060420SB;189;73;0.00000002
809;SCC0060420SB;190;73;0.00000376
809;SCC0060420SB;191;73;0.00000001
809;SCC0060420SB;173;74;0.00011423
809;SCC0060420SB;174;74;0.00009875
809;SCC0060420SB;175;74;0.00339967
809;SCC0060420SB;176;74;0.00384563
809;SCC0060420SB;177;74;0.00381023
809;SCC0060420SB;178;74;0.00627218
809;SCC0060420SB;179;74;0.00013519
809;SCC0060420SB;181;74;0.00036388
809;SCC0060420SB;182;74;0.00021748
809;SCC0060420SB;183;74;0.00000324
809;SCC0060420SB;184;74;0.00000331
809;SCC0060420SB;185;74;0.00000146
809;SCC0060420SB;186;74;0.00274264
809;SCC0060420SB;187;74;0.00428851
809;SCC0060420SB;188;74;0.00006533
809;SCC0060420SB;189;74;0.00000009
809;SCC0060420SB;171;75;0.00000006
809;SCC0060420SB;172;75;0.00000003
809;SCC0060420SB;173;75;0.00001646
809;SCC0060420SB;174;75;0.00121435
809;SCC0060420SB;175;75;0.00287973
809;SCC0060420SB;178;75;0.00387856
809;SCC0060420SB;179;75;0.00015399
809;SCC0060420SB;180;75;0.00018709
809;SCC0060420SB;181;75;0.00073743
809;SCC0060420SB;183;75;0.00017416
809;SCC0060420SB;184;75;0.00398414
809;SCC0060420SB;185;75;0.00424637
809;SCC0060420SB;186;75;0.00154258
809;SCC0060420SB;187;75;0.00000829
809;SCC0060420SB;188;75;0.00000015
809;SCC0060420SB;189;75;0.00000007
809;SCC0060420SB;171;76;0.00000034
809;SCC0060420SB;172;76;0.00034410
809;SCC0060420SB;173;76;0.00232365
809;SCC0060420SB;174;76;0.00414942
809;SCC0060420SB;175;76;0.00009313
809;SCC0060420SB;176;76;0.00010868
809;SCC0060420SB;177;76;0.00009389
809;SCC0060420SB;178;76;0.00409580
809;SCC0060420SB;179;76;0.00636181
809;SCC0060420SB;180;76;0.00574547
809;SCC0060420SB;181;76;0.00288891
809;SCC0060420SB;182;76;0.00483700
809;SCC0060420SB;183;76;0.00367957
809;SCC0060420SB;171;77;0.00006302
809;SCC0060420SB;172;77;0.00662514
809;SCC0060420SB;173;77;0.01055466
809;SCC0060420SB;174;77;0.00010564
809;SCC0060420SB;175;77;0.00001390
809;SCC0060420SB;176;77;0.00418327
809;SCC0060420SB;177;77;0.00498394
809;SCC0060420SB;178;77;0.00761887
809;SCC0060420SB;179;77;0.00216848
809;SCC0060420SB;180;77;0.00092834
809;SCC0060420SB;181;77;0.00525506
809;SCC0060420SB;182;77;0.00017813
809;SCC0060420SB;183;77;0.00011118
809;SCC0060420SB;184;77;0.00001869
809;SCC0060420SB;170;78;0.00000001
809;SCC0060420SB;171;78;0.00008096
809;SCC0060420SB;172;78;0.01325245
809;SCC0060420SB;173;78;0.00725405
809;SCC0060420SB;174;78;0.00482445
809;SCC0060420SB;175;78;0.00502379
809;SCC0060420SB;176;78;0.00187739
809;SCC0060420SB;178;78;0.00000333
809;SCC0060420SB;179;78;0.00517956
809;SCC0060420SB;180;78;0.00532644
809;SCC0060420SB;181;78;0.00102935
809;SCC0060420SB;182;78;0.00005188
809;SCC0060420SB;184;78;0.00000214
809;SCC0060420SB;185;78;0.00000072
809;SCC0060420SB;170;79;0.00000060
809;SCC0060420SB;171;79;0.00043584
809;SCC0060420SB;172;79;0.00892867
809;SCC0060420SB;173;79;0.00294506
809;SCC0060420SB;176;79;0.00007473
809;SCC0060420SB;177;79;0.00003137
809;SCC0060420SB;178;79;0.00331928
809;SCC0060420SB;179;79;0.00734150
809;SCC0060420SB;180;79;0.00019573
809;SCC0060420SB;184;79;0.00000017
809;SCC0060420SB;185;79;0.00000141
809;SCC0060420SB;170;80;0.00000067
809;SCC0060420SB;171;80;0.00642247
809;SCC0060420SB;172;80;0.00137955
809;SCC0060420SB;173;80;0.00296996
809;SCC0060420SB;174;80;0.00009105
809;SCC0060420SB;175;80;0.00009228
809;SCC0060420SB;176;80;0.00401179
809;SCC0060420SB;177;80;0.00766549
809;SCC0060420SB;178;80;0.00393111
809;SCC0060420SB;179;80;0.00008340
809;SCC0060420SB;180;80;0.00011936
809;SCC0060420SB;181;80;0.00002523
809;SCC0060420SB;182;80;0.00000723
809;SCC0060420SB;183;80;0.00000029
809;SCC0060420SB;184;80;0.00000106
809;SCC0060420SB;185;80;0.00000036
809;SCC0060420SB;170;81;0.00004147
809;SCC0060420SB;171;81;0.00345474
809;SCC0060420SB;172;81;0.00607811
809;SCC0060420SB;173;81;0.00294075
809;SCC0060420SB;174;81;0.00004481
809;SCC0060420SB;175;81;0.00309289
809;SCC0060420SB;176;81;0.00636615
809;SCC0060420SB;177;81;0.00003332
809;SCC0060420SB;179;81;0.00018547
809;SCC0060420SB;180;81;0.00004786
809;SCC0060420SB;195;81;0.00013806
809;SCC0060420SB;171;82;0.00009521
809;SCC0060420SB;173;82;0.00709206
809;SCC0060420SB;174;82;0.00012145
809;SCC0060420SB;175;82;0.00830987
809;SCC0060420SB;176;82;0.00000192
809;SCC0060420SB;177;82;0.00005231
809;SCC0060420SB;178;82;0.00001899
809;SCC0060420SB;179;82;0.00000304
809;SCC0060420SB;193;82;0.00000001
809;SCC0060420SB;195;82;0.00008614
809;SCC0060420SB;171;83;0.00016186
809;SCC0060420SB;172;83;0.00038244
809;SCC0060420SB;173;83;0.01142677
809;SCC0060420SB;174;83;0.01049733
809;SCC0060420SB;175;83;0.00029009
809;SCC0060420SB;176;83;0.00028415
809;SCC0060420SB;177;83;0.00037498
809;SCC0060420SB;193;83;0.00000002
809;SCC0060420SB;194;83;0.00008812
809;SCC0060420SB;195;83;0.00002637
809;SCC0060420SB;171;84;0.00124268
809;SCC0060420SB;172;84;0.00233103
809;SCC0060420SB;173;84;0.03026399
809;SCC0060420SB;174;84;0.00423548
809;SCC0060420SB;175;84;0.00035798
809;SCC0060420SB;176;84;0.00078170
809;SCC0060420SB;177;84;0.00055041
809;SCC0060420SB;178;84;0.00002136
809;SCC0060420SB;190;84;0.00000027
809;SCC0060420SB;191;84;0.00000154
809;SCC0060420SB;192;84;0.00006086
809;SCC0060420SB;193;84;0.00000001
809;SCC0060420SB;194;84;0.00011794
809;SCC0060420SB;170;85;0.00125785
809;SCC0060420SB;171;85;0.00049545
809;SCC0060420SB;172;85;0.00411791
809;SCC0060420SB;173;85;0.05061037
809;SCC0060420SB;174;85;0.00093516
809;SCC0060420SB;175;85;0.00051338
809;SCC0060420SB;176;85;0.00002752
809;SCC0060420SB;178;85;0.00000595
809;SCC0060420SB;190;85;0.00006917
809;SCC0060420SB;191;85;0.00021516
809;SCC0060420SB;192;85;0.00024696
809;SCC0060420SB;170;86;0.00517081
809;SCC0060420SB;171;86;0.00388575
809;SCC0060420SB;172;86;0.00376652
809;SCC0060420SB;173;86;0.05255576
809;SCC0060420SB;174;86;0.00153336
809;SCC0060420SB;178;86;0.00003555
809;SCC0060420SB;186;86;0.00000168
809;SCC0060420SB;188;86;0.00010927
809;SCC0060420SB;189;86;0.00050394
809;SCC0060420SB;190;86;0.00042160
809;SCC0060420SB;191;86;0.00014998
809;SCC0060420SB;171;87;0.00000079
809;SCC0060420SB;173;87;0.00778856
809;SCC0060420SB;178;87;0.00001437
809;SCC0060420SB;186;87;0.00014938
809;SCC0060420SB;187;87;0.00030242
809;SCC0060420SB;188;87;0.00018997
809;SCC0060420SB;177;88;0.00005103
809;SCC0060420SB;178;88;0.00039785
809;SCC0060420SB;179;88;0.00010732
809;SCC0060420SB;185;88;0.00008705
809;SCC0060420SB;186;88;0.00018362
809;SCC0060420SB;179;89;0.00032774
809;SCC0060420SB;179;90;0.00001029
809;SCC0060420SB;180;90;0.00026109
809;SCC0060420SB;181;90;0.00007819
809;GBV006026GBU;212;155;0.02839947
809;GBV006026GBU;213;155;0.00396462
809;GBV006026GBU;218;155;0.00162844
809;GBV006026GBU;227;155;0.00015596
809;GBV006026GBU;228;155;0.00030649
809;GBV006026GBU;229;155;0.00007072
809;GBV006026GBU;212;156;0.03416128
809;GBV006026GBU;217;156;0.00180240
809;GBV006026GBU;218;156;0.00017827
809;GBV006026GBU;227;156;0.00015511
809;GBV006026GBU;228;156;0.00002034
809;GBV006026GBU;210;157;0.01220926
809;GBV006026GBU;211;157;0.02818421
809;GBV006026GBU;212;157;0.00461137
809;GBV006026GBU;217;157;0.00198067
809;GBV006026GBU;207;158;0.00389988
809;GBV006026GBU;208;158;0.02073410
809;GBV006026GBU;209;158;0.02073410
809;GBV006026GBU;210;158;0.00852484
809;GBV006026GBU;217;158;0.00198067
809;GBV006026GBU;204;159;0.00002675
809;GBV006026GBU;205;159;0.01133377
809;GBV006026GBU;206;159;0.02073410
809;GBV006026GBU;207;159;0.01683423
809;GBV006026GBU;216;159;0.00145295
809;GBV006026GBU;217;159;0.00052772
809;GBV006026GBU;205;160;0.01494747
809;GBV006026GBU;216;160;0.00198067
809;GBV006026GBU;204;161;0.01663505
809;GBV006026GBU;205;161;0.00648730
809;GBV006026GBU;216;161;0.00198067
809;GBV006026GBU;203;162;0.00591522
809;GBV006026GBU;204;162;0.01878463
809;GBV006026GBU;215;162;0.00110350
809;GBV006026GBU;216;162;0.00087717
809;GBV006026GBU;203;163;0.02469985
809;GBV006026GBU;213;163;0.00257533
809;GBV006026GBU;214;163;0.00008719
809;GBV006026GBU;215;163;0.00198067
809;GBV006026GBU;202;164;0.01773651
809;GBV006026GBU;203;164;0.00480460
809;GBV006026GBU;212;164;0.00245472
809;GBV006026GBU;213;164;0.00245404
809;GBV006026GBU;214;164;0.00429489
809;GBV006026GBU;215;164;0.00418401
809;GBV006026GBU;202;165;0.02178668
809;GBV006026GBU;211;165;0.00198982
809;GBV006026GBU;212;165;0.00291893
809;GBV006026GBU;215;165;0.00570763
809;GBV006026GBU;198;166;0.00055047
809;GBV006026GBU;201;166;0.00609772
809;GBV006026GBU;202;166;0.02086669
809;GBV006026GBU;203;166;0.00365399
809;GBV006026GBU;204;166;0.00365399
809;GBV006026GBU;205;166;0.00365399
809;GBV006026GBU;206;166;0.00365399
809;GBV006026GBU;207;166;0.00012564
809;GBV006026GBU;210;166;0.00152493
809;GBV006026GBU;211;166;0.00338383
809;GBV006026GBU;215;166;0.00638412
809;GBV006026GBU;216;166;0.00056727
809;GBV006026GBU;198;167;0.00072441
809;GBV006026GBU;199;167;0.00256027
809;GBV006026GBU;200;167;0.00256027
809;GBV006026GBU;201;167;0.02653692
809;GBV006026GBU;207;167;0.00352835
809;GBV006026GBU;208;167;0.00365399
809;GBV006026GBU;209;167;0.00365399
809;GBV006026GBU;210;167;0.00325409
809;GBV006026GBU;216;167;0.00008081
809;GBV006026GBU;201;168;0.01698062
809;GBV006026GBU;200;169;0.00949399
809;GBV006026GBU;201;169;0.00741181
809;GBV006026GBU;200;170;0.01644130
809;GBV006026GBU;201;170;0.00011844
809;GBV006026GBU;200;171;0.01586632
809;GBV006026GBU;201;171;0.00005386
809;GBV006026GBU;202;171;0.00017229
809;GBV006026GBU;203;171;0.00017024
809;GBV006026GBU;199;172;0.00479197
809;GBV006026GBU;200;172;0.01107044
809;GBV006026GBU;203;172;0.00000205
809;GBV006026GBU;204;172;0.00017229
809;GBV006026GBU;205;172;0.00017229
809;GBV006026GBU;206;172;0.00004975
809;GBV006026GBU;199;173;0.01586241
809;GBV006026GBU;206;173;0.00012254
809;GBV006026GBU;207;173;0.00017229
809;GBV006026GBU;208;173;0.00003766
809;GBV006026GBU;199;174;0.01583916
809;GBV006026GBU;199;175;0.01589150
809;GBV006026GBU;197;176;0.00889801
809;GBV006026GBU;198;176;0.01905753
809;GBV006026GBU;199;176;0.00702467
809;GBV006026GBU;197;177;0.01844433
809;GBV006026GBU;199;177;0.00081940
809;GBV006026GBU;190;178;0.00780967
809;GBV006026GBU;191;178;0.01161837
809;GBV006026GBU;192;178;0.01162776
809;GBV006026GBU;193;178;0.01163979
809;GBV006026GBU;194;178;0.02131069
809;GBV006026GBU;195;178;0.01655722
809;GBV006026GBU;196;178;0.01762567
809;GBV006026GBU;197;178;0.00998299
809;GBV006026GBU;199;178;0.00081940
809;GBV006026GBU;193;179;0.00082686
809;GBV006026GBU;194;179;0.01952996
809;GBV006026GBU;199;179;0.00027609
809;GBV006026GBU;200;179;0.00054331
809;GBV006026GBU;193;180;0.02035682
809;GBV006026GBU;200;180;0.00052397
809;GBV006026GBU;193;181;0.02043017
809;GBV006026GBU;193;182;0.02051184
809;GBV006026GBU;193;183;0.02051184
809;GBV006026GBU;192;184;0.01133358
809;GBV006026GBU;193;184;0.00917826
809;GBV006026GBU;192;185;0.02051184
809;GBV006026GBU;191;186;0.00077131
809;GBV006026GBU;192;186;0.03222055
809;GBV006026GBU;191;187;0.02022880
809;GBV006026GBU;192;187;0.01644815
809;NCC006027MBU;162;109;0.00000568
809;NCC006027MBU;166;109;0.00183031
809;NCC006027MBU;151;110;0.00040792
809;NCC006027MBU;152;110;0.00082563
809;NCC006027MBU;165;110;0.00459180
809;NCC006027MBU;166;110;0.00533091
809;NCC006027MBU;169;110;0.00000016
809;NCC006027MBU;170;110;0.00000011
809;NCC006027MBU;150;111;0.00057589
809;NCC006027MBU;151;111;0.00109569
809;NCC006027MBU;162;111;0.00015090
809;NCC006027MBU;163;111;0.00027238
809;NCC006027MBU;164;111;0.00649438
809;NCC006027MBU;165;111;0.00173344
809;NCC006027MBU;166;111;0.00010439
809;NCC006027MBU;170;111;0.00000105
809;NCC006027MBU;173;111;0.00003292
809;NCC006027MBU;150;112;0.00137806
809;NCC006027MBU;159;112;0.00001423
809;NCC006027MBU;160;112;0.00006663
809;NCC006027MBU;161;112;0.00006069
809;NCC006027MBU;162;112;0.00002611
809;NCC006027MBU;163;112;0.00211610
809;NCC006027MBU;164;112;0.00499970
809;NCC006027MBU;166;112;0.00002817
809;NCC006027MBU;167;112;0.00010965
809;NCC006027MBU;168;112;0.00000563
809;NCC006027MBU;170;112;0.00000037
809;NCC006027MBU;171;112;0.00003772
809;NCC006027MBU;172;112;0.00013662
809;NCC006027MBU;173;112;0.00005746
809;NCC006027MBU;150;113;0.00134900
809;NCC006027MBU;154;113;0.00005942
809;NCC006027MBU;157;113;0.00006328
809;NCC006027MBU;158;113;0.00011218
809;NCC006027MBU;159;113;0.00006610
809;NCC006027MBU;163;113;0.00658471
809;NCC006027MBU;168;113;0.00003150
809;NCC006027MBU;169;113;0.00000360
809;NCC006027MBU;170;113;0.00003709
809;NCC006027MBU;171;113;0.00012735
809;NCC006027MBU;149;114;0.00021765
809;NCC006027MBU;150;114;0.00169038
809;NCC006027MBU;152;114;0.00006268
809;NCC006027MBU;153;114;0.00010997
809;NCC006027MBU;154;114;0.00003587
809;NCC006027MBU;155;114;0.00015861
809;NCC006027MBU;156;114;0.00004134
809;NCC006027MBU;157;114;0.00003606
809;NCC006027MBU;159;114;0.00002463
809;NCC006027MBU;160;114;0.00001752
809;NCC006027MBU;161;114;0.00001478
809;NCC006027MBU;162;114;0.00199798
809;NCC006027MBU;163;114;0.00443768
809;NCC006027MBU;168;114;0.00000024
809;NCC006027MBU;169;114;0.00002873
809;NCC006027MBU;170;114;0.00015945
809;NCC006027MBU;148;115;0.00139637
809;NCC006027MBU;149;115;0.00061182
809;NCC006027MBU;150;115;0.00004304
809;NCC006027MBU;151;115;0.00015185
809;NCC006027MBU;152;115;0.00006373
809;NCC006027MBU;154;115;0.00000066
809;NCC006027MBU;155;115;0.00005679
809;NCC006027MBU;156;115;0.00000574
809;NCC006027MBU;157;115;0.00003108
809;NCC006027MBU;159;115;0.00002165
809;NCC006027MBU;161;115;0.00023911
809;NCC006027MBU;162;115;0.00792007
809;NCC006027MBU;163;115;0.00029591
809;NCC006027MBU;168;115;0.00000025
809;NCC006027MBU;169;115;0.00013767
809;NCC006027MBU;170;115;0.00005575
809;NCC006027MBU;147;116;0.00012774
809;NCC006027MBU;148;116;0.00103576
809;NCC006027MBU;152;116;0.00000028
809;NCC006027MBU;153;116;0.00001506
809;NCC006027MBU;154;116;0.00007505
809;NCC006027MBU;155;116;0.00000219
809;NCC006027MBU;156;116;0.00025297
809;NCC006027MBU;157;116;0.00009735
809;NCC006027MBU;159;116;0.00001945
809;NCC006027MBU;160;116;0.00012386
809;NCC006027MBU;161;116;0.00843552
809;NCC006027MBU;162;116;0.00001490
809;NCC006027MBU;168;116;0.00009365
809;NCC006027MBU;169;116;0.00005869
809;NCC006027MBU;147;117;0.00169405
809;NCC006027MBU;150;117;0.00000020
809;NCC006027MBU;151;117;0.00000122
809;NCC006027MBU;152;117;0.00000082
809;NCC006027MBU;154;117;0.00001614
809;NCC006027MBU;155;117;0.00014004
809;NCC006027MBU;157;117;0.00036158
809;NCC006027MBU;158;117;0.00011234
809;NCC006027MBU;159;117;0.00005300
809;NCC006027MBU;160;117;0.00782129
809;NCC006027MBU;161;117;0.00012293
809;NCC006027MBU;162;117;0.00002900
809;NCC006027MBU;163;117;0.00000546
809;NCC006027MBU;167;117;0.00011960
809;NCC006027MBU;168;117;0.00006507
809;NCC006027MBU;146;118;0.00121386
809;NCC006027MBU;147;118;0.00083064
809;NCC006027MBU;150;118;0.00000213
809;NCC006027MBU;154;118;0.00000006
809;NCC006027MBU;155;118;0.00005605
809;NCC006027MBU;156;118;0.00007224
809;NCC006027MBU;158;118;0.00026984
809;NCC006027MBU;160;118;0.00834695
809;NCC006027MBU;161;118;0.00027839
809;NCC006027MBU;162;118;0.00044412
809;NCC006027MBU;163;118;0.00000451
809;NCC006027MBU;166;118;0.00015822
809;NCC006027MBU;167;118;0.00000016
809;NCC006027MBU;145;119;0.00077494
809;NCC006027MBU;146;119;0.00118403
809;NCC006027MBU;147;119;0.00065721
809;NCC006027MBU;150;119;0.00000144
809;NCC006027MBU;154;119;0.00000016
809;NCC006027MBU;156;119;0.00000951
809;NCC006027MBU;157;119;0.00038222
809;NCC006027MBU;158;119;0.00040265
809;NCC006027MBU;159;119;0.00707414
809;NCC006027MBU;160;119;0.00075623
809;NCC006027MBU;161;119;0.00043914
809;NCC006027MBU;162;119;0.00020000
809;NCC006027MBU;163;119;0.00066046
809;NCC006027MBU;164;119;0.00086134
809;NCC006027MBU;165;119;0.00023272
809;NCC006027MBU;166;119;0.00009408
809;NCC006027MBU;167;119;0.00007492
809;NCC006027MBU;144;120;0.00108405
809;NCC006027MBU;145;120;0.00233024
809;NCC006027MBU;146;120;0.00104205
809;NCC006027MBU;150;120;0.00000224
809;NCC006027MBU;154;120;0.00000016
809;NCC006027MBU;157;120;0.01129209
809;NCC006027MBU;158;120;0.00911977
809;NCC006027MBU;159;120;0.00302355
809;NCC006027MBU;163;120;0.00016896
809;NCC006027MBU;164;120;0.00035966
809;NCC006027MBU;165;120;0.00037901
809;NCC006027MBU;166;120;0.00038488
809;NCC006027MBU;167;120;0.00019544
809;NCC006027MBU;143;121;0.00095336
809;NCC006027MBU;144;121;0.00290893
809;NCC006027MBU;145;121;0.00031688
809;NCC006027MBU;150;121;0.00000157
809;NCC006027MBU;151;121;0.00015689
809;NCC006027MBU;154;121;0.00000014
809;NCC006027MBU;157;121;0.00874987
809;NCC006027MBU;158;121;0.00050844
809;NCC006027MBU;159;121;0.00008013
809;NCC006027MBU;160;121;0.00003417
809;NCC006027MBU;161;121;0.00000472
809;NCC006027MBU;162;121;0.00015573
809;NCC006027MBU;163;121;0.00024329
809;NCC006027MBU;142;122;0.00227219
809;NCC006027MBU;143;122;0.00258329
809;NCC006027MBU;150;122;0.00000963
809;NCC006027MBU;151;122;0.00007335
809;NCC006027MBU;152;122;0.00024025
809;NCC006027MBU;153;122;0.00027273
809;NCC006027MBU;154;122;0.00021144
809;NCC006027MBU;155;122;0.00025734
809;NCC006027MBU;156;122;0.00794368
809;NCC006027MBU;157;122;0.00344850
809;NCC006027MBU;159;122;0.00013271
809;NCC006027MBU;161;122;0.00000289
809;NCC006027MBU;162;122;0.00033234
809;NCC006027MBU;163;122;0.00001523
809;NCC006027MBU;164;122;0.00000654
809;NCC006027MBU;141;123;0.00262867
809;NCC006027MBU;142;123;0.00072367
809;NCC006027MBU;150;123;0.00002806
809;NCC006027MBU;154;123;0.00015595
809;NCC006027MBU;155;123;0.00987963
809;NCC006027MBU;156;123;0.00434368
809;NCC006027MBU;157;123;0.00020336
809;NCC006027MBU;159;123;0.00000844
809;NCC006027MBU;160;123;0.00002762
809;NCC006027MBU;162;123;0.00001907
809;NCC006027MBU;163;123;0.00000358
809;NCC006027MBU;141;124;0.00337874
809;NCC006027MBU;148;124;0.00000512
809;NCC006027MBU;149;124;0.00002764
809;NCC006027MBU;150;124;0.00000646
809;NCC006027MBU;153;124;0.00003050
809;NCC006027MBU;154;124;0.00327060
809;NCC006027MBU;155;124;0.00977073
809;NCC006027MBU;156;124;0.00040817
809;NCC006027MBU;141;125;0.00279538
809;NCC006027MBU;148;125;0.00005393
809;NCC006027MBU;152;125;0.00000618
809;NCC006027MBU;153;125;0.00068840
809;NCC006027MBU;154;125;0.01256434
809;NCC006027MBU;155;125;0.00002884
809;NCC006027MBU;140;126;0.00043610
809;NCC006027MBU;141;126;0.00317237
809;NCC006027MBU;143;126;0.00004570
809;NCC006027MBU;144;126;0.00000501
809;NCC006027MBU;147;126;0.00030510
809;NCC006027MBU;148;126;0.00006326
809;NCC006027MBU;151;126;0.00002474
809;NCC006027MBU;152;126;0.00005602
809;NCC006027MBU;153;126;0.01219075
809;NCC006027MBU;154;126;0.00419741
809;NCC006027MBU;155;126;0.00019701
809;NCC006027MBU;156;126;0.00005383
809;NCC006027MBU;140;127;0.00336864
809;NCC006027MBU;143;127;0.00006850
809;NCC006027MBU;145;127;0.00087946
809;NCC006027MBU;146;127;0.00056306
809;NCC006027MBU;147;127;0.00002533
809;NCC006027MBU;150;127;0.00008010
809;NCC006027MBU;151;127;0.00009730
809;NCC006027MBU;152;127;0.01300609
809;NCC006027MBU;153;127;0.00432087
809;NCC006027MBU;156;127;0.00006855
809;NCC006027MBU;140;128;0.00349906
809;NCC006027MBU;143;128;0.00008745
809;NCC006027MBU;144;128;0.00522874
809;NCC006027MBU;145;128;0.00052614
809;NCC006027MBU;149;128;0.00000286
809;NCC006027MBU;150;128;0.00013422
809;NCC006027MBU;151;128;0.01327653
809;NCC006027MBU;152;128;0.00110231
809;NCC006027MBU;156;128;0.00001270
809;NCC006027MBU;140;129;0.00278698
809;NCC006027MBU;141;129;0.01017630
809;NCC006027MBU;142;129;0.00522368
809;NCC006027MBU;143;129;0.00380251
809;NCC006027MBU;144;129;0.00427128
809;NCC006027MBU;146;129;0.00022048
809;NCC006027MBU;149;129;0.00000860
809;NCC006027MBU;150;129;0.01473350
809;NCC006027MBU;151;129;0.00698934
809;NCC006027MBU;152;129;0.00012658
809;NCC006027MBU;140;130;0.00366213
809;NCC006027MBU;141;130;0.02902376
809;NCC006027MBU;142;130;0.00720796
809;NCC006027MBU;143;130;0.00928210
809;NCC006027MBU;144;130;0.00995854
809;NCC006027MBU;145;130;0.00658277
809;NCC006027MBU;146;130;0.00004124
809;NCC006027MBU;147;130;0.00015988
809;NCC006027MBU;148;130;0.00010266
809;NCC006027MBU;149;130;0.01373715
809;NCC006027MBU;150;130;0.00311913
809;NCC006027MBU;151;130;0.00001023
809;NCC006027MBU;152;130;0.00004614
809;NCC006027MBU;140;131;0.00689587
809;NCC006027MBU;141;131;0.02902168
809;NCC006027MBU;142;131;0.04027854
809;NCC006027MBU;143;131;0.00227614
809;NCC006027MBU;145;131;0.00600431
809;NCC006027MBU;146;131;0.00601472
809;NCC006027MBU;147;131;0.00152372
809;NCC006027MBU;148;131;0.01231378
809;NCC006027MBU;149;131;0.00703021
809;NCC006027MBU;150;131;0.00003417
809;NCC006027MBU;140;132;0.00035797
809;NCC006027MBU;141;132;0.00033239
809;NCC006027MBU;142;132;0.01230107
809;NCC006027MBU;143;132;0.02260483
809;NCC006027MBU;144;132;0.00288023
809;NCC006027MBU;145;132;0.00553649
809;NCC006027MBU;146;132;0.01415808
809;NCC006027MBU;147;132;0.01803883
809;NCC006027MBU;148;132;0.00731257
809;NCC006027MBU;149;132;0.00027043
809;NCC006027MBU;143;133;0.02640961
809;NCC006027MBU;144;133;0.00864627
809;NCC006027MBU;145;133;0.00733226
809;NCC006027MBU;146;133;0.04269057
809;NCC006027MBU;147;133;0.04002611
809;NCC006027MBU;148;133;0.00212288
809;NCC006027MBU;149;133;0.00011599
809;NCC006027MBU;143;134;0.01594223
809;NCC006027MBU;144;134;0.00328100
809;NCC006027MBU;145;134;0.00538675
809;NCC006027MBU;146;134;0.03167883
809;NCC006027MBU;147;134;0.00672090
809;NCC006027MBU;148;134;0.00065970
809;NCC006027MBU;144;135;0.02424490
809;NCC006027MBU;145;135;0.00545495
809;NCC006027MBU;146;135;0.02176563
809;NCC006027MBU;147;135;0.00148613
809;NCC006027MBU;148;135;0.00015639
809;NCC006027MBU;143;136;0.00002509
809;NCC006027MBU;144;136;0.01288512
809;NCC006027MBU;145;136;0.00920866
809;NCC006027MBU;146;136;0.03096875
809;NCC006027MBU;147;136;0.00397391
809;NCC006027MBU;148;136;0.00039738
809;NCC006027MBU;144;137;0.01141403
809;NCC006027MBU;145;137;0.00046379
809;NCC006027MBU;146;137;0.00753957
809;NCC006027MBU;147;137;0.01999353
809;NCC006027MBU;148;137;0.00010550
809;NCC006027MBU;143;138;0.00001103
809;NCC006027MBU;144;138;0.01620887
809;NCC006027MBU;145;138;0.00629140
809;NCC006027MBU;146;138;0.00548042
809;NCC006027MBU;147;138;0.00706454
809;NCC006027MBU;144;139;0.00424252
809;NCC006027MBU;145;139;0.00300957
809;NCC006027MBU;146;139;0.00322375
809;NCC006027MBU;147;139;0.00009466
809;0SV006031PLA;153;188;0.00268882
809;0SV006031PLA;154;188;0.00291347
809;0SV006031PLA;155;188;0.04775667
809;0SV006031PLA;156;188;0.01500283
809;0SV006031PLA;157;188;0.01067543
809;0SV006031PLA;151;189;0.00366647
809;0SV006031PLA;152;189;0.00455730
809;0SV006031PLA;153;189;0.02103702
809;0SV006031PLA;154;189;0.02390574
809;0SV006031PLA;155;189;0.10765278
809;0SV006031PLA;156;189;0.07734062
809;0SV006031PLA;157;189;0.02048025
809;0SV006031PLA;158;189;0.00241205
809;0SV006031PLA;151;190;0.00006128
809;0SV006031PLA;153;190;0.00904654
809;0SV006031PLA;154;190;0.02140107
809;0SV006031PLA;155;190;0.09098146
809;0SV006031PLA;156;190;0.07075655
809;0SV006031PLA;157;190;0.02662305
809;0SV006031PLA;158;190;0.00387855
809;0SV006031PLA;151;191;0.00074464
809;0SV006031PLA;152;191;0.00037464
809;0SV006031PLA;153;191;0.00034084
809;0SV006031PLA;154;191;0.01007593
809;0SV006031PLA;155;191;0.04460697
809;0SV006031PLA;156;191;0.00902620
809;0SV006031PLA;157;191;0.04864857
809;0SV006031PLA;158;191;0.01340607
809;0SV006031PLA;159;191;0.00049362
809;0SV006031PLA;151;192;0.00023706
809;0SV006031PLA;152;192;0.00101424
809;0SV006031PLA;153;192;0.00172651
809;0SV006031PLA;154;192;0.01039204
809;0SV006031PLA;155;192;0.03255510
809;0SV006031PLA;156;192;0.00672002
809;0SV006031PLA;157;192;0.00360201
809;0SV006031PLA;158;192;0.04880993
809;0SV006031PLA;159;192;0.01356622
809;0SV006031PLA;151;193;0.00014103
809;0SV006031PLA;152;193;0.00037251
809;0SV006031PLA;153;193;0.00834012
809;0SV006031PLA;154;193;0.00837786
809;0SV006031PLA;155;193;0.00974599
809;0SV006031PLA;156;193;0.00453430
809;0SV006031PLA;157;193;0.00287273
809;0SV006031PLA;158;193;0.00007917
809;0SV006031PLA;159;193;0.04532473
809;0SV006031PLA;160;193;0.01228861
809;0SV006031PLA;153;194;0.00731217
809;0SV006031PLA;154;194;0.00347935
809;0SV006031PLA;155;194;0.00154530
809;0SV006031PLA;156;194;0.00066306
809;0SV006031PLA;157;194;0.00181081
809;0SV006031PLA;158;194;0.00228329
809;0SV006031PLA;159;194;0.02087842
809;0SV006031PLA;160;194;0.02248551
809;0SV006031PLA;152;195;0.00019388
809;0SV006031PLA;153;195;0.01316494
809;0SV006031PLA;154;195;0.00005368
809;0SV006031PLA;155;195;0.00056045
809;0SV006031PLA;158;195;0.00063519
809;0SV006031PLA;159;195;0.01164528
809;0SV006031PLA;160;195;0.00417933
809;0SV006031PLA;152;196;0.00115612
809;0SV006031PLA;153;196;0.00274510
809;0SV006031PLA;154;196;0.00026878
809;0SV006031PLA;155;196;0.00038087
809;0SV006031PLA;159;196;0.00310645
809;0SV006031PLA;154;197;0.00006787
809;0SV006031PLA;155;197;0.00012853
809;0MC006003AMA;161;175;0.00008816
809;0MC006003AMA;160;176;0.00032071
809;0MC006003AMA;161;176;0.02852034
809;0MC006003AMA;161;177;0.03001682
809;0MC006003AMA;162;177;0.05692552
809;0MC006003AMA;163;177;0.00506139
809;0MC006003AMA;166;177;0.00101948
809;0MC006003AMA;167;177;0.01459580
809;0MC006003AMA;162;178;0.03412978
809;0MC006003AMA;163;178;0.02238274
809;0MC006003AMA;164;178;0.02541880
809;0MC006003AMA;165;178;0.03512317
809;0MC006003AMA;166;178;0.05464392
809;0MC006003AMA;160;179;0.00197923
809;0MC006003AMA;161;179;0.01107075
809;0MC006003AMA;162;179;0.00056551
809;0MC006003AMA;163;179;0.01827498
809;0MC006003AMA;165;179;0.05236293
809;0MC006003AMA;166;179;0.00233462
809;0MC006003AMA;167;179;0.02876839
809;0MC006003AMA;168;179;0.01101790
809;0MC006003AMA;169;179;0.00401956
809;0MC006003AMA;163;180;0.01637104
809;0MC006003AMA;164;180;0.01768873
809;0MC006003AMA;165;180;0.02814843
809;0MC006003AMA;168;180;0.02466781
809;0MC006003AMA;169;180;0.01925060
809;0MC006003AMA;170;180;0.00960929
809;0MC006003AMA;171;180;0.00027588
809;0MC006003AMA;161;181;0.04344827
809;0MC006003AMA;162;181;0.04137073
809;0MC006003AMA;163;181;0.06589558
809;0MC006003AMA;164;181;0.06393906
809;0MC006003AMA;170;181;0.00170886
809;0MC006003AMA;171;181;0.00739213
809;0MC006003AMA;160;182;0.00935248
809;0MC006003AMA;161;182;0.01399398
809;0MC006003AMA;162;182;0.02802929
809;0MC006003AMA;163;182;0.00174828
809;0MC006003AMA;164;182;0.02711691
809;0MC006003AMA;165;182;0.00467296
809;0MC006003AMA;171;182;0.00068442
809;0MC006003AMA;172;182;0.00816666
809;0MC006003AMA;162;183;0.02137480
809;0MC006003AMA;164;183;0.01890653
809;0MC006003AMA;165;183;0.00794824
809;0MC006003AMA;166;183;0.00881353
809;0MC006003AMA;172;183;0.00116027
809;0MC006003AMA;173;183;0.00765485
809;0MC006003AMA;174;183;0.00985733
809;0MC006003AMA;175;183;0.00548189
809;0MC006003AMA;164;184;0.00055767
809;0MC006003AMA;176;184;0.00778474
809;0MC006003AMA;177;184;0.00760886
809;0MC006003AMA;177;185;0.00424874
809;0MC006003AMA;178;186;0.00741359
809;0MC006003AMA;179;186;0.00626476
809;0MC006003AMA;179;187;0.00149965
809;0MC006003AMA;180;187;0.00482355
809;0MC006003AMA;180;188;0.00642910
809;0MC006005CAL;169;166;0.00109535
809;0MC006005CAL;170;166;0.00873854
809;0MC006005CAL;166;167;0.02426090
809;0MC006005CAL;167;167;0.01262115
809;0MC006005CAL;169;167;0.01180921
809;0MC006005CAL;167;168;0.01673601
809;0MC006005CAL;168;168;0.03480723
809;0MC006005CAL;169;168;0.00682171
809;0MC006005CAL;168;169;0.01705011
809;0MC006005CAL;171;169;0.02683912
809;0MC006005CAL;172;169;0.00178313
809;0MC006005CAL;168;170;0.00869934
809;0MC006005CAL;169;170;0.03551334
809;0MC006005CAL;170;170;0.00396604
809;0MC006005CAL;171;170;0.03776900
809;0MC006005CAL;162;171;0.05744176
809;0MC006005CAL;163;171;0.02946362
809;0MC006005CAL;169;171;0.00488678
809;0MC006005CAL;170;171;0.06979344
809;0MC006005CAL;171;171;0.01581597
809;0MC006005CAL;172;171;0.01159130
809;0MC006005CAL;163;172;0.04003070
809;0MC006005CAL;164;172;0.00061603
809;0MC006005CAL;168;172;0.00046411
809;0MC006005CAL;169;172;0.04244612
809;0MC006005CAL;172;172;0.00413100
809;0MC006005CAL;173;172;0.01031343
809;0MC006005CAL;164;173;0.02967175
809;0MC006005CAL;168;173;0.03664920
809;0MC006005CAL;173;173;0.01573389
809;0MC006005CAL;174;173;0.00103726
809;0MC006005CAL;161;174;0.04873055
809;0MC006005CAL;162;174;0.02411998
809;0MC006005CAL;163;174;0.02134299
809;0MC006005CAL;164;174;0.02596552
809;0MC006005CAL;165;174;0.03421291
809;0MC006005CAL;166;174;0.03324116
809;0MC006005CAL;167;174;0.03748880
809;0MC006005CAL;168;174;0.02350564
809;0MC006005CAL;174;174;0.01677115
809;0MC006005CAL;166;175;0.00895689
809;0MC006005CAL;167;175;0.01343916
809;0MC006005CAL;174;175;0.00760128
809;0MC006005CAL;175;175;0.00516817
809;0MC006005CAL;167;176;0.02239605
809;0MC006005CAL;175;176;0.00180370
809;0MC006005CAL;176;176;0.00068958
809;0MC006005CAL;167;177;0.02554121
809;0MC006005CAL;168;177;0.00231540
809;0MC006005CAL;176;177;0.00154439
809;0MC006005CAL;177;177;0.00085112
809;0MC006005CAL;168;178;0.00021396
809;0MC006005CAL;169;178;0.00252936
809;0MC006005CAL;170;178;0.00102313
809;0MC006005CAL;177;178;0.00138285
809;0MC006005CAL;178;178;0.00145552
809;0MC006005CAL;170;179;0.00150623
809;0MC006005CAL;171;179;0.00299208
809;0MC006005CAL;178;179;0.00240892
809;0MC006005CAL;179;179;0.00213410
809;0MC006005CAL;171;180;0.00325953
809;0MC006005CAL;179;180;0.00222335
809;0MC006005CAL;180;180;0.00231967
809;0MC006005CAL;180;181;0.00203779
809;0MC006005CAL;181;181;0.00023136
809;0SS006013IMP;273;25;0.00177753
809;0SS006013IMP;273;26;0.01191163
809;0SS006013IMP;274;26;0.00451159
809;0SS006013IMP;278;26;0.00001047
809;0SS006013IMP;279;26;0.00002447
809;0SS006013IMP;273;27;0.00097123
809;0SS006013IMP;274;27;0.01391556
809;0SS006013IMP;277;27;0.00002620
809;0SS006013IMP;278;27;0.00001785
809;0SS006013IMP;279;27;0.00000119
809;0SS006013IMP;280;27;0.00002465
809;0SS006013IMP;281;27;0.00002465
809;0SS006013IMP;282;27;0.00002458
809;0SS006013IMP;283;27;0.00002655
809;0SS006013IMP;284;27;0.00016671
809;0SS006013IMP;285;27;0.00042125
809;0SS006013IMP;286;27;0.00085482
809;0SS006013IMP;287;27;0.00540295
809;0SS006013IMP;288;27;0.00183617
809;0SS006013IMP;289;27;0.00031514
809;0SS006013IMP;290;27;0.00021033
809;0SS006013IMP;274;28;0.00474936
809;0SS006013IMP;275;28;0.01316411
809;0SS006013IMP;276;28;0.01410095
809;0SS006013IMP;277;28;0.01317285
809;0SS006013IMP;278;28;0.00030935
809;0SS006013IMP;283;28;0.00004870
809;0SS006013IMP;284;28;0.00065793
809;0SS006013IMP;285;28;0.00048475
809;0SS006013IMP;286;28;0.00251728
809;0SS006013IMP;287;28;0.00601017
809;0SS006013IMP;288;28;0.00159678
809;0SS006013IMP;289;28;0.00165546
809;0SS006013IMP;290;28;0.00141125
809;0SS006013IMP;291;28;0.00102540
809;0SS006013IMP;292;28;0.00102126
809;0SS006013IMP;293;28;0.00099622
809;0SS006013IMP;294;28;0.00093627
809;0SS006013IMP;295;28;0.00043048
809;0SS006013IMP;277;29;0.00000467
809;0SS006013IMP;278;29;0.01290282
809;0SS006013IMP;279;29;0.01331170
809;0SS006013IMP;280;29;0.01344606
809;0SS006013IMP;281;29;0.01297149
809;0SS006013IMP;282;29;0.01290643
809;0SS006013IMP;283;29;0.01030111
809;0SS006013IMP;284;29;0.00110194
809;0SS006013IMP;285;29;0.00076258
809;0SS006013IMP;286;29;0.00629762
809;0SS006013IMP;287;29;0.00471390
809;0SS006013IMP;288;29;0.00037181
809;0SS006013IMP;289;29;0.00033448
809;0SS006013IMP;290;29;0.00054120
809;0SS006013IMP;291;29;0.00010017
809;0SS006013IMP;292;29;0.00000545
809;0SS006013IMP;294;29;0.01570031
809;0SS006013IMP;295;29;0.01783979
809;0SS006013IMP;296;29;0.01830393
809;0SS006013IMP;297;29;0.01782859
809;0SS006013IMP;298;29;0.01762092
809;0SS006013IMP;299;29;0.01764410
809;0SS006013IMP;300;29;0.01896821
809;0SS006013IMP;301;29;0.01041853
809;0SS006013IMP;282;30;0.00023111
809;0SS006013IMP;283;30;0.00293305
809;0SS006013IMP;284;30;0.01621979
809;0SS006013IMP;285;30;0.02075199
809;0SS006013IMP;286;30;0.02618885
809;0SS006013IMP;287;30;0.02326160
809;0SS006013IMP;288;30;0.01743522
809;0SS006013IMP;289;30;0.01723994
809;0SS006013IMP;290;30;0.01695694
809;0SS006013IMP;291;30;0.01656606
809;0SS006013IMP;292;30;0.01793442
809;0SS006013IMP;293;30;0.01720720
809;0SS006013IMP;294;30;0.00163105
809;0SS006013IMP;301;30;0.01417395
809;0SS006013IMP;302;30;0.01948396
809;0SS006013IMP;303;30;0.01775581
809;0SS006013IMP;304;30;0.01778762
809;0SS006013IMP;305;30;0.01834098
809;0SS006013IMP;306;30;0.01826687
809;0SS006013IMP;307;30;0.01743169
809;0SS006013IMP;282;31;0.00010884
809;0SS006013IMP;283;31;0.00056604
809;0SS006013IMP;284;31;0.00414878
809;0SS006013IMP;285;31;0.00725957
809;0SS006013IMP;286;31;0.00241337
809;0SS006013IMP;287;31;0.00699886
809;0SS006013IMP;288;31;0.00161527
809;0SS006013IMP;289;31;0.00213277
809;0SS006013IMP;290;31;0.00166910
809;0SS006013IMP;291;31;0.00070563
809;0SS006013IMP;292;31;0.00004515
809;0SS006013IMP;302;31;0.00006115
809;0SS006013IMP;304;31;0.00010149
809;0SS006013IMP;307;31;0.00205854
809;0SS006013IMP;308;31;0.00163575
809;0SS006013IMP;309;31;0.00005982
809;0SS006013IMP;282;32;0.00004127
809;0SS006013IMP;283;32;0.00010072
809;0SS006013IMP;284;32;0.00313492
809;0SS006013IMP;285;32;0.00631053
809;0SS006013IMP;286;32;0.00185193
809;0SS006013IMP;287;32;0.00656370
809;0SS006013IMP;288;32;0.00022626
809;0SS006013IMP;289;32;0.00052277
809;0SS006013IMP;290;32;0.00040149
809;0SS006013IMP;291;32;0.00025480
809;0SS006013IMP;302;32;0.00006135
809;0SS006013IMP;309;32;0.00002974
809;0SS006013IMP;284;33;0.00285683
809;0SS006013IMP;285;33;0.00440171
809;0SS006013IMP;286;33;0.00193365
809;0SS006013IMP;287;33;0.00569065
809;0SS006013IMP;288;33;0.00005529
809;0SS006013IMP;289;33;0.00031965
809;0SS006013IMP;290;33;0.00028083
809;0SS006013IMP;291;33;0.00023213
809;0SS006013IMP;302;33;0.00006124
809;0SS006013IMP;283;34;0.00000344
809;0SS006013IMP;284;34;0.00295080
809;0SS006013IMP;285;34;0.00452886
809;0SS006013IMP;286;34;0.00330003
809;0SS006013IMP;287;34;0.00414116
809;0SS006013IMP;288;34;0.00011603
809;0SS006013IMP;289;34;0.00057199
809;0SS006013IMP;290;34;0.00008646
809;0SS006013IMP;291;34;0.00017105
809;0SS006013IMP;302;34;0.00006132
809;0SS006013IMP;283;35;0.00000741
809;0SS006013IMP;284;35;0.00284412
809;0SS006013IMP;285;35;0.00536852
809;0SS006013IMP;286;35;0.01035551
809;0SS006013IMP;287;35;0.00361890
809;0SS006013IMP;288;35;0.00108791
809;0SS006013IMP;289;35;0.00086017
809;0SS006013IMP;290;35;0.00054829
809;0SS006013IMP;291;35;0.00033068
809;0SS006013IMP;292;35;0.00025934
809;0SS006013IMP;293;35;0.00001539
809;0SS006013IMP;301;35;0.00005885
809;0SS006013IMP;302;35;0.00005281
809;0SS006013IMP;283;36;0.00001844
809;0SS006013IMP;284;36;0.00945191
809;0SS006013IMP;285;36;0.00701674
809;0SS006013IMP;286;36;0.00778014
809;0SS006013IMP;287;36;0.00254875
809;0SS006013IMP;288;36;0.00015973
809;0SS006013IMP;290;36;0.00027307
809;0SS006013IMP;291;36;0.00017765
809;0SS006013IMP;293;36;0.00024214
809;0SS006013IMP;294;36;0.00027941
809;0SS006013IMP;295;36;0.00028059
809;0SS006013IMP;296;36;0.00026056
809;0SS006013IMP;300;36;0.00000084
809;0SS006013IMP;301;36;0.00006079
809;0SS006013IMP;281;37;0.00795186
809;0SS006013IMP;282;37;0.01275121
809;0SS006013IMP;283;37;0.01140367
809;0SS006013IMP;284;37;0.00908028
809;0SS006013IMP;285;37;0.00047898
809;0SS006013IMP;286;37;0.00123748
809;0SS006013IMP;287;37;0.00049848
809;0SS006013IMP;288;37;0.00019675
809;0SS006013IMP;289;37;0.00013764
809;0SS006013IMP;290;37;0.00015059
809;0SS006013IMP;296;37;0.00001436
809;0SS006013IMP;297;37;0.00030066
809;0SS006013IMP;298;37;0.00027232
809;0SS006013IMP;299;37;0.00008640
809;0SS006013IMP;300;37;0.00006251
809;0SS006013IMP;279;38;0.01071162
809;0SS006013IMP;280;38;0.01288287
809;0SS006013IMP;281;38;0.00776182
809;0SS006013IMP;284;38;0.00124894
809;0SS006013IMP;285;38;0.00006263
809;0SS006013IMP;286;38;0.00101238
809;0SS006013IMP;288;38;0.00014102
809;0SS006013IMP;289;38;0.00008707
809;0SS006013IMP;299;38;0.00028169
809;0SS006013IMP;300;38;0.00006779
809;0SS006013IMP;278;39;0.01227617
809;0SS006013IMP;279;39;0.00122137
809;0SS006013IMP;284;39;0.00074677
809;0SS006013IMP;285;39;0.00033551
809;0SS006013IMP;286;39;0.00106422
809;0SS006013IMP;287;39;0.00016384
809;0SS006013IMP;288;39;0.00024279
809;0SS006013IMP;289;39;0.00011367
809;0SS006013IMP;299;39;0.00018149
809;0SS006013IMP;300;39;0.00029411
809;0SS006013IMP;277;40;0.00644694
809;0SS006013IMP;278;40;0.00938355
809;0SS006013IMP;284;40;0.00001197
809;0SS006013IMP;285;40;0.00004330
809;0SS006013IMP;286;40;0.00092945
809;0SS006013IMP;287;40;0.00005975
809;0SS006013IMP;288;40;0.00020914
809;0SS006013IMP;289;40;0.00012697
809;0SS006013IMP;290;40;0.00007150
809;0SS006013IMP;300;40;0.00026171
809;0SS006013IMP;301;40;0.00007217
809;0SS006013IMP;277;41;0.01254918
809;0SS006013IMP;284;41;0.00000683
809;0SS006013IMP;285;41;0.00005751
809;0SS006013IMP;286;41;0.00086155
809;0SS006013IMP;287;41;0.00008799
809;0SS006013IMP;301;41;0.00031836
809;0SS006013IMP;276;42;0.01291249
809;0SS006013IMP;277;42;0.00129441
809;0SS006013IMP;284;42;0.00005809
809;0SS006013IMP;285;42;0.00019157
809;0SS006013IMP;286;42;0.00099500
809;0SS006013IMP;287;42;0.00009187
809;0SS006013IMP;301;42;0.00031210
809;0SS006013IMP;275;43;0.00789250
809;0SS006013IMP;276;43;0.00600899
809;0SS006013IMP;284;43;0.00020329
809;0SS006013IMP;285;43;0.00079694
809;0SS006013IMP;286;43;0.00024174
809;0SS006013IMP;301;43;0.00034898
809;0SS006013IMP;274;44;0.00206454
809;0SS006013IMP;275;44;0.01257323
809;0SS006013IMP;276;44;0.00027032
809;0SS006013IMP;284;44;0.00093884
809;0SS006013IMP;301;44;0.00002870
809;0SS006013IMP;302;44;0.00039163
809;0SS006013IMP;274;45;0.01306818
809;0SS006013IMP;280;45;0.00048755
809;0SS006013IMP;281;45;0.00041976
809;0SS006013IMP;282;45;0.00016724
809;0SS006013IMP;283;45;0.00079617
809;0SS006013IMP;284;45;0.00017090
809;0SS006013IMP;302;45;0.00007355
809;0SS006013IMP;303;45;0.00040247
809;0SS006013IMP;273;46;0.00590907
809;0SS006013IMP;274;46;0.00787386
809;0SS006013IMP;279;46;0.00072744
809;0SS006013IMP;280;46;0.00050214
809;0SS006013IMP;281;46;0.00053215
809;0SS006013IMP;282;46;0.00061268
809;0SS006013IMP;283;46;0.00033757
809;0SS006013IMP;303;46;0.00004470
809;0SS006013IMP;304;46;0.00030569
809;0SS006013IMP;273;47;0.00536540
809;0SS006013IMP;278;47;0.00028938
809;0SS006013IMP;279;47;0.00051587
809;0SS006013IMP;282;47;0.00009011
809;0SS006013IMP;304;47;0.00037448
809;0SS006013IMP;303;48;0.00009991
809;0SS006013IMP;304;48;0.00028137
809;0SS006013IMP;303;49;0.00015690
809;NEP006047SIS;135;255;0.03475053
809;NEP006047SIS;136;255;0.00001272
809;NEP006047SIS;146;255;0.00297817
809;NEP006047SIS;147;255;0.00319735
809;NEP006047SIS;135;256;0.00484547
809;NEP006047SIS;136;256;0.02783388
809;NEP006047SIS;145;256;0.00472547
809;NEP006047SIS;146;256;0.00308503
809;NEP006047SIS;135;257;0.01268155
809;NEP006047SIS;136;257;0.03087031
809;NEP006047SIS;137;257;0.00512673
809;NEP006047SIS;138;257;0.00506699
809;NEP006047SIS;139;257;0.00337639
809;NEP006047SIS;140;257;0.00337639
809;NEP006047SIS;141;257;0.00337639
809;NEP006047SIS;142;257;0.00337639
809;NEP006047SIS;143;257;0.00337639
809;NEP006047SIS;144;257;0.00386115
809;NEP006047SIS;145;257;0.00133773
809;NEP006047SIS;125;258;0.00000597
809;NEP006047SIS;126;258;0.00040910
809;NEP006047SIS;127;258;0.00017991
809;NEP006047SIS;135;258;0.04074363
809;NEP006047SIS;136;258;0.00149435
809;NEP006047SIS;125;259;0.00052090
809;NEP006047SIS;134;259;0.02839322
809;NEP006047SIS;135;259;0.01153009
809;NEP006047SIS;124;260;0.00034356
809;NEP006047SIS;125;260;0.00001789
809;NEP006047SIS;134;260;0.03852488
809;NEP006047SIS;111;261;0.00010904
809;NEP006047SIS;124;261;0.00036144
809;NEP006047SIS;133;261;0.01168379
809;NEP006047SIS;134;261;0.02749836
809;NEP006047SIS;111;262;0.00016109
809;NEP006047SIS;124;262;0.00036144
809;NEP006047SIS;132;262;0.01548768
809;NEP006047SIS;133;262;0.02171379
809;NEP006047SIS;134;262;0.00666754
809;NEP006047SIS;111;263;0.00016109
809;NEP006047SIS;123;263;0.00029362
809;NEP006047SIS;124;263;0.00012200
809;NEP006047SIS;125;263;0.00000119
809;NEP006047SIS;132;263;0.02606411
809;NEP006047SIS;134;263;0.00825203
809;NEP006047SIS;135;263;0.00261625
809;NEP006047SIS;111;264;0.00016098
809;NEP006047SIS;123;264;0.00031936
809;NEP006047SIS;132;264;0.02586469
809;NEP006047SIS;135;264;0.00912058
809;NEP006047SIS;136;264;0.01118698
809;NEP006047SIS;111;265;0.00016057
809;NEP006047SIS;123;265;0.00037081
809;NEP006047SIS;131;265;0.02274834
809;NEP006047SIS;132;265;0.00307323
809;NEP006047SIS;134;265;0.00009917
809;NEP006047SIS;135;265;0.00092222
809;NEP006047SIS;136;265;0.00182437
809;NEP006047SIS;137;265;0.00964484
809;NEP006047SIS;111;266;0.00016057
809;NEP006047SIS;122;266;0.00019298
809;NEP006047SIS;123;266;0.00002510
809;NEP006047SIS;124;266;0.00041352
809;NEP006047SIS;131;266;0.02575509
809;NEP006047SIS;133;266;0.00073843
809;NEP006047SIS;134;266;0.00082305
809;NEP006047SIS;137;266;0.01092911
809;NEP006047SIS;111;267;0.00015765
809;NEP006047SIS;119;267;0.00009317
809;NEP006047SIS;120;267;0.00016118
809;NEP006047SIS;122;267;0.00043169
809;NEP006047SIS;124;267;0.00232715
809;NEP006047SIS;125;267;0.00289671
809;NEP006047SIS;126;267;0.00256751
809;NEP006047SIS;131;267;0.02662223
809;NEP006047SIS;132;267;0.00092222
809;NEP006047SIS;133;267;0.00018379
809;NEP006047SIS;137;267;0.00542218
809;NEP006047SIS;138;267;0.01125219
809;NEP006047SIS;139;267;0.00114758
809;NEP006047SIS;111;268;0.00006542
809;NEP006047SIS;112;268;0.00006083
809;NEP006047SIS;119;268;0.00040226
809;NEP006047SIS;120;268;0.00015963
809;NEP006047SIS;121;268;0.00031163
809;NEP006047SIS;122;268;0.00002988
809;NEP006047SIS;126;268;0.00116583
809;NEP006047SIS;127;268;0.00329576
809;NEP006047SIS;128;268;0.00093744
809;NEP006047SIS;129;268;0.02483192
809;NEP006047SIS;130;268;0.02662400
809;NEP006047SIS;131;268;0.00178616
809;NEP006047SIS;139;268;0.01010461
809;NEP006047SIS;140;268;0.01125219
809;NEP006047SIS;141;268;0.00139241
809;NEP006047SIS;112;269;0.00012625
809;NEP006047SIS;119;269;0.00006151
809;NEP006047SIS;120;269;0.00037852
809;NEP006047SIS;128;269;0.00746861
809;NEP006047SIS;129;269;0.02207077
809;NEP006047SIS;131;269;0.00102475
809;NEP006047SIS;140;269;0.00884435
809;NEP006047SIS;141;269;0.00167861
809;NEP006047SIS;112;270;0.00001192
809;NEP006047SIS;113;270;0.00011433
809;NEP006047SIS;120;270;0.00003353
809;NEP006047SIS;121;270;0.00039680
809;NEP006047SIS;129;270;0.02495373
809;NEP006047SIS;130;270;0.00014290
809;NEP006047SIS;131;270;0.00179765
809;NEP006047SIS;140;270;0.01043957
809;NEP006047SIS;113;271;0.00008466
809;NEP006047SIS;114;271;0.00004159
809;NEP006047SIS;120;271;0.00001279
809;NEP006047SIS;121;271;0.00038692
809;NEP006047SIS;129;271;0.02523255
809;NEP006047SIS;131;271;0.00082745
809;NEP006047SIS;140;271;0.00565115
809;NEP006047SIS;141;271;0.00455398
809;NEP006047SIS;114;272;0.00013171
809;NEP006047SIS;119;272;0.00011139
809;NEP006047SIS;120;272;0.00018154
809;NEP006047SIS;121;272;0.00053679
809;NEP006047SIS;122;272;0.00004261
809;NEP006047SIS;129;272;0.00988676
809;NEP006047SIS;130;272;0.01539718
809;NEP006047SIS;141;272;0.01020513
809;NEP006047SIS;114;273;0.00001194
809;NEP006047SIS;115;273;0.00012255
809;NEP006047SIS;117;273;0.00011535
809;NEP006047SIS;118;273;0.00011930
809;NEP006047SIS;119;273;0.00000791
809;NEP006047SIS;122;273;0.00039863
809;NEP006047SIS;123;273;0.00042308
809;NEP006047SIS;124;273;0.00045182
809;NEP006047SIS;125;273;0.00032479
809;NEP006047SIS;126;273;0.00042414
809;NEP006047SIS;127;273;0.00046399
809;NEP006047SIS;128;273;0.00046399
809;NEP006047SIS;129;273;0.00046399
809;NEP006047SIS;130;273;0.02486778
809;NEP006047SIS;141;273;0.00345470
809;NEP006047SIS;142;273;0.00675043
809;NEP006047SIS;115;274;0.00005262
809;NEP006047SIS;116;274;0.00012294
809;NEP006047SIS;117;274;0.00000395
809;NEP006047SIS;125;274;0.00026736
809;NEP006047SIS;126;274;0.00003985
809;NEP006047SIS;130;274;0.02433017
809;NEP006047SIS;131;274;0.00003686
809;NEP006047SIS;142;274;0.01020513
809;NEP006047SIS;130;275;0.02432983
809;NEP006047SIS;142;275;0.00125826
809;NEP006047SIS;143;275;0.00905377
809;NEP006047SIS;152;275;0.00073885
809;NEP006047SIS;129;276;0.00790396
809;NEP006047SIS;130;276;0.01689913
809;NEP006047SIS;143;276;0.00949078
809;NEP006047SIS;144;276;0.00127773
809;NEP006047SIS;151;276;0.00036048
809;NEP006047SIS;152;276;0.00069539
809;NEP006047SIS;129;277;0.01619980
809;NEP006047SIS;144;277;0.00529726
809;NEP006047SIS;145;277;0.00323472
809;NEP006047SIS;146;277;0.00323472
809;NEP006047SIS;147;277;0.00323472
809;NEP006047SIS;148;277;0.00323472
809;NEP006047SIS;149;277;0.00323469
809;NEP006047SIS;150;277;0.00116904
809;NEP006047SIS;151;277;0.00028863
809;0SF0060490BA;129;172;0.01421089
809;0SF0060490BA;129;173;0.02396881
809;0SF0060490BA;130;173;0.03974476
809;0SF0060490BA;131;173;0.01284143
809;0SF0060490BA;125;174;0.00004539
809;0SF0060490BA;126;174;0.00020924
809;0SF0060490BA;127;174;0.02300596
809;0SF0060490BA;128;174;0.00357512
809;0SF0060490BA;129;174;0.00519762
809;0SF0060490BA;130;174;0.00603573
809;0SF0060490BA;126;175;0.00320907
809;0SF0060490BA;127;175;0.07624041
809;0SF0060490BA;128;175;0.00852187
809;0SF0060490BA;130;175;0.00603573
809;0SF0060490BA;122;176;0.00003190
809;0SF0060490BA;123;176;0.00068440
809;0SF0060490BA;124;176;0.00299792
809;0SF0060490BA;125;176;0.00420600
809;0SF0060490BA;126;176;0.10149333
809;0SF0060490BA;127;176;0.01270444
809;0SF0060490BA;128;176;0.00564977
809;0SF0060490BA;129;176;0.01047052
809;0SF0060490BA;130;176;0.01570028
809;0SF0060490BA;131;176;0.01212946
809;0SF0060490BA;132;176;0.00090684
809;0SF0060490BA;122;177;0.00026054
809;0SF0060490BA;123;177;0.00041427
809;0SF0060490BA;124;177;0.00019248
809;0SF0060490BA;125;177;0.07707003
809;0SF0060490BA;126;177;0.01020029
809;0SF0060490BA;127;177;0.00074373
809;0SF0060490BA;129;177;0.00167312
809;0SF0060490BA;130;177;0.00384746
809;0SF0060490BA;120;178;0.00122139
809;0SF0060490BA;121;178;0.00068969
809;0SF0060490BA;122;178;0.00026333
809;0SF0060490BA;124;178;0.00648431
809;0SF0060490BA;125;178;0.06780741
809;0SF0060490BA;126;178;0.00173497
809;0SF0060490BA;129;178;0.00319494
809;0SF0060490BA;120;179;0.00157689
809;0SF0060490BA;121;179;0.00008055
809;0SF0060490BA;123;179;0.00452250
809;0SF0060490BA;124;179;0.00717770
809;0SF0060490BA;125;179;0.06110795
809;0SF0060490BA;126;179;0.00114305
809;0SF0060490BA;127;179;0.00035258
809;0SF0060490BA;128;179;0.00180116
809;0SF0060490BA;129;179;0.00661915
809;0SF0060490BA;120;180;0.00004804
809;0SF0060490BA;121;180;0.00232751
809;0SF0060490BA;122;180;0.00544957
809;0SF0060490BA;123;180;0.00260264
809;0SF0060490BA;124;180;0.00363472
809;0SF0060490BA;125;180;0.05508060
809;0SF0060490BA;126;180;0.00170527
809;0SF0060490BA;127;180;0.00144857
809;0SF0060490BA;128;180;0.01016489
809;0SF0060490BA;129;180;0.00978150
809;0SF0060490BA;130;180;0.00347231
809;0SF0060490BA;120;181;0.00021762
809;0SF0060490BA;121;181;0.00054869
809;0SF0060490BA;122;181;0.00376988
809;0SF0060490BA;123;181;0.00512831
809;0SF0060490BA;124;181;0.02819746
809;0SF0060490BA;125;181;0.05432753
809;0SF0060490BA;126;181;0.00044758
809;0SF0060490BA;127;181;0.01311973
809;0SF0060490BA;128;181;0.00617649
809;0SF0060490BA;121;182;0.00000812
809;0SF0060490BA;122;182;0.00192364
809;0SF0060490BA;123;182;0.00191985
809;0SF0060490BA;124;182;0.04292948
809;0SF0060490BA;125;182;0.01117731
809;0SF0060490BA;126;182;0.01656395
809;0SF0060490BA;122;183;0.00027899
809;0SF0060490BA;123;183;0.01680446
809;0SF0060490BA;124;183;0.01959264
809;0SF0060490BA;125;183;0.00101897
809;0SF0060490BA;126;183;0.00362261
809;0SF0060490BA;122;184;0.00364475
809;0SF0060490BA;123;184;0.01007471
809;0SF0060490BA;125;184;0.00293208
809;0SF0060490BA;126;184;0.00698689
809;0SF0060490BA;122;185;0.00156306
809;0SF0060490BA;126;185;0.00096680
809;0SF0060490BA;127;185;0.00034633
809;0SF0060430BA;149;140;0.00000053
809;0SF0060430BA;150;140;0.00000007
809;0SF0060430BA;148;141;0.00000050
809;0SF0060430BA;149;141;0.00000097
809;0SF0060430BA;150;141;0.00000533
809;0SF0060430BA;151;141;0.00000741
809;0SF0060430BA;152;141;0.00001249
809;0SF0060430BA;145;142;0.00001376
809;0SF0060430BA;147;142;0.00001071
809;0SF0060430BA;148;142;0.00233875
809;0SF0060430BA;149;142;0.00112515
809;0SF0060430BA;150;142;0.00000308
809;0SF0060430BA;152;142;0.00000050
809;0SF0060430BA;153;142;0.00000063
809;0SF0060430BA;143;143;0.00000004
809;0SF0060430BA;144;143;0.00000007
809;0SF0060430BA;146;143;0.00004439
809;0SF0060430BA;147;143;0.00000031
809;0SF0060430BA;148;143;0.00462799
809;0SF0060430BA;149;143;0.00040388
809;0SF0060430BA;156;143;0.00000001
809;0SF0060430BA;142;144;0.00001203
809;0SF0060430BA;143;144;0.00000470
809;0SF0060430BA;145;144;0.00000058
809;0SF0060430BA;146;144;0.00009616
809;0SF0060430BA;147;144;0.00084022
809;0SF0060430BA;148;144;0.00481090
809;0SF0060430BA;140;145;0.00000018
809;0SF0060430BA;141;145;0.00002125
809;0SF0060430BA;145;145;0.00000274
809;0SF0060430BA;146;145;0.00020698
809;0SF0060430BA;147;145;0.00882965
809;0SF0060430BA;148;145;0.00000805
809;0SF0060430BA;139;146;0.00017949
809;0SF0060430BA;144;146;0.00000125
809;0SF0060430BA;145;146;0.00000109
809;0SF0060430BA;146;146;0.00943614
809;0SF0060430BA;147;146;0.00437069
809;0SF0060430BA;138;147;0.00000362
809;0SF0060430BA;139;147;0.00013706
809;0SF0060430BA;142;147;0.00006101
809;0SF0060430BA;143;147;0.00003071
809;0SF0060430BA;144;147;0.00007277
809;0SF0060430BA;145;147;0.00750811
809;0SF0060430BA;146;147;0.00454403
809;0SF0060430BA;137;148;0.00071352
809;0SF0060430BA;138;148;0.00013548
809;0SF0060430BA;139;148;0.00045318
809;0SF0060430BA;140;148;0.00210069
809;0SF0060430BA;141;148;0.00063265
809;0SF0060430BA;142;148;0.00276882
809;0SF0060430BA;143;148;0.00099832
809;0SF0060430BA;144;148;0.01162343
809;0SF0060430BA;145;148;0.00638898
809;0SF0060430BA;146;148;0.00017375
809;0SF0060430BA;136;149;0.00005823
809;0SF0060430BA;137;149;0.00000396
809;0SF0060430BA;138;149;0.00019653
809;0SF0060430BA;139;149;0.00152195
809;0SF0060430BA;140;149;0.00759714
809;0SF0060430BA;141;149;0.00256477
809;0SF0060430BA;142;149;0.00668177
809;0SF0060430BA;143;149;0.01473654
809;0SF0060430BA;144;149;0.00524936
809;0SF0060430BA;145;149;0.00007053
809;0SF0060430BA;146;149;0.00002885
809;0SF0060430BA;135;150;0.00000454
809;0SF0060430BA;136;150;0.00000094
809;0SF0060430BA;137;150;0.00002908
809;0SF0060430BA;138;150;0.00067089
809;0SF0060430BA;139;150;0.00921327
809;0SF0060430BA;140;150;0.03535736
809;0SF0060430BA;141;150;0.01732362
809;0SF0060430BA;142;150;0.00986332
809;0SF0060430BA;143;150;0.02072718
809;0SF0060430BA;144;150;0.00091316
809;0SF0060430BA;135;151;0.00006387
809;0SF0060430BA;137;151;0.02092830
809;0SF0060430BA;138;151;0.02843995
809;0SF0060430BA;139;151;0.02476600
809;0SF0060430BA;140;151;0.00986944
809;0SF0060430BA;141;151;0.02966953
809;0SF0060430BA;142;151;0.02801519
809;0SF0060430BA;143;151;0.01831527
809;0SF0060430BA;144;151;0.00014253
809;0SF0060430BA;135;152;0.00001647
809;0SF0060430BA;136;152;0.02561904
809;0SF0060430BA;137;152;0.01603387
809;0SF0060430BA;138;152;0.01366154
809;0SF0060430BA;139;152;0.02536005
809;0SF0060430BA;140;152;0.05028804
809;0SF0060430BA;141;152;0.05116836
809;0SF0060430BA;142;152;0.02533498
809;0SF0060430BA;143;152;0.00345842
809;0SF0060430BA;135;153;0.01893510
809;0SF0060430BA;136;153;0.01315815
809;0SF0060430BA;137;153;0.03462448
809;0SF0060430BA;138;153;0.05563462
809;0SF0060430BA;139;153;0.04270216
809;0SF0060430BA;140;153;0.03181799
809;0SF0060430BA;141;153;0.07136298
809;0SF0060430BA;142;153;0.03087862
809;0SF0060430BA;135;154;0.00262364
809;0SF0060430BA;136;154;0.01372006
809;0SF0060430BA;137;154;0.03658596
809;0SF0060430BA;140;154;0.00008604
809;0SF0060430BA;141;154;0.04578702
809;0SF0060430BA;142;154;0.02235456
809;0SV0060570YS;147;177;0.00022679
809;0SV0060570YS;148;177;0.00015997
809;0SV0060570YS;148;178;0.00178113
809;0SV0060570YS;149;178;0.00034393
809;0SV0060570YS;150;178;0.00000354
809;0SV0060570YS;148;179;0.00002575
809;0SV0060570YS;149;179;0.00124637
809;0SV0060570YS;150;179;0.00012442
809;0SV0060570YS;148;180;0.00005611
809;0SV0060570YS;149;180;0.00181976
809;0SV0060570YS;150;180;0.00142196
809;0SV0060570YS;149;181;0.00129631
809;0SV0060570YS;150;181;0.00222440
809;0SV0060570YS;139;182;0.00050838
809;0SV0060570YS;149;182;0.00167529
809;0SV0060570YS;150;182;0.00019285
809;0SV0060570YS;138;183;0.00074421
809;0SV0060570YS;139;183;0.00066242
809;0SV0060570YS;140;183;0.00229857
809;0SV0060570YS;141;183;0.01241446
809;0SV0060570YS;144;183;0.00028387
809;0SV0060570YS;145;183;0.03527815
809;0SV0060570YS;146;183;0.00304061
809;0SV0060570YS;149;183;0.00632799
809;0SV0060570YS;150;183;0.00005540
809;0SV0060570YS;140;184;0.00015232
809;0SV0060570YS;141;184;0.00825743
809;0SV0060570YS;142;184;0.00423278
809;0SV0060570YS;143;184;0.00425323
809;0SV0060570YS;144;184;0.00733851
809;0SV0060570YS;145;184;0.04350421
809;0SV0060570YS;146;184;0.08077771
809;0SV0060570YS;147;184;0.07560150
809;0SV0060570YS;148;184;0.07565982
809;0SV0060570YS;149;184;0.10309957
809;0SV0060570YS;150;184;0.07922702
809;0SV0060570YS;140;185;0.00045257
809;0SV0060570YS;141;185;0.00781767
809;0SV0060570YS;142;185;0.00056816
809;0SV0060570YS;143;185;0.00057067
809;0SV0060570YS;144;185;0.00146655
809;0SV0060570YS;145;185;0.01713335
809;0SV0060570YS;146;185;0.00186714
809;0SV0060570YS;149;185;0.03056528
809;0SV0060570YS;150;185;0.00747366
809;0SV0060570YS;140;186;0.00036387
809;0SV0060570YS;141;186;0.00776626
809;0SV0060570YS;142;186;0.00111675
809;0SV0060570YS;143;186;0.00140654
809;0SV0060570YS;144;186;0.00520264
809;0SV0060570YS;145;186;0.01763208
809;0SV0060570YS;146;186;0.00297026
809;0SV0060570YS;148;186;0.00050678
809;0SV0060570YS;149;186;0.00052092
809;0SV0060570YS;140;187;0.00436044
809;0SV0060570YS;141;187;0.01103968
809;0SV0060570YS;142;187;0.00441037
809;0SV0060570YS;143;187;0.00543089
809;0SV0060570YS;144;187;0.01150919
809;0SV0060570YS;145;187;0.04954138
809;0SV0060570YS;146;187;0.04455415
809;0SV0060570YS;147;187;0.04030205
809;0SV0060570YS;148;187;0.01053911
809;0SV0060570YS;137;188;0.00217420
809;0SV0060570YS;138;188;0.00285799
809;0SV0060570YS;139;188;0.00392789
809;0SV0060570YS;140;188;0.00183183
809;0SV0060570YS;141;188;0.00350883
809;0SV0060570YS;143;188;0.00013246
809;0SV0060570YS;144;188;0.01307110
809;0SV0060570YS;145;188;0.01525047
809;0SV0060570YS;146;188;0.00203633
809;0SV0060570YS;136;189;0.00010860
809;0SV0060570YS;137;189;0.00116805
809;0SV0060570YS;139;189;0.00010028
809;0SV0060570YS;140;189;0.00028835
809;0SV0060570YS;141;189;0.00354715
809;0SV0060570YS;143;189;0.00681511
809;0SV0060570YS;144;189;0.00704437
809;0SV0060570YS;145;189;0.00314629
809;0SV0060570YS;146;189;0.00198162
809;0SV0060570YS;136;190;0.00112587
809;0SV0060570YS;139;190;0.00011321
809;0SV0060570YS;140;190;0.00048806
809;0SV0060570YS;141;190;0.00405634
809;0SV0060570YS;142;190;0.00380535
809;0SV0060570YS;143;190;0.01206874
809;0SV0060570YS;144;190;0.00142569
809;0SV0060570YS;145;190;0.00451338
809;0SV0060570YS;146;190;0.00356491
809;0SV0060570YS;136;191;0.00069845
809;0SV0060570YS;139;191;0.00004716
809;0SV0060570YS;141;191;0.00277972
809;0SV0060570YS;142;191;0.01353629
809;0SV0060570YS;145;191;0.00009139
809;0SV0060570YS;146;191;0.00003311
809;0SV0060570YS;135;192;0.00016336
809;0SV0060570YS;136;192;0.00019448
809;0SV0060570YS;139;192;0.00009871
809;0SV0060570YS;141;192;0.01650440
809;0SV0060570YS;142;192;0.00020176
809;0SV0060570YS;144;192;0.00010987
809;0SV0060570YS;145;192;0.00009914
809;0SV0060570YS;134;193;0.00006600
809;0SV0060570YS;135;193;0.00036541
809;0SV0060570YS;139;193;0.00011396
809;0SV0060570YS;140;193;0.01086357
809;0SV0060570YS;141;193;0.00409456
809;0SV0060570YS;143;193;0.00010899
809;0SV0060570YS;144;193;0.00004236
809;0SV0060570YS;133;194;0.00015737
809;0SV0060570YS;134;194;0.00034695
809;0SV0060570YS;140;194;0.00568961
809;0SV0060570YS;143;194;0.00003576
809;0NC006023MEN;108;190;0.00026438
809;0NC006023MEN;107;191;0.00052290
809;0NC006023MEN;108;191;0.00051453
809;0NC006023MEN;106;192;0.00094615
809;0NC006023MEN;107;192;0.00021064
809;0NC006023MEN;105;193;0.00042457
809;0NC006023MEN;106;193;0.00037021
809;0NC006023MEN;118;193;0.02630364
809;0NC006023MEN;104;194;0.00004070
809;0NC006023MEN;105;194;0.00021357
809;0NC006023MEN;113;194;0.00121980
809;0NC006023MEN;114;194;0.00164144
809;0NC006023MEN;115;194;0.00164144
809;0NC006023MEN;116;194;0.00133529
809;0NC006023MEN;118;194;0.02533212
809;0NC006023MEN;104;195;0.00024221
809;0NC006023MEN;107;195;0.00027246
809;0NC006023MEN;108;195;0.00080333
809;0NC006023MEN;112;195;0.00091934
809;0NC006023MEN;113;195;0.00092220
809;0NC006023MEN;117;195;0.02365326
809;0NC006023MEN;118;195;0.01177895
809;0NC006023MEN;104;196;0.00087370
809;0NC006023MEN;105;196;0.00167100
809;0NC006023MEN;108;196;0.00238112
809;0NC006023MEN;109;196;0.00318445
809;0NC006023MEN;110;196;0.00150204
809;0NC006023MEN;112;196;0.00184154
809;0NC006023MEN;117;196;0.03854531
809;0NC006023MEN;118;196;0.01225821
809;0NC006023MEN;119;196;0.01097466
809;0NC006023MEN;105;197;0.00301656
809;0NC006023MEN;110;197;0.00168241
809;0NC006023MEN;111;197;0.00916959
809;0NC006023MEN;112;197;0.00586523
809;0NC006023MEN;113;197;0.00367861
809;0NC006023MEN;116;197;0.02313401
809;0NC006023MEN;117;197;0.00313770
809;0NC006023MEN;105;198;0.00303464
809;0NC006023MEN;110;198;0.00618873
809;0NC006023MEN;111;198;0.00260318
809;0NC006023MEN;113;198;0.00184066
809;0NC006023MEN;114;198;0.00534960
809;0NC006023MEN;116;198;0.02611874
809;0NC006023MEN;104;199;0.00119746
809;0NC006023MEN;105;199;0.00193889
809;0NC006023MEN;109;199;0.00576677
809;0NC006023MEN;110;199;0.00278636
809;0NC006023MEN;114;199;0.00259842
809;0NC006023MEN;115;199;0.02860836
809;0NC006023MEN;116;199;0.00090409
809;0NC006023MEN;104;200;0.00315023
809;0NC006023MEN;108;200;0.00389347
809;0NC006023MEN;109;200;0.00401607
809;0NC006023MEN;115;200;0.03043245
809;0NC006023MEN;116;200;0.00043513
809;0NC006023MEN;104;201;0.00264978
809;0NC006023MEN;105;201;0.00013118
809;0NC006023MEN;106;201;0.00050790
809;0NC006023MEN;107;201;0.00098133
809;0NC006023MEN;108;201;0.00560433
809;0NC006023MEN;115;201;0.05792217
809;0NC006023MEN;103;202;0.00161380
809;0NC006023MEN;104;202;0.00119471
809;0NC006023MEN;105;202;0.00041699
809;0NC006023MEN;107;202;0.00061161
809;0NC006023MEN;115;202;0.03354874
809;0NC006023MEN;117;202;0.00152944
809;0NC006023MEN;118;202;0.01030115
809;0NC006023MEN;103;203;0.00507012
809;0NC006023MEN;107;203;0.00058568
809;0NC006023MEN;115;203;0.03763722
809;0NC006023MEN;116;203;0.01208090
809;0NC006023MEN;117;203;0.01293843
809;0NC006023MEN;103;204;0.00862246
809;0NC006023MEN;104;204;0.00013248
809;0NC006023MEN;105;204;0.00029689
809;0NC006023MEN;106;204;0.00062479
809;0NC006023MEN;107;204;0.00052744
809;0NC006023MEN;113;204;0.00061179
809;0NC006023MEN;114;204;0.02358107
809;0NC006023MEN;115;204;0.00634723
809;0NC006023MEN;117;204;0.00653599
809;0NC006023MEN;103;205;0.00849942
809;0NC006023MEN;104;205;0.00048333
809;0NC006023MEN;105;205;0.00033416
809;0NC006023MEN;106;205;0.00029647
809;0NC006023MEN;113;205;0.02224351
809;0NC006023MEN;117;205;0.00383865
809;0NC006023MEN;102;206;0.00040405
809;0NC006023MEN;103;206;0.00489589
809;0NC006023MEN;106;206;0.00057432
809;0NC006023MEN;107;206;0.00478341
809;0NC006023MEN;108;206;0.00478341
809;0NC006023MEN;109;206;0.00241032
809;0NC006023MEN;113;206;0.02204358
809;0NC006023MEN;102;207;0.00918071
809;0NC006023MEN;105;207;0.00491220
809;0NC006023MEN;106;207;0.00460663
809;0NC006023MEN;109;207;0.00398540
809;0NC006023MEN;110;207;0.00280925
809;0NC006023MEN;112;207;0.01495149
809;0NC006023MEN;113;207;0.00851418
809;0NC006023MEN;102;208;0.00216273
809;0NC006023MEN;103;208;0.01339401
809;0NC006023MEN;104;208;0.00535598
809;0NC006023MEN;105;208;0.00158499
809;0NC006023MEN;110;208;0.00221367
809;0NC006023MEN;111;208;0.00375299
809;0NC006023MEN;112;208;0.02007456
809;0NC006023MEN;103;209;0.01155383
809;0NC006023MEN;112;209;0.02042020
809;0NC006023MEN;103;210;0.00807791
809;0NC006023MEN;111;210;0.00094307
809;0NC006023MEN;112;210;0.01494417
809;0NC006023MEN;103;211;0.00064305
809;0NC006023MEN;104;211;0.00124943
809;0NC006023MEN;111;211;0.01352214
809;0NC006023MEN;103;212;0.00024628
809;0NC006023MEN;104;212;0.00145224
809;0NC006023MEN;110;212;0.00596548
809;0NC006023MEN;111;212;0.00915262
809;0NC006023MEN;103;213;0.00187861
809;0NC006023MEN;110;213;0.01021342
809;0NC006023MEN;111;213;0.00127231
809;0NC006023MEN;112;213;0.00417970
809;0NC006023MEN;103;214;0.00138352
809;0NC006023MEN;107;214;0.00004546
809;0NC006023MEN;108;214;0.00009111
809;0NC006023MEN;109;214;0.00002228
809;0NC006023MEN;110;214;0.01021410
809;0NC006023MEN;112;214;0.00411079
809;0NC006023MEN;103;215;0.00200215
809;0NC006023MEN;104;215;0.00006315
809;0NC006023MEN;105;215;0.00006315
809;0NC006023MEN;106;215;0.00007177
809;0NC006023MEN;107;215;0.00003450
809;0NC006023MEN;109;215;0.00166376
809;0NC006023MEN;110;215;0.01027422
809;0NC006023MEN;112;215;0.00389372
809;0NC006023MEN;103;216;0.00167096
809;0NC006023MEN;109;216;0.00811317
809;0NC006023MEN;110;216;0.00016897
809;0NC006023MEN;112;216;0.00160032
809;0NC006023MEN;103;217;0.00173544
809;0NC006023MEN;109;217;0.00783835
809;0NC006023MEN;102;218;0.00080670
809;0NC006023MEN;103;218;0.00094428
809;0NC006023MEN;108;218;0.00447267
809;0NC006023MEN;109;218;0.00268963
809;0NC006023MEN;102;219;0.00039477
809;0NC006023MEN;103;219;0.00055878
809;0NC006023MEN;104;219;0.00002610
809;0NC006023MEN;106;219;0.00755861
809;0NC006023MEN;107;219;0.00716567
809;0NC006023MEN;108;219;0.00923659
809;0NC006023MEN;104;220;0.00060590
809;0NC006023MEN;105;220;0.00945900
809;0NC006023MEN;106;220;0.00028330
809;0NC006023MEN;104;221;0.00698236
809;0NC006023MEN;105;221;0.00447585
809;0NC006023MEN;104;222;0.00891965
809;0NC006023MEN;103;223;0.00484013
809;0NC006023MEN;104;223;0.00426881
809;0NC006023MEN;103;224;0.00324830
809;0NC006023MEN;104;224;0.00324003
809;0SV006034SAC;147;172;0.00079392
809;0SV006034SAC;148;172;0.00060944
809;0SV006034SAC;149;172;0.00003037
809;0SV006034SAC;146;173;0.00061555
809;0SV006034SAC;147;173;0.00079928
809;0SV006034SAC;148;173;0.00092918
809;0SV006034SAC;148;174;0.00025293
809;0SV006034SAC;149;174;0.00058447
809;0SV006034SAC;148;175;0.00004077
809;0SV006034SAC;149;175;0.00083723
809;0SV006034SAC;150;175;0.00091600
809;0SV006034SAC;152;175;0.00028616
809;0SV006034SAC;153;175;0.00061554
809;0SV006034SAC;154;175;0.00044189
809;0SV006034SAC;155;175;0.00077309
809;0SV006034SAC;148;176;0.00003756
809;0SV006034SAC;149;176;0.00008153
809;0SV006034SAC;150;176;0.00135555
809;0SV006034SAC;151;176;0.00770361
809;0SV006034SAC;152;176;0.00000293
809;0SV006034SAC;154;176;0.00498001
809;0SV006034SAC;155;176;0.00275253
809;0SV006034SAC;156;176;0.00014953
809;0SV006034SAC;149;177;0.00016018
809;0SV006034SAC;150;177;0.00015101
809;0SV006034SAC;151;177;0.00494735
809;0SV006034SAC;152;177;0.00030128
809;0SV006034SAC;153;177;0.00018075
809;0SV006034SAC;154;177;0.00727929
809;0SV006034SAC;155;177;0.00031086
809;0SV006034SAC;156;177;0.00041593
809;0SV006034SAC;157;177;0.00008392
809;0SV006034SAC;149;178;0.00022260
809;0SV006034SAC;150;178;0.00013201
809;0SV006034SAC;151;178;0.00483188
809;0SV006034SAC;152;178;0.00016795
809;0SV006034SAC;153;178;0.00001299
809;0SV006034SAC;154;178;0.00737231
809;0SV006034SAC;155;178;0.00021791
809;0SV006034SAC;156;178;0.00024030
809;0SV006034SAC;157;178;0.00015627
809;0SV006034SAC;158;178;0.00005105
809;0SV006034SAC;159;178;0.00001722
809;0SV006034SAC;150;179;0.00022445
809;0SV006034SAC;151;179;0.00632637
809;0SV006034SAC;152;179;0.00151522
809;0SV006034SAC;153;179;0.00913304
809;0SV006034SAC;154;179;0.00108878
809;0SV006034SAC;155;179;0.00018463
809;0SV006034SAC;156;179;0.00017754
809;0SV006034SAC;157;179;0.00006300
809;0SV006034SAC;159;179;0.00000354
809;0SV006034SAC;160;179;0.00001703
809;0SV006034SAC;150;180;0.00003547
809;0SV006034SAC;151;180;0.01261603
809;0SV006034SAC;152;180;0.01087013
809;0SV006034SAC;153;180;0.01400460
809;0SV006034SAC;154;180;0.00281150
809;0SV006034SAC;155;180;0.00109085
809;0SV006034SAC;156;180;0.00036452
809;0SV006034SAC;157;180;0.00012007
809;0SV006034SAC;150;181;0.00699795
809;0SV006034SAC;151;181;0.00636017
809;0SV006034SAC;152;181;0.02149422
809;0SV006034SAC;153;181;0.00652273
809;0SV006034SAC;154;181;0.00306191
809;0SV006034SAC;155;181;0.00294499
809;0SV006034SAC;156;181;0.00004886
809;0SV006034SAC;157;181;0.00023999
809;0SV006034SAC;149;182;0.00024039
809;0SV006034SAC;150;182;0.01612298
809;0SV006034SAC;151;182;0.01583274
809;0SV006034SAC;152;182;0.02184061
809;0SV006034SAC;153;182;0.00557321
809;0SV006034SAC;154;182;0.00285719
809;0SV006034SAC;155;182;0.00133783
809;0SV006034SAC;156;182;0.00388715
809;0SV006034SAC;157;182;0.00161107
809;0SV006034SAC;158;182;0.00118797
809;0SV006034SAC;159;182;0.00139808
809;0SV006034SAC;160;182;0.00296278
809;0SV006034SAC;149;183;0.00015296
809;0SV006034SAC;150;183;0.01763663
809;0SV006034SAC;151;183;0.02821200
809;0SV006034SAC;152;183;0.01172359
809;0SV006034SAC;153;183;0.00830343
809;0SV006034SAC;154;183;0.00546111
809;0SV006034SAC;155;183;0.00193457
809;0SV006034SAC;156;183;0.00174994
809;0SV006034SAC;157;183;0.00134317
809;0SV006034SAC;159;183;0.00022451
809;0SV006034SAC;160;183;0.00002115
809;0SV006034SAC;150;184;0.02932349
809;0SV006034SAC;151;184;0.05036455
809;0SV006034SAC;152;184;0.03047291
809;0SV006034SAC;153;184;0.03058076
809;0SV006034SAC;154;184;0.02550594
809;0SV006034SAC;155;184;0.00759200
809;0SV006034SAC;156;184;0.00221441
809;0SV006034SAC;157;184;0.00152748
809;0SV006034SAC;158;184;0.00021303
809;0SV006034SAC;159;184;0.00003373
809;0SV006034SAC;149;185;0.00246369
809;0SV006034SAC;150;185;0.02639699
809;0SV006034SAC;151;185;0.01802089
809;0SV006034SAC;152;185;0.03028800
809;0SV006034SAC;153;185;0.01159873
809;0SV006034SAC;154;185;0.00553668
809;0SV006034SAC;155;185;0.02833914
809;0SV006034SAC;156;185;0.00777698
809;0SV006034SAC;157;185;0.00182747
809;0SV006034SAC;158;185;0.00195088
809;0SV006034SAC;159;185;0.00012853
809;0SV006034SAC;148;186;0.00000825
809;0SV006034SAC;149;186;0.00023463
809;0SV006034SAC;150;186;0.03143981
809;0SV006034SAC;151;186;0.01909193
809;0SV006034SAC;152;186;0.02589684
809;0SV006034SAC;153;186;0.03333861
809;0SV006034SAC;154;186;0.01016757
809;0SV006034SAC;155;186;0.01210091
809;0SV006034SAC;156;186;0.01675997
809;0SV006034SAC;157;186;0.01572709
809;0SV006034SAC;158;186;0.01316523
809;0SV006034SAC;159;186;0.00931741
809;0SV006034SAC;148;187;0.00615247
809;0SV006034SAC;149;187;0.00883217
809;0SV006034SAC;150;187;0.01034048
809;0SV006034SAC;151;187;0.00346350
809;0SV006034SAC;152;187;0.00385704
809;0SV006034SAC;153;187;0.01834240
809;0SV006034SAC;154;187;0.03387768
809;0SV006034SAC;155;187;0.01742630
809;0SV006034SAC;156;187;0.01047986
809;0SV006034SAC;157;187;0.00931383
809;0SV006034SAC;158;187;0.00788940
809;0SV006034SAC;159;187;0.00045512
809;0SV006034SAC;148;188;0.00001810
809;0SV006034SAC;149;188;0.00001565
809;0SV006034SAC;150;188;0.00493441
809;0SV006034SAC;151;188;0.00195371
809;0SV006034SAC;152;188;0.00232186
809;0SV006034SAC;153;188;0.00632484
809;0SV006034SAC;154;188;0.01602233
809;0SV006034SAC;155;188;0.01545602
809;0SV006034SAC;156;188;0.00448395
809;0SV006034SAC;157;188;0.00316291
809;0SV006034SAC;158;188;0.00162105
809;0SV006034SAC;159;188;0.00036696
809;0SV006034SAC;148;189;0.00000034
809;0SV006034SAC;150;189;0.00065257
809;0SV006034SAC;151;189;0.00005556
809;0SV006034SAC;152;189;0.00000017
809;SJV006020SJU;175;137;0.00010443
809;SJV006020SJU;176;137;0.00095213
809;SJV006020SJU;177;137;0.00095267
809;SJV006020SJU;178;137;0.00104857
809;SJV006020SJU;179;137;0.00104862
809;SJV006020SJU;180;137;0.00141208
809;SJV006020SJU;181;137;0.00494670
809;SJV006020SJU;182;137;0.00178980
809;SJV006020SJU;183;137;0.00009066
809;SJV006020SJU;184;137;0.01432060
809;SJV006020SJU;173;138;0.00334426
809;SJV006020SJU;174;138;0.00423376
809;SJV006020SJU;175;138;0.00249520
809;SJV006020SJU;176;138;0.00081622
809;SJV006020SJU;180;138;0.00086962
809;SJV006020SJU;181;138;0.00467167
809;SJV006020SJU;182;138;0.00012275
809;SJV006020SJU;183;138;0.05024189
809;SJV006020SJU;184;138;0.01286613
809;SJV006020SJU;185;138;0.00760231
809;SJV006020SJU;186;138;0.00761572
809;SJV006020SJU;187;138;0.00779305
809;SJV006020SJU;174;139;0.00137145
809;SJV006020SJU;176;139;0.00124918
809;SJV006020SJU;177;139;0.00154135
809;SJV006020SJU;178;139;0.00135195
809;SJV006020SJU;179;139;0.00144181
809;SJV006020SJU;180;139;0.00295604
809;SJV006020SJU;181;139;0.00721533
809;SJV006020SJU;182;139;0.04157013
809;SJV006020SJU;183;139;0.01574678
809;SJV006020SJU;184;139;0.00350566
809;SJV006020SJU;185;139;0.00618995
809;SJV006020SJU;186;139;0.00673599
809;SJV006020SJU;187;139;0.02515172
809;SJV006020SJU;174;140;0.00152883
809;SJV006020SJU;175;140;0.00031365
809;SJV006020SJU;176;140;0.00028093
809;SJV006020SJU;177;140;0.00075386
809;SJV006020SJU;178;140;0.00048163
809;SJV006020SJU;179;140;0.00116209
809;SJV006020SJU;180;140;0.00841107
809;SJV006020SJU;181;140;0.06559777
809;SJV006020SJU;182;140;0.02742521
809;SJV006020SJU;183;140;0.00001639
809;SJV006020SJU;185;140;0.00194227
809;SJV006020SJU;187;140;0.01000201
809;SJV006020SJU;174;141;0.00120063
809;SJV006020SJU;177;141;0.00066529
809;SJV006020SJU;178;141;0.00031262
809;SJV006020SJU;179;141;0.00038820
809;SJV006020SJU;180;141;0.03598245
809;SJV006020SJU;181;141;0.06655643
809;SJV006020SJU;182;141;0.00986799
809;SJV006020SJU;183;141;0.00313123
809;SJV006020SJU;184;141;0.00141044
809;SJV006020SJU;185;141;0.00245870
809;SJV006020SJU;186;141;0.00189733
809;SJV006020SJU;187;141;0.00972631
809;SJV006020SJU;188;141;0.00143207
809;SJV006020SJU;189;141;0.00006684
809;SJV006020SJU;172;142;0.00019344
809;SJV006020SJU;173;142;0.00019132
809;SJV006020SJU;174;142;0.00160088
809;SJV006020SJU;175;142;0.00086362
809;SJV006020SJU;176;142;0.00043675
809;SJV006020SJU;177;142;0.00127542
809;SJV006020SJU;178;142;0.00096060
809;SJV006020SJU;179;142;0.02206324
809;SJV006020SJU;180;142;0.02929242
809;SJV006020SJU;181;142;0.00448855
809;SJV006020SJU;182;142;0.00111643
809;SJV006020SJU;183;142;0.00379370
809;SJV006020SJU;184;142;0.00486119
809;SJV006020SJU;185;142;0.00502213
809;SJV006020SJU;186;142;0.00526807
809;SJV006020SJU;187;142;0.01694396
809;SJV006020SJU;188;142;0.00699521
809;SJV006020SJU;189;142;0.00016507
809;SJV006020SJU;172;143;0.00025227
809;SJV006020SJU;174;143;0.00090497
809;SJV006020SJU;175;143;0.00073834
809;SJV006020SJU;176;143;0.00056978
809;SJV006020SJU;177;143;0.00118044
809;SJV006020SJU;178;143;0.01939069
809;SJV006020SJU;179;143;0.02952887
809;SJV006020SJU;180;143;0.00044481
809;SJV006020SJU;181;143;0.00145688
809;SJV006020SJU;182;143;0.00066611
809;SJV006020SJU;183;143;0.00037166
809;SJV006020SJU;184;143;0.00030758
809;SJV006020SJU;187;143;0.01185791
809;SJV006020SJU;172;144;0.00827239
809;SJV006020SJU;173;144;0.00880412
809;SJV006020SJU;174;144;0.00950819
809;SJV006020SJU;175;144;0.00840502
809;SJV006020SJU;176;144;0.01050644
809;SJV006020SJU;177;144;0.01684126
809;SJV006020SJU;178;144;0.03500353
809;SJV006020SJU;179;144;0.00107644
809;SJV006020SJU;181;144;0.00056782
809;SJV006020SJU;183;144;0.00046924
809;SJV006020SJU;184;144;0.00026401
809;SJV006020SJU;185;144;0.00060512
809;SJV006020SJU;186;144;0.00014451
809;SJV006020SJU;187;144;0.00265281
809;SJV006020SJU;188;144;0.01005776
809;SJV006020SJU;174;145;0.00040552
809;SJV006020SJU;175;145;0.00033282
809;SJV006020SJU;176;145;0.01339411
809;SJV006020SJU;177;145;0.03665893
809;SJV006020SJU;178;145;0.00130279
809;SJV006020SJU;179;145;0.00090405
809;SJV006020SJU;180;145;0.00061201
809;SJV006020SJU;181;145;0.00068789
809;SJV006020SJU;182;145;0.00040174
809;SJV006020SJU;183;145;0.00027003
809;SJV006020SJU;184;145;0.00080347
809;SJV006020SJU;185;145;0.00059000
809;SJV006020SJU;186;145;0.00009922
809;SJV006020SJU;188;145;0.01225869
809;SJV006020SJU;189;145;0.00312908
809;SJV006020SJU;176;146;0.00499188
809;SJV006020SJU;178;146;0.00012263
809;SJV006020SJU;179;146;0.00011170
809;SJV006020SJU;184;146;0.00042758
809;SJV006020SJU;185;146;0.00001726
809;SJV006020SJU;186;146;0.00064268
809;SJV006020SJU;187;146;0.00045252
809;SJV006020SJU;188;146;0.01112201
809;SJV006020SJU;189;146;0.00054679
809;SJV006020SJU;190;146;0.00163787
809;SJV006020SJU;193;146;0.00046726
809;SJV006020SJU;184;147;0.00039464
809;SJV006020SJU;186;147;0.00019475
809;SJV006020SJU;187;147;0.00314407
809;SJV006020SJU;188;147;0.00735577
809;SJV006020SJU;189;147;0.00441602
809;SJV006020SJU;190;147;0.00029806
809;SJV006020SJU;191;147;0.00144221
809;SJV006020SJU;192;147;0.00153000
809;SJV006020SJU;193;147;0.00105116
809;SJV006020SJU;194;147;0.00005755
809;SJV006020SJU;184;148;0.00041700
809;SJV006020SJU;185;148;0.00022472
809;SJV006020SJU;186;148;0.00096307
809;SJV006020SJU;187;148;0.00231872
809;SJV006020SJU;188;148;0.00434311
809;SJV006020SJU;189;148;0.00805835
809;SJV006020SJU;192;148;0.00070632
809;SJV006020SJU;193;148;0.00264296
809;SJV006020SJU;183;149;0.00008780
809;SJV006020SJU;184;149;0.00015577
809;SJV006020SJU;185;149;0.00001956
809;SJV006020SJU;186;149;0.00004074
809;SJV006020SJU;187;149;0.00001504
809;SJV006020SJU;188;149;0.00131285
809;SJV006020SJU;189;149;0.01566649
809;SJV006020SJU;190;149;0.00505665
809;SJV006020SJU;191;149;0.00035978
809;SJV006020SJU;192;149;0.00025679
809;SJV006020SJU;193;149;0.00131360
809;SJV006020SJU;187;150;0.00057235
809;SJV006020SJU;190;150;0.01549317
809;SJV006020SJU;191;150;0.00108983
809;SJV006020SJU;192;150;0.00210441
809;SJV006020SJU;193;150;0.00041748
809;SJV006020SJU;187;151;0.00045963
809;SJV006020SJU;188;151;0.00308310
809;SJV006020SJU;189;151;0.00586248
809;SJV006020SJU;190;151;0.01438442
809;SJV006020SJU;191;151;0.00228575
809;SJV006020SJU;192;151;0.00041971
809;SJV006020SJU;188;152;0.00304599
809;SJV006020SJU;190;152;0.00398168
809;SJV006020SJU;188;153;0.00111537
809;SJV006020SJU;190;153;0.00317718
809;SJV006020SJU;190;154;0.00151398
809;0SV0060580FR;150;195;0.01530221
809;0SV0060580FR;149;196;0.00311574
809;0SV0060580FR;150;196;0.03423491
809;0SV0060580FR;151;196;0.00417123
809;0SV0060580FR;152;196;0.04910131
809;0SV0060580FR;153;196;0.00175758
809;0SV0060580FR;149;197;0.00595174
809;0SV0060580FR;150;197;0.04659552
809;0SV0060580FR;151;197;0.04686924
809;0SV0060580FR;152;197;0.00180604
809;0SV0060580FR;153;197;0.00889767
809;0SV0060580FR;154;197;0.00295113
809;0SV0060580FR;149;198;0.01565070
809;0SV0060580FR;150;198;0.08644682
809;0SV0060580FR;151;198;0.00143720
809;0SV0060580FR;152;198;0.00076386
809;0SV0060580FR;153;198;0.00009964
809;0SV0060580FR;154;198;0.00756263
809;0SV0060580FR;149;199;0.15593950
809;0SV0060580FR;150;199;0.04788819
809;0SV0060580FR;151;199;0.01037117
809;0SV0060580FR;152;199;0.00813039
809;0SV0060580FR;154;199;0.00759230
809;0SV0060580FR;148;200;0.03016931
809;0SV0060580FR;149;200;0.13321741
809;0SV0060580FR;150;200;0.00430094
809;0SV0060580FR;151;200;0.00885525
809;0SV0060580FR;152;200;0.00894943
809;0SV0060580FR;153;200;0.00027759
809;0SV0060580FR;154;200;0.00431248
809;0SV0060580FR;149;201;0.02369246
809;0SV0060580FR;150;201;0.02240636
809;0SV0060580FR;153;201;0.00812714
809;0SV0060580FR;154;201;0.00810326
809;0SV0060580FR;155;201;0.01025938
809;0SV0060580FR;148;202;0.01275301
809;0SV0060580FR;149;202;0.00884097
809;0SV0060580FR;150;202;0.01029535
809;0SV0060580FR;151;202;0.01040033
809;0SV0060580FR;152;202;0.00617691
809;0SV0060580FR;153;202;0.00282455
809;0SV0060580FR;154;202;0.00226946
809;0SV0060580FR;149;203;0.02147093
809;0SV0060580FR;150;203;0.00150861
809;0SV0060580FR;151;203;0.00915204
809;0SV0060580FR;152;203;0.00598288
809;0SV0060580FR;153;203;0.00758700
809;0SV0060580FR;149;204;0.01276992
809;0SV0060580FR;150;204;0.00045380
809;0SV0060580FR;151;204;0.00313383
809;0SV0060580FR;152;204;0.00692412
809;0SV0060580FR;153;204;0.01083457
809;0SV0060580FR;154;204;0.00297179
809;0SV0060580FR;151;205;0.00054150
809;0SV0060580FR;152;205;0.00046656
809;0SV0060580FR;153;205;0.00195600
809;0SV0060580FR;154;205;0.01027129
809;0SV0060580FR;155;205;0.00217797
809;0SV0060580FR;156;205;0.00037905
809;0SV0060580FR;157;205;0.00034643
809;0SV0060580FR;158;205;0.00020399
809;0SV0060580FR;154;206;0.00736877
809;0SV0060580FR;155;206;0.00038890
809;0SV0060580FR;156;206;0.00215423
809;0SV0060580FR;157;206;0.00305097
809;0SV0060580FR;158;206;0.00370421
809;0SV0060580FR;155;207;0.00225403
809;0SV0060580FR;158;207;0.00095847
809;0SV0060580FR;159;207;0.00077325
809;0SV0060580FR;159;208;0.00003244
809;0SV0060580FR;160;208;0.00088506
809;0SV0060580FR;160;209;0.00042912
809;SJV006054SJU;194;109;0.00008722
809;SJV006054SJU;196;109;0.00001819
809;SJV006054SJU;197;109;0.00016690
809;SJV006054SJU;198;109;0.00011505
809;SJV006054SJU;199;109;0.00729655
809;SJV006054SJU;200;109;0.00051445
809;SJV006054SJU;201;109;0.00053549
809;SJV006054SJU;202;109;0.00126535
809;SJV006054SJU;203;109;0.00136130
809;SJV006054SJU;208;109;0.00004514
809;SJV006054SJU;209;109;0.00058772
809;SJV006054SJU;194;110;0.00011788
809;SJV006054SJU;196;110;0.00029652
809;SJV006054SJU;197;110;0.00053581
809;SJV006054SJU;198;110;0.00063716
809;SJV006054SJU;199;110;0.01261856
809;SJV006054SJU;200;110;0.00107039
809;SJV006054SJU;201;110;0.00123891
809;SJV006054SJU;202;110;0.00145474
809;SJV006054SJU;203;110;0.00307578
809;SJV006054SJU;208;110;0.00032825
809;SJV006054SJU;209;110;0.00019973
809;SJV006054SJU;193;111;0.00017843
809;SJV006054SJU;194;111;0.00060045
809;SJV006054SJU;195;111;0.00016040
809;SJV006054SJU;196;111;0.00032825
809;SJV006054SJU;198;111;0.00007554
809;SJV006054SJU;199;111;0.01237558
809;SJV006054SJU;200;111;0.00029036
809;SJV006054SJU;201;111;0.00039804
809;SJV006054SJU;202;111;0.00027199
809;SJV006054SJU;203;111;0.00312304
809;SJV006054SJU;207;111;0.00055094
809;SJV006054SJU;208;111;0.00015881
809;SJV006054SJU;209;111;0.00035299
809;SJV006054SJU;210;111;0.00042006
809;SJV006054SJU;211;111;0.00042625
809;SJV006054SJU;193;112;0.00001180
809;SJV006054SJU;194;112;0.00011460
809;SJV006054SJU;195;112;0.00090591
809;SJV006054SJU;196;112;0.00086616
809;SJV006054SJU;197;112;0.00086718
809;SJV006054SJU;198;112;0.01357087
809;SJV006054SJU;199;112;0.00338503
809;SJV006054SJU;200;112;0.00079284
809;SJV006054SJU;201;112;0.00100880
809;SJV006054SJU;202;112;0.00086613
809;SJV006054SJU;203;112;0.00380530
809;SJV006054SJU;204;112;0.00106071
809;SJV006054SJU;205;112;0.00050036
809;SJV006054SJU;206;112;0.00058726
809;SJV006054SJU;207;112;0.00038979
809;SJV006054SJU;208;112;0.00025114
809;SJV006054SJU;209;112;0.00022741
809;SJV006054SJU;210;112;0.00046930
809;SJV006054SJU;211;112;0.00046750
809;SJV006054SJU;193;113;0.00001280
809;SJV006054SJU;194;113;0.00013947
809;SJV006054SJU;195;113;0.00026180
809;SJV006054SJU;196;113;0.00000270
809;SJV006054SJU;198;113;0.01519408
809;SJV006054SJU;199;113;0.00004289
809;SJV006054SJU;201;113;0.00028717
809;SJV006054SJU;202;113;0.00012728
809;SJV006054SJU;203;113;0.00325873
809;SJV006054SJU;204;113;0.00054854
809;SJV006054SJU;206;113;0.00014973
809;SJV006054SJU;208;113;0.00030908
809;SJV006054SJU;209;113;0.00036456
809;SJV006054SJU;194;114;0.00041776
809;SJV006054SJU;196;114;0.00000235
809;SJV006054SJU;197;114;0.00012391
809;SJV006054SJU;198;114;0.01663184
809;SJV006054SJU;199;114;0.00078632
809;SJV006054SJU;200;114;0.00061767
809;SJV006054SJU;201;114;0.00081726
809;SJV006054SJU;202;114;0.00081998
809;SJV006054SJU;203;114;0.00481682
809;SJV006054SJU;204;114;0.00157864
809;SJV006054SJU;205;114;0.00053149
809;SJV006054SJU;206;114;0.00002356
809;SJV006054SJU;207;114;0.00046975
809;SJV006054SJU;208;114;0.00021436
809;SJV006054SJU;193;115;0.00016400
809;SJV006054SJU;194;115;0.00036716
809;SJV006054SJU;195;115;0.00025664
809;SJV006054SJU;196;115;0.00044117
809;SJV006054SJU;197;115;0.00072381
809;SJV006054SJU;198;115;0.01640757
809;SJV006054SJU;199;115;0.00126132
809;SJV006054SJU;200;115;0.00090003
809;SJV006054SJU;201;115;0.00108170
809;SJV006054SJU;202;115;0.00127795
809;SJV006054SJU;203;115;0.00060995
809;SJV006054SJU;204;115;0.00619761
809;SJV006054SJU;205;115;0.00020539
809;SJV006054SJU;206;115;0.00060851
809;SJV006054SJU;207;115;0.00035655
809;SJV006054SJU;208;115;0.00061601
809;SJV006054SJU;209;115;0.00034148
809;SJV006054SJU;193;116;0.00120193
809;SJV006054SJU;194;116;0.00090098
809;SJV006054SJU;195;116;0.00099187
809;SJV006054SJU;196;116;0.00100134
809;SJV006054SJU;197;116;0.00177907
809;SJV006054SJU;198;116;0.01916653
809;SJV006054SJU;199;116;0.00265072
809;SJV006054SJU;200;116;0.00246529
809;SJV006054SJU;201;116;0.00276855
809;SJV006054SJU;202;116;0.00279113
809;SJV006054SJU;203;116;0.00494598
809;SJV006054SJU;204;116;0.01905827
809;SJV006054SJU;205;116;0.00436374
809;SJV006054SJU;206;116;0.00313737
809;SJV006054SJU;207;116;0.00033330
809;SJV006054SJU;208;116;0.00020418
809;SJV006054SJU;193;117;0.00014643
809;SJV006054SJU;197;117;0.01434925
809;SJV006054SJU;198;117;0.00303742
809;SJV006054SJU;199;117;0.00045798
809;SJV006054SJU;200;117;0.00039433
809;SJV006054SJU;201;117;0.00084710
809;SJV006054SJU;202;117;0.00073540
809;SJV006054SJU;203;117;0.00462659
809;SJV006054SJU;204;117;0.01765278
809;SJV006054SJU;205;117;0.00076599
809;SJV006054SJU;206;117;0.00008938
809;SJV006054SJU;207;117;0.00183620
809;SJV006054SJU;208;117;0.00032458
809;SJV006054SJU;193;118;0.00101595
809;SJV006054SJU;194;118;0.00077988
809;SJV006054SJU;195;118;0.00104954
809;SJV006054SJU;196;118;0.00111707
809;SJV006054SJU;197;118;0.01915314
809;SJV006054SJU;198;118;0.00061142
809;SJV006054SJU;199;118;0.00074852
809;SJV006054SJU;201;118;0.00065490
809;SJV006054SJU;202;118;0.00006035
809;SJV006054SJU;203;118;0.01325761
809;SJV006054SJU;204;118;0.00036965
809;SJV006054SJU;205;118;0.00023747
809;SJV006054SJU;206;118;0.00029399
809;SJV006054SJU;207;118;0.00034150
809;SJV006054SJU;208;118;0.00035582
809;SJV006054SJU;209;118;0.00030445
809;SJV006054SJU;193;119;0.00007187
809;SJV006054SJU;194;119;0.00048069
809;SJV006054SJU;196;119;0.00003631
809;SJV006054SJU;197;119;0.02023662
809;SJV006054SJU;198;119;0.00043605
809;SJV006054SJU;199;119;0.00105246
809;SJV006054SJU;200;119;0.00058338
809;SJV006054SJU;201;119;0.00113928
809;SJV006054SJU;202;119;0.00187645
809;SJV006054SJU;203;119;0.01161629
809;SJV006054SJU;204;119;0.00044928
809;SJV006054SJU;205;119;0.00026398
809;SJV006054SJU;206;119;0.00000455
809;SJV006054SJU;209;119;0.00022727
809;SJV006054SJU;210;119;0.00001961
809;SJV006054SJU;193;120;0.00035820
809;SJV006054SJU;194;120;0.00195456
809;SJV006054SJU;195;120;0.00201089
809;SJV006054SJU;196;120;0.00252095
809;SJV006054SJU;197;120;0.03356546
809;SJV006054SJU;198;120;0.00674035
809;SJV006054SJU;199;120;0.00559633
809;SJV006054SJU;200;120;0.00483913
809;SJV006054SJU;201;120;0.00753564
809;SJV006054SJU;202;120;0.01556696
809;SJV006054SJU;203;120;0.00153946
809;SJV006054SJU;204;120;0.00007409
809;SJV006054SJU;209;120;0.00015287
809;SJV006054SJU;195;121;0.00089359
809;SJV006054SJU;196;121;0.00286397
809;SJV006054SJU;197;121;0.03373854
809;SJV006054SJU;198;121;0.00828380
809;SJV006054SJU;199;121;0.00261563
809;SJV006054SJU;200;121;0.00196607
809;SJV006054SJU;201;121;0.00474214
809;SJV006054SJU;202;121;0.00344973
809;SJV006054SJU;203;121;0.00022268
809;SJV006054SJU;206;121;0.00000192
809;SJV006054SJU;207;121;0.00013812
809;SJV006054SJU;208;121;0.00010539
809;SJV006054SJU;209;121;0.00001961
809;SJV006054SJU;193;122;0.00027123
809;SJV006054SJU;194;122;0.00015075
809;SJV006054SJU;195;122;0.00127131
809;SJV006054SJU;196;122;0.02334731
809;SJV006054SJU;197;122;0.00986868
809;SJV006054SJU;198;122;0.00794276
809;SJV006054SJU;199;122;0.00358705
809;SJV006054SJU;200;122;0.00048492
809;SJV006054SJU;201;122;0.00528877
809;SJV006054SJU;202;122;0.00223301
809;SJV006054SJU;203;122;0.00006633
809;SJV006054SJU;204;122;0.00008136
809;SJV006054SJU;205;122;0.00009467
809;SJV006054SJU;206;122;0.00009424
809;SJV006054SJU;194;123;0.00245601
809;SJV006054SJU;195;123;0.01146164
809;SJV006054SJU;196;123;0.03643499
809;SJV006054SJU;197;123;0.04332016
809;SJV006054SJU;198;123;0.03462953
809;SJV006054SJU;199;123;0.02323033
809;SJV006054SJU;200;123;0.01653453
809;SJV006054SJU;201;123;0.01814417
809;SJV006054SJU;202;123;0.00477905
809;SJV006054SJU;203;123;0.00039826
809;SJV006054SJU;194;124;0.00042907
809;SJV006054SJU;195;124;0.02076493
809;SJV006054SJU;196;124;0.00873538
809;SJV006054SJU;197;124;0.00970181
809;SJV006054SJU;198;124;0.01411026
809;SJV006054SJU;199;124;0.00338378
809;SJV006054SJU;200;124;0.00196696
809;SJV006054SJU;201;124;0.00228357
809;SJV006054SJU;202;124;0.00121590
809;SJV006054SJU;203;124;0.00207570
809;SJV006054SJU;204;124;0.00014408
809;SJV006054SJU;194;125;0.00654203
809;SJV006054SJU;195;125;0.01077853
809;SJV006054SJU;196;125;0.00484417
809;SJV006054SJU;197;125;0.00124206
809;SJV006054SJU;198;125;0.00588875
809;SJV006054SJU;199;125;0.00266602
809;SJV006054SJU;200;125;0.00228913
809;SJV006054SJU;201;125;0.00247140
809;SJV006054SJU;202;125;0.00145859
809;SJV006054SJU;203;125;0.00004662
809;SJV006054SJU;204;125;0.00159150
809;SJV006054SJU;205;125;0.00220418
809;SJV006054SJU;207;125;0.00029600
809;SJV006054SJU;208;125;0.00022491
809;SJV006054SJU;194;126;0.01756983
809;SJV006054SJU;196;126;0.00447116
809;SJV006054SJU;197;126;0.00052495
809;SJV006054SJU;198;126;0.00489366
809;SJV006054SJU;199;126;0.00087076
809;SJV006054SJU;200;126;0.00027444
809;SJV006054SJU;201;126;0.00087651
809;SJV006054SJU;202;126;0.00317786
809;SJV006054SJU;203;126;0.00067139
809;SJV006054SJU;204;126;0.00123953
809;SJV006054SJU;205;126;0.00031036
809;SJV006054SJU;206;126;0.00217912
809;SJV006054SJU;207;126;0.00031208
809;SJV006054SJU;193;127;0.00656176
809;SJV006054SJU;194;127;0.01209361
809;SJV006054SJU;195;127;0.00031036
809;SJV006054SJU;196;127;0.00477889
809;SJV006054SJU;197;127;0.00064103
809;SJV006054SJU;198;127;0.00467770
809;SJV006054SJU;199;127;0.00027853
809;SJV006054SJU;200;127;0.00022237
809;SJV006054SJU;201;127;0.00041982
809;SJV006054SJU;202;127;0.00077509
809;SJV006054SJU;204;127;0.00018615
809;SJV006054SJU;206;127;0.00049749
809;SJV006054SJU;207;127;0.00053765
809;SJV006054SJU;192;128;0.00248727
809;SJV006054SJU;193;128;0.00951171
809;SJV006054SJU;194;128;0.00610279
809;SJV006054SJU;195;128;0.00128765
809;SJV006054SJU;196;128;0.00547390
809;SJV006054SJU;197;128;0.00048393
809;SJV006054SJU;198;128;0.00468473
809;SJV006054SJU;199;128;0.00132909
809;SJV006054SJU;200;128;0.00077695
809;SJV006054SJU;201;128;0.00044775
809;SJV006054SJU;202;128;0.00007061
809;SJV006054SJU;204;128;0.00018514
809;SJV006054SJU;207;128;0.00002074
809;SJV006054SJU;208;128;0.00020878
809;SJV006054SJU;193;129;0.00093206
809;SJV006054SJU;194;129;0.00597552
809;SJV006054SJU;195;129;0.00503585
809;SJV006054SJU;196;129;0.00991425
809;SJV006054SJU;197;129;0.00354989
809;SJV006054SJU;198;129;0.00671497
809;SJV006054SJU;199;129;0.00081730
809;SJV006054SJU;200;129;0.00014487
809;SJV006054SJU;201;129;0.00007124
809;SJV006054SJU;202;129;0.00001204
809;SJV006054SJU;204;129;0.00020831
809;SJV006054SJU;194;130;0.00082513
809;SJV006054SJU;195;130;0.00142696
809;SJV006054SJU;196;130;0.00455348
809;SJV006054SJU;197;130;0.00185839
809;SJV006054SJU;198;130;0.00156640
809;SJV006054SJU;199;130;0.00000057
809;SJV006054SJU;200;130;0.00020876
809;SJV006054SJU;201;130;0.00040203
809;SJV006054SJU;202;130;0.00003919
809;SJV006054SJU;204;130;0.00023244
809;SJV006054SJU;198;131;0.00081832
809;SJV006054SJU;202;131;0.00035826
809;SJV006054SJU;203;131;0.00033118
809;SJV006054SJU;204;131;0.00029467
809;SJV006054SJU;198;132;0.00026506
809;SJV006054SJU;204;132;0.00033453
809;0SD0060370SD;251;21;0.00000009
809;0SD0060370SD;250;22;0.00017396
809;0SD0060370SD;251;22;0.00317009
809;0SD0060370SD;252;22;0.00576336
809;0SD0060370SD;253;22;0.00430787
809;0SD0060370SD;254;22;0.00339817
809;0SD0060370SD;255;22;0.00000382
809;0SD0060370SD;249;23;0.00003857
809;0SD0060370SD;250;23;0.00264582
809;0SD0060370SD;251;23;0.00340268
809;0SD0060370SD;252;23;0.00654886
809;0SD0060370SD;253;23;0.00093874
809;0SD0060370SD;254;23;0.00007977
809;0SD0060370SD;260;23;0.00005248
809;0SD0060370SD;261;23;0.00028016
809;0SD0060370SD;263;23;0.00016970
809;0SD0060370SD;264;23;0.00022768
809;0SD0060370SD;249;24;0.00017900
809;0SD0060370SD;250;24;0.00795344
809;0SD0060370SD;251;24;0.00752395
809;0SD0060370SD;252;24;0.00454189
809;0SD0060370SD;253;24;0.00295678
809;0SD0060370SD;254;24;0.00026950
809;0SD0060370SD;255;24;0.00004626
809;0SD0060370SD;256;24;0.00000382
809;0SD0060370SD;258;24;0.00008316
809;0SD0060370SD;259;24;0.00007449
809;0SD0060370SD;260;24;0.00002128
809;0SD0060370SD;261;24;0.00032815
809;0SD0060370SD;262;24;0.00037939
809;0SD0060370SD;263;24;0.00019686
809;0SD0060370SD;264;24;0.00024168
809;0SD0060370SD;265;24;0.00033705
809;0SD0060370SD;267;24;0.00000001
809;0SD0060370SD;271;24;0.00000292
809;0SD0060370SD;247;25;0.00000048
809;0SD0060370SD;248;25;0.00036839
809;0SD0060370SD;249;25;0.00219711
809;0SD0060370SD;250;25;0.01394128
809;0SD0060370SD;251;25;0.01090312
809;0SD0060370SD;252;25;0.00359067
809;0SD0060370SD;253;25;0.00216512
809;0SD0060370SD;254;25;0.00005535
809;0SD0060370SD;256;25;0.00008457
809;0SD0060370SD;257;25;0.00011295
809;0SD0060370SD;258;25;0.00003037
809;0SD0060370SD;259;25;0.00000403
809;0SD0060370SD;264;25;0.00002058
809;0SD0060370SD;265;25;0.00025383
809;0SD0060370SD;266;25;0.00053605
809;0SD0060370SD;267;25;0.00040299
809;0SD0060370SD;268;25;0.00009912
809;0SD0060370SD;270;25;0.00000394
809;0SD0060370SD;271;25;0.00143619
809;0SD0060370SD;272;25;0.00274390
809;0SD0060370SD;273;25;0.00212156
809;0SD0060370SD;246;26;0.00000039
809;0SD0060370SD;247;26;0.00051859
809;0SD0060370SD;248;26;0.00190675
809;0SD0060370SD;249;26;0.01738780
809;0SD0060370SD;250;26;0.02245532
809;0SD0060370SD;251;26;0.00184679
809;0SD0060370SD;252;26;0.00460010
809;0SD0060370SD;253;26;0.00011157
809;0SD0060370SD;254;26;0.00000020
809;0SD0060370SD;255;26;0.00004319
809;0SD0060370SD;256;26;0.00006182
809;0SD0060370SD;257;26;0.00000018
809;0SD0060370SD;258;26;0.00000468
809;0SD0060370SD;259;26;0.00000137
809;0SD0060370SD;264;26;0.00003433
809;0SD0060370SD;266;26;0.00000012
809;0SD0060370SD;267;26;0.00000027
809;0SD0060370SD;268;26;0.00092707
809;0SD0060370SD;269;26;0.00294277
809;0SD0060370SD;270;26;0.00261941
809;0SD0060370SD;271;26;0.00145453
809;0SD0060370SD;273;26;0.00155357
809;0SD0060370SD;247;27;0.00242344
809;0SD0060370SD;248;27;0.01692309
809;0SD0060370SD;249;27;0.00913839
809;0SD0060370SD;250;27;0.01635201
809;0SD0060370SD;251;27;0.00487030
809;0SD0060370SD;252;27;0.00819341
809;0SD0060370SD;253;27;0.00159131
809;0SD0060370SD;254;27;0.00062123
809;0SD0060370SD;255;27;0.00014217
809;0SD0060370SD;256;27;0.00002664
809;0SD0060370SD;257;27;0.00001523
809;0SD0060370SD;258;27;0.00000324
809;0SD0060370SD;259;27;0.00000102
809;0SD0060370SD;260;27;0.00000115
809;0SD0060370SD;264;27;0.00087160
809;0SD0060370SD;265;27;0.00246408
809;0SD0060370SD;266;27;0.00224074
809;0SD0060370SD;267;27;0.00238295
809;0SD0060370SD;268;27;0.00179180
809;0SD0060370SD;269;27;0.00000011
809;0SD0060370SD;270;27;0.00000001
809;0SD0060370SD;246;28;0.00004624
809;0SD0060370SD;247;28;0.00274348
809;0SD0060370SD;248;28;0.00789261
809;0SD0060370SD;249;28;0.02278348
809;0SD0060370SD;250;28;0.01696006
809;0SD0060370SD;251;28;0.00609158
809;0SD0060370SD;252;28;0.00956714
809;0SD0060370SD;253;28;0.00487985
809;0SD0060370SD;254;28;0.00040230
809;0SD0060370SD;255;28;0.00014020
809;0SD0060370SD;256;28;0.00007848
809;0SD0060370SD;257;28;0.00000068
809;0SD0060370SD;258;28;0.00000179
809;0SD0060370SD;259;28;0.00000229
809;0SD0060370SD;260;28;0.00000177
809;0SD0060370SD;264;28;0.00231215
809;0SD0060370SD;265;28;0.00000012
809;0SD0060370SD;269;28;0.00000001
809;0SD0060370SD;246;29;0.00027188
809;0SD0060370SD;247;29;0.01159380
809;0SD0060370SD;248;29;0.00488300
809;0SD0060370SD;249;29;0.01890708
809;0SD0060370SD;250;29;0.01000371
809;0SD0060370SD;251;29;0.00029107
809;0SD0060370SD;252;29;0.00229424
809;0SD0060370SD;253;29;0.00927304
809;0SD0060370SD;254;29;0.00571804
809;0SD0060370SD;255;29;0.00059011
809;0SD0060370SD;256;29;0.00005347
809;0SD0060370SD;257;29;0.00001713
809;0SD0060370SD;258;29;0.00000649
809;0SD0060370SD;259;29;0.00000090
809;0SD0060370SD;260;29;0.00000133
809;0SD0060370SD;261;29;0.00000185
809;0SD0060370SD;263;29;0.00027301
809;0SD0060370SD;264;29;0.00257575
809;0SD0060370SD;265;29;0.00000002
809;0SD0060370SD;246;30;0.00074086
809;0SD0060370SD;247;30;0.01077115
809;0SD0060370SD;248;30;0.02084037
809;0SD0060370SD;249;30;0.01041774
809;0SD0060370SD;250;30;0.02057277
809;0SD0060370SD;251;30;0.00710033
809;0SD0060370SD;252;30;0.00823670
809;0SD0060370SD;253;30;0.00620779
809;0SD0060370SD;254;30;0.00163345
809;0SD0060370SD;255;30;0.00400100
809;0SD0060370SD;256;30;0.00303825
809;0SD0060370SD;257;30;0.00328628
809;0SD0060370SD;258;30;0.00254713
809;0SD0060370SD;259;30;0.00242490
809;0SD0060370SD;260;30;0.00226429
809;0SD0060370SD;261;30;0.00253123
809;0SD0060370SD;262;30;0.00224827
809;0SD0060370SD;263;30;0.00200122
809;0SD0060370SD;264;30;0.00000230
809;0SD0060370SD;265;30;0.00000037
809;0SD0060370SD;272;30;0.00000001
809;0SD0060370SD;247;31;0.02052308
809;0SD0060370SD;248;31;0.01077384
809;0SD0060370SD;249;31;0.00358412
809;0SD0060370SD;250;31;0.01708031
809;0SD0060370SD;251;31;0.00000237
809;0SD0060370SD;253;31;0.00001437
809;0SD0060370SD;254;31;0.00118664
809;0SD0060370SD;255;31;0.00020161
809;0SD0060370SD;256;31;0.00000305
809;0SD0060370SD;260;31;0.00000023
809;0SD0060370SD;261;31;0.00000417
809;0SD0060370SD;262;31;0.00010930
809;0SD0060370SD;264;31;0.00000068
809;0SD0060370SD;265;31;0.00000152
809;0SD0060370SD;266;31;0.00000079
809;0SD0060370SD;271;31;0.00000001
809;0SD0060370SD;246;32;0.00032198
809;0SD0060370SD;247;32;0.02226286
809;0SD0060370SD;248;32;0.00034931
809;0SD0060370SD;249;32;0.00131298
809;0SD0060370SD;250;32;0.01681658
809;0SD0060370SD;251;32;0.00258496
809;0SD0060370SD;252;32;0.00034657
809;0SD0060370SD;253;32;0.00081730
809;0SD0060370SD;254;32;0.00014995
809;0SD0060370SD;255;32;0.00031848
809;0SD0060370SD;260;32;0.00000022
809;0SD0060370SD;261;32;0.00000001
809;0SD0060370SD;262;32;0.00009124
809;0SD0060370SD;264;32;0.00000003
809;0SD0060370SD;265;32;0.00000022
809;0SD0060370SD;270;32;0.00000001
809;0SD0060370SD;246;33;0.01378357
809;0SD0060370SD;247;33;0.00419577
809;0SD0060370SD;248;33;0.00304987
809;0SD0060370SD;249;33;0.00290384
809;0SD0060370SD;250;33;0.01799638
809;0SD0060370SD;251;33;0.00195508
809;0SD0060370SD;252;33;0.00082313
809;0SD0060370SD;253;33;0.00093540
809;0SD0060370SD;255;33;0.00004926
809;0SD0060370SD;256;33;0.00014364
809;0SD0060370SD;260;33;0.00000001
809;0SD0060370SD;262;33;0.00010218
809;0SD0060370SD;263;33;0.00000002
809;0SD0060370SD;264;33;0.00000019
809;0SD0060370SD;269;33;0.00000001
809;0SD0060370SD;245;34;0.00000086
809;0SD0060370SD;246;34;0.01877185
809;0SD0060370SD;247;34;0.00052169
809;0SD0060370SD;248;34;0.00052590
809;0SD0060370SD;249;34;0.00065813
809;0SD0060370SD;250;34;0.01608225
809;0SD0060370SD;251;34;0.00053256
809;0SD0060370SD;252;34;0.00013272
809;0SD0060370SD;253;34;0.00078827
809;0SD0060370SD;254;34;0.00030358
809;0SD0060370SD;255;34;0.00006631
809;0SD0060370SD;256;34;0.00027346
809;0SD0060370SD;257;34;0.00002714
809;0SD0060370SD;260;34;0.00000002
809;0SD0060370SD;261;34;0.00000016
809;0SD0060370SD;262;34;0.00012010
809;0SD0060370SD;263;34;0.00000020
809;0SD0060370SD;265;34;0.00000034
809;0SD0060370SD;245;35;0.00875462
809;0SD0060370SD;246;35;0.00901368
809;0SD0060370SD;247;35;0.00039963
809;0SD0060370SD;248;35;0.00038639
809;0SD0060370SD;249;35;0.00054837
809;0SD0060370SD;250;35;0.01339474
809;0SD0060370SD;251;35;0.00043929
809;0SD0060370SD;252;35;0.00000599
809;0SD0060370SD;253;35;0.00008313
809;0SD0060370SD;254;35;0.00025188
809;0SD0060370SD;255;35;0.00040342
809;0SD0060370SD;256;35;0.00006069
809;0SD0060370SD;257;35;0.00001057
809;0SD0060370SD;260;35;0.00000046
809;0SD0060370SD;261;35;0.00000180
809;0SD0060370SD;262;35;0.00007998
809;0SD0060370SD;265;35;0.00000122
809;0SD0060370SD;266;35;0.00000003
809;0SD0060370SD;245;36;0.01650824
809;0SD0060370SD;246;36;0.00216529
809;0SD0060370SD;247;36;0.00053339
809;0SD0060370SD;248;36;0.00024685
809;0SD0060370SD;249;36;0.00040390
809;0SD0060370SD;250;36;0.01372944
809;0SD0060370SD;251;36;0.00060327
809;0SD0060370SD;252;36;0.00019798
809;0SD0060370SD;253;36;0.00002588
809;0SD0060370SD;254;36;0.00019876
809;0SD0060370SD;255;36;0.00030571
809;0SD0060370SD;256;36;0.00016883
809;0SD0060370SD;257;36;0.00007340
809;0SD0060370SD;258;36;0.00009673
809;0SD0060370SD;260;36;0.00000027
809;0SD0060370SD;261;36;0.00003013
809;0SD0060370SD;262;36;0.00009596
809;0SD0060370SD;265;36;0.00000041
809;0SD0060370SD;266;36;0.00000043
809;0SD0060370SD;244;37;0.00397907
809;0SD0060370SD;245;37;0.01538476
809;0SD0060370SD;246;37;0.00381486
809;0SD0060370SD;247;37;0.00153362
809;0SD0060370SD;248;37;0.00037483
809;0SD0060370SD;249;37;0.00227164
809;0SD0060370SD;250;37;0.01518797
809;0SD0060370SD;251;37;0.00075437
809;0SD0060370SD;252;37;0.00027813
809;0SD0060370SD;253;37;0.00030582
809;0SD0060370SD;254;37;0.00019167
809;0SD0060370SD;255;37;0.00000141
809;0SD0060370SD;256;37;0.00000014
809;0SD0060370SD;257;37;0.00003453
809;0SD0060370SD;258;37;0.00000123
809;0SD0060370SD;259;37;0.00011206
809;0SD0060370SD;260;37;0.00011757
809;0SD0060370SD;261;37;0.00009688
809;0SD0060370SD;262;37;0.00003718
809;0SD0060370SD;263;37;0.00003397
809;0SD0060370SD;264;37;0.00003375
809;0SD0060370SD;265;37;0.00000337
809;0SD0060370SD;244;38;0.01391144
809;0SD0060370SD;245;38;0.00209091
809;0SD0060370SD;246;38;0.00236462
809;0SD0060370SD;247;38;0.00844717
809;0SD0060370SD;248;38;0.00911655
809;0SD0060370SD;249;38;0.00879680
809;0SD0060370SD;250;38;0.00585144
809;0SD0060370SD;251;38;0.00083420
809;0SD0060370SD;252;38;0.00000021
809;0SD0060370SD;256;38;0.00000005
809;0SD0060370SD;257;38;0.00000014
809;0SD0060370SD;259;38;0.00003864
809;0SD0060370SD;263;38;0.00000077
809;0SD0060370SD;264;38;0.00000033
809;0SD0060370SD;265;38;0.00004534
809;0SD0060370SD;266;38;0.00002213
809;0SD0060370SD;267;38;0.00001097
809;0SD0060370SD;268;38;0.00000672
809;0SD0060370SD;243;39;0.00942204
809;0SD0060370SD;244;39;0.01404959
809;0SD0060370SD;245;39;0.00704002
809;0SD0060370SD;246;39;0.00694353
809;0SD0060370SD;247;39;0.00418390
809;0SD0060370SD;248;39;0.00071304
809;0SD0060370SD;249;39;0.00535414
809;0SD0060370SD;250;39;0.00005098
809;0SD0060370SD;251;39;0.00041088
809;0SD0060370SD;252;39;0.00037238
809;0SD0060370SD;253;39;0.00005708
809;0SD0060370SD;257;39;0.00000002
809;0SD0060370SD;258;39;0.00000004
809;0SD0060370SD;259;39;0.00004450
809;0SD0060370SD;262;39;0.00000079
809;0SD0060370SD;263;39;0.00000003
809;0SD0060370SD;266;39;0.00000943
809;0SD0060370SD;267;39;0.00002014
809;0SD0060370SD;268;39;0.00001226
809;0SD0060370SD;269;39;0.00002280
809;0SD0060370SD;270;39;0.00002249
809;0SD0060370SD;271;39;0.00002251
809;0SD0060370SD;272;39;0.00001354
809;0SD0060370SD;242;40;0.00434193
809;0SD0060370SD;243;40;0.01057991
809;0SD0060370SD;244;40;0.00176633
809;0SD0060370SD;245;40;0.00137584
809;0SD0060370SD;246;40;0.00130924
809;0SD0060370SD;247;40;0.00031549
809;0SD0060370SD;248;40;0.00150981
809;0SD0060370SD;249;40;0.00372271
809;0SD0060370SD;250;40;0.00000381
809;0SD0060370SD;251;40;0.00038521
809;0SD0060370SD;252;40;0.00017503
809;0SD0060370SD;253;40;0.00015662
809;0SD0060370SD;257;40;0.00000080
809;0SD0060370SD;258;40;0.00005095
809;0SD0060370SD;259;40;0.00002905
809;0SD0060370SD;261;40;0.00000332
809;0SD0060370SD;262;40;0.00000767
809;0SD0060370SD;263;40;0.00000716
809;0SD0060370SD;264;40;0.00000346
809;0SD0060370SD;265;40;0.00000250
809;0SD0060370SD;267;40;0.00001387
809;0SD0060370SD;268;40;0.00000686
809;0SD0060370SD;269;40;0.00000264
809;0SD0060370SD;241;41;0.00186756
809;0SD0060370SD;242;41;0.01064539
809;0SD0060370SD;243;41;0.00180843
809;0SD0060370SD;244;41;0.00010312
809;0SD0060370SD;245;41;0.00166149
809;0SD0060370SD;246;41;0.00158728
809;0SD0060370SD;247;41;0.00083704
809;0SD0060370SD;248;41;0.00506472
809;0SD0060370SD;249;41;0.00016431
809;0SD0060370SD;250;41;0.00012970
809;0SD0060370SD;251;41;0.00020068
809;0SD0060370SD;252;41;0.00000467
809;0SD0060370SD;253;41;0.00019295
809;0SD0060370SD;256;41;0.00001470
809;0SD0060370SD;257;41;0.00005172
809;0SD0060370SD;259;41;0.00005343
809;0SD0060370SD;260;41;0.00001045
809;0SD0060370SD;261;41;0.00000825
809;0SD0060370SD;262;41;0.00000140
809;0SD0060370SD;264;41;0.00000631
809;0SD0060370SD;265;41;0.00001126
809;0SD0060370SD;266;41;0.00002169
809;0SD0060370SD;267;41;0.00002036
809;0SD0060370SD;241;42;0.01273830
809;0SD0060370SD;242;42;0.00000012
809;0SD0060370SD;243;42;0.00072508
809;0SD0060370SD;244;42;0.00116546
809;0SD0060370SD;245;42;0.00106483
809;0SD0060370SD;246;42;0.00017484
809;0SD0060370SD;247;42;0.00090645
809;0SD0060370SD;248;42;0.00407894
809;0SD0060370SD;249;42;0.00000555
809;0SD0060370SD;250;42;0.00002678
809;0SD0060370SD;251;42;0.00020259
809;0SD0060370SD;252;42;0.00003315
809;0SD0060370SD;253;42;0.00012954
809;0SD0060370SD;254;42;0.00006780
809;0SD0060370SD;255;42;0.00004736
809;0SD0060370SD;256;42;0.00002765
809;0SD0060370SD;257;42;0.00000693
809;0SD0060370SD;259;42;0.00000924
809;0SD0060370SD;260;42;0.00001911
809;0SD0060370SD;261;42;0.00000014
809;0SD0060370SD;265;42;0.00000149
809;0SD0060370SD;266;42;0.00002540
809;0SD0060370SD;267;42;0.00000530
809;0SD0060370SD;268;42;0.00000003
809;0SD0060370SD;239;43;0.00182240
809;0SD0060370SD;240;43;0.01260234
809;0SD0060370SD;241;43;0.00147912
809;0SD0060370SD;242;43;0.00001521
809;0SD0060370SD;243;43;0.00004761
809;0SD0060370SD;244;43;0.00041193
809;0SD0060370SD;245;43;0.00057426
809;0SD0060370SD;246;43;0.00055798
809;0SD0060370SD;247;43;0.00038327
809;0SD0060370SD;248;43;0.00458905
809;0SD0060370SD;249;43;0.00016825
809;0SD0060370SD;250;43;0.00000117
809;0SD0060370SD;251;43;0.00005570
809;0SD0060370SD;252;43;0.00012235
809;0SD0060370SD;253;43;0.00000542
809;0SD0060370SD;254;43;0.00000031
809;0SD0060370SD;255;43;0.00000128
809;0SD0060370SD;258;43;0.00000217
809;0SD0060370SD;259;43;0.00001171
809;0SD0060370SD;266;43;0.00000090
809;0SD0060370SD;267;43;0.00000031
809;0SD0060370SD;238;44;0.00659018
809;0SD0060370SD;239;44;0.01067269
809;0SD0060370SD;240;44;0.00033349
809;0SD0060370SD;241;44;0.00012209
809;0SD0060370SD;242;44;0.00002116
809;0SD0060370SD;245;44;0.00019334
809;0SD0060370SD;246;44;0.00094428
809;0SD0060370SD;247;44;0.00007827
809;0SD0060370SD;248;44;0.00413246
809;0SD0060370SD;249;44;0.00019323
809;0SD0060370SD;250;44;0.00016093
809;0SD0060370SD;251;44;0.00011900
809;0SD0060370SD;252;44;0.00000073
809;0SD0060370SD;254;44;0.00000014
809;0SD0060370SD;255;44;0.00000049
809;0SD0060370SD;257;44;0.00000329
809;0SD0060370SD;258;44;0.00001194
809;0SD0060370SD;266;44;0.00000006
809;0SD0060370SD;238;45;0.00012055
809;0SD0060370SD;239;45;0.00020687
809;0SD0060370SD;240;45;0.00004679
809;0SD0060370SD;244;45;0.00002919
809;0SD0060370SD;245;45;0.00007394
809;0SD0060370SD;246;45;0.00013844
809;0SD0060370SD;247;45;0.00059036
809;0SD0060370SD;248;45;0.00388393
809;0SD0060370SD;249;45;0.00000004
809;0SD0060370SD;250;45;0.00000511
809;0SD0060370SD;256;45;0.00000006
809;0SD0060370SD;257;45;0.00000145
809;0SD0060370SD;258;45;0.00000366
809;0SD0060370SD;259;45;0.00000075
809;0SD0060370SD;239;46;0.00002678
809;0SD0060370SD;240;46;0.00002322
809;0SD0060370SD;241;46;0.00002193
809;0SD0060370SD;242;46;0.00001072
809;0SD0060370SD;243;46;0.00002548
809;0SD0060370SD;244;46;0.00009064
809;0SD0060370SD;246;46;0.00000131
809;0SD0060370SD;248;46;0.00137837
809;0SD0060370SD;250;46;0.00000072
809;0SD0060370SD;242;47;0.00001439
809;0SD0060370SD;243;47;0.00000029
809;0SD0060370SD;244;47;0.00003414
809;0MC006032NSI;168;214;0.00025522
809;0MC006032NSI;168;215;0.00198848
809;0MC006032NSI;170;215;0.00812224
809;0MC006032NSI;171;215;0.00539195
809;0MC006032NSI;173;215;0.00022798
809;0MC006032NSI;174;215;0.00936421
809;0MC006032NSI;177;215;0.03680072
809;0MC006032NSI;178;215;0.00443304
809;0MC006032NSI;168;216;0.00048861
809;0MC006032NSI;169;216;0.01054192
809;0MC006032NSI;170;216;0.00729396
809;0MC006032NSI;174;216;0.01098234
809;0MC006032NSI;178;216;0.05673424
809;0MC006032NSI;169;217;0.02348874
809;0MC006032NSI;170;217;0.00744468
809;0MC006032NSI;171;217;0.00744468
809;0MC006032NSI;172;217;0.00273855
809;0MC006032NSI;173;217;0.00010827
809;0MC006032NSI;174;217;0.01057232
809;0MC006032NSI;177;217;0.00139290
809;0MC006032NSI;178;217;0.07027771
809;0MC006032NSI;179;217;0.05807111
809;0MC006032NSI;180;217;0.00641429
809;0MC006032NSI;168;218;0.02119453
809;0MC006032NSI;169;218;0.00088818
809;0MC006032NSI;173;218;0.00066072
809;0MC006032NSI;174;218;0.00524746
809;0MC006032NSI;175;218;0.00242833
809;0MC006032NSI;176;218;0.00242833
809;0MC006032NSI;177;218;0.00103544
809;0MC006032NSI;153;219;0.00943503
809;0MC006032NSI;166;219;0.00934337
809;0MC006032NSI;167;219;0.01899027
809;0MC006032NSI;168;219;0.00882900
809;0MC006032NSI;153;220;0.00216702
809;0MC006032NSI;154;220;0.01848672
809;0MC006032NSI;165;220;0.01355905
809;0MC006032NSI;166;220;0.01363318
809;0MC006032NSI;154;221;0.01312995
809;0MC006032NSI;155;221;0.00752379
809;0MC006032NSI;162;221;0.02080419
809;0MC006032NSI;163;221;0.01797341
809;0MC006032NSI;164;221;0.01851349
809;0MC006032NSI;165;221;0.01028629
809;0MC006032NSI;155;222;0.02065374
809;0MC006032NSI;162;222;0.02722953
809;0MC006032NSI;155;223;0.00343914
809;0MC006032NSI;156;223;0.00208977
809;0MC006032NSI;157;223;0.00180726
809;0MC006032NSI;158;223;0.00180726
809;0MC006032NSI;159;223;0.00180726
809;0MC006032NSI;160;223;0.00173596
809;0MC006032NSI;162;223;0.02933831
809;0MC006032NSI;160;224;0.00007130
809;0MC006032NSI;161;224;0.00180726
809;0MC006032NSI;162;224;0.02722420
809;0MC006032NSI;162;225;0.02647387
809;0MC006032NSI;162;226;0.02647387
809;0MC006032NSI;159;227;0.00376470
809;0MC006032NSI;160;227;0.02859201
809;0MC006032NSI;161;227;0.02640025
809;0MC006032NSI;162;227;0.01947981
809;0MC006032NSI;158;228;0.00737993
809;0MC006032NSI;159;228;0.01212040
809;0MC006032NSI;160;228;0.01318037
809;0MC006032NSI;157;229;0.01120578
809;0MC006032NSI;158;229;0.00829455
809;0MC006032NSI;160;229;0.01318037
809;0MC006032NSI;154;230;0.01074697
809;0MC006032NSI;155;230;0.01922953
809;0MC006032NSI;156;230;0.01836172
809;0MC006032NSI;157;230;0.00446870
809;0MC006032NSI;160;230;0.01318037
809;0MC006032NSI;156;231;0.00176571
809;0MC006032NSI;157;231;0.01472882
809;0MC006032NSI;158;231;0.01782002
809;0MC006032NSI;159;231;0.01550981
809;0MC006032NSI;160;231;0.01149554
809;NCC006035MBU;161;122;0.00014635
809;NCC006035MBU;162;122;0.00002360
809;NCC006035MBU;163;122;0.00001584
809;NCC006035MBU;160;123;0.00039688
809;NCC006035MBU;162;123;0.00212838
809;NCC006035MBU;160;124;0.00053497
809;NCC006035MBU;161;124;0.00211746
809;NCC006035MBU;162;124;0.00063991
809;NCC006035MBU;163;124;0.00000755
809;NCC006035MBU;164;124;0.00001773
809;NCC006035MBU;165;124;0.00001443
809;NCC006035MBU;166;124;0.00001676
809;NCC006035MBU;160;125;0.00081301
809;NCC006035MBU;161;125;0.00209719
809;NCC006035MBU;162;125;0.00001776
809;NCC006035MBU;163;125;0.00000698
809;NCC006035MBU;166;125;0.00000414
809;NCC006035MBU;167;125;0.00003379
809;NCC006035MBU;168;125;0.00001271
809;NCC006035MBU;160;126;0.00282999
809;NCC006035MBU;161;126;0.00061500
809;NCC006035MBU;167;126;0.00000167
809;NCC006035MBU;168;126;0.00002635
809;NCC006035MBU;156;127;0.00014053
809;NCC006035MBU;157;127;0.00002165
809;NCC006035MBU;159;127;0.00257575
809;NCC006035MBU;160;127;0.00025949
809;NCC006035MBU;165;127;0.00009342
809;NCC006035MBU;166;127;0.00012472
809;NCC006035MBU;167;127;0.00001698
809;NCC006035MBU;168;127;0.00000739
809;NCC006035MBU;156;128;0.00017413
809;NCC006035MBU;157;128;0.00013460
809;NCC006035MBU;158;128;0.00264646
809;NCC006035MBU;159;128;0.00209630
809;NCC006035MBU;160;128;0.00003682
809;NCC006035MBU;164;128;0.00008310
809;NCC006035MBU;165;128;0.00016596
809;NCC006035MBU;157;129;0.00294425
809;NCC006035MBU;158;129;0.00041303
809;NCC006035MBU;164;129;0.00005946
809;NCC006035MBU;156;130;0.00139688
809;NCC006035MBU;157;130;0.00221087
809;NCC006035MBU;164;130;0.00004209
809;NCC006035MBU;165;130;0.00002927
809;NCC006035MBU;156;131;0.00374010
809;NCC006035MBU;160;131;0.00007573
809;NCC006035MBU;161;131;0.00025490
809;NCC006035MBU;162;131;0.00024378
809;NCC006035MBU;163;131;0.00027305
809;NCC006035MBU;164;131;0.00005308
809;NCC006035MBU;155;132;0.00209005
809;NCC006035MBU;156;132;0.00129412
809;NCC006035MBU;157;132;0.00020406
809;NCC006035MBU;158;132;0.00028031
809;NCC006035MBU;159;132;0.00030145
809;NCC006035MBU;160;132;0.00026293
809;NCC006035MBU;163;132;0.00010378
809;NCC006035MBU;154;133;0.00009502
809;NCC006035MBU;155;133;0.00366642
809;NCC006035MBU;156;133;0.00030017
809;NCC006035MBU;157;133;0.00010158
809;NCC006035MBU;153;134;0.00037452
809;NCC006035MBU;154;134;0.00028312
809;NCC006035MBU;155;134;0.00354996
809;NCC006035MBU;156;134;0.00029810
809;NCC006035MBU;157;134;0.00000411
809;NCC006035MBU;150;135;0.00013541
809;NCC006035MBU;152;135;0.00117230
809;NCC006035MBU;153;135;0.00012669
809;NCC006035MBU;154;135;0.00495091
809;NCC006035MBU;155;135;0.00044328
809;NCC006035MBU;156;135;0.00030961
809;NCC006035MBU;157;135;0.00020376
809;NCC006035MBU;150;136;0.00037433
809;NCC006035MBU;151;136;0.00009867
809;NCC006035MBU;152;136;0.00451532
809;NCC006035MBU;153;136;0.00985569
809;NCC006035MBU;154;136;0.00574261
809;NCC006035MBU;155;136;0.00039323
809;NCC006035MBU;148;137;0.00168561
809;NCC006035MBU;149;137;0.05161114
809;NCC006035MBU;150;137;0.05367985
809;NCC006035MBU;151;137;0.02820112
809;NCC006035MBU;152;137;0.06924562
809;NCC006035MBU;153;137;0.01434247
809;NCC006035MBU;154;137;0.00027085
809;NCC006035MBU;155;137;0.00001151
809;NCC006035MBU;147;138;0.07597870
809;NCC006035MBU;148;138;0.17741971
809;NCC006035MBU;149;138;0.01898796
809;NCC006035MBU;150;138;0.00026524
809;NCC006035MBU;151;138;0.04956853
809;NCC006035MBU;152;138;0.08712607
809;NCC006035MBU;153;138;0.00388220
809;NCC006035MBU;154;138;0.00002714
809;NCC006035MBU;147;139;0.00342463
809;NCC006035MBU;148;139;0.03473862
809;NCC006035MBU;149;139;0.07561627
809;NCC006035MBU;151;139;0.04802121
809;NCC006035MBU;152;139;0.04004066
809;NCC006035MBU;153;139;0.00396527
809;NCC006035MBU;154;139;0.00003310
809;NCC006035MBU;155;139;0.00002184
809;NCC006035MBU;150;140;0.03638926
809;NCC006035MBU;151;140;0.01308855
809;NCC006035MBU;152;140;0.03536075
809;NCC006035MBU;153;140;0.00074866
809;NCC006035MBU;154;140;0.00027622
809;NCC006035MBU;151;141;0.00043878
809;NCC006035MBU;152;141;0.00116870
809;0SV006045SHA;120;233;0.00003537
809;0SV006045SHA;121;233;0.00021467
809;0SV006045SHA;122;233;0.00027696
809;0SV006045SHA;123;233;0.00047573
809;0SV006045SHA;134;233;0.00005955
809;0SV006045SHA;135;233;0.01432379
809;0SV006045SHA;120;234;0.00010324
809;0SV006045SHA;123;234;0.00007862
809;0SV006045SHA;124;234;0.00020258
809;0SV006045SHA;125;234;0.00013322
809;0SV006045SHA;130;234;0.00018182
809;0SV006045SHA;131;234;0.00014910
809;0SV006045SHA;132;234;0.00066581
809;0SV006045SHA;133;234;0.00080942
809;0SV006045SHA;134;234;0.00169411
809;0SV006045SHA;135;234;0.03084428
809;0SV006045SHA;136;234;0.00117197
809;0SV006045SHA;137;234;0.00081989
809;0SV006045SHA;141;234;0.00011660
809;0SV006045SHA;125;235;0.00016140
809;0SV006045SHA;126;235;0.00028609
809;0SV006045SHA;127;235;0.00038458
809;0SV006045SHA;128;235;0.00017956
809;0SV006045SHA;130;235;0.00036238
809;0SV006045SHA;131;235;0.00001779
809;0SV006045SHA;132;235;0.00167231
809;0SV006045SHA;133;235;0.00085800
809;0SV006045SHA;134;235;0.00249948
809;0SV006045SHA;135;235;0.04034457
809;0SV006045SHA;136;235;0.00168015
809;0SV006045SHA;137;235;0.00010679
809;0SV006045SHA;138;235;0.00023994
809;0SV006045SHA;139;235;0.00028407
809;0SV006045SHA;140;235;0.00025059
809;0SV006045SHA;141;235;0.00098229
809;0SV006045SHA;142;235;0.00013075
809;0SV006045SHA;143;235;0.00128484
809;0SV006045SHA;144;235;0.00019997
809;0SV006045SHA;145;235;0.00020118
809;0SV006045SHA;146;235;0.00000217
809;0SV006045SHA;150;235;0.00048280
809;0SV006045SHA;151;235;0.00122932
809;0SV006045SHA;152;235;0.00139578
809;0SV006045SHA;128;236;0.00097423
809;0SV006045SHA;129;236;0.00148914
809;0SV006045SHA;130;236;0.00148286
809;0SV006045SHA;131;236;0.00087368
809;0SV006045SHA;132;236;0.00126878
809;0SV006045SHA;133;236;0.00766707
809;0SV006045SHA;134;236;0.03894737
809;0SV006045SHA;135;236;0.01196994
809;0SV006045SHA;136;236;0.00283607
809;0SV006045SHA;137;236;0.00151045
809;0SV006045SHA;138;236;0.00111297
809;0SV006045SHA;139;236;0.00115090
809;0SV006045SHA;140;236;0.00057998
809;0SV006045SHA;141;236;0.00320579
809;0SV006045SHA;142;236;0.00138932
809;0SV006045SHA;143;236;0.00394104
809;0SV006045SHA;144;236;0.00167760
809;0SV006045SHA;146;236;0.00018219
809;0SV006045SHA;151;236;0.00054091
809;0SV006045SHA;152;236;0.00103099
809;0SV006045SHA;153;236;0.00029313
809;0SV006045SHA;130;237;0.00172281
809;0SV006045SHA;131;237;0.00167920
809;0SV006045SHA;132;237;0.00117842
809;0SV006045SHA;133;237;0.01918515
809;0SV006045SHA;134;237;0.03877817
809;0SV006045SHA;135;237;0.00482384
809;0SV006045SHA;136;237;0.00121488
809;0SV006045SHA;137;237;0.00072970
809;0SV006045SHA;138;237;0.00430157
809;0SV006045SHA;139;237;0.00419070
809;0SV006045SHA;140;237;0.00408734
809;0SV006045SHA;141;237;0.00137775
809;0SV006045SHA;142;237;0.00262810
809;0SV006045SHA;144;237;0.00064780
809;0SV006045SHA;145;237;0.00195749
809;0SV006045SHA;146;237;0.00188112
809;0SV006045SHA;147;237;0.00142638
809;0SV006045SHA;148;237;0.00118273
809;0SV006045SHA;149;237;0.00142086
809;0SV006045SHA;150;237;0.00074241
809;0SV006045SHA;151;237;0.00070517
809;0SV006045SHA;152;237;0.00049065
809;0SV006045SHA;131;238;0.00129824
809;0SV006045SHA;132;238;0.00460291
809;0SV006045SHA;133;238;0.04362372
809;0SV006045SHA;134;238;0.04455766
809;0SV006045SHA;135;238;0.01537200
809;0SV006045SHA;136;238;0.00988688
809;0SV006045SHA;137;238;0.00622128
809;0SV006045SHA;138;238;0.00066162
809;0SV006045SHA;139;238;0.00013811
809;0SV006045SHA;142;238;0.00000281
809;0SV006045SHA;143;238;0.00008243
809;0SV006045SHA;149;238;0.00042003
809;0SV006045SHA;150;238;0.00122887
809;0SV006045SHA;151;238;0.00079143
809;0SV006045SHA;130;239;0.00034721
809;0SV006045SHA;131;239;0.00453693
809;0SV006045SHA;132;239;0.01056477
809;0SV006045SHA;133;239;0.09190426
809;0SV006045SHA;134;239;0.02812820
809;0SV006045SHA;135;239;0.00321794
809;0SV006045SHA;136;239;0.00181547
809;0SV006045SHA;137;239;0.00042582
809;0SV006045SHA;138;239;0.00024039
809;0SV006045SHA;139;239;0.00060118
809;0SV006045SHA;140;239;0.00039851
809;0SV006045SHA;142;239;0.00003935
809;0SV006045SHA;143;239;0.00011331
809;0SV006045SHA;144;239;0.00014388
809;0SV006045SHA;150;239;0.00070143
809;0SV006045SHA;151;239;0.00079244
809;0SV006045SHA;126;240;0.00023092
809;0SV006045SHA;129;240;0.00153056
809;0SV006045SHA;130;240;0.00256195
809;0SV006045SHA;131;240;0.00077623
809;0SV006045SHA;132;240;0.00201080
809;0SV006045SHA;133;240;0.04465680
809;0SV006045SHA;134;240;0.01674561
809;0SV006045SHA;135;240;0.00904658
809;0SV006045SHA;136;240;0.00811374
809;0SV006045SHA;138;240;0.00027440
809;0SV006045SHA;139;240;0.00051593
809;0SV006045SHA;140;240;0.00025661
809;0SV006045SHA;141;240;0.00060830
809;0SV006045SHA;142;240;0.00064906
809;0SV006045SHA;143;240;0.00049577
809;0SV006045SHA;144;240;0.00007408
809;0SV006045SHA;145;240;0.00001588
809;0SV006045SHA;148;240;0.00000004
809;0SV006045SHA;149;240;0.00000663
809;0SV006045SHA;150;240;0.00000156
809;0SV006045SHA;151;240;0.00018626
809;0SV006045SHA;152;240;0.00081421
809;0SV006045SHA;154;240;0.00025175
809;0SV006045SHA;155;240;0.00020931
809;0SV006045SHA;126;241;0.00221017
809;0SV006045SHA;127;241;0.00320528
809;0SV006045SHA;128;241;0.00315544
809;0SV006045SHA;129;241;0.00152445
809;0SV006045SHA;131;241;0.00000425
809;0SV006045SHA;132;241;0.00000766
809;0SV006045SHA;133;241;0.00877553
809;0SV006045SHA;134;241;0.01932788
809;0SV006045SHA;135;241;0.00061786
809;0SV006045SHA;136;241;0.00237466
809;0SV006045SHA;137;241;0.00632004
809;0SV006045SHA;138;241;0.00348729
809;0SV006045SHA;139;241;0.00007970
809;0SV006045SHA;140;241;0.00020327
809;0SV006045SHA;142;241;0.00012199
809;0SV006045SHA;143;241;0.00016260
809;0SV006045SHA;145;241;0.00003011
809;0SV006045SHA;146;241;0.00005895
809;0SV006045SHA;148;241;0.00000936
809;0SV006045SHA;149;241;0.00000117
809;0SV006045SHA;152;241;0.00064298
809;0SV006045SHA;153;241;0.00182289
809;0SV006045SHA;154;241;0.00117310
809;0SV006045SHA;128;242;0.00039264
809;0SV006045SHA;132;242;0.00000233
809;0SV006045SHA;133;242;0.00058026
809;0SV006045SHA;134;242;0.01350637
809;0SV006045SHA;135;242;0.00023979
809;0SV006045SHA;136;242;0.00033124
809;0SV006045SHA;138;242;0.00199551
809;0SV006045SHA;139;242;0.00631645
809;0SV006045SHA;140;242;0.00011469
809;0SV006045SHA;141;242;0.00003858
809;0SV006045SHA;142;242;0.00005295
809;0SV006045SHA;143;242;0.00001078
809;0SV006045SHA;146;242;0.00001432
809;0SV006045SHA;147;242;0.00004825
809;0SV006045SHA;148;242;0.00000002
809;0SV006045SHA;152;242;0.00026322
809;0SV006045SHA;153;242;0.00140321
809;0SV006045SHA;154;242;0.00005051
809;0SV006045SHA;128;243;0.00020806
809;0SV006045SHA;134;243;0.01264979
809;0SV006045SHA;136;243;0.00005563
809;0SV006045SHA;139;243;0.00284693
809;0SV006045SHA;140;243;0.00576014
809;0SV006045SHA;141;243;0.00159154
809;0SV006045SHA;147;243;0.00005647
809;0SV006045SHA;151;243;0.00078681
809;0SV006045SHA;152;243;0.00084173
809;0SV006045SHA;154;243;0.00006471
809;0SV006045SHA;128;244;0.00003795
809;0SV006045SHA;134;244;0.01000864
809;0SV006045SHA;135;244;0.00301050
809;0SV006045SHA;141;244;0.00622833
809;0SV006045SHA;142;244;0.00403651
809;0SV006045SHA;147;244;0.00004280
809;0SV006045SHA;151;244;0.00101633
809;0SV006045SHA;153;244;0.00000099
809;0SV006045SHA;154;244;0.00006439
809;0SV006045SHA;127;245;0.00000463
809;0SV006045SHA;128;245;0.00004689
809;0SV006045SHA;134;245;0.01121900
809;0SV006045SHA;141;245;0.00016002
809;0SV006045SHA;142;245;0.00473452
809;0SV006045SHA;143;245;0.00005619
809;0SV006045SHA;147;245;0.00004073
809;0SV006045SHA;151;245;0.00113937
809;0SV006045SHA;152;245;0.00003401
809;0SV006045SHA;153;245;0.00007483
809;0SV006045SHA;127;246;0.00000503
809;0SV006045SHA;128;246;0.00003020
809;0SV006045SHA;133;246;0.00022625
809;0SV006045SHA;134;246;0.01466933
809;0SV006045SHA;135;246;0.00009593
809;0SV006045SHA;138;246;0.00000580
809;0SV006045SHA;139;246;0.00000287
809;0SV006045SHA;140;246;0.00011254
809;0SV006045SHA;141;246;0.00003137
809;0SV006045SHA;143;246;0.00835852
809;0SV006045SHA;144;246;0.00399002
809;0SV006045SHA;145;246;0.00408233
809;0SV006045SHA;146;246;0.00589621
809;0SV006045SHA;147;246;0.00397545
809;0SV006045SHA;148;246;0.00064392
809;0SV006045SHA;149;246;0.00032324
809;0SV006045SHA;150;246;0.00122946
809;0SV006045SHA;151;246;0.00027296
809;0SV006045SHA;153;246;0.00006979
809;0SV006045SHA;128;247;0.00001969
809;0SV006045SHA;129;247;0.00001174
809;0SV006045SHA;133;247;0.01223270
809;0SV006045SHA;135;247;0.00006347
809;0SV006045SHA;136;247;0.00010224
809;0SV006045SHA;137;247;0.00000451
809;0SV006045SHA;138;247;0.00007065
809;0SV006045SHA;139;247;0.00003720
809;0SV006045SHA;140;247;0.00010435
809;0SV006045SHA;143;247;0.00069939
809;0SV006045SHA;148;247;0.00463853
809;0SV006045SHA;149;247;0.00093321
809;0SV006045SHA;150;247;0.00060219
809;0SV006045SHA;152;247;0.00006004
809;0SV006045SHA;153;247;0.00000922
809;0SV006045SHA;129;248;0.00042290
809;0SV006045SHA;130;248;0.00115874
809;0SV006045SHA;131;248;0.00065451
809;0SV006045SHA;132;248;0.00423535
809;0SV006045SHA;133;248;0.01272548
809;0SV006045SHA;136;248;0.00012478
809;0SV006045SHA;137;248;0.00005914
809;0SV006045SHA;139;248;0.00007019
809;0SV006045SHA;142;248;0.00053409
809;0SV006045SHA;143;248;0.00040672
809;0SV006045SHA;149;248;0.00423035
809;0SV006045SHA;150;248;0.00023934
809;0SV006045SHA;151;248;0.00000294
809;0SV006045SHA;152;248;0.00007415
809;0SV006045SHA;129;249;0.00031325
809;0SV006045SHA;130;249;0.00032524
809;0SV006045SHA;131;249;0.00002841
809;0SV006045SHA;132;249;0.01156519
809;0SV006045SHA;133;249;0.00000415
809;0SV006045SHA;142;249;0.00064636
809;0SV006045SHA;149;249;0.00154549
809;0SV006045SHA;150;249;0.00300828
809;0SV006045SHA;151;249;0.00128585
809;0SV006045SHA;152;249;0.00002622
809;0SV006045SHA;153;249;0.00010210
809;0SV006045SHA;132;250;0.00507983
809;0SV006045SHA;133;250;0.00652486
809;0SV006045SHA;142;250;0.00001142
809;0SV006045SHA;143;250;0.00066485
809;0SV006045SHA;145;250;0.00005502
809;0SV006045SHA;146;250;0.00008192
809;0SV006045SHA;147;250;0.00007958
809;0SV006045SHA;148;250;0.00091730
809;0SV006045SHA;149;250;0.00072435
809;0SV006045SHA;151;250;0.00194318
809;0SV006045SHA;152;250;0.00307762
809;0SV006045SHA;153;250;0.00129711
809;0SV006045SHA;133;251;0.01322518
809;0SV006045SHA;142;251;0.00066464
809;0SV006045SHA;143;251;0.00030781
809;0SV006045SHA;144;251;0.00011434
809;0SV006045SHA;145;251;0.00004140
809;0SV006045SHA;148;251;0.00054840
809;0SV006045SHA;149;251;0.00040836
809;0SV006045SHA;151;251;0.00047509
809;0SV006045SHA;152;251;0.00061809
809;0SV006045SHA;153;251;0.00252833
809;0SV006045SHA;154;251;0.00199359
809;0SV006045SHA;155;251;0.00006629
809;0SV006045SHA;133;252;0.00173546
809;0SV006045SHA;134;252;0.01102002
809;0SV006045SHA;135;252;0.00000174
809;0SV006045SHA;141;252;0.00014251
809;0SV006045SHA;142;252;0.00057115
809;0SV006045SHA;148;252;0.00086572
809;0SV006045SHA;150;252;0.00019225
809;0SV006045SHA;151;252;0.00051783
809;0SV006045SHA;154;252;0.00033980
809;0SV006045SHA;155;252;0.00019326
809;0SV006045SHA;134;253;0.01073654
809;0SV006045SHA;135;253;0.00150628
809;0SV006045SHA;136;253;0.00000025
809;0SV006045SHA;140;253;0.00077071
809;0SV006045SHA;141;253;0.00052209
809;0SV006045SHA;142;253;0.00009733
809;0SV006045SHA;148;253;0.00086713
809;0SV006045SHA;149;253;0.00029132
809;0SV006045SHA;150;253;0.00019358
809;0SV006045SHA;135;254;0.01342423
809;0SV006045SHA;139;254;0.00052559
809;0SV006045SHA;140;254;0.00020346
809;0SV006045SHA;147;254;0.00036411
809;0SV006045SHA;148;254;0.00133780
809;0SV006045SHA;149;254;0.00005326
809;0SV006045SHA;135;255;0.00513959
809;0SV006045SHA;138;255;0.00028077
809;0SV006045SHA;139;255;0.00034555
809;0SV006045SHA;147;255;0.00045417
809;SJV006050SJU;153;147;0.00000085
809;SJV006050SJU;156;147;0.00000703
809;SJV006050SJU;157;147;0.00000335
809;SJV006050SJU;152;148;0.00000070
809;SJV006050SJU;153;148;0.00000310
809;SJV006050SJU;154;148;0.00000379
809;SJV006050SJU;155;148;0.00000531
809;SJV006050SJU;156;148;0.00000052
809;SJV006050SJU;157;148;0.00000438
809;SJV006050SJU;158;148;0.00001276
809;SJV006050SJU;159;148;0.00313594
809;SJV006050SJU;155;149;0.00000024
809;SJV006050SJU;156;149;0.00000114
809;SJV006050SJU;158;149;0.00000018
809;SJV006050SJU;159;149;0.01118875
809;SJV006050SJU;160;149;0.00002376
809;SJV006050SJU;156;150;0.00000008
809;SJV006050SJU;157;150;0.00000122
809;SJV006050SJU;158;150;0.00928441
809;SJV006050SJU;159;150;0.00225035
809;SJV006050SJU;160;150;0.00381413
809;SJV006050SJU;161;150;0.00064171
809;SJV006050SJU;158;151;0.01147792
809;SJV006050SJU;159;151;0.00003678
809;SJV006050SJU;160;151;0.00526146
809;SJV006050SJU;161;151;0.00184260
809;SJV006050SJU;153;152;0.00000163
809;SJV006050SJU;154;152;0.00002060
809;SJV006050SJU;155;152;0.00025314
809;SJV006050SJU;157;152;0.00000008
809;SJV006050SJU;158;152;0.01379600
809;SJV006050SJU;159;152;0.00397954
809;SJV006050SJU;160;152;0.00146309
809;SJV006050SJU;161;152;0.00162963
809;SJV006050SJU;155;153;0.00041247
809;SJV006050SJU;156;153;0.00104320
809;SJV006050SJU;157;153;0.00959855
809;SJV006050SJU;158;153;0.00566425
809;SJV006050SJU;159;153;0.00385994
809;SJV006050SJU;160;153;0.00345618
809;SJV006050SJU;161;153;0.00125543
809;SJV006050SJU;162;153;0.00125310
809;SJV006050SJU;163;153;0.00003379
809;SJV006050SJU;153;154;0.00019229
809;SJV006050SJU;154;154;0.00079014
809;SJV006050SJU;155;154;0.00111100
809;SJV006050SJU;156;154;0.00060962
809;SJV006050SJU;157;154;0.01912279
809;SJV006050SJU;158;154;0.00791322
809;SJV006050SJU;159;154;0.00022669
809;SJV006050SJU;160;154;0.00033056
809;SJV006050SJU;161;154;0.00129846
809;SJV006050SJU;162;154;0.00110033
809;SJV006050SJU;163;154;0.00097867
809;SJV006050SJU;164;154;0.02148278
809;SJV006050SJU;165;154;0.00278286
809;SJV006050SJU;153;155;0.00000992
809;SJV006050SJU;154;155;0.00000451
809;SJV006050SJU;156;155;0.01746730
809;SJV006050SJU;157;155;0.00386997
809;SJV006050SJU;158;155;0.00406750
809;SJV006050SJU;159;155;0.00580277
809;SJV006050SJU;160;155;0.00385274
809;SJV006050SJU;161;155;0.00365865
809;SJV006050SJU;162;155;0.00314356
809;SJV006050SJU;163;155;0.01795153
809;SJV006050SJU;164;155;0.03054010
809;SJV006050SJU;165;155;0.00196598
809;SJV006050SJU;166;155;0.00230682
809;SJV006050SJU;154;156;0.00002229
809;SJV006050SJU;155;156;0.01658843
809;SJV006050SJU;156;156;0.00524893
809;SJV006050SJU;157;156;0.00466552
809;SJV006050SJU;158;156;0.00012590
809;SJV006050SJU;159;156;0.00038348
809;SJV006050SJU;160;156;0.00259102
809;SJV006050SJU;161;156;0.00171916
809;SJV006050SJU;162;156;0.00168793
809;SJV006050SJU;163;156;0.04467832
809;SJV006050SJU;164;156;0.00860520
809;SJV006050SJU;165;156;0.00483192
809;SJV006050SJU;166;156;0.00084459
809;SJV006050SJU;167;156;0.00227395
809;SJV006050SJU;168;156;0.00050012
809;SJV006050SJU;169;156;0.00012281
809;SJV006050SJU;154;157;0.01643576
809;SJV006050SJU;155;157;0.00487123
809;SJV006050SJU;156;157;0.00378997
809;SJV006050SJU;157;157;0.00170624
809;SJV006050SJU;158;157;0.00171833
809;SJV006050SJU;159;157;0.00145346
809;SJV006050SJU;160;157;0.00278075
809;SJV006050SJU;161;157;0.00365831
809;SJV006050SJU;162;157;0.04131888
809;SJV006050SJU;163;157;0.00823964
809;SJV006050SJU;164;157;0.00499390
809;SJV006050SJU;165;157;0.00041958
809;SJV006050SJU;166;157;0.00119560
809;SJV006050SJU;167;157;0.00163202
809;SJV006050SJU;168;157;0.00004199
809;SJV006050SJU;171;157;0.00000891
809;SJV006050SJU;154;158;0.00247071
809;SJV006050SJU;155;158;0.00247578
809;SJV006050SJU;156;158;0.00125776
809;SJV006050SJU;157;158;0.00003892
809;SJV006050SJU;158;158;0.00133191
809;SJV006050SJU;159;158;0.00098048
809;SJV006050SJU;160;158;0.00559587
809;SJV006050SJU;161;158;0.04230231
809;SJV006050SJU;162;158;0.03028868
809;SJV006050SJU;163;158;0.00485312
809;SJV006050SJU;164;158;0.00377532
809;SJV006050SJU;165;158;0.00025521
809;SJV006050SJU;166;158;0.00307244
809;SJV006050SJU;167;158;0.00007451
809;SJV006050SJU;168;158;0.00009403
809;SJV006050SJU;169;158;0.00008145
809;SJV006050SJU;170;158;0.00003928
809;SJV006050SJU;171;158;0.00005733
809;SJV006050SJU;172;158;0.00028336
809;SJV006050SJU;173;158;0.00002708
809;SJV006050SJU;155;159;0.00366994
809;SJV006050SJU;156;159;0.00496541
809;SJV006050SJU;157;159;0.00488788
809;SJV006050SJU;158;159;0.00417404
809;SJV006050SJU;159;159;0.00464613
809;SJV006050SJU;160;159;0.03025497
809;SJV006050SJU;161;159;0.04861889
809;SJV006050SJU;162;159;0.02324142
809;SJV006050SJU;163;159;0.00532639
809;SJV006050SJU;164;159;0.00454948
809;SJV006050SJU;165;159;0.00385558
809;SJV006050SJU;166;159;0.00499888
809;SJV006050SJU;167;159;0.00071632
809;SJV006050SJU;168;159;0.00063093
809;SJV006050SJU;169;159;0.00066013
809;SJV006050SJU;170;159;0.00055991
809;SJV006050SJU;171;159;0.00057341
809;SJV006050SJU;172;159;0.00119360
809;SJV006050SJU;173;159;0.00046123
809;SJV006050SJU;174;159;0.00014078
809;SJV006050SJU;157;160;0.00015609
809;SJV006050SJU;158;160;0.00085240
809;SJV006050SJU;159;160;0.01447443
809;SJV006050SJU;160;160;0.05362732
809;SJV006050SJU;161;160;0.03396382
809;SJV006050SJU;162;160;0.02544140
809;SJV006050SJU;163;160;0.00221809
809;SJV006050SJU;164;160;0.00135049
809;SJV006050SJU;165;160;0.00361148
809;SJV006050SJU;166;160;0.00008421
809;SJV006050SJU;167;160;0.00003388
809;SJV006050SJU;169;160;0.00002950
809;SJV006050SJU;172;160;0.00099620
809;SJV006050SJU;158;161;0.00343674
809;SJV006050SJU;159;161;0.04636620
809;SJV006050SJU;160;161;0.01443683
809;SJV006050SJU;161;161;0.02200098
809;SJV006050SJU;162;161;0.01836878
809;SJV006050SJU;163;161;0.00575577
809;SJV006050SJU;164;161;0.00272989
809;SJV006050SJU;165;161;0.00168728
809;SJV006050SJU;166;161;0.00007240
809;SJV006050SJU;167;161;0.00004434
809;SJV006050SJU;168;161;0.00049592
809;SJV006050SJU;169;161;0.00045555
809;SJV006050SJU;170;161;0.00021869
809;SJV006050SJU;171;161;0.00081720
809;SJV006050SJU;172;161;0.00013820
809;SJV006050SJU;160;162;0.00004621
809;SJV006050SJU;161;162;0.00387581
809;SJV006050SJU;162;162;0.00137743
809;SJV006050SJU;163;162;0.00496125
809;SJV006050SJU;164;162;0.01012173
809;SJV006050SJU;165;162;0.00287056
809;SJV006050SJU;166;162;0.00054215
809;SJV006050SJU;167;162;0.00047039
809;SJV006050SJU;168;162;0.00005865
809;SJV006050SJU;169;162;0.00028467
809;SJV006050SJU;170;162;0.00059211
809;SJV006050SJU;171;162;0.00015573
809;SJV006050SJU;162;163;0.00015074
809;SJV006050SJU;163;163;0.00286457
809;SJV006050SJU;164;163;0.00438862
809;SJV006050SJU;165;163;0.00135842
809;SJV006050SJU;166;163;0.00186174
809;SJV006050SJU;167;163;0.00205615
809;SJV006050SJU;168;163;0.00100992
809;SJV006050SJU;169;163;0.00029551
809;SJV006050SJU;162;164;0.00020981
809;SJV006050SJU;163;164;0.00202511
809;SJV006050SJU;164;164;0.00116293
809;SJV006050SJU;165;164;0.00000188
809;SJV006050SJU;166;164;0.00000029
809;SJV006050SJU;167;164;0.00068232
809;SJV006050SJU;168;164;0.00165811
809;SJV006050SJU;162;165;0.00000904
809;SJV006050SJU;163;165;0.00140575
809;SJV006050SJU;164;165;0.00000329
809;SJV006050SJU;165;165;0.00070552
809;SJV006050SJU;166;165;0.00068956
809;SJV006050SJU;167;165;0.00019976
809;SJV006050SJU;163;166;0.00048195
809;SJV006050SJU;164;166;0.00257012
809;SJV006050SJU;165;166;0.00002574
809;SJV006050SJU;162;167;0.00027402
809;SJV006050SJU;163;167;0.00300673
809;SJV006050SJU;164;167;0.00501171
809;SJV006050SJU;165;167;0.00012047
809;SJV006050SJU;164;168;0.00061052
809;0MC006022MPA;179;148;0.09666017
809;0MC006022MPA;180;148;0.01679971
809;0MC006022MPA;177;151;0.00216943
809;0MC006022MPA;178;151;0.03618606
809;0MC006022MPA;178;152;0.02018884
809;0MC006022MPA;179;152;0.04520980
809;0MC006022MPA;179;153;0.01116510
809;0MC006022MPA;180;153;0.04283024
809;0MC006022MPA;181;153;0.00358815
809;0MC006022MPA;188;153;0.03404345
809;0MC006022MPA;176;154;0.02877127
809;0MC006022MPA;181;154;0.01471825
809;0MC006022MPA;182;154;0.01830640
809;0MC006022MPA;183;154;0.00426929
809;0MC006022MPA;184;154;0.00813130
809;0MC006022MPA;185;154;0.00848218
809;0MC006022MPA;186;154;0.01363549
809;0MC006022MPA;187;154;0.01512172
809;0MC006022MPA;188;154;0.00384418
809;0MC006022MPA;190;154;0.15205152
809;0MC006022MPA;176;155;0.06820986
809;0MC006022MPA;182;155;0.00942001
809;0MC006022MPA;183;155;0.02723738
809;0MC006022MPA;190;155;0.01627198
809;0MC006022MPA;175;156;0.02953686
809;0MC006022MPA;176;156;0.01424625
809;0MC006022MPA;180;156;0.00226071
809;0MC006022MPA;181;156;0.01578150
809;0MC006022MPA;182;156;0.00636149
809;0MC006022MPA;183;156;0.00014054
809;0MC006022MPA;184;156;0.00926841
809;0MC006022MPA;189;156;0.00882293
809;0MC006022MPA;190;156;0.00879086
809;0MC006022MPA;180;157;0.01489875
809;0MC006022MPA;183;157;0.00636989
809;0MC006022MPA;184;157;0.00194399
809;0MC006022MPA;189;157;0.01582576
809;0MC006022MPA;179;158;0.00706135
809;0MC006022MPA;180;158;0.00022206
809;0MC006022MPA;183;158;0.00818961
809;0MC006022MPA;189;158;0.00279054
809;0MC006022MPA;174;159;0.00499750
809;0MC006022MPA;179;159;0.00771139
809;0MC006022MPA;183;159;0.00150767
809;0MC006022MPA;184;159;0.00665739
809;0MC006022MPA;189;159;0.00279054
809;0MC006022MPA;174;160;0.00589541
809;0MC006022MPA;178;160;0.00448710
809;0MC006022MPA;179;160;0.00375728
809;0MC006022MPA;184;160;0.00508591
809;0MC006022MPA;185;160;0.00739723
809;0MC006022MPA;186;160;0.00739723
809;0MC006022MPA;187;160;0.00739723
809;0MC006022MPA;188;160;0.00218723
809;0MC006022MPA;189;160;0.00279054
809;0MC006022MPA;175;161;0.00713115
809;0MC006022MPA;176;161;0.00593702
809;0MC006022MPA;177;161;0.00853588
809;0MC006022MPA;178;161;0.01391584
809;0MC006022MPA;187;161;0.00049206
809;0MC006022MPA;188;161;0.00377423
809;0MC006022MPA;189;161;0.00276691
809;0MC006022MPA;177;162;0.00621647
809;0MC006022MPA;186;162;0.00137623
809;0MC006022MPA;187;162;0.00504017
809;0MC006022MPA;180;164;0.00080208
809;0MC006022MPA;181;164;0.00232796
809;0MC006022MPA;190;164;0.00128343
809;0MC006022MPA;191;164;0.00476186
809;0MC006022MPA;192;164;0.00476186
809;0MC006022MPA;193;164;0.00493717
809;0MC006022MPA;190;165;0.00158131
809;0MC006022MPA;193;165;0.00156200
809;0MC006022MPA;194;165;0.00291347
809;SJV006010SJU;177;116;0.00012150
809;SJV006010SJU;178;116;0.00047748
809;SJV006010SJU;180;116;0.00075191
809;SJV006010SJU;171;117;0.00012795
809;SJV006010SJU;172;117;0.00032027
809;SJV006010SJU;173;117;0.00032001
809;SJV006010SJU;174;117;0.00017857
809;SJV006010SJU;175;117;0.00000212
809;SJV006010SJU;177;117;0.00058040
809;SJV006010SJU;179;117;0.00038143
809;SJV006010SJU;180;117;0.00432461
809;SJV006010SJU;174;118;0.00030189
809;SJV006010SJU;175;118;0.00132605
809;SJV006010SJU;176;118;0.00079450
809;SJV006010SJU;177;118;0.00100662
809;SJV006010SJU;178;118;0.00067094
809;SJV006010SJU;179;118;0.00483138
809;SJV006010SJU;180;118;0.00075530
809;SJV006010SJU;181;118;0.00018589
809;SJV006010SJU;182;118;0.00005006
809;SJV006010SJU;174;119;0.00005858
809;SJV006010SJU;175;119;0.00148765
809;SJV006010SJU;176;119;0.00026361
809;SJV006010SJU;177;119;0.00010212
809;SJV006010SJU;178;119;0.00331881
809;SJV006010SJU;179;119;0.00143995
809;SJV006010SJU;180;119;0.00075915
809;SJV006010SJU;181;119;0.00000370
809;SJV006010SJU;183;119;0.00000507
809;SJV006010SJU;175;120;0.00091435
809;SJV006010SJU;176;120;0.00155313
809;SJV006010SJU;177;120;0.00001514
809;SJV006010SJU;178;120;0.00432129
809;SJV006010SJU;180;120;0.00088671
809;SJV006010SJU;181;120;0.00000576
809;SJV006010SJU;169;121;0.00000191
809;SJV006010SJU;176;121;0.00171987
809;SJV006010SJU;177;121;0.00479500
809;SJV006010SJU;178;121;0.00067916
809;SJV006010SJU;179;121;0.00044681
809;SJV006010SJU;180;121;0.00130954
809;SJV006010SJU;181;121;0.00039547
809;SJV006010SJU;182;121;0.00026473
809;SJV006010SJU;168;122;0.00000260
809;SJV006010SJU;169;122;0.00000094
809;SJV006010SJU;176;122;0.00197636
809;SJV006010SJU;177;122;0.00528064
809;SJV006010SJU;178;122;0.00021190
809;SJV006010SJU;180;122;0.00081844
809;SJV006010SJU;176;123;0.00503750
809;SJV006010SJU;177;123;0.00174450
809;SJV006010SJU;178;123;0.00059892
809;SJV006010SJU;180;123;0.00082019
809;SJV006010SJU;175;124;0.00331983
809;SJV006010SJU;176;124;0.00173725
809;SJV006010SJU;178;124;0.00208525
809;SJV006010SJU;179;124;0.00026412
809;SJV006010SJU;180;124;0.00082272
809;SJV006010SJU;181;124;0.00006064
809;SJV006010SJU;182;124;0.00002175
809;SJV006010SJU;183;124;0.00001754
809;SJV006010SJU;174;125;0.00136911
809;SJV006010SJU;175;125;0.00369627
809;SJV006010SJU;179;125;0.00209699
809;SJV006010SJU;180;125;0.00115595
809;SJV006010SJU;183;125;0.00048360
809;SJV006010SJU;184;125;0.00004504
809;SJV006010SJU;185;125;0.00000638
809;SJV006010SJU;186;125;0.00005735
809;SJV006010SJU;187;125;0.00025479
809;SJV006010SJU;174;126;0.00510560
809;SJV006010SJU;175;126;0.00007421
809;SJV006010SJU;176;126;0.00005152
809;SJV006010SJU;177;126;0.00005153
809;SJV006010SJU;178;126;0.00006907
809;SJV006010SJU;179;126;0.00010676
809;SJV006010SJU;180;126;0.00305081
809;SJV006010SJU;181;126;0.00057615
809;SJV006010SJU;182;126;0.00061124
809;SJV006010SJU;183;126;0.00066865
809;SJV006010SJU;184;126;0.00069469
809;SJV006010SJU;185;126;0.00072275
809;SJV006010SJU;186;126;0.00128925
809;SJV006010SJU;187;126;0.00235076
809;SJV006010SJU;188;126;0.00032900
809;SJV006010SJU;189;126;0.00057769
809;SJV006010SJU;190;126;0.00009868
809;SJV006010SJU;173;127;0.00425218
809;SJV006010SJU;174;127;0.00085952
809;SJV006010SJU;180;127;0.00227681
809;SJV006010SJU;183;127;0.00002036
809;SJV006010SJU;186;127;0.00031188
809;SJV006010SJU;187;127;0.00242991
809;SJV006010SJU;188;127;0.00027751
809;SJV006010SJU;189;127;0.00088626
809;SJV006010SJU;190;127;0.00107736
809;SJV006010SJU;172;128;0.00296711
809;SJV006010SJU;173;128;0.00198463
809;SJV006010SJU;174;128;0.00039756
809;SJV006010SJU;175;128;0.00006119
809;SJV006010SJU;176;128;0.00001782
809;SJV006010SJU;180;128;0.00224585
809;SJV006010SJU;183;128;0.00000592
809;SJV006010SJU;186;128;0.00041952
809;SJV006010SJU;187;128;0.00314777
809;SJV006010SJU;188;128;0.00057129
809;SJV006010SJU;189;128;0.00092065
809;SJV006010SJU;190;128;0.00071444
809;SJV006010SJU;191;128;0.00140098
809;SJV006010SJU;192;128;0.00296659
809;SJV006010SJU;171;129;0.00273799
809;SJV006010SJU;172;129;0.00275219
809;SJV006010SJU;173;129;0.00002195
809;SJV006010SJU;174;129;0.00035422
809;SJV006010SJU;176;129;0.00010365
809;SJV006010SJU;177;129;0.00006971
809;SJV006010SJU;178;129;0.00008410
809;SJV006010SJU;179;129;0.00014512
809;SJV006010SJU;180;129;0.00259181
809;SJV006010SJU;181;129;0.00015224
809;SJV006010SJU;182;129;0.00013893
809;SJV006010SJU;183;129;0.00020258
809;SJV006010SJU;184;129;0.00022894
809;SJV006010SJU;185;129;0.00022700
809;SJV006010SJU;186;129;0.00116946
809;SJV006010SJU;187;129;0.00357738
809;SJV006010SJU;188;129;0.00053218
809;SJV006010SJU;189;129;0.00088802
809;SJV006010SJU;190;129;0.00046825
809;SJV006010SJU;191;129;0.00910203
809;SJV006010SJU;192;129;0.01113730
809;SJV006010SJU;193;129;0.00073291
809;SJV006010SJU;170;130;0.00306392
809;SJV006010SJU;171;130;0.00249474
809;SJV006010SJU;174;130;0.00034641
809;SJV006010SJU;176;130;0.00003159
809;SJV006010SJU;178;130;0.00000538
809;SJV006010SJU;179;130;0.00030881
809;SJV006010SJU;180;130;0.00096547
809;SJV006010SJU;181;130;0.00208516
809;SJV006010SJU;183;130;0.00011900
809;SJV006010SJU;185;130;0.00021796
809;SJV006010SJU;186;130;0.00042656
809;SJV006010SJU;187;130;0.00346087
809;SJV006010SJU;188;130;0.00042881
809;SJV006010SJU;189;130;0.00079645
809;SJV006010SJU;190;130;0.00878959
809;SJV006010SJU;191;130;0.01296713
809;SJV006010SJU;192;130;0.00205263
809;SJV006010SJU;193;130;0.00108652
809;SJV006010SJU;194;130;0.00210997
809;SJV006010SJU;195;130;0.00050980
809;SJV006010SJU;196;130;0.00019942
809;SJV006010SJU;198;130;0.00005429
809;SJV006010SJU;169;131;0.00310812
809;SJV006010SJU;170;131;0.00228676
809;SJV006010SJU;171;131;0.00009355
809;SJV006010SJU;172;131;0.00009321
809;SJV006010SJU;173;131;0.00011718
809;SJV006010SJU;174;131;0.00044363
809;SJV006010SJU;175;131;0.00015281
809;SJV006010SJU;176;131;0.00019253
809;SJV006010SJU;177;131;0.00022183
809;SJV006010SJU;178;131;0.00079739
809;SJV006010SJU;179;131;0.00069775
809;SJV006010SJU;180;131;0.00036666
809;SJV006010SJU;181;131;0.00173728
809;SJV006010SJU;182;131;0.00202865
809;SJV006010SJU;183;131;0.00063067
809;SJV006010SJU;184;131;0.00053756
809;SJV006010SJU;185;131;0.00060070
809;SJV006010SJU;186;131;0.00096310
809;SJV006010SJU;187;131;0.00418335
809;SJV006010SJU;188;131;0.00090911
809;SJV006010SJU;189;131;0.00865397
809;SJV006010SJU;190;131;0.02105603
809;SJV006010SJU;191;131;0.00594969
809;SJV006010SJU;192;131;0.00699247
809;SJV006010SJU;193;131;0.00526490
809;SJV006010SJU;194;131;0.00629417
809;SJV006010SJU;195;131;0.00206250
809;SJV006010SJU;196;131;0.00138975
809;SJV006010SJU;197;131;0.00105804
809;SJV006010SJU;198;131;0.00028834
809;SJV006010SJU;168;132;0.00120230
809;SJV006010SJU;169;132;0.00361292
809;SJV006010SJU;170;132;0.00020351
809;SJV006010SJU;173;132;0.00002306
809;SJV006010SJU;174;132;0.00030240
809;SJV006010SJU;175;132;0.00018736
809;SJV006010SJU;176;132;0.00026490
809;SJV006010SJU;177;132;0.00057897
809;SJV006010SJU;178;132;0.00016873
809;SJV006010SJU;179;132;0.00070160
809;SJV006010SJU;180;132;0.00057529
809;SJV006010SJU;181;132;0.00108082
809;SJV006010SJU;182;132;0.00082272
809;SJV006010SJU;183;132;0.00172633
809;SJV006010SJU;184;132;0.00018973
809;SJV006010SJU;185;132;0.00038889
809;SJV006010SJU;186;132;0.00092721
809;SJV006010SJU;187;132;0.00475532
809;SJV006010SJU;188;132;0.00541745
809;SJV006010SJU;189;132;0.02339066
809;SJV006010SJU;190;132;0.00127515
809;SJV006010SJU;191;132;0.00090207
809;SJV006010SJU;192;132;0.00205129
809;SJV006010SJU;193;132;0.00020656
809;SJV006010SJU;194;132;0.00164730
809;SJV006010SJU;195;132;0.00071185
809;SJV006010SJU;196;132;0.00117116
809;SJV006010SJU;197;132;0.00132212
809;SJV006010SJU;198;132;0.00009195
809;SJV006010SJU;164;133;0.00025527
809;SJV006010SJU;168;133;0.00464617
809;SJV006010SJU;170;133;0.00005185
809;SJV006010SJU;171;133;0.00020717
809;SJV006010SJU;172;133;0.00012797
809;SJV006010SJU;173;133;0.00004521
809;SJV006010SJU;174;133;0.00029980
809;SJV006010SJU;175;133;0.00026873
809;SJV006010SJU;177;133;0.00013823
809;SJV006010SJU;178;133;0.00011259
809;SJV006010SJU;181;133;0.00119174
809;SJV006010SJU;183;133;0.00171510
809;SJV006010SJU;185;133;0.00007691
809;SJV006010SJU;186;133;0.00059789
809;SJV006010SJU;187;133;0.00814312
809;SJV006010SJU;188;133;0.02507898
809;SJV006010SJU;189;133;0.00280704
809;SJV006010SJU;190;133;0.00108245
809;SJV006010SJU;191;133;0.00167202
809;SJV006010SJU;192;133;0.00306190
809;SJV006010SJU;193;133;0.00072174
809;SJV006010SJU;194;133;0.00164398
809;SJV006010SJU;195;133;0.00007678
809;SJV006010SJU;196;133;0.00036867
809;SJV006010SJU;197;133;0.00078777
809;SJV006010SJU;198;133;0.00006363
809;SJV006010SJU;199;133;0.00008398
809;SJV006010SJU;200;133;0.00002322
809;SJV006010SJU;201;133;0.00001403
809;SJV006010SJU;204;133;0.00000855
809;SJV006010SJU;163;134;0.00035833
809;SJV006010SJU;164;134;0.00030031
809;SJV006010SJU;167;134;0.00260124
809;SJV006010SJU;168;134;0.00188974
809;SJV006010SJU;170;134;0.00005711
809;SJV006010SJU;172;134;0.00013086
809;SJV006010SJU;173;134;0.00020818
809;SJV006010SJU;174;134;0.00097101
809;SJV006010SJU;175;134;0.00192647
809;SJV006010SJU;176;134;0.00166576
809;SJV006010SJU;177;134;0.00167696
809;SJV006010SJU;178;134;0.00202732
809;SJV006010SJU;179;134;0.00193842
809;SJV006010SJU;180;134;0.00211308
809;SJV006010SJU;181;134;0.00381030
809;SJV006010SJU;182;134;0.00476918
809;SJV006010SJU;183;134;0.00648789
809;SJV006010SJU;184;134;0.00614008
809;SJV006010SJU;185;134;0.00619650
809;SJV006010SJU;186;134;0.00722089
809;SJV006010SJU;187;134;0.04040924
809;SJV006010SJU;188;134;0.00866684
809;SJV006010SJU;189;134;0.00865797
809;SJV006010SJU;190;134;0.00822803
809;SJV006010SJU;191;134;0.01046971
809;SJV006010SJU;192;134;0.00601766
809;SJV006010SJU;193;134;0.00340255
809;SJV006010SJU;194;134;0.00399409
809;SJV006010SJU;195;134;0.00171908
809;SJV006010SJU;196;134;0.00157728
809;SJV006010SJU;197;134;0.00114256
809;SJV006010SJU;198;134;0.00069574
809;SJV006010SJU;199;134;0.00059786
809;SJV006010SJU;200;134;0.00036329
809;SJV006010SJU;201;134;0.00037260
809;SJV006010SJU;202;134;0.00000834
809;SJV006010SJU;203;134;0.00001430
809;SJV006010SJU;204;134;0.00003441
809;SJV006010SJU;163;135;0.00009380
809;SJV006010SJU;164;135;0.00088608
809;SJV006010SJU;166;135;0.00002884
809;SJV006010SJU;167;135;0.00446224
809;SJV006010SJU;168;135;0.00023079
809;SJV006010SJU;169;135;0.00000479
809;SJV006010SJU;170;135;0.00010711
809;SJV006010SJU;171;135;0.00006831
809;SJV006010SJU;172;135;0.00011013
809;SJV006010SJU;173;135;0.00015972
809;SJV006010SJU;174;135;0.00236392
809;SJV006010SJU;179;135;0.00002686
809;SJV006010SJU;180;135;0.00051952
809;SJV006010SJU;181;135;0.00143939
809;SJV006010SJU;182;135;0.00027361
809;SJV006010SJU;183;135;0.00031720
809;SJV006010SJU;184;135;0.00063879
809;SJV006010SJU;185;135;0.00245513
809;SJV006010SJU;186;135;0.02421354
809;SJV006010SJU;187;135;0.04748674
809;SJV006010SJU;188;135;0.02790016
809;SJV006010SJU;189;135;0.01681222
809;SJV006010SJU;190;135;0.00402382
809;SJV006010SJU;191;135;0.00069799
809;SJV006010SJU;192;135;0.00078635
809;SJV006010SJU;193;135;0.00005303
809;SJV006010SJU;194;135;0.00027939
809;SJV006010SJU;195;135;0.00014535
809;SJV006010SJU;198;135;0.00015930
809;SJV006010SJU;199;135;0.00035602
809;SJV006010SJU;200;135;0.00030771
809;SJV006010SJU;201;135;0.00026307
809;SJV006010SJU;202;135;0.00024407
809;SJV006010SJU;203;135;0.00029548
809;SJV006010SJU;204;135;0.00000604
809;SJV006010SJU;164;136;0.00004953
809;SJV006010SJU;165;136;0.00068066
809;SJV006010SJU;166;136;0.00429910
809;SJV006010SJU;167;136;0.00096059
809;SJV006010SJU;168;136;0.00025875
809;SJV006010SJU;170;136;0.00007997
809;SJV006010SJU;173;136;0.00116937
809;SJV006010SJU;174;136;0.00038908
809;SJV006010SJU;179;136;0.00000094
809;SJV006010SJU;180;136;0.00007904
809;SJV006010SJU;181;136;0.00184907
809;SJV006010SJU;182;136;0.00177848
809;SJV006010SJU;183;136;0.00211429
809;SJV006010SJU;184;136;0.00292889
809;SJV006010SJU;185;136;0.01879045
809;SJV006010SJU;186;136;0.01776087
809;SJV006010SJU;187;136;0.03965590
809;SJV006010SJU;188;136;0.02838361
809;SJV006010SJU;189;136;0.01405837
809;SJV006010SJU;190;136;0.00440347
809;SJV006010SJU;191;136;0.00132777
809;SJV006010SJU;192;136;0.00078389
809;SJV006010SJU;193;136;0.00002593
809;SJV006010SJU;195;136;0.00004308
809;SJV006010SJU;196;136;0.00000069
809;SJV006010SJU;197;136;0.00000179
809;SJV006010SJU;198;136;0.00000069
809;SJV006010SJU;166;137;0.00478533
809;SJV006010SJU;167;137;0.00018301
809;SJV006010SJU;168;137;0.00052605
809;SJV006010SJU;169;137;0.00039771
809;SJV006010SJU;170;137;0.00050493
809;SJV006010SJU;171;137;0.00048202
809;SJV006010SJU;172;137;0.00039675
809;SJV006010SJU;173;137;0.00139011
809;SJV006010SJU;181;137;0.00024259
809;SJV006010SJU;184;137;0.00745417
809;SJV006010SJU;185;137;0.00911668
809;SJV006010SJU;186;137;0.01203624
809;SJV006010SJU;187;137;0.03715043
809;SJV006010SJU;188;137;0.02038901
809;SJV006010SJU;189;137;0.01552434
809;SJV006010SJU;190;137;0.00334171
809;SJV006010SJU;191;137;0.00029076
809;SJV006010SJU;192;137;0.00052574
809;SJV006010SJU;193;137;0.00000077
809;SJV006010SJU;194;137;0.00000178
809;SJV006010SJU;195;137;0.00000004
809;SJV006010SJU;196;137;0.00000524
809;SJV006010SJU;197;137;0.00000118
809;SJV006010SJU;165;138;0.00016532
809;SJV006010SJU;166;138;0.00017986
809;SJV006010SJU;168;138;0.00006849
809;SJV006010SJU;170;138;0.00002335
809;SJV006010SJU;171;138;0.00001191
809;SJV006010SJU;172;138;0.00067152
809;SJV006010SJU;173;138;0.00008058
809;SJV006010SJU;187;138;0.01461028
809;SJV006010SJU;188;138;0.00737414
809;SJV006010SJU;189;138;0.00372647
809;SJV006010SJU;190;138;0.00148537
809;SJV006010SJU;191;138;0.00058768
809;SJV006010SJU;192;138;0.00078455
809;SJV006010SJU;194;138;0.00000245
809;SJV006010SJU;196;138;0.00000068
809;SJV006010SJU;197;138;0.00000193
809;SJV006010SJU;198;138;0.00000116
809;SJV006010SJU;168;139;0.00007306
809;SJV006010SJU;170;139;0.00021020
809;SJV006010SJU;171;139;0.00023999
809;SJV006010SJU;172;139;0.00000388
809;SJV006010SJU;187;139;0.00115723
809;SJV006010SJU;188;139;0.00365825
809;SJV006010SJU;189;139;0.00162610
809;SJV006010SJU;192;139;0.00011285
809;SJV006010SJU;193;139;0.00041270
809;SJV006010SJU;194;139;0.00008939
809;SJV006010SJU;195;139;0.00000116
809;SJV006010SJU;197;139;0.00000084
809;SJV006010SJU;198;139;0.00000152
809;SJV006010SJU;168;140;0.00007364
809;SJV006010SJU;169;140;0.00023260
809;SJV006010SJU;170;140;0.00007025
809;SJV006010SJU;188;140;0.00179284
809;SJV006010SJU;189;140;0.00229718
809;SJV006010SJU;190;140;0.00141158
809;SJV006010SJU;193;140;0.00036930
809;SJV006010SJU;194;140;0.00000956
809;SJV006010SJU;195;140;0.00000032
809;SJV006010SJU;196;140;0.00000300
809;SJV006010SJU;197;140;0.00000103
809;SJV006010SJU;188;141;0.00124985
809;SJV006010SJU;189;141;0.00102273
809;SJV006010SJU;190;141;0.00177641
809;SJV006010SJU;191;141;0.00170589
809;SJV006010SJU;192;141;0.00036536
809;SJV006010SJU;193;141;0.00038177
809;SJV006010SJU;194;141;0.00037106
809;SJV006010SJU;195;141;0.00032956
809;SJV006010SJU;196;141;0.00003089
809;SJV006010SJU;191;142;0.00065167
809;SJV006010SJU;192;142;0.00118855
809;SJV006010SJU;193;142;0.00012581
809;SJV006010SJU;194;142;0.00003718
809;SJV006010SJU;195;142;0.00030507
809;SJV006010SJU;196;142;0.00009079
809;SJV006010SJU;202;142;0.00011629
809;SJV006010SJU;203;142;0.00009500
809;SJV006010SJU;204;142;0.00000253
809;SJV006010SJU;193;143;0.00131333
809;SJV006010SJU;194;143;0.00129809
809;SJV006010SJU;195;143;0.00115806
809;SJV006010SJU;196;143;0.00088407
809;SJV006010SJU;200;143;0.00004508
809;SJV006010SJU;201;143;0.00015313
809;SJV006010SJU;202;143;0.00000262
809;SJV006010SJU;193;144;0.00036612
809;SJV006010SJU;194;144;0.00002528
809;SJV006010SJU;196;144;0.00026283
809;SJV006010SJU;197;144;0.00118369
809;SJV006010SJU;198;144;0.00008045
809;SJV006010SJU;199;144;0.00008258
809;SJV006010SJU;200;144;0.00007566
809;SJV006010SJU;201;144;0.00001675
809;SJV006010SJU;193;145;0.00038107
809;SJV006010SJU;197;145;0.00036045
809;SJV006010SJU;193;146;0.00006452
809;SJV006010SJU;197;146;0.00016306
809;SJV006010SJU;198;146;0.00038414
809;SJV006010SJU;199;146;0.00038570
809;SJV006010SJU;200;146;0.00003925
809;SJV006010SJU;199;147;0.00022593
809;SJV006010SJU;200;147;0.00010053
809;SJV006010SJU;200;148;0.00047670
809;SJV006010SJU;200;149;0.00003501
809;GBV006002GBU;190;178;0.00381257
809;GBV006002GBU;181;181;0.00590986
809;GBV006002GBU;181;182;0.00096131
809;GBV006002GBU;182;182;0.00685122
809;GBV006002GBU;183;182;0.00674403
809;GBV006002GBU;183;183;0.00002732
809;GBV006002GBU;184;183;0.00677135
809;GBV006002GBU;185;183;0.00677135
809;GBV006002GBU;186;183;0.00153555
809;GBV006002GBU;186;184;0.01393704
809;GBV006002GBU;186;185;0.00196221
809;GBV006002GBU;187;185;0.01197484
809;GBV006002GBU;187;186;0.00703470
809;GBV006002GBU;188;186;0.00690235
809;GBV006002GBU;182;187;0.00842869
809;GBV006002GBU;187;187;0.08257293
809;GBV006002GBU;188;187;0.07712110
809;GBV006002GBU;189;187;0.06687720
809;GBV006002GBU;190;187;0.06687720
809;GBV006002GBU;191;187;0.00553606
809;GBV006002GBU;181;188;0.01688626
809;GBV006002GBU;182;188;0.00934622
809;GBV006002GBU;183;188;0.01432940
809;GBV006002GBU;186;188;0.05351031
809;GBV006002GBU;187;188;0.02682387
809;GBV006002GBU;183;189;0.01399806
809;GBV006002GBU;184;189;0.00361525
809;GBV006002GBU;186;189;0.08026138
809;GBV006002GBU;183;190;0.07279645
809;GBV006002GBU;184;190;0.12797824
809;GBV006002GBU;185;190;0.09379710
809;GBV006002GBU;186;190;0.06270795
809;GBV006002GBU;187;190;0.00651101
809;GBV006002GBU;187;191;0.02707098
809;GBV006002GBU;187;192;0.00175863
809;0SF0060210BA;129;164;0.01493635
809;0SF0060210BA;127;165;0.00002338
809;0SF0060210BA;129;165;0.08166861
809;0SF0060210BA;126;166;0.00009714
809;0SF0060210BA;127;166;0.00012101
809;0SF0060210BA;128;166;0.04961419
809;0SF0060210BA;129;166;0.02605558
809;0SF0060210BA;124;167;0.00005037
809;0SF0060210BA;125;167;0.00038567
809;0SF0060210BA;126;167;0.00004173
809;0SF0060210BA;127;167;0.00000633
809;0SF0060210BA;128;167;0.06924463
809;0SF0060210BA;129;167;0.00944141
809;0SF0060210BA;130;167;0.01465327
809;0SF0060210BA;124;168;0.00022346
809;0SF0060210BA;125;168;0.00023207
809;0SF0060210BA;126;168;0.00036611
809;0SF0060210BA;127;168;0.00005140
809;0SF0060210BA;128;168;0.05673640
809;0SF0060210BA;129;168;0.07312156
809;0SF0060210BA;130;168;0.00168601
809;0SF0060210BA;123;169;0.00006966
809;0SF0060210BA;124;169;0.00008921
809;0SF0060210BA;126;169;0.00045262
809;0SF0060210BA;127;169;0.00223718
809;0SF0060210BA;128;169;0.10747422
809;0SF0060210BA;129;169;0.00020713
809;0SF0060210BA;130;169;0.00000411
809;0SF0060210BA;123;170;0.00041680
809;0SF0060210BA;124;170;0.00026338
809;0SF0060210BA;125;170;0.00086611
809;0SF0060210BA;126;170;0.00038191
809;0SF0060210BA;127;170;0.00018101
809;0SF0060210BA;128;170;0.10011808
809;0SF0060210BA;122;171;0.00008220
809;0SF0060210BA;123;171;0.00116057
809;0SF0060210BA;124;171;0.00033537
809;0SF0060210BA;125;171;0.00051922
809;0SF0060210BA;127;171;0.00003579
809;0SF0060210BA;128;171;0.11220756
809;0SF0060210BA;121;172;0.00000677
809;0SF0060210BA;122;172;0.00004753
809;0SF0060210BA;124;172;0.00140225
809;0SF0060210BA;125;172;0.00005456
809;0SF0060210BA;126;172;0.00019529
809;0SF0060210BA;127;172;0.01076952
809;0SF0060210BA;128;172;0.08995521
809;0SF0060210BA;129;172;0.01920361
809;0SF0060210BA;121;173;0.00004560
809;0SF0060210BA;122;173;0.00000005
809;0SF0060210BA;124;173;0.00069577
809;0SF0060210BA;125;173;0.00108801
809;0SF0060210BA;126;173;0.00007112
809;0SF0060210BA;127;173;0.07382843
809;0SF0060210BA;128;173;0.00475153
809;0SF0060210BA;120;174;0.00002194
809;0SF0060210BA;121;174;0.00002119
809;0SF0060210BA;122;174;0.00000004
809;0SF0060210BA;123;174;0.00042480
809;0SF0060210BA;124;174;0.00055526
809;0SF0060210BA;125;174;0.00122114
809;0SF0060210BA;127;174;0.06713461
809;0SF0060210BA;128;174;0.00002584
809;0SF0060210BA;120;175;0.00003781
809;0SF0060210BA;120;176;0.00060229
809;0SF0060210BA;121;176;0.00040467
809;0SF0060210BA;122;176;0.00032357
809;0SF0060210BA;120;177;0.00030156
809;0SF0060210BA;121;177;0.00062794
809;0SF0060210BA;121;178;0.00032331
809;0SV006011GLE;136;206;0.00527628
809;0SV006011GLE;136;207;0.07111804
809;0SV006011GLE;140;207;0.00150733
809;0SV006011GLE;136;208;0.07111804
809;0SV006011GLE;140;208;0.00667516
809;0SV006011GLE;141;208;0.00436051
809;0SV006011GLE;142;208;0.00639224
809;0SV006011GLE;143;208;0.01890132
809;0SV006011GLE;136;209;0.07193631
809;0SV006011GLE;140;209;0.00431171
809;0SV006011GLE;142;209;0.00162436
809;0SV006011GLE;134;210;0.00515022
809;0SV006011GLE;135;210;0.01277291
809;0SV006011GLE;136;210;0.08905484
809;0SV006011GLE;137;210;0.00752875
809;0SV006011GLE;138;210;0.00752875
809;0SV006011GLE;139;210;0.00658018
809;0SV006011GLE;140;210;0.00750578
809;0SV006011GLE;142;210;0.00213033
809;0SV006011GLE;136;211;0.07427994
809;0SV006011GLE;140;211;0.00531336
809;0SV006011GLE;136;212;0.07447061
809;0SV006011GLE;140;212;0.00529059
809;0SV006011GLE;136;213;0.07447061
809;0SV006011GLE;140;213;0.00487842
809;0SV006011GLE;136;214;0.07447061
809;0SV006011GLE;140;214;0.00105204
809;0SV006011GLE;136;215;0.07447061
809;0SV006011GLE;140;215;0.00078965
809;0SV006011GLE;136;216;0.07841111
809;0SV006011GLE;137;216;0.01229531
809;0SV006011GLE;138;216;0.01337376
809;0SV006011GLE;139;216;0.01337376
809;0SV006011GLE;140;216;0.01482341
809;0SV006011GLE;136;217;0.07182116
809;0SV006011GLE;136;218;0.00494198
809;NEP006018LAS;181;215;0.02540195
809;NEP006018LAS;181;216;0.03670617
809;NEP006018LAS;180;217;0.02603351
809;NEP006018LAS;181;217;0.03306905
809;NEP006018LAS;181;218;0.01483671
809;NEP006018LAS;181;219;0.01483671
809;NEP006018LAS;181;220;0.01483671
809;NEP006018LAS;181;221;0.01687866
809;NEP006018LAS;180;222;0.00629876
809;NEP006018LAS;181;222;0.01232167
809;NEP006018LAS;179;223;0.00050835
809;NEP006018LAS;180;223;0.01811207
809;NEP006018LAS;179;224;0.01862043
809;NEP006018LAS;178;225;0.01774732
809;NEP006018LAS;179;225;0.00528205
809;NEP006018LAS;176;226;0.00954001
809;NEP006018LAS;177;226;0.01810469
809;NEP006018LAS;178;226;0.00185342
809;NEP006018LAS;174;227;0.01189696
809;NEP006018LAS;175;227;0.01625999
809;NEP006018LAS;176;227;0.00855059
809;NEP006018LAS;173;228;0.01119010
809;NEP006018LAS;174;228;0.00880357
809;NEP006018LAS;172;229;0.00676225
809;NEP006018LAS;173;229;0.01302130
809;NEP006018LAS;181;229;0.00005375
809;NEP006018LAS;182;229;0.00010469
809;NEP006018LAS;171;230;0.00136130
809;NEP006018LAS;172;230;0.01839506
809;NEP006018LAS;180;230;0.00029126
809;NEP006018LAS;181;230;0.00025642
809;NEP006018LAS;160;231;0.01090342
809;NEP006018LAS;161;231;0.01774754
809;NEP006018LAS;162;231;0.00769555
809;NEP006018LAS;170;231;0.00098086
809;NEP006018LAS;171;231;0.01984831
809;NEP006018LAS;172;231;0.00043851
809;NEP006018LAS;173;231;0.00036927
809;NEP006018LAS;178;231;0.00085924
809;NEP006018LAS;179;231;0.00047622
809;NEP006018LAS;180;231;0.00001891
809;NEP006018LAS;161;232;0.00391339
809;NEP006018LAS;162;232;0.00856394
809;NEP006018LAS;163;232;0.01625948
809;NEP006018LAS;164;232;0.00710039
809;NEP006018LAS;170;232;0.01702957
809;NEP006018LAS;173;232;0.00060635
809;NEP006018LAS;176;232;0.00057158
809;NEP006018LAS;177;232;0.00122040
809;NEP006018LAS;178;232;0.00036116
809;NEP006018LAS;161;233;0.00189158
809;NEP006018LAS;164;233;0.00923150
809;NEP006018LAS;165;233;0.01635937
809;NEP006018LAS;166;233;0.00567609
809;NEP006018LAS;169;233;0.01306322
809;NEP006018LAS;170;233;0.00952100
809;NEP006018LAS;171;233;0.00012977
809;NEP006018LAS;172;233;0.00012977
809;NEP006018LAS;173;233;0.00012522
809;NEP006018LAS;174;233;0.00055826
809;NEP006018LAS;175;233;0.00133999
809;NEP006018LAS;176;233;0.00064882
809;NEP006018LAS;161;234;0.00189158
809;NEP006018LAS;165;234;0.01059237
809;NEP006018LAS;166;234;0.02316783
809;NEP006018LAS;167;234;0.02682526
809;NEP006018LAS;168;234;0.03328616
809;NEP006018LAS;169;234;0.01041749
809;NEP006018LAS;175;234;0.00012832
809;NEP006018LAS;176;234;0.00098447
809;NEP006018LAS;160;235;0.00183898
809;NEP006018LAS;161;235;0.00005260
809;NEP006018LAS;162;235;0.00297062
809;NEP006018LAS;163;235;0.01424652
809;NEP006018LAS;164;235;0.01183625
809;NEP006018LAS;165;235;0.00246997
809;NEP006018LAS;169;235;0.00274778
809;NEP006018LAS;170;235;0.00263903
809;NEP006018LAS;176;235;0.00111279
809;NEP006018LAS;160;236;0.00189158
809;NEP006018LAS;161;236;0.00252542
809;NEP006018LAS;162;236;0.01378173
809;NEP006018LAS;170;236;0.00550127
809;NEP006018LAS;171;236;0.00065600
809;NEP006018LAS;176;236;0.00111279
809;NEP006018LAS;160;237;0.00305233
809;NEP006018LAS;161;237;0.01489697
809;NEP006018LAS;169;237;0.00412368
809;NEP006018LAS;170;237;0.00264113
809;NEP006018LAS;176;237;0.00111279
809;NEP006018LAS;159;238;0.00162798
809;NEP006018LAS;160;238;0.01632132
809;NEP006018LAS;169;238;0.00569774
809;NEP006018LAS;176;238;0.00111279
809;NEP006018LAS;158;239;0.00310433
809;NEP006018LAS;159;239;0.01782223
809;NEP006018LAS;160;239;0.00020392
809;NEP006018LAS;168;239;0.00415932
809;NEP006018LAS;169;239;0.00103314
809;NEP006018LAS;176;239;0.00060921
809;NEP006018LAS;177;239;0.00050359
809;NEP006018LAS;155;240;0.04066689
809;NEP006018LAS;156;240;0.01364466
809;NEP006018LAS;157;240;0.01473021
809;NEP006018LAS;158;240;0.01342424
809;NEP006018LAS;168;240;0.00519246
809;NEP006018LAS;176;240;0.00057117
809;NEP006018LAS;177;240;0.00069382
809;NEP006018LAS;168;241;0.00519246
809;NEP006018LAS;175;241;0.00005913
809;NEP006018LAS;176;241;0.00129511
809;NEP006018LAS;168;242;0.00547327
809;NEP006018LAS;175;242;0.00135424
809;NEP006018LAS;167;243;0.00468047
809;NEP006018LAS;168;243;0.00093342
809;NEP006018LAS;174;243;0.00090132
809;NEP006018LAS;175;243;0.00045292
809;NEP006018LAS;167;244;0.00551162
809;NEP006018LAS;173;244;0.00038928
809;NEP006018LAS;174;244;0.00096496
809;NEP006018LAS;167;245;0.00525268
809;NEP006018LAS;173;245;0.00135424
809;NEP006018LAS;167;246;0.00525268
809;NEP006018LAS;172;246;0.00196883
809;NEP006018LAS;173;246;0.00012276
809;NEP006018LAS;166;247;0.00336611
809;NEP006018LAS;167;247;0.00066067
809;NEP006018LAS;172;247;0.00258819
809;NEP006018LAS;166;248;0.00130453
809;NEP006018LAS;172;248;0.00258819
809;NEP006018LAS;165;249;0.00116541
809;NEP006018LAS;166;249;0.00013912
809;NEP006018LAS;172;249;0.00258819
809;NEP006018LAS;164;250;0.00044831
809;NEP006018LAS;165;250;0.00085622
809;NEP006018LAS;172;250;0.00258266
809;NEP006018LAS;157;251;0.00146816
809;NEP006018LAS;164;251;0.00124532
809;NEP006018LAS;172;251;0.00257805
809;NEP006018LAS;155;252;0.00240280
809;NEP006018LAS;156;252;0.00271960
809;NEP006018LAS;157;252;0.00222098
809;NEP006018LAS;158;252;0.00176875
809;NEP006018LAS;163;252;0.00048111
809;NEP006018LAS;164;252;0.00070568
809;NEP006018LAS;172;252;0.00257805
809;NEP006018LAS;158;253;0.00246057
809;NEP006018LAS;159;253;0.00312204
809;NEP006018LAS;160;253;0.00070019
809;NEP006018LAS;163;253;0.00118680
809;NEP006018LAS;171;253;0.00082620
809;NEP006018LAS;172;253;0.00175185
809;NEP006018LAS;159;254;0.00039326
809;NEP006018LAS;160;254;0.00205678
809;NEP006018LAS;161;254;0.00311700
809;NEP006018LAS;162;254;0.00124051
809;NEP006018LAS;163;254;0.00117930
809;NEP006018LAS;171;254;0.00257803
809;NEP006018LAS;159;255;0.00004038
809;NEP006018LAS;162;255;0.00043075
809;NEP006018LAS;171;255;0.00010397
809;0NC006008NCU;100;264;0.04893301
809;0NC006008NCU;100;265;0.05912773
809;0NC006008NCU;101;265;0.01076328
809;0NC006008NCU;100;266;0.06136012
809;0NC006008NCU;99;267;0.05500410
809;0NC006008NCU;100;267;0.00202646
809;0NC006008NCU;99;268;0.05246865
809;0NC006008NCU;99;269;0.05092973
809;0NC006008NCU;99;270;0.05513912
809;0NC006008NCU;97;271;0.00005691
809;0NC006008NCU;98;271;0.06513580
809;0NC006008NCU;99;271;0.00790458
809;0NC006008NCU;97;272;0.03516112
809;0NC006008NCU;98;272;0.04499522
809;0NC006008NCU;100;272;0.00147079
809;0NC006008NCU;98;273;0.06168194
809;0NC006008NCU;99;273;0.02027767
809;0NC006008NCU;100;273;0.02874900
809;0NC006008NCU;101;273;0.01015643
809;0NC006008NCU;98;274;0.00072756
809;0NC006008NCU;99;274;0.03032934
809;0NC006008NCU;101;274;0.01837219
809;0NC006008NCU;102;274;0.02040329
809;0NC006008NCU;103;274;0.02235198
809;0NC006008NCU;104;274;0.02249838
809;0NC006008NCU;105;274;0.00326913
809;0NC006008NCU;99;275;0.03506046
809;0NC006008NCU;105;275;0.01922924
809;0NC006008NCU;106;275;0.02125350
809;0NC006008NCU;98;276;0.00995841
809;0NC006008NCU;99;276;0.02858709
809;0NC006008NCU;106;276;0.01438456
809;0NC006008NCU;107;276;0.00793591
809;0NC006008NCU;97;277;0.01908113
809;0NC006008NCU;98;277;0.01893984
809;0NC006008NCU;107;277;0.02232047
809;0NC006008NCU;97;278;0.00964759
809;0NC006008NCU;107;278;0.00430828
809;0SF0060280BA;131;173;0.00963329
809;0SF0060280BA;134;173;0.02753937
809;0SF0060280BA;135;173;0.03676588
809;0SF0060280BA;134;174;0.06718487
809;0SF0060280BA;135;174;0.00468877
809;0SF0060280BA;134;175;0.10419173
809;0SF0060280BA;135;175;0.02646441
809;0SF0060280BA;132;176;0.02610774
809;0SF0060280BA;133;176;0.09933202
809;0SF0060280BA;134;176;0.07412052
809;0SF0060280BA;132;177;0.00004260
809;0SF0060280BA;133;177;0.06767084
809;0SF0060280BA;134;177;0.02079329
809;0SF0060280BA;137;177;0.00000011
809;0SF0060280BA;132;178;0.01590739
809;0SF0060280BA;133;178;0.06995605
809;0SF0060280BA;134;178;0.00693140
809;0SF0060280BA;135;178;0.00000671
809;0SF0060280BA;136;178;0.00003039
809;0SF0060280BA;137;178;0.00005900
809;0SF0060280BA;131;179;0.01690857
809;0SF0060280BA;132;179;0.04043838
809;0SF0060280BA;133;179;0.01401261
809;0SF0060280BA;135;179;0.00014215
809;0SF0060280BA;136;179;0.00008188
809;0SF0060280BA;130;180;0.02402511
809;0SF0060280BA;131;180;0.03675059
809;0SF0060280BA;132;180;0.02880301
809;0SF0060280BA;135;180;0.00014384
809;0SF0060280BA;131;181;0.03642299
809;0SF0060280BA;132;181;0.00092927
809;0SF0060280BA;135;181;0.00008082
809;0SF0060280BA;136;181;0.00008066
809;0SF0060280BA;130;182;0.01426440
809;0SF0060280BA;131;182;0.00889826
809;0SF0060280BA;134;182;0.00002507
809;0SF0060280BA;135;182;0.00017411
809;0SF0060280BA;129;183;0.00846693
809;0SF0060280BA;130;183;0.02194810
809;0SF0060280BA;135;183;0.00022830
809;0SF0060280BA;137;183;0.01622344
809;0SF0060280BA;138;183;0.00681054
809;0SF0060280BA;128;184;0.01029147
809;0SF0060280BA;129;184;0.01556161
809;0SF0060280BA;130;184;0.00683639
809;0SF0060280BA;135;184;0.00016191
809;0SF0060280BA;126;185;0.00141330
809;0SF0060280BA;127;185;0.02281315
809;0SF0060280BA;128;185;0.00755423
809;0SF0060280BA;130;185;0.00025245
809;0SF0060280BA;131;185;0.00011302
809;0SF0060280BA;134;185;0.00016039
809;0SF0060280BA;135;185;0.00001269
809;0SF0060280BA;126;186;0.00018363
809;0SF0060280BA;131;186;0.00038582
809;0SF0060280BA;132;186;0.00032243
809;0SF0060280BA;133;186;0.00042968
809;0SF0060280BA;134;186;0.00012928
809;0SF0060280BA;132;187;0.00009313
809;SCC006040SLO;194;84;0.00002291
809;SCC006040SLO;192;85;0.00049435
809;SCC006040SLO;193;85;0.00073755
809;SCC006040SLO;194;85;0.00058068
809;SCC006040SLO;170;86;0.00008659
809;SCC006040SLO;174;86;0.00009342
809;SCC006040SLO;194;86;0.00073979
809;SCC006040SLO;170;87;0.00285863
809;SCC006040SLO;171;87;0.00072725
809;SCC006040SLO;172;87;0.00375740
809;SCC006040SLO;173;87;0.02101544
809;SCC006040SLO;174;87;0.00094123
809;SCC006040SLO;175;87;0.00048735
809;SCC006040SLO;193;87;0.00000071
809;SCC006040SLO;194;87;0.00004346
809;SCC006040SLO;169;88;0.00009321
809;SCC006040SLO;170;88;0.00377159
809;SCC006040SLO;171;88;0.00369882
809;SCC006040SLO;172;88;0.03243649
809;SCC006040SLO;173;88;0.00007154
809;SCC006040SLO;175;88;0.00076611
809;SCC006040SLO;176;88;0.00106634
809;SCC006040SLO;177;88;0.00080566
809;SCC006040SLO;178;88;0.00010583
809;SCC006040SLO;179;88;0.00002862
809;SCC006040SLO;185;88;0.00011162
809;SCC006040SLO;192;88;0.00001288
809;SCC006040SLO;193;88;0.00004598
809;SCC006040SLO;169;89;0.00100152
809;SCC006040SLO;170;89;0.00478500
809;SCC006040SLO;171;89;0.02443273
809;SCC006040SLO;172;89;0.00165805
809;SCC006040SLO;175;89;0.00000019
809;SCC006040SLO;176;89;0.00010674
809;SCC006040SLO;177;89;0.00004481
809;SCC006040SLO;178;89;0.00000066
809;SCC006040SLO;179;89;0.00004096
809;SCC006040SLO;182;89;0.00013932
809;SCC006040SLO;183;89;0.00027921
809;SCC006040SLO;184;89;0.00024812
809;SCC006040SLO;185;89;0.00009103
809;SCC006040SLO;190;89;0.00003211
809;SCC006040SLO;191;89;0.00003820
809;SCC006040SLO;192;89;0.00002840
809;SCC006040SLO;169;90;0.02174513
809;SCC006040SLO;170;90;0.03059312
809;SCC006040SLO;171;90;0.00498406
809;SCC006040SLO;172;90;0.00003452
809;SCC006040SLO;173;90;0.00001339
809;SCC006040SLO;174;90;0.00000283
809;SCC006040SLO;175;90;0.00000085
809;SCC006040SLO;176;90;0.00000069
809;SCC006040SLO;180;90;0.00006616
809;SCC006040SLO;181;90;0.00020973
809;SCC006040SLO;182;90;0.00012028
809;SCC006040SLO;183;90;0.00002387
809;SCC006040SLO;188;90;0.00001314
809;SCC006040SLO;189;90;0.00004865
809;SCC006040SLO;190;90;0.00000878
809;SCC006040SLO;167;91;0.00185947
809;SCC006040SLO;168;91;0.03608133
809;SCC006040SLO;169;91;0.03619644
809;SCC006040SLO;170;91;0.00356215
809;SCC006040SLO;171;91;0.00075446
809;SCC006040SLO;172;91;0.00021814
809;SCC006040SLO;173;91;0.00007446
809;SCC006040SLO;174;91;0.00000606
809;SCC006040SLO;175;91;0.00000821
809;SCC006040SLO;183;91;0.00002550
809;SCC006040SLO;187;91;0.00003556
809;SCC006040SLO;188;91;0.00004251
809;SCC006040SLO;164;92;0.00085423
809;SCC006040SLO;165;92;0.00198139
809;SCC006040SLO;166;92;0.00331087
809;SCC006040SLO;167;92;0.03604222
809;SCC006040SLO;168;92;0.00011055
809;SCC006040SLO;169;92;0.00259849
809;SCC006040SLO;170;92;0.00178274
809;SCC006040SLO;171;92;0.00062007
809;SCC006040SLO;172;92;0.00028040
809;SCC006040SLO;173;92;0.00013877
809;SCC006040SLO;175;92;0.00000166
809;SCC006040SLO;176;92;0.00000799
809;SCC006040SLO;177;92;0.00000906
809;SCC006040SLO;178;92;0.00000359
809;SCC006040SLO;183;92;0.00000961
809;SCC006040SLO;184;92;0.00001053
809;SCC006040SLO;186;92;0.00004276
809;SCC006040SLO;187;92;0.00000891
809;SCC006040SLO;188;92;0.00000347
809;SCC006040SLO;163;93;0.00020688
809;SCC006040SLO;164;93;0.00094188
809;SCC006040SLO;166;93;0.00012833
809;SCC006040SLO;167;93;0.03079244
809;SCC006040SLO;168;93;0.00029018
809;SCC006040SLO;169;93;0.00564814
809;SCC006040SLO;170;93;0.00046482
809;SCC006040SLO;173;93;0.00006131
809;SCC006040SLO;174;93;0.00019514
809;SCC006040SLO;177;93;0.00000026
809;SCC006040SLO;178;93;0.00000073
809;SCC006040SLO;184;93;0.00001825
809;SCC006040SLO;185;93;0.00004183
809;SCC006040SLO;186;93;0.00002155
809;SCC006040SLO;163;94;0.00039465
809;SCC006040SLO;165;94;0.00000208
809;SCC006040SLO;166;94;0.00015324
809;SCC006040SLO;167;94;0.01926275
809;SCC006040SLO;168;94;0.04622314
809;SCC006040SLO;169;94;0.00228762
809;SCC006040SLO;170;94;0.00002092
809;SCC006040SLO;174;94;0.00007173
809;SCC006040SLO;176;94;0.00000042
809;SCC006040SLO;177;94;0.00000078
809;SCC006040SLO;184;94;0.00005551
809;SCC006040SLO;185;94;0.00002028
809;SCC006040SLO;163;95;0.00038087
809;SCC006040SLO;164;95;0.00080521
809;SCC006040SLO;165;95;0.00406163
809;SCC006040SLO;166;95;0.00426728
809;SCC006040SLO;167;95;0.00489485
809;SCC006040SLO;168;95;0.06878361
809;SCC006040SLO;169;95;0.01103764
809;SCC006040SLO;171;95;0.00000010
809;SCC006040SLO;172;95;0.00001900
809;SCC006040SLO;173;95;0.00001717
809;SCC006040SLO;174;95;0.00003293
809;SCC006040SLO;175;95;0.00000232
809;SCC006040SLO;176;95;0.00000070
809;SCC006040SLO;183;95;0.00003263
809;SCC006040SLO;184;95;0.00004252
809;SCC006040SLO;185;95;0.00000087
809;SCC006040SLO;164;96;0.00678295
809;SCC006040SLO;165;96;0.00001772
809;SCC006040SLO;166;96;0.00870539
809;SCC006040SLO;167;96;0.01080166
809;SCC006040SLO;168;96;0.00001222
809;SCC006040SLO;169;96;0.02453986
809;SCC006040SLO;171;96;0.00001799
809;SCC006040SLO;175;96;0.00001017
809;SCC006040SLO;176;96;0.00000106
809;SCC006040SLO;177;96;0.00000327
809;SCC006040SLO;178;96;0.00002828
809;SCC006040SLO;182;96;0.00000390
809;SCC006040SLO;183;96;0.00037382
809;SCC006040SLO;184;96;0.00015489
809;SCC006040SLO;185;96;0.00004651
809;SCC006040SLO;186;96;0.00004420
809;SCC006040SLO;164;97;0.01277756
809;SCC006040SLO;165;97;0.00755275
809;SCC006040SLO;166;97;0.00060580
809;SCC006040SLO;168;97;0.01744894
809;SCC006040SLO;169;97;0.00883703
809;SCC006040SLO;170;97;0.00023330
809;SCC006040SLO;171;97;0.00026060
809;SCC006040SLO;172;97;0.00028204
809;SCC006040SLO;173;97;0.00009759
809;SCC006040SLO;175;97;0.00001306
809;SCC006040SLO;176;97;0.00003822
809;SCC006040SLO;177;97;0.00004304
809;SCC006040SLO;180;97;0.00020810
809;SCC006040SLO;181;97;0.00029148
809;SCC006040SLO;182;97;0.00039926
809;SCC006040SLO;183;97;0.00005427
809;SCC006040SLO;184;97;0.00003839
809;SCC006040SLO;185;97;0.00000033
809;SCC006040SLO;186;97;0.00001161
809;SCC006040SLO;187;97;0.00000143
809;SCC006040SLO;163;98;0.00380017
809;SCC006040SLO;164;98;0.00289112
809;SCC006040SLO;165;98;0.00010560
809;SCC006040SLO;169;98;0.02478945
809;SCC006040SLO;170;98;0.00130733
809;SCC006040SLO;172;98;0.00001461
809;SCC006040SLO;173;98;0.00001520
809;SCC006040SLO;176;98;0.00031576
809;SCC006040SLO;177;98;0.00028455
809;SCC006040SLO;178;98;0.00030568
809;SCC006040SLO;179;98;0.00033426
809;SCC006040SLO;180;98;0.00011918
809;SCC006040SLO;181;98;0.00005013
809;SCC006040SLO;183;98;0.00000073
809;SCC006040SLO;161;99;0.00007686
809;SCC006040SLO;162;99;0.00172897
809;SCC006040SLO;163;99;0.00421765
809;SCC006040SLO;164;99;0.00011620
809;SCC006040SLO;165;99;0.00012170
809;SCC006040SLO;166;99;0.00021301
809;SCC006040SLO;167;99;0.00039081
809;SCC006040SLO;168;99;0.01552136
809;SCC006040SLO;169;99;0.00890181
809;SCC006040SLO;170;99;0.00034451
809;SCC006040SLO;171;99;0.00104053
809;SCC006040SLO;172;99;0.00083524
809;SCC006040SLO;174;99;0.00011372
809;SCC006040SLO;175;99;0.00009496
809;SCC006040SLO;176;99;0.00053721
809;SCC006040SLO;177;99;0.00010447
809;SCC006040SLO;178;99;0.00013128
809;SCC006040SLO;181;99;0.00005051
809;SCC006040SLO;182;99;0.00002649
809;SCC006040SLO;183;99;0.00000024
809;SCC006040SLO;160;100;0.00047729
809;SCC006040SLO;161;100;0.00198114
809;SCC006040SLO;162;100;0.00006093
809;SCC006040SLO;163;100;0.00006284
809;SCC006040SLO;164;100;0.00009846
809;SCC006040SLO;165;100;0.00001774
809;SCC006040SLO;166;100;0.00029473
809;SCC006040SLO;167;100;0.00226842
809;SCC006040SLO;168;100;0.03927070
809;SCC006040SLO;169;100;0.00041411
809;SCC006040SLO;170;100;0.00009498
809;SCC006040SLO;171;100;0.00010535
809;SCC006040SLO;172;100;0.00015221
809;SCC006040SLO;173;100;0.00048364
809;SCC006040SLO;174;100;0.00042884
809;SCC006040SLO;175;100;0.00043588
809;SCC006040SLO;178;100;0.00003067
809;SCC006040SLO;181;100;0.00008722
809;SCC006040SLO;182;100;0.00004054
809;SCC006040SLO;159;101;0.00028971
809;SCC006040SLO;160;101;0.00201083
809;SCC006040SLO;162;101;0.00000505
809;SCC006040SLO;164;101;0.00012423
809;SCC006040SLO;165;101;0.00000818
809;SCC006040SLO;166;101;0.00016310
809;SCC006040SLO;167;101;0.02438897
809;SCC006040SLO;168;101;0.00742320
809;SCC006040SLO;169;101;0.00119173
809;SCC006040SLO;170;101;0.00065193
809;SCC006040SLO;171;101;0.00042209
809;SCC006040SLO;172;101;0.00050342
809;SCC006040SLO;173;101;0.00001639
809;SCC006040SLO;175;101;0.00005667
809;SCC006040SLO;178;101;0.00002381
809;SCC006040SLO;181;101;0.00003773
809;SCC006040SLO;158;102;0.00140027
809;SCC006040SLO;159;102;0.00460653
809;SCC006040SLO;160;102;0.00076670
809;SCC006040SLO;161;102;0.00077213
809;SCC006040SLO;162;102;0.00074025
809;SCC006040SLO;163;102;0.00075138
809;SCC006040SLO;164;102;0.00092924
809;SCC006040SLO;165;102;0.00146887
809;SCC006040SLO;166;102;0.00220271
809;SCC006040SLO;167;102;0.02526649
809;SCC006040SLO;168;102;0.00036340
809;SCC006040SLO;169;102;0.00154667
809;SCC006040SLO;170;102;0.00043143
809;SCC006040SLO;171;102;0.00116484
809;SCC006040SLO;172;102;0.00013780
809;SCC006040SLO;175;102;0.00005456
809;SCC006040SLO;177;102;0.00000561
809;SCC006040SLO;178;102;0.00000288
809;SCC006040SLO;180;102;0.00002444
809;SCC006040SLO;181;102;0.00001462
809;SCC006040SLO;158;103;0.00402837
809;SCC006040SLO;159;103;0.00041392
809;SCC006040SLO;160;103;0.00021266
809;SCC006040SLO;161;103;0.00004175
809;SCC006040SLO;162;103;0.00010361
809;SCC006040SLO;164;103;0.00034977
809;SCC006040SLO;165;103;0.00052160
809;SCC006040SLO;166;103;0.00041677
809;SCC006040SLO;167;103;0.02224958
809;SCC006040SLO;168;103;0.00134907
809;SCC006040SLO;169;103;0.00112954
809;SCC006040SLO;170;103;0.00187924
809;SCC006040SLO;171;103;0.00008270
809;SCC006040SLO;172;103;0.00010861
809;SCC006040SLO;173;103;0.00005737
809;SCC006040SLO;175;103;0.00006174
809;SCC006040SLO;176;103;0.00000696
809;SCC006040SLO;177;103;0.00000148
809;SCC006040SLO;179;103;0.00001649
809;SCC006040SLO;180;103;0.00002424
809;SCC006040SLO;157;104;0.00185405
809;SCC006040SLO;158;104;0.00019212
809;SCC006040SLO;159;104;0.00001406
809;SCC006040SLO;162;104;0.00003651
809;SCC006040SLO;163;104;0.00004435
809;SCC006040SLO;164;104;0.00059827
809;SCC006040SLO;165;104;0.00000007
809;SCC006040SLO;166;104;0.00003901
809;SCC006040SLO;167;104;0.02526285
809;SCC006040SLO;168;104;0.01355276
809;SCC006040SLO;169;104;0.00041492
809;SCC006040SLO;170;104;0.00102800
809;SCC006040SLO;171;104;0.00015584
809;SCC006040SLO;173;104;0.00000327
809;SCC006040SLO;174;104;0.00012423
809;SCC006040SLO;175;104;0.00004105
809;SCC006040SLO;178;104;0.00000980
809;SCC006040SLO;179;104;0.00001449
809;SCC006040SLO;154;105;0.00041011
809;SCC006040SLO;155;105;0.00140768
809;SCC006040SLO;156;105;0.00142785
809;SCC006040SLO;157;105;0.00036552
809;SCC006040SLO;159;105;0.00000669
809;SCC006040SLO;160;105;0.00001250
809;SCC006040SLO;161;105;0.00001469
809;SCC006040SLO;162;105;0.00041761
809;SCC006040SLO;163;105;0.00063171
809;SCC006040SLO;164;105;0.00023732
809;SCC006040SLO;165;105;0.00006428
809;SCC006040SLO;166;105;0.00081900
809;SCC006040SLO;167;105;0.01504441
809;SCC006040SLO;168;105;0.01130428
809;SCC006040SLO;169;105;0.00822236
809;SCC006040SLO;170;105;0.00573390
809;SCC006040SLO;171;105;0.00529949
809;SCC006040SLO;172;105;0.00479523
809;SCC006040SLO;173;105;0.00469960
809;SCC006040SLO;174;105;0.00480439
809;SCC006040SLO;175;105;0.00229905
809;SCC006040SLO;177;105;0.00001413
809;SCC006040SLO;178;105;0.00002901
809;SCC006040SLO;154;106;0.00146872
809;SCC006040SLO;156;106;0.00006497
809;SCC006040SLO;157;106;0.00000837
809;SCC006040SLO;161;106;0.00040032
809;SCC006040SLO;162;106;0.00034647
809;SCC006040SLO;164;106;0.00109209
809;SCC006040SLO;165;106;0.00267853
809;SCC006040SLO;166;106;0.00226855
809;SCC006040SLO;167;106;0.00701709
809;SCC006040SLO;168;106;0.00025526
809;SCC006040SLO;169;106;0.00054921
809;SCC006040SLO;170;106;0.00005577
809;SCC006040SLO;171;106;0.00001742
809;SCC006040SLO;172;106;0.00023800
809;SCC006040SLO;175;106;0.00455027
809;SCC006040SLO;176;106;0.00135098
809;SCC006040SLO;177;106;0.00003107
809;SCC006040SLO;153;107;0.00012790
809;SCC006040SLO;154;107;0.00107066
809;SCC006040SLO;160;107;0.00006979
809;SCC006040SLO;161;107;0.00016034
809;SCC006040SLO;163;107;0.00208456
809;SCC006040SLO;164;107;0.00152443
809;SCC006040SLO;166;107;0.00000019
809;SCC006040SLO;167;107;0.00709477
809;SCC006040SLO;168;107;0.00010184
809;SCC006040SLO;169;107;0.00015599
809;SCC006040SLO;170;107;0.00028371
809;SCC006040SLO;172;107;0.00001579
809;SCC006040SLO;176;107;0.00509309
809;SCC006040SLO;177;107;0.00235894
809;SCC006040SLO;178;107;0.00193655
809;SCC006040SLO;153;108;0.00108281
809;SCC006040SLO;154;108;0.00031711
809;SCC006040SLO;160;108;0.00002855
809;SCC006040SLO;161;108;0.00011132
809;SCC006040SLO;162;108;0.00024412
809;SCC006040SLO;163;108;0.00130034
809;SCC006040SLO;166;108;0.00032399
809;SCC006040SLO;167;108;0.00888775
809;SCC006040SLO;168;108;0.00000611
809;SCC006040SLO;169;108;0.00009477
809;SCC006040SLO;176;108;0.00000089
809;SCC006040SLO;177;108;0.00295421
809;SCC006040SLO;178;108;0.00209948
809;SCC006040SLO;153;109;0.00062325
809;SCC006040SLO;161;109;0.00012197
809;SCC006040SLO;162;109;0.00029349
809;SCC006040SLO;163;109;0.00014792
809;SCC006040SLO;166;109;0.00121527
809;0SF0060410BA;136;148;0.00004710
809;0SF0060410BA;130;149;0.00000190
809;0SF0060410BA;131;149;0.00000055
809;0SF0060410BA;130;150;0.00000154
809;0SF0060410BA;132;150;0.00000064
809;0SF0060410BA;133;150;0.00013318
809;0SF0060410BA;134;150;0.00010635
809;0SF0060410BA;135;150;0.00011449
809;0SF0060410BA;136;150;0.00000226
809;0SF0060410BA;130;151;0.00000014
809;0SF0060410BA;131;151;0.00000432
809;0SF0060410BA;132;151;0.00000092
809;0SF0060410BA;133;151;0.00034442
809;0SF0060410BA;135;151;0.00001438
809;0SF0060410BA;130;152;0.00000201
809;0SF0060410BA;131;152;0.00000111
809;0SF0060410BA;133;152;0.00022810
809;0SF0060410BA;134;152;0.00011769
809;0SF0060410BA;135;152;0.00000312
809;0SF0060410BA;130;153;0.00000329
809;0SF0060410BA;132;153;0.00000021
809;0SF0060410BA;133;153;0.00004510
809;0SF0060410BA;134;153;0.01410318
809;0SF0060410BA;135;153;0.02430000
809;0SF0060410BA;130;154;0.00057721
809;0SF0060410BA;132;154;0.00000390
809;0SF0060410BA;133;154;0.02505993
809;0SF0060410BA;134;154;0.03286549
809;0SF0060410BA;135;154;0.00449412
809;0SF0060410BA;136;154;0.03190515
809;0SF0060410BA;137;154;0.00000151
809;0SF0060410BA;129;155;0.00014532
809;0SF0060410BA;130;155;0.00227563
809;0SF0060410BA;131;155;0.00270933
809;0SF0060410BA;132;155;0.01481866
809;0SF0060410BA;133;155;0.03178495
809;0SF0060410BA;134;155;0.03177266
809;0SF0060410BA;135;155;0.06085118
809;0SF0060410BA;136;155;0.03740300
809;0SF0060410BA;137;155;0.00102718
809;0SF0060410BA;128;156;0.00045772
809;0SF0060410BA;129;156;0.00064856
809;0SF0060410BA;131;156;0.00457191
809;0SF0060410BA;132;156;0.04437964
809;0SF0060410BA;133;156;0.02522613
809;0SF0060410BA;134;156;0.05132005
809;0SF0060410BA;135;156;0.00060943
809;0SF0060410BA;137;156;0.00047080
809;0SF0060410BA;128;157;0.00091237
809;0SF0060410BA;131;157;0.03977568
809;0SF0060410BA;132;157;0.00801212
809;0SF0060410BA;133;157;0.07613889
809;0SF0060410BA;134;157;0.00586635
809;0SF0060410BA;128;158;0.00078585
809;0SF0060410BA;129;158;0.00056149
809;0SF0060410BA;130;158;0.02230268
809;0SF0060410BA;131;158;0.05826480
809;0SF0060410BA;132;158;0.05592519
809;0SF0060410BA;133;158;0.00001179
809;0SF0060410BA;134;158;0.01999593
809;0SF0060410BA;135;158;0.01248106
809;0SF0060410BA;129;159;0.00228265
809;0SF0060410BA;130;159;0.03947996
809;0SF0060410BA;131;159;0.06182424
809;0SF0060410BA;129;160;0.01282246
809;0SF0060410BA;130;160;0.00647935
809;0SF0060410BA;131;160;0.07266887
809;0SF0060410BA;129;161;0.01126751
809;0SF0060410BA;130;161;0.00011112
809;0SF0060410BA;131;161;0.04707417
809;0MC006029NSI;159;196;0.00754952
809;0MC006029NSI;159;197;0.01817055
809;0MC006029NSI;160;197;0.00054427
809;0MC006029NSI;161;197;0.00028529
809;0MC006029NSI;159;198;0.01192682
809;0MC006029NSI;161;198;0.00038008
809;0MC006029NSI;159;199;0.01269802
809;0MC006029NSI;160;199;0.00122679
809;0MC006029NSI;161;199;0.00222095
809;0MC006029NSI;162;199;0.00240492
809;0MC006029NSI;157;200;0.00045285
809;0MC006029NSI;158;200;0.00108204
809;0MC006029NSI;160;200;0.01807633
809;0MC006029NSI;161;200;0.00008719
809;0MC006029NSI;162;200;0.00709544
809;0MC006029NSI;155;201;0.00656376
809;0MC006029NSI;156;201;0.01246431
809;0MC006029NSI;157;201;0.01282903
809;0MC006029NSI;158;201;0.01105514
809;0MC006029NSI;159;201;0.01105615
809;0MC006029NSI;160;201;0.02210350
809;0MC006029NSI;161;201;0.00757347
809;0MC006029NSI;162;201;0.00223150
809;0MC006029NSI;158;202;0.00185361
809;0MC006029NSI;159;202;0.00245871
809;0MC006029NSI;160;202;0.02783640
809;0MC006029NSI;161;202;0.00472684
809;0MC006029NSI;159;203;0.00296009
809;0MC006029NSI;160;203;0.00362177
809;0MC006029NSI;161;203;0.01433227
809;0MC006029NSI;162;203;0.00339993
809;0MC006029NSI;159;204;0.00282531
809;0MC006029NSI;162;204;0.00077545
809;0MC006029NSI;163;204;0.00483321
809;0MC006029NSI;164;204;0.00404052
809;0MC006029NSI;165;204;0.00401899
809;0MC006029NSI;166;204;0.00470744
809;0MC006029NSI;167;204;0.00536687
809;0MC006029NSI;168;204;0.00192934
809;0MC006029NSI;169;204;0.02962516
809;0MC006029NSI;170;204;0.03373313
809;0MC006029NSI;173;204;0.03497636
809;0MC006029NSI;174;204;0.03203019
809;0MC006029NSI;177;204;0.03543043
809;0MC006029NSI;178;204;0.03180497
809;0MC006029NSI;179;204;0.00081801
809;0MC006029NSI;158;205;0.00024584
809;0MC006029NSI;159;205;0.00146841
809;0MC006029NSI;170;205;0.02065735
809;0MC006029NSI;174;205;0.03382899
809;0MC006029NSI;175;205;0.06064969
809;0MC006029NSI;176;205;0.05930547
809;0MC006029NSI;177;205;0.02378471
809;0MC006029NSI;178;205;0.05269046
809;0MC006029NSI;179;205;0.04767072
809;0MC006029NSI;180;205;0.00000438
809;0MC006029NSI;159;206;0.00200270
809;0MC006029NSI;178;206;0.01292904
809;0MC006029NSI;179;206;0.00923656
809;0MC006029NSI;180;206;0.05553516
809;0MC006029NSI;181;206;0.07863165
809;0MC006029NSI;178;207;0.01255408
809;0MC006029NSI;181;207;0.05401936
809;0MC006029NSI;177;208;0.00114899
809;0MC006029NSI;178;208;0.00135427
809;0MC006029NSI;181;208;0.00072297
809;0MC006029NSI;182;208;0.01337625
809;SJV006039SJU;153;158;0.00950682
809;SJV006039SJU;154;158;0.00128600
809;SJV006039SJU;149;159;0.00023530
809;SJV006039SJU;150;159;0.00059184
809;SJV006039SJU;151;159;0.00100590
809;SJV006039SJU;152;159;0.01125275
809;SJV006039SJU;153;159;0.00619108
809;SJV006039SJU;154;159;0.00363105
809;SJV006039SJU;155;159;0.00171003
809;SJV006039SJU;150;160;0.00391724
809;SJV006039SJU;151;160;0.01191702
809;SJV006039SJU;152;160;0.00204347
809;SJV006039SJU;153;160;0.00392134
809;SJV006039SJU;154;160;0.00123423
809;SJV006039SJU;155;160;0.00119203
809;SJV006039SJU;156;160;0.00012462
809;SJV006039SJU;149;161;0.00701188
809;SJV006039SJU;150;161;0.00892466
809;SJV006039SJU;151;161;0.00550539
809;SJV006039SJU;152;161;0.00286617
809;SJV006039SJU;153;161;0.00346769
809;SJV006039SJU;154;161;0.00071991
809;SJV006039SJU;155;161;0.00011671
809;SJV006039SJU;156;161;0.00045590
809;SJV006039SJU;157;161;0.00000367
809;SJV006039SJU;158;161;0.00233837
809;SJV006039SJU;149;162;0.01722149
809;SJV006039SJU;150;162;0.02614783
809;SJV006039SJU;151;162;0.01992335
809;SJV006039SJU;152;162;0.01839192
809;SJV006039SJU;153;162;0.02061429
809;SJV006039SJU;154;162;0.00811522
809;SJV006039SJU;155;162;0.00030760
809;SJV006039SJU;156;162;0.00091045
809;SJV006039SJU;157;162;0.01243361
809;SJV006039SJU;158;162;0.02396700
809;SJV006039SJU;159;162;0.00122707
809;SJV006039SJU;160;162;0.00100459
809;SJV006039SJU;161;162;0.00143696
809;SJV006039SJU;162;162;0.00182190
809;SJV006039SJU;149;163;0.00206685
809;SJV006039SJU;150;163;0.00074583
809;SJV006039SJU;151;163;0.00157081
809;SJV006039SJU;152;163;0.00021001
809;SJV006039SJU;153;163;0.00064456
809;SJV006039SJU;154;163;0.02377240
809;SJV006039SJU;155;163;0.01142048
809;SJV006039SJU;156;163;0.01119276
809;SJV006039SJU;157;163;0.02341160
809;SJV006039SJU;158;163;0.00374392
809;SJV006039SJU;159;163;0.00321047
809;SJV006039SJU;160;163;0.00293519
809;SJV006039SJU;161;163;0.00525853
809;SJV006039SJU;162;163;0.00127970
809;SJV006039SJU;151;164;0.00121250
809;SJV006039SJU;153;164;0.00038397
809;SJV006039SJU;154;164;0.00307783
809;SJV006039SJU;155;164;0.01838087
809;SJV006039SJU;156;164;0.02049941
809;SJV006039SJU;157;164;0.00182361
809;SJV006039SJU;158;164;0.00240675
809;SJV006039SJU;159;164;0.00005524
809;SJV006039SJU;160;164;0.00082879
809;SJV006039SJU;161;164;0.00254034
809;SJV006039SJU;162;164;0.00063149
809;SJV006039SJU;151;165;0.00116632
809;SJV006039SJU;152;165;0.00016617
809;SJV006039SJU;153;165;0.00015776
809;SJV006039SJU;154;165;0.00016399
809;SJV006039SJU;155;165;0.02010832
809;SJV006039SJU;156;165;0.01706048
809;SJV006039SJU;157;165;0.00102312
809;SJV006039SJU;158;165;0.00089339
809;SJV006039SJU;159;165;0.00135592
809;SJV006039SJU;160;165;0.00165005
809;SJV006039SJU;161;165;0.00125624
809;SJV006039SJU;162;165;0.00095260
809;SJV006039SJU;149;166;0.00195256
809;SJV006039SJU;150;166;0.00204418
809;SJV006039SJU;151;166;0.00279556
809;SJV006039SJU;152;166;0.00005447
809;SJV006039SJU;153;166;0.00001734
809;SJV006039SJU;154;166;0.00072953
809;SJV006039SJU;155;166;0.02585780
809;SJV006039SJU;156;166;0.01729344
809;SJV006039SJU;157;166;0.00233214
809;SJV006039SJU;158;166;0.00272772
809;SJV006039SJU;159;166;0.00076615
809;SJV006039SJU;160;166;0.00020625
809;SJV006039SJU;161;166;0.00105306
809;SJV006039SJU;162;166;0.00095033
809;SJV006039SJU;150;167;0.00001648
809;SJV006039SJU;151;167;0.00032594
809;SJV006039SJU;152;167;0.00208505
809;SJV006039SJU;153;167;0.00206711
809;SJV006039SJU;154;167;0.02137665
809;SJV006039SJU;155;167;0.02703448
809;SJV006039SJU;156;167;0.02189269
809;SJV006039SJU;157;167;0.00234689
809;SJV006039SJU;158;167;0.00230406
809;SJV006039SJU;159;167;0.00168737
809;SJV006039SJU;160;167;0.00229036
809;SJV006039SJU;161;167;0.00269746
809;SJV006039SJU;162;167;0.00242952
809;SJV006039SJU;153;168;0.00443410
809;SJV006039SJU;154;168;0.03188189
809;SJV006039SJU;155;168;0.02343845
809;SJV006039SJU;156;168;0.01464850
809;SJV006039SJU;157;168;0.00194890
809;SJV006039SJU;158;168;0.00148801
809;SJV006039SJU;159;168;0.00074737
809;SJV006039SJU;160;168;0.00121983
809;SJV006039SJU;161;168;0.00065929
809;SJV006039SJU;162;168;0.00044014
809;SJV006039SJU;153;169;0.01568679
809;SJV006039SJU;154;169;0.01517168
809;SJV006039SJU;155;169;0.02596685
809;SJV006039SJU;156;169;0.00298021
809;SJV006039SJU;157;169;0.00126905
809;SJV006039SJU;158;169;0.00219405
809;SJV006039SJU;159;169;0.00103895
809;SJV006039SJU;160;169;0.00071240
809;SJV006039SJU;161;169;0.00008968
809;SJV006039SJU;162;169;0.00002933
809;SJV006039SJU;150;170;0.00000032
809;SJV006039SJU;151;170;0.00000450
809;SJV006039SJU;152;170;0.00011675
809;SJV006039SJU;153;170;0.01475836
809;SJV006039SJU;154;170;0.00785059
809;SJV006039SJU;155;170;0.01819852
809;SJV006039SJU;156;170;0.00162834
809;SJV006039SJU;157;170;0.00192093
809;SJV006039SJU;158;170;0.00135101
809;SJV006039SJU;159;170;0.00092856
809;SJV006039SJU;160;170;0.00070462
809;SJV006039SJU;161;170;0.00038357
809;SJV006039SJU;162;170;0.00003173
809;SJV006039SJU;153;171;0.01243467
809;SJV006039SJU;154;171;0.00358923
809;SJV006039SJU;155;171;0.01444644
809;SJV006039SJU;156;171;0.00068746
809;SJV006039SJU;157;171;0.00170979
809;SJV006039SJU;158;171;0.00095550
809;SJV006039SJU;159;171;0.00065334
809;SJV006039SJU;161;171;0.00025357
809;SJV006039SJU;162;171;0.00847332
809;SJV006039SJU;149;172;0.00008111
809;SJV006039SJU;150;172;0.00109469
809;SJV006039SJU;151;172;0.00293514
809;SJV006039SJU;152;172;0.01197607
809;SJV006039SJU;153;172;0.00337989
809;SJV006039SJU;154;172;0.00520906
809;SJV006039SJU;155;172;0.02112881
809;SJV006039SJU;156;172;0.00255214
809;SJV006039SJU;157;172;0.00338611
809;SJV006039SJU;158;172;0.00092414
809;SJV006039SJU;159;172;0.00063237
809;SJV006039SJU;152;173;0.00891021
809;SJV006039SJU;153;173;0.00037504
809;SJV006039SJU;154;173;0.00179774
809;SJV006039SJU;155;173;0.01127240
809;SJV006039SJU;156;173;0.00138861
809;SJV006039SJU;157;173;0.00108240
809;SJV006039SJU;158;173;0.00383143
809;SJV006039SJU;159;173;0.00061498
809;SJV006039SJU;160;173;0.00003014
809;SJV006039SJU;152;174;0.01031601
809;SJV006039SJU;153;174;0.00069113
809;SJV006039SJU;154;174;0.00063370
809;SJV006039SJU;155;174;0.01031458
809;SJV006039SJU;156;174;0.00122735
809;SJV006039SJU;157;174;0.00160775
809;SJV006039SJU;158;174;0.00043257
809;SJV006039SJU;159;174;0.00425177
809;SJV006039SJU;160;174;0.00724405
809;SJV006039SJU;161;174;0.00683662
809;SJV006039SJU;150;175;0.00203986
809;SJV006039SJU;151;175;0.00250815
809;SJV006039SJU;152;175;0.01151604
809;SJV006039SJU;155;175;0.00952070
809;SJV006039SJU;156;175;0.00036490
809;SJV006039SJU;157;175;0.00046974
809;SJV006039SJU;158;175;0.00026805
809;SJV006039SJU;159;175;0.00055639
809;SJV006039SJU;160;175;0.00253079
809;SJV006039SJU;161;175;0.00030220
809;SJV006039SJU;151;176;0.00068881
809;SJV006039SJU;152;176;0.00043740
809;SJV006039SJU;157;176;0.00004517
809;SJV006039SJU;160;176;0.01730169
809;SJV006039SJU;161;176;0.00687829
809;0SC0060360SC;233;59;0.00018202
809;0SC0060360SC;234;59;0.00000594
809;0SC0060360SC;235;59;0.00001620
809;0SC0060360SC;236;59;0.00349596
809;0SC0060360SC;237;59;0.00034928
809;0SC0060360SC;233;60;0.00014011
809;0SC0060360SC;234;60;0.00149963
809;0SC0060360SC;235;60;0.00628358
809;0SC0060360SC;236;60;0.00345246
809;0SC0060360SC;237;60;0.00165889
809;0SC0060360SC;238;60;0.00000035
809;0SC0060360SC;233;61;0.00044233
809;0SC0060360SC;234;61;0.00717377
809;0SC0060360SC;235;61;0.00932175
809;0SC0060360SC;236;61;0.00486803
809;0SC0060360SC;237;61;0.00209839
809;0SC0060360SC;238;61;0.00116232
809;0SC0060360SC;247;61;0.00003445
809;0SC0060360SC;248;61;0.00002308
809;0SC0060360SC;234;62;0.00473868
809;0SC0060360SC;235;62;0.03022459
809;0SC0060360SC;236;62;0.03222797
809;0SC0060360SC;237;62;0.03637587
809;0SC0060360SC;238;62;0.03724171
809;0SC0060360SC;239;62;0.00522583
809;0SC0060360SC;240;62;0.00070660
809;0SC0060360SC;241;62;0.00085850
809;0SC0060360SC;242;62;0.00161818
809;0SC0060360SC;243;62;0.00872200
809;0SC0060360SC;244;62;0.00725346
809;0SC0060360SC;245;62;0.00027751
809;0SC0060360SC;246;62;0.00046891
809;0SC0060360SC;247;62;0.00396235
809;0SC0060360SC;248;62;0.01460747
809;0SC0060360SC;249;62;0.01526518
809;0SC0060360SC;250;62;0.00106827
809;0SC0060360SC;251;62;0.00018983
809;0SC0060360SC;252;62;0.00001362
809;0SC0060360SC;235;63;0.02932572
809;0SC0060360SC;236;63;0.03668071
809;0SC0060360SC;237;63;0.04285505
809;0SC0060360SC;238;63;0.05996536
809;0SC0060360SC;239;63;0.02421216
809;0SC0060360SC;240;63;0.01895328
809;0SC0060360SC;241;63;0.01681370
809;0SC0060360SC;242;63;0.01603514
809;0SC0060360SC;243;63;0.01397522
809;0SC0060360SC;244;63;0.02802085
809;0SC0060360SC;245;63;0.01776395
809;0SC0060360SC;246;63;0.01864418
809;0SC0060360SC;247;63;0.01687377
809;0SC0060360SC;248;63;0.00082607
809;0SC0060360SC;249;63;0.00036386
809;0SC0060360SC;250;63;0.00053893
809;0SC0060360SC;251;63;0.00002062
809;0SC0060360SC;235;64;0.00769456
809;0SC0060360SC;236;64;0.00330217
809;0SC0060360SC;237;64;0.00328001
809;0SC0060360SC;238;64;0.00844506
809;0SC0060360SC;239;64;0.02477958
809;0SC0060360SC;240;64;0.00526787
809;0SC0060360SC;241;64;0.00361707
809;0SC0060360SC;242;64;0.00290025
809;0SC0060360SC;243;64;0.00331703
809;0SC0060360SC;244;64;0.01552758
809;0SC0060360SC;245;64;0.00293534
809;0SC0060360SC;246;64;0.00753584
809;0SC0060360SC;247;64;0.00083192
809;0SC0060360SC;248;64;0.00024610
809;0SC0060360SC;249;64;0.00019452
809;0SC0060360SC;250;64;0.00037286
809;0SC0060360SC;251;64;0.00030677
809;0SC0060360SC;252;64;0.00017427
809;0SC0060360SC;235;65;0.00304373
809;0SC0060360SC;236;65;0.01760599
809;0SC0060360SC;237;65;0.01766576
809;0SC0060360SC;238;65;0.01686221
809;0SC0060360SC;239;65;0.02096645
809;0SC0060360SC;240;65;0.03268298
809;0SC0060360SC;241;65;0.01280474
809;0SC0060360SC;242;65;0.01170494
809;0SC0060360SC;243;65;0.01583952
809;0SC0060360SC;244;65;0.01819227
809;0SC0060360SC;245;65;0.00989402
809;0SC0060360SC;246;65;0.00845492
809;0SC0060360SC;247;65;0.00017948
809;0SC0060360SC;251;65;0.00024206
809;0SC0060360SC;240;66;0.00848992
809;0SC0060360SC;241;66;0.02042027
809;0SC0060360SC;242;66;0.00152651
809;0SC0060360SC;243;66;0.00896579
809;0SC0060360SC;244;66;0.00168091
809;0SC0060360SC;245;66;0.00027896
809;0SC0060360SC;246;66;0.00005803
809;0SC0060360SC;247;66;0.00199556
809;0SC0060360SC;251;66;0.00010696
809;0SC0060360SC;252;66;0.00023014
809;0SC0060360SC;253;66;0.00025729
809;0SC0060360SC;254;66;0.00011186
809;0SC0060360SC;255;66;0.00011180
809;0SC0060360SC;256;66;0.00009906
809;0SC0060360SC;257;66;0.00002392
809;0SC0060360SC;239;67;0.00000929
809;0SC0060360SC;240;67;0.00020751
809;0SC0060360SC;241;67;0.02537994
809;0SC0060360SC;242;67;0.00717113
809;0SC0060360SC;243;67;0.00004689
809;0SC0060360SC;244;67;0.00157407
809;0SC0060360SC;245;67;0.00038883
809;0SC0060360SC;247;67;0.00119229
809;0SC0060360SC;248;67;0.00080746
809;0SC0060360SC;249;67;0.00043947
809;0SC0060360SC;250;67;0.00002904
809;0SC0060360SC;256;67;0.00002246
809;0SC0060360SC;257;67;0.00012105
809;0SC0060360SC;239;68;0.00004330
809;0SC0060360SC;240;68;0.01382342
809;0SC0060360SC;241;68;0.01935539
809;0SC0060360SC;242;68;0.00000120
809;0SC0060360SC;244;68;0.00057632
809;0SC0060360SC;245;68;0.00033147
809;0SC0060360SC;246;68;0.00050630
809;0SC0060360SC;247;68;0.00016045
809;0SC0060360SC;248;68;0.00002552
809;0SC0060360SC;249;68;0.00015042
809;0SC0060360SC;250;68;0.00075733
809;0SC0060360SC;251;68;0.00050443
809;0SC0060360SC;252;68;0.00043893
809;0SC0060360SC;253;68;0.00043907
809;0SC0060360SC;254;68;0.00004107
809;0SC0060360SC;255;68;0.00031424
809;0SC0060360SC;256;68;0.00012114
809;0SC0060360SC;240;69;0.01744702
809;0SC0060360SC;243;69;0.00016973
809;0SC0060360SC;244;69;0.00004475
809;0SC0060360SC;246;69;0.00025001
809;0SC0060360SC;247;69;0.00004137
809;0SC0060360SC;252;69;0.00000782
809;0SC0060360SC;253;69;0.00010947
809;0SC0060360SC;254;69;0.00027598
809;0SC0060360SC;255;69;0.00020615
809;0SC0060360SC;256;69;0.00004656
809;0SC0060360SC;255;70;0.00007325
809;0SV0060510FR;148;189;0.00002711
809;0SV0060510FR;149;189;0.00009840
809;0SV0060510FR;150;189;0.06058631
809;0SV0060510FR;151;189;0.00828516
809;0SV0060510FR;146;190;0.00000298
809;0SV0060510FR;148;190;0.00015557
809;0SV0060510FR;149;190;0.00011148
809;0SV0060510FR;150;190;0.04989720
809;0SV0060510FR;151;190;0.00613799
809;0SV0060510FR;146;191;0.01295789
809;0SV0060510FR;147;191;0.00000146
809;0SV0060510FR;148;191;0.00002277
809;0SV0060510FR;149;191;0.00006804
809;0SV0060510FR;150;191;0.04732119
809;0SV0060510FR;151;191;0.00590533
809;0SV0060510FR;146;192;0.01246344
809;0SV0060510FR;148;192;0.00002069
809;0SV0060510FR;149;192;0.01616265
809;0SV0060510FR;150;192;0.03605079
809;0SV0060510FR;151;192;0.00352803
809;0SV0060510FR;146;193;0.01279422
809;0SV0060510FR;148;193;0.00642570
809;0SV0060510FR;149;193;0.02318145
809;0SV0060510FR;150;193;0.02613294
809;0SV0060510FR;151;193;0.00319083
809;0SV0060510FR;145;194;0.00132068
809;0SV0060510FR;146;194;0.00257703
809;0SV0060510FR;147;194;0.00862271
809;0SV0060510FR;148;194;0.02201308
809;0SV0060510FR;149;194;0.00194721
809;0SV0060510FR;150;194;0.02449816
809;0SV0060510FR;151;194;0.00215673
809;0SV0060510FR;145;195;0.00084970
809;0SV0060510FR;147;195;0.01047184
809;0SV0060510FR;148;195;0.02290078
809;0SV0060510FR;150;195;0.01900866
809;0SV0060510FR;151;195;0.00694424
809;0SV0060510FR;152;195;0.00312863
809;0SV0060510FR;145;196;0.00073202
809;0SV0060510FR;147;196;0.01034608
809;0SV0060510FR;148;196;0.02733470
809;0SV0060510FR;151;196;0.00195337
809;0SV0060510FR;144;197;0.00066364
809;0SV0060510FR;145;197;0.00012453
809;0SV0060510FR;147;197;0.00565234
809;0SV0060510FR;148;197;0.02779726
809;0SV0060510FR;144;198;0.00070272
809;0SV0060510FR;147;198;0.00910045
809;0SV0060510FR;148;198;0.03860585
809;0SV0060510FR;143;199;0.00093329
809;0SV0060510FR;144;199;0.00069062
809;0SV0060510FR;145;199;0.00007946
809;0SV0060510FR;146;199;0.00177775
809;0SV0060510FR;147;199;0.01824323
809;0SV0060510FR;148;199;0.09506996
809;0SV0060510FR;142;200;0.00423904
809;0SV0060510FR;143;200;0.00673818
809;0SV0060510FR;144;200;0.00672017
809;0SV0060510FR;145;200;0.00893474
809;0SV0060510FR;146;200;0.01673447
809;0SV0060510FR;147;200;0.03186916
809;0SV0060510FR;148;200;0.11936610
809;0SV0060510FR;146;201;0.00040959
809;0SV0060510FR;147;201;0.00491719
809;0SV0060510FR;148;201;0.02810777
809;0SV0060510FR;147;202;0.01278260
809;0SV0060510FR;148;202;0.02008721
809;0SV0060510FR;145;203;0.00046113
809;0SV0060510FR;146;203;0.00081100
809;0SV0060510FR;147;203;0.03004921
809;0SV0060510FR;148;203;0.00002469
809;0SV0060510FR;147;204;0.00997137
809;0SC0060330SC;247;46;0.00000193
809;0SC0060330SC;248;46;0.00700021
809;0SC0060330SC;249;46;0.00007045
809;0SC0060330SC;250;46;0.00000359
809;0SC0060330SC;254;46;0.00012909
809;0SC0060330SC;255;46;0.00010612
809;0SC0060330SC;247;47;0.00015172
809;0SC0060330SC;248;47;0.01043302
809;0SC0060330SC;249;47;0.00213802
809;0SC0060330SC;250;47;0.00060975
809;0SC0060330SC;251;47;0.00028528
809;0SC0060330SC;252;47;0.00026619
809;0SC0060330SC;253;47;0.00029854
809;0SC0060330SC;254;47;0.00016992
809;0SC0060330SC;255;47;0.00028467
809;0SC0060330SC;247;48;0.00102845
809;0SC0060330SC;248;48;0.01597871
809;0SC0060330SC;249;48;0.00117172
809;0SC0060330SC;250;48;0.00041762
809;0SC0060330SC;251;48;0.00009289
809;0SC0060330SC;254;48;0.00000184
809;0SC0060330SC;255;48;0.00012207
809;0SC0060330SC;256;48;0.00032352
809;0SC0060330SC;260;48;0.00010579
809;0SC0060330SC;245;49;0.00017137
809;0SC0060330SC;246;49;0.00017927
809;0SC0060330SC;247;49;0.01760297
809;0SC0060330SC;248;49;0.00421716
809;0SC0060330SC;249;49;0.00113152
809;0SC0060330SC;250;49;0.00029084
809;0SC0060330SC;251;49;0.00011740
809;0SC0060330SC;252;49;0.00003617
809;0SC0060330SC;253;49;0.00000182
809;0SC0060330SC;254;49;0.00001872
809;0SC0060330SC;256;49;0.00007440
809;0SC0060330SC;257;49;0.00030644
809;0SC0060330SC;258;49;0.00012200
809;0SC0060330SC;259;49;0.00002614
809;0SC0060330SC;260;49;0.00012951
809;0SC0060330SC;241;50;0.00031226
809;0SC0060330SC;242;50;0.00009314
809;0SC0060330SC;243;50;0.00000748
809;0SC0060330SC;245;50;0.00025319
809;0SC0060330SC;246;50;0.01517163
809;0SC0060330SC;247;50;0.00600778
809;0SC0060330SC;248;50;0.00068389
809;0SC0060330SC;249;50;0.00059612
809;0SC0060330SC;250;50;0.00009404
809;0SC0060330SC;251;50;0.00002263
809;0SC0060330SC;252;50;0.00007785
809;0SC0060330SC;253;50;0.00001548
809;0SC0060330SC;257;50;0.00004094
809;0SC0060330SC;258;50;0.00017504
809;0SC0060330SC;259;50;0.00031793
809;0SC0060330SC;260;50;0.00031145
809;0SC0060330SC;261;50;0.00031612
809;0SC0060330SC;262;50;0.00028623
809;0SC0060330SC;242;51;0.00053607
809;0SC0060330SC;243;51;0.00061784
809;0SC0060330SC;244;51;0.00033391
809;0SC0060330SC;245;51;0.01395155
809;0SC0060330SC;246;51;0.00166073
809;0SC0060330SC;247;51;0.00488158
809;0SC0060330SC;248;51;0.00034978
809;0SC0060330SC;249;51;0.00097514
809;0SC0060330SC;252;51;0.00010201
809;0SC0060330SC;253;51;0.00000896
809;0SC0060330SC;256;51;0.00002008
809;0SC0060330SC;257;51;0.00026145
809;0SC0060330SC;258;51;0.00006063
809;0SC0060330SC;260;51;0.00006455
809;0SC0060330SC;261;51;0.00000136
809;0SC0060330SC;242;52;0.00085936
809;0SC0060330SC;243;52;0.00106669
809;0SC0060330SC;244;52;0.01169490
809;0SC0060330SC;245;52;0.00846854
809;0SC0060330SC;246;52;0.00100708
809;0SC0060330SC;247;52;0.00472832
809;0SC0060330SC;248;52;0.00075618
809;0SC0060330SC;249;52;0.00075837
809;0SC0060330SC;252;52;0.00012327
809;0SC0060330SC;253;52;0.00000511
809;0SC0060330SC;255;52;0.00008365
809;0SC0060330SC;256;52;0.00016502
809;0SC0060330SC;258;52;0.00001136
809;0SC0060330SC;259;52;0.00004604
809;0SC0060330SC;260;52;0.00001991
809;0SC0060330SC;242;53;0.00033177
809;0SC0060330SC;243;53;0.01254490
809;0SC0060330SC;244;53;0.00700189
809;0SC0060330SC;245;53;0.00046573
809;0SC0060330SC;246;53;0.00077397
809;0SC0060330SC;247;53;0.00675035
809;0SC0060330SC;248;53;0.00168091
809;0SC0060330SC;249;53;0.00161993
809;0SC0060330SC;250;53;0.00094603
809;0SC0060330SC;251;53;0.00016722
809;0SC0060330SC;252;53;0.00038370
809;0SC0060330SC;253;53;0.00012012
809;0SC0060330SC;254;53;0.00001297
809;0SC0060330SC;255;53;0.00016736
809;0SC0060330SC;257;53;0.00001951
809;0SC0060330SC;258;53;0.00004903
809;0SC0060330SC;259;53;0.00003348
809;0SC0060330SC;241;54;0.01509707
809;0SC0060330SC;242;54;0.01392997
809;0SC0060330SC;243;54;0.00621058
809;0SC0060330SC;244;54;0.00009405
809;0SC0060330SC;245;54;0.00114962
809;0SC0060330SC;246;54;0.00045914
809;0SC0060330SC;247;54;0.00586448
809;0SC0060330SC;248;54;0.00147562
809;0SC0060330SC;249;54;0.00127622
809;0SC0060330SC;250;54;0.00148566
809;0SC0060330SC;251;54;0.00189522
809;0SC0060330SC;252;54;0.00052643
809;0SC0060330SC;253;54;0.00016917
809;0SC0060330SC;254;54;0.00027070
809;0SC0060330SC;255;54;0.00003712
809;0SC0060330SC;256;54;0.00008029
809;0SC0060330SC;257;54;0.00011789
809;0SC0060330SC;258;54;0.00011216
809;0SC0060330SC;240;55;0.01802096
809;0SC0060330SC;241;55;0.00060284
809;0SC0060330SC;242;55;0.00012621
809;0SC0060330SC;243;55;0.00014051
809;0SC0060330SC;244;55;0.00006826
809;0SC0060330SC;245;55;0.00109140
809;0SC0060330SC;246;55;0.00540551
809;0SC0060330SC;247;55;0.00595977
809;0SC0060330SC;248;55;0.00013659
809;0SC0060330SC;249;55;0.00005065
809;0SC0060330SC;250;55;0.00021160
809;0SC0060330SC;251;55;0.00156719
809;0SC0060330SC;252;55;0.00140064
809;0SC0060330SC;253;55;0.00073608
809;0SC0060330SC;254;55;0.00020180
809;0SC0060330SC;255;55;0.00002297
809;0SC0060330SC;257;55;0.00023899
809;0SC0060330SC;258;55;0.00002307
809;0SC0060330SC;238;56;0.00010462
809;0SC0060330SC;239;56;0.01098261
809;0SC0060330SC;240;56;0.00728676
809;0SC0060330SC;241;56;0.00040342
809;0SC0060330SC;242;56;0.00029859
809;0SC0060330SC;243;56;0.00009824
809;0SC0060330SC;244;56;0.00014777
809;0SC0060330SC;245;56;0.00032771
809;0SC0060330SC;246;56;0.00901581
809;0SC0060330SC;247;56;0.00032613
809;0SC0060330SC;248;56;0.00023366
809;0SC0060330SC;249;56;0.00012779
809;0SC0060330SC;250;56;0.00008128
809;0SC0060330SC;251;56;0.00100268
809;0SC0060330SC;252;56;0.00166850
809;0SC0060330SC;253;56;0.00024906
809;0SC0060330SC;256;56;0.00016916
809;0SC0060330SC;257;56;0.00037938
809;0SC0060330SC;236;57;0.00962917
809;0SC0060330SC;237;57;0.00088755
809;0SC0060330SC;238;57;0.00162674
809;0SC0060330SC;239;57;0.01794925
809;0SC0060330SC;241;57;0.00012637
809;0SC0060330SC;242;57;0.00013531
809;0SC0060330SC;243;57;0.00041035
809;0SC0060330SC;244;57;0.00053263
809;0SC0060330SC;245;57;0.00794928
809;0SC0060330SC;246;57;0.00398304
809;0SC0060330SC;247;57;0.00057138
809;0SC0060330SC;248;57;0.00003175
809;0SC0060330SC;249;57;0.00005891
809;0SC0060330SC;250;57;0.00001906
809;0SC0060330SC;251;57;0.00239165
809;0SC0060330SC;252;57;0.00036458
809;0SC0060330SC;255;57;0.00010604
809;0SC0060330SC;256;57;0.00019604
809;0SC0060330SC;236;58;0.01732480
809;0SC0060330SC;237;58;0.02924889
809;0SC0060330SC;238;58;0.03991879
809;0SC0060330SC;239;58;0.02639508
809;0SC0060330SC;240;58;0.01790268
809;0SC0060330SC;241;58;0.00373585
809;0SC0060330SC;242;58;0.00222817
809;0SC0060330SC;243;58;0.00213856
809;0SC0060330SC;244;58;0.00243563
809;0SC0060330SC;245;58;0.00959872
809;0SC0060330SC;246;58;0.00270733
809;0SC0060330SC;247;58;0.00069134
809;0SC0060330SC;248;58;0.00003280
809;0SC0060330SC;249;58;0.00047791
809;0SC0060330SC;250;58;0.00090902
809;0SC0060330SC;251;58;0.00259476
809;0SC0060330SC;254;58;0.00005523
809;0SC0060330SC;255;58;0.00026126
809;0SC0060330SC;236;59;0.00108545
809;0SC0060330SC;237;59;0.00041955
809;0SC0060330SC;238;59;0.01632330
809;0SC0060330SC;239;59;0.00087157
809;0SC0060330SC;240;59;0.00137395
809;0SC0060330SC;241;59;0.01779177
809;0SC0060330SC;242;59;0.00877177
809;0SC0060330SC;243;59;0.00144135
809;0SC0060330SC;244;59;0.00736809
809;0SC0060330SC;245;59;0.00685434
809;0SC0060330SC;246;59;0.00136154
809;0SC0060330SC;247;59;0.00315146
809;0SC0060330SC;248;59;0.00154761
809;0SC0060330SC;249;59;0.00232255
809;0SC0060330SC;250;59;0.00049458
809;0SC0060330SC;251;59;0.00146796
809;0SC0060330SC;252;59;0.00076200
809;0SC0060330SC;253;59;0.00010156
809;0SC0060330SC;254;59;0.00066146
809;0SC0060330SC;255;59;0.00075365
809;0SC0060330SC;256;59;0.01119157
809;0SC0060330SC;237;60;0.00044664
809;0SC0060330SC;238;60;0.01587784
809;0SC0060330SC;239;60;0.00206464
809;0SC0060330SC;240;60;0.00227262
809;0SC0060330SC;241;60;0.00213871
809;0SC0060330SC;242;60;0.01745572
809;0SC0060330SC;243;60;0.00838054
809;0SC0060330SC;244;60;0.02698605
809;0SC0060330SC;245;60;0.01284480
809;0SC0060330SC;246;60;0.01208964
809;0SC0060330SC;247;60;0.01202589
809;0SC0060330SC;248;60;0.01009266
809;0SC0060330SC;249;60;0.00988887
809;0SC0060330SC;250;60;0.01321380
809;0SC0060330SC;251;60;0.02286418
809;0SC0060330SC;252;60;0.01891352
809;0SC0060330SC;253;60;0.01828385
809;0SC0060330SC;254;60;0.01821389
809;0SC0060330SC;255;60;0.01870157
809;0SC0060330SC;256;60;0.00622894
809;0SC0060330SC;257;60;0.01491355
809;0SC0060330SC;238;61;0.01552794
809;0SC0060330SC;239;61;0.00650907
809;0SC0060330SC;240;61;0.00332650
809;0SC0060330SC;241;61;0.01418318
809;0SC0060330SC;242;61;0.01554776
809;0SC0060330SC;243;61;0.03503245
809;0SC0060330SC;244;61;0.00040732
809;0SC0060330SC;245;61;0.00038580
809;0SC0060330SC;246;61;0.00039725
809;0SC0060330SC;247;61;0.00042392
809;0SC0060330SC;248;61;0.00012602
809;0SC0060330SC;249;61;0.00146627
809;0SC0060330SC;250;61;0.01246220
809;0SC0060330SC;251;61;0.00028696
809;0SC0060330SC;252;61;0.00008925
809;0SC0060330SC;253;61;0.00005950
809;0SC0060330SC;255;61;0.00021767
809;0SC0060330SC;238;62;0.01123700
809;0SC0060330SC;239;62;0.01248362
809;0SC0060330SC;240;62;0.01226696
809;0SC0060330SC;241;62;0.00104742
809;0SC0060330SC;242;62;0.00137520
809;0SC0060330SC;243;62;0.00258948
809;0SC0060330SC;244;62;0.00013277
809;0SC0060330SC;245;62;0.00009129
809;0SC0060330SC;249;62;0.00033749
809;0SC0060330SC;250;62;0.00009428
809;0SC0060330SC;252;62;0.00000648
809;0NC006053NCU;112;234;0.00130970
809;0NC006053NCU;113;234;0.00265226
809;0NC006053NCU;114;234;0.00254016
809;0NC006053NCU;115;234;0.00254016
809;0NC006053NCU;116;234;0.00073031
809;0NC006053NCU;117;234;0.00115984
809;0NC006053NCU;118;234;0.00119965
809;0NC006053NCU;119;234;0.00122560
809;0NC006053NCU;120;234;0.00038598
809;0NC006053NCU;110;235;0.00028065
809;0NC006053NCU;111;235;0.00288544
809;0NC006053NCU;112;235;0.00134402
809;0NC006053NCU;116;235;0.00214867
809;0NC006053NCU;117;235;0.00063179
809;0NC006053NCU;109;236;0.00070218
809;0NC006053NCU;110;236;0.00266449
809;0NC006053NCU;117;236;0.00133485
809;0NC006053NCU;109;237;0.00038781
809;0NC006053NCU;117;237;0.00110345
809;0NC006053NCU;117;238;0.00155403
809;0NC006053NCU;118;238;0.00042743
809;0NC006053NCU;118;239;0.00574203
809;0NC006053NCU;119;239;0.01392791
809;0NC006053NCU;120;239;0.01262622
809;0NC006053NCU;120;240;0.00628425
809;0NC006053NCU;121;240;0.01264474
809;0NC006053NCU;126;240;0.08444981
809;0NC006053NCU;121;241;0.00669629
809;0NC006053NCU;122;241;0.05769104
809;0NC006053NCU;123;241;0.03359841
809;0NC006053NCU;124;241;0.04301182
809;0NC006053NCU;125;241;0.07154564
809;0NC006053NCU;126;241;0.00027365
809;0NC006053NCU;122;242;0.03395920
809;0NC006053NCU;123;242;0.00329381
809;0NC006053NCU;124;242;0.01896730
809;0NC006053NCU;117;243;0.02427362
809;0NC006053NCU;118;243;0.03570381
809;0NC006053NCU;119;243;0.03570381
809;0NC006053NCU;120;243;0.03570381
809;0NC006053NCU;121;243;0.03570381
809;0NC006053NCU;122;243;0.03183656
809;0NC006053NCU;113;244;0.00378714
809;0NC006053NCU;114;244;0.03052388
809;0NC006053NCU;115;244;0.03052388
809;0NC006053NCU;116;244;0.03257586
809;0NC006053NCU;117;244;0.01143020
809;0NC006053NCU;122;244;0.00272656
809;0NC006053NCU;123;244;0.00018436
809;0NC006053NCU;111;245;0.01694942
809;0NC006053NCU;112;245;0.03052388
809;0NC006053NCU;113;245;0.02673673
809;0NC006053NCU;123;245;0.00316844
809;0NC006053NCU;111;246;0.03851244
809;0NC006053NCU;123;246;0.00107069
809;0NC006053NCU;124;246;0.00235571
809;0NC006053NCU;109;247;0.01275648
809;0NC006053NCU;110;247;0.04041875
809;0NC006053NCU;111;247;0.00667516
809;0NC006053NCU;124;247;0.00158212
809;0NC006053NCU;125;247;0.00180764
809;0NC006053NCU;108;248;0.01901368
809;0NC006053NCU;109;248;0.02336700
809;0NC006053NCU;125;248;0.00289381
809;0NC006053NCU;108;249;0.00162574
809;0NC006053NCU;125;249;0.00029257
809;0NC006053NCU;126;249;0.00260123
809;0NC006053NCU;126;250;0.00289381
809;0NC006053NCU;126;251;0.00022837
809;0NC006053NCU;127;251;0.00262292
809;0NC006053NCU;127;252;0.00264813
809;0NC006053NCU;127;253;0.00264813
809;0NC006053NCU;127;254;0.00141025
809;0NC006053NCU;128;254;0.00123788
809;0NC006053NCU;128;255;0.00264813
809;0NC006053NCU;128;256;0.00268688
809;0NC006053NCU;127;257;0.00161642
809;0NC006053NCU;128;257;0.00194682
809;0NC006053NCU;127;258;0.00046288
809;0SF0060070BA;141;161;0.00741040
809;0SF0060070BA;140;162;0.05753522
809;0SF0060070BA;141;162;0.01515943
809;0SF0060070BA;142;162;0.00003863
809;0SF0060070BA;144;162;0.00000330
809;0SF0060070BA;139;163;0.00022793
809;0SF0060070BA;140;163;0.05293056
809;0SF0060070BA;141;163;0.00396903
809;0SF0060070BA;142;163;0.00005486
809;0SF0060070BA;144;163;0.00002425
809;0SF0060070BA;145;163;0.00264496
809;0SF0060070BA;136;164;0.00067293
809;0SF0060070BA;137;164;0.00035331
809;0SF0060070BA;139;164;0.02081481
809;0SF0060070BA;140;164;0.02971633
809;0SF0060070BA;141;164;0.00059451
809;0SF0060070BA;143;164;0.00003443
809;0SF0060070BA;144;164;0.00000845
809;0SF0060070BA;145;164;0.00157717
809;0SF0060070BA;146;164;0.00170741
809;0SF0060070BA;148;164;0.00039172
809;0SF0060070BA;135;165;0.01293711
809;0SF0060070BA;136;165;0.00030278
809;0SF0060070BA;137;165;0.00167918
809;0SF0060070BA;138;165;0.00147821
809;0SF0060070BA;139;165;0.04551944
809;0SF0060070BA;140;165;0.00005852
809;0SF0060070BA;142;165;0.00003160
809;0SF0060070BA;143;165;0.00017173
809;0SF0060070BA;145;165;0.00011004
809;0SF0060070BA;146;165;0.00366796
809;0SF0060070BA;147;165;0.00045345
809;0SF0060070BA;148;165;0.00014258
809;0SF0060070BA;133;166;0.01738666
809;0SF0060070BA;134;166;0.00032740
809;0SF0060070BA;135;166;0.00734246
809;0SF0060070BA;136;166;0.02844474
809;0SF0060070BA;137;166;0.02650992
809;0SF0060070BA;138;166;0.06691211
809;0SF0060070BA;139;166;0.00021187
809;0SF0060070BA;142;166;0.00017853
809;0SF0060070BA;143;166;0.00007957
809;0SF0060070BA;144;166;0.00011433
809;0SF0060070BA;145;166;0.00141458
809;0SF0060070BA;146;166;0.00330620
809;0SF0060070BA;147;166;0.00093492
809;0SF0060070BA;130;167;0.00284814
809;0SF0060070BA;131;167;0.01254984
809;0SF0060070BA;132;167;0.02638307
809;0SF0060070BA;133;167;0.05073369
809;0SF0060070BA;134;167;0.00037900
809;0SF0060070BA;135;167;0.00020567
809;0SF0060070BA;136;167;0.00017350
809;0SF0060070BA;137;167;0.00173117
809;0SF0060070BA;138;167;0.05747195
809;0SF0060070BA;139;167;0.00517072
809;0SF0060070BA;140;167;0.00144426
809;0SF0060070BA;141;167;0.00021554
809;0SF0060070BA;142;167;0.00003552
809;0SF0060070BA;144;167;0.00004137
809;0SF0060070BA;145;167;0.00466581
809;0SF0060070BA;146;167;0.00210983
809;0SF0060070BA;147;167;0.00013187
809;0SF0060070BA;131;168;0.00008326
809;0SF0060070BA;132;168;0.02373636
809;0SF0060070BA;133;168;0.02728078
809;0SF0060070BA;134;168;0.00024729
809;0SF0060070BA;135;168;0.00012855
809;0SF0060070BA;136;168;0.00001884
809;0SF0060070BA;137;168;0.00148139
809;0SF0060070BA;138;168;0.04788508
809;0SF0060070BA;139;168;0.01004422
809;0SF0060070BA;140;168;0.00225946
809;0SF0060070BA;141;168;0.00138752
809;0SF0060070BA;142;168;0.00038785
809;0SF0060070BA;143;168;0.00018195
809;0SF0060070BA;144;168;0.00037340
809;0SF0060070BA;145;168;0.00661212
809;0SF0060070BA;146;168;0.00019447
809;0SF0060070BA;147;168;0.00007188
809;0SF0060070BA;132;169;0.00223773
809;0SF0060070BA;133;169;0.04545372
809;0SF0060070BA;134;169;0.02152414
809;0SF0060070BA;135;169;0.00368941
809;0SF0060070BA;136;169;0.00397371
809;0SF0060070BA;137;169;0.01608191
809;0SF0060070BA;138;169;0.03561096
809;0SF0060070BA;139;169;0.02437131
809;0SF0060070BA;140;169;0.01359564
809;0SF0060070BA;141;169;0.01474128
809;0SF0060070BA;142;169;0.01614065
809;0SF0060070BA;143;169;0.01369141
809;0SF0060070BA;144;169;0.00919927
809;0SF0060070BA;145;169;0.00300763
809;0SF0060070BA;146;169;0.00020899
809;0SF0060070BA;147;169;0.00006314
809;0SF0060070BA;134;170;0.03523688
809;0SF0060070BA;135;170;0.01044498
809;0SF0060070BA;136;170;0.00001724
809;0SF0060070BA;137;170;0.01481414
809;0SF0060070BA;138;170;0.00045764
809;0SF0060070BA;139;170;0.00003834
809;0SF0060070BA;140;170;0.00306042
809;0SF0060070BA;141;170;0.00007913
809;0SF0060070BA;142;170;0.00019150
809;0SF0060070BA;135;171;0.00781795
809;SCC006056VEN;206;61;0.00012375
809;SCC006056VEN;207;61;0.00065422
809;SCC006056VEN;204;62;0.00115526
809;SCC006056VEN;205;62;0.00263134
809;SCC006056VEN;206;62;0.00242224
809;SCC006056VEN;207;62;0.00000007
809;SCC006056VEN;203;63;0.00086044
809;SCC006056VEN;204;63;0.00243482
809;SCC006056VEN;207;63;0.00002539
809;SCC006056VEN;208;63;0.00002210
809;SCC006056VEN;200;64;0.00016286
809;SCC006056VEN;201;64;0.00340458
809;SCC006056VEN;202;64;0.00346578
809;SCC006056VEN;203;64;0.00433171
809;SCC006056VEN;204;64;0.00202688
809;SCC006056VEN;205;64;0.00131128
809;SCC006056VEN;206;64;0.00102720
809;SCC006056VEN;207;64;0.00020882
809;SCC006056VEN;208;64;0.00023505
809;SCC006056VEN;209;64;0.00845247
809;SCC006056VEN;210;64;0.00699428
809;SCC006056VEN;200;65;0.00146937
809;SCC006056VEN;201;65;0.00758622
809;SCC006056VEN;202;65;0.01172649
809;SCC006056VEN;203;65;0.00208917
809;SCC006056VEN;204;65;0.00169810
809;SCC006056VEN;205;65;0.00024594
809;SCC006056VEN;206;65;0.00099021
809;SCC006056VEN;207;65;0.04625142
809;SCC006056VEN;208;65;0.04599015
809;SCC006056VEN;209;65;0.04589817
809;SCC006056VEN;210;65;0.00129983
809;SCC006056VEN;211;65;0.00050641
809;SCC006056VEN;212;65;0.00004512
809;SCC006056VEN;213;65;0.00016613
809;SCC006056VEN;200;66;0.00207555
809;SCC006056VEN;201;66;0.01483921
809;SCC006056VEN;202;66;0.04505004
809;SCC006056VEN;203;66;0.03815954
809;SCC006056VEN;204;66;0.03934454
809;SCC006056VEN;205;66;0.04224731
809;SCC006056VEN;206;66;0.04102010
809;SCC006056VEN;207;66;0.00084025
809;SCC006056VEN;208;66;0.00189083
809;SCC006056VEN;209;66;0.00856423
809;SCC006056VEN;210;66;0.00015640
809;SCC006056VEN;213;66;0.00005905
809;SCC006056VEN;199;67;0.01972297
809;SCC006056VEN;200;67;0.03541790
809;SCC006056VEN;201;67;0.03783092
809;SCC006056VEN;202;67;0.00586408
809;SCC006056VEN;203;67;0.00178940
809;SCC006056VEN;204;67;0.00137251
809;SCC006056VEN;205;67;0.00331936
809;SCC006056VEN;206;67;0.00301022
809;SCC006056VEN;207;67;0.00134629
809;SCC006056VEN;208;67;0.00204180
809;SCC006056VEN;209;67;0.00996799
809;SCC006056VEN;210;67;0.00252526
809;SCC006056VEN;211;67;0.00134876
809;SCC006056VEN;212;67;0.00013526
809;SCC006056VEN;213;67;0.00036736
809;SCC006056VEN;214;67;0.00002423
809;SCC006056VEN;197;68;0.00415420
809;SCC006056VEN;198;68;0.02383445
809;SCC006056VEN;199;68;0.01682983
809;SCC006056VEN;200;68;0.00088597
809;SCC006056VEN;201;68;0.00238352
809;SCC006056VEN;202;68;0.00813606
809;SCC006056VEN;203;68;0.00064511
809;SCC006056VEN;204;68;0.00035828
809;SCC006056VEN;205;68;0.00034479
809;SCC006056VEN;206;68;0.00063302
809;SCC006056VEN;207;68;0.00213705
809;SCC006056VEN;208;68;0.00794538
809;SCC006056VEN;209;68;0.01229879
809;SCC006056VEN;210;68;0.01383003
809;SCC006056VEN;211;68;0.01567598
809;SCC006056VEN;212;68;0.01863981
809;SCC006056VEN;213;68;0.01996535
809;SCC006056VEN;214;68;0.00361742
809;SCC006056VEN;196;69;0.01561792
809;SCC006056VEN;197;69;0.01357069
809;SCC006056VEN;199;69;0.00931220
809;SCC006056VEN;202;69;0.00011041
809;SCC006056VEN;203;69;0.00654643
809;SCC006056VEN;204;69;0.00171255
809;SCC006056VEN;206;69;0.00060030
809;SCC006056VEN;207;69;0.00031198
809;SCC006056VEN;208;69;0.00198466
809;SCC006056VEN;212;69;0.00026212
809;SCC006056VEN;195;70;0.01711818
809;SCC006056VEN;196;70;0.00503155
809;SCC006056VEN;198;70;0.00871715
809;SCC006056VEN;199;70;0.00150638
809;SCC006056VEN;200;70;0.00076292
809;SCC006056VEN;202;70;0.00006703
809;SCC006056VEN;203;70;0.00007304
809;SCC006056VEN;204;70;0.00514691
809;SCC006056VEN;205;70;0.00483102
809;SCC006056VEN;206;70;0.00211818
809;SCC006056VEN;207;70;0.00222044
809;SCC006056VEN;208;70;0.00003886
809;SCC006056VEN;195;71;0.00073910
809;SCC006056VEN;197;71;0.00003782
809;SCC006056VEN;198;71;0.00434269
809;SCC006056VEN;199;71;0.00486444
809;SCC006056VEN;203;71;0.00022009
809;SCC006056VEN;204;71;0.00031920
809;SCC006056VEN;206;71;0.00351849
809;SCC006056VEN;207;71;0.00551780
809;SCC006056VEN;208;71;0.00500121
809;SCC006056VEN;209;71;0.00488369
809;SCC006056VEN;210;71;0.00531441
809;SCC006056VEN;211;71;0.00506015
809;SCC006056VEN;212;71;0.00406654
809;SCC006056VEN;198;72;0.00045830
809;SCC006056VEN;199;72;0.00915154
809;SCC006056VEN;200;72;0.00136503
809;SCC006056VEN;201;72;0.00067201
809;SCC006056VEN;202;72;0.00050334
809;SCC006056VEN;203;72;0.00055585
809;SCC006056VEN;210;72;0.00016808
809;SCC006056VEN;211;72;0.00019188
809;SCC006056VEN;198;73;0.00222329
809;SCC006056VEN;199;73;0.00673198
809;SCC006056VEN;200;73;0.00002800
809;SCC006056VEN;201;73;0.00016089
809;SCC006056VEN;197;74;0.00000001
809;SCC006056VEN;198;74;0.00111172
809;SCC006056VEN;199;74;0.01603779
809;SCC006056VEN;200;74;0.00095710
809;SCC006056VEN;199;75;0.00591007
809;SCC006056VEN;200;75;0.01291090
809;SCC006056VEN;197;76;0.00181626
809;SCC006056VEN;198;76;0.00783464
809;SCC006056VEN;199;76;0.01018460
809;SCC006056VEN;197;77;0.00886056
809;SCC006056VEN;197;78;0.01712018
809;SCC006056VEN;197;79;0.01027195
809;SCC006056VEN;198;79;0.00012660
809;SCC006056VEN;199;79;0.00010761
809;SCC006056VEN;196;80;0.00871032
809;SCC006056VEN;197;80;0.00171656
809;SCC006056VEN;199;80;0.00003933
809;SCC006056VEN;200;80;0.00014535
809;SCC006056VEN;201;80;0.00014238
809;SCC006056VEN;202;80;0.00013605
809;SCC006056VEN;203;80;0.00015026
809;SCC006056VEN;195;81;0.00310292
809;SCC006056VEN;196;81;0.00693325
809;SCC006056VEN;203;81;0.00002221
809;SCC006056VEN;204;81;0.00004762
809;SCC006056VEN;198;84;0.00092934
809;SCC006056VEN;199;84;0.00035794
809;0MC006055TUO;174;159;0.00776053
809;0MC006055TUO;174;160;0.00066814
809;0MC006055TUO;175;160;0.00553708
809;0MC006055TUO;175;161;0.00149149
809;0MC006055TUO;176;162;0.00016622
809;0MC006055TUO;177;162;0.00433100
809;0MC006055TUO;186;162;0.00321422
809;0MC006055TUO;187;162;0.00053198
809;0MC006055TUO;176;163;0.00736858
809;0MC006055TUO;185;163;0.00187546
809;0MC006055TUO;186;163;0.00129953
809;0MC006055TUO;187;163;0.00202822
809;0MC006055TUO;188;163;0.00159951
809;0MC006055TUO;168;164;0.00857996
809;0MC006055TUO;169;164;0.03881136
809;0MC006055TUO;170;164;0.00390549
809;0MC006055TUO;171;164;0.04400903
809;0MC006055TUO;174;164;0.00314483
809;0MC006055TUO;175;164;0.00624642
809;0MC006055TUO;176;164;0.00919388
809;0MC006055TUO;177;164;0.01355955
809;0MC006055TUO;178;164;0.00233978
809;0MC006055TUO;179;164;0.00233770
809;0MC006055TUO;180;164;0.00194885
809;0MC006055TUO;181;164;0.00121605
809;0MC006055TUO;182;164;0.00231163
809;0MC006055TUO;183;164;0.00231163
809;0MC006055TUO;184;164;0.00231163
809;0MC006055TUO;185;164;0.00124141
809;0MC006055TUO;188;164;0.00102890
809;0MC006055TUO;189;164;0.00259884
809;0MC006055TUO;169;165;0.02469305
809;0MC006055TUO;170;165;0.04702151
809;0MC006055TUO;171;165;0.04658685
809;0MC006055TUO;172;165;0.00550046
809;0MC006055TUO;173;165;0.00865474
809;0MC006055TUO;174;165;0.00382043
809;0MC006055TUO;176;165;0.00991972
809;0MC006055TUO;189;165;0.00002957
809;0MC006055TUO;190;165;0.00097909
809;0MC006055TUO;194;165;0.00120906
809;0MC006055TUO;195;165;0.00159452
809;0MC006055TUO;170;166;0.00234593
809;0MC006055TUO;171;166;0.00633958
809;0MC006055TUO;172;166;0.05506239
809;0MC006055TUO;173;166;0.01012846
809;0MC006055TUO;176;166;0.00970920
809;0MC006055TUO;195;166;0.00058649
809;0MC006055TUO;196;166;0.00223626
809;0MC006055TUO;197;166;0.00226870
809;0MC006055TUO;198;166;0.00113943
809;0MC006055TUO;173;167;0.06487076
809;0MC006055TUO;176;167;0.01662484
809;0MC006055TUO;172;168;0.00495578
809;0MC006055TUO;173;168;0.01907124
809;0MC006055TUO;174;168;0.05536780
809;0MC006055TUO;175;168;0.04752811
809;0MC006055TUO;176;168;0.03744178
809;0MC006055TUO;177;168;0.02055804
809;0MC006055TUO;172;169;0.01281973
809;0MC006055TUO;173;169;0.01588056
809;0MC006055TUO;174;169;0.01807056
809;0MC006055TUO;176;169;0.00605127
809;0MC006055TUO;177;169;0.02335263
809;0MC006055TUO;174;170;0.01922807
809;0MC006055TUO;175;170;0.00397197
809;0MC006055TUO;176;170;0.00426169
809;0MC006055TUO;177;170;0.00601620
809;0MC006055TUO;178;170;0.01697395
809;0MC006055TUO;178;171;0.00347020
809;0MC006055TUO;179;171;0.01931731
809;0MC006055TUO;179;172;0.00069736
809;0MC006055TUO;180;172;0.02001467
809;0MC006055TUO;181;172;0.00207548
809;0MC006055TUO;181;173;0.01793919
809;0MC006055TUO;182;173;0.00484833
809;0MC006055TUO;182;174;0.01281022
809;0MC006055TUO;182;175;0.01021248
809;0MC006055TUO;182;176;0.00803030
809;0MC006055TUO;183;176;0.00371270
809;0MC006055TUO;183;177;0.01163898
809;0MC006055TUO;184;177;0.00178686
809;0MC006055TUO;184;178;0.01210912
809;0MC006055TUO;185;178;0.01033357
809;0MC006055TUO;186;178;0.01033357
809;0MC006055TUO;187;178;0.01026251
809;0MC006055TUO;188;178;0.01011408
809;0MC006055TUO;189;178;0.01011408
809;0MC006055TUO;190;178;0.00233972
809;0SV006004BUT;144;204;0.00008781
809;0SV006004BUT;145;204;0.00006975
809;0SV006004BUT;147;204;0.00473750
809;0SV006004BUT;149;204;0.00295507
809;0SV006004BUT;150;204;0.00003981
809;0SV006004BUT;151;204;0.00000811
809;0SV006004BUT;144;205;0.00010249
809;0SV006004BUT;145;205;0.00053683
809;0SV006004BUT;146;205;0.00089721
809;0SV006004BUT;147;205;0.01411053
809;0SV006004BUT;148;205;0.00156791
809;0SV006004BUT;149;205;0.00566111
809;0SV006004BUT;150;205;0.00050872
809;0SV006004BUT;151;205;0.00014043
809;0SV006004BUT;152;205;0.00008568
809;0SV006004BUT;142;206;0.00002813
809;0SV006004BUT;143;206;0.00040906
809;0SV006004BUT;144;206;0.00045253
809;0SV006004BUT;145;206;0.00049929
809;0SV006004BUT;146;206;0.00334711
809;0SV006004BUT;147;206;0.01615236
809;0SV006004BUT;148;206;0.01491707
809;0SV006004BUT;149;206;0.00032180
809;0SV006004BUT;150;206;0.00047779
809;0SV006004BUT;152;206;0.00075173
809;0SV006004BUT;153;206;0.00022122
809;0SV006004BUT;143;207;0.00006017
809;0SV006004BUT;144;207;0.00011753
809;0SV006004BUT;145;207;0.00027191
809;0SV006004BUT;146;207;0.00231233
809;0SV006004BUT;147;207;0.00980088
809;0SV006004BUT;148;207;0.01137795
809;0SV006004BUT;149;207;0.00156834
809;0SV006004BUT;150;207;0.00124103
809;0SV006004BUT;151;207;0.00016591
809;0SV006004BUT;152;207;0.00510061
809;0SV006004BUT;153;207;0.00015608
809;0SV006004BUT;154;207;0.00008997
809;0SV006004BUT;143;208;0.00046450
809;0SV006004BUT;144;208;0.00087868
809;0SV006004BUT;145;208;0.00087683
809;0SV006004BUT;146;208;0.00092096
809;0SV006004BUT;147;208;0.00930980
809;0SV006004BUT;148;208;0.00229032
809;0SV006004BUT;149;208;0.01731422
809;0SV006004BUT;150;208;0.01043401
809;0SV006004BUT;151;208;0.00482525
809;0SV006004BUT;152;208;0.00483211
809;0SV006004BUT;153;208;0.00012050
809;0SV006004BUT;154;208;0.00017901
809;0SV006004BUT;145;209;0.00104790
809;0SV006004BUT;146;209;0.00305367
809;0SV006004BUT;147;209;0.00979817
809;0SV006004BUT;148;209;0.00311423
809;0SV006004BUT;149;209;0.02704742
809;0SV006004BUT;150;209;0.02733729
809;0SV006004BUT;151;209;0.00882273
809;0SV006004BUT;152;209;0.00331634
809;0SV006004BUT;153;209;0.00154791
809;0SV006004BUT;154;209;0.00183529
809;0SV006004BUT;155;209;0.00001693
809;0SV006004BUT;142;210;0.00004885
809;0SV006004BUT;145;210;0.00094778
809;0SV006004BUT;146;210;0.00010482
809;0SV006004BUT;147;210;0.00848686
809;0SV006004BUT;148;210;0.00044079
809;0SV006004BUT;149;210;0.02758034
809;0SV006004BUT;150;210;0.01438317
809;0SV006004BUT;151;210;0.00772880
809;0SV006004BUT;152;210;0.00487073
809;0SV006004BUT;153;210;0.00000237
809;0SV006004BUT;154;210;0.00059934
809;0SV006004BUT;155;210;0.00077668
809;0SV006004BUT;156;210;0.00030708
809;0SV006004BUT;142;211;0.00008099
809;0SV006004BUT;143;211;0.00004676
809;0SV006004BUT;144;211;0.00004679
809;0SV006004BUT;145;211;0.00109374
809;0SV006004BUT;146;211;0.00007736
809;0SV006004BUT;147;211;0.00844248
809;0SV006004BUT;148;211;0.01077711
809;0SV006004BUT;149;211;0.00985123
809;0SV006004BUT;150;211;0.00104890
809;0SV006004BUT;152;211;0.00367815
809;0SV006004BUT;154;211;0.00036940
809;0SV006004BUT;155;211;0.00025537
809;0SV006004BUT;141;212;0.00000209
809;0SV006004BUT;142;212;0.00009145
809;0SV006004BUT;143;212;0.00001034
809;0SV006004BUT;144;212;0.00004356
809;0SV006004BUT;145;212;0.00106622
809;0SV006004BUT;146;212;0.00000953
809;0SV006004BUT;147;212;0.01998094
809;0SV006004BUT;148;212;0.01692163
809;0SV006004BUT;149;212;0.00057214
809;0SV006004BUT;150;212;0.00071470
809;0SV006004BUT;152;212;0.00328142
809;0SV006004BUT;153;212;0.00062714
809;0SV006004BUT;154;212;0.00013412
809;0SV006004BUT;155;212;0.00018054
809;0SV006004BUT;156;212;0.00056689
809;0SV006004BUT;157;212;0.00002505
809;0SV006004BUT;141;213;0.00268457
809;0SV006004BUT;142;213;0.00129691
809;0SV006004BUT;143;213;0.00129889
809;0SV006004BUT;144;213;0.00196190
809;0SV006004BUT;145;213;0.00291493
809;0SV006004BUT;146;213;0.02160172
809;0SV006004BUT;147;213;0.01610360
809;0SV006004BUT;148;213;0.00739746
809;0SV006004BUT;149;213;0.00530756
809;0SV006004BUT;150;213;0.00100781
809;0SV006004BUT;152;213;0.00326158
809;0SV006004BUT;153;213;0.00154807
809;0SV006004BUT;154;213;0.00003382
809;0SV006004BUT;156;213;0.00039823
809;0SV006004BUT;157;213;0.00048628
809;0SV006004BUT;141;214;0.00009607
809;0SV006004BUT;142;214;0.00079593
809;0SV006004BUT;143;214;0.00206316
809;0SV006004BUT;144;214;0.00320102
809;0SV006004BUT;145;214;0.01918592
809;0SV006004BUT;146;214;0.01704233
809;0SV006004BUT;147;214;0.00005038
809;0SV006004BUT;148;214;0.00382161
809;0SV006004BUT;149;214;0.00354043
809;0SV006004BUT;150;214;0.00242478
809;0SV006004BUT;153;214;0.00066057
809;0SV006004BUT;154;214;0.00107884
809;0SV006004BUT;141;215;0.00000279
809;0SV006004BUT;142;215;0.00073749
809;0SV006004BUT;143;215;0.00329791
809;0SV006004BUT;144;215;0.04286803
809;0SV006004BUT;145;215;0.04411904
809;0SV006004BUT;146;215;0.01418130
809;0SV006004BUT;147;215;0.00611165
809;0SV006004BUT;148;215;0.00405806
809;0SV006004BUT;149;215;0.00324763
809;0SV006004BUT;150;215;0.00216309
809;0SV006004BUT;151;215;0.00045618
809;0SV006004BUT;152;215;0.00007404
809;0SV006004BUT;153;215;0.00135125
809;0SV006004BUT;154;215;0.00147209
809;0SV006004BUT;155;215;0.00064625
809;0SV006004BUT;140;216;0.00019199
809;0SV006004BUT;141;216;0.00779890
809;0SV006004BUT;142;216;0.00744091
809;0SV006004BUT;143;216;0.03961663
809;0SV006004BUT;144;216;0.09602295
809;0SV006004BUT;145;216;0.01604790
809;0SV006004BUT;146;216;0.00192816
809;0SV006004BUT;147;216;0.00931942
809;0SV006004BUT;148;216;0.02480785
809;0SV006004BUT;149;216;0.01632016
809;0SV006004BUT;150;216;0.00155236
809;0SV006004BUT;151;216;0.00115384
809;0SV006004BUT;155;216;0.00020436
809;0SV006004BUT;141;217;0.00086699
809;0SV006004BUT;142;217;0.00374934
809;0SV006004BUT;143;217;0.02422464
809;0SV006004BUT;144;217;0.00886671
809;0SV006004BUT;145;217;0.00007102
809;0SV006004BUT;146;217;0.00356163
809;0SV006004BUT;147;217;0.00006047
809;0SV006004BUT;148;217;0.00372582
809;0SV006004BUT;149;217;0.02274017
809;0SV006004BUT;150;217;0.00011946
809;0SV006004BUT;151;217;0.00162654
809;0SV006004BUT;152;217;0.00096288
809;0SV006004BUT;155;217;0.00010379
809;0SV006004BUT;140;218;0.00001834
809;0SV006004BUT;141;218;0.00010090
809;0SV006004BUT;142;218;0.00967303
809;0SV006004BUT;143;218;0.00180125
809;0SV006004BUT;144;218;0.00208187
809;0SV006004BUT;145;218;0.00007701
809;0SV006004BUT;146;218;0.00236048
809;0SV006004BUT;147;218;0.00234035
809;0SV006004BUT;148;218;0.00037136
809;0SV006004BUT;149;218;0.01712554
809;0SV006004BUT;152;218;0.00051265
809;0SV006004BUT;153;218;0.00070390
809;0SV006004BUT;140;219;0.00004366
809;0SV006004BUT;141;219;0.00589938
809;0SV006004BUT;142;219;0.00348857
809;0SV006004BUT;143;219;0.00010518
809;0SV006004BUT;144;219;0.00118813
809;0SV006004BUT;145;219;0.00122867
809;0SV006004BUT;147;219;0.00349320
809;0SV006004BUT;148;219;0.00037534
809;0SV006004BUT;149;219;0.00401968
809;0SV006004BUT;150;219;0.00002362
809;0SV006004BUT;153;219;0.00046310
809;0SV006004BUT;141;220;0.00223586
809;0SV006004BUT;142;220;0.00002321
809;0SV006004BUT;143;220;0.00001312
809;0SV006004BUT;145;220;0.00036965
809;0SV006004BUT;146;220;0.00086051
809;0SV006004BUT;147;220;0.00091402
809;0SV006004BUT;148;220;0.00056184
809;0SV006004BUT;149;220;0.00104793
809;0SV006004BUT;150;220;0.00087386
809;0SV006004BUT;146;221;0.00100932
809;0SV006004BUT;147;221;0.00000080
809;0SV006004BUT;148;221;0.00099795
809;0SV006004BUT;150;221;0.00065794
809;0SV006004BUT;146;222;0.00002914
809;0SV006004BUT;147;222;0.00004933
809;0SV006004BUT;148;222;0.00116392
809;0SV006004BUT;150;222;0.00100875
809;0SV006004BUT;151;222;0.00051612
809;0SV006004BUT;148;223;0.00102745
809;0SV006004BUT;150;223;0.00073134
809;0SV006004BUT;148;224;0.00041918
809;0SV006004BUT;149;224;0.00051656
809;0SV006004BUT;150;224;0.00017297
809;0SV006004BUT;149;225;0.00038036
809;0SV006004BUT;150;225;0.00077355
809;0SV006004BUT;151;225;0.00000160
809;0SV006004BUT;151;226;0.00000280
809;0SV006004BUT;152;226;0.00000220
809;0MC006046NSI;177;208;0.06706850
809;0MC006046NSI;182;208;0.16665640
809;0MC006046NSI;160;209;0.00052725
809;0MC006046NSI;161;209;0.00662579
809;0MC006046NSI;162;209;0.00076502
809;0MC006046NSI;176;209;0.03441863
809;0MC006046NSI;177;209;0.05160473
809;0MC006046NSI;178;209;0.00021877
809;0MC006046NSI;179;209;0.00003169
809;0MC006046NSI;162;210;0.00586077
809;0MC006046NSI;163;210;0.00662579
809;0MC006046NSI;164;210;0.00637979
809;0MC006046NSI;165;210;0.00031120
809;0MC006046NSI;175;210;0.02391246
809;0MC006046NSI;176;210;0.06863860
809;0MC006046NSI;179;210;0.00018708
809;0MC006046NSI;180;210;0.00021877
809;0MC006046NSI;181;210;0.00021877
809;0MC006046NSI;182;210;0.00007556
809;0MC006046NSI;165;211;0.00588836
809;0MC006046NSI;166;211;0.00619956
809;0MC006046NSI;167;211;0.00619956
809;0MC006046NSI;168;211;0.00619956
809;0MC006046NSI;169;211;0.00478880
809;0MC006046NSI;174;211;0.01570040
809;0MC006046NSI;175;211;0.06204412
809;0MC006046NSI;169;212;0.00239717
809;0MC006046NSI;170;212;0.00085275
809;0MC006046NSI;171;212;0.00050543
809;0MC006046NSI;172;212;0.00265904
809;0MC006046NSI;173;212;0.01409618
809;0MC006046NSI;174;212;0.03732356
809;0MC006046NSI;175;212;0.03353057
809;0MC006046NSI;169;213;0.00165026
809;0MC006046NSI;170;213;0.00034464
809;0MC006046NSI;171;213;0.00042662
809;0MC006046NSI;172;213;0.00357318
809;0MC006046NSI;173;213;0.02190356
809;0MC006046NSI;174;213;0.05135289
809;0MC006046NSI;175;213;0.00031952
809;0MC006046NSI;168;214;0.00038247
809;0MC006046NSI;169;214;0.00133648
809;0MC006046NSI;171;214;0.00207884
809;0MC006046NSI;172;214;0.01081846
809;0MC006046NSI;173;214;0.01880931
809;0MC006046NSI;175;214;0.05761907
809;0MC006046NSI;176;214;0.04574111
809;0MC006046NSI;177;214;0.06306677
809;0MC006046NSI;181;214;0.00313582
809;0MC006046NSI;182;214;0.03028889
809;0MC006046NSI;171;215;0.00500748
809;0MC006046NSI;173;215;0.00247268
809;0MC006046NSI;177;215;0.01245341
809;0MC006046NSI;181;215;0.02848794
809;0LC006017LAK;127;188;0.03944491
809;0LC006017LAK;127;189;0.03995742
809;0LC006017LAK;125;190;0.00063852
809;0LC006017LAK;126;190;0.00803370
809;0LC006017LAK;127;190;0.02739430
809;0LC006017LAK;128;190;0.01675392
809;0LC006017LAK;125;191;0.00584555
809;0LC006017LAK;128;191;0.02815125
809;0LC006017LAK;125;192;0.00688077
809;0LC006017LAK;127;192;0.03107782
809;0LC006017LAK;128;192;0.00730728
809;0LC006017LAK;124;193;0.00536717
809;0LC006017LAK;125;193;0.00869975
809;0LC006017LAK;127;193;0.03157546
809;0LC006017LAK;124;194;0.01755990
809;0LC006017LAK;125;194;0.01178659
809;0LC006017LAK;126;194;0.01113948
809;0LC006017LAK;127;194;0.04327629
809;0LC006017LAK;123;195;0.03375035
809;0LC006017LAK;124;195;0.00551257
809;0LC006017LAK;125;195;0.00168247
809;0LC006017LAK;127;195;0.04486115
809;0LC006017LAK;119;196;0.00682594
809;0LC006017LAK;120;196;0.03949617
809;0LC006017LAK;121;196;0.01772272
809;0LC006017LAK;122;196;0.01458125
809;0LC006017LAK;123;196;0.00410539
809;0LC006017LAK;127;196;0.03016353
809;0LC006017LAK;128;196;0.01223678
809;0LC006017LAK;129;196;0.02943358
809;0LC006017LAK;131;196;0.00669077
809;0LC006017LAK;121;197;0.04029165
809;0LC006017LAK;124;197;0.01256308
809;0LC006017LAK;125;197;0.01647334
809;0LC006017LAK;126;197;0.03320820
809;0LC006017LAK;127;197;0.02042370
809;0LC006017LAK;128;197;0.01820746
809;0LC006017LAK;129;197;0.00093692
809;0LC006017LAK;130;197;0.02566872
809;0LC006017LAK;131;197;0.01528344
809;0LC006017LAK;120;198;0.00925320
809;0LC006017LAK;121;198;0.02069670
809;0LC006017LAK;124;198;0.02621806
809;0LC006017LAK;120;199;0.00813929
809;0LC006017LAK;121;199;0.02345571
809;0LC006017LAK;123;199;0.02154849
809;0LC006017LAK;124;199;0.00255740
809;0LC006017LAK;119;200;0.00696672
809;0LC006017LAK;120;200;0.00022921
809;0LC006017LAK;121;200;0.01107089
809;0LC006017LAK;122;200;0.02894559
809;0LC006017LAK;123;200;0.00284274
809;0LC006017LAK;119;201;0.02930340
809;0LC006017LAK;120;201;0.01748627
809;0LC006017LAK;121;201;0.01518893
809;0LC006017LAK;118;202;0.00486305
809;0LC006017LAK;119;202;0.00022508
809;NEP006025MOD;159;255;0.00169617
809;NEP006025MOD;162;255;0.00930467
809;NEP006025MOD;163;255;0.01171327
809;NEP006025MOD;171;255;0.01190048
809;NEP006025MOD;159;256;0.00189024
809;NEP006025MOD;163;256;0.01925944
809;NEP006025MOD;171;256;0.01240077
809;NEP006025MOD;159;257;0.00189024
809;NEP006025MOD;163;257;0.01309350
809;NEP006025MOD;164;257;0.00623708
809;NEP006025MOD;171;257;0.01240077
809;NEP006025MOD;159;258;0.00174060
809;NEP006025MOD;163;258;0.01826633
809;NEP006025MOD;164;258;0.00172239
809;NEP006025MOD;171;258;0.01240077
809;NEP006025MOD;158;259;0.00088888
809;NEP006025MOD;159;259;0.00001882
809;NEP006025MOD;162;259;0.00084390
809;NEP006025MOD;163;259;0.01914483
809;NEP006025MOD;171;259;0.01242301
809;NEP006025MOD;157;260;0.00012913
809;NEP006025MOD;158;260;0.00064130
809;NEP006025MOD;162;260;0.00675682
809;NEP006025MOD;163;260;0.01599513
809;NEP006025MOD;171;260;0.01243604
809;NEP006025MOD;158;261;0.00071735
809;NEP006025MOD;163;261;0.01096429
809;NEP006025MOD;164;261;0.01284817
809;NEP006025MOD;166;261;0.01358247
809;NEP006025MOD;167;261;0.01448627
809;NEP006025MOD;168;261;0.01457730
809;NEP006025MOD;169;261;0.01663722
809;NEP006025MOD;171;261;0.01243607
809;NEP006025MOD;158;262;0.00071735
809;NEP006025MOD;162;262;0.00043466
809;NEP006025MOD;163;262;0.00620391
809;NEP006025MOD;164;262;0.00907615
809;NEP006025MOD;165;262;0.01443443
809;NEP006025MOD;166;262;0.01443443
809;NEP006025MOD;167;262;0.01443443
809;NEP006025MOD;168;262;0.00431430
809;NEP006025MOD;169;262;0.00025734
809;NEP006025MOD;170;262;0.01892146
809;NEP006025MOD;171;262;0.01243359
809;NEP006025MOD;158;263;0.00071735
809;NEP006025MOD;160;263;0.00252023
809;NEP006025MOD;161;263;0.00510375
809;NEP006025MOD;162;263;0.00531661
809;NEP006025MOD;168;263;0.01012012
809;NEP006025MOD;169;263;0.01439962
809;NEP006025MOD;170;263;0.01509799
809;NEP006025MOD;171;263;0.08723122
809;NEP006025MOD;172;263;0.00895046
809;NEP006025MOD;178;263;0.00433073
809;NEP006025MOD;158;264;0.00415454
809;NEP006025MOD;159;264;0.00510375
809;NEP006025MOD;160;264;0.00258352
809;NEP006025MOD;171;264;0.03749738
809;NEP006025MOD;172;264;0.02275589
809;NEP006025MOD;173;264;0.01093809
809;NEP006025MOD;174;264;0.01093809
809;NEP006025MOD;175;264;0.00007800
809;NEP006025MOD;176;264;0.00816245
809;NEP006025MOD;177;264;0.01128038
809;NEP006025MOD;178;264;0.01015886
809;NEP006025MOD;179;264;0.00063067
809;NEP006025MOD;180;264;0.00063070
809;NEP006025MOD;181;264;0.00063071
809;NEP006025MOD;182;264;0.00000456
809;NEP006025MOD;158;265;0.00644903
809;NEP006025MOD;172;265;0.00094783
809;NEP006025MOD;173;265;0.00998764
809;NEP006025MOD;175;265;0.01091791
809;NEP006025MOD;176;265;0.00311869
809;NEP006025MOD;178;265;0.00124626
809;NEP006025MOD;157;266;0.00582625
809;NEP006025MOD;158;266;0.00062278
809;NEP006025MOD;173;266;0.01093547
809;NEP006025MOD;177;266;0.00014856
809;NEP006025MOD;178;266;0.00126884
809;NEP006025MOD;156;267;0.00035364
809;NEP006025MOD;157;267;0.00601565
809;NEP006025MOD;173;267;0.01093547
809;NEP006025MOD;177;267;0.00133310
809;NEP006025MOD;156;268;0.00625003
809;NEP006025MOD;173;268;0.00468909
809;NEP006025MOD;174;268;0.00624638
809;NEP006025MOD;177;268;0.00125380
809;NEP006025MOD;156;269;0.00625003
809;NEP006025MOD;173;269;0.00037585
809;NEP006025MOD;174;269;0.01096268
809;NEP006025MOD;177;269;0.00032039
809;NEP006025MOD;178;269;0.00093341
809;NEP006025MOD;155;270;0.00576286
809;NEP006025MOD;156;270;0.00018182
809;NEP006025MOD;172;270;0.00036684
809;NEP006025MOD;173;270;0.00042565
809;NEP006025MOD;174;270;0.01012146
809;NEP006025MOD;178;270;0.00125380
809;NEP006025MOD;155;271;0.00563014
809;NEP006025MOD;172;271;0.00062974
809;NEP006025MOD;174;271;0.01012146
809;NEP006025MOD;178;271;0.00125380
809;NEP006025MOD;155;272;0.01171876
809;NEP006025MOD;172;272;0.00062974
809;NEP006025MOD;174;272;0.00360870
809;NEP006025MOD;175;272;0.00651276
809;NEP006025MOD;178;272;0.00132540
809;NEP006025MOD;154;273;0.01436768
809;NEP006025MOD;155;273;0.03345224
809;NEP006025MOD;172;273;0.00062974
809;NEP006025MOD;175;273;0.01012146
809;NEP006025MOD;178;273;0.00032624
809;NEP006025MOD;179;273;0.00113731
809;NEP006025MOD;153;274;0.01949614
809;NEP006025MOD;154;274;0.01281023
809;NEP006025MOD;155;274;0.01551355
809;NEP006025MOD;172;274;0.00062974
809;NEP006025MOD;175;274;0.01012146
809;NEP006025MOD;179;274;0.00116089
809;NEP006025MOD;180;274;0.00030266
809;NEP006025MOD;152;275;0.00494691
809;NEP006025MOD;153;275;0.00935821
809;NEP006025MOD;155;275;0.00011899
809;NEP006025MOD;171;275;0.00053865
809;NEP006025MOD;172;275;0.00009109
809;NEP006025MOD;175;275;0.01012146
809;NEP006025MOD;180;275;0.00146355
809;NEP006025MOD;171;276;0.00049887
809;NEP006025MOD;175;276;0.00663883
809;NEP006025MOD;176;276;0.00148802
809;NEP006025MOD;180;276;0.00053199
809;NEP006025MOD;181;276;0.00076095
809;0MC0060090ED;160;183;0.00054380
809;0MC0060090ED;161;183;0.00013425
809;0MC0060090ED;162;183;0.00134158
809;0MC0060090ED;166;183;0.00256616
809;0MC0060090ED;167;183;0.00008739
809;0MC0060090ED;171;183;0.00019112
809;0MC0060090ED;172;183;0.00027664
809;0MC0060090ED;173;183;0.00014918
809;0MC0060090ED;160;184;0.00008157
809;0MC0060090ED;161;184;0.00396189
809;0MC0060090ED;162;184;0.00049305
809;0MC0060090ED;164;184;0.00470195
809;0MC0060090ED;166;184;0.00005516
809;0MC0060090ED;167;184;0.00075219
809;0MC0060090ED;168;184;0.00079927
809;0MC0060090ED;169;184;0.00072702
809;0MC0060090ED;170;184;0.00041706
809;0MC0060090ED;171;184;0.00010116
809;0MC0060090ED;160;185;0.00401956
809;0MC0060090ED;161;185;0.00148373
809;0MC0060090ED;162;185;0.00110226
809;0MC0060090ED;163;185;0.00000129
809;0MC0060090ED;164;185;0.00243317
809;0MC0060090ED;165;185;0.00120949
809;0MC0060090ED;166;185;0.00101750
809;0MC0060090ED;167;185;0.00208577
809;0MC0060090ED;168;185;0.00142409
809;0MC0060090ED;169;185;0.00104629
809;0MC0060090ED;170;185;0.00066742
809;0MC0060090ED;159;186;0.05577330
809;0MC0060090ED;160;186;0.10219339
809;0MC0060090ED;161;186;0.07204105
809;0MC0060090ED;162;186;0.03445154
809;0MC0060090ED;163;186;0.00140164
809;0MC0060090ED;164;186;0.00187361
809;0MC0060090ED;166;186;0.00046632
809;0MC0060090ED;167;186;0.00548465
809;0MC0060090ED;168;186;0.00347944
809;0MC0060090ED;169;186;0.00108061
809;0MC0060090ED;170;186;0.00082357
809;0MC0060090ED;171;186;0.00096067
809;0MC0060090ED;159;187;0.01995897
809;0MC0060090ED;160;187;0.01686659
809;0MC0060090ED;161;187;0.02263662
809;0MC0060090ED;162;187;0.04688880
809;0MC0060090ED;163;187;0.06369657
809;0MC0060090ED;164;187;0.01471312
809;0MC0060090ED;165;187;0.01091160
809;0MC0060090ED;166;187;0.00995298
809;0MC0060090ED;167;187;0.00812186
809;0MC0060090ED;168;187;0.00342705
809;0MC0060090ED;169;187;0.00043323
809;0MC0060090ED;170;187;0.00000353
809;0MC0060090ED;171;187;0.00001024
809;0MC0060090ED;178;187;0.00004280
809;0MC0060090ED;159;188;0.03132526
809;0MC0060090ED;160;188;0.01148944
809;0MC0060090ED;161;188;0.01018731
809;0MC0060090ED;162;188;0.01110159
809;0MC0060090ED;163;188;0.00565221
809;0MC0060090ED;164;188;0.06124960
809;0MC0060090ED;165;188;0.05163339
809;0MC0060090ED;166;188;0.02730587
809;0MC0060090ED;167;188;0.00469326
809;0MC0060090ED;168;188;0.00979972
809;0MC0060090ED;169;188;0.00206488
809;0MC0060090ED;170;188;0.00019315
809;0MC0060090ED;171;188;0.00000037
809;0MC0060090ED;177;188;0.00007012
809;0MC0060090ED;178;188;0.00002177
809;0MC0060090ED;160;189;0.00362556
809;0MC0060090ED;161;189;0.00001611
809;0MC0060090ED;162;189;0.00539916
809;0MC0060090ED;163;189;0.00334433
809;0MC0060090ED;164;189;0.00591605
809;0MC0060090ED;165;189;0.00952529
809;0MC0060090ED;166;189;0.00723971
809;0MC0060090ED;167;189;0.01759777
809;0MC0060090ED;168;189;0.01460558
809;0MC0060090ED;169;189;0.01138852
809;0MC0060090ED;170;189;0.01214608
809;0MC0060090ED;171;189;0.00587273
809;0MC0060090ED;172;189;0.00423197
809;0MC0060090ED;173;189;0.00294579
809;0MC0060090ED;174;189;0.00372058
809;0MC0060090ED;175;189;0.00487650
809;0MC0060090ED;176;189;0.00140556
809;0MC0060090ED;177;189;0.00003997
809;0MC0060090ED;160;190;0.00187532
809;0MC0060090ED;161;190;0.00109824
809;0MC0060090ED;163;190;0.01031178
809;0MC0060090ED;164;190;0.00206224
809;0MC0060090ED;165;190;0.00508619
809;0MC0060090ED;166;190;0.00211917
809;0MC0060090ED;167;190;0.00110798
809;0MC0060090ED;172;190;0.00222807
809;0MC0060090ED;173;190;0.00285311
809;0MC0060090ED;174;190;0.00289488
809;0MC0060090ED;175;190;0.00018734
809;0MC0060090ED;176;190;0.00349809
809;0MC0060090ED;177;190;0.00480529
809;0MC0060090ED;178;190;0.00469764
809;0MC0060090ED;179;190;0.00545610
809;0MC0060090ED;160;191;0.00016754
809;0MC0060090ED;161;191;0.00823391
809;0MC0060090ED;162;191;0.00577467
809;0MC0060090ED;163;191;0.00925768
809;0MC0060090ED;164;191;0.00078981
809;0MC0060090ED;165;191;0.00266928
809;0MC0060090ED;167;191;0.00015595
809;0MC0060090ED;168;191;0.00013616
809;0MC0060090ED;179;191;0.00067025
809;0MC0060090ED;161;192;0.00799862
809;0MC0060090ED;164;192;0.00245256
809;0MC0060090ED;165;192;0.00177214
809;0MC0060090ED;168;192;0.00000714
809;0MC0060090ED;169;192;0.00000682
809;0MC0060090ED;160;193;0.00729205
809;0MC0060090ED;161;193;0.01676991
809;0MC0060090ED;162;193;0.00376069
809;0MC0060090ED;163;193;0.00418320
809;0MC0060090ED;164;193;0.00420036
809;0MC0060090ED;165;193;0.00092854
809;0MC0060090ED;168;193;0.00001063
809;0MC0060090ED;169;193;0.00000787
809;0MC0060090ED;165;194;0.00012053
809;0MC0060090ED;166;194;0.00009162
809;0MC0060090ED;167;194;0.00000986
809;0MC0060090ED;168;194;0.00000078
809;0MD0060190AV;226;71;0.00528093
809;0MD0060190AV;234;71;0.00010222
809;0MD0060190AV;235;71;0.00032506
809;0MD0060190AV;236;71;0.00007418
809;0MD0060190AV;226;72;0.00560709
809;0MD0060190AV;230;72;0.00007233
809;0MD0060190AV;231;72;0.00003345
809;0MD0060190AV;232;72;0.00014923
809;0MD0060190AV;233;72;0.00033250
809;0MD0060190AV;234;72;0.00034521
809;0MD0060190AV;225;73;0.00267688
809;0MD0060190AV;226;73;0.00298415
809;0MD0060190AV;230;73;0.00022435
809;0MD0060190AV;231;73;0.00030941
809;0MD0060190AV;232;73;0.00038843
809;0MD0060190AV;233;73;0.00002327
809;0MD0060190AV;235;73;0.00410280
809;0MD0060190AV;236;73;0.00003241
809;0MD0060190AV;224;74;0.05814472
809;0MD0060190AV;225;74;0.07171198
809;0MD0060190AV;226;74;0.00098477
809;0MD0060190AV;227;74;0.00067189
809;0MD0060190AV;228;74;0.00026930
809;0MD0060190AV;229;74;0.00083395
809;0MD0060190AV;230;74;0.00048466
809;0MD0060190AV;231;74;0.00000173
809;0MD0060190AV;232;74;0.00515893
809;0MD0060190AV;233;74;0.01049177
809;0MD0060190AV;234;74;0.01183571
809;0MD0060190AV;235;74;0.00704468
809;0MD0060190AV;225;75;0.07082898
809;0MD0060190AV;226;75;0.01003890
809;0MD0060190AV;227;75;0.00611751
809;0MD0060190AV;228;75;0.00730020
809;0MD0060190AV;229;75;0.00634642
809;0MD0060190AV;230;75;0.00761531
809;0MD0060190AV;231;75;0.01035017
809;0MD0060190AV;232;75;0.00582645
809;0MD0060190AV;233;75;0.00013310
809;0MD0060190AV;234;75;0.00010455
809;0MD0060190AV;235;75;0.00080769
809;0MD0060190AV;221;76;0.00010783
809;0MD0060190AV;223;76;0.00007981
809;0MD0060190AV;224;76;0.00084946
809;0MD0060190AV;225;76;0.06507840
809;0MD0060190AV;226;76;0.01013200
809;0MD0060190AV;227;76;0.00663885
809;0MD0060190AV;228;76;0.00215420
809;0MD0060190AV;229;76;0.00090206
809;0MD0060190AV;230;76;0.01513836
809;0MD0060190AV;231;76;0.00085347
809;0MD0060190AV;232;76;0.00710859
809;0MD0060190AV;233;76;0.01077202
809;0MD0060190AV;234;76;0.02614437
809;0MD0060190AV;235;76;0.01161663
809;0MD0060190AV;221;77;0.00060744
809;0MD0060190AV;222;77;0.00160898
809;0MD0060190AV;223;77;0.00301431
809;0MD0060190AV;224;77;0.03824119
809;0MD0060190AV;225;77;0.03749760
809;0MD0060190AV;226;77;0.03258450
809;0MD0060190AV;227;77;0.03531389
809;0MD0060190AV;228;77;0.00756876
809;0MD0060190AV;229;77;0.00740879
809;0MD0060190AV;230;77;0.04012144
809;0MD0060190AV;231;77;0.00018278
809;0MD0060190AV;232;77;0.00058358
809;0MD0060190AV;233;77;0.00031442
809;0MD0060190AV;234;77;0.00045571
809;0MD0060190AV;235;77;0.00012094
809;0MD0060190AV;219;78;0.00057327
809;0MD0060190AV;220;78;0.00050003
809;0MD0060190AV;221;78;0.00008454
809;0MD0060190AV;222;78;0.00110919
809;0MD0060190AV;223;78;0.00176990
809;0MD0060190AV;224;78;0.04802310
809;0MD0060190AV;225;78;0.00651480
809;0MD0060190AV;226;78;0.00043907
809;0MD0060190AV;227;78;0.00135523
809;0MD0060190AV;228;78;0.00143478
809;0MD0060190AV;229;78;0.00074726
809;0MD0060190AV;230;78;0.00105509
809;0MD0060190AV;231;78;0.00140191
809;0MD0060190AV;232;78;0.00023135
809;0MD0060190AV;233;78;0.00018587
809;0MD0060190AV;234;78;0.00011845
809;0MD0060190AV;216;79;0.00010411
809;0MD0060190AV;217;79;0.00016829
809;0MD0060190AV;218;79;0.00015888
809;0MD0060190AV;219;79;0.00057394
809;0MD0060190AV;220;79;0.00017968
809;0MD0060190AV;221;79;0.00079788
809;0MD0060190AV;222;79;0.00204470
809;0MD0060190AV;223;79;0.00502175
809;0MD0060190AV;224;79;0.05264999
809;0MD0060190AV;225;79;0.01177491
809;0MD0060190AV;226;79;0.00343183
809;0MD0060190AV;227;79;0.00098563
809;0MD0060190AV;228;79;0.00037608
809;0MD0060190AV;229;79;0.00039913
809;0MD0060190AV;231;79;0.00027487
809;0MD0060190AV;232;79;0.00007557
809;0MD0060190AV;233;79;0.00010711
809;0MD0060190AV;234;79;0.00010716
809;0MD0060190AV;213;80;0.00025705
809;0MD0060190AV;214;80;0.00033873
809;0MD0060190AV;215;80;0.00016939
809;0MD0060190AV;216;80;0.00005830
809;0MD0060190AV;218;80;0.00000881
809;0MD0060190AV;219;80;0.00014478
809;0MD0060190AV;220;80;0.00020319
809;0MD0060190AV;221;80;0.00042893
809;0MD0060190AV;222;80;0.00071580
809;0MD0060190AV;223;80;0.00237328
809;0MD0060190AV;224;80;0.03257101
809;0MD0060190AV;225;80;0.00537901
809;0MD0060190AV;226;80;0.00216261
809;0MD0060190AV;227;80;0.00057028
809;0MD0060190AV;228;80;0.00029633
809;0MD0060190AV;229;80;0.00066996
809;0MD0060190AV;230;80;0.00057867
809;0MD0060190AV;231;80;0.00053132
809;0MD0060190AV;232;80;0.00046563
809;0MD0060190AV;233;80;0.00061083
809;0MD0060190AV;234;80;0.00005385
809;0MD0060190AV;211;81;0.00057750
809;0MD0060190AV;212;81;0.00572307
809;0MD0060190AV;213;81;0.00008979
809;0MD0060190AV;214;81;0.00344751
809;0MD0060190AV;215;81;0.00510611
809;0MD0060190AV;216;81;0.00414371
809;0MD0060190AV;217;81;0.00077030
809;0MD0060190AV;218;81;0.00001185
809;0MD0060190AV;220;81;0.00001513
809;0MD0060190AV;221;81;0.00029867
809;0MD0060190AV;222;81;0.00057250
809;0MD0060190AV;223;81;0.00107875
809;0MD0060190AV;224;81;0.02468715
809;0MD0060190AV;225;81;0.00062008
809;0MD0060190AV;226;81;0.00024346
809;0MD0060190AV;227;81;0.00028795
809;0MD0060190AV;228;81;0.00015466
809;0MD0060190AV;229;81;0.00011134
809;0MD0060190AV;230;81;0.00031332
809;0MD0060190AV;231;81;0.00036880
809;0MD0060190AV;232;81;0.00032615
809;0MD0060190AV;233;81;0.00086712
809;0MD0060190AV;234;81;0.00059139
809;0MD0060190AV;235;81;0.00034271
809;0MD0060190AV;211;82;0.00073110
809;0MD0060190AV;212;82;0.00009433
809;0MD0060190AV;213;82;0.00530080
809;0MD0060190AV;214;82;0.00226697
809;0MD0060190AV;215;82;0.00011382
809;0MD0060190AV;216;82;0.00089994
809;0MD0060190AV;217;82;0.00427385
809;0MD0060190AV;218;82;0.00502767
809;0MD0060190AV;219;82;0.00502769
809;0MD0060190AV;220;82;0.00520849
809;0MD0060190AV;221;82;0.00529737
809;0MD0060190AV;222;82;0.00519596
809;0MD0060190AV;223;82;0.00594826
809;0MD0060190AV;224;82;0.02062922
809;0MD0060190AV;227;82;0.00004799
809;0MD0060190AV;228;82;0.00015614
809;0MD0060190AV;229;82;0.00020575
809;0MD0060190AV;230;82;0.00016559
809;0MD0060190AV;233;82;0.00000294
809;0MD0060190AV;234;82;0.00001272
809;0MD0060190AV;221;83;0.00000171
809;0MD0060190AV;222;83;0.00000020
809;0MD0060190AV;223;83;0.00000145
809;0MD0060190AV;224;83;0.00991019
809;0SF0060010BA;141;154;0.02261290
809;0SF0060010BA;140;155;0.01679123
809;0SF0060010BA;141;155;0.07038594
809;0SF0060010BA;137;156;0.00342780
809;0SF0060010BA;138;156;0.00183676
809;0SF0060010BA;139;156;0.01737167
809;0SF0060010BA;140;156;0.03535786
809;0SF0060010BA;141;156;0.04482371
809;0SF0060010BA;138;157;0.01417346
809;0SF0060010BA;139;157;0.01292107
809;0SF0060010BA;140;157;0.00234473
809;0SF0060010BA;141;157;0.04458012
809;0SF0060010BA;142;157;0.02454504
809;0SF0060010BA;135;158;0.00501761
809;0SF0060010BA;136;158;0.00246402
809;0SF0060010BA;137;158;0.00033082
809;0SF0060010BA;138;158;0.02488583
809;0SF0060010BA;139;158;0.00129070
809;0SF0060010BA;140;158;0.00030920
809;0SF0060010BA;141;158;0.00035876
809;0SF0060010BA;142;158;0.04687817
809;0SF0060010BA;143;158;0.00612972
809;0SF0060010BA;136;159;0.00935406
809;0SF0060010BA;137;159;0.02883713
809;0SF0060010BA;138;159;0.00993722
809;0SF0060010BA;139;159;0.00003850
809;0SF0060010BA;140;159;0.00002553
809;0SF0060010BA;141;159;0.00062165
809;0SF0060010BA;142;159;0.04321004
809;0SF0060010BA;143;159;0.00606513
809;0SF0060010BA;144;159;0.00451891
809;0SF0060010BA;149;159;0.00677746
809;0SF0060010BA;136;160;0.00161093
809;0SF0060010BA;137;160;0.03677020
809;0SF0060010BA;138;160;0.00314157
809;0SF0060010BA;139;160;0.00002018
809;0SF0060010BA;140;160;0.00000535
809;0SF0060010BA;141;160;0.03258013
809;0SF0060010BA;142;160;0.00612258
809;0SF0060010BA;143;160;0.00345410
809;0SF0060010BA;144;160;0.00345595
809;0SF0060010BA;145;160;0.00106873
809;0SF0060010BA;146;160;0.00003081
809;0SF0060010BA;135;161;0.00205411
809;0SF0060010BA;136;161;0.04409654
809;0SF0060010BA;137;161;0.00554871
809;0SF0060010BA;138;161;0.00567647
809;0SF0060010BA;139;161;0.00552311
809;0SF0060010BA;140;161;0.00499709
809;0SF0060010BA;141;161;0.03400395
809;0SF0060010BA;142;161;0.00599385
809;0SF0060010BA;143;161;0.00270621
809;0SF0060010BA;144;161;0.00278647
809;0SF0060010BA;145;161;0.00239229
809;0SF0060010BA;146;161;0.00016242
809;0SF0060010BA;147;161;0.00015232
809;0SF0060010BA;148;161;0.00000529
809;0SF0060010BA;149;161;0.00146064
809;0SF0060010BA;134;162;0.00148880
809;0SF0060010BA;135;162;0.04194164
809;0SF0060010BA;136;162;0.00155070
809;0SF0060010BA;137;162;0.00022094
809;0SF0060010BA;138;162;0.00016898
809;0SF0060010BA;139;162;0.00045850
809;0SF0060010BA;141;162;0.00008172
809;0SF0060010BA;142;162;0.00000775
809;0SF0060010BA;144;162;0.00001360
809;0SF0060010BA;145;162;0.00129278
809;0SF0060010BA;148;162;0.00023354
809;0SF0060010BA;149;162;0.00521490
809;0SF0060010BA;133;163;0.00045822
809;0SF0060010BA;134;163;0.03919257
809;0SF0060010BA;135;163;0.01784230
809;0SF0060010BA;136;163;0.00123801
809;0SF0060010BA;137;163;0.00037700
809;0SF0060010BA;139;163;0.00018439
809;0SF0060010BA;145;163;0.00025624
809;0SF0060010BA;148;163;0.00016791
809;0SF0060010BA;132;164;0.01623346
809;0SF0060010BA;133;164;0.04837386
809;0SF0060010BA;134;164;0.02640126
809;0SF0060010BA;135;164;0.00218148
809;0SF0060010BA;136;164;0.00005267
809;0SF0060010BA;137;164;0.00003255
809;0SF0060010BA;148;164;0.00003466
809;0SF0060010BA;133;165;0.02847483
809;0SF0060010BA;134;165;0.02106404
809;0SF0060010BA;135;165;0.00635122
809;0SF0060010BA;133;166;0.02227015
809;0SF0060010BA;134;166;0.00209203
809;0SF0060010BA;135;166;0.00000454
809;GBV006014GBU;229;110;0.01067547
809;GBV006014GBU;229;111;0.01599232
809;GBV006014GBU;229;112;0.01599232
809;GBV006014GBU;229;113;0.01599232
809;GBV006014GBU;228;114;0.01424576
809;GBV006014GBU;229;114;0.00174656
809;GBV006014GBU;228;115;0.01599232
809;GBV006014GBU;228;116;0.01599232
809;GBV006014GBU;264;116;0.00049768
809;GBV006014GBU;265;116;0.00354726
809;GBV006014GBU;227;117;0.00080259
809;GBV006014GBU;228;117;0.01518973
809;GBV006014GBU;264;117;0.00595466
809;GBV006014GBU;265;117;0.00203300
809;GBV006014GBU;227;118;0.01599232
809;GBV006014GBU;264;118;0.00595466
809;GBV006014GBU;265;118;0.00107120
809;GBV006014GBU;266;118;0.00096180
809;GBV006014GBU;227;119;0.01599232
809;GBV006014GBU;263;119;0.00125391
809;GBV006014GBU;264;119;0.00470075
809;GBV006014GBU;266;119;0.00203300
809;GBV006014GBU;227;120;0.01599232
809;GBV006014GBU;263;120;0.00595466
809;GBV006014GBU;266;120;0.00185224
809;GBV006014GBU;267;120;0.00018075
809;GBV006014GBU;226;121;0.00289619
809;GBV006014GBU;227;121;0.01302213
809;GBV006014GBU;263;121;0.00595466
809;GBV006014GBU;267;121;0.00247802
809;GBV006014GBU;268;121;0.00085438
809;GBV006014GBU;226;122;0.01591159
809;GBV006014GBU;262;122;0.00221445
809;GBV006014GBU;263;122;0.00393408
809;GBV006014GBU;226;123;0.01545697
809;GBV006014GBU;227;123;0.00012005
809;GBV006014GBU;262;123;0.00652054
809;GBV006014GBU;226;124;0.01497404
809;GBV006014GBU;227;124;0.00032936
809;GBV006014GBU;228;124;0.00010652
809;GBV006014GBU;233;124;0.00019755
809;GBV006014GBU;261;124;0.00411247
809;GBV006014GBU;262;124;0.00240807
809;GBV006014GBU;226;125;0.01497404
809;GBV006014GBU;228;125;0.00034290
809;GBV006014GBU;229;125;0.00009298
809;GBV006014GBU;232;125;0.00062471
809;GBV006014GBU;233;125;0.00034605
809;GBV006014GBU;234;125;0.00051560
809;GBV006014GBU;235;125;0.00035323
809;GBV006014GBU;236;125;0.00034147
809;GBV006014GBU;237;125;0.00047000
809;GBV006014GBU;238;125;0.00047000
809;GBV006014GBU;239;125;0.00047000
809;GBV006014GBU;240;125;0.00047000
809;GBV006014GBU;241;125;0.00047000
809;GBV006014GBU;242;125;0.00011585
809;GBV006014GBU;259;125;0.00036301
809;GBV006014GBU;260;125;0.00049265
809;GBV006014GBU;261;125;0.00648557
809;GBV006014GBU;226;126;0.01497702
809;GBV006014GBU;229;126;0.00035643
809;GBV006014GBU;230;126;0.00014570
809;GBV006014GBU;231;126;0.00063063
809;GBV006014GBU;232;126;0.00000591
809;GBV006014GBU;235;126;0.00015006
809;GBV006014GBU;236;126;0.00012853
809;GBV006014GBU;242;126;0.00051412
809;GBV006014GBU;256;126;0.00043792
809;GBV006014GBU;257;126;0.00049265
809;GBV006014GBU;258;126;0.00049265
809;GBV006014GBU;259;126;0.00012964
809;GBV006014GBU;261;126;0.00614943
809;GBV006014GBU;225;127;0.01261474
809;GBV006014GBU;226;127;0.00236608
809;GBV006014GBU;229;127;0.00006539
809;GBV006014GBU;230;127;0.00049376
809;GBV006014GBU;242;127;0.00051224
809;GBV006014GBU;243;127;0.00000189
809;GBV006014GBU;252;127;0.00000379
809;GBV006014GBU;253;127;0.00049451
809;GBV006014GBU;254;127;0.00049265
809;GBV006014GBU;255;127;0.00049265
809;GBV006014GBU;256;127;0.00005473
809;GBV006014GBU;261;127;0.00614943
809;GBV006014GBU;225;128;0.01498082
809;GBV006014GBU;228;128;0.00012138
809;GBV006014GBU;229;128;0.00013312
809;GBV006014GBU;243;128;0.00051412
809;GBV006014GBU;252;128;0.00059075
809;GBV006014GBU;261;128;0.00120171
809;GBV006014GBU;225;129;0.01498082
809;GBV006014GBU;227;129;0.00017738
809;GBV006014GBU;228;129;0.00007712
809;GBV006014GBU;243;129;0.00051412
809;GBV006014GBU;251;129;0.00041218
809;GBV006014GBU;252;129;0.00017857
809;GBV006014GBU;225;130;0.01501569
809;GBV006014GBU;226;130;0.00019851
809;GBV006014GBU;227;130;0.00002113
809;GBV006014GBU;243;130;0.00011896
809;GBV006014GBU;244;130;0.00039517
809;GBV006014GBU;250;130;0.00022982
809;GBV006014GBU;251;130;0.00036094
809;GBV006014GBU;225;131;0.01605550
809;GBV006014GBU;244;131;0.00051412
809;GBV006014GBU;249;131;0.00004746
809;GBV006014GBU;250;131;0.00054330
809;GBV006014GBU;224;132;0.01686458
809;GBV006014GBU;225;132;0.00100863
809;GBV006014GBU;244;132;0.00023980
809;GBV006014GBU;245;132;0.00035799
809;GBV006014GBU;248;132;0.00011050
809;GBV006014GBU;249;132;0.00060731
809;GBV006014GBU;223;133;0.00518224
809;GBV006014GBU;224;133;0.01287927
809;GBV006014GBU;245;133;0.00027022
809;GBV006014GBU;246;133;0.00051052
809;GBV006014GBU;247;133;0.00053843
809;GBV006014GBU;248;133;0.00045999
809;GBV006014GBU;223;134;0.01788560
809;GBV006014GBU;222;135;0.01075921
809;GBV006014GBU;223;135;0.00704965
809;GBV006014GBU;222;136;0.01780886
809;GBV006014GBU;221;137;0.01581941
809;GBV006014GBU;222;137;0.00198945
809;GBV006014GBU;221;138;0.01633740
809;GBV006014GBU;220;139;0.00122101
809;GBV006014GBU;221;139;0.01441267
809;GBV006014GBU;220;140;0.01544206
809;GBV006014GBU;220;141;0.01544206
809;GBV006014GBU;220;142;0.01544206
809;GBV006014GBU;220;143;0.01544206
809;GBV006014GBU;220;144;0.01544206
809;GBV006014GBU;220;145;0.01593952
809;GBV006014GBU;219;146;0.00299132
809;GBV006014GBU;220;146;0.01403730
809;GBV006014GBU;219;147;0.01980474
809;GBV006014GBU;220;147;0.00019141
809;GBV006014GBU;218;148;0.01595185
809;GBV006014GBU;219;148;0.00537381
809;GBV006014GBU;220;148;0.00024273
809;GBV006014GBU;221;148;0.00021081
809;GBV006014GBU;217;149;0.00187035
809;GBV006014GBU;218;149;0.01658082
809;GBV006014GBU;221;149;0.00022333
809;GBV006014GBU;222;149;0.00022621
809;GBV006014GBU;217;150;0.01716072
809;GBV006014GBU;222;150;0.00022303
809;GBV006014GBU;223;150;0.00020812
809;GBV006014GBU;217;151;0.02451739
809;GBV006014GBU;223;151;0.00024610
809;GBV006014GBU;224;151;0.00019121
809;GBV006014GBU;215;152;0.03218725
809;GBV006014GBU;216;152;0.02893592
809;GBV006014GBU;217;152;0.03028717
809;GBV006014GBU;224;152;0.00025723
809;GBV006014GBU;225;152;0.00018182
809;GBV006014GBU;213;153;0.01388919
809;GBV006014GBU;214;153;0.04351012
809;GBV006014GBU;215;153;0.00892704
809;GBV006014GBU;217;153;0.00189639
809;GBV006014GBU;218;153;0.00154995
809;GBV006014GBU;225;153;0.00026663
809;GBV006014GBU;226;153;0.00017242
809;GBV006014GBU;213;154;0.03624157
809;GBV006014GBU;218;154;0.00188175
809;GBV006014GBU;226;154;0.00030574
809;GBV006014GBU;227;154;0.00009671
809;GBV006014GBU;213;155;0.00195398
809;GBV006014GBU;218;155;0.00032534
809;GBV006014GBU;227;155;0.00020141
809;0SF0060380BA;129;161;0.01092528
809;0SF0060380BA;130;161;0.00570166
809;0SF0060380BA;131;161;0.05411451
809;0SF0060380BA;128;162;0.00011309
809;0SF0060380BA;129;162;0.02769730
809;0SF0060380BA;130;162;0.03881855
809;0SF0060380BA;131;162;0.21881445
809;0SF0060380BA;128;163;0.00018681
809;0SF0060380BA;129;163;0.02581702
809;0SF0060380BA;130;163;0.08265376
809;0SF0060380BA;131;163;0.29915701
809;0SF0060380BA;129;164;0.06174611
809;0SF0060380BA;130;164;0.05510232
809;0SF0060380BA;131;164;0.06572625
809;0SF0060380BA;132;164;0.05342589
809;NCC006044MBU;143;138;0.00008056
809;NCC006044MBU;142;139;0.00018030
809;NCC006044MBU;143;139;0.00525070
809;NCC006044MBU;144;139;0.06624609
809;NCC006044MBU;145;139;0.00442282
809;NCC006044MBU;146;139;0.00681147
809;NCC006044MBU;147;139;0.00987242
809;NCC006044MBU;148;139;0.00145922
809;NCC006044MBU;142;140;0.03408939
809;NCC006044MBU;143;140;0.06534601
809;NCC006044MBU;144;140;0.03440002
809;NCC006044MBU;145;140;0.00974761
809;NCC006044MBU;146;140;0.00228035
809;NCC006044MBU;136;141;0.00626367
809;NCC006044MBU;137;141;0.00733657
809;NCC006044MBU;138;141;0.06989160
809;NCC006044MBU;139;141;0.10166910
809;NCC006044MBU;140;141;0.08621137
809;NCC006044MBU;141;141;0.07094698
809;NCC006044MBU;142;141;0.05120223
809;NCC006044MBU;143;141;0.00462704
809;NCC006044MBU;144;141;0.00316686
809;NCC006044MBU;145;141;0.00705944
809;NCC006044MBU;134;142;0.00036932
809;NCC006044MBU;135;142;0.00830269
809;NCC006044MBU;136;142;0.00145099
809;NCC006044MBU;137;142;0.00378721
809;NCC006044MBU;138;142;0.03534091
809;NCC006044MBU;139;142;0.04533846
809;NCC006044MBU;140;142;0.00970935
809;NCC006044MBU;141;142;0.00034441
809;NCC006044MBU;142;142;0.00074158
809;NCC006044MBU;143;142;0.00124740
809;NCC006044MBU;144;142;0.00005925
809;NCC006044MBU;145;142;0.00083578
809;NCC006044MBU;134;143;0.00658090
809;NCC006044MBU;135;143;0.00019821
809;NCC006044MBU;136;143;0.00174909
809;NCC006044MBU;137;143;0.01102048
809;NCC006044MBU;138;143;0.02881629
809;NCC006044MBU;139;143;0.04623766
809;NCC006044MBU;140;143;0.00351830
809;NCC006044MBU;142;143;0.00005164
809;NCC006044MBU;143;143;0.00028501
809;NCC006044MBU;144;143;0.00012005
809;NCC006044MBU;145;143;0.00009311
809;NCC006044MBU;133;144;0.00443884
809;NCC006044MBU;134;144;0.00182493
809;NCC006044MBU;136;144;0.00271336
809;NCC006044MBU;137;144;0.01291997
809;NCC006044MBU;138;144;0.00278275
809;NCC006044MBU;139;144;0.02866760
809;NCC006044MBU;140;144;0.01870359
809;NCC006044MBU;141;144;0.00002191
809;NCC006044MBU;142;144;0.00015296
809;NCC006044MBU;143;144;0.00010074
809;NCC006044MBU;133;145;0.00042366
809;NCC006044MBU;134;145;0.00002317
809;NCC006044MBU;135;145;0.00006166
809;NCC006044MBU;136;145;0.00550802
809;NCC006044MBU;137;145;0.00637633
809;NCC006044MBU;138;145;0.00032578
809;NCC006044MBU;139;145;0.00755274
809;NCC006044MBU;140;145;0.03219262
809;NCC006044MBU;141;145;0.00020193
809;NCC006044MBU;142;145;0.00000530
809;NCC006044MBU;132;146;0.00000147
809;NCC006044MBU;133;146;0.00000038
809;NCC006044MBU;134;146;0.00000600
809;NCC006044MBU;135;146;0.00045292
809;NCC006044MBU;136;146;0.00430103
809;NCC006044MBU;137;146;0.00087448
809;NCC006044MBU;138;146;0.00032476
809;NCC006044MBU;139;146;0.00665400
809;NCC006044MBU;140;146;0.00018305
809;NCC006044MBU;134;147;0.00000035
809;NCC006044MBU;135;147;0.00020442
809;NCC006044MBU;136;147;0.00192197
809;NCC006044MBU;137;147;0.00001967
809;NCC006044MBU;138;147;0.00066390
809;NCC006044MBU;139;147;0.00003020
809;NCC006044MBU;136;148;0.00203210
809;NCC006044MBU;137;148;0.00078075
809;NCC006044MBU;138;148;0.00024767
809;NCC006044MBU;136;149;0.00152219
809;NCC006044MBU;137;149;0.00002091
809;SJV006016SJU;180;109;0.00575034
809;SJV006016SJU;181;109;0.00001840
809;SJV006016SJU;182;109;0.00071431
809;SJV006016SJU;183;109;0.00274681
809;SJV006016SJU;185;109;0.00009498
809;SJV006016SJU;187;109;0.02969042
809;SJV006016SJU;192;109;0.00130004
809;SJV006016SJU;180;110;0.00121706
809;SJV006016SJU;181;110;0.00504310
809;SJV006016SJU;182;110;0.00311929
809;SJV006016SJU;183;110;0.00003908
809;SJV006016SJU;184;110;0.00013626
809;SJV006016SJU;185;110;0.00001534
809;SJV006016SJU;186;110;0.01634509
809;SJV006016SJU;187;110;0.01902413
809;SJV006016SJU;192;110;0.00162341
809;SJV006016SJU;181;111;0.00763721
809;SJV006016SJU;182;111;0.00349252
809;SJV006016SJU;184;111;0.00010056
809;SJV006016SJU;185;111;0.00559742
809;SJV006016SJU;186;111;0.03075156
809;SJV006016SJU;192;111;0.00167939
809;SJV006016SJU;193;111;0.00001365
809;SJV006016SJU;178;112;0.00001006
809;SJV006016SJU;179;112;0.00001295
809;SJV006016SJU;181;112;0.00510965
809;SJV006016SJU;182;112;0.00527874
809;SJV006016SJU;184;112;0.00021276
809;SJV006016SJU;185;112;0.03715693
809;SJV006016SJU;192;112;0.00171902
809;SJV006016SJU;193;112;0.00000635
809;SJV006016SJU;179;113;0.00001998
809;SJV006016SJU;180;113;0.00406793
809;SJV006016SJU;181;113;0.00218426
809;SJV006016SJU;182;113;0.00403304
809;SJV006016SJU;183;113;0.00450853
809;SJV006016SJU;184;113;0.03635773
809;SJV006016SJU;185;113;0.00231992
809;SJV006016SJU;186;113;0.00070923
809;SJV006016SJU;187;113;0.00064851
809;SJV006016SJU;188;113;0.00063855
809;SJV006016SJU;189;113;0.00063355
809;SJV006016SJU;190;113;0.00087539
809;SJV006016SJU;191;113;0.00055920
809;SJV006016SJU;192;113;0.00216765
809;SJV006016SJU;193;113;0.00001558
809;SJV006016SJU;179;114;0.00032307
809;SJV006016SJU;180;114;0.00686330
809;SJV006016SJU;182;114;0.00000012
809;SJV006016SJU;183;114;0.03427610
809;SJV006016SJU;184;114;0.00879915
809;SJV006016SJU;190;114;0.00022310
809;SJV006016SJU;192;114;0.00209105
809;SJV006016SJU;179;115;0.00185014
809;SJV006016SJU;180;115;0.00598931
809;SJV006016SJU;182;115;0.03027009
809;SJV006016SJU;183;115;0.02151402
809;SJV006016SJU;184;115;0.00001321
809;SJV006016SJU;190;115;0.00041470
809;SJV006016SJU;191;115;0.00009838
809;SJV006016SJU;192;115;0.00226090
809;SJV006016SJU;193;115;0.00009712
809;SJV006016SJU;180;116;0.01100140
809;SJV006016SJU;181;116;0.03188082
809;SJV006016SJU;182;116;0.00168572
809;SJV006016SJU;184;116;0.01085933
809;SJV006016SJU;190;116;0.00042040
809;SJV006016SJU;191;116;0.00000084
809;SJV006016SJU;192;116;0.00372614
809;SJV006016SJU;193;116;0.00048309
809;SJV006016SJU;181;117;0.00211168
809;SJV006016SJU;182;117;0.00065271
809;SJV006016SJU;183;117;0.00016019
809;SJV006016SJU;184;117;0.00556188
809;SJV006016SJU;185;117;0.00486495
809;SJV006016SJU;189;117;0.00001108
809;SJV006016SJU;190;117;0.00077571
809;SJV006016SJU;191;117;0.00096981
809;SJV006016SJU;192;117;0.01315260
809;SJV006016SJU;193;117;0.00177516
809;SJV006016SJU;182;118;0.00375919
809;SJV006016SJU;183;118;0.00063492
809;SJV006016SJU;184;118;0.00007414
809;SJV006016SJU;185;118;0.01154971
809;SJV006016SJU;186;118;0.00010692
809;SJV006016SJU;188;118;0.00012989
809;SJV006016SJU;189;118;0.00043225
809;SJV006016SJU;190;118;0.00145021
809;SJV006016SJU;191;118;0.00155397
809;SJV006016SJU;192;118;0.01041246
809;SJV006016SJU;193;118;0.00083431
809;SJV006016SJU;183;119;0.00353717
809;SJV006016SJU;184;119;0.00061719
809;SJV006016SJU;186;119;0.01150850
809;SJV006016SJU;187;119;0.00013681
809;SJV006016SJU;188;119;0.00012723
809;SJV006016SJU;189;119;0.00032913
809;SJV006016SJU;190;119;0.00084165
809;SJV006016SJU;191;119;0.00870003
809;SJV006016SJU;192;119;0.00117909
809;SJV006016SJU;193;119;0.00003123
809;SJV006016SJU;184;120;0.00341205
809;SJV006016SJU;185;120;0.00118942
809;SJV006016SJU;186;120;0.00896031
809;SJV006016SJU;187;120;0.00660849
809;SJV006016SJU;188;120;0.00385180
809;SJV006016SJU;189;120;0.00308953
809;SJV006016SJU;190;120;0.00373468
809;SJV006016SJU;191;120;0.01029536
809;SJV006016SJU;192;120;0.00297664
809;SJV006016SJU;193;120;0.00166632
809;SJV006016SJU;183;121;0.00080909
809;SJV006016SJU;184;121;0.00359702
809;SJV006016SJU;185;121;0.01226522
809;SJV006016SJU;186;121;0.00943106
809;SJV006016SJU;187;121;0.01154537
809;SJV006016SJU;188;121;0.00388508
809;SJV006016SJU;189;121;0.00138214
809;SJV006016SJU;190;121;0.00181221
809;SJV006016SJU;191;121;0.00786855
809;SJV006016SJU;192;121;0.00125112
809;SJV006016SJU;193;121;0.00014351
809;SJV006016SJU;185;122;0.00077637
809;SJV006016SJU;186;122;0.01214451
809;SJV006016SJU;187;122;0.03382141
809;SJV006016SJU;188;122;0.00609078
809;SJV006016SJU;189;122;0.00181930
809;SJV006016SJU;190;122;0.00529892
809;SJV006016SJU;191;122;0.00866105
809;SJV006016SJU;192;122;0.00067833
809;SJV006016SJU;193;122;0.00053897
809;SJV006016SJU;194;122;0.00101718
809;SJV006016SJU;185;123;0.00002288
809;SJV006016SJU;186;123;0.00032521
809;SJV006016SJU;187;123;0.02691138
809;SJV006016SJU;188;123;0.02083544
809;SJV006016SJU;189;123;0.03116258
809;SJV006016SJU;190;123;0.05996196
809;SJV006016SJU;191;123;0.02284133
809;SJV006016SJU;192;123;0.01530351
809;SJV006016SJU;193;123;0.01454736
809;SJV006016SJU;194;123;0.01127396
809;SJV006016SJU;184;124;0.00023151
809;SJV006016SJU;185;124;0.00163734
809;SJV006016SJU;186;124;0.00274173
809;SJV006016SJU;187;124;0.01237021
809;SJV006016SJU;188;124;0.00200104
809;SJV006016SJU;189;124;0.00412645
809;SJV006016SJU;190;124;0.03393410
809;SJV006016SJU;191;124;0.01191408
809;SJV006016SJU;192;124;0.00251040
809;SJV006016SJU;193;124;0.00094514
809;SJV006016SJU;194;124;0.00052660
809;SJV006016SJU;183;125;0.00013047
809;SJV006016SJU;184;125;0.00081429
809;SJV006016SJU;185;125;0.00034231
809;SJV006016SJU;186;125;0.00048998
809;SJV006016SJU;187;125;0.01061849
809;SJV006016SJU;188;125;0.00306405
809;SJV006016SJU;189;125;0.00388742
809;SJV006016SJU;190;125;0.01161063
809;SJV006016SJU;191;125;0.00101979
809;SJV006016SJU;192;125;0.00153520
809;SJV006016SJU;193;125;0.00015267
809;SJV006016SJU;189;126;0.00108434
809;SJV006016SJU;190;126;0.00628512
809;SJV006016SJU;191;126;0.00001254
809;SJV006016SJU;192;126;0.00150230
809;SJV006016SJU;193;126;0.00011051
809;SJV006016SJU;192;127;0.00116758
809;SJV006016SJU;193;127;0.00005136
809;SJV006016SJU;192;128;0.00085584
809;SJV006016SJU;193;128;0.00000002
809;0NC006012NCU;104;224;0.00279290
809;0NC006012NCU;104;225;0.00671430
809;0NC006012NCU;104;226;0.00678601
809;0NC006012NCU;103;227;0.00078947
809;0NC006012NCU;104;227;0.00541656
809;0NC006012NCU;103;228;0.00376225
809;0NC006012NCU;104;228;0.00270929
809;0NC006012NCU;104;229;0.00678046
809;0NC006012NCU;103;230;0.00710688
809;0NC006012NCU;104;230;0.00472963
809;0NC006012NCU;102;231;0.00450205
809;0NC006012NCU;103;231;0.00781711
809;0NC006012NCU;102;232;0.00861041
809;0NC006012NCU;101;233;0.00912563
809;0NC006012NCU;102;233;0.00010656
809;0NC006012NCU;101;234;0.00916886
809;0NC006012NCU;100;235;0.00446279
809;0NC006012NCU;101;235;0.00895123
809;0NC006012NCU;99;236;0.00828870
809;0NC006012NCU;100;236;0.00847834
809;0NC006012NCU;106;236;0.00075761
809;0NC006012NCU;107;236;0.00049334
809;0NC006012NCU;98;237;0.01160293
809;0NC006012NCU;99;237;0.00204357
809;0NC006012NCU;101;237;0.00025079
809;0NC006012NCU;102;237;0.00067309
809;0NC006012NCU;103;237;0.00066470
809;0NC006012NCU;104;237;0.00065804
809;0NC006012NCU;105;237;0.00071433
809;0NC006012NCU;106;237;0.00018710
809;0NC006012NCU;107;237;0.00052253
809;0NC006012NCU;108;237;0.00066591
809;0NC006012NCU;109;237;0.00043039
809;0NC006012NCU;97;238;0.01220993
809;0NC006012NCU;98;238;0.00665089
809;0NC006012NCU;99;238;0.00029801
809;0NC006012NCU;100;238;0.00071376
809;0NC006012NCU;101;238;0.00045093
809;0NC006012NCU;97;239;0.01484552
809;0NC006012NCU;98;239;0.00038118
809;0NC006012NCU;99;239;0.00042678
809;0NC006012NCU;94;240;0.00025120
809;0NC006012NCU;95;240;0.00788598
809;0NC006012NCU;97;240;0.01655239
809;0NC006012NCU;95;241;0.00326017
809;0NC006012NCU;96;241;0.03877062
809;0NC006012NCU;97;241;0.00153206
809;0NC006012NCU;96;242;0.02657977
809;0NC006012NCU;96;243;0.02718666
809;0NC006012NCU;96;244;0.03118863
809;0NC006012NCU;96;245;0.03867427
809;0NC006012NCU;97;245;0.01315962
809;0NC006012NCU;98;245;0.00285609
809;0NC006012NCU;99;245;0.00069040
809;0NC006012NCU;96;246;0.00544777
809;0NC006012NCU;97;246;0.05427860
809;0NC006012NCU;98;246;0.04303070
809;0NC006012NCU;99;246;0.00302690
809;0NC006012NCU;98;247;0.00660332
809;0NC006012NCU;99;247;0.04495974
809;0NC006012NCU;99;248;0.04559476
809;0NC006012NCU;100;248;0.00706763
809;0NC006012NCU;101;248;0.00898102
809;0NC006012NCU;102;248;0.00442793
809;0NC006012NCU;105;248;0.00037491
809;0NC006012NCU;106;248;0.00772211
809;0NC006012NCU;108;248;0.00199097
809;0NC006012NCU;98;249;0.02879222
809;0NC006012NCU;99;249;0.02170464
809;0NC006012NCU;100;249;0.00509333
809;0NC006012NCU;102;249;0.01010726
809;0NC006012NCU;103;249;0.00782572
809;0NC006012NCU;104;249;0.00996177
809;0NC006012NCU;105;249;0.00867959
809;0NC006012NCU;106;249;0.00210783
809;0NC006012NCU;107;249;0.01157802
809;0NC006012NCU;108;249;0.00998297
809;0NC006012NCU;98;250;0.02537612
809;0NC006012NCU;102;250;0.00275379
809;0NC006012NCU;103;250;0.00245856
809;0NC006012NCU;108;250;0.00058448
809;0NC006012NCU;98;251;0.02164830
809;0NC006012NCU;107;251;0.00000360
809;0NC006012NCU;108;251;0.00011059
809;0NC006012NCU;98;252;0.02463072
809;0NC006012NCU;107;252;0.00001691
809;0NC006012NCU;97;253;0.00099481
809;0NC006012NCU;98;253;0.02072184
809;0NC006012NCU;107;253;0.00001684
809;0NC006012NCU;97;254;0.01308299
809;0NC006012NCU;98;254;0.00008962
809;0NC006012NCU;107;254;0.00001634
809;0NC006012NCU;97;255;0.00501546
809;0NC006012NCU;98;255;0.01234776
809;0NC006012NCU;102;255;0.00003822
809;0NC006012NCU;103;255;0.00040118
809;0NC006012NCU;104;255;0.00039844
809;0NC006012NCU;107;255;0.00001661
809;0NC006012NCU;98;256;0.01433746
809;0NC006012NCU;99;256;0.00033659
809;0NC006012NCU;102;256;0.00039489
809;0NC006012NCU;104;256;0.00021854
809;0NC006012NCU;105;256;0.00038967
809;0NC006012NCU;106;256;0.00038260
809;0NC006012NCU;107;256;0.00044858
809;0NC006012NCU;108;256;0.00000024
809;0NC006012NCU;98;257;0.00880368
809;0NC006012NCU;99;257;0.00795046
809;0NC006012NCU;101;257;0.00017516
809;0NC006012NCU;102;257;0.00019828
809;0NC006012NCU;108;257;0.00035894
809;0NC006012NCU;99;258;0.01304138
809;0NC006012NCU;101;258;0.00037345
809;0NC006012NCU;108;258;0.00028770
809;0NC006012NCU;109;258;0.00039926
809;0NC006012NCU;110;258;0.00000454
809;0NC006012NCU;99;259;0.01272798
809;0NC006012NCU;100;259;0.00955127
809;0NC006012NCU;101;259;0.00015671
809;0NC006012NCU;110;259;0.00050845
809;0NC006012NCU;100;260;0.01421511
809;0NC006012NCU;110;260;0.00001911
809;0NC006012NCU;111;260;0.00035329
809;0NC006012NCU;100;261;0.00431716
809;0NC006012NCU;101;261;0.01661503
809;0NC006012NCU;111;261;0.00014305
809;0NC006012NCU;101;262;0.01350900
809;0NC006012NCU;100;263;0.00594222
809;0NC006012NCU;101;263;0.00969354
809;0NC006012NCU;100;264;0.00275511
809;0SF0060480BA;136;170;0.00569997
809;0SF0060480BA;137;170;0.03833377
809;0SF0060480BA;134;171;0.00467323
809;0SF0060480BA;135;171;0.08688139
809;0SF0060480BA;136;171;0.03024210
809;0SF0060480BA;137;171;0.02458251
809;0SF0060480BA;133;172;0.03399027
809;0SF0060480BA;134;172;0.04589907
809;0SF0060480BA;135;172;0.07181464
809;0SF0060480BA;136;172;0.00000201
809;0SF0060480BA;137;172;0.02446579
809;0SF0060480BA;131;173;0.02162676
809;0SF0060480BA;132;173;0.04650136
809;0SF0060480BA;133;173;0.01286103
809;0SF0060480BA;134;173;0.05313931
809;0SF0060480BA;135;173;0.05825219
809;0SF0060480BA;137;173;0.02446579
809;0SF0060480BA;135;174;0.00992236
809;0SF0060480BA;136;174;0.05427334
809;0SF0060480BA;137;174;0.02672778
809;0SF0060480BA;142;174;0.00028220
809;0SF0060480BA;143;174;0.00032468
809;0SF0060480BA;135;175;0.00340795
809;0SF0060480BA;136;175;0.02909259
809;0SF0060480BA;137;175;0.10547458
809;0SF0060480BA;138;175;0.03209259
809;0SF0060480BA;139;175;0.00153007
809;0SF0060480BA;140;175;0.00206450
809;0SF0060480BA;141;175;0.00062058
809;0SF0060480BA;142;175;0.00061579
809;0SF0060480BA;136;176;0.00134745
809;0SF0060480BA;137;176;0.00017451
809;0SF0060480BA;138;176;0.06086841
809;0SF0060480BA;139;176;0.03623485
809;0SF0060480BA;140;176;0.01177744
809;0SF0060480BA;141;176;0.00191173
809;0SF0060480BA;137;177;0.00004045
809;0SF0060480BA;138;177;0.00000152
809;0SF0060480BA;139;177;0.03337242
809;0SF0060480BA;140;177;0.00015883
809;0SF0060480BA;141;177;0.00011903
809;0SF0060480BA;139;178;0.00413316
809;SJV006024SJU;165;138;0.01423920
809;SJV006024SJU;164;139;0.00527661
809;SJV006024SJU;165;139;0.00983219
809;SJV006024SJU;166;139;0.00008298
809;SJV006024SJU;163;140;0.00400911
809;SJV006024SJU;164;140;0.01350836
809;SJV006024SJU;168;140;0.00007779
809;SJV006024SJU;169;140;0.00006485
809;SJV006024SJU;162;141;0.00010252
809;SJV006024SJU;163;141;0.01460208
809;SJV006024SJU;164;141;0.00070063
809;SJV006024SJU;167;141;0.00028170
809;SJV006024SJU;168;141;0.00069069
809;SJV006024SJU;169;141;0.00162709
809;SJV006024SJU;162;142;0.01452092
809;SJV006024SJU;163;142;0.00001931
809;SJV006024SJU;164;142;0.00077719
809;SJV006024SJU;166;142;0.00058899
809;SJV006024SJU;167;142;0.00009431
809;SJV006024SJU;168;142;0.00002763
809;SJV006024SJU;169;142;0.00266312
809;SJV006024SJU;156;143;0.00033959
809;SJV006024SJU;159;143;0.00272397
809;SJV006024SJU;160;143;0.00527188
809;SJV006024SJU;161;143;0.01338847
809;SJV006024SJU;162;143;0.00861513
809;SJV006024SJU;163;143;0.00432907
809;SJV006024SJU;164;143;0.01062366
809;SJV006024SJU;165;143;0.00706436
809;SJV006024SJU;166;143;0.00573633
809;SJV006024SJU;167;143;0.00632799
809;SJV006024SJU;168;143;0.00621074
809;SJV006024SJU;169;143;0.00671434
809;SJV006024SJU;170;143;0.00628184
809;SJV006024SJU;171;143;0.00484602
809;SJV006024SJU;156;144;0.00266175
809;SJV006024SJU;157;144;0.00535535
809;SJV006024SJU;158;144;0.00615548
809;SJV006024SJU;159;144;0.00287392
809;SJV006024SJU;160;144;0.00684221
809;SJV006024SJU;161;144;0.01171086
809;SJV006024SJU;162;144;0.00273822
809;SJV006024SJU;163;144;0.00424466
809;SJV006024SJU;164;144;0.00494236
809;SJV006024SJU;165;144;0.00146220
809;SJV006024SJU;166;144;0.00145032
809;SJV006024SJU;167;144;0.00158221
809;SJV006024SJU;168;144;0.00010571
809;SJV006024SJU;169;144;0.00000642
809;SJV006024SJU;171;144;0.00215720
809;SJV006024SJU;172;144;0.00477811
809;SJV006024SJU;160;145;0.01595235
809;SJV006024SJU;161;145;0.00015728
809;SJV006024SJU;162;145;0.00096018
809;SJV006024SJU;164;145;0.00264914
809;SJV006024SJU;167;145;0.00068070
809;SJV006024SJU;170;145;0.00002900
809;SJV006024SJU;171;145;0.00007342
809;SJV006024SJU;172;145;0.00547259
809;SJV006024SJU;173;145;0.00021972
809;SJV006024SJU;174;145;0.00017148
809;SJV006024SJU;159;146;0.00634812
809;SJV006024SJU;160;146;0.00905134
809;SJV006024SJU;161;146;0.00081045
809;SJV006024SJU;164;146;0.00268710
809;SJV006024SJU;167;146;0.00068744
809;SJV006024SJU;168;146;0.00025618
809;SJV006024SJU;172;146;0.00543023
809;SJV006024SJU;174;146;0.00024322
809;SJV006024SJU;175;146;0.01330516
809;SJV006024SJU;176;146;0.03328131
809;SJV006024SJU;177;146;0.00000128
809;SJV006024SJU;178;146;0.00027258
809;SJV006024SJU;159;147;0.01240465
809;SJV006024SJU;160;147;0.00204416
809;SJV006024SJU;161;147;0.00174136
809;SJV006024SJU;164;147;0.00265574
809;SJV006024SJU;168;147;0.00067035
809;SJV006024SJU;169;147;0.00070171
809;SJV006024SJU;170;147;0.00083501
809;SJV006024SJU;171;147;0.00046028
809;SJV006024SJU;172;147;0.00622163
809;SJV006024SJU;173;147;0.00409744
809;SJV006024SJU;174;147;0.01489418
809;SJV006024SJU;175;147;0.03198629
809;SJV006024SJU;176;147;0.00103185
809;SJV006024SJU;177;147;0.00039689
809;SJV006024SJU;178;147;0.00084750
809;SJV006024SJU;159;148;0.00868474
809;SJV006024SJU;160;148;0.00202808
809;SJV006024SJU;161;148;0.00218900
809;SJV006024SJU;164;148;0.00256192
809;SJV006024SJU;170;148;0.00029722
809;SJV006024SJU;172;148;0.00320181
809;SJV006024SJU;173;148;0.01161188
809;SJV006024SJU;174;148;0.03083514
809;SJV006024SJU;175;148;0.00211793
809;SJV006024SJU;176;148;0.00229767
809;SJV006024SJU;177;148;0.00157982
809;SJV006024SJU;178;148;0.00011132
809;SJV006024SJU;179;148;0.00016639
809;SJV006024SJU;180;148;0.00003888
809;SJV006024SJU;160;149;0.00078649
809;SJV006024SJU;161;149;0.00550159
809;SJV006024SJU;162;149;0.00264877
809;SJV006024SJU;164;149;0.00256430
809;SJV006024SJU;170;149;0.00054571
809;SJV006024SJU;171;149;0.00161713
809;SJV006024SJU;172;149;0.01752447
809;SJV006024SJU;173;149;0.03077647
809;SJV006024SJU;174;149;0.00351660
809;SJV006024SJU;175;149;0.00155294
809;SJV006024SJU;176;149;0.00127448
809;SJV006024SJU;177;149;0.00007678
809;SJV006024SJU;160;150;0.00110660
809;SJV006024SJU;161;150;0.00017233
809;SJV006024SJU;162;150;0.00254765
809;SJV006024SJU;163;150;0.00311956
809;SJV006024SJU;164;150;0.00597283
809;SJV006024SJU;165;150;0.00295232
809;SJV006024SJU;166;150;0.00291992
809;SJV006024SJU;167;150;0.00309273
809;SJV006024SJU;168;150;0.00275923
809;SJV006024SJU;169;150;0.00349742
809;SJV006024SJU;170;150;0.01926779
809;SJV006024SJU;171;150;0.04238453
809;SJV006024SJU;172;150;0.04369561
809;SJV006024SJU;173;150;0.00726272
809;SJV006024SJU;174;150;0.00351860
809;SJV006024SJU;175;150;0.00271064
809;SJV006024SJU;176;150;0.00144363
809;SJV006024SJU;177;150;0.00079803
809;SJV006024SJU;161;151;0.00105581
809;SJV006024SJU;162;151;0.00248512
809;SJV006024SJU;163;151;0.00216947
809;SJV006024SJU;164;151;0.00554057
809;SJV006024SJU;165;151;0.00198393
809;SJV006024SJU;166;151;0.00195683
809;SJV006024SJU;167;151;0.00242983
809;SJV006024SJU;168;151;0.01895629
809;SJV006024SJU;169;151;0.03421374
809;SJV006024SJU;170;151;0.02685777
809;SJV006024SJU;171;151;0.00994531
809;SJV006024SJU;172;151;0.00650393
809;SJV006024SJU;173;151;0.00266136
809;SJV006024SJU;174;151;0.00000935
809;SJV006024SJU;177;151;0.00068942
809;SJV006024SJU;178;151;0.00001429
809;SJV006024SJU;162;152;0.00117211
809;SJV006024SJU;163;152;0.00008117
809;SJV006024SJU;164;152;0.00438881
809;SJV006024SJU;165;152;0.00093212
809;SJV006024SJU;166;152;0.01542307
809;SJV006024SJU;167;152;0.02913730
809;SJV006024SJU;168;152;0.01115447
809;SJV006024SJU;169;152;0.00963152
809;SJV006024SJU;170;152;0.00124166
809;SJV006024SJU;171;152;0.00250812
809;SJV006024SJU;172;152;0.00176652
809;SJV006024SJU;173;152;0.00042020
809;SJV006024SJU;162;153;0.00072257
809;SJV006024SJU;163;153;0.00108189
809;SJV006024SJU;164;153;0.00639206
809;SJV006024SJU;165;153;0.00914173
809;SJV006024SJU;166;153;0.02439720
809;SJV006024SJU;167;153;0.00084951
809;SJV006024SJU;168;153;0.00612526
809;SJV006024SJU;169;153;0.00093929
809;SJV006024SJU;170;153;0.00175866
809;SJV006024SJU;171;153;0.00297231
809;SJV006024SJU;172;153;0.00003249
809;SJV006024SJU;173;153;0.00054461
809;SJV006024SJU;174;153;0.00013647
809;SJV006024SJU;175;153;0.00006826
809;SJV006024SJU;164;154;0.00238936
809;SJV006024SJU;165;154;0.02648382
809;SJV006024SJU;166;154;0.00327656
809;SJV006024SJU;167;154;0.00499742
809;SJV006024SJU;168;154;0.00059260
809;SJV006024SJU;169;154;0.00336871
809;SJV006024SJU;170;154;0.00036351
809;SJV006024SJU;171;154;0.00058875
809;SJV006024SJU;172;154;0.00005881
809;SJV006024SJU;173;154;0.00047396
809;SJV006024SJU;175;154;0.00006821
809;SJV006024SJU;176;154;0.00008943
809;SJV006024SJU;166;155;0.00133375
809;SJV006024SJU;167;155;0.00054541
809;SJV006024SJU;168;155;0.00316151
809;SJV006024SJU;169;155;0.00004746
809;SJV006024SJU;170;155;0.00006871
809;SJV006024SJU;171;155;0.00033363
809;SJV006024SJU;172;155;0.00062303
809;SJV006024SJU;173;155;0.00046692
809;SJV006024SJU;168;156;0.00027039
809;SJV006024SJU;169;156;0.00016842
809;SJV006024SJU;170;156;0.00027267
809;SJV006024SJU;171;156;0.00028901
809;SJV006024SJU;172;156;0.00015700
809;SJV006024SJU;173;156;0.00114427
809;SJV006024SJU;174;156;0.00022386
809;SJV006024SJU;175;156;0.00019487
809;SJV006024SJU;171;157;0.00003712
809;SJV006024SJU;173;157;0.00065442
809;SJV006024SJU;173;158;0.00037731
809;0NC0060490NS;117;178;0.00020912
809;0NC0060490NS;118;178;0.00363045
809;0NC0060490NS;119;178;0.00501459
809;0NC0060490NS;120;178;0.00343592
809;0NC0060490NS;117;179;0.00334092
809;0NC0060490NS;119;179;0.00954997
809;0NC0060490NS;120;179;0.00677484
809;0NC0060490NS;117;180;0.00292909
809;0NC0060490NS;120;180;0.00041390
809;0NC0060490NS;116;181;0.00627288
809;0NC0060490NS;117;181;0.00348661
809;0NC0060490NS;119;181;0.00858262
809;0NC0060490NS;120;181;0.00615417
809;0NC0060490NS;121;181;0.00351575
809;0NC0060490NS;115;182;0.00492190
809;0NC0060490NS;116;182;0.01287221
809;0NC0060490NS;117;182;0.01071148
809;0NC0060490NS;118;182;0.01723351
809;0NC0060490NS;119;182;0.00640086
809;0NC0060490NS;120;182;0.00813734
809;0NC0060490NS;121;182;0.01651397
809;0NC0060490NS;114;183;0.01190042
809;0NC0060490NS;115;183;0.00901995
809;0NC0060490NS;118;183;0.00208249
809;0NC0060490NS;119;183;0.01286179
809;0NC0060490NS;120;183;0.01027499
809;0NC0060490NS;121;183;0.02517791
809;0NC0060490NS;122;183;0.00397818
809;0NC0060490NS;113;184;0.00580851
809;0NC0060490NS;114;184;0.00177916
809;0NC0060490NS;121;184;0.00131306
809;0NC0060490NS;122;184;0.00264567
809;0NC0060490NS;121;185;0.00131306
809;0NC0060490NS;122;185;0.19532013
809;0NC0060490NS;121;186;0.08034644
809;0NC0060490NS;122;186;0.09465018
809;0NC0060490NS;124;186;0.00744872
809;0NC0060490NS;125;186;0.02664120
809;0NC0060490NS;126;186;0.01832560
809;0NC0060490NS;121;187;0.06786728
809;0NC0060490NS;122;187;0.01441689
809;0NC0060490NS;123;187;0.02611035
809;0NC0060490NS;124;187;0.01919249
809;0NC0060490NS;121;188;0.07526976
809;0NC0060490NS;120;189;0.04126965
809;0NC0060490NS;121;189;0.00920963
809;0NC0060490NS;119;190;0.04241251
809;0NC0060490NS;120;190;0.01101523
809;0NC0060490NS;118;191;0.00897870
809;0NC0060490NS;119;191;0.02961385
809;0NC0060490NS;118;192;0.00365413
809;0LT006031PLA;179;197;0.00181041
809;0LT006031PLA;178;198;0.00011474
809;0LT006031PLA;179;198;0.09808400
809;0LT006031PLA;178;199;0.00075948
809;0LT006031PLA;179;199;0.08592061
809;0LT006031PLA;177;200;0.00010284
809;0LT006031PLA;178;200;0.04226112
809;0LT006031PLA;179;200;0.16211267
809;0LT006031PLA;178;201;0.00717010
809;0LT006031PLA;179;201;0.04044073
809;0LT006031PLA;180;201;0.13529169
809;0LT006031PLA;180;202;0.07372906
809;0LT006031PLA;181;202;0.20962475
809;0LT006031PLA;182;202;0.08358166
809;0LT006031PLA;180;203;0.00348157
809;0LT006031PLA;181;203;0.05551459
809;0MC006031PLA;160;194;0.00087696
809;0MC006031PLA;161;194;0.01781072
809;0MC006031PLA;162;194;0.00935253
809;0MC006031PLA;160;195;0.00717019
809;0MC006031PLA;161;195;0.10351362
809;0MC006031PLA;162;195;0.01995941
809;0MC006031PLA;163;195;0.00220626
809;0MC006031PLA;161;196;0.10747537
809;0MC006031PLA;162;196;0.00750052
809;0MC006031PLA;163;196;0.01493083
809;0MC006031PLA;164;196;0.01671064
809;0MC006031PLA;165;196;0.01058329
809;0MC006031PLA;161;197;0.00275969
809;0MC006031PLA;162;197;0.07601383
809;0MC006031PLA;165;197;0.00345449
809;0MC006031PLA;166;197;0.00657634
809;0MC006031PLA;162;198;0.07231573
809;0MC006031PLA;166;198;0.00210351
809;0MC006031PLA;167;198;0.00156712
809;0MC006031PLA;162;199;0.06926266
809;0MC006031PLA;163;199;0.00760442
809;0MC006031PLA;167;199;0.00037534
809;0MC006031PLA;168;199;0.00001263
809;0MC006031PLA;163;200;0.04879650
809;0MC006031PLA;164;200;0.03826608
809;0MC006031PLA;168;200;0.00005268
809;0MC006031PLA;169;200;0.00003637
809;0MC006031PLA;170;200;0.00004618
809;0MC006031PLA;171;200;0.00004618
809;0MC006031PLA;172;200;0.00004351
809;0MC006031PLA;164;201;0.02913601
809;0MC006031PLA;165;201;0.05904698
809;0MC006031PLA;166;201;0.00746326
809;0MC006031PLA;169;201;0.00001375
809;0MC006031PLA;166;202;0.06668615
809;0MC006031PLA;166;203;0.00098982
809;0MC006031PLA;167;203;0.07155327
809;0MC006031PLA;168;203;0.00811540
809;0MC006031PLA;168;204;0.05721292
809;0MC006031PLA;169;204;0.02171107
809;0MC006031PLA;170;204;0.01608952
809;0MC006031PLA;171;204;0.01455824
809;0LT0060090ED;182;190;0.01305234
809;0LT0060090ED;183;190;0.00761232
809;0LT0060090ED;181;191;0.02390617
809;0LT0060090ED;182;191;0.01518110
809;0LT0060090ED;181;192;0.01327995
809;0LT0060090ED;182;192;0.08424125
809;0LT0060090ED;181;193;0.01236908
809;0LT0060090ED;182;193;0.12994875
809;0LT0060090ED;183;193;0.06327378
809;0LT0060090ED;180;194;0.05159947
809;0LT0060090ED;181;194;0.04372930
809;0LT0060090ED;182;194;0.13947438
809;0LT0060090ED;183;194;0.27515453
809;0LT0060090ED;180;195;0.03355870
809;0LT0060090ED;183;195;0.02297016
809;0LT0060090ED;179;196;0.01445497
809;0LT0060090ED;180;196;0.01941332
809;0LT0060090ED;179;197;0.02294809
809;0LT0060090ED;180;197;0.01383234
809;0SV0060480YS;146;173;0.00001607
809;0SV0060480YS;143;174;0.00000655
809;0SV0060480YS;144;174;0.00001358
809;0SV0060480YS;145;174;0.00001322
809;0SV0060480YS;146;174;0.00000347
809;0SV0060480YS;144;175;0.00000139
809;0SV0060480YS;144;176;0.00000139
809;0SV0060480YS;140;177;0.00000013
809;0SV0060480YS;141;177;0.00000024
809;0SV0060480YS;143;177;0.00000145
809;0SV0060480YS;144;177;0.00000046
809;0SV0060480YS;139;178;0.00041046
809;0SV0060480YS;140;178;0.00053860
809;0SV0060480YS;141;178;0.00000716
809;0SV0060480YS;142;178;0.00000037
809;0SV0060480YS;143;178;0.00000126
809;0SV0060480YS;139;179;0.00000269
809;0SV0060480YS;140;179;0.07976181
809;0SV0060480YS;141;179;0.02878800
809;0SV0060480YS;142;179;0.00000004
809;0SV0060480YS;143;179;0.00000065
809;0SV0060480YS;140;180;0.02821496
809;0SV0060480YS;141;180;0.16055386
809;0SV0060480YS;142;180;0.07254360
809;0SV0060480YS;143;180;0.00002651
809;0SV0060480YS;140;181;0.00712307
809;0SV0060480YS;141;181;0.02109178
809;0SV0060480YS;142;181;0.11663597
809;0SV0060480YS;143;181;0.11637200
809;0SV0060480YS;141;182;0.01979761
809;0SV0060480YS;143;182;0.07377153
809;0SV0060480YS;144;182;0.11508834
809;0SV0060480YS;138;183;0.00014233
809;0SV0060480YS;140;183;0.00067403
809;0SV0060480YS;141;183;0.01278027
809;0SV0060480YS;144;183;0.02659542
809;0SV0060480YS;145;183;0.11901973
809;SJV006015SJU;205;82;0.00030931
809;SJV006015SJU;206;82;0.00013138
809;SJV006015SJU;207;82;0.00064613
809;SJV006015SJU;208;82;0.00214572
809;SJV006015SJU;200;83;0.00000921
809;SJV006015SJU;201;83;0.00026670
809;SJV006015SJU;202;83;0.00028008
809;SJV006015SJU;203;83;0.00043492
809;SJV006015SJU;204;83;0.00043963
809;SJV006015SJU;205;83;0.00031565
809;SJV006015SJU;206;83;0.00052381
809;SJV006015SJU;207;83;0.00049022
809;SJV006015SJU;208;83;0.01189871
809;SJV006015SJU;197;84;0.00016263
809;SJV006015SJU;198;84;0.00000275
809;SJV006015SJU;199;84;0.00009333
809;SJV006015SJU;200;84;0.00015335
809;SJV006015SJU;207;84;0.00699080
809;SJV006015SJU;208;84;0.00652163
809;SJV006015SJU;196;85;0.00024085
809;SJV006015SJU;197;85;0.00004847
809;SJV006015SJU;207;85;0.01131220
809;SJV006015SJU;194;86;0.00001749
809;SJV006015SJU;195;86;0.00123364
809;SJV006015SJU;196;86;0.00010984
809;SJV006015SJU;206;86;0.00340757
809;SJV006015SJU;207;86;0.00690458
809;SJV006015SJU;194;87;0.00000136
809;SJV006015SJU;195;87;0.00030873
809;SJV006015SJU;196;87;0.00042894
809;SJV006015SJU;206;87;0.01175290
809;SJV006015SJU;207;87;0.00149980
809;SJV006015SJU;208;87;0.00021917
809;SJV006015SJU;196;88;0.00048907
809;SJV006015SJU;205;88;0.00017163
809;SJV006015SJU;206;88;0.01063167
809;SJV006015SJU;207;88;0.00043317
809;SJV006015SJU;208;88;0.00018417
809;SJV006015SJU;196;89;0.00080857
809;SJV006015SJU;197;89;0.00027594
809;SJV006015SJU;198;89;0.00027594
809;SJV006015SJU;199;89;0.00033664
809;SJV006015SJU;200;89;0.00047016
809;SJV006015SJU;201;89;0.00047016
809;SJV006015SJU;202;89;0.00056102
809;SJV006015SJU;203;89;0.00021815
809;SJV006015SJU;204;89;0.00041003
809;SJV006015SJU;205;89;0.00543545
809;SJV006015SJU;206;89;0.00576375
809;SJV006015SJU;207;89;0.00073769
809;SJV006015SJU;208;89;0.00026833
809;SJV006015SJU;195;90;0.00035397
809;SJV006015SJU;196;90;0.00109703
809;SJV006015SJU;197;90;0.00027057
809;SJV006015SJU;198;90;0.00031640
809;SJV006015SJU;199;90;0.00026551
809;SJV006015SJU;200;90;0.00026552
809;SJV006015SJU;201;90;0.00026555
809;SJV006015SJU;202;90;0.00044705
809;SJV006015SJU;203;90;0.00050779
809;SJV006015SJU;204;90;0.00474071
809;SJV006015SJU;205;90;0.00502287
809;SJV006015SJU;206;90;0.00171895
809;SJV006015SJU;207;90;0.00100360
809;SJV006015SJU;208;90;0.00069918
809;SJV006015SJU;194;91;0.00035531
809;SJV006015SJU;195;91;0.00280576
809;SJV006015SJU;196;91;0.00020090
809;SJV006015SJU;197;91;0.00008817
809;SJV006015SJU;198;91;0.00008146
809;SJV006015SJU;199;91;0.00001958
809;SJV006015SJU;200;91;0.00000763
809;SJV006015SJU;202;91;0.00000113
809;SJV006015SJU;203;91;0.00447982
809;SJV006015SJU;204;91;0.00078924
809;SJV006015SJU;205;91;0.00610669
809;SJV006015SJU;206;91;0.00011172
809;SJV006015SJU;207;91;0.00066687
809;SJV006015SJU;208;91;0.00050352
809;SJV006015SJU;193;92;0.00053526
809;SJV006015SJU;194;92;0.00047417
809;SJV006015SJU;195;92;0.00291222
809;SJV006015SJU;200;92;0.00000254
809;SJV006015SJU;201;92;0.00000382
809;SJV006015SJU;202;92;0.00398046
809;SJV006015SJU;203;92;0.00111320
809;SJV006015SJU;204;92;0.00006557
809;SJV006015SJU;205;92;0.00613883
809;SJV006015SJU;207;92;0.00070558
809;SJV006015SJU;208;92;0.00053720
809;SJV006015SJU;209;92;0.00001144
809;SJV006015SJU;192;93;0.00036333
809;SJV006015SJU;193;93;0.00032229
809;SJV006015SJU;195;93;0.00097364
809;SJV006015SJU;196;93;0.00230410
809;SJV006015SJU;197;93;0.00006394
809;SJV006015SJU;200;93;0.00001294
809;SJV006015SJU;201;93;0.00318516
809;SJV006015SJU;202;93;0.00210655
809;SJV006015SJU;203;93;0.00026596
809;SJV006015SJU;204;93;0.00032826
809;SJV006015SJU;205;93;0.00806845
809;SJV006015SJU;206;93;0.00159506
809;SJV006015SJU;207;93;0.00221463
809;SJV006015SJU;208;93;0.00288003
809;SJV006015SJU;209;93;0.00127925
809;SJV006015SJU;210;93;0.00052314
809;SJV006015SJU;211;93;0.00036451
809;SJV006015SJU;191;94;0.00009301
809;SJV006015SJU;192;94;0.00017410
809;SJV006015SJU;195;94;0.00061992
809;SJV006015SJU;197;94;0.00223065
809;SJV006015SJU;198;94;0.00092380
809;SJV006015SJU;200;94;0.00267654
809;SJV006015SJU;201;94;0.00190240
809;SJV006015SJU;202;94;0.00071132
809;SJV006015SJU;203;94;0.00034415
809;SJV006015SJU;204;94;0.00338897
809;SJV006015SJU;205;94;0.00738579
809;SJV006015SJU;206;94;0.00224705
809;SJV006015SJU;207;94;0.00291699
809;SJV006015SJU;208;94;0.00323509
809;SJV006015SJU;209;94;0.00107914
809;SJV006015SJU;210;94;0.00002315
809;SJV006015SJU;211;94;0.00018861
809;SJV006015SJU;212;94;0.00054344
809;SJV006015SJU;214;94;0.00124377
809;SJV006015SJU;190;95;0.00002531
809;SJV006015SJU;191;95;0.00025159
809;SJV006015SJU;194;95;0.00017299
809;SJV006015SJU;195;95;0.00034744
809;SJV006015SJU;198;95;0.00128878
809;SJV006015SJU;199;95;0.00563664
809;SJV006015SJU;200;95;0.00397795
809;SJV006015SJU;201;95;0.00162038
809;SJV006015SJU;202;95;0.00308454
809;SJV006015SJU;203;95;0.00523620
809;SJV006015SJU;204;95;0.02141682
809;SJV006015SJU;205;95;0.00417632
809;SJV006015SJU;206;95;0.00211571
809;SJV006015SJU;207;95;0.00219070
809;SJV006015SJU;208;95;0.00213652
809;SJV006015SJU;209;95;0.00037579
809;SJV006015SJU;210;95;0.00048145
809;SJV006015SJU;211;95;0.00295931
809;SJV006015SJU;212;95;0.00288914
809;SJV006015SJU;213;95;0.00331870
809;SJV006015SJU;214;95;0.00058254
809;SJV006015SJU;187;96;0.00001437
809;SJV006015SJU;188;96;0.00002392
809;SJV006015SJU;189;96;0.00002305
809;SJV006015SJU;190;96;0.00000014
809;SJV006015SJU;191;96;0.00024539
809;SJV006015SJU;194;96;0.00018841
809;SJV006015SJU;195;96;0.00035971
809;SJV006015SJU;198;96;0.00271558
809;SJV006015SJU;199;96;0.00398999
809;SJV006015SJU;201;96;0.00001562
809;SJV006015SJU;202;96;0.00675076
809;SJV006015SJU;203;96;0.01443635
809;SJV006015SJU;204;96;0.03377954
809;SJV006015SJU;205;96;0.00477904
809;SJV006015SJU;206;96;0.00064577
809;SJV006015SJU;207;96;0.00236604
809;SJV006015SJU;208;96;0.00201474
809;SJV006015SJU;209;96;0.00179475
809;SJV006015SJU;210;96;0.00328701
809;SJV006015SJU;213;96;0.00004106
809;SJV006015SJU;214;96;0.00005179
809;SJV006015SJU;186;97;0.00000766
809;SJV006015SJU;187;97;0.00000674
809;SJV006015SJU;190;97;0.00006166
809;SJV006015SJU;191;97;0.00012896
809;SJV006015SJU;192;97;0.00007881
809;SJV006015SJU;194;97;0.00056850
809;SJV006015SJU;196;97;0.00000513
809;SJV006015SJU;197;97;0.00458062
809;SJV006015SJU;198;97;0.00287314
809;SJV006015SJU;199;97;0.00241711
809;SJV006015SJU;200;97;0.00188007
809;SJV006015SJU;201;97;0.00371436
809;SJV006015SJU;202;97;0.02068304
809;SJV006015SJU;203;97;0.03161853
809;SJV006015SJU;204;97;0.05450910
809;SJV006015SJU;205;97;0.02222878
809;SJV006015SJU;206;97;0.01667620
809;SJV006015SJU;207;97;0.00911487
809;SJV006015SJU;208;97;0.00472516
809;SJV006015SJU;209;97;0.00157588
809;SJV006015SJU;190;98;0.00026979
809;SJV006015SJU;191;98;0.00009872
809;SJV006015SJU;192;98;0.00012915
809;SJV006015SJU;193;98;0.00036202
809;SJV006015SJU;194;98;0.00086865
809;SJV006015SJU;195;98;0.00074324
809;SJV006015SJU;196;98;0.00623997
809;SJV006015SJU;197;98;0.00175389
809;SJV006015SJU;198;98;0.00067086
809;SJV006015SJU;199;98;0.00213437
809;SJV006015SJU;200;98;0.00098693
809;SJV006015SJU;201;98;0.00283953
809;SJV006015SJU;202;98;0.01192240
809;SJV006015SJU;203;98;0.01971217
809;SJV006015SJU;204;98;0.04452980
809;SJV006015SJU;205;98;0.02653419
809;SJV006015SJU;206;98;0.01701867
809;SJV006015SJU;207;98;0.00581525
809;SJV006015SJU;208;98;0.00155843
809;SJV006015SJU;209;98;0.00000106
809;SJV006015SJU;189;99;0.00011750
809;SJV006015SJU;190;99;0.00016870
809;SJV006015SJU;194;99;0.00091352
809;SJV006015SJU;195;99;0.00570214
809;SJV006015SJU;196;99;0.00116261
809;SJV006015SJU;197;99;0.00064465
809;SJV006015SJU;198;99;0.00062109
809;SJV006015SJU;199;99;0.00203555
809;SJV006015SJU;200;99;0.00253425
809;SJV006015SJU;201;99;0.00711181
809;SJV006015SJU;202;99;0.00926391
809;SJV006015SJU;203;99;0.02786105
809;SJV006015SJU;204;99;0.01553852
809;SJV006015SJU;205;99;0.00294658
809;SJV006015SJU;206;99;0.00133297
809;SJV006015SJU;207;99;0.00080428
809;SJV006015SJU;208;99;0.00140644
809;SJV006015SJU;209;99;0.00053565
809;SJV006015SJU;189;100;0.00032163
809;SJV006015SJU;193;100;0.00132699
809;SJV006015SJU;194;100;0.00562304
809;SJV006015SJU;197;100;0.00036051
809;SJV006015SJU;198;100;0.00005866
809;SJV006015SJU;199;100;0.00227618
809;SJV006015SJU;200;100;0.00232918
809;SJV006015SJU;201;100;0.00079384
809;SJV006015SJU;202;100;0.01316912
809;SJV006015SJU;203;100;0.00562533
809;SJV006015SJU;204;100;0.00090399
809;SJV006015SJU;206;100;0.00006929
809;SJV006015SJU;207;100;0.00006836
809;SJV006015SJU;209;100;0.00015232
809;SJV006015SJU;210;100;0.00059884
809;SJV006015SJU;211;100;0.00022938
809;SJV006015SJU;188;101;0.00023883
809;SJV006015SJU;189;101;0.00050186
809;SJV006015SJU;190;101;0.00020426
809;SJV006015SJU;191;101;0.00020569
809;SJV006015SJU;192;101;0.00151718
809;SJV006015SJU;193;101;0.00542348
809;SJV006015SJU;194;101;0.00060779
809;SJV006015SJU;195;101;0.00039015
809;SJV006015SJU;196;101;0.00050300
809;SJV006015SJU;197;101;0.00096216
809;SJV006015SJU;198;101;0.00144006
809;SJV006015SJU;199;101;0.00548297
809;SJV006015SJU;200;101;0.00245359
809;SJV006015SJU;201;101;0.01510091
809;SJV006015SJU;202;101;0.00239082
809;SJV006015SJU;203;101;0.00130845
809;SJV006015SJU;204;101;0.00000770
809;SJV006015SJU;205;101;0.00021665
809;SJV006015SJU;209;101;0.00005806
809;SJV006015SJU;210;101;0.00019596
809;SJV006015SJU;211;101;0.00051442
809;SJV006015SJU;212;101;0.00018633
809;SJV006015SJU;181;102;0.00000182
809;SJV006015SJU;182;102;0.00000201
809;SJV006015SJU;187;102;0.00009761
809;SJV006015SJU;188;102;0.00007409
809;SJV006015SJU;189;102;0.00021759
809;SJV006015SJU;191;102;0.00063329
809;SJV006015SJU;192;102;0.00565885
809;SJV006015SJU;194;102;0.00024270
809;SJV006015SJU;197;102;0.00147238
809;SJV006015SJU;198;102;0.00206972
809;SJV006015SJU;199;102;0.00059357
809;SJV006015SJU;200;102;0.00619574
809;SJV006015SJU;201;102;0.00436516
809;SJV006015SJU;202;102;0.00009716
809;SJV006015SJU;203;102;0.00108659
809;SJV006015SJU;205;102;0.00007706
809;SJV006015SJU;206;102;0.00011370
809;SJV006015SJU;210;102;0.00000939
809;SJV006015SJU;211;102;0.00009241
809;SJV006015SJU;212;102;0.00047336
809;SJV006015SJU;213;102;0.00044618
809;SJV006015SJU;182;103;0.00000440
809;SJV006015SJU;183;103;0.00000650
809;SJV006015SJU;184;103;0.00000272
809;SJV006015SJU;186;103;0.00010083
809;SJV006015SJU;187;103;0.00007220
809;SJV006015SJU;189;103;0.00021761
809;SJV006015SJU;191;103;0.00607333
809;SJV006015SJU;194;103;0.00022675
809;SJV006015SJU;196;103;0.00000835
809;SJV006015SJU;197;103;0.00305355
809;SJV006015SJU;198;103;0.00021567
809;SJV006015SJU;199;103;0.00127104
809;SJV006015SJU;200;103;0.01137493
809;SJV006015SJU;201;103;0.00000110
809;SJV006015SJU;203;103;0.00090251
809;SJV006015SJU;206;103;0.00014349
809;SJV006015SJU;212;103;0.00009378
809;SJV006015SJU;213;103;0.00023469
809;SJV006015SJU;214;103;0.00021929
809;SJV006015SJU;178;104;0.00000918
809;SJV006015SJU;179;104;0.00001695
809;SJV006015SJU;182;104;0.00022221
809;SJV006015SJU;183;104;0.00096204
809;SJV006015SJU;184;104;0.00095116
809;SJV006015SJU;185;104;0.00103745
809;SJV006015SJU;186;104;0.00101133
809;SJV006015SJU;187;104;0.00094144
809;SJV006015SJU;188;104;0.00132749
809;SJV006015SJU;189;104;0.00191691
809;SJV006015SJU;190;104;0.00595146
809;SJV006015SJU;191;104;0.00138220
809;SJV006015SJU;192;104;0.00091384
809;SJV006015SJU;193;104;0.00063491
809;SJV006015SJU;194;104;0.00071141
809;SJV006015SJU;195;104;0.00088931
809;SJV006015SJU;196;104;0.00106381
809;SJV006015SJU;197;104;0.00241214
809;SJV006015SJU;198;104;0.00129185
809;SJV006015SJU;199;104;0.00128136
809;SJV006015SJU;200;104;0.01049112
809;SJV006015SJU;201;104;0.00007800
809;SJV006015SJU;202;104;0.00001351
809;SJV006015SJU;203;104;0.00087570
809;SJV006015SJU;204;104;0.00003218
809;SJV006015SJU;205;104;0.00004426
809;SJV006015SJU;206;104;0.00018786
809;SJV006015SJU;207;104;0.00008884
809;SJV006015SJU;208;104;0.00008626
809;SJV006015SJU;212;104;0.00004027
809;SJV006015SJU;213;104;0.00007615
809;SJV006015SJU;181;105;0.00091765
809;SJV006015SJU;182;105;0.00077231
809;SJV006015SJU;185;105;0.00012330
809;SJV006015SJU;189;105;0.00129732
809;SJV006015SJU;190;105;0.00290536
809;SJV006015SJU;192;105;0.00021381
809;SJV006015SJU;195;105;0.00011684
809;SJV006015SJU;197;105;0.00082028
809;SJV006015SJU;198;105;0.00001576
809;SJV006015SJU;199;105;0.00001576
809;SJV006015SJU;200;105;0.00975392
809;SJV006015SJU;202;105;0.00002674
809;SJV006015SJU;203;105;0.00068870
809;SJV006015SJU;204;105;0.00000920
809;SJV006015SJU;206;105;0.00008754
809;SJV006015SJU;207;105;0.00000728
809;SJV006015SJU;208;105;0.00002327
809;SJV006015SJU;209;105;0.00010614
809;SJV006015SJU;210;105;0.00005095
809;SJV006015SJU;213;105;0.00002764
809;SJV006015SJU;214;105;0.00005142
809;SJV006015SJU;179;106;0.00060053
809;SJV006015SJU;180;106;0.00096051
809;SJV006015SJU;181;106;0.00007327
809;SJV006015SJU;182;106;0.00000210
809;SJV006015SJU;184;106;0.00009940
809;SJV006015SJU;185;106;0.00002278
809;SJV006015SJU;189;106;0.00420325
809;SJV006015SJU;192;106;0.00021423
809;SJV006015SJU;195;106;0.00012064
809;SJV006015SJU;197;106;0.00070554
809;SJV006015SJU;198;106;0.00034203
809;SJV006015SJU;199;106;0.00039678
809;SJV006015SJU;200;106;0.01026995
809;SJV006015SJU;201;106;0.00072580
809;SJV006015SJU;202;106;0.00005981
809;SJV006015SJU;203;106;0.00052046
809;SJV006015SJU;207;106;0.00009535
809;SJV006015SJU;208;106;0.00003853
809;SJV006015SJU;210;106;0.00005485
809;SJV006015SJU;211;106;0.00002091
809;SJV006015SJU;214;106;0.00000583
809;SJV006015SJU;178;107;0.00022478
809;SJV006015SJU;179;107;0.00038554
809;SJV006015SJU;182;107;0.00000538
809;SJV006015SJU;183;107;0.00002499
809;SJV006015SJU;184;107;0.00029387
809;SJV006015SJU;185;107;0.00016612
809;SJV006015SJU;186;107;0.00018740
809;SJV006015SJU;187;107;0.00021692
809;SJV006015SJU;188;107;0.00304757
809;SJV006015SJU;189;107;0.00129818
809;SJV006015SJU;192;107;0.00021427
809;SJV006015SJU;195;107;0.00010133
809;SJV006015SJU;197;107;0.00054133
809;SJV006015SJU;198;107;0.00055750
809;SJV006015SJU;199;107;0.00963088
809;SJV006015SJU;200;107;0.00083412
809;SJV006015SJU;201;107;0.00068047
809;SJV006015SJU;203;107;0.00052171
809;SJV006015SJU;208;107;0.00011462
809;SJV006015SJU;209;107;0.00004764
809;SJV006015SJU;210;107;0.00004336
809;SJV006015SJU;211;107;0.00014541
809;SJV006015SJU;212;107;0.00005115
809;SJV006015SJU;178;108;0.00000012
809;SJV006015SJU;180;108;0.00155815
809;SJV006015SJU;183;108;0.00022046
809;SJV006015SJU;185;108;0.00003905
809;SJV006015SJU;187;108;0.00030096
809;SJV006015SJU;188;108;0.00377256
809;SJV006015SJU;192;108;0.00026340
809;SJV006015SJU;193;108;0.00025629
809;SJV006015SJU;194;108;0.00025629
809;SJV006015SJU;195;108;0.00034804
809;SJV006015SJU;196;108;0.00034796
809;SJV006015SJU;197;108;0.00101026
809;SJV006015SJU;198;108;0.00130739
809;SJV006015SJU;199;108;0.01267580
809;SJV006015SJU;200;108;0.00174034
809;SJV006015SJU;201;108;0.00075721
809;SJV006015SJU;202;108;0.00095309
809;SJV006015SJU;203;108;0.00073760
809;SJV006015SJU;204;108;0.00006186
809;SJV006015SJU;205;108;0.00006445
809;SJV006015SJU;206;108;0.00006603
809;SJV006015SJU;207;108;0.00006428
809;SJV006015SJU;208;108;0.00001985
809;SJV006015SJU;211;108;0.00003000
809;SJV006015SJU;212;108;0.00004114
809;SJV006015SJU;213;108;0.00009292
809;SJV006015SJU;214;108;0.00001908
809;SJV006015SJU;180;109;0.00028240
809;SJV006015SJU;187;109;0.00071462
809;SJV006015SJU;192;109;0.00000677
809;SJV006015SJU;197;109;0.00012817
809;SJV006015SJU;198;109;0.00012147
809;SJV006015SJU;199;109;0.00362549
809;SJV006015SJU;200;109;0.00049141
809;SJV006015SJU;201;109;0.00035696
809;SJV006015SJU;202;109;0.00037267
809;SJV006015SJU;203;109;0.00029281
809;SJV006015SJU;209;109;0.00085423
809;0SC0060190SC;222;52;0.00004144
809;0SC0060190SC;219;53;0.00003257
809;0SC0060190SC;220;53;0.00004457
809;0SC0060190SC;221;53;0.00018571
809;0SC0060190SC;222;53;0.00071581
809;0SC0060190SC;223;53;0.00111341
809;0SC0060190SC;224;53;0.00027605
809;0SC0060190SC;219;54;0.00006723
809;0SC0060190SC;220;54;0.00024129
809;0SC0060190SC;221;54;0.00027489
809;0SC0060190SC;222;54;0.00390401
809;0SC0060190SC;223;54;0.00423775
809;0SC0060190SC;224;54;0.00443381
809;0SC0060190SC;225;54;0.00094954
809;0SC0060190SC;226;54;0.00103430
809;0SC0060190SC;219;55;0.00002933
809;0SC0060190SC;220;55;0.00058551
809;0SC0060190SC;221;55;0.00135770
809;0SC0060190SC;222;55;0.00443342
809;0SC0060190SC;223;55;0.00304650
809;0SC0060190SC;224;55;0.00774246
809;0SC0060190SC;225;55;0.00739330
809;0SC0060190SC;226;55;0.00579083
809;0SC0060190SC;227;55;0.00047383
809;0SC0060190SC;219;56;0.00014190
809;0SC0060190SC;220;56;0.00123646
809;0SC0060190SC;221;56;0.00233387
809;0SC0060190SC;222;56;0.00954872
809;0SC0060190SC;223;56;0.00901873
809;0SC0060190SC;224;56;0.00867537
809;0SC0060190SC;225;56;0.00074627
809;0SC0060190SC;226;56;0.00220228
809;0SC0060190SC;227;56;0.00103056
809;0SC0060190SC;219;57;0.00033291
809;0SC0060190SC;220;57;0.00553847
809;0SC0060190SC;221;57;0.00857364
809;0SC0060190SC;222;57;0.01057369
809;0SC0060190SC;223;57;0.00606175
809;0SC0060190SC;224;57;0.01020700
809;0SC0060190SC;225;57;0.00623446
809;0SC0060190SC;226;57;0.00873123
809;0SC0060190SC;227;57;0.00499949
809;0SC0060190SC;228;57;0.00345799
809;0SC0060190SC;218;58;0.00002201
809;0SC0060190SC;219;58;0.00107599
809;0SC0060190SC;220;58;0.00887064
809;0SC0060190SC;221;58;0.00575600
809;0SC0060190SC;222;58;0.00768780
809;0SC0060190SC;223;58;0.00210077
809;0SC0060190SC;224;58;0.00932920
809;0SC0060190SC;225;58;0.00510202
809;0SC0060190SC;226;58;0.00893933
809;0SC0060190SC;227;58;0.00904894
809;0SC0060190SC;228;58;0.00235373
809;0SC0060190SC;229;58;0.00029790
809;0SC0060190SC;218;59;0.00025542
809;0SC0060190SC;219;59;0.00296781
809;0SC0060190SC;220;59;0.01140877
809;0SC0060190SC;221;59;0.00123727
809;0SC0060190SC;222;59;0.00577168
809;0SC0060190SC;223;59;0.00509628
809;0SC0060190SC;224;59;0.00550563
809;0SC0060190SC;225;59;0.00161035
809;0SC0060190SC;226;59;0.01419678
809;0SC0060190SC;227;59;0.00211361
809;0SC0060190SC;228;59;0.00112101
809;0SC0060190SC;229;59;0.00020647
809;0SC0060190SC;230;59;0.00008924
809;0SC0060190SC;231;59;0.00091030
809;0SC0060190SC;217;60;0.00025209
809;0SC0060190SC;218;60;0.00152486
809;0SC0060190SC;219;60;0.00795630
809;0SC0060190SC;220;60;0.00465057
809;0SC0060190SC;221;60;0.00179984
809;0SC0060190SC;222;60;0.00582205
809;0SC0060190SC;223;60;0.00321946
809;0SC0060190SC;224;60;0.00651868
809;0SC0060190SC;225;60;0.00931738
809;0SC0060190SC;226;60;0.00623158
809;0SC0060190SC;227;60;0.00426367
809;0SC0060190SC;228;60;0.00037080
809;0SC0060190SC;229;60;0.00046411
809;0SC0060190SC;230;60;0.00077657
809;0SC0060190SC;231;60;0.00096203
809;0SC0060190SC;232;60;0.00314615
809;0SC0060190SC;207;61;0.00019794
809;0SC0060190SC;208;61;0.00026937
809;0SC0060190SC;209;61;0.00032025
809;0SC0060190SC;210;61;0.00036405
809;0SC0060190SC;211;61;0.00035101
809;0SC0060190SC;212;61;0.00040551
809;0SC0060190SC;213;61;0.00046287
809;0SC0060190SC;214;61;0.00043895
809;0SC0060190SC;215;61;0.00050390
809;0SC0060190SC;216;61;0.00072059
809;0SC0060190SC;217;61;0.00267819
809;0SC0060190SC;218;61;0.00685112
809;0SC0060190SC;219;61;0.00812518
809;0SC0060190SC;220;61;0.00502545
809;0SC0060190SC;221;61;0.00518693
809;0SC0060190SC;222;61;0.01069275
809;0SC0060190SC;223;61;0.01178497
809;0SC0060190SC;224;61;0.01513635
809;0SC0060190SC;225;61;0.00831078
809;0SC0060190SC;226;61;0.00231385
809;0SC0060190SC;227;61;0.00792048
809;0SC0060190SC;228;61;0.00508260
809;0SC0060190SC;229;61;0.00658449
809;0SC0060190SC;230;61;0.00618648
809;0SC0060190SC;231;61;0.00539785
809;0SC0060190SC;232;61;0.00867682
809;0SC0060190SC;233;61;0.00279291
809;0SC0060190SC;234;61;0.00303886
809;0SC0060190SC;208;62;0.00002399
809;0SC0060190SC;209;62;0.00000424
809;0SC0060190SC;210;62;0.00004915
809;0SC0060190SC;211;62;0.00001243
809;0SC0060190SC;212;62;0.00015274
809;0SC0060190SC;213;62;0.00001660
809;0SC0060190SC;214;62;0.00002553
809;0SC0060190SC;215;62;0.00012924
809;0SC0060190SC;216;62;0.00012493
809;0SC0060190SC;217;62;0.00060082
809;0SC0060190SC;218;62;0.00851082
809;0SC0060190SC;219;62;0.00260105
809;0SC0060190SC;220;62;0.00422560
809;0SC0060190SC;221;62;0.00385946
809;0SC0060190SC;222;62;0.01064970
809;0SC0060190SC;223;62;0.01609781
809;0SC0060190SC;224;62;0.00870273
809;0SC0060190SC;225;62;0.00410619
809;0SC0060190SC;226;62;0.00385195
809;0SC0060190SC;227;62;0.00622053
809;0SC0060190SC;228;62;0.01088684
809;0SC0060190SC;229;62;0.00172870
809;0SC0060190SC;230;62;0.00072857
809;0SC0060190SC;231;62;0.00030367
809;0SC0060190SC;232;62;0.00084559
809;0SC0060190SC;233;62;0.00617095
809;0SC0060190SC;234;62;0.00268387
809;0SC0060190SC;235;62;0.00000030
809;0SC0060190SC;208;63;0.00000507
809;0SC0060190SC;209;63;0.00004719
809;0SC0060190SC;210;63;0.00009801
809;0SC0060190SC;211;63;0.00018441
809;0SC0060190SC;212;63;0.00021924
809;0SC0060190SC;213;63;0.00003369
809;0SC0060190SC;214;63;0.00005311
809;0SC0060190SC;215;63;0.00008482
809;0SC0060190SC;217;63;0.00482865
809;0SC0060190SC;218;63;0.00017457
809;0SC0060190SC;219;63;0.00058990
809;0SC0060190SC;220;63;0.00247734
809;0SC0060190SC;221;63;0.00513741
809;0SC0060190SC;222;63;0.00763239
809;0SC0060190SC;223;63;0.00879267
809;0SC0060190SC;224;63;0.00107194
809;0SC0060190SC;225;63;0.00318733
809;0SC0060190SC;226;63;0.00388026
809;0SC0060190SC;227;63;0.00309298
809;0SC0060190SC;228;63;0.00390181
809;0SC0060190SC;229;63;0.00507383
809;0SC0060190SC;230;63;0.00559724
809;0SC0060190SC;231;63;0.00527832
809;0SC0060190SC;232;63;0.00724248
809;0SC0060190SC;233;63;0.00706319
809;0SC0060190SC;234;63;0.00681546
809;0SC0060190SC;235;63;0.00149493
809;0SC0060190SC;209;64;0.00002860
809;0SC0060190SC;210;64;0.00398771
809;0SC0060190SC;211;64;0.00478249
809;0SC0060190SC;212;64;0.00522105
809;0SC0060190SC;213;64;0.00469867
809;0SC0060190SC;214;64;0.00022417
809;0SC0060190SC;215;64;0.00008236
809;0SC0060190SC;216;64;0.00000909
809;0SC0060190SC;217;64;0.00621820
809;0SC0060190SC;218;64;0.00057390
809;0SC0060190SC;219;64;0.00054927
809;0SC0060190SC;220;64;0.00345805
809;0SC0060190SC;221;64;0.00026959
809;0SC0060190SC;222;64;0.00913379
809;0SC0060190SC;223;64;0.00485744
809;0SC0060190SC;224;64;0.00353227
809;0SC0060190SC;225;64;0.00143777
809;0SC0060190SC;226;64;0.00096905
809;0SC0060190SC;227;64;0.00085828
809;0SC0060190SC;228;64;0.00604071
809;0SC0060190SC;229;64;0.00979758
809;0SC0060190SC;230;64;0.00736497
809;0SC0060190SC;231;64;0.00649757
809;0SC0060190SC;232;64;0.00694108
809;0SC0060190SC;233;64;0.00397110
809;0SC0060190SC;234;64;0.00370454
809;0SC0060190SC;235;64;0.00219173
809;0SC0060190SC;210;65;0.00003445
809;0SC0060190SC;211;65;0.00002687
809;0SC0060190SC;212;65;0.00000547
809;0SC0060190SC;213;65;0.00037732
809;0SC0060190SC;214;65;0.00616797
809;0SC0060190SC;215;65;0.00672235
809;0SC0060190SC;216;65;0.00677976
809;0SC0060190SC;217;65;0.01105671
809;0SC0060190SC;218;65;0.00617323
809;0SC0060190SC;219;65;0.00704440
809;0SC0060190SC;220;65;0.00598182
809;0SC0060190SC;221;65;0.01147522
809;0SC0060190SC;222;65;0.00715747
809;0SC0060190SC;223;65;0.00335194
809;0SC0060190SC;224;65;0.00328830
809;0SC0060190SC;225;65;0.00854525
809;0SC0060190SC;226;65;0.00726780
809;0SC0060190SC;227;65;0.00654416
809;0SC0060190SC;228;65;0.00141547
809;0SC0060190SC;229;65;0.00006670
809;0SC0060190SC;230;65;0.00011637
809;0SC0060190SC;231;65;0.00003270
809;0SC0060190SC;232;65;0.00002607
809;0SC0060190SC;233;65;0.00000158
809;0SC0060190SC;234;65;0.00000479
809;0SC0060190SC;235;65;0.00000620
809;0SC0060190SC;213;66;0.00010777
809;0SC0060190SC;214;66;0.00082036
809;0SC0060190SC;215;66;0.00133912
809;0SC0060190SC;216;66;0.00127665
809;0SC0060190SC;217;66;0.00458681
809;0SC0060190SC;218;66;0.00172623
809;0SC0060190SC;219;66;0.00256698
809;0SC0060190SC;220;66;0.00714196
809;0SC0060190SC;221;66;0.00237174
809;0SC0060190SC;222;66;0.00002557
809;0SC0060190SC;223;66;0.00360144
809;0SC0060190SC;224;66;0.00313340
809;0SC0060190SC;225;66;0.00015881
809;0SC0060190SC;226;66;0.00005380
809;0SC0060190SC;231;66;0.00001039
809;0SC0060190SC;213;67;0.00002176
809;0SC0060190SC;214;67;0.00067996
809;0SC0060190SC;215;67;0.00177234
809;0SC0060190SC;216;67;0.00121440
809;0SC0060190SC;217;67;0.00359918
809;0SC0060190SC;218;67;0.00421055
809;0SC0060190SC;219;67;0.00668423
809;0SC0060190SC;220;67;0.00112959
809;0SC0060190SC;221;67;0.00339610
809;0SC0060190SC;222;67;0.00318791
809;0SC0060190SC;223;67;0.00019074
809;0SC0060190SC;224;67;0.00022544
809;0SC0060190SC;225;67;0.00000173
809;0SC0060190SC;226;67;0.00000299
809;0SC0060190SC;231;67;0.00000967
809;0SC0060190SC;232;67;0.00000076
809;0SC0060190SC;214;68;0.00174380
809;0SC0060190SC;215;68;0.00277979
809;0SC0060190SC;216;68;0.00296240
809;0SC0060190SC;217;68;0.00690001
809;0SC0060190SC;218;68;0.00599213
809;0SC0060190SC;219;68;0.00370618
809;0SC0060190SC;220;68;0.00305815
809;0SC0060190SC;221;68;0.00043950
809;0SC0060190SC;222;68;0.00000733
809;0SC0060190SC;224;68;0.00039339
809;0SC0060190SC;225;68;0.00002227
809;0SC0060190SC;226;68;0.00000372
809;0SC0060190SC;227;68;0.00000048
809;0SC0060190SC;228;68;0.00000037
809;0SC0060190SC;231;68;0.00000256
809;0SC0060190SC;216;69;0.00018139
809;0SC0060190SC;217;69;0.00980515
809;0SC0060190SC;218;69;0.00266645
809;0SC0060190SC;219;69;0.00022528
809;0SC0060190SC;220;69;0.00001910
809;0SC0060190SC;224;69;0.00008801
809;0SC0060190SC;225;69;0.00019888
809;0SC0060190SC;228;69;0.00000075
809;0SC0060190SC;215;70;0.00265813
809;0SC0060190SC;216;70;0.00596174
809;0SC0060190SC;217;70;0.00211770
809;0SC0060190SC;225;70;0.00029934
809;0SC0060190SC;226;70;0.00000019
809;0SC0060190SC;228;70;0.00000048
809;0SC0060190SC;229;70;0.00000070
809;0SC0060190SC;230;70;0.00000063
809;0SC0060190SC;231;70;0.00000021
809;0SC0060190SC;212;71;0.00013048
809;0SC0060190SC;213;71;0.00020301
809;0SC0060190SC;214;71;0.00025337
809;0SC0060190SC;215;71;0.00539703
809;0SC0060190SC;216;71;0.00079549
809;0SC0060190SC;217;71;0.00289503
809;0SC0060190SC;218;71;0.00080898
809;0SC0060190SC;219;71;0.00000439
809;0SC0060190SC;226;71;0.00015082
809;0SC0060190SC;231;71;0.00000029
809;0SC0060190SC;212;72;0.00000142
809;0SC0060190SC;213;72;0.00075483
809;0SC0060190SC;214;72;0.00260008
809;0SC0060190SC;215;72;0.00407024
809;0SC0060190SC;216;72;0.00066203
809;0SC0060190SC;217;72;0.00044228
809;0SC0060190SC;218;72;0.00210691
809;0SC0060190SC;219;72;0.00210330
809;0SC0060190SC;220;72;0.00032796
809;0SC0060190SC;221;72;0.00000147
809;0SC0060190SC;222;72;0.00000282
809;0SC0060190SC;223;72;0.00000040
809;0SC0060190SC;213;73;0.00015237
809;0SC0060190SC;214;73;0.00354769
809;0SC0060190SC;215;73;0.00010485
809;0SC0060190SC;216;73;0.00009937
809;0SC0060190SC;217;73;0.00011546
809;0SC0060190SC;218;73;0.00005578
809;0SC0060190SC;219;73;0.00001774
809;0SC0060190SC;220;73;0.00230096
809;0SC0060190SC;221;73;0.00116414
809;0SC0060190SC;223;73;0.00000777
809;0SC0060190SC;213;74;0.00094713
809;0SC0060190SC;214;74;0.00280509
809;0SC0060190SC;215;74;0.00000081
809;0SC0060190SC;216;74;0.00001518
809;0SC0060190SC;217;74;0.00001546
809;0SC0060190SC;218;74;0.00002235
809;0SC0060190SC;219;74;0.00000364
809;0SC0060190SC;220;74;0.00003071
809;0SC0060190SC;221;74;0.00137260
809;0SC0060190SC;222;74;0.00208774
809;0SC0060190SC;223;74;0.00216039
809;0SC0060190SC;224;74;0.00047393
809;0SC0060190SC;213;75;0.00400319
809;0SC0060190SC;215;75;0.00000301
809;0SC0060190SC;216;75;0.00002353
809;0SC0060190SC;217;75;0.00000016
809;0SC0060190SC;218;75;0.00004546
809;0SC0060190SC;220;75;0.00000023
809;0SC0060190SC;221;75;0.00001498
809;0SC0060190SC;222;75;0.00001429
809;0SC0060190SC;212;76;0.00407125
809;0SC0060190SC;213;76;0.00009798
809;0SC0060190SC;216;76;0.00000050
809;0SC0060190SC;217;76;0.00002306
809;0SC0060190SC;218;76;0.00000601
809;0SC0060190SC;219;76;0.00004074
809;0SC0060190SC;220;76;0.00002694
809;0SC0060190SC;221;76;0.00000896
809;0SC0060190SC;211;77;0.00084858
809;0SC0060190SC;212;77;0.00260426
809;0SC0060190SC;217;77;0.00000256
809;0SC0060190SC;218;77;0.00002228
809;0SC0060190SC;219;77;0.00000317
809;0SC0060190SC;220;77;0.00000249
809;0SC0060190SC;210;78;0.00020620
809;0SC0060190SC;211;78;0.00412372
809;0SC0060190SC;212;78;0.00000360
809;0SC0060190SC;219;78;0.00001383
809;0SC0060190SC;210;79;0.00386482
809;0SC0060190SC;211;79;0.00000283
809;0SC0060190SC;212;79;0.00000223
809;0SC0060190SC;210;80;0.00307823
809;0SC0060190SC;213;80;0.00000065
809;0SC0060190SC;209;81;0.00108529
809;0SC0060190SC;210;81;0.00284768
809;0SC0060190SC;211;81;0.00025216
809;0SC0060190SC;212;81;0.00001525
809;0SC0060190SC;208;82;0.00265881
809;0SC0060190SC;209;82;0.00259854
809;0SC0060190SC;210;82;0.00000095
809;0SC0060190SC;211;82;0.00001791
809;0MD006015KER;218;83;0.00033676
809;0MD006015KER;219;83;0.00000120
809;0MD006015KER;220;83;0.00003457
809;0MD006015KER;221;83;0.00202241
809;0MD006015KER;222;83;0.00069017
809;0MD006015KER;223;83;0.00078226
809;0MD006015KER;224;83;0.01536282
809;0MD006015KER;218;84;0.00032442
809;0MD006015KER;219;84;0.00006520
809;0MD006015KER;220;84;0.00001230
809;0MD006015KER;221;84;0.00286075
809;0MD006015KER;222;84;0.00280169
809;0MD006015KER;223;84;0.00662046
809;0MD006015KER;224;84;0.03413114
809;0MD006015KER;225;84;0.00725507
809;0MD006015KER;226;84;0.00725387
809;0MD006015KER;227;84;0.00732565
809;0MD006015KER;228;84;0.00207712
809;0MD006015KER;221;85;0.00224083
809;0MD006015KER;222;85;0.00008624
809;0MD006015KER;223;85;0.00044749
809;0MD006015KER;224;85;0.01516536
809;0MD006015KER;228;85;0.00667058
809;0MD006015KER;229;85;0.00538228
809;0MD006015KER;221;86;0.00350622
809;0MD006015KER;222;86;0.00213522
809;0MD006015KER;223;86;0.00200666
809;0MD006015KER;224;86;0.01489756
809;0MD006015KER;229;86;0.00254460
809;0MD006015KER;230;86;0.00420278
809;0MD006015KER;220;87;0.00215787
809;0MD006015KER;221;87;0.00267139
809;0MD006015KER;223;87;0.00063537
809;0MD006015KER;224;87;0.01420068
809;0MD006015KER;230;87;0.00524066
809;0MD006015KER;219;88;0.00029602
809;0MD006015KER;220;88;0.00432381
809;0MD006015KER;223;88;0.00021561
809;0MD006015KER;224;88;0.01412928
809;0MD006015KER;227;88;0.00710495
809;0MD006015KER;228;88;0.00846624
809;0MD006015KER;229;88;0.01038076
809;0MD006015KER;230;88;0.01685264
809;0MD006015KER;231;88;0.01159755
809;0MD006015KER;232;88;0.01129186
809;0MD006015KER;233;88;0.01127653
809;0MD006015KER;234;88;0.01146629
809;0MD006015KER;235;88;0.00945190
809;0MD006015KER;236;88;0.00000147
809;0MD006015KER;219;89;0.00688348
809;0MD006015KER;220;89;0.00110680
809;0MD006015KER;221;89;0.00112034
809;0MD006015KER;222;89;0.00140145
809;0MD006015KER;223;89;0.00850546
809;0MD006015KER;224;89;0.01159154
809;0MD006015KER;225;89;0.01128353
809;0MD006015KER;226;89;0.00855968
809;0MD006015KER;227;89;0.00139189
809;0MD006015KER;229;89;0.00444282
809;0MD006015KER;231;89;0.00017303
809;0MD006015KER;233;89;0.00034766
809;0MD006015KER;234;89;0.00042079
809;0MD006015KER;235;89;0.00156210
809;0MD006015KER;236;89;0.00041370
809;0MD006015KER;212;90;0.00079510
809;0MD006015KER;213;90;0.00198977
809;0MD006015KER;214;90;0.00368243
809;0MD006015KER;215;90;0.00417733
809;0MD006015KER;216;90;0.00049443
809;0MD006015KER;217;90;0.00004327
809;0MD006015KER;218;90;0.00451633
809;0MD006015KER;219;90;0.00028700
809;0MD006015KER;220;90;0.00249467
809;0MD006015KER;221;90;0.00523150
809;0MD006015KER;223;90;0.00795845
809;0MD006015KER;224;90;0.00864038
809;0MD006015KER;225;90;0.00668463
809;0MD006015KER;229;90;0.00443320
809;0MD006015KER;231;90;0.00001297
809;0MD006015KER;232;90;0.00003660
809;0MD006015KER;212;91;0.00005441
809;0MD006015KER;214;91;0.00470123
809;0MD006015KER;215;91;0.00928463
809;0MD006015KER;216;91;0.01316227
809;0MD006015KER;217;91;0.03125154
809;0MD006015KER;218;91;0.02732742
809;0MD006015KER;219;91;0.01572734
809;0MD006015KER;220;91;0.01483795
809;0MD006015KER;221;91;0.01017606
809;0MD006015KER;222;91;0.01645878
809;0MD006015KER;223;91;0.01720540
809;0MD006015KER;224;91;0.01404313
809;0MD006015KER;225;91;0.00677093
809;0MD006015KER;226;91;0.00579082
809;0MD006015KER;227;91;0.00608984
809;0MD006015KER;228;91;0.00764030
809;0MD006015KER;229;91;0.00546643
809;0MD006015KER;213;92;0.00428433
809;0MD006015KER;214;92;0.00774417
809;0MD006015KER;216;92;0.00383234
809;0MD006015KER;217;92;0.01938253
809;0MD006015KER;218;92;0.00002801
809;0MD006015KER;225;92;0.00440079
809;0MD006015KER;228;92;0.00186058
809;0MD006015KER;229;92;0.00201295
809;0MD006015KER;230;92;0.00059060
809;0MD006015KER;215;93;0.01295689
809;0MD006015KER;216;93;0.02008330
809;0MD006015KER;225;93;0.00199912
809;0MD006015KER;226;93;0.00238917
809;0MD006015KER;228;93;0.00141424
809;0MD006015KER;230;93;0.00143257
809;0MD006015KER;231;93;0.00007627
809;0MD006015KER;214;94;0.01208570
809;0MD006015KER;215;94;0.01086010
809;0MD006015KER;226;94;0.00395585
809;0MD006015KER;227;94;0.00085490
809;0MD006015KER;228;94;0.00055955
809;0MD006015KER;230;94;0.00005009
809;0MD006015KER;231;94;0.00127218
809;0MD006015KER;232;94;0.00030716
809;0MD006015KER;226;95;0.00364734
809;0MD006015KER;227;95;0.00168999
809;0MD006015KER;232;95;0.00094853
809;0MD006015KER;233;95;0.00064407
809;0MD006015KER;214;96;0.00080641
809;0MD006015KER;215;96;0.00028951
809;0MD006015KER;216;96;0.00029136
809;0MD006015KER;217;96;0.00032477
809;0MD006015KER;218;96;0.00022700
809;0MD006015KER;225;96;0.00001161
809;0MD006015KER;226;96;0.00000797
809;0MD006015KER;227;96;0.00635540
809;0MD006015KER;233;96;0.00061189
809;0MD006015KER;234;96;0.00099493
809;0MD006015KER;214;97;0.00069534
809;0MD006015KER;215;97;0.00016759
809;0MD006015KER;218;97;0.00013492
809;0MD006015KER;219;97;0.00006963
809;0MD006015KER;225;97;0.00002847
809;0MD006015KER;226;97;0.00001218
809;0MD006015KER;227;97;0.00057003
809;0MD006015KER;228;97;0.00551872
809;0MD006015KER;229;97;0.00088161
809;0MD006015KER;234;97;0.00025115
809;0MD006015KER;235;97;0.00116612
809;0MD006015KER;215;98;0.00090563
809;0MD006015KER;217;98;0.00009986
809;0MD006015KER;218;98;0.00018565
809;0MD006015KER;219;98;0.00003952
809;0MD006015KER;220;98;0.00000246
809;0MD006015KER;221;98;0.00000631
809;0MD006015KER;222;98;0.00000979
809;0MD006015KER;223;98;0.00002152
809;0MD006015KER;224;98;0.00002405
809;0MD006015KER;225;98;0.00000961
809;0MD006015KER;227;98;0.00146406
809;0MD006015KER;228;98;0.00084282
809;0MD006015KER;229;98;0.00250712
809;0MD006015KER;230;98;0.00311666
809;0MD006015KER;231;98;0.00019537
809;0MD006015KER;234;98;0.00003672
809;0MD006015KER;235;98;0.00212263
809;0MD006015KER;215;99;0.00042936
809;0MD006015KER;216;99;0.00014400
809;0MD006015KER;217;99;0.00004894
809;0MD006015KER;218;99;0.00001481
809;0MD006015KER;220;99;0.00000460
809;0MD006015KER;227;99;0.00212659
809;0MD006015KER;231;99;0.00274371
809;0MD006015KER;232;99;0.00289075
809;0MD006015KER;233;99;0.00019510
809;0MD006015KER;234;99;0.00090652
809;0MD006015KER;235;99;0.00387998
809;0MD006015KER;215;100;0.00034732
809;0MD006015KER;218;100;0.00000772
809;0MD006015KER;219;100;0.00001754
809;0MD006015KER;220;100;0.00001378
809;0MD006015KER;221;100;0.00001710
809;0MD006015KER;222;100;0.00000243
809;0MD006015KER;227;100;0.00075975
809;0MD006015KER;228;100;0.00139631
809;0MD006015KER;232;100;0.00089228
809;0MD006015KER;233;100;0.00269921
809;0MD006015KER;234;100;0.00708327
809;0MD006015KER;235;100;0.00117008
809;0MD006015KER;215;101;0.00030926
809;0MD006015KER;222;101;0.00002454
809;0MD006015KER;228;101;0.00218978
809;0MD006015KER;235;101;0.00684046
809;0MD006015KER;215;102;0.00008480
809;0MD006015KER;216;102;0.00024238
809;0MD006015KER;222;102;0.00076151
809;0MD006015KER;228;102;0.00219025
809;0MD006015KER;234;102;0.00673022
809;0MD006015KER;235;102;0.00057098
809;0MD006015KER;214;103;0.00231898
809;0MD006015KER;215;103;0.00136850
809;0MD006015KER;216;103;0.00040424
809;0MD006015KER;221;103;0.00061628
809;0MD006015KER;222;103;0.00183939
809;0MD006015KER;228;103;0.00090535
809;0MD006015KER;229;103;0.00128397
809;0MD006015KER;233;103;0.00459877
809;0MD006015KER;234;103;0.00589635
809;0MD006015KER;215;104;0.00174520
809;0MD006015KER;216;104;0.00610243
809;0MD006015KER;221;104;0.00111206
809;0MD006015KER;222;104;0.00048117
809;0MD006015KER;229;104;0.00321353
809;0MD006015KER;232;104;0.00074537
809;0MD006015KER;233;104;0.00638935
809;0MD006015KER;234;104;0.00406876
809;0MD006015KER;235;104;0.00019887
809;0MD006015KER;214;105;0.00000002
809;0MD006015KER;216;105;0.00720778
809;0MD006015KER;217;105;0.00335570
809;0MD006015KER;218;105;0.00417370
809;0MD006015KER;219;105;0.00122059
809;0MD006015KER;221;105;0.00175373
809;0MD006015KER;227;105;0.00083744
809;0MD006015KER;228;105;0.00214403
809;0MD006015KER;229;105;0.00358765
809;0MD006015KER;230;105;0.00002023
809;0MD006015KER;231;105;0.00005193
809;0MD006015KER;232;105;0.00305878
809;0MD006015KER;233;105;0.00247221
809;0MD006015KER;234;105;0.02072351
809;0MD006015KER;235;105;0.00347377
809;0MD006015KER;214;106;0.00037904
809;0MD006015KER;215;106;0.00000013
809;0MD006015KER;216;106;0.00421873
809;0MD006015KER;217;106;0.00250170
809;0MD006015KER;218;106;0.00083668
809;0MD006015KER;219;106;0.00166932
809;0MD006015KER;220;106;0.00324292
809;0MD006015KER;221;106;0.00253609
809;0MD006015KER;226;106;0.00213473
809;0MD006015KER;227;106;0.00120769
809;0MD006015KER;229;106;0.00036445
809;0MD006015KER;230;106;0.00337923
809;0MD006015KER;231;106;0.01031976
809;0MD006015KER;232;106;0.00669923
809;0MD006015KER;233;106;0.00723410
809;0MD006015KER;234;106;0.01415219
809;0MD006015KER;235;106;0.00150264
809;0MD006015KER;214;107;0.00033965
809;0MD006015KER;215;107;0.00084229
809;0MD006015KER;216;107;0.00150771
809;0MD006015KER;217;107;0.00374965
809;0MD006015KER;218;107;0.00034623
809;0MD006015KER;221;107;0.00005013
809;0MD006015KER;222;107;0.00189960
809;0MD006015KER;223;107;0.00156569
809;0MD006015KER;225;107;0.00124911
809;0MD006015KER;226;107;0.00080424
809;0MD006015KER;230;107;0.00523912
809;0MD006015KER;231;107;0.00004684
809;0MD006015KER;214;108;0.00088192
809;0MD006015KER;215;108;0.00042620
809;0MD006015KER;217;108;0.00131494
809;0MD006015KER;218;108;0.00081909
809;0MD006015KER;223;108;0.00115843
809;0MD006015KER;224;108;0.00220322
809;0MD006015KER;225;108;0.00210729
809;0MD006015KER;230;108;0.00343182
809;0MD006015KER;217;109;0.00010710
809;0MD006015KER;230;109;0.00238107
809;0MD006036MOJ;260;63;0.00080749
809;0MD006036MOJ;261;63;0.00011236
809;0MD006036MOJ;260;64;0.00004255
809;0MD006036MOJ;261;64;0.00106528
809;0MD006036MOJ;262;64;0.00026686
809;0MD006036MOJ;273;64;0.00000285
809;0MD006036MOJ;262;65;0.00079782
809;0MD006036MOJ;263;65;0.00096470
809;0MD006036MOJ;264;65;0.00070392
809;0MD006036MOJ;265;65;0.00011909
809;0MD006036MOJ;266;65;0.00013740
809;0MD006036MOJ;267;65;0.00000197
809;0MD006036MOJ;273;65;0.00000305
809;0MD006036MOJ;283;65;0.00000340
809;0MD006036MOJ;284;65;0.00000227
809;0MD006036MOJ;264;66;0.00057086
809;0MD006036MOJ;265;66;0.00050690
809;0MD006036MOJ;266;66;0.00052058
809;0MD006036MOJ;267;66;0.00037045
809;0MD006036MOJ;268;66;0.00037620
809;0MD006036MOJ;269;66;0.00037223
809;0MD006036MOJ;270;66;0.00036340
809;0MD006036MOJ;271;66;0.00037368
809;0MD006036MOJ;272;66;0.00018771
809;0MD006036MOJ;273;66;0.00013991
809;0MD006036MOJ;274;66;0.00006154
809;0MD006036MOJ;275;66;0.00000896
809;0MD006036MOJ;276;66;0.00000289
809;0MD006036MOJ;277;66;0.00000269
809;0MD006036MOJ;278;66;0.00000269
809;0MD006036MOJ;279;66;0.00000270
809;0MD006036MOJ;280;66;0.00000270
809;0MD006036MOJ;281;66;0.00000528
809;0MD006036MOJ;282;66;0.00000543
809;0MD006036MOJ;283;66;0.00000281
809;0MD006036MOJ;284;66;0.00000757
809;0MD006036MOJ;285;66;0.00000544
809;0MD006036MOJ;286;66;0.00000554
809;0MD006036MOJ;287;66;0.00000520
809;0MD006036MOJ;288;66;0.00000275
809;0MD006036MOJ;289;66;0.00000119
809;0MD006036MOJ;293;66;0.00003041
809;0MD006036MOJ;294;66;0.00005480
809;0MD006036MOJ;295;66;0.00001170
809;0MD006036MOJ;300;66;0.00002418
809;0MD006036MOJ;257;67;0.00005080
809;0MD006036MOJ;263;67;0.00005790
809;0MD006036MOJ;264;67;0.00017720
809;0MD006036MOJ;265;67;0.00016430
809;0MD006036MOJ;266;67;0.00004506
809;0MD006036MOJ;267;67;0.00005642
809;0MD006036MOJ;268;67;0.00001223
809;0MD006036MOJ;270;67;0.00007012
809;0MD006036MOJ;271;67;0.00000752
809;0MD006036MOJ;272;67;0.00013858
809;0MD006036MOJ;273;67;0.00000269
809;0MD006036MOJ;274;67;0.00008187
809;0MD006036MOJ;275;67;0.00001913
809;0MD006036MOJ;276;67;0.00001613
809;0MD006036MOJ;277;67;0.00001613
809;0MD006036MOJ;278;67;0.00001613
809;0MD006036MOJ;279;67;0.00001117
809;0MD006036MOJ;295;67;0.00004310
809;0MD006036MOJ;296;67;0.00006917
809;0MD006036MOJ;297;67;0.00008116
809;0MD006036MOJ;298;67;0.00007345
809;0MD006036MOJ;299;67;0.00006894
809;0MD006036MOJ;300;67;0.00003650
809;0MD006036MOJ;301;67;0.00006239
809;0MD006036MOJ;302;67;0.00007286
809;0MD006036MOJ;303;67;0.00004467
809;0MD006036MOJ;308;67;0.00001502
809;0MD006036MOJ;263;68;0.00014497
809;0MD006036MOJ;264;68;0.00002753
809;0MD006036MOJ;265;68;0.00003527
809;0MD006036MOJ;266;68;0.00001829
809;0MD006036MOJ;267;68;0.00001710
809;0MD006036MOJ;268;68;0.00002940
809;0MD006036MOJ;269;68;0.00003269
809;0MD006036MOJ;270;68;0.00006755
809;0MD006036MOJ;271;68;0.00001412
809;0MD006036MOJ;272;68;0.00004601
809;0MD006036MOJ;273;68;0.00000807
809;0MD006036MOJ;274;68;0.00000810
809;0MD006036MOJ;279;68;0.00001235
809;0MD006036MOJ;280;68;0.00000508
809;0MD006036MOJ;296;68;0.00000373
809;0MD006036MOJ;297;68;0.00001266
809;0MD006036MOJ;303;68;0.00005121
809;0MD006036MOJ;304;68;0.00003444
809;0MD006036MOJ;307;68;0.00003668
809;0MD006036MOJ;308;68;0.00000114
809;0MD006036MOJ;238;69;0.00000162
809;0MD006036MOJ;239;69;0.00005582
809;0MD006036MOJ;240;69;0.00917230
809;0MD006036MOJ;243;69;0.00003880
809;0MD006036MOJ;246;69;0.00000551
809;0MD006036MOJ;263;69;0.00015995
809;0MD006036MOJ;264;69;0.00009016
809;0MD006036MOJ;265;69;0.00001963
809;0MD006036MOJ;266;69;0.00002367
809;0MD006036MOJ;267;69;0.00000807
809;0MD006036MOJ;268;69;0.00001214
809;0MD006036MOJ;269;69;0.00000199
809;0MD006036MOJ;270;69;0.00002950
809;0MD006036MOJ;271;69;0.00000064
809;0MD006036MOJ;272;69;0.00001023
809;0MD006036MOJ;279;69;0.00000290
809;0MD006036MOJ;280;69;0.00001333
809;0MD006036MOJ;295;69;0.00000408
809;0MD006036MOJ;296;69;0.00001353
809;0MD006036MOJ;304;69;0.00006408
809;0MD006036MOJ;305;69;0.00002732
809;0MD006036MOJ;306;69;0.00002991
809;0MD006036MOJ;307;69;0.00000650
809;0MD006036MOJ;310;69;0.00000958
809;0MD006036MOJ;237;70;0.00007010
809;0MD006036MOJ;238;70;0.00006590
809;0MD006036MOJ;239;70;0.00164401
809;0MD006036MOJ;240;70;0.02613201
809;0MD006036MOJ;241;70;0.00010938
809;0MD006036MOJ;242;70;0.00012813
809;0MD006036MOJ;243;70;0.00008247
809;0MD006036MOJ;244;70;0.00002758
809;0MD006036MOJ;245;70;0.00002436
809;0MD006036MOJ;246;70;0.00003212
809;0MD006036MOJ;255;70;0.00008142
809;0MD006036MOJ;262;70;0.00001231
809;0MD006036MOJ;263;70;0.00016739
809;0MD006036MOJ;266;70;0.00000718
809;0MD006036MOJ;269;70;0.00000974
809;0MD006036MOJ;270;70;0.00003472
809;0MD006036MOJ;271;70;0.00000761
809;0MD006036MOJ;279;70;0.00000820
809;0MD006036MOJ;280;70;0.00000835
809;0MD006036MOJ;294;70;0.00001084
809;0MD006036MOJ;295;70;0.00001078
809;0MD006036MOJ;304;70;0.00002033
809;0MD006036MOJ;305;70;0.00014067
809;0MD006036MOJ;306;70;0.00002967
809;0MD006036MOJ;307;70;0.00001762
809;0MD006036MOJ;308;70;0.00001758
809;0MD006036MOJ;309;70;0.00001799
809;0MD006036MOJ;310;70;0.00001551
809;0MD006036MOJ;236;71;0.00005371
809;0MD006036MOJ;237;71;0.00004287
809;0MD006036MOJ;238;71;0.00152620
809;0MD006036MOJ;239;71;0.00033915
809;0MD006036MOJ;240;71;0.00635056
809;0MD006036MOJ;241;71;0.01725977
809;0MD006036MOJ;242;71;0.00014140
809;0MD006036MOJ;243;71;0.00012049
809;0MD006036MOJ;245;71;0.00004847
809;0MD006036MOJ;254;71;0.00010677
809;0MD006036MOJ;255;71;0.00000902
809;0MD006036MOJ;261;71;0.00004122
809;0MD006036MOJ;262;71;0.00021543
809;0MD006036MOJ;280;71;0.00001651
809;0MD006036MOJ;291;71;0.00000539
809;0MD006036MOJ;292;71;0.00001246
809;0MD006036MOJ;293;71;0.00001431
809;0MD006036MOJ;294;71;0.00000359
809;0MD006036MOJ;304;71;0.00008899
809;0MD006036MOJ;237;72;0.00164781
809;0MD006036MOJ;238;72;0.00017567
809;0MD006036MOJ;240;72;0.00000658
809;0MD006036MOJ;241;72;0.01482082
809;0MD006036MOJ;242;72;0.00508894
809;0MD006036MOJ;243;72;0.00064592
809;0MD006036MOJ;244;72;0.00029594
809;0MD006036MOJ;245;72;0.00008217
809;0MD006036MOJ;246;72;0.00002792
809;0MD006036MOJ;251;72;0.00000068
809;0MD006036MOJ;252;72;0.00000125
809;0MD006036MOJ;253;72;0.00004969
809;0MD006036MOJ;254;72;0.00004443
809;0MD006036MOJ;258;72;0.00016728
809;0MD006036MOJ;259;72;0.00016831
809;0MD006036MOJ;260;72;0.00016693
809;0MD006036MOJ;261;72;0.00015840
809;0MD006036MOJ;280;72;0.00001651
809;0MD006036MOJ;289;72;0.00000684
809;0MD006036MOJ;290;72;0.00000977
809;0MD006036MOJ;291;72;0.00000926
809;0MD006036MOJ;304;72;0.00007686
809;0MD006036MOJ;236;73;0.00130537
809;0MD006036MOJ;237;73;0.00036619
809;0MD006036MOJ;238;73;0.00021720
809;0MD006036MOJ;239;73;0.00021020
809;0MD006036MOJ;240;73;0.00046732
809;0MD006036MOJ;241;73;0.00197716
809;0MD006036MOJ;242;73;0.01719602
809;0MD006036MOJ;243;73;0.00080267
809;0MD006036MOJ;244;73;0.00065182
809;0MD006036MOJ;245;73;0.00036654
809;0MD006036MOJ;246;73;0.00013818
809;0MD006036MOJ;247;73;0.00005041
809;0MD006036MOJ;248;73;0.00003135
809;0MD006036MOJ;249;73;0.00001109
809;0MD006036MOJ;251;73;0.00001188
809;0MD006036MOJ;252;73;0.00030728
809;0MD006036MOJ;253;73;0.00003508
809;0MD006036MOJ;254;73;0.00001971
809;0MD006036MOJ;255;73;0.00013018
809;0MD006036MOJ;256;73;0.00016973
809;0MD006036MOJ;257;73;0.00019093
809;0MD006036MOJ;258;73;0.00004883
809;0MD006036MOJ;280;73;0.00001625
809;0MD006036MOJ;289;73;0.00002389
809;0MD006036MOJ;290;73;0.00001569
809;0MD006036MOJ;303;73;0.00005920
809;0MD006036MOJ;304;73;0.00001614
809;0MD006036MOJ;236;74;0.00004414
809;0MD006036MOJ;237;74;0.00009749
809;0MD006036MOJ;238;74;0.00010634
809;0MD006036MOJ;239;74;0.00003921
809;0MD006036MOJ;240;74;0.00028215
809;0MD006036MOJ;241;74;0.00178219
809;0MD006036MOJ;242;74;0.00799478
809;0MD006036MOJ;243;74;0.01227257
809;0MD006036MOJ;244;74;0.00199691
809;0MD006036MOJ;245;74;0.00123582
809;0MD006036MOJ;246;74;0.00086170
809;0MD006036MOJ;247;74;0.00041254
809;0MD006036MOJ;248;74;0.00047237
809;0MD006036MOJ;249;74;0.00046109
809;0MD006036MOJ;250;74;0.00043997
809;0MD006036MOJ;251;74;0.00044600
809;0MD006036MOJ;252;74;0.00034138
809;0MD006036MOJ;253;74;0.00017134
809;0MD006036MOJ;254;74;0.00019583
809;0MD006036MOJ;255;74;0.00004215
809;0MD006036MOJ;279;74;0.00000363
809;0MD006036MOJ;280;74;0.00001412
809;0MD006036MOJ;288;74;0.00001542
809;0MD006036MOJ;289;74;0.00001322
809;0MD006036MOJ;303;74;0.00007534
809;0MD006036MOJ;235;75;0.00001117
809;0MD006036MOJ;236;75;0.00018908
809;0MD006036MOJ;237;75;0.00026882
809;0MD006036MOJ;238;75;0.00019766
809;0MD006036MOJ;239;75;0.00019346
809;0MD006036MOJ;240;75;0.00027877
809;0MD006036MOJ;241;75;0.00196892
809;0MD006036MOJ;242;75;0.00061294
809;0MD006036MOJ;243;75;0.01247895
809;0MD006036MOJ;244;75;0.00069918
809;0MD006036MOJ;245;75;0.00060072
809;0MD006036MOJ;246;75;0.00057325
809;0MD006036MOJ;247;75;0.00043913
809;0MD006036MOJ;252;75;0.00011226
809;0MD006036MOJ;253;75;0.00001460
809;0MD006036MOJ;254;75;0.00002068
809;0MD006036MOJ;255;75;0.00000087
809;0MD006036MOJ;279;75;0.00002131
809;0MD006036MOJ;286;75;0.00001152
809;0MD006036MOJ;287;75;0.00001837
809;0MD006036MOJ;288;75;0.00000297
809;0MD006036MOJ;303;75;0.00007522
809;0MD006036MOJ;235;76;0.00245888
809;0MD006036MOJ;236;76;0.00365052
809;0MD006036MOJ;237;76;0.00337165
809;0MD006036MOJ;238;76;0.00000367
809;0MD006036MOJ;239;76;0.00065630
809;0MD006036MOJ;240;76;0.00023494
809;0MD006036MOJ;241;76;0.00192724
809;0MD006036MOJ;242;76;0.00043442
809;0MD006036MOJ;243;76;0.00985056
809;0MD006036MOJ;244;76;0.00678352
809;0MD006036MOJ;245;76;0.00082823
809;0MD006036MOJ;246;76;0.00041882
809;0MD006036MOJ;247;76;0.00033116
809;0MD006036MOJ;251;76;0.00002167
809;0MD006036MOJ;252;76;0.00002567
809;0MD006036MOJ;255;76;0.00000784
809;0MD006036MOJ;256;76;0.00000924
809;0MD006036MOJ;257;76;0.00000112
809;0MD006036MOJ;259;76;0.00000804
809;0MD006036MOJ;279;76;0.00001623
809;0MD006036MOJ;285;76;0.00001581
809;0MD006036MOJ;286;76;0.00000793
809;0MD006036MOJ;303;76;0.00007498
809;0MD006036MOJ;235;77;0.00000662
809;0MD006036MOJ;236;77;0.00056636
809;0MD006036MOJ;237;77;0.00006834
809;0MD006036MOJ;238;77;0.00004034
809;0MD006036MOJ;239;77;0.00648174
809;0MD006036MOJ;240;77;0.00323605
809;0MD006036MOJ;241;77;0.00562103
809;0MD006036MOJ;242;77;0.00153496
809;0MD006036MOJ;243;77;0.00155949
809;0MD006036MOJ;244;77;0.01760137
809;0MD006036MOJ;245;77;0.00057916
809;0MD006036MOJ;246;77;0.00035479
809;0MD006036MOJ;247;77;0.00003188
809;0MD006036MOJ;251;77;0.00005360
809;0MD006036MOJ;257;77;0.00001195
809;0MD006036MOJ;258;77;0.00000261
809;0MD006036MOJ;259;77;0.00000916
809;0MD006036MOJ;278;77;0.00000233
809;0MD006036MOJ;279;77;0.00001378
809;0MD006036MOJ;284;77;0.00001164
809;0MD006036MOJ;285;77;0.00000836
809;0MD006036MOJ;303;77;0.00007498
809;0MD006036MOJ;237;78;0.00002951
809;0MD006036MOJ;239;78;0.00000610
809;0MD006036MOJ;240;78;0.00042779
809;0MD006036MOJ;241;78;0.00124264
809;0MD006036MOJ;242;78;0.00009797
809;0MD006036MOJ;243;78;0.00005249
809;0MD006036MOJ;244;78;0.00179697
809;0MD006036MOJ;245;78;0.01282315
809;0MD006036MOJ;246;78;0.00015293
809;0MD006036MOJ;251;78;0.00005233
809;0MD006036MOJ;258;78;0.00001120
809;0MD006036MOJ;259;78;0.00000265
809;0MD006036MOJ;276;78;0.00000010
809;0MD006036MOJ;277;78;0.00000137
809;0MD006036MOJ;278;78;0.00001872
809;0MD006036MOJ;279;78;0.00001483
809;0MD006036MOJ;280;78;0.00001483
809;0MD006036MOJ;281;78;0.00001975
809;0MD006036MOJ;282;78;0.00000990
809;0MD006036MOJ;283;78;0.00001388
809;0MD006036MOJ;284;78;0.00001228
809;0MD006036MOJ;303;78;0.00007498
809;0MD006036MOJ;240;79;0.00139215
809;0MD006036MOJ;241;79;0.00001858
809;0MD006036MOJ;242;79;0.00016444
809;0MD006036MOJ;245;79;0.01349935
809;0MD006036MOJ;251;79;0.00005327
809;0MD006036MOJ;274;79;0.00000133
809;0MD006036MOJ;275;79;0.00000138
809;0MD006036MOJ;276;79;0.00000127
809;0MD006036MOJ;280;79;0.00000565
809;0MD006036MOJ;281;79;0.00002414
809;0MD006036MOJ;282;79;0.00000717
809;0MD006036MOJ;283;79;0.00000849
809;0MD006036MOJ;303;79;0.00007492
809;0MD006036MOJ;240;80;0.00139162
809;0MD006036MOJ;242;80;0.00015738
809;0MD006036MOJ;243;80;0.00001886
809;0MD006036MOJ;245;80;0.01307135
809;0MD006036MOJ;251;80;0.00005243
809;0MD006036MOJ;280;80;0.00002998
809;0MD006036MOJ;303;80;0.00007523
809;0MD006036MOJ;235;81;0.00004328
809;0MD006036MOJ;236;81;0.00007104
809;0MD006036MOJ;237;81;0.00007552
809;0MD006036MOJ;238;81;0.00007251
809;0MD006036MOJ;239;81;0.00007415
809;0MD006036MOJ;240;81;0.00068959
809;0MD006036MOJ;241;81;0.00002087
809;0MD006036MOJ;242;81;0.00007468
809;0MD006036MOJ;243;81;0.00017771
809;0MD006036MOJ;245;81;0.00096843
809;0MD006036MOJ;246;81;0.01327987
809;0MD006036MOJ;250;81;0.00003579
809;0MD006036MOJ;251;81;0.00001531
809;0MD006036MOJ;271;81;0.00000236
809;0MD006036MOJ;272;81;0.00001909
809;0MD006036MOJ;280;81;0.00002704
809;0MD006036MOJ;303;81;0.00008434
809;0MD006036MOJ;239;82;0.00003377
809;0MD006036MOJ;242;82;0.00002694
809;0MD006036MOJ;243;82;0.00004849
809;0MD006036MOJ;244;82;0.00007403
809;0MD006036MOJ;245;82;0.00016547
809;0MD006036MOJ;246;82;0.01052097
809;0MD006036MOJ;247;82;0.00596444
809;0MD006036MOJ;250;82;0.00005005
809;0MD006036MOJ;265;82;0.00128204
809;0MD006036MOJ;266;82;0.00512159
809;0MD006036MOJ;267;82;0.00503206
809;0MD006036MOJ;268;82;0.00503538
809;0MD006036MOJ;269;82;0.00504877
809;0MD006036MOJ;270;82;0.00503305
809;0MD006036MOJ;271;82;0.00528666
809;0MD006036MOJ;272;82;0.00525000
809;0MD006036MOJ;273;82;0.00509849
809;0MD006036MOJ;274;82;0.00217050
809;0MD006036MOJ;277;82;0.00011104
809;0MD006036MOJ;278;82;0.00122022
809;0MD006036MOJ;280;82;0.00002689
809;0MD006036MOJ;303;82;0.00007911
809;0MD006036MOJ;239;83;0.00003365
809;0MD006036MOJ;243;83;0.00000810
809;0MD006036MOJ;244;83;0.00001823
809;0MD006036MOJ;245;83;0.00006023
809;0MD006036MOJ;246;83;0.00000189
809;0MD006036MOJ;247;83;0.01225093
809;0MD006036MOJ;248;83;0.00456842
809;0MD006036MOJ;249;83;0.00001656
809;0MD006036MOJ;250;83;0.00003095
809;0MD006036MOJ;263;83;0.00208774
809;0MD006036MOJ;264;83;0.00550682
809;0MD006036MOJ;265;83;0.00466788
809;0MD006036MOJ;269;83;0.00001357
809;0MD006036MOJ;274;83;0.00296142
809;0MD006036MOJ;275;83;0.00522974
809;0MD006036MOJ;276;83;0.00506785
809;0MD006036MOJ;277;83;0.00498793
809;0MD006036MOJ;278;83;0.00379797
809;0MD006036MOJ;279;83;0.00505782
809;0MD006036MOJ;280;83;0.00510412
809;0MD006036MOJ;281;83;0.00512530
809;0MD006036MOJ;282;83;0.00518081
809;0MD006036MOJ;283;83;0.00206710
809;0MD006036MOJ;303;83;0.00010345
809;0MD006036MOJ;304;83;0.00003331
809;0MD006036MOJ;239;84;0.00003326
809;0MD006036MOJ;242;84;0.00000261
809;0MD006036MOJ;243;84;0.00000543
809;0MD006036MOJ;245;84;0.00000730
809;0MD006036MOJ;246;84;0.00005729
809;0MD006036MOJ;247;84;0.00000033
809;0MD006036MOJ;248;84;0.01266711
809;0MD006036MOJ;249;84;0.00008465
809;0MD006036MOJ;250;84;0.00004228
809;0MD006036MOJ;256;84;0.00151726
809;0MD006036MOJ;257;84;0.00511810
809;0MD006036MOJ;258;84;0.00509522
809;0MD006036MOJ;259;84;0.00509262
809;0MD006036MOJ;260;84;0.00509390
809;0MD006036MOJ;261;84;0.00515697
809;0MD006036MOJ;262;84;0.00504321
809;0MD006036MOJ;263;84;0.00300552
809;0MD006036MOJ;268;84;0.00000468
809;0MD006036MOJ;269;84;0.00000888
809;0MD006036MOJ;280;84;0.00001393
809;0MD006036MOJ;281;84;0.00001858
809;0MD006036MOJ;283;84;0.00360618
809;0MD006036MOJ;284;84;0.00596935
809;0MD006036MOJ;285;84;0.00019259
809;0MD006036MOJ;304;84;0.00008872
809;0MD006036MOJ;305;84;0.00171230
809;0MD006036MOJ;306;84;0.00420589
809;0MD006036MOJ;238;85;0.00002350
809;0MD006036MOJ;239;85;0.00000973
809;0MD006036MOJ;242;85;0.00000804
809;0MD006036MOJ;245;85;0.00001218
809;0MD006036MOJ;246;85;0.00001364
809;0MD006036MOJ;247;85;0.00015826
809;0MD006036MOJ;248;85;0.01434199
809;0MD006036MOJ;249;85;0.00020034
809;0MD006036MOJ;250;85;0.00009822
809;0MD006036MOJ;251;85;0.00526346
809;0MD006036MOJ;252;85;0.00520895
809;0MD006036MOJ;253;85;0.00518090
809;0MD006036MOJ;254;85;0.00513253
809;0MD006036MOJ;255;85;0.00512862
809;0MD006036MOJ;256;85;0.00359455
809;0MD006036MOJ;257;85;0.00007852
809;0MD006036MOJ;268;85;0.00001410
809;0MD006036MOJ;281;85;0.00003135
809;0MD006036MOJ;285;85;0.00555750
809;0MD006036MOJ;286;85;0.00534577
809;0MD006036MOJ;287;85;0.00500894
809;0MD006036MOJ;288;85;0.00324339
809;0MD006036MOJ;304;85;0.00143379
809;0MD006036MOJ;305;85;0.00518974
809;0MD006036MOJ;238;86;0.00003336
809;0MD006036MOJ;242;86;0.00002819
809;0MD006036MOJ;243;86;0.00003767
809;0MD006036MOJ;244;86;0.00001792
809;0MD006036MOJ;245;86;0.00000209
809;0MD006036MOJ;246;86;0.00012368
809;0MD006036MOJ;247;86;0.00022007
809;0MD006036MOJ;248;86;0.00168670
809;0MD006036MOJ;249;86;0.01241307
809;0MD006036MOJ;250;86;0.01348200
809;0MD006036MOJ;251;86;0.00718715
809;0MD006036MOJ;252;86;0.00664416
809;0MD006036MOJ;253;86;0.00670021
809;0MD006036MOJ;254;86;0.00020327
809;0MD006036MOJ;255;86;0.00000918
809;0MD006036MOJ;256;86;0.00000673
809;0MD006036MOJ;257;86;0.00007278
809;0MD006036MOJ;258;86;0.00000840
809;0MD006036MOJ;268;86;0.00001410
809;0MD006036MOJ;280;86;0.00000571
809;0MD006036MOJ;281;86;0.00002455
809;0MD006036MOJ;288;86;0.00182645
809;0MD006036MOJ;289;86;0.00507765
809;0MD006036MOJ;290;86;0.00509215
809;0MD006036MOJ;291;86;0.00512661
809;0MD006036MOJ;292;86;0.00512703
809;0MD006036MOJ;293;86;0.00332381
809;0MD006036MOJ;303;86;0.00001516
809;0MD006036MOJ;304;86;0.00562302
809;0MD006036MOJ;238;87;0.00003374
809;0MD006036MOJ;240;87;0.00003886
809;0MD006036MOJ;241;87;0.00003846
809;0MD006036MOJ;242;87;0.00001698
809;0MD006036MOJ;246;87;0.00034769
809;0MD006036MOJ;247;87;0.00018338
809;0MD006036MOJ;248;87;0.00000189
809;0MD006036MOJ;249;87;0.00001544
809;0MD006036MOJ;250;87;0.00000248
809;0MD006036MOJ;252;87;0.00009614
809;0MD006036MOJ;254;87;0.00649121
809;0MD006036MOJ;255;87;0.00684134
809;0MD006036MOJ;256;87;0.00732122
809;0MD006036MOJ;257;87;0.00067965
809;0MD006036MOJ;268;87;0.00001363
809;0MD006036MOJ;280;87;0.00002911
809;0MD006036MOJ;293;87;0.00183341
809;0MD006036MOJ;294;87;0.00520906
809;0MD006036MOJ;295;87;0.00543247
809;0MD006036MOJ;296;87;0.00364878
809;0MD006036MOJ;303;87;0.00104895
809;0MD006036MOJ;304;87;0.00487795
809;0MD006036MOJ;237;88;0.00001190
809;0MD006036MOJ;238;88;0.00003311
809;0MD006036MOJ;239;88;0.00004137
809;0MD006036MOJ;240;88;0.00000221
809;0MD006036MOJ;245;88;0.00005668
809;0MD006036MOJ;246;88;0.00014844
809;0MD006036MOJ;249;88;0.00000798
809;0MD006036MOJ;250;88;0.00000925
809;0MD006036MOJ;251;88;0.00005292
809;0MD006036MOJ;252;88;0.00005328
809;0MD006036MOJ;257;88;0.00698581
809;0MD006036MOJ;258;88;0.00569271
809;0MD006036MOJ;268;88;0.00001406
809;0MD006036MOJ;280;88;0.00002679
809;0MD006036MOJ;293;88;0.00000815
809;0MD006036MOJ;296;88;0.00170048
809;0MD006036MOJ;297;88;0.00512915
809;0MD006036MOJ;298;88;0.00549932
809;0MD006036MOJ;299;88;0.00542689
809;0MD006036MOJ;300;88;0.00485639
809;0MD006036MOJ;302;88;0.00223897
809;0MD006036MOJ;303;88;0.00581562
809;0MD006036MOJ;237;89;0.00101543
809;0MD006036MOJ;245;89;0.00020590
809;0MD006036MOJ;250;89;0.00000736
809;0MD006036MOJ;251;89;0.00006805
809;0MD006036MOJ;252;89;0.00009327
809;0MD006036MOJ;258;89;0.00192907
809;0MD006036MOJ;259;89;0.00762277
809;0MD006036MOJ;260;89;0.00365635
809;0MD006036MOJ;267;89;0.00000719
809;0MD006036MOJ;268;89;0.00001312
809;0MD006036MOJ;280;89;0.00002743
809;0MD006036MOJ;293;89;0.00000917
809;0MD006036MOJ;300;89;0.00034148
809;0MD006036MOJ;301;89;0.00534190
809;0MD006036MOJ;302;89;0.00349757
809;0MD006036MOJ;237;90;0.00142465
809;0MD006036MOJ;252;90;0.00013469
809;0MD006036MOJ;260;90;0.00366903
809;0MD006036MOJ;261;90;0.00734734
809;0MD006036MOJ;262;90;0.00238708
809;0MD006036MOJ;280;90;0.00002810
809;0MD006036MOJ;292;90;0.00000467
809;0MD006036MOJ;293;90;0.00000455
809;0MD006036MOJ;237;91;0.00144198
809;0MD006036MOJ;252;91;0.00001670
809;0MD006036MOJ;253;91;0.00012377
809;0MD006036MOJ;262;91;0.00635113
809;0MD006036MOJ;263;91;0.00351246
809;0MD006036MOJ;279;91;0.00000137
809;0MD006036MOJ;280;91;0.00003356
809;0MD006036MOJ;292;91;0.00000961
809;0MD006036MOJ;236;92;0.00030946
809;0MD006036MOJ;237;92;0.00110707
809;0MD006036MOJ;253;92;0.00004289
809;0MD006036MOJ;254;92;0.00009754
809;0MD006036MOJ;263;92;0.00430816
809;0MD006036MOJ;264;92;0.00666779
809;0MD006036MOJ;265;92;0.00710609
809;0MD006036MOJ;266;92;0.00481010
809;0MD006036MOJ;279;92;0.00000273
809;0MD006036MOJ;280;92;0.00000022
809;0MD006036MOJ;281;92;0.00003085
809;0MD006036MOJ;291;92;0.00001077
809;0MD006036MOJ;292;92;0.00000087
809;0MD006036MOJ;236;93;0.00141653
809;0MD006036MOJ;254;93;0.00006917
809;0MD006036MOJ;255;93;0.00006547
809;0MD006036MOJ;266;93;0.00271637
809;0MD006036MOJ;267;93;0.00700129
809;0MD006036MOJ;279;93;0.00000279
809;0MD006036MOJ;281;93;0.00000864
809;0MD006036MOJ;282;93;0.00002116
809;0MD006036MOJ;290;93;0.00000566
809;0MD006036MOJ;291;93;0.00000290
809;0MD006036MOJ;236;94;0.00141652
809;0MD006036MOJ;255;94;0.00010911
809;0MD006036MOJ;267;94;0.00287657
809;0MD006036MOJ;268;94;0.00501860
809;0MD006036MOJ;276;94;0.00000083
809;0MD006036MOJ;277;94;0.00000271
809;0MD006036MOJ;278;94;0.00000324
809;0MD006036MOJ;279;94;0.00000178
809;0MD006036MOJ;282;94;0.00002569
809;0MD006036MOJ;290;94;0.00000843
809;0MD006036MOJ;236;95;0.00139108
809;0MD006036MOJ;255;95;0.00009751
809;0MD006036MOJ;256;95;0.00003822
809;0MD006036MOJ;268;95;0.00536367
809;0MD006036MOJ;269;95;0.00572343
809;0MD006036MOJ;275;95;0.00000340
809;0MD006036MOJ;276;95;0.00000201
809;0MD006036MOJ;282;95;0.00001130
809;0MD006036MOJ;283;95;0.00003123
809;0MD006036MOJ;290;95;0.00000841
809;0MD006036MOJ;236;96;0.00138291
809;0MD006036MOJ;256;96;0.00014855
809;0MD006036MOJ;269;96;0.00588750
809;0MD006036MOJ;270;96;0.00120186
809;0MD006036MOJ;274;96;0.00000213
809;0MD006036MOJ;275;96;0.00000073
809;0MD006036MOJ;283;96;0.00000879
809;0MD006036MOJ;289;96;0.00000134
809;0MD006036MOJ;290;96;0.00000696
809;0MD006036MOJ;236;97;0.00150474
809;0MD006036MOJ;270;97;0.00876105
809;0MD006036MOJ;271;97;0.00045816
809;0MD006036MOJ;274;97;0.00000282
809;0MD006036MOJ;282;97;0.00000049
809;0MD006036MOJ;283;97;0.00000876
809;0MD006036MOJ;289;97;0.00000833
809;0MD006036MOJ;235;98;0.00040034
809;0MD006036MOJ;236;98;0.00107486
809;0MD006036MOJ;271;98;0.00861310
809;0MD006036MOJ;272;98;0.00116491
809;0MD006036MOJ;274;98;0.00000278
809;0MD006036MOJ;282;98;0.00000605
809;0MD006036MOJ;283;98;0.00000270
809;0MD006036MOJ;288;98;0.00000152
809;0MD006036MOJ;289;98;0.00000978
809;0MD006036MOJ;236;99;0.00039256
809;0MD006036MOJ;272;99;0.00751064
809;0MD006036MOJ;273;99;0.00251243
809;0MD006036MOJ;274;99;0.00000166
809;0MD006036MOJ;281;99;0.00000243
809;0MD006036MOJ;282;99;0.00000411
809;0MD006036MOJ;283;99;0.00000229
809;0MD006036MOJ;284;99;0.00000195
809;0MD006036MOJ;288;99;0.00000387
809;0MD006036MOJ;289;99;0.00000690
809;0MD006036MOJ;236;100;0.00034648
809;0MD006036MOJ;273;100;0.00601692
809;0MD006036MOJ;274;100;0.00685115
809;0MD006036MOJ;280;100;0.00000019
809;0MD006036MOJ;281;100;0.00000703
809;0MD006036MOJ;284;100;0.00000293
809;0MD006036MOJ;286;100;0.00000152
809;0MD006036MOJ;287;100;0.00001020
809;0MD006036MOJ;288;100;0.00000940
809;0MD006036MOJ;289;100;0.00000014
809;0MD006036MOJ;236;101;0.00035335
809;0MD006036MOJ;274;101;0.00033632
809;0MD006036MOJ;275;101;0.00711075
809;0MD006036MOJ;276;101;0.00718365
809;0MD006036MOJ;277;101;0.00187732
809;0MD006036MOJ;279;101;0.00000070
809;0MD006036MOJ;280;101;0.00000716
809;0MD006036MOJ;284;101;0.00000062
809;0MD006036MOJ;285;101;0.00000253
809;0MD006036MOJ;286;101;0.00001031
809;0MD006036MOJ;236;102;0.00034215
809;0MD006036MOJ;277;102;0.00548364
809;0MD006036MOJ;278;102;0.00736321
809;0MD006036MOJ;279;102;0.00169468
809;0MD006036MOJ;285;102;0.00001218
809;0MD006036MOJ;286;102;0.00000107
809;0MD006036MOJ;236;103;0.00036649
809;0MD006036MOJ;278;103;0.00037601
809;0MD006036MOJ;279;103;0.00541997
809;0MD006036MOJ;280;103;0.00698263
809;0MD006036MOJ;281;103;0.00638394
809;0MD006036MOJ;282;103;0.00643249
809;0MD006036MOJ;283;103;0.00727148
809;0MD006036MOJ;284;103;0.00005969
809;0MD006036MOJ;285;103;0.00001431
809;0MD006036MOJ;236;104;0.00002900
809;0MD006036MOJ;237;104;0.00038653
809;0MD006036MOJ;278;104;0.00027965
809;0MD006036MOJ;283;104;0.00000814
809;0MD006036MOJ;284;104;0.00654326
809;0MD006036MOJ;237;105;0.00029107
809;0MD006036MOJ;238;105;0.00008420
809;0MD006036MOJ;277;105;0.00012816
809;0MD006036MOJ;278;105;0.00026924
809;0MD006036MOJ;284;105;0.00653003
809;0MD006036MOJ;238;106;0.00044822
809;0MD006036MOJ;239;106;0.00036707
809;0MD006036MOJ;284;106;0.00657284
809;0MD006036MOJ;239;107;0.00003525
809;0MD006036MOJ;240;107;0.00052267
809;0MD006036MOJ;284;107;0.00355366
809;0MD006036MOJ;285;107;0.00132951
809;0MD006036MOJ;240;108;0.00036383
809;0MD006036MOJ;240;109;0.00032719
809;0MD006036MOJ;241;109;0.00013808
809;0MD006036MOJ;240;110;0.00004333
809;0MD006036MOJ;241;110;0.00003560
809;0SS0060330SC;272;47;0.00033836
809;0SS0060330SC;273;47;0.00434303
809;0SS0060330SC;278;47;0.00014499
809;0SS0060330SC;282;47;0.00000351
809;0SS0060330SC;272;48;0.00538257
809;0SS0060330SC;273;48;0.00004611
809;0SS0060330SC;277;48;0.00029550
809;0SS0060330SC;278;48;0.00030514
809;0SS0060330SC;280;48;0.00001373
809;0SS0060330SC;281;48;0.00002653
809;0SS0060330SC;282;48;0.00000341
809;0SS0060330SC;271;49;0.00017814
809;0SS0060330SC;272;49;0.00549426
809;0SS0060330SC;276;49;0.00030856
809;0SS0060330SC;277;49;0.00028193
809;0SS0060330SC;278;49;0.00007088
809;0SS0060330SC;279;49;0.00000137
809;0SS0060330SC;280;49;0.00002823
809;0SS0060330SC;262;50;0.00007152
809;0SS0060330SC;263;50;0.00057477
809;0SS0060330SC;270;50;0.00011793
809;0SS0060330SC;271;50;0.00056078
809;0SS0060330SC;272;50;0.00530934
809;0SS0060330SC;273;50;0.00079490
809;0SS0060330SC;274;50;0.00059533
809;0SS0060330SC;275;50;0.00050982
809;0SS0060330SC;276;50;0.00035004
809;0SS0060330SC;277;50;0.00008852
809;0SS0060330SC;278;50;0.00011985
809;0SS0060330SC;279;50;0.00003486
809;0SS0060330SC;280;50;0.00000199
809;0SS0060330SC;263;51;0.00026278
809;0SS0060330SC;264;51;0.00091671
809;0SS0060330SC;265;51;0.00056718
809;0SS0060330SC;269;51;0.00036179
809;0SS0060330SC;270;51;0.00054064
809;0SS0060330SC;271;51;0.00009309
809;0SS0060330SC;272;51;0.00722364
809;0SS0060330SC;273;51;0.00023794
809;0SS0060330SC;274;51;0.00001781
809;0SS0060330SC;275;51;0.00002102
809;0SS0060330SC;276;51;0.00000654
809;0SS0060330SC;265;52;0.00100423
809;0SS0060330SC;268;52;0.00008416
809;0SS0060330SC;269;52;0.00054141
809;0SS0060330SC;270;52;0.00031127
809;0SS0060330SC;271;52;0.00413060
809;0SS0060330SC;272;52;0.00456781
809;0SS0060330SC;275;52;0.00000225
809;0SS0060330SC;276;52;0.00002158
809;0SS0060330SC;265;53;0.00151088
809;0SS0060330SC;267;53;0.00045517
809;0SS0060330SC;268;53;0.00083891
809;0SS0060330SC;269;53;0.00161912
809;0SS0060330SC;270;53;0.00228073
809;0SS0060330SC;271;53;0.00991574
809;0SS0060330SC;272;53;0.00008190
809;0SS0060330SC;276;53;0.00000395
809;0SS0060330SC;277;53;0.00001881
809;0SS0060330SC;278;53;0.00001808
809;0SS0060330SC;279;53;0.00000278
809;0SS0060330SC;258;54;0.00000557
809;0SS0060330SC;265;54;0.00214165
809;0SS0060330SC;266;54;0.00035166
809;0SS0060330SC;267;54;0.00186313
809;0SS0060330SC;268;54;0.00370919
809;0SS0060330SC;269;54;0.00351224
809;0SS0060330SC;270;54;0.01276153
809;0SS0060330SC;271;54;0.02828640
809;0SS0060330SC;272;54;0.02201702
809;0SS0060330SC;273;54;0.02301275
809;0SS0060330SC;274;54;0.02206356
809;0SS0060330SC;275;54;0.02193962
809;0SS0060330SC;276;54;0.02196607
809;0SS0060330SC;277;54;0.02176300
809;0SS0060330SC;278;54;0.02173847
809;0SS0060330SC;279;54;0.02179738
809;0SS0060330SC;280;54;0.02183496
809;0SS0060330SC;281;54;0.02235143
809;0SS0060330SC;282;54;0.02200194
809;0SS0060330SC;283;54;0.02199492
809;0SS0060330SC;284;54;0.01257831
809;0SS0060330SC;258;55;0.00009489
809;0SS0060330SC;262;55;0.00000194
809;0SS0060330SC;264;55;0.00111081
809;0SS0060330SC;265;55;0.00517874
809;0SS0060330SC;266;55;0.00418623
809;0SS0060330SC;267;55;0.00466726
809;0SS0060330SC;268;55;0.03483783
809;0SS0060330SC;269;55;0.04139439
809;0SS0060330SC;270;55;0.02438959
809;0SS0060330SC;271;55;0.00106399
809;0SS0060330SC;272;55;0.00000648
809;0SS0060330SC;273;55;0.00000614
809;0SS0060330SC;274;55;0.00000126
809;0SS0060330SC;278;55;0.00000539
809;0SS0060330SC;279;55;0.00000157
809;0SS0060330SC;261;56;0.00016144
809;0SS0060330SC;262;56;0.00062817
809;0SS0060330SC;263;56;0.00363891
809;0SS0060330SC;264;56;0.00231402
809;0SS0060330SC;265;56;0.00410031
809;0SS0060330SC;266;56;0.04041325
809;0SS0060330SC;267;56;0.03766150
809;0SS0060330SC;268;56;0.00442567
809;0SS0060330SC;269;56;0.00054093
809;0SS0060330SC;270;56;0.00003676
809;0SS0060330SC;271;56;0.00015990
809;0SS0060330SC;272;56;0.00000064
809;0SS0060330SC;278;56;0.00000455
809;0SS0060330SC;261;57;0.00112819
809;0SS0060330SC;262;57;0.00480499
809;0SS0060330SC;263;57;0.00456636
809;0SS0060330SC;264;57;0.01929919
809;0SS0060330SC;265;57;0.04582336
809;0SS0060330SC;266;57;0.00310634
809;0SS0060330SC;267;57;0.00005668
809;0SS0060330SC;269;57;0.00002302
809;0SS0060330SC;270;57;0.00002273
809;0SS0060330SC;261;58;0.00461228
809;0SS0060330SC;262;58;0.00433080
809;0SS0060330SC;263;58;0.04281777
809;0SS0060330SC;264;58;0.02506064
809;0SS0060330SC;267;58;0.00007765
809;0SS0060330SC;268;58;0.00003780
809;0SS0060330SC;269;58;0.00002179
809;0SS0060330SC;258;59;0.00000013
809;0SS0060330SC;259;59;0.00309196
809;0SS0060330SC;260;59;0.01066516
809;0SS0060330SC;261;59;0.03765495
809;0SS0060330SC;262;59;0.04786805
809;0SS0060330SC;263;59;0.00325139
809;0SS0060330SC;266;59;0.00010499
809;0SS0060330SC;267;59;0.00009412
809;0SS0060330SC;268;59;0.00000265
809;0SS0060330SC;257;60;0.00526461
809;0SS0060330SC;258;60;0.04060540
809;0SS0060330SC;259;60;0.04057317
809;0SS0060330SC;260;60;0.03508455
809;0SS0060330SC;261;60;0.00123225
809;0SS0060330SC;262;60;0.00209025
809;0SS0060330SC;263;60;0.00072875
809;0SS0060330SC;264;60;0.00033964
809;0SS0060330SC;265;60;0.00031821
809;0SS0060330SC;266;60;0.00001502
809;0SS0060330SC;260;61;0.00287425
809;0SS0060330SC;261;61;0.00110243
809;0SS0060330SC;262;61;0.00193769
809;0SS0060330SC;263;61;0.00052563
809;0SS0060330SC;260;62;0.00219589
809;0SS0060330SC;261;62;0.00080135
809;0SS0060330SC;260;63;0.00101018
809;0MD006033MOJ;303;49;0.00027232
809;0MD006033MOJ;300;50;0.00000619
809;0MD006033MOJ;303;50;0.00049470
809;0MD006033MOJ;304;50;0.00033462
809;0MD006033MOJ;300;51;0.00003660
809;0MD006033MOJ;304;51;0.00064772
809;0MD006033MOJ;305;51;0.00041526
809;0MD006033MOJ;299;52;0.00001634
809;0MD006033MOJ;300;52;0.00002458
809;0MD006033MOJ;304;52;0.00013064
809;0MD006033MOJ;305;52;0.00084359
809;0MD006033MOJ;296;53;0.00004382
809;0MD006033MOJ;297;53;0.08062895
809;0MD006033MOJ;298;53;0.08361238
809;0MD006033MOJ;299;53;0.07523486
809;0MD006033MOJ;305;53;0.00118728
809;0MD006033MOJ;306;53;0.00008541
809;0MD006033MOJ;296;54;0.05388726
809;0MD006033MOJ;297;54;0.00465460
809;0MD006033MOJ;299;54;0.00927698
809;0MD006033MOJ;300;54;0.08386818
809;0MD006033MOJ;301;54;0.08361882
809;0MD006033MOJ;302;54;0.08368930
809;0MD006033MOJ;303;54;0.08413068
809;0MD006033MOJ;304;54;0.08377867
809;0MD006033MOJ;305;54;0.08447087
809;0MD006033MOJ;306;54;0.08700041
809;0MD006033MOJ;307;54;0.08256251
809;0MD006033MOJ;308;54;0.00861364
809;0MD006033MOJ;298;55;0.00017409
809;0MD006033MOJ;299;55;0.00001595
809;0MD006033MOJ;305;55;0.00035581
809;0MD006033MOJ;306;55;0.00009883
809;0MD006033MOJ;307;55;0.00033438
809;0MD006033MOJ;298;56;0.00023173
809;0MD006033MOJ;305;56;0.00009689
809;0MD006033MOJ;306;56;0.00002441
809;0MD006033MOJ;307;56;0.00033571
809;0MD006033MOJ;298;57;0.00018418
809;0MD006033MOJ;306;57;0.00002821
809;0MD006033MOJ;307;57;0.00043692
809;0MD006033MOJ;308;57;0.00018746
809;0MD006033MOJ;297;58;0.00014069
809;0MD006033MOJ;298;58;0.00004424
809;0MD006033MOJ;308;58;0.00037899
809;0MD006033MOJ;297;59;0.00018308
809;0MD006033MOJ;298;59;0.00003426
809;0MD006033MOJ;307;59;0.00030353
809;0MD006033MOJ;308;59;0.00008457
809;0MD006033MOJ;298;60;0.00003355
809;0MD006033MOJ;307;60;0.00038486
809;0MD006033MOJ;307;61;0.00037944
809;0MD006033MOJ;307;62;0.00039179
809;0MD006033MOJ;307;63;0.00030693
809;0MD006033MOJ;307;64;0.00026618
809;0MD006033MOJ;308;64;0.00004946
809;0MD006033MOJ;308;65;0.00026546
809;0MD006033MOJ;300;66;0.00009279
809;0MD006033MOJ;308;66;0.00030092
809;0MD006033MOJ;301;67;0.00008744
809;0MD006033MOJ;308;67;0.00020007
809;0MD0060330SC;295;52;0.00012979
809;0MD0060330SC;294;53;0.00016350
809;0MD0060330SC;295;53;0.00021431
809;0MD0060330SC;296;53;0.00002669
809;0MD0060330SC;284;54;0.02342966
809;0MD0060330SC;292;54;0.00009965
809;0MD0060330SC;293;54;0.04200998
809;0MD0060330SC;294;54;0.08328122
809;0MD0060330SC;295;54;0.08543510
809;0MD0060330SC;296;54;0.03044049
809;0MD0060330SC;284;55;0.01568610
809;0MD0060330SC;285;55;0.08577224
809;0MD0060330SC;286;55;0.08540346
809;0MD0060330SC;287;55;0.07296050
809;0MD0060330SC;289;55;0.05668414
809;0MD0060330SC;290;55;0.08291564
809;0MD0060330SC;291;55;0.08375382
809;0MD0060330SC;292;55;0.08355351
809;0MD0060330SC;293;55;0.04163985
809;0MD0060330SC;278;56;0.00001318
809;0MD0060330SC;287;56;0.01194090
809;0MD0060330SC;288;56;0.08178852
809;0MD0060330SC;289;56;0.02420778
809;0MD0060330SC;278;57;0.00001867
809;0MD0060330SC;279;57;0.00002365
809;0MD0060330SC;288;57;0.00008128
809;0MD0060330SC;289;57;0.00084124
809;0MD0060330SC;279;58;0.00004324
809;0MD0060330SC;289;58;0.00019706
809;0MD0060330SC;290;58;0.00071881
809;0MD0060330SC;278;59;0.00002331
809;0MD0060330SC;279;59;0.00002637
809;0MD0060330SC;290;59;0.00036617
809;0MD0060330SC;291;59;0.00044132
809;0MD0060330SC;276;60;0.00000495
809;0MD0060330SC;277;60;0.00003610
809;0MD0060330SC;278;60;0.00002971
809;0MD0060330SC;291;60;0.00068948
809;0MD0060330SC;274;61;0.00003027
809;0MD0060330SC;275;61;0.00003788
809;0MD0060330SC;276;61;0.00003473
809;0MD0060330SC;277;61;0.00000244
809;0MD0060330SC;291;61;0.00068939
809;0MD0060330SC;273;62;0.00002674
809;0MD0060330SC;274;62;0.00002424
809;0MD0060330SC;291;62;0.00068921
809;0MD0060330SC;273;63;0.00003677
809;0MD0060330SC;291;63;0.00068922
809;0MD0060330SC;273;64;0.00000120
809;0MD0060330SC;291;64;0.00068922
809;0MD0060330SC;289;65;0.00001453
809;0MD0060330SC;290;65;0.00003568
809;0MD0060330SC;291;65;0.00074325
809;0MD0060330SC;292;65;0.00025550
809;0MD0060330SC;289;66;0.00000585
809;0MD0060330SC;292;66;0.00052478
809;0MD0060330SC;293;66;0.00037770
