#GRID CA_State4k -684000. -564000. 4000. 4000. 321 291 1 LAMBERT METERS 30. 60. -120.5 -120.5 37.
815;0SC0060300SC;238;44;0.00160855
815;0SC0060300SC;237;45;0.00208200
815;0SC0060300SC;238;45;0.01347927
815;0SC0060300SC;235;46;0.00019746
815;0SC0060300SC;236;46;0.00962609
815;0SC0060300SC;237;46;0.01677357
815;0SC0060300SC;238;46;0.00117059
815;0SC0060300SC;239;46;0.00006005
815;0SC0060300SC;234;47;0.00019306
815;0SC0060300SC;235;47;0.00126269
815;0SC0060300SC;236;47;0.01748719
815;0SC0060300SC;237;47;0.00042275
815;0SC0060300SC;238;47;0.00012606
815;0SC0060300SC;239;47;0.00002364
815;0SC0060300SC;233;48;0.00038376
815;0SC0060300SC;234;48;0.00114738
815;0SC0060300SC;235;48;0.00116491
815;0SC0060300SC;236;48;0.01884578
815;0SC0060300SC;237;48;0.00084970
815;0SC0060300SC;238;48;0.00078070
815;0SC0060300SC;239;48;0.00021722
815;0SC0060300SC;232;49;0.00078205
815;0SC0060300SC;233;49;0.00054232
815;0SC0060300SC;234;49;0.00093420
815;0SC0060300SC;235;49;0.00893062
815;0SC0060300SC;236;49;0.01808441
815;0SC0060300SC;237;49;0.00190955
815;0SC0060300SC;238;49;0.00020323
815;0SC0060300SC;239;49;0.00024380
815;0SC0060300SC;230;50;0.00138043
815;0SC0060300SC;231;50;0.00229563
815;0SC0060300SC;232;50;0.00220353
815;0SC0060300SC;233;50;0.00872144
815;0SC0060300SC;234;50;0.00918665
815;0SC0060300SC;235;50;0.01318482
815;0SC0060300SC;236;50;0.01218610
815;0SC0060300SC;237;50;0.00199939
815;0SC0060300SC;238;50;0.00010488
815;0SC0060300SC;239;50;0.00003673
815;0SC0060300SC;240;50;0.00013675
815;0SC0060300SC;241;50;0.00008865
815;0SC0060300SC;228;51;0.00025123
815;0SC0060300SC;229;51;0.00208034
815;0SC0060300SC;230;51;0.00389158
815;0SC0060300SC;231;51;0.00537306
815;0SC0060300SC;232;51;0.01481221
815;0SC0060300SC;233;51;0.00104709
815;0SC0060300SC;234;51;0.01568685
815;0SC0060300SC;235;51;0.01842137
815;0SC0060300SC;236;51;0.00246673
815;0SC0060300SC;237;51;0.00315495
815;0SC0060300SC;238;51;0.00198467
815;0SC0060300SC;241;51;0.00003743
815;0SC0060300SC;227;52;0.00025548
815;0SC0060300SC;228;52;0.00164852
815;0SC0060300SC;229;52;0.00312032
815;0SC0060300SC;230;52;0.01874503
815;0SC0060300SC;231;52;0.02732011
815;0SC0060300SC;232;52;0.01915064
815;0SC0060300SC;233;52;0.01032732
815;0SC0060300SC;234;52;0.02388348
815;0SC0060300SC;235;52;0.00257070
815;0SC0060300SC;236;52;0.00728285
815;0SC0060300SC;237;52;0.00170993
815;0SC0060300SC;238;52;0.00015478
815;0SC0060300SC;226;53;0.00032159
815;0SC0060300SC;227;53;0.00135937
815;0SC0060300SC;228;53;0.00441327
815;0SC0060300SC;229;53;0.02772295
815;0SC0060300SC;230;53;0.00972048
815;0SC0060300SC;231;53;0.00703133
815;0SC0060300SC;232;53;0.01747266
815;0SC0060300SC;233;53;0.02086594
815;0SC0060300SC;234;53;0.00708383
815;0SC0060300SC;235;53;0.00784910
815;0SC0060300SC;236;53;0.00022205
815;0SC0060300SC;237;53;0.00011860
815;0SC0060300SC;226;54;0.00518608
815;0SC0060300SC;227;54;0.02579843
815;0SC0060300SC;228;54;0.03309912
815;0SC0060300SC;229;54;0.01106352
815;0SC0060300SC;230;54;0.01109140
815;0SC0060300SC;231;54;0.01010492
815;0SC0060300SC;232;54;0.02948777
815;0SC0060300SC;233;54;0.00476434
815;0SC0060300SC;234;54;0.00292991
815;0SC0060300SC;235;54;0.00630304
815;0SC0060300SC;236;54;0.00022710
815;0SC0060300SC;237;54;0.00004430
815;0SC0060300SC;226;55;0.00668262
815;0SC0060300SC;227;55;0.00492031
815;0SC0060300SC;228;55;0.00629725
815;0SC0060300SC;229;55;0.00426064
815;0SC0060300SC;230;55;0.00463134
815;0SC0060300SC;231;55;0.03581516
815;0SC0060300SC;232;55;0.01543990
815;0SC0060300SC;233;55;0.00195838
815;0SC0060300SC;234;55;0.00834782
815;0SC0060300SC;235;55;0.00201607
815;0SC0060300SC;227;56;0.00221636
815;0SC0060300SC;228;56;0.00595728
815;0SC0060300SC;229;56;0.00964475
815;0SC0060300SC;230;56;0.01980639
815;0SC0060300SC;231;56;0.01466048
815;0SC0060300SC;232;56;0.01393795
815;0SC0060300SC;233;56;0.00177367
815;0SC0060300SC;234;56;0.00047777
815;0SC0060300SC;235;56;0.00617378
815;0SC0060300SC;227;57;0.00193528
815;0SC0060300SC;228;57;0.02569135
815;0SC0060300SC;229;57;0.02932878
815;0SC0060300SC;230;57;0.02055550
815;0SC0060300SC;231;57;0.02870604
815;0SC0060300SC;232;57;0.02002659
815;0SC0060300SC;233;57;0.01777581
815;0SC0060300SC;234;57;0.01515779
815;0SC0060300SC;235;57;0.02305088
815;0SC0060300SC;236;57;0.00517735
815;0SC0060300SC;228;58;0.00026412
815;0SC0060300SC;229;58;0.00361215
815;0SC0060300SC;230;58;0.00515595
815;0SC0060300SC;231;58;0.01435768
815;0SC0060300SC;232;58;0.00322196
815;0SC0060300SC;233;58;0.00136556
815;0SC0060300SC;234;58;0.00059866
815;0SC0060300SC;235;58;0.00004411
815;0SC0060300SC;229;59;0.00249150
815;0SC0060300SC;230;59;0.00335789
815;0SC0060300SC;231;59;0.00972658
815;0SC0060300SC;232;59;0.00190289
815;0SC0060300SC;233;59;0.00076229
815;0SV006052TEH;136;218;0.04314652
815;0SV006052TEH;136;219;0.04633297
815;0SV006052TEH;136;220;0.04633300
815;0SV006052TEH;138;220;0.00168753
815;0SV006052TEH;139;220;0.00013918
815;0SV006052TEH;140;220;0.00379545
815;0SV006052TEH;141;220;0.01871500
815;0SV006052TEH;136;221;0.04881392
815;0SV006052TEH;137;221;0.00838585
815;0SV006052TEH;138;221;0.00086203
815;0SV006052TEH;139;221;0.00447647
815;0SV006052TEH;140;221;0.01619426
815;0SV006052TEH;136;222;0.04964481
815;0SV006052TEH;137;222;0.00456174
815;0SV006052TEH;139;222;0.01332457
815;0SV006052TEH;136;223;0.04846838
815;0SV006052TEH;137;223;0.00587142
815;0SV006052TEH;138;223;0.00145753
815;0SV006052TEH;139;223;0.01102282
815;0SV006052TEH;136;224;0.04478298
815;0SV006052TEH;138;224;0.02515660
815;0SV006052TEH;149;224;0.00051922
815;0SV006052TEH;136;225;0.04478298
815;0SV006052TEH;137;225;0.00215337
815;0SV006052TEH;138;225;0.00738714
815;0SV006052TEH;149;225;0.00046999
815;0SV006052TEH;136;226;0.04658974
815;0SV006052TEH;137;226;0.00514815
815;0SV006052TEH;138;226;0.00827610
815;0SV006052TEH;149;226;0.00104940
815;0SV006052TEH;136;227;0.05162397
815;0SV006052TEH;137;227;0.00218615
815;0SV006052TEH;138;227;0.00676283
815;0SV006052TEH;149;227;0.00086498
815;0SV006052TEH;150;227;0.00040583
815;0SV006052TEH;135;228;0.00001258
815;0SV006052TEH;136;228;0.06783870
815;0SV006052TEH;137;228;0.00767461
815;0SV006052TEH;150;228;0.00097881
815;0SV006052TEH;151;228;0.00042626
815;0SV006052TEH;131;229;0.00008420
815;0SV006052TEH;132;229;0.00010214
815;0SV006052TEH;133;229;0.00010214
815;0SV006052TEH;134;229;0.00010586
815;0SV006052TEH;135;229;0.03769080
815;0SV006052TEH;136;229;0.02128171
815;0SV006052TEH;137;229;0.00037247
815;0SV006052TEH;151;229;0.00095839
815;0SV006052TEH;152;229;0.00044668
815;0SV006052TEH;129;230;0.00002740
815;0SV006052TEH;130;230;0.00012559
815;0SV006052TEH;131;230;0.00003224
815;0SV006052TEH;135;230;0.05745380
815;0SV006052TEH;136;230;0.00165554
815;0SV006052TEH;137;230;0.00003315
815;0SV006052TEH;138;230;0.00035232
815;0SV006052TEH;152;230;0.00093796
815;0SV006052TEH;153;230;0.00189786
815;0SV006052TEH;154;230;0.00077255
815;0SV006052TEH;126;231;0.00002870
815;0SV006052TEH;127;231;0.00010750
815;0SV006052TEH;128;231;0.00010750
815;0SV006052TEH;129;231;0.00008072
815;0SV006052TEH;135;231;0.05578386
815;0SV006052TEH;138;231;0.00020594
815;0SV006052TEH;139;231;0.00032303
815;0SV006052TEH;140;231;0.00032148
815;0SV006052TEH;141;231;0.00032148
815;0SV006052TEH;142;231;0.00002389
815;0SV006052TEH;152;231;0.00076115
815;0SV006052TEH;153;231;0.00018111
815;0SV006052TEH;123;232;0.00003062
815;0SV006052TEH;124;232;0.00010750
815;0SV006052TEH;125;232;0.00010750
815;0SV006052TEH;126;232;0.00007880
815;0SV006052TEH;135;232;0.05466423
815;0SV006052TEH;136;232;0.00023988
815;0SV006052TEH;142;232;0.00029760
815;0SV006052TEH;143;232;0.00032148
815;0SV006052TEH;144;232;0.00032148
815;0SV006052TEH;145;232;0.00032148
815;0SV006052TEH;146;232;0.00031942
815;0SV006052TEH;147;232;0.00031737
815;0SV006052TEH;148;232;0.00031737
815;0SV006052TEH;149;232;0.00033136
815;0SV006052TEH;150;232;0.00026404
815;0SV006052TEH;151;232;0.00106171
815;0SV006052TEH;152;232;0.00015317
815;0SV006052TEH;123;233;0.00035897
815;0SV006052TEH;135;233;0.05425527
815;0SV006052TEH;136;233;0.00246013
815;0SV006052TEH;150;233;0.00072063
815;0SV006052TEH;151;233;0.00009274
815;0SV006052TEH;150;234;0.00049044
815;0SV006052TEH;150;235;0.00136377
815;0SV006006COL;133;194;0.00043502
815;0SV006006COL;140;194;0.03771510
815;0SV006006COL;133;195;0.00103263
815;0SV006006COL;139;195;0.04068740
815;0SV006006COL;140;195;0.03156860
815;0SV006006COL;131;196;0.00043512
815;0SV006006COL;132;196;0.00568450
815;0SV006006COL;133;196;0.00131396
815;0SV006006COL;139;196;0.07423261
815;0SV006006COL;140;196;0.00011888
815;0SV006006COL;133;197;0.00475389
815;0SV006006COL;138;197;0.03825956
815;0SV006006COL;139;197;0.03424570
815;0SV006006COL;140;197;0.00103920
815;0SV006006COL;141;197;0.00058260
815;0SV006006COL;142;197;0.00017184
815;0SV006006COL;133;198;0.00475389
815;0SV006006COL;138;198;0.07089138
815;0SV006006COL;142;198;0.00077754
815;0SV006006COL;133;199;0.00454921
815;0SV006006COL;134;199;0.00250462
815;0SV006006COL;137;199;0.02922405
815;0SV006006COL;138;199;0.04111713
815;0SV006006COL;141;199;0.00047320
815;0SV006006COL;142;199;0.00020977
815;0SV006006COL;134;200;0.00341165
815;0SV006006COL;135;200;0.00491703
815;0SV006006COL;136;200;0.00471191
815;0SV006006COL;137;200;0.07359890
815;0SV006006COL;140;200;0.00009279
815;0SV006006COL;141;200;0.00812879
815;0SV006006COL;142;200;0.00636257
815;0SV006006COL;136;201;0.01244618
815;0SV006006COL;137;201;0.06856281
815;0SV006006COL;138;201;0.00612441
815;0SV006006COL;139;201;0.00544771
815;0SV006006COL;140;201;0.00588068
815;0SV006006COL;136;202;0.06941963
815;0SV006006COL;140;202;0.00672407
815;0SV006006COL;136;203;0.07165227
815;0SV006006COL;137;203;0.00555368
815;0SV006006COL;138;203;0.00555368
815;0SV006006COL;139;203;0.00783114
815;0SV006006COL;140;203;0.00344155
815;0SV006006COL;136;204;0.06752215
815;0SV006006COL;139;204;0.00146740
815;0SV006006COL;140;204;0.00076296
815;0SV006006COL;136;205;0.06626916
815;0SV006006COL;140;205;0.00232591
815;0SV006006COL;141;205;0.00024724
815;0SV006006COL;136;206;0.06122373
815;0SV006006COL;140;206;0.00198034
815;0SV006006COL;141;206;0.00011588
815;0SV006006COL;142;206;0.00022435
815;0SV006006COL;140;207;0.00122202
815;SCC0060420SB;194;70;0.01134920
815;SCC0060420SB;195;70;0.00341492
815;SCC0060420SB;185;71;0.00000683
815;SCC0060420SB;186;71;0.01391695
815;SCC0060420SB;187;71;0.00366623
815;SCC0060420SB;188;71;0.00125324
815;SCC0060420SB;189;71;0.03984737
815;SCC0060420SB;190;71;0.04842232
815;SCC0060420SB;191;71;0.03560774
815;SCC0060420SB;192;71;0.02968458
815;SCC0060420SB;193;71;0.03168320
815;SCC0060420SB;194;71;0.02183850
815;SCC0060420SB;195;71;0.00124824
815;SCC0060420SB;175;72;0.00002404
815;SCC0060420SB;180;72;0.00023559
815;SCC0060420SB;181;72;0.00673943
815;SCC0060420SB;182;72;0.00763943
815;SCC0060420SB;183;72;0.00808058
815;SCC0060420SB;184;72;0.00906006
815;SCC0060420SB;185;72;0.01182233
815;SCC0060420SB;186;72;0.03570736
815;SCC0060420SB;187;72;0.06120992
815;SCC0060420SB;188;72;0.06760227
815;SCC0060420SB;189;72;0.04559858
815;SCC0060420SB;190;72;0.00874311
815;SCC0060420SB;191;72;0.00394107
815;SCC0060420SB;192;72;0.00106164
815;SCC0060420SB;193;72;0.00007465
815;SCC0060420SB;175;73;0.00004988
815;SCC0060420SB;176;73;0.00018673
815;SCC0060420SB;177;73;0.00014983
815;SCC0060420SB;178;73;0.01235932
815;SCC0060420SB;179;73;0.00720756
815;SCC0060420SB;180;73;0.00740475
815;SCC0060420SB;181;73;0.00142384
815;SCC0060420SB;183;73;0.00000663
815;SCC0060420SB;184;73;0.00000634
815;SCC0060420SB;186;73;0.00000127
815;SCC0060420SB;187;73;0.00292979
815;SCC0060420SB;188;73;0.00461259
815;SCC0060420SB;189;73;0.00000002
815;SCC0060420SB;190;73;0.00000376
815;SCC0060420SB;191;73;0.00000001
815;SCC0060420SB;173;74;0.00011423
815;SCC0060420SB;174;74;0.00009875
815;SCC0060420SB;175;74;0.00339967
815;SCC0060420SB;176;74;0.00384563
815;SCC0060420SB;177;74;0.00381023
815;SCC0060420SB;178;74;0.00627218
815;SCC0060420SB;179;74;0.00013519
815;SCC0060420SB;181;74;0.00036388
815;SCC0060420SB;182;74;0.00021748
815;SCC0060420SB;183;74;0.00000324
815;SCC0060420SB;184;74;0.00000331
815;SCC0060420SB;185;74;0.00000146
815;SCC0060420SB;186;74;0.00274264
815;SCC0060420SB;187;74;0.00428851
815;SCC0060420SB;188;74;0.00006533
815;SCC0060420SB;189;74;0.00000009
815;SCC0060420SB;171;75;0.00000006
815;SCC0060420SB;172;75;0.00000003
815;SCC0060420SB;173;75;0.00001646
815;SCC0060420SB;174;75;0.00121435
815;SCC0060420SB;175;75;0.00287973
815;SCC0060420SB;178;75;0.00387856
815;SCC0060420SB;179;75;0.00015399
815;SCC0060420SB;180;75;0.00018709
815;SCC0060420SB;181;75;0.00073743
815;SCC0060420SB;183;75;0.00017416
815;SCC0060420SB;184;75;0.00398414
815;SCC0060420SB;185;75;0.00424637
815;SCC0060420SB;186;75;0.00154258
815;SCC0060420SB;187;75;0.00000829
815;SCC0060420SB;188;75;0.00000015
815;SCC0060420SB;189;75;0.00000007
815;SCC0060420SB;171;76;0.00000034
815;SCC0060420SB;172;76;0.00034410
815;SCC0060420SB;173;76;0.00232365
815;SCC0060420SB;174;76;0.00414942
815;SCC0060420SB;175;76;0.00009313
815;SCC0060420SB;176;76;0.00010868
815;SCC0060420SB;177;76;0.00009389
815;SCC0060420SB;178;76;0.00409580
815;SCC0060420SB;179;76;0.00636181
815;SCC0060420SB;180;76;0.00574547
815;SCC0060420SB;181;76;0.00288891
815;SCC0060420SB;182;76;0.00483700
815;SCC0060420SB;183;76;0.00367957
815;SCC0060420SB;171;77;0.00006302
815;SCC0060420SB;172;77;0.00662514
815;SCC0060420SB;173;77;0.01055466
815;SCC0060420SB;174;77;0.00010564
815;SCC0060420SB;175;77;0.00001390
815;SCC0060420SB;176;77;0.00418327
815;SCC0060420SB;177;77;0.00498394
815;SCC0060420SB;178;77;0.00761887
815;SCC0060420SB;179;77;0.00216848
815;SCC0060420SB;180;77;0.00092834
815;SCC0060420SB;181;77;0.00525506
815;SCC0060420SB;182;77;0.00017813
815;SCC0060420SB;183;77;0.00011118
815;SCC0060420SB;184;77;0.00001869
815;SCC0060420SB;170;78;0.00000001
815;SCC0060420SB;171;78;0.00008096
815;SCC0060420SB;172;78;0.01325245
815;SCC0060420SB;173;78;0.00725405
815;SCC0060420SB;174;78;0.00482445
815;SCC0060420SB;175;78;0.00502379
815;SCC0060420SB;176;78;0.00187739
815;SCC0060420SB;178;78;0.00000333
815;SCC0060420SB;179;78;0.00517956
815;SCC0060420SB;180;78;0.00532644
815;SCC0060420SB;181;78;0.00102935
815;SCC0060420SB;182;78;0.00005188
815;SCC0060420SB;184;78;0.00000214
815;SCC0060420SB;185;78;0.00000072
815;SCC0060420SB;170;79;0.00000060
815;SCC0060420SB;171;79;0.00043584
815;SCC0060420SB;172;79;0.00892867
815;SCC0060420SB;173;79;0.00294506
815;SCC0060420SB;176;79;0.00007473
815;SCC0060420SB;177;79;0.00003137
815;SCC0060420SB;178;79;0.00331928
815;SCC0060420SB;179;79;0.00734150
815;SCC0060420SB;180;79;0.00019573
815;SCC0060420SB;184;79;0.00000017
815;SCC0060420SB;185;79;0.00000141
815;SCC0060420SB;170;80;0.00000067
815;SCC0060420SB;171;80;0.00642247
815;SCC0060420SB;172;80;0.00137955
815;SCC0060420SB;173;80;0.00296996
815;SCC0060420SB;174;80;0.00009105
815;SCC0060420SB;175;80;0.00009228
815;SCC0060420SB;176;80;0.00401179
815;SCC0060420SB;177;80;0.00766549
815;SCC0060420SB;178;80;0.00393111
815;SCC0060420SB;179;80;0.00008340
815;SCC0060420SB;180;80;0.00011936
815;SCC0060420SB;181;80;0.00002523
815;SCC0060420SB;182;80;0.00000723
815;SCC0060420SB;183;80;0.00000029
815;SCC0060420SB;184;80;0.00000106
815;SCC0060420SB;185;80;0.00000036
815;SCC0060420SB;170;81;0.00004147
815;SCC0060420SB;171;81;0.00345474
815;SCC0060420SB;172;81;0.00607811
815;SCC0060420SB;173;81;0.00294075
815;SCC0060420SB;174;81;0.00004481
815;SCC0060420SB;175;81;0.00309289
815;SCC0060420SB;176;81;0.00636615
815;SCC0060420SB;177;81;0.00003332
815;SCC0060420SB;179;81;0.00018547
815;SCC0060420SB;180;81;0.00004786
815;SCC0060420SB;195;81;0.00013806
815;SCC0060420SB;171;82;0.00009521
815;SCC0060420SB;173;82;0.00709206
815;SCC0060420SB;174;82;0.00012145
815;SCC0060420SB;175;82;0.00830987
815;SCC0060420SB;176;82;0.00000192
815;SCC0060420SB;177;82;0.00005231
815;SCC0060420SB;178;82;0.00001899
815;SCC0060420SB;179;82;0.00000304
815;SCC0060420SB;193;82;0.00000001
815;SCC0060420SB;195;82;0.00008614
815;SCC0060420SB;171;83;0.00016186
815;SCC0060420SB;172;83;0.00038244
815;SCC0060420SB;173;83;0.01142677
815;SCC0060420SB;174;83;0.01049733
815;SCC0060420SB;175;83;0.00029009
815;SCC0060420SB;176;83;0.00028415
815;SCC0060420SB;177;83;0.00037498
815;SCC0060420SB;193;83;0.00000002
815;SCC0060420SB;194;83;0.00008812
815;SCC0060420SB;195;83;0.00002637
815;SCC0060420SB;171;84;0.00124268
815;SCC0060420SB;172;84;0.00233103
815;SCC0060420SB;173;84;0.03026399
815;SCC0060420SB;174;84;0.00423548
815;SCC0060420SB;175;84;0.00035798
815;SCC0060420SB;176;84;0.00078170
815;SCC0060420SB;177;84;0.00055041
815;SCC0060420SB;178;84;0.00002136
815;SCC0060420SB;190;84;0.00000027
815;SCC0060420SB;191;84;0.00000154
815;SCC0060420SB;192;84;0.00006086
815;SCC0060420SB;193;84;0.00000001
815;SCC0060420SB;194;84;0.00011794
815;SCC0060420SB;170;85;0.00125785
815;SCC0060420SB;171;85;0.00049545
815;SCC0060420SB;172;85;0.00411791
815;SCC0060420SB;173;85;0.05061037
815;SCC0060420SB;174;85;0.00093516
815;SCC0060420SB;175;85;0.00051338
815;SCC0060420SB;176;85;0.00002752
815;SCC0060420SB;178;85;0.00000595
815;SCC0060420SB;190;85;0.00006917
815;SCC0060420SB;191;85;0.00021516
815;SCC0060420SB;192;85;0.00024696
815;SCC0060420SB;170;86;0.00517081
815;SCC0060420SB;171;86;0.00388575
815;SCC0060420SB;172;86;0.00376652
815;SCC0060420SB;173;86;0.05255576
815;SCC0060420SB;174;86;0.00153336
815;SCC0060420SB;178;86;0.00003555
815;SCC0060420SB;186;86;0.00000168
815;SCC0060420SB;188;86;0.00010927
815;SCC0060420SB;189;86;0.00050394
815;SCC0060420SB;190;86;0.00042160
815;SCC0060420SB;191;86;0.00014998
815;SCC0060420SB;171;87;0.00000079
815;SCC0060420SB;173;87;0.00778856
815;SCC0060420SB;178;87;0.00001437
815;SCC0060420SB;186;87;0.00014938
815;SCC0060420SB;187;87;0.00030242
815;SCC0060420SB;188;87;0.00018997
815;SCC0060420SB;177;88;0.00005103
815;SCC0060420SB;178;88;0.00039785
815;SCC0060420SB;179;88;0.00010732
815;SCC0060420SB;185;88;0.00008705
815;SCC0060420SB;186;88;0.00018362
815;SCC0060420SB;179;89;0.00032774
815;SCC0060420SB;179;90;0.00001029
815;SCC0060420SB;180;90;0.00026109
815;SCC0060420SB;181;90;0.00007819
815;GBV006026GBU;212;155;0.02469031
815;GBV006026GBU;213;155;0.00344681
815;GBV006026GBU;218;155;0.00241584
815;GBV006026GBU;227;155;0.00011569
815;GBV006026GBU;228;155;0.00011367
815;GBV006026GBU;229;155;0.00002623
815;GBV006026GBU;212;156;0.02969959
815;GBV006026GBU;217;156;0.00267392
815;GBV006026GBU;218;156;0.00026446
815;GBV006026GBU;227;156;0.00019645
815;GBV006026GBU;228;156;0.00000754
815;GBV006026GBU;210;157;0.01274786
815;GBV006026GBU;211;157;0.02754464
815;GBV006026GBU;212;157;0.00400910
815;GBV006026GBU;217;157;0.00293838
815;GBV006026GBU;226;157;0.00013619
815;GBV006026GBU;227;157;0.00000547
815;GBV006026GBU;207;158;0.00407191
815;GBV006026GBU;208;158;0.02164876
815;GBV006026GBU;209;158;0.02164876
815;GBV006026GBU;210;158;0.00890090
815;GBV006026GBU;217;158;0.00293838
815;GBV006026GBU;226;158;0.00005768
815;GBV006026GBU;204;159;0.00002598
815;GBV006026GBU;205;159;0.01150993
815;GBV006026GBU;206;159;0.02164876
815;GBV006026GBU;207;159;0.01757684
815;GBV006026GBU;216;159;0.00215550
815;GBV006026GBU;217;159;0.00078289
815;GBV006026GBU;205;160;0.01617918
815;GBV006026GBU;216;160;0.00293838
815;GBV006026GBU;204;161;0.01447599
815;GBV006026GBU;205;161;0.00619072
815;GBV006026GBU;216;161;0.00293838
815;GBV006026GBU;203;162;0.00514749
815;GBV006026GBU;204;162;0.01634658
815;GBV006026GBU;215;162;0.00163707
815;GBV006026GBU;216;162;0.00130131
815;GBV006026GBU;203;163;0.02149407
815;GBV006026GBU;213;163;0.00275439
815;GBV006026GBU;214;163;0.00009162
815;GBV006026GBU;215;163;0.00293838
815;GBV006026GBU;202;164;0.01543450
815;GBV006026GBU;203;164;0.00418101
815;GBV006026GBU;212;164;0.00269165
815;GBV006026GBU;213;164;0.00269092
815;GBV006026GBU;214;164;0.00451322
815;GBV006026GBU;215;164;0.00524481
815;GBV006026GBU;202;165;0.01895900
815;GBV006026GBU;211;165;0.00218189
815;GBV006026GBU;212;165;0.00320068
815;GBV006026GBU;215;165;0.00682101
815;GBV006026GBU;198;166;0.00079625
815;GBV006026GBU;201;166;0.00551563
815;GBV006026GBU;202;166;0.01920238
815;GBV006026GBU;203;166;0.00400668
815;GBV006026GBU;204;166;0.00400668
815;GBV006026GBU;205;166;0.00400668
815;GBV006026GBU;206;166;0.00400668
815;GBV006026GBU;207;166;0.00013776
815;GBV006026GBU;210;166;0.00167212
815;GBV006026GBU;211;166;0.00371045
815;GBV006026GBU;215;166;0.00762946
815;GBV006026GBU;216;166;0.00067792
815;GBV006026GBU;198;167;0.00104786
815;GBV006026GBU;199;167;0.00370341
815;GBV006026GBU;200;167;0.00370341
815;GBV006026GBU;201;167;0.02484829
815;GBV006026GBU;207;167;0.00386892
815;GBV006026GBU;208;167;0.00400668
815;GBV006026GBU;209;167;0.00400668
815;GBV006026GBU;210;167;0.00356818
815;GBV006026GBU;216;167;0.00009657
815;GBV006026GBU;201;168;0.01793372
815;GBV006026GBU;200;169;0.01002857
815;GBV006026GBU;201;169;0.00782915
815;GBV006026GBU;200;170;0.01737040
815;GBV006026GBU;200;171;0.01693133
815;GBV006026GBU;199;172;0.00511362
815;GBV006026GBU;200;172;0.01181353
815;GBV006026GBU;199;173;0.01692716
815;GBV006026GBU;199;174;0.01690235
815;GBV006026GBU;199;175;0.01695884
815;GBV006026GBU;197;176;0.00947967
815;GBV006026GBU;198;176;0.02030332
815;GBV006026GBU;199;176;0.00720721
815;GBV006026GBU;197;177;0.01965003
815;GBV006026GBU;199;177;0.00048624
815;GBV006026GBU;190;178;0.00660316
815;GBV006026GBU;191;178;0.00982346
815;GBV006026GBU;192;178;0.00983141
815;GBV006026GBU;193;178;0.00984158
815;GBV006026GBU;194;178;0.02162768
815;GBV006026GBU;195;178;0.01763956
815;GBV006026GBU;196;178;0.01877785
815;GBV006026GBU;197;178;0.01063558
815;GBV006026GBU;199;178;0.00048624
815;GBV006026GBU;193;179;0.00083539
815;GBV006026GBU;194;179;0.01973154
815;GBV006026GBU;199;179;0.00016384
815;GBV006026GBU;200;179;0.00032241
815;GBV006026GBU;193;180;0.02056693
815;GBV006026GBU;200;180;0.00031093
815;GBV006026GBU;193;181;0.02061666
815;GBV006026GBU;193;182;0.02067205
815;GBV006026GBU;193;183;0.02067205
815;GBV006026GBU;192;184;0.01142210
815;GBV006026GBU;193;184;0.00924995
815;GBV006026GBU;192;185;0.02067205
815;GBV006026GBU;191;186;0.00080550
815;GBV006026GBU;192;186;0.03123026
815;GBV006026GBU;191;187;0.02112551
815;GBV006026GBU;192;187;0.01283175
815;NCC006027MBU;162;109;0.00000568
815;NCC006027MBU;166;109;0.00183031
815;NCC006027MBU;151;110;0.00040792
815;NCC006027MBU;152;110;0.00082563
815;NCC006027MBU;165;110;0.00459180
815;NCC006027MBU;166;110;0.00533091
815;NCC006027MBU;169;110;0.00000016
815;NCC006027MBU;170;110;0.00000011
815;NCC006027MBU;150;111;0.00057589
815;NCC006027MBU;151;111;0.00109569
815;NCC006027MBU;162;111;0.00015090
815;NCC006027MBU;163;111;0.00027238
815;NCC006027MBU;164;111;0.00649438
815;NCC006027MBU;165;111;0.00173344
815;NCC006027MBU;166;111;0.00010439
815;NCC006027MBU;170;111;0.00000105
815;NCC006027MBU;173;111;0.00003292
815;NCC006027MBU;150;112;0.00137806
815;NCC006027MBU;159;112;0.00001423
815;NCC006027MBU;160;112;0.00006663
815;NCC006027MBU;161;112;0.00006069
815;NCC006027MBU;162;112;0.00002611
815;NCC006027MBU;163;112;0.00211610
815;NCC006027MBU;164;112;0.00499970
815;NCC006027MBU;166;112;0.00002817
815;NCC006027MBU;167;112;0.00010965
815;NCC006027MBU;168;112;0.00000563
815;NCC006027MBU;170;112;0.00000037
815;NCC006027MBU;171;112;0.00003772
815;NCC006027MBU;172;112;0.00013662
815;NCC006027MBU;173;112;0.00005746
815;NCC006027MBU;150;113;0.00134900
815;NCC006027MBU;154;113;0.00005942
815;NCC006027MBU;157;113;0.00006328
815;NCC006027MBU;158;113;0.00011218
815;NCC006027MBU;159;113;0.00006610
815;NCC006027MBU;163;113;0.00658471
815;NCC006027MBU;168;113;0.00003150
815;NCC006027MBU;169;113;0.00000360
815;NCC006027MBU;170;113;0.00003709
815;NCC006027MBU;171;113;0.00012735
815;NCC006027MBU;149;114;0.00021765
815;NCC006027MBU;150;114;0.00169038
815;NCC006027MBU;152;114;0.00006268
815;NCC006027MBU;153;114;0.00010997
815;NCC006027MBU;154;114;0.00003587
815;NCC006027MBU;155;114;0.00015861
815;NCC006027MBU;156;114;0.00004134
815;NCC006027MBU;157;114;0.00003606
815;NCC006027MBU;159;114;0.00002463
815;NCC006027MBU;160;114;0.00001752
815;NCC006027MBU;161;114;0.00001478
815;NCC006027MBU;162;114;0.00199798
815;NCC006027MBU;163;114;0.00443768
815;NCC006027MBU;168;114;0.00000024
815;NCC006027MBU;169;114;0.00002873
815;NCC006027MBU;170;114;0.00015945
815;NCC006027MBU;148;115;0.00139637
815;NCC006027MBU;149;115;0.00061182
815;NCC006027MBU;150;115;0.00004304
815;NCC006027MBU;151;115;0.00015185
815;NCC006027MBU;152;115;0.00006373
815;NCC006027MBU;154;115;0.00000066
815;NCC006027MBU;155;115;0.00005679
815;NCC006027MBU;156;115;0.00000574
815;NCC006027MBU;157;115;0.00003108
815;NCC006027MBU;159;115;0.00002165
815;NCC006027MBU;161;115;0.00023911
815;NCC006027MBU;162;115;0.00792007
815;NCC006027MBU;163;115;0.00029591
815;NCC006027MBU;168;115;0.00000025
815;NCC006027MBU;169;115;0.00013767
815;NCC006027MBU;170;115;0.00005575
815;NCC006027MBU;147;116;0.00012774
815;NCC006027MBU;148;116;0.00103576
815;NCC006027MBU;152;116;0.00000028
815;NCC006027MBU;153;116;0.00001506
815;NCC006027MBU;154;116;0.00007505
815;NCC006027MBU;155;116;0.00000219
815;NCC006027MBU;156;116;0.00025297
815;NCC006027MBU;157;116;0.00009735
815;NCC006027MBU;159;116;0.00001945
815;NCC006027MBU;160;116;0.00012386
815;NCC006027MBU;161;116;0.00843552
815;NCC006027MBU;162;116;0.00001490
815;NCC006027MBU;168;116;0.00009365
815;NCC006027MBU;169;116;0.00005869
815;NCC006027MBU;147;117;0.00169405
815;NCC006027MBU;150;117;0.00000020
815;NCC006027MBU;151;117;0.00000122
815;NCC006027MBU;152;117;0.00000082
815;NCC006027MBU;154;117;0.00001614
815;NCC006027MBU;155;117;0.00014004
815;NCC006027MBU;157;117;0.00036158
815;NCC006027MBU;158;117;0.00011234
815;NCC006027MBU;159;117;0.00005300
815;NCC006027MBU;160;117;0.00782129
815;NCC006027MBU;161;117;0.00012293
815;NCC006027MBU;162;117;0.00002900
815;NCC006027MBU;163;117;0.00000546
815;NCC006027MBU;167;117;0.00011960
815;NCC006027MBU;168;117;0.00006507
815;NCC006027MBU;146;118;0.00121386
815;NCC006027MBU;147;118;0.00083064
815;NCC006027MBU;150;118;0.00000213
815;NCC006027MBU;154;118;0.00000006
815;NCC006027MBU;155;118;0.00005605
815;NCC006027MBU;156;118;0.00007224
815;NCC006027MBU;158;118;0.00026984
815;NCC006027MBU;160;118;0.00834695
815;NCC006027MBU;161;118;0.00027839
815;NCC006027MBU;162;118;0.00044412
815;NCC006027MBU;163;118;0.00000451
815;NCC006027MBU;166;118;0.00015822
815;NCC006027MBU;167;118;0.00000016
815;NCC006027MBU;145;119;0.00077494
815;NCC006027MBU;146;119;0.00118403
815;NCC006027MBU;147;119;0.00065721
815;NCC006027MBU;150;119;0.00000144
815;NCC006027MBU;154;119;0.00000016
815;NCC006027MBU;156;119;0.00000951
815;NCC006027MBU;157;119;0.00038222
815;NCC006027MBU;158;119;0.00040265
815;NCC006027MBU;159;119;0.00707414
815;NCC006027MBU;160;119;0.00075623
815;NCC006027MBU;161;119;0.00043914
815;NCC006027MBU;162;119;0.00020000
815;NCC006027MBU;163;119;0.00066046
815;NCC006027MBU;164;119;0.00086134
815;NCC006027MBU;165;119;0.00023272
815;NCC006027MBU;166;119;0.00009408
815;NCC006027MBU;167;119;0.00007492
815;NCC006027MBU;144;120;0.00108405
815;NCC006027MBU;145;120;0.00233024
815;NCC006027MBU;146;120;0.00104205
815;NCC006027MBU;150;120;0.00000224
815;NCC006027MBU;154;120;0.00000016
815;NCC006027MBU;157;120;0.01129209
815;NCC006027MBU;158;120;0.00911977
815;NCC006027MBU;159;120;0.00302355
815;NCC006027MBU;163;120;0.00016896
815;NCC006027MBU;164;120;0.00035966
815;NCC006027MBU;165;120;0.00037901
815;NCC006027MBU;166;120;0.00038488
815;NCC006027MBU;167;120;0.00019544
815;NCC006027MBU;143;121;0.00095336
815;NCC006027MBU;144;121;0.00290893
815;NCC006027MBU;145;121;0.00031688
815;NCC006027MBU;150;121;0.00000157
815;NCC006027MBU;151;121;0.00015689
815;NCC006027MBU;154;121;0.00000014
815;NCC006027MBU;157;121;0.00874987
815;NCC006027MBU;158;121;0.00050844
815;NCC006027MBU;159;121;0.00008013
815;NCC006027MBU;160;121;0.00003417
815;NCC006027MBU;161;121;0.00000472
815;NCC006027MBU;162;121;0.00015573
815;NCC006027MBU;163;121;0.00024329
815;NCC006027MBU;142;122;0.00227219
815;NCC006027MBU;143;122;0.00258329
815;NCC006027MBU;150;122;0.00000963
815;NCC006027MBU;151;122;0.00007335
815;NCC006027MBU;152;122;0.00024025
815;NCC006027MBU;153;122;0.00027273
815;NCC006027MBU;154;122;0.00021144
815;NCC006027MBU;155;122;0.00025734
815;NCC006027MBU;156;122;0.00794368
815;NCC006027MBU;157;122;0.00344850
815;NCC006027MBU;159;122;0.00013271
815;NCC006027MBU;161;122;0.00000289
815;NCC006027MBU;162;122;0.00033234
815;NCC006027MBU;163;122;0.00001523
815;NCC006027MBU;164;122;0.00000654
815;NCC006027MBU;141;123;0.00262867
815;NCC006027MBU;142;123;0.00072367
815;NCC006027MBU;150;123;0.00002806
815;NCC006027MBU;154;123;0.00015595
815;NCC006027MBU;155;123;0.00987963
815;NCC006027MBU;156;123;0.00434368
815;NCC006027MBU;157;123;0.00020336
815;NCC006027MBU;159;123;0.00000844
815;NCC006027MBU;160;123;0.00002762
815;NCC006027MBU;162;123;0.00001907
815;NCC006027MBU;163;123;0.00000358
815;NCC006027MBU;141;124;0.00337874
815;NCC006027MBU;148;124;0.00000512
815;NCC006027MBU;149;124;0.00002764
815;NCC006027MBU;150;124;0.00000646
815;NCC006027MBU;153;124;0.00003050
815;NCC006027MBU;154;124;0.00327060
815;NCC006027MBU;155;124;0.00977073
815;NCC006027MBU;156;124;0.00040817
815;NCC006027MBU;141;125;0.00279538
815;NCC006027MBU;148;125;0.00005393
815;NCC006027MBU;152;125;0.00000618
815;NCC006027MBU;153;125;0.00068840
815;NCC006027MBU;154;125;0.01256434
815;NCC006027MBU;155;125;0.00002884
815;NCC006027MBU;140;126;0.00043610
815;NCC006027MBU;141;126;0.00317237
815;NCC006027MBU;143;126;0.00004570
815;NCC006027MBU;144;126;0.00000501
815;NCC006027MBU;147;126;0.00030510
815;NCC006027MBU;148;126;0.00006326
815;NCC006027MBU;151;126;0.00002474
815;NCC006027MBU;152;126;0.00005602
815;NCC006027MBU;153;126;0.01219075
815;NCC006027MBU;154;126;0.00419741
815;NCC006027MBU;155;126;0.00019701
815;NCC006027MBU;156;126;0.00005383
815;NCC006027MBU;140;127;0.00336864
815;NCC006027MBU;143;127;0.00006850
815;NCC006027MBU;145;127;0.00087946
815;NCC006027MBU;146;127;0.00056306
815;NCC006027MBU;147;127;0.00002533
815;NCC006027MBU;150;127;0.00008010
815;NCC006027MBU;151;127;0.00009730
815;NCC006027MBU;152;127;0.01300609
815;NCC006027MBU;153;127;0.00432087
815;NCC006027MBU;156;127;0.00006855
815;NCC006027MBU;140;128;0.00349906
815;NCC006027MBU;143;128;0.00008745
815;NCC006027MBU;144;128;0.00522874
815;NCC006027MBU;145;128;0.00052614
815;NCC006027MBU;149;128;0.00000286
815;NCC006027MBU;150;128;0.00013422
815;NCC006027MBU;151;128;0.01327653
815;NCC006027MBU;152;128;0.00110231
815;NCC006027MBU;156;128;0.00001270
815;NCC006027MBU;140;129;0.00278698
815;NCC006027MBU;141;129;0.01017630
815;NCC006027MBU;142;129;0.00522368
815;NCC006027MBU;143;129;0.00380251
815;NCC006027MBU;144;129;0.00427128
815;NCC006027MBU;146;129;0.00022048
815;NCC006027MBU;149;129;0.00000860
815;NCC006027MBU;150;129;0.01473350
815;NCC006027MBU;151;129;0.00698934
815;NCC006027MBU;152;129;0.00012658
815;NCC006027MBU;140;130;0.00366213
815;NCC006027MBU;141;130;0.02902376
815;NCC006027MBU;142;130;0.00720796
815;NCC006027MBU;143;130;0.00928210
815;NCC006027MBU;144;130;0.00995854
815;NCC006027MBU;145;130;0.00658277
815;NCC006027MBU;146;130;0.00004124
815;NCC006027MBU;147;130;0.00015988
815;NCC006027MBU;148;130;0.00010266
815;NCC006027MBU;149;130;0.01373715
815;NCC006027MBU;150;130;0.00311913
815;NCC006027MBU;151;130;0.00001023
815;NCC006027MBU;152;130;0.00004614
815;NCC006027MBU;140;131;0.00689587
815;NCC006027MBU;141;131;0.02902168
815;NCC006027MBU;142;131;0.04027854
815;NCC006027MBU;143;131;0.00227614
815;NCC006027MBU;145;131;0.00600431
815;NCC006027MBU;146;131;0.00601472
815;NCC006027MBU;147;131;0.00152372
815;NCC006027MBU;148;131;0.01231378
815;NCC006027MBU;149;131;0.00703021
815;NCC006027MBU;150;131;0.00003417
815;NCC006027MBU;140;132;0.00035797
815;NCC006027MBU;141;132;0.00033239
815;NCC006027MBU;142;132;0.01230107
815;NCC006027MBU;143;132;0.02260483
815;NCC006027MBU;144;132;0.00288023
815;NCC006027MBU;145;132;0.00553649
815;NCC006027MBU;146;132;0.01415808
815;NCC006027MBU;147;132;0.01803883
815;NCC006027MBU;148;132;0.00731257
815;NCC006027MBU;149;132;0.00027043
815;NCC006027MBU;143;133;0.02640961
815;NCC006027MBU;144;133;0.00864627
815;NCC006027MBU;145;133;0.00733226
815;NCC006027MBU;146;133;0.04269057
815;NCC006027MBU;147;133;0.04002611
815;NCC006027MBU;148;133;0.00212288
815;NCC006027MBU;149;133;0.00011599
815;NCC006027MBU;143;134;0.01594223
815;NCC006027MBU;144;134;0.00328100
815;NCC006027MBU;145;134;0.00538675
815;NCC006027MBU;146;134;0.03167883
815;NCC006027MBU;147;134;0.00672090
815;NCC006027MBU;148;134;0.00065970
815;NCC006027MBU;144;135;0.02424490
815;NCC006027MBU;145;135;0.00545495
815;NCC006027MBU;146;135;0.02176563
815;NCC006027MBU;147;135;0.00148613
815;NCC006027MBU;148;135;0.00015639
815;NCC006027MBU;143;136;0.00002509
815;NCC006027MBU;144;136;0.01288512
815;NCC006027MBU;145;136;0.00920866
815;NCC006027MBU;146;136;0.03096875
815;NCC006027MBU;147;136;0.00397391
815;NCC006027MBU;148;136;0.00039738
815;NCC006027MBU;144;137;0.01141403
815;NCC006027MBU;145;137;0.00046379
815;NCC006027MBU;146;137;0.00753957
815;NCC006027MBU;147;137;0.01999353
815;NCC006027MBU;148;137;0.00010550
815;NCC006027MBU;143;138;0.00001103
815;NCC006027MBU;144;138;0.01620887
815;NCC006027MBU;145;138;0.00629140
815;NCC006027MBU;146;138;0.00548042
815;NCC006027MBU;147;138;0.00706454
815;NCC006027MBU;144;139;0.00424252
815;NCC006027MBU;145;139;0.00300957
815;NCC006027MBU;146;139;0.00322375
815;NCC006027MBU;147;139;0.00009466
815;0SV006031PLA;153;188;0.00252039
815;0SV006031PLA;154;188;0.00286614
815;0SV006031PLA;155;188;0.04747561
815;0SV006031PLA;156;188;0.01495722
815;0SV006031PLA;157;188;0.01098344
815;0SV006031PLA;151;189;0.00340309
815;0SV006031PLA;152;189;0.00424593
815;0SV006031PLA;153;189;0.02003943
815;0SV006031PLA;154;189;0.02403254
815;0SV006031PLA;155;189;0.10856212
815;0SV006031PLA;156;189;0.07841699
815;0SV006031PLA;157;189;0.01991546
815;0SV006031PLA;158;189;0.00226015
815;0SV006031PLA;151;190;0.00007014
815;0SV006031PLA;153;190;0.00833407
815;0SV006031PLA;154;190;0.02161987
815;0SV006031PLA;155;190;0.09173509
815;0SV006031PLA;156;190;0.07072431
815;0SV006031PLA;157;190;0.02602875
815;0SV006031PLA;158;190;0.00374961
815;0SV006031PLA;151;191;0.00046785
815;0SV006031PLA;152;191;0.00042473
815;0SV006031PLA;153;191;0.00040391
815;0SV006031PLA;154;191;0.00996584
815;0SV006031PLA;155;191;0.04486305
815;0SV006031PLA;156;191;0.00891042
815;0SV006031PLA;157;191;0.04805806
815;0SV006031PLA;158;191;0.01338124
815;0SV006031PLA;159;191;0.00048325
815;0SV006031PLA;151;192;0.00018326
815;0SV006031PLA;152;192;0.00066841
815;0SV006031PLA;153;192;0.00118595
815;0SV006031PLA;154;192;0.00997889
815;0SV006031PLA;155;192;0.03242561
815;0SV006031PLA;156;192;0.00650867
815;0SV006031PLA;157;192;0.00353046
815;0SV006031PLA;158;192;0.04812359
815;0SV006031PLA;159;192;0.01354834
815;0SV006031PLA;151;193;0.00019449
815;0SV006031PLA;152;193;0.00050324
815;0SV006031PLA;153;193;0.00793296
815;0SV006031PLA;154;193;0.00796662
815;0SV006031PLA;155;193;0.00963089
815;0SV006031PLA;156;193;0.00456964
815;0SV006031PLA;157;193;0.00272424
815;0SV006031PLA;158;193;0.00005178
815;0SV006031PLA;159;193;0.04580392
815;0SV006031PLA;160;193;0.01270528
815;0SV006031PLA;153;194;0.00680975
815;0SV006031PLA;154;194;0.00301852
815;0SV006031PLA;155;194;0.00146562
815;0SV006031PLA;156;194;0.00059438
815;0SV006031PLA;157;194;0.00176673
815;0SV006031PLA;158;194;0.00259215
815;0SV006031PLA;159;194;0.02183547
815;0SV006031PLA;160;194;0.02361145
815;0SV006031PLA;152;195;0.00012659
815;0SV006031PLA;153;195;0.01198780
815;0SV006031PLA;154;195;0.00003883
815;0SV006031PLA;155;195;0.00047551
815;0SV006031PLA;158;195;0.00082055
815;0SV006031PLA;159;195;0.01419433
815;0SV006031PLA;160;195;0.00528671
815;0SV006031PLA;152;196;0.00108460
815;0SV006031PLA;153;196;0.00258628
815;0SV006031PLA;154;196;0.00025438
815;0SV006031PLA;155;196;0.00028481
815;0SV006031PLA;159;196;0.00388458
815;0SV006031PLA;154;197;0.00005168
815;0SV006031PLA;155;197;0.00009434
815;0MC006003AMA;161;175;0.00010221
815;0MC006003AMA;160;176;0.00030722
815;0MC006003AMA;161;176;0.02732093
815;0MC006003AMA;161;177;0.02875447
815;0MC006003AMA;162;177;0.05513959
815;0MC006003AMA;163;177;0.00471198
815;0MC006003AMA;166;177;0.00103142
815;0MC006003AMA;167;177;0.01486062
815;0MC006003AMA;162;178;0.02672684
815;0MC006003AMA;163;178;0.02057009
815;0MC006003AMA;164;178;0.02363426
815;0MC006003AMA;165;178;0.03677525
815;0MC006003AMA;166;178;0.05841767
815;0MC006003AMA;160;179;0.00115955
815;0MC006003AMA;161;179;0.00648591
815;0MC006003AMA;162;179;0.00033131
815;0MC006003AMA;163;179;0.01480199
815;0MC006003AMA;165;179;0.04845269
815;0MC006003AMA;166;179;0.00265494
815;0MC006003AMA;167;179;0.03230911
815;0MC006003AMA;168;179;0.01216884
815;0MC006003AMA;169;179;0.00442190
815;0MC006003AMA;163;180;0.01325988
815;0MC006003AMA;164;180;0.01483556
815;0MC006003AMA;165;180;0.02577435
815;0MC006003AMA;168;180;0.02724462
815;0MC006003AMA;169;180;0.02201567
815;0MC006003AMA;170;180;0.01263235
815;0MC006003AMA;171;180;0.00037264
815;0MC006003AMA;161;181;0.03731878
815;0MC006003AMA;162;181;0.03776921
815;0MC006003AMA;163;181;0.05833979
815;0MC006003AMA;164;181;0.05470356
815;0MC006003AMA;170;181;0.00226699
815;0MC006003AMA;171;181;0.00929688
815;0MC006003AMA;160;182;0.00803307
815;0MC006003AMA;161;182;0.01201977
815;0MC006003AMA;162;182;0.02665979
815;0MC006003AMA;163;182;0.00166286
815;0MC006003AMA;164;182;0.02263175
815;0MC006003AMA;165;182;0.00595673
815;0MC006003AMA;171;182;0.00084247
815;0MC006003AMA;172;182;0.01005251
815;0MC006003AMA;162;183;0.03470493
815;0MC006003AMA;164;183;0.01332126
815;0MC006003AMA;165;183;0.01013181
815;0MC006003AMA;166;183;0.01123466
815;0MC006003AMA;172;183;0.00142820
815;0MC006003AMA;173;183;0.01662022
815;0MC006003AMA;174;183;0.01424946
815;0MC006003AMA;175;183;0.00978430
815;0MC006003AMA;176;183;0.00011954
815;0MC006003AMA;164;184;0.00039293
815;0MC006003AMA;176;184;0.01149435
815;0MC006003AMA;177;184;0.01159104
815;0MC006003AMA;177;185;0.00704502
815;0MC006003AMA;178;185;0.00079759
815;0MC006003AMA;178;186;0.00973991
815;0MC006003AMA;179;186;0.00741765
815;0MC006003AMA;179;187;0.00177563
815;0MC006003AMA;180;187;0.00571121
815;0MC006003AMA;180;188;0.00761224
815;0MC006005CAL;169;166;0.00116911
815;0MC006005CAL;170;166;0.00932704
815;0MC006005CAL;166;167;0.02345517
815;0MC006005CAL;167;167;0.01220199
815;0MC006005CAL;169;167;0.01260451
815;0MC006005CAL;167;168;0.01618020
815;0MC006005CAL;168;168;0.03407061
815;0MC006005CAL;169;168;0.00672756
815;0MC006005CAL;168;169;0.01871991
815;0MC006005CAL;171;169;0.02483649
815;0MC006005CAL;172;169;0.00165008
815;0MC006005CAL;168;170;0.01006704
815;0MC006005CAL;169;170;0.04688418
815;0MC006005CAL;170;170;0.00523590
815;0MC006005CAL;171;170;0.03477785
815;0MC006005CAL;162;171;0.06310064
815;0MC006005CAL;163;171;0.03236623
815;0MC006005CAL;169;171;0.00466619
815;0MC006005CAL;170;171;0.07689937
815;0MC006005CAL;171;171;0.01336451
815;0MC006005CAL;172;171;0.00969179
815;0MC006005CAL;163;172;0.04302702
815;0MC006005CAL;164;172;0.00060242
815;0MC006005CAL;168;172;0.00044316
815;0MC006005CAL;169;172;0.04053016
815;0MC006005CAL;172;172;0.00345404
815;0MC006005CAL;173;172;0.00826317
815;0MC006005CAL;164;173;0.02907830
815;0MC006005CAL;168;173;0.03499491
815;0MC006005CAL;173;173;0.01237796
815;0MC006005CAL;174;173;0.00081602
815;0MC006005CAL;161;174;0.04142665
815;0MC006005CAL;162;174;0.02050480
815;0MC006005CAL;163;174;0.01814404
815;0MC006005CAL;164;174;0.02290849
815;0MC006005CAL;165;174;0.03513720
815;0MC006005CAL;166;174;0.03521427
815;0MC006005CAL;167;174;0.03898727
815;0MC006005CAL;168;174;0.02322913
815;0MC006005CAL;174;174;0.01319398
815;0MC006005CAL;166;175;0.00965944
815;0MC006005CAL;167;175;0.01314503
815;0MC006005CAL;174;175;0.00566204
815;0MC006005CAL;175;175;0.00379913
815;0MC006005CAL;167;176;0.02280447
815;0MC006005CAL;175;176;0.00161405
815;0MC006005CAL;176;176;0.00062501
815;0MC006005CAL;167;177;0.02666689
815;0MC006005CAL;168;177;0.00340068
815;0MC006005CAL;176;177;0.00139978
815;0MC006005CAL;177;177;0.00077143
815;0MC006005CAL;168;178;0.00031424
815;0MC006005CAL;169;178;0.00371492
815;0MC006005CAL;170;178;0.00150269
815;0MC006005CAL;177;178;0.00125337
815;0MC006005CAL;178;178;0.00138880
815;0MC006005CAL;170;179;0.00221223
815;0MC006005CAL;171;179;0.00418344
815;0MC006005CAL;178;179;0.00236225
815;0MC006005CAL;179;179;0.00209276
815;0MC006005CAL;171;180;0.00441776
815;0MC006005CAL;179;180;0.00218028
815;0MC006005CAL;180;180;0.00227473
815;0MC006005CAL;180;181;0.00199831
815;0MC006005CAL;181;181;0.00022687
815;0SS006013IMP;273;25;0.00176622
815;0SS006013IMP;273;26;0.01183588
815;0SS006013IMP;274;26;0.00448290
815;0SS006013IMP;278;26;0.00000795
815;0SS006013IMP;279;26;0.00005189
815;0SS006013IMP;273;27;0.00096506
815;0SS006013IMP;274;27;0.01382707
815;0SS006013IMP;278;27;0.00000267
815;0SS006013IMP;279;27;0.00000263
815;0SS006013IMP;280;27;0.00005426
815;0SS006013IMP;281;27;0.00005426
815;0SS006013IMP;282;27;0.00005410
815;0SS006013IMP;283;27;0.00005011
815;0SS006013IMP;284;27;0.00019389
815;0SS006013IMP;285;27;0.00036826
815;0SS006013IMP;286;27;0.00073087
815;0SS006013IMP;287;27;0.00549820
815;0SS006013IMP;288;27;0.00167843
815;0SS006013IMP;289;27;0.00029679
815;0SS006013IMP;290;27;0.00021440
815;0SS006013IMP;274;28;0.00471916
815;0SS006013IMP;275;28;0.01307843
815;0SS006013IMP;276;28;0.01398959
815;0SS006013IMP;277;28;0.01309452
815;0SS006013IMP;278;28;0.00030773
815;0SS006013IMP;283;28;0.00003573
815;0SS006013IMP;284;28;0.00065309
815;0SS006013IMP;285;28;0.00046346
815;0SS006013IMP;286;28;0.00224069
815;0SS006013IMP;287;28;0.00624148
815;0SS006013IMP;288;28;0.00144748
815;0SS006013IMP;289;28;0.00153688
815;0SS006013IMP;290;28;0.00134612
815;0SS006013IMP;291;28;0.00096125
815;0SS006013IMP;292;28;0.00092609
815;0SS006013IMP;293;28;0.00090287
815;0SS006013IMP;294;28;0.00084854
815;0SS006013IMP;295;28;0.00039014
815;0SS006013IMP;277;29;0.00000464
815;0SS006013IMP;278;29;0.01283494
815;0SS006013IMP;279;29;0.01324167
815;0SS006013IMP;280;29;0.01337621
815;0SS006013IMP;281;29;0.01290586
815;0SS006013IMP;282;29;0.01284153
815;0SS006013IMP;283;29;0.01023144
815;0SS006013IMP;284;29;0.00106369
815;0SS006013IMP;285;29;0.00073881
815;0SS006013IMP;286;29;0.00568218
815;0SS006013IMP;287;29;0.00502129
815;0SS006013IMP;288;29;0.00033252
815;0SS006013IMP;289;29;0.00026794
815;0SS006013IMP;290;29;0.00053831
815;0SS006013IMP;291;29;0.00011304
815;0SS006013IMP;292;29;0.00000721
815;0SS006013IMP;294;29;0.01578599
815;0SS006013IMP;295;29;0.01788568
815;0SS006013IMP;296;29;0.01830982
815;0SS006013IMP;297;29;0.01784282
815;0SS006013IMP;298;29;0.01764001
815;0SS006013IMP;299;29;0.01766065
815;0SS006013IMP;300;29;0.01898850
815;0SS006013IMP;301;29;0.01042842
815;0SS006013IMP;282;30;0.00019431
815;0SS006013IMP;283;30;0.00297757
815;0SS006013IMP;284;30;0.01615171
815;0SS006013IMP;285;30;0.02010784
815;0SS006013IMP;286;30;0.02540211
815;0SS006013IMP;287;30;0.02355698
815;0SS006013IMP;288;30;0.01740114
815;0SS006013IMP;289;30;0.01720577
815;0SS006013IMP;290;30;0.01699290
815;0SS006013IMP;291;30;0.01663072
815;0SS006013IMP;292;30;0.01803731
815;0SS006013IMP;293;30;0.01729940
815;0SS006013IMP;294;30;0.00163863
815;0SS006013IMP;301;30;0.01419217
815;0SS006013IMP;302;30;0.01951573
815;0SS006013IMP;303;30;0.01778972
815;0SS006013IMP;304;30;0.01782096
815;0SS006013IMP;305;30;0.01835179
815;0SS006013IMP;306;30;0.01827764
815;0SS006013IMP;307;30;0.01817425
815;0SS006013IMP;282;31;0.00011194
815;0SS006013IMP;283;31;0.00052309
815;0SS006013IMP;284;31;0.00409678
815;0SS006013IMP;285;31;0.00683231
815;0SS006013IMP;286;31;0.00226730
815;0SS006013IMP;287;31;0.00744792
815;0SS006013IMP;288;31;0.00159089
815;0SS006013IMP;289;31;0.00206500
815;0SS006013IMP;290;31;0.00157160
815;0SS006013IMP;291;31;0.00069777
815;0SS006013IMP;292;31;0.00004472
815;0SS006013IMP;302;31;0.00005384
815;0SS006013IMP;304;31;0.00008123
815;0SS006013IMP;307;31;0.00110047
815;0SS006013IMP;308;31;0.00200376
815;0SS006013IMP;309;31;0.00006231
815;0SS006013IMP;282;32;0.00004542
815;0SS006013IMP;283;32;0.00010727
815;0SS006013IMP;284;32;0.00318589
815;0SS006013IMP;285;32;0.00596559
815;0SS006013IMP;286;32;0.00174507
815;0SS006013IMP;287;32;0.00692577
815;0SS006013IMP;288;32;0.00017361
815;0SS006013IMP;289;32;0.00052867
815;0SS006013IMP;290;32;0.00035426
815;0SS006013IMP;291;32;0.00022320
815;0SS006013IMP;302;32;0.00005401
815;0SS006013IMP;309;32;0.00003098
815;0SS006013IMP;284;33;0.00290371
815;0SS006013IMP;285;33;0.00415601
815;0SS006013IMP;286;33;0.00186988
815;0SS006013IMP;287;33;0.00605559
815;0SS006013IMP;288;33;0.00005277
815;0SS006013IMP;289;33;0.00032261
815;0SS006013IMP;290;33;0.00024740
815;0SS006013IMP;291;33;0.00022939
815;0SS006013IMP;302;33;0.00005392
815;0SS006013IMP;284;34;0.00297124
815;0SS006013IMP;285;34;0.00431223
815;0SS006013IMP;286;34;0.00324155
815;0SS006013IMP;287;34;0.00430621
815;0SS006013IMP;288;34;0.00012644
815;0SS006013IMP;289;34;0.00062742
815;0SS006013IMP;290;34;0.00007447
815;0SS006013IMP;291;34;0.00018824
815;0SS006013IMP;302;34;0.00005399
815;0SS006013IMP;284;35;0.00290221
815;0SS006013IMP;285;35;0.00533660
815;0SS006013IMP;286;35;0.01026801
815;0SS006013IMP;287;35;0.00372403
815;0SS006013IMP;288;35;0.00103368
815;0SS006013IMP;289;35;0.00088019
815;0SS006013IMP;290;35;0.00059206
815;0SS006013IMP;291;35;0.00036122
815;0SS006013IMP;292;35;0.00028540
815;0SS006013IMP;293;35;0.00001694
815;0SS006013IMP;301;35;0.00005181
815;0SS006013IMP;302;35;0.00004650
815;0SS006013IMP;283;36;0.00001279
815;0SS006013IMP;284;36;0.00955739
815;0SS006013IMP;285;36;0.00706996
815;0SS006013IMP;286;36;0.00751810
815;0SS006013IMP;287;36;0.00245821
815;0SS006013IMP;288;36;0.00017894
815;0SS006013IMP;290;36;0.00026882
815;0SS006013IMP;291;36;0.00019550
815;0SS006013IMP;293;36;0.00026648
815;0SS006013IMP;294;36;0.00032307
815;0SS006013IMP;295;36;0.00035291
815;0SS006013IMP;296;36;0.00032771
815;0SS006013IMP;300;36;0.00000074
815;0SS006013IMP;301;36;0.00005352
815;0SS006013IMP;281;37;0.00808905
815;0SS006013IMP;282;37;0.01296523
815;0SS006013IMP;283;37;0.01158926
815;0SS006013IMP;284;37;0.00924201
815;0SS006013IMP;285;37;0.00062707
815;0SS006013IMP;286;37;0.00121518
815;0SS006013IMP;287;37;0.00055068
815;0SS006013IMP;288;37;0.00022671
815;0SS006013IMP;289;37;0.00015524
815;0SS006013IMP;290;37;0.00013843
815;0SS006013IMP;296;37;0.00001676
815;0SS006013IMP;297;37;0.00036168
815;0SS006013IMP;298;37;0.00032822
815;0SS006013IMP;299;37;0.00010414
815;0SS006013IMP;300;37;0.00005503
815;0SS006013IMP;279;38;0.01089535
815;0SS006013IMP;280;38;0.01310341
815;0SS006013IMP;281;38;0.00787697
815;0SS006013IMP;284;38;0.00124822
815;0SS006013IMP;285;38;0.00008152
815;0SS006013IMP;286;38;0.00089708
815;0SS006013IMP;288;38;0.00014844
815;0SS006013IMP;289;38;0.00005475
815;0SS006013IMP;299;38;0.00033952
815;0SS006013IMP;300;38;0.00005968
815;0SS006013IMP;278;39;0.01247282
815;0SS006013IMP;279;39;0.00124182
815;0SS006013IMP;284;39;0.00082178
815;0SS006013IMP;285;39;0.00037990
815;0SS006013IMP;286;39;0.00097685
815;0SS006013IMP;287;39;0.00009861
815;0SS006013IMP;288;39;0.00023916
815;0SS006013IMP;289;39;0.00007148
815;0SS006013IMP;299;39;0.00021875
815;0SS006013IMP;300;39;0.00033366
815;0SS006013IMP;277;40;0.00654586
815;0SS006013IMP;278;40;0.00952670
815;0SS006013IMP;284;40;0.00000878
815;0SS006013IMP;285;40;0.00001812
815;0SS006013IMP;286;40;0.00092864
815;0SS006013IMP;287;40;0.00005847
815;0SS006013IMP;288;40;0.00017920
815;0SS006013IMP;289;40;0.00010876
815;0SS006013IMP;290;40;0.00006295
815;0SS006013IMP;300;40;0.00029953
815;0SS006013IMP;301;40;0.00008260
815;0SS006013IMP;277;41;0.01274106
815;0SS006013IMP;284;41;0.00000501
815;0SS006013IMP;285;41;0.00005833
815;0SS006013IMP;286;41;0.00090106
815;0SS006013IMP;287;41;0.00009831
815;0SS006013IMP;301;41;0.00036437
815;0SS006013IMP;276;42;0.01311028
815;0SS006013IMP;277;42;0.00131385
815;0SS006013IMP;284;42;0.00005099
815;0SS006013IMP;285;42;0.00018121
815;0SS006013IMP;286;42;0.00099694
815;0SS006013IMP;287;42;0.00008367
815;0SS006013IMP;301;42;0.00035720
815;0SS006013IMP;275;43;0.00800707
815;0SS006013IMP;276;43;0.00611334
815;0SS006013IMP;284;43;0.00022773
815;0SS006013IMP;285;43;0.00075174
815;0SS006013IMP;286;43;0.00023089
815;0SS006013IMP;301;43;0.00039942
815;0SS006013IMP;274;44;0.00210044
815;0SS006013IMP;275;44;0.01275764
815;0SS006013IMP;276;44;0.00030879
815;0SS006013IMP;284;44;0.00088641
815;0SS006013IMP;301;44;0.00003285
815;0SS006013IMP;302;44;0.00044045
815;0SS006013IMP;274;45;0.01329387
815;0SS006013IMP;280;45;0.00045990
815;0SS006013IMP;281;45;0.00038644
815;0SS006013IMP;282;45;0.00012718
815;0SS006013IMP;283;45;0.00074218
815;0SS006013IMP;284;45;0.00016033
815;0SS006013IMP;302;45;0.00008253
815;0SS006013IMP;303;45;0.00045160
815;0SS006013IMP;273;46;0.00601352
815;0SS006013IMP;274;46;0.00801325
815;0SS006013IMP;279;46;0.00068618
815;0SS006013IMP;280;46;0.00047366
815;0SS006013IMP;281;46;0.00051242
815;0SS006013IMP;282;46;0.00059935
815;0SS006013IMP;283;46;0.00028962
815;0SS006013IMP;303;46;0.00005015
815;0SS006013IMP;304;46;0.00032974
815;0SS006013IMP;273;47;0.00545796
815;0SS006013IMP;278;47;0.00028664
815;0SS006013IMP;279;47;0.00049564
815;0SS006013IMP;282;47;0.00003183
815;0SS006013IMP;304;47;0.00039753
815;0SS006013IMP;303;48;0.00010236
815;0SS006013IMP;304;48;0.00028829
815;0SS006013IMP;303;49;0.00015724
815;NEP006047SIS;135;255;0.03548966
815;NEP006047SIS;136;255;0.00002363
815;NEP006047SIS;146;255;0.00275818
815;NEP006047SIS;147;255;0.00296117
815;NEP006047SIS;135;256;0.00492527
815;NEP006047SIS;136;256;0.02825618
815;NEP006047SIS;145;256;0.00437641
815;NEP006047SIS;146;256;0.00285714
815;NEP006047SIS;135;257;0.01285556
815;NEP006047SIS;136;257;0.03109725
815;NEP006047SIS;137;257;0.00491952
815;NEP006047SIS;138;257;0.00485834
815;NEP006047SIS;139;257;0.00312698
815;NEP006047SIS;140;257;0.00312698
815;NEP006047SIS;141;257;0.00312698
815;NEP006047SIS;142;257;0.00312698
815;NEP006047SIS;143;257;0.00312698
815;NEP006047SIS;144;257;0.00357593
815;NEP006047SIS;145;257;0.00123891
815;NEP006047SIS;125;258;0.00001208
815;NEP006047SIS;126;258;0.00082809
815;NEP006047SIS;127;258;0.00036417
815;NEP006047SIS;135;258;0.04132596
815;NEP006047SIS;136;258;0.00143395
815;NEP006047SIS;125;259;0.00105440
815;NEP006047SIS;134;259;0.02851799
815;NEP006047SIS;135;259;0.01156438
815;NEP006047SIS;124;260;0.00069542
815;NEP006047SIS;125;260;0.00003620
815;NEP006047SIS;134;260;0.03861526
815;NEP006047SIS;111;261;0.00011607
815;NEP006047SIS;124;261;0.00073162
815;NEP006047SIS;133;261;0.01201001
815;NEP006047SIS;134;261;0.02756746
815;NEP006047SIS;111;262;0.00017148
815;NEP006047SIS;124;262;0.00073162
815;NEP006047SIS;132;262;0.01654637
815;NEP006047SIS;133;262;0.02255728
815;NEP006047SIS;134;262;0.00586084
815;NEP006047SIS;111;263;0.00017148
815;NEP006047SIS;123;263;0.00061223
815;NEP006047SIS;124;263;0.00023285
815;NEP006047SIS;125;263;0.00000070
815;NEP006047SIS;132;263;0.02733642
815;NEP006047SIS;134;263;0.00715613
815;NEP006047SIS;135;263;0.00226880
815;NEP006047SIS;111;264;0.00017136
815;NEP006047SIS;123;264;0.00066590
815;NEP006047SIS;132;264;0.02715204
815;NEP006047SIS;135;264;0.00790934
815;NEP006047SIS;136;264;0.00962944
815;NEP006047SIS;111;265;0.00017093
815;NEP006047SIS;123;265;0.00077317
815;NEP006047SIS;131;265;0.02388057
815;NEP006047SIS;132;265;0.00322619
815;NEP006047SIS;134;265;0.00006905
815;NEP006047SIS;135;265;0.00064212
815;NEP006047SIS;136;265;0.00147261
815;NEP006047SIS;137;265;0.00823501
815;NEP006047SIS;111;266;0.00017093
815;NEP006047SIS;122;266;0.00006501
815;NEP006047SIS;123;266;0.00005233
815;NEP006047SIS;124;266;0.00086222
815;NEP006047SIS;131;266;0.02703698
815;NEP006047SIS;133;266;0.00051415
815;NEP006047SIS;134;266;0.00057307
815;NEP006047SIS;137;266;0.00933156
815;NEP006047SIS;111;267;0.00016890
815;NEP006047SIS;119;267;0.00003139
815;NEP006047SIS;120;267;0.00005430
815;NEP006047SIS;122;267;0.00014543
815;NEP006047SIS;124;267;0.00193661
815;NEP006047SIS;125;267;0.00274079
815;NEP006047SIS;126;267;0.00242932
815;NEP006047SIS;131;267;0.02776522
815;NEP006047SIS;132;267;0.00064212
815;NEP006047SIS;133;267;0.00012797
815;NEP006047SIS;137;267;0.00462960
815;NEP006047SIS;138;267;0.00960741
815;NEP006047SIS;139;267;0.00097984
815;NEP006047SIS;111;268;0.00007621
815;NEP006047SIS;112;268;0.00007085
815;NEP006047SIS;119;268;0.00013552
815;NEP006047SIS;120;268;0.00005378
815;NEP006047SIS;121;268;0.00010498
815;NEP006047SIS;122;268;0.00001007
815;NEP006047SIS;126;268;0.00110308
815;NEP006047SIS;127;268;0.00311836
815;NEP006047SIS;128;268;0.00088699
815;NEP006047SIS;129;268;0.02597577
815;NEP006047SIS;130;268;0.02785040
815;NEP006047SIS;131;268;0.00154032
815;NEP006047SIS;139;268;0.00862758
815;NEP006047SIS;140;268;0.00960741
815;NEP006047SIS;141;268;0.00118888
815;NEP006047SIS;112;269;0.00014706
815;NEP006047SIS;119;269;0.00002072
815;NEP006047SIS;120;269;0.00012752
815;NEP006047SIS;128;269;0.00748184
815;NEP006047SIS;129;269;0.02328327
815;NEP006047SIS;131;269;0.00075179
815;NEP006047SIS;140;269;0.00755154
815;NEP006047SIS;141;269;0.00143324
815;NEP006047SIS;112;270;0.00001388
815;NEP006047SIS;113;270;0.00013318
815;NEP006047SIS;120;270;0.00001130
815;NEP006047SIS;121;270;0.00017773
815;NEP006047SIS;129;270;0.02733903
815;NEP006047SIS;130;270;0.00004316
815;NEP006047SIS;131;270;0.00128730
815;NEP006047SIS;140;270;0.00905797
815;NEP006047SIS;113;271;0.00009862
815;NEP006047SIS;114;271;0.00004845
815;NEP006047SIS;120;271;0.00001018
815;NEP006047SIS;121;271;0.00030779
815;NEP006047SIS;129;271;0.02773836
815;NEP006047SIS;131;271;0.00059477
815;NEP006047SIS;140;271;0.00512985
815;NEP006047SIS;141;271;0.00413389
815;NEP006047SIS;114;272;0.00020753
815;NEP006047SIS;119;272;0.00016620
815;NEP006047SIS;120;272;0.00022501
815;NEP006047SIS;121;272;0.00047412
815;NEP006047SIS;122;272;0.00003764
815;NEP006047SIS;129;272;0.01084243
815;NEP006047SIS;130;272;0.01695257
815;NEP006047SIS;141;272;0.00926374
815;NEP006047SIS;113;273;0.00002307
815;NEP006047SIS;114;273;0.00003233
815;NEP006047SIS;115;273;0.00018285
815;NEP006047SIS;117;273;0.00017211
815;NEP006047SIS;118;273;0.00017800
815;NEP006047SIS;119;273;0.00001180
815;NEP006047SIS;122;273;0.00035210
815;NEP006047SIS;123;273;0.00037369
815;NEP006047SIS;124;273;0.00039908
815;NEP006047SIS;125;273;0.00028688
815;NEP006047SIS;126;273;0.00037463
815;NEP006047SIS;127;273;0.00040982
815;NEP006047SIS;128;273;0.00040982
815;NEP006047SIS;129;273;0.00040982
815;NEP006047SIS;130;273;0.02735276
815;NEP006047SIS;141;273;0.00313602
815;NEP006047SIS;142;273;0.00612772
815;NEP006047SIS;113;274;0.00003759
815;NEP006047SIS;115;274;0.00007852
815;NEP006047SIS;116;274;0.00018343
815;NEP006047SIS;117;274;0.00000589
815;NEP006047SIS;125;274;0.00023614
815;NEP006047SIS;126;274;0.00003520
815;NEP006047SIS;130;274;0.02677431
815;NEP006047SIS;131;274;0.00003581
815;NEP006047SIS;142;274;0.00926374
815;NEP006047SIS;112;275;0.00001430
815;NEP006047SIS;113;275;0.00002757
815;NEP006047SIS;130;275;0.02679447
815;NEP006047SIS;142;275;0.00114219
815;NEP006047SIS;143;275;0.00816210
815;NEP006047SIS;152;275;0.00032388
815;NEP006047SIS;111;276;0.00001019
815;NEP006047SIS;112;276;0.00003731
815;NEP006047SIS;129;276;0.00870464
815;NEP006047SIS;130;276;0.01861104
815;NEP006047SIS;143;276;0.00833934
815;NEP006047SIS;144;276;0.00112271
815;NEP006047SIS;151;276;0.00016997
815;NEP006047SIS;152;276;0.00032788
815;NEP006047SIS;111;277;0.00002555
815;NEP006047SIS;129;277;0.01784086
815;NEP006047SIS;144;277;0.00436198
815;NEP006047SIS;145;277;0.00247142
815;NEP006047SIS;146;277;0.00247142
815;NEP006047SIS;147;277;0.00247142
815;NEP006047SIS;148;277;0.00247141
815;NEP006047SIS;149;277;0.00247139
815;NEP006047SIS;150;277;0.00089318
815;NEP006047SIS;151;277;0.00019854
815;0SF0060490BA;129;172;0.01507765
815;0SF0060490BA;129;173;0.02452419
815;0SF0060490BA;130;173;0.04148788
815;0SF0060490BA;131;173;0.01243223
815;0SF0060490BA;125;174;0.00003853
815;0SF0060490BA;126;174;0.00017759
815;0SF0060490BA;127;174;0.02348980
815;0SF0060490BA;128;174;0.00334733
815;0SF0060490BA;129;174;0.00486645
815;0SF0060490BA;130;174;0.00901330
815;0SF0060490BA;126;175;0.00299041
815;0SF0060490BA;127;175;0.07741851
815;0SF0060490BA;128;175;0.00817175
815;0SF0060490BA;130;175;0.00901330
815;0SF0060490BA;122;176;0.00002711
815;0SF0060490BA;123;176;0.00063183
815;0SF0060490BA;124;176;0.00287309
815;0SF0060490BA;125;176;0.00403953
815;0SF0060490BA;126;176;0.10260332
815;0SF0060490BA;127;176;0.01147171
815;0SF0060490BA;128;176;0.00469916
815;0SF0060490BA;129;176;0.00969899
815;0SF0060490BA;130;176;0.01696446
815;0SF0060490BA;131;176;0.01469420
815;0SF0060490BA;132;176;0.00110779
815;0SF0060490BA;122;177;0.00025668
815;0SF0060490BA;123;177;0.00040812
815;0SF0060490BA;124;177;0.00017211
815;0SF0060490BA;125;177;0.07760896
815;0SF0060490BA;126;177;0.00930830
815;0SF0060490BA;127;177;0.00062326
815;0SF0060490BA;129;177;0.00179961
815;0SF0060490BA;130;177;0.00371948
815;0SF0060490BA;120;178;0.00127283
815;0SF0060490BA;121;178;0.00069436
815;0SF0060490BA;122;178;0.00025942
815;0SF0060490BA;124;178;0.00672994
815;0SF0060490BA;125;178;0.06766151
815;0SF0060490BA;126;178;0.00153931
815;0SF0060490BA;129;178;0.00326633
815;0SF0060490BA;120;179;0.00162204
815;0SF0060490BA;121;179;0.00008211
815;0SF0060490BA;123;179;0.00485065
815;0SF0060490BA;124;179;0.00700255
815;0SF0060490BA;125;179;0.06149712
815;0SF0060490BA;126;179;0.00108642
815;0SF0060490BA;127;179;0.00035382
815;0SF0060490BA;128;179;0.00180745
815;0SF0060490BA;129;179;0.00618165
815;0SF0060490BA;120;180;0.00004682
815;0SF0060490BA;121;180;0.00238442
815;0SF0060490BA;122;180;0.00590835
815;0SF0060490BA;123;180;0.00300065
815;0SF0060490BA;124;180;0.00334892
815;0SF0060490BA;125;180;0.05496538
815;0SF0060490BA;126;180;0.00168851
815;0SF0060490BA;127;180;0.00145364
815;0SF0060490BA;128;180;0.00909148
815;0SF0060490BA;129;180;0.00873334
815;0SF0060490BA;130;180;0.00309727
815;0SF0060490BA;120;181;0.00021530
815;0SF0060490BA;121;181;0.00055455
815;0SF0060490BA;122;181;0.00365630
815;0SF0060490BA;123;181;0.00490420
815;0SF0060490BA;124;181;0.02737347
815;0SF0060490BA;125;181;0.05319605
815;0SF0060490BA;126;181;0.00041910
815;0SF0060490BA;127;181;0.01176166
815;0SF0060490BA;128;181;0.00550729
815;0SF0060490BA;121;182;0.00000801
815;0SF0060490BA;122;182;0.00186946
815;0SF0060490BA;123;182;0.00219793
815;0SF0060490BA;124;182;0.04164895
815;0SF0060490BA;125;182;0.01065860
815;0SF0060490BA;126;182;0.01500956
815;0SF0060490BA;122;183;0.00026291
815;0SF0060490BA;123;183;0.01651461
815;0SF0060490BA;124;183;0.01936905
815;0SF0060490BA;125;183;0.00103246
815;0SF0060490BA;126;183;0.00329543
815;0SF0060490BA;122;184;0.00359118
815;0SF0060490BA;123;184;0.01019668
815;0SF0060490BA;125;184;0.00297779
815;0SF0060490BA;126;184;0.00659641
815;0SF0060490BA;122;185;0.00155717
815;0SF0060490BA;126;185;0.00091518
815;0SF0060490BA;127;185;0.00032784
815;0SF0060430BA;149;140;0.00000069
815;0SF0060430BA;150;140;0.00000009
815;0SF0060430BA;148;141;0.00000067
815;0SF0060430BA;149;141;0.00000120
815;0SF0060430BA;150;141;0.00000378
815;0SF0060430BA;151;141;0.00000534
815;0SF0060430BA;152;141;0.00000972
815;0SF0060430BA;145;142;0.00001814
815;0SF0060430BA;147;142;0.00001255
815;0SF0060430BA;148;142;0.00238553
815;0SF0060430BA;149;142;0.00111879
815;0SF0060430BA;150;142;0.00000233
815;0SF0060430BA;152;142;0.00000041
815;0SF0060430BA;153;142;0.00000052
815;0SF0060430BA;143;143;0.00000006
815;0SF0060430BA;144;143;0.00000009
815;0SF0060430BA;146;143;0.00004529
815;0SF0060430BA;147;143;0.00000041
815;0SF0060430BA;148;143;0.00453836
815;0SF0060430BA;149;143;0.00040151
815;0SF0060430BA;156;143;0.00000001
815;0SF0060430BA;142;144;0.00001586
815;0SF0060430BA;143;144;0.00000620
815;0SF0060430BA;145;144;0.00000042
815;0SF0060430BA;146;144;0.00009775
815;0SF0060430BA;147;144;0.00083677
815;0SF0060430BA;148;144;0.00476065
815;0SF0060430BA;140;145;0.00000024
815;0SF0060430BA;141;145;0.00002801
815;0SF0060430BA;145;145;0.00000198
815;0SF0060430BA;146;145;0.00032462
815;0SF0060430BA;147;145;0.00857884
815;0SF0060430BA;148;145;0.00000860
815;0SF0060430BA;139;146;0.00021245
815;0SF0060430BA;144;146;0.00000090
815;0SF0060430BA;145;146;0.00000079
815;0SF0060430BA;146;146;0.00945735
815;0SF0060430BA;147;146;0.00423384
815;0SF0060430BA;138;147;0.00000477
815;0SF0060430BA;139;147;0.00012834
815;0SF0060430BA;142;147;0.00006069
815;0SF0060430BA;143;147;0.00003177
815;0SF0060430BA;144;147;0.00007670
815;0SF0060430BA;145;147;0.00746234
815;0SF0060430BA;146;147;0.00450508
815;0SF0060430BA;137;148;0.00094046
815;0SF0060430BA;138;148;0.00017857
815;0SF0060430BA;139;148;0.00048813
815;0SF0060430BA;140;148;0.00210704
815;0SF0060430BA;141;148;0.00061846
815;0SF0060430BA;142;148;0.00265297
815;0SF0060430BA;143;148;0.00053525
815;0SF0060430BA;144;148;0.01224257
815;0SF0060430BA;145;148;0.00648014
815;0SF0060430BA;146;148;0.00019379
815;0SF0060430BA;136;149;0.00007431
815;0SF0060430BA;137;149;0.00000241
815;0SF0060430BA;138;149;0.00016591
815;0SF0060430BA;139;149;0.00146451
815;0SF0060430BA;140;149;0.00757683
815;0SF0060430BA;141;149;0.00271182
815;0SF0060430BA;142;149;0.00632862
815;0SF0060430BA;143;149;0.01449558
815;0SF0060430BA;144;149;0.00553235
815;0SF0060430BA;145;149;0.00000812
815;0SF0060430BA;146;149;0.00000332
815;0SF0060430BA;135;150;0.00000343
815;0SF0060430BA;136;150;0.00000057
815;0SF0060430BA;137;150;0.00003071
815;0SF0060430BA;138;150;0.00060895
815;0SF0060430BA;139;150;0.00922160
815;0SF0060430BA;140;150;0.03647895
815;0SF0060430BA;141;150;0.01786308
815;0SF0060430BA;142;150;0.00987317
815;0SF0060430BA;143;150;0.02082581
815;0SF0060430BA;144;150;0.00080430
815;0SF0060430BA;135;151;0.00004991
815;0SF0060430BA;137;151;0.02313179
815;0SF0060430BA;138;151;0.03003320
815;0SF0060430BA;139;151;0.02525359
815;0SF0060430BA;140;151;0.00966357
815;0SF0060430BA;141;151;0.02835157
815;0SF0060430BA;142;151;0.02792582
815;0SF0060430BA;143;151;0.01782053
815;0SF0060430BA;144;151;0.00012042
815;0SF0060430BA;135;152;0.00001351
815;0SF0060430BA;136;152;0.02802321
815;0SF0060430BA;137;152;0.01616289
815;0SF0060430BA;138;152;0.01298289
815;0SF0060430BA;139;152;0.02227046
815;0SF0060430BA;140;152;0.04594353
815;0SF0060430BA;141;152;0.04782691
815;0SF0060430BA;142;152;0.02453048
815;0SF0060430BA;143;152;0.00342907
815;0SF0060430BA;135;153;0.02022640
815;0SF0060430BA;136;153;0.01331931
815;0SF0060430BA;137;153;0.03394661
815;0SF0060430BA;138;153;0.05554937
815;0SF0060430BA;139;153;0.04501679
815;0SF0060430BA;140;153;0.03597316
815;0SF0060430BA;141;153;0.07092089
815;0SF0060430BA;142;153;0.03017968
815;0SF0060430BA;135;154;0.00273234
815;0SF0060430BA;136;154;0.01321108
815;0SF0060430BA;137;154;0.03620664
815;0SF0060430BA;140;154;0.00005036
815;0SF0060430BA;141;154;0.04454819
815;0SF0060430BA;142;154;0.02469366
815;0SV0060570YS;147;177;0.00027868
815;0SV0060570YS;148;177;0.00019651
815;0SV0060570YS;148;178;0.00208763
815;0SV0060570YS;149;178;0.00027722
815;0SV0060570YS;150;178;0.00000399
815;0SV0060570YS;148;179;0.00002090
815;0SV0060570YS;149;179;0.00129609
815;0SV0060570YS;150;179;0.00010640
815;0SV0060570YS;148;180;0.00004823
815;0SV0060570YS;149;180;0.00185801
815;0SV0060570YS;150;180;0.00134984
815;0SV0060570YS;149;181;0.00123496
815;0SV0060570YS;150;181;0.00211195
815;0SV0060570YS;139;182;0.00092917
815;0SV0060570YS;149;182;0.00154791
815;0SV0060570YS;150;182;0.00015783
815;0SV0060570YS;138;183;0.00135642
815;0SV0060570YS;139;183;0.00121072
815;0SV0060570YS;140;183;0.00276615
815;0SV0060570YS;141;183;0.01970380
815;0SV0060570YS;144;183;0.00005836
815;0SV0060570YS;145;183;0.03626691
815;0SV0060570YS;146;183;0.00365433
815;0SV0060570YS;149;183;0.00651011
815;0SV0060570YS;150;183;0.00002674
815;0SV0060570YS;140;184;0.00013928
815;0SV0060570YS;141;184;0.01050055
815;0SV0060570YS;142;184;0.00590148
815;0SV0060570YS;143;184;0.00565821
815;0SV0060570YS;144;184;0.00791002
815;0SV0060570YS;145;184;0.04342869
815;0SV0060570YS;146;184;0.08190964
815;0SV0060570YS;147;184;0.07613579
815;0SV0060570YS;148;184;0.07615340
815;0SV0060570YS;149;184;0.10116471
815;0SV0060570YS;150;184;0.07914714
815;0SV0060570YS;140;185;0.00038443
815;0SV0060570YS;141;185;0.00962342
815;0SV0060570YS;142;185;0.00040950
815;0SV0060570YS;143;185;0.00043790
815;0SV0060570YS;144;185;0.00106356
815;0SV0060570YS;145;185;0.01605659
815;0SV0060570YS;146;185;0.00186751
815;0SV0060570YS;149;185;0.02926654
815;0SV0060570YS;150;185;0.00823691
815;0SV0060570YS;140;186;0.00028162
815;0SV0060570YS;141;186;0.00947737
815;0SV0060570YS;142;186;0.00139294
815;0SV0060570YS;143;186;0.00168349
815;0SV0060570YS;144;186;0.00438137
815;0SV0060570YS;145;186;0.01705344
815;0SV0060570YS;146;186;0.00299015
815;0SV0060570YS;148;186;0.00020048
815;0SV0060570YS;149;186;0.00020806
815;0SV0060570YS;140;187;0.00379951
815;0SV0060570YS;141;187;0.01260783
815;0SV0060570YS;142;187;0.00552470
815;0SV0060570YS;143;187;0.00664464
815;0SV0060570YS;144;187;0.01240208
815;0SV0060570YS;145;187;0.04772231
815;0SV0060570YS;146;187;0.04026715
815;0SV0060570YS;147;187;0.03620092
815;0SV0060570YS;148;187;0.00918431
815;0SV0060570YS;137;188;0.00192770
815;0SV0060570YS;138;188;0.00250062
815;0SV0060570YS;139;188;0.00344391
815;0SV0060570YS;140;188;0.00161632
815;0SV0060570YS;141;188;0.00346711
815;0SV0060570YS;143;188;0.00016663
815;0SV0060570YS;144;188;0.01245325
815;0SV0060570YS;145;188;0.01405285
815;0SV0060570YS;146;188;0.00174771
815;0SV0060570YS;136;189;0.00011010
815;0SV0060570YS;137;189;0.00118414
815;0SV0060570YS;139;189;0.00007187
815;0SV0060570YS;140;189;0.00022821
815;0SV0060570YS;141;189;0.00350485
815;0SV0060570YS;143;189;0.00651397
815;0SV0060570YS;144;189;0.00678229
815;0SV0060570YS;145;189;0.00235174
815;0SV0060570YS;146;189;0.00168218
815;0SV0060570YS;136;190;0.00115260
815;0SV0060570YS;139;190;0.00008558
815;0SV0060570YS;140;190;0.00035577
815;0SV0060570YS;141;190;0.00390460
815;0SV0060570YS;142;190;0.00376468
815;0SV0060570YS;143;190;0.01166017
815;0SV0060570YS;144;190;0.00145532
815;0SV0060570YS;145;190;0.00361556
815;0SV0060570YS;146;190;0.00299433
815;0SV0060570YS;136;191;0.00076096
815;0SV0060570YS;139;191;0.00003976
815;0SV0060570YS;141;191;0.00252061
815;0SV0060570YS;142;191;0.01286809
815;0SV0060570YS;145;191;0.00021956
815;0SV0060570YS;146;191;0.00007955
815;0SV0060570YS;135;192;0.00022510
815;0SV0060570YS;136;192;0.00026797
815;0SV0060570YS;139;192;0.00009701
815;0SV0060570YS;141;192;0.01552305
815;0SV0060570YS;142;192;0.00021265
815;0SV0060570YS;144;192;0.00026398
815;0SV0060570YS;145;192;0.00023819
815;0SV0060570YS;134;193;0.00009094
815;0SV0060570YS;135;193;0.00050350
815;0SV0060570YS;139;193;0.00010416
815;0SV0060570YS;140;193;0.01024990
815;0SV0060570YS;141;193;0.00390757
815;0SV0060570YS;143;193;0.00026185
815;0SV0060570YS;144;193;0.00010177
815;0SV0060570YS;133;194;0.00021685
815;0SV0060570YS;134;194;0.00047807
815;0SV0060570YS;140;194;0.00541241
815;0SV0060570YS;143;194;0.00008591
815;0NC006023MEN;108;190;0.00019820
815;0NC006023MEN;107;191;0.00039201
815;0NC006023MEN;108;191;0.00038573
815;0NC006023MEN;106;192;0.00070931
815;0NC006023MEN;107;192;0.00015791
815;0NC006023MEN;105;193;0.00028174
815;0NC006023MEN;106;193;0.00027754
815;0NC006023MEN;118;193;0.02494963
815;0NC006023MEN;104;194;0.00001208
815;0NC006023MEN;105;194;0.00006340
815;0NC006023MEN;113;194;0.00081737
815;0NC006023MEN;114;194;0.00109991
815;0NC006023MEN;115;194;0.00109991
815;0NC006023MEN;116;194;0.00089476
815;0NC006023MEN;118;194;0.02402812
815;0NC006023MEN;104;195;0.00007190
815;0NC006023MEN;107;195;0.00031152
815;0NC006023MEN;108;195;0.00091850
815;0NC006023MEN;112;195;0.00061604
815;0NC006023MEN;113;195;0.00061795
815;0NC006023MEN;117;195;0.02243568
815;0NC006023MEN;118;195;0.01117261
815;0NC006023MEN;104;196;0.00064659
815;0NC006023MEN;105;196;0.00127426
815;0NC006023MEN;108;196;0.00272249
815;0NC006023MEN;109;196;0.00364099
815;0NC006023MEN;110;196;0.00171738
815;0NC006023MEN;112;196;0.00123399
815;0NC006023MEN;117;196;0.03548241
815;0NC006023MEN;118;196;0.01149294
815;0NC006023MEN;119;196;0.01028952
815;0NC006023MEN;105;197;0.00230035
815;0NC006023MEN;110;197;0.00192361
815;0NC006023MEN;111;197;0.00938974
815;0NC006023MEN;112;197;0.00637870
815;0NC006023MEN;113;197;0.00409840
815;0NC006023MEN;116;197;0.02064735
815;0NC006023MEN;117;197;0.00280043
815;0NC006023MEN;105;198;0.00231413
815;0NC006023MEN;110;198;0.00598632
815;0NC006023MEN;111;198;0.00251804
815;0NC006023MEN;113;198;0.00205070
815;0NC006023MEN;114;198;0.00596006
815;0NC006023MEN;116;198;0.02331126
815;0NC006023MEN;104;199;0.00091315
815;0NC006023MEN;105;199;0.00147854
815;0NC006023MEN;109;199;0.00557815
815;0NC006023MEN;110;199;0.00269523
815;0NC006023MEN;114;199;0.00289494
815;0NC006023MEN;115;199;0.02636984
815;0NC006023MEN;116;199;0.00080691
815;0NC006023MEN;104;200;0.00240228
815;0NC006023MEN;108;200;0.00376612
815;0NC006023MEN;109;200;0.00388472
815;0NC006023MEN;115;200;0.02812063
815;0NC006023MEN;116;200;0.00039563
815;0NC006023MEN;104;201;0.00203139
815;0NC006023MEN;105;201;0.00020349
815;0NC006023MEN;106;201;0.00078789
815;0NC006023MEN;107;201;0.00095751
815;0NC006023MEN;108;201;0.00541749
815;0NC006023MEN;115;201;0.05757875
815;0NC006023MEN;103;202;0.00153880
815;0NC006023MEN;104;202;0.00139171
815;0NC006023MEN;105;202;0.00064685
815;0NC006023MEN;107;202;0.00024783
815;0NC006023MEN;115;202;0.03334694
815;0NC006023MEN;117;202;0.00134112
815;0NC006023MEN;118;202;0.00903279
815;0NC006023MEN;103;203;0.00442865
815;0NC006023MEN;107;203;0.00023732
815;0NC006023MEN;115;203;0.03705927
815;0NC006023MEN;116;203;0.01172313
815;0NC006023MEN;117;203;0.01177317
815;0NC006023MEN;103;204;0.00729977
815;0NC006023MEN;104;204;0.00005368
815;0NC006023MEN;105;204;0.00012030
815;0NC006023MEN;106;204;0.00025317
815;0NC006023MEN;107;204;0.00021373
815;0NC006023MEN;113;204;0.00065074
815;0NC006023MEN;114;204;0.02508237
815;0NC006023MEN;115;204;0.00670031
815;0NC006023MEN;117;204;0.00670518
815;0NC006023MEN;103;205;0.00720107
815;0NC006023MEN;104;205;0.00019585
815;0NC006023MEN;105;205;0.00013541
815;0NC006023MEN;106;205;0.00012013
815;0NC006023MEN;113;205;0.02365966
815;0NC006023MEN;117;205;0.00393801
815;0NC006023MEN;102;206;0.00037813
815;0NC006023MEN;103;206;0.00458184
815;0NC006023MEN;106;206;0.00057363
815;0NC006023MEN;107;206;0.00477767
815;0NC006023MEN;108;206;0.00477767
815;0NC006023MEN;109;206;0.00240743
815;0NC006023MEN;113;206;0.02344700
815;0NC006023MEN;102;207;0.00959123
815;0NC006023MEN;105;207;0.00490630
815;0NC006023MEN;106;207;0.00460110
815;0NC006023MEN;109;207;0.00398062
815;0NC006023MEN;110;207;0.00280588
815;0NC006023MEN;112;207;0.01603305
815;0NC006023MEN;113;207;0.00905624
815;0NC006023MEN;102;208;0.00229532
815;0NC006023MEN;103;208;0.01405901
815;0NC006023MEN;104;208;0.00534955
815;0NC006023MEN;105;208;0.00158308
815;0NC006023MEN;110;208;0.00233393
815;0NC006023MEN;111;208;0.00396850
815;0NC006023MEN;112;208;0.02239284
815;0NC006023MEN;103;209;0.01043375
815;0NC006023MEN;112;209;0.02315492
815;0NC006023MEN;103;210;0.00664333
815;0NC006023MEN;111;210;0.00110026
815;0NC006023MEN;112;210;0.01720569
815;0NC006023MEN;103;211;0.00055967
815;0NC006023MEN;104;211;0.00108744
815;0NC006023MEN;111;211;0.01577598
815;0NC006023MEN;103;212;0.00021435
815;0NC006023MEN;104;212;0.00126395
815;0NC006023MEN;110;212;0.00653030
815;0NC006023MEN;111;212;0.01043388
815;0NC006023MEN;103;213;0.00163504
815;0NC006023MEN;110;213;0.01118044
815;0NC006023MEN;111;213;0.00144482
815;0NC006023MEN;112;213;0.00474641
815;0NC006023MEN;103;214;0.00120414
815;0NC006023MEN;107;214;0.00004049
815;0NC006023MEN;108;214;0.00008114
815;0NC006023MEN;109;214;0.00001985
815;0NC006023MEN;110;214;0.01118119
815;0NC006023MEN;112;214;0.00466815
815;0NC006023MEN;103;215;0.00174204
815;0NC006023MEN;104;215;0.00005624
815;0NC006023MEN;105;215;0.00005624
815;0NC006023MEN;106;215;0.00006391
815;0NC006023MEN;107;215;0.00003073
815;0NC006023MEN;109;215;0.00148017
815;0NC006023MEN;110;215;0.01126519
815;0NC006023MEN;112;215;0.00442166
815;0NC006023MEN;103;216;0.00145302
815;0NC006023MEN;109;216;0.00952010
815;0NC006023MEN;110;216;0.00019827
815;0NC006023MEN;112;216;0.00181730
815;0NC006023MEN;103;217;0.00150910
815;0NC006023MEN;109;217;0.00919763
815;0NC006023MEN;102;218;0.00065042
815;0NC006023MEN;103;218;0.00089235
815;0NC006023MEN;108;218;0.00524829
815;0NC006023MEN;109;218;0.00315605
815;0NC006023MEN;102;219;0.00027755
815;0NC006023MEN;103;219;0.00072907
815;0NC006023MEN;104;219;0.00003405
815;0NC006023MEN;106;219;0.00886937
815;0NC006023MEN;107;219;0.00840828
815;0NC006023MEN;108;219;0.01083834
815;0NC006023MEN;104;220;0.00079055
815;0NC006023MEN;105;220;0.01087427
815;0NC006023MEN;106;220;0.00033243
815;0NC006023MEN;104;221;0.00786274
815;0NC006023MEN;105;221;0.00504019
815;0NC006023MEN;104;222;0.01004429
815;0NC006023MEN;103;223;0.00545040
815;0NC006023MEN;104;223;0.00480705
815;0NC006023MEN;103;224;0.00365786
815;0NC006023MEN;104;224;0.00364856
815;0SV006034SAC;147;172;0.00090237
815;0SV006034SAC;148;172;0.00058751
815;0SV006034SAC;149;172;0.00002853
815;0SV006034SAC;146;173;0.00070097
815;0SV006034SAC;147;173;0.00074453
815;0SV006034SAC;148;173;0.00102147
815;0SV006034SAC;148;174;0.00028985
815;0SV006034SAC;149;174;0.00065733
815;0SV006034SAC;148;175;0.00004465
815;0SV006034SAC;149;175;0.00092064
815;0SV006034SAC;150;175;0.00093094
815;0SV006034SAC;152;175;0.00031146
815;0SV006034SAC;153;175;0.00067246
815;0SV006034SAC;154;175;0.00049133
815;0SV006034SAC;155;175;0.00097358
815;0SV006034SAC;148;176;0.00004531
815;0SV006034SAC;149;176;0.00006247
815;0SV006034SAC;150;176;0.00139099
815;0SV006034SAC;151;176;0.00772975
815;0SV006034SAC;152;176;0.00000565
815;0SV006034SAC;154;176;0.00559696
815;0SV006034SAC;155;176;0.00323626
815;0SV006034SAC;156;176;0.00014143
815;0SV006034SAC;149;177;0.00014393
815;0SV006034SAC;150;177;0.00013182
815;0SV006034SAC;151;177;0.00517900
815;0SV006034SAC;152;177;0.00039107
815;0SV006034SAC;153;177;0.00031799
815;0SV006034SAC;154;177;0.00812940
815;0SV006034SAC;155;177;0.00028328
815;0SV006034SAC;156;177;0.00038322
815;0SV006034SAC;157;177;0.00007545
815;0SV006034SAC;149;178;0.00021440
815;0SV006034SAC;150;178;0.00012815
815;0SV006034SAC;151;178;0.00508169
815;0SV006034SAC;152;178;0.00012492
815;0SV006034SAC;153;178;0.00001281
815;0SV006034SAC;154;178;0.00803134
815;0SV006034SAC;155;178;0.00011631
815;0SV006034SAC;156;178;0.00018102
815;0SV006034SAC;157;178;0.00013874
815;0SV006034SAC;158;178;0.00005265
815;0SV006034SAC;159;178;0.00002225
815;0SV006034SAC;150;179;0.00021499
815;0SV006034SAC;151;179;0.00647657
815;0SV006034SAC;152;179;0.00165113
815;0SV006034SAC;153;179;0.00988663
815;0SV006034SAC;154;179;0.00108636
815;0SV006034SAC;155;179;0.00021323
815;0SV006034SAC;156;179;0.00024726
815;0SV006034SAC;157;179;0.00005412
815;0SV006034SAC;159;179;0.00000457
815;0SV006034SAC;160;179;0.00002201
815;0SV006034SAC;150;180;0.00002368
815;0SV006034SAC;151;180;0.01254383
815;0SV006034SAC;152;180;0.01155227
815;0SV006034SAC;153;180;0.01406206
815;0SV006034SAC;154;180;0.00264395
815;0SV006034SAC;155;180;0.00109358
815;0SV006034SAC;156;180;0.00034703
815;0SV006034SAC;157;180;0.00010281
815;0SV006034SAC;150;181;0.00703444
815;0SV006034SAC;151;181;0.00592181
815;0SV006034SAC;152;181;0.02169361
815;0SV006034SAC;153;181;0.00653773
815;0SV006034SAC;154;181;0.00294276
815;0SV006034SAC;155;181;0.00271864
815;0SV006034SAC;156;181;0.00004374
815;0SV006034SAC;157;181;0.00020853
815;0SV006034SAC;149;182;0.00015227
815;0SV006034SAC;150;182;0.01618554
815;0SV006034SAC;151;182;0.01626774
815;0SV006034SAC;152;182;0.02192694
815;0SV006034SAC;153;182;0.00564614
815;0SV006034SAC;154;182;0.00275638
815;0SV006034SAC;155;182;0.00132881
815;0SV006034SAC;156;182;0.00367955
815;0SV006034SAC;157;182;0.00170807
815;0SV006034SAC;158;182;0.00131694
815;0SV006034SAC;159;182;0.00158367
815;0SV006034SAC;160;182;0.00394812
815;0SV006034SAC;149;183;0.00012532
815;0SV006034SAC;150;183;0.01752962
815;0SV006034SAC;151;183;0.02835471
815;0SV006034SAC;152;183;0.01204640
815;0SV006034SAC;153;183;0.00827499
815;0SV006034SAC;154;183;0.00535496
815;0SV006034SAC;155;183;0.00195073
815;0SV006034SAC;156;183;0.00166068
815;0SV006034SAC;157;183;0.00113287
815;0SV006034SAC;159;183;0.00024001
815;0SV006034SAC;160;183;0.00001219
815;0SV006034SAC;150;184;0.02869426
815;0SV006034SAC;151;184;0.05096992
815;0SV006034SAC;152;184;0.03009185
815;0SV006034SAC;153;184;0.02964652
815;0SV006034SAC;154;184;0.02427353
815;0SV006034SAC;155;184;0.00780579
815;0SV006034SAC;156;184;0.00224750
815;0SV006034SAC;157;184;0.00133327
815;0SV006034SAC;158;184;0.00024223
815;0SV006034SAC;159;184;0.00003835
815;0SV006034SAC;149;185;0.00242345
815;0SV006034SAC;150;185;0.02616122
815;0SV006034SAC;151;185;0.01882605
815;0SV006034SAC;152;185;0.03122628
815;0SV006034SAC;153;185;0.01231349
815;0SV006034SAC;154;185;0.00565999
815;0SV006034SAC;155;185;0.02773418
815;0SV006034SAC;156;185;0.00737412
815;0SV006034SAC;157;185;0.00158769
815;0SV006034SAC;158;185;0.00180904
815;0SV006034SAC;159;185;0.00012960
815;0SV006034SAC;148;186;0.00000605
815;0SV006034SAC;149;186;0.00018488
815;0SV006034SAC;150;186;0.03005504
815;0SV006034SAC;151;186;0.01888056
815;0SV006034SAC;152;186;0.02520745
815;0SV006034SAC;153;186;0.03332757
815;0SV006034SAC;154;186;0.01058659
815;0SV006034SAC;155;186;0.01239241
815;0SV006034SAC;156;186;0.01650787
815;0SV006034SAC;157;186;0.01521365
815;0SV006034SAC;158;186;0.01302857
815;0SV006034SAC;159;186;0.00913340
815;0SV006034SAC;148;187;0.00585756
815;0SV006034SAC;149;187;0.00826822
815;0SV006034SAC;150;187;0.00937664
815;0SV006034SAC;151;187;0.00343198
815;0SV006034SAC;152;187;0.00369651
815;0SV006034SAC;153;187;0.01845948
815;0SV006034SAC;154;187;0.03385200
815;0SV006034SAC;155;187;0.01757280
815;0SV006034SAC;156;187;0.01055011
815;0SV006034SAC;157;187;0.00964709
815;0SV006034SAC;158;187;0.00810122
815;0SV006034SAC;159;187;0.00044241
815;0SV006034SAC;148;188;0.00001755
815;0SV006034SAC;149;188;0.00001681
815;0SV006034SAC;150;188;0.00444525
815;0SV006034SAC;151;188;0.00183406
815;0SV006034SAC;152;188;0.00227583
815;0SV006034SAC;153;188;0.00635922
815;0SV006034SAC;154;188;0.01587579
815;0SV006034SAC;155;188;0.01540014
815;0SV006034SAC;156;188;0.00451759
815;0SV006034SAC;157;188;0.00320941
815;0SV006034SAC;158;188;0.00155993
815;0SV006034SAC;159;188;0.00035939
815;0SV006034SAC;148;189;0.00000013
815;0SV006034SAC;150;189;0.00057691
815;0SV006034SAC;151;189;0.00004765
815;0SV006034SAC;152;189;0.00000013
815;SJV006020SJU;175;137;0.00010443
815;SJV006020SJU;176;137;0.00095213
815;SJV006020SJU;177;137;0.00095267
815;SJV006020SJU;178;137;0.00104857
815;SJV006020SJU;179;137;0.00104862
815;SJV006020SJU;180;137;0.00141208
815;SJV006020SJU;181;137;0.00494670
815;SJV006020SJU;182;137;0.00178980
815;SJV006020SJU;183;137;0.00009066
815;SJV006020SJU;184;137;0.01432060
815;SJV006020SJU;173;138;0.00334426
815;SJV006020SJU;174;138;0.00423376
815;SJV006020SJU;175;138;0.00249520
815;SJV006020SJU;176;138;0.00081622
815;SJV006020SJU;180;138;0.00086962
815;SJV006020SJU;181;138;0.00467167
815;SJV006020SJU;182;138;0.00012275
815;SJV006020SJU;183;138;0.05024189
815;SJV006020SJU;184;138;0.01286613
815;SJV006020SJU;185;138;0.00760231
815;SJV006020SJU;186;138;0.00761572
815;SJV006020SJU;187;138;0.00779305
815;SJV006020SJU;174;139;0.00137145
815;SJV006020SJU;176;139;0.00124918
815;SJV006020SJU;177;139;0.00154135
815;SJV006020SJU;178;139;0.00135195
815;SJV006020SJU;179;139;0.00144181
815;SJV006020SJU;180;139;0.00295604
815;SJV006020SJU;181;139;0.00721533
815;SJV006020SJU;182;139;0.04157013
815;SJV006020SJU;183;139;0.01574678
815;SJV006020SJU;184;139;0.00350566
815;SJV006020SJU;185;139;0.00618995
815;SJV006020SJU;186;139;0.00673599
815;SJV006020SJU;187;139;0.02515172
815;SJV006020SJU;174;140;0.00152883
815;SJV006020SJU;175;140;0.00031365
815;SJV006020SJU;176;140;0.00028093
815;SJV006020SJU;177;140;0.00075386
815;SJV006020SJU;178;140;0.00048163
815;SJV006020SJU;179;140;0.00116209
815;SJV006020SJU;180;140;0.00841107
815;SJV006020SJU;181;140;0.06559777
815;SJV006020SJU;182;140;0.02742521
815;SJV006020SJU;183;140;0.00001639
815;SJV006020SJU;185;140;0.00194227
815;SJV006020SJU;187;140;0.01000201
815;SJV006020SJU;174;141;0.00120063
815;SJV006020SJU;177;141;0.00066529
815;SJV006020SJU;178;141;0.00031262
815;SJV006020SJU;179;141;0.00038820
815;SJV006020SJU;180;141;0.03598245
815;SJV006020SJU;181;141;0.06655643
815;SJV006020SJU;182;141;0.00986799
815;SJV006020SJU;183;141;0.00313123
815;SJV006020SJU;184;141;0.00141044
815;SJV006020SJU;185;141;0.00245870
815;SJV006020SJU;186;141;0.00189733
815;SJV006020SJU;187;141;0.00972631
815;SJV006020SJU;188;141;0.00143207
815;SJV006020SJU;189;141;0.00006684
815;SJV006020SJU;172;142;0.00019344
815;SJV006020SJU;173;142;0.00019132
815;SJV006020SJU;174;142;0.00160088
815;SJV006020SJU;175;142;0.00086362
815;SJV006020SJU;176;142;0.00043675
815;SJV006020SJU;177;142;0.00127542
815;SJV006020SJU;178;142;0.00096060
815;SJV006020SJU;179;142;0.02206324
815;SJV006020SJU;180;142;0.02929242
815;SJV006020SJU;181;142;0.00448855
815;SJV006020SJU;182;142;0.00111643
815;SJV006020SJU;183;142;0.00379370
815;SJV006020SJU;184;142;0.00486119
815;SJV006020SJU;185;142;0.00502213
815;SJV006020SJU;186;142;0.00526807
815;SJV006020SJU;187;142;0.01694396
815;SJV006020SJU;188;142;0.00699521
815;SJV006020SJU;189;142;0.00016507
815;SJV006020SJU;172;143;0.00025227
815;SJV006020SJU;174;143;0.00090497
815;SJV006020SJU;175;143;0.00073834
815;SJV006020SJU;176;143;0.00056978
815;SJV006020SJU;177;143;0.00118044
815;SJV006020SJU;178;143;0.01939069
815;SJV006020SJU;179;143;0.02952887
815;SJV006020SJU;180;143;0.00044481
815;SJV006020SJU;181;143;0.00145688
815;SJV006020SJU;182;143;0.00066611
815;SJV006020SJU;183;143;0.00037166
815;SJV006020SJU;184;143;0.00030758
815;SJV006020SJU;187;143;0.01185791
815;SJV006020SJU;172;144;0.00827239
815;SJV006020SJU;173;144;0.00880412
815;SJV006020SJU;174;144;0.00950819
815;SJV006020SJU;175;144;0.00840502
815;SJV006020SJU;176;144;0.01050644
815;SJV006020SJU;177;144;0.01684126
815;SJV006020SJU;178;144;0.03500353
815;SJV006020SJU;179;144;0.00107644
815;SJV006020SJU;181;144;0.00056782
815;SJV006020SJU;183;144;0.00046924
815;SJV006020SJU;184;144;0.00026401
815;SJV006020SJU;185;144;0.00060512
815;SJV006020SJU;186;144;0.00014451
815;SJV006020SJU;187;144;0.00265281
815;SJV006020SJU;188;144;0.01005776
815;SJV006020SJU;174;145;0.00040552
815;SJV006020SJU;175;145;0.00033282
815;SJV006020SJU;176;145;0.01339411
815;SJV006020SJU;177;145;0.03665893
815;SJV006020SJU;178;145;0.00130279
815;SJV006020SJU;179;145;0.00090405
815;SJV006020SJU;180;145;0.00061201
815;SJV006020SJU;181;145;0.00068789
815;SJV006020SJU;182;145;0.00040174
815;SJV006020SJU;183;145;0.00027003
815;SJV006020SJU;184;145;0.00080347
815;SJV006020SJU;185;145;0.00059000
815;SJV006020SJU;186;145;0.00009922
815;SJV006020SJU;188;145;0.01225869
815;SJV006020SJU;189;145;0.00312908
815;SJV006020SJU;176;146;0.00499188
815;SJV006020SJU;178;146;0.00012263
815;SJV006020SJU;179;146;0.00011170
815;SJV006020SJU;184;146;0.00042758
815;SJV006020SJU;185;146;0.00001726
815;SJV006020SJU;186;146;0.00064268
815;SJV006020SJU;187;146;0.00045252
815;SJV006020SJU;188;146;0.01112201
815;SJV006020SJU;189;146;0.00054679
815;SJV006020SJU;190;146;0.00163787
815;SJV006020SJU;193;146;0.00046726
815;SJV006020SJU;184;147;0.00039464
815;SJV006020SJU;186;147;0.00019475
815;SJV006020SJU;187;147;0.00314407
815;SJV006020SJU;188;147;0.00735577
815;SJV006020SJU;189;147;0.00441602
815;SJV006020SJU;190;147;0.00029806
815;SJV006020SJU;191;147;0.00144221
815;SJV006020SJU;192;147;0.00153000
815;SJV006020SJU;193;147;0.00105116
815;SJV006020SJU;194;147;0.00005755
815;SJV006020SJU;184;148;0.00041700
815;SJV006020SJU;185;148;0.00022472
815;SJV006020SJU;186;148;0.00096307
815;SJV006020SJU;187;148;0.00231872
815;SJV006020SJU;188;148;0.00434311
815;SJV006020SJU;189;148;0.00805835
815;SJV006020SJU;192;148;0.00070632
815;SJV006020SJU;193;148;0.00264296
815;SJV006020SJU;183;149;0.00008780
815;SJV006020SJU;184;149;0.00015577
815;SJV006020SJU;185;149;0.00001956
815;SJV006020SJU;186;149;0.00004074
815;SJV006020SJU;187;149;0.00001504
815;SJV006020SJU;188;149;0.00131285
815;SJV006020SJU;189;149;0.01566649
815;SJV006020SJU;190;149;0.00505665
815;SJV006020SJU;191;149;0.00035978
815;SJV006020SJU;192;149;0.00025679
815;SJV006020SJU;193;149;0.00131360
815;SJV006020SJU;187;150;0.00057235
815;SJV006020SJU;190;150;0.01549317
815;SJV006020SJU;191;150;0.00108983
815;SJV006020SJU;192;150;0.00210441
815;SJV006020SJU;193;150;0.00041748
815;SJV006020SJU;187;151;0.00045963
815;SJV006020SJU;188;151;0.00308310
815;SJV006020SJU;189;151;0.00586248
815;SJV006020SJU;190;151;0.01438442
815;SJV006020SJU;191;151;0.00228575
815;SJV006020SJU;192;151;0.00041971
815;SJV006020SJU;188;152;0.00304599
815;SJV006020SJU;190;152;0.00398168
815;SJV006020SJU;188;153;0.00111537
815;SJV006020SJU;190;153;0.00317718
815;SJV006020SJU;190;154;0.00151398
815;0SV0060580FR;150;195;0.01396190
815;0SV0060580FR;149;196;0.00274653
815;0SV0060580FR;150;196;0.03077818
815;0SV0060580FR;151;196;0.00268539
815;0SV0060580FR;152;196;0.04454187
815;0SV0060580FR;153;196;0.00191999
815;0SV0060580FR;149;197;0.00492855
815;0SV0060580FR;150;197;0.04155854
815;0SV0060580FR;151;197;0.04088521
815;0SV0060580FR;152;197;0.00158012
815;0SV0060580FR;153;197;0.00976217
815;0SV0060580FR;154;197;0.00268240
815;0SV0060580FR;149;198;0.01537035
815;0SV0060580FR;150;198;0.07843289
815;0SV0060580FR;151;198;0.00127558
815;0SV0060580FR;152;198;0.00077894
815;0SV0060580FR;153;198;0.00012592
815;0SV0060580FR;154;198;0.00802996
815;0SV0060580FR;149;199;0.14978675
815;0SV0060580FR;150;199;0.04465290
815;0SV0060580FR;151;199;0.00773583
815;0SV0060580FR;152;199;0.00603142
815;0SV0060580FR;154;199;0.00812129
815;0SV0060580FR;148;200;0.03059851
815;0SV0060580FR;149;200;0.13843763
815;0SV0060580FR;150;200;0.00540746
815;0SV0060580FR;151;200;0.01117526
815;0SV0060580FR;152;200;0.01082192
815;0SV0060580FR;153;200;0.00035227
815;0SV0060580FR;154;200;0.00553513
815;0SV0060580FR;149;201;0.03186389
815;0SV0060580FR;150;201;0.02133273
815;0SV0060580FR;153;201;0.01031374
815;0SV0060580FR;154;201;0.01036991
815;0SV0060580FR;155;201;0.01297371
815;0SV0060580FR;148;202;0.01697615
815;0SV0060580FR;149;202;0.01185087
815;0SV0060580FR;150;202;0.01098147
815;0SV0060580FR;151;202;0.00988256
815;0SV0060580FR;152;202;0.00586093
815;0SV0060580FR;153;202;0.00266098
815;0SV0060580FR;154;202;0.00214284
815;0SV0060580FR;149;203;0.02820741
815;0SV0060580FR;150;203;0.00129800
815;0SV0060580FR;151;203;0.00857307
815;0SV0060580FR;152;203;0.00574336
815;0SV0060580FR;153;203;0.00722123
815;0SV0060580FR;149;204;0.01850687
815;0SV0060580FR;150;204;0.00040454
815;0SV0060580FR;151;204;0.00291546
815;0SV0060580FR;152;204;0.00654261
815;0SV0060580FR;153;204;0.01030836
815;0SV0060580FR;154;204;0.00282188
815;0SV0060580FR;151;205;0.00053429
815;0SV0060580FR;152;205;0.00045928
815;0SV0060580FR;153;205;0.00178291
815;0SV0060580FR;154;205;0.00968650
815;0SV0060580FR;155;205;0.00238074
815;0SV0060580FR;156;205;0.00041434
815;0SV0060580FR;157;205;0.00037869
815;0SV0060580FR;158;205;0.00022298
815;0SV0060580FR;154;206;0.00662093
815;0SV0060580FR;155;206;0.00034773
815;0SV0060580FR;156;206;0.00235479
815;0SV0060580FR;157;206;0.00333502
815;0SV0060580FR;158;206;0.00404909
815;0SV0060580FR;155;207;0.00201539
815;0SV0060580FR;158;207;0.00104771
815;0SV0060580FR;159;207;0.00142559
815;0SV0060580FR;159;208;0.00005999
815;0SV0060580FR;160;208;0.00163693
815;0SV0060580FR;160;209;0.00079366
815;SJV006054SJU;194;109;0.00008722
815;SJV006054SJU;196;109;0.00001819
815;SJV006054SJU;197;109;0.00016690
815;SJV006054SJU;198;109;0.00011505
815;SJV006054SJU;199;109;0.00729655
815;SJV006054SJU;200;109;0.00051445
815;SJV006054SJU;201;109;0.00053549
815;SJV006054SJU;202;109;0.00126535
815;SJV006054SJU;203;109;0.00136130
815;SJV006054SJU;208;109;0.00004514
815;SJV006054SJU;209;109;0.00058772
815;SJV006054SJU;194;110;0.00011788
815;SJV006054SJU;196;110;0.00029652
815;SJV006054SJU;197;110;0.00053581
815;SJV006054SJU;198;110;0.00063716
815;SJV006054SJU;199;110;0.01261856
815;SJV006054SJU;200;110;0.00107039
815;SJV006054SJU;201;110;0.00123891
815;SJV006054SJU;202;110;0.00145474
815;SJV006054SJU;203;110;0.00307578
815;SJV006054SJU;208;110;0.00032825
815;SJV006054SJU;209;110;0.00019973
815;SJV006054SJU;193;111;0.00017843
815;SJV006054SJU;194;111;0.00060045
815;SJV006054SJU;195;111;0.00016040
815;SJV006054SJU;196;111;0.00032825
815;SJV006054SJU;198;111;0.00007554
815;SJV006054SJU;199;111;0.01237558
815;SJV006054SJU;200;111;0.00029036
815;SJV006054SJU;201;111;0.00039804
815;SJV006054SJU;202;111;0.00027199
815;SJV006054SJU;203;111;0.00312304
815;SJV006054SJU;207;111;0.00055094
815;SJV006054SJU;208;111;0.00015881
815;SJV006054SJU;209;111;0.00035299
815;SJV006054SJU;210;111;0.00042006
815;SJV006054SJU;211;111;0.00042625
815;SJV006054SJU;193;112;0.00001180
815;SJV006054SJU;194;112;0.00011460
815;SJV006054SJU;195;112;0.00090591
815;SJV006054SJU;196;112;0.00086616
815;SJV006054SJU;197;112;0.00086718
815;SJV006054SJU;198;112;0.01357087
815;SJV006054SJU;199;112;0.00338503
815;SJV006054SJU;200;112;0.00079284
815;SJV006054SJU;201;112;0.00100880
815;SJV006054SJU;202;112;0.00086613
815;SJV006054SJU;203;112;0.00380530
815;SJV006054SJU;204;112;0.00106071
815;SJV006054SJU;205;112;0.00050036
815;SJV006054SJU;206;112;0.00058726
815;SJV006054SJU;207;112;0.00038979
815;SJV006054SJU;208;112;0.00025114
815;SJV006054SJU;209;112;0.00022741
815;SJV006054SJU;210;112;0.00046930
815;SJV006054SJU;211;112;0.00046750
815;SJV006054SJU;193;113;0.00001280
815;SJV006054SJU;194;113;0.00013947
815;SJV006054SJU;195;113;0.00026180
815;SJV006054SJU;196;113;0.00000270
815;SJV006054SJU;198;113;0.01519408
815;SJV006054SJU;199;113;0.00004289
815;SJV006054SJU;201;113;0.00028717
815;SJV006054SJU;202;113;0.00012728
815;SJV006054SJU;203;113;0.00325873
815;SJV006054SJU;204;113;0.00054854
815;SJV006054SJU;206;113;0.00014973
815;SJV006054SJU;208;113;0.00030908
815;SJV006054SJU;209;113;0.00036456
815;SJV006054SJU;194;114;0.00041776
815;SJV006054SJU;196;114;0.00000235
815;SJV006054SJU;197;114;0.00012391
815;SJV006054SJU;198;114;0.01663184
815;SJV006054SJU;199;114;0.00078632
815;SJV006054SJU;200;114;0.00061767
815;SJV006054SJU;201;114;0.00081726
815;SJV006054SJU;202;114;0.00081998
815;SJV006054SJU;203;114;0.00481682
815;SJV006054SJU;204;114;0.00157864
815;SJV006054SJU;205;114;0.00053149
815;SJV006054SJU;206;114;0.00002356
815;SJV006054SJU;207;114;0.00046975
815;SJV006054SJU;208;114;0.00021436
815;SJV006054SJU;193;115;0.00016400
815;SJV006054SJU;194;115;0.00036716
815;SJV006054SJU;195;115;0.00025664
815;SJV006054SJU;196;115;0.00044117
815;SJV006054SJU;197;115;0.00072381
815;SJV006054SJU;198;115;0.01640757
815;SJV006054SJU;199;115;0.00126132
815;SJV006054SJU;200;115;0.00090003
815;SJV006054SJU;201;115;0.00108170
815;SJV006054SJU;202;115;0.00127795
815;SJV006054SJU;203;115;0.00060995
815;SJV006054SJU;204;115;0.00619761
815;SJV006054SJU;205;115;0.00020539
815;SJV006054SJU;206;115;0.00060851
815;SJV006054SJU;207;115;0.00035655
815;SJV006054SJU;208;115;0.00061601
815;SJV006054SJU;209;115;0.00034148
815;SJV006054SJU;193;116;0.00120193
815;SJV006054SJU;194;116;0.00090098
815;SJV006054SJU;195;116;0.00099187
815;SJV006054SJU;196;116;0.00100134
815;SJV006054SJU;197;116;0.00177907
815;SJV006054SJU;198;116;0.01916653
815;SJV006054SJU;199;116;0.00265072
815;SJV006054SJU;200;116;0.00246529
815;SJV006054SJU;201;116;0.00276855
815;SJV006054SJU;202;116;0.00279113
815;SJV006054SJU;203;116;0.00494598
815;SJV006054SJU;204;116;0.01905827
815;SJV006054SJU;205;116;0.00436374
815;SJV006054SJU;206;116;0.00313737
815;SJV006054SJU;207;116;0.00033330
815;SJV006054SJU;208;116;0.00020418
815;SJV006054SJU;193;117;0.00014643
815;SJV006054SJU;197;117;0.01434925
815;SJV006054SJU;198;117;0.00303742
815;SJV006054SJU;199;117;0.00045798
815;SJV006054SJU;200;117;0.00039433
815;SJV006054SJU;201;117;0.00084710
815;SJV006054SJU;202;117;0.00073540
815;SJV006054SJU;203;117;0.00462659
815;SJV006054SJU;204;117;0.01765278
815;SJV006054SJU;205;117;0.00076599
815;SJV006054SJU;206;117;0.00008938
815;SJV006054SJU;207;117;0.00183620
815;SJV006054SJU;208;117;0.00032458
815;SJV006054SJU;193;118;0.00101595
815;SJV006054SJU;194;118;0.00077988
815;SJV006054SJU;195;118;0.00104954
815;SJV006054SJU;196;118;0.00111707
815;SJV006054SJU;197;118;0.01915314
815;SJV006054SJU;198;118;0.00061142
815;SJV006054SJU;199;118;0.00074852
815;SJV006054SJU;201;118;0.00065490
815;SJV006054SJU;202;118;0.00006035
815;SJV006054SJU;203;118;0.01325761
815;SJV006054SJU;204;118;0.00036965
815;SJV006054SJU;205;118;0.00023747
815;SJV006054SJU;206;118;0.00029399
815;SJV006054SJU;207;118;0.00034150
815;SJV006054SJU;208;118;0.00035582
815;SJV006054SJU;209;118;0.00030445
815;SJV006054SJU;193;119;0.00007187
815;SJV006054SJU;194;119;0.00048069
815;SJV006054SJU;196;119;0.00003631
815;SJV006054SJU;197;119;0.02023662
815;SJV006054SJU;198;119;0.00043605
815;SJV006054SJU;199;119;0.00105246
815;SJV006054SJU;200;119;0.00058338
815;SJV006054SJU;201;119;0.00113928
815;SJV006054SJU;202;119;0.00187645
815;SJV006054SJU;203;119;0.01161629
815;SJV006054SJU;204;119;0.00044928
815;SJV006054SJU;205;119;0.00026398
815;SJV006054SJU;206;119;0.00000455
815;SJV006054SJU;209;119;0.00022727
815;SJV006054SJU;210;119;0.00001961
815;SJV006054SJU;193;120;0.00035820
815;SJV006054SJU;194;120;0.00195456
815;SJV006054SJU;195;120;0.00201089
815;SJV006054SJU;196;120;0.00252095
815;SJV006054SJU;197;120;0.03356546
815;SJV006054SJU;198;120;0.00674035
815;SJV006054SJU;199;120;0.00559633
815;SJV006054SJU;200;120;0.00483913
815;SJV006054SJU;201;120;0.00753564
815;SJV006054SJU;202;120;0.01556696
815;SJV006054SJU;203;120;0.00153946
815;SJV006054SJU;204;120;0.00007409
815;SJV006054SJU;209;120;0.00015287
815;SJV006054SJU;195;121;0.00089359
815;SJV006054SJU;196;121;0.00286397
815;SJV006054SJU;197;121;0.03373854
815;SJV006054SJU;198;121;0.00828380
815;SJV006054SJU;199;121;0.00261563
815;SJV006054SJU;200;121;0.00196607
815;SJV006054SJU;201;121;0.00474214
815;SJV006054SJU;202;121;0.00344973
815;SJV006054SJU;203;121;0.00022268
815;SJV006054SJU;206;121;0.00000192
815;SJV006054SJU;207;121;0.00013812
815;SJV006054SJU;208;121;0.00010539
815;SJV006054SJU;209;121;0.00001961
815;SJV006054SJU;193;122;0.00027123
815;SJV006054SJU;194;122;0.00015075
815;SJV006054SJU;195;122;0.00127131
815;SJV006054SJU;196;122;0.02334731
815;SJV006054SJU;197;122;0.00986868
815;SJV006054SJU;198;122;0.00794276
815;SJV006054SJU;199;122;0.00358705
815;SJV006054SJU;200;122;0.00048492
815;SJV006054SJU;201;122;0.00528877
815;SJV006054SJU;202;122;0.00223301
815;SJV006054SJU;203;122;0.00006633
815;SJV006054SJU;204;122;0.00008136
815;SJV006054SJU;205;122;0.00009467
815;SJV006054SJU;206;122;0.00009424
815;SJV006054SJU;194;123;0.00245601
815;SJV006054SJU;195;123;0.01146164
815;SJV006054SJU;196;123;0.03643499
815;SJV006054SJU;197;123;0.04332016
815;SJV006054SJU;198;123;0.03462953
815;SJV006054SJU;199;123;0.02323033
815;SJV006054SJU;200;123;0.01653453
815;SJV006054SJU;201;123;0.01814417
815;SJV006054SJU;202;123;0.00477905
815;SJV006054SJU;203;123;0.00039826
815;SJV006054SJU;194;124;0.00042907
815;SJV006054SJU;195;124;0.02076493
815;SJV006054SJU;196;124;0.00873538
815;SJV006054SJU;197;124;0.00970181
815;SJV006054SJU;198;124;0.01411026
815;SJV006054SJU;199;124;0.00338378
815;SJV006054SJU;200;124;0.00196696
815;SJV006054SJU;201;124;0.00228357
815;SJV006054SJU;202;124;0.00121590
815;SJV006054SJU;203;124;0.00207570
815;SJV006054SJU;204;124;0.00014408
815;SJV006054SJU;194;125;0.00654203
815;SJV006054SJU;195;125;0.01077853
815;SJV006054SJU;196;125;0.00484417
815;SJV006054SJU;197;125;0.00124206
815;SJV006054SJU;198;125;0.00588875
815;SJV006054SJU;199;125;0.00266602
815;SJV006054SJU;200;125;0.00228913
815;SJV006054SJU;201;125;0.00247140
815;SJV006054SJU;202;125;0.00145859
815;SJV006054SJU;203;125;0.00004662
815;SJV006054SJU;204;125;0.00159150
815;SJV006054SJU;205;125;0.00220418
815;SJV006054SJU;207;125;0.00029600
815;SJV006054SJU;208;125;0.00022491
815;SJV006054SJU;194;126;0.01756983
815;SJV006054SJU;196;126;0.00447116
815;SJV006054SJU;197;126;0.00052495
815;SJV006054SJU;198;126;0.00489366
815;SJV006054SJU;199;126;0.00087076
815;SJV006054SJU;200;126;0.00027444
815;SJV006054SJU;201;126;0.00087651
815;SJV006054SJU;202;126;0.00317786
815;SJV006054SJU;203;126;0.00067139
815;SJV006054SJU;204;126;0.00123953
815;SJV006054SJU;205;126;0.00031036
815;SJV006054SJU;206;126;0.00217912
815;SJV006054SJU;207;126;0.00031208
815;SJV006054SJU;193;127;0.00656176
815;SJV006054SJU;194;127;0.01209361
815;SJV006054SJU;195;127;0.00031036
815;SJV006054SJU;196;127;0.00477889
815;SJV006054SJU;197;127;0.00064103
815;SJV006054SJU;198;127;0.00467770
815;SJV006054SJU;199;127;0.00027853
815;SJV006054SJU;200;127;0.00022237
815;SJV006054SJU;201;127;0.00041982
815;SJV006054SJU;202;127;0.00077509
815;SJV006054SJU;204;127;0.00018615
815;SJV006054SJU;206;127;0.00049749
815;SJV006054SJU;207;127;0.00053765
815;SJV006054SJU;192;128;0.00248727
815;SJV006054SJU;193;128;0.00951171
815;SJV006054SJU;194;128;0.00610279
815;SJV006054SJU;195;128;0.00128765
815;SJV006054SJU;196;128;0.00547390
815;SJV006054SJU;197;128;0.00048393
815;SJV006054SJU;198;128;0.00468473
815;SJV006054SJU;199;128;0.00132909
815;SJV006054SJU;200;128;0.00077695
815;SJV006054SJU;201;128;0.00044775
815;SJV006054SJU;202;128;0.00007061
815;SJV006054SJU;204;128;0.00018514
815;SJV006054SJU;207;128;0.00002074
815;SJV006054SJU;208;128;0.00020878
815;SJV006054SJU;193;129;0.00093206
815;SJV006054SJU;194;129;0.00597552
815;SJV006054SJU;195;129;0.00503585
815;SJV006054SJU;196;129;0.00991425
815;SJV006054SJU;197;129;0.00354989
815;SJV006054SJU;198;129;0.00671497
815;SJV006054SJU;199;129;0.00081730
815;SJV006054SJU;200;129;0.00014487
815;SJV006054SJU;201;129;0.00007124
815;SJV006054SJU;202;129;0.00001204
815;SJV006054SJU;204;129;0.00020831
815;SJV006054SJU;194;130;0.00082513
815;SJV006054SJU;195;130;0.00142696
815;SJV006054SJU;196;130;0.00455348
815;SJV006054SJU;197;130;0.00185839
815;SJV006054SJU;198;130;0.00156640
815;SJV006054SJU;199;130;0.00000057
815;SJV006054SJU;200;130;0.00020876
815;SJV006054SJU;201;130;0.00040203
815;SJV006054SJU;202;130;0.00003919
815;SJV006054SJU;204;130;0.00023244
815;SJV006054SJU;198;131;0.00081832
815;SJV006054SJU;202;131;0.00035826
815;SJV006054SJU;203;131;0.00033118
815;SJV006054SJU;204;131;0.00029467
815;SJV006054SJU;198;132;0.00026506
815;SJV006054SJU;204;132;0.00033453
815;0SD0060370SD;251;21;0.00000009
815;0SD0060370SD;250;22;0.00017405
815;0SD0060370SD;251;22;0.00317170
815;0SD0060370SD;252;22;0.00576630
815;0SD0060370SD;253;22;0.00431007
815;0SD0060370SD;254;22;0.00339990
815;0SD0060370SD;255;22;0.00000382
815;0SD0060370SD;249;23;0.00003859
815;0SD0060370SD;250;23;0.00264717
815;0SD0060370SD;251;23;0.00340441
815;0SD0060370SD;252;23;0.00655219
815;0SD0060370SD;253;23;0.00093922
815;0SD0060370SD;254;23;0.00007981
815;0SD0060370SD;260;23;0.00005250
815;0SD0060370SD;261;23;0.00028030
815;0SD0060370SD;263;23;0.00016979
815;0SD0060370SD;264;23;0.00022780
815;0SD0060370SD;249;24;0.00017909
815;0SD0060370SD;250;24;0.00795749
815;0SD0060370SD;251;24;0.00752779
815;0SD0060370SD;252;24;0.00454421
815;0SD0060370SD;253;24;0.00295828
815;0SD0060370SD;254;24;0.00026964
815;0SD0060370SD;255;24;0.00004628
815;0SD0060370SD;256;24;0.00000382
815;0SD0060370SD;258;24;0.00008320
815;0SD0060370SD;259;24;0.00007453
815;0SD0060370SD;260;24;0.00002129
815;0SD0060370SD;261;24;0.00032832
815;0SD0060370SD;262;24;0.00037958
815;0SD0060370SD;263;24;0.00019696
815;0SD0060370SD;264;24;0.00024180
815;0SD0060370SD;265;24;0.00033722
815;0SD0060370SD;267;24;0.00000001
815;0SD0060370SD;271;24;0.00000292
815;0SD0060370SD;247;25;0.00000048
815;0SD0060370SD;248;25;0.00036858
815;0SD0060370SD;249;25;0.00219823
815;0SD0060370SD;250;25;0.01394839
815;0SD0060370SD;251;25;0.01090868
815;0SD0060370SD;252;25;0.00359250
815;0SD0060370SD;253;25;0.00216622
815;0SD0060370SD;254;25;0.00005538
815;0SD0060370SD;256;25;0.00008461
815;0SD0060370SD;257;25;0.00011301
815;0SD0060370SD;258;25;0.00003039
815;0SD0060370SD;259;25;0.00000403
815;0SD0060370SD;264;25;0.00002059
815;0SD0060370SD;265;25;0.00025396
815;0SD0060370SD;266;25;0.00053633
815;0SD0060370SD;267;25;0.00040319
815;0SD0060370SD;268;25;0.00009918
815;0SD0060370SD;270;25;0.00000394
815;0SD0060370SD;271;25;0.00143692
815;0SD0060370SD;272;25;0.00274529
815;0SD0060370SD;273;25;0.00211474
815;0SD0060370SD;246;26;0.00000039
815;0SD0060370SD;247;26;0.00051885
815;0SD0060370SD;248;26;0.00190772
815;0SD0060370SD;249;26;0.01739666
815;0SD0060370SD;250;26;0.02246676
815;0SD0060370SD;251;26;0.00184773
815;0SD0060370SD;252;26;0.00460244
815;0SD0060370SD;253;26;0.00011163
815;0SD0060370SD;254;26;0.00000020
815;0SD0060370SD;255;26;0.00004321
815;0SD0060370SD;256;26;0.00006185
815;0SD0060370SD;257;26;0.00000019
815;0SD0060370SD;258;26;0.00000468
815;0SD0060370SD;259;26;0.00000137
815;0SD0060370SD;264;26;0.00003434
815;0SD0060370SD;266;26;0.00000012
815;0SD0060370SD;267;26;0.00000027
815;0SD0060370SD;268;26;0.00092755
815;0SD0060370SD;269;26;0.00294427
815;0SD0060370SD;270;26;0.00262074
815;0SD0060370SD;271;26;0.00145527
815;0SD0060370SD;273;26;0.00105258
815;0SD0060370SD;247;27;0.00242467
815;0SD0060370SD;248;27;0.01693172
815;0SD0060370SD;249;27;0.00914305
815;0SD0060370SD;250;27;0.01636034
815;0SD0060370SD;251;27;0.00487279
815;0SD0060370SD;252;27;0.00819758
815;0SD0060370SD;253;27;0.00159212
815;0SD0060370SD;254;27;0.00062154
815;0SD0060370SD;255;27;0.00014225
815;0SD0060370SD;256;27;0.00002665
815;0SD0060370SD;257;27;0.00001524
815;0SD0060370SD;258;27;0.00000324
815;0SD0060370SD;259;27;0.00000102
815;0SD0060370SD;260;27;0.00000115
815;0SD0060370SD;264;27;0.00087205
815;0SD0060370SD;265;27;0.00246534
815;0SD0060370SD;266;27;0.00224188
815;0SD0060370SD;267;27;0.00238416
815;0SD0060370SD;268;27;0.00179272
815;0SD0060370SD;269;27;0.00000011
815;0SD0060370SD;270;27;0.00000001
815;0SD0060370SD;246;28;0.00004626
815;0SD0060370SD;247;28;0.00274488
815;0SD0060370SD;248;28;0.00789663
815;0SD0060370SD;249;28;0.02279509
815;0SD0060370SD;250;28;0.01696870
815;0SD0060370SD;251;28;0.00609468
815;0SD0060370SD;252;28;0.00957202
815;0SD0060370SD;253;28;0.00488234
815;0SD0060370SD;254;28;0.00040250
815;0SD0060370SD;255;28;0.00014027
815;0SD0060370SD;256;28;0.00007852
815;0SD0060370SD;257;28;0.00000068
815;0SD0060370SD;258;28;0.00000179
815;0SD0060370SD;259;28;0.00000229
815;0SD0060370SD;260;28;0.00000177
815;0SD0060370SD;264;28;0.00231333
815;0SD0060370SD;265;28;0.00000012
815;0SD0060370SD;269;28;0.00000001
815;0SD0060370SD;246;29;0.00027202
815;0SD0060370SD;247;29;0.01159971
815;0SD0060370SD;248;29;0.00488549
815;0SD0060370SD;249;29;0.01891672
815;0SD0060370SD;250;29;0.01000880
815;0SD0060370SD;251;29;0.00029122
815;0SD0060370SD;252;29;0.00229541
815;0SD0060370SD;253;29;0.00927777
815;0SD0060370SD;254;29;0.00572095
815;0SD0060370SD;255;29;0.00059041
815;0SD0060370SD;256;29;0.00005350
815;0SD0060370SD;257;29;0.00001714
815;0SD0060370SD;258;29;0.00000649
815;0SD0060370SD;259;29;0.00000090
815;0SD0060370SD;260;29;0.00000133
815;0SD0060370SD;261;29;0.00000185
815;0SD0060370SD;263;29;0.00027315
815;0SD0060370SD;264;29;0.00257706
815;0SD0060370SD;265;29;0.00000002
815;0SD0060370SD;246;30;0.00074123
815;0SD0060370SD;247;30;0.01077664
815;0SD0060370SD;248;30;0.02085099
815;0SD0060370SD;249;30;0.01042304
815;0SD0060370SD;250;30;0.02058326
815;0SD0060370SD;251;30;0.00710395
815;0SD0060370SD;252;30;0.00824090
815;0SD0060370SD;253;30;0.00621096
815;0SD0060370SD;254;30;0.00163428
815;0SD0060370SD;255;30;0.00400304
815;0SD0060370SD;256;30;0.00303980
815;0SD0060370SD;257;30;0.00328796
815;0SD0060370SD;258;30;0.00254843
815;0SD0060370SD;259;30;0.00242613
815;0SD0060370SD;260;30;0.00226544
815;0SD0060370SD;261;30;0.00253252
815;0SD0060370SD;262;30;0.00224942
815;0SD0060370SD;263;30;0.00200224
815;0SD0060370SD;264;30;0.00000230
815;0SD0060370SD;265;30;0.00000037
815;0SD0060370SD;272;30;0.00000001
815;0SD0060370SD;247;31;0.02053354
815;0SD0060370SD;248;31;0.01077933
815;0SD0060370SD;249;31;0.00358595
815;0SD0060370SD;250;31;0.01708901
815;0SD0060370SD;251;31;0.00000237
815;0SD0060370SD;253;31;0.00001438
815;0SD0060370SD;254;31;0.00118725
815;0SD0060370SD;255;31;0.00020171
815;0SD0060370SD;256;31;0.00000305
815;0SD0060370SD;260;31;0.00000023
815;0SD0060370SD;261;31;0.00000417
815;0SD0060370SD;262;31;0.00010936
815;0SD0060370SD;264;31;0.00000068
815;0SD0060370SD;265;31;0.00000152
815;0SD0060370SD;266;31;0.00000079
815;0SD0060370SD;271;31;0.00000001
815;0SD0060370SD;246;32;0.00032214
815;0SD0060370SD;247;32;0.02227420
815;0SD0060370SD;248;32;0.00034949
815;0SD0060370SD;249;32;0.00131365
815;0SD0060370SD;250;32;0.01682515
815;0SD0060370SD;251;32;0.00258627
815;0SD0060370SD;252;32;0.00034674
815;0SD0060370SD;253;32;0.00081771
815;0SD0060370SD;254;32;0.00015003
815;0SD0060370SD;255;32;0.00031865
815;0SD0060370SD;260;32;0.00000022
815;0SD0060370SD;261;32;0.00000001
815;0SD0060370SD;262;32;0.00009129
815;0SD0060370SD;264;32;0.00000003
815;0SD0060370SD;265;32;0.00000022
815;0SD0060370SD;270;32;0.00000001
815;0SD0060370SD;246;33;0.01379059
815;0SD0060370SD;247;33;0.00419791
815;0SD0060370SD;248;33;0.00305142
815;0SD0060370SD;249;33;0.00290532
815;0SD0060370SD;250;33;0.01800555
815;0SD0060370SD;251;33;0.00195607
815;0SD0060370SD;252;33;0.00082355
815;0SD0060370SD;253;33;0.00093588
815;0SD0060370SD;255;33;0.00004928
815;0SD0060370SD;256;33;0.00014371
815;0SD0060370SD;260;33;0.00000001
815;0SD0060370SD;262;33;0.00010223
815;0SD0060370SD;263;33;0.00000002
815;0SD0060370SD;264;33;0.00000019
815;0SD0060370SD;269;33;0.00000001
815;0SD0060370SD;245;34;0.00000086
815;0SD0060370SD;246;34;0.01878141
815;0SD0060370SD;247;34;0.00052196
815;0SD0060370SD;248;34;0.00052617
815;0SD0060370SD;249;34;0.00065847
815;0SD0060370SD;250;34;0.01609045
815;0SD0060370SD;251;34;0.00053283
815;0SD0060370SD;252;34;0.00013278
815;0SD0060370SD;253;34;0.00078867
815;0SD0060370SD;254;34;0.00030373
815;0SD0060370SD;255;34;0.00006634
815;0SD0060370SD;256;34;0.00027360
815;0SD0060370SD;257;34;0.00002716
815;0SD0060370SD;260;34;0.00000002
815;0SD0060370SD;261;34;0.00000016
815;0SD0060370SD;262;34;0.00012016
815;0SD0060370SD;263;34;0.00000020
815;0SD0060370SD;265;34;0.00000034
815;0SD0060370SD;245;35;0.00875908
815;0SD0060370SD;246;35;0.00901827
815;0SD0060370SD;247;35;0.00039983
815;0SD0060370SD;248;35;0.00038659
815;0SD0060370SD;249;35;0.00054865
815;0SD0060370SD;250;35;0.01340157
815;0SD0060370SD;251;35;0.00043951
815;0SD0060370SD;252;35;0.00000599
815;0SD0060370SD;253;35;0.00008317
815;0SD0060370SD;254;35;0.00025201
815;0SD0060370SD;255;35;0.00040363
815;0SD0060370SD;256;35;0.00006072
815;0SD0060370SD;257;35;0.00001058
815;0SD0060370SD;260;35;0.00000046
815;0SD0060370SD;261;35;0.00000181
815;0SD0060370SD;262;35;0.00008002
815;0SD0060370SD;265;35;0.00000122
815;0SD0060370SD;266;35;0.00000003
815;0SD0060370SD;245;36;0.01651666
815;0SD0060370SD;246;36;0.00216639
815;0SD0060370SD;247;36;0.00053366
815;0SD0060370SD;248;36;0.00024698
815;0SD0060370SD;249;36;0.00040410
815;0SD0060370SD;250;36;0.01373644
815;0SD0060370SD;251;36;0.00060358
815;0SD0060370SD;252;36;0.00019808
815;0SD0060370SD;253;36;0.00002589
815;0SD0060370SD;254;36;0.00019886
815;0SD0060370SD;255;36;0.00030586
815;0SD0060370SD;256;36;0.00016892
815;0SD0060370SD;257;36;0.00007343
815;0SD0060370SD;258;36;0.00009678
815;0SD0060370SD;260;36;0.00000027
815;0SD0060370SD;261;36;0.00003014
815;0SD0060370SD;262;36;0.00009600
815;0SD0060370SD;265;36;0.00000041
815;0SD0060370SD;266;36;0.00000043
815;0SD0060370SD;244;37;0.00398110
815;0SD0060370SD;245;37;0.01539260
815;0SD0060370SD;246;37;0.00381680
815;0SD0060370SD;247;37;0.00153440
815;0SD0060370SD;248;37;0.00037502
815;0SD0060370SD;249;37;0.00227280
815;0SD0060370SD;250;37;0.01519570
815;0SD0060370SD;251;37;0.00075476
815;0SD0060370SD;252;37;0.00027827
815;0SD0060370SD;253;37;0.00030598
815;0SD0060370SD;254;37;0.00019177
815;0SD0060370SD;255;37;0.00000141
815;0SD0060370SD;256;37;0.00000014
815;0SD0060370SD;257;37;0.00003455
815;0SD0060370SD;258;37;0.00000123
815;0SD0060370SD;259;37;0.00011212
815;0SD0060370SD;260;37;0.00011763
815;0SD0060370SD;261;37;0.00009693
815;0SD0060370SD;262;37;0.00003720
815;0SD0060370SD;263;37;0.00003399
815;0SD0060370SD;264;37;0.00003377
815;0SD0060370SD;265;37;0.00000337
815;0SD0060370SD;244;38;0.01391853
815;0SD0060370SD;245;38;0.00209198
815;0SD0060370SD;246;38;0.00236583
815;0SD0060370SD;247;38;0.00845147
815;0SD0060370SD;248;38;0.00912119
815;0SD0060370SD;249;38;0.00880129
815;0SD0060370SD;250;38;0.00585442
815;0SD0060370SD;251;38;0.00083462
815;0SD0060370SD;252;38;0.00000021
815;0SD0060370SD;256;38;0.00000005
815;0SD0060370SD;257;38;0.00000014
815;0SD0060370SD;259;38;0.00003866
815;0SD0060370SD;263;38;0.00000077
815;0SD0060370SD;264;38;0.00000033
815;0SD0060370SD;265;38;0.00004537
815;0SD0060370SD;266;38;0.00002214
815;0SD0060370SD;267;38;0.00001097
815;0SD0060370SD;268;38;0.00000672
815;0SD0060370SD;243;39;0.00942684
815;0SD0060370SD;244;39;0.01405675
815;0SD0060370SD;245;39;0.00704361
815;0SD0060370SD;246;39;0.00694707
815;0SD0060370SD;247;39;0.00418603
815;0SD0060370SD;248;39;0.00071340
815;0SD0060370SD;249;39;0.00535687
815;0SD0060370SD;250;39;0.00005101
815;0SD0060370SD;251;39;0.00041109
815;0SD0060370SD;252;39;0.00037257
815;0SD0060370SD;253;39;0.00005711
815;0SD0060370SD;257;39;0.00000002
815;0SD0060370SD;258;39;0.00000004
815;0SD0060370SD;259;39;0.00004452
815;0SD0060370SD;262;39;0.00000079
815;0SD0060370SD;263;39;0.00000003
815;0SD0060370SD;266;39;0.00000943
815;0SD0060370SD;267;39;0.00002016
815;0SD0060370SD;268;39;0.00001226
815;0SD0060370SD;269;39;0.00002281
815;0SD0060370SD;270;39;0.00002250
815;0SD0060370SD;271;39;0.00002252
815;0SD0060370SD;272;39;0.00001355
815;0SD0060370SD;242;40;0.00434415
815;0SD0060370SD;243;40;0.01058531
815;0SD0060370SD;244;40;0.00176723
815;0SD0060370SD;245;40;0.00137654
815;0SD0060370SD;246;40;0.00130991
815;0SD0060370SD;247;40;0.00031565
815;0SD0060370SD;248;40;0.00151058
815;0SD0060370SD;249;40;0.00372461
815;0SD0060370SD;250;40;0.00000382
815;0SD0060370SD;251;40;0.00038541
815;0SD0060370SD;252;40;0.00017512
815;0SD0060370SD;253;40;0.00015670
815;0SD0060370SD;257;40;0.00000080
815;0SD0060370SD;258;40;0.00005097
815;0SD0060370SD;259;40;0.00002906
815;0SD0060370SD;261;40;0.00000332
815;0SD0060370SD;262;40;0.00000767
815;0SD0060370SD;263;40;0.00000717
815;0SD0060370SD;264;40;0.00000347
815;0SD0060370SD;265;40;0.00000250
815;0SD0060370SD;267;40;0.00001387
815;0SD0060370SD;268;40;0.00000686
815;0SD0060370SD;269;40;0.00000264
815;0SD0060370SD;241;41;0.00186851
815;0SD0060370SD;242;41;0.01065081
815;0SD0060370SD;243;41;0.00180935
815;0SD0060370SD;244;41;0.00010317
815;0SD0060370SD;245;41;0.00166234
815;0SD0060370SD;246;41;0.00158809
815;0SD0060370SD;247;41;0.00083747
815;0SD0060370SD;248;41;0.00506730
815;0SD0060370SD;249;41;0.00016439
815;0SD0060370SD;250;41;0.00012977
815;0SD0060370SD;251;41;0.00020079
815;0SD0060370SD;252;41;0.00000468
815;0SD0060370SD;253;41;0.00019305
815;0SD0060370SD;256;41;0.00001471
815;0SD0060370SD;257;41;0.00005174
815;0SD0060370SD;259;41;0.00005345
815;0SD0060370SD;260;41;0.00001045
815;0SD0060370SD;261;41;0.00000825
815;0SD0060370SD;262;41;0.00000140
815;0SD0060370SD;264;41;0.00000632
815;0SD0060370SD;265;41;0.00001127
815;0SD0060370SD;266;41;0.00002170
815;0SD0060370SD;267;41;0.00002038
815;0SD0060370SD;241;42;0.01274479
815;0SD0060370SD;242;42;0.00000012
815;0SD0060370SD;243;42;0.00072545
815;0SD0060370SD;244;42;0.00116606
815;0SD0060370SD;245;42;0.00106537
815;0SD0060370SD;246;42;0.00017493
815;0SD0060370SD;247;42;0.00090691
815;0SD0060370SD;248;42;0.00408102
815;0SD0060370SD;249;42;0.00000556
815;0SD0060370SD;250;42;0.00002680
815;0SD0060370SD;251;42;0.00020269
815;0SD0060370SD;252;42;0.00003317
815;0SD0060370SD;253;42;0.00012961
815;0SD0060370SD;254;42;0.00006783
815;0SD0060370SD;255;42;0.00004739
815;0SD0060370SD;256;42;0.00002766
815;0SD0060370SD;257;42;0.00000693
815;0SD0060370SD;259;42;0.00000925
815;0SD0060370SD;260;42;0.00001912
815;0SD0060370SD;261;42;0.00000014
815;0SD0060370SD;265;42;0.00000149
815;0SD0060370SD;266;42;0.00002541
815;0SD0060370SD;267;42;0.00000530
815;0SD0060370SD;268;42;0.00000003
815;0SD0060370SD;239;43;0.00182333
815;0SD0060370SD;240;43;0.01260876
815;0SD0060370SD;241;43;0.00147987
815;0SD0060370SD;242;43;0.00001522
815;0SD0060370SD;243;43;0.00004763
815;0SD0060370SD;244;43;0.00041214
815;0SD0060370SD;245;43;0.00057455
815;0SD0060370SD;246;43;0.00055826
815;0SD0060370SD;247;43;0.00038347
815;0SD0060370SD;248;43;0.00459139
815;0SD0060370SD;249;43;0.00016834
815;0SD0060370SD;250;43;0.00000117
815;0SD0060370SD;251;43;0.00005572
815;0SD0060370SD;252;43;0.00012242
815;0SD0060370SD;253;43;0.00000542
815;0SD0060370SD;254;43;0.00000031
815;0SD0060370SD;255;43;0.00000128
815;0SD0060370SD;258;43;0.00000217
815;0SD0060370SD;259;43;0.00001171
815;0SD0060370SD;266;43;0.00000090
815;0SD0060370SD;267;43;0.00000031
815;0SD0060370SD;238;44;0.00659365
815;0SD0060370SD;239;44;0.01067812
815;0SD0060370SD;240;44;0.00033366
815;0SD0060370SD;241;44;0.00012215
815;0SD0060370SD;242;44;0.00002117
815;0SD0060370SD;245;44;0.00019344
815;0SD0060370SD;246;44;0.00094476
815;0SD0060370SD;247;44;0.00007831
815;0SD0060370SD;248;44;0.00413456
815;0SD0060370SD;249;44;0.00019333
815;0SD0060370SD;250;44;0.00016101
815;0SD0060370SD;251;44;0.00011906
815;0SD0060370SD;252;44;0.00000073
815;0SD0060370SD;254;44;0.00000014
815;0SD0060370SD;255;44;0.00000049
815;0SD0060370SD;257;44;0.00000329
815;0SD0060370SD;258;44;0.00001195
815;0SD0060370SD;266;44;0.00000006
815;0SD0060370SD;238;45;0.00012061
815;0SD0060370SD;239;45;0.00020698
815;0SD0060370SD;240;45;0.00004681
815;0SD0060370SD;244;45;0.00002921
815;0SD0060370SD;245;45;0.00007398
815;0SD0060370SD;246;45;0.00013851
815;0SD0060370SD;247;45;0.00059066
815;0SD0060370SD;248;45;0.00388591
815;0SD0060370SD;249;45;0.00000004
815;0SD0060370SD;250;45;0.00000511
815;0SD0060370SD;256;45;0.00000006
815;0SD0060370SD;257;45;0.00000145
815;0SD0060370SD;258;45;0.00000366
815;0SD0060370SD;259;45;0.00000075
815;0SD0060370SD;239;46;0.00002679
815;0SD0060370SD;240;46;0.00002323
815;0SD0060370SD;241;46;0.00002194
815;0SD0060370SD;242;46;0.00001072
815;0SD0060370SD;243;46;0.00002549
815;0SD0060370SD;244;46;0.00009069
815;0SD0060370SD;246;46;0.00000131
815;0SD0060370SD;248;46;0.00137907
815;0SD0060370SD;250;46;0.00000072
815;0SD0060370SD;242;47;0.00001439
815;0SD0060370SD;243;47;0.00000029
815;0SD0060370SD;244;47;0.00003416
815;0MC006032NSI;168;214;0.00026903
815;0MC006032NSI;168;215;0.00209607
815;0MC006032NSI;170;215;0.00761852
815;0MC006032NSI;171;215;0.00505755
815;0MC006032NSI;173;215;0.00021887
815;0MC006032NSI;174;215;0.00899011
815;0MC006032NSI;177;215;0.04827863
815;0MC006032NSI;178;215;0.00581568
815;0MC006032NSI;168;216;0.00051504
815;0MC006032NSI;169;216;0.01022813
815;0MC006032NSI;170;216;0.00684161
815;0MC006032NSI;174;216;0.01054359
815;0MC006032NSI;178;216;0.07442929
815;0MC006032NSI;169;217;0.02317144
815;0MC006032NSI;170;217;0.00746238
815;0MC006032NSI;171;217;0.00746238
815;0MC006032NSI;172;217;0.00372278
815;0MC006032NSI;173;217;0.00030379
815;0MC006032NSI;174;217;0.01014995
815;0MC006032NSI;177;217;0.00268059
815;0MC006032NSI;178;217;0.09369836
815;0MC006032NSI;179;217;0.07771446
815;0MC006032NSI;180;217;0.00858401
815;0MC006032NSI;168;218;0.02099590
815;0MC006032NSI;169;218;0.00087986
815;0MC006032NSI;173;218;0.00185394
815;0MC006032NSI;174;218;0.00716400
815;0MC006032NSI;175;218;0.00467325
815;0MC006032NSI;176;218;0.00467325
815;0MC006032NSI;177;218;0.00199266
815;0MC006032NSI;153;219;0.00777593
815;0MC006032NSI;166;219;0.00925580
815;0MC006032NSI;167;219;0.01881230
815;0MC006032NSI;168;219;0.00874626
815;0MC006032NSI;153;220;0.00178596
815;0MC006032NSI;154;220;0.01523593
815;0MC006032NSI;165;220;0.01343198
815;0MC006032NSI;166;220;0.01350541
815;0MC006032NSI;154;221;0.01082112
815;0MC006032NSI;155;221;0.00620077
815;0MC006032NSI;162;221;0.01840608
815;0MC006032NSI;163;221;0.01780497
815;0MC006032NSI;164;221;0.01833999
815;0MC006032NSI;165;221;0.01018989
815;0MC006032NSI;155;222;0.01702190
815;0MC006032NSI;162;222;0.02340157
815;0MC006032NSI;155;223;0.00283439
815;0MC006032NSI;156;223;0.00299634
815;0MC006032NSI;157;223;0.00277570
815;0MC006032NSI;158;223;0.00277570
815;0MC006032NSI;159;223;0.00277570
815;0MC006032NSI;160;223;0.00266620
815;0MC006032NSI;162;223;0.02521390
815;0MC006032NSI;160;224;0.00010951
815;0MC006032NSI;161;224;0.00277570
815;0MC006032NSI;162;224;0.02295252
815;0MC006032NSI;162;225;0.02203227
815;0MC006032NSI;162;226;0.02203227
815;0MC006032NSI;159;227;0.00298479
815;0MC006032NSI;160;227;0.02180539
815;0MC006032NSI;161;227;0.02019283
815;0MC006032NSI;162;227;0.01501475
815;0MC006032NSI;158;228;0.00587647
815;0MC006032NSI;159;228;0.00965120
815;0MC006032NSI;160;228;0.00969732
815;0MC006032NSI;157;229;0.00892291
815;0MC006032NSI;158;229;0.00660476
815;0MC006032NSI;160;229;0.00969732
815;0MC006032NSI;154;230;0.00872255
815;0MC006032NSI;155;230;0.01560725
815;0MC006032NSI;156;230;0.01479882
815;0MC006032NSI;157;230;0.00355833
815;0MC006032NSI;160;230;0.00969732
815;0MC006032NSI;156;231;0.00148023
815;0MC006032NSI;157;231;0.01378920
815;0MC006032NSI;158;231;0.01670860
815;0MC006032NSI;159;231;0.01454247
815;0MC006032NSI;160;231;0.00988626
815;NCC006035MBU;161;122;0.00014635
815;NCC006035MBU;162;122;0.00002360
815;NCC006035MBU;163;122;0.00001584
815;NCC006035MBU;160;123;0.00039688
815;NCC006035MBU;162;123;0.00212838
815;NCC006035MBU;160;124;0.00053497
815;NCC006035MBU;161;124;0.00211746
815;NCC006035MBU;162;124;0.00063991
815;NCC006035MBU;163;124;0.00000755
815;NCC006035MBU;164;124;0.00001773
815;NCC006035MBU;165;124;0.00001443
815;NCC006035MBU;166;124;0.00001676
815;NCC006035MBU;160;125;0.00081301
815;NCC006035MBU;161;125;0.00209719
815;NCC006035MBU;162;125;0.00001776
815;NCC006035MBU;163;125;0.00000698
815;NCC006035MBU;166;125;0.00000414
815;NCC006035MBU;167;125;0.00003379
815;NCC006035MBU;168;125;0.00001271
815;NCC006035MBU;160;126;0.00282999
815;NCC006035MBU;161;126;0.00061500
815;NCC006035MBU;167;126;0.00000167
815;NCC006035MBU;168;126;0.00002635
815;NCC006035MBU;156;127;0.00014053
815;NCC006035MBU;157;127;0.00002165
815;NCC006035MBU;159;127;0.00257575
815;NCC006035MBU;160;127;0.00025949
815;NCC006035MBU;165;127;0.00009342
815;NCC006035MBU;166;127;0.00012472
815;NCC006035MBU;167;127;0.00001698
815;NCC006035MBU;168;127;0.00000739
815;NCC006035MBU;156;128;0.00017413
815;NCC006035MBU;157;128;0.00013460
815;NCC006035MBU;158;128;0.00264646
815;NCC006035MBU;159;128;0.00209630
815;NCC006035MBU;160;128;0.00003682
815;NCC006035MBU;164;128;0.00008310
815;NCC006035MBU;165;128;0.00016596
815;NCC006035MBU;157;129;0.00294425
815;NCC006035MBU;158;129;0.00041303
815;NCC006035MBU;164;129;0.00005946
815;NCC006035MBU;156;130;0.00139688
815;NCC006035MBU;157;130;0.00221087
815;NCC006035MBU;164;130;0.00004209
815;NCC006035MBU;165;130;0.00002927
815;NCC006035MBU;156;131;0.00374010
815;NCC006035MBU;160;131;0.00007573
815;NCC006035MBU;161;131;0.00025490
815;NCC006035MBU;162;131;0.00024378
815;NCC006035MBU;163;131;0.00027305
815;NCC006035MBU;164;131;0.00005308
815;NCC006035MBU;155;132;0.00209005
815;NCC006035MBU;156;132;0.00129412
815;NCC006035MBU;157;132;0.00020406
815;NCC006035MBU;158;132;0.00028031
815;NCC006035MBU;159;132;0.00030145
815;NCC006035MBU;160;132;0.00026293
815;NCC006035MBU;163;132;0.00010378
815;NCC006035MBU;154;133;0.00009502
815;NCC006035MBU;155;133;0.00366642
815;NCC006035MBU;156;133;0.00030017
815;NCC006035MBU;157;133;0.00010158
815;NCC006035MBU;153;134;0.00037452
815;NCC006035MBU;154;134;0.00028312
815;NCC006035MBU;155;134;0.00354996
815;NCC006035MBU;156;134;0.00029810
815;NCC006035MBU;157;134;0.00000411
815;NCC006035MBU;150;135;0.00013541
815;NCC006035MBU;152;135;0.00117230
815;NCC006035MBU;153;135;0.00012669
815;NCC006035MBU;154;135;0.00495091
815;NCC006035MBU;155;135;0.00044328
815;NCC006035MBU;156;135;0.00030961
815;NCC006035MBU;157;135;0.00020376
815;NCC006035MBU;150;136;0.00037433
815;NCC006035MBU;151;136;0.00009867
815;NCC006035MBU;152;136;0.00451532
815;NCC006035MBU;153;136;0.00985569
815;NCC006035MBU;154;136;0.00574261
815;NCC006035MBU;155;136;0.00039323
815;NCC006035MBU;148;137;0.00168561
815;NCC006035MBU;149;137;0.05161114
815;NCC006035MBU;150;137;0.05367985
815;NCC006035MBU;151;137;0.02820112
815;NCC006035MBU;152;137;0.06924562
815;NCC006035MBU;153;137;0.01434247
815;NCC006035MBU;154;137;0.00027085
815;NCC006035MBU;155;137;0.00001151
815;NCC006035MBU;147;138;0.07597870
815;NCC006035MBU;148;138;0.17741971
815;NCC006035MBU;149;138;0.01898796
815;NCC006035MBU;150;138;0.00026524
815;NCC006035MBU;151;138;0.04956853
815;NCC006035MBU;152;138;0.08712607
815;NCC006035MBU;153;138;0.00388220
815;NCC006035MBU;154;138;0.00002714
815;NCC006035MBU;147;139;0.00342463
815;NCC006035MBU;148;139;0.03473862
815;NCC006035MBU;149;139;0.07561627
815;NCC006035MBU;151;139;0.04802121
815;NCC006035MBU;152;139;0.04004066
815;NCC006035MBU;153;139;0.00396527
815;NCC006035MBU;154;139;0.00003310
815;NCC006035MBU;155;139;0.00002184
815;NCC006035MBU;150;140;0.03638926
815;NCC006035MBU;151;140;0.01308855
815;NCC006035MBU;152;140;0.03536075
815;NCC006035MBU;153;140;0.00074866
815;NCC006035MBU;154;140;0.00027622
815;NCC006035MBU;151;141;0.00043878
815;NCC006035MBU;152;141;0.00116870
815;0SV006045SHA;120;233;0.00001307
815;0SV006045SHA;121;233;0.00009214
815;0SV006045SHA;122;233;0.00011709
815;0SV006045SHA;123;233;0.00009374
815;0SV006045SHA;134;233;0.00011043
815;0SV006045SHA;135;233;0.01273591
815;0SV006045SHA;120;234;0.00003816
815;0SV006045SHA;123;234;0.00000910
815;0SV006045SHA;124;234;0.00002344
815;0SV006045SHA;125;234;0.00001542
815;0SV006045SHA;130;234;0.00018082
815;0SV006045SHA;131;234;0.00014829
815;0SV006045SHA;132;234;0.00089262
815;0SV006045SHA;133;234;0.00113602
815;0SV006045SHA;134;234;0.00252102
815;0SV006045SHA;135;234;0.02983641
815;0SV006045SHA;136;234;0.00118880
815;0SV006045SHA;137;234;0.00014153
815;0SV006045SHA;141;234;0.00000673
815;0SV006045SHA;125;235;0.00005126
815;0SV006045SHA;126;235;0.00011638
815;0SV006045SHA;127;235;0.00024558
815;0SV006045SHA;128;235;0.00015102
815;0SV006045SHA;130;235;0.00049824
815;0SV006045SHA;131;235;0.00003036
815;0SV006045SHA;132;235;0.00263036
815;0SV006045SHA;133;235;0.00122767
815;0SV006045SHA;134;235;0.00379962
815;0SV006045SHA;135;235;0.04364796
815;0SV006045SHA;136;235;0.00186856
815;0SV006045SHA;137;235;0.00007230
815;0SV006045SHA;138;235;0.00016737
815;0SV006045SHA;139;235;0.00013401
815;0SV006045SHA;140;235;0.00009161
815;0SV006045SHA;141;235;0.00009683
815;0SV006045SHA;142;235;0.00006528
815;0SV006045SHA;143;235;0.00044429
815;0SV006045SHA;144;235;0.00023305
815;0SV006045SHA;145;235;0.00023120
815;0SV006045SHA;146;235;0.00000233
815;0SV006045SHA;150;235;0.00007769
815;0SV006045SHA;151;235;0.00019782
815;0SV006045SHA;152;235;0.00022461
815;0SV006045SHA;128;236;0.00101219
815;0SV006045SHA;129;236;0.00169686
815;0SV006045SHA;130;236;0.00209253
815;0SV006045SHA;131;236;0.00121540
815;0SV006045SHA;132;236;0.00182223
815;0SV006045SHA;133;236;0.01147158
815;0SV006045SHA;134;236;0.04310030
815;0SV006045SHA;135;236;0.01487453
815;0SV006045SHA;136;236;0.00323173
815;0SV006045SHA;137;236;0.00148007
815;0SV006045SHA;138;236;0.00105953
815;0SV006045SHA;139;236;0.00105982
815;0SV006045SHA;140;236;0.00057330
815;0SV006045SHA;141;236;0.00230334
815;0SV006045SHA;142;236;0.00114430
815;0SV006045SHA;143;236;0.00316394
815;0SV006045SHA;144;236;0.00145585
815;0SV006045SHA;146;236;0.00019628
815;0SV006045SHA;151;236;0.00008704
815;0SV006045SHA;152;236;0.00016591
815;0SV006045SHA;153;236;0.00004717
815;0SV006045SHA;130;237;0.00198966
815;0SV006045SHA;131;237;0.00202545
815;0SV006045SHA;132;237;0.00139080
815;0SV006045SHA;133;237;0.02876442
815;0SV006045SHA;134;237;0.04469161
815;0SV006045SHA;135;237;0.00693564
815;0SV006045SHA;136;237;0.00153431
815;0SV006045SHA;137;237;0.00075284
815;0SV006045SHA;138;237;0.00379393
815;0SV006045SHA;139;237;0.00332823
815;0SV006045SHA;140;237;0.00323491
815;0SV006045SHA;141;237;0.00106824
815;0SV006045SHA;142;237;0.00215642
815;0SV006045SHA;144;237;0.00053691
815;0SV006045SHA;145;237;0.00148610
815;0SV006045SHA;146;237;0.00141028
815;0SV006045SHA;147;237;0.00050283
815;0SV006045SHA;148;237;0.00032550
815;0SV006045SHA;149;237;0.00040732
815;0SV006045SHA;150;237;0.00011947
815;0SV006045SHA;151;237;0.00011348
815;0SV006045SHA;152;237;0.00007895
815;0SV006045SHA;131;238;0.00162803
815;0SV006045SHA;132;238;0.00671530
815;0SV006045SHA;133;238;0.06318056
815;0SV006045SHA;134;238;0.06286908
815;0SV006045SHA;135;238;0.02018506
815;0SV006045SHA;136;238;0.01189725
815;0SV006045SHA;137;238;0.00633102
815;0SV006045SHA;138;238;0.00073707
815;0SV006045SHA;139;238;0.00015386
815;0SV006045SHA;142;238;0.00000173
815;0SV006045SHA;143;238;0.00005079
815;0SV006045SHA;149;238;0.00017984
815;0SV006045SHA;150;238;0.00033750
815;0SV006045SHA;151;238;0.00012736
815;0SV006045SHA;130;239;0.00015995
815;0SV006045SHA;131;239;0.00376763
815;0SV006045SHA;132;239;0.01428656
815;0SV006045SHA;133;239;0.12822333
815;0SV006045SHA;134;239;0.04395596
815;0SV006045SHA;135;239;0.00465023
815;0SV006045SHA;136;239;0.00225816
815;0SV006045SHA;137;239;0.00067386
815;0SV006045SHA;138;239;0.00038041
815;0SV006045SHA;139;239;0.00066974
815;0SV006045SHA;140;239;0.00044396
815;0SV006045SHA;142;239;0.00004506
815;0SV006045SHA;143;239;0.00012941
815;0SV006045SHA;144;239;0.00015242
815;0SV006045SHA;150;239;0.00029735
815;0SV006045SHA;151;239;0.00033796
815;0SV006045SHA;126;240;0.00007900
815;0SV006045SHA;129;240;0.00070696
815;0SV006045SHA;130;240;0.00119408
815;0SV006045SHA;131;240;0.00121605
815;0SV006045SHA;132;240;0.00312958
815;0SV006045SHA;133;240;0.05629671
815;0SV006045SHA;134;240;0.02249821
815;0SV006045SHA;135;240;0.01047032
815;0SV006045SHA;136;240;0.00905880
815;0SV006045SHA;138;240;0.00043423
815;0SV006045SHA;139;240;0.00081586
815;0SV006045SHA;140;240;0.00028587
815;0SV006045SHA;141;240;0.00067430
815;0SV006045SHA;142;240;0.00073349
815;0SV006045SHA;143;240;0.00059849
815;0SV006045SHA;144;240;0.00008270
815;0SV006045SHA;145;240;0.00001509
815;0SV006045SHA;151;240;0.00008623
815;0SV006045SHA;152;240;0.00040487
815;0SV006045SHA;154;240;0.00008035
815;0SV006045SHA;155;240;0.00006681
815;0SV006045SHA;126;241;0.00075614
815;0SV006045SHA;127;241;0.00109829
815;0SV006045SHA;128;241;0.00149309
815;0SV006045SHA;129;241;0.00069234
815;0SV006045SHA;131;241;0.00000371
815;0SV006045SHA;132;241;0.00000580
815;0SV006045SHA;133;241;0.01034355
815;0SV006045SHA;134;241;0.01977135
815;0SV006045SHA;135;241;0.00093357
815;0SV006045SHA;136;241;0.00260161
815;0SV006045SHA;137;241;0.00596157
815;0SV006045SHA;138;241;0.00325835
815;0SV006045SHA;139;241;0.00011451
815;0SV006045SHA;140;241;0.00028753
815;0SV006045SHA;142;241;0.00010597
815;0SV006045SHA;143;241;0.00021209
815;0SV006045SHA;145;241;0.00002862
815;0SV006045SHA;146;241;0.00005426
815;0SV006045SHA;152;241;0.00037922
815;0SV006045SHA;153;241;0.00075282
815;0SV006045SHA;154;241;0.00037442
815;0SV006045SHA;128;242;0.00045611
815;0SV006045SHA;132;242;0.00000419
815;0SV006045SHA;133;242;0.00089827
815;0SV006045SHA;134;242;0.00724301
815;0SV006045SHA;135;242;0.00037131
815;0SV006045SHA;136;242;0.00047736
815;0SV006045SHA;138;242;0.00186450
815;0SV006045SHA;139;242;0.00590177
815;0SV006045SHA;140;242;0.00014673
815;0SV006045SHA;141;242;0.00003209
815;0SV006045SHA;142;242;0.00002362
815;0SV006045SHA;143;242;0.00000696
815;0SV006045SHA;146;242;0.00001315
815;0SV006045SHA;147;242;0.00003933
815;0SV006045SHA;152;242;0.00015768
815;0SV006045SHA;153;242;0.00073593
815;0SV006045SHA;154;242;0.00000653
815;0SV006045SHA;128;243;0.00018332
815;0SV006045SHA;134;243;0.00543127
815;0SV006045SHA;136;243;0.00008384
815;0SV006045SHA;139;243;0.00266003
815;0SV006045SHA;140;243;0.00540104
815;0SV006045SHA;141;243;0.00150083
815;0SV006045SHA;147;243;0.00005581
815;0SV006045SHA;151;243;0.00046575
815;0SV006045SHA;152;243;0.00049826
815;0SV006045SHA;154;243;0.00000836
815;0SV006045SHA;128;244;0.00001552
815;0SV006045SHA;134;244;0.00425403
815;0SV006045SHA;135;244;0.00135418
815;0SV006045SHA;141;244;0.00551718
815;0SV006045SHA;142;244;0.00357027
815;0SV006045SHA;147;244;0.00004438
815;0SV006045SHA;151;244;0.00060161
815;0SV006045SHA;153;244;0.00000051
815;0SV006045SHA;154;244;0.00003084
815;0SV006045SHA;127;245;0.00000134
815;0SV006045SHA;128;245;0.00001357
815;0SV006045SHA;134;245;0.00478598
815;0SV006045SHA;141;245;0.00018518
815;0SV006045SHA;142;245;0.00424013
815;0SV006045SHA;143;245;0.00004746
815;0SV006045SHA;147;245;0.00004224
815;0SV006045SHA;151;245;0.00071119
815;0SV006045SHA;152;245;0.00005096
815;0SV006045SHA;153;245;0.00004485
815;0SV006045SHA;127;246;0.00000145
815;0SV006045SHA;128;246;0.00000874
815;0SV006045SHA;133;246;0.00009045
815;0SV006045SHA;134;246;0.00617964
815;0SV006045SHA;135;246;0.00006228
815;0SV006045SHA;138;246;0.00000926
815;0SV006045SHA;139;246;0.00000458
815;0SV006045SHA;140;246;0.00013024
815;0SV006045SHA;141;246;0.00003630
815;0SV006045SHA;143;246;0.00705947
815;0SV006045SHA;144;246;0.00362162
815;0SV006045SHA;145;246;0.00370541
815;0SV006045SHA;146;246;0.00535181
815;0SV006045SHA;147;246;0.00362907
815;0SV006045SHA;148;246;0.00072595
815;0SV006045SHA;149;246;0.00031448
815;0SV006045SHA;150;246;0.00077725
815;0SV006045SHA;151;246;0.00016262
815;0SV006045SHA;153;246;0.00004816
815;0SV006045SHA;128;247;0.00000570
815;0SV006045SHA;129;247;0.00000340
815;0SV006045SHA;133;247;0.00504847
815;0SV006045SHA;135;247;0.00003224
815;0SV006045SHA;136;247;0.00004859
815;0SV006045SHA;137;247;0.00000215
815;0SV006045SHA;138;247;0.00003572
815;0SV006045SHA;139;247;0.00005510
815;0SV006045SHA;140;247;0.00012075
815;0SV006045SHA;143;247;0.00027079
815;0SV006045SHA;148;247;0.00427616
815;0SV006045SHA;149;247;0.00066772
815;0SV006045SHA;150;247;0.00036778
815;0SV006045SHA;152;247;0.00003995
815;0SV006045SHA;153;247;0.00000614
815;0SV006045SHA;129;248;0.00006842
815;0SV006045SHA;130;248;0.00023900
815;0SV006045SHA;131;248;0.00015227
815;0SV006045SHA;132;248;0.00156546
815;0SV006045SHA;133;248;0.00492257
815;0SV006045SHA;136;248;0.00005931
815;0SV006045SHA;137;248;0.00002811
815;0SV006045SHA;139;248;0.00008646
815;0SV006045SHA;142;248;0.00016017
815;0SV006045SHA;143;248;0.00014576
815;0SV006045SHA;149;248;0.00269780
815;0SV006045SHA;150;248;0.00023990
815;0SV006045SHA;152;248;0.00004679
815;0SV006045SHA;129;249;0.00004805
815;0SV006045SHA;130;249;0.00005691
815;0SV006045SHA;131;249;0.00000610
815;0SV006045SHA;132;249;0.00442598
815;0SV006045SHA;133;249;0.00000425
815;0SV006045SHA;142;249;0.00019384
815;0SV006045SHA;149;249;0.00091973
815;0SV006045SHA;150;249;0.00174543
815;0SV006045SHA;151;249;0.00073794
815;0SV006045SHA;152;249;0.00002205
815;0SV006045SHA;153;249;0.00015836
815;0SV006045SHA;132;250;0.00194612
815;0SV006045SHA;133;250;0.00250459
815;0SV006045SHA;142;250;0.00000343
815;0SV006045SHA;143;250;0.00019445
815;0SV006045SHA;145;250;0.00002578
815;0SV006045SHA;146;250;0.00003839
815;0SV006045SHA;147;250;0.00003729
815;0SV006045SHA;148;250;0.00048099
815;0SV006045SHA;149;250;0.00034047
815;0SV006045SHA;151;250;0.00111517
815;0SV006045SHA;152;250;0.00198711
815;0SV006045SHA;153;250;0.00079895
815;0SV006045SHA;133;251;0.00507558
815;0SV006045SHA;142;251;0.00011074
815;0SV006045SHA;143;251;0.00007434
815;0SV006045SHA;144;251;0.00003102
815;0SV006045SHA;145;251;0.00001940
815;0SV006045SHA;148;251;0.00022305
815;0SV006045SHA;149;251;0.00017258
815;0SV006045SHA;151;251;0.00055001
815;0SV006045SHA;152;251;0.00069361
815;0SV006045SHA;153;251;0.00166591
815;0SV006045SHA;154;251;0.00106484
815;0SV006045SHA;155;251;0.00003771
815;0SV006045SHA;133;252;0.00066544
815;0SV006045SHA;134;252;0.00422366
815;0SV006045SHA;141;252;0.00002285
815;0SV006045SHA;142;252;0.00009158
815;0SV006045SHA;148;252;0.00036007
815;0SV006045SHA;150;252;0.00014993
815;0SV006045SHA;151;252;0.00046325
815;0SV006045SHA;154;252;0.00015730
815;0SV006045SHA;155;252;0.00008947
815;0SV006045SHA;134;253;0.00411011
815;0SV006045SHA;135;253;0.00062711
815;0SV006045SHA;140;253;0.00012357
815;0SV006045SHA;141;253;0.00008371
815;0SV006045SHA;142;253;0.00001561
815;0SV006045SHA;148;253;0.00033372
815;0SV006045SHA;149;253;0.00016581
815;0SV006045SHA;150;253;0.00013750
815;0SV006045SHA;135;254;0.00543734
815;0SV006045SHA;139;254;0.00008427
815;0SV006045SHA;140;254;0.00003262
815;0SV006045SHA;147;254;0.00015616
815;0SV006045SHA;148;254;0.00057633
815;0SV006045SHA;149;254;0.00003031
815;0SV006045SHA;135;255;0.00207642
815;0SV006045SHA;138;255;0.00004502
815;0SV006045SHA;139;255;0.00005541
815;0SV006045SHA;147;255;0.00019478
815;SJV006050SJU;153;147;0.00000085
815;SJV006050SJU;156;147;0.00000703
815;SJV006050SJU;157;147;0.00000335
815;SJV006050SJU;152;148;0.00000070
815;SJV006050SJU;153;148;0.00000310
815;SJV006050SJU;154;148;0.00000379
815;SJV006050SJU;155;148;0.00000531
815;SJV006050SJU;156;148;0.00000052
815;SJV006050SJU;157;148;0.00000438
815;SJV006050SJU;158;148;0.00001276
815;SJV006050SJU;159;148;0.00313594
815;SJV006050SJU;155;149;0.00000024
815;SJV006050SJU;156;149;0.00000114
815;SJV006050SJU;158;149;0.00000018
815;SJV006050SJU;159;149;0.01118875
815;SJV006050SJU;160;149;0.00002376
815;SJV006050SJU;156;150;0.00000008
815;SJV006050SJU;157;150;0.00000122
815;SJV006050SJU;158;150;0.00928441
815;SJV006050SJU;159;150;0.00225035
815;SJV006050SJU;160;150;0.00381413
815;SJV006050SJU;161;150;0.00064171
815;SJV006050SJU;158;151;0.01147792
815;SJV006050SJU;159;151;0.00003678
815;SJV006050SJU;160;151;0.00526146
815;SJV006050SJU;161;151;0.00184260
815;SJV006050SJU;153;152;0.00000163
815;SJV006050SJU;154;152;0.00002060
815;SJV006050SJU;155;152;0.00025314
815;SJV006050SJU;157;152;0.00000008
815;SJV006050SJU;158;152;0.01379600
815;SJV006050SJU;159;152;0.00397954
815;SJV006050SJU;160;152;0.00146309
815;SJV006050SJU;161;152;0.00162963
815;SJV006050SJU;155;153;0.00041247
815;SJV006050SJU;156;153;0.00104320
815;SJV006050SJU;157;153;0.00959855
815;SJV006050SJU;158;153;0.00566425
815;SJV006050SJU;159;153;0.00385994
815;SJV006050SJU;160;153;0.00345618
815;SJV006050SJU;161;153;0.00125543
815;SJV006050SJU;162;153;0.00125310
815;SJV006050SJU;163;153;0.00003379
815;SJV006050SJU;153;154;0.00019229
815;SJV006050SJU;154;154;0.00079014
815;SJV006050SJU;155;154;0.00111100
815;SJV006050SJU;156;154;0.00060962
815;SJV006050SJU;157;154;0.01912279
815;SJV006050SJU;158;154;0.00791322
815;SJV006050SJU;159;154;0.00022669
815;SJV006050SJU;160;154;0.00033056
815;SJV006050SJU;161;154;0.00129846
815;SJV006050SJU;162;154;0.00110033
815;SJV006050SJU;163;154;0.00097867
815;SJV006050SJU;164;154;0.02148278
815;SJV006050SJU;165;154;0.00278286
815;SJV006050SJU;153;155;0.00000992
815;SJV006050SJU;154;155;0.00000451
815;SJV006050SJU;156;155;0.01746730
815;SJV006050SJU;157;155;0.00386997
815;SJV006050SJU;158;155;0.00406750
815;SJV006050SJU;159;155;0.00580277
815;SJV006050SJU;160;155;0.00385274
815;SJV006050SJU;161;155;0.00365865
815;SJV006050SJU;162;155;0.00314356
815;SJV006050SJU;163;155;0.01795153
815;SJV006050SJU;164;155;0.03054010
815;SJV006050SJU;165;155;0.00196598
815;SJV006050SJU;166;155;0.00230682
815;SJV006050SJU;154;156;0.00002229
815;SJV006050SJU;155;156;0.01658843
815;SJV006050SJU;156;156;0.00524893
815;SJV006050SJU;157;156;0.00466552
815;SJV006050SJU;158;156;0.00012590
815;SJV006050SJU;159;156;0.00038348
815;SJV006050SJU;160;156;0.00259102
815;SJV006050SJU;161;156;0.00171916
815;SJV006050SJU;162;156;0.00168793
815;SJV006050SJU;163;156;0.04467832
815;SJV006050SJU;164;156;0.00860520
815;SJV006050SJU;165;156;0.00483192
815;SJV006050SJU;166;156;0.00084459
815;SJV006050SJU;167;156;0.00227395
815;SJV006050SJU;168;156;0.00050012
815;SJV006050SJU;169;156;0.00012281
815;SJV006050SJU;154;157;0.01643576
815;SJV006050SJU;155;157;0.00487123
815;SJV006050SJU;156;157;0.00378997
815;SJV006050SJU;157;157;0.00170624
815;SJV006050SJU;158;157;0.00171833
815;SJV006050SJU;159;157;0.00145346
815;SJV006050SJU;160;157;0.00278075
815;SJV006050SJU;161;157;0.00365831
815;SJV006050SJU;162;157;0.04131888
815;SJV006050SJU;163;157;0.00823964
815;SJV006050SJU;164;157;0.00499390
815;SJV006050SJU;165;157;0.00041958
815;SJV006050SJU;166;157;0.00119560
815;SJV006050SJU;167;157;0.00163202
815;SJV006050SJU;168;157;0.00004199
815;SJV006050SJU;171;157;0.00000891
815;SJV006050SJU;154;158;0.00247071
815;SJV006050SJU;155;158;0.00247578
815;SJV006050SJU;156;158;0.00125776
815;SJV006050SJU;157;158;0.00003892
815;SJV006050SJU;158;158;0.00133191
815;SJV006050SJU;159;158;0.00098048
815;SJV006050SJU;160;158;0.00559587
815;SJV006050SJU;161;158;0.04230231
815;SJV006050SJU;162;158;0.03028868
815;SJV006050SJU;163;158;0.00485312
815;SJV006050SJU;164;158;0.00377532
815;SJV006050SJU;165;158;0.00025521
815;SJV006050SJU;166;158;0.00307244
815;SJV006050SJU;167;158;0.00007451
815;SJV006050SJU;168;158;0.00009403
815;SJV006050SJU;169;158;0.00008145
815;SJV006050SJU;170;158;0.00003928
815;SJV006050SJU;171;158;0.00005733
815;SJV006050SJU;172;158;0.00028336
815;SJV006050SJU;173;158;0.00002708
815;SJV006050SJU;155;159;0.00366994
815;SJV006050SJU;156;159;0.00496541
815;SJV006050SJU;157;159;0.00488788
815;SJV006050SJU;158;159;0.00417404
815;SJV006050SJU;159;159;0.00464613
815;SJV006050SJU;160;159;0.03025497
815;SJV006050SJU;161;159;0.04861889
815;SJV006050SJU;162;159;0.02324142
815;SJV006050SJU;163;159;0.00532639
815;SJV006050SJU;164;159;0.00454948
815;SJV006050SJU;165;159;0.00385558
815;SJV006050SJU;166;159;0.00499888
815;SJV006050SJU;167;159;0.00071632
815;SJV006050SJU;168;159;0.00063093
815;SJV006050SJU;169;159;0.00066013
815;SJV006050SJU;170;159;0.00055991
815;SJV006050SJU;171;159;0.00057341
815;SJV006050SJU;172;159;0.00119360
815;SJV006050SJU;173;159;0.00046123
815;SJV006050SJU;174;159;0.00014078
815;SJV006050SJU;157;160;0.00015609
815;SJV006050SJU;158;160;0.00085240
815;SJV006050SJU;159;160;0.01447443
815;SJV006050SJU;160;160;0.05362732
815;SJV006050SJU;161;160;0.03396382
815;SJV006050SJU;162;160;0.02544140
815;SJV006050SJU;163;160;0.00221809
815;SJV006050SJU;164;160;0.00135049
815;SJV006050SJU;165;160;0.00361148
815;SJV006050SJU;166;160;0.00008421
815;SJV006050SJU;167;160;0.00003388
815;SJV006050SJU;169;160;0.00002950
815;SJV006050SJU;172;160;0.00099620
815;SJV006050SJU;158;161;0.00343674
815;SJV006050SJU;159;161;0.04636620
815;SJV006050SJU;160;161;0.01443683
815;SJV006050SJU;161;161;0.02200098
815;SJV006050SJU;162;161;0.01836878
815;SJV006050SJU;163;161;0.00575577
815;SJV006050SJU;164;161;0.00272989
815;SJV006050SJU;165;161;0.00168728
815;SJV006050SJU;166;161;0.00007240
815;SJV006050SJU;167;161;0.00004434
815;SJV006050SJU;168;161;0.00049592
815;SJV006050SJU;169;161;0.00045555
815;SJV006050SJU;170;161;0.00021869
815;SJV006050SJU;171;161;0.00081720
815;SJV006050SJU;172;161;0.00013820
815;SJV006050SJU;160;162;0.00004621
815;SJV006050SJU;161;162;0.00387581
815;SJV006050SJU;162;162;0.00137743
815;SJV006050SJU;163;162;0.00496125
815;SJV006050SJU;164;162;0.01012173
815;SJV006050SJU;165;162;0.00287056
815;SJV006050SJU;166;162;0.00054215
815;SJV006050SJU;167;162;0.00047039
815;SJV006050SJU;168;162;0.00005865
815;SJV006050SJU;169;162;0.00028467
815;SJV006050SJU;170;162;0.00059211
815;SJV006050SJU;171;162;0.00015573
815;SJV006050SJU;162;163;0.00015074
815;SJV006050SJU;163;163;0.00286457
815;SJV006050SJU;164;163;0.00438862
815;SJV006050SJU;165;163;0.00135842
815;SJV006050SJU;166;163;0.00186174
815;SJV006050SJU;167;163;0.00205615
815;SJV006050SJU;168;163;0.00100992
815;SJV006050SJU;169;163;0.00029551
815;SJV006050SJU;162;164;0.00020981
815;SJV006050SJU;163;164;0.00202511
815;SJV006050SJU;164;164;0.00116293
815;SJV006050SJU;165;164;0.00000188
815;SJV006050SJU;166;164;0.00000029
815;SJV006050SJU;167;164;0.00068232
815;SJV006050SJU;168;164;0.00165811
815;SJV006050SJU;162;165;0.00000904
815;SJV006050SJU;163;165;0.00140575
815;SJV006050SJU;164;165;0.00000329
815;SJV006050SJU;165;165;0.00070552
815;SJV006050SJU;166;165;0.00068956
815;SJV006050SJU;167;165;0.00019976
815;SJV006050SJU;163;166;0.00048195
815;SJV006050SJU;164;166;0.00257012
815;SJV006050SJU;165;166;0.00002574
815;SJV006050SJU;162;167;0.00027402
815;SJV006050SJU;163;167;0.00300673
815;SJV006050SJU;164;167;0.00501171
815;SJV006050SJU;165;167;0.00012047
815;SJV006050SJU;164;168;0.00061052
815;0MC006022MPA;179;148;0.10688803
815;0MC006022MPA;180;148;0.01857733
815;0MC006022MPA;177;151;0.00213108
815;0MC006022MPA;178;151;0.03554649
815;0MC006022MPA;178;152;0.01983202
815;0MC006022MPA;179;152;0.04441075
815;0MC006022MPA;179;153;0.01096776
815;0MC006022MPA;180;153;0.04176794
815;0MC006022MPA;181;153;0.00335654
815;0MC006022MPA;188;153;0.02221486
815;0MC006022MPA;176;154;0.03181563
815;0MC006022MPA;181;154;0.01376823
815;0MC006022MPA;182;154;0.01712477
815;0MC006022MPA;183;154;0.00389781
815;0MC006022MPA;184;154;0.00575777
815;0MC006022MPA;185;154;0.00595793
815;0MC006022MPA;186;154;0.00889776
815;0MC006022MPA;187;154;0.00986759
815;0MC006022MPA;188;154;0.00250850
815;0MC006022MPA;190;154;0.16377804
815;0MC006022MPA;176;155;0.07542732
815;0MC006022MPA;182;155;0.00980250
815;0MC006022MPA;183;155;0.02324269
815;0MC006022MPA;190;155;0.01202269
815;0MC006022MPA;175;156;0.03266223
815;0MC006022MPA;176;156;0.01575368
815;0MC006022MPA;180;156;0.00235250
815;0MC006022MPA;181;156;0.01642230
815;0MC006022MPA;182;156;0.00661980
815;0MC006022MPA;183;156;0.00009699
815;0MC006022MPA;184;156;0.00639631
815;0MC006022MPA;189;156;0.00651889
815;0MC006022MPA;190;156;0.00649520
815;0MC006022MPA;180;157;0.01594227
815;0MC006022MPA;183;157;0.00439599
815;0MC006022MPA;184;157;0.00134158
815;0MC006022MPA;189;157;0.01187606
815;0MC006022MPA;179;158;0.00811393
815;0MC006022MPA;180;158;0.00025516
815;0MC006022MPA;183;158;0.00565182
815;0MC006022MPA;189;158;0.00357955
815;0MC006022MPA;174;159;0.00341225
815;0MC006022MPA;179;159;0.00886086
815;0MC006022MPA;183;159;0.00104047
815;0MC006022MPA;184;159;0.00459439
815;0MC006022MPA;189;159;0.00357955
815;0MC006022MPA;174;160;0.00402534
815;0MC006022MPA;178;160;0.00515596
815;0MC006022MPA;179;160;0.00431735
815;0MC006022MPA;184;160;0.00350988
815;0MC006022MPA;185;160;0.00510497
815;0MC006022MPA;186;160;0.00510497
815;0MC006022MPA;187;160;0.00510497
815;0MC006022MPA;188;160;0.00206883
815;0MC006022MPA;189;160;0.00357955
815;0MC006022MPA;175;161;0.00626899
815;0MC006022MPA;176;161;0.00626119
815;0MC006022MPA;177;161;0.00909567
815;0MC006022MPA;178;161;0.01521158
815;0MC006022MPA;187;161;0.00071864
815;0MC006022MPA;188;161;0.00561239
815;0MC006022MPA;189;161;0.00354924
815;0MC006022MPA;177;162;0.00678008
815;0MC006022MPA;186;162;0.00196641
815;0MC006022MPA;187;162;0.00728066
815;0MC006022MPA;180;164;0.00082819
815;0MC006022MPA;181;164;0.00240373
815;0MC006022MPA;190;164;0.00238586
815;0MC006022MPA;191;164;0.00885215
815;0MC006022MPA;192;164;0.00885215
815;0MC006022MPA;193;164;0.00917806
815;0MC006022MPA;190;165;0.00293960
815;0MC006022MPA;193;165;0.00290371
815;0MC006022MPA;194;165;0.00541605
815;SJV006010SJU;177;116;0.00012150
815;SJV006010SJU;178;116;0.00047748
815;SJV006010SJU;180;116;0.00075191
815;SJV006010SJU;171;117;0.00012795
815;SJV006010SJU;172;117;0.00032027
815;SJV006010SJU;173;117;0.00032001
815;SJV006010SJU;174;117;0.00017857
815;SJV006010SJU;175;117;0.00000212
815;SJV006010SJU;177;117;0.00058040
815;SJV006010SJU;179;117;0.00038143
815;SJV006010SJU;180;117;0.00432461
815;SJV006010SJU;174;118;0.00030189
815;SJV006010SJU;175;118;0.00132605
815;SJV006010SJU;176;118;0.00079450
815;SJV006010SJU;177;118;0.00100662
815;SJV006010SJU;178;118;0.00067094
815;SJV006010SJU;179;118;0.00483138
815;SJV006010SJU;180;118;0.00075530
815;SJV006010SJU;181;118;0.00018589
815;SJV006010SJU;182;118;0.00005006
815;SJV006010SJU;174;119;0.00005858
815;SJV006010SJU;175;119;0.00148765
815;SJV006010SJU;176;119;0.00026361
815;SJV006010SJU;177;119;0.00010212
815;SJV006010SJU;178;119;0.00331881
815;SJV006010SJU;179;119;0.00143995
815;SJV006010SJU;180;119;0.00075915
815;SJV006010SJU;181;119;0.00000370
815;SJV006010SJU;183;119;0.00000507
815;SJV006010SJU;175;120;0.00091435
815;SJV006010SJU;176;120;0.00155313
815;SJV006010SJU;177;120;0.00001514
815;SJV006010SJU;178;120;0.00432129
815;SJV006010SJU;180;120;0.00088671
815;SJV006010SJU;181;120;0.00000576
815;SJV006010SJU;169;121;0.00000191
815;SJV006010SJU;176;121;0.00171987
815;SJV006010SJU;177;121;0.00479500
815;SJV006010SJU;178;121;0.00067916
815;SJV006010SJU;179;121;0.00044681
815;SJV006010SJU;180;121;0.00130954
815;SJV006010SJU;181;121;0.00039547
815;SJV006010SJU;182;121;0.00026473
815;SJV006010SJU;168;122;0.00000260
815;SJV006010SJU;169;122;0.00000094
815;SJV006010SJU;176;122;0.00197636
815;SJV006010SJU;177;122;0.00528064
815;SJV006010SJU;178;122;0.00021190
815;SJV006010SJU;180;122;0.00081844
815;SJV006010SJU;176;123;0.00503750
815;SJV006010SJU;177;123;0.00174450
815;SJV006010SJU;178;123;0.00059892
815;SJV006010SJU;180;123;0.00082019
815;SJV006010SJU;175;124;0.00331983
815;SJV006010SJU;176;124;0.00173725
815;SJV006010SJU;178;124;0.00208525
815;SJV006010SJU;179;124;0.00026412
815;SJV006010SJU;180;124;0.00082272
815;SJV006010SJU;181;124;0.00006064
815;SJV006010SJU;182;124;0.00002175
815;SJV006010SJU;183;124;0.00001754
815;SJV006010SJU;174;125;0.00136911
815;SJV006010SJU;175;125;0.00369627
815;SJV006010SJU;179;125;0.00209699
815;SJV006010SJU;180;125;0.00115595
815;SJV006010SJU;183;125;0.00048360
815;SJV006010SJU;184;125;0.00004504
815;SJV006010SJU;185;125;0.00000638
815;SJV006010SJU;186;125;0.00005735
815;SJV006010SJU;187;125;0.00025479
815;SJV006010SJU;174;126;0.00510560
815;SJV006010SJU;175;126;0.00007421
815;SJV006010SJU;176;126;0.00005152
815;SJV006010SJU;177;126;0.00005153
815;SJV006010SJU;178;126;0.00006907
815;SJV006010SJU;179;126;0.00010676
815;SJV006010SJU;180;126;0.00305081
815;SJV006010SJU;181;126;0.00057615
815;SJV006010SJU;182;126;0.00061124
815;SJV006010SJU;183;126;0.00066865
815;SJV006010SJU;184;126;0.00069469
815;SJV006010SJU;185;126;0.00072275
815;SJV006010SJU;186;126;0.00128925
815;SJV006010SJU;187;126;0.00235076
815;SJV006010SJU;188;126;0.00032900
815;SJV006010SJU;189;126;0.00057769
815;SJV006010SJU;190;126;0.00009868
815;SJV006010SJU;173;127;0.00425218
815;SJV006010SJU;174;127;0.00085952
815;SJV006010SJU;180;127;0.00227681
815;SJV006010SJU;183;127;0.00002036
815;SJV006010SJU;186;127;0.00031188
815;SJV006010SJU;187;127;0.00242991
815;SJV006010SJU;188;127;0.00027751
815;SJV006010SJU;189;127;0.00088626
815;SJV006010SJU;190;127;0.00107736
815;SJV006010SJU;172;128;0.00296711
815;SJV006010SJU;173;128;0.00198463
815;SJV006010SJU;174;128;0.00039756
815;SJV006010SJU;175;128;0.00006119
815;SJV006010SJU;176;128;0.00001782
815;SJV006010SJU;180;128;0.00224585
815;SJV006010SJU;183;128;0.00000592
815;SJV006010SJU;186;128;0.00041952
815;SJV006010SJU;187;128;0.00314777
815;SJV006010SJU;188;128;0.00057129
815;SJV006010SJU;189;128;0.00092065
815;SJV006010SJU;190;128;0.00071444
815;SJV006010SJU;191;128;0.00140098
815;SJV006010SJU;192;128;0.00296659
815;SJV006010SJU;171;129;0.00273799
815;SJV006010SJU;172;129;0.00275219
815;SJV006010SJU;173;129;0.00002195
815;SJV006010SJU;174;129;0.00035422
815;SJV006010SJU;176;129;0.00010365
815;SJV006010SJU;177;129;0.00006971
815;SJV006010SJU;178;129;0.00008410
815;SJV006010SJU;179;129;0.00014512
815;SJV006010SJU;180;129;0.00259181
815;SJV006010SJU;181;129;0.00015224
815;SJV006010SJU;182;129;0.00013893
815;SJV006010SJU;183;129;0.00020258
815;SJV006010SJU;184;129;0.00022894
815;SJV006010SJU;185;129;0.00022700
815;SJV006010SJU;186;129;0.00116946
815;SJV006010SJU;187;129;0.00357738
815;SJV006010SJU;188;129;0.00053218
815;SJV006010SJU;189;129;0.00088802
815;SJV006010SJU;190;129;0.00046825
815;SJV006010SJU;191;129;0.00910203
815;SJV006010SJU;192;129;0.01113730
815;SJV006010SJU;193;129;0.00073291
815;SJV006010SJU;170;130;0.00306392
815;SJV006010SJU;171;130;0.00249474
815;SJV006010SJU;174;130;0.00034641
815;SJV006010SJU;176;130;0.00003159
815;SJV006010SJU;178;130;0.00000538
815;SJV006010SJU;179;130;0.00030881
815;SJV006010SJU;180;130;0.00096547
815;SJV006010SJU;181;130;0.00208516
815;SJV006010SJU;183;130;0.00011900
815;SJV006010SJU;185;130;0.00021796
815;SJV006010SJU;186;130;0.00042656
815;SJV006010SJU;187;130;0.00346087
815;SJV006010SJU;188;130;0.00042881
815;SJV006010SJU;189;130;0.00079645
815;SJV006010SJU;190;130;0.00878959
815;SJV006010SJU;191;130;0.01296713
815;SJV006010SJU;192;130;0.00205263
815;SJV006010SJU;193;130;0.00108652
815;SJV006010SJU;194;130;0.00210997
815;SJV006010SJU;195;130;0.00050980
815;SJV006010SJU;196;130;0.00019942
815;SJV006010SJU;198;130;0.00005429
815;SJV006010SJU;169;131;0.00310812
815;SJV006010SJU;170;131;0.00228676
815;SJV006010SJU;171;131;0.00009355
815;SJV006010SJU;172;131;0.00009321
815;SJV006010SJU;173;131;0.00011718
815;SJV006010SJU;174;131;0.00044363
815;SJV006010SJU;175;131;0.00015281
815;SJV006010SJU;176;131;0.00019253
815;SJV006010SJU;177;131;0.00022183
815;SJV006010SJU;178;131;0.00079739
815;SJV006010SJU;179;131;0.00069775
815;SJV006010SJU;180;131;0.00036666
815;SJV006010SJU;181;131;0.00173728
815;SJV006010SJU;182;131;0.00202865
815;SJV006010SJU;183;131;0.00063067
815;SJV006010SJU;184;131;0.00053756
815;SJV006010SJU;185;131;0.00060070
815;SJV006010SJU;186;131;0.00096310
815;SJV006010SJU;187;131;0.00418335
815;SJV006010SJU;188;131;0.00090911
815;SJV006010SJU;189;131;0.00865397
815;SJV006010SJU;190;131;0.02105603
815;SJV006010SJU;191;131;0.00594969
815;SJV006010SJU;192;131;0.00699247
815;SJV006010SJU;193;131;0.00526490
815;SJV006010SJU;194;131;0.00629417
815;SJV006010SJU;195;131;0.00206250
815;SJV006010SJU;196;131;0.00138975
815;SJV006010SJU;197;131;0.00105804
815;SJV006010SJU;198;131;0.00028834
815;SJV006010SJU;168;132;0.00120230
815;SJV006010SJU;169;132;0.00361292
815;SJV006010SJU;170;132;0.00020351
815;SJV006010SJU;173;132;0.00002306
815;SJV006010SJU;174;132;0.00030240
815;SJV006010SJU;175;132;0.00018736
815;SJV006010SJU;176;132;0.00026490
815;SJV006010SJU;177;132;0.00057897
815;SJV006010SJU;178;132;0.00016873
815;SJV006010SJU;179;132;0.00070160
815;SJV006010SJU;180;132;0.00057529
815;SJV006010SJU;181;132;0.00108082
815;SJV006010SJU;182;132;0.00082272
815;SJV006010SJU;183;132;0.00172633
815;SJV006010SJU;184;132;0.00018973
815;SJV006010SJU;185;132;0.00038889
815;SJV006010SJU;186;132;0.00092721
815;SJV006010SJU;187;132;0.00475532
815;SJV006010SJU;188;132;0.00541745
815;SJV006010SJU;189;132;0.02339066
815;SJV006010SJU;190;132;0.00127515
815;SJV006010SJU;191;132;0.00090207
815;SJV006010SJU;192;132;0.00205129
815;SJV006010SJU;193;132;0.00020656
815;SJV006010SJU;194;132;0.00164730
815;SJV006010SJU;195;132;0.00071185
815;SJV006010SJU;196;132;0.00117116
815;SJV006010SJU;197;132;0.00132212
815;SJV006010SJU;198;132;0.00009195
815;SJV006010SJU;164;133;0.00025527
815;SJV006010SJU;168;133;0.00464617
815;SJV006010SJU;170;133;0.00005185
815;SJV006010SJU;171;133;0.00020717
815;SJV006010SJU;172;133;0.00012797
815;SJV006010SJU;173;133;0.00004521
815;SJV006010SJU;174;133;0.00029980
815;SJV006010SJU;175;133;0.00026873
815;SJV006010SJU;177;133;0.00013823
815;SJV006010SJU;178;133;0.00011259
815;SJV006010SJU;181;133;0.00119174
815;SJV006010SJU;183;133;0.00171510
815;SJV006010SJU;185;133;0.00007691
815;SJV006010SJU;186;133;0.00059789
815;SJV006010SJU;187;133;0.00814312
815;SJV006010SJU;188;133;0.02507898
815;SJV006010SJU;189;133;0.00280704
815;SJV006010SJU;190;133;0.00108245
815;SJV006010SJU;191;133;0.00167202
815;SJV006010SJU;192;133;0.00306190
815;SJV006010SJU;193;133;0.00072174
815;SJV006010SJU;194;133;0.00164398
815;SJV006010SJU;195;133;0.00007678
815;SJV006010SJU;196;133;0.00036867
815;SJV006010SJU;197;133;0.00078777
815;SJV006010SJU;198;133;0.00006363
815;SJV006010SJU;199;133;0.00008398
815;SJV006010SJU;200;133;0.00002322
815;SJV006010SJU;201;133;0.00001403
815;SJV006010SJU;204;133;0.00000855
815;SJV006010SJU;163;134;0.00035833
815;SJV006010SJU;164;134;0.00030031
815;SJV006010SJU;167;134;0.00260124
815;SJV006010SJU;168;134;0.00188974
815;SJV006010SJU;170;134;0.00005711
815;SJV006010SJU;172;134;0.00013086
815;SJV006010SJU;173;134;0.00020818
815;SJV006010SJU;174;134;0.00097101
815;SJV006010SJU;175;134;0.00192647
815;SJV006010SJU;176;134;0.00166576
815;SJV006010SJU;177;134;0.00167696
815;SJV006010SJU;178;134;0.00202732
815;SJV006010SJU;179;134;0.00193842
815;SJV006010SJU;180;134;0.00211308
815;SJV006010SJU;181;134;0.00381030
815;SJV006010SJU;182;134;0.00476918
815;SJV006010SJU;183;134;0.00648789
815;SJV006010SJU;184;134;0.00614008
815;SJV006010SJU;185;134;0.00619650
815;SJV006010SJU;186;134;0.00722089
815;SJV006010SJU;187;134;0.04040924
815;SJV006010SJU;188;134;0.00866684
815;SJV006010SJU;189;134;0.00865797
815;SJV006010SJU;190;134;0.00822803
815;SJV006010SJU;191;134;0.01046971
815;SJV006010SJU;192;134;0.00601766
815;SJV006010SJU;193;134;0.00340255
815;SJV006010SJU;194;134;0.00399409
815;SJV006010SJU;195;134;0.00171908
815;SJV006010SJU;196;134;0.00157728
815;SJV006010SJU;197;134;0.00114256
815;SJV006010SJU;198;134;0.00069574
815;SJV006010SJU;199;134;0.00059786
815;SJV006010SJU;200;134;0.00036329
815;SJV006010SJU;201;134;0.00037260
815;SJV006010SJU;202;134;0.00000834
815;SJV006010SJU;203;134;0.00001430
815;SJV006010SJU;204;134;0.00003441
815;SJV006010SJU;163;135;0.00009380
815;SJV006010SJU;164;135;0.00088608
815;SJV006010SJU;166;135;0.00002884
815;SJV006010SJU;167;135;0.00446224
815;SJV006010SJU;168;135;0.00023079
815;SJV006010SJU;169;135;0.00000479
815;SJV006010SJU;170;135;0.00010711
815;SJV006010SJU;171;135;0.00006831
815;SJV006010SJU;172;135;0.00011013
815;SJV006010SJU;173;135;0.00015972
815;SJV006010SJU;174;135;0.00236392
815;SJV006010SJU;179;135;0.00002686
815;SJV006010SJU;180;135;0.00051952
815;SJV006010SJU;181;135;0.00143939
815;SJV006010SJU;182;135;0.00027361
815;SJV006010SJU;183;135;0.00031720
815;SJV006010SJU;184;135;0.00063879
815;SJV006010SJU;185;135;0.00245513
815;SJV006010SJU;186;135;0.02421354
815;SJV006010SJU;187;135;0.04748674
815;SJV006010SJU;188;135;0.02790016
815;SJV006010SJU;189;135;0.01681222
815;SJV006010SJU;190;135;0.00402382
815;SJV006010SJU;191;135;0.00069799
815;SJV006010SJU;192;135;0.00078635
815;SJV006010SJU;193;135;0.00005303
815;SJV006010SJU;194;135;0.00027939
815;SJV006010SJU;195;135;0.00014535
815;SJV006010SJU;198;135;0.00015930
815;SJV006010SJU;199;135;0.00035602
815;SJV006010SJU;200;135;0.00030771
815;SJV006010SJU;201;135;0.00026307
815;SJV006010SJU;202;135;0.00024407
815;SJV006010SJU;203;135;0.00029548
815;SJV006010SJU;204;135;0.00000604
815;SJV006010SJU;164;136;0.00004953
815;SJV006010SJU;165;136;0.00068066
815;SJV006010SJU;166;136;0.00429910
815;SJV006010SJU;167;136;0.00096059
815;SJV006010SJU;168;136;0.00025875
815;SJV006010SJU;170;136;0.00007997
815;SJV006010SJU;173;136;0.00116937
815;SJV006010SJU;174;136;0.00038908
815;SJV006010SJU;179;136;0.00000094
815;SJV006010SJU;180;136;0.00007904
815;SJV006010SJU;181;136;0.00184907
815;SJV006010SJU;182;136;0.00177848
815;SJV006010SJU;183;136;0.00211429
815;SJV006010SJU;184;136;0.00292889
815;SJV006010SJU;185;136;0.01879045
815;SJV006010SJU;186;136;0.01776087
815;SJV006010SJU;187;136;0.03965590
815;SJV006010SJU;188;136;0.02838361
815;SJV006010SJU;189;136;0.01405837
815;SJV006010SJU;190;136;0.00440347
815;SJV006010SJU;191;136;0.00132777
815;SJV006010SJU;192;136;0.00078389
815;SJV006010SJU;193;136;0.00002593
815;SJV006010SJU;195;136;0.00004308
815;SJV006010SJU;196;136;0.00000069
815;SJV006010SJU;197;136;0.00000179
815;SJV006010SJU;198;136;0.00000069
815;SJV006010SJU;166;137;0.00478533
815;SJV006010SJU;167;137;0.00018301
815;SJV006010SJU;168;137;0.00052605
815;SJV006010SJU;169;137;0.00039771
815;SJV006010SJU;170;137;0.00050493
815;SJV006010SJU;171;137;0.00048202
815;SJV006010SJU;172;137;0.00039675
815;SJV006010SJU;173;137;0.00139011
815;SJV006010SJU;181;137;0.00024259
815;SJV006010SJU;184;137;0.00745417
815;SJV006010SJU;185;137;0.00911668
815;SJV006010SJU;186;137;0.01203624
815;SJV006010SJU;187;137;0.03715043
815;SJV006010SJU;188;137;0.02038901
815;SJV006010SJU;189;137;0.01552434
815;SJV006010SJU;190;137;0.00334171
815;SJV006010SJU;191;137;0.00029076
815;SJV006010SJU;192;137;0.00052574
815;SJV006010SJU;193;137;0.00000077
815;SJV006010SJU;194;137;0.00000178
815;SJV006010SJU;195;137;0.00000004
815;SJV006010SJU;196;137;0.00000524
815;SJV006010SJU;197;137;0.00000118
815;SJV006010SJU;165;138;0.00016532
815;SJV006010SJU;166;138;0.00017986
815;SJV006010SJU;168;138;0.00006849
815;SJV006010SJU;170;138;0.00002335
815;SJV006010SJU;171;138;0.00001191
815;SJV006010SJU;172;138;0.00067152
815;SJV006010SJU;173;138;0.00008058
815;SJV006010SJU;187;138;0.01461028
815;SJV006010SJU;188;138;0.00737414
815;SJV006010SJU;189;138;0.00372647
815;SJV006010SJU;190;138;0.00148537
815;SJV006010SJU;191;138;0.00058768
815;SJV006010SJU;192;138;0.00078455
815;SJV006010SJU;194;138;0.00000245
815;SJV006010SJU;196;138;0.00000068
815;SJV006010SJU;197;138;0.00000193
815;SJV006010SJU;198;138;0.00000116
815;SJV006010SJU;168;139;0.00007306
815;SJV006010SJU;170;139;0.00021020
815;SJV006010SJU;171;139;0.00023999
815;SJV006010SJU;172;139;0.00000388
815;SJV006010SJU;187;139;0.00115723
815;SJV006010SJU;188;139;0.00365825
815;SJV006010SJU;189;139;0.00162610
815;SJV006010SJU;192;139;0.00011285
815;SJV006010SJU;193;139;0.00041270
815;SJV006010SJU;194;139;0.00008939
815;SJV006010SJU;195;139;0.00000116
815;SJV006010SJU;197;139;0.00000084
815;SJV006010SJU;198;139;0.00000152
815;SJV006010SJU;168;140;0.00007364
815;SJV006010SJU;169;140;0.00023260
815;SJV006010SJU;170;140;0.00007025
815;SJV006010SJU;188;140;0.00179284
815;SJV006010SJU;189;140;0.00229718
815;SJV006010SJU;190;140;0.00141158
815;SJV006010SJU;193;140;0.00036930
815;SJV006010SJU;194;140;0.00000956
815;SJV006010SJU;195;140;0.00000032
815;SJV006010SJU;196;140;0.00000300
815;SJV006010SJU;197;140;0.00000103
815;SJV006010SJU;188;141;0.00124985
815;SJV006010SJU;189;141;0.00102273
815;SJV006010SJU;190;141;0.00177641
815;SJV006010SJU;191;141;0.00170589
815;SJV006010SJU;192;141;0.00036536
815;SJV006010SJU;193;141;0.00038177
815;SJV006010SJU;194;141;0.00037106
815;SJV006010SJU;195;141;0.00032956
815;SJV006010SJU;196;141;0.00003089
815;SJV006010SJU;191;142;0.00065167
815;SJV006010SJU;192;142;0.00118855
815;SJV006010SJU;193;142;0.00012581
815;SJV006010SJU;194;142;0.00003718
815;SJV006010SJU;195;142;0.00030507
815;SJV006010SJU;196;142;0.00009079
815;SJV006010SJU;202;142;0.00011629
815;SJV006010SJU;203;142;0.00009500
815;SJV006010SJU;204;142;0.00000253
815;SJV006010SJU;193;143;0.00131333
815;SJV006010SJU;194;143;0.00129809
815;SJV006010SJU;195;143;0.00115806
815;SJV006010SJU;196;143;0.00088407
815;SJV006010SJU;200;143;0.00004508
815;SJV006010SJU;201;143;0.00015313
815;SJV006010SJU;202;143;0.00000262
815;SJV006010SJU;193;144;0.00036612
815;SJV006010SJU;194;144;0.00002528
815;SJV006010SJU;196;144;0.00026283
815;SJV006010SJU;197;144;0.00118369
815;SJV006010SJU;198;144;0.00008045
815;SJV006010SJU;199;144;0.00008258
815;SJV006010SJU;200;144;0.00007566
815;SJV006010SJU;201;144;0.00001675
815;SJV006010SJU;193;145;0.00038107
815;SJV006010SJU;197;145;0.00036045
815;SJV006010SJU;193;146;0.00006452
815;SJV006010SJU;197;146;0.00016306
815;SJV006010SJU;198;146;0.00038414
815;SJV006010SJU;199;146;0.00038570
815;SJV006010SJU;200;146;0.00003925
815;SJV006010SJU;199;147;0.00022593
815;SJV006010SJU;200;147;0.00010053
815;SJV006010SJU;200;148;0.00047670
815;SJV006010SJU;200;149;0.00003501
815;GBV006002GBU;190;178;0.00322462
815;GBV006002GBU;181;181;0.00428765
815;GBV006002GBU;181;182;0.00069744
815;GBV006002GBU;182;182;0.00497062
815;GBV006002GBU;183;182;0.00489285
815;GBV006002GBU;183;183;0.00001982
815;GBV006002GBU;184;183;0.00491267
815;GBV006002GBU;185;183;0.00491267
815;GBV006002GBU;186;183;0.00122857
815;GBV006002GBU;186;184;0.01251410
815;GBV006002GBU;186;185;0.00176187
815;GBV006002GBU;187;185;0.01075224
815;GBV006002GBU;187;186;0.00631647
815;GBV006002GBU;188;186;0.00619764
815;GBV006002GBU;182;187;0.00740878
815;GBV006002GBU;187;187;0.08473781
815;GBV006002GBU;188;187;0.07987495
815;GBV006002GBU;189;187;0.06986439
815;GBV006002GBU;190;187;0.06986439
815;GBV006002GBU;191;187;0.00578334
815;GBV006002GBU;181;188;0.01484295
815;GBV006002GBU;182;188;0.00821529
815;GBV006002GBU;183;188;0.01259548
815;GBV006002GBU;186;188;0.05491324
815;GBV006002GBU;187;188;0.02752714
815;GBV006002GBU;183;189;0.01230423
815;GBV006002GBU;184;189;0.00317779
815;GBV006002GBU;186;189;0.08236566
815;GBV006002GBU;183;190;0.07393520
815;GBV006002GBU;184;190;0.12669670
815;GBV006002GBU;185;190;0.09151350
815;GBV006002GBU;186;190;0.06678209
815;GBV006002GBU;187;190;0.00753670
815;GBV006002GBU;187;191;0.03133549
815;GBV006002GBU;187;192;0.00203567
815;0SF0060210BA;129;164;0.01436371
815;0SF0060210BA;127;165;0.00002120
815;0SF0060210BA;129;165;0.07971572
815;0SF0060210BA;126;166;0.00008371
815;0SF0060210BA;127;166;0.00010940
815;0SF0060210BA;128;166;0.04859340
815;0SF0060210BA;129;166;0.02556981
815;0SF0060210BA;124;167;0.00004954
815;0SF0060210BA;125;167;0.00036266
815;0SF0060210BA;126;167;0.00003526
815;0SF0060210BA;128;167;0.06811291
815;0SF0060210BA;129;167;0.00959249
815;0SF0060210BA;130;167;0.01485487
815;0SF0060210BA;124;168;0.00022316
815;0SF0060210BA;125;168;0.00023113
815;0SF0060210BA;126;168;0.00036804
815;0SF0060210BA;127;168;0.00005277
815;0SF0060210BA;128;168;0.05633216
815;0SF0060210BA;129;168;0.07188470
815;0SF0060210BA;130;168;0.00154006
815;0SF0060210BA;123;169;0.00007060
815;0SF0060210BA;124;169;0.00009042
815;0SF0060210BA;126;169;0.00026989
815;0SF0060210BA;127;169;0.00221068
815;0SF0060210BA;128;169;0.10709906
815;0SF0060210BA;129;169;0.00020571
815;0SF0060210BA;130;169;0.00000266
815;0SF0060210BA;123;170;0.00040406
815;0SF0060210BA;124;170;0.00021688
815;0SF0060210BA;125;170;0.00063458
815;0SF0060210BA;126;170;0.00052064
815;0SF0060210BA;127;170;0.00037992
815;0SF0060210BA;128;170;0.09979803
815;0SF0060210BA;122;171;0.00011980
815;0SF0060210BA;123;171;0.00133822
815;0SF0060210BA;124;171;0.00034204
815;0SF0060210BA;125;171;0.00063431
815;0SF0060210BA;127;171;0.00000182
815;0SF0060210BA;128;171;0.11135722
815;0SF0060210BA;121;172;0.00000612
815;0SF0060210BA;122;172;0.00004298
815;0SF0060210BA;124;172;0.00137069
815;0SF0060210BA;125;172;0.00002127
815;0SF0060210BA;126;172;0.00007613
815;0SF0060210BA;127;172;0.01115649
815;0SF0060210BA;128;172;0.09227584
815;0SF0060210BA;129;172;0.02036564
815;0SF0060210BA;121;173;0.00004122
815;0SF0060210BA;124;173;0.00055897
815;0SF0060210BA;125;173;0.00080599
815;0SF0060210BA;126;173;0.00002773
815;0SF0060210BA;127;173;0.07695997
815;0SF0060210BA;128;173;0.00460101
815;0SF0060210BA;120;174;0.00001980
815;0SF0060210BA;121;174;0.00001910
815;0SF0060210BA;123;174;0.00030239
815;0SF0060210BA;124;174;0.00039526
815;0SF0060210BA;125;174;0.00105428
815;0SF0060210BA;127;174;0.06943287
815;0SF0060210BA;128;174;0.00001752
815;0SF0060210BA;120;175;0.00003412
815;0SF0060210BA;120;176;0.00063857
815;0SF0060210BA;121;176;0.00034983
815;0SF0060210BA;122;176;0.00027972
815;0SF0060210BA;120;177;0.00032574
815;0SF0060210BA;121;177;0.00067829
815;0SF0060210BA;121;178;0.00034924
815;0SV006011GLE;136;206;0.00571360
815;0SV006011GLE;136;207;0.07701260
815;0SV006011GLE;140;207;0.00063305
815;0SV006011GLE;136;208;0.07701260
815;0SV006011GLE;140;208;0.00270470
815;0SV006011GLE;141;208;0.00186046
815;0SV006011GLE;142;208;0.00299839
815;0SV006011GLE;143;208;0.00875687
815;0SV006011GLE;136;209;0.07789869
815;0SV006011GLE;140;209;0.00162137
815;0SV006011GLE;142;209;0.00098279
815;0SV006011GLE;134;210;0.00502975
815;0SV006011GLE;135;210;0.01242381
815;0SV006011GLE;136;210;0.09385766
815;0SV006011GLE;137;210;0.00504947
815;0SV006011GLE;138;210;0.00504947
815;0SV006011GLE;139;210;0.00392875
815;0SV006011GLE;140;210;0.00363207
815;0SV006011GLE;142;210;0.00128891
815;0SV006011GLE;136;211;0.07946974
815;0SV006011GLE;140;211;0.00278844
815;0SV006011GLE;136;212;0.07963162
815;0SV006011GLE;140;212;0.00277649
815;0SV006011GLE;136;213;0.07963162
815;0SV006011GLE;140;213;0.00247684
815;0SV006011GLE;136;214;0.07963162
815;0SV006011GLE;140;214;0.00020353
815;0SV006011GLE;136;215;0.07963162
815;0SV006011GLE;140;215;0.00016445
815;0SV006011GLE;136;216;0.08182246
815;0SV006011GLE;137;216;0.00948261
815;0SV006011GLE;138;216;0.01058711
815;0SV006011GLE;139;216;0.01058711
815;0SV006011GLE;140;216;0.01194752
815;0SV006011GLE;136;217;0.07645163
815;0SV006011GLE;136;218;0.00526060
815;NEP006018LAS;181;215;0.02930161
815;NEP006018LAS;181;216;0.04234123
815;NEP006018LAS;180;217;0.02833095
815;NEP006018LAS;181;217;0.03601039
815;NEP006018LAS;181;218;0.01593653
815;NEP006018LAS;181;219;0.01593653
815;NEP006018LAS;181;220;0.01593653
815;NEP006018LAS;181;221;0.01812984
815;NEP006018LAS;180;222;0.00676567
815;NEP006018LAS;181;222;0.01323505
815;NEP006018LAS;179;223;0.00054604
815;NEP006018LAS;180;223;0.01945469
815;NEP006018LAS;179;224;0.02000073
815;NEP006018LAS;178;225;0.01870536
815;NEP006018LAS;179;225;0.00567360
815;NEP006018LAS;176;226;0.00996191
815;NEP006018LAS;177;226;0.01890535
815;NEP006018LAS;178;226;0.00193538
815;NEP006018LAS;174;227;0.01242309
815;NEP006018LAS;175;227;0.01697907
815;NEP006018LAS;176;227;0.00892874
815;NEP006018LAS;173;228;0.01168498
815;NEP006018LAS;174;228;0.00919290
815;NEP006018LAS;172;229;0.00706131
815;NEP006018LAS;173;229;0.01359715
815;NEP006018LAS;171;230;0.00143988
815;NEP006018LAS;172;230;0.01921271
815;NEP006018LAS;160;231;0.00734728
815;NEP006018LAS;161;231;0.01272970
815;NEP006018LAS;162;231;0.00479550
815;NEP006018LAS;170;231;0.00104048
815;NEP006018LAS;171;231;0.02104065
815;NEP006018LAS;172;231;0.00023065
815;NEP006018LAS;173;231;0.00019422
815;NEP006018LAS;178;231;0.00019150
815;NEP006018LAS;179;231;0.00004962
815;NEP006018LAS;161;232;0.00379549
815;NEP006018LAS;162;232;0.00533664
815;NEP006018LAS;163;232;0.01013214
815;NEP006018LAS;164;232;0.00442463
815;NEP006018LAS;170;232;0.01806459
815;NEP006018LAS;173;232;0.00027405
815;NEP006018LAS;176;232;0.00012739
815;NEP006018LAS;177;232;0.00027199
815;NEP006018LAS;178;232;0.00008049
815;NEP006018LAS;161;233;0.00208718
815;NEP006018LAS;164;233;0.00575263
815;NEP006018LAS;165;233;0.01019438
815;NEP006018LAS;166;233;0.00353707
815;NEP006018LAS;169;233;0.01373707
815;NEP006018LAS;170;233;0.00996029
815;NEP006018LAS;173;233;0.00004228
815;NEP006018LAS;174;233;0.00022496
815;NEP006018LAS;175;233;0.00051996
815;NEP006018LAS;176;233;0.00014460
815;NEP006018LAS;161;234;0.00208718
815;NEP006018LAS;165;234;0.01315820
815;NEP006018LAS;166;234;0.02244325
815;NEP006018LAS;167;234;0.02412396
815;NEP006018LAS;168;234;0.02981530
815;NEP006018LAS;169;234;0.01029337
815;NEP006018LAS;175;234;0.00005353
815;NEP006018LAS;176;234;0.00041068
815;NEP006018LAS;160;235;0.00202914
815;NEP006018LAS;161;235;0.00005804
815;NEP006018LAS;162;235;0.00369021
815;NEP006018LAS;163;235;0.01769752
815;NEP006018LAS;164;235;0.01470340
815;NEP006018LAS;165;235;0.00306829
815;NEP006018LAS;169;235;0.00270102
815;NEP006018LAS;170;235;0.00259412
815;NEP006018LAS;176;235;0.00046421
815;NEP006018LAS;160;236;0.00208718
815;NEP006018LAS;161;236;0.00310093
815;NEP006018LAS;162;236;0.01696975
815;NEP006018LAS;170;236;0.00389116
815;NEP006018LAS;171;236;0.00050635
815;NEP006018LAS;176;236;0.00046421
815;NEP006018LAS;160;237;0.00351245
815;NEP006018LAS;161;237;0.01829180
815;NEP006018LAS;169;237;0.00282300
815;NEP006018LAS;170;237;0.00180807
815;NEP006018LAS;176;237;0.00046421
815;NEP006018LAS;159;238;0.00179632
815;NEP006018LAS;160;238;0.02000794
815;NEP006018LAS;169;238;0.00390057
815;NEP006018LAS;176;238;0.00046421
815;NEP006018LAS;158;239;0.00376057
815;NEP006018LAS;159;239;0.02161546
815;NEP006018LAS;160;239;0.00025039
815;NEP006018LAS;168;239;0.00284740
815;NEP006018LAS;169;239;0.00070727
815;NEP006018LAS;176;239;0.00025414
815;NEP006018LAS;177;239;0.00021007
815;NEP006018LAS;155;240;0.04926356
815;NEP006018LAS;156;240;0.01652903
815;NEP006018LAS;157;240;0.01784407
815;NEP006018LAS;158;240;0.01626202
815;NEP006018LAS;168;240;0.00355467
815;NEP006018LAS;176;240;0.00023827
815;NEP006018LAS;177;240;0.00028943
815;NEP006018LAS;168;241;0.00355467
815;NEP006018LAS;175;241;0.00002466
815;NEP006018LAS;176;241;0.00054026
815;NEP006018LAS;168;242;0.00374691
815;NEP006018LAS;175;242;0.00056493
815;NEP006018LAS;167;243;0.00320417
815;NEP006018LAS;168;243;0.00063900
815;NEP006018LAS;174;243;0.00037599
815;NEP006018LAS;175;243;0.00018894
815;NEP006018LAS;167;244;0.00377316
815;NEP006018LAS;173;244;0.00016239
815;NEP006018LAS;174;244;0.00040254
815;NEP006018LAS;167;245;0.00359590
815;NEP006018LAS;173;245;0.00056493
815;NEP006018LAS;167;246;0.00359590
815;NEP006018LAS;172;246;0.00096512
815;NEP006018LAS;173;246;0.00005121
815;NEP006018LAS;166;247;0.00248136
815;NEP006018LAS;167;247;0.00045228
815;NEP006018LAS;172;247;0.00132034
815;NEP006018LAS;166;248;0.00146305
815;NEP006018LAS;172;248;0.00132034
815;NEP006018LAS;165;249;0.00130703
815;NEP006018LAS;166;249;0.00015602
815;NEP006018LAS;172;249;0.00132034
815;NEP006018LAS;164;250;0.00050278
815;NEP006018LAS;165;250;0.00096026
815;NEP006018LAS;172;250;0.00131752
815;NEP006018LAS;157;251;0.00201137
815;NEP006018LAS;164;251;0.00139665
815;NEP006018LAS;172;251;0.00131517
815;NEP006018LAS;155;252;0.00329183
815;NEP006018LAS;156;252;0.00372584
815;NEP006018LAS;157;252;0.00304274
815;NEP006018LAS;158;252;0.00242319
815;NEP006018LAS;163;252;0.00053958
815;NEP006018LAS;164;252;0.00079143
815;NEP006018LAS;172;252;0.00131517
815;NEP006018LAS;158;253;0.00337097
815;NEP006018LAS;159;253;0.00444696
815;NEP006018LAS;160;253;0.00104095
815;NEP006018LAS;163;253;0.00133101
815;NEP006018LAS;171;253;0.00042148
815;NEP006018LAS;172;253;0.00089369
815;NEP006018LAS;159;254;0.00017726
815;NEP006018LAS;160;254;0.00305777
815;NEP006018LAS;161;254;0.00463397
815;NEP006018LAS;162;254;0.00184150
815;NEP006018LAS;163;254;0.00132260
815;NEP006018LAS;171;254;0.00131516
815;NEP006018LAS;159;255;0.00001820
815;NEP006018LAS;162;255;0.00060992
815;NEP006018LAS;171;255;0.00005304
815;0NC006008NCU;100;264;0.04786074
815;0NC006008NCU;100;265;0.05731754
815;0NC006008NCU;101;265;0.00647060
815;0NC006008NCU;100;266;0.06097610
815;0NC006008NCU;99;267;0.05465986
815;0NC006008NCU;100;267;0.00201378
815;0NC006008NCU;99;268;0.05214028
815;0NC006008NCU;99;269;0.05061099
815;0NC006008NCU;99;270;0.05479404
815;0NC006008NCU;97;271;0.00007376
815;0NC006008NCU;98;271;0.06472815
815;0NC006008NCU;99;271;0.00785511
815;0NC006008NCU;97;272;0.03514610
815;0NC006008NCU;98;272;0.04376141
815;0NC006008NCU;100;272;0.00149248
815;0NC006008NCU;98;273;0.05980969
815;0NC006008NCU;99;273;0.02057532
815;0NC006008NCU;100;273;0.02917295
815;0NC006008NCU;101;273;0.01030621
815;0NC006008NCU;98;274;0.00074765
815;0NC006008NCU;99;274;0.03116690
815;0NC006008NCU;101;274;0.01864312
815;0NC006008NCU;102;274;0.02070417
815;0NC006008NCU;103;274;0.02266039
815;0NC006008NCU;104;274;0.02280736
815;0NC006008NCU;105;274;0.00331403
815;0NC006008NCU;99;275;0.03539308
815;0NC006008NCU;105;275;0.01949333
815;0NC006008NCU;106;275;0.02154538
815;0NC006008NCU;98;276;0.01116744
815;0NC006008NCU;99;276;0.02939491
815;0NC006008NCU;106;276;0.01458211
815;0NC006008NCU;107;276;0.00804490
815;0NC006008NCU;97;277;0.02131999
815;0NC006008NCU;98;277;0.02123929
815;0NC006008NCU;107;277;0.02262701
815;0NC006008NCU;110;277;0.00004810
815;0NC006008NCU;111;277;0.00012551
815;0NC006008NCU;97;278;0.01077813
815;0NC006008NCU;107;278;0.00436745
815;0NC006008NCU;110;278;0.00006463
815;0SF0060280BA;131;173;0.00963345
815;0SF0060280BA;134;173;0.02551686
815;0SF0060280BA;135;173;0.03924426
815;0SF0060280BA;134;174;0.05984646
815;0SF0060280BA;135;174;0.00495847
815;0SF0060280BA;134;175;0.09091601
815;0SF0060280BA;135;175;0.02113396
815;0SF0060280BA;132;176;0.03293925
815;0SF0060280BA;133;176;0.09789099
815;0SF0060280BA;134;176;0.06579953
815;0SF0060280BA;132;177;0.00004547
815;0SF0060280BA;133;177;0.06720723
815;0SF0060280BA;134;177;0.01947875
815;0SF0060280BA;137;177;0.00000015
815;0SF0060280BA;132;178;0.01411673
815;0SF0060280BA;133;178;0.06602527
815;0SF0060280BA;134;178;0.00691650
815;0SF0060280BA;135;178;0.00000386
815;0SF0060280BA;136;178;0.00004045
815;0SF0060280BA;137;178;0.00007852
815;0SF0060280BA;131;179;0.01497176
815;0SF0060280BA;132;179;0.03754184
815;0SF0060280BA;133;179;0.01413924
815;0SF0060280BA;135;179;0.00010607
815;0SF0060280BA;136;179;0.00010897
815;0SF0060280BA;130;180;0.02213587
815;0SF0060280BA;131;180;0.03398364
815;0SF0060280BA;132;180;0.02919549
815;0SF0060280BA;135;180;0.00014068
815;0SF0060280BA;131;181;0.03775767
815;0SF0060280BA;132;181;0.00094255
815;0SF0060280BA;135;181;0.00007904
815;0SF0060280BA;136;181;0.00007889
815;0SF0060280BA;130;182;0.01469114
815;0SF0060280BA;131;182;0.00916443
815;0SF0060280BA;134;182;0.00002452
815;0SF0060280BA;135;182;0.00017029
815;0SF0060280BA;129;183;0.00851719
815;0SF0060280BA;130;183;0.02238555
815;0SF0060280BA;135;183;0.00022328
815;0SF0060280BA;137;183;0.04589881
815;0SF0060280BA;138;183;0.01926816
815;0SF0060280BA;128;184;0.01033657
815;0SF0060280BA;129;184;0.01565398
815;0SF0060280BA;130;184;0.00701338
815;0SF0060280BA;135;184;0.00015836
815;0SF0060280BA;126;185;0.00142334
815;0SF0060280BA;127;185;0.02246092
815;0SF0060280BA;128;185;0.00752621
815;0SF0060280BA;130;185;0.00025709
815;0SF0060280BA;131;185;0.00011510
815;0SF0060280BA;134;185;0.00015686
815;0SF0060280BA;135;185;0.00001241
815;0SF0060280BA;126;186;0.00018494
815;0SF0060280BA;131;186;0.00039293
815;0SF0060280BA;132;186;0.00032837
815;0SF0060280BA;133;186;0.00043759
815;0SF0060280BA;134;186;0.00012986
815;0SF0060280BA;132;187;0.00009485
815;SCC006040SLO;194;84;0.00002291
815;SCC006040SLO;192;85;0.00049435
815;SCC006040SLO;193;85;0.00073755
815;SCC006040SLO;194;85;0.00058068
815;SCC006040SLO;170;86;0.00008659
815;SCC006040SLO;174;86;0.00009342
815;SCC006040SLO;194;86;0.00073979
815;SCC006040SLO;170;87;0.00285863
815;SCC006040SLO;171;87;0.00072725
815;SCC006040SLO;172;87;0.00375740
815;SCC006040SLO;173;87;0.02101544
815;SCC006040SLO;174;87;0.00094123
815;SCC006040SLO;175;87;0.00048735
815;SCC006040SLO;193;87;0.00000071
815;SCC006040SLO;194;87;0.00004346
815;SCC006040SLO;169;88;0.00009321
815;SCC006040SLO;170;88;0.00377159
815;SCC006040SLO;171;88;0.00369882
815;SCC006040SLO;172;88;0.03243649
815;SCC006040SLO;173;88;0.00007154
815;SCC006040SLO;175;88;0.00076611
815;SCC006040SLO;176;88;0.00106634
815;SCC006040SLO;177;88;0.00080566
815;SCC006040SLO;178;88;0.00010583
815;SCC006040SLO;179;88;0.00002862
815;SCC006040SLO;185;88;0.00011162
815;SCC006040SLO;192;88;0.00001288
815;SCC006040SLO;193;88;0.00004598
815;SCC006040SLO;169;89;0.00100152
815;SCC006040SLO;170;89;0.00478500
815;SCC006040SLO;171;89;0.02443273
815;SCC006040SLO;172;89;0.00165805
815;SCC006040SLO;175;89;0.00000019
815;SCC006040SLO;176;89;0.00010674
815;SCC006040SLO;177;89;0.00004481
815;SCC006040SLO;178;89;0.00000066
815;SCC006040SLO;179;89;0.00004096
815;SCC006040SLO;182;89;0.00013932
815;SCC006040SLO;183;89;0.00027921
815;SCC006040SLO;184;89;0.00024812
815;SCC006040SLO;185;89;0.00009103
815;SCC006040SLO;190;89;0.00003211
815;SCC006040SLO;191;89;0.00003820
815;SCC006040SLO;192;89;0.00002840
815;SCC006040SLO;169;90;0.02174513
815;SCC006040SLO;170;90;0.03059312
815;SCC006040SLO;171;90;0.00498406
815;SCC006040SLO;172;90;0.00003452
815;SCC006040SLO;173;90;0.00001339
815;SCC006040SLO;174;90;0.00000283
815;SCC006040SLO;175;90;0.00000085
815;SCC006040SLO;176;90;0.00000069
815;SCC006040SLO;180;90;0.00006616
815;SCC006040SLO;181;90;0.00020973
815;SCC006040SLO;182;90;0.00012028
815;SCC006040SLO;183;90;0.00002387
815;SCC006040SLO;188;90;0.00001314
815;SCC006040SLO;189;90;0.00004865
815;SCC006040SLO;190;90;0.00000878
815;SCC006040SLO;167;91;0.00185947
815;SCC006040SLO;168;91;0.03608133
815;SCC006040SLO;169;91;0.03619644
815;SCC006040SLO;170;91;0.00356215
815;SCC006040SLO;171;91;0.00075446
815;SCC006040SLO;172;91;0.00021814
815;SCC006040SLO;173;91;0.00007446
815;SCC006040SLO;174;91;0.00000606
815;SCC006040SLO;175;91;0.00000821
815;SCC006040SLO;183;91;0.00002550
815;SCC006040SLO;187;91;0.00003556
815;SCC006040SLO;188;91;0.00004251
815;SCC006040SLO;164;92;0.00085423
815;SCC006040SLO;165;92;0.00198139
815;SCC006040SLO;166;92;0.00331087
815;SCC006040SLO;167;92;0.03604222
815;SCC006040SLO;168;92;0.00011055
815;SCC006040SLO;169;92;0.00259849
815;SCC006040SLO;170;92;0.00178274
815;SCC006040SLO;171;92;0.00062007
815;SCC006040SLO;172;92;0.00028040
815;SCC006040SLO;173;92;0.00013877
815;SCC006040SLO;175;92;0.00000166
815;SCC006040SLO;176;92;0.00000799
815;SCC006040SLO;177;92;0.00000906
815;SCC006040SLO;178;92;0.00000359
815;SCC006040SLO;183;92;0.00000961
815;SCC006040SLO;184;92;0.00001053
815;SCC006040SLO;186;92;0.00004276
815;SCC006040SLO;187;92;0.00000891
815;SCC006040SLO;188;92;0.00000347
815;SCC006040SLO;163;93;0.00020688
815;SCC006040SLO;164;93;0.00094188
815;SCC006040SLO;166;93;0.00012833
815;SCC006040SLO;167;93;0.03079244
815;SCC006040SLO;168;93;0.00029018
815;SCC006040SLO;169;93;0.00564814
815;SCC006040SLO;170;93;0.00046482
815;SCC006040SLO;173;93;0.00006131
815;SCC006040SLO;174;93;0.00019514
815;SCC006040SLO;177;93;0.00000026
815;SCC006040SLO;178;93;0.00000073
815;SCC006040SLO;184;93;0.00001825
815;SCC006040SLO;185;93;0.00004183
815;SCC006040SLO;186;93;0.00002155
815;SCC006040SLO;163;94;0.00039465
815;SCC006040SLO;165;94;0.00000208
815;SCC006040SLO;166;94;0.00015324
815;SCC006040SLO;167;94;0.01926275
815;SCC006040SLO;168;94;0.04622314
815;SCC006040SLO;169;94;0.00228762
815;SCC006040SLO;170;94;0.00002092
815;SCC006040SLO;174;94;0.00007173
815;SCC006040SLO;176;94;0.00000042
815;SCC006040SLO;177;94;0.00000078
815;SCC006040SLO;184;94;0.00005551
815;SCC006040SLO;185;94;0.00002028
815;SCC006040SLO;163;95;0.00038087
815;SCC006040SLO;164;95;0.00080521
815;SCC006040SLO;165;95;0.00406163
815;SCC006040SLO;166;95;0.00426728
815;SCC006040SLO;167;95;0.00489485
815;SCC006040SLO;168;95;0.06878361
815;SCC006040SLO;169;95;0.01103764
815;SCC006040SLO;171;95;0.00000010
815;SCC006040SLO;172;95;0.00001900
815;SCC006040SLO;173;95;0.00001717
815;SCC006040SLO;174;95;0.00003293
815;SCC006040SLO;175;95;0.00000232
815;SCC006040SLO;176;95;0.00000070
815;SCC006040SLO;183;95;0.00003263
815;SCC006040SLO;184;95;0.00004252
815;SCC006040SLO;185;95;0.00000087
815;SCC006040SLO;164;96;0.00678295
815;SCC006040SLO;165;96;0.00001772
815;SCC006040SLO;166;96;0.00870539
815;SCC006040SLO;167;96;0.01080166
815;SCC006040SLO;168;96;0.00001222
815;SCC006040SLO;169;96;0.02453986
815;SCC006040SLO;171;96;0.00001799
815;SCC006040SLO;175;96;0.00001017
815;SCC006040SLO;176;96;0.00000106
815;SCC006040SLO;177;96;0.00000327
815;SCC006040SLO;178;96;0.00002828
815;SCC006040SLO;182;96;0.00000390
815;SCC006040SLO;183;96;0.00037382
815;SCC006040SLO;184;96;0.00015489
815;SCC006040SLO;185;96;0.00004651
815;SCC006040SLO;186;96;0.00004420
815;SCC006040SLO;164;97;0.01277756
815;SCC006040SLO;165;97;0.00755275
815;SCC006040SLO;166;97;0.00060580
815;SCC006040SLO;168;97;0.01744894
815;SCC006040SLO;169;97;0.00883703
815;SCC006040SLO;170;97;0.00023330
815;SCC006040SLO;171;97;0.00026060
815;SCC006040SLO;172;97;0.00028204
815;SCC006040SLO;173;97;0.00009759
815;SCC006040SLO;175;97;0.00001306
815;SCC006040SLO;176;97;0.00003822
815;SCC006040SLO;177;97;0.00004304
815;SCC006040SLO;180;97;0.00020810
815;SCC006040SLO;181;97;0.00029148
815;SCC006040SLO;182;97;0.00039926
815;SCC006040SLO;183;97;0.00005427
815;SCC006040SLO;184;97;0.00003839
815;SCC006040SLO;185;97;0.00000033
815;SCC006040SLO;186;97;0.00001161
815;SCC006040SLO;187;97;0.00000143
815;SCC006040SLO;163;98;0.00380017
815;SCC006040SLO;164;98;0.00289112
815;SCC006040SLO;165;98;0.00010560
815;SCC006040SLO;169;98;0.02478945
815;SCC006040SLO;170;98;0.00130733
815;SCC006040SLO;172;98;0.00001461
815;SCC006040SLO;173;98;0.00001520
815;SCC006040SLO;176;98;0.00031576
815;SCC006040SLO;177;98;0.00028455
815;SCC006040SLO;178;98;0.00030568
815;SCC006040SLO;179;98;0.00033426
815;SCC006040SLO;180;98;0.00011918
815;SCC006040SLO;181;98;0.00005013
815;SCC006040SLO;183;98;0.00000073
815;SCC006040SLO;161;99;0.00007686
815;SCC006040SLO;162;99;0.00172897
815;SCC006040SLO;163;99;0.00421765
815;SCC006040SLO;164;99;0.00011620
815;SCC006040SLO;165;99;0.00012170
815;SCC006040SLO;166;99;0.00021301
815;SCC006040SLO;167;99;0.00039081
815;SCC006040SLO;168;99;0.01552136
815;SCC006040SLO;169;99;0.00890181
815;SCC006040SLO;170;99;0.00034451
815;SCC006040SLO;171;99;0.00104053
815;SCC006040SLO;172;99;0.00083524
815;SCC006040SLO;174;99;0.00011372
815;SCC006040SLO;175;99;0.00009496
815;SCC006040SLO;176;99;0.00053721
815;SCC006040SLO;177;99;0.00010447
815;SCC006040SLO;178;99;0.00013128
815;SCC006040SLO;181;99;0.00005051
815;SCC006040SLO;182;99;0.00002649
815;SCC006040SLO;183;99;0.00000024
815;SCC006040SLO;160;100;0.00047729
815;SCC006040SLO;161;100;0.00198114
815;SCC006040SLO;162;100;0.00006093
815;SCC006040SLO;163;100;0.00006284
815;SCC006040SLO;164;100;0.00009846
815;SCC006040SLO;165;100;0.00001774
815;SCC006040SLO;166;100;0.00029473
815;SCC006040SLO;167;100;0.00226842
815;SCC006040SLO;168;100;0.03927070
815;SCC006040SLO;169;100;0.00041411
815;SCC006040SLO;170;100;0.00009498
815;SCC006040SLO;171;100;0.00010535
815;SCC006040SLO;172;100;0.00015221
815;SCC006040SLO;173;100;0.00048364
815;SCC006040SLO;174;100;0.00042884
815;SCC006040SLO;175;100;0.00043588
815;SCC006040SLO;178;100;0.00003067
815;SCC006040SLO;181;100;0.00008722
815;SCC006040SLO;182;100;0.00004054
815;SCC006040SLO;159;101;0.00028971
815;SCC006040SLO;160;101;0.00201083
815;SCC006040SLO;162;101;0.00000505
815;SCC006040SLO;164;101;0.00012423
815;SCC006040SLO;165;101;0.00000818
815;SCC006040SLO;166;101;0.00016310
815;SCC006040SLO;167;101;0.02438897
815;SCC006040SLO;168;101;0.00742320
815;SCC006040SLO;169;101;0.00119173
815;SCC006040SLO;170;101;0.00065193
815;SCC006040SLO;171;101;0.00042209
815;SCC006040SLO;172;101;0.00050342
815;SCC006040SLO;173;101;0.00001639
815;SCC006040SLO;175;101;0.00005667
815;SCC006040SLO;178;101;0.00002381
815;SCC006040SLO;181;101;0.00003773
815;SCC006040SLO;158;102;0.00140027
815;SCC006040SLO;159;102;0.00460653
815;SCC006040SLO;160;102;0.00076670
815;SCC006040SLO;161;102;0.00077213
815;SCC006040SLO;162;102;0.00074025
815;SCC006040SLO;163;102;0.00075138
815;SCC006040SLO;164;102;0.00092924
815;SCC006040SLO;165;102;0.00146887
815;SCC006040SLO;166;102;0.00220271
815;SCC006040SLO;167;102;0.02526649
815;SCC006040SLO;168;102;0.00036340
815;SCC006040SLO;169;102;0.00154667
815;SCC006040SLO;170;102;0.00043143
815;SCC006040SLO;171;102;0.00116484
815;SCC006040SLO;172;102;0.00013780
815;SCC006040SLO;175;102;0.00005456
815;SCC006040SLO;177;102;0.00000561
815;SCC006040SLO;178;102;0.00000288
815;SCC006040SLO;180;102;0.00002444
815;SCC006040SLO;181;102;0.00001462
815;SCC006040SLO;158;103;0.00402837
815;SCC006040SLO;159;103;0.00041392
815;SCC006040SLO;160;103;0.00021266
815;SCC006040SLO;161;103;0.00004175
815;SCC006040SLO;162;103;0.00010361
815;SCC006040SLO;164;103;0.00034977
815;SCC006040SLO;165;103;0.00052160
815;SCC006040SLO;166;103;0.00041677
815;SCC006040SLO;167;103;0.02224958
815;SCC006040SLO;168;103;0.00134907
815;SCC006040SLO;169;103;0.00112954
815;SCC006040SLO;170;103;0.00187924
815;SCC006040SLO;171;103;0.00008270
815;SCC006040SLO;172;103;0.00010861
815;SCC006040SLO;173;103;0.00005737
815;SCC006040SLO;175;103;0.00006174
815;SCC006040SLO;176;103;0.00000696
815;SCC006040SLO;177;103;0.00000148
815;SCC006040SLO;179;103;0.00001649
815;SCC006040SLO;180;103;0.00002424
815;SCC006040SLO;157;104;0.00185405
815;SCC006040SLO;158;104;0.00019212
815;SCC006040SLO;159;104;0.00001406
815;SCC006040SLO;162;104;0.00003651
815;SCC006040SLO;163;104;0.00004435
815;SCC006040SLO;164;104;0.00059827
815;SCC006040SLO;165;104;0.00000007
815;SCC006040SLO;166;104;0.00003901
815;SCC006040SLO;167;104;0.02526285
815;SCC006040SLO;168;104;0.01355276
815;SCC006040SLO;169;104;0.00041492
815;SCC006040SLO;170;104;0.00102800
815;SCC006040SLO;171;104;0.00015584
815;SCC006040SLO;173;104;0.00000327
815;SCC006040SLO;174;104;0.00012423
815;SCC006040SLO;175;104;0.00004105
815;SCC006040SLO;178;104;0.00000980
815;SCC006040SLO;179;104;0.00001449
815;SCC006040SLO;154;105;0.00041011
815;SCC006040SLO;155;105;0.00140768
815;SCC006040SLO;156;105;0.00142785
815;SCC006040SLO;157;105;0.00036552
815;SCC006040SLO;159;105;0.00000669
815;SCC006040SLO;160;105;0.00001250
815;SCC006040SLO;161;105;0.00001469
815;SCC006040SLO;162;105;0.00041761
815;SCC006040SLO;163;105;0.00063171
815;SCC006040SLO;164;105;0.00023732
815;SCC006040SLO;165;105;0.00006428
815;SCC006040SLO;166;105;0.00081900
815;SCC006040SLO;167;105;0.01504441
815;SCC006040SLO;168;105;0.01130428
815;SCC006040SLO;169;105;0.00822236
815;SCC006040SLO;170;105;0.00573390
815;SCC006040SLO;171;105;0.00529949
815;SCC006040SLO;172;105;0.00479523
815;SCC006040SLO;173;105;0.00469960
815;SCC006040SLO;174;105;0.00480439
815;SCC006040SLO;175;105;0.00229905
815;SCC006040SLO;177;105;0.00001413
815;SCC006040SLO;178;105;0.00002901
815;SCC006040SLO;154;106;0.00146872
815;SCC006040SLO;156;106;0.00006497
815;SCC006040SLO;157;106;0.00000837
815;SCC006040SLO;161;106;0.00040032
815;SCC006040SLO;162;106;0.00034647
815;SCC006040SLO;164;106;0.00109209
815;SCC006040SLO;165;106;0.00267853
815;SCC006040SLO;166;106;0.00226855
815;SCC006040SLO;167;106;0.00701709
815;SCC006040SLO;168;106;0.00025526
815;SCC006040SLO;169;106;0.00054921
815;SCC006040SLO;170;106;0.00005577
815;SCC006040SLO;171;106;0.00001742
815;SCC006040SLO;172;106;0.00023800
815;SCC006040SLO;175;106;0.00455027
815;SCC006040SLO;176;106;0.00135098
815;SCC006040SLO;177;106;0.00003107
815;SCC006040SLO;153;107;0.00012790
815;SCC006040SLO;154;107;0.00107066
815;SCC006040SLO;160;107;0.00006979
815;SCC006040SLO;161;107;0.00016034
815;SCC006040SLO;163;107;0.00208456
815;SCC006040SLO;164;107;0.00152443
815;SCC006040SLO;166;107;0.00000019
815;SCC006040SLO;167;107;0.00709477
815;SCC006040SLO;168;107;0.00010184
815;SCC006040SLO;169;107;0.00015599
815;SCC006040SLO;170;107;0.00028371
815;SCC006040SLO;172;107;0.00001579
815;SCC006040SLO;176;107;0.00509309
815;SCC006040SLO;177;107;0.00235894
815;SCC006040SLO;178;107;0.00193655
815;SCC006040SLO;153;108;0.00108281
815;SCC006040SLO;154;108;0.00031711
815;SCC006040SLO;160;108;0.00002855
815;SCC006040SLO;161;108;0.00011132
815;SCC006040SLO;162;108;0.00024412
815;SCC006040SLO;163;108;0.00130034
815;SCC006040SLO;166;108;0.00032399
815;SCC006040SLO;167;108;0.00888775
815;SCC006040SLO;168;108;0.00000611
815;SCC006040SLO;169;108;0.00009477
815;SCC006040SLO;176;108;0.00000089
815;SCC006040SLO;177;108;0.00295421
815;SCC006040SLO;178;108;0.00209948
815;SCC006040SLO;153;109;0.00062325
815;SCC006040SLO;161;109;0.00012197
815;SCC006040SLO;162;109;0.00029349
815;SCC006040SLO;163;109;0.00014792
815;SCC006040SLO;166;109;0.00121527
815;0SF0060410BA;136;148;0.00006236
815;0SF0060410BA;130;149;0.00000252
815;0SF0060410BA;131;149;0.00000073
815;0SF0060410BA;130;150;0.00000204
815;0SF0060410BA;132;150;0.00000017
815;0SF0060410BA;133;150;0.00013042
815;0SF0060410BA;134;150;0.00008254
815;0SF0060410BA;135;150;0.00008850
815;0SF0060410BA;136;150;0.00000138
815;0SF0060410BA;130;151;0.00000019
815;0SF0060410BA;131;151;0.00000284
815;0SF0060410BA;132;151;0.00000025
815;0SF0060410BA;133;151;0.00034681
815;0SF0060410BA;135;151;0.00001129
815;0SF0060410BA;130;152;0.00000164
815;0SF0060410BA;131;152;0.00000090
815;0SF0060410BA;133;152;0.00022999
815;0SF0060410BA;134;152;0.00011696
815;0SF0060410BA;135;152;0.00000276
815;0SF0060410BA;130;153;0.00000267
815;0SF0060410BA;132;153;0.00000012
815;0SF0060410BA;133;153;0.00004515
815;0SF0060410BA;134;153;0.01499432
815;0SF0060410BA;135;153;0.02598498
815;0SF0060410BA;130;154;0.00057013
815;0SF0060410BA;132;154;0.00000229
815;0SF0060410BA;133;154;0.02658026
815;0SF0060410BA;134;154;0.03498152
815;0SF0060410BA;135;154;0.00396671
815;0SF0060410BA;136;154;0.03141383
815;0SF0060410BA;137;154;0.00000697
815;0SF0060410BA;129;155;0.00010790
815;0SF0060410BA;130;155;0.00227323
815;0SF0060410BA;131;155;0.00299941
815;0SF0060410BA;132;155;0.01566199
815;0SF0060410BA;133;155;0.03380202
815;0SF0060410BA;134;155;0.03167510
815;0SF0060410BA;135;155;0.06015907
815;0SF0060410BA;136;155;0.03628036
815;0SF0060410BA;137;155;0.00081963
815;0SF0060410BA;128;156;0.00031889
815;0SF0060410BA;129;156;0.00047460
815;0SF0060410BA;131;156;0.00477054
815;0SF0060410BA;132;156;0.04704838
815;0SF0060410BA;133;156;0.02414739
815;0SF0060410BA;134;156;0.05059518
815;0SF0060410BA;135;156;0.00061060
815;0SF0060410BA;137;156;0.00037565
815;0SF0060410BA;128;157;0.00062040
815;0SF0060410BA;131;157;0.04209427
815;0SF0060410BA;132;157;0.00761498
815;0SF0060410BA;133;157;0.07480693
815;0SF0060410BA;134;157;0.00636344
815;0SF0060410BA;128;158;0.00053896
815;0SF0060410BA;129;158;0.00047423
815;0SF0060410BA;130;158;0.02352253
815;0SF0060410BA;131;158;0.05720513
815;0SF0060410BA;132;158;0.05287319
815;0SF0060410BA;133;158;0.00002869
815;0SF0060410BA;134;158;0.02139259
815;0SF0060410BA;135;158;0.01342905
815;0SF0060410BA;129;159;0.00193467
815;0SF0060410BA;130;159;0.04020937
815;0SF0060410BA;131;159;0.05871112
815;0SF0060410BA;129;160;0.01189760
815;0SF0060410BA;130;160;0.00583089
815;0SF0060410BA;131;160;0.07163868
815;0SF0060410BA;129;161;0.01034603
815;0SF0060410BA;130;161;0.00010207
815;0SF0060410BA;131;161;0.04661200
815;0MC006029NSI;159;196;0.00622594
815;0MC006029NSI;159;197;0.01579500
815;0MC006029NSI;160;197;0.00083758
815;0MC006029NSI;161;197;0.00042142
815;0MC006029NSI;159;198;0.01107084
815;0MC006029NSI;161;198;0.00047134
815;0MC006029NSI;159;199;0.01135050
815;0MC006029NSI;160;199;0.00107444
815;0MC006029NSI;161;199;0.00186887
815;0MC006029NSI;162;199;0.00175596
815;0MC006029NSI;157;200;0.00042056
815;0MC006029NSI;158;200;0.00100489
815;0MC006029NSI;160;200;0.01551101
815;0MC006029NSI;161;200;0.00006726
815;0MC006029NSI;162;200;0.00512913
815;0MC006029NSI;155;201;0.00458479
815;0MC006029NSI;156;201;0.00870633
815;0MC006029NSI;157;201;0.00938695
815;0MC006029NSI;158;201;0.00786952
815;0MC006029NSI;159;201;0.00787023
815;0MC006029NSI;160;201;0.01832742
815;0MC006029NSI;161;201;0.00550028
815;0MC006029NSI;162;201;0.00154220
815;0MC006029NSI;158;202;0.00141515
815;0MC006029NSI;159;202;0.00187711
815;0MC006029NSI;160;202;0.02423763
815;0MC006029NSI;161;202;0.00409930
815;0MC006029NSI;159;203;0.00223973
815;0MC006029NSI;160;203;0.00274038
815;0MC006029NSI;161;203;0.01288201
815;0MC006029NSI;162;203;0.00318539
815;0MC006029NSI;159;204;0.00222186
815;0MC006029NSI;162;204;0.00072652
815;0MC006029NSI;163;204;0.00452824
815;0MC006029NSI;164;204;0.00378557
815;0MC006029NSI;165;204;0.00376540
815;0MC006029NSI;166;204;0.00441040
815;0MC006029NSI;167;204;0.00502822
815;0MC006029NSI;168;204;0.00180760
815;0MC006029NSI;169;204;0.03176726
815;0MC006029NSI;170;204;0.03640642
815;0MC006029NSI;173;204;0.03774817
815;0MC006029NSI;174;204;0.03390464
815;0MC006029NSI;177;204;0.03787570
815;0MC006029NSI;178;204;0.03474869
815;0MC006029NSI;179;204;0.00111499
815;0MC006029NSI;158;205;0.00020573
815;0MC006029NSI;159;205;0.00122549
815;0MC006029NSI;170;205;0.02229441
815;0MC006029NSI;174;205;0.03616375
815;0MC006029NSI;175;205;0.06483551
815;0MC006029NSI;176;205;0.06339852
815;0MC006029NSI;177;205;0.02538917
815;0MC006029NSI;178;205;0.05449237
815;0MC006029NSI;179;205;0.05008301
815;0MC006029NSI;180;205;0.00001142
815;0MC006029NSI;159;206;0.00169628
815;0MC006029NSI;178;206;0.01317467
815;0MC006029NSI;179;206;0.00970396
815;0MC006029NSI;180;206;0.05836128
815;0MC006029NSI;181;206;0.08263717
815;0MC006029NSI;178;207;0.01286468
815;0MC006029NSI;181;207;0.05677111
815;0MC006029NSI;177;208;0.00117742
815;0MC006029NSI;178;208;0.00138778
815;0MC006029NSI;181;208;0.00075980
815;0MC006029NSI;182;208;0.01405763
815;SJV006039SJU;153;158;0.00950681
815;SJV006039SJU;154;158;0.00128599
815;SJV006039SJU;149;159;0.00023530
815;SJV006039SJU;150;159;0.00059183
815;SJV006039SJU;151;159;0.00100590
815;SJV006039SJU;152;159;0.01125273
815;SJV006039SJU;153;159;0.00619107
815;SJV006039SJU;154;159;0.00363104
815;SJV006039SJU;155;159;0.00171003
815;SJV006039SJU;150;160;0.00391723
815;SJV006039SJU;151;160;0.01191700
815;SJV006039SJU;152;160;0.00204347
815;SJV006039SJU;153;160;0.00392133
815;SJV006039SJU;154;160;0.00123423
815;SJV006039SJU;155;160;0.00119203
815;SJV006039SJU;156;160;0.00012462
815;SJV006039SJU;149;161;0.00701187
815;SJV006039SJU;150;161;0.00892464
815;SJV006039SJU;151;161;0.00550538
815;SJV006039SJU;152;161;0.00286617
815;SJV006039SJU;153;161;0.00346768
815;SJV006039SJU;154;161;0.00071991
815;SJV006039SJU;155;161;0.00011671
815;SJV006039SJU;156;161;0.00045590
815;SJV006039SJU;157;161;0.00000367
815;SJV006039SJU;158;161;0.00233836
815;SJV006039SJU;149;162;0.01722146
815;SJV006039SJU;150;162;0.02614779
815;SJV006039SJU;151;162;0.01992332
815;SJV006039SJU;152;162;0.01839189
815;SJV006039SJU;153;162;0.02061425
815;SJV006039SJU;154;162;0.00811521
815;SJV006039SJU;155;162;0.00030760
815;SJV006039SJU;156;162;0.00091045
815;SJV006039SJU;157;162;0.01243359
815;SJV006039SJU;158;162;0.02396696
815;SJV006039SJU;159;162;0.00122707
815;SJV006039SJU;160;162;0.00100459
815;SJV006039SJU;161;162;0.00143696
815;SJV006039SJU;162;162;0.00182189
815;SJV006039SJU;149;163;0.00206685
815;SJV006039SJU;150;163;0.00074583
815;SJV006039SJU;151;163;0.00157081
815;SJV006039SJU;152;163;0.00021001
815;SJV006039SJU;153;163;0.00064456
815;SJV006039SJU;154;163;0.02377236
815;SJV006039SJU;155;163;0.01142046
815;SJV006039SJU;156;163;0.01119274
815;SJV006039SJU;157;163;0.02341156
815;SJV006039SJU;158;163;0.00374391
815;SJV006039SJU;159;163;0.00321046
815;SJV006039SJU;160;163;0.00293519
815;SJV006039SJU;161;163;0.00525853
815;SJV006039SJU;162;163;0.00127970
815;SJV006039SJU;151;164;0.00121250
815;SJV006039SJU;153;164;0.00038397
815;SJV006039SJU;154;164;0.00307782
815;SJV006039SJU;155;164;0.01838084
815;SJV006039SJU;156;164;0.02049937
815;SJV006039SJU;157;164;0.00182360
815;SJV006039SJU;158;164;0.00240674
815;SJV006039SJU;159;164;0.00005524
815;SJV006039SJU;160;164;0.00082879
815;SJV006039SJU;161;164;0.00254033
815;SJV006039SJU;162;164;0.00063149
815;SJV006039SJU;151;165;0.00116632
815;SJV006039SJU;152;165;0.00016617
815;SJV006039SJU;153;165;0.00015776
815;SJV006039SJU;154;165;0.00016399
815;SJV006039SJU;155;165;0.02010828
815;SJV006039SJU;156;165;0.01706045
815;SJV006039SJU;157;165;0.00102312
815;SJV006039SJU;158;165;0.00089339
815;SJV006039SJU;159;165;0.00135591
815;SJV006039SJU;160;165;0.00165004
815;SJV006039SJU;161;165;0.00125624
815;SJV006039SJU;162;165;0.00095259
815;SJV006039SJU;149;166;0.00195256
815;SJV006039SJU;150;166;0.00204418
815;SJV006039SJU;151;166;0.00279555
815;SJV006039SJU;152;166;0.00005447
815;SJV006039SJU;153;166;0.00001734
815;SJV006039SJU;154;166;0.00072953
815;SJV006039SJU;155;166;0.02585776
815;SJV006039SJU;156;166;0.01729341
815;SJV006039SJU;157;166;0.00233213
815;SJV006039SJU;158;166;0.00272772
815;SJV006039SJU;159;166;0.00076615
815;SJV006039SJU;160;166;0.00020625
815;SJV006039SJU;161;166;0.00105306
815;SJV006039SJU;162;166;0.00095033
815;SJV006039SJU;150;167;0.00001648
815;SJV006039SJU;151;167;0.00032594
815;SJV006039SJU;152;167;0.00208505
815;SJV006039SJU;153;167;0.00206711
815;SJV006039SJU;154;167;0.02137661
815;SJV006039SJU;155;167;0.02703443
815;SJV006039SJU;156;167;0.02189265
815;SJV006039SJU;157;167;0.00234689
815;SJV006039SJU;158;167;0.00230406
815;SJV006039SJU;159;167;0.00168737
815;SJV006039SJU;160;167;0.00229036
815;SJV006039SJU;161;167;0.00269745
815;SJV006039SJU;162;167;0.00242952
815;SJV006039SJU;153;168;0.00443409
815;SJV006039SJU;154;168;0.03188184
815;SJV006039SJU;155;168;0.02343841
815;SJV006039SJU;156;168;0.01464848
815;SJV006039SJU;157;168;0.00194890
815;SJV006039SJU;158;168;0.00148801
815;SJV006039SJU;159;168;0.00074737
815;SJV006039SJU;160;168;0.00121983
815;SJV006039SJU;161;168;0.00065929
815;SJV006039SJU;162;168;0.00044013
815;SJV006039SJU;153;169;0.01568676
815;SJV006039SJU;154;169;0.01517165
815;SJV006039SJU;155;169;0.02596680
815;SJV006039SJU;156;169;0.00298020
815;SJV006039SJU;157;169;0.00126904
815;SJV006039SJU;158;169;0.00219404
815;SJV006039SJU;159;169;0.00103895
815;SJV006039SJU;160;169;0.00071240
815;SJV006039SJU;161;169;0.00008968
815;SJV006039SJU;162;169;0.00002933
815;SJV006039SJU;150;170;0.00000032
815;SJV006039SJU;151;170;0.00000450
815;SJV006039SJU;152;170;0.00011675
815;SJV006039SJU;153;170;0.01475834
815;SJV006039SJU;154;170;0.00785058
815;SJV006039SJU;155;170;0.01819849
815;SJV006039SJU;156;170;0.00162833
815;SJV006039SJU;157;170;0.00192093
815;SJV006039SJU;158;170;0.00135101
815;SJV006039SJU;159;170;0.00092856
815;SJV006039SJU;160;170;0.00070462
815;SJV006039SJU;161;170;0.00038357
815;SJV006039SJU;162;170;0.00003173
815;SJV006039SJU;153;171;0.01243465
815;SJV006039SJU;154;171;0.00358923
815;SJV006039SJU;155;171;0.01444642
815;SJV006039SJU;156;171;0.00068746
815;SJV006039SJU;157;171;0.00170979
815;SJV006039SJU;158;171;0.00095550
815;SJV006039SJU;159;171;0.00065334
815;SJV006039SJU;161;171;0.00025357
815;SJV006039SJU;162;171;0.00847330
815;SJV006039SJU;149;172;0.00008279
815;SJV006039SJU;150;172;0.00109469
815;SJV006039SJU;151;172;0.00293513
815;SJV006039SJU;152;172;0.01197605
815;SJV006039SJU;153;172;0.00337989
815;SJV006039SJU;154;172;0.00520905
815;SJV006039SJU;155;172;0.02112878
815;SJV006039SJU;156;172;0.00255214
815;SJV006039SJU;157;172;0.00338611
815;SJV006039SJU;158;172;0.00092414
815;SJV006039SJU;159;172;0.00063237
815;SJV006039SJU;152;173;0.00891019
815;SJV006039SJU;153;173;0.00037504
815;SJV006039SJU;154;173;0.00179773
815;SJV006039SJU;155;173;0.01127238
815;SJV006039SJU;156;173;0.00138861
815;SJV006039SJU;157;173;0.00108239
815;SJV006039SJU;158;173;0.00383142
815;SJV006039SJU;159;173;0.00061498
815;SJV006039SJU;160;173;0.00003014
815;SJV006039SJU;152;174;0.01031599
815;SJV006039SJU;153;174;0.00069113
815;SJV006039SJU;154;174;0.00063370
815;SJV006039SJU;155;174;0.01031456
815;SJV006039SJU;156;174;0.00122735
815;SJV006039SJU;157;174;0.00160775
815;SJV006039SJU;158;174;0.00043257
815;SJV006039SJU;159;174;0.00425176
815;SJV006039SJU;160;174;0.00724404
815;SJV006039SJU;161;174;0.00683661
815;SJV006039SJU;150;175;0.00203986
815;SJV006039SJU;151;175;0.00250814
815;SJV006039SJU;152;175;0.01151602
815;SJV006039SJU;155;175;0.00952068
815;SJV006039SJU;156;175;0.00036490
815;SJV006039SJU;157;175;0.00046974
815;SJV006039SJU;158;175;0.00026805
815;SJV006039SJU;159;175;0.00055639
815;SJV006039SJU;160;175;0.00253079
815;SJV006039SJU;161;175;0.00030220
815;SJV006039SJU;151;176;0.00068881
815;SJV006039SJU;152;176;0.00043740
815;SJV006039SJU;157;176;0.00004517
815;SJV006039SJU;160;176;0.01730166
815;SJV006039SJU;161;176;0.00687828
815;0SC0060360SC;233;59;0.00025737
815;0SC0060360SC;234;59;0.00000518
815;0SC0060360SC;235;59;0.00001303
815;0SC0060360SC;236;59;0.00331716
815;0SC0060360SC;237;59;0.00014993
815;0SC0060360SC;233;60;0.00020006
815;0SC0060360SC;234;60;0.00187923
815;0SC0060360SC;235;60;0.00647469
815;0SC0060360SC;236;60;0.00417546
815;0SC0060360SC;237;60;0.00198101
815;0SC0060360SC;238;60;0.00000056
815;0SC0060360SC;233;61;0.00063741
815;0SC0060360SC;234;61;0.00735866
815;0SC0060360SC;235;61;0.00961817
815;0SC0060360SC;236;61;0.00583325
815;0SC0060360SC;237;61;0.00344685
815;0SC0060360SC;238;61;0.00168087
815;0SC0060360SC;247;61;0.00002848
815;0SC0060360SC;248;61;0.00001072
815;0SC0060360SC;234;62;0.00401440
815;0SC0060360SC;235;62;0.02671193
815;0SC0060360SC;236;62;0.02833136
815;0SC0060360SC;237;62;0.03180536
815;0SC0060360SC;238;62;0.03256369
815;0SC0060360SC;239;62;0.00515296
815;0SC0060360SC;240;62;0.00100116
815;0SC0060360SC;241;62;0.00075437
815;0SC0060360SC;242;62;0.00153185
815;0SC0060360SC;243;62;0.00706327
815;0SC0060360SC;244;62;0.00609877
815;0SC0060360SC;245;62;0.00030865
815;0SC0060360SC;246;62;0.00039331
815;0SC0060360SC;247;62;0.00450964
815;0SC0060360SC;248;62;0.01718546
815;0SC0060360SC;249;62;0.01793261
815;0SC0060360SC;250;62;0.00112526
815;0SC0060360SC;251;62;0.00017112
815;0SC0060360SC;252;62;0.00001673
815;0SC0060360SC;235;63;0.02836250
815;0SC0060360SC;236;63;0.03656884
815;0SC0060360SC;237;63;0.04336802
815;0SC0060360SC;238;63;0.05685295
815;0SC0060360SC;239;63;0.02582130
815;0SC0060360SC;240;63;0.02166213
815;0SC0060360SC;241;63;0.01974890
815;0SC0060360SC;242;63;0.01939793
815;0SC0060360SC;243;63;0.01723054
815;0SC0060360SC;244;63;0.02827938
815;0SC0060360SC;245;63;0.01883563
815;0SC0060360SC;246;63;0.01994552
815;0SC0060360SC;247;63;0.01916133
815;0SC0060360SC;248;63;0.00075287
815;0SC0060360SC;249;63;0.00033002
815;0SC0060360SC;250;63;0.00057453
815;0SC0060360SC;251;63;0.00002970
815;0SC0060360SC;235;64;0.00847356
815;0SC0060360SC;236;64;0.00494559
815;0SC0060360SC;237;64;0.00317473
815;0SC0060360SC;238;64;0.00801898
815;0SC0060360SC;239;64;0.02165152
815;0SC0060360SC;240;64;0.00509499
815;0SC0060360SC;241;64;0.00358705
815;0SC0060360SC;242;64;0.00300215
815;0SC0060360SC;243;64;0.00330516
815;0SC0060360SC;244;64;0.01450578
815;0SC0060360SC;245;64;0.00279048
815;0SC0060360SC;246;64;0.00785092
815;0SC0060360SC;247;64;0.00083476
815;0SC0060360SC;248;64;0.00025346
815;0SC0060360SC;249;64;0.00018111
815;0SC0060360SC;250;64;0.00034428
815;0SC0060360SC;251;64;0.00027657
815;0SC0060360SC;252;64;0.00015664
815;0SC0060360SC;235;65;0.00312947
815;0SC0060360SC;236;65;0.01763317
815;0SC0060360SC;237;65;0.01755266
815;0SC0060360SC;238;65;0.01693658
815;0SC0060360SC;239;65;0.02053554
815;0SC0060360SC;240;65;0.03097226
815;0SC0060360SC;241;65;0.01138365
815;0SC0060360SC;242;65;0.01055468
815;0SC0060360SC;243;65;0.01461767
815;0SC0060360SC;244;65;0.01765065
815;0SC0060360SC;245;65;0.01027261
815;0SC0060360SC;246;65;0.00893292
815;0SC0060360SC;247;65;0.00019036
815;0SC0060360SC;251;65;0.00021575
815;0SC0060360SC;240;66;0.00831801
815;0SC0060360SC;241;66;0.02015305
815;0SC0060360SC;242;66;0.00162853
815;0SC0060360SC;243;66;0.00952028
815;0SC0060360SC;244;66;0.00183891
815;0SC0060360SC;245;66;0.00028915
815;0SC0060360SC;246;66;0.00005150
815;0SC0060360SC;247;66;0.00183289
815;0SC0060360SC;251;66;0.00009533
815;0SC0060360SC;252;66;0.00020512
815;0SC0060360SC;253;66;0.00022918
815;0SC0060360SC;254;66;0.00010231
815;0SC0060360SC;255;66;0.00010225
815;0SC0060360SC;256;66;0.00009060
815;0SC0060360SC;257;66;0.00002188
815;0SC0060360SC;239;67;0.00000821
815;0SC0060360SC;240;67;0.00018353
815;0SC0060360SC;241;67;0.02588492
815;0SC0060360SC;242;67;0.00750177
815;0SC0060360SC;243;67;0.00008954
815;0SC0060360SC;244;67;0.00148568
815;0SC0060360SC;245;67;0.00043036
815;0SC0060360SC;247;67;0.00109284
815;0SC0060360SC;248;67;0.00074832
815;0SC0060360SC;249;67;0.00042585
815;0SC0060360SC;250;67;0.00002815
815;0SC0060360SC;256;67;0.00002054
815;0SC0060360SC;257;67;0.00011071
815;0SC0060360SC;239;68;0.00003830
815;0SC0060360SC;240;68;0.01549277
815;0SC0060360SC;241;68;0.01905338
815;0SC0060360SC;242;68;0.00000095
815;0SC0060360SC;244;68;0.00052260
815;0SC0060360SC;245;68;0.00027476
815;0SC0060360SC;246;68;0.00050209
815;0SC0060360SC;247;68;0.00015120
815;0SC0060360SC;248;68;0.00002404
815;0SC0060360SC;249;68;0.00014583
815;0SC0060360SC;250;68;0.00073549
815;0SC0060360SC;251;68;0.00048832
815;0SC0060360SC;252;68;0.00044069
815;0SC0060360SC;253;68;0.00045535
815;0SC0060360SC;254;68;0.00006566
815;0SC0060360SC;255;68;0.00030351
815;0SC0060360SC;256;68;0.00011079
815;0SC0060360SC;240;69;0.01771186
815;0SC0060360SC;243;69;0.00018622
815;0SC0060360SC;244;69;0.00006948
815;0SC0060360SC;246;69;0.00023720
815;0SC0060360SC;247;69;0.00003840
815;0SC0060360SC;253;69;0.00011418
815;0SC0060360SC;254;69;0.00031560
815;0SC0060360SC;255;69;0.00021501
815;0SC0060360SC;256;69;0.00004242
815;0SC0060360SC;255;70;0.00008676
815;0SV0060510FR;148;189;0.00000936
815;0SV0060510FR;149;189;0.00009337
815;0SV0060510FR;150;189;0.05442936
815;0SV0060510FR;151;189;0.00640220
815;0SV0060510FR;146;190;0.00000247
815;0SV0060510FR;148;190;0.00008038
815;0SV0060510FR;149;190;0.00006348
815;0SV0060510FR;150;190;0.04562432
815;0SV0060510FR;151;190;0.00301747
815;0SV0060510FR;146;191;0.01072253
815;0SV0060510FR;148;191;0.00001134
815;0SV0060510FR;149;191;0.00007492
815;0SV0060510FR;150;191;0.04425350
815;0SV0060510FR;151;191;0.00362208
815;0SV0060510FR;146;192;0.01031247
815;0SV0060510FR;149;192;0.01485453
815;0SV0060510FR;150;192;0.03382336
815;0SV0060510FR;151;192;0.00257969
815;0SV0060510FR;146;193;0.01059904
815;0SV0060510FR;148;193;0.00586988
815;0SV0060510FR;149;193;0.02124569
815;0SV0060510FR;150;193;0.02485589
815;0SV0060510FR;151;193;0.00236421
815;0SV0060510FR;145;194;0.00122600
815;0SV0060510FR;146;194;0.00215104
815;0SV0060510FR;147;194;0.00701079
815;0SV0060510FR;148;194;0.02014207
815;0SV0060510FR;149;194;0.00182160
815;0SV0060510FR;150;194;0.02335138
815;0SV0060510FR;151;194;0.00069474
815;0SV0060510FR;145;195;0.00082300
815;0SV0060510FR;147;195;0.00851423
815;0SV0060510FR;148;195;0.02100793
815;0SV0060510FR;150;195;0.01739043
815;0SV0060510FR;151;195;0.00420970
815;0SV0060510FR;152;195;0.00208934
815;0SV0060510FR;145;196;0.00071797
815;0SV0060510FR;147;196;0.00841048
815;0SV0060510FR;148;196;0.02442193
815;0SV0060510FR;151;196;0.00152385
815;0SV0060510FR;144;197;0.00065091
815;0SV0060510FR;145;197;0.00012214
815;0SV0060510FR;147;197;0.00498750
815;0SV0060510FR;148;197;0.02498003
815;0SV0060510FR;144;198;0.00068924
815;0SV0060510FR;147;198;0.00887127
815;0SV0060510FR;148;198;0.03622628
815;0SV0060510FR;143;199;0.00104640
815;0SV0060510FR;144;199;0.00067737
815;0SV0060510FR;145;199;0.00011371
815;0SV0060510FR;146;199;0.00161534
815;0SV0060510FR;147;199;0.01898932
815;0SV0060510FR;148;199;0.09984044
815;0SV0060510FR;142;200;0.00684943
815;0SV0060510FR;143;200;0.01071387
815;0SV0060510FR;144;200;0.01074830
815;0SV0060510FR;145;200;0.01266154
815;0SV0060510FR;146;200;0.01979852
815;0SV0060510FR;147;200;0.03547188
815;0SV0060510FR;148;200;0.13154180
815;0SV0060510FR;146;201;0.00040026
815;0SV0060510FR;147;201;0.00603692
815;0SV0060510FR;148;201;0.03316106
815;0SV0060510FR;147;202;0.01743328
815;0SV0060510FR;148;202;0.02304117
815;0SV0060510FR;145;203;0.00047886
815;0SV0060510FR;146;203;0.00084219
815;0SV0060510FR;147;203;0.03665526
815;0SV0060510FR;148;203;0.00001917
815;0SV0060510FR;147;204;0.01491850
815;0SC0060330SC;247;46;0.00000151
815;0SC0060330SC;248;46;0.00725896
815;0SC0060330SC;249;46;0.00007521
815;0SC0060330SC;250;46;0.00000337
815;0SC0060330SC;254;46;0.00019242
815;0SC0060330SC;255;46;0.00015818
815;0SC0060330SC;245;47;0.00000181
815;0SC0060330SC;246;47;0.00000117
815;0SC0060330SC;247;47;0.00014425
815;0SC0060330SC;248;47;0.01074950
815;0SC0060330SC;249;47;0.00218536
815;0SC0060330SC;250;47;0.00067031
815;0SC0060330SC;251;47;0.00041399
815;0SC0060330SC;252;47;0.00038998
815;0SC0060330SC;253;47;0.00043067
815;0SC0060330SC;254;47;0.00025328
815;0SC0060330SC;255;47;0.00042431
815;0SC0060330SC;245;48;0.00000062
815;0SC0060330SC;246;48;0.00000068
815;0SC0060330SC;247;48;0.00101159
815;0SC0060330SC;248;48;0.01658755
815;0SC0060330SC;249;48;0.00130404
815;0SC0060330SC;250;48;0.00041725
815;0SC0060330SC;251;48;0.00009765
815;0SC0060330SC;254;48;0.00000217
815;0SC0060330SC;255;48;0.00017668
815;0SC0060330SC;256;48;0.00047029
815;0SC0060330SC;260;48;0.00010314
815;0SC0060330SC;245;49;0.00017730
815;0SC0060330SC;246;49;0.00020374
815;0SC0060330SC;247;49;0.01815203
815;0SC0060330SC;248;49;0.00451253
815;0SC0060330SC;249;49;0.00118371
815;0SC0060330SC;250;49;0.00027903
815;0SC0060330SC;251;49;0.00012169
815;0SC0060330SC;252;49;0.00003664
815;0SC0060330SC;253;49;0.00000128
815;0SC0060330SC;254;49;0.00001597
815;0SC0060330SC;256;49;0.00009927
815;0SC0060330SC;257;49;0.00045870
815;0SC0060330SC;258;49;0.00020063
815;0SC0060330SC;259;49;0.00002549
815;0SC0060330SC;260;49;0.00012627
815;0SC0060330SC;241;50;0.00012863
815;0SC0060330SC;242;50;0.00003905
815;0SC0060330SC;243;50;0.00000763
815;0SC0060330SC;245;50;0.00026168
815;0SC0060330SC;246;50;0.01575506
815;0SC0060330SC;247;50;0.00618218
815;0SC0060330SC;248;50;0.00075511
815;0SC0060330SC;249;50;0.00067850
815;0SC0060330SC;250;50;0.00010684
815;0SC0060330SC;251;50;0.00002008
815;0SC0060330SC;252;50;0.00007565
815;0SC0060330SC;253;50;0.00001263
815;0SC0060330SC;257;50;0.00003610
815;0SC0060330SC;258;50;0.00022835
815;0SC0060330SC;259;50;0.00043923
815;0SC0060330SC;260;50;0.00050132
815;0SC0060330SC;261;50;0.00049756
815;0SC0060330SC;262;50;0.00044977
815;0SC0060330SC;242;51;0.00027345
815;0SC0060330SC;243;51;0.00042316
815;0SC0060330SC;244;51;0.00024387
815;0SC0060330SC;245;51;0.01465331
815;0SC0060330SC;246;51;0.00181008
815;0SC0060330SC;247;51;0.00493358
815;0SC0060330SC;248;51;0.00039830
815;0SC0060330SC;249;51;0.00105343
815;0SC0060330SC;252;51;0.00010943
815;0SC0060330SC;253;51;0.00000797
815;0SC0060330SC;256;51;0.00001996
815;0SC0060330SC;257;51;0.00025788
815;0SC0060330SC;258;51;0.00005702
815;0SC0060330SC;260;51;0.00009587
815;0SC0060330SC;261;51;0.00000202
815;0SC0060330SC;242;52;0.00063101
815;0SC0060330SC;243;52;0.00082686
815;0SC0060330SC;244;52;0.01213994
815;0SC0060330SC;245;52;0.00871627
815;0SC0060330SC;246;52;0.00094546
815;0SC0060330SC;247;52;0.00484969
815;0SC0060330SC;248;52;0.00082605
815;0SC0060330SC;249;52;0.00086798
815;0SC0060330SC;252;52;0.00014460
815;0SC0060330SC;253;52;0.00000601
815;0SC0060330SC;255;52;0.00008314
815;0SC0060330SC;256;52;0.00016401
815;0SC0060330SC;258;52;0.00001175
815;0SC0060330SC;259;52;0.00006838
815;0SC0060330SC;260;52;0.00002957
815;0SC0060330SC;242;53;0.00027899
815;0SC0060330SC;243;53;0.01314803
815;0SC0060330SC;244;53;0.00710543
815;0SC0060330SC;245;53;0.00050902
815;0SC0060330SC;246;53;0.00076428
815;0SC0060330SC;247;53;0.00682580
815;0SC0060330SC;248;53;0.00141951
815;0SC0060330SC;249;53;0.00157361
815;0SC0060330SC;250;53;0.00100669
815;0SC0060330SC;251;53;0.00019616
815;0SC0060330SC;252;53;0.00043190
815;0SC0060330SC;253;53;0.00011903
815;0SC0060330SC;254;53;0.00001289
815;0SC0060330SC;255;53;0.00016634
815;0SC0060330SC;257;53;0.00002403
815;0SC0060330SC;258;53;0.00007282
815;0SC0060330SC;259;53;0.00004972
815;0SC0060330SC;240;54;0.00001892
815;0SC0060330SC;241;54;0.01576415
815;0SC0060330SC;242;54;0.01447609
815;0SC0060330SC;243;54;0.00651877
815;0SC0060330SC;244;54;0.00009138
815;0SC0060330SC;245;54;0.00108472
815;0SC0060330SC;246;54;0.00046736
815;0SC0060330SC;247;54;0.00628074
815;0SC0060330SC;248;54;0.00160017
815;0SC0060330SC;249;54;0.00121480
815;0SC0060330SC;250;54;0.00137523
815;0SC0060330SC;251;54;0.00191201
815;0SC0060330SC;252;54;0.00057886
815;0SC0060330SC;253;54;0.00016512
815;0SC0060330SC;254;54;0.00026722
815;0SC0060330SC;255;54;0.00004573
815;0SC0060330SC;256;54;0.00009890
815;0SC0060330SC;257;54;0.00014368
815;0SC0060330SC;258;54;0.00013216
815;0SC0060330SC;240;55;0.01870966
815;0SC0060330SC;241;55;0.00063020
815;0SC0060330SC;242;55;0.00019261
815;0SC0060330SC;243;55;0.00034852
815;0SC0060330SC;244;55;0.00030286
815;0SC0060330SC;245;55;0.00124749
815;0SC0060330SC;246;55;0.00579298
815;0SC0060330SC;247;55;0.00614561
815;0SC0060330SC;248;55;0.00016820
815;0SC0060330SC;249;55;0.00005865
815;0SC0060330SC;250;55;0.00022230
815;0SC0060330SC;251;55;0.00161955
815;0SC0060330SC;252;55;0.00163258
815;0SC0060330SC;253;55;0.00075784
815;0SC0060330SC;254;55;0.00023431
815;0SC0060330SC;255;55;0.00002829
815;0SC0060330SC;257;55;0.00025898
815;0SC0060330SC;258;55;0.00002584
815;0SC0060330SC;238;56;0.00030891
815;0SC0060330SC;239;56;0.01181589
815;0SC0060330SC;240;56;0.00808497
815;0SC0060330SC;241;56;0.00072958
815;0SC0060330SC;242;56;0.00059188
815;0SC0060330SC;243;56;0.00011832
815;0SC0060330SC;244;56;0.00017372
815;0SC0060330SC;245;56;0.00034283
815;0SC0060330SC;246;56;0.00930978
815;0SC0060330SC;247;56;0.00032482
815;0SC0060330SC;248;56;0.00025549
815;0SC0060330SC;249;56;0.00011922
815;0SC0060330SC;250;56;0.00016128
815;0SC0060330SC;251;56;0.00110460
815;0SC0060330SC;252;56;0.00186052
815;0SC0060330SC;253;56;0.00025446
815;0SC0060330SC;256;56;0.00018563
815;0SC0060330SC;257;56;0.00041631
815;0SC0060330SC;236;57;0.00866951
815;0SC0060330SC;237;57;0.00168867
815;0SC0060330SC;238;57;0.00239420
815;0SC0060330SC;239;57;0.01824198
815;0SC0060330SC;241;57;0.00031501
815;0SC0060330SC;242;57;0.00029484
815;0SC0060330SC;243;57;0.00059156
815;0SC0060330SC;244;57;0.00074980
815;0SC0060330SC;245;57;0.00841736
815;0SC0060330SC;246;57;0.00415693
815;0SC0060330SC;247;57;0.00054647
815;0SC0060330SC;248;57;0.00007789
815;0SC0060330SC;249;57;0.00007638
815;0SC0060330SC;250;57;0.00002553
815;0SC0060330SC;251;57;0.00216464
815;0SC0060330SC;252;57;0.00032632
815;0SC0060330SC;255;57;0.00011636
815;0SC0060330SC;256;57;0.00021512
815;0SC0060330SC;236;58;0.01632775
815;0SC0060330SC;237;58;0.02606758
815;0SC0060330SC;238;58;0.03714076
815;0SC0060330SC;239;58;0.02385915
815;0SC0060330SC;240;58;0.01548016
815;0SC0060330SC;241;58;0.00316096
815;0SC0060330SC;242;58;0.00184197
815;0SC0060330SC;243;58;0.00196071
815;0SC0060330SC;244;58;0.00237811
815;0SC0060330SC;245;58;0.00985506
815;0SC0060330SC;246;58;0.00299749
815;0SC0060330SC;247;58;0.00078169
815;0SC0060330SC;248;58;0.00008048
815;0SC0060330SC;249;58;0.00042221
815;0SC0060330SC;250;58;0.00061444
815;0SC0060330SC;251;58;0.00243832
815;0SC0060330SC;254;58;0.00006060
815;0SC0060330SC;255;58;0.00028669
815;0SC0060330SC;236;59;0.00121761
815;0SC0060330SC;237;59;0.00068195
815;0SC0060330SC;238;59;0.01755519
815;0SC0060330SC;239;59;0.00081423
815;0SC0060330SC;240;59;0.00156332
815;0SC0060330SC;241;59;0.01557927
815;0SC0060330SC;242;59;0.00774664
815;0SC0060330SC;243;59;0.00163953
815;0SC0060330SC;244;59;0.00804584
815;0SC0060330SC;245;59;0.00778269
815;0SC0060330SC;246;59;0.00168794
815;0SC0060330SC;247;59;0.00337473
815;0SC0060330SC;248;59;0.00153303
815;0SC0060330SC;249;59;0.00210677
815;0SC0060330SC;250;59;0.00059552
815;0SC0060330SC;251;59;0.00150949
815;0SC0060330SC;252;59;0.00075104
815;0SC0060330SC;253;59;0.00010691
815;0SC0060330SC;254;59;0.00071188
815;0SC0060330SC;255;59;0.00081499
815;0SC0060330SC;256;59;0.01205132
815;0SC0060330SC;237;60;0.00064392
815;0SC0060330SC;238;60;0.01705062
815;0SC0060330SC;239;60;0.00208032
815;0SC0060330SC;240;60;0.00264699
815;0SC0060330SC;241;60;0.00237117
815;0SC0060330SC;242;60;0.01552978
815;0SC0060330SC;243;60;0.00871253
815;0SC0060330SC;244;60;0.02484023
815;0SC0060330SC;245;60;0.01037220
815;0SC0060330SC;246;60;0.00953542
815;0SC0060330SC;247;60;0.00956749
815;0SC0060330SC;248;60;0.00780004
815;0SC0060330SC;249;60;0.00756056
815;0SC0060330SC;250;60;0.01205438
815;0SC0060330SC;251;60;0.02548706
815;0SC0060330SC;252;60;0.02024487
815;0SC0060330SC;253;60;0.01965523
815;0SC0060330SC;254;60;0.01956798
815;0SC0060330SC;255;60;0.02015890
815;0SC0060330SC;256;60;0.00669683
815;0SC0060330SC;257;60;0.01607521
815;0SC0060330SC;238;61;0.01604663
815;0SC0060330SC;239;61;0.00657870
815;0SC0060330SC;240;61;0.00364380
815;0SC0060330SC;241;61;0.01310331
815;0SC0060330SC;242;61;0.01476561
815;0SC0060330SC;243;61;0.03157369
815;0SC0060330SC;244;61;0.00057759
815;0SC0060330SC;245;61;0.00051882
815;0SC0060330SC;246;61;0.00055950
815;0SC0060330SC;247;61;0.00037946
815;0SC0060330SC;248;61;0.00011221
815;0SC0060330SC;249;61;0.00199311
815;0SC0060330SC;250;61;0.01696785
815;0SC0060330SC;251;61;0.00030815
815;0SC0060330SC;252;61;0.00010520
815;0SC0060330SC;253;61;0.00005860
815;0SC0060330SC;255;61;0.00024535
815;0SC0060330SC;238;62;0.01079437
815;0SC0060330SC;239;62;0.01235285
815;0SC0060330SC;240;62;0.01159033
815;0SC0060330SC;241;62;0.00097512
815;0SC0060330SC;242;62;0.00153693
815;0SC0060330SC;243;62;0.00258548
815;0SC0060330SC;244;62;0.00017987
815;0SC0060330SC;245;62;0.00013583
815;0SC0060330SC;249;62;0.00043922
815;0SC0060330SC;250;62;0.00009800
815;0SC0060330SC;252;62;0.00000946
815;0NC006053NCU;112;234;0.00077043
815;0NC006053NCU;113;234;0.00156020
815;0NC006053NCU;114;234;0.00149425
815;0NC006053NCU;115;234;0.00149425
815;0NC006053NCU;116;234;0.00042960
815;0NC006053NCU;117;234;0.00052230
815;0NC006053NCU;118;234;0.00054023
815;0NC006053NCU;119;234;0.00055192
815;0NC006053NCU;120;234;0.00017381
815;0NC006053NCU;110;235;0.00029820
815;0NC006053NCU;111;235;0.00239396
815;0NC006053NCU;112;235;0.00079062
815;0NC006053NCU;116;235;0.00130486
815;0NC006053NCU;117;235;0.00044362
815;0NC006053NCU;109;236;0.00074607
815;0NC006053NCU;110;236;0.00283104
815;0NC006053NCU;117;236;0.00094449
815;0NC006053NCU;109;237;0.00041205
815;0NC006053NCU;117;237;0.00073718
815;0NC006053NCU;117;238;0.00098783
815;0NC006053NCU;118;238;0.00027170
815;0NC006053NCU;118;239;0.00399037
815;0NC006053NCU;119;239;0.00970487
815;0NC006053NCU;120;239;0.00879787
815;0NC006053NCU;120;240;0.00437882
815;0NC006053NCU;121;240;0.00881077
815;0NC006053NCU;126;240;0.06850845
815;0NC006053NCU;121;241;0.00466593
815;0NC006053NCU;122;241;0.05347234
815;0NC006053NCU;123;241;0.03094699
815;0NC006053NCU;124;241;0.03761311
815;0NC006053NCU;125;241;0.05793573
815;0NC006053NCU;126;241;0.00022199
815;0NC006053NCU;122;242;0.03218872
815;0NC006053NCU;123;242;0.00303388
815;0NC006053NCU;124;242;0.01220171
815;0NC006053NCU;117;243;0.02457737
815;0NC006053NCU;118;243;0.03615061
815;0NC006053NCU;119;243;0.03615061
815;0NC006053NCU;120;243;0.03615061
815;0NC006053NCU;121;243;0.03615061
815;0NC006053NCU;122;243;0.03178315
815;0NC006053NCU;113;244;0.00411719
815;0NC006053NCU;114;244;0.03318403
815;0NC006053NCU;115;244;0.03318403
815;0NC006053NCU;116;244;0.03455067
815;0NC006053NCU;117;244;0.01157324
815;0NC006053NCU;122;244;0.00555613
815;0NC006053NCU;123;244;0.00037568
815;0NC006053NCU;111;245;0.01930417
815;0NC006053NCU;112;245;0.03318403
815;0NC006053NCU;113;245;0.02906684
815;0NC006053NCU;123;245;0.00645658
815;0NC006053NCU;111;246;0.04318936
815;0NC006053NCU;123;246;0.00218183
815;0NC006053NCU;124;246;0.00480041
815;0NC006053NCU;109;247;0.01430561
815;0NC006053NCU;110;247;0.04532717
815;0NC006053NCU;111;247;0.00748579
815;0NC006053NCU;124;247;0.00322402
815;0NC006053NCU;125;247;0.00368356
815;0NC006053NCU;108;248;0.02132268
815;0NC006053NCU;109;248;0.02620467
815;0NC006053NCU;125;248;0.00589694
815;0NC006053NCU;108;249;0.00182317
815;0NC006053NCU;125;249;0.00059620
815;0NC006053NCU;126;249;0.00530074
815;0NC006053NCU;126;250;0.00589694
815;0NC006053NCU;126;251;0.00046538
815;0NC006053NCU;127;251;0.00534492
815;0NC006053NCU;127;252;0.00539631
815;0NC006053NCU;127;253;0.00539631
815;0NC006053NCU;127;254;0.00287378
815;0NC006053NCU;128;254;0.00252253
815;0NC006053NCU;128;255;0.00539631
815;0NC006053NCU;128;256;0.00547526
815;0NC006053NCU;127;257;0.00329392
815;0NC006053NCU;128;257;0.00396719
815;0NC006053NCU;127;258;0.00094324
815;0SF0060070BA;141;161;0.00767452
815;0SF0060070BA;140;162;0.05768154
815;0SF0060070BA;141;162;0.01571837
815;0SF0060070BA;142;162;0.00002152
815;0SF0060070BA;144;162;0.00000355
815;0SF0060070BA;139;163;0.00020465
815;0SF0060070BA;140;163;0.05397399
815;0SF0060070BA;141;163;0.00404603
815;0SF0060070BA;142;163;0.00005646
815;0SF0060070BA;144;163;0.00002505
815;0SF0060070BA;145;163;0.00283888
815;0SF0060070BA;136;164;0.00069662
815;0SF0060070BA;137;164;0.00036165
815;0SF0060070BA;139;164;0.02099440
815;0SF0060070BA;140;164;0.02953917
815;0SF0060070BA;141;164;0.00052840
815;0SF0060070BA;143;164;0.00003533
815;0SF0060070BA;144;164;0.00000648
815;0SF0060070BA;145;164;0.00169280
815;0SF0060070BA;146;164;0.00183260
815;0SF0060070BA;148;164;0.00041612
815;0SF0060070BA;135;165;0.01256326
815;0SF0060070BA;136;165;0.00030434
815;0SF0060070BA;137;165;0.00174877
815;0SF0060070BA;138;165;0.00155264
815;0SF0060070BA;139;165;0.04536860
815;0SF0060070BA;140;165;0.00002772
815;0SF0060070BA;142;165;0.00003244
815;0SF0060070BA;143;165;0.00017626
815;0SF0060070BA;145;165;0.00011461
815;0SF0060070BA;146;165;0.00386319
815;0SF0060070BA;147;165;0.00039952
815;0SF0060070BA;148;165;0.00015146
815;0SF0060070BA;133;166;0.01771188
815;0SF0060070BA;134;166;0.00023239
815;0SF0060070BA;135;166;0.00687328
815;0SF0060070BA;136;166;0.02736341
815;0SF0060070BA;137;166;0.02659497
815;0SF0060070BA;138;166;0.06642707
815;0SF0060070BA;139;166;0.00023099
815;0SF0060070BA;142;166;0.00018099
815;0SF0060070BA;143;166;0.00008576
815;0SF0060070BA;144;166;0.00012626
815;0SF0060070BA;145;166;0.00146848
815;0SF0060070BA;146;166;0.00350818
815;0SF0060070BA;147;166;0.00087896
815;0SF0060070BA;130;167;0.00285855
815;0SF0060070BA;131;167;0.01290841
815;0SF0060070BA;132;167;0.02748825
815;0SF0060070BA;133;167;0.05089128
815;0SF0060070BA;134;167;0.00025678
815;0SF0060070BA;135;167;0.00015552
815;0SF0060070BA;136;167;0.00017661
815;0SF0060070BA;137;167;0.00172234
815;0SF0060070BA;138;167;0.05729007
815;0SF0060070BA;139;167;0.00524170
815;0SF0060070BA;140;167;0.00142606
815;0SF0060070BA;141;167;0.00019948
815;0SF0060070BA;142;167;0.00003200
815;0SF0060070BA;144;167;0.00004838
815;0SF0060070BA;145;167;0.00491425
815;0SF0060070BA;146;167;0.00245295
815;0SF0060070BA;147;167;0.00009299
815;0SF0060070BA;131;168;0.00007775
815;0SF0060070BA;132;168;0.02403036
815;0SF0060070BA;133;168;0.02672069
815;0SF0060070BA;134;168;0.00017045
815;0SF0060070BA;135;168;0.00012471
815;0SF0060070BA;136;168;0.00001923
815;0SF0060070BA;137;168;0.00159350
815;0SF0060070BA;138;168;0.04607397
815;0SF0060070BA;139;168;0.00998583
815;0SF0060070BA;140;168;0.00195712
815;0SF0060070BA;141;168;0.00106693
815;0SF0060070BA;142;168;0.00029014
815;0SF0060070BA;143;168;0.00015702
815;0SF0060070BA;144;168;0.00044178
815;0SF0060070BA;145;168;0.00685959
815;0SF0060070BA;146;168;0.00027600
815;0SF0060070BA;147;168;0.00003629
815;0SF0060070BA;132;169;0.00214667
815;0SF0060070BA;133;169;0.04565073
815;0SF0060070BA;134;169;0.02161982
815;0SF0060070BA;135;169;0.00365103
815;0SF0060070BA;136;169;0.00394339
815;0SF0060070BA;137;169;0.01483625
815;0SF0060070BA;138;169;0.03557174
815;0SF0060070BA;139;169;0.02541705
815;0SF0060070BA;140;169;0.01350676
815;0SF0060070BA;141;169;0.01476942
815;0SF0060070BA;142;169;0.01595760
815;0SF0060070BA;143;169;0.01342147
815;0SF0060070BA;144;169;0.00927612
815;0SF0060070BA;145;169;0.00288874
815;0SF0060070BA;146;169;0.00023089
815;0SF0060070BA;147;169;0.00006676
815;0SF0060070BA;134;170;0.03526383
815;0SF0060070BA;135;170;0.01049880
815;0SF0060070BA;136;170;0.00002504
815;0SF0060070BA;137;170;0.01502572
815;0SF0060070BA;138;170;0.00046574
815;0SF0060070BA;139;170;0.00001053
815;0SF0060070BA;140;170;0.00321016
815;0SF0060070BA;141;170;0.00017053
815;0SF0060070BA;142;170;0.00021294
815;0SF0060070BA;135;171;0.00779173
815;SCC006056VEN;206;61;0.00023684
815;SCC006056VEN;207;61;0.00125198
815;SCC006056VEN;204;62;0.00223687
815;SCC006056VEN;205;62;0.00509490
815;SCC006056VEN;206;62;0.00462256
815;SCC006056VEN;203;63;0.00135384
815;SCC006056VEN;204;63;0.00469880
815;SCC006056VEN;207;63;0.00008107
815;SCC006056VEN;208;63;0.00003020
815;SCC006056VEN;200;64;0.00015473
815;SCC006056VEN;201;64;0.00397438
815;SCC006056VEN;202;64;0.00438309
815;SCC006056VEN;203;64;0.00666333
815;SCC006056VEN;204;64;0.00212210
815;SCC006056VEN;205;64;0.00148705
815;SCC006056VEN;206;64;0.00117137
815;SCC006056VEN;207;64;0.00027186
815;SCC006056VEN;208;64;0.00027916
815;SCC006056VEN;209;64;0.00740539
815;SCC006056VEN;210;64;0.00551783
815;SCC006056VEN;200;65;0.00146671
815;SCC006056VEN;201;65;0.00834524
815;SCC006056VEN;202;65;0.01356706
815;SCC006056VEN;203;65;0.00231695
815;SCC006056VEN;204;65;0.00187087
815;SCC006056VEN;205;65;0.00040270
815;SCC006056VEN;206;65;0.00101901
815;SCC006056VEN;207;65;0.03722679
815;SCC006056VEN;208;65;0.03856328
815;SCC006056VEN;209;65;0.03794597
815;SCC006056VEN;210;65;0.00125156
815;SCC006056VEN;211;65;0.00049736
815;SCC006056VEN;212;65;0.00004895
815;SCC006056VEN;213;65;0.00014894
815;SCC006056VEN;200;66;0.00211238
815;SCC006056VEN;201;66;0.01384312
815;SCC006056VEN;202;66;0.03946846
815;SCC006056VEN;203;66;0.02906917
815;SCC006056VEN;204;66;0.03088302
815;SCC006056VEN;205;66;0.03316782
815;SCC006056VEN;206;66;0.03190672
815;SCC006056VEN;207;66;0.00125825
815;SCC006056VEN;208;66;0.00207823
815;SCC006056VEN;209;66;0.00925815
815;SCC006056VEN;210;66;0.00022604
815;SCC006056VEN;213;66;0.00005144
815;SCC006056VEN;199;67;0.01711242
815;SCC006056VEN;200;67;0.03285285
815;SCC006056VEN;201;67;0.03469425
815;SCC006056VEN;202;67;0.00471945
815;SCC006056VEN;203;67;0.00145590
815;SCC006056VEN;204;67;0.00127470
815;SCC006056VEN;205;67;0.00284868
815;SCC006056VEN;206;67;0.00225664
815;SCC006056VEN;207;67;0.00088716
815;SCC006056VEN;208;67;0.00184486
815;SCC006056VEN;209;67;0.01040040
815;SCC006056VEN;210;67;0.00279262
815;SCC006056VEN;211;67;0.00146819
815;SCC006056VEN;212;67;0.00014460
815;SCC006056VEN;213;67;0.00059209
815;SCC006056VEN;214;67;0.00004209
815;SCC006056VEN;197;68;0.00425298
815;SCC006056VEN;198;68;0.02263585
815;SCC006056VEN;199;68;0.01405343
815;SCC006056VEN;200;68;0.00117974
815;SCC006056VEN;201;68;0.00430789
815;SCC006056VEN;202;68;0.01155832
815;SCC006056VEN;203;68;0.00104512
815;SCC006056VEN;204;68;0.00034710
815;SCC006056VEN;205;68;0.00051656
815;SCC006056VEN;206;68;0.00053950
815;SCC006056VEN;207;68;0.00157609
815;SCC006056VEN;208;68;0.00732144
815;SCC006056VEN;209;68;0.01238221
815;SCC006056VEN;210;68;0.01353614
815;SCC006056VEN;211;68;0.01584815
815;SCC006056VEN;212;68;0.01850186
815;SCC006056VEN;213;68;0.01940872
815;SCC006056VEN;214;68;0.00349037
815;SCC006056VEN;196;69;0.01598367
815;SCC006056VEN;197;69;0.01389462
815;SCC006056VEN;199;69;0.00549538
815;SCC006056VEN;202;69;0.00010185
815;SCC006056VEN;203;69;0.00985699
815;SCC006056VEN;204;69;0.00284464
815;SCC006056VEN;206;69;0.00088779
815;SCC006056VEN;207;69;0.00060767
815;SCC006056VEN;208;69;0.00137503
815;SCC006056VEN;212;69;0.00023342
815;SCC006056VEN;195;70;0.01753835
815;SCC006056VEN;196;70;0.00512880
815;SCC006056VEN;198;70;0.00484092
815;SCC006056VEN;199;70;0.00083180
815;SCC006056VEN;200;70;0.00071229
815;SCC006056VEN;202;70;0.00005620
815;SCC006056VEN;203;70;0.00006024
815;SCC006056VEN;204;70;0.01201761
815;SCC006056VEN;205;70;0.01157777
815;SCC006056VEN;206;70;0.00447356
815;SCC006056VEN;207;70;0.00203010
815;SCC006056VEN;208;70;0.00014780
815;SCC006056VEN;195;71;0.00112134
815;SCC006056VEN;197;71;0.00003561
815;SCC006056VEN;198;71;0.00272817
815;SCC006056VEN;199;71;0.00257991
815;SCC006056VEN;203;71;0.00167684
815;SCC006056VEN;204;71;0.00236748
815;SCC006056VEN;206;71;0.00842229
815;SCC006056VEN;207;71;0.01139199
815;SCC006056VEN;208;71;0.01126395
815;SCC006056VEN;209;71;0.01132759
815;SCC006056VEN;210;71;0.01255032
815;SCC006056VEN;211;71;0.01162729
815;SCC006056VEN;212;71;0.00934358
815;SCC006056VEN;198;72;0.00030073
815;SCC006056VEN;199;72;0.00770420
815;SCC006056VEN;200;72;0.00463438
815;SCC006056VEN;201;72;0.00583486
815;SCC006056VEN;202;72;0.00391361
815;SCC006056VEN;203;72;0.00420478
815;SCC006056VEN;210;72;0.00016548
815;SCC006056VEN;211;72;0.00017675
815;SCC006056VEN;198;73;0.00207349
815;SCC006056VEN;199;73;0.00628039
815;SCC006056VEN;200;73;0.00002249
815;SCC006056VEN;201;73;0.00015460
815;SCC006056VEN;197;74;0.00000001
815;SCC006056VEN;198;74;0.00103682
815;SCC006056VEN;199;74;0.01495721
815;SCC006056VEN;200;74;0.00089262
815;SCC006056VEN;199;75;0.00551187
815;SCC006056VEN;200;75;0.01204100
815;SCC006056VEN;197;76;0.00169389
815;SCC006056VEN;198;76;0.00730676
815;SCC006056VEN;199;76;0.00949839
815;SCC006056VEN;197;77;0.00826356
815;SCC006056VEN;197;78;0.01596667
815;SCC006056VEN;197;79;0.00960801
815;SCC006056VEN;198;79;0.00007857
815;SCC006056VEN;199;79;0.00006679
815;SCC006056VEN;196;80;0.00816406
815;SCC006056VEN;197;80;0.00160891
815;SCC006056VEN;199;80;0.00002441
815;SCC006056VEN;200;80;0.00009021
815;SCC006056VEN;201;80;0.00008837
815;SCC006056VEN;202;80;0.00008444
815;SCC006056VEN;203;80;0.00009326
815;SCC006056VEN;195;81;0.00290832
815;SCC006056VEN;196;81;0.00649843
815;SCC006056VEN;203;81;0.00001467
815;SCC006056VEN;204;81;0.00003120
815;SCC006056VEN;198;84;0.00140997
815;SCC006056VEN;199;84;0.00054306
815;0MC006055TUO;174;159;0.00533307
815;0MC006055TUO;174;160;0.00046517
815;0MC006055TUO;175;160;0.00466433
815;0MC006055TUO;175;161;0.00125640
815;0MC006055TUO;176;162;0.00018246
815;0MC006055TUO;177;162;0.00475419
815;0MC006055TUO;186;162;0.00474929
815;0MC006055TUO;187;162;0.00099533
815;0MC006055TUO;176;163;0.00808859
815;0MC006055TUO;185;163;0.00194902
815;0MC006055TUO;186;163;0.00135050
815;0MC006055TUO;187;163;0.00379477
815;0MC006055TUO;188;163;0.00299266
815;0MC006055TUO;168;164;0.00736075
815;0MC006055TUO;169;164;0.03329626
815;0MC006055TUO;170;164;0.00335052
815;0MC006055TUO;171;164;0.03800798
815;0MC006055TUO;174;164;0.00348144
815;0MC006055TUO;175;164;0.00691502
815;0MC006055TUO;176;164;0.00992593
815;0MC006055TUO;177;164;0.01327818
815;0MC006055TUO;178;164;0.00210807
815;0MC006055TUO;179;164;0.00233273
815;0MC006055TUO;180;164;0.00202529
815;0MC006055TUO;181;164;0.00126374
815;0MC006055TUO;182;164;0.00240229
815;0MC006055TUO;183;164;0.00240229
815;0MC006055TUO;184;164;0.00240229
815;0MC006055TUO;185;164;0.00129010
815;0MC006055TUO;188;164;0.00192505
815;0MC006055TUO;189;164;0.00486238
815;0MC006055TUO;169;165;0.02118417
815;0MC006055TUO;170;165;0.04033974
815;0MC006055TUO;171;165;0.04196521
815;0MC006055TUO;172;165;0.00511434
815;0MC006055TUO;173;165;0.00827273
815;0MC006055TUO;174;165;0.00312860
815;0MC006055TUO;176;165;0.01010481
815;0MC006055TUO;189;165;0.00005533
815;0MC006055TUO;190;165;0.00183186
815;0MC006055TUO;194;165;0.00226214
815;0MC006055TUO;195;165;0.00298333
815;0MC006055TUO;170;166;0.00239536
815;0MC006055TUO;171;166;0.00654470
815;0MC006055TUO;172;166;0.04687389
815;0MC006055TUO;173;166;0.01169476
815;0MC006055TUO;176;166;0.00989037
815;0MC006055TUO;195;166;0.00109730
815;0MC006055TUO;196;166;0.00418401
815;0MC006055TUO;197;166;0.00424471
815;0MC006055TUO;198;166;0.00213185
815;0MC006055TUO;173;167;0.06479860
815;0MC006055TUO;176;167;0.01571004
815;0MC006055TUO;172;168;0.00438717
815;0MC006055TUO;173;168;0.01718660
815;0MC006055TUO;174;168;0.04886146
815;0MC006055TUO;175;168;0.04444549
815;0MC006055TUO;176;168;0.03574129
815;0MC006055TUO;177;168;0.03130025
815;0MC006055TUO;172;169;0.01134885
815;0MC006055TUO;173;169;0.01315006
815;0MC006055TUO;174;169;0.01717725
815;0MC006055TUO;176;169;0.00723080
815;0MC006055TUO;177;169;0.02767892
815;0MC006055TUO;174;170;0.02029835
815;0MC006055TUO;175;170;0.00377270
815;0MC006055TUO;176;170;0.00435799
815;0MC006055TUO;177;170;0.00674184
815;0MC006055TUO;178;170;0.01917663
815;0MC006055TUO;178;171;0.00388598
815;0MC006055TUO;179;171;0.02163178
815;0MC006055TUO;179;172;0.00078091
815;0MC006055TUO;180;172;0.02241269
815;0MC006055TUO;181;172;0.00232415
815;0MC006055TUO;181;173;0.02008854
815;0MC006055TUO;182;173;0.00542922
815;0MC006055TUO;182;174;0.01413296
815;0MC006055TUO;182;175;0.01116875
815;0MC006055TUO;182;176;0.00878224
815;0MC006055TUO;183;176;0.00406035
815;0MC006055TUO;183;177;0.01272882
815;0MC006055TUO;184;177;0.00195417
815;0MC006055TUO;184;178;0.01324298
815;0MC006055TUO;185;178;0.01130117
815;0MC006055TUO;186;178;0.01130117
815;0MC006055TUO;187;178;0.01122346
815;0MC006055TUO;188;178;0.01106113
815;0MC006055TUO;189;178;0.01106113
815;0MC006055TUO;190;178;0.00255880
815;0SV006004BUT;144;204;0.00008781
815;0SV006004BUT;145;204;0.00006975
815;0SV006004BUT;147;204;0.00478035
815;0SV006004BUT;149;204;0.00295494
815;0SV006004BUT;150;204;0.00003981
815;0SV006004BUT;151;204;0.00000811
815;0SV006004BUT;144;205;0.00010249
815;0SV006004BUT;145;205;0.00053681
815;0SV006004BUT;146;205;0.00089717
815;0SV006004BUT;147;205;0.01410992
815;0SV006004BUT;148;205;0.00156784
815;0SV006004BUT;149;205;0.00566086
815;0SV006004BUT;150;205;0.00050869
815;0SV006004BUT;151;205;0.00014042
815;0SV006004BUT;152;205;0.00008568
815;0SV006004BUT;142;206;0.00002813
815;0SV006004BUT;143;206;0.00040904
815;0SV006004BUT;144;206;0.00045251
815;0SV006004BUT;145;206;0.00049927
815;0SV006004BUT;146;206;0.00334697
815;0SV006004BUT;147;206;0.01615166
815;0SV006004BUT;148;206;0.01491643
815;0SV006004BUT;149;206;0.00032178
815;0SV006004BUT;150;206;0.00047777
815;0SV006004BUT;152;206;0.00075170
815;0SV006004BUT;153;206;0.00022121
815;0SV006004BUT;143;207;0.00006016
815;0SV006004BUT;144;207;0.00011753
815;0SV006004BUT;145;207;0.00027190
815;0SV006004BUT;146;207;0.00231223
815;0SV006004BUT;147;207;0.00980046
815;0SV006004BUT;148;207;0.01137746
815;0SV006004BUT;149;207;0.00156828
815;0SV006004BUT;150;207;0.00124097
815;0SV006004BUT;151;207;0.00016590
815;0SV006004BUT;152;207;0.00510039
815;0SV006004BUT;153;207;0.00015607
815;0SV006004BUT;154;207;0.00008997
815;0SV006004BUT;143;208;0.00046448
815;0SV006004BUT;144;208;0.00087864
815;0SV006004BUT;145;208;0.00087679
815;0SV006004BUT;146;208;0.00092092
815;0SV006004BUT;147;208;0.00930940
815;0SV006004BUT;148;208;0.00229022
815;0SV006004BUT;149;208;0.01731347
815;0SV006004BUT;150;208;0.01043356
815;0SV006004BUT;151;208;0.00482504
815;0SV006004BUT;152;208;0.00483190
815;0SV006004BUT;153;208;0.00012049
815;0SV006004BUT;154;208;0.00017900
815;0SV006004BUT;145;209;0.00104785
815;0SV006004BUT;146;209;0.00305354
815;0SV006004BUT;147;209;0.00979775
815;0SV006004BUT;148;209;0.00311409
815;0SV006004BUT;149;209;0.02704625
815;0SV006004BUT;150;209;0.02733611
815;0SV006004BUT;151;209;0.00882235
815;0SV006004BUT;152;209;0.00331620
815;0SV006004BUT;153;209;0.00154784
815;0SV006004BUT;154;209;0.00183521
815;0SV006004BUT;155;209;0.00001693
815;0SV006004BUT;142;210;0.00004885
815;0SV006004BUT;145;210;0.00094774
815;0SV006004BUT;146;210;0.00010482
815;0SV006004BUT;147;210;0.00848649
815;0SV006004BUT;148;210;0.00044077
815;0SV006004BUT;149;210;0.02757915
815;0SV006004BUT;150;210;0.01438255
815;0SV006004BUT;151;210;0.00772846
815;0SV006004BUT;152;210;0.00487052
815;0SV006004BUT;153;210;0.00000237
815;0SV006004BUT;154;210;0.00059932
815;0SV006004BUT;155;210;0.00077665
815;0SV006004BUT;156;210;0.00030707
815;0SV006004BUT;142;211;0.00008099
815;0SV006004BUT;143;211;0.00004675
815;0SV006004BUT;144;211;0.00004679
815;0SV006004BUT;145;211;0.00109369
815;0SV006004BUT;146;211;0.00007736
815;0SV006004BUT;147;211;0.00844212
815;0SV006004BUT;148;211;0.01077664
815;0SV006004BUT;149;211;0.00985081
815;0SV006004BUT;150;211;0.00104885
815;0SV006004BUT;152;211;0.00367799
815;0SV006004BUT;154;211;0.00036939
815;0SV006004BUT;155;211;0.00025536
815;0SV006004BUT;141;212;0.00000209
815;0SV006004BUT;142;212;0.00009145
815;0SV006004BUT;143;212;0.00001034
815;0SV006004BUT;144;212;0.00004356
815;0SV006004BUT;145;212;0.00106617
815;0SV006004BUT;146;212;0.00000953
815;0SV006004BUT;147;212;0.01998008
815;0SV006004BUT;148;212;0.01692090
815;0SV006004BUT;149;212;0.00057212
815;0SV006004BUT;150;212;0.00071467
815;0SV006004BUT;152;212;0.00328128
815;0SV006004BUT;153;212;0.00062712
815;0SV006004BUT;154;212;0.00013411
815;0SV006004BUT;155;212;0.00018054
815;0SV006004BUT;156;212;0.00056686
815;0SV006004BUT;157;212;0.00002505
815;0SV006004BUT;141;213;0.00268445
815;0SV006004BUT;142;213;0.00129685
815;0SV006004BUT;143;213;0.00129883
815;0SV006004BUT;144;213;0.00196181
815;0SV006004BUT;145;213;0.00291480
815;0SV006004BUT;146;213;0.02160079
815;0SV006004BUT;147;213;0.01610290
815;0SV006004BUT;148;213;0.00739714
815;0SV006004BUT;149;213;0.00530734
815;0SV006004BUT;150;213;0.00100777
815;0SV006004BUT;152;213;0.00326144
815;0SV006004BUT;153;213;0.00154801
815;0SV006004BUT;154;213;0.00003382
815;0SV006004BUT;156;213;0.00039822
815;0SV006004BUT;157;213;0.00048626
815;0SV006004BUT;141;214;0.00009607
815;0SV006004BUT;142;214;0.00079589
815;0SV006004BUT;143;214;0.00206307
815;0SV006004BUT;144;214;0.00320088
815;0SV006004BUT;145;214;0.01918509
815;0SV006004BUT;146;214;0.01704160
815;0SV006004BUT;147;214;0.00005037
815;0SV006004BUT;148;214;0.00382145
815;0SV006004BUT;149;214;0.00354028
815;0SV006004BUT;150;214;0.00242467
815;0SV006004BUT;153;214;0.00066054
815;0SV006004BUT;154;214;0.00107880
815;0SV006004BUT;141;215;0.00000279
815;0SV006004BUT;142;215;0.00073746
815;0SV006004BUT;143;215;0.00329777
815;0SV006004BUT;144;215;0.04286619
815;0SV006004BUT;145;215;0.04411714
815;0SV006004BUT;146;215;0.01418069
815;0SV006004BUT;147;215;0.00611139
815;0SV006004BUT;148;215;0.00405788
815;0SV006004BUT;149;215;0.00324749
815;0SV006004BUT;150;215;0.00216300
815;0SV006004BUT;151;215;0.00045616
815;0SV006004BUT;152;215;0.00007404
815;0SV006004BUT;153;215;0.00135120
815;0SV006004BUT;154;215;0.00147203
815;0SV006004BUT;155;215;0.00064622
815;0SV006004BUT;140;216;0.00019198
815;0SV006004BUT;141;216;0.00779856
815;0SV006004BUT;142;216;0.00744059
815;0SV006004BUT;143;216;0.03961492
815;0SV006004BUT;144;216;0.09601882
815;0SV006004BUT;145;216;0.01604720
815;0SV006004BUT;146;216;0.00192808
815;0SV006004BUT;147;216;0.00931902
815;0SV006004BUT;148;216;0.02480678
815;0SV006004BUT;149;216;0.01631946
815;0SV006004BUT;150;216;0.00155229
815;0SV006004BUT;151;216;0.00115379
815;0SV006004BUT;155;216;0.00020435
815;0SV006004BUT;141;217;0.00086696
815;0SV006004BUT;142;217;0.00374918
815;0SV006004BUT;143;217;0.02422359
815;0SV006004BUT;144;217;0.00886633
815;0SV006004BUT;145;217;0.00007102
815;0SV006004BUT;146;217;0.00356147
815;0SV006004BUT;147;217;0.00006047
815;0SV006004BUT;148;217;0.00372566
815;0SV006004BUT;149;217;0.02273919
815;0SV006004BUT;150;217;0.00011945
815;0SV006004BUT;151;217;0.00162647
815;0SV006004BUT;152;217;0.00096284
815;0SV006004BUT;155;217;0.00010378
815;0SV006004BUT;140;218;0.00001834
815;0SV006004BUT;141;218;0.00010090
815;0SV006004BUT;142;218;0.00967261
815;0SV006004BUT;143;218;0.00180117
815;0SV006004BUT;144;218;0.00208178
815;0SV006004BUT;145;218;0.00007701
815;0SV006004BUT;146;218;0.00236038
815;0SV006004BUT;147;218;0.00234025
815;0SV006004BUT;148;218;0.00037135
815;0SV006004BUT;149;218;0.01712480
815;0SV006004BUT;152;218;0.00051263
815;0SV006004BUT;153;218;0.00070387
815;0SV006004BUT;140;219;0.00004366
815;0SV006004BUT;141;219;0.00589913
815;0SV006004BUT;142;219;0.00348842
815;0SV006004BUT;143;219;0.00010518
815;0SV006004BUT;144;219;0.00118808
815;0SV006004BUT;145;219;0.00122862
815;0SV006004BUT;147;219;0.00349305
815;0SV006004BUT;148;219;0.00037532
815;0SV006004BUT;149;219;0.00401950
815;0SV006004BUT;150;219;0.00002362
815;0SV006004BUT;153;219;0.00046308
815;0SV006004BUT;141;220;0.00223576
815;0SV006004BUT;142;220;0.00002321
815;0SV006004BUT;143;220;0.00001312
815;0SV006004BUT;145;220;0.00036963
815;0SV006004BUT;146;220;0.00086048
815;0SV006004BUT;147;220;0.00091398
815;0SV006004BUT;148;220;0.00056181
815;0SV006004BUT;149;220;0.00104788
815;0SV006004BUT;150;220;0.00087382
815;0SV006004BUT;146;221;0.00100927
815;0SV006004BUT;147;221;0.00000080
815;0SV006004BUT;148;221;0.00099791
815;0SV006004BUT;150;221;0.00065791
815;0SV006004BUT;146;222;0.00002914
815;0SV006004BUT;147;222;0.00004932
815;0SV006004BUT;148;222;0.00116387
815;0SV006004BUT;150;222;0.00100871
815;0SV006004BUT;151;222;0.00051610
815;0SV006004BUT;148;223;0.00102741
815;0SV006004BUT;150;223;0.00073131
815;0SV006004BUT;148;224;0.00041917
815;0SV006004BUT;149;224;0.00051654
815;0SV006004BUT;150;224;0.00017296
815;0SV006004BUT;149;225;0.00038034
815;0SV006004BUT;150;225;0.00077351
815;0SV006004BUT;151;225;0.00000160
815;0SV006004BUT;151;226;0.00000280
815;0SV006004BUT;152;226;0.00000220
815;0MC006046NSI;177;208;0.06594640
815;0MC006046NSI;182;208;0.16805780
815;0MC006046NSI;160;209;0.00039154
815;0MC006046NSI;161;209;0.00492041
815;0MC006046NSI;162;209;0.00056812
815;0MC006046NSI;176;209;0.03388818
815;0MC006046NSI;177;209;0.05052624
815;0MC006046NSI;162;210;0.00435229
815;0MC006046NSI;163;210;0.00492041
815;0MC006046NSI;164;210;0.00473773
815;0MC006046NSI;165;210;0.00023110
815;0MC006046NSI;175;210;0.02384001
815;0MC006046NSI;176;210;0.06770317
815;0MC006046NSI;165;211;0.00437278
815;0MC006046NSI;166;211;0.00460388
815;0MC006046NSI;167;211;0.00460388
815;0MC006046NSI;168;211;0.00460388
815;0MC006046NSI;169;211;0.00370466
815;0MC006046NSI;174;211;0.01599607
815;0MC006046NSI;175;211;0.06321253
815;0MC006046NSI;169;212;0.00226559
815;0MC006046NSI;170;212;0.00093932
815;0MC006046NSI;171;212;0.00058478
815;0MC006046NSI;172;212;0.00258697
815;0MC006046NSI;173;212;0.01125135
815;0MC006046NSI;174;212;0.03622415
815;0MC006046NSI;175;212;0.03641242
815;0MC006046NSI;169;213;0.00143994
815;0MC006046NSI;170;213;0.00039876
815;0MC006046NSI;171;213;0.00049360
815;0MC006046NSI;172;213;0.00338588
815;0MC006046NSI;173;213;0.01763718
815;0MC006046NSI;174;213;0.05576651
815;0MC006046NSI;175;213;0.00034698
815;0MC006046NSI;168;214;0.00033373
815;0MC006046NSI;169;214;0.00116615
815;0MC006046NSI;171;214;0.00161409
815;0MC006046NSI;172;214;0.00839982
815;0MC006046NSI;173;214;0.01476536
815;0MC006046NSI;175;214;0.06257125
815;0MC006046NSI;176;214;0.04967241
815;0MC006046NSI;177;214;0.06848715
815;0MC006046NSI;181;214;0.00368213
815;0MC006046NSI;182;214;0.03556567
815;0MC006046NSI;171;215;0.00388798
815;0MC006046NSI;173;215;0.00196504
815;0MC006046NSI;177;215;0.01352374
815;0MC006046NSI;181;215;0.03345097
815;0LC006017LAK;127;188;0.04337736
815;0LC006017LAK;127;189;0.04407644
815;0LC006017LAK;125;190;0.00070453
815;0LC006017LAK;126;190;0.00857332
815;0LC006017LAK;127;190;0.02883960
815;0LC006017LAK;128;190;0.01809826
815;0LC006017LAK;125;191;0.00644986
815;0LC006017LAK;128;191;0.02773492
815;0LC006017LAK;125;192;0.00704701
815;0LC006017LAK;127;192;0.03032338
815;0LC006017LAK;128;192;0.00712989
815;0LC006017LAK;124;193;0.00508446
815;0LC006017LAK;125;193;0.00824150
815;0LC006017LAK;127;193;0.03080893
815;0LC006017LAK;124;194;0.01641785
815;0LC006017LAK;125;194;0.01071470
815;0LC006017LAK;126;194;0.01012643
815;0LC006017LAK;127;194;0.04389717
815;0LC006017LAK;123;195;0.03446587
815;0LC006017LAK;124;195;0.00477798
815;0LC006017LAK;125;195;0.00174950
815;0LC006017LAK;127;195;0.05097310
815;0LC006017LAK;119;196;0.00643407
815;0LC006017LAK;120;196;0.03722876
815;0LC006017LAK;121;196;0.01686549
815;0LC006017LAK;122;196;0.01429135
815;0LC006017LAK;123;196;0.00431140
815;0LC006017LAK;127;196;0.03102212
815;0LC006017LAK;128;196;0.01354138
815;0LC006017LAK;129;196;0.03257159
815;0LC006017LAK;131;196;0.00740409
815;0LC006017LAK;121;197;0.03750676
815;0LC006017LAK;124;197;0.01109641
815;0LC006017LAK;125;197;0.01455016
815;0LC006017LAK;126;197;0.03428583
815;0LC006017LAK;127;197;0.01899538
815;0LC006017LAK;128;197;0.02014861
815;0LC006017LAK;129;197;0.00103680
815;0LC006017LAK;130;197;0.02840534
815;0LC006017LAK;131;197;0.01691285
815;0LC006017LAK;120;198;0.00627153
815;0LC006017LAK;121;198;0.02152360
815;0LC006017LAK;124;198;0.02565345
815;0LC006017LAK;120;199;0.00540495
815;0LC006017LAK;121;199;0.02454992
815;0LC006017LAK;123;199;0.01963673
815;0LC006017LAK;124;199;0.00253065
815;0LC006017LAK;119;200;0.00462630
815;0LC006017LAK;120;200;0.00015221
815;0LC006017LAK;121;200;0.01145325
815;0LC006017LAK;122;200;0.02803262
815;0LC006017LAK;123;200;0.00227793
815;0LC006017LAK;119;201;0.02577229
815;0LC006017LAK;120;201;0.01694624
815;0LC006017LAK;121;201;0.01446233
815;0LC006017LAK;118;202;0.00428711
815;0LC006017LAK;119;202;0.00019842
815;NEP006025MOD;159;255;0.00073632
815;NEP006025MOD;162;255;0.01297818
815;NEP006025MOD;163;255;0.01552887
815;NEP006025MOD;171;255;0.00584694
815;NEP006025MOD;159;256;0.00082057
815;NEP006025MOD;163;256;0.02598923
815;NEP006025MOD;171;256;0.00609275
815;NEP006025MOD;159;257;0.00082057
815;NEP006025MOD;163;257;0.01766873
815;NEP006025MOD;164;257;0.00841649
815;NEP006025MOD;171;257;0.00609275
815;NEP006025MOD;159;258;0.00070638
815;NEP006025MOD;163;258;0.02464909
815;NEP006025MOD;164;258;0.00232425
815;NEP006025MOD;171;258;0.00609275
815;NEP006025MOD;158;259;0.00006938
815;NEP006025MOD;159;259;0.00000147
815;NEP006025MOD;162;259;0.00113878
815;NEP006025MOD;163;259;0.02583456
815;NEP006025MOD;171;259;0.00610368
815;NEP006025MOD;157;260;0.00001008
815;NEP006025MOD;158;260;0.00005005
815;NEP006025MOD;162;260;0.00911784
815;NEP006025MOD;163;260;0.02158428
815;NEP006025MOD;171;260;0.00611008
815;NEP006025MOD;158;261;0.00005599
815;NEP006025MOD;163;261;0.01479552
815;NEP006025MOD;164;261;0.01749083
815;NEP006025MOD;166;261;0.00966044
815;NEP006025MOD;167;261;0.01030326
815;NEP006025MOD;168;261;0.01036800
815;NEP006025MOD;169;261;0.01183311
815;NEP006025MOD;171;261;0.00611009
815;NEP006025MOD;158;262;0.00005599
815;NEP006025MOD;162;262;0.00048257
815;NEP006025MOD;163;262;0.00688772
815;NEP006025MOD;164;262;0.01323298
815;NEP006025MOD;165;262;0.02181449
815;NEP006025MOD;166;262;0.02181449
815;NEP006025MOD;167;262;0.02181449
815;NEP006025MOD;168;262;0.00652013
815;NEP006025MOD;169;262;0.00018303
815;NEP006025MOD;170;262;0.01344873
815;NEP006025MOD;171;262;0.00610887
815;NEP006025MOD;158;263;0.00005599
815;NEP006025MOD;160;263;0.00279802
815;NEP006025MOD;161;263;0.00566630
815;NEP006025MOD;162;263;0.00590262
815;NEP006025MOD;168;263;0.01529436
815;NEP006025MOD;169;263;0.02176189
815;NEP006025MOD;170;263;0.02182006
815;NEP006025MOD;171;263;0.07081103
815;NEP006025MOD;172;263;0.01078772
815;NEP006025MOD;178;263;0.00356702
815;NEP006025MOD;158;264;0.00382793
815;NEP006025MOD;159;264;0.00566630
815;NEP006025MOD;160;264;0.00286829
815;NEP006025MOD;171;264;0.02515265
815;NEP006025MOD;172;264;0.02810249
815;NEP006025MOD;173;264;0.01024657
815;NEP006025MOD;174;264;0.01024657
815;NEP006025MOD;175;264;0.00007307
815;NEP006025MOD;176;264;0.00764641
815;NEP006025MOD;177;264;0.01056722
815;NEP006025MOD;178;264;0.00971719
815;NEP006025MOD;179;264;0.00140038
815;NEP006025MOD;180;264;0.00140044
815;NEP006025MOD;181;264;0.00140047
815;NEP006025MOD;182;264;0.00001012
815;NEP006025MOD;158;265;0.00633094
815;NEP006025MOD;172;265;0.00140307
815;NEP006025MOD;173;265;0.01478467
815;NEP006025MOD;175;265;0.01022767
815;NEP006025MOD;176;265;0.00292152
815;NEP006025MOD;178;265;0.00138362
815;NEP006025MOD;157;266;0.00571956
815;NEP006025MOD;158;266;0.00061137
815;NEP006025MOD;173;266;0.01618775
815;NEP006025MOD;177;266;0.00016493
815;NEP006025MOD;178;266;0.00140870
815;NEP006025MOD;156;267;0.00034717
815;NEP006025MOD;157;267;0.00590550
815;NEP006025MOD;173;267;0.01618775
815;NEP006025MOD;177;267;0.00148004
815;NEP006025MOD;156;268;0.00613558
815;NEP006025MOD;173;268;0.00694124
815;NEP006025MOD;174;268;0.00924650
815;NEP006025MOD;177;268;0.00139199
815;NEP006025MOD;156;269;0.00613558
815;NEP006025MOD;173;269;0.00027818
815;NEP006025MOD;174;269;0.01617113
815;NEP006025MOD;177;269;0.00035570
815;NEP006025MOD;178;269;0.00103629
815;NEP006025MOD;155;270;0.00565734
815;NEP006025MOD;156;270;0.00017849
815;NEP006025MOD;172;270;0.00027152
815;NEP006025MOD;173;270;0.00031504
815;NEP006025MOD;174;270;0.01545098
815;NEP006025MOD;178;270;0.00139199
815;NEP006025MOD;155;271;0.00552704
815;NEP006025MOD;172;271;0.00046610
815;NEP006025MOD;174;271;0.01545098
815;NEP006025MOD;178;271;0.00139199
815;NEP006025MOD;155;272;0.00808538
815;NEP006025MOD;172;272;0.00046610
815;NEP006025MOD;174;272;0.00550888
815;NEP006025MOD;175;272;0.00994210
815;NEP006025MOD;178;272;0.00147149
815;NEP006025MOD;154;273;0.00775567
815;NEP006025MOD;155;273;0.01549886
815;NEP006025MOD;172;273;0.00046610
815;NEP006025MOD;175;273;0.01545098
815;NEP006025MOD;178;273;0.00036219
815;NEP006025MOD;179;273;0.00126267
815;NEP006025MOD;153;274;0.01052401
815;NEP006025MOD;154;274;0.00691496
815;NEP006025MOD;155;274;0.00581556
815;NEP006025MOD;172;274;0.00046610
815;NEP006025MOD;175;274;0.01545098
815;NEP006025MOD;179;274;0.00128884
815;NEP006025MOD;180;274;0.00033602
815;NEP006025MOD;152;275;0.00267034
815;NEP006025MOD;153;275;0.00505156
815;NEP006025MOD;155;275;0.00004461
815;NEP006025MOD;171;275;0.00039868
815;NEP006025MOD;172;275;0.00006742
815;NEP006025MOD;175;275;0.01545098
815;NEP006025MOD;180;275;0.00162486
815;NEP006025MOD;171;276;0.00036923
815;NEP006025MOD;175;276;0.01013455
815;NEP006025MOD;176;276;0.00227154
815;NEP006025MOD;180;276;0.00059062
815;NEP006025MOD;181;276;0.00084483
815;0MC0060090ED;160;183;0.00046371
815;0MC0060090ED;161;183;0.00019392
815;0MC0060090ED;162;183;0.00195338
815;0MC0060090ED;166;183;0.00234864
815;0MC0060090ED;167;183;0.00007998
815;0MC0060090ED;171;183;0.00041193
815;0MC0060090ED;172;183;0.00059627
815;0MC0060090ED;173;183;0.00032686
815;0MC0060090ED;174;183;0.00000608
815;0MC0060090ED;175;183;0.00000405
815;0MC0060090ED;176;183;0.00000326
815;0MC0060090ED;160;184;0.00006955
815;0MC0060090ED;161;184;0.00462289
815;0MC0060090ED;162;184;0.00042065
815;0MC0060090ED;164;184;0.00551297
815;0MC0060090ED;166;184;0.00005195
815;0MC0060090ED;167;184;0.00071808
815;0MC0060090ED;168;184;0.00095976
815;0MC0060090ED;169;184;0.00097887
815;0MC0060090ED;170;184;0.00080187
815;0MC0060090ED;171;184;0.00021805
815;0MC0060090ED;176;184;0.00000549
815;0MC0060090ED;177;184;0.00000038
815;0MC0060090ED;160;185;0.00466160
815;0MC0060090ED;161;185;0.00174360
815;0MC0060090ED;162;185;0.00097778
815;0MC0060090ED;163;185;0.00000039
815;0MC0060090ED;164;185;0.00260859
815;0MC0060090ED;165;185;0.00115327
815;0MC0060090ED;166;185;0.00097020
815;0MC0060090ED;167;185;0.00205405
815;0MC0060090ED;168;185;0.00143795
815;0MC0060090ED;169;185;0.00098637
815;0MC0060090ED;170;185;0.00065583
815;0MC0060090ED;177;185;0.00000687
815;0MC0060090ED;159;186;0.05425831
815;0MC0060090ED;160;186;0.09685011
815;0MC0060090ED;161;186;0.06689798
815;0MC0060090ED;162;186;0.03513247
815;0MC0060090ED;163;186;0.00139004
815;0MC0060090ED;164;186;0.00204450
815;0MC0060090ED;166;186;0.00043454
815;0MC0060090ED;167;186;0.00521235
815;0MC0060090ED;168;186;0.00316521
815;0MC0060090ED;169;186;0.00099162
815;0MC0060090ED;170;186;0.00081105
815;0MC0060090ED;171;186;0.00094213
815;0MC0060090ED;177;186;0.00002017
815;0MC0060090ED;178;186;0.00000067
815;0MC0060090ED;159;187;0.01999830
815;0MC0060090ED;160;187;0.01656916
815;0MC0060090ED;161;187;0.02290621
815;0MC0060090ED;162;187;0.04064039
815;0MC0060090ED;163;187;0.05968839
815;0MC0060090ED;164;187;0.01484255
815;0MC0060090ED;165;187;0.01053331
815;0MC0060090ED;166;187;0.00952751
815;0MC0060090ED;167;187;0.00775423
815;0MC0060090ED;168;187;0.00309582
815;0MC0060090ED;169;187;0.00039140
815;0MC0060090ED;170;187;0.00000951
815;0MC0060090ED;171;187;0.00001659
815;0MC0060090ED;174;187;0.00000313
815;0MC0060090ED;175;187;0.00000777
815;0MC0060090ED;176;187;0.00000810
815;0MC0060090ED;177;187;0.00000458
815;0MC0060090ED;178;187;0.00004283
815;0MC0060090ED;159;188;0.03037120
815;0MC0060090ED;160;188;0.01088181
815;0MC0060090ED;161;188;0.00991801
815;0MC0060090ED;162;188;0.01023532
815;0MC0060090ED;163;188;0.00531360
815;0MC0060090ED;164;188;0.05752307
815;0MC0060090ED;165;188;0.05163888
815;0MC0060090ED;166;188;0.02778221
815;0MC0060090ED;167;188;0.00434131
815;0MC0060090ED;168;188;0.00959433
815;0MC0060090ED;169;188;0.00194466
815;0MC0060090ED;170;188;0.00014793
815;0MC0060090ED;171;188;0.00000007
815;0MC0060090ED;172;188;0.00000991
815;0MC0060090ED;173;188;0.00000765
815;0MC0060090ED;174;188;0.00000416
815;0MC0060090ED;177;188;0.00006297
815;0MC0060090ED;178;188;0.00001955
815;0MC0060090ED;160;189;0.00371625
815;0MC0060090ED;161;189;0.00000965
815;0MC0060090ED;162;189;0.00492879
815;0MC0060090ED;163;189;0.00310775
815;0MC0060090ED;164;189;0.00533246
815;0MC0060090ED;165;189;0.00909298
815;0MC0060090ED;166;189;0.00706715
815;0MC0060090ED;167;189;0.01902978
815;0MC0060090ED;168;189;0.01579955
815;0MC0060090ED;169;189;0.01376081
815;0MC0060090ED;170;189;0.01509119
815;0MC0060090ED;171;189;0.00884589
815;0MC0060090ED;172;189;0.00656185
815;0MC0060090ED;173;189;0.00463768
815;0MC0060090ED;174;189;0.00602656
815;0MC0060090ED;175;189;0.00798497
815;0MC0060090ED;176;189;0.00225438
815;0MC0060090ED;177;189;0.00003590
815;0MC0060090ED;160;190;0.00193128
815;0MC0060090ED;161;190;0.00113101
815;0MC0060090ED;163;190;0.00922740
815;0MC0060090ED;164;190;0.00179301
815;0MC0060090ED;165;190;0.00497148
815;0MC0060090ED;166;190;0.00192665
815;0MC0060090ED;167;190;0.00095896
815;0MC0060090ED;172;190;0.00348107
815;0MC0060090ED;173;190;0.00423382
815;0MC0060090ED;174;190;0.00354267
815;0MC0060090ED;175;190;0.00015654
815;0MC0060090ED;176;190;0.00574689
815;0MC0060090ED;177;190;0.00789944
815;0MC0060090ED;178;190;0.00772248
815;0MC0060090ED;179;190;0.00924776
815;0MC0060090ED;160;191;0.00017399
815;0MC0060090ED;161;191;0.00743517
815;0MC0060090ED;162;191;0.00502118
815;0MC0060090ED;163;191;0.00848525
815;0MC0060090ED;164;191;0.00072680
815;0MC0060090ED;165;191;0.00261375
815;0MC0060090ED;167;191;0.00011777
815;0MC0060090ED;168;191;0.00009819
815;0MC0060090ED;179;191;0.00114419
815;0MC0060090ED;161;192;0.00739475
815;0MC0060090ED;164;192;0.00230058
815;0MC0060090ED;165;192;0.00171478
815;0MC0060090ED;160;193;0.00683245
815;0MC0060090ED;161;193;0.01527002
815;0MC0060090ED;162;193;0.00304766
815;0MC0060090ED;163;193;0.00339006
815;0MC0060090ED;164;193;0.00385128
815;0MC0060090ED;165;193;0.00089576
815;0MC0060090ED;165;194;0.00014009
815;0MC0060090ED;166;194;0.00009964
815;0MD0060190AV;226;71;0.00566230
815;0MD0060190AV;233;71;0.00003215
815;0MD0060190AV;234;71;0.00042437
815;0MD0060190AV;235;71;0.00106608
815;0MD0060190AV;236;71;0.00024457
815;0MD0060190AV;226;72;0.00599722
815;0MD0060190AV;230;72;0.00006207
815;0MD0060190AV;231;72;0.00002870
815;0MD0060190AV;232;72;0.00040675
815;0MD0060190AV;233;72;0.00088345
815;0MD0060190AV;234;72;0.00094469
815;0MD0060190AV;224;73;0.00004676
815;0MD0060190AV;225;73;0.00314894
815;0MD0060190AV;226;73;0.00278588
815;0MD0060190AV;230;73;0.00031813
815;0MD0060190AV;231;73;0.00092391
815;0MD0060190AV;232;73;0.00074846
815;0MD0060190AV;233;73;0.00001331
815;0MD0060190AV;235;73;0.00545521
815;0MD0060190AV;236;73;0.00004658
815;0MD0060190AV;224;74;0.04763027
815;0MD0060190AV;225;74;0.06026254
815;0MD0060190AV;226;74;0.00065794
815;0MD0060190AV;227;74;0.00041305
815;0MD0060190AV;228;74;0.00014148
815;0MD0060190AV;229;74;0.00119087
815;0MD0060190AV;230;74;0.00080429
815;0MD0060190AV;231;74;0.00000140
815;0MD0060190AV;232;74;0.00637887
815;0MD0060190AV;233;74;0.01294841
815;0MD0060190AV;234;74;0.01489344
815;0MD0060190AV;235;74;0.00908889
815;0MD0060190AV;225;75;0.06135519
815;0MD0060190AV;226;75;0.00615505
815;0MD0060190AV;227;75;0.00506889
815;0MD0060190AV;228;75;0.00602493
815;0MD0060190AV;229;75;0.00467871
815;0MD0060190AV;230;75;0.00532271
815;0MD0060190AV;231;75;0.01232218
815;0MD0060190AV;232;75;0.00726183
815;0MD0060190AV;233;75;0.00011714
815;0MD0060190AV;234;75;0.00007435
815;0MD0060190AV;235;75;0.00054833
815;0MD0060190AV;221;76;0.00009757
815;0MD0060190AV;223;76;0.00003176
815;0MD0060190AV;224;76;0.00063396
815;0MD0060190AV;225;76;0.05673832
815;0MD0060190AV;226;76;0.00818054
815;0MD0060190AV;227;76;0.00479852
815;0MD0060190AV;228;76;0.00192018
815;0MD0060190AV;229;76;0.00080219
815;0MD0060190AV;230;76;0.01416294
815;0MD0060190AV;231;76;0.00187513
815;0MD0060190AV;232;76;0.01071992
815;0MD0060190AV;233;76;0.01327843
815;0MD0060190AV;234;76;0.03358082
815;0MD0060190AV;235;76;0.01447622
815;0MD0060190AV;221;77;0.00047049
815;0MD0060190AV;222;77;0.00136944
815;0MD0060190AV;223;77;0.00230447
815;0MD0060190AV;224;77;0.03128021
815;0MD0060190AV;225;77;0.03405439
815;0MD0060190AV;226;77;0.03409417
815;0MD0060190AV;227;77;0.04999571
815;0MD0060190AV;228;77;0.00826119
815;0MD0060190AV;229;77;0.00805521
815;0MD0060190AV;230;77;0.05391331
815;0MD0060190AV;231;77;0.00013801
815;0MD0060190AV;232;77;0.00042752
815;0MD0060190AV;233;77;0.00026052
815;0MD0060190AV;234;77;0.00042110
815;0MD0060190AV;235;77;0.00011731
815;0MD0060190AV;219;78;0.00060779
815;0MD0060190AV;220;78;0.00058845
815;0MD0060190AV;221;78;0.00005450
815;0MD0060190AV;222;78;0.00080229
815;0MD0060190AV;223;78;0.00135894
815;0MD0060190AV;224;78;0.04008782
815;0MD0060190AV;225;78;0.00525328
815;0MD0060190AV;226;78;0.00055000
815;0MD0060190AV;227;78;0.00077657
815;0MD0060190AV;228;78;0.00132664
815;0MD0060190AV;229;78;0.00058310
815;0MD0060190AV;230;78;0.00092488
815;0MD0060190AV;231;78;0.00130190
815;0MD0060190AV;232;78;0.00018502
815;0MD0060190AV;233;78;0.00012263
815;0MD0060190AV;234;78;0.00008021
815;0MD0060190AV;216;79;0.00008040
815;0MD0060190AV;217;79;0.00013006
815;0MD0060190AV;218;79;0.00013633
815;0MD0060190AV;219;79;0.00042644
815;0MD0060190AV;220;79;0.00029980
815;0MD0060190AV;221;79;0.00088729
815;0MD0060190AV;222;79;0.00157797
815;0MD0060190AV;223;79;0.00363369
815;0MD0060190AV;224;79;0.04442344
815;0MD0060190AV;225;79;0.00912146
815;0MD0060190AV;226;79;0.00278790
815;0MD0060190AV;227;79;0.00086888
815;0MD0060190AV;228;79;0.00044131
815;0MD0060190AV;229;79;0.00019107
815;0MD0060190AV;231;79;0.00037669
815;0MD0060190AV;232;79;0.00012969
815;0MD0060190AV;233;79;0.00007892
815;0MD0060190AV;234;79;0.00006831
815;0MD0060190AV;213;80;0.00020360
815;0MD0060190AV;214;80;0.00026793
815;0MD0060190AV;215;80;0.00013081
815;0MD0060190AV;216;80;0.00004502
815;0MD0060190AV;219;80;0.00012948
815;0MD0060190AV;220;80;0.00020477
815;0MD0060190AV;221;80;0.00041728
815;0MD0060190AV;222;80;0.00058372
815;0MD0060190AV;223;80;0.00192096
815;0MD0060190AV;224;80;0.02907802
815;0MD0060190AV;225;80;0.00436379
815;0MD0060190AV;226;80;0.00183852
815;0MD0060190AV;227;80;0.00039931
815;0MD0060190AV;228;80;0.00028877
815;0MD0060190AV;229;80;0.00048065
815;0MD0060190AV;230;80;0.00041118
815;0MD0060190AV;231;80;0.00054137
815;0MD0060190AV;232;80;0.00044706
815;0MD0060190AV;233;80;0.00050813
815;0MD0060190AV;234;80;0.00004308
815;0MD0060190AV;211;81;0.00090684
815;0MD0060190AV;212;81;0.00927742
815;0MD0060190AV;213;81;0.00008473
815;0MD0060190AV;214;81;0.00560098
815;0MD0060190AV;215;81;0.00842067
815;0MD0060190AV;216;81;0.00768971
815;0MD0060190AV;217;81;0.00193463
815;0MD0060190AV;220;81;0.00002597
815;0MD0060190AV;221;81;0.00023783
815;0MD0060190AV;222;81;0.00041266
815;0MD0060190AV;223;81;0.00079151
815;0MD0060190AV;224;81;0.02274045
815;0MD0060190AV;225;81;0.00049476
815;0MD0060190AV;226;81;0.00022156
815;0MD0060190AV;227;81;0.00022528
815;0MD0060190AV;228;81;0.00010467
815;0MD0060190AV;229;81;0.00004978
815;0MD0060190AV;230;81;0.00026067
815;0MD0060190AV;231;81;0.00028905
815;0MD0060190AV;232;81;0.00025351
815;0MD0060190AV;233;81;0.00077033
815;0MD0060190AV;234;81;0.00053741
815;0MD0060190AV;235;81;0.00031316
815;0MD0060190AV;211;82;0.00053296
815;0MD0060190AV;212;82;0.00007136
815;0MD0060190AV;213;82;0.00871374
815;0MD0060190AV;214;82;0.00364637
815;0MD0060190AV;215;82;0.00010655
815;0MD0060190AV;216;82;0.00069056
815;0MD0060190AV;217;82;0.00644585
815;0MD0060190AV;218;82;0.00838049
815;0MD0060190AV;219;82;0.00838053
815;0MD0060190AV;220;82;0.00848534
815;0MD0060190AV;221;82;0.00854759
815;0MD0060190AV;222;82;0.00847701
815;0MD0060190AV;223;82;0.00907439
815;0MD0060190AV;224;82;0.01731990
815;0MD0060190AV;227;82;0.00002059
815;0MD0060190AV;228;82;0.00014741
815;0MD0060190AV;229;82;0.00018701
815;0MD0060190AV;230;82;0.00014209
815;0MD0060190AV;221;83;0.00000196
815;0MD0060190AV;222;83;0.00000023
815;0MD0060190AV;223;83;0.00000166
815;0MD0060190AV;224;83;0.00737589
815;0SF0060010BA;141;154;0.02210372
815;0SF0060010BA;140;155;0.01791658
815;0SF0060010BA;141;155;0.07087819
815;0SF0060010BA;137;156;0.00272500
815;0SF0060010BA;138;156;0.00154431
815;0SF0060010BA;139;156;0.01802840
815;0SF0060010BA;140;156;0.03634382
815;0SF0060010BA;141;156;0.04429360
815;0SF0060010BA;138;157;0.01362037
815;0SF0060010BA;139;157;0.01335844
815;0SF0060010BA;140;157;0.00218530
815;0SF0060010BA;141;157;0.04429808
815;0SF0060010BA;142;157;0.02465463
815;0SF0060010BA;135;158;0.00535937
815;0SF0060010BA;136;158;0.00271758
815;0SF0060010BA;137;158;0.00021788
815;0SF0060010BA;138;158;0.02516499
815;0SF0060010BA;139;158;0.00128579
815;0SF0060010BA;140;158;0.00017274
815;0SF0060010BA;141;158;0.00017674
815;0SF0060010BA;142;158;0.04679918
815;0SF0060010BA;143;158;0.00611435
815;0SF0060010BA;136;159;0.00963616
815;0SF0060010BA;137;159;0.03047201
815;0SF0060010BA;138;159;0.00989548
815;0SF0060010BA;139;159;0.00002980
815;0SF0060010BA;140;159;0.00001325
815;0SF0060010BA;141;159;0.00060134
815;0SF0060010BA;142;159;0.04333486
815;0SF0060010BA;143;159;0.00591011
815;0SF0060010BA;144;159;0.00456826
815;0SF0060010BA;149;159;0.00894112
815;0SF0060010BA;136;160;0.00144434
815;0SF0060010BA;137;160;0.03668779
815;0SF0060010BA;138;160;0.00275544
815;0SF0060010BA;139;160;0.00001047
815;0SF0060010BA;140;160;0.00000278
815;0SF0060010BA;141;160;0.03276773
815;0SF0060010BA;142;160;0.00609043
815;0SF0060010BA;143;160;0.00315142
815;0SF0060010BA;144;160;0.00357449
815;0SF0060010BA;145;160;0.00107950
815;0SF0060010BA;146;160;0.00003056
815;0SF0060010BA;135;161;0.00212037
815;0SF0060010BA;136;161;0.04423193
815;0SF0060010BA;137;161;0.00548081
815;0SF0060010BA;138;161;0.00543778
815;0SF0060010BA;139;161;0.00523907
815;0SF0060010BA;140;161;0.00476001
815;0SF0060010BA;141;161;0.03357847
815;0SF0060010BA;142;161;0.00594587
815;0SF0060010BA;143;161;0.00273879
815;0SF0060010BA;144;161;0.00292788
815;0SF0060010BA;145;161;0.00244684
815;0SF0060010BA;146;161;0.00016495
815;0SF0060010BA;147;161;0.00016115
815;0SF0060010BA;148;161;0.00001682
815;0SF0060010BA;149;161;0.00192694
815;0SF0060010BA;134;162;0.00149726
815;0SF0060010BA;135;162;0.04198168
815;0SF0060010BA;136;162;0.00141317
815;0SF0060010BA;137;162;0.00021927
815;0SF0060010BA;138;162;0.00016770
815;0SF0060010BA;139;162;0.00040098
815;0SF0060010BA;141;162;0.00007079
815;0SF0060010BA;142;162;0.00000420
815;0SF0060010BA;144;162;0.00001426
815;0SF0060010BA;145;162;0.00135192
815;0SF0060010BA;148;162;0.00023855
815;0SF0060010BA;149;162;0.00687972
815;0SF0060010BA;133;163;0.00042922
815;0SF0060010BA;134;163;0.03901297
815;0SF0060010BA;135;163;0.01754876
815;0SF0060010BA;136;163;0.00133256
815;0SF0060010BA;137;163;0.00037433
815;0SF0060010BA;139;163;0.00016126
815;0SF0060010BA;145;163;0.00026796
815;0SF0060010BA;148;163;0.00017379
815;0SF0060010BA;132;164;0.01496598
815;0SF0060010BA;133;164;0.04822133
815;0SF0060010BA;134;164;0.02396537
815;0SF0060010BA;135;164;0.00205447
815;0SF0060010BA;136;164;0.00005334
815;0SF0060010BA;137;164;0.00003240
815;0SF0060010BA;148;164;0.00003588
815;0SF0060010BA;133;165;0.02818683
815;0SF0060010BA;134;165;0.02073286
815;0SF0060010BA;135;165;0.00585765
815;0SF0060010BA;133;166;0.02200727
815;0SF0060010BA;134;166;0.00220677
815;0SF0060010BA;135;166;0.00000545
815;GBV006014GBU;229;110;0.01174259
815;GBV006014GBU;229;111;0.01759092
815;GBV006014GBU;229;112;0.01759092
815;GBV006014GBU;229;113;0.01759092
815;GBV006014GBU;228;114;0.01566977
815;GBV006014GBU;229;114;0.00192115
815;GBV006014GBU;228;115;0.01759092
815;GBV006014GBU;228;116;0.01759092
815;GBV006014GBU;264;116;0.00024148
815;GBV006014GBU;265;116;0.00297005
815;GBV006014GBU;227;117;0.00088282
815;GBV006014GBU;228;117;0.01670810
815;GBV006014GBU;264;117;0.00288932
815;GBV006014GBU;265;117;0.00345258
815;GBV006014GBU;227;118;0.01759092
815;GBV006014GBU;264;118;0.00288932
815;GBV006014GBU;265;118;0.00181918
815;GBV006014GBU;266;118;0.00163340
815;GBV006014GBU;227;119;0.01759092
815;GBV006014GBU;263;119;0.00060842
815;GBV006014GBU;264;119;0.00228090
815;GBV006014GBU;266;119;0.00345258
815;GBV006014GBU;227;120;0.01759092
815;GBV006014GBU;263;120;0.00288932
815;GBV006014GBU;266;120;0.00314561
815;GBV006014GBU;267;120;0.00030697
815;GBV006014GBU;226;121;0.00318570
815;GBV006014GBU;227;121;0.01432383
815;GBV006014GBU;263;121;0.00288932
815;GBV006014GBU;267;121;0.00420834
815;GBV006014GBU;268;121;0.00145097
815;GBV006014GBU;226;122;0.01750212
815;GBV006014GBU;262;122;0.00107450
815;GBV006014GBU;263;122;0.00190890
815;GBV006014GBU;226;123;0.01701954
815;GBV006014GBU;227;123;0.00017475
815;GBV006014GBU;262;123;0.00316390
815;GBV006014GBU;226;124;0.01640605
815;GBV006014GBU;227;124;0.00047944
815;GBV006014GBU;228;124;0.00015505
815;GBV006014GBU;233;124;0.00023964
815;GBV006014GBU;261;124;0.00199546
815;GBV006014GBU;262;124;0.00116844
815;GBV006014GBU;226;125;0.01640605
815;GBV006014GBU;228;125;0.00049914
815;GBV006014GBU;229;125;0.00013535
815;GBV006014GBU;232;125;0.00075781
815;GBV006014GBU;233;125;0.00041978
815;GBV006014GBU;234;125;0.00062545
815;GBV006014GBU;235;125;0.00042849
815;GBV006014GBU;236;125;0.00041422
815;GBV006014GBU;237;125;0.00057013
815;GBV006014GBU;238;125;0.00057013
815;GBV006014GBU;239;125;0.00057013
815;GBV006014GBU;240;125;0.00057013
815;GBV006014GBU;241;125;0.00057013
815;GBV006014GBU;242;125;0.00014053
815;GBV006014GBU;259;125;0.00035228
815;GBV006014GBU;260;125;0.00047809
815;GBV006014GBU;261;125;0.00340844
815;GBV006014GBU;262;125;0.00012276
815;GBV006014GBU;226;126;0.01640932
815;GBV006014GBU;229;126;0.00051885
815;GBV006014GBU;230;126;0.00019602
815;GBV006014GBU;231;126;0.00076498
815;GBV006014GBU;232;126;0.00000717
815;GBV006014GBU;235;126;0.00018203
815;GBV006014GBU;236;126;0.00015591
815;GBV006014GBU;242;126;0.00062366
815;GBV006014GBU;256;126;0.00042497
815;GBV006014GBU;257;126;0.00047809
815;GBV006014GBU;258;126;0.00047809
815;GBV006014GBU;259;126;0.00012581
815;GBV006014GBU;261;126;0.00298383
815;GBV006014GBU;262;126;0.00015729
815;GBV006014GBU;263;126;0.00003819
815;GBV006014GBU;225;127;0.01382113
815;GBV006014GBU;226;127;0.00259236
815;GBV006014GBU;229;127;0.00004759
815;GBV006014GBU;230;127;0.00058618
815;GBV006014GBU;242;127;0.00062137
815;GBV006014GBU;243;127;0.00000229
815;GBV006014GBU;252;127;0.00000368
815;GBV006014GBU;253;127;0.00047989
815;GBV006014GBU;254;127;0.00047809
815;GBV006014GBU;255;127;0.00047809
815;GBV006014GBU;256;127;0.00005311
815;GBV006014GBU;261;127;0.00298383
815;GBV006014GBU;225;128;0.01641348
815;GBV006014GBU;228;128;0.00008835
815;GBV006014GBU;229;128;0.00009689
815;GBV006014GBU;243;128;0.00062366
815;GBV006014GBU;252;128;0.00057329
815;GBV006014GBU;261;128;0.00058310
815;GBV006014GBU;225;129;0.01641348
815;GBV006014GBU;227;129;0.00012910
815;GBV006014GBU;228;129;0.00005613
815;GBV006014GBU;243;129;0.00062366
815;GBV006014GBU;251;129;0.00040000
815;GBV006014GBU;252;129;0.00017330
815;GBV006014GBU;225;130;0.01643886
815;GBV006014GBU;226;130;0.00014448
815;GBV006014GBU;227;130;0.00001538
815;GBV006014GBU;243;130;0.00014430
815;GBV006014GBU;244;130;0.00047936
815;GBV006014GBU;250;130;0.00022302
815;GBV006014GBU;251;130;0.00035027
815;GBV006014GBU;225;131;0.01750398
815;GBV006014GBU;244;131;0.00062366
815;GBV006014GBU;249;131;0.00004605
815;GBV006014GBU;250;131;0.00052724
815;GBV006014GBU;224;132;0.01829178
815;GBV006014GBU;225;132;0.00109398
815;GBV006014GBU;244;132;0.00029089
815;GBV006014GBU;245;132;0.00043426
815;GBV006014GBU;248;132;0.00010723
815;GBV006014GBU;249;132;0.00058936
815;GBV006014GBU;223;133;0.00562080
815;GBV006014GBU;224;133;0.01396921
815;GBV006014GBU;245;133;0.00032780
815;GBV006014GBU;246;133;0.00061928
815;GBV006014GBU;247;133;0.00060885
815;GBV006014GBU;248;133;0.00044639
815;GBV006014GBU;223;134;0.01939921
815;GBV006014GBU;247;134;0.00013226
815;GBV006014GBU;222;135;0.01166973
815;GBV006014GBU;223;135;0.00764624
815;GBV006014GBU;247;135;0.00002242
815;GBV006014GBU;248;135;0.00010844
815;GBV006014GBU;222;136;0.01931597
815;GBV006014GBU;248;136;0.00012331
815;GBV006014GBU;249;136;0.00000754
815;GBV006014GBU;221;137;0.01715816
815;GBV006014GBU;222;137;0.00215781
815;GBV006014GBU;249;137;0.00013085
815;GBV006014GBU;221;138;0.01771999
815;GBV006014GBU;249;138;0.00001198
815;GBV006014GBU;220;139;0.00132434
815;GBV006014GBU;221;139;0.01563238
815;GBV006014GBU;220;140;0.01674887
815;GBV006014GBU;220;141;0.01674887
815;GBV006014GBU;220;142;0.01674887
815;GBV006014GBU;220;143;0.01674887
815;GBV006014GBU;220;144;0.01674887
815;GBV006014GBU;220;145;0.01728844
815;GBV006014GBU;219;146;0.00324446
815;GBV006014GBU;220;146;0.01522523
815;GBV006014GBU;219;147;0.02107187
815;GBV006014GBU;220;147;0.00013931
815;GBV006014GBU;218;148;0.01669249
815;GBV006014GBU;219;148;0.00562331
815;GBV006014GBU;220;148;0.00017667
815;GBV006014GBU;221;148;0.00015344
815;GBV006014GBU;217;149;0.00195719
815;GBV006014GBU;218;149;0.01735066
815;GBV006014GBU;221;149;0.00016254
815;GBV006014GBU;222;149;0.00016464
815;GBV006014GBU;217;150;0.01829583
815;GBV006014GBU;222;150;0.00016233
815;GBV006014GBU;223;150;0.00015147
815;GBV006014GBU;217;151;0.02336819
815;GBV006014GBU;223;151;0.00017912
815;GBV006014GBU;224;151;0.00013917
815;GBV006014GBU;215;152;0.02477356
815;GBV006014GBU;216;152;0.02367553
815;GBV006014GBU;217;152;0.02792396
815;GBV006014GBU;224;152;0.00018722
815;GBV006014GBU;225;152;0.00013233
815;GBV006014GBU;213;153;0.01184830
815;GBV006014GBU;214;153;0.03375056
815;GBV006014GBU;215;153;0.00690699
815;GBV006014GBU;217;153;0.00276050
815;GBV006014GBU;218;153;0.00225621
815;GBV006014GBU;225;153;0.00019406
815;GBV006014GBU;226;153;0.00012550
815;GBV006014GBU;213;154;0.03091621
815;GBV006014GBU;218;154;0.00273919
815;GBV006014GBU;226;154;0.00022252
815;GBV006014GBU;227;154;0.00007039
815;GBV006014GBU;213;155;0.00166686
815;GBV006014GBU;218;155;0.00047359
815;GBV006014GBU;227;155;0.00014659
815;0SF0060380BA;129;161;0.01048289
815;0SF0060380BA;130;161;0.00584772
815;0SF0060380BA;131;161;0.05488496
815;0SF0060380BA;128;162;0.00015904
815;0SF0060380BA;129;162;0.02456462
815;0SF0060380BA;130;162;0.03869983
815;0SF0060380BA;131;162;0.22476075
815;0SF0060380BA;128;163;0.00031703
815;0SF0060380BA;129;163;0.02249456
815;0SF0060380BA;130;163;0.08857564
815;0SF0060380BA;131;163;0.29960978
815;0SF0060380BA;129;164;0.06054661
815;0SF0060380BA;130;164;0.05468734
815;0SF0060380BA;131;164;0.06397635
815;0SF0060380BA;132;164;0.05039289
815;NCC006044MBU;143;138;0.00008056
815;NCC006044MBU;142;139;0.00018030
815;NCC006044MBU;143;139;0.00525070
815;NCC006044MBU;144;139;0.06624609
815;NCC006044MBU;145;139;0.00442282
815;NCC006044MBU;146;139;0.00681147
815;NCC006044MBU;147;139;0.00987242
815;NCC006044MBU;148;139;0.00145922
815;NCC006044MBU;142;140;0.03408939
815;NCC006044MBU;143;140;0.06534601
815;NCC006044MBU;144;140;0.03440002
815;NCC006044MBU;145;140;0.00974761
815;NCC006044MBU;146;140;0.00228035
815;NCC006044MBU;136;141;0.00626367
815;NCC006044MBU;137;141;0.00733657
815;NCC006044MBU;138;141;0.06989160
815;NCC006044MBU;139;141;0.10166910
815;NCC006044MBU;140;141;0.08621137
815;NCC006044MBU;141;141;0.07094698
815;NCC006044MBU;142;141;0.05120223
815;NCC006044MBU;143;141;0.00462704
815;NCC006044MBU;144;141;0.00316686
815;NCC006044MBU;145;141;0.00705944
815;NCC006044MBU;134;142;0.00036932
815;NCC006044MBU;135;142;0.00830269
815;NCC006044MBU;136;142;0.00145099
815;NCC006044MBU;137;142;0.00378721
815;NCC006044MBU;138;142;0.03534091
815;NCC006044MBU;139;142;0.04533846
815;NCC006044MBU;140;142;0.00970935
815;NCC006044MBU;141;142;0.00034441
815;NCC006044MBU;142;142;0.00074158
815;NCC006044MBU;143;142;0.00124740
815;NCC006044MBU;144;142;0.00005925
815;NCC006044MBU;145;142;0.00083578
815;NCC006044MBU;134;143;0.00658090
815;NCC006044MBU;135;143;0.00019821
815;NCC006044MBU;136;143;0.00174909
815;NCC006044MBU;137;143;0.01102048
815;NCC006044MBU;138;143;0.02881629
815;NCC006044MBU;139;143;0.04623766
815;NCC006044MBU;140;143;0.00351830
815;NCC006044MBU;142;143;0.00005164
815;NCC006044MBU;143;143;0.00028501
815;NCC006044MBU;144;143;0.00012005
815;NCC006044MBU;145;143;0.00009311
815;NCC006044MBU;133;144;0.00443884
815;NCC006044MBU;134;144;0.00182493
815;NCC006044MBU;136;144;0.00271336
815;NCC006044MBU;137;144;0.01291997
815;NCC006044MBU;138;144;0.00278275
815;NCC006044MBU;139;144;0.02866760
815;NCC006044MBU;140;144;0.01870359
815;NCC006044MBU;141;144;0.00002191
815;NCC006044MBU;142;144;0.00015296
815;NCC006044MBU;143;144;0.00010074
815;NCC006044MBU;133;145;0.00042366
815;NCC006044MBU;134;145;0.00002317
815;NCC006044MBU;135;145;0.00006166
815;NCC006044MBU;136;145;0.00550802
815;NCC006044MBU;137;145;0.00637633
815;NCC006044MBU;138;145;0.00032578
815;NCC006044MBU;139;145;0.00755274
815;NCC006044MBU;140;145;0.03219262
815;NCC006044MBU;141;145;0.00020193
815;NCC006044MBU;142;145;0.00000530
815;NCC006044MBU;132;146;0.00000147
815;NCC006044MBU;133;146;0.00000038
815;NCC006044MBU;134;146;0.00000600
815;NCC006044MBU;135;146;0.00045292
815;NCC006044MBU;136;146;0.00430103
815;NCC006044MBU;137;146;0.00087448
815;NCC006044MBU;138;146;0.00032476
815;NCC006044MBU;139;146;0.00665400
815;NCC006044MBU;140;146;0.00018305
815;NCC006044MBU;134;147;0.00000035
815;NCC006044MBU;135;147;0.00020442
815;NCC006044MBU;136;147;0.00192197
815;NCC006044MBU;137;147;0.00001967
815;NCC006044MBU;138;147;0.00066390
815;NCC006044MBU;139;147;0.00003020
815;NCC006044MBU;136;148;0.00203210
815;NCC006044MBU;137;148;0.00078075
815;NCC006044MBU;138;148;0.00024767
815;NCC006044MBU;136;149;0.00152219
815;NCC006044MBU;137;149;0.00002091
815;SJV006016SJU;180;109;0.00575034
815;SJV006016SJU;181;109;0.00001840
815;SJV006016SJU;182;109;0.00071431
815;SJV006016SJU;183;109;0.00274681
815;SJV006016SJU;185;109;0.00009498
815;SJV006016SJU;187;109;0.02969042
815;SJV006016SJU;192;109;0.00130004
815;SJV006016SJU;180;110;0.00121706
815;SJV006016SJU;181;110;0.00504310
815;SJV006016SJU;182;110;0.00311929
815;SJV006016SJU;183;110;0.00003908
815;SJV006016SJU;184;110;0.00013626
815;SJV006016SJU;185;110;0.00001534
815;SJV006016SJU;186;110;0.01634509
815;SJV006016SJU;187;110;0.01902413
815;SJV006016SJU;192;110;0.00162341
815;SJV006016SJU;181;111;0.00763721
815;SJV006016SJU;182;111;0.00349252
815;SJV006016SJU;184;111;0.00010056
815;SJV006016SJU;185;111;0.00559742
815;SJV006016SJU;186;111;0.03075156
815;SJV006016SJU;192;111;0.00167939
815;SJV006016SJU;193;111;0.00001365
815;SJV006016SJU;178;112;0.00001006
815;SJV006016SJU;179;112;0.00001295
815;SJV006016SJU;181;112;0.00510965
815;SJV006016SJU;182;112;0.00527874
815;SJV006016SJU;184;112;0.00021276
815;SJV006016SJU;185;112;0.03715693
815;SJV006016SJU;192;112;0.00171902
815;SJV006016SJU;193;112;0.00000635
815;SJV006016SJU;179;113;0.00001998
815;SJV006016SJU;180;113;0.00406793
815;SJV006016SJU;181;113;0.00218426
815;SJV006016SJU;182;113;0.00403304
815;SJV006016SJU;183;113;0.00450853
815;SJV006016SJU;184;113;0.03635773
815;SJV006016SJU;185;113;0.00231992
815;SJV006016SJU;186;113;0.00070923
815;SJV006016SJU;187;113;0.00064851
815;SJV006016SJU;188;113;0.00063855
815;SJV006016SJU;189;113;0.00063355
815;SJV006016SJU;190;113;0.00087539
815;SJV006016SJU;191;113;0.00055920
815;SJV006016SJU;192;113;0.00216765
815;SJV006016SJU;193;113;0.00001558
815;SJV006016SJU;179;114;0.00032307
815;SJV006016SJU;180;114;0.00686330
815;SJV006016SJU;182;114;0.00000012
815;SJV006016SJU;183;114;0.03427610
815;SJV006016SJU;184;114;0.00879915
815;SJV006016SJU;190;114;0.00022310
815;SJV006016SJU;192;114;0.00209105
815;SJV006016SJU;179;115;0.00185014
815;SJV006016SJU;180;115;0.00598931
815;SJV006016SJU;182;115;0.03027009
815;SJV006016SJU;183;115;0.02151402
815;SJV006016SJU;184;115;0.00001321
815;SJV006016SJU;190;115;0.00041470
815;SJV006016SJU;191;115;0.00009838
815;SJV006016SJU;192;115;0.00226090
815;SJV006016SJU;193;115;0.00009712
815;SJV006016SJU;180;116;0.01100140
815;SJV006016SJU;181;116;0.03188082
815;SJV006016SJU;182;116;0.00168572
815;SJV006016SJU;184;116;0.01085933
815;SJV006016SJU;190;116;0.00042040
815;SJV006016SJU;191;116;0.00000084
815;SJV006016SJU;192;116;0.00372614
815;SJV006016SJU;193;116;0.00048309
815;SJV006016SJU;181;117;0.00211168
815;SJV006016SJU;182;117;0.00065271
815;SJV006016SJU;183;117;0.00016019
815;SJV006016SJU;184;117;0.00556188
815;SJV006016SJU;185;117;0.00486495
815;SJV006016SJU;189;117;0.00001108
815;SJV006016SJU;190;117;0.00077571
815;SJV006016SJU;191;117;0.00096981
815;SJV006016SJU;192;117;0.01315260
815;SJV006016SJU;193;117;0.00177516
815;SJV006016SJU;182;118;0.00375919
815;SJV006016SJU;183;118;0.00063492
815;SJV006016SJU;184;118;0.00007414
815;SJV006016SJU;185;118;0.01154971
815;SJV006016SJU;186;118;0.00010692
815;SJV006016SJU;188;118;0.00012989
815;SJV006016SJU;189;118;0.00043225
815;SJV006016SJU;190;118;0.00145021
815;SJV006016SJU;191;118;0.00155397
815;SJV006016SJU;192;118;0.01041246
815;SJV006016SJU;193;118;0.00083431
815;SJV006016SJU;183;119;0.00353717
815;SJV006016SJU;184;119;0.00061719
815;SJV006016SJU;186;119;0.01150850
815;SJV006016SJU;187;119;0.00013681
815;SJV006016SJU;188;119;0.00012723
815;SJV006016SJU;189;119;0.00032913
815;SJV006016SJU;190;119;0.00084165
815;SJV006016SJU;191;119;0.00870003
815;SJV006016SJU;192;119;0.00117909
815;SJV006016SJU;193;119;0.00003123
815;SJV006016SJU;184;120;0.00341205
815;SJV006016SJU;185;120;0.00118942
815;SJV006016SJU;186;120;0.00896031
815;SJV006016SJU;187;120;0.00660849
815;SJV006016SJU;188;120;0.00385180
815;SJV006016SJU;189;120;0.00308953
815;SJV006016SJU;190;120;0.00373468
815;SJV006016SJU;191;120;0.01029536
815;SJV006016SJU;192;120;0.00297664
815;SJV006016SJU;193;120;0.00166632
815;SJV006016SJU;183;121;0.00080909
815;SJV006016SJU;184;121;0.00359702
815;SJV006016SJU;185;121;0.01226522
815;SJV006016SJU;186;121;0.00943106
815;SJV006016SJU;187;121;0.01154537
815;SJV006016SJU;188;121;0.00388508
815;SJV006016SJU;189;121;0.00138214
815;SJV006016SJU;190;121;0.00181221
815;SJV006016SJU;191;121;0.00786855
815;SJV006016SJU;192;121;0.00125112
815;SJV006016SJU;193;121;0.00014351
815;SJV006016SJU;185;122;0.00077637
815;SJV006016SJU;186;122;0.01214451
815;SJV006016SJU;187;122;0.03382141
815;SJV006016SJU;188;122;0.00609078
815;SJV006016SJU;189;122;0.00181930
815;SJV006016SJU;190;122;0.00529892
815;SJV006016SJU;191;122;0.00866105
815;SJV006016SJU;192;122;0.00067833
815;SJV006016SJU;193;122;0.00053897
815;SJV006016SJU;194;122;0.00101718
815;SJV006016SJU;185;123;0.00002288
815;SJV006016SJU;186;123;0.00032521
815;SJV006016SJU;187;123;0.02691138
815;SJV006016SJU;188;123;0.02083544
815;SJV006016SJU;189;123;0.03116258
815;SJV006016SJU;190;123;0.05996196
815;SJV006016SJU;191;123;0.02284133
815;SJV006016SJU;192;123;0.01530351
815;SJV006016SJU;193;123;0.01454736
815;SJV006016SJU;194;123;0.01127396
815;SJV006016SJU;184;124;0.00023151
815;SJV006016SJU;185;124;0.00163734
815;SJV006016SJU;186;124;0.00274173
815;SJV006016SJU;187;124;0.01237021
815;SJV006016SJU;188;124;0.00200104
815;SJV006016SJU;189;124;0.00412645
815;SJV006016SJU;190;124;0.03393410
815;SJV006016SJU;191;124;0.01191408
815;SJV006016SJU;192;124;0.00251040
815;SJV006016SJU;193;124;0.00094514
815;SJV006016SJU;194;124;0.00052660
815;SJV006016SJU;183;125;0.00013047
815;SJV006016SJU;184;125;0.00081429
815;SJV006016SJU;185;125;0.00034231
815;SJV006016SJU;186;125;0.00048998
815;SJV006016SJU;187;125;0.01061849
815;SJV006016SJU;188;125;0.00306405
815;SJV006016SJU;189;125;0.00388742
815;SJV006016SJU;190;125;0.01161063
815;SJV006016SJU;191;125;0.00101979
815;SJV006016SJU;192;125;0.00153520
815;SJV006016SJU;193;125;0.00015267
815;SJV006016SJU;189;126;0.00108434
815;SJV006016SJU;190;126;0.00628512
815;SJV006016SJU;191;126;0.00001254
815;SJV006016SJU;192;126;0.00150230
815;SJV006016SJU;193;126;0.00011051
815;SJV006016SJU;192;127;0.00116758
815;SJV006016SJU;193;127;0.00005136
815;SJV006016SJU;192;128;0.00085584
815;SJV006016SJU;193;128;0.00000002
815;0NC006012NCU;104;224;0.00256782
815;0NC006012NCU;104;225;0.00617319
815;0NC006012NCU;104;226;0.00623912
815;0NC006012NCU;103;227;0.00077897
815;0NC006012NCU;104;227;0.00525527
815;0NC006012NCU;103;228;0.00371220
815;0NC006012NCU;104;228;0.00267325
815;0NC006012NCU;104;229;0.00669058
815;0NC006012NCU;103;230;0.00611715
815;0NC006012NCU;104;230;0.00436964
815;0NC006012NCU;102;231;0.00389954
815;0NC006012NCU;103;231;0.00677095
815;0NC006012NCU;102;232;0.00745808
815;0NC006012NCU;101;233;0.00790435
815;0NC006012NCU;102;233;0.00009230
815;0NC006012NCU;101;234;0.00772721
815;0NC006012NCU;100;235;0.00370917
815;0NC006012NCU;101;235;0.00743966
815;0NC006012NCU;99;236;0.00686609
815;0NC006012NCU;100;236;0.00703725
815;0NC006012NCU;106;236;0.00096246
815;0NC006012NCU;107;236;0.00062674
815;0NC006012NCU;98;237;0.00961149
815;0NC006012NCU;99;237;0.00169283
815;0NC006012NCU;101;237;0.00031860
815;0NC006012NCU;102;237;0.00085510
815;0NC006012NCU;103;237;0.00084444
815;0NC006012NCU;104;237;0.00083598
815;0NC006012NCU;105;237;0.00090749
815;0NC006012NCU;106;237;0.00023769
815;0NC006012NCU;107;237;0.00066382
815;0NC006012NCU;108;237;0.00084598
815;0NC006012NCU;109;237;0.00054677
815;0NC006012NCU;97;238;0.01190580
815;0NC006012NCU;98;238;0.00607224
815;0NC006012NCU;99;238;0.00037860
815;0NC006012NCU;100;238;0.00090676
815;0NC006012NCU;101;238;0.00057286
815;0NC006012NCU;97;239;0.01441230
815;0NC006012NCU;98;239;0.00054381
815;0NC006012NCU;99;239;0.00054218
815;0NC006012NCU;94;240;0.00018555
815;0NC006012NCU;95;240;0.00582514
815;0NC006012NCU;97;240;0.01513254
815;0NC006012NCU;95;241;0.00240874
815;0NC006012NCU;96;241;0.03449539
815;0NC006012NCU;97;241;0.00147601
815;0NC006012NCU;96;242;0.02283893
815;0NC006012NCU;96;243;0.02273522
815;0NC006012NCU;96;244;0.02618664
815;0NC006012NCU;96;245;0.03254928
815;0NC006012NCU;97;245;0.01092281
815;0NC006012NCU;98;245;0.00185512
815;0NC006012NCU;99;245;0.00034667
815;0NC006012NCU;96;246;0.00446260
815;0NC006012NCU;97;246;0.04171510
815;0NC006012NCU;98;246;0.03406609
815;0NC006012NCU;99;246;0.00241835
815;0NC006012NCU;98;247;0.00553985
815;0NC006012NCU;99;247;0.03917839
815;0NC006012NCU;99;248;0.04489073
815;0NC006012NCU;100;248;0.00943079
815;0NC006012NCU;101;248;0.01223579
815;0NC006012NCU;102;248;0.00603264
815;0NC006012NCU;105;248;0.00051078
815;0NC006012NCU;106;248;0.01052065
815;0NC006012NCU;108;248;0.00266961
815;0NC006012NCU;98;249;0.03010061
815;0NC006012NCU;99;249;0.02446292
815;0NC006012NCU;100;249;0.00605515
815;0NC006012NCU;102;249;0.01377019
815;0NC006012NCU;103;249;0.01066180
815;0NC006012NCU;104;249;0.01357197
815;0NC006012NCU;105;249;0.01182512
815;0NC006012NCU;106;249;0.00287172
815;0NC006012NCU;107;249;0.01577396
815;0NC006012NCU;108;249;0.01338716
815;0NC006012NCU;98;250;0.02498271
815;0NC006012NCU;102;250;0.00375178
815;0NC006012NCU;103;250;0.00334956
815;0NC006012NCU;108;250;0.00058146
815;0NC006012NCU;98;251;0.02081303
815;0NC006012NCU;107;251;0.00000255
815;0NC006012NCU;108;251;0.00010704
815;0NC006012NCU;98;252;0.02348959
815;0NC006012NCU;107;252;0.00001199
815;0NC006012NCU;97;253;0.00075494
815;0NC006012NCU;98;253;0.02072154
815;0NC006012NCU;107;253;0.00001194
815;0NC006012NCU;97;254;0.01616612
815;0NC006012NCU;98;254;0.00011070
815;0NC006012NCU;107;254;0.00001158
815;0NC006012NCU;97;255;0.00619731
815;0NC006012NCU;98;255;0.01525738
815;0NC006012NCU;102;255;0.00004999
815;0NC006012NCU;103;255;0.00052472
815;0NC006012NCU;104;255;0.00052114
815;0NC006012NCU;107;255;0.00001178
815;0NC006012NCU;98;256;0.01771594
815;0NC006012NCU;99;256;0.00041590
815;0NC006012NCU;102;256;0.00051650
815;0NC006012NCU;104;256;0.00028585
815;0NC006012NCU;105;256;0.00050968
815;0NC006012NCU;106;256;0.00050043
815;0NC006012NCU;107;256;0.00057187
815;0NC006012NCU;108;256;0.00000030
815;0NC006012NCU;98;257;0.01087818
815;0NC006012NCU;99;257;0.00982391
815;0NC006012NCU;101;257;0.00022911
815;0NC006012NCU;102;257;0.00025935
815;0NC006012NCU;108;257;0.00045993
815;0NC006012NCU;99;258;0.01611445
815;0NC006012NCU;101;258;0.00048846
815;0NC006012NCU;108;258;0.00036864
815;0NC006012NCU;109;258;0.00051160
815;0NC006012NCU;110;258;0.00000581
815;0NC006012NCU;99;259;0.01572719
815;0NC006012NCU;100;259;0.01182917
815;0NC006012NCU;101;259;0.00020497
815;0NC006012NCU;110;259;0.00065149
815;0NC006012NCU;100;260;0.01759022
815;0NC006012NCU;110;260;0.00002448
815;0NC006012NCU;111;260;0.00045269
815;0NC006012NCU;100;261;0.00534218
815;0NC006012NCU;101;261;0.02055995
815;0NC006012NCU;111;261;0.00018329
815;0NC006012NCU;101;262;0.01671646
815;0NC006012NCU;100;263;0.00735309
815;0NC006012NCU;101;263;0.01199509
815;0NC006012NCU;100;264;0.00340926
815;0SF0060480BA;136;170;0.00553150
815;0SF0060480BA;137;170;0.03728508
815;0SF0060480BA;134;171;0.00115622
815;0SF0060480BA;135;171;0.08856693
815;0SF0060480BA;136;171;0.02975796
815;0SF0060480BA;137;171;0.02356166
815;0SF0060480BA;133;172;0.03356123
815;0SF0060480BA;134;172;0.03509554
815;0SF0060480BA;135;172;0.08141977
815;0SF0060480BA;136;172;0.00000133
815;0SF0060480BA;137;172;0.02345385
815;0SF0060480BA;131;173;0.02133841
815;0SF0060480BA;132;173;0.04588136
815;0SF0060480BA;133;173;0.01268955
815;0SF0060480BA;134;173;0.05461994
815;0SF0060480BA;135;173;0.06740992
815;0SF0060480BA;137;173;0.02345385
815;0SF0060480BA;135;174;0.01047023
815;0SF0060480BA;136;174;0.05712476
815;0SF0060480BA;137;174;0.02556760
815;0SF0060480BA;142;174;0.00033868
815;0SF0060480BA;143;174;0.00038967
815;0SF0060480BA;135;175;0.00268520
815;0SF0060480BA;136;175;0.02658442
815;0SF0060480BA;137;175;0.10483147
815;0SF0060480BA;138;175;0.03042388
815;0SF0060480BA;139;175;0.00088454
815;0SF0060480BA;140;175;0.00088041
815;0SF0060480BA;141;175;0.00074480
815;0SF0060480BA;142;175;0.00073906
815;0SF0060480BA;136;176;0.00132201
815;0SF0060480BA;137;176;0.00018414
815;0SF0060480BA;138;176;0.06412299
815;0SF0060480BA;139;176;0.03825022
815;0SF0060480BA;140;176;0.01022366
815;0SF0060480BA;141;176;0.00191620
815;0SF0060480BA;137;177;0.00005312
815;0SF0060480BA;138;177;0.00000111
815;0SF0060480BA;139;177;0.03303932
815;0SF0060480BA;140;177;0.00017594
815;0SF0060480BA;141;177;0.00014220
815;0SF0060480BA;139;178;0.00412026
815;SJV006024SJU;165;138;0.01423920
815;SJV006024SJU;164;139;0.00527661
815;SJV006024SJU;165;139;0.00983219
815;SJV006024SJU;166;139;0.00008298
815;SJV006024SJU;163;140;0.00400911
815;SJV006024SJU;164;140;0.01350836
815;SJV006024SJU;168;140;0.00007779
815;SJV006024SJU;169;140;0.00006485
815;SJV006024SJU;162;141;0.00010252
815;SJV006024SJU;163;141;0.01460208
815;SJV006024SJU;164;141;0.00070063
815;SJV006024SJU;167;141;0.00028170
815;SJV006024SJU;168;141;0.00069069
815;SJV006024SJU;169;141;0.00162709
815;SJV006024SJU;162;142;0.01452092
815;SJV006024SJU;163;142;0.00001931
815;SJV006024SJU;164;142;0.00077719
815;SJV006024SJU;166;142;0.00058899
815;SJV006024SJU;167;142;0.00009431
815;SJV006024SJU;168;142;0.00002763
815;SJV006024SJU;169;142;0.00266312
815;SJV006024SJU;156;143;0.00033959
815;SJV006024SJU;159;143;0.00272397
815;SJV006024SJU;160;143;0.00527188
815;SJV006024SJU;161;143;0.01338847
815;SJV006024SJU;162;143;0.00861513
815;SJV006024SJU;163;143;0.00432907
815;SJV006024SJU;164;143;0.01062366
815;SJV006024SJU;165;143;0.00706436
815;SJV006024SJU;166;143;0.00573633
815;SJV006024SJU;167;143;0.00632799
815;SJV006024SJU;168;143;0.00621074
815;SJV006024SJU;169;143;0.00671434
815;SJV006024SJU;170;143;0.00628184
815;SJV006024SJU;171;143;0.00484602
815;SJV006024SJU;156;144;0.00266175
815;SJV006024SJU;157;144;0.00535535
815;SJV006024SJU;158;144;0.00615548
815;SJV006024SJU;159;144;0.00287392
815;SJV006024SJU;160;144;0.00684221
815;SJV006024SJU;161;144;0.01171086
815;SJV006024SJU;162;144;0.00273822
815;SJV006024SJU;163;144;0.00424466
815;SJV006024SJU;164;144;0.00494236
815;SJV006024SJU;165;144;0.00146220
815;SJV006024SJU;166;144;0.00145032
815;SJV006024SJU;167;144;0.00158221
815;SJV006024SJU;168;144;0.00010571
815;SJV006024SJU;169;144;0.00000642
815;SJV006024SJU;171;144;0.00215720
815;SJV006024SJU;172;144;0.00477811
815;SJV006024SJU;160;145;0.01595235
815;SJV006024SJU;161;145;0.00015728
815;SJV006024SJU;162;145;0.00096018
815;SJV006024SJU;164;145;0.00264914
815;SJV006024SJU;167;145;0.00068070
815;SJV006024SJU;170;145;0.00002900
815;SJV006024SJU;171;145;0.00007342
815;SJV006024SJU;172;145;0.00547259
815;SJV006024SJU;173;145;0.00021972
815;SJV006024SJU;174;145;0.00017148
815;SJV006024SJU;159;146;0.00634812
815;SJV006024SJU;160;146;0.00905134
815;SJV006024SJU;161;146;0.00081045
815;SJV006024SJU;164;146;0.00268710
815;SJV006024SJU;167;146;0.00068744
815;SJV006024SJU;168;146;0.00025618
815;SJV006024SJU;172;146;0.00543023
815;SJV006024SJU;174;146;0.00024322
815;SJV006024SJU;175;146;0.01330516
815;SJV006024SJU;176;146;0.03328131
815;SJV006024SJU;177;146;0.00000128
815;SJV006024SJU;178;146;0.00027258
815;SJV006024SJU;159;147;0.01240465
815;SJV006024SJU;160;147;0.00204416
815;SJV006024SJU;161;147;0.00174136
815;SJV006024SJU;164;147;0.00265574
815;SJV006024SJU;168;147;0.00067035
815;SJV006024SJU;169;147;0.00070171
815;SJV006024SJU;170;147;0.00083501
815;SJV006024SJU;171;147;0.00046028
815;SJV006024SJU;172;147;0.00622163
815;SJV006024SJU;173;147;0.00409744
815;SJV006024SJU;174;147;0.01489418
815;SJV006024SJU;175;147;0.03198629
815;SJV006024SJU;176;147;0.00103185
815;SJV006024SJU;177;147;0.00039689
815;SJV006024SJU;178;147;0.00084750
815;SJV006024SJU;159;148;0.00868474
815;SJV006024SJU;160;148;0.00202808
815;SJV006024SJU;161;148;0.00218900
815;SJV006024SJU;164;148;0.00256192
815;SJV006024SJU;170;148;0.00029722
815;SJV006024SJU;172;148;0.00320181
815;SJV006024SJU;173;148;0.01161188
815;SJV006024SJU;174;148;0.03083514
815;SJV006024SJU;175;148;0.00211793
815;SJV006024SJU;176;148;0.00229767
815;SJV006024SJU;177;148;0.00157982
815;SJV006024SJU;178;148;0.00011132
815;SJV006024SJU;179;148;0.00016639
815;SJV006024SJU;180;148;0.00003888
815;SJV006024SJU;160;149;0.00078649
815;SJV006024SJU;161;149;0.00550159
815;SJV006024SJU;162;149;0.00264877
815;SJV006024SJU;164;149;0.00256430
815;SJV006024SJU;170;149;0.00054571
815;SJV006024SJU;171;149;0.00161713
815;SJV006024SJU;172;149;0.01752447
815;SJV006024SJU;173;149;0.03077647
815;SJV006024SJU;174;149;0.00351660
815;SJV006024SJU;175;149;0.00155294
815;SJV006024SJU;176;149;0.00127448
815;SJV006024SJU;177;149;0.00007678
815;SJV006024SJU;160;150;0.00110660
815;SJV006024SJU;161;150;0.00017233
815;SJV006024SJU;162;150;0.00254765
815;SJV006024SJU;163;150;0.00311956
815;SJV006024SJU;164;150;0.00597283
815;SJV006024SJU;165;150;0.00295232
815;SJV006024SJU;166;150;0.00291992
815;SJV006024SJU;167;150;0.00309273
815;SJV006024SJU;168;150;0.00275923
815;SJV006024SJU;169;150;0.00349742
815;SJV006024SJU;170;150;0.01926779
815;SJV006024SJU;171;150;0.04238453
815;SJV006024SJU;172;150;0.04369561
815;SJV006024SJU;173;150;0.00726272
815;SJV006024SJU;174;150;0.00351860
815;SJV006024SJU;175;150;0.00271064
815;SJV006024SJU;176;150;0.00144363
815;SJV006024SJU;177;150;0.00079803
815;SJV006024SJU;161;151;0.00105581
815;SJV006024SJU;162;151;0.00248512
815;SJV006024SJU;163;151;0.00216947
815;SJV006024SJU;164;151;0.00554057
815;SJV006024SJU;165;151;0.00198393
815;SJV006024SJU;166;151;0.00195683
815;SJV006024SJU;167;151;0.00242983
815;SJV006024SJU;168;151;0.01895629
815;SJV006024SJU;169;151;0.03421374
815;SJV006024SJU;170;151;0.02685777
815;SJV006024SJU;171;151;0.00994531
815;SJV006024SJU;172;151;0.00650393
815;SJV006024SJU;173;151;0.00266136
815;SJV006024SJU;174;151;0.00000935
815;SJV006024SJU;177;151;0.00068942
815;SJV006024SJU;178;151;0.00001429
815;SJV006024SJU;162;152;0.00117211
815;SJV006024SJU;163;152;0.00008117
815;SJV006024SJU;164;152;0.00438881
815;SJV006024SJU;165;152;0.00093212
815;SJV006024SJU;166;152;0.01542307
815;SJV006024SJU;167;152;0.02913730
815;SJV006024SJU;168;152;0.01115447
815;SJV006024SJU;169;152;0.00963152
815;SJV006024SJU;170;152;0.00124166
815;SJV006024SJU;171;152;0.00250812
815;SJV006024SJU;172;152;0.00176652
815;SJV006024SJU;173;152;0.00042020
815;SJV006024SJU;162;153;0.00072257
815;SJV006024SJU;163;153;0.00108189
815;SJV006024SJU;164;153;0.00639206
815;SJV006024SJU;165;153;0.00914173
815;SJV006024SJU;166;153;0.02439720
815;SJV006024SJU;167;153;0.00084951
815;SJV006024SJU;168;153;0.00612526
815;SJV006024SJU;169;153;0.00093929
815;SJV006024SJU;170;153;0.00175866
815;SJV006024SJU;171;153;0.00297231
815;SJV006024SJU;172;153;0.00003249
815;SJV006024SJU;173;153;0.00054461
815;SJV006024SJU;174;153;0.00013647
815;SJV006024SJU;175;153;0.00006826
815;SJV006024SJU;164;154;0.00238936
815;SJV006024SJU;165;154;0.02648382
815;SJV006024SJU;166;154;0.00327656
815;SJV006024SJU;167;154;0.00499742
815;SJV006024SJU;168;154;0.00059260
815;SJV006024SJU;169;154;0.00336871
815;SJV006024SJU;170;154;0.00036351
815;SJV006024SJU;171;154;0.00058875
815;SJV006024SJU;172;154;0.00005881
815;SJV006024SJU;173;154;0.00047396
815;SJV006024SJU;175;154;0.00006821
815;SJV006024SJU;176;154;0.00008943
815;SJV006024SJU;166;155;0.00133375
815;SJV006024SJU;167;155;0.00054541
815;SJV006024SJU;168;155;0.00316151
815;SJV006024SJU;169;155;0.00004746
815;SJV006024SJU;170;155;0.00006871
815;SJV006024SJU;171;155;0.00033363
815;SJV006024SJU;172;155;0.00062303
815;SJV006024SJU;173;155;0.00046692
815;SJV006024SJU;168;156;0.00027039
815;SJV006024SJU;169;156;0.00016842
815;SJV006024SJU;170;156;0.00027267
815;SJV006024SJU;171;156;0.00028901
815;SJV006024SJU;172;156;0.00015700
815;SJV006024SJU;173;156;0.00114427
815;SJV006024SJU;174;156;0.00022386
815;SJV006024SJU;175;156;0.00019487
815;SJV006024SJU;171;157;0.00003712
815;SJV006024SJU;173;157;0.00065442
815;SJV006024SJU;173;158;0.00037731
815;0NC0060490NS;117;178;0.00020415
815;0NC0060490NS;118;178;0.00354421
815;0NC0060490NS;119;178;0.00492341
815;0NC0060490NS;120;178;0.00337652
815;0NC0060490NS;117;179;0.00326158
815;0NC0060490NS;119;179;0.00937514
815;0NC0060490NS;120;179;0.00664697
815;0NC0060490NS;117;180;0.00285952
815;0NC0060490NS;120;180;0.00040456
815;0NC0060490NS;116;181;0.00616705
815;0NC0060490NS;117;181;0.00344519
815;0NC0060490NS;119;181;0.00848978
815;0NC0060490NS;120;181;0.00610096
815;0NC0060490NS;121;181;0.00357490
815;0NC0060490NS;115;182;0.00485181
815;0NC0060490NS;116;182;0.01269217
815;0NC0060490NS;117;182;0.01059142
815;0NC0060490NS;118;182;0.01705155
815;0NC0060490NS;119;182;0.00641409
815;0NC0060490NS;120;182;0.00838242
815;0NC0060490NS;121;182;0.01747376
815;0NC0060490NS;114;183;0.01173095
815;0NC0060490NS;115;183;0.00889150
815;0NC0060490NS;118;183;0.00208863
815;0NC0060490NS;119;183;0.01285587
815;0NC0060490NS;120;183;0.01000981
815;0NC0060490NS;121;183;0.02474766
815;0NC0060490NS;122;183;0.00382607
815;0NC0060490NS;113;184;0.00572579
815;0NC0060490NS;114;184;0.00175383
815;0NC0060490NS;121;184;0.00157923
815;0NC0060490NS;122;184;0.00253297
815;0NC0060490NS;121;185;0.00157923
815;0NC0060490NS;122;185;0.19318189
815;0NC0060490NS;121;186;0.08941978
815;0NC0060490NS;122;186;0.09228297
815;0NC0060490NS;124;186;0.00728311
815;0NC0060490NS;125;186;0.02604889
815;0NC0060490NS;126;186;0.01791817
815;0NC0060490NS;121;187;0.06771311
815;0NC0060490NS;122;187;0.01367997
815;0NC0060490NS;123;187;0.02551176
815;0NC0060490NS;124;187;0.01876578
815;0NC0060490NS;121;188;0.07517886
815;0NC0060490NS;120;189;0.04118790
815;0NC0060490NS;121;189;0.00919121
815;0NC0060490NS;119;190;0.04232806
815;0NC0060490NS;120;190;0.01099330
815;0NC0060490NS;118;191;0.00896082
815;0NC0060490NS;119;191;0.02955488
815;0NC0060490NS;118;192;0.00364685
815;0LT006031PLA;179;197;0.00154737
815;0LT006031PLA;178;198;0.00009021
815;0LT006031PLA;179;198;0.09140287
815;0LT006031PLA;178;199;0.00057636
815;0LT006031PLA;179;199;0.07758205
815;0LT006031PLA;177;200;0.00009507
815;0LT006031PLA;178;200;0.08384847
815;0LT006031PLA;179;200;0.17807393
815;0LT006031PLA;178;201;0.01469948
815;0LT006031PLA;179;201;0.04079044
815;0LT006031PLA;180;201;0.13033085
815;0LT006031PLA;180;202;0.06907505
815;0LT006031PLA;181;202;0.18691673
815;0LT006031PLA;182;202;0.07269640
815;0LT006031PLA;180;203;0.00316421
815;0LT006031PLA;181;203;0.04911053
815;0MC006031PLA;160;194;0.00067299
815;0MC006031PLA;161;194;0.01366835
815;0MC006031PLA;162;194;0.00717668
815;0MC006031PLA;160;195;0.00675124
815;0MC006031PLA;161;195;0.09719186
815;0MC006031PLA;162;195;0.01545666
815;0MC006031PLA;163;195;0.00173162
815;0MC006031PLA;161;196;0.10377848
815;0MC006031PLA;162;196;0.00549461
815;0MC006031PLA;163;196;0.01134909
815;0MC006031PLA;164;196;0.01268571
815;0MC006031PLA;165;196;0.00790618
815;0MC006031PLA;161;197;0.00276829
815;0MC006031PLA;162;197;0.07731066
815;0MC006031PLA;165;197;0.00244606
815;0MC006031PLA;166;197;0.00464060
815;0MC006031PLA;162;198;0.07701504
815;0MC006031PLA;166;198;0.00145777
815;0MC006031PLA;167;198;0.00108604
815;0MC006031PLA;162;199;0.07558013
815;0MC006031PLA;163;199;0.00821434
815;0MC006031PLA;167;199;0.00028177
815;0MC006031PLA;168;199;0.00001472
815;0MC006031PLA;163;200;0.05271023
815;0MC006031PLA;164;200;0.04133521
815;0MC006031PLA;168;200;0.00006139
815;0MC006031PLA;169;200;0.00004238
815;0MC006031PLA;170;200;0.00005382
815;0MC006031PLA;171;200;0.00005382
815;0MC006031PLA;172;200;0.00005070
815;0MC006031PLA;164;201;0.03147287
815;0MC006031PLA;165;201;0.06378285
815;0MC006031PLA;166;201;0.00806185
815;0MC006031PLA;169;201;0.00001602
815;0MC006031PLA;166;202;0.07203472
815;0MC006031PLA;166;203;0.00106921
815;0MC006031PLA;167;203;0.07729221
815;0MC006031PLA;168;203;0.00876630
815;0MC006031PLA;168;204;0.06180169
815;0MC006031PLA;169;204;0.02345241
815;0MC006031PLA;170;204;0.01221288
815;0MC006031PLA;171;204;0.01105056
815;0LT0060090ED;182;190;0.01553512
815;0LT0060090ED;183;190;0.00910779
815;0LT0060090ED;181;191;0.05778806
815;0LT0060090ED;182;191;0.01651399
815;0LT0060090ED;181;192;0.01390922
815;0LT0060090ED;182;192;0.10122749
815;0LT0060090ED;181;193;0.00937627
815;0LT0060090ED;182;193;0.11672912
815;0LT0060090ED;183;193;0.06038937
815;0LT0060090ED;180;194;0.06532253
815;0LT0060090ED;181;194;0.05649662
815;0LT0060090ED;182;194;0.11206142
815;0LT0060090ED;183;194;0.21466396
815;0LT0060090ED;180;195;0.04281472
815;0LT0060090ED;183;195;0.01920815
815;0LT0060090ED;179;196;0.01837864
815;0LT0060090ED;180;196;0.02464743
815;0LT0060090ED;179;197;0.02836412
815;0LT0060090ED;180;197;0.01746599
815;0SV0060480YS;146;173;0.00000925
815;0SV0060480YS;143;174;0.00000447
815;0SV0060480YS;144;174;0.00000880
815;0SV0060480YS;145;174;0.00000869
815;0SV0060480YS;146;174;0.00000228
815;0SV0060480YS;144;175;0.00000063
815;0SV0060480YS;144;176;0.00000063
815;0SV0060480YS;140;177;0.00000008
815;0SV0060480YS;141;177;0.00000016
815;0SV0060480YS;143;177;0.00000065
815;0SV0060480YS;144;177;0.00000021
815;0SV0060480YS;139;178;0.00023199
815;0SV0060480YS;140;178;0.00030392
815;0SV0060480YS;141;178;0.00000400
815;0SV0060480YS;142;178;0.00000023
815;0SV0060480YS;143;178;0.00000056
815;0SV0060480YS;139;179;0.00000147
815;0SV0060480YS;140;179;0.08092658
815;0SV0060480YS;141;179;0.02853055
815;0SV0060480YS;142;179;0.00000003
815;0SV0060480YS;143;179;0.00000014
815;0SV0060480YS;140;180;0.03216489
815;0SV0060480YS;141;180;0.15960781
815;0SV0060480YS;142;180;0.07211309
815;0SV0060480YS;143;180;0.00001399
815;0SV0060480YS;140;181;0.00776377
815;0SV0060480YS;141;181;0.02440103
815;0SV0060480YS;142;181;0.11593187
815;0SV0060480YS;143;181;0.11573981
815;0SV0060480YS;141;182;0.01848717
815;0SV0060480YS;143;182;0.07328986
815;0SV0060480YS;144;182;0.11481507
815;0SV0060480YS;138;183;0.00022061
815;0SV0060480YS;140;183;0.00058722
815;0SV0060480YS;141;183;0.01051392
815;0SV0060480YS;144;183;0.02624949
815;0SV0060480YS;145;183;0.11806508
815;SJV006015SJU;205;82;0.00030940
815;SJV006015SJU;206;82;0.00013141
815;SJV006015SJU;207;82;0.00064632
815;SJV006015SJU;208;82;0.00185492
815;SJV006015SJU;200;83;0.00000921
815;SJV006015SJU;201;83;0.00026678
815;SJV006015SJU;202;83;0.00028016
815;SJV006015SJU;203;83;0.00043504
815;SJV006015SJU;204;83;0.00043976
815;SJV006015SJU;205;83;0.00031574
815;SJV006015SJU;206;83;0.00052396
815;SJV006015SJU;207;83;0.00049036
815;SJV006015SJU;208;83;0.01190217
815;SJV006015SJU;197;84;0.00016267
815;SJV006015SJU;198;84;0.00000275
815;SJV006015SJU;199;84;0.00009336
815;SJV006015SJU;200;84;0.00015339
815;SJV006015SJU;207;84;0.00699283
815;SJV006015SJU;208;84;0.00652353
815;SJV006015SJU;196;85;0.00024092
815;SJV006015SJU;197;85;0.00004848
815;SJV006015SJU;207;85;0.01131550
815;SJV006015SJU;194;86;0.00001749
815;SJV006015SJU;195;86;0.00123400
815;SJV006015SJU;196;86;0.00010987
815;SJV006015SJU;206;86;0.00340857
815;SJV006015SJU;207;86;0.00690660
815;SJV006015SJU;194;87;0.00000136
815;SJV006015SJU;195;87;0.00030882
815;SJV006015SJU;196;87;0.00042907
815;SJV006015SJU;206;87;0.01175632
815;SJV006015SJU;207;87;0.00150024
815;SJV006015SJU;208;87;0.00021924
815;SJV006015SJU;196;88;0.00048921
815;SJV006015SJU;205;88;0.00017168
815;SJV006015SJU;206;88;0.01063477
815;SJV006015SJU;207;88;0.00043329
815;SJV006015SJU;208;88;0.00018422
815;SJV006015SJU;196;89;0.00080881
815;SJV006015SJU;197;89;0.00027602
815;SJV006015SJU;198;89;0.00027602
815;SJV006015SJU;199;89;0.00033674
815;SJV006015SJU;200;89;0.00047030
815;SJV006015SJU;201;89;0.00047030
815;SJV006015SJU;202;89;0.00056119
815;SJV006015SJU;203;89;0.00021822
815;SJV006015SJU;204;89;0.00041015
815;SJV006015SJU;205;89;0.00543703
815;SJV006015SJU;206;89;0.00576543
815;SJV006015SJU;207;89;0.00073791
815;SJV006015SJU;208;89;0.00026841
815;SJV006015SJU;195;90;0.00035407
815;SJV006015SJU;196;90;0.00109735
815;SJV006015SJU;197;90;0.00027065
815;SJV006015SJU;198;90;0.00031649
815;SJV006015SJU;199;90;0.00026559
815;SJV006015SJU;200;90;0.00026560
815;SJV006015SJU;201;90;0.00026563
815;SJV006015SJU;202;90;0.00044718
815;SJV006015SJU;203;90;0.00050794
815;SJV006015SJU;204;90;0.00474209
815;SJV006015SJU;205;90;0.00502434
815;SJV006015SJU;206;90;0.00171945
815;SJV006015SJU;207;90;0.00100389
815;SJV006015SJU;208;90;0.00069939
815;SJV006015SJU;194;91;0.00035542
815;SJV006015SJU;195;91;0.00280658
815;SJV006015SJU;196;91;0.00020096
815;SJV006015SJU;197;91;0.00008819
815;SJV006015SJU;198;91;0.00008149
815;SJV006015SJU;199;91;0.00001958
815;SJV006015SJU;200;91;0.00000763
815;SJV006015SJU;202;91;0.00000113
815;SJV006015SJU;203;91;0.00448113
815;SJV006015SJU;204;91;0.00078947
815;SJV006015SJU;205;91;0.00610847
815;SJV006015SJU;206;91;0.00011176
815;SJV006015SJU;207;91;0.00066706
815;SJV006015SJU;208;91;0.00050366
815;SJV006015SJU;193;92;0.00053542
815;SJV006015SJU;194;92;0.00047430
815;SJV006015SJU;195;92;0.00291307
815;SJV006015SJU;200;92;0.00000254
815;SJV006015SJU;201;92;0.00000382
815;SJV006015SJU;202;92;0.00398162
815;SJV006015SJU;203;92;0.00111353
815;SJV006015SJU;204;92;0.00006559
815;SJV006015SJU;205;92;0.00614062
815;SJV006015SJU;207;92;0.00070578
815;SJV006015SJU;208;92;0.00053736
815;SJV006015SJU;209;92;0.00001145
815;SJV006015SJU;192;93;0.00036343
815;SJV006015SJU;193;93;0.00032238
815;SJV006015SJU;195;93;0.00097393
815;SJV006015SJU;196;93;0.00230477
815;SJV006015SJU;197;93;0.00006396
815;SJV006015SJU;200;93;0.00001295
815;SJV006015SJU;201;93;0.00318609
815;SJV006015SJU;202;93;0.00210717
815;SJV006015SJU;203;93;0.00026604
815;SJV006015SJU;204;93;0.00032836
815;SJV006015SJU;205;93;0.00807080
815;SJV006015SJU;206;93;0.00159553
815;SJV006015SJU;207;93;0.00221528
815;SJV006015SJU;208;93;0.00288087
815;SJV006015SJU;209;93;0.00127962
815;SJV006015SJU;210;93;0.00052330
815;SJV006015SJU;211;93;0.00036462
815;SJV006015SJU;191;94;0.00009303
815;SJV006015SJU;192;94;0.00017415
815;SJV006015SJU;195;94;0.00062010
815;SJV006015SJU;197;94;0.00223130
815;SJV006015SJU;198;94;0.00092407
815;SJV006015SJU;200;94;0.00267732
815;SJV006015SJU;201;94;0.00190295
815;SJV006015SJU;202;94;0.00071152
815;SJV006015SJU;203;94;0.00034425
815;SJV006015SJU;204;94;0.00338996
815;SJV006015SJU;205;94;0.00738795
815;SJV006015SJU;206;94;0.00224771
815;SJV006015SJU;207;94;0.00291784
815;SJV006015SJU;208;94;0.00323603
815;SJV006015SJU;209;94;0.00107945
815;SJV006015SJU;210;94;0.00002316
815;SJV006015SJU;211;94;0.00018866
815;SJV006015SJU;212;94;0.00054360
815;SJV006015SJU;214;94;0.00124414
815;SJV006015SJU;190;95;0.00002532
815;SJV006015SJU;191;95;0.00025167
815;SJV006015SJU;194;95;0.00017304
815;SJV006015SJU;195;95;0.00034754
815;SJV006015SJU;198;95;0.00128915
815;SJV006015SJU;199;95;0.00563828
815;SJV006015SJU;200;95;0.00397911
815;SJV006015SJU;201;95;0.00162085
815;SJV006015SJU;202;95;0.00308544
815;SJV006015SJU;203;95;0.00523772
815;SJV006015SJU;204;95;0.02142306
815;SJV006015SJU;205;95;0.00417753
815;SJV006015SJU;206;95;0.00211633
815;SJV006015SJU;207;95;0.00219134
815;SJV006015SJU;208;95;0.00213714
815;SJV006015SJU;209;95;0.00037590
815;SJV006015SJU;210;95;0.00048159
815;SJV006015SJU;211;95;0.00296017
815;SJV006015SJU;212;95;0.00288998
815;SJV006015SJU;213;95;0.00331966
815;SJV006015SJU;214;95;0.00058271
815;SJV006015SJU;187;96;0.00001438
815;SJV006015SJU;188;96;0.00002393
815;SJV006015SJU;189;96;0.00002306
815;SJV006015SJU;190;96;0.00000014
815;SJV006015SJU;191;96;0.00024546
815;SJV006015SJU;194;96;0.00018847
815;SJV006015SJU;195;96;0.00035982
815;SJV006015SJU;198;96;0.00271637
815;SJV006015SJU;199;96;0.00399116
815;SJV006015SJU;201;96;0.00001563
815;SJV006015SJU;202;96;0.00675272
815;SJV006015SJU;203;96;0.01444056
815;SJV006015SJU;204;96;0.03378939
815;SJV006015SJU;205;96;0.00478044
815;SJV006015SJU;206;96;0.00064596
815;SJV006015SJU;207;96;0.00236673
815;SJV006015SJU;208;96;0.00201533
815;SJV006015SJU;209;96;0.00179527
815;SJV006015SJU;210;96;0.00328797
815;SJV006015SJU;213;96;0.00004107
815;SJV006015SJU;214;96;0.00005180
815;SJV006015SJU;186;97;0.00000766
815;SJV006015SJU;187;97;0.00000674
815;SJV006015SJU;190;97;0.00006168
815;SJV006015SJU;191;97;0.00012900
815;SJV006015SJU;192;97;0.00007884
815;SJV006015SJU;194;97;0.00056866
815;SJV006015SJU;196;97;0.00000513
815;SJV006015SJU;197;97;0.00458195
815;SJV006015SJU;198;97;0.00287398
815;SJV006015SJU;199;97;0.00241782
815;SJV006015SJU;200;97;0.00188062
815;SJV006015SJU;201;97;0.00371545
815;SJV006015SJU;202;97;0.02068907
815;SJV006015SJU;203;97;0.03162774
815;SJV006015SJU;204;97;0.05452499
815;SJV006015SJU;205;97;0.02223526
815;SJV006015SJU;206;97;0.01668106
815;SJV006015SJU;207;97;0.00911753
815;SJV006015SJU;208;97;0.00472654
815;SJV006015SJU;209;97;0.00157633
815;SJV006015SJU;190;98;0.00026987
815;SJV006015SJU;191;98;0.00009875
815;SJV006015SJU;192;98;0.00012919
815;SJV006015SJU;193;98;0.00036213
815;SJV006015SJU;194;98;0.00086890
815;SJV006015SJU;195;98;0.00074346
815;SJV006015SJU;196;98;0.00624179
815;SJV006015SJU;197;98;0.00175440
815;SJV006015SJU;198;98;0.00067105
815;SJV006015SJU;199;98;0.00213499
815;SJV006015SJU;200;98;0.00098722
815;SJV006015SJU;201;98;0.00284036
815;SJV006015SJU;202;98;0.01192588
815;SJV006015SJU;203;98;0.01971791
815;SJV006015SJU;204;98;0.04454278
815;SJV006015SJU;205;98;0.02654192
815;SJV006015SJU;206;98;0.01702363
815;SJV006015SJU;207;98;0.00581694
815;SJV006015SJU;208;98;0.00155888
815;SJV006015SJU;209;98;0.00000106
815;SJV006015SJU;189;99;0.00011753
815;SJV006015SJU;190;99;0.00016875
815;SJV006015SJU;194;99;0.00091378
815;SJV006015SJU;195;99;0.00570380
815;SJV006015SJU;196;99;0.00116294
815;SJV006015SJU;197;99;0.00064484
815;SJV006015SJU;198;99;0.00062127
815;SJV006015SJU;199;99;0.00203614
815;SJV006015SJU;200;99;0.00253499
815;SJV006015SJU;201;99;0.00711388
815;SJV006015SJU;202;99;0.00926661
815;SJV006015SJU;203;99;0.02786917
815;SJV006015SJU;204;99;0.01554304
815;SJV006015SJU;205;99;0.00294744
815;SJV006015SJU;206;99;0.00133335
815;SJV006015SJU;207;99;0.00080452
815;SJV006015SJU;208;99;0.00140685
815;SJV006015SJU;209;99;0.00053581
815;SJV006015SJU;189;100;0.00032172
815;SJV006015SJU;193;100;0.00132738
815;SJV006015SJU;194;100;0.00562468
815;SJV006015SJU;197;100;0.00036062
815;SJV006015SJU;198;100;0.00005867
815;SJV006015SJU;199;100;0.00227684
815;SJV006015SJU;200;100;0.00232986
815;SJV006015SJU;201;100;0.00079408
815;SJV006015SJU;202;100;0.01317296
815;SJV006015SJU;203;100;0.00562697
815;SJV006015SJU;204;100;0.00090426
815;SJV006015SJU;206;100;0.00006931
815;SJV006015SJU;207;100;0.00006838
815;SJV006015SJU;209;100;0.00015236
815;SJV006015SJU;210;100;0.00059902
815;SJV006015SJU;211;100;0.00022945
815;SJV006015SJU;188;101;0.00023890
815;SJV006015SJU;189;101;0.00050201
815;SJV006015SJU;190;101;0.00020432
815;SJV006015SJU;191;101;0.00020575
815;SJV006015SJU;192;101;0.00151762
815;SJV006015SJU;193;101;0.00542507
815;SJV006015SJU;194;101;0.00060797
815;SJV006015SJU;195;101;0.00039027
815;SJV006015SJU;196;101;0.00050314
815;SJV006015SJU;197;101;0.00096244
815;SJV006015SJU;198;101;0.00144048
815;SJV006015SJU;199;101;0.00548457
815;SJV006015SJU;200;101;0.00245430
815;SJV006015SJU;201;101;0.01510531
815;SJV006015SJU;202;101;0.00239151
815;SJV006015SJU;203;101;0.00130883
815;SJV006015SJU;204;101;0.00000771
815;SJV006015SJU;205;101;0.00021671
815;SJV006015SJU;209;101;0.00005808
815;SJV006015SJU;210;101;0.00019601
815;SJV006015SJU;211;101;0.00051457
815;SJV006015SJU;212;101;0.00018638
815;SJV006015SJU;181;102;0.00000182
815;SJV006015SJU;182;102;0.00000201
815;SJV006015SJU;187;102;0.00009764
815;SJV006015SJU;188;102;0.00007411
815;SJV006015SJU;189;102;0.00021765
815;SJV006015SJU;191;102;0.00063348
815;SJV006015SJU;192;102;0.00566050
815;SJV006015SJU;194;102;0.00024277
815;SJV006015SJU;197;102;0.00147281
815;SJV006015SJU;198;102;0.00207032
815;SJV006015SJU;199;102;0.00059375
815;SJV006015SJU;200;102;0.00619754
815;SJV006015SJU;201;102;0.00436643
815;SJV006015SJU;202;102;0.00009719
815;SJV006015SJU;203;102;0.00108690
815;SJV006015SJU;205;102;0.00007708
815;SJV006015SJU;206;102;0.00011374
815;SJV006015SJU;210;102;0.00000939
815;SJV006015SJU;211;102;0.00009244
815;SJV006015SJU;212;102;0.00047350
815;SJV006015SJU;213;102;0.00044631
815;SJV006015SJU;182;103;0.00000440
815;SJV006015SJU;183;103;0.00000650
815;SJV006015SJU;184;103;0.00000272
815;SJV006015SJU;186;103;0.00010086
815;SJV006015SJU;187;103;0.00007222
815;SJV006015SJU;189;103;0.00021768
815;SJV006015SJU;191;103;0.00607510
815;SJV006015SJU;194;103;0.00022682
815;SJV006015SJU;196;103;0.00000835
815;SJV006015SJU;197;103;0.00305444
815;SJV006015SJU;198;103;0.00021573
815;SJV006015SJU;199;103;0.00127141
815;SJV006015SJU;200;103;0.01137825
815;SJV006015SJU;201;103;0.00000111
815;SJV006015SJU;203;103;0.00090278
815;SJV006015SJU;206;103;0.00014353
815;SJV006015SJU;212;103;0.00009381
815;SJV006015SJU;213;103;0.00023476
815;SJV006015SJU;214;103;0.00021935
815;SJV006015SJU;178;104;0.00000918
815;SJV006015SJU;179;104;0.00001695
815;SJV006015SJU;182;104;0.00022227
815;SJV006015SJU;183;104;0.00096232
815;SJV006015SJU;184;104;0.00095144
815;SJV006015SJU;185;104;0.00103775
815;SJV006015SJU;186;104;0.00101162
815;SJV006015SJU;187;104;0.00094171
815;SJV006015SJU;188;104;0.00132788
815;SJV006015SJU;189;104;0.00191747
815;SJV006015SJU;190;104;0.00595320
815;SJV006015SJU;191;104;0.00138260
815;SJV006015SJU;192;104;0.00091410
815;SJV006015SJU;193;104;0.00063510
815;SJV006015SJU;194;104;0.00071161
815;SJV006015SJU;195;104;0.00088957
815;SJV006015SJU;196;104;0.00106412
815;SJV006015SJU;197;104;0.00241284
815;SJV006015SJU;198;104;0.00129223
815;SJV006015SJU;199;104;0.00128174
815;SJV006015SJU;200;104;0.01049418
815;SJV006015SJU;201;104;0.00007803
815;SJV006015SJU;202;104;0.00001351
815;SJV006015SJU;203;104;0.00087596
815;SJV006015SJU;204;104;0.00003219
815;SJV006015SJU;205;104;0.00004427
815;SJV006015SJU;206;104;0.00018792
815;SJV006015SJU;207;104;0.00008887
815;SJV006015SJU;208;104;0.00008629
815;SJV006015SJU;212;104;0.00004028
815;SJV006015SJU;213;104;0.00007617
815;SJV006015SJU;181;105;0.00091792
815;SJV006015SJU;182;105;0.00077253
815;SJV006015SJU;185;105;0.00012334
815;SJV006015SJU;189;105;0.00129770
815;SJV006015SJU;190;105;0.00290621
815;SJV006015SJU;192;105;0.00021387
815;SJV006015SJU;195;105;0.00011688
815;SJV006015SJU;197;105;0.00082052
815;SJV006015SJU;198;105;0.00001576
815;SJV006015SJU;199;105;0.00001576
815;SJV006015SJU;200;105;0.00975676
815;SJV006015SJU;202;105;0.00002675
815;SJV006015SJU;203;105;0.00068890
815;SJV006015SJU;204;105;0.00000921
815;SJV006015SJU;206;105;0.00008756
815;SJV006015SJU;207;105;0.00000729
815;SJV006015SJU;208;105;0.00002327
815;SJV006015SJU;209;105;0.00010617
815;SJV006015SJU;210;105;0.00005096
815;SJV006015SJU;213;105;0.00002765
815;SJV006015SJU;214;105;0.00005143
815;SJV006015SJU;179;106;0.00060070
815;SJV006015SJU;180;106;0.00096079
815;SJV006015SJU;181;106;0.00007330
815;SJV006015SJU;182;106;0.00000211
815;SJV006015SJU;184;106;0.00009943
815;SJV006015SJU;185;106;0.00002278
815;SJV006015SJU;189;106;0.00420447
815;SJV006015SJU;192;106;0.00021429
815;SJV006015SJU;195;106;0.00012068
815;SJV006015SJU;197;106;0.00070574
815;SJV006015SJU;198;106;0.00034213
815;SJV006015SJU;199;106;0.00039689
815;SJV006015SJU;200;106;0.01027294
815;SJV006015SJU;201;106;0.00072601
815;SJV006015SJU;202;106;0.00005983
815;SJV006015SJU;203;106;0.00052061
815;SJV006015SJU;207;106;0.00009538
815;SJV006015SJU;208;106;0.00003854
815;SJV006015SJU;210;106;0.00005486
815;SJV006015SJU;211;106;0.00002092
815;SJV006015SJU;214;106;0.00000583
815;SJV006015SJU;178;107;0.00022484
815;SJV006015SJU;179;107;0.00038565
815;SJV006015SJU;182;107;0.00000538
815;SJV006015SJU;183;107;0.00002499
815;SJV006015SJU;184;107;0.00029396
815;SJV006015SJU;185;107;0.00016617
815;SJV006015SJU;186;107;0.00018745
815;SJV006015SJU;187;107;0.00021698
815;SJV006015SJU;188;107;0.00304846
815;SJV006015SJU;189;107;0.00129856
815;SJV006015SJU;192;107;0.00021433
815;SJV006015SJU;195;107;0.00010136
815;SJV006015SJU;197;107;0.00054149
815;SJV006015SJU;198;107;0.00055766
815;SJV006015SJU;199;107;0.00963368
815;SJV006015SJU;200;107;0.00083437
815;SJV006015SJU;201;107;0.00068066
815;SJV006015SJU;203;107;0.00052186
815;SJV006015SJU;208;107;0.00011465
815;SJV006015SJU;209;107;0.00004765
815;SJV006015SJU;210;107;0.00004337
815;SJV006015SJU;211;107;0.00014545
815;SJV006015SJU;212;107;0.00005116
815;SJV006015SJU;178;108;0.00000012
815;SJV006015SJU;180;108;0.00155860
815;SJV006015SJU;183;108;0.00022052
815;SJV006015SJU;185;108;0.00003907
815;SJV006015SJU;187;108;0.00030105
815;SJV006015SJU;188;108;0.00377366
815;SJV006015SJU;192;108;0.00026348
815;SJV006015SJU;193;108;0.00025636
815;SJV006015SJU;194;108;0.00025636
815;SJV006015SJU;195;108;0.00034814
815;SJV006015SJU;196;108;0.00034806
815;SJV006015SJU;197;108;0.00101056
815;SJV006015SJU;198;108;0.00130777
815;SJV006015SJU;199;108;0.01267950
815;SJV006015SJU;200;108;0.00174085
815;SJV006015SJU;201;108;0.00075743
815;SJV006015SJU;202;108;0.00095337
815;SJV006015SJU;203;108;0.00073782
815;SJV006015SJU;204;108;0.00006188
815;SJV006015SJU;205;108;0.00006447
815;SJV006015SJU;206;108;0.00006604
815;SJV006015SJU;207;108;0.00006430
815;SJV006015SJU;208;108;0.00001985
815;SJV006015SJU;211;108;0.00003001
815;SJV006015SJU;212;108;0.00004115
815;SJV006015SJU;213;108;0.00009295
815;SJV006015SJU;214;108;0.00001909
815;SJV006015SJU;180;109;0.00028248
815;SJV006015SJU;187;109;0.00071482
815;SJV006015SJU;192;109;0.00000677
815;SJV006015SJU;197;109;0.00012821
815;SJV006015SJU;198;109;0.00012150
815;SJV006015SJU;199;109;0.00362655
815;SJV006015SJU;200;109;0.00049155
815;SJV006015SJU;201;109;0.00035707
815;SJV006015SJU;202;109;0.00037278
815;SJV006015SJU;203;109;0.00029289
815;SJV006015SJU;209;109;0.00085448
815;0SC0060190SC;222;52;0.00004428
815;0SC0060190SC;219;53;0.00005387
815;0SC0060190SC;220;53;0.00004934
815;0SC0060190SC;221;53;0.00018778
815;0SC0060190SC;222;53;0.00080637
815;0SC0060190SC;223;53;0.00099065
815;0SC0060190SC;224;53;0.00024206
815;0SC0060190SC;219;54;0.00009499
815;0SC0060190SC;220;54;0.00028563
815;0SC0060190SC;221;54;0.00031215
815;0SC0060190SC;222;54;0.00368801
815;0SC0060190SC;223;54;0.00401860
815;0SC0060190SC;224;54;0.00455119
815;0SC0060190SC;225;54;0.00119944
815;0SC0060190SC;226;54;0.00143786
815;0SC0060190SC;219;55;0.00003376
815;0SC0060190SC;220;55;0.00070941
815;0SC0060190SC;221;55;0.00136561
815;0SC0060190SC;222;55;0.00425419
815;0SC0060190SC;223;55;0.00275740
815;0SC0060190SC;224;55;0.00746499
815;0SC0060190SC;225;55;0.00685593
815;0SC0060190SC;226;55;0.00523566
815;0SC0060190SC;227;55;0.00042616
815;0SC0060190SC;219;56;0.00016769
815;0SC0060190SC;220;56;0.00136381
815;0SC0060190SC;221;56;0.00237457
815;0SC0060190SC;222;56;0.00843169
815;0SC0060190SC;223;56;0.00726592
815;0SC0060190SC;224;56;0.00822196
815;0SC0060190SC;225;56;0.00107284
815;0SC0060190SC;226;56;0.00233179
815;0SC0060190SC;227;56;0.00111673
815;0SC0060190SC;219;57;0.00046293
815;0SC0060190SC;220;57;0.00451502
815;0SC0060190SC;221;57;0.00670324
815;0SC0060190SC;222;57;0.01036779
815;0SC0060190SC;223;57;0.00619749
815;0SC0060190SC;224;57;0.01144290
815;0SC0060190SC;225;57;0.00662211
815;0SC0060190SC;226;57;0.00834008
815;0SC0060190SC;227;57;0.00489258
815;0SC0060190SC;228;57;0.00252193
815;0SC0060190SC;218;58;0.00002952
815;0SC0060190SC;219;58;0.00134111
815;0SC0060190SC;220;58;0.00720719
815;0SC0060190SC;221;58;0.00519917
815;0SC0060190SC;222;58;0.00783746
815;0SC0060190SC;223;58;0.00260055
815;0SC0060190SC;224;58;0.00996844
815;0SC0060190SC;225;58;0.00403832
815;0SC0060190SC;226;58;0.00666055
815;0SC0060190SC;227;58;0.00706675
815;0SC0060190SC;228;58;0.00230958
815;0SC0060190SC;229;58;0.00028472
815;0SC0060190SC;218;59;0.00037512
815;0SC0060190SC;219;59;0.00406419
815;0SC0060190SC;220;59;0.00987535
815;0SC0060190SC;221;59;0.00188684
815;0SC0060190SC;222;59;0.00719679
815;0SC0060190SC;223;59;0.00437976
815;0SC0060190SC;224;59;0.00757696
815;0SC0060190SC;225;59;0.00190033
815;0SC0060190SC;226;59;0.01032422
815;0SC0060190SC;227;59;0.00270743
815;0SC0060190SC;228;59;0.00155063
815;0SC0060190SC;229;59;0.00030223
815;0SC0060190SC;230;59;0.00009753
815;0SC0060190SC;231;59;0.00069680
815;0SC0060190SC;210;60;0.00000210
815;0SC0060190SC;217;60;0.00039992
815;0SC0060190SC;218;60;0.00215359
815;0SC0060190SC;219;60;0.00644735
815;0SC0060190SC;220;60;0.00425454
815;0SC0060190SC;221;60;0.00253406
815;0SC0060190SC;222;60;0.00763940
815;0SC0060190SC;223;60;0.00407057
815;0SC0060190SC;224;60;0.00846166
815;0SC0060190SC;225;60;0.00735292
815;0SC0060190SC;226;60;0.00546013
815;0SC0060190SC;227;60;0.00385463
815;0SC0060190SC;228;60;0.00092860
815;0SC0060190SC;229;60;0.00056309
815;0SC0060190SC;230;60;0.00090617
815;0SC0060190SC;231;60;0.00098589
815;0SC0060190SC;232;60;0.00247753
815;0SC0060190SC;207;61;0.00034701
815;0SC0060190SC;208;61;0.00046705
815;0SC0060190SC;209;61;0.00055832
815;0SC0060190SC;210;61;0.00059850
815;0SC0060190SC;211;61;0.00056979
815;0SC0060190SC;212;61;0.00060544
815;0SC0060190SC;213;61;0.00065878
815;0SC0060190SC;214;61;0.00063787
815;0SC0060190SC;215;61;0.00072782
815;0SC0060190SC;216;61;0.00098775
815;0SC0060190SC;217;61;0.00350334
815;0SC0060190SC;218;61;0.00602954
815;0SC0060190SC;219;61;0.00699357
815;0SC0060190SC;220;61;0.00512454
815;0SC0060190SC;221;61;0.00551996
815;0SC0060190SC;222;61;0.01355228
815;0SC0060190SC;223;61;0.01161765
815;0SC0060190SC;224;61;0.01623072
815;0SC0060190SC;225;61;0.00828861
815;0SC0060190SC;226;61;0.00278924
815;0SC0060190SC;227;61;0.00624212
815;0SC0060190SC;228;61;0.00454612
815;0SC0060190SC;229;61;0.00619386
815;0SC0060190SC;230;61;0.00585107
815;0SC0060190SC;231;61;0.00502043
815;0SC0060190SC;232;61;0.00723878
815;0SC0060190SC;233;61;0.00253100
815;0SC0060190SC;234;61;0.00267823
815;0SC0060190SC;208;62;0.00002840
815;0SC0060190SC;209;62;0.00000485
815;0SC0060190SC;210;62;0.00004579
815;0SC0060190SC;211;62;0.00001080
815;0SC0060190SC;212;62;0.00012202
815;0SC0060190SC;213;62;0.00002449
815;0SC0060190SC;214;62;0.00009836
815;0SC0060190SC;215;62;0.00014339
815;0SC0060190SC;216;62;0.00018884
815;0SC0060190SC;217;62;0.00065947
815;0SC0060190SC;218;62;0.00715115
815;0SC0060190SC;219;62;0.00358953
815;0SC0060190SC;220;62;0.00554096
815;0SC0060190SC;221;62;0.00535519
815;0SC0060190SC;222;62;0.01457578
815;0SC0060190SC;223;62;0.01893164
815;0SC0060190SC;224;62;0.01059743
815;0SC0060190SC;225;62;0.00507613
815;0SC0060190SC;226;62;0.00424974
815;0SC0060190SC;227;62;0.00663895
815;0SC0060190SC;228;62;0.01055000
815;0SC0060190SC;229;62;0.00200516
815;0SC0060190SC;230;62;0.00097717
815;0SC0060190SC;231;62;0.00049852
815;0SC0060190SC;232;62;0.00107031
815;0SC0060190SC;233;62;0.00557766
815;0SC0060190SC;234;62;0.00269326
815;0SC0060190SC;235;62;0.00000100
815;0SC0060190SC;208;63;0.00000638
815;0SC0060190SC;209;63;0.00005102
815;0SC0060190SC;210;63;0.00010472
815;0SC0060190SC;211;63;0.00018379
815;0SC0060190SC;212;63;0.00025375
815;0SC0060190SC;213;63;0.00017186
815;0SC0060190SC;214;63;0.00005501
815;0SC0060190SC;215;63;0.00007396
815;0SC0060190SC;217;63;0.00302868
815;0SC0060190SC;218;63;0.00025101
815;0SC0060190SC;219;63;0.00075462
815;0SC0060190SC;220;63;0.00287588
815;0SC0060190SC;221;63;0.00611774
815;0SC0060190SC;222;63;0.00804598
815;0SC0060190SC;223;63;0.00886650
815;0SC0060190SC;224;63;0.00146390
815;0SC0060190SC;225;63;0.00414105
815;0SC0060190SC;226;63;0.00490312
815;0SC0060190SC;227;63;0.00412774
815;0SC0060190SC;228;63;0.00418234
815;0SC0060190SC;229;63;0.00550134
815;0SC0060190SC;230;63;0.00572570
815;0SC0060190SC;231;63;0.00551339
815;0SC0060190SC;232;63;0.00680915
815;0SC0060190SC;233;63;0.00681108
815;0SC0060190SC;234;63;0.00677803
815;0SC0060190SC;235;63;0.00160208
815;0SC0060190SC;209;64;0.00002108
815;0SC0060190SC;210;64;0.00296959
815;0SC0060190SC;211;64;0.00359950
815;0SC0060190SC;212;64;0.00389976
815;0SC0060190SC;213;64;0.00353831
815;0SC0060190SC;214;64;0.00028499
815;0SC0060190SC;215;64;0.00007055
815;0SC0060190SC;216;64;0.00000819
815;0SC0060190SC;217;64;0.00425199
815;0SC0060190SC;218;64;0.00070686
815;0SC0060190SC;219;64;0.00076774
815;0SC0060190SC;220;64;0.00409313
815;0SC0060190SC;221;64;0.00042822
815;0SC0060190SC;222;64;0.00870088
815;0SC0060190SC;223;64;0.00544603
815;0SC0060190SC;224;64;0.00343463
815;0SC0060190SC;225;64;0.00199947
815;0SC0060190SC;226;64;0.00132068
815;0SC0060190SC;227;64;0.00115872
815;0SC0060190SC;228;64;0.00549924
815;0SC0060190SC;229;64;0.00934872
815;0SC0060190SC;230;64;0.00697358
815;0SC0060190SC;231;64;0.00632316
815;0SC0060190SC;232;64;0.00679030
815;0SC0060190SC;233;64;0.00453086
815;0SC0060190SC;234;64;0.00416319
815;0SC0060190SC;235;64;0.00246704
815;0SC0060190SC;210;65;0.00003143
815;0SC0060190SC;211;65;0.00002362
815;0SC0060190SC;212;65;0.00000714
815;0SC0060190SC;213;65;0.00035336
815;0SC0060190SC;214;65;0.00505800
815;0SC0060190SC;215;65;0.00550269
815;0SC0060190SC;216;65;0.00545268
815;0SC0060190SC;217;65;0.00841746
815;0SC0060190SC;218;65;0.00572436
815;0SC0060190SC;219;65;0.00659761
815;0SC0060190SC;220;65;0.00561560
815;0SC0060190SC;221;65;0.01034565
815;0SC0060190SC;222;65;0.00643654
815;0SC0060190SC;223;65;0.00393018
815;0SC0060190SC;224;65;0.00308691
815;0SC0060190SC;225;65;0.00836677
815;0SC0060190SC;226;65;0.00674293
815;0SC0060190SC;227;65;0.00587789
815;0SC0060190SC;228;65;0.00129831
815;0SC0060190SC;229;65;0.00007638
815;0SC0060190SC;230;65;0.00012327
815;0SC0060190SC;231;65;0.00008937
815;0SC0060190SC;232;65;0.00004877
815;0SC0060190SC;233;65;0.00000259
815;0SC0060190SC;234;65;0.00000460
815;0SC0060190SC;235;65;0.00000444
815;0SC0060190SC;213;66;0.00011766
815;0SC0060190SC;214;66;0.00107374
815;0SC0060190SC;215;66;0.00158067
815;0SC0060190SC;216;66;0.00153124
815;0SC0060190SC;217;66;0.00393672
815;0SC0060190SC;218;66;0.00237297
815;0SC0060190SC;219;66;0.00305134
815;0SC0060190SC;220;66;0.00664670
815;0SC0060190SC;221;66;0.00221655
815;0SC0060190SC;222;66;0.00002882
815;0SC0060190SC;223;66;0.00512152
815;0SC0060190SC;224;66;0.00349319
815;0SC0060190SC;225;66;0.00021099
815;0SC0060190SC;226;66;0.00004725
815;0SC0060190SC;231;66;0.00001396
815;0SC0060190SC;213;67;0.00002092
815;0SC0060190SC;214;67;0.00073049
815;0SC0060190SC;215;67;0.00194315
815;0SC0060190SC;216;67;0.00146488
815;0SC0060190SC;217;67;0.00314084
815;0SC0060190SC;218;67;0.00407169
815;0SC0060190SC;219;67;0.00627151
815;0SC0060190SC;220;67;0.00117213
815;0SC0060190SC;221;67;0.00481116
815;0SC0060190SC;222;67;0.00448700
815;0SC0060190SC;223;67;0.00025987
815;0SC0060190SC;224;67;0.00030156
815;0SC0060190SC;225;67;0.00000232
815;0SC0060190SC;226;67;0.00000402
815;0SC0060190SC;231;67;0.00001299
815;0SC0060190SC;232;67;0.00000102
815;0SC0060190SC;214;68;0.00161847
815;0SC0060190SC;215;68;0.00252750
815;0SC0060190SC;216;68;0.00270287
815;0SC0060190SC;217;68;0.00624322
815;0SC0060190SC;218;68;0.00579480
815;0SC0060190SC;219;68;0.00498674
815;0SC0060190SC;220;68;0.00422739
815;0SC0060190SC;221;68;0.00059365
815;0SC0060190SC;222;68;0.00000664
815;0SC0060190SC;223;68;0.00000188
815;0SC0060190SC;224;68;0.00052172
815;0SC0060190SC;225;68;0.00003684
815;0SC0060190SC;226;68;0.00001368
815;0SC0060190SC;227;68;0.00000824
815;0SC0060190SC;228;68;0.00000631
815;0SC0060190SC;231;68;0.00000345
815;0SC0060190SC;216;69;0.00017960
815;0SC0060190SC;217;69;0.01013675
815;0SC0060190SC;218;69;0.00397895
815;0SC0060190SC;219;69;0.00029214
815;0SC0060190SC;220;69;0.00001678
815;0SC0060190SC;222;69;0.00000314
815;0SC0060190SC;223;69;0.00000063
815;0SC0060190SC;224;69;0.00011536
815;0SC0060190SC;225;69;0.00025862
815;0SC0060190SC;228;69;0.00001282
815;0SC0060190SC;215;70;0.00279206
815;0SC0060190SC;216;70;0.00622407
815;0SC0060190SC;217;70;0.00218475
815;0SC0060190SC;225;70;0.00040140
815;0SC0060190SC;226;70;0.00000025
815;0SC0060190SC;228;70;0.00000825
815;0SC0060190SC;229;70;0.00001202
815;0SC0060190SC;230;70;0.00001080
815;0SC0060190SC;231;70;0.00000400
815;0SC0060190SC;232;70;0.00000892
815;0SC0060190SC;212;71;0.00029366
815;0SC0060190SC;213;71;0.00044818
815;0SC0060190SC;214;71;0.00023009
815;0SC0060190SC;215;71;0.00568764
815;0SC0060190SC;216;71;0.00097496
815;0SC0060190SC;217;71;0.00288719
815;0SC0060190SC;218;71;0.00080638
815;0SC0060190SC;219;71;0.00000803
815;0SC0060190SC;226;71;0.00020260
815;0SC0060190SC;231;71;0.00000679
815;0SC0060190SC;232;71;0.00000771
815;0SC0060190SC;233;71;0.00001026
815;0SC0060190SC;212;72;0.00000094
815;0SC0060190SC;213;72;0.00122834
815;0SC0060190SC;214;72;0.00328335
815;0SC0060190SC;215;72;0.00441563
815;0SC0060190SC;216;72;0.00070656
815;0SC0060190SC;217;72;0.00046377
815;0SC0060190SC;218;72;0.00216296
815;0SC0060190SC;219;72;0.00215764
815;0SC0060190SC;220;72;0.00033948
815;0SC0060190SC;221;72;0.00000317
815;0SC0060190SC;222;72;0.00000296
815;0SC0060190SC;223;72;0.00000129
815;0SC0060190SC;213;73;0.00015289
815;0SC0060190SC;214;73;0.00321264
815;0SC0060190SC;215;73;0.00010225
815;0SC0060190SC;216;73;0.00011455
815;0SC0060190SC;217;73;0.00012522
815;0SC0060190SC;218;73;0.00006355
815;0SC0060190SC;219;73;0.00002312
815;0SC0060190SC;220;73;0.00236211
815;0SC0060190SC;221;73;0.00120039
815;0SC0060190SC;223;73;0.00001232
815;0SC0060190SC;224;73;0.00000169
815;0SC0060190SC;213;74;0.00086583
815;0SC0060190SC;214;74;0.00251384
815;0SC0060190SC;215;74;0.00000087
815;0SC0060190SC;216;74;0.00002304
815;0SC0060190SC;217;74;0.00001595
815;0SC0060190SC;218;74;0.00002306
815;0SC0060190SC;219;74;0.00000872
815;0SC0060190SC;220;74;0.00003411
815;0SC0060190SC;221;74;0.00141370
815;0SC0060190SC;222;74;0.00215037
815;0SC0060190SC;223;74;0.00221801
815;0SC0060190SC;224;74;0.00048566
815;0SC0060190SC;213;75;0.00357623
815;0SC0060190SC;215;75;0.00000323
815;0SC0060190SC;216;75;0.00003651
815;0SC0060190SC;217;75;0.00000027
815;0SC0060190SC;218;75;0.00004780
815;0SC0060190SC;220;75;0.00000076
815;0SC0060190SC;221;75;0.00001671
815;0SC0060190SC;222;75;0.00001590
815;0SC0060190SC;212;76;0.00364951
815;0SC0060190SC;213;76;0.00009245
815;0SC0060190SC;216;76;0.00000080
815;0SC0060190SC;217;76;0.00003938
815;0SC0060190SC;218;76;0.00000646
815;0SC0060190SC;219;76;0.00004379
815;0SC0060190SC;220;76;0.00002988
815;0SC0060190SC;221;76;0.00001016
815;0SC0060190SC;211;77;0.00075960
815;0SC0060190SC;212;77;0.00233861
815;0SC0060190SC;217;77;0.00000437
815;0SC0060190SC;218;77;0.00003791
815;0SC0060190SC;219;77;0.00000347
815;0SC0060190SC;220;77;0.00000230
815;0SC0060190SC;210;78;0.00018374
815;0SC0060190SC;211;78;0.00369999
815;0SC0060190SC;212;78;0.00000430
815;0SC0060190SC;219;78;0.00002396
815;0SC0060190SC;210;79;0.00346374
815;0SC0060190SC;211;79;0.00000338
815;0SC0060190SC;212;79;0.00000266
815;0SC0060190SC;210;80;0.00275800
815;0SC0060190SC;213;80;0.00000064
815;0SC0060190SC;209;81;0.00102972
815;0SC0060190SC;210;81;0.00274842
815;0SC0060190SC;211;81;0.00043810
815;0SC0060190SC;212;81;0.00001471
815;0SC0060190SC;208;82;0.00252434
815;0SC0060190SC;209;82;0.00246563
815;0SC0060190SC;210;82;0.00000087
815;0SC0060190SC;211;82;0.00001636
815;0MD006015KER;218;83;0.00033676
815;0MD006015KER;219;83;0.00000120
815;0MD006015KER;220;83;0.00003457
815;0MD006015KER;221;83;0.00202241
815;0MD006015KER;222;83;0.00069017
815;0MD006015KER;223;83;0.00078226
815;0MD006015KER;224;83;0.01536282
815;0MD006015KER;218;84;0.00032442
815;0MD006015KER;219;84;0.00006520
815;0MD006015KER;220;84;0.00001230
815;0MD006015KER;221;84;0.00286075
815;0MD006015KER;222;84;0.00280169
815;0MD006015KER;223;84;0.00662046
815;0MD006015KER;224;84;0.03413114
815;0MD006015KER;225;84;0.00725507
815;0MD006015KER;226;84;0.00725387
815;0MD006015KER;227;84;0.00732565
815;0MD006015KER;228;84;0.00207712
815;0MD006015KER;221;85;0.00224083
815;0MD006015KER;222;85;0.00008624
815;0MD006015KER;223;85;0.00044749
815;0MD006015KER;224;85;0.01516536
815;0MD006015KER;228;85;0.00667058
815;0MD006015KER;229;85;0.00538228
815;0MD006015KER;221;86;0.00350622
815;0MD006015KER;222;86;0.00213522
815;0MD006015KER;223;86;0.00200666
815;0MD006015KER;224;86;0.01489756
815;0MD006015KER;229;86;0.00254460
815;0MD006015KER;230;86;0.00420278
815;0MD006015KER;220;87;0.00215787
815;0MD006015KER;221;87;0.00267139
815;0MD006015KER;223;87;0.00063537
815;0MD006015KER;224;87;0.01420068
815;0MD006015KER;230;87;0.00524066
815;0MD006015KER;219;88;0.00029602
815;0MD006015KER;220;88;0.00432381
815;0MD006015KER;223;88;0.00021561
815;0MD006015KER;224;88;0.01412928
815;0MD006015KER;227;88;0.00710495
815;0MD006015KER;228;88;0.00846624
815;0MD006015KER;229;88;0.01038076
815;0MD006015KER;230;88;0.01685264
815;0MD006015KER;231;88;0.01159755
815;0MD006015KER;232;88;0.01129186
815;0MD006015KER;233;88;0.01127653
815;0MD006015KER;234;88;0.01146629
815;0MD006015KER;235;88;0.00945190
815;0MD006015KER;236;88;0.00000147
815;0MD006015KER;219;89;0.00688348
815;0MD006015KER;220;89;0.00110680
815;0MD006015KER;221;89;0.00112034
815;0MD006015KER;222;89;0.00140145
815;0MD006015KER;223;89;0.00850546
815;0MD006015KER;224;89;0.01159154
815;0MD006015KER;225;89;0.01128353
815;0MD006015KER;226;89;0.00855968
815;0MD006015KER;227;89;0.00139189
815;0MD006015KER;229;89;0.00444282
815;0MD006015KER;231;89;0.00017303
815;0MD006015KER;233;89;0.00034766
815;0MD006015KER;234;89;0.00042079
815;0MD006015KER;235;89;0.00156210
815;0MD006015KER;236;89;0.00041370
815;0MD006015KER;212;90;0.00079510
815;0MD006015KER;213;90;0.00198977
815;0MD006015KER;214;90;0.00368243
815;0MD006015KER;215;90;0.00417733
815;0MD006015KER;216;90;0.00049443
815;0MD006015KER;217;90;0.00004327
815;0MD006015KER;218;90;0.00451633
815;0MD006015KER;219;90;0.00028700
815;0MD006015KER;220;90;0.00249467
815;0MD006015KER;221;90;0.00523150
815;0MD006015KER;223;90;0.00795845
815;0MD006015KER;224;90;0.00864038
815;0MD006015KER;225;90;0.00668463
815;0MD006015KER;229;90;0.00443320
815;0MD006015KER;231;90;0.00001297
815;0MD006015KER;232;90;0.00003660
815;0MD006015KER;212;91;0.00005441
815;0MD006015KER;214;91;0.00470123
815;0MD006015KER;215;91;0.00928463
815;0MD006015KER;216;91;0.01316227
815;0MD006015KER;217;91;0.03125154
815;0MD006015KER;218;91;0.02732742
815;0MD006015KER;219;91;0.01572734
815;0MD006015KER;220;91;0.01483795
815;0MD006015KER;221;91;0.01017606
815;0MD006015KER;222;91;0.01645878
815;0MD006015KER;223;91;0.01720540
815;0MD006015KER;224;91;0.01404313
815;0MD006015KER;225;91;0.00677093
815;0MD006015KER;226;91;0.00579082
815;0MD006015KER;227;91;0.00608984
815;0MD006015KER;228;91;0.00764030
815;0MD006015KER;229;91;0.00546643
815;0MD006015KER;213;92;0.00428433
815;0MD006015KER;214;92;0.00774417
815;0MD006015KER;216;92;0.00383234
815;0MD006015KER;217;92;0.01938253
815;0MD006015KER;218;92;0.00002801
815;0MD006015KER;225;92;0.00440079
815;0MD006015KER;228;92;0.00186058
815;0MD006015KER;229;92;0.00201295
815;0MD006015KER;230;92;0.00059060
815;0MD006015KER;215;93;0.01295689
815;0MD006015KER;216;93;0.02008330
815;0MD006015KER;225;93;0.00199912
815;0MD006015KER;226;93;0.00238917
815;0MD006015KER;228;93;0.00141424
815;0MD006015KER;230;93;0.00143257
815;0MD006015KER;231;93;0.00007627
815;0MD006015KER;214;94;0.01208570
815;0MD006015KER;215;94;0.01086010
815;0MD006015KER;226;94;0.00395585
815;0MD006015KER;227;94;0.00085490
815;0MD006015KER;228;94;0.00055955
815;0MD006015KER;230;94;0.00005009
815;0MD006015KER;231;94;0.00127218
815;0MD006015KER;232;94;0.00030716
815;0MD006015KER;226;95;0.00364734
815;0MD006015KER;227;95;0.00168999
815;0MD006015KER;232;95;0.00094853
815;0MD006015KER;233;95;0.00064407
815;0MD006015KER;214;96;0.00080641
815;0MD006015KER;215;96;0.00028951
815;0MD006015KER;216;96;0.00029136
815;0MD006015KER;217;96;0.00032477
815;0MD006015KER;218;96;0.00022700
815;0MD006015KER;225;96;0.00001161
815;0MD006015KER;226;96;0.00000797
815;0MD006015KER;227;96;0.00635540
815;0MD006015KER;233;96;0.00061189
815;0MD006015KER;234;96;0.00099493
815;0MD006015KER;214;97;0.00069534
815;0MD006015KER;215;97;0.00016759
815;0MD006015KER;218;97;0.00013492
815;0MD006015KER;219;97;0.00006963
815;0MD006015KER;225;97;0.00002847
815;0MD006015KER;226;97;0.00001218
815;0MD006015KER;227;97;0.00057003
815;0MD006015KER;228;97;0.00551872
815;0MD006015KER;229;97;0.00088161
815;0MD006015KER;234;97;0.00025115
815;0MD006015KER;235;97;0.00116612
815;0MD006015KER;215;98;0.00090563
815;0MD006015KER;217;98;0.00009986
815;0MD006015KER;218;98;0.00018565
815;0MD006015KER;219;98;0.00003952
815;0MD006015KER;220;98;0.00000246
815;0MD006015KER;221;98;0.00000631
815;0MD006015KER;222;98;0.00000979
815;0MD006015KER;223;98;0.00002152
815;0MD006015KER;224;98;0.00002405
815;0MD006015KER;225;98;0.00000961
815;0MD006015KER;227;98;0.00146406
815;0MD006015KER;228;98;0.00084282
815;0MD006015KER;229;98;0.00250712
815;0MD006015KER;230;98;0.00311666
815;0MD006015KER;231;98;0.00019537
815;0MD006015KER;234;98;0.00003672
815;0MD006015KER;235;98;0.00212263
815;0MD006015KER;215;99;0.00042936
815;0MD006015KER;216;99;0.00014400
815;0MD006015KER;217;99;0.00004894
815;0MD006015KER;218;99;0.00001481
815;0MD006015KER;220;99;0.00000460
815;0MD006015KER;227;99;0.00212659
815;0MD006015KER;231;99;0.00274371
815;0MD006015KER;232;99;0.00289075
815;0MD006015KER;233;99;0.00019510
815;0MD006015KER;234;99;0.00090652
815;0MD006015KER;235;99;0.00387998
815;0MD006015KER;215;100;0.00034732
815;0MD006015KER;218;100;0.00000772
815;0MD006015KER;219;100;0.00001754
815;0MD006015KER;220;100;0.00001378
815;0MD006015KER;221;100;0.00001710
815;0MD006015KER;222;100;0.00000243
815;0MD006015KER;227;100;0.00075975
815;0MD006015KER;228;100;0.00139631
815;0MD006015KER;232;100;0.00089228
815;0MD006015KER;233;100;0.00269921
815;0MD006015KER;234;100;0.00708327
815;0MD006015KER;235;100;0.00117008
815;0MD006015KER;215;101;0.00030926
815;0MD006015KER;222;101;0.00002454
815;0MD006015KER;228;101;0.00218978
815;0MD006015KER;235;101;0.00684046
815;0MD006015KER;215;102;0.00008480
815;0MD006015KER;216;102;0.00024238
815;0MD006015KER;222;102;0.00076151
815;0MD006015KER;228;102;0.00219025
815;0MD006015KER;234;102;0.00673022
815;0MD006015KER;235;102;0.00057098
815;0MD006015KER;214;103;0.00231898
815;0MD006015KER;215;103;0.00136850
815;0MD006015KER;216;103;0.00040424
815;0MD006015KER;221;103;0.00061628
815;0MD006015KER;222;103;0.00183939
815;0MD006015KER;228;103;0.00090535
815;0MD006015KER;229;103;0.00128397
815;0MD006015KER;233;103;0.00459877
815;0MD006015KER;234;103;0.00589635
815;0MD006015KER;215;104;0.00174520
815;0MD006015KER;216;104;0.00610243
815;0MD006015KER;221;104;0.00111206
815;0MD006015KER;222;104;0.00048117
815;0MD006015KER;229;104;0.00321353
815;0MD006015KER;232;104;0.00074537
815;0MD006015KER;233;104;0.00638935
815;0MD006015KER;234;104;0.00406876
815;0MD006015KER;235;104;0.00019887
815;0MD006015KER;214;105;0.00000002
815;0MD006015KER;216;105;0.00720778
815;0MD006015KER;217;105;0.00335570
815;0MD006015KER;218;105;0.00417370
815;0MD006015KER;219;105;0.00122059
815;0MD006015KER;221;105;0.00175373
815;0MD006015KER;227;105;0.00083744
815;0MD006015KER;228;105;0.00214403
815;0MD006015KER;229;105;0.00358765
815;0MD006015KER;230;105;0.00002023
815;0MD006015KER;231;105;0.00005193
815;0MD006015KER;232;105;0.00305878
815;0MD006015KER;233;105;0.00247221
815;0MD006015KER;234;105;0.02072351
815;0MD006015KER;235;105;0.00347377
815;0MD006015KER;214;106;0.00037904
815;0MD006015KER;215;106;0.00000013
815;0MD006015KER;216;106;0.00421873
815;0MD006015KER;217;106;0.00250170
815;0MD006015KER;218;106;0.00083668
815;0MD006015KER;219;106;0.00166932
815;0MD006015KER;220;106;0.00324292
815;0MD006015KER;221;106;0.00253609
815;0MD006015KER;226;106;0.00213473
815;0MD006015KER;227;106;0.00120769
815;0MD006015KER;229;106;0.00036445
815;0MD006015KER;230;106;0.00337923
815;0MD006015KER;231;106;0.01031976
815;0MD006015KER;232;106;0.00669923
815;0MD006015KER;233;106;0.00723410
815;0MD006015KER;234;106;0.01415219
815;0MD006015KER;235;106;0.00150264
815;0MD006015KER;214;107;0.00033965
815;0MD006015KER;215;107;0.00084229
815;0MD006015KER;216;107;0.00150771
815;0MD006015KER;217;107;0.00374965
815;0MD006015KER;218;107;0.00034623
815;0MD006015KER;221;107;0.00005013
815;0MD006015KER;222;107;0.00189960
815;0MD006015KER;223;107;0.00156569
815;0MD006015KER;225;107;0.00124911
815;0MD006015KER;226;107;0.00080424
815;0MD006015KER;230;107;0.00523912
815;0MD006015KER;231;107;0.00004684
815;0MD006015KER;214;108;0.00088192
815;0MD006015KER;215;108;0.00042620
815;0MD006015KER;217;108;0.00131494
815;0MD006015KER;218;108;0.00081909
815;0MD006015KER;223;108;0.00115843
815;0MD006015KER;224;108;0.00220322
815;0MD006015KER;225;108;0.00210729
815;0MD006015KER;230;108;0.00343182
815;0MD006015KER;217;109;0.00010710
815;0MD006015KER;230;109;0.00238107
815;0MD006036MOJ;260;63;0.00088737
815;0MD006036MOJ;261;63;0.00012854
815;0MD006036MOJ;260;64;0.00004104
815;0MD006036MOJ;261;64;0.00121870
815;0MD006036MOJ;262;64;0.00030530
815;0MD006036MOJ;273;64;0.00000904
815;0MD006036MOJ;262;65;0.00091272
815;0MD006036MOJ;263;65;0.00109398
815;0MD006036MOJ;264;65;0.00071122
815;0MD006036MOJ;265;65;0.00011728
815;0MD006036MOJ;266;65;0.00012734
815;0MD006036MOJ;267;65;0.00000174
815;0MD006036MOJ;273;65;0.00000966
815;0MD006036MOJ;283;65;0.00000539
815;0MD006036MOJ;284;65;0.00000359
815;0MD006036MOJ;263;66;0.00005574
815;0MD006036MOJ;264;66;0.00077930
815;0MD006036MOJ;265;66;0.00066984
815;0MD006036MOJ;266;66;0.00056559
815;0MD006036MOJ;267;66;0.00042123
815;0MD006036MOJ;268;66;0.00041696
815;0MD006036MOJ;269;66;0.00041222
815;0MD006036MOJ;270;66;0.00040431
815;0MD006036MOJ;271;66;0.00041617
815;0MD006036MOJ;272;66;0.00024252
815;0MD006036MOJ;273;66;0.00014516
815;0MD006036MOJ;274;66;0.00006497
815;0MD006036MOJ;275;66;0.00001217
815;0MD006036MOJ;276;66;0.00000609
815;0MD006036MOJ;277;66;0.00000568
815;0MD006036MOJ;278;66;0.00000568
815;0MD006036MOJ;279;66;0.00000570
815;0MD006036MOJ;280;66;0.00000570
815;0MD006036MOJ;281;66;0.00000845
815;0MD006036MOJ;282;66;0.00000861
815;0MD006036MOJ;283;66;0.00000445
815;0MD006036MOJ;284;66;0.00001200
815;0MD006036MOJ;285;66;0.00000861
815;0MD006036MOJ;286;66;0.00000879
815;0MD006036MOJ;287;66;0.00000788
815;0MD006036MOJ;293;66;0.00005140
815;0MD006036MOJ;294;66;0.00009261
815;0MD006036MOJ;295;66;0.00001977
815;0MD006036MOJ;300;66;0.00003881
815;0MD006036MOJ;257;67;0.00004666
815;0MD006036MOJ;263;67;0.00014070
815;0MD006036MOJ;264;67;0.00040917
815;0MD006036MOJ;265;67;0.00024034
815;0MD006036MOJ;266;67;0.00004914
815;0MD006036MOJ;267;67;0.00005269
815;0MD006036MOJ;268;67;0.00001392
815;0MD006036MOJ;270;67;0.00006848
815;0MD006036MOJ;271;67;0.00000794
815;0MD006036MOJ;272;67;0.00018595
815;0MD006036MOJ;274;67;0.00007813
815;0MD006036MOJ;275;67;0.00000959
815;0MD006036MOJ;276;67;0.00000852
815;0MD006036MOJ;277;67;0.00000852
815;0MD006036MOJ;278;67;0.00000852
815;0MD006036MOJ;279;67;0.00000590
815;0MD006036MOJ;295;67;0.00007283
815;0MD006036MOJ;296;67;0.00010781
815;0MD006036MOJ;297;67;0.00011992
815;0MD006036MOJ;298;67;0.00011528
815;0MD006036MOJ;299;67;0.00011068
815;0MD006036MOJ;300;67;0.00005860
815;0MD006036MOJ;301;67;0.00010016
815;0MD006036MOJ;302;67;0.00011697
815;0MD006036MOJ;303;67;0.00007172
815;0MD006036MOJ;308;67;0.00002380
815;0MD006036MOJ;263;68;0.00035336
815;0MD006036MOJ;264;68;0.00002755
815;0MD006036MOJ;265;68;0.00003557
815;0MD006036MOJ;266;68;0.00002064
815;0MD006036MOJ;267;68;0.00001836
815;0MD006036MOJ;268;68;0.00003392
815;0MD006036MOJ;269;68;0.00003383
815;0MD006036MOJ;270;68;0.00006798
815;0MD006036MOJ;271;68;0.00001774
815;0MD006036MOJ;272;68;0.00009659
815;0MD006036MOJ;273;68;0.00000986
815;0MD006036MOJ;274;68;0.00000300
815;0MD006036MOJ;279;68;0.00000652
815;0MD006036MOJ;280;68;0.00000269
815;0MD006036MOJ;296;68;0.00000350
815;0MD006036MOJ;297;68;0.00001188
815;0MD006036MOJ;303;68;0.00008222
815;0MD006036MOJ;304;68;0.00005530
815;0MD006036MOJ;307;68;0.00005652
815;0MD006036MOJ;308;68;0.00000181
815;0MD006036MOJ;238;69;0.00000373
815;0MD006036MOJ;239;69;0.00012840
815;0MD006036MOJ;240;69;0.00951446
815;0MD006036MOJ;243;69;0.00002937
815;0MD006036MOJ;246;69;0.00000600
815;0MD006036MOJ;263;69;0.00037640
815;0MD006036MOJ;264;69;0.00009444
815;0MD006036MOJ;265;69;0.00002074
815;0MD006036MOJ;266;69;0.00002519
815;0MD006036MOJ;268;69;0.00001042
815;0MD006036MOJ;269;69;0.00000280
815;0MD006036MOJ;270;69;0.00003001
815;0MD006036MOJ;271;69;0.00000136
815;0MD006036MOJ;272;69;0.00002049
815;0MD006036MOJ;279;69;0.00000153
815;0MD006036MOJ;280;69;0.00000704
815;0MD006036MOJ;295;69;0.00000383
815;0MD006036MOJ;296;69;0.00001270
815;0MD006036MOJ;304;69;0.00010288
815;0MD006036MOJ;305;69;0.00004387
815;0MD006036MOJ;306;69;0.00004423
815;0MD006036MOJ;307;69;0.00000961
815;0MD006036MOJ;310;69;0.00000867
815;0MD006036MOJ;237;70;0.00016124
815;0MD006036MOJ;238;70;0.00015158
815;0MD006036MOJ;239;70;0.00261442
815;0MD006036MOJ;240;70;0.02614381
815;0MD006036MOJ;241;70;0.00009190
815;0MD006036MOJ;242;70;0.00011815
815;0MD006036MOJ;243;70;0.00006882
815;0MD006036MOJ;244;70;0.00002913
815;0MD006036MOJ;245;70;0.00002824
815;0MD006036MOJ;246;70;0.00003817
815;0MD006036MOJ;255;70;0.00009852
815;0MD006036MOJ;262;70;0.00002803
815;0MD006036MOJ;263;70;0.00038106
815;0MD006036MOJ;266;70;0.00000759
815;0MD006036MOJ;269;70;0.00001372
815;0MD006036MOJ;270;70;0.00003932
815;0MD006036MOJ;271;70;0.00001524
815;0MD006036MOJ;279;70;0.00000433
815;0MD006036MOJ;280;70;0.00000441
815;0MD006036MOJ;294;70;0.00001017
815;0MD006036MOJ;295;70;0.00001012
815;0MD006036MOJ;304;70;0.00003375
815;0MD006036MOJ;305;70;0.00022993
815;0MD006036MOJ;306;70;0.00003476
815;0MD006036MOJ;307;70;0.00001718
815;0MD006036MOJ;308;70;0.00001714
815;0MD006036MOJ;309;70;0.00001754
815;0MD006036MOJ;310;70;0.00001508
815;0MD006036MOJ;236;71;0.00015224
815;0MD006036MOJ;237;71;0.00008481
815;0MD006036MOJ;238;71;0.00242205
815;0MD006036MOJ;239;71;0.00053727
815;0MD006036MOJ;240;71;0.00643305
815;0MD006036MOJ;241;71;0.01705960
815;0MD006036MOJ;242;71;0.00015407
815;0MD006036MOJ;243;71;0.00012721
815;0MD006036MOJ;245;71;0.00005257
815;0MD006036MOJ;254;71;0.00012949
815;0MD006036MOJ;255;71;0.00001094
815;0MD006036MOJ;261;71;0.00009385
815;0MD006036MOJ;262;71;0.00049042
815;0MD006036MOJ;280;71;0.00000872
815;0MD006036MOJ;291;71;0.00000506
815;0MD006036MOJ;292;71;0.00001170
815;0MD006036MOJ;293;71;0.00001343
815;0MD006036MOJ;294;71;0.00000337
815;0MD006036MOJ;304;71;0.00014771
815;0MD006036MOJ;237;72;0.00266282
815;0MD006036MOJ;238;72;0.00020920
815;0MD006036MOJ;240;72;0.00000524
815;0MD006036MOJ;241;72;0.01462265
815;0MD006036MOJ;242;72;0.00511305
815;0MD006036MOJ;243;72;0.00065874
815;0MD006036MOJ;244;72;0.00033480
815;0MD006036MOJ;245;72;0.00009401
815;0MD006036MOJ;246;72;0.00002949
815;0MD006036MOJ;251;72;0.00000071
815;0MD006036MOJ;252;72;0.00000132
815;0MD006036MOJ;253;72;0.00006441
815;0MD006036MOJ;254;72;0.00005488
815;0MD006036MOJ;258;72;0.00036752
815;0MD006036MOJ;259;72;0.00037050
815;0MD006036MOJ;260;72;0.00037820
815;0MD006036MOJ;261;72;0.00036630
815;0MD006036MOJ;280;72;0.00000872
815;0MD006036MOJ;289;72;0.00000591
815;0MD006036MOJ;290;72;0.00000917
815;0MD006036MOJ;291;72;0.00000869
815;0MD006036MOJ;304;72;0.00012757
815;0MD006036MOJ;236;73;0.00215901
815;0MD006036MOJ;237;73;0.00069915
815;0MD006036MOJ;238;73;0.00028058
815;0MD006036MOJ;239;73;0.00024816
815;0MD006036MOJ;240;73;0.00050799
815;0MD006036MOJ;241;73;0.00190422
815;0MD006036MOJ;242;73;0.01714436
815;0MD006036MOJ;243;73;0.00094422
815;0MD006036MOJ;244;73;0.00079265
815;0MD006036MOJ;245;73;0.00047793
815;0MD006036MOJ;246;73;0.00018111
815;0MD006036MOJ;247;73;0.00007689
815;0MD006036MOJ;248;73;0.00004376
815;0MD006036MOJ;249;73;0.00000782
815;0MD006036MOJ;251;73;0.00001255
815;0MD006036MOJ;252;73;0.00034572
815;0MD006036MOJ;253;73;0.00004548
815;0MD006036MOJ;254;73;0.00002943
815;0MD006036MOJ;255;73;0.00028833
815;0MD006036MOJ;256;73;0.00037592
815;0MD006036MOJ;257;73;0.00042101
815;0MD006036MOJ;258;73;0.00010728
815;0MD006036MOJ;280;73;0.00000858
815;0MD006036MOJ;289;73;0.00001899
815;0MD006036MOJ;290;73;0.00001294
815;0MD006036MOJ;303;73;0.00009826
815;0MD006036MOJ;304;73;0.00002679
815;0MD006036MOJ;236;74;0.00005598
815;0MD006036MOJ;237;74;0.00014295
815;0MD006036MOJ;238;74;0.00015451
815;0MD006036MOJ;239;74;0.00006151
815;0MD006036MOJ;240;74;0.00031293
815;0MD006036MOJ;241;74;0.00173235
815;0MD006036MOJ;242;74;0.00778201
815;0MD006036MOJ;243;74;0.01191250
815;0MD006036MOJ;244;74;0.00198642
815;0MD006036MOJ;245;74;0.00116883
815;0MD006036MOJ;246;74;0.00086171
815;0MD006036MOJ;247;74;0.00043666
815;0MD006036MOJ;248;74;0.00053166
815;0MD006036MOJ;249;74;0.00054006
815;0MD006036MOJ;250;74;0.00051484
815;0MD006036MOJ;251;74;0.00051858
815;0MD006036MOJ;252;74;0.00067007
815;0MD006036MOJ;253;74;0.00038899
815;0MD006036MOJ;254;74;0.00041285
815;0MD006036MOJ;255;74;0.00009336
815;0MD006036MOJ;279;74;0.00000192
815;0MD006036MOJ;280;74;0.00000746
815;0MD006036MOJ;288;74;0.00001086
815;0MD006036MOJ;289;74;0.00000931
815;0MD006036MOJ;303;74;0.00012505
815;0MD006036MOJ;235;75;0.00000919
815;0MD006036MOJ;236;75;0.00015951
815;0MD006036MOJ;237;75;0.00024911
815;0MD006036MOJ;238;75;0.00015105
815;0MD006036MOJ;239;75;0.00013313
815;0MD006036MOJ;240;75;0.00020906
815;0MD006036MOJ;241;75;0.00187314
815;0MD006036MOJ;242;75;0.00057847
815;0MD006036MOJ;243;75;0.01227920
815;0MD006036MOJ;244;75;0.00078950
815;0MD006036MOJ;245;75;0.00061117
815;0MD006036MOJ;246;75;0.00060166
815;0MD006036MOJ;247;75;0.00051920
815;0MD006036MOJ;252;75;0.00027284
815;0MD006036MOJ;253;75;0.00002293
815;0MD006036MOJ;254;75;0.00001537
815;0MD006036MOJ;279;75;0.00001126
815;0MD006036MOJ;286;75;0.00000811
815;0MD006036MOJ;287;75;0.00001294
815;0MD006036MOJ;288;75;0.00000209
815;0MD006036MOJ;303;75;0.00012486
815;0MD006036MOJ;235;76;0.00331944
815;0MD006036MOJ;236;76;0.00481977
815;0MD006036MOJ;237;76;0.00460520
815;0MD006036MOJ;238;76;0.00000347
815;0MD006036MOJ;239;76;0.00130361
815;0MD006036MOJ;240;76;0.00030176
815;0MD006036MOJ;241;76;0.00200979
815;0MD006036MOJ;242;76;0.00047458
815;0MD006036MOJ;243;76;0.00955970
815;0MD006036MOJ;244;76;0.00641410
815;0MD006036MOJ;245;76;0.00089214
815;0MD006036MOJ;246;76;0.00043217
815;0MD006036MOJ;247;76;0.00039478
815;0MD006036MOJ;251;76;0.00009470
815;0MD006036MOJ;252;76;0.00010565
815;0MD006036MOJ;279;76;0.00000857
815;0MD006036MOJ;285;76;0.00001113
815;0MD006036MOJ;286;76;0.00000558
815;0MD006036MOJ;303;76;0.00012445
815;0MD006036MOJ;235;77;0.00000787
815;0MD006036MOJ;236;77;0.00084195
815;0MD006036MOJ;237;77;0.00007450
815;0MD006036MOJ;238;77;0.00004544
815;0MD006036MOJ;239;77;0.00911697
815;0MD006036MOJ;240;77;0.00466646
815;0MD006036MOJ;241;77;0.00718018
815;0MD006036MOJ;242;77;0.00216979
815;0MD006036MOJ;243;77;0.00203098
815;0MD006036MOJ;244;77;0.01777364
815;0MD006036MOJ;245;77;0.00074897
815;0MD006036MOJ;246;77;0.00045298
815;0MD006036MOJ;247;77;0.00004008
815;0MD006036MOJ;251;77;0.00023313
815;0MD006036MOJ;278;77;0.00000123
815;0MD006036MOJ;279;77;0.00000728
815;0MD006036MOJ;284;77;0.00000820
815;0MD006036MOJ;285;77;0.00000588
815;0MD006036MOJ;303;77;0.00012446
815;0MD006036MOJ;237;78;0.00003524
815;0MD006036MOJ;239;78;0.00001289
815;0MD006036MOJ;240;78;0.00043433
815;0MD006036MOJ;241;78;0.00121303
815;0MD006036MOJ;242;78;0.00011343
815;0MD006036MOJ;243;78;0.00006146
815;0MD006036MOJ;244;78;0.00171961
815;0MD006036MOJ;245;78;0.01227974
815;0MD006036MOJ;246;78;0.00017017
815;0MD006036MOJ;251;78;0.00022762
815;0MD006036MOJ;278;78;0.00000863
815;0MD006036MOJ;279;78;0.00000570
815;0MD006036MOJ;280;78;0.00000570
815;0MD006036MOJ;281;78;0.00001328
815;0MD006036MOJ;282;78;0.00000697
815;0MD006036MOJ;283;78;0.00000977
815;0MD006036MOJ;284;78;0.00000864
815;0MD006036MOJ;303;78;0.00012445
815;0MD006036MOJ;240;79;0.00136227
815;0MD006036MOJ;241;79;0.00002718
815;0MD006036MOJ;242;79;0.00019932
815;0MD006036MOJ;245;79;0.01291584
815;0MD006036MOJ;251;79;0.00023170
815;0MD006036MOJ;280;79;0.00000597
815;0MD006036MOJ;281;79;0.00002403
815;0MD006036MOJ;282;79;0.00000442
815;0MD006036MOJ;283;79;0.00000598
815;0MD006036MOJ;303;79;0.00012436
815;0MD006036MOJ;240;80;0.00136302
815;0MD006036MOJ;242;80;0.00019602
815;0MD006036MOJ;243;80;0.00002184
815;0MD006036MOJ;245;80;0.01250130
815;0MD006036MOJ;251;80;0.00022803
815;0MD006036MOJ;280;80;0.00003166
815;0MD006036MOJ;303;80;0.00012486
815;0MD006036MOJ;235;81;0.00004923
815;0MD006036MOJ;236;81;0.00008046
815;0MD006036MOJ;237;81;0.00008429
815;0MD006036MOJ;238;81;0.00008092
815;0MD006036MOJ;239;81;0.00008238
815;0MD006036MOJ;240;81;0.00068132
815;0MD006036MOJ;241;81;0.00002645
815;0MD006036MOJ;242;81;0.00010341
815;0MD006036MOJ;243;81;0.00020291
815;0MD006036MOJ;245;81;0.00092770
815;0MD006036MOJ;246;81;0.01269923
815;0MD006036MOJ;250;81;0.00015566
815;0MD006036MOJ;251;81;0.00006660
815;0MD006036MOJ;271;81;0.00000100
815;0MD006036MOJ;272;81;0.00000807
815;0MD006036MOJ;280;81;0.00002856
815;0MD006036MOJ;303;81;0.00013999
815;0MD006036MOJ;239;82;0.00003269
815;0MD006036MOJ;242;82;0.00002765
815;0MD006036MOJ;243;82;0.00004387
815;0MD006036MOJ;244;82;0.00007372
815;0MD006036MOJ;245;82;0.00018432
815;0MD006036MOJ;246;82;0.01008125
815;0MD006036MOJ;247;82;0.00569169
815;0MD006036MOJ;250;82;0.00021661
815;0MD006036MOJ;265;82;0.00125106
815;0MD006036MOJ;266;82;0.00500010
815;0MD006036MOJ;267;82;0.00491269
815;0MD006036MOJ;268;82;0.00491593
815;0MD006036MOJ;269;82;0.00492995
815;0MD006036MOJ;270;82;0.00490823
815;0MD006036MOJ;271;82;0.00515701
815;0MD006036MOJ;272;82;0.00512831
815;0MD006036MOJ;273;82;0.00498030
815;0MD006036MOJ;274;82;0.00210940
815;0MD006036MOJ;277;82;0.00010753
815;0MD006036MOJ;278;82;0.00118233
815;0MD006036MOJ;280;82;0.00002840
815;0MD006036MOJ;303;82;0.00013131
815;0MD006036MOJ;239;83;0.00003258
815;0MD006036MOJ;244;83;0.00001751
815;0MD006036MOJ;245;83;0.00005975
815;0MD006036MOJ;246;83;0.00000185
815;0MD006036MOJ;247;83;0.01169574
815;0MD006036MOJ;248;83;0.00435959
815;0MD006036MOJ;249;83;0.00007102
815;0MD006036MOJ;250;83;0.00013269
815;0MD006036MOJ;263;83;0.00203711
815;0MD006036MOJ;264;83;0.00537616
815;0MD006036MOJ;265;83;0.00455775
815;0MD006036MOJ;269;83;0.00001429
815;0MD006036MOJ;274;83;0.00290326
815;0MD006036MOJ;275;83;0.00510887
815;0MD006036MOJ;276;83;0.00495031
815;0MD006036MOJ;277;83;0.00487318
815;0MD006036MOJ;278;83;0.00371949
815;0MD006036MOJ;279;83;0.00494052
815;0MD006036MOJ;280;83;0.00498499
815;0MD006036MOJ;281;83;0.00500041
815;0MD006036MOJ;282;83;0.00505457
815;0MD006036MOJ;283;83;0.00201576
815;0MD006036MOJ;303;83;0.00014379
815;0MD006036MOJ;304;83;0.00005613
815;0MD006036MOJ;239;84;0.00003220
815;0MD006036MOJ;245;84;0.00000685
815;0MD006036MOJ;246;84;0.00006267
815;0MD006036MOJ;247;84;0.00000041
815;0MD006036MOJ;248;84;0.01209138
815;0MD006036MOJ;249;84;0.00024619
815;0MD006036MOJ;250;84;0.00004794
815;0MD006036MOJ;256;84;0.00147579
815;0MD006036MOJ;257;84;0.00499677
815;0MD006036MOJ;258;84;0.00498020
815;0MD006036MOJ;259;84;0.00497414
815;0MD006036MOJ;260;84;0.00497307
815;0MD006036MOJ;261;84;0.00503464
815;0MD006036MOJ;262;84;0.00492358
815;0MD006036MOJ;263;84;0.00293532
815;0MD006036MOJ;268;84;0.00000396
815;0MD006036MOJ;269;84;0.00000750
815;0MD006036MOJ;280;84;0.00001472
815;0MD006036MOJ;281;84;0.00001962
815;0MD006036MOJ;283;84;0.00351926
815;0MD006036MOJ;284;84;0.00582386
815;0MD006036MOJ;285;84;0.00018685
815;0MD006036MOJ;304;84;0.00012901
815;0MD006036MOJ;305;84;0.00171900
815;0MD006036MOJ;306;84;0.00414121
815;0MD006036MOJ;238;85;0.00002275
815;0MD006036MOJ;239;85;0.00000943
815;0MD006036MOJ;245;85;0.00001144
815;0MD006036MOJ;246;85;0.00001280
815;0MD006036MOJ;247;85;0.00014831
815;0MD006036MOJ;248;85;0.01369509
815;0MD006036MOJ;249;85;0.00028176
815;0MD006036MOJ;250;85;0.00016654
815;0MD006036MOJ;251;85;0.00513272
815;0MD006036MOJ;252;85;0.00508016
815;0MD006036MOJ;253;85;0.00505280
815;0MD006036MOJ;254;85;0.00500600
815;0MD006036MOJ;255;85;0.00500181
815;0MD006036MOJ;256;85;0.00350963
815;0MD006036MOJ;257;85;0.00006763
815;0MD006036MOJ;268;85;0.00001191
815;0MD006036MOJ;281;85;0.00003311
815;0MD006036MOJ;285;85;0.00542312
815;0MD006036MOJ;286;85;0.00521546
815;0MD006036MOJ;287;85;0.00488640
815;0MD006036MOJ;288;85;0.00315940
815;0MD006036MOJ;304;85;0.00140746
815;0MD006036MOJ;305;85;0.00505976
815;0MD006036MOJ;238;86;0.00003230
815;0MD006036MOJ;242;86;0.00002585
815;0MD006036MOJ;243;86;0.00004547
815;0MD006036MOJ;244;86;0.00002163
815;0MD006036MOJ;245;86;0.00000253
815;0MD006036MOJ;246;86;0.00013079
815;0MD006036MOJ;247;86;0.00021275
815;0MD006036MOJ;248;86;0.00161572
815;0MD006036MOJ;249;86;0.01192507
815;0MD006036MOJ;250;86;0.01304595
815;0MD006036MOJ;251;86;0.00692129
815;0MD006036MOJ;252;86;0.00639530
815;0MD006036MOJ;253;86;0.00645101
815;0MD006036MOJ;254;86;0.00019609
815;0MD006036MOJ;257;86;0.00006278
815;0MD006036MOJ;258;86;0.00000887
815;0MD006036MOJ;268;86;0.00001191
815;0MD006036MOJ;280;86;0.00000604
815;0MD006036MOJ;281;86;0.00002593
815;0MD006036MOJ;288;86;0.00178290
815;0MD006036MOJ;289;86;0.00494992
815;0MD006036MOJ;290;86;0.00496404
815;0MD006036MOJ;291;86;0.00500027
815;0MD006036MOJ;292;86;0.00500097
815;0MD006036MOJ;293;86;0.00324026
815;0MD006036MOJ;303;86;0.00001906
815;0MD006036MOJ;304;86;0.00549476
815;0MD006036MOJ;238;87;0.00003267
815;0MD006036MOJ;240;87;0.00004867
815;0MD006036MOJ;241;87;0.00004815
815;0MD006036MOJ;242;87;0.00002127
815;0MD006036MOJ;246;87;0.00033882
815;0MD006036MOJ;247;87;0.00018166
815;0MD006036MOJ;248;87;0.00000221
815;0MD006036MOJ;249;87;0.00002192
815;0MD006036MOJ;252;87;0.00008704
815;0MD006036MOJ;254;87;0.00624940
815;0MD006036MOJ;255;87;0.00658610
815;0MD006036MOJ;256;87;0.00705327
815;0MD006036MOJ;257;87;0.00065496
815;0MD006036MOJ;268;87;0.00001152
815;0MD006036MOJ;280;87;0.00003075
815;0MD006036MOJ;293;87;0.00179815
815;0MD006036MOJ;294;87;0.00508293
815;0MD006036MOJ;295;87;0.00530184
815;0MD006036MOJ;296;87;0.00355980
815;0MD006036MOJ;303;87;0.00103167
815;0MD006036MOJ;304;87;0.00477136
815;0MD006036MOJ;237;88;0.00001257
815;0MD006036MOJ;238;88;0.00003306
815;0MD006036MOJ;239;88;0.00005178
815;0MD006036MOJ;240;88;0.00000273
815;0MD006036MOJ;245;88;0.00005322
815;0MD006036MOJ;246;88;0.00013937
815;0MD006036MOJ;249;88;0.00000972
815;0MD006036MOJ;250;88;0.00000977
815;0MD006036MOJ;251;88;0.00004873
815;0MD006036MOJ;252;88;0.00004960
815;0MD006036MOJ;257;88;0.00672995
815;0MD006036MOJ;258;88;0.00548359
815;0MD006036MOJ;268;88;0.00001188
815;0MD006036MOJ;280;88;0.00002308
815;0MD006036MOJ;293;88;0.00001722
815;0MD006036MOJ;296;88;0.00166002
815;0MD006036MOJ;297;88;0.00500514
815;0MD006036MOJ;298;88;0.00536646
815;0MD006036MOJ;299;88;0.00529552
815;0MD006036MOJ;300;88;0.00473831
815;0MD006036MOJ;302;88;0.00218333
815;0MD006036MOJ;303;88;0.00567632
815;0MD006036MOJ;237;89;0.00099168
815;0MD006036MOJ;245;89;0.00019254
815;0MD006036MOJ;250;89;0.00000777
815;0MD006036MOJ;251;89;0.00006343
815;0MD006036MOJ;252;89;0.00008374
815;0MD006036MOJ;258;89;0.00185785
815;0MD006036MOJ;259;89;0.00734228
815;0MD006036MOJ;260;89;0.00352204
815;0MD006036MOJ;267;89;0.00000304
815;0MD006036MOJ;268;89;0.00000855
815;0MD006036MOJ;280;89;0.00002318
815;0MD006036MOJ;293;89;0.00001892
815;0MD006036MOJ;300;89;0.00033465
815;0MD006036MOJ;301;89;0.00521260
815;0MD006036MOJ;302;89;0.00341346
815;0MD006036MOJ;237;90;0.00139132
815;0MD006036MOJ;252;90;0.00012103
815;0MD006036MOJ;260;90;0.00353378
815;0MD006036MOJ;261;90;0.00707697
815;0MD006036MOJ;262;90;0.00229944
815;0MD006036MOJ;280;90;0.00002375
815;0MD006036MOJ;292;90;0.00000329
815;0MD006036MOJ;293;90;0.00000893
815;0MD006036MOJ;237;91;0.00140825
815;0MD006036MOJ;252;91;0.00001544
815;0MD006036MOJ;253;91;0.00011651
815;0MD006036MOJ;262;91;0.00611723
815;0MD006036MOJ;263;91;0.00338341
815;0MD006036MOJ;279;91;0.00000290
815;0MD006036MOJ;280;91;0.00003225
815;0MD006036MOJ;292;91;0.00000677
815;0MD006036MOJ;236;92;0.00030222
815;0MD006036MOJ;237;92;0.00108117
815;0MD006036MOJ;253;92;0.00004040
815;0MD006036MOJ;254;92;0.00009015
815;0MD006036MOJ;263;92;0.00414946
815;0MD006036MOJ;264;92;0.00642244
815;0MD006036MOJ;265;92;0.00684461
815;0MD006036MOJ;266;92;0.00463328
815;0MD006036MOJ;279;92;0.00000577
815;0MD006036MOJ;280;92;0.00000021
815;0MD006036MOJ;281;92;0.00002896
815;0MD006036MOJ;291;92;0.00000759
815;0MD006036MOJ;292;92;0.00000062
815;0MD006036MOJ;236;93;0.00138339
815;0MD006036MOJ;254;93;0.00006271
815;0MD006036MOJ;255;93;0.00006027
815;0MD006036MOJ;266;93;0.00261621
815;0MD006036MOJ;267;93;0.00674466
815;0MD006036MOJ;279;93;0.00000590
815;0MD006036MOJ;281;93;0.00000811
815;0MD006036MOJ;282;93;0.00001987
815;0MD006036MOJ;290;93;0.00000399
815;0MD006036MOJ;291;93;0.00000204
815;0MD006036MOJ;236;94;0.00138339
815;0MD006036MOJ;255;94;0.00010277
815;0MD006036MOJ;267;94;0.00277343
815;0MD006036MOJ;268;94;0.00483927
815;0MD006036MOJ;276;94;0.00000175
815;0MD006036MOJ;277;94;0.00000573
815;0MD006036MOJ;278;94;0.00000684
815;0MD006036MOJ;279;94;0.00000375
815;0MD006036MOJ;282;94;0.00002412
815;0MD006036MOJ;290;94;0.00000594
815;0MD006036MOJ;236;95;0.00135992
815;0MD006036MOJ;255;95;0.00008755
815;0MD006036MOJ;256;95;0.00003431
815;0MD006036MOJ;268;95;0.00517160
815;0MD006036MOJ;269;95;0.00551882
815;0MD006036MOJ;275;95;0.00000719
815;0MD006036MOJ;276;95;0.00000424
815;0MD006036MOJ;282;95;0.00001061
815;0MD006036MOJ;283;95;0.00002477
815;0MD006036MOJ;290;95;0.00000592
815;0MD006036MOJ;236;96;0.00135210
815;0MD006036MOJ;256;96;0.00013516
815;0MD006036MOJ;269;96;0.00567657
815;0MD006036MOJ;270;96;0.00115914
815;0MD006036MOJ;274;96;0.00000451
815;0MD006036MOJ;275;96;0.00000155
815;0MD006036MOJ;283;96;0.00000621
815;0MD006036MOJ;289;96;0.00000094
815;0MD006036MOJ;290;96;0.00000490
815;0MD006036MOJ;236;97;0.00147122
815;0MD006036MOJ;270;97;0.00844741
815;0MD006036MOJ;271;97;0.00044193
815;0MD006036MOJ;274;97;0.00000595
815;0MD006036MOJ;283;97;0.00000619
815;0MD006036MOJ;289;97;0.00000586
815;0MD006036MOJ;235;98;0.00039236
815;0MD006036MOJ;236;98;0.00105048
815;0MD006036MOJ;271;98;0.00830480
815;0MD006036MOJ;272;98;0.00112342
815;0MD006036MOJ;274;98;0.00000588
815;0MD006036MOJ;283;98;0.00000570
815;0MD006036MOJ;288;98;0.00000107
815;0MD006036MOJ;289;98;0.00000689
815;0MD006036MOJ;236;99;0.00038200
815;0MD006036MOJ;272;99;0.00724173
815;0MD006036MOJ;273;99;0.00242411
815;0MD006036MOJ;274;99;0.00000350
815;0MD006036MOJ;283;99;0.00000483
815;0MD006036MOJ;284;99;0.00000413
815;0MD006036MOJ;288;99;0.00000273
815;0MD006036MOJ;289;99;0.00000486
815;0MD006036MOJ;236;100;0.00033716
815;0MD006036MOJ;273;100;0.00580308
815;0MD006036MOJ;274;100;0.00661010
815;0MD006036MOJ;284;100;0.00000620
815;0MD006036MOJ;286;100;0.00000107
815;0MD006036MOJ;287;100;0.00000718
815;0MD006036MOJ;288;100;0.00000662
815;0MD006036MOJ;289;100;0.00000010
815;0MD006036MOJ;236;101;0.00034385
815;0MD006036MOJ;274;101;0.00032418
815;0MD006036MOJ;275;101;0.00685969
815;0MD006036MOJ;276;101;0.00692807
815;0MD006036MOJ;277;101;0.00181012
815;0MD006036MOJ;284;101;0.00000132
815;0MD006036MOJ;285;101;0.00000534
815;0MD006036MOJ;286;101;0.00000726
815;0MD006036MOJ;236;102;0.00033294
815;0MD006036MOJ;277;102;0.00528630
815;0MD006036MOJ;278;102;0.00710039
815;0MD006036MOJ;279;102;0.00162702
815;0MD006036MOJ;285;102;0.00001185
815;0MD006036MOJ;286;102;0.00000075
815;0MD006036MOJ;236;103;0.00035663
815;0MD006036MOJ;278;103;0.00035304
815;0MD006036MOJ;279;103;0.00522537
815;0MD006036MOJ;280;103;0.00673199
815;0MD006036MOJ;281;103;0.00615479
815;0MD006036MOJ;282;103;0.00620688
815;0MD006036MOJ;283;103;0.00701708
815;0MD006036MOJ;284;103;0.00005594
815;0MD006036MOJ;285;103;0.00001209
815;0MD006036MOJ;236;104;0.00002822
815;0MD006036MOJ;237;104;0.00037613
815;0MD006036MOJ;278;104;0.00026256
815;0MD006036MOJ;283;104;0.00000774
815;0MD006036MOJ;284;104;0.00631261
815;0MD006036MOJ;237;105;0.00028324
815;0MD006036MOJ;238;105;0.00008193
815;0MD006036MOJ;277;105;0.00011902
815;0MD006036MOJ;278;105;0.00025269
815;0MD006036MOJ;284;105;0.00629986
815;0MD006036MOJ;238;106;0.00043086
815;0MD006036MOJ;239;106;0.00035051
815;0MD006036MOJ;284;106;0.00634116
815;0MD006036MOJ;239;107;0.00003365
815;0MD006036MOJ;240;107;0.00050531
815;0MD006036MOJ;284;107;0.00342841
815;0MD006036MOJ;285;107;0.00128265
815;0MD006036MOJ;240;108;0.00035300
815;0MD006036MOJ;240;109;0.00031852
815;0MD006036MOJ;241;109;0.00013477
815;0MD006036MOJ;240;110;0.00004250
815;0MD006036MOJ;241;110;0.00003419
815;0SS0060330SC;272;47;0.00033842
815;0SS0060330SC;273;47;0.00438056
815;0SS0060330SC;278;47;0.00014539
815;0SS0060330SC;282;47;0.00000290
815;0SS0060330SC;272;48;0.00537560
815;0SS0060330SC;273;48;0.00004022
815;0SS0060330SC;277;48;0.00029632
815;0SS0060330SC;278;48;0.00030599
815;0SS0060330SC;280;48;0.00001136
815;0SS0060330SC;281;48;0.00001759
815;0SS0060330SC;282;48;0.00000266
815;0SS0060330SC;271;49;0.00015287
815;0SS0060330SC;272;49;0.00547810
815;0SS0060330SC;276;49;0.00030941
815;0SS0060330SC;277;49;0.00027917
815;0SS0060330SC;278;49;0.00005686
815;0SS0060330SC;280;49;0.00002335
815;0SS0060330SC;262;50;0.00010543
815;0SS0060330SC;263;50;0.00084720
815;0SS0060330SC;270;50;0.00010407
815;0SS0060330SC;271;50;0.00052745
815;0SS0060330SC;272;50;0.00531927
815;0SS0060330SC;273;50;0.00074851
815;0SS0060330SC;274;50;0.00055017
815;0SS0060330SC;275;50;0.00046761
815;0SS0060330SC;276;50;0.00033091
815;0SS0060330SC;277;50;0.00008223
815;0SS0060330SC;278;50;0.00011072
815;0SS0060330SC;279;50;0.00002396
815;0SS0060330SC;280;50;0.00000164
815;0SS0060330SC;263;51;0.00034841
815;0SS0060330SC;264;51;0.00122095
815;0SS0060330SC;265;51;0.00078266
815;0SS0060330SC;269;51;0.00032906
815;0SS0060330SC;270;51;0.00052419
815;0SS0060330SC;271;51;0.00011589
815;0SS0060330SC;272;51;0.00716804
815;0SS0060330SC;273;51;0.00023094
815;0SS0060330SC;274;51;0.00001047
815;0SS0060330SC;275;51;0.00001546
815;0SS0060330SC;276;51;0.00000481
815;0SS0060330SC;265;52;0.00138575
815;0SS0060330SC;268;52;0.00008349
815;0SS0060330SC;269;52;0.00050589
815;0SS0060330SC;270;52;0.00027889
815;0SS0060330SC;271;52;0.00409937
815;0SS0060330SC;272;52;0.00452131
815;0SS0060330SC;275;52;0.00000166
815;0SS0060330SC;276;52;0.00001587
815;0SS0060330SC;265;53;0.00208487
815;0SS0060330SC;267;53;0.00049328
815;0SS0060330SC;268;53;0.00077659
815;0SS0060330SC;269;53;0.00143538
815;0SS0060330SC;270;53;0.00215854
815;0SS0060330SC;271;53;0.00963268
815;0SS0060330SC;272;53;0.00006678
815;0SS0060330SC;276;53;0.00000290
815;0SS0060330SC;277;53;0.00001383
815;0SS0060330SC;278;53;0.00001330
815;0SS0060330SC;279;53;0.00000250
815;0SS0060330SC;258;54;0.00000585
815;0SS0060330SC;265;54;0.00242198
815;0SS0060330SC;266;54;0.00033158
815;0SS0060330SC;267;54;0.00185310
815;0SS0060330SC;268;54;0.00352966
815;0SS0060330SC;269;54;0.00334786
815;0SS0060330SC;270;54;0.01234804
815;0SS0060330SC;271;54;0.02806878
815;0SS0060330SC;272;54;0.02196438
815;0SS0060330SC;273;54;0.02295647
815;0SS0060330SC;274;54;0.02201809
815;0SS0060330SC;275;54;0.02189936
815;0SS0060330SC;276;54;0.02193225
815;0SS0060330SC;277;54;0.02172929
815;0SS0060330SC;278;54;0.02170480
815;0SS0060330SC;279;54;0.02175760
815;0SS0060330SC;280;54;0.02177919
815;0SS0060330SC;281;54;0.02229104
815;0SS0060330SC;282;54;0.02194671
815;0SS0060330SC;283;54;0.02194704
815;0SS0060330SC;284;54;0.01255065
815;0SS0060330SC;258;55;0.00009988
815;0SS0060330SC;262;55;0.00000220
815;0SS0060330SC;264;55;0.00109873
815;0SS0060330SC;265;55;0.00515400
815;0SS0060330SC;266;55;0.00429865
815;0SS0060330SC;267;55;0.00462267
815;0SS0060330SC;268;55;0.03432974
815;0SS0060330SC;269;55;0.04092818
815;0SS0060330SC;270;55;0.02417413
815;0SS0060330SC;271;55;0.00105956
815;0SS0060330SC;272;55;0.00001428
815;0SS0060330SC;273;55;0.00001355
815;0SS0060330SC;274;55;0.00000277
815;0SS0060330SC;278;55;0.00001785
815;0SS0060330SC;279;55;0.00000521
815;0SS0060330SC;261;56;0.00014653
815;0SS0060330SC;262;56;0.00060496
815;0SS0060330SC;263;56;0.00350185
815;0SS0060330SC;264;56;0.00226038
815;0SS0060330SC;265;56;0.00393424
815;0SS0060330SC;266;56;0.03967646
815;0SS0060330SC;267;56;0.03703593
815;0SS0060330SC;268;56;0.00432373
815;0SS0060330SC;269;56;0.00048204
815;0SS0060330SC;270;56;0.00004055
815;0SS0060330SC;271;56;0.00015518
815;0SS0060330SC;272;56;0.00000140
815;0SS0060330SC;278;56;0.00001376
815;0SS0060330SC;261;57;0.00122800
815;0SS0060330SC;262;57;0.00565106
815;0SS0060330SC;263;57;0.00485483
815;0SS0060330SC;264;57;0.01901446
815;0SS0060330SC;265;57;0.04512760
815;0SS0060330SC;266;57;0.00304930
815;0SS0060330SC;267;57;0.00006203
815;0SS0060330SC;269;57;0.00002539
815;0SS0060330SC;270;57;0.00002507
815;0SS0060330SC;261;58;0.00513386
815;0SS0060330SC;262;58;0.00528847
815;0SS0060330SC;263;58;0.04220557
815;0SS0060330SC;264;58;0.02469041
815;0SS0060330SC;267;58;0.00007137
815;0SS0060330SC;268;58;0.00004170
815;0SS0060330SC;269;58;0.00002404
815;0SS0060330SC;258;59;0.00000011
815;0SS0060330SC;259;59;0.00352220
815;0SS0060330SC;260;59;0.01132606
815;0SS0060330SC;261;59;0.03850025
815;0SS0060330SC;262;59;0.04868419
815;0SS0060330SC;263;59;0.00315558
815;0SS0060330SC;266;59;0.00008764
815;0SS0060330SC;267;59;0.00008674
815;0SS0060330SC;268;59;0.00000292
815;0SS0060330SC;257;60;0.00532375
815;0SS0060330SC;258;60;0.04091872
815;0SS0060330SC;259;60;0.04033203
815;0SS0060330SC;260;60;0.03507298
815;0SS0060330SC;261;60;0.00088530
815;0SS0060330SC;262;60;0.00203648
815;0SS0060330SC;263;60;0.00072746
815;0SS0060330SC;264;60;0.00031644
815;0SS0060330SC;265;60;0.00029631
815;0SS0060330SC;266;60;0.00001254
815;0SS0060330SC;260;61;0.00315445
815;0SS0060330SC;261;61;0.00093211
815;0SS0060330SC;262;61;0.00191295
815;0SS0060330SC;263;61;0.00060646
815;0SS0060330SC;260;62;0.00249627
815;0SS0060330SC;261;62;0.00083888
815;0SS0060330SC;260;63;0.00113618
815;0MD006033MOJ;303;49;0.00027142
815;0MD006033MOJ;300;50;0.00003306
815;0MD006033MOJ;303;50;0.00046263
815;0MD006033MOJ;304;50;0.00032146
815;0MD006033MOJ;300;51;0.00019541
815;0MD006033MOJ;304;51;0.00061267
815;0MD006033MOJ;305;51;0.00039417
815;0MD006033MOJ;299;52;0.00008724
815;0MD006033MOJ;300;52;0.00013123
815;0MD006033MOJ;304;52;0.00009353
815;0MD006033MOJ;305;52;0.00082324
815;0MD006033MOJ;296;53;0.00004679
815;0MD006033MOJ;297;53;0.08059084
815;0MD006033MOJ;298;53;0.08327042
815;0MD006033MOJ;299;53;0.07512931
815;0MD006033MOJ;305;53;0.00109247
815;0MD006033MOJ;306;53;0.00008894
815;0MD006033MOJ;296;54;0.05396840
815;0MD006033MOJ;297;54;0.00465537
815;0MD006033MOJ;299;54;0.00933455
815;0MD006033MOJ;300;54;0.08369329
815;0MD006033MOJ;301;54;0.08344445
815;0MD006033MOJ;302;54;0.08351478
815;0MD006033MOJ;303;54;0.08397373
815;0MD006033MOJ;304;54;0.08361916
815;0MD006033MOJ;305;54;0.08430208
815;0MD006033MOJ;306;54;0.08661660
815;0MD006033MOJ;307;54;0.08247357
815;0MD006033MOJ;308;54;0.00861958
815;0MD006033MOJ;298;55;0.00022308
815;0MD006033MOJ;299;55;0.00002044
815;0MD006033MOJ;305;55;0.00037996
815;0MD006033MOJ;306;55;0.00005277
815;0MD006033MOJ;307;55;0.00041776
815;0MD006033MOJ;298;56;0.00029695
815;0MD006033MOJ;305;56;0.00010347
815;0MD006033MOJ;306;56;0.00002979
815;0MD006033MOJ;307;56;0.00041181
815;0MD006033MOJ;298;57;0.00023602
815;0MD006033MOJ;306;57;0.00003443
815;0MD006033MOJ;307;57;0.00053322
815;0MD006033MOJ;308;57;0.00022878
815;0MD006033MOJ;297;58;0.00018028
815;0MD006033MOJ;298;58;0.00005670
815;0MD006033MOJ;308;58;0.00046253
815;0MD006033MOJ;297;59;0.00023460
815;0MD006033MOJ;298;59;0.00004391
815;0MD006033MOJ;307;59;0.00037043
815;0MD006033MOJ;308;59;0.00010321
815;0MD006033MOJ;298;60;0.00004299
815;0MD006033MOJ;307;60;0.00046968
815;0MD006033MOJ;307;61;0.00046308
815;0MD006033MOJ;307;62;0.00047815
815;0MD006033MOJ;307;63;0.00040511
815;0MD006033MOJ;307;64;0.00036546
815;0MD006033MOJ;308;64;0.00006790
815;0MD006033MOJ;308;65;0.00036446
815;0MD006033MOJ;300;66;0.00015061
815;0MD006033MOJ;308;66;0.00044964
815;0MD006033MOJ;301;67;0.00014192
815;0MD006033MOJ;308;67;0.00032046
815;0MD0060330SC;295;52;0.00013739
815;0MD0060330SC;294;53;0.00020695
815;0MD0060330SC;295;53;0.00022687
815;0MD0060330SC;296;53;0.00002825
815;0MD0060330SC;284;54;0.02331801
815;0MD0060330SC;292;54;0.00012658
815;0MD0060330SC;293;54;0.04176870
815;0MD0060330SC;294;54;0.08269076
815;0MD0060330SC;295;54;0.08481935
815;0MD0060330SC;296;54;0.03022111
815;0MD0060330SC;284;55;0.01564193
815;0MD0060330SC;285;55;0.08560033
815;0MD0060330SC;286;55;0.08523226
815;0MD0060330SC;287;55;0.07285012
815;0MD0060330SC;289;55;0.05622768
815;0MD0060330SC;290;55;0.08221917
815;0MD0060330SC;291;55;0.08310199
815;0MD0060330SC;292;55;0.08297948
815;0MD0060330SC;293;55;0.04133399
815;0MD0060330SC;278;56;0.00002790
815;0MD0060330SC;287;56;0.01188119
815;0MD0060330SC;288;56;0.08170113
815;0MD0060330SC;289;56;0.02398472
815;0MD0060330SC;278;57;0.00003952
815;0MD0060330SC;279;57;0.00005006
815;0MD0060330SC;288;57;0.00012906
815;0MD0060330SC;289;57;0.00133577
815;0MD0060330SC;279;58;0.00009155
815;0MD0060330SC;289;58;0.00031290
815;0MD0060330SC;290;58;0.00114136
815;0MD0060330SC;278;59;0.00004935
815;0MD0060330SC;279;59;0.00005584
815;0MD0060330SC;290;59;0.00058143
815;0MD0060330SC;291;59;0.00070076
815;0MD0060330SC;276;60;0.00001049
815;0MD0060330SC;277;60;0.00007644
815;0MD0060330SC;278;60;0.00006290
815;0MD0060330SC;291;60;0.00109479
815;0MD0060330SC;274;61;0.00006408
815;0MD0060330SC;275;61;0.00008020
815;0MD0060330SC;276;61;0.00007353
815;0MD0060330SC;277;61;0.00000516
815;0MD0060330SC;291;61;0.00109464
815;0MD0060330SC;273;62;0.00005662
815;0MD0060330SC;274;62;0.00005132
815;0MD0060330SC;291;62;0.00109436
815;0MD0060330SC;273;63;0.00009155
815;0MD0060330SC;291;63;0.00109438
815;0MD0060330SC;273;64;0.00000380
815;0MD0060330SC;291;64;0.00109438
815;0MD0060330SC;291;65;0.00117660
815;0MD0060330SC;292;65;0.00043274
815;0MD0060330SC;292;66;0.00088883
815;0MD0060330SC;293;66;0.00063972
